Net_ID,Var,Factor,intervention_effect
0.0,0.01,0.0,-0.00010310399142670064
0.0,0.01,1.0,0.0005652224340394751
0.0,0.01,2.0,0.0002613236627768134
0.0,0.01,3.0,0.00031241916471847625
0.0,0.01,4.0,-0.0003466102686958802
0.0,0.01,5.0,0.00024148804663650866
0.0,0.01,6.0,-0.0011727747778185471
0.0,0.01,7.0,-2.9044973382378956e-07
0.0,0.01,8.0,-3.170802361139317e-09
0.0,0.01,9.0,-0.0007962193369670523
0.0,0.01,10.0,-0.0003683519563967008
0.0,0.01,11.0,-0.0004914209725896401
0.0,0.01,12.0,0.0018791559951962548
0.0,0.01,13.0,0.0011376036388529853
0.0,0.01,14.0,8.566682262865083e-05
0.0,0.01,15.0,-7.486066266125931e-06
0.0,0.01,16.0,-0.00023896581592569577
0.0,0.01,17.0,0.0007910741617946082
0.0,0.01,18.0,-0.0003033583481326829
0.0,0.01,19.0,-0.0012485603017793148
0.0,0.01,20.0,-4.486339497028892e-09
0.0,0.01,21.0,-0.0003840001721792108
0.0,1.01,0.0,-0.00010291812366249133
0.0,1.01,1.0,0.0005652706869422042
0.0,1.01,2.0,0.00026093450935732454
0.0,1.01,3.0,0.0003127671269941845
0.0,1.01,4.0,-0.0003466102521278131
0.0,1.01,5.0,0.00024156959633764644
0.0,1.01,6.0,-0.001172221694266451
0.0,1.01,7.0,-2.90449733905116e-07
0.0,1.01,8.0,-3.1708023612270294e-09
0.0,1.01,9.0,-0.0007963208822525658
0.0,1.01,10.0,-0.00036883375158916487
0.0,1.01,11.0,-0.0004912322214652987
0.0,1.01,12.0,0.0018787246221376973
0.0,1.01,13.0,0.0011390515333381257
0.0,1.01,14.0,8.574338908513487e-05
0.0,1.01,15.0,-7.486066286129998e-06
0.0,1.01,16.0,-0.00023821078034313992
0.0,1.01,17.0,0.0007911089543725935
0.0,1.01,18.0,-0.0003033581508956249
0.0,1.01,19.0,-0.001248569636236397
0.0,1.01,20.0,-4.486339497128801e-09
0.0,1.01,21.0,-0.00038446828168439695
0.0,2.01,0.0,-0.00010253217709128702
0.0,2.01,1.0,0.0005653045506549825
0.0,2.01,2.0,0.00026050363965382517
0.0,2.01,3.0,0.0003131244187545429
0.0,2.01,4.0,-0.00034661023078465204
0.0,2.01,5.0,0.00024164504875875958
0.0,2.01,6.0,-0.0011717141424910371
0.0,2.01,7.0,-2.904497339764777e-07
0.0,2.01,8.0,-3.1708023613070033e-09
0.0,2.01,9.0,-0.0007963620075588651
0.0,2.01,10.0,-0.0003692431679154784
0.0,2.01,11.0,-0.0004909987143390526
0.0,2.01,12.0,0.00187815611774353
0.0,2.01,13.0,0.0011404404710976257
0.0,2.01,14.0,8.590603841297784e-05
0.0,2.01,15.0,-7.486066306163388e-06
0.0,2.01,16.0,-0.0002375127115869513
0.0,2.01,17.0,0.0007909753066759062
0.0,2.01,18.0,-0.00030335790275028433
0.0,2.01,19.0,-0.0012485816195058803
0.0,2.01,20.0,-4.486339497220124e-09
0.0,2.01,21.0,-0.0003849681020884066
0.0,3.01,0.0,-0.000101731012922859
0.0,3.01,1.0,0.0005652992047288641
0.0,3.01,2.0,0.000259981998325734
0.0,3.01,3.0,0.0003134891780344762
0.0,3.01,4.0,-0.0003466102028027002
0.0,3.01,5.0,0.00024170122404113675
0.0,3.01,6.0,-0.00117134356256543
0.0,3.01,7.0,-2.904497340371464e-07
0.0,3.01,8.0,-3.1708023613794478e-09
0.0,3.01,9.0,-0.0007963225280246677
0.0,3.01,10.0,-0.0003695182626209659
0.0,3.01,11.0,-0.0004906789654177679
0.0,3.01,12.0,0.0018773833566016205
0.0,3.01,13.0,0.0011418129428880097
0.0,3.01,14.0,8.622938585625683e-05
0.0,3.01,15.0,-7.486066326867175e-06
0.0,3.01,16.0,-0.00023689683988642463
0.0,3.01,17.0,0.0007905338058082911
0.0,3.01,18.0,-0.00030335758305545876
0.0,3.01,19.0,-0.0012485974001182761
0.0,3.01,20.0,-4.486339497303171e-09
0.0,3.01,21.0,-0.0003855604744849861
0.0,4.01,0.0,-0.00010006857756821047
0.0,4.01,1.0,0.0005652007261499337
0.0,4.01,2.0,0.00025927224302413343
0.0,4.01,3.0,0.0003138511717350259
0.0,4.01,4.0,-0.00034661016540604283
0.0,4.01,5.0,0.00024171424388531523
0.0,4.01,6.0,-0.0011713170205993884
0.0,4.01,7.0,-2.904497340857679e-07
0.0,4.01,8.0,-3.170802361444499e-09
0.0,4.01,9.0,-0.0007961716493375126
0.0,4.01,10.0,-0.0003695276521328006
0.0,4.01,11.0,-0.0004901934027769506
0.0,4.01,12.0,0.0018762981219056464
0.0,4.01,13.0,0.001143259326032986
0.0,4.01,14.0,8.684813083775778e-05
0.0,4.01,15.0,-7.486066349233394e-06
0.0,4.01,16.0,-0.00023641637990878817
0.0,4.01,17.0,0.0007895132644976099
0.0,4.01,18.0,-0.00030335716049564746
0.0,4.01,19.0,-0.0012486187723526302
0.0,4.01,20.0,-4.486339497378236e-09
0.0,4.01,21.0,-0.0003863708414285072
0.0,5.01,0.0,-9.662090662506702e-05
0.0,5.01,1.0,0.0005648944995869931
0.0,5.01,2.0,0.00025818001360418397
0.0,5.01,3.0,0.00031418109513744324
0.0,5.01,4.0,-0.00034661011440787013
0.0,5.01,5.0,0.00024164237098706423
0.0,5.01,6.0,-0.001172083078196412
0.0,5.01,7.0,-2.904497341199535e-07
0.0,5.01,8.0,-3.170802361502185e-09
0.0,5.01,9.0,-0.000795860979070806
0.0,5.01,10.0,-0.00036899641469689826
0.0,5.01,11.0,-0.0004893881216095353
0.0,5.01,12.0,0.001874722268641358
0.0,5.01,13.0,0.001144966608127962
0.0,5.01,14.0,8.800551743077742e-05
0.0,5.01,15.0,-7.486066374854613e-06
0.0,5.01,16.0,-0.00023618043906750708
0.0,5.01,17.0,0.0007873828409617478
0.0,5.01,18.0,-0.0003033565867056936
0.0,5.01,19.0,-0.0012486486023519222
0.0,5.01,20.0,-4.4863394974456045e-09
0.0,5.01,21.0,-0.0003876561834378345
0.0,6.01,0.0,-8.947688256917332e-05
0.0,6.01,1.0,0.0005641403715700988
0.0,6.01,2.0,0.0002563163399184193
0.0,6.01,3.0,0.00031440810070311465
0.0,6.01,4.0,-0.0003466100434265704
0.0,6.01,5.0,0.00024141480846401678
0.0,6.01,6.0,-0.0011745876495906915
0.0,6.01,7.0,-2.9044973413555306e-07
0.0,6.01,8.0,-3.170802361552361e-09
0.0,6.01,9.0,-0.000795311590631953
0.0,6.01,10.0,-0.00036735463436937676
0.0,6.01,11.0,-0.00048796378560944653
0.0,6.01,12.0,0.001872356942062144
0.0,6.01,13.0,0.0011473138382247228
0.0,6.01,14.0,9.014122686632972e-05
0.0,6.01,15.0,-7.4860664063629525e-06
0.0,6.01,16.0,-0.0002364089083906895
0.0,6.01,17.0,0.0007830985706570315
0.0,6.01,18.0,-0.0003033557857749957
0.0,6.01,19.0,-0.0012486915639119747
0.0,6.01,20.0,-4.4863394975055635e-09
0.0,6.01,21.0,-0.0003899398934952558
0.0,7.01,0.0,-7.469307217361333e-05
0.0,7.01,1.0,0.0005624404773441893
0.0,7.01,2.0,0.00025290307041447857
0.0,7.01,3.0,0.0003143733826750997
0.0,7.01,4.0,-0.00034660994265698426
0.0,7.01,5.0,0.00024091495189864157
0.0,7.01,6.0,-0.001180789368522256
0.0,7.01,7.0,-2.9044973412535796e-07
0.0,7.01,8.0,-3.170802361594587e-09
0.0,7.01,9.0,-0.0007943892034870947
0.0,7.01,10.0,-0.00036342982991052764
0.0,7.01,11.0,-0.00048533640899917074
0.0,7.01,12.0,0.0018686924743904028
0.0,7.01,13.0,0.0011510576018648466
0.0,7.01,14.0,9.405079793933097e-05
0.0,7.01,15.0,-7.486066448210258e-06
0.0,7.01,16.0,-0.00023753960576533562
0.0,7.01,17.0,0.0007746016165414149
0.0,7.01,18.0,-0.00030335463688486997
0.0,7.01,19.0,-0.001248755420033525
0.0,7.01,20.0,-4.486339497558408e-09
0.0,7.01,21.0,-0.000394282031429799
0.0,8.01,0.0,-4.41654585577888e-05
0.0,8.01,1.0,0.0005587724107269654
0.0,8.01,2.0,0.00024638790821085443
0.0,8.01,3.0,0.00031373575395342995
0.0,8.01,4.0,-0.00034660979695829325
0.0,8.01,5.0,0.00023995701395134253
0.0,8.01,6.0,-0.00119468661992983
0.0,8.01,7.0,-2.9044973407677305e-07
0.0,8.01,8.0,-3.170802361627912e-09
0.0,8.01,9.0,-0.0007928553750144729
0.0,8.01,10.0,-0.0003548279947707955
0.0,8.01,11.0,-0.000480366172031621
0.0,8.01,12.0,0.0018628479579364974
0.0,8.01,13.0,0.001157688788510719
0.0,8.01,14.0,0.00010117412405269768
0.0,8.01,15.0,-7.486066508060511e-06
0.0,8.01,16.0,-0.0002404355179472517
0.0,8.01,17.0,0.0007578298152494944
0.0,8.01,18.0,-0.0003033529455416325
0.0,8.01,19.0,-0.001248853264503221
0.0,8.01,20.0,-4.486339497604462e-09
0.0,8.01,21.0,-0.00040281633390132354
0.0,9.01,0.0,1.8644483256940967e-05
0.0,9.01,1.0,0.0005510585186232486
0.0,9.01,2.0,0.00023369272483517167
0.0,9.01,3.0,0.00031178301692190435
0.0,9.01,4.0,-0.0003466095829146428
0.0,9.01,5.0,0.0002382569432652741
0.0,9.01,6.0,-0.0012243333992304484
0.0,9.01,7.0,-2.904497339676234e-07
0.0,9.01,8.0,-3.17080236165049e-09
0.0,9.01,9.0,-0.0007902706540995896
0.0,9.01,10.0,-0.0003367057958693076
0.0,9.01,11.0,-0.0004708348873339041
0.0,9.01,12.0,0.0018532864044727062
0.0,9.01,13.0,0.0011701092213846909
0.0,9.01,14.0,0.00011411427944347727
0.0,9.01,15.0,-7.486066599270152e-06
0.0,9.01,16.0,-0.0002467803604336849
0.0,9.01,17.0,0.0007247912956439839
0.0,9.01,18.0,-0.00030335039604145584
0.0,9.01,19.0,-0.001249007432469574
0.0,9.01,20.0,-4.486339497644137e-09
0.0,9.01,21.0,-0.00041980282815323733
0.0,10.01,0.0,0.0001470789748331956
0.0,10.01,1.0,0.0005351366729397511
0.0,10.01,2.0,0.00020877966147345162
0.0,10.01,3.0,0.0003070650514089973
0.0,10.01,4.0,-0.0003466092643900327
0.0,10.01,5.0,0.0002354033499964714
0.0,10.01,6.0,-0.0012857003599454075
0.0,10.01,7.0,-2.904497337586215e-07
0.0,10.01,8.0,-3.1708023616588843e-09
0.0,10.01,9.0,-0.0007858047289704684
0.0,10.01,10.0,-0.00029939428099254317
0.0,10.01,11.0,-0.00045245987540082355
0.0,10.01,12.0,0.0018373156145428948
0.0,10.01,13.0,0.0011938870329832596
0.0,10.01,14.0,0.00013755843255441186
0.0,10.01,15.0,-7.4860667452545005e-06
0.0,10.01,16.0,-0.00025981738521510533
0.0,10.01,17.0,0.0006598896666872578
0.0,10.01,18.0,-0.0003033464735706563
0.0,10.01,19.0,-0.0012492562278160252
0.0,10.01,20.0,-4.486339497678024e-09
0.0,10.01,21.0,-0.0004536429198392644
1.0,0.01,0.0,-0.00014078950511757504
1.0,0.01,1.0,0.0012754423255088576
1.0,0.01,2.0,0.0004586459874773574
1.0,0.01,3.0,-0.00020773662756794602
1.0,0.01,4.0,-8.796052612811481e-05
1.0,0.01,5.0,0.0014370246188083191
1.0,0.01,6.0,-2.215164615896693e-07
1.0,0.01,7.0,0.0006269539660451462
1.0,0.01,8.0,-4.664240168924839e-08
1.0,0.01,9.0,0.0006588705172778653
1.0,0.01,10.0,-1.3370692192316014e-07
1.0,0.01,11.0,0.0007391483515882258
1.0,0.01,12.0,0.0012306287879663147
1.0,0.01,13.0,-4.850010109442334e-06
1.0,0.01,14.0,-2.589498927521136e-09
1.0,0.01,15.0,-0.001080875763037804
1.0,0.01,16.0,-3.1778241395340943e-07
1.0,0.01,17.0,-0.0006619241004790499
1.0,0.01,18.0,-1.9873678519254096e-05
1.0,0.01,19.0,-0.003922636684360027
1.0,0.01,20.0,-2.9990454405912983e-09
1.0,0.01,21.0,-0.0010229430344778634
1.0,1.01,0.0,0.02365959452316793
1.0,1.01,1.0,0.007008792690211152
1.0,1.01,2.0,0.0012826592334678755
1.0,1.01,3.0,-0.0002087734548209396
1.0,1.01,4.0,0.0009820691998325658
1.0,1.01,5.0,0.010992091979555196
1.0,1.01,6.0,-2.215165210606156e-07
1.0,1.01,7.0,0.0031803272649749414
1.0,1.01,8.0,-4.664240320068295e-08
1.0,1.01,9.0,-0.006133453644137032
1.0,1.01,10.0,0.0018021566509838216
1.0,1.01,11.0,0.005376901234292339
1.0,1.01,12.0,4.396994906455398e-05
1.0,1.01,13.0,-4.850012643234042e-06
1.0,1.01,14.0,-2.589498907897587e-09
1.0,1.01,15.0,-0.0010836727779263526
1.0,1.01,16.0,-3.1778106579882267e-07
1.0,1.01,17.0,0.004613330556566264
1.0,1.01,18.0,-1.988467844071715e-05
1.0,1.01,19.0,-0.006547057392894819
1.0,1.01,20.0,-2.999039447849953e-09
1.0,1.01,21.0,-0.0065157329028063815
1.0,2.01,0.0,0.05091848122918513
1.0,2.01,1.0,0.013517650676879794
1.0,2.01,2.0,0.001963628914739224
1.0,2.01,3.0,-0.00020906433141363207
1.0,2.01,4.0,0.002185650395020302
1.0,2.01,5.0,0.02176313143350872
1.0,2.01,6.0,-2.215165642258369e-07
1.0,2.01,7.0,0.005952615966789865
1.0,2.01,8.0,-4.664240371804813e-08
1.0,2.01,9.0,-0.013877153976001616
1.0,2.01,10.0,0.004129764860045626
1.0,2.01,11.0,0.010678583559954574
1.0,2.01,12.0,-0.0014195178400091824
1.0,2.01,13.0,-4.850014856141155e-06
1.0,2.01,14.0,-2.589498679565275e-09
1.0,2.01,15.0,-0.0010859670889648862
1.0,2.01,16.0,-3.1777875754113136e-07
1.0,2.01,17.0,0.010545399257993582
1.0,2.01,18.0,-1.9889207026937218e-05
1.0,2.01,19.0,-0.00917957962615962
1.0,2.01,20.0,-2.998987101198468e-09
1.0,2.01,21.0,-0.012771616954569992
1.0,3.01,0.0,0.08275261841222484
1.0,3.01,1.0,0.020405860010803134
1.0,3.01,2.0,0.0034145863758916484
1.0,3.01,3.0,-0.00020913322816912218
1.0,3.01,4.0,0.0035734824564848805
1.0,3.01,5.0,0.0341177228438429
1.0,3.01,6.0,-2.2151660053468017e-07
1.0,3.01,7.0,0.009322083279517834
1.0,3.01,8.0,-4.664240388972817e-08
1.0,3.01,9.0,-0.022778098225269827
1.0,3.01,10.0,0.00607124027355932
1.0,3.01,11.0,0.01669157499615756
1.0,3.01,12.0,-0.0028148802624013425
1.0,3.01,13.0,-4.850017281406389e-06
1.0,3.01,14.0,-2.5894986139213113e-09
1.0,3.01,15.0,-0.0010877950887182423
1.0,3.01,16.0,-3.177823199989998e-07
1.0,3.01,17.0,0.018064667860411388
1.0,3.01,18.0,-1.989081427707278e-05
1.0,3.01,19.0,-0.011649413661745298
1.0,3.01,20.0,-2.9990085849182813e-09
1.0,3.01,21.0,-0.019821956559424814
1.0,4.01,0.0,0.11963071698969091
1.0,4.01,1.0,0.028292895493736286
1.0,4.01,2.0,0.004485141745723786
1.0,4.01,3.0,-0.00020914662364657745
1.0,4.01,4.0,0.005138483074821586
1.0,4.01,5.0,0.04809078219627724
1.0,4.01,6.0,-2.2151663402531602e-07
1.0,4.01,7.0,0.012898900239333294
1.0,4.01,8.0,-4.664240394746641e-08
1.0,4.01,9.0,-0.033049385017588834
1.0,4.01,10.0,0.008968573007922476
1.0,4.01,11.0,0.023634342808925235
1.0,4.01,12.0,-0.004678301025908355
1.0,4.01,13.0,-4.850019988651583e-06
1.0,4.01,14.0,-2.589494845124533e-09
1.0,4.01,15.0,-0.0010892175864921296
1.0,4.01,16.0,-3.1778195983402055e-07
1.0,4.01,17.0,0.0264761037005668
1.0,4.01,18.0,-1.989128996481369e-05
1.0,4.01,19.0,-0.013764641211542463
1.0,4.01,20.0,-2.9987568056727615e-09
1.0,4.01,21.0,-0.027903864575605924
1.0,5.01,0.0,0.16278431610637756
1.0,5.01,1.0,0.03723989583568296
1.0,5.01,2.0,0.00530026314169435
1.0,5.01,3.0,-0.00020914869209513116
1.0,5.01,4.0,0.006921676392650622
1.0,5.01,5.0,0.06400076760837539
1.0,5.01,6.0,-2.215166627713398e-07
1.0,5.01,7.0,0.016789150441187478
1.0,5.01,8.0,-4.6642403962263794e-08
1.0,5.01,9.0,-0.04498928195637633
1.0,5.01,10.0,0.01278955000312798
1.0,5.01,11.0,0.03165962564269456
1.0,5.01,12.0,-0.007013607886130396
1.0,5.01,13.0,-4.850022721147136e-06
1.0,5.01,14.0,-2.5892034166227056e-09
1.0,5.01,15.0,-0.0010902901868773518
1.0,5.01,16.0,-3.1777802615006053e-07
1.0,5.01,17.0,0.03614926764680132
1.0,5.01,18.0,-1.9891402874887083e-05
1.0,5.01,19.0,-0.015350874625292974
1.0,5.01,20.0,-2.988478842941416e-09
1.0,5.01,21.0,-0.037138034004473935
1.0,6.01,0.0,0.21406306924981316
1.0,6.01,1.0,0.04698099649584195
1.0,6.01,2.0,0.006886642942949883
1.0,6.01,3.0,-0.00020914893581007785
1.0,6.01,4.0,0.009014187735103846
1.0,6.01,5.0,0.08265981281623444
1.0,6.01,6.0,-2.2151668558601096e-07
1.0,6.01,7.0,0.021490821780774355
1.0,6.01,8.0,-4.6642403965482486e-08
1.0,6.01,9.0,-0.05901014490702701
1.0,6.01,10.0,0.01657603329598034
1.0,6.01,11.0,0.041025931551819245
1.0,6.01,12.0,-0.009505813027395088
1.0,6.01,13.0,-4.850025208812273e-06
1.0,6.01,14.0,-2.587316480131353e-09
1.0,6.01,15.0,-0.0010910724528722922
1.0,6.01,16.0,-3.1778073443157186e-07
1.0,6.01,17.0,0.04833574284193759
1.0,6.01,18.0,-1.9891423394395136e-05
1.0,6.01,19.0,-0.016352803837746663
1.0,6.01,20.0,-2.98046225973733e-09
1.0,6.01,21.0,-0.047935848648699014
1.0,7.01,0.0,0.27564551896956313
1.0,7.01,1.0,0.058021649828932736
1.0,7.01,2.0,0.008318759793910058
1.0,7.01,3.0,-0.00020914895708452305
1.0,7.01,4.0,0.011485303955192809
1.0,7.01,5.0,0.10460294790877922
1.0,7.01,6.0,-2.2151670500964823e-07
1.0,7.01,7.0,0.026780490733249396
1.0,7.01,8.0,-4.6642403966714144e-08
1.0,7.01,9.0,-0.07579763701170251
1.0,7.01,10.0,0.0214573411372726
1.0,7.01,11.0,0.05194979365257649
1.0,7.01,12.0,-0.012600395581117224
1.0,7.01,13.0,-4.850027381124829e-06
1.0,7.01,14.0,-2.5477817759729532e-09
1.0,7.01,15.0,-0.0010916278631513392
1.0,7.01,16.0,-3.1778181924042047e-07
1.0,7.01,17.0,0.06257966728914127
1.0,7.01,18.0,-1.989142613944021e-05
1.0,7.01,19.0,-0.016868588603425386
1.0,7.01,20.0,-2.912627458616716e-09
1.0,7.01,21.0,-0.06044846475914331
1.0,8.01,0.0,0.349138629900792
1.0,8.01,1.0,0.07255813966569288
1.0,8.01,2.0,0.009731842604777219
1.0,8.01,3.0,-0.00020914895843091028
1.0,8.01,4.0,0.01440827782242391
1.0,8.01,5.0,0.13101262975651717
1.0,8.01,6.0,-2.2151672240601157e-07
1.0,8.01,7.0,0.03318651359860994
1.0,8.01,8.0,-4.6642403967139884e-08
1.0,8.01,9.0,-0.0958475876215377
1.0,8.01,10.0,0.028075421556705837
1.0,8.01,11.0,0.0657787775741932
1.0,8.01,12.0,-0.016552322004901504
1.0,8.01,13.0,-4.8500291115774465e-06
1.0,8.01,14.0,-2.3663044375730685e-09
1.0,8.01,15.0,-0.0010920079820235865
1.0,8.01,16.0,-3.177829179638121e-07
1.0,8.01,17.0,0.07986595420265985
1.0,8.01,18.0,-1.9891426398090264e-05
1.0,8.01,19.0,-0.01707645772637221
1.0,8.01,20.0,-2.9153356062708895e-09
1.0,8.01,21.0,-0.07623157172913328
1.0,9.01,0.0,0.44169732704253856
1.0,9.01,1.0,0.0894466651247127
1.0,9.01,2.0,0.011501629591008755
1.0,9.01,3.0,-0.00020914895848760478
1.0,9.01,4.0,0.018043396304850412
1.0,9.01,5.0,0.16353542822413536
1.0,9.01,6.0,-2.2151673657497174e-07
1.0,9.01,7.0,0.040926794763141594
1.0,9.01,8.0,-4.664240396703587e-08
1.0,9.01,9.0,-0.12069363645788217
1.0,9.01,10.0,0.035928855362045486
1.0,9.01,11.0,0.08240481818175277
1.0,9.01,12.0,-0.021253937638311238
1.0,9.01,13.0,-4.850030254625534e-06
1.0,9.01,14.0,1.587466777443742e-09
1.0,9.01,15.0,-0.0010922497766612733
1.0,9.01,16.0,-3.1778296801260385e-07
1.0,9.01,17.0,0.10120238249219454
1.0,9.01,18.0,-1.9891426413698523e-05
1.0,9.01,19.0,-0.01713925397046818
1.0,9.01,20.0,-2.7912632934090244e-09
1.0,9.01,21.0,-0.09531640850439968
1.0,10.01,0.0,0.5583989092342472
1.0,10.01,1.0,0.11116388119230089
1.0,10.01,2.0,0.013938553971503953
1.0,10.01,3.0,-0.00020914895848748145
1.0,10.01,4.0,0.02256711466738226
1.0,10.01,5.0,0.20464682270264822
1.0,10.01,6.0,-2.2151674772681517e-07
1.0,10.01,7.0,0.0510830561716239
1.0,10.01,8.0,-4.664240396253381e-08
1.0,10.01,9.0,-0.15008839178381733
1.0,10.01,10.0,0.046047766925743694
1.0,10.01,11.0,0.10371577655695627
1.0,10.01,12.0,-0.026165481015811676
1.0,10.01,13.0,-4.850030912860519e-06
1.0,10.01,14.0,4.27629059265661e-07
1.0,10.01,15.0,-0.0010923899401175075
1.0,10.01,16.0,-3.1778295236466107e-07
1.0,10.01,17.0,0.12757467156475943
1.0,10.01,18.0,-1.9891426414447067e-05
1.0,10.01,19.0,-0.0171524947941641
1.0,10.01,20.0,-1.0468361169163482e-09
1.0,10.01,21.0,-0.12026714780717772
2.0,0.01,0.0,-0.0060845909128631765
2.0,0.01,1.0,0.0003179098875107783
2.0,0.01,2.0,0.002525120064156644
2.0,0.01,3.0,0.0015276638692734643
2.0,0.01,4.0,-1.1529263083028565e-09
2.0,0.01,5.0,-1.7999480880050058e-11
2.0,0.01,6.0,-2.4893278673339854e-05
2.0,0.01,7.0,-0.00016517892589944442
2.0,0.01,8.0,0.0007282955607852415
2.0,0.01,9.0,-0.001522048049654029
2.0,0.01,10.0,-0.00023681318056084644
2.0,0.01,11.0,-0.0010461567512162623
2.0,0.01,12.0,-0.000993811929568808
2.0,0.01,13.0,0.0001408505220881276
2.0,0.01,14.0,-0.0007174476168303467
2.0,0.01,15.0,-7.89224760655155e-05
2.0,0.01,16.0,-0.0019243955608959085
2.0,0.01,17.0,-4.415040429664261e-09
2.0,0.01,18.0,0.003000975819148599
2.0,0.01,19.0,-0.0018711830140414971
2.0,0.01,20.0,-0.0012060929312245339
2.0,0.01,21.0,-7.423178883999341e-05
2.0,1.01,0.0,-0.006084590912849611
2.0,1.01,1.0,0.00031790988748076066
2.0,1.01,2.0,0.0025251200639888893
2.0,1.01,3.0,0.0015276638692634011
2.0,1.01,4.0,-1.1529263083028565e-09
2.0,1.01,5.0,-1.7999480880050058e-11
2.0,1.01,6.0,-2.4893278673339854e-05
2.0,1.01,7.0,-0.00016517892589944434
2.0,1.01,8.0,0.0007282955610520836
2.0,1.01,9.0,-0.0015220480496200561
2.0,1.01,10.0,-0.00023681318059060041
2.0,1.01,11.0,-0.0010461567511554498
2.0,1.01,12.0,-0.0009938119295690023
2.0,1.01,13.0,0.00014085052208957088
2.0,1.01,14.0,-0.0007174476171256661
2.0,1.01,15.0,-7.892247610924441e-05
2.0,1.01,16.0,-0.0019243955607283758
2.0,1.01,17.0,-4.415040429664261e-09
2.0,1.01,18.0,0.0030009758192859337
2.0,1.01,19.0,-0.0018711830140415416
2.0,1.01,20.0,-0.0012060929312292107
2.0,1.01,21.0,-7.423178883999322e-05
2.0,2.01,0.0,-0.006084590912836245
2.0,2.01,1.0,0.00031790988744689885
2.0,2.01,2.0,0.002525120063800096
2.0,2.01,3.0,0.0015276638692533762
2.0,2.01,4.0,-1.1529263083028565e-09
2.0,2.01,5.0,-1.7999480880050058e-11
2.0,2.01,6.0,-2.4893278673339854e-05
2.0,2.01,7.0,-0.00016517892589944423
2.0,2.01,8.0,0.0007282955613556186
2.0,2.01,9.0,-0.0015220480495818367
2.0,2.01,10.0,-0.00023681318062501733
2.0,2.01,11.0,-0.0010461567510870184
2.0,2.01,12.0,-0.0009938119295701542
2.0,2.01,13.0,0.00014085052209113214
2.0,2.01,14.0,-0.0007174476174613975
2.0,2.01,15.0,-7.892247615870485e-05
2.0,2.01,16.0,-0.0019243955605388607
2.0,2.01,17.0,-4.415040429664261e-09
2.0,2.01,18.0,0.0030009758194428082
2.0,2.01,19.0,-0.0018711830140415886
2.0,2.01,20.0,-0.0012060929312352198
2.0,2.01,21.0,-7.423178883999303e-05
2.0,3.01,0.0,-0.00608459091282258
2.0,3.01,1.0,0.0003179098874188241
2.0,3.01,2.0,0.002525120063643055
2.0,3.01,3.0,0.001527663869243235
2.0,3.01,4.0,-1.1529263083028565e-09
2.0,3.01,5.0,-1.7999480880050058e-11
2.0,3.01,6.0,-2.4893278673339854e-05
2.0,3.01,7.0,-0.00016517892589944412
2.0,3.01,8.0,0.0007282955616038644
2.0,3.01,9.0,-0.001522048049550112
2.0,3.01,10.0,-0.00023681318065238433
2.0,3.01,11.0,-0.0010461567510299807
2.0,3.01,12.0,-0.0009938119295697795
2.0,3.01,13.0,0.00014085052209249216
2.0,3.01,14.0,-0.0007174476177360667
2.0,3.01,15.0,-7.892247619951942e-05
2.0,3.01,16.0,-0.0019243955603827079
2.0,3.01,17.0,-4.415040429664261e-09
2.0,3.01,18.0,0.003000975819570151
2.0,3.01,19.0,-0.0018711830140416314
2.0,3.01,20.0,-0.0012060929312391819
2.0,3.01,21.0,-7.423178883999283e-05
2.0,4.01,0.0,-0.006084590912809298
2.0,4.01,1.0,0.00031790988738329695
2.0,4.01,2.0,0.0025251200634449633
2.0,4.01,3.0,0.001527663869233229
2.0,4.01,4.0,-1.1529263083028565e-09
2.0,4.01,5.0,-1.7999480880050058e-11
2.0,4.01,6.0,-2.4893278673339854e-05
2.0,4.01,7.0,-0.000165178925899444
2.0,4.01,8.0,0.0007282955619236642
2.0,4.01,9.0,-0.0015220480495099775
2.0,4.01,10.0,-0.00023681318068896617
2.0,4.01,11.0,-0.0010461567509582326
2.0,4.01,12.0,-0.0009938119295713754
2.0,4.01,13.0,0.00014085052209414362
2.0,4.01,14.0,-0.0007174476180896727
2.0,4.01,15.0,-7.892247625156112e-05
2.0,4.01,16.0,-0.0019243955601834783
2.0,4.01,17.0,-4.415040429664261e-09
2.0,4.01,18.0,0.003000975819735685
2.0,4.01,19.0,-0.00187118301404168
2.0,4.01,20.0,-0.0012060929312457946
2.0,4.01,21.0,-7.423178883999265e-05
2.0,5.01,0.0,-0.006084590912795664
2.0,5.01,1.0,0.0003179098873546393
2.0,5.01,2.0,0.002525120063284564
2.0,5.01,3.0,0.0015276638692231122
2.0,5.01,4.0,-1.1529263083028565e-09
2.0,5.01,5.0,-1.7999480880050058e-11
2.0,5.01,6.0,-2.4893278673339854e-05
2.0,5.01,7.0,-0.00016517892589944393
2.0,5.01,8.0,0.0007282955621776832
2.0,5.01,9.0,-0.0015220480494775035
2.0,5.01,10.0,-0.00023681318071711033
2.0,5.01,11.0,-0.0010461567509000014
2.0,5.01,12.0,-0.000993811929571195
2.0,5.01,13.0,0.00014085052209551058
2.0,5.01,14.0,-0.0007174476183707812
2.0,5.01,15.0,-7.892247629319449e-05
2.0,5.01,16.0,-0.0019243955600236617
2.0,5.01,17.0,-4.415040429664261e-09
2.0,5.01,18.0,0.0030009758198661363
2.0,5.01,19.0,-0.001871183014041723
2.0,5.01,20.0,-0.0012060929312500066
2.0,5.01,21.0,-7.423178883999245e-05
2.0,6.01,0.0,-0.006084590912782174
2.0,6.01,1.0,0.00031790988732338654
2.0,6.01,2.0,0.002525120063110037
2.0,6.01,3.0,0.0015276638692130508
2.0,6.01,4.0,-1.1529263083028565e-09
2.0,6.01,5.0,-1.7999480880050058e-11
2.0,6.01,6.0,-2.4893278673339854e-05
2.0,6.01,7.0,-0.00016517892589944382
2.0,6.01,8.0,0.0007282955624562382
2.0,6.01,9.0,-0.0015220480494421984
2.0,6.01,10.0,-0.00023681318074847413
2.0,6.01,11.0,-0.0010461567508366632
2.0,6.01,12.0,-0.000993811929571653
2.0,6.01,13.0,0.00014085052209698856
2.0,6.01,14.0,-0.0007174476186790346
2.0,6.01,15.0,-7.892247633878302e-05
2.0,6.01,16.0,-0.0019243955598493012
2.0,6.01,17.0,-4.415040429664261e-09
2.0,6.01,18.0,0.003000975820009688
2.0,6.01,19.0,-0.0018711830140417684
2.0,6.01,20.0,-0.001206092931255072
2.0,6.01,21.0,-7.423178883999226e-05
2.0,7.01,0.0,-0.0060845909127687225
2.0,7.01,1.0,0.000317909887290857
2.0,7.01,2.0,0.0025251200629285986
2.0,7.01,3.0,0.001527663869202972
2.0,7.01,4.0,-1.1529263083028565e-09
2.0,7.01,5.0,-1.7999480880050058e-11
2.0,7.01,6.0,-2.4893278673339854e-05
2.0,7.01,7.0,-0.00016517892589944371
2.0,7.01,8.0,0.0007282955627471721
2.0,7.01,9.0,-0.0015220480494055055
2.0,7.01,10.0,-0.0002368131807811702
2.0,7.01,11.0,-0.0010461567507708547
2.0,7.01,12.0,-0.0009938119295724718
2.0,7.01,13.0,0.00014085052209850124
2.0,7.01,14.0,-0.0007174476190008883
2.0,7.01,15.0,-7.892247638623118e-05
2.0,7.01,16.0,-0.0019243955596673912
2.0,7.01,17.0,-4.415040429664261e-09
2.0,7.01,18.0,0.0030009758201596792
2.0,7.01,19.0,-0.0018711830140418146
2.0,7.01,20.0,-0.0012060929312606439
2.0,7.01,21.0,-7.423178883999207e-05
2.0,8.01,0.0,-0.006084590912755294
2.0,8.01,1.0,0.0003179098872582581
2.0,8.01,2.0,0.002525120062746772
2.0,8.01,3.0,0.0015276638691929141
2.0,8.01,4.0,-1.1529263083028565e-09
2.0,8.01,5.0,-1.7999480880050058e-11
2.0,8.01,6.0,-2.4893278673339857e-05
2.0,8.01,7.0,-0.0001651789258994436
2.0,8.01,8.0,0.0007282955630384946
2.0,8.01,9.0,-0.0015220480493686184
2.0,8.01,10.0,-0.0002368131808140883
2.0,8.01,11.0,-0.0010461567507049352
2.0,8.01,12.0,-0.0009938119295733183
2.0,8.01,13.0,0.00014085052210004861
2.0,8.01,14.0,-0.000717447619323075
2.0,8.01,15.0,-7.892247643384587e-05
2.0,8.01,16.0,-0.001924395559485259
2.0,8.01,17.0,-4.415040429664261e-09
2.0,8.01,18.0,0.0030009758203101145
2.0,8.01,19.0,-0.0018711830140418606
2.0,8.01,20.0,-0.0012060929312661672
2.0,8.01,21.0,-7.423178883999188e-05
2.0,9.01,0.0,-0.006084590912741743
2.0,9.01,1.0,0.0003179098872283098
2.0,9.01,2.0,0.002525120062579128
2.0,9.01,3.0,0.001527663869182832
2.0,9.01,4.0,-1.1529263083028565e-09
2.0,9.01,5.0,-1.7999480880050058e-11
2.0,9.01,6.0,-2.4893278673339857e-05
2.0,9.01,7.0,-0.0001651789258994435
2.0,9.01,8.0,0.0007282955633051147
2.0,9.01,9.0,-0.0015220480493346733
2.0,9.01,10.0,-0.0002368131808439533
2.0,9.01,11.0,-0.0010461567506441227
2.0,9.01,12.0,-0.000993811929573471
2.0,9.01,13.0,0.00014085052210149884
2.0,9.01,14.0,-0.0007174476196181168
2.0,9.01,15.0,-7.892247647753314e-05
2.0,9.01,16.0,-0.0019243955593179485
2.0,9.01,17.0,-4.415040429664261e-09
2.0,9.01,18.0,0.0030009758204471715
2.0,9.01,19.0,-0.0018711830140419048
2.0,9.01,20.0,-0.0012060929312708718
2.0,9.01,21.0,-7.423178883999169e-05
2.0,10.01,0.0,-0.006084590912728279
2.0,10.01,1.0,0.00031790988719622437
2.0,10.01,2.0,0.0025251200624003267
2.0,10.01,3.0,0.001527663869172774
2.0,10.01,4.0,-1.1529263083028565e-09
2.0,10.01,5.0,-1.7999480880050058e-11
2.0,10.01,6.0,-2.4893278673339857e-05
2.0,10.01,7.0,-0.00016517892589944342
2.0,10.01,8.0,0.0007282955635910526
2.0,10.01,9.0,-0.0015220480492985355
2.0,10.01,10.0,-0.0002368131808762053
2.0,10.01,11.0,-0.0010461567505792302
2.0,10.01,12.0,-0.0009938119295741649
2.0,10.01,13.0,0.00014085052210298377
2.0,10.01,14.0,-0.0007174476199345858
2.0,10.01,15.0,-7.89224765242319e-05
2.0,10.01,16.0,-0.001924395559139036
2.0,10.01,17.0,-4.415040429664261e-09
2.0,10.01,18.0,0.003000975820594831
2.0,10.01,19.0,-0.0018711830140419508
2.0,10.01,20.0,-0.0012060929312762217
2.0,10.01,21.0,-7.42317888399915e-05
3.0,0.01,0.0,0.0009436020605441131
3.0,0.01,1.0,-0.002715144791934604
3.0,0.01,2.0,-0.003308311451005297
3.0,0.01,3.0,-2.8121558643075593e-12
3.0,0.01,4.0,-0.0027917397307986314
3.0,0.01,5.0,-2.0224238103007246e-12
3.0,0.01,6.0,0.0013318597362784734
3.0,0.01,7.0,0.0006469638074962092
3.0,0.01,8.0,-0.002610610643431155
3.0,0.01,9.0,-0.00554185900738785
3.0,0.01,10.0,0.0011435191678058343
3.0,0.01,11.0,-0.00615320674166564
3.0,0.01,12.0,-2.3558145465818993e-06
3.0,0.01,13.0,-0.00027528993306725016
3.0,0.01,14.0,0.002225896456309426
3.0,0.01,15.0,-0.00023929851788244416
3.0,0.01,16.0,-7.780514674269093e-08
3.0,0.01,17.0,-3.08967496582853e-11
3.0,0.01,18.0,-0.004286861381916682
3.0,0.01,19.0,-3.6318525371529206e-05
3.0,0.01,20.0,-0.001753153122622142
3.0,0.01,21.0,-0.0003502437437376549
3.0,1.01,0.0,0.0009436020605443074
3.0,1.01,1.0,-0.0027151447919351313
3.0,1.01,2.0,-0.0033083114510071288
3.0,1.01,3.0,-2.8121558643075593e-12
3.0,1.01,4.0,-0.0027917397307998526
3.0,1.01,5.0,-2.0224238103007246e-12
3.0,1.01,6.0,0.0013318597362779738
3.0,1.01,7.0,0.00064696380749725
3.0,1.01,8.0,-0.00261061064343332
3.0,1.01,9.0,-0.005541859007390348
3.0,1.01,10.0,0.001143519167808164
3.0,1.01,11.0,-0.0061532067416684155
3.0,1.01,12.0,-2.3558145465818993e-06
3.0,1.01,13.0,-0.00027528993306725065
3.0,1.01,14.0,0.0022258964563089123
3.0,1.01,15.0,-0.00023929851788213885
3.0,1.01,16.0,-7.78051467419773e-08
3.0,1.01,17.0,-3.08967496582853e-11
3.0,1.01,18.0,-0.004286861381916091
3.0,1.01,19.0,-3.631852537152918e-05
3.0,1.01,20.0,-0.0017531531226230301
3.0,1.01,21.0,-0.0003502437437387096
3.0,2.01,0.0,0.0009436020605444739
3.0,2.01,1.0,-0.0027151447919355753
3.0,2.01,2.0,-0.003308311451008933
3.0,2.01,3.0,-2.8121558643075593e-12
3.0,2.01,4.0,-0.0027917397308010183
3.0,2.01,5.0,-2.0224238103007246e-12
3.0,2.01,6.0,0.001331859736277502
3.0,2.01,7.0,0.0006469638074983325
3.0,2.01,8.0,-0.0026106106434353737
3.0,2.01,9.0,-0.005541859007392791
3.0,2.01,10.0,0.0011435191678105267
3.0,2.01,11.0,-0.006153206741671302
3.0,2.01,12.0,-2.3558145465818993e-06
3.0,2.01,13.0,-0.00027528993306725113
3.0,2.01,14.0,0.0022258964563083433
3.0,2.01,15.0,-0.00023929851788187517
3.0,2.01,16.0,-7.780514674116542e-08
3.0,2.01,17.0,-3.08967496582853e-11
3.0,2.01,18.0,-0.004286861381915502
3.0,2.01,19.0,-3.6318525371529145e-05
3.0,2.01,20.0,-0.0017531531226236963
3.0,2.01,21.0,-0.0003502437437398753
3.0,3.01,0.0,0.0009436020605446405
3.0,3.01,1.0,-0.002715144791936075
3.0,3.01,2.0,-0.003308311451010737
3.0,3.01,3.0,-2.8121558643075593e-12
3.0,3.01,4.0,-0.002791739730802184
3.0,3.01,5.0,-2.0224238103007246e-12
3.0,3.01,6.0,0.0013318597362769746
3.0,3.01,7.0,0.0006469638074993872
3.0,3.01,8.0,-0.002610610643437483
3.0,3.01,9.0,-0.005541859007395233
3.0,3.01,10.0,0.0011435191678128565
3.0,3.01,11.0,-0.006153206741674078
3.0,3.01,12.0,-2.3558145465818993e-06
3.0,3.01,13.0,-0.0002752899330672516
3.0,3.01,14.0,0.0022258964563077743
3.0,3.01,15.0,-0.00023929851788158374
3.0,3.01,16.0,-7.780514674036286e-08
3.0,3.01,17.0,-3.08967496582853e-11
3.0,3.01,18.0,-0.004286861381914912
3.0,3.01,19.0,-3.631852537152912e-05
3.0,3.01,20.0,-0.0017531531226245844
3.0,3.01,21.0,-0.0003502437437408745
3.0,4.01,0.0,0.0009436020605447792
3.0,4.01,1.0,-0.00271514479193663
3.0,4.01,2.0,-0.003308311451012569
3.0,4.01,3.0,-2.8121558643075593e-12
3.0,4.01,4.0,-0.00279173973080335
3.0,4.01,5.0,-2.0224238103007246e-12
3.0,4.01,6.0,0.0013318597362765028
3.0,4.01,7.0,0.0006469638075004419
3.0,4.01,8.0,-0.0026106106434395926
3.0,4.01,9.0,-0.005541859007397676
3.0,4.01,10.0,0.0011435191678151827
3.0,4.01,11.0,-0.006153206741676964
3.0,4.01,12.0,-2.3558145465818993e-06
3.0,4.01,13.0,-0.00027528993306725216
3.0,4.01,14.0,0.0022258964563072192
3.0,4.01,15.0,-0.0002392985178812923
3.0,4.01,16.0,-7.780514673960561e-08
3.0,4.01,17.0,-3.08967496582853e-11
3.0,4.01,18.0,-0.004286861381914323
3.0,4.01,19.0,-3.631852537152909e-05
3.0,4.01,20.0,-0.0017531531226253616
3.0,4.01,21.0,-0.0003502437437418737
3.0,5.01,0.0,0.0009436020605449458
3.0,5.01,1.0,-0.0027151447919370464
3.0,5.01,2.0,-0.0033083114510144007
3.0,5.01,3.0,-2.8121558643075593e-12
3.0,5.01,4.0,-0.002791739730804571
3.0,5.01,5.0,-2.0224238103007246e-12
3.0,5.01,6.0,0.001331859736276031
3.0,5.01,7.0,0.0006469638075015105
3.0,5.01,8.0,-0.002610610643441591
3.0,5.01,9.0,-0.005541859007400174
3.0,5.01,10.0,0.0011435191678175003
3.0,5.01,11.0,-0.006153206741679629
3.0,5.01,12.0,-2.3558145465818993e-06
3.0,5.01,13.0,-0.00027528993306725265
3.0,5.01,14.0,0.002225896456306664
3.0,5.01,15.0,-0.000239298517880987
3.0,5.01,16.0,-7.780514673880728e-08
3.0,5.01,17.0,-3.08967496582853e-11
3.0,5.01,18.0,-0.004286861381913733
3.0,5.01,19.0,-3.6318525371529064e-05
3.0,5.01,20.0,-0.0017531531226261388
3.0,5.01,21.0,-0.00035024374374298395
3.0,6.01,0.0,0.0009436020605451956
3.0,6.01,1.0,-0.0027151447919376293
3.0,6.01,2.0,-0.003308311451016177
3.0,6.01,3.0,-2.8121558643075593e-12
3.0,6.01,4.0,-0.0027917397308057645
3.0,6.01,5.0,-2.0224238103007246e-12
3.0,6.01,6.0,0.001331859736275559
3.0,6.01,7.0,0.0006469638075025652
3.0,6.01,8.0,-0.002610610643443756
3.0,6.01,9.0,-0.005541859007402727
3.0,6.01,10.0,0.0011435191678198543
3.0,6.01,11.0,-0.006153206741682626
3.0,6.01,12.0,-2.3558145465818993e-06
3.0,6.01,13.0,-0.00027528993306725314
3.0,6.01,14.0,0.002225896456306206
3.0,6.01,15.0,-0.00023929851788068168
3.0,6.01,16.0,-7.780514673821478e-08
3.0,6.01,17.0,-3.08967496582853e-11
3.0,6.01,18.0,-0.004286861381913146
3.0,6.01,19.0,-3.631852537152904e-05
3.0,6.01,20.0,-0.001753153122627027
3.0,6.01,21.0,-0.0003502437437441497
3.0,7.01,0.0,0.0009436020605453066
3.0,7.01,1.0,-0.0027151447919380733
3.0,7.01,2.0,-0.0033083114510179257
3.0,7.01,3.0,-2.8121558643075593e-12
3.0,7.01,4.0,-0.0027917397308069025
3.0,7.01,5.0,-2.0224238103007246e-12
3.0,7.01,6.0,0.0013318597362750595
3.0,7.01,7.0,0.0006469638075035783
3.0,7.01,8.0,-0.00261061064344581
3.0,7.01,9.0,-0.005541859007405059
3.0,7.01,10.0,0.0011435191678221771
3.0,7.01,11.0,-0.00615320674168518
3.0,7.01,12.0,-2.3558145465818993e-06
3.0,7.01,13.0,-0.0002752899330672537
3.0,7.01,14.0,0.0022258964563056233
3.0,7.01,15.0,-0.00023929851788037637
3.0,7.01,16.0,-7.780514673729364e-08
3.0,7.01,17.0,-3.08967496582853e-11
3.0,7.01,18.0,-0.0042868613819125575
3.0,7.01,19.0,-3.631852537152901e-05
3.0,7.01,20.0,-0.0017531531226277486
3.0,7.01,21.0,-0.0003502437437451489
3.0,8.01,0.0,0.0009436020605455009
3.0,8.01,1.0,-0.002715144791938573
3.0,8.01,2.0,-0.0033083114510197853
3.0,8.01,3.0,-2.8121558643075593e-12
3.0,8.01,4.0,-0.0027917397308080683
3.0,8.01,5.0,-2.0224238103007246e-12
3.0,8.01,6.0,0.0013318597362745876
3.0,8.01,7.0,0.0006469638075046608
3.0,8.01,8.0,-0.0026106106434479748
3.0,8.01,9.0,-0.005541859007407501
3.0,8.01,10.0,0.001143519167824519
3.0,8.01,11.0,-0.0061532067416880665
3.0,8.01,12.0,-2.355814546581899e-06
3.0,8.01,13.0,-0.00027528993306725417
3.0,8.01,14.0,0.0022258964563050543
3.0,8.01,15.0,-0.00023929851788012657
3.0,8.01,16.0,-7.780514673659314e-08
3.0,8.01,17.0,-3.08967496582853e-11
3.0,8.01,18.0,-0.004286861381911966
3.0,8.01,19.0,-3.631852537152898e-05
3.0,8.01,20.0,-0.0017531531226286368
3.0,8.01,21.0,-0.0003502437437463146
3.0,9.01,0.0,0.0009436020605456952
3.0,9.01,1.0,-0.002715144791939017
3.0,9.01,2.0,-0.003308311451021534
3.0,9.01,3.0,-2.8121558643075593e-12
3.0,9.01,4.0,-0.0027917397308092895
3.0,9.01,5.0,-2.0224238103007246e-12
3.0,9.01,6.0,0.001331859736274088
3.0,9.01,7.0,0.0006469638075056738
3.0,9.01,8.0,-0.0026106106434500287
3.0,9.01,9.0,-0.005541859007409944
3.0,9.01,10.0,0.0011435191678268244
3.0,9.01,11.0,-0.006153206741690953
3.0,9.01,12.0,-2.355814546581899e-06
3.0,9.01,13.0,-0.00027528993306725466
3.0,9.01,14.0,0.0022258964563044853
3.0,9.01,15.0,-0.00023929851787980738
3.0,9.01,16.0,-7.780514673583081e-08
3.0,9.01,17.0,-3.08967496582853e-11
3.0,9.01,18.0,-0.004286861381911384
3.0,9.01,19.0,-3.6318525371528955e-05
3.0,9.01,20.0,-0.001753153122629303
3.0,9.01,21.0,-0.0003502437437472583
3.0,10.01,0.0,0.0009436020605458062
3.0,10.01,1.0,-0.0027151447919395166
3.0,10.01,2.0,-0.0033083114510233935
3.0,10.01,3.0,-2.8121558643075593e-12
3.0,10.01,4.0,-0.0027917397308104552
3.0,10.01,5.0,-2.0224238103007246e-12
3.0,10.01,6.0,0.0013318597362735607
3.0,10.01,7.0,0.0006469638075067702
3.0,10.01,8.0,-0.002610610643452138
3.0,10.01,9.0,-0.005541859007412442
3.0,10.01,10.0,0.0011435191678291802
3.0,10.01,11.0,-0.006153206741693729
3.0,10.01,12.0,-2.355814546581899e-06
3.0,10.01,13.0,-0.00027528993306725515
3.0,10.01,14.0,0.00222589645630393
3.0,10.01,15.0,-0.0002392985178795437
3.0,10.01,16.0,-7.780514673503163e-08
3.0,10.01,17.0,-3.08967496582853e-11
3.0,10.01,18.0,-0.004286861381910791
3.0,10.01,19.0,-3.631852537152893e-05
3.0,10.01,20.0,-0.001753153122630191
3.0,10.01,21.0,-0.00035024374374842404
4.0,0.01,0.0,-9.872816221689307e-11
4.0,0.01,1.0,-5.977665333206968e-10
4.0,0.01,2.0,-0.0038584278755933593
4.0,0.01,3.0,-0.00248747580829789
4.0,0.01,4.0,-0.0018460750666904405
4.0,0.01,5.0,4.426743129115618e-06
4.0,0.01,6.0,-0.002670905352815306
4.0,0.01,7.0,0.0016824692364997285
4.0,0.01,8.0,0.0026095449231833684
4.0,0.01,9.0,-1.3975588951963646e-11
4.0,0.01,10.0,0.006701171414753102
4.0,0.01,11.0,0.005194017256492128
4.0,0.01,12.0,-0.0021456685575264763
4.0,0.01,13.0,-2.9865448024250023e-07
4.0,0.01,14.0,-0.0021481156316283945
4.0,0.01,15.0,0.00023989993387857345
4.0,0.01,16.0,-3.046634076221278e-08
4.0,0.01,17.0,-0.001902498036852357
4.0,0.01,18.0,-0.004785304542905627
4.0,0.01,19.0,0.0013032851121696915
4.0,0.01,20.0,-0.005569402581990859
4.0,0.01,21.0,0.002388923898263784
4.0,1.01,0.0,-9.872816221555992e-11
4.0,1.01,1.0,-5.977665333206968e-10
4.0,1.01,2.0,-0.003858427875587246
4.0,1.01,3.0,-0.0024874758080025705
4.0,1.01,4.0,-0.0018460750666752582
4.0,1.01,5.0,4.426743053370652e-06
4.0,1.01,6.0,-0.0026709053527583376
4.0,1.01,7.0,0.0016824692364212912
4.0,1.01,8.0,0.002609544923277571
4.0,1.01,9.0,-1.3975588951963646e-11
4.0,1.01,10.0,0.006701171414700086
4.0,1.01,11.0,0.005194017256392333
4.0,1.01,12.0,-0.0021456685574626974
4.0,1.01,13.0,-2.986544802425001e-07
4.0,1.01,14.0,-0.002148115631613351
4.0,1.01,15.0,0.00023989993373835228
4.0,1.01,16.0,-3.046634076221278e-08
4.0,1.01,17.0,-0.00190249803685133
4.0,1.01,18.0,-0.00478530454286584
4.0,1.01,19.0,0.0013032851121975025
4.0,1.01,20.0,-0.005569402581913671
4.0,1.01,21.0,0.0023889238982441885
4.0,2.01,0.0,-9.872816198983914e-11
4.0,2.01,1.0,-5.977665333206968e-10
4.0,2.01,2.0,-0.0038584278755613988
4.0,2.01,3.0,-0.0024874758077902404
4.0,2.01,4.0,-0.0018460750666636286
4.0,2.01,5.0,4.42674300965562e-06
4.0,2.01,6.0,-0.0026709053526905308
4.0,2.01,7.0,0.0016824692363381355
4.0,2.01,8.0,0.002609544923335358
4.0,2.01,9.0,-1.3975588951963646e-11
4.0,2.01,10.0,0.006701171414619501
4.0,2.01,11.0,0.005194017256265518
4.0,2.01,12.0,-0.002145668557355509
4.0,2.01,13.0,-2.9865448024249996e-07
4.0,2.01,14.0,-0.002148115631568623
4.0,2.01,15.0,0.0002398999336344354
4.0,2.01,16.0,-3.046634076221278e-08
4.0,2.01,17.0,-0.001902498036842143
4.0,2.01,18.0,-0.004785304542771818
4.0,2.01,19.0,0.0013032851122317737
4.0,2.01,20.0,-0.005569402581796612
4.0,2.01,21.0,0.002388923898226064
4.0,3.01,0.0,-9.872808265164183e-11
4.0,3.01,1.0,-5.977665333206968e-10
4.0,3.01,2.0,-0.0038584278755029455
4.0,3.01,3.0,-0.0024874758076056658
4.0,3.01,4.0,-0.0018460750666578069
4.0,3.01,5.0,4.426742992141852e-06
4.0,3.01,6.0,-0.002670905352579536
4.0,3.01,7.0,0.001682469236210793
4.0,3.01,8.0,0.0026095449233733
4.0,3.01,9.0,-1.3975588951963646e-11
4.0,3.01,10.0,0.0067011714144710535
4.0,3.01,11.0,0.005194017256046096
4.0,3.01,12.0,-0.0021456685571341477
4.0,3.01,13.0,-2.986544802424997e-07
4.0,3.01,14.0,-0.0021481156314614724
4.0,3.01,15.0,0.00023989993353462635
4.0,3.01,16.0,-3.046634076221278e-08
4.0,3.01,17.0,-0.001902498036820549
4.0,3.01,18.0,-0.004785304542559987
4.0,3.01,19.0,0.001303285112297027
4.0,3.01,20.0,-0.00556940258157361
4.0,3.01,21.0,0.002388923898206774
4.0,4.01,0.0,-9.869580824397947e-11
4.0,4.01,1.0,-5.977665333206968e-10
4.0,4.01,2.0,-0.0038584278753877738
4.0,4.01,3.0,-0.0024874758074710512
4.0,4.01,4.0,-0.0018460750667199793
4.0,4.01,5.0,4.426743048457915e-06
4.0,4.01,6.0,-0.0026709053523090442
4.0,4.01,7.0,0.0016824692359017346
4.0,4.01,8.0,0.0026095449234244533
4.0,4.01,9.0,-1.3975588951963646e-11
4.0,4.01,10.0,0.006701171414137168
4.0,4.01,11.0,0.005194017255491845
4.0,4.01,12.0,-0.0021456685564322057
4.0,4.01,13.0,-2.9865448024249917e-07
4.0,4.01,14.0,-0.002148115631134137
4.0,4.01,15.0,0.00023989993340506333
4.0,4.01,16.0,-3.046634076221278e-08
4.0,4.01,17.0,-0.001902498036783537
4.0,4.01,18.0,-0.004785304541933183
4.0,4.01,19.0,0.0013032851125424488
4.0,4.01,20.0,-0.005569402580992255
4.0,4.01,21.0,0.0023889238982202077
4.0,5.01,0.0,-8.536106293037272e-11
4.0,5.01,1.0,-5.977665333206968e-10
4.0,5.01,2.0,-0.00385842787693242
4.0,5.01,3.0,-0.0024874758083491266
4.0,5.01,4.0,-0.0018460750691816838
4.0,5.01,5.0,4.426744147689732e-06
4.0,5.01,6.0,-0.002670905349872077
4.0,5.01,7.0,0.001682469235146894
4.0,5.01,8.0,0.002609544926206034
4.0,5.01,9.0,-1.3975588951963646e-11
4.0,5.01,10.0,0.006701171415957663
4.0,5.01,11.0,0.005194017253490071
4.0,5.01,12.0,-0.0021456685488161625
4.0,5.01,13.0,-2.986544802424961e-07
4.0,5.01,14.0,-0.0021481156310811655
4.0,5.01,15.0,0.00023989993648393382
4.0,5.01,16.0,-3.046634076221278e-08
4.0,5.01,17.0,-0.001902498037582398
4.0,5.01,18.0,-0.004785304539453
4.0,5.01,19.0,0.0013032851164742482
4.0,5.01,20.0,-0.005569402582180499
4.0,5.01,21.0,0.002388923900717682
4.0,6.01,0.0,5.429279183373999e-09
4.0,6.01,1.0,-5.977665333206968e-10
4.0,6.01,2.0,-0.0038584281484372596
4.0,6.01,3.0,-0.002487475457617294
4.0,6.01,4.0,-0.0018460753013196038
4.0,6.01,5.0,4.426814649294286e-06
4.0,6.01,6.0,-0.002670904919661321
4.0,6.01,7.0,0.0016824695047750748
4.0,6.01,8.0,0.0026095454846287863
4.0,6.01,9.0,-1.3975588951963646e-11
4.0,6.01,10.0,0.0067011720359685285
4.0,6.01,11.0,0.005194017323638514
4.0,6.01,12.0,-0.002145667942144925
4.0,6.01,13.0,-2.986544802423477e-07
4.0,6.01,14.0,-0.002148116207244158
4.0,6.01,15.0,0.00023990116666655625
4.0,6.01,16.0,-3.046634076221282e-08
4.0,6.01,17.0,-0.001902498237579528
4.0,6.01,18.0,-0.004785304822882613
4.0,6.01,19.0,0.0013032854244726527
4.0,6.01,20.0,-0.005569403751136751
4.0,6.01,21.0,0.002388924373303597
4.0,7.01,0.0,2.2863875792937614e-06
4.0,7.01,1.0,-5.977665333206969e-10
4.0,7.01,2.0,-0.0038584857794831673
4.0,7.01,3.0,-0.0024872847472152126
4.0,7.01,4.0,-0.0018461105346513629
4.0,7.01,5.0,4.4377902022052496e-06
4.0,7.01,6.0,-0.0026707567824365702
4.0,7.01,7.0,0.0016825653000818452
4.0,7.01,8.0,0.002609701176010573
4.0,7.01,9.0,-1.3975588951963644e-11
4.0,7.01,10.0,0.006701335623073925
4.0,7.01,11.0,0.005194025317917544
4.0,7.01,12.0,-0.0021455446421145205
4.0,7.01,13.0,-2.98654480215884e-07
4.0,7.01,14.0,-0.002148309524610162
4.0,7.01,15.0,0.00024034054163152296
4.0,7.01,16.0,-3.0466340762218247e-08
4.0,7.01,17.0,-0.0019025698512196848
4.0,7.01,18.0,-0.00478540834002511
4.0,7.01,19.0,0.0013033351497908283
4.0,7.01,20.0,-0.00556978466362805
4.0,7.01,21.0,0.002389058678762157
4.0,8.01,0.0,0.0009352334564482497
4.0,8.01,1.0,-5.977665333207281e-10
4.0,8.01,2.0,-0.0038737161568411435
4.0,8.01,3.0,-0.002408435702955569
4.0,8.01,4.0,-0.0018522898679202912
4.0,8.01,5.0,7.2578838644921095e-06
4.0,8.01,6.0,-0.002617868917409852
4.0,8.01,7.0,0.0017155579284176548
4.0,8.01,8.0,0.002657993193313793
4.0,8.01,9.0,-1.3975588951963533e-11
4.0,8.01,10.0,0.006750027965817636
4.0,8.01,11.0,0.005191752800220134
4.0,8.01,12.0,-0.0021123114174978093
4.0,8.01,13.0,-2.9865447332732293e-07
4.0,8.01,14.0,-0.0022127514312585833
4.0,8.01,15.0,0.0003984696818943312
4.0,8.01,16.0,-3.046634076335347e-08
4.0,8.01,17.0,-0.001930234605062392
4.0,8.01,18.0,-0.004819610324078086
4.0,8.01,19.0,0.0013141244800004281
4.0,8.01,20.0,-0.005697063273558622
4.0,8.01,21.0,0.002432382728976251
4.0,9.01,0.0,0.08750085835885038
4.0,9.01,1.0,-5.977665333247319e-10
4.0,9.01,2.0,-0.005790152535987608
4.0,9.01,3.0,0.006024742140098627
4.0,9.01,4.0,-0.002849735593531161
4.0,9.01,5.0,0.00047667223159222893
4.0,9.01,6.0,0.00358490340247522
4.0,9.01,7.0,0.005433382700109485
4.0,9.01,8.0,0.008804169063715048
4.0,9.01,9.0,-1.397558895193406e-11
4.0,9.01,10.0,0.013415155509175835
4.0,9.01,11.0,0.005263545916672566
4.0,9.01,12.0,0.0026881896017458794
4.0,9.01,13.0,-2.986534461387462e-07
4.0,9.01,14.0,-0.009799179828503937
4.0,9.01,15.0,0.018194857426893418
4.0,9.01,16.0,-3.0466340903580085e-08
4.0,9.01,17.0,-0.004741103626353757
4.0,9.01,18.0,-0.008877113917864748
4.0,9.01,19.0,0.0028208829068168476
4.0,9.01,20.0,-0.020200498424816568
4.0,9.01,21.0,0.007731735215659258
4.0,10.01,0.0,0.15213900579885622
4.0,10.01,1.0,-5.977665333460292e-10
4.0,10.01,2.0,-0.012617044065633444
4.0,10.01,3.0,0.006518983441528403
4.0,10.01,4.0,-0.009185111061997799
4.0,10.01,5.0,0.004422393104190153
4.0,10.01,6.0,0.01245782905001283
4.0,10.01,7.0,0.009355276809360796
4.0,10.01,8.0,0.020700460151649572
4.0,10.01,9.0,-1.3975588951853181e-11
4.0,10.01,10.0,0.032097694847630504
4.0,10.01,11.0,0.009426953581728806
4.0,10.01,12.0,0.025285042400515916
4.0,10.01,13.0,-2.986454706736608e-07
4.0,10.01,14.0,-0.020841265205768192
4.0,10.01,15.0,0.037496191679248225
4.0,10.01,16.0,-3.0466341326772304e-08
4.0,10.01,17.0,-0.007773615377193843
4.0,10.01,18.0,-0.014373423785042354
4.0,10.01,19.0,0.013241036924008152
4.0,10.01,20.0,-0.04296543331836274
4.0,10.01,21.0,0.018594042223728624
5.0,0.01,0.0,-0.00011711828003721503
5.0,0.01,1.0,0.00024095088210934756
5.0,0.01,2.0,-0.0007884434247226735
5.0,0.01,3.0,-2.3373242431550615e-09
5.0,0.01,4.0,-6.64153071247564e-05
5.0,0.01,5.0,-0.001031260963119096
5.0,0.01,6.0,0.0007267171192129745
5.0,0.01,7.0,-3.974732419455211e-06
5.0,0.01,8.0,0.0005862957046897932
5.0,0.01,9.0,-0.0004191629436385569
5.0,0.01,10.0,-1.8342007216692458e-09
5.0,0.01,11.0,-8.771278265892783e-06
5.0,0.01,12.0,-2.1983419866184e-10
5.0,0.01,13.0,-0.0005604583613204595
5.0,0.01,14.0,-9.048453464995638e-05
5.0,0.01,15.0,-0.0009587807181812014
5.0,0.01,16.0,5.5850754926006774e-05
5.0,0.01,17.0,0.0015565712986582436
5.0,0.01,18.0,-0.00017486160239824078
5.0,0.01,19.0,-2.367066932418808e-10
5.0,0.01,20.0,-0.00026253111721552536
5.0,0.01,21.0,-2.5494175202562605e-05
5.0,1.01,0.0,-0.00011348889597520562
5.0,1.01,1.0,0.00024001766556197568
5.0,1.01,2.0,-0.0007862203081586694
5.0,1.01,3.0,-2.337324252136916e-09
5.0,1.01,4.0,-7.233678706958235e-05
5.0,1.01,5.0,-0.0010312579612811853
5.0,1.01,6.0,0.0007275304598074045
5.0,1.01,7.0,-3.974730220086485e-06
5.0,1.01,8.0,0.0005849517728930276
5.0,1.01,9.0,-0.0004243695052009999
5.0,1.01,10.0,-1.8342007216910579e-09
5.0,1.01,11.0,-8.77127869491042e-06
5.0,1.01,12.0,-2.1983419866352604e-10
5.0,1.01,13.0,-0.0005554218566636848
5.0,1.01,14.0,-9.048411907199851e-05
5.0,1.01,15.0,-0.0009613559987593501
5.0,1.01,16.0,5.4856929134067256e-05
5.0,1.01,17.0,0.0015601598513659276
5.0,1.01,18.0,-0.00017536838928580711
5.0,1.01,19.0,-2.3670669324370517e-10
5.0,1.01,20.0,-0.0002578288105017923
5.0,1.01,21.0,-2.549417877671521e-05
5.0,2.01,0.0,-0.00010973393899760264
5.0,2.01,1.0,0.000239081590541812
5.0,2.01,2.0,-0.0007835097094961996
5.0,2.01,3.0,-2.3373242581518576e-09
5.0,2.01,4.0,-7.807507228674293e-05
5.0,2.01,5.0,-0.0010312549728150912
5.0,2.01,6.0,0.0007283554844817394
5.0,2.01,7.0,-3.974727985410222e-06
5.0,2.01,8.0,0.0005833008552025565
5.0,2.01,9.0,-0.0004292507705149218
5.0,2.01,10.0,-1.8342007217070088e-09
5.0,2.01,11.0,-8.771279121083291e-06
5.0,2.01,12.0,-2.1983419866459908e-10
5.0,2.01,13.0,-0.0005500182476541604
5.0,2.01,14.0,-9.048370359846798e-05
5.0,2.01,15.0,-0.0009640889666236163
5.0,2.01,16.0,5.411491012943803e-05
5.0,2.01,17.0,0.0015638165560913492
5.0,2.01,18.0,-0.00017602328060566108
5.0,2.01,19.0,-2.367066932448266e-10
5.0,2.01,20.0,-0.00025388653473873424
5.0,2.01,21.0,-2.5494182349802094e-05
5.0,3.01,0.0,-8.885648885603725e-05
5.0,3.01,1.0,0.0002234851054709608
5.0,3.01,2.0,-0.0006431796558393765
5.0,3.01,3.0,-2.3373241980773436e-09
5.0,3.01,4.0,-4.751514571010862e-05
5.0,3.01,5.0,-0.0010312503848432931
5.0,3.01,6.0,0.0007326952035789161
5.0,3.01,7.0,-3.97472477486976e-06
5.0,3.01,8.0,0.0005176286376670225
5.0,3.01,9.0,-0.0003333323361942031
5.0,3.01,10.0,-1.8342007216654842e-09
5.0,3.01,11.0,-8.771279612910877e-06
5.0,3.01,12.0,-2.19834198658712e-10
5.0,3.01,13.0,-0.0004200214159793547
5.0,3.01,14.0,-9.048335884806455e-05
5.0,3.01,15.0,-0.0009821655250509542
5.0,3.01,16.0,0.00010790016247641532
5.0,3.01,17.0,0.0015527172142999202
5.0,3.01,18.0,-0.0001875127968274659
5.0,3.01,19.0,-2.367066932408402e-10
5.0,3.01,20.0,-0.0005588348025655221
5.0,3.01,21.0,-2.5494181170082927e-05
5.0,4.01,0.0,-8.748214618703454e-05
5.0,4.01,1.0,0.00022366064961809595
5.0,4.01,2.0,-0.0006647401233458028
5.0,4.01,3.0,-2.3373242144623332e-09
5.0,4.01,4.0,-6.805291802436386e-05
5.0,4.01,5.0,-0.0010312476751248602
5.0,4.01,6.0,0.0007330549125477079
5.0,4.01,7.0,-3.9747227311546435e-06
5.0,4.01,8.0,0.0005269241903644029
5.0,4.01,9.0,-0.0003641956785216671
5.0,4.01,10.0,-1.834200721675841e-09
5.0,4.01,11.0,-8.771280013418634e-06
5.0,4.01,12.0,-2.1983419866006315e-10
5.0,4.01,13.0,-0.00043271970452563036
5.0,4.01,14.0,-9.048291966763605e-05
5.0,4.01,15.0,-0.000984918276661556
5.0,4.01,16.0,9.353423023988894e-05
5.0,4.01,17.0,0.001562031021540386
5.0,4.01,18.0,-0.00018830646996599587
5.0,4.01,19.0,-2.367066932408536e-10
5.0,4.01,20.0,-0.00048273609124394046
5.0,4.01,21.0,-2.549418553218786e-05
5.0,5.01,0.0,-8.614189855699061e-05
5.0,5.01,1.0,0.00022452028955477488
5.0,5.01,2.0,-0.0006847575832592268
5.0,5.01,3.0,-2.3373242268252357e-09
5.0,5.01,4.0,-8.417984042535798e-05
5.0,5.01,5.0,-0.001031244997390954
5.0,5.01,6.0,0.0007333572264741767
5.0,5.01,7.0,-3.97472060767396e-06
5.0,5.01,8.0,0.0005357086933944488
5.0,5.01,9.0,-0.00039044975966728845
5.0,5.01,10.0,-1.8342007216821363e-09
5.0,5.01,11.0,-8.771280415505303e-06
5.0,5.01,12.0,-2.1983419866096912e-10
5.0,5.01,13.0,-0.00044604547488619195
5.0,5.01,14.0,-9.048248658042824e-05
5.0,5.01,15.0,-0.0009866783232047038
5.0,5.01,16.0,8.152520059551138e-05
5.0,5.01,17.0,0.0015698758434567334
5.0,5.01,18.0,-0.00018843342539613672
5.0,5.01,19.0,-2.367066932404747e-10
5.0,5.01,20.0,-0.0004171204846118437
5.0,5.01,21.0,-2.549418990206034e-05
5.0,6.01,0.0,-8.477338563994685e-05
5.0,6.01,1.0,0.00022583924671742972
5.0,6.01,2.0,-0.000703130861044704
5.0,6.01,3.0,-2.3373242361560477e-09
5.0,6.01,4.0,-9.681180037762749e-05
5.0,6.01,5.0,-0.0010312423445194227
5.0,6.01,6.0,0.0007336256877395197
5.0,6.01,7.0,-3.974718411882847e-06
5.0,6.01,8.0,0.0005438689452153533
5.0,6.01,9.0,-0.00041274747063557715
5.0,6.01,10.0,-1.8342007216847537e-09
5.0,6.01,11.0,-8.771280819364459e-06
5.0,6.01,12.0,-2.1983419866152163e-10
5.0,6.01,13.0,-0.0004593961140287317
5.0,6.01,14.0,-9.048205857505902e-05
5.0,6.01,15.0,-0.0009877006302936031
5.0,6.01,16.0,7.153071071894224e-05
5.0,6.01,17.0,0.001576510117482638
5.0,6.01,18.0,-0.00018806033014114043
5.0,6.01,19.0,-2.3670669323975285e-10
5.0,6.01,20.0,-0.000360782278623073
5.0,6.01,21.0,-2.549419426236215e-05
5.0,7.01,0.0,-8.334105694732252e-05
5.0,7.01,1.0,0.00022745620434971858
5.0,7.01,2.0,-0.0007198990184407728
5.0,7.01,3.0,-2.337324243186912e-09
5.0,7.01,4.0,-0.0001066949334855849
5.0,7.01,5.0,-0.0010312397114011025
5.0,7.01,6.0,0.000733876461650726
5.0,7.01,7.0,-3.974716150774801e-06
5.0,7.01,8.0,0.0005513759120736872
5.0,7.01,9.0,-0.00043170425593888617
5.0,7.01,10.0,-1.834200721684057e-09
5.0,7.01,11.0,-8.771281225071804e-06
5.0,7.01,12.0,-2.1983419866178532e-10
5.0,7.01,13.0,-0.0004724179848638599
5.0,7.01,14.0,-9.048163475079952e-05
5.0,7.01,15.0,-0.0009881815787248227
5.0,7.01,16.0,6.32345166427517e-05
5.0,7.01,17.0,0.0015821611645903122
5.0,7.01,18.0,-0.000187316678101207
5.0,7.01,19.0,-2.367066932387314e-10
5.0,7.01,20.0,-0.0003124560620704764
5.0,7.01,21.0,-2.549419860142507e-05
5.0,8.01,0.0,-8.182516004004436e-05
5.0,8.01,1.0,0.00022925656262115512
5.0,8.01,2.0,-0.0007351604644906529
5.0,8.01,3.0,-2.337324248446521e-09
5.0,8.01,4.0,-0.0001144193462117582
5.0,8.01,5.0,-0.0010312370943415413
5.0,8.01,6.0,0.0007341206914750625
5.0,8.01,7.0,-3.9747138303211e-06
5.0,8.01,8.0,0.0005582425192376395
5.0,8.01,9.0,-0.00044785788009410465
5.0,8.01,10.0,-1.834200721680361e-09
5.0,8.01,11.0,-8.771281632650917e-06
5.0,8.01,12.0,-2.198341986618032e-10
5.0,8.01,13.0,-0.00048490892542119024
5.0,8.01,14.0,-9.048121434458539e-05
5.0,8.01,15.0,-0.0009882712489011902
5.0,8.01,16.0,5.636396405042654e-05
5.0,8.01,17.0,0.0015870194572862317
5.0,8.01,18.0,-0.00018630225789921517
5.0,8.01,19.0,-2.367066932374463e-10
5.0,8.01,20.0,-0.0002709749573034381
5.0,8.01,21.0,-2.5494202911009183e-05
5.0,9.01,0.0,-8.021573954258843e-05
5.0,9.01,1.0,0.00023115987252306236
5.0,9.01,2.0,-0.0007490347940236897
5.0,9.01,3.0,-2.337324252318004e-09
5.0,9.01,4.0,-0.00012044467361321809
5.0,9.01,5.0,-0.0010312344905516998
5.0,9.01,6.0,0.0007343659960869567
5.0,9.01,7.0,-3.974711455543438e-06
5.0,9.01,8.0,0.0005645020399997203
5.0,9.01,9.0,-0.00046166161124983063
5.0,9.01,10.0,-1.8342007216739415e-09
5.0,9.01,11.0,-8.771282042106612e-06
5.0,9.01,12.0,-2.198341986616033e-10
5.0,9.01,13.0,-0.0004967612117734999
5.0,9.01,14.0,-9.048079671574786e-05
5.0,9.01,15.0,-0.0009880832757213631
5.0,9.01,16.0,5.0691251553741656e-05
5.0,9.01,17.0,0.0015912403316272195
5.0,9.01,18.0,-0.00018509315446696428
5.0,9.01,19.0,-2.367066932359283e-10
5.0,9.01,20.0,-0.00023532116629498834
5.0,9.01,21.0,-2.5494207184415224e-05
5.0,10.01,0.0,-8.616825873855594e-05
5.0,10.01,1.0,0.0002420554751325077
5.0,10.01,2.0,-0.0008125175406627216
5.0,10.01,3.0,-2.337324268842117e-09
5.0,10.01,4.0,-0.00012000652123655975
5.0,10.01,5.0,-0.0010312318720841556
5.0,10.01,6.0,0.0007333804167949376
5.0,10.01,7.0,-3.974710544113861e-06
5.0,10.01,8.0,0.0005938025139468617
5.0,10.01,9.0,-0.0004924652461678336
5.0,10.01,10.0,-1.8342007216506168e-09
5.0,10.01,11.0,-8.771282436393398e-06
5.0,10.01,12.0,-2.1983419866286838e-10
5.0,10.01,13.0,-0.000562719347773466
5.0,10.01,14.0,-9.048029702490835e-05
5.0,10.01,15.0,-0.0009769582396316756
5.0,10.01,16.0,3.540237680091374e-05
5.0,10.01,17.0,0.0015948099433398533
5.0,10.01,18.0,-0.0001754341083552713
5.0,10.01,19.0,-2.367066932359232e-10
5.0,10.01,20.0,-0.00012921608253307904
5.0,10.01,21.0,-2.5494202835942297e-05
6.0,0.01,0.0,0.0006495923305372131
6.0,0.01,1.0,-0.0005299706510564069
6.0,0.01,2.0,0.0004958970943506891
6.0,0.01,3.0,-6.833680927822994e-05
6.0,0.01,4.0,-0.0003828349125112457
6.0,0.01,5.0,-1.542991943528568e-07
6.0,0.01,6.0,-0.0007395149596891304
6.0,0.01,7.0,-0.001447570258309342
6.0,0.01,8.0,-1.8321388588482534e-06
6.0,0.01,9.0,-1.0464105106025518e-08
6.0,0.01,10.0,-3.789167251516935e-08
6.0,0.01,11.0,0.0004676888071628582
6.0,0.01,12.0,0.00019826708036013718
6.0,0.01,13.0,0.0009453388260137197
6.0,0.01,14.0,8.379798133925642e-05
6.0,0.01,15.0,-0.00040879059294113285
6.0,0.01,16.0,0.0009174616328031238
6.0,0.01,17.0,-0.00015654305205453634
6.0,0.01,18.0,-0.00064004660559722
6.0,0.01,19.0,0.0003643873041082324
6.0,0.01,20.0,0.00018518635990327076
6.0,0.01,21.0,-0.00015095167346210192
6.0,1.01,0.0,0.0006495965064686748
6.0,1.01,1.0,-0.0005299706509130982
6.0,1.01,2.0,0.000495898351000279
6.0,1.01,3.0,-6.833312522558366e-05
6.0,1.01,4.0,-0.000382834926752576
6.0,1.01,5.0,-1.5429919435847873e-07
6.0,1.01,6.0,-0.0007395144896978484
6.0,1.01,7.0,-0.001447570268611614
6.0,1.01,8.0,-1.8326190719120117e-06
6.0,1.01,9.0,-1.0464105106051757e-08
6.0,1.01,10.0,-3.7891672515288835e-08
6.0,1.01,11.0,0.00046768882981601534
6.0,1.01,12.0,0.0001982664605117701
6.0,1.01,13.0,0.0009453442640565135
6.0,1.01,14.0,8.379942290133446e-05
6.0,1.01,15.0,-0.0004087922287033252
6.0,1.01,16.0,0.0009174643722283105
6.0,1.01,17.0,-0.0001565464628100477
6.0,1.01,18.0,-0.0006400468843689548
6.0,1.01,19.0,0.0003643971306629967
6.0,1.01,20.0,0.00018518640567759953
6.0,1.01,21.0,-0.00015095164955169008
6.0,2.01,0.0,0.000649600683865742
6.0,2.01,1.0,-0.000529970650769817
6.0,2.01,2.0,0.0004958996057887466
6.0,2.01,3.0,-6.832944188583934e-05
6.0,2.01,4.0,-0.0003828349411123949
6.0,2.01,5.0,-1.5429919436412135e-07
6.0,2.01,6.0,-0.0007395140206384321
6.0,2.01,7.0,-0.001447570278913777
6.0,2.01,8.0,-1.8330995246867987e-06
6.0,2.01,9.0,-1.0464105106078094e-08
6.0,2.01,10.0,-3.789167251540874e-08
6.0,2.01,11.0,0.00046768885328801746
6.0,2.01,12.0,0.00019826584380658319
6.0,2.01,13.0,0.000945349707548282
6.0,2.01,14.0,8.380086474833043e-05
6.0,2.01,15.0,-0.0004087938678934977
6.0,2.01,16.0,0.0009174671109590249
6.0,2.01,17.0,-0.00015654987363486472
6.0,2.01,18.0,-0.0006400471628816747
6.0,2.01,19.0,0.0003644069578926379
6.0,2.01,20.0,0.000185186451721768
6.0,2.01,21.0,-0.0001509516256274282
6.0,3.01,0.0,0.0006496048627293027
6.0,3.01,1.0,-0.000529970650626563
6.0,3.01,2.0,0.0004959008587174518
6.0,3.01,3.0,-6.832575925708184e-05
6.0,3.01,4.0,-0.0003828349555905497
6.0,3.01,5.0,-1.542991943697846e-07
6.0,3.01,6.0,-0.0007395135525102986
6.0,3.01,7.0,-0.0014475702892158303
6.0,3.01,8.0,-1.8335802173807814e-06
6.0,3.01,9.0,-1.046410510610453e-08
6.0,3.01,10.0,-3.789167251552908e-08
6.0,3.01,11.0,0.00046768887757875355
6.0,3.01,12.0,0.00019826523024307763
6.0,3.01,13.0,0.0009453551564893026
6.0,3.01,14.0,8.380230688061208e-05
6.0,3.01,15.0,-0.00040879551051087315
6.0,3.01,16.0,0.0009174698489966271
6.0,3.01,17.0,-0.00015655328453018091
6.0,3.01,18.0,-0.0006400474411355321
6.0,3.01,19.0,0.0003644167858009306
6.0,3.01,20.0,0.00018518649803553333
6.0,3.01,21.0,-0.0001509516016893163
6.0,4.01,0.0,0.0006496090430572476
6.0,4.01,1.0,-0.0005299706504833363
6.0,4.01,2.0,0.00049590210978398
6.0,4.01,3.0,-6.832207734280837e-05
6.0,4.01,4.0,-0.0003828349701871375
6.0,4.01,5.0,-1.5429919437546857e-07
6.0,4.01,6.0,-0.0007395130853146137
6.0,4.01,7.0,-0.0014475702995177767
6.0,4.01,8.0,-1.8340611498551818e-06
6.0,4.01,9.0,-1.0464105106131065e-08
6.0,4.01,10.0,-3.789167251564985e-08
6.0,4.01,11.0,0.0004676889026885567
6.0,4.01,12.0,0.00019826461982411225
6.0,4.01,13.0,0.0009453606108787982
6.0,4.01,14.0,8.38037492972496e-05
6.0,4.01,15.0,-0.00040879715655708915
6.0,4.01,16.0,0.000917472586338508
6.0,4.01,17.0,-0.00015655669549355378
6.0,4.01,18.0,-0.000640047719130156
6.0,4.01,19.0,0.0003644266143807695
6.0,4.01,20.0,0.0001851865446192355
6.0,4.01,21.0,-0.000150951577737507
6.0,5.01,0.0,0.0006496132248521302
6.0,5.01,1.0,-0.0005299706503401369
6.0,5.01,2.0,0.0004959033589898576
6.0,5.01,3.0,-6.831839614007684e-05
6.0,5.01,4.0,-0.0003828349849021584
6.0,5.01,5.0,-1.5429919438117315e-07
6.0,5.01,6.0,-0.000739512619050392
6.0,5.01,7.0,-0.0014475703098196138
6.0,5.01,8.0,-1.8345423222626556e-06
6.0,5.01,9.0,-1.04641051061577e-08
6.0,5.01,10.0,-3.789167251577104e-08
6.0,5.01,11.0,0.0004676889286173713
6.0,5.01,12.0,0.0001982640125483548
6.0,5.01,13.0,0.0009453660707189337
6.0,5.01,14.0,8.380519199915198e-05
6.0,5.01,15.0,-0.00040879880603228447
6.0,5.01,16.0,0.0009174753229867771
6.0,5.01,17.0,-0.00015656010652725927
6.0,5.01,18.0,-0.0006400479968656989
6.0,5.01,19.0,0.00036443644363859384
6.0,5.01,20.0,0.00018518659147259697
6.0,5.01,21.0,-0.00015095155377180258
6.0,6.01,0.0,0.00064961740810901
6.0,6.01,1.0,-0.000529970650196965
6.0,6.01,2.0,0.0004959046063317818
6.0,6.01,3.0,-6.831471565482694e-05
6.0,6.01,4.0,-0.0003828349997356262
6.0,6.01,5.0,-1.5429919438689838e-07
6.0,6.01,6.0,-0.0007395121537193822
6.0,6.01,7.0,-0.0014475703201213505
6.0,6.01,8.0,-1.8350237342146247e-06
6.0,6.01,9.0,-1.0464105106184435e-08
6.0,6.01,10.0,-3.789167251589267e-08
6.0,6.01,11.0,0.0004676889553656971
6.0,6.01,12.0,0.00019826340841913592
6.0,6.01,13.0,0.0009453715360063231
6.0,6.01,14.0,8.380663498448043e-05
6.0,6.01,15.0,-0.0004088004589367922
6.0,6.01,16.0,0.0009174780589369658
6.0,6.01,17.0,-0.00015656351762644016
6.0,6.01,18.0,-0.0006400482743416404
6.0,6.01,19.0,0.0003644462735612197
6.0,6.01,20.0,0.0001851866385958606
6.0,6.01,21.0,-0.00015095152979246323
6.0,7.01,0.0,0.000649621592828914
6.0,7.01,1.0,-0.0005299706500538204
6.0,7.01,2.0,0.0004959058518102244
6.0,7.01,3.0,-6.831103588605947e-05
6.0,7.01,4.0,-0.0003828350146874715
6.0,7.01,5.0,-1.5429919439264425e-07
6.0,7.01,6.0,-0.0007395116893212234
6.0,7.01,7.0,-0.0014475703304229837
6.0,7.01,8.0,-1.8355053859608894e-06
6.0,7.01,9.0,-1.0464105106211268e-08
6.0,7.01,10.0,-3.789167251601472e-08
6.0,7.01,11.0,0.00046768898293336747
6.0,7.01,12.0,0.00019826280743645563
6.0,7.01,13.0,0.0009453770067418543
6.0,7.01,14.0,8.380807825334596e-05
6.0,7.01,15.0,-0.00040880211527130617
6.0,7.01,16.0,0.0009174807941897956
6.0,7.01,17.0,-0.00015656692879195688
6.0,7.01,18.0,-0.0006400485515580256
6.0,7.01,19.0,0.00036445610415095087
6.0,7.01,20.0,0.00018518668598914434
6.0,7.01,21.0,-0.00015095150579941263
6.0,8.01,0.0,0.0006496257790112037
6.0,8.01,1.0,-0.0005299706499107032
6.0,8.01,2.0,0.0004959070954254907
6.0,8.01,3.0,-6.830735683371891e-05
6.0,8.01,4.0,-0.000382835029757736
6.0,8.01,5.0,-1.5429919439841075e-07
6.0,8.01,6.0,-0.0007395112258556658
6.0,8.01,7.0,-0.0014475703407245146
6.0,8.01,8.0,-1.8359872772516495e-06
6.0,8.01,9.0,-1.04641051062382e-08
6.0,8.01,10.0,-3.7891672516137204e-08
6.0,8.01,11.0,0.0004676890113202159
6.0,8.01,12.0,0.0001982622095994535
6.0,8.01,13.0,0.0009453824829235846
6.0,8.01,14.0,8.380952180563062e-05
6.0,8.01,15.0,-0.0004088037750347162
6.0,8.01,16.0,0.0009174835287452665
6.0,8.01,17.0,-0.00015657034002353187
6.0,8.01,18.0,-0.0006400488285148304
6.0,8.01,19.0,0.00036446593540678807
6.0,8.01,20.0,0.00018518673365224003
6.0,8.01,21.0,-0.00015095148179274098
6.0,9.01,0.0,0.0006496299666536587
6.0,9.01,1.0,-0.0005299706497676135
6.0,9.01,2.0,0.0004959083371746664
6.0,9.01,3.0,-6.830367850185759e-05
6.0,9.01,4.0,-0.0003828350449464335
6.0,9.01,5.0,-1.5429919440419786e-07
6.0,9.01,6.0,-0.0007395107633241804
6.0,9.01,7.0,-0.001447570351025948
6.0,9.01,8.0,-1.836469408142416e-06
6.0,9.01,9.0,-1.0464105106265232e-08
6.0,9.01,10.0,-3.789167251626012e-08
6.0,9.01,11.0,0.00046768904052707505
6.0,9.01,12.0,0.0001982616149119043
6.0,9.01,13.0,0.0009453879645522911
6.0,9.01,14.0,8.381096564034907e-05
6.0,9.01,15.0,-0.0004088054382293538
6.0,9.01,16.0,0.0009174862626002978
6.0,9.01,17.0,-0.00015657375131813978
6.0,9.01,18.0,-0.0006400491052115757
6.0,9.01,19.0,0.0003644757673212373
6.0,9.01,20.0,0.00018518678158546686
6.0,9.01,21.0,-0.00015095145777243787
6.0,10.01,0.0,0.0006496341557581664
6.0,10.01,1.0,-0.000529970649624551
6.0,10.01,2.0,0.0004959095770591393
6.0,10.01,3.0,-6.830000088806076e-05
6.0,10.01,4.0,-0.00038283506025356406
6.0,10.01,5.0,-1.5429919441000557e-07
6.0,10.01,6.0,-0.0007395103017260596
6.0,10.01,7.0,-0.0014475703613272828
6.0,10.01,8.0,-1.8369517786887002e-06
6.0,10.01,9.0,-1.0464105106292362e-08
6.0,10.01,10.0,-3.789167251638345e-08
6.0,10.01,11.0,0.00046768907055361186
6.0,10.01,12.0,0.00019826102337267004
6.0,10.01,13.0,0.0009453934516291951
6.0,10.01,14.0,8.381240975806337e-05
6.0,10.01,15.0,-0.00040880710485505234
6.0,10.01,16.0,0.0009174889957566101
6.0,10.01,17.0,-0.00015657716267786226
6.0,10.01,18.0,-0.0006400493816484734
6.0,10.01,19.0,0.0003644855998992391
6.0,10.01,20.0,0.0001851868297886583
6.0,10.01,21.0,-0.0001509514337385276
7.0,0.01,0.0,0.0010995439415474872
7.0,0.01,1.0,-0.003651243108060093
7.0,0.01,2.0,-2.376827370522365e-05
7.0,0.01,3.0,0.0008539594309016768
7.0,0.01,4.0,-0.002069386005703222
7.0,0.01,5.0,-0.002135381527808358
7.0,0.01,6.0,-0.00040192469113498053
7.0,0.01,7.0,-0.0042062242239987654
7.0,0.01,8.0,-1.7204380327112655e-05
7.0,0.01,9.0,-0.001209238936081252
7.0,0.01,10.0,0.0005533783122667335
7.0,0.01,11.0,-0.00158671883828157
7.0,0.01,12.0,2.979051118975895e-05
7.0,0.01,13.0,0.00328520709278414
7.0,0.01,14.0,-4.289103451586299e-07
7.0,0.01,15.0,0.0009490804815633636
7.0,0.01,16.0,-0.0012898461486004487
7.0,0.01,17.0,-0.0007138755834929789
7.0,0.01,18.0,-0.0018753413787632822
7.0,0.01,19.0,-0.0006323587879009385
7.0,0.01,20.0,0.0019201261190797906
7.0,0.01,21.0,0.002204941023209367
7.0,1.01,0.0,0.004221612497202376
7.0,1.01,1.0,-0.004024375259202166
7.0,1.01,2.0,-2.3763834510404433e-05
7.0,1.01,3.0,0.0006854776961378387
7.0,1.01,4.0,-0.00129724591240174
7.0,1.01,5.0,-0.0029917227314101742
7.0,1.01,6.0,-0.000864035659163237
7.0,1.01,7.0,-0.006088648214895621
7.0,1.01,8.0,-1.7204632202315414e-05
7.0,1.01,9.0,-0.001193188401109397
7.0,1.01,10.0,0.0016819462900914683
7.0,1.01,11.0,-0.002789882023110965
7.0,1.01,12.0,0.0012538258957550952
7.0,1.01,13.0,0.003096933638620958
7.0,1.01,14.0,-4.29789340321362e-07
7.0,1.01,15.0,0.0027103714606896145
7.0,1.01,16.0,-0.001511780017756259
7.0,1.01,17.0,-0.0015505357861289593
7.0,1.01,18.0,-0.001815077017472959
7.0,1.01,19.0,-0.0016844337405265003
7.0,1.01,20.0,0.0021677355236866414
7.0,1.01,21.0,0.0025475343824861163
7.0,2.01,0.0,0.006935884510643087
7.0,2.01,1.0,-0.004311459933939252
7.0,2.01,2.0,-2.3759277936517972e-05
7.0,2.01,3.0,0.0005361350430196782
7.0,2.01,4.0,-0.0006852151943176066
7.0,2.01,5.0,-0.0038114673657949558
7.0,2.01,6.0,-0.0012765379563547674
7.0,2.01,7.0,-0.007748880585131245
7.0,2.01,8.0,-1.7204904531885038e-05
7.0,2.01,9.0,-0.001170511894863134
7.0,2.01,10.0,0.002777045256012259
7.0,2.01,11.0,-0.003901110595941684
7.0,2.01,12.0,0.0024543902723195704
7.0,2.01,13.0,0.0029092529675242285
7.0,2.01,14.0,-4.2979427541359114e-07
7.0,2.01,15.0,0.004322397202189382
7.0,2.01,16.0,-0.0017111542147988101
7.0,2.01,17.0,-0.0020818074584468826
7.0,2.01,18.0,-0.001751637005130304
7.0,2.01,19.0,-0.002646870179089586
7.0,2.01,20.0,0.0023865016690438976
7.0,2.01,21.0,0.0029536475090517073
7.0,3.01,0.0,0.00942715591996307
7.0,3.01,1.0,-0.0045337520827665075
7.0,3.01,2.0,-2.3754665651219603e-05
7.0,3.01,3.0,0.0003934245378093351
7.0,3.01,4.0,-0.00011657149899013675
7.0,3.01,5.0,-0.004592881241592076
7.0,3.01,6.0,-0.0016535202744897837
7.0,3.01,7.0,-0.009199170960483808
7.0,3.01,8.0,-1.720519212360366e-05
7.0,3.01,9.0,-0.0011510543195004767
7.0,3.01,10.0,0.003789284225542644
7.0,3.01,11.0,-0.004925185611561009
7.0,3.01,12.0,0.003581261947653569
7.0,3.01,13.0,0.0027246025674675933
7.0,3.01,14.0,-4.297933772452119e-07
7.0,3.01,15.0,0.005807256615329798
7.0,3.01,16.0,-0.001895974097160913
7.0,3.01,17.0,-0.0024950236217710364
7.0,3.01,18.0,-0.0016855925565220256
7.0,3.01,19.0,-0.003524283771579248
7.0,3.01,20.0,0.0025779878408334917
7.0,3.01,21.0,0.003332121513213049
7.0,4.01,0.0,0.011736496527774642
7.0,4.01,1.0,-0.004707267057504671
7.0,4.01,2.0,-2.375004140200969e-05
7.0,4.01,3.0,0.0002555972113481089
7.0,4.01,4.0,0.000422136442003479
7.0,4.01,5.0,-0.005338386442642378
7.0,4.01,6.0,-0.0019987172050283664
7.0,4.01,7.0,-0.010457724689713687
7.0,4.01,8.0,-1.7205487275173308e-05
7.0,4.01,9.0,-0.0011375482354430422
7.0,4.01,10.0,0.004720499873960907
7.0,4.01,11.0,-0.005870041664791478
7.0,4.01,12.0,0.00463347983908273
7.0,4.01,13.0,0.0025446282277369336
7.0,4.01,14.0,-4.297916138833737e-07
7.0,4.01,15.0,0.007177464383446991
7.0,4.01,16.0,-0.002066739529416689
7.0,4.01,17.0,-0.002823913517296772
7.0,4.01,18.0,-0.0016173511650713962
7.0,4.01,19.0,-0.004324678201949886
7.0,4.01,20.0,0.0027444853801711806
7.0,4.01,21.0,0.0036799343132803697
7.0,5.01,0.0,0.013891060105750586
7.0,5.01,1.0,-0.004843869203081187
7.0,5.01,2.0,-2.3745441725795475e-05
7.0,5.01,3.0,0.00012171404221180543
7.0,5.01,4.0,0.0009368584517371603
7.0,5.01,5.0,-0.006050165079858644
7.0,5.01,6.0,-0.002315543868799258
7.0,5.01,7.0,-0.011544100760156445
7.0,5.01,8.0,-1.7205784424553455e-05
7.0,5.01,9.0,-0.0011315984283126954
7.0,5.01,10.0,0.005575226162783858
7.0,5.01,11.0,-0.006743077521289331
7.0,5.01,12.0,0.005613212608592849
7.0,5.01,13.0,0.002370145762943525
7.0,5.01,14.0,-4.2978939507838714e-07
7.0,5.01,15.0,0.00844444952637266
7.0,5.01,16.0,-0.002223060046806058
7.0,5.01,17.0,-0.0030913751379434695
7.0,5.01,18.0,-0.0015472929785476462
7.0,5.01,19.0,-0.005055799076366926
7.0,5.01,20.0,0.002888420406603486
7.0,5.01,21.0,0.003997484601322515
7.0,6.01,0.0,0.016135054756849676
7.0,6.01,1.0,-0.004952142934986144
7.0,6.01,2.0,-2.374088340584909e-05
7.0,6.01,3.0,-3.426440694595523e-05
7.0,6.01,4.0,0.0016655946487523776
7.0,6.01,5.0,-0.006720088014385488
7.0,6.01,6.0,-0.0026222338852228966
7.0,6.01,7.0,-0.012474985568851937
7.0,6.01,8.0,-1.7206076449597552e-05
7.0,6.01,9.0,-0.0011387775155316249
7.0,6.01,10.0,0.0062459217092210445
7.0,6.01,11.0,-0.007533408420271059
7.0,6.01,12.0,0.00642970546886755
7.0,6.01,13.0,0.002199803796571656
7.0,6.01,14.0,-4.297948242796051e-07
7.0,6.01,15.0,0.009629261970881042
7.0,6.01,16.0,-0.002450699253230021
7.0,6.01,17.0,-0.00355410750603391
7.0,6.01,18.0,-0.0014764022065923109
7.0,6.01,19.0,-0.005730088407581629
7.0,6.01,20.0,0.003011454553879911
7.0,6.01,21.0,0.004115656959590638
7.0,7.01,0.0,0.01794550199751227
7.0,7.01,1.0,-0.005039192903762314
7.0,7.01,2.0,-2.37363949043817e-05
7.0,7.01,3.0,-0.00015383254111423633
7.0,7.01,4.0,0.002069968484263607
7.0,7.01,5.0,-0.007371332152693418
7.0,7.01,6.0,-0.0028842133758104627
7.0,7.01,7.0,-0.013276624470008314
7.0,7.01,8.0,-1.7206363493002175e-05
7.0,7.01,9.0,-0.0011423520632734725
7.0,7.01,10.0,0.006997864756871169
7.0,7.01,11.0,-0.00828530189501002
7.0,7.01,12.0,0.007307403569543236
7.0,7.01,13.0,0.002039427867842572
7.0,7.01,14.0,-4.2978898361160226e-07
7.0,7.01,15.0,0.010710234290462
7.0,7.01,16.0,-0.0025783077920771835
7.0,7.01,17.0,-0.0036505002405502474
7.0,7.01,18.0,-0.0014035692999800008
7.0,7.01,19.0,-0.006345212584699181
7.0,7.01,20.0,0.0031181972588748223
7.0,7.01,21.0,0.004429346596694916
7.0,8.01,0.0,0.019848639105235377
7.0,8.01,1.0,-0.005109365182184621
7.0,8.01,2.0,-2.373200329886225e-05
7.0,8.01,3.0,-0.00029346450221098136
7.0,8.01,4.0,0.0026703002159243205
7.0,8.01,5.0,-0.00798592211711614
7.0,8.01,6.0,-0.003139989156921069
7.0,8.01,7.0,-0.013960252038764175
7.0,8.01,8.0,-1.7206641448115707e-05
7.0,8.01,9.0,-0.001159847282624596
7.0,8.01,10.0,0.007591724264050678
7.0,8.01,11.0,-0.008968589394259943
7.0,8.01,12.0,0.008042864166427188
7.0,8.01,13.0,0.001882183406290927
7.0,8.01,14.0,-4.2979152727900627e-07
7.0,8.01,15.0,0.011727954956473108
7.0,8.01,16.0,-0.0027658014474292725
7.0,8.01,17.0,-0.0039324477940473335
7.0,8.01,18.0,-0.001330477512640976
7.0,8.01,19.0,-0.006916270675570782
7.0,8.01,20.0,0.0032085044771285112
7.0,8.01,21.0,0.0045734523113648146
7.0,9.01,0.0,0.021632370878900797
7.0,9.01,1.0,-0.005166560944027962
7.0,9.01,2.0,-2.3727714604710046e-05
7.0,9.01,3.0,-0.00042917717948907225
7.0,9.01,4.0,0.003245725290568241
7.0,9.01,5.0,-0.008573264402003341
7.0,9.01,6.0,-0.0033760231687400277
7.0,9.01,7.0,-0.014544632393326543
7.0,9.01,8.0,-1.7206908685467675e-05
7.0,9.01,9.0,-0.001182211637175485
7.0,9.01,10.0,0.008137382556791944
7.0,9.01,11.0,-0.009603429173926883
7.0,9.01,12.0,0.00872977350117668
7.0,9.01,13.0,0.0017310288214319389
7.0,9.01,14.0,-4.2979317845287524e-07
7.0,9.01,15.0,0.012675315960254285
7.0,9.01,16.0,-0.0029493378381374447
7.0,9.01,17.0,-0.004173609245574167
7.0,9.01,18.0,-0.0012567779446982811
7.0,9.01,19.0,-0.0074451104828760495
7.0,9.01,20.0,0.003285443201064022
7.0,9.01,21.0,0.0047057499387191115
7.0,10.01,0.0,0.023365249240050845
7.0,10.01,1.0,-0.005213515260680213
7.0,10.01,2.0,-2.3723534613491463e-05
7.0,10.01,3.0,-0.0005692390074474168
7.0,10.01,4.0,0.0038696768498090173
7.0,10.01,5.0,-0.009132414423696236
7.0,10.01,6.0,-0.0035985902488108734
7.0,10.01,7.0,-0.015043520471341928
7.0,10.01,8.0,-1.7207164082205217e-05
7.0,10.01,9.0,-0.0012112300433790198
7.0,10.01,10.0,0.008605906364183166
7.0,10.01,11.0,-0.010188659950395168
7.0,10.01,12.0,0.009345165823803278
7.0,10.01,13.0,0.0015841852537450962
7.0,10.01,14.0,-4.2979618180108666e-07
7.0,10.01,15.0,0.013563065227657878
7.0,10.01,16.0,-0.003159550196924321
7.0,10.01,17.0,-0.004446945834311156
7.0,10.01,18.0,-0.0011829346995872053
7.0,10.01,19.0,-0.007939538882994798
7.0,10.01,20.0,0.003350420020404284
7.0,10.01,21.0,0.004779802916506856
8.0,0.01,0.0,-6.972586404046383e-05
8.0,0.01,1.0,0.0003719740461576304
8.0,0.01,2.0,-1.2702698120605556e-10
8.0,0.01,3.0,0.0008964307436230001
8.0,0.01,4.0,0.00044335519098785
8.0,0.01,5.0,0.0005479169333765244
8.0,0.01,6.0,0.0005217193414318033
8.0,0.01,7.0,-0.00010817921287847865
8.0,0.01,8.0,-4.0866951557305686e-05
8.0,0.01,9.0,0.00029034522876256186
8.0,0.01,10.0,8.739907036423022e-05
8.0,0.01,11.0,0.0007964750952351753
8.0,0.01,12.0,-6.63689389618638e-05
8.0,0.01,13.0,-0.0003600122404613382
8.0,0.01,14.0,-0.00046335115893839096
8.0,0.01,15.0,-8.406659410739711e-07
8.0,0.01,16.0,0.00031673733289742934
8.0,0.01,17.0,-9.793785373833266e-12
8.0,0.01,18.0,-0.0010180761112593417
8.0,0.01,19.0,0.00030430054813496143
8.0,0.01,20.0,0.0005269619877361353
8.0,0.01,21.0,-0.00091432796774117
8.0,1.01,0.0,0.04485520316553374
8.0,1.01,1.0,0.004009465456484895
8.0,1.01,2.0,-1.270269812064841e-10
8.0,1.01,3.0,0.010695887901815082
8.0,1.01,4.0,-0.004413979588175389
8.0,1.01,5.0,-0.0006033372456606401
8.0,1.01,6.0,0.003104260691926153
8.0,1.01,7.0,-0.006405759614071582
8.0,1.01,8.0,0.014076403270412319
8.0,1.01,9.0,0.02589557689906391
8.0,1.01,10.0,-0.000600214748861766
8.0,1.01,11.0,-0.0007885291678208818
8.0,1.01,12.0,-0.012487521675107832
8.0,1.01,13.0,0.009286284803133621
8.0,1.01,14.0,-0.009681169390892058
8.0,1.01,15.0,-8.406704224326598e-07
8.0,1.01,16.0,-0.022089540917550613
8.0,1.01,17.0,-9.793785373166314e-12
8.0,1.01,18.0,0.0185957469597898
8.0,1.01,19.0,0.0054245162839237915
8.0,1.01,20.0,0.017602435201765576
8.0,1.01,21.0,-0.0009138143731058592
8.0,2.01,0.0,0.09327078035018913
8.0,2.01,1.0,0.013125491709001291
8.0,2.01,2.0,-1.2702698120679782e-10
8.0,2.01,3.0,0.01945314790625291
8.0,2.01,4.0,-0.01181403925415793
8.0,2.01,5.0,-0.005183434083795291
8.0,2.01,6.0,0.005853799395978909
8.0,2.01,7.0,-0.007966923375386736
8.0,2.01,8.0,0.027474745579978643
8.0,2.01,9.0,0.05405868326819299
8.0,2.01,10.0,-0.003348453352754549
8.0,2.01,11.0,-0.0003739005894016559
8.0,2.01,12.0,-0.022841720736400783
8.0,2.01,13.0,0.02123352777097544
8.0,2.01,14.0,-0.01943642905526574
8.0,2.01,15.0,-8.406715477114949e-07
8.0,2.01,16.0,-0.0338635565775121
8.0,2.01,17.0,-9.793785373789737e-12
8.0,2.01,18.0,0.038285197572139634
8.0,2.01,19.0,0.00894625915973482
8.0,2.01,20.0,0.038248996121022366
8.0,2.01,21.0,-0.0009305796443726493
8.0,3.01,0.0,0.14343468794495856
8.0,3.01,1.0,0.027368201833254835
8.0,3.01,2.0,-1.270269812062727e-10
8.0,3.01,3.0,0.027216446188950416
8.0,3.01,4.0,-0.02094760037652569
8.0,3.01,5.0,-0.012896618250375746
8.0,3.01,6.0,0.008785226269284407
8.0,3.01,7.0,-0.004966976368615206
8.0,3.01,8.0,0.039678524404333226
8.0,3.01,9.0,0.08370257313087384
8.0,3.01,10.0,-0.007886588001464245
8.0,3.01,11.0,0.0019986969786322285
8.0,3.01,12.0,-0.03085154056290229
8.0,3.01,13.0,0.034976895837860636
8.0,3.01,14.0,-0.02944844068958566
8.0,3.01,15.0,-8.406718462137644e-07
8.0,3.01,16.0,-0.035080454974151416
8.0,3.01,17.0,-9.793785373877161e-12
8.0,3.01,18.0,0.05731386572851217
8.0,3.01,19.0,0.010774144411102027
8.0,3.01,20.0,0.061559160357816084
8.0,3.01,21.0,-0.0009413640447987032
8.0,4.01,0.0,0.19099684035564446
8.0,4.01,1.0,0.041473348869782656
8.0,4.01,2.0,-1.2702698120516934e-10
8.0,4.01,3.0,0.03578496105864304
8.0,4.01,4.0,-0.02866331572119578
8.0,4.01,5.0,-0.021151518967291116
8.0,4.01,6.0,0.01191961497264693
8.0,4.01,7.0,-0.0019853993900212363
8.0,4.01,8.0,0.050922501479477855
8.0,4.01,9.0,0.1114974725879416
8.0,4.01,10.0,-0.012242323047059467
8.0,4.01,11.0,0.0045386127879497515
8.0,4.01,12.0,-0.037960456111063606
8.0,4.01,13.0,0.04796180765832839
8.0,4.01,14.0,-0.038998196118419454
8.0,4.01,15.0,-8.406719452331337e-07
8.0,4.01,16.0,-0.035113905848013785
8.0,4.01,17.0,-9.793785373899688e-12
8.0,4.01,18.0,0.07512210310406206
8.0,4.01,19.0,0.011868418326741487
8.0,4.01,20.0,0.0841188830232705
8.0,4.01,21.0,-0.0009434960670864593
8.0,5.01,0.0,0.23506050798722475
8.0,5.01,1.0,0.055893856205902925
8.0,5.01,2.0,-1.270269812037281e-10
8.0,5.01,3.0,0.04394417608867035
8.0,5.01,4.0,-0.03358514298698791
8.0,5.01,5.0,-0.028278674264973824
8.0,5.01,6.0,0.01521748145822438
8.0,5.01,7.0,0.0009313439511020039
8.0,5.01,8.0,0.06062131912057667
8.0,5.01,9.0,0.13629649054690238
8.0,5.01,10.0,-0.015669906180596604
8.0,5.01,11.0,0.006706958431036053
8.0,5.01,12.0,-0.04429670383766143
8.0,5.01,13.0,0.05970843085718219
8.0,5.01,14.0,-0.048063645533604094
8.0,5.01,15.0,-8.406719820391139e-07
8.0,5.01,16.0,-0.03511456870636281
8.0,5.01,17.0,-9.793785373900064e-12
8.0,5.01,18.0,0.09132740401159309
8.0,5.01,19.0,0.012473351724138187
8.0,5.01,20.0,0.10368765278345829
8.0,5.01,21.0,-0.0009438032277413949
8.0,6.01,0.0,0.27611522488084544
8.0,6.01,1.0,0.06994132726150754
8.0,6.01,2.0,-1.2702698120198518e-10
8.0,6.01,3.0,0.05314604250536359
8.0,6.01,4.0,-0.035843983884359124
8.0,6.01,5.0,-0.03552727368306857
8.0,6.01,6.0,0.01877246183080855
8.0,6.01,7.0,0.003213753584972723
8.0,6.01,8.0,0.06915199131372574
8.0,6.01,9.0,0.15797655688111503
8.0,6.01,10.0,-0.01837932095151873
8.0,6.01,11.0,0.008467243007336315
8.0,6.01,12.0,-0.04968945440141598
8.0,6.01,13.0,0.07005383093920536
8.0,6.01,14.0,-0.05661264408205122
8.0,6.01,15.0,-8.406719967581387e-07
8.0,6.01,16.0,-0.03511458218947778
8.0,6.01,17.0,-9.79378537390269e-12
8.0,6.01,18.0,0.10620058195752499
8.0,6.01,19.0,0.012130844526769963
8.0,6.01,20.0,0.12145045703441545
8.0,6.01,21.0,-0.0009438437593095387
8.0,7.01,0.0,0.3144087963995791
8.0,7.01,1.0,0.08404570125130023
8.0,7.01,2.0,-1.2702698120001657e-10
8.0,7.01,3.0,0.06180974250042082
8.0,7.01,4.0,-0.03662542162628015
8.0,7.01,5.0,-0.04198152855677595
8.0,7.01,6.0,0.022361872631515012
8.0,7.01,7.0,0.005431306033503808
8.0,7.01,8.0,0.0765360004699227
8.0,7.01,9.0,0.17775284033914793
8.0,7.01,10.0,-0.020534845857959116
8.0,7.01,11.0,0.009960283001321919
8.0,7.01,12.0,-0.05457944777347125
8.0,7.01,13.0,0.07956689308222256
8.0,7.01,14.0,-0.06474230400609113
8.0,7.01,15.0,-8.406720029439512e-07
8.0,7.01,16.0,-0.035114582500859574
8.0,7.01,17.0,-9.793785373879863e-12
8.0,7.01,18.0,0.11996566167850789
8.0,7.01,19.0,0.011556200470012407
8.0,7.01,20.0,0.13708072447304856
8.0,7.01,21.0,-0.0009438489861006326
8.0,8.01,0.0,0.3511351557431976
8.0,8.01,1.0,0.09726387977813739
8.0,8.01,2.0,-1.27026981198187e-10
8.0,8.01,3.0,0.07073976402741688
8.0,8.01,4.0,-0.03685334750500685
8.0,8.01,5.0,-0.048620756477495586
8.0,8.01,6.0,0.02584537490866823
8.0,8.01,7.0,0.007304737552089463
8.0,8.01,8.0,0.08367760451857909
8.0,8.01,9.0,0.19576850097081558
8.0,8.01,10.0,-0.022520754839222834
8.0,8.01,11.0,0.011310257426665173
8.0,8.01,12.0,-0.058958743632324936
8.0,8.01,13.0,0.08828026213504755
8.0,8.01,14.0,-0.0724547628131201
8.0,8.01,15.0,-8.406720057690004e-07
8.0,8.01,16.0,-0.03511458250966477
8.0,8.01,17.0,-9.793785373904515e-12
8.0,8.01,18.0,0.13298397335272152
8.0,8.01,19.0,0.010619403796710308
8.0,8.01,20.0,0.15218794643273695
8.0,8.01,21.0,-0.0009438496705305956
8.0,9.01,0.0,0.3857933103698466
8.0,9.01,1.0,0.1102822524034438
8.0,9.01,2.0,-1.2702698119617259e-10
8.0,9.01,3.0,0.07888510543052873
8.0,9.01,4.0,-0.036915123632823885
8.0,9.01,5.0,-0.05459039089071749
8.0,9.01,6.0,0.029224944005395714
8.0,9.01,7.0,0.009218099935945717
8.0,9.01,8.0,0.09012926451934983
8.0,9.01,9.0,0.2131342010517471
8.0,9.01,10.0,-0.024318999773154687
8.0,9.01,11.0,0.012581120580605638
8.0,9.01,12.0,-0.0631820049645914
8.0,9.01,13.0,0.09665808353108432
8.0,9.01,14.0,-0.07983649782326527
8.0,9.01,15.0,-8.406720070749963e-07
8.0,9.01,16.0,-0.03511458250997376
8.0,9.01,17.0,-9.793785373905271e-12
8.0,9.01,18.0,0.1453552032288776
8.0,9.01,19.0,0.009826784341339906
8.0,9.01,20.0,0.16604711726779328
8.0,9.01,21.0,-0.000943849767107947
8.0,10.01,0.0,0.41953280785191166
8.0,10.01,1.0,0.12233365122832474
8.0,10.01,2.0,-1.2702698119357146e-10
8.0,10.01,3.0,0.08707858272391572
8.0,10.01,4.0,-0.036931571790337625
8.0,10.01,5.0,-0.06070347199985693
8.0,10.01,6.0,0.03239923319392485
8.0,10.01,7.0,0.010919158886312091
8.0,10.01,8.0,0.09670449256301272
8.0,10.01,9.0,0.22916293693685172
8.0,10.01,10.0,-0.026089561164364283
8.0,10.01,11.0,0.013789979334499606
8.0,10.01,12.0,-0.06707929141407984
8.0,10.01,13.0,0.1044591090233507
8.0,10.01,14.0,-0.08687290898306803
8.0,10.01,15.0,-8.406720076947185e-07
8.0,10.01,16.0,-0.03511458250998728
8.0,10.01,17.0,-9.793785373904987e-12
8.0,10.01,18.0,0.15715675759740336
8.0,10.01,19.0,0.008861438644446301
8.0,10.01,20.0,0.1797963219617105
8.0,10.01,21.0,-0.0009438497811847991
9.0,0.01,0.0,-9.877268032058156e-05
9.0,0.01,1.0,0.0006329514042818091
9.0,0.01,2.0,2.364393648590646e-06
9.0,0.01,3.0,0.0003101030389670023
9.0,0.01,4.0,-0.00011697852032771516
9.0,0.01,5.0,-0.0009353848178846394
9.0,0.01,6.0,0.0006701139560026104
9.0,0.01,7.0,-1.112044713387246e-06
9.0,0.01,8.0,0.0001790830738257962
9.0,0.01,9.0,0.00017406204731761077
9.0,0.01,10.0,0.00014321205593742503
9.0,0.01,11.0,-0.0002571889310679532
9.0,0.01,12.0,0.0006275173987287386
9.0,0.01,13.0,3.3595217799123334e-06
9.0,0.01,14.0,0.00024836900562344444
9.0,0.01,15.0,0.0001100846761373786
9.0,0.01,16.0,-5.4822267250828616e-05
9.0,0.01,17.0,3.3338837174864966e-05
9.0,0.01,18.0,0.000734750064001935
9.0,0.01,19.0,0.00019488812931123256
9.0,0.01,20.0,-0.00023457465098178365
9.0,0.01,21.0,0.0002952707162894863
9.0,1.01,0.0,0.007045004377359519
9.0,1.01,1.0,0.004618242981743376
9.0,1.01,2.0,-3.7179583967428265e-05
9.0,1.01,3.0,-0.002044372641212183
9.0,1.01,4.0,0.000883179011056695
9.0,1.01,5.0,-0.006314786741403421
9.0,1.01,6.0,0.0011515618067182432
9.0,1.01,7.0,-1.1120449556061868e-06
9.0,1.01,8.0,-0.0037884456168870186
9.0,1.01,9.0,-0.0026828879329930666
9.0,1.01,10.0,-0.0007554532830112148
9.0,1.01,11.0,-0.00025695016598682177
9.0,1.01,12.0,0.008765134992076318
9.0,1.01,13.0,-0.005883724528885297
9.0,1.01,14.0,-0.000699502020468451
9.0,1.01,15.0,0.000830740411564973
9.0,1.01,16.0,-0.0017830230774917508
9.0,1.01,17.0,-0.0012114592423356219
9.0,1.01,18.0,0.006620671542038409
9.0,1.01,19.0,-0.006234260360173993
9.0,1.01,20.0,0.003548692530681158
9.0,1.01,21.0,9.93141519264884e-05
9.0,2.01,0.0,0.013030694637746303
9.0,2.01,1.0,0.008001899442010477
9.0,2.01,2.0,-8.140702507572484e-05
9.0,2.01,3.0,-0.004039324066537314
9.0,2.01,4.0,0.0017118025756091837
9.0,2.01,5.0,-0.010873950197109232
9.0,2.01,6.0,0.0015488910637635744
9.0,2.01,7.0,-1.112045097405676e-06
9.0,2.01,8.0,-0.007159920458830654
9.0,2.01,9.0,-0.005113955746502377
9.0,2.01,10.0,-0.0014936385537122343
9.0,2.01,11.0,-0.00025661425824756093
9.0,2.01,12.0,0.015616482084160416
9.0,2.01,13.0,-0.010778665921896705
9.0,2.01,14.0,-0.0015093336484636871
9.0,2.01,15.0,0.001455955897673264
9.0,2.01,16.0,-0.0032065953727163435
9.0,2.01,17.0,-0.0022902872875894334
9.0,2.01,18.0,0.01155772742478011
9.0,2.01,19.0,-0.011634276054687587
9.0,2.01,20.0,0.006723458640834401
9.0,2.01,21.0,-4.340851322648387e-05
9.0,3.01,0.0,0.018127250256718776
9.0,3.01,1.0,0.01087395529191841
9.0,3.01,2.0,-0.00012018997195076264
9.0,3.01,3.0,-0.005790420222086201
9.0,3.01,4.0,0.0023998356948100874
9.0,3.01,5.0,-0.014763474068767699
9.0,3.01,6.0,0.0018366528420242223
9.0,3.01,7.0,-1.1120451702600398e-06
9.0,3.01,8.0,-0.010042243025619672
9.0,3.01,9.0,-0.00723446399952514
9.0,3.01,10.0,-0.002116310511330044
9.0,3.01,11.0,-0.0002561543385215195
9.0,3.01,12.0,0.021441183250580642
9.0,3.01,13.0,-0.014857445644877395
9.0,3.01,14.0,-0.002211088397584729
9.0,3.01,15.0,0.002012742830400066
9.0,3.01,16.0,-0.004378759096265027
9.0,3.01,17.0,-0.0032293378198128275
9.0,3.01,18.0,0.015726714773412614
9.0,3.01,19.0,-0.016266187351391764
9.0,3.01,20.0,0.009424953473681136
9.0,3.01,21.0,-0.00014780542233702731
9.0,4.01,0.0,0.022533582932218153
9.0,4.01,1.0,0.013325370740422934
9.0,4.01,2.0,-0.00014151973454451516
9.0,4.01,3.0,-0.007365962285886818
9.0,4.01,4.0,0.0029690639038468525
9.0,4.01,5.0,-0.018112342436850448
9.0,4.01,6.0,0.00202481479981767
9.0,4.01,7.0,-1.1120452048083345e-06
9.0,4.01,8.0,-0.01251982148788603
9.0,4.01,9.0,-0.009118185564388176
9.0,4.01,10.0,-0.00265356920512147
9.0,4.01,11.0,-0.0002555385282607164
9.0,4.01,12.0,0.02645391851278242
9.0,4.01,13.0,-0.01827222012738595
9.0,4.01,14.0,-0.002821330728787194
9.0,4.01,15.0,0.002518140889699899
9.0,4.01,16.0,-0.005353466478401063
9.0,4.01,17.0,-0.004054901535883074
9.0,4.01,18.0,0.019287795812955873
9.0,4.01,19.0,-0.02031175872742813
9.0,4.01,20.0,0.011754016907585402
9.0,4.01,21.0,-0.00022170998450626866
9.0,5.01,0.0,0.02638826759507209
9.0,5.01,1.0,0.015440840671958236
9.0,5.01,2.0,-0.00017923520858290076
9.0,5.01,3.0,-0.008800849381804754
9.0,5.01,4.0,0.003432800392435542
9.0,5.01,5.0,-0.021022772267892953
9.0,5.01,6.0,0.002121507888912466
9.0,5.01,7.0,-1.1120452181366724e-06
9.0,5.01,8.0,-0.014659748042355982
9.0,5.01,9.0,-0.010828859665877766
9.0,5.01,10.0,-0.003094317347373865
9.0,5.01,11.0,-0.0002547312772176569
9.0,5.01,12.0,0.030792261432080942
9.0,5.01,13.0,-0.021143638460897587
9.0,5.01,14.0,-0.0033588243056354855
9.0,5.01,15.0,0.0029730516998333206
9.0,5.01,16.0,-0.006176446667844442
9.0,5.01,17.0,-0.004777477799264428
9.0,5.01,18.0,0.022354850866285532
9.0,5.01,19.0,-0.023855272452926374
9.0,5.01,20.0,0.013785663716654017
9.0,5.01,21.0,-0.00027586446119104435
9.0,6.01,0.0,0.02979777128889157
9.0,6.01,1.0,0.017275518057228087
9.0,6.01,2.0,-0.0002097433585792896
9.0,6.01,3.0,-0.010127187895087042
9.0,6.01,4.0,0.00381291177059237
9.0,6.01,5.0,-0.0235747962569524
9.0,6.01,6.0,0.0021459200787995736
9.0,6.01,7.0,-1.1120452148077336e-06
9.0,6.01,8.0,-0.016512052768224962
9.0,6.01,9.0,-0.0123930162095795
9.0,6.01,10.0,-0.0034737270519936136
9.0,6.01,11.0,-0.000253692312128257
9.0,6.01,12.0,0.034592841505645316
9.0,6.01,13.0,-0.023569603013737627
9.0,6.01,14.0,-0.003833616717657945
9.0,6.01,15.0,0.0033913712809475888
9.0,6.01,16.0,-0.006873194656552714
9.0,6.01,17.0,-0.005415910914468254
9.0,6.01,18.0,0.025025461426007804
9.0,6.01,19.0,-0.027017876168484084
9.0,6.01,20.0,0.015574790181222556
9.0,6.01,21.0,-0.00031164969553071353
9.0,7.01,0.0,0.03283927139550149
9.0,7.01,1.0,0.018900299671900225
9.0,7.01,2.0,-0.00030791922825076923
9.0,7.01,3.0,-0.01134617833373204
9.0,7.01,4.0,0.0040972500841819914
9.0,7.01,5.0,-0.025830058174188597
9.0,7.01,6.0,0.0021073448689881147
9.0,7.01,7.0,-1.1120452136636487e-06
9.0,7.01,8.0,-0.018118001040594703
9.0,7.01,9.0,-0.013858028475793371
9.0,7.01,10.0,-0.00374459510108921
9.0,7.01,11.0,-0.0002523775324701765
9.0,7.01,12.0,0.03790038046327901
9.0,7.01,13.0,-0.025629006519109352
9.0,7.01,14.0,-0.004253486594429916
9.0,7.01,15.0,0.0037541383084227498
9.0,7.01,16.0,-0.007498369560733208
9.0,7.01,17.0,-0.005973365990561419
9.0,7.01,18.0,0.027363985064392436
9.0,7.01,19.0,-0.02978567572383531
9.0,7.01,20.0,0.017165767578994323
9.0,7.01,21.0,-0.0003419780548032658
9.0,8.01,0.0,0.035574978928990635
9.0,8.01,1.0,0.020317587227963327
9.0,8.01,2.0,-0.0003495471167132558
9.0,8.01,3.0,-0.012497131067694317
9.0,8.01,4.0,0.004340714961199366
9.0,8.01,5.0,-0.02783880347399581
9.0,8.01,6.0,0.0020290797230538005
9.0,8.01,7.0,-1.1120451915909923e-06
9.0,8.01,8.0,-0.019509331213583735
9.0,8.01,9.0,-0.015201036429561846
9.0,8.01,10.0,-0.004012254894499828
9.0,8.01,11.0,-0.0002507388090011134
9.0,8.01,12.0,0.040869788084780395
9.0,8.01,13.0,-0.027384598716937138
9.0,8.01,14.0,-0.004626994670281416
9.0,8.01,15.0,0.00410524520901627
9.0,8.01,16.0,-0.008020510117704605
9.0,8.01,17.0,-0.006473700554193808
9.0,8.01,18.0,0.029440011115703747
9.0,8.01,19.0,-0.032346234800819995
9.0,8.01,20.0,0.018586618900946775
9.0,8.01,21.0,-0.00035433715277122246
9.0,9.01,0.0,0.03805080504627296
9.0,9.01,1.0,0.021573889248584957
9.0,9.01,2.0,-0.00038862821643209644
9.0,9.01,3.0,-0.013576862565302106
9.0,9.01,4.0,0.004534473678375145
9.0,9.01,5.0,-0.029639099240905145
9.0,9.01,6.0,0.0019177117709747726
9.0,9.01,7.0,-1.1120451594756407e-06
9.0,9.01,8.0,-0.020714862254940004
9.0,9.01,9.0,-0.01645197444149067
9.0,9.01,10.0,-0.004241320345790861
9.0,9.01,11.0,-0.00024872495438581747
9.0,9.01,12.0,0.04352424741661842
9.0,9.01,13.0,-0.028887989206942744
9.0,9.01,14.0,-0.004959359201610447
9.0,9.01,15.0,0.004430403513696085
9.0,9.01,16.0,-0.008476386507167602
9.0,9.01,17.0,-0.006918577180801917
9.0,9.01,18.0,0.03129180803250307
9.0,9.01,19.0,-0.034678945114397675
9.0,9.01,20.0,0.019864441100422986
9.0,9.01,21.0,-0.00035793850799556437
9.0,10.01,0.0,0.04030387095066614
9.0,10.01,1.0,0.022693506770372643
9.0,10.01,2.0,-0.0004241938654655497
9.0,10.01,3.0,-0.01459231189476759
9.0,10.01,4.0,0.004687258341966233
9.0,10.01,5.0,-0.031261930752896135
9.0,10.01,6.0,0.0017821096693663718
9.0,10.01,7.0,-1.1120451178189563e-06
9.0,10.01,8.0,-0.021758914211826418
9.0,10.01,9.0,-0.017620156731983486
9.0,10.01,10.0,-0.004438696618244614
9.0,10.01,11.0,-0.0002462817557718352
9.0,10.01,12.0,0.04591117055507693
9.0,10.01,13.0,-0.03018100950108868
9.0,10.01,14.0,-0.0052557301812989
9.0,10.01,15.0,0.004732473135954138
9.0,10.01,16.0,-0.008877111498922917
9.0,10.01,17.0,-0.0073149087134148985
9.0,10.01,18.0,0.03295433964802277
9.0,10.01,19.0,-0.03681626267230123
9.0,10.01,20.0,0.02101948953209251
9.0,10.01,21.0,-0.0003546422790382253
10.0,0.01,0.0,0.0058994629071063565
10.0,0.01,1.0,-0.0010284503221464393
10.0,0.01,2.0,-4.157320477418065e-09
10.0,0.01,3.0,-0.011840794670752074
10.0,0.01,4.0,-5.801437560967354e-08
10.0,0.01,5.0,0.006307739761898384
10.0,0.01,6.0,0.0011308704651666057
10.0,0.01,7.0,-0.016492233593202718
10.0,0.01,8.0,0.019163715663943592
10.0,0.01,9.0,0.00018381774281175933
10.0,0.01,10.0,0.0032034929187546024
10.0,0.01,11.0,-0.004375752416535105
10.0,0.01,12.0,0.0005963245764632743
10.0,0.01,13.0,-0.006066215231675776
10.0,0.01,14.0,0.02101424904485133
10.0,0.01,15.0,0.0030567203241100016
10.0,0.01,16.0,0.013875785607170343
10.0,0.01,17.0,0.00019648788011493445
10.0,0.01,18.0,-0.003771739012980993
10.0,0.01,19.0,0.004436195197739148
10.0,0.01,20.0,0.00722626343824645
10.0,0.01,21.0,-0.02211768231442355
10.0,1.01,0.0,0.021425794694167194
10.0,1.01,1.0,-0.0010284490456723473
10.0,1.01,2.0,-4.157535352680667e-09
10.0,1.01,3.0,-0.006808248396689552
10.0,1.01,4.0,-5.8014375659467615e-08
10.0,1.01,5.0,0.0079545245312235
10.0,1.01,6.0,-0.005115821924271222
10.0,1.01,7.0,-0.01563919225072964
10.0,1.01,8.0,0.006083435528100908
10.0,1.01,9.0,-0.005171814407960995
10.0,1.01,10.0,0.0029496475943630585
10.0,1.01,11.0,0.00041652285212574747
10.0,1.01,12.0,-0.0017142256178859375
10.0,1.01,13.0,-0.005379803388620194
10.0,1.01,14.0,0.014588553045435132
10.0,1.01,15.0,0.008328224121306516
10.0,1.01,16.0,0.010486047669394205
10.0,1.01,17.0,-0.004612772248959382
10.0,1.01,18.0,-0.003757340267254687
10.0,1.01,19.0,0.004373945657678971
10.0,1.01,20.0,0.003928193379117373
10.0,1.01,21.0,-0.011244062840075595
10.0,2.01,0.0,0.03580645275719588
10.0,2.01,1.0,-0.0010284455921253685
10.0,2.01,2.0,-4.1575353545565e-09
10.0,2.01,3.0,0.000559557228941198
10.0,2.01,4.0,-5.801437564435493e-08
10.0,2.01,5.0,0.008764974630404543
10.0,2.01,6.0,-0.011842716475303605
10.0,2.01,7.0,-0.012842292806455512
10.0,2.01,8.0,-0.00982344376636407
10.0,2.01,9.0,-0.011349611562996104
10.0,2.01,10.0,0.0020863762535234254
10.0,2.01,11.0,0.005788468779394471
10.0,2.01,12.0,-0.0028073014788567207
10.0,2.01,13.0,-0.004027981083275872
10.0,2.01,14.0,0.004404149581838407
10.0,2.01,15.0,0.014135900628991144
10.0,2.01,16.0,0.005460085385268154
10.0,2.01,17.0,-0.010069909034114834
10.0,2.01,18.0,-0.0036824955216878427
10.0,2.01,19.0,0.00268501270572144
10.0,2.01,20.0,-0.001153337788098674
10.0,2.01,21.0,0.004198578138598308
10.0,3.01,0.0,0.04925695860134749
10.0,3.01,1.0,-0.0010284368617271401
10.0,3.01,2.0,-4.157535560948261e-09
10.0,3.01,3.0,0.00994433691766048
10.0,3.01,4.0,-5.801437564616499e-08
10.0,3.01,5.0,0.008853668297854278
10.0,3.01,6.0,-0.01878142795124059
10.0,3.01,7.0,-0.008066448688318552
10.0,3.01,8.0,-0.02766326001340478
10.0,3.01,9.0,-0.01803789249815526
10.0,3.01,10.0,0.0006475478664505485
10.0,3.01,11.0,0.01149801870484949
10.0,3.01,12.0,-0.0032103683252572243
10.0,3.01,13.0,-0.0020945498041082117
10.0,3.01,14.0,-0.00856949283320571
10.0,3.01,15.0,0.020097648932276613
10.0,3.01,16.0,-0.001222388793385265
10.0,3.01,17.0,-0.015910189629040478
10.0,3.01,18.0,-0.0032600663201121224
10.0,3.01,19.0,-0.0004946003854153502
10.0,3.01,20.0,-0.007162225692439628
10.0,3.01,21.0,0.023422093615244645
10.0,4.01,0.0,0.06192232684877813
10.0,4.01,1.0,-0.0010284127891228988
10.0,4.01,2.0,-4.1575355647848045e-09
10.0,4.01,3.0,0.020224248745334794
10.0,4.01,4.0,-5.8014375618273955e-08
10.0,4.01,5.0,0.008307796639356296
10.0,4.01,6.0,-0.025723000620470157
10.0,4.01,7.0,-0.0019921889513851015
10.0,4.01,8.0,-0.04582994258672603
10.0,4.01,9.0,-0.024767217245178906
10.0,4.01,10.0,-0.001282443783456766
10.0,4.01,11.0,0.01698072812621885
10.0,4.01,12.0,-0.0033320372419665023
10.0,4.01,13.0,0.00023392979126050928
10.0,4.01,14.0,-0.023446163613016213
10.0,4.01,15.0,0.025464766986972753
10.0,4.01,16.0,-0.009388038228890727
10.0,4.01,17.0,-0.021831688154166497
10.0,4.01,18.0,-0.0009936615638139554
10.0,4.01,19.0,-0.004407237793733018
10.0,4.01,20.0,-0.013289948183961897
10.0,4.01,21.0,0.04432079704812743
10.0,5.01,0.0,0.07349703346448849
10.0,5.01,1.0,-0.0010283390383921058
10.0,5.01,2.0,-4.157535564682397e-09
10.0,5.01,3.0,0.029638785242160133
10.0,5.01,4.0,-5.801437547085076e-08
10.0,5.01,5.0,0.007030055810022806
10.0,5.01,6.0,-0.03240930864496259
10.0,5.01,7.0,0.003951726406824084
10.0,5.01,8.0,-0.06202607162109473
10.0,5.01,9.0,-0.03079281546860585
10.0,5.01,10.0,-0.004597488380358172
10.0,5.01,11.0,0.02113108956051346
10.0,5.01,12.0,-0.0033643921382651605
10.0,5.01,13.0,0.0031449600502327507
10.0,5.01,14.0,-0.04002645014024056
10.0,5.01,15.0,0.029185106495856317
10.0,5.01,16.0,-0.019685387487975853
10.0,5.01,17.0,-0.027536595563229557
10.0,5.01,18.0,0.007848153404935432
10.0,5.01,19.0,-0.00744398497116705
10.0,5.01,20.0,-0.018678552481011412
10.0,5.01,21.0,0.0637269892675014
10.0,6.01,0.0,0.08401605171142332
10.0,6.01,1.0,-0.0010280889944597588
10.0,6.01,2.0,-4.157535564922284e-09
10.0,6.01,3.0,0.03661525375627358
10.0,6.01,4.0,-5.801437519049598e-08
10.0,6.01,5.0,0.005021617971097736
10.0,6.01,6.0,-0.03857189731770624
10.0,6.01,7.0,0.008210450931711362
10.0,6.01,8.0,-0.07402268882336821
10.0,6.01,9.0,-0.035521550044186945
10.0,6.01,10.0,-0.01010926444362592
10.0,6.01,11.0,0.022997447898357087
10.0,6.01,12.0,-0.003372614993692431
10.0,6.01,13.0,0.006844244730945026
10.0,6.01,14.0,-0.057674418127602156
10.0,6.01,15.0,0.03052624010139851
10.0,6.01,16.0,-0.032536250430402314
10.0,6.01,17.0,-0.03249609544470464
10.0,6.01,18.0,0.025672263920706487
10.0,6.01,19.0,-0.007923417659661758
10.0,6.01,20.0,-0.022614023932411575
10.0,6.01,21.0,0.07849581903121523
10.0,7.01,0.0,0.09511645203038321
10.0,7.01,1.0,-0.0010272794208017629
10.0,7.01,2.0,-4.15753556494747e-09
10.0,7.01,3.0,0.04143799004317098
10.0,7.01,4.0,-5.801437456148627e-08
10.0,7.01,5.0,0.0029379804616447847
10.0,7.01,6.0,-0.04425332907690845
10.0,7.01,7.0,0.010239827844125075
10.0,7.01,8.0,-0.08110829303803285
10.0,7.01,9.0,-0.039501881041148955
10.0,7.01,10.0,-0.015904366017754357
10.0,7.01,11.0,0.023590245461401316
10.0,7.01,12.0,-0.003374779679398083
10.0,7.01,13.0,0.010098296739468104
10.0,7.01,14.0,-0.0729418849961059
10.0,7.01,15.0,0.03045267216219355
10.0,7.01,16.0,-0.04496127981009518
10.0,7.01,17.0,-0.03607118678843077
10.0,7.01,18.0,0.043282354624819594
10.0,7.01,19.0,-0.006081503733688612
10.0,7.01,20.0,-0.025489087116884745
10.0,7.01,21.0,0.08820983590803282
10.0,8.01,0.0,0.10819538564863165
10.0,8.01,1.0,-0.0010251272504094736
10.0,8.01,2.0,-4.157535564942933e-09
10.0,8.01,3.0,0.04524233190911306
10.0,8.01,4.0,-5.801437347189547e-08
10.0,8.01,5.0,0.0014076316451749615
10.0,8.01,6.0,-0.049791999227790415
10.0,8.01,7.0,0.010307196948595984
10.0,8.01,8.0,-0.0842980108434423
10.0,8.01,9.0,-0.04364965054242316
10.0,8.01,10.0,-0.020009016162364612
10.0,8.01,11.0,0.024345063789267957
10.0,8.01,12.0,-0.0033754230525839418
10.0,8.01,13.0,0.011908987790843414
10.0,8.01,14.0,-0.08374870818931598
10.0,8.01,15.0,0.0303051978490205
10.0,8.01,16.0,-0.05450997383390277
10.0,8.01,17.0,-0.038208740905428834
10.0,8.01,18.0,0.05514519752469586
10.0,8.01,19.0,-0.0033348149096228547
10.0,8.01,20.0,-0.02769061518835253
10.0,8.01,21.0,0.09454660632602156
10.0,9.01,0.0,0.12261620510979457
10.0,9.01,1.0,-0.0010204795487052723
10.0,9.01,2.0,-4.157535564910841e-09
10.0,9.01,3.0,0.04870740476064053
10.0,9.01,4.0,-5.80143720037277e-08
10.0,9.01,5.0,0.0005046954374550022
10.0,9.01,6.0,-0.055345677660151
10.0,9.01,7.0,0.008920029296363575
10.0,9.01,8.0,-0.0853944781388418
10.0,9.01,9.0,-0.048331804343766896
10.0,9.01,10.0,-0.02261824155807629
10.0,9.01,11.0,0.02569747178221083
10.0,9.01,12.0,-0.00337565020554067
10.0,9.01,13.0,0.012463974333040737
10.0,9.01,14.0,-0.09105557722078533
10.0,9.01,15.0,0.030663952251691967
10.0,9.01,16.0,-0.061265661172993424
10.0,9.01,17.0,-0.03932015468551774
10.0,9.01,18.0,0.06275014446768812
10.0,9.01,19.0,-0.0002986190749341838
10.0,9.01,20.0,-0.029768291223908255
10.0,9.01,21.0,0.09923221457079028
10.0,10.01,0.0,0.13819978911762762
10.0,10.01,1.0,-0.0010118120542537455
10.0,10.01,2.0,-4.1575355648262496e-09
10.0,10.01,3.0,0.05211234636630947
10.0,10.01,4.0,-5.801437024271272e-08
10.0,10.01,5.0,6.226714519394494e-05
10.0,10.01,6.0,-0.060728068311699177
10.0,10.01,7.0,0.006689582717893772
10.0,10.01,8.0,-0.08570146434735268
10.0,10.01,9.0,-0.053556674512676414
10.0,10.01,10.0,-0.024336928343523273
10.0,10.01,11.0,0.027652659417167026
10.0,10.01,12.0,-0.003375744693870501
10.0,10.01,13.0,0.012489832262494838
10.0,10.01,14.0,-0.09645585373324675
10.0,10.01,15.0,0.031476136746663275
10.0,10.01,16.0,-0.06643346179675563
10.0,10.01,17.0,-0.03984233539110307
10.0,10.01,18.0,0.06814564793246679
10.0,10.01,19.0,0.0028564023583129844
10.0,10.01,20.0,-0.031749461700400855
10.0,10.01,21.0,0.10319030874415232
11.0,0.01,0.0,0.0007470307380851721
11.0,0.01,1.0,0.00020143479257353492
11.0,0.01,2.0,-0.0003356616192762703
11.0,0.01,3.0,0.00014959656162670532
11.0,0.01,4.0,0.000600511323690156
11.0,0.01,5.0,-0.0003653865957343738
11.0,0.01,6.0,-6.827989325984153e-14
11.0,0.01,7.0,1.4709361718517888e-06
11.0,0.01,8.0,0.00048477326538869103
11.0,0.01,9.0,-3.854675369500923e-07
11.0,0.01,10.0,0.0002700530022928249
11.0,0.01,11.0,2.456959373659836e-06
11.0,0.01,12.0,0.0006166543581995476
11.0,0.01,13.0,0.0011468200958780414
11.0,0.01,14.0,-0.000440052905875149
11.0,0.01,15.0,0.00032273077234527825
11.0,0.01,16.0,0.0011971623333374148
11.0,0.01,17.0,-0.001220800548103862
11.0,0.01,18.0,-0.0020109379365738297
11.0,0.01,19.0,0.0012748318210549989
11.0,0.01,20.0,-0.0007494461646712497
11.0,0.01,21.0,-3.264127351408604e-09
11.0,1.01,0.0,0.04206236726119213
11.0,1.01,1.0,-0.03235737134097655
11.0,1.01,2.0,-0.00030781776810103536
11.0,1.01,3.0,-0.0038185386557348655
11.0,1.01,4.0,-0.017413728775658666
11.0,1.01,5.0,-0.0060294265957138715
11.0,1.01,6.0,-6.827989325985307e-14
11.0,1.01,7.0,0.006338440611736509
11.0,1.01,8.0,0.0013371944772762046
11.0,1.01,9.0,-3.8546784689926745e-07
11.0,1.01,10.0,-0.0002639991568415545
11.0,1.01,11.0,-3.8167810750414213e-07
11.0,1.01,12.0,-0.014183085539299159
11.0,1.01,13.0,-0.015329069082586376
11.0,1.01,14.0,0.01487084010960149
11.0,1.01,15.0,0.004403456080851451
11.0,1.01,16.0,-0.01800017424253028
11.0,1.01,17.0,0.01103472945268509
11.0,1.01,18.0,-0.0017411978840399722
11.0,1.01,19.0,-0.0016024592472114185
11.0,1.01,20.0,0.013889873774108732
11.0,1.01,21.0,-3.2641273498555118e-09
11.0,2.01,0.0,0.08221572067039916
11.0,2.01,1.0,-0.06439085649092996
11.0,2.01,2.0,-1.1659933411032458e-05
11.0,2.01,3.0,-0.007771766322618251
11.0,2.01,4.0,-0.0348130720934034
11.0,2.01,5.0,-0.01125978865655547
11.0,2.01,6.0,-6.827989325985231e-14
11.0,2.01,7.0,0.012675043938558658
11.0,2.01,8.0,0.0020273405924254306
11.0,2.01,9.0,-3.854680124364574e-07
11.0,2.01,10.0,-0.0004204738996214652
11.0,2.01,11.0,1.0080063918864423e-06
11.0,2.01,12.0,-0.028791976331189198
11.0,2.01,13.0,-0.031936680039879484
11.0,2.01,14.0,0.030250940728488218
11.0,2.01,15.0,0.008524289851410016
11.0,2.01,16.0,-0.035963198581939526
11.0,2.01,17.0,0.02252231004650594
11.0,2.01,18.0,-0.0013286239259441982
11.0,2.01,19.0,-0.004283565200092744
11.0,2.01,20.0,0.028565820722507393
11.0,2.01,21.0,-3.2641273471395085e-09
11.0,3.01,0.0,0.12265179746043865
11.0,3.01,1.0,-0.09725810617691104
11.0,3.01,2.0,0.0021733897115789554
11.0,3.01,3.0,-0.011785009277075681
11.0,3.01,4.0,-0.05026047269103895
11.0,3.01,5.0,-0.015578229135296495
11.0,3.01,6.0,-6.827989325984498e-14
11.0,3.01,7.0,0.01956581704903851
11.0,3.01,8.0,0.0012342442814269328
11.0,3.01,9.0,-3.854681046677117e-07
11.0,3.01,10.0,0.0022072738542954218
11.0,3.01,11.0,2.1885239583599252e-06
11.0,3.01,12.0,-0.04445819830507397
11.0,3.01,13.0,-0.04842498846778653
11.0,3.01,14.0,0.0479551422042962
11.0,3.01,15.0,0.013232121174965583
11.0,3.01,16.0,-0.047130839246089976
11.0,3.01,17.0,0.030746216754389447
11.0,3.01,18.0,-0.00013175316530866787
11.0,3.01,19.0,-0.005726016046817967
11.0,3.01,20.0,0.04472376019362766
11.0,3.01,21.0,-3.26412734233865e-09
11.0,4.01,0.0,0.16432352245248794
11.0,4.01,1.0,-0.1295599983073636
11.0,4.01,2.0,0.010423270346591617
11.0,4.01,3.0,-0.01528160782030677
11.0,4.01,4.0,-0.06250931655047126
11.0,4.01,5.0,-0.01826061521265654
11.0,4.01,6.0,-6.827989325985239e-14
11.0,4.01,7.0,0.026683989029206184
11.0,4.01,8.0,-0.0016735218637711907
11.0,4.01,9.0,-3.8546816410969594e-07
11.0,4.01,10.0,0.011126308215067493
11.0,4.01,11.0,-3.331400316194071e-07
11.0,4.01,12.0,-0.0604410269412884
11.0,4.01,13.0,-0.05827153359457549
11.0,4.01,14.0,0.07016350715448766
11.0,4.01,15.0,0.01851915708067954
11.0,4.01,16.0,-0.049526455905098035
11.0,4.01,17.0,0.034881914832632185
11.0,4.01,18.0,0.0031160951287953972
11.0,4.01,19.0,-0.005417755170413978
11.0,4.01,20.0,0.06085266583026315
11.0,4.01,21.0,-3.2641273357867143e-09
11.0,5.01,0.0,0.20669280177330063
11.0,5.01,1.0,-0.15901840210754162
11.0,5.01,2.0,0.023827285230615516
11.0,5.01,3.0,-0.018202386475780027
11.0,5.01,4.0,-0.07276357350754661
11.0,5.01,5.0,-0.019655233814389217
11.0,5.01,6.0,-6.827989325984181e-14
11.0,5.01,7.0,0.03323066868078889
11.0,5.01,8.0,-0.0052309739822005985
11.0,5.01,9.0,-3.854681967271358e-07
11.0,5.01,10.0,0.024502933753530853
11.0,5.01,11.0,-8.084335575713138e-08
11.0,5.01,12.0,-0.0749961980200809
11.0,5.01,13.0,-0.06033948211228463
11.0,5.01,14.0,0.09501657149811182
11.0,5.01,15.0,0.02368953393753913
11.0,5.01,16.0,-0.049726041811912126
11.0,5.01,17.0,0.03798039009063399
11.0,5.01,18.0,0.00903892721925559
11.0,5.01,19.0,-0.004476808104731764
11.0,5.01,20.0,0.07462984004964594
11.0,5.01,21.0,-3.264127323318093e-09
11.0,6.01,0.0,0.24886314964626394
11.0,6.01,1.0,-0.1819388614797532
11.0,6.01,2.0,0.03535731496721723
11.0,6.01,3.0,-0.02121586093470018
11.0,6.01,4.0,-0.08111117226622044
11.0,6.01,5.0,-0.022473236304539623
11.0,6.01,6.0,-6.827989325983908e-14
11.0,6.01,7.0,0.03838994531357881
11.0,6.01,8.0,-0.00873787952140595
11.0,6.01,9.0,-3.8546821048316135e-07
11.0,6.01,10.0,0.03535751531444359
11.0,6.01,11.0,7.456002664546712e-07
11.0,6.01,12.0,-0.08854603859164879
11.0,6.01,13.0,-0.0605262997686409
11.0,6.01,14.0,0.11650858775323197
11.0,6.01,15.0,0.02756182766277923
11.0,6.01,16.0,-0.04973872800073421
11.0,6.01,17.0,0.04166119787590837
11.0,6.01,18.0,0.01566989279935247
11.0,6.01,19.0,-0.0031811943080019348
11.0,6.01,20.0,0.08516218967085036
11.0,6.01,21.0,-3.2641273032496286e-09
11.0,7.01,0.0,0.28972924054784405
11.0,7.01,1.0,-0.1910380033060466
11.0,7.01,2.0,0.04348392445842431
11.0,7.01,3.0,-0.024822021346322012
11.0,7.01,4.0,-0.08600456022279102
11.0,7.01,5.0,-0.02898067201370258
11.0,7.01,6.0,-6.827989325984722e-14
11.0,7.01,7.0,0.04065342554846815
11.0,7.01,8.0,-0.011051741887688898
11.0,7.01,9.0,-3.854682153188999e-07
11.0,7.01,10.0,0.03814529658112603
11.0,7.01,11.0,9.460137546954289e-08
11.0,7.01,12.0,-0.10101914518281299
11.0,7.01,13.0,-0.06054088304713437
11.0,7.01,14.0,0.1292935810038774
11.0,7.01,15.0,0.02877198002109517
11.0,7.01,16.0,-0.049739669393660105
11.0,7.01,17.0,0.04621542809339492
11.0,7.01,18.0,0.01957190760357625
11.0,7.01,19.0,-0.0009734502539851947
11.0,7.01,20.0,0.08837456541010473
11.0,7.01,21.0,-3.2641272754910656e-09
11.0,8.01,0.0,0.32797377269039296
11.0,8.01,1.0,-0.19227415781694107
11.0,8.01,2.0,0.04983705867511606
11.0,8.01,3.0,-0.028745203195824354
11.0,8.01,4.0,-0.0887357567633428
11.0,8.01,5.0,-0.03752803643273006
11.0,8.01,6.0,-6.827989325985327e-14
11.0,8.01,7.0,0.041197340395829535
11.0,8.01,8.0,-0.012387163541095342
11.0,8.01,9.0,-3.854682166781407e-07
11.0,8.01,10.0,0.03608996822298893
11.0,8.01,11.0,1.620457912359126e-06
11.0,8.01,12.0,-0.1120418828354755
11.0,8.01,13.0,-0.06054268735223133
11.0,8.01,14.0,0.1363456676985823
11.0,8.01,15.0,0.028435676242647978
11.0,8.01,16.0,-0.04973977979647403
11.0,8.01,17.0,0.050854149211556385
11.0,8.01,18.0,0.021095028153773822
11.0,8.01,19.0,0.0016412647598476118
11.0,8.01,20.0,0.08703337053165568
11.0,8.01,21.0,-3.2641272334049726e-09
11.0,9.01,0.0,0.3633867789190564
11.0,9.01,1.0,-0.19235868733180014
11.0,9.01,2.0,0.055587099838475505
11.0,9.01,3.0,-0.03266598134662946
11.0,9.01,4.0,-0.09096823099668364
11.0,9.01,5.0,-0.04603415387660981
11.0,9.01,6.0,-6.827989325985555e-14
11.0,9.01,7.0,0.04167927384435002
11.0,9.01,8.0,-0.013805325352527001
11.0,9.01,9.0,-3.854682170486498e-07
11.0,9.01,10.0,0.03346504504040909
11.0,9.01,11.0,-4.406449059545132e-08
11.0,9.01,12.0,-0.12115621493552987
11.0,9.01,13.0,-0.06054307103871319
11.0,9.01,14.0,0.14203161520743712
11.0,9.01,15.0,0.0278715032169623
11.0,9.01,16.0,-0.04973980058269034
11.0,9.01,17.0,0.0552877797997396
11.0,9.01,18.0,0.022176310450632036
11.0,9.01,19.0,0.003549124745772958
11.0,9.01,20.0,0.08521494229581734
11.0,9.01,21.0,-3.2641271752268116e-09
11.0,10.01,0.0,0.39619051004614186
11.0,10.01,1.0,-0.19236356139510663
11.0,10.01,2.0,0.061275380572796516
11.0,10.01,3.0,-0.03664313275747038
11.0,10.01,4.0,-0.09298155248931136
11.0,10.01,5.0,-0.05396155749826004
11.0,10.01,6.0,-6.827989325985629e-14
11.0,10.01,7.0,0.04261511281295047
11.0,10.01,8.0,-0.01579524883705602
11.0,10.01,9.0,-3.8546821714999965e-07
11.0,10.01,10.0,0.03137772709158149
11.0,10.01,11.0,2.8892135194883473e-06
11.0,10.01,12.0,-0.12756595911841534
11.0,10.01,13.0,-0.06054318141763973
11.0,10.01,14.0,0.14756066475380192
11.0,10.01,15.0,0.02737482214406281
11.0,10.01,16.0,-0.04973980585017308
11.0,10.01,17.0,0.059652540476418506
11.0,10.01,18.0,0.023589540106928986
11.0,10.01,19.0,0.004034713539786898
11.0,10.01,20.0,0.08382694127148836
11.0,10.01,21.0,-3.2641270940917755e-09
12.0,0.01,0.0,-0.0005190025137567497
12.0,0.01,1.0,-9.393354242328699e-06
12.0,0.01,2.0,0.0016993090930273458
12.0,0.01,3.0,7.270218049883823e-07
12.0,0.01,4.0,-0.00032317409541723907
12.0,0.01,5.0,-6.176469161089937e-05
12.0,0.01,6.0,-0.0005816672419184099
12.0,0.01,7.0,0.0023372424957576188
12.0,0.01,8.0,-0.0010595402402821391
12.0,0.01,9.0,-1.7578786599665984e-05
12.0,0.01,10.0,0.0016378568084595285
12.0,0.01,11.0,0.0012053676204487052
12.0,0.01,12.0,-2.9702262609773833e-05
12.0,0.01,13.0,-0.0013103800767068352
12.0,0.01,14.0,-7.843241691715686e-05
12.0,0.01,15.0,0.0006354187366220676
12.0,0.01,16.0,-0.00028836386412453563
12.0,0.01,17.0,-0.0023007203786626178
12.0,0.01,18.0,-0.0011792591940644193
12.0,0.01,19.0,0.002201447953584401
12.0,0.01,20.0,-4.511940377258881e-05
12.0,0.01,21.0,-0.002563200444262591
12.0,1.01,0.0,-0.00043933482577472306
12.0,1.01,1.0,-9.393354463499486e-06
12.0,1.01,2.0,0.0017171798086464407
12.0,1.01,3.0,5.765865595207097e-07
12.0,1.01,4.0,-0.0003528039598183763
12.0,1.01,5.0,-7.0349688049684e-05
12.0,1.01,6.0,-0.0005803984390444356
12.0,1.01,7.0,0.002343844392233313
12.0,1.01,8.0,-0.001079906570333175
12.0,1.01,9.0,-1.7578783773501904e-05
12.0,1.01,10.0,0.0016232937106233358
12.0,1.01,11.0,0.0012337173877544627
12.0,1.01,12.0,-2.9702368968026387e-05
12.0,1.01,13.0,-0.001320594361517352
12.0,1.01,14.0,-2.8244049096584622e-05
12.0,1.01,15.0,0.0006356381005447886
12.0,1.01,16.0,-0.00029381674175243955
12.0,1.01,17.0,-0.0023022802257657154
12.0,1.01,18.0,-0.0011940310865415776
12.0,1.01,19.0,0.0022585871232161936
12.0,1.01,20.0,-4.5119395079616225e-05
12.0,1.01,21.0,-0.002553153225564032
12.0,2.01,0.0,0.0006552218406316799
12.0,2.01,1.0,-9.393355358491051e-06
12.0,2.01,2.0,0.0018725126791757085
12.0,2.01,3.0,6.766498755272503e-07
12.0,2.01,4.0,-0.0006995070518689139
12.0,2.01,5.0,-0.0001592227711597477
12.0,2.01,6.0,-0.000575530452044809
12.0,2.01,7.0,0.0023555171583992396
12.0,2.01,8.0,-0.0012994191380843734
12.0,2.01,9.0,-1.7578771573672134e-05
12.0,2.01,10.0,0.0014251606426385899
12.0,2.01,11.0,0.0014630911927857593
12.0,2.01,12.0,-2.9702851370158635e-05
12.0,2.01,13.0,-0.0014566245321748772
12.0,2.01,14.0,0.0005222966073678559
12.0,2.01,15.0,0.0005591242656160511
12.0,2.01,16.0,-0.0003793503056685188
12.0,2.01,17.0,-0.0022886830887588767
12.0,2.01,18.0,-0.0013321879517038948
12.0,2.01,19.0,0.002882237234578866
12.0,2.01,20.0,-4.511935707166934e-05
12.0,2.01,21.0,-0.002505689410111687
12.0,3.01,0.0,0.00991217987549508
12.0,3.01,1.0,-9.393359437074403e-06
12.0,3.01,2.0,0.0030057013272605237
12.0,3.01,3.0,5.719375655245715e-07
12.0,3.01,4.0,-0.003409062185656231
12.0,3.01,5.0,-0.0008425661201113266
12.0,3.01,6.0,-0.0005606495783540555
12.0,3.01,7.0,0.0022790985166215305
12.0,3.01,8.0,-0.0030194790989531567
12.0,3.01,9.0,-1.757870869869237e-05
12.0,3.01,10.0,-0.00022714595499538637
12.0,3.01,11.0,0.0031059020783183455
12.0,3.01,12.0,-2.970525114030643e-05
12.0,3.01,13.0,-0.002578564197987493
12.0,3.01,14.0,0.004785724275189397
12.0,3.01,15.0,-0.00027061953486903767
12.0,3.01,16.0,-0.0011030276428994623
12.0,3.01,17.0,-0.002136186653139185
12.0,3.01,18.0,-0.0023312237064469915
12.0,3.01,19.0,0.007745380423638204
12.0,3.01,20.0,-4.511916708819421e-05
12.0,3.01,21.0,-0.002220791426425817
12.0,4.01,0.0,0.031202978711708552
12.0,4.01,1.0,-9.393371146194236e-06
12.0,4.01,2.0,0.006061752682151478
12.0,4.01,3.0,-2.3761181699608972e-07
12.0,4.01,4.0,-0.010415771652688088
12.0,4.01,5.0,-0.0026456582910771437
12.0,4.01,6.0,-0.0004148788179388907
12.0,4.01,7.0,0.0025445307246895893
12.0,4.01,8.0,-0.007404332539409086
12.0,4.01,9.0,-1.7578486871665393e-05
12.0,4.01,10.0,-0.0042245330811598175
12.0,4.01,11.0,0.007764442168511743
12.0,4.01,12.0,-2.9710950137300924e-05
12.0,4.01,13.0,-0.0051901623179995415
12.0,4.01,14.0,0.01609316807962214
12.0,4.01,15.0,-0.0016183317575880485
12.0,4.01,16.0,-0.0027439235199178957
12.0,4.01,17.0,-0.0018209626558420115
12.0,4.01,18.0,-0.0050459146924304865
12.0,4.01,19.0,0.020196484976176432
12.0,4.01,20.0,-4.511852905352465e-05
12.0,4.01,21.0,-0.000856371320772356
12.0,5.01,0.0,0.04864499465655373
12.0,5.01,1.0,-9.393387139790049e-06
12.0,5.01,2.0,0.00956051873278152
12.0,5.01,3.0,-2.898210016998436e-07
12.0,5.01,4.0,-0.015984644054627017
12.0,5.01,5.0,-0.0042727198314966575
12.0,5.01,6.0,-9.748644439802612e-05
12.0,5.01,7.0,0.0034127719826147623
12.0,5.01,8.0,-0.011550720460142785
12.0,5.01,9.0,-1.757807174547185e-05
12.0,5.01,10.0,-0.007717598009597024
12.0,5.01,11.0,0.014408181162049727
12.0,5.01,12.0,-2.9716436186195183e-05
12.0,5.01,13.0,-0.007035599248227997
12.0,5.01,14.0,0.026000383948561794
12.0,5.01,15.0,-0.0019373915208756032
12.0,5.01,16.0,-0.003839541583089412
12.0,5.01,17.0,-0.0018350792427411396
12.0,5.01,18.0,-0.007911690249851944
12.0,5.01,19.0,0.03166145339840731
12.0,5.01,20.0,-4.511749533382953e-05
12.0,5.01,21.0,0.0032815520378381142
12.0,6.01,0.0,0.06277821831157479
12.0,6.01,1.0,-9.393402079863465e-06
12.0,6.01,2.0,0.013287660318436534
12.0,6.01,3.0,1.0498728792183188e-07
12.0,6.01,4.0,-0.01818931028510004
12.0,6.01,5.0,-0.005068862140994959
12.0,6.01,6.0,0.00010433489956063191
12.0,6.01,7.0,0.00414835865078414
12.0,6.01,8.0,-0.015083329963374331
12.0,6.01,9.0,-1.75775572229969e-05
12.0,6.01,10.0,-0.010963359796137273
12.0,6.01,11.0,0.023533451459620214
12.0,6.01,12.0,-2.9720143970445646e-05
12.0,6.01,13.0,-0.007864764987660922
12.0,6.01,14.0,0.03231152791489839
12.0,6.01,15.0,-0.0021703279340810344
12.0,6.01,16.0,-0.0042909574375605
12.0,6.01,17.0,-0.002176100679643137
12.0,6.01,18.0,-0.010344833503989764
12.0,6.01,19.0,0.04080232441363402
12.0,6.01,20.0,-4.511656773146352e-05
12.0,6.01,21.0,0.011443146570680997
12.0,7.01,0.0,0.07621773505553092
12.0,7.01,1.0,-9.393415119622553e-06
12.0,7.01,2.0,0.01740244512419309
12.0,7.01,3.0,-3.1929368836133074e-07
12.0,7.01,4.0,-0.01829486287808496
12.0,7.01,5.0,-0.005142300196281799
12.0,7.01,6.0,3.819525615275654e-06
12.0,7.01,7.0,0.004700111223067904
12.0,7.01,8.0,-0.018433140134613946
12.0,7.01,9.0,-1.757706837526285e-05
12.0,7.01,10.0,-0.014522282851764184
12.0,7.01,11.0,0.034532128720938415
12.0,7.01,12.0,-2.9722455377527974e-05
12.0,7.01,13.0,-0.008214902209856462
12.0,7.01,14.0,0.036772977651735796
12.0,7.01,15.0,-0.0026294684672865665
12.0,7.01,16.0,-0.004461568859501469
12.0,7.01,17.0,-0.0026654898040700224
12.0,7.01,18.0,-0.01259253706769535
12.0,7.01,19.0,0.04924531440370594
12.0,7.01,20.0,-4.5116156769358975e-05
12.0,7.01,21.0,0.021781409397905255
12.0,8.01,0.0,0.08995325871967469
12.0,8.01,1.0,-9.393426717396527e-06
12.0,8.01,2.0,0.02158552371018052
12.0,8.01,3.0,5.262311299890642e-07
12.0,8.01,4.0,-0.01805305552490391
12.0,8.01,5.0,-0.004855037551825397
12.0,8.01,6.0,-0.00042820508017939185
12.0,8.01,7.0,0.005190733882666845
12.0,8.01,8.0,-0.021710794917109602
12.0,8.01,9.0,-1.7576667178420108e-05
12.0,8.01,10.0,-0.018279376549483528
12.0,8.01,11.0,0.045376434558752565
12.0,8.01,12.0,-2.9723849869493177e-05
12.0,8.01,13.0,-0.008681691779570733
12.0,8.01,14.0,0.04095780213294601
12.0,8.01,15.0,-0.0033568985761961434
12.0,8.01,16.0,-0.004747552781084463
12.0,8.01,17.0,-0.003150526103868562
12.0,8.01,18.0,-0.014816990914771525
12.0,8.01,19.0,0.05778736681312635
12.0,8.01,20.0,-4.511628530698388e-05
12.0,8.01,21.0,0.03126062257626298
12.0,9.01,0.0,0.10417661816179162
12.0,9.01,1.0,-9.39343713041272e-06
12.0,9.01,2.0,0.025560417992721463
12.0,9.01,3.0,-3.5076054681757856e-07
12.0,9.01,4.0,-0.018404736894824386
12.0,9.01,5.0,-0.004556207246346339
12.0,9.01,6.0,-0.0010173034914289503
12.0,9.01,7.0,0.00570655089959643
12.0,9.01,8.0,-0.024963579983017167
12.0,9.01,9.0,-1.7576337542078634e-05
12.0,9.01,10.0,-0.02205032109795528
12.0,9.01,11.0,0.05522742952758036
12.0,9.01,12.0,-2.972468010326171e-05
12.0,9.01,13.0,-0.009450348692858157
12.0,9.01,14.0,0.04564099523928831
12.0,9.01,15.0,-0.004240723906427629
12.0,9.01,16.0,-0.00530601814126061
12.0,9.01,17.0,-0.0035552166031153597
12.0,9.01,18.0,-0.01709442841855567
12.0,9.01,19.0,0.06658414986431815
12.0,9.01,20.0,-4.511673277719616e-05
12.0,9.01,21.0,0.03924885808321644
12.0,10.01,0.0,0.11866102857463663
12.0,10.01,1.0,-9.393446358856953e-06
12.0,10.01,2.0,0.02931332906379014
12.0,10.01,3.0,6.067106540952211e-07
12.0,10.01,4.0,-0.01937524554129888
12.0,10.01,5.0,-0.004394037345463703
12.0,10.01,6.0,-0.0015938510677682843
12.0,10.01,7.0,0.006259205602587553
12.0,10.01,8.0,-0.028218706674365948
12.0,10.01,9.0,-1.757604454929161e-05
12.0,10.01,10.0,-0.025765353440155167
12.0,10.01,11.0,0.0643360127053571
12.0,10.01,12.0,-2.9725173997465552e-05
12.0,10.01,13.0,-0.010404849636816538
12.0,10.01,14.0,0.05083473542484577
12.0,10.01,15.0,-0.005141718978826426
12.0,10.01,16.0,-0.006051469568308349
12.0,10.01,17.0,-0.0038817266875795335
12.0,10.01,18.0,-0.019429804752668603
12.0,10.01,19.0,0.0755250000993915
12.0,10.01,20.0,-4.511730586131668e-05
12.0,10.01,21.0,0.04640526802044717
13.0,0.01,0.0,-2.5785260479485594e-05
13.0,0.01,1.0,-1.1152716270522561e-08
13.0,0.01,2.0,0.0006622602655884276
13.0,0.01,3.0,0.002341321671966108
13.0,0.01,4.0,-0.00016796224104012603
13.0,0.01,5.0,0.0009089982978606609
13.0,0.01,6.0,-3.1070686720745626e-11
13.0,0.01,7.0,-0.0008022394611694184
13.0,0.01,8.0,-3.0393548987288867e-12
13.0,0.01,9.0,-0.0010990212250893833
13.0,0.01,10.0,-0.00013762804511879834
13.0,0.01,11.0,-0.0008737480293017907
13.0,0.01,12.0,-1.143487096459685e-10
13.0,0.01,13.0,0.0006625712664074246
13.0,0.01,14.0,-0.0013261402889696572
13.0,0.01,15.0,-1.310880978904477e-07
13.0,0.01,16.0,-0.002713379444454156
13.0,0.01,17.0,-0.0019030096512795691
13.0,0.01,18.0,-6.590142058778139e-05
13.0,0.01,19.0,-0.001879337301026407
13.0,0.01,20.0,-0.0033596121407903252
13.0,0.01,21.0,-0.00030465965843887166
13.0,1.01,0.0,0.012480518661178164
13.0,1.01,1.0,-1.1152716298049142e-08
13.0,1.01,2.0,0.0008961073465230812
13.0,1.01,3.0,0.006096795916944037
13.0,1.01,4.0,0.00017028498522786428
13.0,1.01,5.0,-0.0017726753705837456
13.0,1.01,6.0,-3.1070686720897685e-11
13.0,1.01,7.0,-0.000849012867101484
13.0,1.01,8.0,-3.0393548987568453e-12
13.0,1.01,9.0,0.0012046112049249047
13.0,1.01,10.0,0.0017296562663376147
13.0,1.01,11.0,-0.0014400256261827837
13.0,1.01,12.0,-1.143487096483255e-10
13.0,1.01,13.0,0.0020678749003467667
13.0,1.01,14.0,-0.00226188069443517
13.0,1.01,15.0,-1.310881017158035e-07
13.0,1.01,16.0,-0.0024044355623564773
13.0,1.01,17.0,2.8688097648083e-05
13.0,1.01,18.0,-6.597270688535026e-05
13.0,1.01,19.0,-0.00620475349709021
13.0,1.01,20.0,-0.0029339179923751797
13.0,1.01,21.0,0.0007273750785127264
13.0,2.01,0.0,0.024122525468632527
13.0,2.01,1.0,-1.1152716294972215e-08
13.0,2.01,2.0,0.0011146891623262378
13.0,2.01,3.0,0.009596609971034946
13.0,2.01,4.0,0.0004931500853591619
13.0,2.01,5.0,-0.004270535989784843
13.0,2.01,6.0,-3.1070686720810825e-11
13.0,2.01,7.0,-0.0007994725399286806
13.0,2.01,8.0,-3.0393548987444262e-12
13.0,2.01,9.0,0.003350788904796384
13.0,2.01,10.0,0.0035326510214627183
13.0,2.01,11.0,-0.0019646278083486346
13.0,2.01,12.0,-1.1434870964843045e-10
13.0,2.01,13.0,0.0033185182498295385
13.0,2.01,14.0,-0.0030324879559915363
13.0,2.01,15.0,-1.3108810332606758e-07
13.0,2.01,16.0,-0.002115810516078509
13.0,2.01,17.0,0.0018187273527483783
13.0,2.01,18.0,-6.600580304416284e-05
13.0,2.01,19.0,-0.010278970031632029
13.0,2.01,20.0,-0.0025261919405304353
13.0,2.01,21.0,0.0016943658629696157
13.0,3.01,0.0,0.034935802886695386
13.0,3.01,1.0,-1.1152716297810874e-08
13.0,3.01,2.0,0.0013188038316155684
13.0,3.01,3.0,0.012875208511504956
13.0,3.01,4.0,0.0008073168993963376
13.0,3.01,5.0,-0.006592214907358604
13.0,3.01,6.0,-3.107068672082287e-11
13.0,3.01,7.0,-0.0006525162975323795
13.0,3.01,8.0,-3.0393548987473702e-12
13.0,3.01,9.0,0.005354874220775643
13.0,3.01,10.0,0.005294893294462644
13.0,3.01,11.0,-0.0024778797967319743
13.0,3.01,12.0,-1.1434870964885095e-10
13.0,3.01,13.0,0.004495959012981471
13.0,3.01,14.0,-0.0036855512102423327
13.0,3.01,15.0,-1.310881041125003e-07
13.0,3.01,16.0,-0.0017142340828174008
13.0,3.01,17.0,0.0035088002978528043
13.0,3.01,18.0,-6.602164009430182e-05
13.0,3.01,19.0,-0.014170733763743587
13.0,3.01,20.0,-0.002139350035372009
13.0,3.01,21.0,0.002618732742108526
13.0,4.01,0.0,0.04499238272254999
13.0,4.01,1.0,-1.1152716299120675e-08
13.0,4.01,2.0,0.0015098842133909746
13.0,4.01,3.0,0.01594983626701038
13.0,4.01,4.0,0.001108535751116052
13.0,4.01,5.0,-0.008758677865496611
13.0,4.01,6.0,-3.107068672085444e-11
13.0,4.01,7.0,-0.0004853534959388117
13.0,4.01,8.0,-3.039354898753035e-12
13.0,4.01,9.0,0.007232814272026475
13.0,4.01,10.0,0.006971307372617863
13.0,4.01,11.0,-0.002979090431945927
13.0,4.01,12.0,-1.1434870964911821e-10
13.0,4.01,13.0,0.005637496046163926
13.0,4.01,14.0,-0.004297017464990227
13.0,4.01,15.0,-1.3108810449108373e-07
13.0,4.01,16.0,-0.0012210288656517854
13.0,4.01,17.0,0.0051175242257590625
13.0,4.01,18.0,-6.602947163401021e-05
13.0,4.01,19.0,-0.017871207517801357
13.0,4.01,20.0,-0.001772427061905349
13.0,4.01,21.0,0.0035010031093416216
13.0,5.01,0.0,0.0543199720702604
13.0,5.01,1.0,-1.115271629923944e-08
13.0,5.01,2.0,0.0016900360667655712
13.0,5.01,3.0,0.018852280130486385
13.0,5.01,4.0,0.0014050003593454874
13.0,5.01,5.0,-0.010783723951760055
13.0,5.01,6.0,-3.107068672082548e-11
13.0,5.01,7.0,-0.0002489111187787829
13.0,5.01,8.0,-3.039354898751232e-12
13.0,5.01,9.0,0.008996556055777497
13.0,5.01,10.0,0.008606092940782128
13.0,5.01,11.0,-0.0034749502709609387
13.0,5.01,12.0,-1.143487096491853e-10
13.0,5.01,13.0,0.0067344140832144295
13.0,5.01,14.0,-0.0048228322213473285
13.0,5.01,15.0,-1.310881046728199e-07
13.0,5.01,16.0,-0.000634090142182131
13.0,5.01,17.0,0.006650761253186005
13.0,5.01,18.0,-6.603347114998942e-05
13.0,5.01,19.0,-0.021430398243017235
13.0,5.01,20.0,-0.0014265677592774535
13.0,5.01,21.0,0.004349657024065506
13.0,6.01,0.0,0.06355328713129119
13.0,6.01,1.0,-1.1152716299889988e-08
13.0,6.01,2.0,0.001863017594706258
13.0,6.01,3.0,0.02149648550880677
13.0,6.01,4.0,0.001624931290610615
13.0,6.01,5.0,-0.012761122175855386
13.0,6.01,6.0,-3.1070686720859215e-11
13.0,6.01,7.0,-0.0002606552649917493
13.0,6.01,8.0,-3.0393548987551836e-12
13.0,6.01,9.0,0.010658946592943558
13.0,6.01,10.0,0.009925486987844845
13.0,6.01,11.0,-0.00375586986118126
13.0,6.01,12.0,-1.1434870964927458e-10
13.0,6.01,13.0,0.007456746463982977
13.0,6.01,14.0,-0.005292077787627358
13.0,6.01,15.0,-1.3108810476922905e-07
13.0,6.01,16.0,-0.0009735729882283661
13.0,6.01,17.0,0.007936140211373871
13.0,6.01,18.0,-6.603557837456547e-05
13.0,6.01,19.0,-0.02428858006256568
13.0,6.01,20.0,-0.001085890354056561
13.0,6.01,21.0,0.005029575173506523
13.0,7.01,0.0,0.07192905208405945
13.0,7.01,1.0,-1.1152716299970836e-08
13.0,7.01,2.0,0.002024102756140865
13.0,7.01,3.0,0.02404161710665914
13.0,7.01,4.0,0.0018730562032942821
13.0,7.01,5.0,-0.01457506180883248
13.0,7.01,6.0,-3.107068672084879e-11
13.0,7.01,7.0,-9.844267891379044e-05
13.0,7.01,8.0,-3.0393548987554094e-12
13.0,7.01,9.0,0.01222381921283272
13.0,7.01,10.0,0.011324048976580986
13.0,7.01,11.0,-0.0041405206909102404
13.0,7.01,12.0,-1.143487096493053e-10
13.0,7.01,13.0,0.008334787084191858
13.0,7.01,14.0,-0.005727876399122145
13.0,7.01,15.0,-1.310881048199947e-07
13.0,7.01,16.0,-0.000697012084547588
13.0,7.01,17.0,0.009252691978816896
13.0,7.01,18.0,-6.603671583622359e-05
13.0,7.01,19.0,-0.027306047478302675
13.0,7.01,20.0,-0.0007697349451177386
13.0,7.01,21.0,0.005750045935409065
13.0,8.01,0.0,0.07997420473082648
13.0,8.01,1.0,-1.1152716300085517e-08
13.0,8.01,2.0,0.0021763323978775465
13.0,8.01,3.0,0.026407663215264762
13.0,8.01,4.0,0.002085752507344968
13.0,8.01,5.0,-0.01630117686499076
13.0,8.01,6.0,-3.107068672086545e-11
13.0,8.01,7.0,-5.7516403589696896e-05
13.0,8.01,8.0,-3.03935489875713e-12
13.0,8.01,9.0,0.013700335259876698
13.0,8.01,10.0,0.012552079049004877
13.0,8.01,11.0,-0.0044625297102171835
13.0,8.01,12.0,-1.143487096493416e-10
13.0,8.01,13.0,0.009109400629866898
13.0,8.01,14.0,-0.006197934361570567
13.0,8.01,15.0,-1.3108810484811042e-07
13.0,8.01,16.0,-0.0006434330822253087
13.0,8.01,17.0,0.010462527856026027
13.0,8.01,18.0,-6.603734982726341e-05
13.0,8.01,19.0,-0.03001415594342549
13.0,8.01,20.0,-0.0004662881079508657
13.0,8.01,21.0,0.006397520146536606
13.0,9.01,0.0,0.08754553128616144
13.0,9.01,1.0,-1.1152716300134445e-08
13.0,9.01,2.0,0.0023200788110336323
13.0,9.01,3.0,0.02864610072467426
13.0,9.01,4.0,0.002290348380365459
13.0,9.01,5.0,-0.01792726743771704
13.0,9.01,6.0,-3.107068672087724e-11
13.0,9.01,7.0,-2.0656137639241123e-06
13.0,9.01,8.0,-3.039354898758205e-12
13.0,9.01,9.0,0.0150956618697963
13.0,9.01,10.0,0.013727121989266206
13.0,9.01,11.0,-0.004778329391748187
13.0,9.01,12.0,-1.1434870964936447e-10
13.0,9.01,13.0,0.009860595411475825
13.0,9.01,14.0,-0.006641470823060991
13.0,9.01,15.0,-1.31088104863928e-07
13.0,9.01,16.0,-0.0005324795687032258
13.0,9.01,17.0,0.01161741361023294
13.0,9.01,18.0,-6.60377116772509e-05
13.0,9.01,19.0,-0.03260436403742531
13.0,9.01,20.0,-0.000178250841074451
13.0,9.01,21.0,0.007017309166287594
13.0,10.01,0.0,0.09469387174243782
13.0,10.01,1.0,-1.1152716300154007e-08
13.0,10.01,2.0,0.002456243844341087
13.0,10.01,3.0,0.030766559357609427
13.0,10.01,4.0,0.0024864671936358496
13.0,10.01,5.0,-0.019464017974848175
13.0,10.01,6.0,-3.1070686720880735e-11
13.0,10.01,7.0,6.579442644288891e-05
13.0,10.01,8.0,-3.039354898758655e-12
13.0,10.01,9.0,0.016416515492411812
13.0,10.01,10.0,0.014851260862218219
13.0,10.01,11.0,-0.005082030844564656
13.0,10.01,12.0,-1.1434870964937485e-10
13.0,10.01,13.0,0.010577234810836389
13.0,10.01,14.0,-0.007052348702027478
13.0,10.01,15.0,-1.310881048729966e-07
13.0,10.01,16.0,-0.00039895351622099007
13.0,10.01,17.0,0.012715834263131054
13.0,10.01,18.0,-6.60379232586424e-05
13.0,10.01,19.0,-0.035072336873077814
13.0,10.01,20.0,9.567046943656163e-05
13.0,10.01,21.0,0.007608278223604603
14.0,0.01,0.0,-0.00047990807029587863
14.0,0.01,1.0,0.0005078158111609388
14.0,0.01,2.0,-8.786519210390044e-05
14.0,0.01,3.0,1.4075928521416455e-06
14.0,0.01,4.0,2.6071259421556192e-05
14.0,0.01,5.0,-0.0005413424713003323
14.0,0.01,6.0,0.00011304341132122031
14.0,0.01,7.0,0.00034047985817337034
14.0,0.01,8.0,-0.0006676402014098859
14.0,0.01,9.0,0.00012623929860301752
14.0,0.01,10.0,-6.832772755441946e-05
14.0,0.01,11.0,-3.3054244719013526e-05
14.0,0.01,12.0,-0.0008869197882553914
14.0,0.01,13.0,-7.354194604385463e-07
14.0,0.01,14.0,-0.00017057606702908235
14.0,0.01,15.0,-1.6403900006063001e-07
14.0,0.01,16.0,0.00015270555959193133
14.0,0.01,17.0,-0.0006152961206739142
14.0,0.01,18.0,-0.0003409981424004338
14.0,0.01,19.0,-2.574578394959337e-05
14.0,0.01,20.0,0.0007423926948414844
14.0,0.01,21.0,0.00012280327507691036
14.0,1.01,0.0,0.004103678842836592
14.0,1.01,1.0,-0.0009314659795537084
14.0,1.01,2.0,-8.786459329782554e-05
14.0,1.01,3.0,1.5196087498213972e-06
14.0,1.01,4.0,-0.0006736109210117303
14.0,1.01,5.0,0.0010491912819974858
14.0,1.01,6.0,0.000876012167093973
14.0,1.01,7.0,0.0001201406430154095
14.0,1.01,8.0,-6.204167286408963e-05
14.0,1.01,9.0,-0.0007787699046077068
14.0,1.01,10.0,-0.00018629603984692683
14.0,1.01,11.0,0.0006361781922783194
14.0,1.01,12.0,-0.00034760387503689205
14.0,1.01,13.0,-7.354195285232831e-07
14.0,1.01,14.0,-0.00017079169848630005
14.0,1.01,15.0,-1.6403902384599367e-07
14.0,1.01,16.0,0.00037593412071676435
14.0,1.01,17.0,-0.0006190115615041113
14.0,1.01,18.0,-0.0002554789230730381
14.0,1.01,19.0,-6.499886349448092e-05
14.0,1.01,20.0,0.0005587853301371182
14.0,1.01,21.0,0.0009965635056302102
14.0,2.01,0.0,0.04697233679170135
14.0,2.01,1.0,-0.015674567239326836
14.0,2.01,2.0,-8.785261156046835e-05
14.0,2.01,3.0,7.248499822123614e-07
14.0,2.01,4.0,-0.008388683626463528
14.0,2.01,5.0,0.017254210951616555
14.0,2.01,6.0,0.008253254333077081
14.0,2.01,7.0,-0.002197892146114544
14.0,2.01,8.0,0.0066346808519813505
14.0,2.01,9.0,-0.010528139606806888
14.0,2.01,10.0,-0.0015362206413911186
14.0,2.01,11.0,0.007672681930176478
14.0,2.01,12.0,0.0058441710736944485
14.0,2.01,13.0,-7.354201389264045e-07
14.0,2.01,14.0,-0.00043039918004295075
14.0,2.01,15.0,-1.6403918225971177e-07
14.0,2.01,16.0,0.0019838596826002586
14.0,2.01,17.0,-0.0006982630220908855
14.0,2.01,18.0,0.00041450802689352306
14.0,2.01,19.0,-0.0003570223288593133
14.0,2.01,20.0,-0.002480121439180666
14.0,2.01,21.0,0.009976971613311958
14.0,3.01,0.0,0.08592290693980476
14.0,3.01,1.0,-0.029175290628366074
14.0,3.01,2.0,-8.779809491988715e-05
14.0,3.01,3.0,3.123584882306559e-07
14.0,3.01,4.0,-0.015644162170308146
14.0,3.01,5.0,0.03210148356388065
14.0,3.01,6.0,0.014772907561237933
14.0,3.01,7.0,-0.00445116638801224
14.0,3.01,8.0,0.013047787592102442
14.0,3.01,9.0,-0.019607096515121394
14.0,3.01,10.0,-0.002859934433325717
14.0,3.01,11.0,0.014147201316206295
14.0,3.01,12.0,0.011696270740772077
14.0,3.01,13.0,-7.354205291464148e-07
14.0,3.01,14.0,-0.0007112198683213167
14.0,3.01,15.0,-1.6403923031583608e-07
14.0,3.01,16.0,0.0032011494592980305
14.0,3.01,17.0,-0.0008908563990789617
14.0,3.01,18.0,0.0012317262741320945
14.0,3.01,19.0,-0.0007446640179222253
14.0,3.01,20.0,-0.005738740421547692
14.0,3.01,21.0,0.018099118180859908
14.0,4.01,0.0,0.12860643451911755
14.0,4.01,1.0,-0.04384182241129872
14.0,4.01,2.0,-8.75660828559937e-05
14.0,4.01,3.0,4.764538369841039e-07
14.0,4.01,4.0,-0.023443844249748075
14.0,4.01,5.0,0.04824141560586187
14.0,4.01,6.0,0.02198209107688448
14.0,4.01,7.0,-0.006845692208266307
14.0,4.01,8.0,0.01991409594636067
14.0,4.01,9.0,-0.029395661644166612
14.0,4.01,10.0,-0.004281805856023502
14.0,4.01,11.0,0.02117640577632572
14.0,4.01,12.0,0.017924549338345058
14.0,4.01,13.0,-7.354206739070341e-07
14.0,4.01,14.0,-0.0009800618020539276
14.0,4.01,15.0,-1.6403923645339158e-07
14.0,4.01,16.0,0.004650833604867649
14.0,4.01,17.0,-0.001082171058287772
14.0,4.01,18.0,0.0020630162230727556
14.0,4.01,19.0,-0.0011493137250135899
14.0,4.01,20.0,-0.009042970725797045
14.0,4.01,21.0,0.026965701165262257
14.0,5.01,0.0,0.17592337834230795
14.0,5.01,1.0,-0.06008919441068317
14.0,5.01,2.0,-8.643047123171871e-05
14.0,5.01,3.0,2.494722920708579e-07
14.0,5.01,4.0,-0.03206463701141682
14.0,5.01,5.0,0.06612664719142952
14.0,5.01,6.0,0.02998601276989052
14.0,5.01,7.0,-0.00949259966830382
14.0,5.01,8.0,0.027502890462162873
14.0,5.01,9.0,-0.04021736530642771
14.0,5.01,10.0,-0.005859948164114288
14.0,5.01,11.0,0.02894995857708603
14.0,5.01,12.0,0.024821873660070173
14.0,5.01,13.0,-7.35420720743245e-07
14.0,5.01,14.0,-0.0012703999735035054
14.0,5.01,15.0,-1.6403923704344735e-07
14.0,5.01,16.0,0.006272497153438555
14.0,5.01,17.0,-0.0012593353144726436
14.0,5.01,18.0,0.0029732158031547384
14.0,5.01,19.0,-0.0015873978049608661
14.0,5.01,20.0,-0.012672404609827395
14.0,5.01,21.0,0.03678721391703399
14.0,6.01,0.0,0.22869387501599223
14.0,6.01,1.0,-0.07819018876936043
14.0,6.01,2.0,-7.992222865621916e-05
14.0,6.01,3.0,1.7699984797049123e-06
14.0,6.01,4.0,-0.04165566649582669
14.0,6.01,5.0,0.0860717950901127
14.0,6.01,6.0,0.038915611086263874
14.0,6.01,7.0,-0.012444756047850641
14.0,6.01,8.0,0.03596936576387214
14.0,6.01,9.0,-0.05224487402860084
14.0,6.01,10.0,-0.007637684483820361
14.0,6.01,11.0,0.03759495142697174
14.0,6.01,12.0,0.032519024806889424
14.0,6.01,13.0,-7.354207340593017e-07
14.0,6.01,14.0,-0.0015795824829619443
14.0,6.01,15.0,-1.6403923708672812e-07
14.0,6.01,16.0,0.008083233801093687
14.0,6.01,17.0,-0.0014169912798461144
14.0,6.01,18.0,0.0039951078516075045
14.0,6.01,19.0,-0.0020732086473114753
14.0,6.01,20.0,-0.016709320951741186
14.0,6.01,21.0,0.04772097627865135
14.0,7.01,0.0,0.2879503870778063
14.0,7.01,1.0,-0.09845485934324939
14.0,7.01,2.0,-3.608314705958562e-05
14.0,7.01,3.0,7.365756254552042e-07
14.0,7.01,4.0,-0.05238530827371378
14.0,7.01,5.0,0.10845917503331565
14.0,7.01,6.0,0.048942088590488625
14.0,7.01,7.0,-0.015763399287522628
14.0,7.01,8.0,0.04551450083145591
14.0,7.01,9.0,-0.06564550522175028
14.0,7.01,10.0,-0.009686269246816738
14.0,7.01,11.0,0.04725839095626948
14.0,7.01,12.0,0.041163502630542304
14.0,7.01,13.0,-7.354207373192299e-07
14.0,7.01,14.0,-0.0018870668445674088
14.0,7.01,15.0,-1.640392370891386e-07
14.0,7.01,16.0,0.010111067191808626
14.0,7.01,17.0,-0.001550569340911072
14.0,7.01,18.0,0.005178061159551356
14.0,7.01,19.0,-0.0026286835053753177
14.0,7.01,20.0,-0.021238880827602016
14.0,7.01,21.0,0.059951532061554236
14.0,8.01,0.0,0.35495455009598054
14.0,8.01,1.0,-0.12119630885996592
14.0,8.01,2.0,0.00030714764583524067
14.0,8.01,3.0,-3.8457922943189705e-07
14.0,8.01,4.0,-0.06443356757832987
14.0,8.01,5.0,0.13383471688479565
14.0,8.01,6.0,0.060300788237439784
14.0,8.01,7.0,-0.01956137193114338
14.0,8.01,8.0,0.05651779104384869
14.0,8.01,9.0,-0.08045338475525912
14.0,8.01,10.0,-0.012158736064857914
14.0,8.01,11.0,0.05812764077110184
14.0,8.01,12.0,0.050968439969828236
14.0,8.01,13.0,-7.354207380292481e-07
14.0,8.01,14.0,-0.0020912692037396707
14.0,8.01,15.0,-1.6403923708930998e-07
14.0,8.01,16.0,0.012444852289968972
14.0,8.01,17.0,-0.0016572224752849864
14.0,8.01,18.0,0.006684022361087755
14.0,8.01,19.0,-0.003369036280590987
14.0,8.01,20.0,-0.026386319731278612
14.0,8.01,21.0,0.07366732277535487
14.0,9.01,0.0,0.43187664939012055
14.0,9.01,1.0,-0.14651337616267582
14.0,9.01,2.0,0.0031478351367650263
14.0,9.01,3.0,-4.972963346748686e-07
14.0,9.01,4.0,-0.07789463212252054
14.0,9.01,5.0,0.16256617118426497
14.0,9.01,6.0,0.07333696418083413
14.0,9.01,7.0,-0.024099318045531837
14.0,9.01,8.0,0.06997594517519112
14.0,9.01,9.0,-0.09580791886529302
14.0,9.01,10.0,-0.015452618412317529
14.0,9.01,11.0,0.0701321545008237
14.0,9.01,12.0,0.06249589673790586
14.0,9.01,13.0,-7.354207381604116e-07
14.0,9.01,14.0,-0.00170839947062143
14.0,9.01,15.0,-1.640392370893237e-07
14.0,9.01,16.0,0.015189589728551167
14.0,9.01,17.0,-0.001734979379615714
14.0,9.01,18.0,0.009041614131581166
14.0,9.01,19.0,-0.004395214588998442
14.0,9.01,20.0,-0.032559903403645896
14.0,9.01,21.0,0.0885709902485256
14.0,10.01,0.0,0.5220337313218212
14.0,10.01,1.0,-0.1736334690657562
14.0,10.01,2.0,0.019929132330379573
14.0,10.01,3.0,-4.977189920850445e-07
14.0,10.01,4.0,-0.09268325149058868
14.0,10.01,5.0,0.1943337197230725
14.0,10.01,6.0,0.08888613213538235
14.0,10.01,7.0,-0.030471887157183603
14.0,10.01,8.0,0.08927679034765165
14.0,10.01,9.0,-0.10788147528885993
14.0,10.01,10.0,-0.02044960501093066
14.0,10.01,11.0,0.082407242594277
14.0,10.01,12.0,0.07825583832093681
14.0,10.01,13.0,-7.354207381804061e-07
14.0,10.01,14.0,0.0012121142292953746
14.0,10.01,15.0,-1.6403923708932427e-07
14.0,10.01,16.0,0.01894628042915311
14.0,10.01,17.0,-0.0017862590949620767
14.0,10.01,18.0,0.01432481803912633
14.0,10.01,19.0,-0.006513286212533775
14.0,10.01,20.0,-0.04134408694415873
14.0,10.01,21.0,0.10224300607748782
15.0,0.01,0.0,-0.007126845531568615
15.0,0.01,1.0,-0.0033633074413162685
15.0,0.01,2.0,0.0023710363034434856
15.0,0.01,3.0,-0.0017381517491096843
15.0,0.01,4.0,0.0004789050647300147
15.0,0.01,5.0,0.0052580391373322904
15.0,0.01,6.0,-6.748243486830466e-05
15.0,0.01,7.0,-0.0031634922043221807
15.0,0.01,8.0,0.007328494828420205
15.0,0.01,9.0,0.0002634895802599846
15.0,0.01,10.0,-0.00902589384945734
15.0,0.01,11.0,0.004968736869592546
15.0,0.01,12.0,-0.005806576468585206
15.0,0.01,13.0,-0.00042503622533146546
15.0,0.01,14.0,0.006762136683995071
15.0,0.01,15.0,0.005202577027753008
15.0,0.01,16.0,-0.00018000853585064427
15.0,0.01,17.0,-0.0008075885433738855
15.0,0.01,18.0,0.0023855649904923615
15.0,0.01,19.0,-0.010202746244658029
15.0,0.01,20.0,-0.00969874475563337
15.0,0.01,21.0,0.004480025099121099
15.0,1.01,0.0,0.006108357892111713
15.0,1.01,1.0,-0.0037725166117973524
15.0,1.01,2.0,-0.0031698376754941415
15.0,1.01,3.0,0.0016947570742593954
15.0,1.01,4.0,-0.0012605856773364177
15.0,1.01,5.0,0.002650486688816303
15.0,1.01,6.0,-6.747367691412279e-05
15.0,1.01,7.0,-0.003089002991952883
15.0,1.01,8.0,0.000901465333173132
15.0,1.01,9.0,0.004433656077758585
15.0,1.01,10.0,-0.00412574883294573
15.0,1.01,11.0,0.00039735630415746806
15.0,1.01,12.0,-0.0032112567748316043
15.0,1.01,13.0,0.00010906236485967724
15.0,1.01,14.0,0.0028991337281570606
15.0,1.01,15.0,0.0025304483623433682
15.0,1.01,16.0,-0.00017987459489789958
15.0,1.01,17.0,-0.0009485892849652594
15.0,1.01,18.0,-0.0003138379163858396
15.0,1.01,19.0,-0.0022398048849765206
15.0,1.01,20.0,2.6991325643474506e-05
15.0,1.01,21.0,0.0006210590036888064
15.0,2.01,0.0,0.02013808582637079
15.0,2.01,1.0,-0.004077018874589549
15.0,2.01,2.0,-0.008689040773715434
15.0,2.01,3.0,0.004935518537454803
15.0,2.01,4.0,-0.003286542151749741
15.0,2.01,5.0,-0.0009631630538281949
15.0,2.01,6.0,-6.745374533910339e-05
15.0,2.01,7.0,-0.002997158584283602
15.0,2.01,8.0,-0.006598741240380318
15.0,2.01,9.0,0.007769392409910314
15.0,2.01,10.0,0.0035369737366173683
15.0,2.01,11.0,-0.002628449838915422
15.0,2.01,12.0,-0.00090531760808003
15.0,2.01,13.0,0.0004792659900291485
15.0,2.01,14.0,-0.0005622835848249769
15.0,2.01,15.0,-0.0006940274277422998
15.0,2.01,16.0,-0.00017962628853696876
15.0,2.01,17.0,-0.000621616216793644
15.0,2.01,18.0,-0.0018761696709138909
15.0,2.01,19.0,0.007268534547651528
15.0,2.01,20.0,0.010446314870150061
15.0,2.01,21.0,-0.0029341452887642894
15.0,3.01,0.0,0.0341620152542384
15.0,3.01,1.0,-0.004302805953772478
15.0,3.01,2.0,-0.013842207045403843
15.0,3.01,3.0,0.007702469315513938
15.0,3.01,4.0,-0.005277062236238014
15.0,3.01,5.0,-0.0054475987683643146
15.0,3.01,6.0,-6.74078275834432e-05
15.0,3.01,7.0,-0.0028848906023520348
15.0,3.01,8.0,-0.014432019745027821
15.0,3.01,9.0,0.010041078659977054
15.0,3.01,10.0,0.01334813728050782
15.0,3.01,11.0,-0.004416299124497749
15.0,3.01,12.0,0.0011283266190360228
15.0,3.01,13.0,0.0007239581606089951
15.0,3.01,14.0,-0.0036405086816711646
15.0,3.01,15.0,-0.004360800569294387
15.0,3.01,16.0,-0.0001791505287411133
15.0,3.01,17.0,0.0002991200957848106
15.0,3.01,18.0,-0.0023015268541080047
15.0,3.01,19.0,0.01794983004406528
15.0,3.01,20.0,0.02101154605122936
15.0,3.01,21.0,-0.00577691330846003
15.0,4.01,0.0,0.04701899974813323
15.0,4.01,1.0,-0.004464643552648426
15.0,4.01,2.0,-0.018585832581436063
15.0,4.01,3.0,0.009841509823963868
15.0,4.01,4.0,-0.006752185888551893
15.0,4.01,5.0,-0.01036124508781757
15.0,4.01,6.0,-6.730469642815842e-05
15.0,4.01,7.0,-0.0027464173749328145
15.0,4.01,8.0,-0.02162991772152981
15.0,4.01,9.0,0.011450879413600873
15.0,4.01,10.0,0.023903752491461934
15.0,4.01,11.0,-0.005409144507896584
15.0,4.01,12.0,0.0029475302108943058
15.0,4.01,13.0,0.0008935068381990957
15.0,4.01,14.0,-0.006317652016088693
15.0,4.01,15.0,-0.008160533384919122
15.0,4.01,16.0,-0.00017823821707927876
15.0,4.01,17.0,0.0017628171580159613
15.0,4.01,18.0,-0.0019187705132139299
15.0,4.01,19.0,0.029324475085463625
15.0,4.01,20.0,0.03089635368904628
15.0,4.01,21.0,-0.007751257993931782
15.0,5.01,0.0,0.05792406022620586
15.0,5.01,1.0,-0.00457523928438997
15.0,5.01,2.0,-0.022432198779985035
15.0,5.01,3.0,0.011312228856563994
15.0,5.01,4.0,-0.00780806633266283
15.0,5.01,5.0,-0.01528697370637793
15.0,5.01,6.0,-6.708500868837097e-05
15.0,5.01,7.0,-0.00257488428059959
15.0,5.01,8.0,-0.027461849433349395
15.0,5.01,9.0,0.011989934058880602
15.0,5.01,10.0,0.033797180242458126
15.0,5.01,11.0,-0.005952946319224274
15.0,5.01,12.0,0.004624797541898498
15.0,5.01,13.0,0.0010571331038204401
15.0,5.01,14.0,-0.00858864568933515
15.0,5.01,15.0,-0.011797994658005365
15.0,5.01,16.0,-0.00017653094418767097
15.0,5.01,17.0,0.0036287988569194823
15.0,5.01,18.0,-0.0009532068438676822
15.0,5.01,19.0,0.0398050051080632
15.0,5.01,20.0,0.03952082136570506
15.0,5.01,21.0,-0.009076943905359347
15.0,6.01,0.0,0.06659949371088492
15.0,6.01,1.0,-0.004647829834467789
15.0,6.01,2.0,-0.02557368697015963
15.0,6.01,3.0,0.012218393074957534
15.0,6.01,4.0,-0.008333651286177149
15.0,6.01,5.0,-0.019835339450080862
15.0,6.01,6.0,-6.664855242908474e-05
15.0,6.01,7.0,-0.0023612170667708368
15.0,6.01,8.0,-0.031745670808969284
15.0,6.01,9.0,0.012058457246200777
15.0,6.01,10.0,0.04224442996245232
15.0,6.01,11.0,-0.0062572510163220185
15.0,6.01,12.0,0.00618552755820714
15.0,6.01,13.0,0.0012212104497365817
15.0,6.01,14.0,-0.010433692904909017
15.0,6.01,15.0,-0.015027682050811703
15.0,6.01,16.0,-0.00017345839010115763
15.0,6.01,17.0,0.005663045741599121
15.0,6.01,18.0,0.00020729519715803613
15.0,6.01,19.0,0.04904006298917127
15.0,6.01,20.0,0.04659053849052222
15.0,6.01,21.0,-0.009893959636567473
15.0,7.01,0.0,0.0732580364803457
15.0,7.01,1.0,-0.004694439126400586
15.0,7.01,2.0,-0.02808020216097057
15.0,7.01,3.0,0.012701719820357088
15.0,7.01,4.0,-0.00844072088465575
15.0,7.01,5.0,-0.023847100471031356
15.0,7.01,6.0,-6.584289993016435e-05
15.0,7.01,7.0,-0.0020968932562041966
15.0,7.01,8.0,-0.03467482827046318
15.0,7.01,9.0,0.0118682490191368
15.0,7.01,10.0,0.04905728808311389
15.0,7.01,11.0,-0.006434289467794736
15.0,7.01,12.0,0.007637855808441729
15.0,7.01,13.0,0.001382089295845032
15.0,7.01,14.0,-0.011896404414382347
15.0,7.01,15.0,-0.017765334592692333
15.0,7.01,16.0,-0.00016818109787973038
15.0,7.01,17.0,0.007695436158290131
15.0,7.01,18.0,0.0013483202305323572
15.0,7.01,19.0,0.05678980568293171
15.0,7.01,20.0,0.052182858705496854
15.0,7.01,21.0,-0.010382450908532903
15.0,8.01,0.0,0.0782535627414146
15.0,8.01,1.0,-0.004724185580380386
15.0,8.01,2.0,-0.03026202941025463
15.0,8.01,3.0,0.012929683609778309
15.0,8.01,4.0,-0.008185294457304218
15.0,8.01,5.0,-0.02728387092784912
15.0,8.01,6.0,-6.445482636329546e-05
15.0,8.01,7.0,-0.0017742340626963394
15.0,8.01,8.0,-0.03659278781379206
15.0,8.01,9.0,0.011672846664234543
15.0,8.01,10.0,0.054417714562017945
15.0,8.01,11.0,-0.006542254088999749
15.0,8.01,12.0,0.00896942239216135
15.0,8.01,13.0,0.0015255275503123639
15.0,8.01,14.0,-0.013038059423712195
15.0,8.01,15.0,-0.02001106029237726
15.0,8.01,16.0,-0.00015953446842760218
15.0,8.01,17.0,0.009597305011746562
15.0,8.01,18.0,0.0022794772279331466
15.0,8.01,19.0,0.06340588660737848
15.0,8.01,20.0,0.05653112718253245
15.0,8.01,21.0,-0.010707173210474707
15.0,9.01,0.0,0.08216009596694515
15.0,9.01,1.0,-0.004743327677565861
15.0,9.01,2.0,-0.03178262321228273
15.0,9.01,3.0,0.012957601894172444
15.0,9.01,4.0,-0.00793634317293579
15.0,9.01,5.0,-0.03023455706191438
15.0,9.01,6.0,-6.220195684426743e-05
15.0,9.01,7.0,-0.001389964141373708
15.0,9.01,8.0,-0.03781781075197566
15.0,9.01,9.0,0.011279298729446968
15.0,9.01,10.0,0.058561887243731965
15.0,9.01,11.0,-0.006611065603073707
15.0,9.01,12.0,0.010207051525736775
15.0,9.01,13.0,0.0016633865498752454
15.0,9.01,14.0,-0.01395636659646951
15.0,9.01,15.0,-0.021874452192620422
15.0,9.01,16.0,-0.00014598596488787626
15.0,9.01,17.0,0.011353418021337575
15.0,9.01,18.0,0.003145363600209672
15.0,9.01,19.0,0.06826519868124206
15.0,9.01,20.0,0.05999058983222785
15.0,9.01,21.0,-0.010907885351582491
15.0,10.01,0.0,0.08519040251355003
15.0,10.01,1.0,-0.004755834519757615
15.0,10.01,2.0,-0.033100317298636245
15.0,10.01,3.0,0.012910993833997575
15.0,10.01,4.0,-0.007564050067344508
15.0,10.01,5.0,-0.03274644838157077
15.0,10.01,6.0,-5.8732097305585945e-05
15.0,10.01,7.0,-0.000940281295891444
15.0,10.01,8.0,-0.03859715651544929
15.0,10.01,9.0,0.010972596363398257
15.0,10.01,10.0,0.06181643090606131
15.0,10.01,11.0,-0.0066568487250551825
15.0,10.01,12.0,0.011332384269388665
15.0,10.01,13.0,0.0017806724013215147
15.0,10.01,14.0,-0.014694043759129527
15.0,10.01,15.0,-0.023398968168848094
15.0,10.01,16.0,-0.00012557824820010196
15.0,10.01,17.0,0.01291662862686202
15.0,10.01,18.0,0.0037927182008938853
15.0,10.01,19.0,0.07230761319661397
15.0,10.01,20.0,0.06276053211756583
15.0,10.01,21.0,-0.011075708897585745
16.0,0.01,0.0,-0.00015504149581510585
16.0,0.01,1.0,-1.9353703166160137e-10
16.0,0.01,2.0,0.00011777484014782735
16.0,0.01,3.0,0.0003579878042840323
16.0,0.01,4.0,-0.0008085943852206769
16.0,0.01,5.0,0.00012848333810903945
16.0,0.01,6.0,-6.618981680989178e-05
16.0,0.01,7.0,0.0006109336470188909
16.0,0.01,8.0,0.0003945635677955889
16.0,0.01,9.0,0.0004401432767827951
16.0,0.01,10.0,6.253898274302468e-07
16.0,0.01,11.0,-0.00020553398702261028
16.0,0.01,12.0,0.0003044052131456476
16.0,0.01,13.0,-1.0697228772542337e-08
16.0,0.01,14.0,-9.614623388369647e-06
16.0,0.01,15.0,-1.039170525729559e-09
16.0,0.01,16.0,-9.582898783760951e-05
16.0,0.01,17.0,0.0003000876610835257
16.0,0.01,18.0,-0.00010827100630062134
16.0,0.01,19.0,-6.011710908730364e-06
16.0,0.01,20.0,0.00019649672178539968
16.0,0.01,21.0,-0.00047768320376175504
16.0,1.01,0.0,0.01893101266881904
16.0,1.01,1.0,-1.9353702662245177e-10
16.0,1.01,2.0,-0.0033755371658258093
16.0,1.01,3.0,0.001366090415985427
16.0,1.01,4.0,-0.0008102354512853447
16.0,1.01,5.0,-0.0036446546686489806
16.0,1.01,6.0,0.004135570711914366
16.0,1.01,7.0,0.0055583341462268065
16.0,1.01,8.0,-0.0025160172027029054
16.0,1.01,9.0,-0.0017251367475241142
16.0,1.01,10.0,1.4706942235379367e-06
16.0,1.01,11.0,-0.00811066338947157
16.0,1.01,12.0,0.008018556763331713
16.0,1.01,13.0,-1.0697228784331323e-08
16.0,1.01,14.0,-9.616112350810488e-06
16.0,1.01,15.0,-1.0391705256350286e-09
16.0,1.01,16.0,0.0030995801166482373
16.0,1.01,17.0,0.005438399535845906
16.0,1.01,18.0,-0.00010832498540423391
16.0,1.01,19.0,-6.011910088321943e-06
16.0,1.01,20.0,0.012312823555360147
16.0,1.01,21.0,-0.0004786916331158256
16.0,2.01,0.0,0.03679533854505536
16.0,2.01,1.0,-1.9353698139490026e-10
16.0,2.01,2.0,-0.006642722788081978
16.0,2.01,3.0,0.0023101823392135123
16.0,2.01,4.0,-0.0008111811238328021
16.0,2.01,5.0,-0.0071726324753243476
16.0,2.01,6.0,0.008066158000931134
16.0,2.01,7.0,0.010186587916429068
16.0,2.01,8.0,-0.00524100796810964
16.0,2.01,9.0,-0.0037496703258277087
16.0,2.01,10.0,1.8215514227943177e-08
16.0,2.01,11.0,-0.015503190587527187
16.0,2.01,12.0,0.01523531837722622
16.0,2.01,13.0,-1.0697228798664421e-08
16.0,2.01,14.0,-9.616689029413111e-06
16.0,2.01,15.0,-1.039170525678346e-09
16.0,2.01,16.0,0.006090359415800717
16.0,2.01,17.0,0.010248998522136094
16.0,2.01,18.0,-0.0001083376312146353
16.0,2.01,19.0,-6.011972162218193e-06
16.0,2.01,20.0,0.023653098887491453
16.0,2.01,21.0,-0.00047942815125947224
16.0,3.01,0.0,0.05355195743750267
16.0,3.01,1.0,-1.9353677804763288e-10
16.0,3.01,2.0,-0.009705667615134583
16.0,3.01,3.0,0.0032050624404542927
16.0,3.01,4.0,-0.0008117393942749447
16.0,3.01,5.0,-0.010473341288028945
16.0,3.01,6.0,0.011755001674712384
16.0,3.01,7.0,0.014528533309879327
16.0,3.01,8.0,-0.007796862049573361
16.0,3.01,9.0,-0.005643405656295203
16.0,3.01,10.0,-1.4252299734981698e-07
16.0,3.01,11.0,-0.02241672911506871
16.0,3.01,12.0,0.021996937828409585
16.0,3.01,13.0,-1.0697228805964397e-08
16.0,3.01,14.0,-9.616920995119452e-06
16.0,3.01,15.0,-1.0391705256747833e-09
16.0,3.01,16.0,0.008899462472901742
16.0,3.01,17.0,0.014772125944279235
16.0,3.01,18.0,-0.00010834076654946631
16.0,3.01,19.0,-6.011992509233207e-06
16.0,3.01,20.0,0.034289392319303696
16.0,3.01,21.0,-0.00047997055407016684
16.0,4.01,0.0,0.06924770571778578
16.0,4.01,1.0,-1.935323894860965e-10
16.0,4.01,2.0,-0.012593037041419619
16.0,4.01,3.0,0.004072548077537624
16.0,4.01,4.0,-0.0008120752138823821
16.0,4.01,5.0,-0.013566336300930959
16.0,4.01,6.0,0.015252062104031017
16.0,4.01,7.0,0.018669865215918013
16.0,4.01,8.0,-0.01020441346923718
16.0,4.01,9.0,-0.007399211931683691
16.0,4.01,10.0,1.2907914639244298e-06
16.0,4.01,11.0,-0.028858342494596498
16.0,4.01,12.0,0.02835416021405468
16.0,4.01,13.0,-1.069722881230482e-08
16.0,4.01,14.0,-9.61701823497852e-06
16.0,4.01,15.0,-1.0391705257203852e-09
16.0,4.01,16.0,0.011513241652660405
16.0,4.01,17.0,0.019107403740211554
16.0,4.01,18.0,-0.00010834158928353828
16.0,4.01,19.0,-6.0119995711620455e-06
16.0,4.01,20.0,0.044316374479188486
16.0,4.01,21.0,-0.0004803738115518721
16.0,5.01,0.0,0.08402049152718184
16.0,5.01,1.0,-1.935158006390765e-10
16.0,5.01,2.0,-0.015300633638825667
16.0,5.01,3.0,0.004937979568382128
16.0,5.01,4.0,-0.0008122820169346685
16.0,5.01,5.0,-0.01643383625797279
16.0,5.01,6.0,0.01856797335639465
16.0,5.01,7.0,0.02258947472319242
16.0,5.01,8.0,-0.012469876940201116
16.0,5.01,9.0,-0.00901897591357953
16.0,5.01,10.0,3.763510885734027e-07
16.0,5.01,11.0,-0.034784296707742274
16.0,5.01,12.0,0.03430906603182002
16.0,5.01,13.0,-1.0697228816859572e-08
16.0,5.01,14.0,-9.617060611372103e-06
16.0,5.01,15.0,-1.0391705257864595e-09
16.0,5.01,16.0,0.013986917527729015
16.0,5.01,17.0,0.02329182486518655
16.0,5.01,18.0,-0.0001083418166050038
16.0,5.01,19.0,-6.0120021623241165e-06
16.0,5.01,20.0,0.053798800662242185
16.0,5.01,21.0,-0.0004806771778098278
16.0,6.01,0.0,0.0983265465806601
16.0,6.01,1.0,-1.9351587053385265e-10
16.0,6.01,2.0,-0.01777922837573437
16.0,6.01,3.0,0.005877420087035151
16.0,6.01,4.0,-0.0008124124558523482
16.0,6.01,5.0,-0.01900153829734333
16.0,6.01,6.0,0.021609476050277215
16.0,6.01,7.0,0.026057711272194056
16.0,6.01,8.0,-0.014573130894256166
16.0,6.01,9.0,-0.010546670269077518
16.0,6.01,10.0,-6.41291541044817e-07
16.0,6.01,11.0,-0.04006597073943036
16.0,6.01,12.0,0.039751341767094744
16.0,6.01,13.0,-1.0697228819467103e-08
16.0,6.01,14.0,-9.61707973444657e-06
16.0,6.01,15.0,-1.0391705258191925e-09
16.0,6.01,16.0,0.016526957207296522
16.0,6.01,17.0,0.027170409369496107
16.0,6.01,18.0,-0.00010834188214319349
16.0,6.01,19.0,-6.012003157968638e-06
16.0,6.01,20.0,0.06265599116089648
16.0,6.01,21.0,-0.00048090847970625714
16.0,7.01,0.0,0.11190135264967961
16.0,7.01,1.0,-1.9345605750665946e-10
16.0,7.01,2.0,-0.020106271114061297
16.0,7.01,3.0,0.0069727722302114215
16.0,7.01,4.0,-0.0008124959079158107
16.0,7.01,5.0,-0.02129870627595211
16.0,7.01,6.0,0.024583567183175337
16.0,7.01,7.0,0.029453215055052412
16.0,7.01,8.0,-0.016553382906137615
16.0,7.01,9.0,-0.011884847555252098
16.0,7.01,10.0,-6.317816965894834e-07
16.0,7.01,11.0,-0.04449016037888385
16.0,7.01,12.0,0.04478823105245694
16.0,7.01,13.0,-1.0697228820916264e-08
16.0,7.01,14.0,-9.617088671168111e-06
16.0,7.01,15.0,-1.039170525833111e-09
16.0,7.01,16.0,0.018963121017575885
16.0,7.01,17.0,0.03124546311559742
16.0,7.01,18.0,-0.00010834190175191732
16.0,7.01,19.0,-6.012003555023085e-06
16.0,7.01,20.0,0.07117925599426306
16.0,7.01,21.0,-0.0004810861576249367
16.0,8.01,0.0,0.12525454381867773
16.0,8.01,1.0,-1.9334892721275927e-10
16.0,8.01,2.0,-0.022230988487850933
16.0,8.01,3.0,0.008325973954069948
16.0,8.01,4.0,-0.0008125508270750601
16.0,8.01,5.0,-0.023245698750766958
16.0,8.01,6.0,0.027384259218088652
16.0,8.01,7.0,0.03250502023108484
16.0,8.01,8.0,-0.018386382685587642
16.0,8.01,9.0,-0.013082972646424884
16.0,8.01,10.0,-7.218985132416605e-07
16.0,8.01,11.0,-0.047854958902843914
16.0,8.01,12.0,0.04928277846722723
16.0,8.01,13.0,-1.0697228821793268e-08
16.0,8.01,14.0,-9.617092989820847e-06
16.0,8.01,15.0,-1.0391705258419417e-09
16.0,8.01,16.0,0.021518681053482397
16.0,8.01,17.0,0.035344704498606994
16.0,8.01,18.0,-0.00010834190779812055
16.0,8.01,19.0,-6.012003722261346e-06
16.0,8.01,20.0,0.07928842424686633
16.0,8.01,21.0,-0.0004812243068456894
16.0,9.01,0.0,0.13849131926188518
16.0,9.01,1.0,-1.9317781398710143e-10
16.0,9.01,2.0,-0.02418148275952625
16.0,9.01,3.0,0.009970172159305013
16.0,9.01,4.0,-0.0008125876068770253
16.0,9.01,5.0,-0.024857214392899715
16.0,9.01,6.0,0.030073319954838196
16.0,9.01,7.0,0.035307509122887354
16.0,9.01,8.0,-0.020091980798458267
16.0,9.01,9.0,-0.014133059820057192
16.0,9.01,10.0,-7.565544996805795e-07
16.0,9.01,11.0,-0.050119065755905634
16.0,9.01,12.0,0.05328561459626485
16.0,9.01,13.0,-1.0697228822324119e-08
16.0,9.01,14.0,-9.617095147093295e-06
16.0,9.01,15.0,-1.0391705258488658e-09
16.0,9.01,16.0,0.024199534040312554
16.0,9.01,17.0,0.03961088892127665
16.0,9.01,18.0,-0.0001083419097105959
16.0,9.01,19.0,-6.012003795154616e-06
16.0,9.01,20.0,0.08710896732493353
16.0,9.01,21.0,-0.00048133254178665905
16.0,10.01,0.0,0.15159638790758578
16.0,10.01,1.0,-1.9260738921401557e-10
16.0,10.01,2.0,-0.02599960268221088
16.0,10.01,3.0,0.011861598070816465
16.0,10.01,4.0,-0.0008126131217003769
16.0,10.01,5.0,-0.026197658583088007
16.0,10.01,6.0,0.032709333811491714
16.0,10.01,7.0,0.03796642264305136
16.0,10.01,8.0,-0.02169988074547425
16.0,10.01,9.0,-0.015046735491636931
16.0,10.01,10.0,-7.683359310472435e-07
16.0,10.01,11.0,-0.05145583176441416
16.0,10.01,12.0,0.05690990533339696
16.0,10.01,13.0,-1.0697228822638213e-08
16.0,10.01,14.0,-9.617096249147803e-06
16.0,10.01,15.0,-1.039170525853814e-09
16.0,10.01,16.0,0.026961070979733243
16.0,10.01,17.0,0.044103431663714915
16.0,10.01,18.0,-0.00010834191032241375
16.0,10.01,19.0,-6.012003828299178e-06
16.0,10.01,20.0,0.09475571416106779
16.0,10.01,21.0,-0.00048141697904680145
17.0,0.01,0.0,0.0020588163500109974
17.0,0.01,1.0,-2.631587157766087e-10
17.0,0.01,2.0,-0.007883030582372219
17.0,0.01,3.0,-6.90504329486706e-07
17.0,0.01,4.0,-2.1668623132651388e-05
17.0,0.01,5.0,0.0031963539255988015
17.0,0.01,6.0,-0.002456182688498759
17.0,0.01,7.0,0.0017359904171384277
17.0,0.01,8.0,-0.0021835162412165918
17.0,0.01,9.0,-0.007622022330039668
17.0,0.01,10.0,-0.00035058343960948213
17.0,0.01,11.0,-0.00027035629405519623
17.0,0.01,12.0,0.00377756851173959
17.0,0.01,13.0,-9.768722768960009e-12
17.0,0.01,14.0,-0.00024012647193276913
17.0,0.01,15.0,-0.004902453050047658
17.0,0.01,16.0,-0.006735946926829411
17.0,0.01,17.0,-0.0051152445312787065
17.0,0.01,18.0,0.002452362788940371
17.0,0.01,19.0,0.000536183692744413
17.0,0.01,20.0,0.009371623976274432
17.0,0.01,21.0,0.0007036114414634628
17.0,1.01,0.0,0.006678303485423739
17.0,1.01,1.0,-2.6315871577899e-10
17.0,1.01,2.0,-0.008345030614656912
17.0,1.01,3.0,-6.905045468838387e-07
17.0,1.01,4.0,-2.1670182538187474e-05
17.0,1.01,5.0,0.0031043198320775886
17.0,1.01,6.0,-0.003434326854527464
17.0,1.01,7.0,0.0020659795268059555
17.0,1.01,8.0,-0.0028176213506393433
17.0,1.01,9.0,-0.007381596855375011
17.0,1.01,10.0,-0.0003508857687572273
17.0,1.01,11.0,-0.0009133578518624175
17.0,1.01,12.0,0.005013868922482401
17.0,1.01,13.0,-9.768722768978155e-12
17.0,1.01,14.0,-0.0009305298922971843
17.0,1.01,15.0,-0.005021180080222634
17.0,1.01,16.0,-0.00652764261921801
17.0,1.01,17.0,-0.004160569531706015
17.0,1.01,18.0,0.003531285616135027
17.0,1.01,19.0,0.0007242510833092852
17.0,1.01,20.0,0.01025438953593813
17.0,1.01,21.0,-0.0003745161006727324
17.0,2.01,0.0,0.01127951038671439
17.0,2.01,1.0,-2.6315871577792853e-10
17.0,2.01,2.0,-0.008836043173949426
17.0,2.01,3.0,-6.90504718941586e-07
17.0,2.01,4.0,-2.16715186176042e-05
17.0,2.01,5.0,0.003030451673055823
17.0,2.01,6.0,-0.00438840683845973
17.0,2.01,7.0,0.0023947649449586605
17.0,2.01,8.0,-0.0034569240716457034
17.0,2.01,9.0,-0.00714206329838446
17.0,2.01,10.0,-0.0003511766244648787
17.0,2.01,11.0,-0.0015633046718981636
17.0,2.01,12.0,0.006264369832807842
17.0,2.01,13.0,-9.768722768978846e-12
17.0,2.01,14.0,-0.0015842033532127318
17.0,2.01,15.0,-0.00512246312618686
17.0,2.01,16.0,-0.00632162013001783
17.0,2.01,17.0,-0.003151439524888
17.0,2.01,18.0,0.004595354240062716
17.0,2.01,19.0,0.0009169407654563977
17.0,2.01,20.0,0.011128228679578751
17.0,2.01,21.0,-0.001472408068210626
17.0,3.01,0.0,0.01577394961969568
17.0,3.01,1.0,-2.631587157780019e-10
17.0,3.01,2.0,-0.009512607731159362
17.0,3.01,3.0,-6.905048583420207e-07
17.0,3.01,4.0,-2.1672664453646142e-05
17.0,3.01,5.0,0.002978047556916781
17.0,3.01,6.0,-0.005299077362937915
17.0,3.01,7.0,0.002757156843269923
17.0,3.01,8.0,-0.0041153620613060965
17.0,3.01,9.0,-0.006883778328355072
17.0,3.01,10.0,-0.00035145909555664776
17.0,3.01,11.0,-0.0021923244271424003
17.0,3.01,12.0,0.0075665445383266
17.0,3.01,13.0,-9.768722768982864e-12
17.0,3.01,14.0,-0.0022009853732234755
17.0,3.01,15.0,-0.005217751665584934
17.0,3.01,16.0,-0.006147571650253675
17.0,3.01,17.0,-0.0018255160777568835
17.0,3.01,18.0,0.005660557960437768
17.0,3.01,19.0,0.0011323279918196982
17.0,3.01,20.0,0.012006568085378214
17.0,3.01,21.0,-0.002583615200484772
17.0,4.01,0.0,0.02032261606574938
17.0,4.01,1.0,-2.6315871577749695e-10
17.0,4.01,2.0,-0.010107932273919762
17.0,4.01,3.0,-6.90504969482895e-07
17.0,4.01,4.0,-2.167364481525591e-05
17.0,4.01,5.0,0.0029414708982987772
17.0,4.01,6.0,-0.006203006507330383
17.0,4.01,7.0,0.0030956315487117997
17.0,4.01,8.0,-0.004772553296542276
17.0,4.01,9.0,-0.006643340281963506
17.0,4.01,10.0,-0.00035173049420317016
17.0,4.01,11.0,-0.0028549669365859065
17.0,4.01,12.0,0.008858007413901053
17.0,4.01,13.0,-9.768722768984902e-12
17.0,4.01,14.0,-0.0027782013949598384
17.0,4.01,15.0,-0.005291110528090379
17.0,4.01,16.0,-0.005957126746566677
17.0,4.01,17.0,-0.0006740075208486185
17.0,4.01,18.0,0.0067003718007765944
17.0,4.01,19.0,0.0013363632585358387
17.0,4.01,20.0,0.012869623618031352
17.0,4.01,21.0,-0.0037190454401963523
17.0,5.01,0.0,0.02487187375913212
17.0,5.01,1.0,-2.6315871577702034e-10
17.0,5.01,2.0,-0.010739876395183034
17.0,5.01,3.0,-6.905050584365008e-07
17.0,5.01,4.0,-2.167448264453514e-05
17.0,5.01,5.0,0.0029230696412036565
17.0,5.01,6.0,-0.007084743915268782
17.0,5.01,7.0,0.0034366367724556063
17.0,5.01,8.0,-0.005436923015538553
17.0,5.01,9.0,-0.006397694226155853
17.0,5.01,10.0,-0.0003519909864402635
17.0,5.01,11.0,-0.0035272847346589087
17.0,5.01,12.0,0.010171201209946135
17.0,5.01,13.0,-9.768722768987427e-12
17.0,5.01,14.0,-0.0033164753250352888
17.0,5.01,15.0,-0.00534981685998312
17.0,5.01,16.0,-0.00577036686407692
17.0,5.01,17.0,0.0005306518510025393
17.0,5.01,18.0,0.007729105108079337
17.0,5.01,19.0,0.001549294807155016
17.0,5.01,20.0,0.013728392079732372
17.0,5.01,21.0,-0.004874943106618148
17.0,6.01,0.0,0.02940097915877525
17.0,6.01,1.0,-2.631587157759713e-10
17.0,6.01,2.0,-0.011438021376856344
17.0,6.01,3.0,-6.905051296621175e-07
17.0,6.01,4.0,-2.1675198630674024e-05
17.0,6.01,5.0,0.0029237816987912647
17.0,6.01,6.0,-0.00794296412358303
17.0,6.01,7.0,0.0037884890946665445
17.0,6.01,8.0,-0.0061144337071092
17.0,6.01,9.0,-0.006153217357604407
17.0,6.01,10.0,-0.00035224264524071633
17.0,6.01,11.0,-0.004207532693503935
17.0,6.01,12.0,0.01151031424403949
17.0,6.01,13.0,-9.768722768987878e-12
17.0,6.01,14.0,-0.0038159437650061735
17.0,6.01,15.0,-0.005399358952080761
17.0,6.01,16.0,-0.005597345008892279
17.0,6.01,17.0,0.0018110551008462261
17.0,6.01,18.0,0.008749037354901013
17.0,6.01,19.0,0.0017675760059123191
17.0,6.01,20.0,0.014587166805313453
17.0,6.01,21.0,-0.006046745830793197
17.0,7.01,0.0,0.0339249226440211
17.0,7.01,1.0,-2.6315871577628415e-10
17.0,7.01,2.0,-0.012184246436636903
17.0,7.01,3.0,-6.905051879624212e-07
17.0,7.01,4.0,-2.1675810880203233e-05
17.0,7.01,5.0,0.0029394462084422167
17.0,7.01,6.0,-0.008778539180556072
17.0,7.01,7.0,0.004150457899988774
17.0,7.01,8.0,-0.006801231000975169
17.0,7.01,9.0,-0.005902098852666349
17.0,7.01,10.0,-0.0003524875874464251
17.0,7.01,11.0,-0.004896332546867027
17.0,7.01,12.0,0.012874658278884205
17.0,7.01,13.0,-9.768722768991492e-12
17.0,7.01,14.0,-0.0042767171796290054
17.0,7.01,15.0,-0.005438547135481215
17.0,7.01,16.0,-0.0054311641024923085
17.0,7.01,17.0,0.0031599709614800187
17.0,7.01,18.0,0.009759845153504892
17.0,7.01,19.0,0.0019944032890954755
17.0,7.01,20.0,0.015443230922109079
17.0,7.01,21.0,-0.007234093762190891
17.0,8.01,0.0,0.03845841689320066
17.0,8.01,1.0,-2.631587157755795e-10
17.0,8.01,2.0,-0.012970542926353745
17.0,8.01,3.0,-6.905052342502225e-07
17.0,8.01,4.0,-2.1676332617248815e-05
17.0,8.01,5.0,0.00297217449001147
17.0,8.01,6.0,-0.009595825889938875
17.0,8.01,7.0,0.004520074093092144
17.0,8.01,8.0,-0.007499142225688843
17.0,8.01,9.0,-0.0056513197593883735
17.0,8.01,10.0,-0.0003527231558804972
17.0,8.01,11.0,-0.0055981660631135854
17.0,8.01,12.0,0.014262171388815692
17.0,8.01,13.0,-9.768722768992414e-12
17.0,8.01,14.0,-0.004699805332495159
17.0,8.01,15.0,-0.005469032270329674
17.0,8.01,16.0,-0.005274198269129338
17.0,8.01,17.0,0.004543366278297545
17.0,8.01,18.0,0.01076205098770619
17.0,8.01,19.0,0.0022265194046044157
17.0,8.01,20.0,0.016300052151591707
17.0,8.01,21.0,-0.00843585590069303
17.0,9.01,0.0,0.042989684987423046
17.0,9.01,1.0,-2.631587157748022e-10
17.0,9.01,2.0,-0.013815456522277392
17.0,9.01,3.0,-6.905052714394653e-07
17.0,9.01,4.0,-2.167677716910388e-05
17.0,9.01,5.0,0.003020585565546397
17.0,9.01,6.0,-0.010393130717226279
17.0,9.01,7.0,0.004903566502891546
17.0,9.01,8.0,-0.00820953114083884
17.0,9.01,9.0,-0.005396452859898454
17.0,9.01,10.0,-0.000352950770818197
17.0,9.01,11.0,-0.006309253958746958
17.0,9.01,12.0,0.01567829214376447
17.0,9.01,13.0,-9.768722768993106e-12
17.0,9.01,14.0,-0.005086326959247964
17.0,9.01,15.0,-0.005493728953910659
17.0,9.01,16.0,-0.00513027631394522
17.0,9.01,17.0,0.005995550021522522
17.0,9.01,18.0,0.011758677228775466
17.0,9.01,19.0,0.002466934501035495
17.0,9.01,20.0,0.017159881179625282
17.0,9.01,21.0,-0.009648482805752343
17.0,10.01,0.0,0.04765285630211129
17.0,10.01,1.0,-2.6315871577407124e-10
17.0,10.01,2.0,-0.014551949720342627
17.0,10.01,3.0,-6.905053012704144e-07
17.0,10.01,4.0,-2.1677155586194572e-05
17.0,10.01,5.0,0.0030811266305892683
17.0,10.01,6.0,-0.011193771305708339
17.0,10.01,7.0,0.005260780045271668
17.0,10.01,8.0,-0.008920126341154855
17.0,10.01,9.0,-0.005166267099394106
17.0,10.01,10.0,-0.0003531702139730814
17.0,10.01,11.0,-0.007060045839067247
17.0,10.01,12.0,0.017074384856397215
17.0,10.01,13.0,-9.768722768993981e-12
17.0,10.01,14.0,-0.005437145764722266
17.0,10.01,15.0,-0.005504357221487417
17.0,10.01,16.0,-0.0049694851222532865
17.0,10.01,17.0,0.007176956429321257
17.0,10.01,18.0,0.012730488407590917
17.0,10.01,19.0,0.002692878656732428
17.0,10.01,20.0,0.018010827913655797
17.0,10.01,21.0,-0.01087385397623887
18.0,0.01,0.0,0.00014994132019431616
18.0,0.01,1.0,0.002479021778002641
18.0,0.01,2.0,-0.0006744073127719491
18.0,0.01,3.0,0.004017970590924007
18.0,0.01,4.0,-8.027641605502301e-05
18.0,0.01,5.0,0.0005117535393178198
18.0,0.01,6.0,0.001959997744171299
18.0,0.01,7.0,-0.00029020947645856665
18.0,0.01,8.0,0.0029128855443355944
18.0,0.01,9.0,0.0020930286039456125
18.0,0.01,10.0,0.0008368359669855552
18.0,0.01,11.0,-0.005795051902214701
18.0,0.01,12.0,-0.0029485780346500956
18.0,0.01,13.0,-0.003060982155335401
18.0,0.01,14.0,-0.0007431849418218089
18.0,0.01,15.0,0.0022155591632917193
18.0,0.01,16.0,-0.0038297546868241304
18.0,0.01,17.0,0.0012418404789854426
18.0,0.01,18.0,-0.0014914924257404456
18.0,0.01,19.0,0.0013808778469540095
18.0,0.01,20.0,-0.0003149052745726466
18.0,0.01,21.0,-0.0027889500848873455
18.0,1.01,0.0,0.003096803220656724
18.0,1.01,1.0,0.0019429160120111536
18.0,1.01,2.0,0.0001163343109531062
18.0,1.01,3.0,0.0046876886707211685
18.0,1.01,4.0,-8.028885463757921e-05
18.0,1.01,5.0,-0.00010378808907535175
18.0,1.01,6.0,0.0020766016539591897
18.0,1.01,7.0,-0.0006412721629138127
18.0,1.01,8.0,0.0035808995653098252
18.0,1.01,9.0,0.002575496700221322
18.0,1.01,10.0,0.00045853812382100345
18.0,1.01,11.0,-0.005517352333850922
18.0,1.01,12.0,-0.0029188997904077973
18.0,1.01,13.0,-0.0029468316313766285
18.0,1.01,14.0,0.00013340099451170095
18.0,1.01,15.0,0.0020633366133936126
18.0,1.01,16.0,-0.004066992904519638
18.0,1.01,17.0,0.0015171991323133793
18.0,1.01,18.0,-0.0012923910461090705
18.0,1.01,19.0,0.0012037331451860145
18.0,1.01,20.0,-0.000330598033141595
18.0,1.01,21.0,-0.0027169576762162972
18.0,2.01,0.0,0.005895748832585937
18.0,2.01,1.0,0.001433385876190605
18.0,2.01,2.0,0.0008683728106577832
18.0,2.01,3.0,0.0053205992902654875
18.0,2.01,4.0,-8.03002330477522e-05
18.0,2.01,5.0,-0.0006932019233263711
18.0,2.01,6.0,0.0021839399867817355
18.0,2.01,7.0,-0.0009751254726434316
18.0,2.01,8.0,0.004212695402570257
18.0,2.01,9.0,0.0030392690081011003
18.0,2.01,10.0,9.755867006071284e-05
18.0,2.01,11.0,-0.005240250386900111
18.0,2.01,12.0,-0.0028620499136732813
18.0,2.01,13.0,-0.002828356778474317
18.0,2.01,14.0,0.0009590717832216947
18.0,2.01,15.0,0.0019280962842091187
18.0,2.01,16.0,-0.004277529238207742
18.0,2.01,17.0,0.0017872474019664936
18.0,2.01,18.0,-0.001093726634824885
18.0,2.01,19.0,0.0010079805565413602
18.0,2.01,20.0,-0.000328108637863353
18.0,2.01,21.0,-0.0026485145878842042
18.0,3.01,0.0,0.008555791416116329
18.0,3.01,1.0,0.0009492844591640782
18.0,3.01,2.0,0.0015806625673754487
18.0,3.01,3.0,0.005914346915126767
18.0,3.01,4.0,-8.03106639716416e-05
18.0,3.01,5.0,-0.001258645997624576
18.0,3.01,6.0,0.0022842850794557584
18.0,3.01,7.0,-0.0012918222194640491
18.0,3.01,8.0,0.004809685298873559
18.0,3.01,9.0,0.003479820265338149
18.0,3.01,10.0,-0.00024654961406006537
18.0,3.01,11.0,-0.004969718277780533
18.0,3.01,12.0,-0.002802479777324174
18.0,3.01,13.0,-0.0027156774098651137
18.0,3.01,14.0,0.0017392912270270816
18.0,3.01,15.0,0.0017930033524813926
18.0,3.01,16.0,-0.004464946830908326
18.0,3.01,17.0,0.0020442902831028786
18.0,3.01,18.0,-0.0008959199256493222
18.0,3.01,19.0,0.0008230253874494387
18.0,3.01,20.0,-0.00031937576602464324
18.0,3.01,21.0,-0.002582180441203022
18.0,4.01,0.0,0.01108679557077509
18.0,4.01,1.0,0.0004891074309008748
18.0,4.01,2.0,0.002257605851557015
18.0,4.01,3.0,0.006474704214824829
18.0,4.01,4.0,-8.03202973249377e-05
18.0,4.01,5.0,-0.0018006436608396861
18.0,4.01,6.0,0.002378143559092577
18.0,4.01,7.0,-0.0015931678695046553
18.0,4.01,8.0,0.005375018301078699
18.0,4.01,9.0,0.0039015637328800173
18.0,4.01,10.0,-0.0005745782041863962
18.0,4.01,11.0,-0.0047027820243126794
18.0,4.01,12.0,-0.0027308516626896595
18.0,4.01,13.0,-0.002603272607105883
18.0,4.01,14.0,0.0024768011764138773
18.0,4.01,15.0,0.0016636681433396805
18.0,4.01,16.0,-0.004632137188073346
18.0,4.01,17.0,0.002292738102261521
18.0,4.01,18.0,-0.0006996480422495881
18.0,4.01,19.0,0.0006359704896638785
18.0,4.01,20.0,-0.00030020988402475884
18.0,4.01,21.0,-0.0025182556907148296
18.0,5.01,0.0,0.013496303515972571
18.0,5.01,1.0,5.121469274376768e-05
18.0,5.01,2.0,0.002901787901061076
18.0,5.01,3.0,0.007000697450730252
18.0,5.01,4.0,-8.03292159517419e-05
18.0,5.01,5.0,-0.002320430643637638
18.0,5.01,6.0,0.0024650373591686703
18.0,5.01,7.0,-0.0018793785723050307
18.0,5.01,8.0,0.005910636733440763
18.0,5.01,9.0,0.004300990749981554
18.0,5.01,10.0,-0.0008900322119020365
18.0,5.01,11.0,-0.004443633623871027
18.0,5.01,12.0,-0.0026575664344286043
18.0,5.01,13.0,-0.0024964526265169318
18.0,5.01,14.0,0.0031748609813870288
18.0,5.01,15.0,0.0015412439355429741
18.0,5.01,16.0,-0.004781633603791007
18.0,5.01,17.0,0.0025287894108687453
18.0,5.01,18.0,-0.0005051745031432291
18.0,5.01,19.0,0.0004615573088109781
18.0,5.01,20.0,-0.0002771324877014619
18.0,5.01,21.0,-0.002456632120460822
18.0,6.01,0.0,0.015791522782021353
18.0,6.01,1.0,-0.0003646989483108102
18.0,6.01,2.0,0.0035152171028138557
18.0,6.01,3.0,0.007495818726105767
18.0,6.01,4.0,-8.033741782062722e-05
18.0,6.01,5.0,-0.0028194095157579833
18.0,6.01,6.0,0.002545423773736094
18.0,6.01,7.0,-0.002150763254678674
18.0,6.01,8.0,0.006418191029988307
18.0,6.01,9.0,0.0046798339074424905
18.0,6.01,10.0,-0.0011916880525699308
18.0,6.01,11.0,-0.004193354867664062
18.0,6.01,12.0,-0.0025861780066966933
18.0,6.01,13.0,-0.002396162791523826
18.0,6.01,14.0,0.0038378865374083457
18.0,6.01,15.0,0.0014236438578915656
18.0,6.01,16.0,-0.004915639331579576
18.0,6.01,17.0,0.0027526154093213406
18.0,6.01,18.0,-0.0003125371067886837
18.0,6.01,19.0,0.00029957918079043244
18.0,6.01,20.0,-0.0002519850991046929
18.0,6.01,21.0,-0.0023965505705622753
18.0,7.01,0.0,0.017979465018012647
18.0,7.01,1.0,-0.0007611618584882143
18.0,7.01,2.0,0.004100308864817659
18.0,7.01,3.0,0.00795797911029441
18.0,7.01,4.0,-8.03451374126013e-05
18.0,7.01,5.0,-0.00329834478033169
18.0,7.01,6.0,0.0026192231968236723
18.0,7.01,7.0,-0.002408582876340451
18.0,7.01,8.0,0.006900274008100005
18.0,7.01,9.0,0.005035032149633162
18.0,7.01,10.0,-0.0014850650768716972
18.0,7.01,11.0,-0.003954091920544772
18.0,7.01,12.0,-0.0025212783270565364
18.0,7.01,13.0,-0.0023051608262626977
18.0,7.01,14.0,0.0044662967956741045
18.0,7.01,15.0,0.0013140880787452514
18.0,7.01,16.0,-0.005036027126858529
18.0,7.01,17.0,0.002962037969657244
18.0,7.01,18.0,-0.00012229894320452388
18.0,7.01,19.0,0.00016170960272959833
18.0,7.01,20.0,-0.00022827844795985514
18.0,7.01,21.0,-0.0023390832409282136
18.0,8.01,0.0,0.02006759536348808
18.0,8.01,1.0,-0.001138329349525135
18.0,8.01,2.0,0.004658923822778993
18.0,8.01,3.0,0.008393891300009053
18.0,8.01,4.0,-8.035231231297323e-05
18.0,8.01,5.0,-0.00375828806925798
18.0,8.01,6.0,0.0026878248346023925
18.0,8.01,7.0,-0.0026538670764084463
18.0,8.01,8.0,0.007358516731265738
18.0,8.01,9.0,0.005372701727135679
18.0,8.01,10.0,-0.0017665187241626829
18.0,8.01,11.0,-0.003722326739600171
18.0,8.01,12.0,-0.002456217543884337
18.0,8.01,13.0,-0.002218514065840879
18.0,8.01,14.0,0.005063835380184595
18.0,8.01,15.0,0.0012095580928211669
18.0,8.01,16.0,-0.005144456201996722
18.0,8.01,17.0,0.003161464706901901
18.0,8.01,18.0,6.543727924538181e-05
18.0,8.01,19.0,3.219559602568589e-05
18.0,8.01,20.0,-0.00020191101002946937
18.0,8.01,21.0,-0.0022833880325262568
18.0,9.01,0.0,0.022062149968880743
18.0,9.01,1.0,-0.0014972440088275411
18.0,9.01,2.0,0.005192890488819907
18.0,9.01,3.0,0.008805738409631024
18.0,9.01,4.0,-8.035898987596598e-05
18.0,9.01,5.0,-0.004200206702826587
18.0,9.01,6.0,0.00275163099560731
18.0,9.01,7.0,-0.0028874290707060005
18.0,9.01,8.0,0.007794596409269244
18.0,9.01,9.0,0.005694105956060055
18.0,9.01,10.0,-0.002036497101266674
18.0,9.01,11.0,-0.0034978584185960115
18.0,9.01,12.0,-0.002391256903750194
18.0,9.01,13.0,-0.0021359091576246547
18.0,9.01,14.0,0.005632813577759639
18.0,9.01,15.0,0.0011098219042750823
18.0,9.01,16.0,-0.005242350479623114
18.0,9.01,17.0,0.0033515387701310156
18.0,9.01,18.0,0.00025049412221069076
18.0,9.01,19.0,-8.991059405485946e-05
18.0,9.01,20.0,-0.00017327853197853654
18.0,9.01,21.0,-0.0022293095682140995
18.0,10.01,0.0,0.02396887009944583
18.0,10.01,1.0,-0.0018388893115677003
18.0,10.01,2.0,0.005703866692324713
18.0,10.01,3.0,0.009195477682698315
18.0,10.01,4.0,-8.03652131790945e-05
18.0,10.01,5.0,-0.004625025965938907
18.0,10.01,6.0,0.0028109964353049133
18.0,10.01,7.0,-0.003109999294479658
18.0,10.01,8.0,0.00821003328996682
18.0,10.01,9.0,0.0060003702704753414
18.0,10.01,10.0,-0.0022954434872837076
18.0,10.01,11.0,-0.0032805429042587625
18.0,10.01,12.0,-0.0023267194232348687
18.0,10.01,13.0,-0.0020571276959853307
18.0,10.01,14.0,0.006175347721039823
18.0,10.01,15.0,0.0010146861352575698
18.0,10.01,16.0,-0.005330944009204635
18.0,10.01,17.0,0.0035328208175007952
18.0,10.01,18.0,0.0004327287538801166
18.0,10.01,19.0,-0.0002052988374831033
18.0,10.01,20.0,-0.00014279068344060647
18.0,10.01,21.0,-0.0021767145090277468
19.0,0.01,0.0,0.0011285019608337915
19.0,0.01,1.0,-0.0014074734296002922
19.0,0.01,2.0,-0.0013856221271669384
19.0,0.01,3.0,-1.1629908069713299e-05
19.0,0.01,4.0,0.0038651742839918013
19.0,0.01,5.0,-0.0051154345933208875
19.0,0.01,6.0,0.007522110902619707
19.0,0.01,7.0,0.0010720756951421162
19.0,0.01,8.0,-0.0034476065996880204
19.0,0.01,9.0,0.0034435702954017655
19.0,0.01,10.0,-0.002144537313876245
19.0,0.01,11.0,-0.005777042968492657
19.0,0.01,12.0,2.2082311715064744e-06
19.0,0.01,13.0,-0.0010558072038099886
19.0,0.01,14.0,0.0005568933178654069
19.0,0.01,15.0,-0.0001310774711543735
19.0,0.01,16.0,-0.0012747545815872396
19.0,0.01,17.0,-8.244677896403313e-08
19.0,0.01,18.0,-0.0017192133254642084
19.0,0.01,19.0,0.0019934233803775014
19.0,0.01,20.0,-0.00020488967560178262
19.0,0.01,21.0,-0.0017156605816961365
19.0,1.01,0.0,0.006828451370927732
19.0,1.01,1.0,-0.0022941929718730825
19.0,1.01,2.0,-0.00140773396186786
19.0,1.01,3.0,-1.1629861014081405e-05
19.0,1.01,4.0,0.008609613678327355
19.0,1.01,5.0,-0.006450906145736859
19.0,1.01,6.0,0.011300923260220242
19.0,1.01,7.0,0.004850060072628538
19.0,1.01,8.0,-0.003760941597821496
19.0,1.01,9.0,0.006072608938033935
19.0,1.01,10.0,-0.0021464762589510893
19.0,1.01,11.0,-0.008599434629031372
19.0,1.01,12.0,-8.607916425291612e-08
19.0,1.01,13.0,-0.002055180039393617
19.0,1.01,14.0,0.00334817580372377
19.0,1.01,15.0,-0.00013109932508616342
19.0,1.01,16.0,0.0003173579436207552
19.0,1.01,17.0,-8.244678786863412e-08
19.0,1.01,18.0,0.0001936125708990044
19.0,1.01,19.0,0.0024003593353598696
19.0,1.01,20.0,-0.0005517698747994279
19.0,1.01,21.0,-0.004041913256442958
19.0,2.01,0.0,0.012202870367526875
19.0,2.01,1.0,-0.0031841070805100624
19.0,2.01,2.0,-0.001419798651768724
19.0,2.01,3.0,-1.1629804636866393e-05
19.0,2.01,4.0,0.013180903221338802
19.0,2.01,5.0,-0.007829854034398613
19.0,2.01,6.0,0.015117584456030876
19.0,2.01,7.0,0.008566313686884139
19.0,2.01,8.0,-0.0039934871315820296
19.0,2.01,9.0,0.008640154445815687
19.0,2.01,10.0,-0.0021489573070262815
19.0,2.01,11.0,-0.011464099148515483
19.0,2.01,12.0,6.292506281785517e-07
19.0,2.01,13.0,-0.0029647080206236104
19.0,2.01,14.0,0.005938682556665017
19.0,2.01,15.0,-0.00013111712365898386
19.0,2.01,16.0,0.0017237515330718045
19.0,2.01,17.0,-8.2446791409847e-08
19.0,2.01,18.0,0.0019433817060086067
19.0,2.01,19.0,0.0028444375065236616
19.0,2.01,20.0,-0.0009087121635016973
19.0,2.01,21.0,-0.006359116658424091
19.0,3.01,0.0,0.01725692636229681
19.0,3.01,1.0,-0.004046692005945596
19.0,3.01,2.0,-0.0014264385059225514
19.0,3.01,3.0,-1.1629739542622055e-05
19.0,3.01,4.0,0.017531144575448965
19.0,3.01,5.0,-0.009206678865580138
19.0,3.01,6.0,0.018840302007139605
19.0,3.01,7.0,0.012173394790985358
19.0,3.01,8.0,-0.004164482217870488
19.0,3.01,9.0,0.011108567745324732
19.0,3.01,10.0,-0.0021517961567922386
19.0,3.01,11.0,-0.014294426700894772
19.0,3.01,12.0,1.3416076236569941e-06
19.0,3.01,13.0,-0.003798856431014644
19.0,3.01,14.0,0.008353563034252765
19.0,3.01,15.0,-0.00013113162144995228
19.0,3.01,16.0,0.002993535466511904
19.0,3.01,17.0,-8.244679325037553e-08
19.0,3.01,18.0,0.003558225566574702
19.0,3.01,19.0,0.0033045608436303164
19.0,3.01,20.0,-0.001273770258886267
19.0,3.01,21.0,-0.008620631379577956
19.0,4.01,0.0,0.02200935775174985
19.0,4.01,1.0,-0.004864151716370668
19.0,4.01,2.0,-0.0014301383702735842
19.0,4.01,3.0,-1.162966439711129e-05
19.0,4.01,4.0,0.021639627622033974
19.0,4.01,5.0,-0.010547577477249867
19.0,4.01,6.0,0.022389016706242208
19.0,4.01,7.0,0.01563938289210231
19.0,4.01,8.0,-0.004289504382311774
19.0,4.01,9.0,0.013454580582968792
19.0,4.01,10.0,-0.002154825765693061
19.0,4.01,11.0,-0.01703605807509226
19.0,4.01,12.0,-6.05949585883885e-09
19.0,4.01,13.0,-0.004570824049318328
19.0,4.01,14.0,0.010618875190365754
19.0,4.01,15.0,-0.00013114341859956299
19.0,4.01,16.0,0.004166125521630704
19.0,4.01,17.0,-8.244679418675302e-08
19.0,4.01,18.0,0.005061989986741067
19.0,4.01,19.0,0.0037623426679380956
19.0,4.01,20.0,-0.0016424198746660262
19.0,4.01,21.0,-0.010796324342519467
19.0,5.01,0.0,0.026487152199428182
19.0,5.01,1.0,-0.005629230731786089
19.0,5.01,2.0,-0.0014322306451031094
19.0,5.01,3.0,-1.1629579670467807e-05
19.0,5.01,4.0,0.025508147370406298
19.0,5.01,5.0,-0.011831303308646048
19.0,5.01,6.0,0.02572693986191398
19.0,5.01,7.0,0.018947166242009192
19.0,5.01,8.0,-0.004380689298737919
19.0,5.01,9.0,0.01566882982966826
19.0,5.01,10.0,-0.0021579135786827
19.0,5.01,11.0,-0.019655259010370366
19.0,5.01,12.0,5.391329662655107e-07
19.0,5.01,13.0,-0.0052918073965025625
19.0,5.01,14.0,0.012757385002617586
19.0,5.01,15.0,-0.00013115306244151461
19.0,5.01,16.0,0.005269721559063051
19.0,5.01,17.0,-8.24467947014443e-08
19.0,5.01,18.0,0.006475450388925441
19.0,5.01,19.0,0.0042051613810975
19.0,5.01,20.0,-0.0020091477598959614
19.0,5.01,21.0,-0.012869947776426166
19.0,6.01,0.0,0.03071997590955286
19.0,6.01,1.0,-0.00634168616278985
19.0,6.01,2.0,-0.0014334298091469395
19.0,6.01,3.0,-1.1629483383767214e-05
19.0,6.01,4.0,0.0291482850750166
19.0,6.01,5.0,-0.013046727046710366
19.0,6.01,6.0,0.028846867944492396
19.0,6.01,7.0,0.022091614823092194
19.0,6.01,8.0,-0.004447186784286879
19.0,6.01,9.0,0.017752033320307545
19.0,6.01,10.0,-0.002160970626222368
19.0,6.01,11.0,-0.02213688068658086
19.0,6.01,12.0,3.5250710192685526e-07
19.0,6.01,13.0,-0.005970584350929703
19.0,6.01,14.0,0.014787718491572819
19.0,6.01,15.0,-0.0001311609139405336
19.0,6.01,16.0,0.006323381033714243
19.0,6.01,17.0,-8.244679495480687e-08
19.0,6.01,18.0,0.007814732304229022
19.0,6.01,19.0,0.004623972157132755
19.0,6.01,20.0,-0.0023690047323770835
19.0,6.01,21.0,-0.01483607041602665
19.0,7.01,0.0,0.03473638911974618
19.0,7.01,1.0,-0.0070053982567314654
19.0,7.01,2.0,-0.0014341281459970554
19.0,7.01,3.0,-1.1629376056031404e-05
19.0,7.01,4.0,0.03257942577531159
19.0,7.01,5.0,-0.014190484379600715
19.0,7.01,6.0,0.03175922198112413
19.0,7.01,7.0,0.025076123889165018
19.0,7.01,8.0,-0.004495793778298624
19.0,7.01,9.0,0.019711499788473946
19.0,7.01,10.0,-0.0021639359746210463
19.0,7.01,11.0,-0.02447783348697634
19.0,7.01,12.0,1.6441716417257923e-07
19.0,7.01,13.0,-0.006613897426883203
19.0,7.01,14.0,0.01672424865411366
19.0,7.01,15.0,-0.00013116734246601557
19.0,7.01,16.0,0.007338744502373096
19.0,7.01,17.0,-8.244679510014299e-08
19.0,7.01,18.0,0.009092265509345165
19.0,7.01,19.0,0.0050146639672633275
19.0,7.01,20.0,-0.002718055055760754
19.0,7.01,21.0,-0.01669601590925627
19.0,8.01,0.0,0.03856181508919394
19.0,8.01,1.0,-0.007625969461476145
19.0,8.01,2.0,-0.0014345407272381928
19.0,8.01,3.0,-1.1629256448587394e-05
19.0,8.01,4.0,0.035822621270232
19.0,8.01,5.0,-0.015263992306272199
19.0,8.01,6.0,0.03448261313629347
19.0,8.01,7.0,0.027909168421997255
19.0,8.01,8.0,-0.004531458020958788
19.0,8.01,9.0,0.021557632031342436
19.0,8.01,10.0,-0.0021667777501033435
19.0,8.01,11.0,-0.0266828113325024
19.0,8.01,12.0,1.0751506252420712e-07
19.0,8.01,13.0,-0.007226796449216449
19.0,8.01,14.0,0.01857799741105554
19.0,8.01,15.0,-0.00013117260430503715
19.0,8.01,16.0,0.008322506460711865
19.0,8.01,17.0,-8.244679517285644e-08
19.0,8.01,18.0,0.010317090808854512
19.0,8.01,19.0,0.005376051712398328
19.0,8.01,20.0,-0.00305358730271741
19.0,8.01,21.0,-0.018454864157520286
19.0,9.01,0.0,0.04221793531604541
19.0,9.01,1.0,-0.00820929653074609
19.0,9.01,2.0,-0.0014347880502945443
19.0,9.01,3.0,-1.1629124413989947e-05
19.0,9.01,4.0,0.0388988295933424
19.0,9.01,5.0,-0.01627142172335337
19.0,9.01,6.0,0.0370382209359833
19.0,9.01,7.0,0.03060167445405553
19.0,9.01,8.0,-0.004557753211339777
19.0,9.01,9.0,0.023301776452346587
19.0,9.01,10.0,-0.002169480035593501
19.0,9.01,11.0,-0.028760363845157705
19.0,9.01,12.0,2.805201777397943e-06
19.0,9.01,13.0,-0.007813106003974099
19.0,9.01,14.0,0.020357343238740045
19.0,9.01,15.0,-0.00013117692638580294
19.0,9.01,16.0,0.009278026289349345
19.0,9.01,17.0,-8.244679519995675e-08
19.0,9.01,18.0,0.011496042318583921
19.0,9.01,19.0,0.005709427970565728
19.0,9.01,20.0,-0.003373953673143547
19.0,9.01,21.0,-0.020119374817953815
19.0,10.01,0.0,0.045722328895391115
19.0,10.01,1.0,-0.008760839532905879
19.0,10.01,2.0,-0.00143493893806498
19.0,10.01,3.0,-1.1628980486474363e-05
19.0,10.01,4.0,0.04182417859835208
19.0,10.01,5.0,-0.01721782862443396
19.0,10.01,6.0,0.03944617871763434
19.0,10.01,7.0,0.03316529122779087
19.0,10.01,8.0,-0.004577264831477263
19.0,10.01,9.0,0.024954654226607628
19.0,10.01,10.0,-0.002172039630407876
19.0,10.01,11.0,-0.030721981974692808
19.0,10.01,12.0,1.5356860809691385e-07
19.0,10.01,13.0,-0.00837562681701308
19.0,10.01,14.0,0.022069255443049923
19.0,10.01,15.0,-0.00013118050316687847
19.0,10.01,16.0,0.010207639152345266
19.0,10.01,17.0,-8.244679522923023e-08
19.0,10.01,18.0,0.012632540816363835
19.0,10.01,19.0,0.006015005494694692
19.0,10.01,20.0,-0.0036786133916614713
19.0,10.01,21.0,-0.021696807092084984
20.0,0.01,0.0,-0.00010870294757789334
20.0,0.01,1.0,-2.0290036109664308e-05
20.0,0.01,2.0,-0.00046280949615250255
20.0,0.01,3.0,-1.5947343413557711e-06
20.0,0.01,4.0,-2.4028189295775676e-08
20.0,0.01,5.0,-0.0006257162771861335
20.0,0.01,6.0,-8.530540738196923e-05
20.0,0.01,7.0,2.2495247958109754e-05
20.0,0.01,8.0,-0.0011360295530500938
20.0,0.01,9.0,0.00017251058872991276
20.0,0.01,10.0,3.94712985342105e-05
20.0,0.01,11.0,-0.0003490088482117626
20.0,0.01,12.0,-8.086916577576685e-05
20.0,0.01,13.0,0.0003777615428127157
20.0,0.01,14.0,-0.0001433591777489085
20.0,0.01,15.0,-1.3817943034211087e-07
20.0,0.01,16.0,-0.001100325445644481
20.0,0.01,17.0,-3.175483486990052e-05
20.0,0.01,18.0,0.0003339687683018011
20.0,0.01,19.0,1.6337014012435258e-06
20.0,0.01,20.0,0.0005503049878166407
20.0,0.01,21.0,0.0009736523307350003
20.0,1.01,0.0,0.015014522085571524
20.0,1.01,1.0,-2.0290171898147508e-05
20.0,1.01,2.0,0.0009500901240831541
20.0,1.01,3.0,-1.5947427045624185e-06
20.0,1.01,4.0,-2.402821958663729e-08
20.0,1.01,5.0,0.0014251345881705624
20.0,1.01,6.0,-0.005861198342281493
20.0,1.01,7.0,-0.0027417131425709756
20.0,1.01,8.0,-0.0004233629162881218
20.0,1.01,9.0,-0.003177271386172492
20.0,1.01,10.0,0.006415469846157942
20.0,1.01,11.0,-0.004635976877695153
20.0,1.01,12.0,-8.095018188144678e-05
20.0,1.01,13.0,0.0004184799883848733
20.0,1.01,14.0,-0.0010876736713657381
20.0,1.01,15.0,-1.381614790202035e-07
20.0,1.01,16.0,-0.0006602460455053302
20.0,1.01,17.0,-3.1752860018306045e-05
20.0,1.01,18.0,0.0008146448372279014
20.0,1.01,19.0,-0.002526663861380604
20.0,1.01,20.0,0.00012363258541642393
20.0,1.01,21.0,-0.0008007725789463543
20.0,2.01,0.0,0.03084876173233672
20.0,2.01,1.0,-2.029038945655552e-05
20.0,2.01,2.0,0.002361481204916159
20.0,2.01,3.0,-1.5947482457074501e-06
20.0,2.01,4.0,-2.4028390286022496e-08
20.0,2.01,5.0,0.0035656291723044076
20.0,2.01,6.0,-0.012016406046391911
20.0,2.01,7.0,-0.0055962691576261075
20.0,2.01,8.0,0.0003129648833572838
20.0,2.01,9.0,-0.006631324834519642
20.0,2.01,10.0,0.012915113603373315
20.0,2.01,11.0,-0.008928264436772276
20.0,2.01,12.0,-8.097298639756385e-05
20.0,2.01,13.0,0.00017043023603097174
20.0,2.01,14.0,-0.002209574989072108
20.0,2.01,15.0,-1.3829180174737814e-07
20.0,2.01,16.0,0.0001797734361623374
20.0,2.01,17.0,-3.175056763167316e-05
20.0,2.01,18.0,0.0010459351650814186
20.0,2.01,19.0,-0.005074209061426138
20.0,2.01,20.0,-0.00032071586658951635
20.0,2.01,21.0,-0.0027049787260715608
20.0,3.01,0.0,0.04750911046893788
20.0,3.01,1.0,-2.0290645187751146e-05
20.0,3.01,2.0,0.003903029029500772
20.0,3.01,3.0,-1.5947527932606707e-06
20.0,3.01,4.0,-2.402843720956872e-08
20.0,3.01,5.0,0.005986664414381698
20.0,3.01,6.0,-0.01853290114842772
20.0,3.01,7.0,-0.008534516930476285
20.0,3.01,8.0,0.0010820767609868859
20.0,3.01,9.0,-0.010156339514113821
20.0,3.01,10.0,0.019806777497696187
20.0,3.01,11.0,-0.01348167206370915
20.0,3.01,12.0,-8.097922546742984e-05
20.0,3.01,13.0,0.0002109834465019722
20.0,3.01,14.0,-0.003447963505382831
20.0,3.01,15.0,-1.3829805725532327e-07
20.0,3.01,16.0,0.001736934960176646
20.0,3.01,17.0,-3.1747820121657454e-05
20.0,3.01,18.0,0.0015742017223014382
20.0,3.01,19.0,-0.007786762934517938
20.0,3.01,20.0,-0.0007750118168371352
20.0,3.01,21.0,-0.004952111483629923
20.0,4.01,0.0,0.06545554725732813
20.0,4.01,1.0,-2.0290920897494017e-05
20.0,4.01,2.0,0.005472014744914856
20.0,4.01,3.0,-1.5947555130249805e-06
20.0,4.01,4.0,-2.4028450568676692e-08
20.0,4.01,5.0,0.008702196021675851
20.0,4.01,6.0,-0.025665170116136463
20.0,4.01,7.0,-0.011584964090037259
20.0,4.01,8.0,0.001854805564290577
20.0,4.01,9.0,-0.013855886116356686
20.0,4.01,10.0,0.02689590032956808
20.0,4.01,11.0,-0.018197494287924693
20.0,4.01,12.0,-8.0980845810193e-05
20.0,4.01,13.0,0.00019594652092991272
20.0,4.01,14.0,-0.004954957829019599
20.0,4.01,15.0,-1.38324469465698e-07
20.0,4.01,16.0,0.004475544844529889
20.0,4.01,17.0,-3.1744277661584574e-05
20.0,4.01,18.0,0.0019597856422222393
20.0,4.01,19.0,-0.010604605957971025
20.0,4.01,20.0,-0.0012587074352836628
20.0,4.01,21.0,-0.00765810135326811
20.0,5.01,0.0,0.08482486617301574
20.0,5.01,1.0,-2.0291220165566496e-05
20.0,5.01,2.0,0.007251935623231794
20.0,5.01,3.0,-1.5947572245648111e-06
20.0,5.01,4.0,-2.402845180604e-08
20.0,5.01,5.0,0.011962534134189573
20.0,5.01,6.0,-0.033495725246231886
20.0,5.01,7.0,-0.014720956058516005
20.0,5.01,8.0,0.0026285596653782533
20.0,5.01,9.0,-0.017559513838471846
20.0,5.01,10.0,0.034686797930064045
20.0,5.01,11.0,-0.023283398402356437
20.0,5.01,12.0,-8.098125216958605e-05
20.0,5.01,13.0,0.0006590402131645967
20.0,5.01,14.0,-0.006773498029663386
20.0,5.01,15.0,-1.3832520820635438e-07
20.0,5.01,16.0,0.00888248336738039
20.0,5.01,17.0,-3.173954929125342e-05
20.0,5.01,18.0,0.0029609276592798828
20.0,5.01,19.0,-0.013700209547444123
20.0,5.01,20.0,-0.0017718797062179353
20.0,5.01,21.0,-0.011026415550320093
20.0,6.01,0.0,0.10644295105220244
20.0,6.01,1.0,-2.029155212512753e-05
20.0,6.01,2.0,0.00905263966786437
20.0,6.01,3.0,-1.5947582688766488e-06
20.0,6.01,4.0,-2.4028452201957566e-08
20.0,6.01,5.0,0.015720448859791736
20.0,6.01,6.0,-0.042231256508938664
20.0,6.01,7.0,-0.01802357155901245
20.0,6.01,8.0,0.003350590932504777
20.0,6.01,9.0,-0.021518796500353016
20.0,6.01,10.0,0.04271896581926253
20.0,6.01,11.0,-0.028695124317724502
20.0,6.01,12.0,-8.098135057876554e-05
20.0,6.01,13.0,0.0011440617084055027
20.0,6.01,14.0,-0.009000306847865056
20.0,6.01,15.0,-1.3832641931927705e-07
20.0,6.01,16.0,0.015175051681788107
20.0,6.01,17.0,-3.1733090856556615e-05
20.0,6.01,18.0,0.0038379105807744285
20.0,6.01,19.0,-0.016985666654869655
20.0,6.01,20.0,-0.0023457797909810906
20.0,6.01,21.0,-0.015143996107214022
20.0,7.01,0.0,0.1299839942564273
20.0,7.01,1.0,-2.029190789396856e-05
20.0,7.01,2.0,0.011028537751364371
20.0,7.01,3.0,-1.5947588377738038e-06
20.0,7.01,4.0,-2.4028452235739844e-08
20.0,7.01,5.0,0.020075610972200175
20.0,7.01,6.0,-0.05177028124929372
20.0,7.01,7.0,-0.02148557525500293
20.0,7.01,8.0,0.004000005169377336
20.0,7.01,9.0,-0.025555350192726645
20.0,7.01,10.0,0.05155359789837445
20.0,7.01,11.0,-0.03458013698011622
20.0,7.01,12.0,-8.098137264415044e-05
20.0,7.01,13.0,0.0019734419673477777
20.0,7.01,14.0,-0.011618918443313905
20.0,7.01,15.0,-1.383264721716167e-07
20.0,7.01,16.0,0.02302592582533099
20.0,7.01,17.0,-3.172424058575715e-05
20.0,7.01,18.0,0.005372975614490849
20.0,7.01,19.0,-0.02060683140733391
20.0,7.01,20.0,-0.002993191316481573
20.0,7.01,21.0,-0.019927502053336238
20.0,8.01,0.0,0.15547178691442
20.0,8.01,1.0,-2.0292289362262726e-05
20.0,8.01,2.0,0.013010843810322671
20.0,8.01,3.0,-1.5947591841385826e-06
20.0,8.01,4.0,-2.4028452274150323e-08
20.0,8.01,5.0,0.024757908070953183
20.0,8.01,6.0,-0.061819827202412275
20.0,8.01,7.0,-0.025144929592681053
20.0,8.01,8.0,0.004519870424618513
20.0,8.01,9.0,-0.029748197541234506
20.0,8.01,10.0,0.06086387385450649
20.0,8.01,11.0,-0.04088893104998155
20.0,8.01,12.0,-8.098137872360887e-05
20.0,8.01,13.0,0.002825916652671512
20.0,8.01,14.0,-0.01450736886716833
20.0,8.01,15.0,-1.3832648908550087e-07
20.0,8.01,16.0,0.0316913998431934
20.0,8.01,17.0,-3.17125760597354e-05
20.0,8.01,18.0,0.007237553412248937
20.0,8.01,19.0,-0.02451444049236781
20.0,8.01,20.0,-0.0037556585955389535
20.0,8.01,21.0,-0.02506779494161357
20.0,9.01,0.0,0.18174375042388927
20.0,9.01,1.0,-2.0292680531412552e-05
20.0,9.01,2.0,0.01490558661000068
20.0,9.01,3.0,-1.5947593482948167e-06
20.0,9.01,4.0,-2.402845227984713e-08
20.0,9.01,5.0,0.029473154045972283
20.0,9.01,6.0,-0.0717195351363816
20.0,9.01,7.0,-0.028899567059082053
20.0,9.01,8.0,0.004838756417508687
20.0,9.01,9.0,-0.03382381108740251
20.0,9.01,10.0,0.07084251903820914
20.0,9.01,11.0,-0.047516826070281154
20.0,9.01,12.0,-8.098138004731641e-05
20.0,9.01,13.0,0.0037145657050488
20.0,9.01,14.0,-0.01747375043549962
20.0,9.01,15.0,-1.3832648908878527e-07
20.0,9.01,16.0,0.04037402685694397
20.0,9.01,17.0,-3.169829004426871e-05
20.0,9.01,18.0,0.00993206576654948
20.0,9.01,19.0,-0.02875432406568318
20.0,9.01,20.0,-0.0046804926732267865
20.0,9.01,21.0,-0.030090492376955477
20.0,10.01,0.0,0.20888305691249873
20.0,10.01,1.0,-2.029306324709382e-05
20.0,10.01,2.0,0.016210724782074713
20.0,10.01,3.0,-1.5947594223890957e-06
20.0,10.01,4.0,-2.4028452282435454e-08
20.0,10.01,5.0,0.03348929674687107
20.0,10.01,6.0,-0.08043103322495665
20.0,10.01,7.0,-0.03259984628655447
20.0,10.01,8.0,0.004831245002925231
20.0,10.01,9.0,-0.03755981162173938
20.0,10.01,10.0,0.08046119904061343
20.0,10.01,11.0,-0.054135657159754325
20.0,10.01,12.0,-8.098138034337758e-05
20.0,10.01,13.0,0.004209088972530334
20.0,10.01,14.0,-0.02020004976703317
20.0,10.01,15.0,-1.3832649005264338e-07
20.0,10.01,16.0,0.04839050707880599
20.0,10.01,17.0,-3.168297965704301e-05
20.0,10.01,18.0,0.012934719226559283
20.0,10.01,19.0,-0.03318143769562387
20.0,10.01,20.0,-0.0058243163017906215
20.0,10.01,21.0,-0.03437402022636771
21.0,0.01,0.0,0.004006977381300653
21.0,0.01,1.0,-0.0038254680059784663
21.0,0.01,2.0,-0.0022161710975955318
21.0,0.01,3.0,-1.0278741540911864e-07
21.0,0.01,4.0,-6.064712802588949e-05
21.0,0.01,5.0,-0.002054213746219835
21.0,0.01,6.0,-5.14951947144859e-10
21.0,0.01,7.0,0.0015681882620997567
21.0,0.01,8.0,-0.004692136640922745
21.0,0.01,9.0,0.0010119828194787295
21.0,0.01,10.0,0.004492749108304855
21.0,0.01,11.0,8.415936438399552e-05
21.0,0.01,12.0,-0.0005143412965673277
21.0,0.01,13.0,-0.001447918651029835
21.0,0.01,14.0,-0.0029717963292537966
21.0,0.01,15.0,0.003724995676426285
21.0,0.01,16.0,0.008038940884979855
21.0,0.01,17.0,-0.0032117797003646045
21.0,0.01,18.0,-0.0019638795442803586
21.0,0.01,19.0,-3.2774103611630474e-06
21.0,0.01,20.0,-0.0007206546361672658
21.0,0.01,21.0,-4.238542941766749e-09
21.0,1.01,0.0,0.055072630351725216
21.0,1.01,1.0,-0.016463195088782717
21.0,1.01,2.0,0.013068327532016727
21.0,1.01,3.0,-1.0278747181786822e-07
21.0,1.01,4.0,-6.071058619513214e-05
21.0,1.01,5.0,0.001110991756721802
21.0,1.01,6.0,-5.149519475414899e-10
21.0,1.01,7.0,-0.01716977866608113
21.0,1.01,8.0,-0.01773451449996116
21.0,1.01,9.0,-0.01888381458158367
21.0,1.01,10.0,0.01179590041982103
21.0,1.01,11.0,-0.008919554190046808
21.0,1.01,12.0,-0.02333159557231218
21.0,1.01,13.0,-0.0014537139119404675
21.0,1.01,14.0,-0.007887394941691387
21.0,1.01,15.0,0.019647584129207113
21.0,1.01,16.0,0.013329942274819262
21.0,1.01,17.0,-0.004250687075107189
21.0,1.01,18.0,-0.010644002506003891
21.0,1.01,19.0,-3.2737197108047535e-06
21.0,1.01,20.0,0.017234783470158548
21.0,1.01,21.0,3.194822588325206e-08
21.0,2.01,0.0,0.10505053726217589
21.0,2.01,1.0,-0.027933536605899506
21.0,2.01,2.0,0.029296692247262696
21.0,2.01,3.0,-1.0278750096303805e-07
21.0,2.01,4.0,-6.0773548269517686e-05
21.0,2.01,5.0,0.006457737358282423
21.0,2.01,6.0,-5.149519474666138e-10
21.0,2.01,7.0,-0.03763636793810882
21.0,2.01,8.0,-0.02847095321701456
21.0,2.01,9.0,-0.03877731915572932
21.0,2.01,10.0,0.01777173778627502
21.0,2.01,11.0,-0.01782665166989042
21.0,2.01,12.0,-0.04617636114843124
21.0,2.01,13.0,-0.001459230974738626
21.0,2.01,14.0,-0.009802625759836755
21.0,2.01,15.0,0.03362724179559062
21.0,2.01,16.0,0.016971268490500367
21.0,2.01,17.0,-0.004613344705007564
21.0,2.01,18.0,-0.01865617017978012
21.0,2.01,19.0,-3.2486715774568693e-06
21.0,2.01,20.0,0.037130353822842674
21.0,2.01,21.0,1.1909633581949194e-06
21.0,3.01,0.0,0.15482337834171467
21.0,3.01,1.0,-0.039224123980065174
21.0,3.01,2.0,0.046450464005226066
21.0,3.01,3.0,-1.0278751246236302e-07
21.0,3.01,4.0,-6.080825419713733e-05
21.0,3.01,5.0,0.013552879196569001
21.0,3.01,6.0,-5.149519470850269e-10
21.0,3.01,7.0,-0.05993527264041301
21.0,3.01,8.0,-0.03589100800511039
21.0,3.01,9.0,-0.05844088955658758
21.0,3.01,10.0,0.02201541220777979
21.0,3.01,11.0,-0.02593651173907957
21.0,3.01,12.0,-0.06974904165352615
21.0,3.01,13.0,-0.0014643091063284562
21.0,3.01,14.0,-0.01022674069634791
21.0,3.01,15.0,0.045806322002537314
21.0,3.01,16.0,0.02031460419440341
21.0,3.01,17.0,-0.004721748249739022
21.0,3.01,18.0,-0.025558379969257833
21.0,3.01,19.0,-3.086647047916107e-06
21.0,3.01,20.0,0.05703860342041445
21.0,3.01,21.0,-6.357066818756074e-07
21.0,4.01,0.0,0.20581455553712907
21.0,4.01,1.0,-0.050893212872109746
21.0,4.01,2.0,0.06513231981553072
21.0,4.01,3.0,-1.027875160187321e-07
21.0,4.01,4.0,-6.0822484406763414e-05
21.0,4.01,5.0,0.02251803673926439
21.0,4.01,6.0,-5.149519468632965e-10
21.0,4.01,7.0,-0.08450459154388382
21.0,4.01,8.0,-0.03951201443979539
21.0,4.01,9.0,-0.07789692173233949
21.0,4.01,10.0,0.02442667673371217
21.0,4.01,11.0,-0.032854016215946996
21.0,4.01,12.0,-0.09460953879852944
21.0,4.01,13.0,-0.0014696801278289424
21.0,4.01,14.0,-0.010288814944994439
21.0,4.01,15.0,0.05689584163806877
21.0,4.01,16.0,0.023645746962593077
21.0,4.01,17.0,-0.004748258462093673
21.0,4.01,18.0,-0.03134037856010358
21.0,4.01,19.0,-2.1083165317639608e-06
21.0,4.01,20.0,0.07697747931666599
21.0,4.01,21.0,-6.531007120508433e-07
21.0,5.01,0.0,0.25985349816869585
21.0,5.01,1.0,-0.06255764446070504
21.0,5.01,2.0,0.08546234979149017
21.0,5.01,3.0,-1.0278751688224418e-07
21.0,5.01,4.0,-6.0827064131416614e-05
21.0,5.01,5.0,0.03332198746088855
21.0,5.01,6.0,-5.149519441709311e-10
21.0,5.01,7.0,-0.1112891475247364
21.0,5.01,8.0,-0.040630694501440155
21.0,5.01,9.0,-0.09810207275683135
21.0,5.01,10.0,0.025404864719639028
21.0,5.01,11.0,-0.039176500293508915
21.0,5.01,12.0,-0.1213277591332199
21.0,5.01,13.0,-0.0014784258484224317
21.0,5.01,14.0,-0.010295272738933036
21.0,5.01,15.0,0.06774897011796438
21.0,5.01,16.0,0.026937457888801003
21.0,5.01,17.0,-0.0047532540043508185
21.0,5.01,18.0,-0.036381420114145385
21.0,5.01,19.0,3.5550975746432224e-06
21.0,5.01,20.0,0.09749015506597078
21.0,5.01,21.0,-6.531473012381006e-07
21.0,6.01,0.0,0.3179326290448417
21.0,6.01,1.0,-0.07250725934433139
21.0,6.01,2.0,0.10721012456443532
21.0,6.01,3.0,-1.0278751702978609e-07
21.0,6.01,4.0,-6.0828234845768816e-05
21.0,6.01,5.0,0.04461606153586817
21.0,6.01,6.0,-5.14950462183378e-10
21.0,6.01,7.0,-0.13711791792397346
21.0,6.01,8.0,-0.04085628612559177
21.0,6.01,9.0,-0.12081771345928759
21.0,6.01,10.0,0.024640152706666793
21.0,6.01,11.0,-0.04579587877308755
21.0,6.01,12.0,-0.14930435317216972
21.0,6.01,13.0,-0.001493904057757286
21.0,6.01,14.0,-0.010295754686433409
21.0,6.01,15.0,0.07964528303645757
21.0,6.01,16.0,0.030002936939751736
21.0,6.01,17.0,-0.004753973203483931
21.0,6.01,18.0,-0.04100481253126172
21.0,6.01,19.0,3.4795007812781815e-05
21.0,6.01,20.0,0.11871030523542457
21.0,6.01,21.0,-6.531475210038055e-07
21.0,7.01,0.0,0.3825834684259034
21.0,7.01,1.0,-0.07846591951240293
21.0,7.01,2.0,0.12766714936559062
21.0,7.01,3.0,-1.0278751704752727e-07
21.0,7.01,4.0,-6.0828475167858444e-05
21.0,7.01,5.0,0.053506881875570345
21.0,7.01,6.0,-5.132492145681119e-10
21.0,7.01,7.0,-0.1500095094672357
21.0,7.01,8.0,-0.040887491128497086
21.0,7.01,9.0,-0.14707405370660231
21.0,7.01,10.0,0.02032348789090694
21.0,7.01,11.0,-0.051722643499351295
21.0,7.01,12.0,-0.17311324815179968
21.0,7.01,13.0,-0.0015106321746513694
21.0,7.01,14.0,-0.010295779139691326
21.0,7.01,15.0,0.09225664059971661
21.0,7.01,16.0,0.03253675660051812
21.0,7.01,17.0,-0.0047540522728331345
21.0,7.01,18.0,-0.04539400299307634
21.0,7.01,19.0,0.00017730687374656228
21.0,7.01,20.0,0.13904096504638755
21.0,7.01,21.0,-6.531475076198824e-07
21.0,8.01,0.0,0.4540470068985589
21.0,8.01,1.0,-0.080721486483982
21.0,8.01,2.0,0.15267965012275456
21.0,8.01,3.0,-1.0278751704904116e-07
21.0,8.01,4.0,-6.0828513988957334e-05
21.0,8.01,5.0,0.06513656316310107
21.0,8.01,6.0,1.7365313855962362e-09
21.0,8.01,7.0,-0.15179473925468775
21.0,8.01,8.0,-0.04089021280186403
21.0,8.01,9.0,-0.1747965476301444
21.0,8.01,10.0,0.012215852565680502
21.0,8.01,11.0,-0.059385217654137096
21.0,8.01,12.0,-0.18206035559781522
21.0,8.01,13.0,-0.0015185044026721035
21.0,8.01,14.0,-0.010295779884080562
21.0,8.01,15.0,0.1102928623702546
21.0,8.01,16.0,0.031203628739176453
21.0,8.01,17.0,-0.004754058581673648
21.0,8.01,18.0,-0.05043154822590165
21.0,8.01,19.0,0.0006309383371642515
21.0,8.01,20.0,0.16159014686327022
21.0,8.01,21.0,-6.531475482235296e-07
21.0,9.01,0.0,0.5361450455135941
21.0,9.01,1.0,-0.08129184489450306
21.0,9.01,2.0,0.18405400612729525
21.0,9.01,3.0,-1.027875170491114e-07
21.0,9.01,4.0,-6.0828518999938764e-05
21.0,9.01,5.0,0.0806004279615189
21.0,9.01,6.0,9.127382052791644e-07
21.0,9.01,7.0,-0.15190251542859762
21.0,9.01,8.0,-0.04089032755639845
21.0,9.01,9.0,-0.19667003616882436
21.0,9.01,10.0,0.0017620486193954052
21.0,9.01,11.0,-0.06865892644293886
21.0,9.01,12.0,-0.18262030145129096
21.0,9.01,13.0,-0.0015205706547583204
21.0,9.01,14.0,-0.010295779896060012
21.0,9.01,15.0,0.1320194116679766
21.0,9.01,16.0,0.024901040604637714
21.0,9.01,17.0,-0.004754058952774726
21.0,9.01,18.0,-0.05681660030792063
21.0,9.01,19.0,0.0018739244247212223
21.0,9.01,20.0,0.18726523636821096
21.0,9.01,21.0,-6.531475018268479e-07
21.0,10.01,0.0,0.6210878126798187
21.0,10.01,1.0,-0.08137419280341267
21.0,10.01,2.0,0.22144096897663193
21.0,10.01,3.0,-1.0278751704912278e-07
21.0,10.01,4.0,-6.0828519484991375e-05
21.0,10.01,5.0,0.09797485797363337
21.0,10.01,6.0,1.292740912823742e-06
21.0,10.01,7.0,-0.15190924320723326
21.0,10.01,8.0,-0.04089032979101856
21.0,10.01,9.0,-0.20221987511013356
21.0,10.01,10.0,-0.010425214765811038
21.0,10.01,11.0,-0.07777555082160995
21.0,10.01,12.0,-0.18262782307503597
21.0,10.01,13.0,-0.0015210050932960737
21.0,10.01,14.0,-0.010295779896239579
21.0,10.01,15.0,0.15501293504332575
21.0,10.01,16.0,0.014527054261467852
21.0,10.01,17.0,-0.004754058969613505
21.0,10.01,18.0,-0.06441959413586829
21.0,10.01,19.0,0.0054968704516846515
21.0,10.01,20.0,0.21299158012532482
21.0,10.01,21.0,-6.531476550453991e-07
22.0,0.01,0.0,-4.068509319296243e-08
22.0,0.01,1.0,0.0005682067420010317
22.0,0.01,2.0,-0.001202828982761056
22.0,0.01,3.0,-1.588025210973278e-05
22.0,0.01,4.0,0.0002278261548860211
22.0,0.01,5.0,-0.00035384404396981983
22.0,0.01,6.0,-0.0013981104193176025
22.0,0.01,7.0,-0.00044786741036287325
22.0,0.01,8.0,-0.003446365090092031
22.0,0.01,9.0,0.0009339944296727493
22.0,0.01,10.0,-0.0008484249649172021
22.0,0.01,11.0,-0.0008051750389360124
22.0,0.01,12.0,-0.0002944557242378909
22.0,0.01,13.0,0.0009979539897277956
22.0,0.01,14.0,4.286297155245422e-05
22.0,0.01,15.0,-0.0006857372171430592
22.0,0.01,16.0,-0.00029256405039781996
22.0,0.01,17.0,0.0021435644982412683
22.0,0.01,18.0,-6.007401318150761e-05
22.0,0.01,19.0,0.0003857199089298269
22.0,0.01,20.0,-3.94956853692896e-05
22.0,0.01,21.0,-0.00021576082649483108
22.0,1.01,0.0,-4.068508595490916e-08
22.0,1.01,1.0,0.0005682067590231099
22.0,1.01,2.0,-0.0012028289770676381
22.0,1.01,3.0,-1.5880252109785258e-05
22.0,1.01,4.0,0.00022782617530307803
22.0,1.01,5.0,-0.00035384405747936054
22.0,1.01,6.0,-0.0013981104157195917
22.0,1.01,7.0,-0.00044786738590196773
22.0,1.01,8.0,-0.0034463650946870298
22.0,1.01,9.0,0.0009339944559586949
22.0,1.01,10.0,-0.0008484249704257402
22.0,1.01,11.0,-0.0008051750247722311
22.0,1.01,12.0,-0.00029445566418764835
22.0,1.01,13.0,0.000997953879090574
22.0,1.01,14.0,4.2862975432544914e-05
22.0,1.01,15.0,-0.0006857372097060742
22.0,1.01,16.0,-0.00029256410384997933
22.0,1.01,17.0,0.0021435645263734454
22.0,1.01,18.0,-6.007401318755529e-05
22.0,1.01,19.0,0.00038572003102532726
22.0,1.01,20.0,-3.9495732643252124e-05
22.0,1.01,21.0,-0.0002157608264942969
22.0,2.01,0.0,-4.0685048330440965e-08
22.0,2.01,1.0,0.0005682067768131294
22.0,2.01,2.0,-0.0012028289710914256
22.0,2.01,3.0,-1.588025210985066e-05
22.0,2.01,4.0,0.00022782619614111765
22.0,2.01,5.0,-0.00035384406910680954
22.0,2.01,6.0,-0.0013981104141665562
22.0,2.01,7.0,-0.00044786736141355643
22.0,2.01,8.0,-0.003446365100678997
22.0,2.01,9.0,0.0009339944783498533
22.0,2.01,10.0,-0.0008484249760091489
22.0,2.01,11.0,-0.0008051750098884702
22.0,2.01,12.0,-0.0002944556115438146
22.0,2.01,13.0,0.0009979537771434566
22.0,2.01,14.0,4.286297606970191e-05
22.0,2.01,15.0,-0.0006857372003096912
22.0,2.01,16.0,-0.0002925641555263647
22.0,2.01,17.0,0.002143564551127991
22.0,2.01,18.0,-6.00740131949531e-05
22.0,2.01,19.0,0.00038572013643350944
22.0,2.01,20.0,-3.9495776814446604e-05
22.0,2.01,21.0,-0.000215760826492661
22.0,3.01,0.0,-4.068484925627288e-08
22.0,3.01,1.0,0.0005682067953419745
22.0,3.01,2.0,-0.0012028289638238293
22.0,3.01,3.0,-1.5880252109934766e-05
22.0,3.01,4.0,0.00022782621883914167
22.0,3.01,5.0,-0.0003538440787782815
22.0,3.01,6.0,-0.0013981104152693546
22.0,3.01,7.0,-0.0004478673365921615
22.0,3.01,8.0,-0.00344636510866182
22.0,3.01,9.0,0.0009339944964147917
22.0,3.01,10.0,-0.0008484249816383266
22.0,3.01,11.0,-0.0008051749943694397
22.0,3.01,12.0,-0.00029445556708582177
22.0,3.01,13.0,0.0009979536807245282
22.0,3.01,14.0,4.286297294564534e-05
22.0,3.01,15.0,-0.0006857371873960245
22.0,3.01,16.0,-0.00029256420760320756
22.0,3.01,17.0,0.0021435645726374936
22.0,3.01,18.0,-6.0074013204298204e-05
22.0,3.01,19.0,0.000385720226073083
22.0,3.01,20.0,-3.949581948464731e-05
22.0,3.01,21.0,-0.00021576082648964748
22.0,4.01,0.0,-4.068378722804258e-08
22.0,4.01,1.0,0.0005682068147929431
22.0,4.01,2.0,-0.0012028289528247388
22.0,4.01,3.0,-1.5880252110047086e-05
22.0,4.01,4.0,0.00022782624619142877
22.0,4.01,5.0,-0.00035384408597465
22.0,4.01,6.0,-0.001398110420334428
22.0,4.01,7.0,-0.00044786730999193947
22.0,4.01,8.0,-0.0034463651196608228
22.0,4.01,9.0,0.0009339945086573875
22.0,4.01,10.0,-0.000848424987230062
22.0,4.01,11.0,-0.0008051749777726047
22.0,4.01,12.0,-0.0002944555327027698
22.0,4.01,13.0,0.0009979535851142862
22.0,4.01,14.0,4.286296447922333e-05
22.0,4.01,15.0,-0.0006857371675990376
22.0,4.01,16.0,-0.0002925642639345083
22.0,4.01,17.0,0.002143564590642383
22.0,4.01,18.0,-6.007401321656951e-05
22.0,4.01,19.0,0.0003857202987389563
22.0,4.01,20.0,-3.949586289700435e-05
22.0,4.01,21.0,-0.00021576082648476502
22.0,5.01,0.0,-4.0678102041555147e-08
22.0,5.01,1.0,0.00056820683482256
22.0,5.01,2.0,-0.0012028289311400847
22.0,5.01,3.0,-1.588025211020443e-05
22.0,5.01,4.0,0.00022782628451667453
22.0,5.01,5.0,-0.00035384408878456897
22.0,5.01,6.0,-0.0013981104319641113
22.0,5.01,7.0,-0.0004478672765581282
22.0,5.01,8.0,-0.003446365135592676
22.0,5.01,9.0,0.0009339945107864067
22.0,5.01,10.0,-0.000848424992415775
22.0,5.01,11.0,-0.0008051749583427581
22.0,5.01,12.0,-0.000294455512126951
22.0,5.01,13.0,0.000997953481037095
22.0,5.01,14.0,4.286294675401314e-05
22.0,5.01,15.0,-0.0006857371327244031
22.0,5.01,16.0,-0.00029256433270447024
22.0,5.01,17.0,0.002143564604632539
22.0,5.01,18.0,-6.007401323349238e-05
22.0,5.01,19.0,0.0003857203484744498
22.0,5.01,20.0,-3.949591046156775e-05
22.0,5.01,21.0,-0.00021576082647712297
22.0,6.01,0.0,-4.064763127884303e-08
22.0,6.01,1.0,0.0005682068498706616
22.0,6.01,2.0,-0.001202828876144188
22.0,6.01,3.0,-1.588025211043944e-05
22.0,6.01,4.0,0.0002278263501833272
22.0,6.01,5.0,-0.0003538440800017334
22.0,6.01,6.0,-0.0013981104547944323
22.0,6.01,7.0,-0.00044786721758793835
22.0,6.01,8.0,-0.003446365160431791
22.0,6.01,9.0,0.0009339944902415631
22.0,6.01,10.0,-0.0008484249956629275
22.0,6.01,11.0,-0.0008051749301244415
22.0,6.01,12.0,-0.0002944555101909163
22.0,6.01,13.0,0.0009979533454851364
22.0,6.01,14.0,4.2862910284047206e-05
22.0,6.01,15.0,-0.0006857370602363147
22.0,6.01,16.0,-0.00029256443430145107
22.0,6.01,17.0,0.0021435646164390115
22.0,6.01,18.0,-6.0074013258390657e-05
22.0,6.01,19.0,0.0003857203559096689
22.0,6.01,20.0,-3.949596613814221e-05
22.0,6.01,21.0,-0.0002157608264650065
22.0,7.01,0.0,-4.048426341636677e-08
22.0,7.01,1.0,0.00056820682306577
22.0,7.01,2.0,-0.0012028287059950293
22.0,7.01,3.0,-1.5880252110822772e-05
22.0,7.01,4.0,0.00022782649086700024
22.0,7.01,5.0,-0.00035384402984404983
22.0,7.01,6.0,-0.0013981104938542155
22.0,7.01,7.0,-0.00044786705762570045
22.0,7.01,8.0,-0.0034463652035192976
22.0,7.01,9.0,0.0009339944078695928
22.0,7.01,10.0,-0.0008484249906152985
22.0,7.01,11.0,-0.0008051748722552321
22.0,7.01,12.0,-0.0002944555180292019
22.0,7.01,13.0,0.0009979531104505335
22.0,7.01,14.0,4.2862832444590104e-05
22.0,7.01,15.0,-0.0006857368807265708
22.0,7.01,16.0,-0.0002925646269617277
22.0,7.01,17.0,0.0021435646484688348
22.0,7.01,18.0,-6.007401329839109e-05
22.0,7.01,19.0,0.00038572025730304604
22.0,7.01,20.0,-3.949602310454603e-05
22.0,7.01,21.0,-0.0002157608264447765
22.0,8.01,0.0,-3.960833638141807e-08
22.0,8.01,1.0,0.0005682065488480659
22.0,8.01,2.0,-0.0012028280994707055
22.0,8.01,3.0,-1.588025211152742e-05
22.0,8.01,4.0,0.00022782685961958427
22.0,8.01,5.0,-0.00035384380584073394
22.0,8.01,6.0,-0.0013981105335492267
22.0,8.01,7.0,-0.00044786647057679096
22.0,8.01,8.0,-0.003446365290016424
22.0,8.01,9.0,0.0009339941339308877
22.0,8.01,10.0,-0.0008484249497506535
22.0,8.01,11.0,-0.0008051747085206507
22.0,8.01,12.0,-0.0002944554089774065
22.0,8.01,13.0,0.0009979525458957972
22.0,8.01,14.0,4.2862664810017215e-05
22.0,8.01,15.0,-0.0006857363587759284
22.0,8.01,16.0,-0.0002925650972875893
22.0,8.01,17.0,0.0021435648502698967
22.0,8.01,18.0,-6.007401337075456e-05
22.0,8.01,19.0,0.0003857198238718107
22.0,8.01,20.0,-3.9495983775061916e-05
22.0,8.01,21.0,-0.0002157608264076227
22.0,9.01,0.0,-3.491199115442198e-08
22.0,9.01,1.0,0.000568204946066353
22.0,9.01,2.0,-0.0012028257166407097
22.0,9.01,3.0,-1.5880252113033433e-05
22.0,9.01,4.0,0.0002278279876577055
22.0,9.01,5.0,-0.00035384279066633106
22.0,9.01,6.0,-0.001398110401209629
22.0,9.01,7.0,-0.0004478639774147253
22.0,9.01,8.0,-0.003446365497200723
22.0,9.01,9.0,0.0009339932182508698
22.0,9.01,10.0,-0.000848424747564358
22.0,9.01,11.0,-0.0008051741538953605
22.0,9.01,12.0,-0.0002944543299743807
22.0,9.01,13.0,0.0009979507850261249
22.0,9.01,14.0,4.286234899053554e-05
22.0,9.01,15.0,-0.0006857346317410556
22.0,9.01,16.0,-0.000292566502261421
22.0,9.01,17.0,0.002143566079449405
22.0,9.01,18.0,-6.0074013522952324e-05
22.0,9.01,19.0,0.0003857181562430534
22.0,9.01,20.0,-3.9495186919230596e-05
22.0,9.01,21.0,-0.0002157608263286192
22.0,10.01,0.0,-9.732654586136232e-09
22.0,10.01,1.0,0.0005681964536006778
22.0,10.01,2.0,-0.0012028157121971167
22.0,10.01,3.0,-1.5880252116836035e-05
22.0,10.01,4.0,0.0002278318350232983
22.0,10.01,5.0,-0.000353838025251324
22.0,10.01,6.0,-0.0013981090076349428
22.0,10.01,7.0,-0.0004478526420449991
22.0,10.01,8.0,-0.0034463660906164165
22.0,10.01,9.0,0.0009339900520644179
22.0,10.01,10.0,-0.000848423786808758
22.0,10.01,11.0,-0.0008051721398358302
22.0,10.01,12.0,-0.000294447379624474
22.0,10.01,13.0,0.0009979442676865125
22.0,10.01,14.0,4.28621626918646e-05
22.0,10.01,15.0,-0.0006857283437101194
22.0,10.01,16.0,-0.00029257133469209884
22.0,10.01,17.0,0.0021435729697672906
22.0,10.01,18.0,-6.007401390212468e-05
22.0,10.01,19.0,0.00038571144511978517
22.0,10.01,20.0,-3.9489790612856623e-05
22.0,10.01,21.0,-0.00021576082612529448
23.0,0.01,0.0,0.00038235455675668384
23.0,0.01,1.0,-0.0016020082137949143
23.0,0.01,2.0,-2.773877116864318e-06
23.0,0.01,3.0,0.0007742882699573184
23.0,0.01,4.0,-3.821511037226069e-08
23.0,0.01,5.0,0.0017204400722862709
23.0,0.01,6.0,0.001809063147873824
23.0,0.01,7.0,-0.0016828295009898159
23.0,0.01,8.0,0.0002632445163672503
23.0,0.01,9.0,0.0011369319019701452
23.0,0.01,10.0,-6.866724725028349e-06
23.0,0.01,11.0,0.00209040875194344
23.0,0.01,12.0,0.0005092135836567979
23.0,0.01,13.0,-0.0016033101166330844
23.0,0.01,14.0,0.00020129871298923963
23.0,0.01,15.0,0.00022316096567762123
23.0,0.01,16.0,-0.0029998351595028638
23.0,0.01,17.0,-0.002336917383166867
23.0,0.01,18.0,-0.0003501932866202123
23.0,0.01,19.0,-0.0019808323413950946
23.0,0.01,20.0,0.0023768142449814185
23.0,0.01,21.0,-5.6426737591960544e-11
23.0,1.01,0.0,0.005997190549715592
23.0,1.01,1.0,-0.0017241370183112559
23.0,1.01,2.0,-2.7738768236663063e-06
23.0,1.01,3.0,0.004898349921102302
23.0,1.01,4.0,-2.184603602909701e-07
23.0,1.01,5.0,-0.0006457315801034133
23.0,1.01,6.0,0.00240681598882303
23.0,1.01,7.0,-0.0033934179721705204
23.0,1.01,8.0,0.0012449585704391863
23.0,1.01,9.0,-0.0016063269720242301
23.0,1.01,10.0,-6.866896209431323e-06
23.0,1.01,11.0,0.0007643830390530043
23.0,1.01,12.0,0.004781703659959391
23.0,1.01,13.0,-0.001623015626204718
23.0,1.01,14.0,0.004615090775591468
23.0,1.01,15.0,-0.0001732976037986389
23.0,1.01,16.0,-0.0031433201734504517
23.0,1.01,17.0,-0.0034795895258811077
23.0,1.01,18.0,0.00010713304130014617
23.0,1.01,19.0,-0.0033562510456661004
23.0,1.01,20.0,0.005694501570448703
23.0,1.01,21.0,-5.642673759255651e-11
23.0,2.01,0.0,0.011097758275011638
23.0,2.01,1.0,-0.0018272130315314938
23.0,2.01,2.0,-2.773876530352737e-06
23.0,2.01,3.0,0.008676433551860485
23.0,2.01,4.0,2.776992377704764e-07
23.0,2.01,5.0,-0.0028211606916792448
23.0,2.01,6.0,0.0029446733741386732
23.0,2.01,7.0,-0.004964977770645709
23.0,2.01,8.0,0.0021397023144474336
23.0,2.01,9.0,-0.004118844477146166
23.0,2.01,10.0,-6.8670207746091554e-06
23.0,2.01,11.0,-0.0004800592816321947
23.0,2.01,12.0,0.008694394233201452
23.0,2.01,13.0,-0.0016345891786723793
23.0,2.01,14.0,0.00865642544375217
23.0,2.01,15.0,-0.0005515918136499154
23.0,2.01,16.0,-0.003220686352310101
23.0,2.01,17.0,-0.004500487688916616
23.0,2.01,18.0,0.000507768554016283
23.0,2.01,19.0,-0.004593846133350579
23.0,2.01,20.0,0.008728898796996103
23.0,2.01,21.0,-5.64267375928339e-11
23.0,3.01,0.0,0.015751444671773043
23.0,3.01,1.0,-0.0019165709825239297
23.0,3.01,2.0,-2.7738762896929323e-06
23.0,3.01,3.0,0.012140233099740938
23.0,3.01,4.0,1.1169101180807929e-06
23.0,3.01,5.0,-0.004821310688490274
23.0,3.01,6.0,0.0034327954239710134
23.0,3.01,7.0,-0.006407731250993955
23.0,3.01,8.0,0.0029570765539207455
23.0,3.01,9.0,-0.0064219441657497045
23.0,3.01,10.0,-6.867112338981045e-06
23.0,3.01,11.0,-0.0016378036523664943
23.0,3.01,12.0,0.01228171456999333
23.0,3.01,13.0,-0.0016415624290895695
23.0,3.01,14.0,0.012361885571157916
23.0,3.01,15.0,-0.0009060047117702696
23.0,3.01,16.0,-0.0032635108313605185
23.0,3.01,17.0,-0.005421246307427144
23.0,3.01,18.0,0.0008639003403086432
23.0,3.01,19.0,-0.0057159642582913645
23.0,3.01,20.0,0.011507324391664287
23.0,3.01,21.0,-5.642673759302707e-11
23.0,4.01,0.0,0.020014428924982786
23.0,4.01,1.0,-0.0019957228309313846
23.0,4.01,2.0,-2.7738760441879763e-06
23.0,4.01,3.0,0.01532186268455285
23.0,4.01,4.0,8.75292429529045e-07
23.0,4.01,5.0,-0.006662827886839903
23.0,4.01,6.0,0.003878309663665036
23.0,4.01,7.0,-0.007733855135989759
23.0,4.01,8.0,0.0037058663125389413
23.0,4.01,9.0,-0.00853767592354815
23.0,4.01,10.0,-6.867180367957722e-06
23.0,4.01,11.0,-0.0027111596331769183
23.0,4.01,12.0,0.01557737659156122
23.0,4.01,13.0,-0.0016458689043163186
23.0,4.01,14.0,0.01576734445615352
23.0,4.01,15.0,-0.0012357170348281377
23.0,4.01,16.0,-0.0032878786636232355
23.0,4.01,17.0,-0.006257886274162371
23.0,4.01,18.0,0.0011842695196437325
23.0,4.01,19.0,-0.006739372253515813
23.0,4.01,20.0,0.014057007692648702
23.0,4.01,21.0,-5.642673759313666e-11
23.0,5.01,0.0,0.023933970946856287
23.0,5.01,1.0,-0.0020667036059066335
23.0,5.01,2.0,-2.773875817985212e-06
23.0,5.01,3.0,0.018251816272718102
23.0,5.01,4.0,4.5318483556297844e-07
23.0,5.01,5.0,-0.0083617950294827
23.0,5.01,6.0,0.004287052073791375
23.0,5.01,7.0,-0.008955290383746456
23.0,5.01,8.0,0.004394165372543057
23.0,5.01,9.0,-0.010486152502067025
23.0,5.01,10.0,-6.8672315882774565e-06
23.0,5.01,11.0,-0.003705632436393505
23.0,5.01,12.0,0.018613026962173096
23.0,5.01,13.0,-0.0016485959511824972
23.0,5.01,14.0,0.018904858046195405
23.0,5.01,15.0,-0.00154141710345293
23.0,5.01,16.0,-0.0033021394457133624
23.0,5.01,17.0,-0.007022629012759657
23.0,5.01,18.0,0.0014750046661821392
23.0,5.01,19.0,-0.00767752865546438
23.0,5.01,20.0,0.016403263844073434
23.0,5.01,21.0,-5.6426737593221794e-11
23.0,6.01,0.0,0.027549988231693356
23.0,6.01,1.0,-0.0021309641996343776
23.0,6.01,2.0,-2.773875607557618e-06
23.0,6.01,3.0,0.02095738681269077
23.0,6.01,4.0,1.824469757023851e-07
23.0,6.01,5.0,-0.009932943655912428
23.0,6.01,6.0,0.00466362490993899
23.0,6.01,7.0,-0.010083103652489885
23.0,6.01,8.0,0.005028945742647839
23.0,6.01,9.0,-0.012285490492757595
23.0,6.01,10.0,-6.867270629659395e-06
23.0,6.01,11.0,-0.004627742253513305
23.0,6.01,12.0,0.02141682731048944
23.0,6.01,13.0,-0.0016503638478778282
23.0,6.01,14.0,0.021803186786653272
23.0,6.01,15.0,-0.0018247208022461603
23.0,6.01,16.0,-0.003310714117703146
23.0,6.01,17.0,-0.007725097614605443
23.0,6.01,18.0,0.0017407069450394372
23.0,6.01,19.0,-0.008541203385716581
23.0,6.01,20.0,0.018568559752187467
23.0,6.01,21.0,-5.6426737593281636e-11
23.0,7.01,0.0,0.030896543375350652
23.0,7.01,1.0,-0.0021893602271439994
23.0,7.01,2.0,-2.7738754104933715e-06
23.0,7.01,3.0,0.02346303404615019
23.0,7.01,4.0,1.8083741992792092e-06
23.0,7.01,5.0,-0.011389441205389525
23.0,7.01,6.0,0.005012068819009313
23.0,7.01,7.0,-0.011127193122878042
23.0,7.01,8.0,0.0056164873110541025
23.0,7.01,9.0,-0.013951424739716778
23.0,7.01,10.0,-6.8673007423272146e-06
23.0,7.01,11.0,-0.005484105680704628
23.0,7.01,12.0,0.024013951551056845
23.0,7.01,13.0,-0.0016515355653739631
23.0,7.01,14.0,0.02448712644626222
23.0,7.01,15.0,-0.002087120145123883
23.0,7.01,16.0,-0.003316004232781392
23.0,7.01,17.0,-0.00837307030092646
23.0,7.01,18.0,0.0019848686401633467
23.0,7.01,19.0,-0.009339434696632815
23.0,7.01,20.0,0.02057266061533503
23.0,7.01,21.0,-5.642673759332196e-11
23.0,8.01,0.0,0.03400238263059957
23.0,8.01,1.0,-0.0022433006761417573
23.0,8.01,2.0,-2.7738752273241623e-06
23.0,8.01,3.0,0.025788585162206806
23.0,8.01,4.0,8.453070738966448e-07
23.0,8.01,5.0,-0.01274300716605787
23.0,8.01,6.0,0.005334786828948279
23.0,8.01,7.0,-0.012096331756191125
23.0,8.01,8.0,0.006161118857563624
23.0,8.01,9.0,-0.015498562778051617
23.0,8.01,10.0,-6.867324243928069e-06
23.0,8.01,11.0,-0.0062807809378666035
23.0,8.01,12.0,0.02642486148642309
23.0,8.01,13.0,-0.001652328401728258
23.0,8.01,14.0,0.02698052686932828
23.0,8.01,15.0,-0.0023316149426992894
23.0,8.01,16.0,-0.003319347993883933
23.0,8.01,17.0,-0.008972895194038571
23.0,8.01,18.0,0.0022103895326600342
23.0,8.01,19.0,-0.010079049120383807
23.0,8.01,20.0,0.022432387493616018
23.0,8.01,21.0,-5.642673759335503e-11
23.0,9.01,0.0,0.03689272840758606
23.0,9.01,1.0,-0.0022930446115699277
23.0,9.01,2.0,-2.7738750544608903e-06
23.0,9.01,3.0,0.027953140881902205
23.0,9.01,4.0,1.9380358301437005e-07
23.0,9.01,5.0,-0.01400387888483541
23.0,9.01,6.0,0.005634950370528802
23.0,9.01,7.0,-0.012998165533303033
23.0,9.01,8.0,0.006667805559258444
23.0,9.01,9.0,-0.01693865394010491
23.0,9.01,10.0,-6.867342780098273e-06
23.0,9.01,11.0,-0.007023513018836781
23.0,9.01,12.0,0.02866920085667579
23.0,9.01,13.0,-0.0016528753425642988
23.0,9.01,14.0,0.02930178458721122
23.0,9.01,15.0,-0.002559242651390431
23.0,9.01,16.0,-0.003321510019565077
23.0,9.01,17.0,-0.009529941691051806
23.0,9.01,18.0,0.0024194450850806085
23.0,9.01,19.0,-0.010766660706223716
23.0,9.01,20.0,0.024162791550322065
23.0,9.01,21.0,-5.6426737593376994e-11
23.0,10.01,0.0,0.039589229380089935
23.0,10.01,1.0,-0.0023391389187619738
23.0,10.01,2.0,-2.7738748909338555e-06
23.0,10.01,3.0,0.029972647868282742
23.0,10.01,4.0,-4.067403527909584e-07
23.0,10.01,5.0,-0.015181090208722436
23.0,10.01,6.0,0.0059148251589213885
23.0,10.01,7.0,-0.013839404834160712
23.0,10.01,8.0,0.007140346734222952
23.0,10.01,9.0,-0.018282358790486924
23.0,10.01,10.0,-6.867357553001397e-06
23.0,10.01,11.0,-0.007717380802019676
23.0,10.01,12.0,0.030763409929051577
23.0,10.01,13.0,-0.0016532595165122674
23.0,10.01,14.0,0.03146799101381348
23.0,10.01,15.0,-0.002771657880733608
23.0,10.01,16.0,-0.003322937894372519
23.0,10.01,17.0,-0.010048732039134138
23.0,10.01,18.0,0.0026138926121298117
23.0,10.01,19.0,-0.01140758934869783
23.0,10.01,20.0,0.02577680248361951
23.0,10.01,21.0,-5.642673759339241e-11
24.0,0.01,0.0,-1.411625344845979e-09
24.0,0.01,1.0,0.0006189845627639912
24.0,0.01,2.0,-1.030773485050458e-09
24.0,0.01,3.0,-0.004622636988885707
24.0,0.01,4.0,-9.076062041302011e-09
24.0,0.01,5.0,-1.1922988073445798e-05
24.0,0.01,6.0,0.0005699077947031728
24.0,0.01,7.0,-0.00048728311388046563
24.0,0.01,8.0,-1.801358462277438e-14
24.0,0.01,9.0,0.0007229941535631945
24.0,0.01,10.0,-2.3712523314134506e-21
24.0,0.01,11.0,-2.758519156902157e-16
24.0,0.01,12.0,0.0009656250529622157
24.0,0.01,13.0,0.0005053867202630125
24.0,0.01,14.0,8.095242571881656e-05
24.0,0.01,15.0,-1.3606524637161697e-06
24.0,0.01,16.0,0.0006458768439052687
24.0,0.01,17.0,-0.00020720438847143807
24.0,0.01,18.0,-2.3834029362792045e-06
24.0,0.01,19.0,-6.702178518728445e-05
24.0,0.01,20.0,-1.1975550139910872e-10
24.0,0.01,21.0,-4.741556424219442e-11
24.0,1.01,0.0,-1.411625344845974e-09
24.0,1.01,1.0,0.0006189845627639912
24.0,1.01,2.0,-1.030773485050458e-09
24.0,1.01,3.0,-0.004622636988885754
24.0,1.01,4.0,-9.076062041302011e-09
24.0,1.01,5.0,-1.1922988073445798e-05
24.0,1.01,6.0,0.0005699077947032838
24.0,1.01,7.0,-0.00048728311388046563
24.0,1.01,8.0,-1.801358462277438e-14
24.0,1.01,9.0,0.00072299415356325
24.0,1.01,10.0,-2.3712523314134506e-21
24.0,1.01,11.0,-2.758519156902157e-16
24.0,1.01,12.0,0.0009656250529622712
24.0,1.01,13.0,0.0005053867202630125
24.0,1.01,14.0,8.095242571881656e-05
24.0,1.01,15.0,-1.3606524637161697e-06
24.0,1.01,16.0,0.0006458768439053797
24.0,1.01,17.0,-0.00020720438847143807
24.0,1.01,18.0,-2.3834029362794777e-06
24.0,1.01,19.0,-6.702178518728446e-05
24.0,1.01,20.0,-1.1975550139910872e-10
24.0,1.01,21.0,-4.741556424219442e-11
24.0,2.01,0.0,-1.4116253448459691e-09
24.0,2.01,1.0,0.0006189845627639912
24.0,2.01,2.0,-1.030773485050458e-09
24.0,2.01,3.0,-0.0046226369888857964
24.0,2.01,4.0,-9.076062041302011e-09
24.0,2.01,5.0,-1.1922988073445798e-05
24.0,2.01,6.0,0.0005699077947032838
24.0,2.01,7.0,-0.0004872831138804379
24.0,2.01,8.0,-1.801358462277438e-14
24.0,2.01,9.0,0.0007229941535631945
24.0,2.01,10.0,-2.3712523314134506e-21
24.0,2.01,11.0,-2.758519156902157e-16
24.0,2.01,12.0,0.0009656250529622712
24.0,2.01,13.0,0.0005053867202629847
24.0,2.01,14.0,8.095242571876105e-05
24.0,2.01,15.0,-1.3606524637161697e-06
24.0,2.01,16.0,0.0006458768439053797
24.0,2.01,17.0,-0.00020720438847143807
24.0,2.01,18.0,-2.3834029362797567e-06
24.0,2.01,19.0,-6.702178518728446e-05
24.0,2.01,20.0,-1.1975550139910872e-10
24.0,2.01,21.0,-4.741556424219442e-11
24.0,3.01,0.0,-1.4116253448459641e-09
24.0,3.01,1.0,0.0006189845627639634
24.0,3.01,2.0,-1.030773485050458e-09
24.0,3.01,3.0,-0.004622636988885837
24.0,3.01,4.0,-9.076062041302011e-09
24.0,3.01,5.0,-1.1922988073445798e-05
24.0,3.01,6.0,0.0005699077947032838
24.0,3.01,7.0,-0.0004872831138804379
24.0,3.01,8.0,-1.801358462277438e-14
24.0,3.01,9.0,0.0007229941535631945
24.0,3.01,10.0,-2.3712523314134506e-21
24.0,3.01,11.0,-2.758519156902157e-16
24.0,3.01,12.0,0.0009656250529622157
24.0,3.01,13.0,0.0005053867202630125
24.0,3.01,14.0,8.095242571876105e-05
24.0,3.01,15.0,-1.3606524637161697e-06
24.0,3.01,16.0,0.0006458768439053797
24.0,3.01,17.0,-0.00020720438847143807
24.0,3.01,18.0,-2.383402936279349e-06
24.0,3.01,19.0,-6.702178518728446e-05
24.0,3.01,20.0,-1.1975550139910872e-10
24.0,3.01,21.0,-4.741556424219442e-11
24.0,4.01,0.0,-1.411625344845959e-09
24.0,4.01,1.0,0.0006189845627640189
24.0,4.01,2.0,-1.030773485050458e-09
24.0,4.01,3.0,-0.004622636988885884
24.0,4.01,4.0,-9.076062041302011e-09
24.0,4.01,5.0,-1.1922988073445798e-05
24.0,4.01,6.0,0.0005699077947032283
24.0,4.01,7.0,-0.00048728311388046563
24.0,4.01,8.0,-1.801358462277438e-14
24.0,4.01,9.0,0.0007229941535631945
24.0,4.01,10.0,-2.3712523314134506e-21
24.0,4.01,11.0,-2.758519156902157e-16
24.0,4.01,12.0,0.0009656250529622712
24.0,4.01,13.0,0.0005053867202630125
24.0,4.01,14.0,8.095242571876105e-05
24.0,4.01,15.0,-1.3606524637161697e-06
24.0,4.01,16.0,0.0006458768439053797
24.0,4.01,17.0,-0.00020720438847146583
24.0,4.01,18.0,-2.3834029362792053e-06
24.0,4.01,19.0,-6.702178518728446e-05
24.0,4.01,20.0,-1.1975550139910872e-10
24.0,4.01,21.0,-4.741556424219442e-11
24.0,5.01,0.0,-1.411625344845954e-09
24.0,5.01,1.0,0.0006189845627640189
24.0,5.01,2.0,-1.030773485050458e-09
24.0,5.01,3.0,-0.0046226369888859265
24.0,5.01,4.0,-9.076062041302011e-09
24.0,5.01,5.0,-1.1922988073445798e-05
24.0,5.01,6.0,0.0005699077947032283
24.0,5.01,7.0,-0.0004872831138804934
24.0,5.01,8.0,-1.801358462277438e-14
24.0,5.01,9.0,0.00072299415356325
24.0,5.01,10.0,-2.3712523314134506e-21
24.0,5.01,11.0,-2.758519156902157e-16
24.0,5.01,12.0,0.0009656250529622712
24.0,5.01,13.0,0.0005053867202630125
24.0,5.01,14.0,8.095242571881656e-05
24.0,5.01,15.0,-1.3606524637161697e-06
24.0,5.01,16.0,0.0006458768439052687
24.0,5.01,17.0,-0.00020720438847146583
24.0,5.01,18.0,-2.3834029362795048e-06
24.0,5.01,19.0,-6.702178518728446e-05
24.0,5.01,20.0,-1.1975550139910872e-10
24.0,5.01,21.0,-4.741556424219442e-11
24.0,6.01,0.0,-1.411625344845949e-09
24.0,6.01,1.0,0.0006189845627639912
24.0,6.01,2.0,-1.030773485050458e-09
24.0,6.01,3.0,-0.004622636988885971
24.0,6.01,4.0,-9.076062041302011e-09
24.0,6.01,5.0,-1.1922988073445798e-05
24.0,6.01,6.0,0.0005699077947032838
24.0,6.01,7.0,-0.00048728311388046563
24.0,6.01,8.0,-1.801358462277438e-14
24.0,6.01,9.0,0.0007229941535631945
24.0,6.01,10.0,-2.3712523314134506e-21
24.0,6.01,11.0,-2.758519156902157e-16
24.0,6.01,12.0,0.0009656250529622712
24.0,6.01,13.0,0.0005053867202630125
24.0,6.01,14.0,8.095242571876105e-05
24.0,6.01,15.0,-1.3606524637161697e-06
24.0,6.01,16.0,0.0006458768439053797
24.0,6.01,17.0,-0.00020720438847149358
24.0,6.01,18.0,-2.3834029362792168e-06
24.0,6.01,19.0,-6.702178518728446e-05
24.0,6.01,20.0,-1.1975550139910872e-10
24.0,6.01,21.0,-4.741556424219442e-11
24.0,7.01,0.0,-1.4116253448459439e-09
24.0,7.01,1.0,0.0006189845627639912
24.0,7.01,2.0,-1.030773485050458e-09
24.0,7.01,3.0,-0.004622636988886012
24.0,7.01,4.0,-9.076062041302011e-09
24.0,7.01,5.0,-1.1922988073445798e-05
24.0,7.01,6.0,0.0005699077947032283
24.0,7.01,7.0,-0.0004872831138804934
24.0,7.01,8.0,-1.801358462277438e-14
24.0,7.01,9.0,0.00072299415356325
24.0,7.01,10.0,-2.3712523314134506e-21
24.0,7.01,11.0,-2.758519156902157e-16
24.0,7.01,12.0,0.0009656250529622712
24.0,7.01,13.0,0.0005053867202630125
24.0,7.01,14.0,8.095242571876105e-05
24.0,7.01,15.0,-1.3606524637161697e-06
24.0,7.01,16.0,0.0006458768439053797
24.0,7.01,17.0,-0.00020720438847143807
24.0,7.01,18.0,-2.3834029362794277e-06
24.0,7.01,19.0,-6.702178518728446e-05
24.0,7.01,20.0,-1.1975550139910872e-10
24.0,7.01,21.0,-4.741556424219442e-11
24.0,8.01,0.0,-1.411625344845939e-09
24.0,8.01,1.0,0.0006189845627640189
24.0,8.01,2.0,-1.030773485050458e-09
24.0,8.01,3.0,-0.004622636988886058
24.0,8.01,4.0,-9.076062041302011e-09
24.0,8.01,5.0,-1.1922988073445798e-05
24.0,8.01,6.0,0.0005699077947032838
24.0,8.01,7.0,-0.00048728311388052115
24.0,8.01,8.0,-1.801358462277438e-14
24.0,8.01,9.0,0.00072299415356325
24.0,8.01,10.0,-2.3712523314134506e-21
24.0,8.01,11.0,-2.758519156902157e-16
24.0,8.01,12.0,0.0009656250529622712
24.0,8.01,13.0,0.0005053867202630402
24.0,8.01,14.0,8.095242571876105e-05
24.0,8.01,15.0,-1.3606524637161697e-06
24.0,8.01,16.0,0.0006458768439053797
24.0,8.01,17.0,-0.00020720438847143807
24.0,8.01,18.0,-2.3834029362792646e-06
24.0,8.01,19.0,-6.702178518728446e-05
24.0,8.01,20.0,-1.1975550139910872e-10
24.0,8.01,21.0,-4.741556424219442e-11
24.0,9.01,0.0,-1.411625344845934e-09
24.0,9.01,1.0,0.0006189845627640189
24.0,9.01,2.0,-1.030773485050458e-09
24.0,9.01,3.0,-0.004622636988886101
24.0,9.01,4.0,-9.076062041302011e-09
24.0,9.01,5.0,-1.1922988073445798e-05
24.0,9.01,6.0,0.0005699077947032838
24.0,9.01,7.0,-0.0004872831138804934
24.0,9.01,8.0,-1.801358462277438e-14
24.0,9.01,9.0,0.00072299415356325
24.0,9.01,10.0,-2.3712523314134506e-21
24.0,9.01,11.0,-2.758519156902157e-16
24.0,9.01,12.0,0.0009656250529622712
24.0,9.01,13.0,0.0005053867202630125
24.0,9.01,14.0,8.095242571876105e-05
24.0,9.01,15.0,-1.3606524637161697e-06
24.0,9.01,16.0,0.0006458768439053797
24.0,9.01,17.0,-0.00020720438847146583
24.0,9.01,18.0,-2.3834029362793514e-06
24.0,9.01,19.0,-6.702178518728446e-05
24.0,9.01,20.0,-1.1975550139910872e-10
24.0,9.01,21.0,-4.741556424219442e-11
24.0,10.01,0.0,-1.411625344845929e-09
24.0,10.01,1.0,0.0006189845627640189
24.0,10.01,2.0,-1.030773485050458e-09
24.0,10.01,3.0,-0.004622636988886144
24.0,10.01,4.0,-9.076062041302011e-09
24.0,10.01,5.0,-1.1922988073445798e-05
24.0,10.01,6.0,0.0005699077947032838
24.0,10.01,7.0,-0.0004872831138804934
24.0,10.01,8.0,-1.801358462277438e-14
24.0,10.01,9.0,0.0007229941535633055
24.0,10.01,10.0,-2.3712523314134506e-21
24.0,10.01,11.0,-2.758519156902157e-16
24.0,10.01,12.0,0.0009656250529623267
24.0,10.01,13.0,0.000505386720263068
24.0,10.01,14.0,8.095242571881656e-05
24.0,10.01,15.0,-1.3606524637161697e-06
24.0,10.01,16.0,0.0006458768439052687
24.0,10.01,17.0,-0.00020720438847143807
24.0,10.01,18.0,-2.383402936279221e-06
24.0,10.01,19.0,-6.702178518728446e-05
24.0,10.01,20.0,-1.1975550139910872e-10
24.0,10.01,21.0,-4.741556424219442e-11
