Net_ID,Var,Factor,intervention_effect
0.0,0.0,0.0,-0.17142197893685995
0.0,0.0,1.0,-0.0009157966282320185
0.0,0.0,2.0,-0.020620322653261303
0.0,0.0,3.0,-1.9600916172091143e-07
0.0,0.0,4.0,0.023613471113008433
0.0,0.0,5.0,0.019450184762906553
0.0,0.0,6.0,0.0018734765386205499
0.0,0.0,7.0,0.02087961403874225
0.0,0.0,8.0,-4.9846543099182905e-06
0.0,0.0,9.0,0.020499423838158032
0.0,0.0,10.0,6.474237127218618e-05
0.0,0.0,11.0,5.998059257605881e-09
0.0,0.0,12.0,0.0071282565544949494
0.0,0.0,13.0,-0.04076897197706189
0.0,0.0,14.0,0.005470569111286756
0.0,0.0,15.0,-9.909594183798998e-05
0.0,0.0,16.0,0.004853492415048538
0.0,0.0,17.0,0.0427617867168813
0.0,0.0,18.0,-0.0025310049814521313
0.0,0.0,19.0,0.016389961054036284
0.0,0.0,20.0,-0.028833885683449134
0.0,0.0,21.0,-1.4486396591462114e-06
0.0,1.0,0.0,0.00682309767045286
0.0,1.0,1.0,0.1444169498155085
0.0,1.0,2.0,0.008744495024315124
0.0,1.0,3.0,-1.9600915873718705e-07
0.0,1.0,4.0,-0.0007807864839983192
0.0,1.0,5.0,-0.002193125717327604
0.0,1.0,6.0,0.0019714214436392374
0.0,1.0,7.0,-0.0011029600682667118
0.0,1.0,8.0,-4.984654063393268e-06
0.0,1.0,9.0,-0.0008684579028017669
0.0,1.0,10.0,-0.00014958244838836343
0.0,1.0,11.0,5.998059243728093e-09
0.0,1.0,12.0,-7.227618690427984e-05
0.0,1.0,13.0,0.001706399769122624
0.0,1.0,14.0,-0.0005101394250976304
0.0,1.0,15.0,0.01540887406219707
0.0,1.0,16.0,0.0001967326913291656
0.0,1.0,17.0,-0.004243704789733976
0.0,1.0,18.0,0.000950865819904001
0.0,1.0,19.0,-0.0004962899421355749
0.0,1.0,20.0,0.0015208339416826755
0.0,1.0,21.0,-1.4486395875368263e-06
0.0,2.0,0.0,0.019404111276450142
0.0,2.0,1.0,0.00010430042948586515
0.0,2.0,2.0,0.14485841696957358
0.0,2.0,3.0,-1.9600915990292123e-07
0.0,2.0,4.0,-0.0014353257459075452
0.0,2.0,5.0,-0.019619227897829994
0.0,2.0,6.0,0.0016328107924841462
0.0,2.0,7.0,-0.0038620389225656887
0.0,2.0,8.0,-4.984654156631185e-06
0.0,2.0,9.0,-0.0021935309285986138
0.0,2.0,10.0,-0.001661634396923406
0.0,2.0,11.0,5.998059243728093e-09
0.0,2.0,12.0,0.000846778652424246
0.0,2.0,13.0,0.004372295878754429
0.0,2.0,14.0,-0.0010021163343931772
0.0,2.0,15.0,8.727847902387231e-06
0.0,2.0,16.0,0.004097935803597158
0.0,2.0,17.0,-0.006799875169774428
0.0,2.0,18.0,0.005582831648234365
0.0,2.0,19.0,-0.0006922192412882611
0.0,2.0,20.0,0.004007619123994055
0.0,2.0,21.0,-1.4486396146262681e-06
0.0,3.0,0.0,0.03763120799478781
0.0,3.0,1.0,0.000194692246267697
0.0,3.0,2.0,0.004793174318319965
0.0,3.0,3.0,0.14285694684317193
0.0,3.0,4.0,0.020683730276644607
0.0,3.0,5.0,-0.005053278277208445
0.0,3.0,6.0,0.00156381678793166
0.0,3.0,7.0,-0.005169659027967816
0.0,3.0,8.0,-4.984654016639001e-06
0.0,3.0,9.0,-0.004790236250499236
0.0,3.0,10.0,-0.0009419388127432371
0.0,3.0,11.0,5.9980592298503055e-09
0.0,3.0,12.0,0.0030055542177709615
0.0,3.0,13.0,0.009478248974296805
0.0,3.0,14.0,-0.004107489838271295
0.0,3.0,15.0,2.0426365880232833e-05
0.0,3.0,16.0,0.002825265317115272
0.0,3.0,17.0,-0.006475086197839961
0.0,3.0,18.0,0.0032958595193732787
0.0,3.0,19.0,0.01924310007417135
0.0,3.0,20.0,0.03454966655574698
0.0,3.0,21.0,-1.4486395739643498e-06
0.0,4.0,0.0,0.022361552648690552
0.0,4.0,1.0,0.00011549982149242077
0.0,4.0,2.0,0.0028908060431342697
0.0,4.0,3.0,-1.960091610686554e-07
0.0,4.0,4.0,0.1532708268368893
0.0,4.0,5.0,-0.007605174234051437
0.0,4.0,6.0,0.011718952216928674
0.0,4.0,7.0,-0.005679651461886329
0.0,4.0,8.0,-4.984654254185095e-06
0.0,4.0,9.0,-0.0028938893885482875
0.0,4.0,10.0,-0.005768505230252435
0.0,4.0,11.0,5.998059257605881e-09
0.0,4.0,12.0,0.02650982056171694
0.0,4.0,13.0,0.005714660187803172
0.0,4.0,14.0,-0.01564065413849212
0.0,4.0,15.0,1.1564407661812659e-05
0.0,4.0,16.0,0.023167075438007972
0.0,4.0,17.0,0.0036411348580237344
0.0,4.0,18.0,0.01658097555210336
0.0,4.0,19.0,0.03227683112121488
0.0,4.0,20.0,0.039884518544914815
0.0,4.0,21.0,-1.4486396429647108e-06
0.0,5.0,0.0,0.037746409614650034
0.0,5.0,1.0,0.00020066521884443134
0.0,5.0,2.0,0.0045132998535669655
0.0,5.0,3.0,-1.9600915750206394e-07
0.0,5.0,4.0,0.00541484252695229
0.0,5.0,5.0,-0.1348951092814566
0.0,5.0,6.0,0.013516326009334223
0.0,5.0,7.0,-0.01565078311175648
0.0,5.0,8.0,-4.9846539663667144e-06
0.0,5.0,9.0,-0.004493655477134789
0.0,5.0,10.0,-0.012355743791206464
0.0,5.0,11.0,5.9980592298503055e-09
0.0,5.0,12.0,0.011076638455823434
0.0,5.0,13.0,0.00891728986979104
0.0,5.0,14.0,-0.002512291178063137
0.0,5.0,15.0,1.939347351317955e-05
0.0,5.0,16.0,0.033836766520586176
0.0,5.0,17.0,-0.008882750328161666
0.0,5.0,18.0,0.03985112404250693
0.0,5.0,19.0,0.005620943448095772
0.0,5.0,20.0,0.015873214932104696
0.0,5.0,21.0,-1.4486395593371615e-06
0.0,6.0,0.0,0.052155823620056774
0.0,6.0,1.0,0.00027974019745524714
0.0,6.0,2.0,0.00618435658287958
0.0,6.0,3.0,-1.960091601665992e-07
0.0,6.0,4.0,0.02389674858952434
0.0,6.0,5.0,-0.007315050635580023
0.0,6.0,6.0,0.1453062700555309
0.0,6.0,7.0,-0.007198211837647753
0.0,6.0,8.0,-4.984654176053149e-06
0.0,6.0,9.0,-0.00614505963759146
0.0,6.0,10.0,-0.0020352205993863226
0.0,6.0,11.0,5.998059243728093e-09
0.0,6.0,12.0,0.007419454878007242
0.0,6.0,13.0,0.012218945880586612
0.0,6.0,14.0,-0.005027423589485356
0.0,6.0,15.0,2.7403632224573538e-05
0.0,6.0,16.0,0.0038822422159022763
0.0,6.0,17.0,-0.007437854690555126
0.0,6.0,18.0,0.031090930361644037
0.0,6.0,19.0,0.009681346968240523
0.0,6.0,20.0,0.02046663603064014
0.0,6.0,21.0,-1.4486396203161611e-06
0.0,7.0,0.0,0.017074961520621046
0.0,7.0,1.0,8.898231091925002e-05
0.0,7.0,2.0,0.0021070520236050883
0.0,7.0,3.0,-1.9600915888984272e-07
0.0,7.0,4.0,-0.0018657502805276005
0.0,7.0,5.0,-0.014316644487648522
0.0,7.0,6.0,0.001097278241431049
0.0,7.0,7.0,-0.12422742984217988
0.0,7.0,8.0,-4.984654076063688e-06
0.0,7.0,9.0,-0.0021039790106452128
0.0,7.0,10.0,-0.0011583552129715846
0.0,7.0,11.0,5.998059243728093e-09
0.0,7.0,12.0,0.0004122160832139288
0.0,7.0,13.0,0.00416407864800869
0.0,7.0,14.0,-0.0008757888820805533
0.0,7.0,15.0,7.971285943736417e-06
0.0,7.0,16.0,0.0027470174791710267
0.0,7.0,17.0,-0.008010793481769607
0.0,7.0,18.0,0.003986652729214862
0.0,7.0,19.0,-0.0009269314088308778
0.0,7.0,20.0,0.003897574315817165
0.0,7.0,21.0,-1.4486395912283179e-06
0.0,8.0,0.0,0.02271319380960679
0.0,8.0,1.0,0.028283881837991742
0.0,8.0,2.0,0.006747848978073179
0.0,8.0,3.0,-1.9600916018047698e-07
0.0,8.0,4.0,0.004517916272388622
0.0,8.0,5.0,-0.003430740644111835
0.0,8.0,6.0,0.02036162277898146
0.0,8.0,7.0,-0.0023292002607585988
0.0,8.0,8.0,0.14285215787289893
0.0,8.0,9.0,0.012938454194422189
0.0,8.0,10.0,0.01629658795026767
0.0,8.0,11.0,5.998059243728093e-09
0.0,8.0,12.0,0.013770140986765489
0.0,8.0,13.0,0.005699304353905088
0.0,8.0,14.0,-0.0017918593221928451
0.0,8.0,15.0,0.0216121027556629
0.0,8.0,16.0,0.006096336452481671
0.0,8.0,17.0,-0.005482161893783688
0.0,8.0,18.0,0.0077358815985581475
0.0,8.0,19.0,0.0033345324522841002
0.0,8.0,20.0,0.007448163176724143
0.0,8.0,21.0,0.028889231075673233
0.0,9.0,0.0,0.016216598970006935
0.0,9.0,1.0,8.284664646468487e-05
0.0,9.0,2.0,0.00210846804184861
0.0,9.0,3.0,-1.9600915801554208e-07
0.0,9.0,4.0,0.024565430455072257
0.0,9.0,5.0,-0.0032252208280048322
0.0,9.0,6.0,0.011928674079446921
0.0,9.0,7.0,-0.0027483990460444863
0.0,9.0,8.0,-4.9846540041628695e-06
0.0,9.0,9.0,0.14067873733342753
0.0,9.0,10.0,-0.001164109339221675
0.0,9.0,11.0,5.9980592298503055e-09
0.0,9.0,12.0,0.004752043201040862
0.0,9.0,13.0,0.004167048300569465
0.0,9.0,14.0,-0.0034834876809764666
0.0,9.0,15.0,7.877333402184217e-06
0.0,9.0,16.0,0.01934148191053872
0.0,9.0,17.0,-0.004196860906596465
0.0,9.0,18.0,0.007573613139340074
0.0,9.0,19.0,0.023650796804387586
0.0,9.0,20.0,0.01029762136402168
0.0,9.0,21.0,-1.4486395703283694e-06
0.0,10.0,0.0,0.015419371836203122
0.0,10.0,1.0,8.07932709405712e-05
0.0,10.0,2.0,0.0019255912192780444
0.0,10.0,3.0,-1.9600916043027716e-07
0.0,10.0,4.0,0.00021778536686334338
0.0,10.0,5.0,0.023464812612913416
0.0,10.0,6.0,-0.0024822258409126496
0.0,10.0,7.0,0.016202081387628242
0.0,10.0,8.0,-4.984654200915206e-06
0.0,10.0,9.0,-0.001921552852656716
0.0,10.0,10.0,0.14500663257656243
0.0,10.0,11.0,5.998059243728093e-09
0.0,10.0,12.0,-0.0019455719122084547
0.0,10.0,13.0,0.0038062864738204194
0.0,10.0,14.0,-0.0010131074048798233
0.0,10.0,15.0,7.243134787643379e-06
0.0,10.0,16.0,0.008851118703492034
0.0,10.0,17.0,0.012348834317820408
0.0,10.0,18.0,-0.0044159053460918335
0.0,10.0,19.0,0.0005066265345896048
0.0,10.0,20.0,0.0024533999305950127
0.0,10.0,21.0,-1.4486396275048552e-06
0.0,11.0,0.0,0.018267687199507776
0.0,11.0,1.0,9.53877876158915e-05
0.0,11.0,2.0,0.028117500540288998
0.0,11.0,3.0,-1.9600915893147608e-07
0.0,11.0,4.0,0.028809468854644582
0.0,11.0,5.0,-0.007285620066600357
0.0,11.0,6.0,0.004968231126618594
0.0,11.0,7.0,-0.003600192432068952
0.0,11.0,8.0,-4.984654081059692e-06
0.0,11.0,9.0,0.024671209573277425
0.0,11.0,10.0,-0.0021898089758128902
0.0,11.0,11.0,0.14285714885349948
0.0,11.0,12.0,0.008340551324529571
0.0,11.0,13.0,0.004460140076398389
0.0,11.0,14.0,-0.003971498180267461
0.0,11.0,15.0,8.696291361312558e-06
0.0,11.0,16.0,0.008645494899518935
0.0,11.0,17.0,-0.004720753458273645
0.0,11.0,18.0,0.026013920469687285
0.0,11.0,19.0,0.001475980024478185
0.0,11.0,20.0,0.036365932533708456
0.0,11.0,21.0,-1.4486395926716078e-06
0.0,12.0,0.0,0.03814187829453497
0.0,12.0,1.0,0.0002019244359382777
0.0,12.0,2.0,0.0046322714898873185
0.0,12.0,3.0,-1.9600915918127626e-07
0.0,12.0,4.0,0.006792940469972475
0.0,12.0,5.0,-0.039085136794075395
0.0,12.0,6.0,0.02589958873990586
0.0,12.0,7.0,-0.02266987669910947
0.0,12.0,8.0,-4.984654098434682e-06
0.0,12.0,9.0,-0.004614796654547365
0.0,12.0,10.0,-0.03259368387805725
0.0,12.0,11.0,5.998059243728093e-09
0.0,12.0,12.0,0.15045175300412716
0.0,12.0,13.0,0.009155372380150545
0.0,12.0,14.0,-0.002711005334522513
0.0,12.0,15.0,1.9949495309048992e-05
0.0,12.0,16.0,0.027817788384731257
0.0,12.0,17.0,-0.00887534523830058
0.0,12.0,18.0,0.039570024485994865
0.0,12.0,19.0,0.005377317259149417
0.0,12.0,20.0,0.016492278553787765
0.0,12.0,21.0,-1.4486395977231226e-06
0.0,13.0,0.0,0.043507588431523025
0.0,13.0,1.0,0.003429333809685464
0.0,13.0,2.0,0.005420978377816604
0.0,13.0,3.0,-1.9600916111028877e-07
0.0,13.0,4.0,-0.004411740296228872
0.0,13.0,5.0,0.01967929000527674
0.0,13.0,6.0,-0.003786657711654373
0.0,13.0,7.0,0.01117350679206952
0.0,13.0,8.0,-4.984654256988408e-06
0.0,13.0,9.0,0.015331236548489557
0.0,13.0,10.0,0.005365177145108924
0.0,13.0,11.0,5.998059257605881e-09
0.0,13.0,12.0,-0.019761483949516018
0.0,13.0,13.0,0.15305635498656786
0.0,13.0,14.0,-0.0018643771467993994
0.0,13.0,15.0,0.00036349929861219377
0.0,13.0,16.0,-0.007068614620388547
0.0,13.0,17.0,-0.004875747845389036
0.0,13.0,18.0,-0.008754630072118297
0.0,13.0,19.0,-0.0029348697733549978
0.0,13.0,20.0,0.00593194089008664
0.0,13.0,21.0,-1.448639643797378e-06
0.0,14.0,0.0,0.007467896982721323
0.0,14.0,1.0,3.5715128250485284e-05
0.0,14.0,2.0,0.0010820848059859833
0.0,14.0,3.0,-1.9600916079109965e-07
0.0,14.0,4.0,-0.0101915583655664
0.0,14.0,5.0,-0.00023904000646718382
0.0,14.0,6.0,-0.0013066873583367777
0.0,14.0,7.0,-0.0005946795331937954
0.0,14.0,8.0,-4.984654228212815e-06
0.0,14.0,9.0,-0.001100666436222697
0.0,14.0,10.0,0.0010311791089173683
0.0,14.0,11.0,5.998059243728093e-09
0.0,14.0,12.0,-0.00523154934161682
0.0,14.0,13.0,0.0021344663886931348
0.0,14.0,14.0,0.1432264762055634
0.0,14.0,15.0,3.00172615511074e-06
0.0,14.0,16.0,-0.0021232678122408977
0.0,14.0,17.0,-0.004448775427848249
0.0,14.0,18.0,-0.022480605036625315
0.0,14.0,19.0,0.020709605626659466
0.0,14.0,20.0,-0.004144800668617055
0.0,14.0,21.0,-1.4486396354429498e-06
0.0,15.0,0.0,0.024754385535341483
0.0,15.0,1.0,0.01438908448195661
0.0,15.0,2.0,0.021697725640735632
0.0,15.0,3.0,-1.960091585567758e-07
0.0,15.0,4.0,0.00047175128668880406
0.0,15.0,5.0,-0.005406119369053164
0.0,15.0,6.0,0.01798870964527982
0.0,15.0,7.0,-0.0034201093790002662
0.0,15.0,8.0,-4.984654050695092e-06
0.0,15.0,9.0,-0.0030426292010850564
0.0,15.0,10.0,-0.000478132708893797
0.0,15.0,11.0,5.9980592298503055e-09
0.0,15.0,12.0,0.00037934072615192216
0.0,15.0,13.0,0.006033333087627879
0.0,15.0,14.0,-0.0014780261578709944
0.0,15.0,15.0,0.14439095667015367
0.0,15.0,16.0,0.0005777119654754859
0.0,15.0,17.0,-0.006205935260166459
0.0,15.0,18.0,0.004880511320713071
0.0,15.0,19.0,-0.00047413415444497176
0.0,15.0,20.0,0.006116567235521786
0.0,15.0,21.0,-1.4486395838453348e-06
0.0,16.0,0.0,0.023177033610244813
0.0,16.0,1.0,0.00011842857954907915
0.0,16.0,2.0,0.003029961830420591
0.0,16.0,3.0,-1.9600915975026556e-07
0.0,16.0,4.0,0.019283617003764575
0.0,16.0,5.0,-0.004466660222266161
0.0,16.0,6.0,0.0020983344546819382
0.0,16.0,7.0,-0.0038745231374511108
0.0,16.0,8.0,-4.984654144023215e-06
0.0,16.0,9.0,-0.0030373758277421614
0.0,16.0,10.0,-0.0016071059595651471
0.0,16.0,11.0,5.998059243728093e-09
0.0,16.0,12.0,0.0065876158306037436
0.0,16.0,13.0,0.005989354875894637
0.0,16.0,14.0,-0.0033026404250146232
0.0,16.0,15.0,1.2120972639362293e-05
0.0,16.0,16.0,0.14630110787581893
0.0,16.0,17.0,-0.0054741081901521545
0.0,16.0,18.0,0.025769864724344477
0.0,16.0,19.0,0.029608926987782502
0.0,16.0,20.0,0.01444574959968925
0.0,16.0,21.0,-1.4486396109625321e-06
0.0,17.0,0.0,0.0020065167893309477
0.0,17.0,1.0,9.48191352329042e-06
0.0,17.0,2.0,0.0002561389372117695
0.0,17.0,3.0,-1.9600915091011473e-07
0.0,17.0,4.0,-0.0012534747570981386
0.0,17.0,5.0,-0.0015353278618803201
0.0,17.0,6.0,3.9872189067480246e-05
0.0,17.0,7.0,-0.0006914778121396153
0.0,17.0,8.0,-4.98465348378746e-06
0.0,17.0,9.0,-0.0002577433871559509
0.0,17.0,10.0,-9.150097300919535e-05
0.0,17.0,11.0,5.99805920209473e-09
0.0,17.0,12.0,-0.0001360067674857912
0.0,17.0,13.0,0.0005056158419637913
0.0,17.0,14.0,-0.00023045787669908474
0.0,17.0,15.0,-6.415256352115817e-07
0.0,17.0,16.0,0.00014070113979691712
0.0,17.0,17.0,-0.008915840789241018
0.0,17.0,18.0,0.00039002823811448706
0.0,17.0,19.0,-0.0003888569602150116
0.0,17.0,20.0,0.0002594538002312907
0.0,17.0,21.0,-1.448639419088238e-06
0.0,18.0,0.0,0.024555112015036018
0.0,18.0,1.0,0.00012732748989008336
0.0,18.0,2.0,0.00310420421954416
0.0,18.0,3.0,-1.960091591257651e-07
0.0,18.0,4.0,0.010425401588905203
0.0,18.0,5.0,-0.008843562536745897
0.0,18.0,6.0,0.004717808533973383
0.0,18.0,7.0,-0.006161166143381566
0.0,18.0,8.0,-4.984654094694618e-06
0.0,18.0,9.0,-0.0031025470756061158
0.0,18.0,10.0,-0.005469547232173466
0.0,18.0,11.0,5.998059243728093e-09
0.0,18.0,12.0,0.0244595672223496
0.0,18.0,13.0,0.006136762916948396
0.0,18.0,14.0,-0.0024705672930114483
0.0,18.0,15.0,1.2578300509366591e-05
0.0,18.0,16.0,0.005625048409304834
0.0,18.0,17.0,-0.0069231890093482285
0.0,18.0,18.0,0.15060212235235917
0.0,18.0,19.0,0.0016148169561505665
0.0,18.0,20.0,0.03628836315258854
0.0,18.0,21.0,-1.4486395966406551e-06
0.0,19.0,0.0,0.028398125292209753
0.0,19.0,1.0,0.0001501720895053238
0.0,19.0,2.0,0.0034243587882463455
0.0,19.0,3.0,-1.9600916041639938e-07
0.0,19.0,4.0,0.023159420121993735
0.0,19.0,5.0,-0.0041443050242455926
0.0,19.0,6.0,0.001765046075633936
0.0,19.0,7.0,-0.003981488457145285
0.0,19.0,8.0,-4.984654200318461e-06
0.0,19.0,9.0,-0.003411592341372588
0.0,19.0,10.0,-0.0010207890858955349
0.0,19.0,11.0,5.998059243728093e-09
0.0,19.0,12.0,0.0035735469846090717
0.0,19.0,13.0,0.0067661955532352935
0.0,19.0,14.0,-0.0038856391020291696
0.0,19.0,15.0,1.4275947262054611e-05
0.0,19.0,16.0,0.003330371425760842
0.0,19.0,17.0,-0.005568696551710964
0.0,19.0,18.0,0.0033336873689115976
0.0,19.0,19.0,0.1459986090216403
0.0,19.0,20.0,0.010911526896049684
0.0,19.0,21.0,-1.4486396273105662e-06
0.0,20.0,0.0,0.03785896113239784
0.0,20.0,1.0,0.00020053014242557565
0.0,20.0,2.0,0.004608027491198652
0.0,20.0,3.0,-1.9600915915352068e-07
0.0,20.0,4.0,-0.00498742661405327
0.0,20.0,5.0,-0.004049692789377668
0.0,20.0,6.0,-0.00042137076973242094
0.0,20.0,7.0,-0.00456929735396823
0.0,20.0,8.0,-4.984654093466434e-06
0.0,20.0,9.0,-0.004590028525568585
0.0,20.0,10.0,-1.6951677523358022e-06
0.0,20.0,11.0,5.998059243728093e-09
0.0,20.0,12.0,-0.001544557257986523
0.0,20.0,13.0,0.009108379625835439
0.0,20.0,14.0,-0.001547570752914517
0.0,20.0,15.0,1.977152963407447e-05
0.0,20.0,16.0,-0.001106842552228371
0.0,20.0,17.0,-0.007156247523865995
0.0,20.0,18.0,0.0005843553037400695
0.0,20.0,19.0,-0.0036624046756661977
0.0,20.0,20.0,0.14957033124836527
0.0,20.0,21.0,-1.4486395962798326e-06
0.0,21.0,0.0,0.02816694111346607
0.0,21.0,1.0,0.00014847864332423466
0.0,21.0,2.0,0.003441065768121504
0.0,21.0,3.0,-1.9600916006945468e-07
0.0,21.0,4.0,-0.0038486791290716638
0.0,21.0,5.0,-0.0031966225947819837
0.0,21.0,6.0,-0.0003044413686690284
0.0,21.0,7.0,-0.003466768310646809
0.0,21.0,8.0,-4.984654171036329e-06
0.0,21.0,9.0,-0.0034272690273289552
0.0,21.0,10.0,-1.248631065592365e-05
0.0,21.0,11.0,5.998059257605881e-09
0.0,21.0,12.0,-0.0011533794282665155
0.0,21.0,13.0,0.006803014779613814
0.0,21.0,14.0,-0.0012074322294089342
0.0,21.0,15.0,1.4289212101364912e-05
0.0,21.0,16.0,-0.0007964409334201838
0.0,21.0,17.0,-0.006469199230437107
0.0,21.0,18.0,0.0004913395364793544
0.0,21.0,19.0,-0.002753140601043147
0.0,21.0,20.0,0.004955234701261468
0.0,21.0,21.0,0.14285569355264313
1.0,0.0,0.0,-0.14411948019256682
1.0,0.0,1.0,-0.0019112989348055165
1.0,0.0,2.0,-0.018577191284274208
1.0,0.0,3.0,-1.9222463673584933e-07
1.0,0.0,4.0,0.00843407585878192
1.0,0.0,5.0,0.01560601764792266
1.0,0.0,6.0,0.005295017543691549
1.0,0.0,7.0,0.03672177145218075
1.0,0.0,8.0,-4.960811243584495e-06
1.0,0.0,9.0,0.02831911170474516
1.0,0.0,10.0,0.0007766208234001593
1.0,0.0,11.0,5.602726005360381e-09
1.0,0.0,12.0,-0.0015238545342882992
1.0,0.0,13.0,-0.009972117862776159
1.0,0.0,14.0,0.006564428868356881
1.0,0.0,15.0,-0.00020270761391701086
1.0,0.0,16.0,-0.006307281291635103
1.0,0.0,17.0,0.03539281446535267
1.0,0.0,18.0,-0.004122241208646932
1.0,0.0,19.0,0.04000810623678408
1.0,0.0,20.0,-0.0019366357894902153
1.0,0.0,21.0,-1.9467542658191395e-06
1.0,1.0,0.0,0.01947574772218086
1.0,1.0,1.0,0.14446555010716464
1.0,1.0,2.0,0.029563861250404777
1.0,1.0,3.0,-1.9222463493173692e-07
1.0,1.0,4.0,0.0005951651685571768
1.0,1.0,5.0,-0.00685114773914744
1.0,1.0,6.0,0.0034231306227023306
1.0,1.0,7.0,-0.00628777513559594
1.0,1.0,8.0,-4.96081109142843e-06
1.0,1.0,9.0,-0.003863150649168978
1.0,1.0,10.0,-0.0005458691174055064
1.0,1.0,11.0,5.602726005360381e-09
1.0,1.0,12.0,0.001931394053885399
1.0,1.0,13.0,0.001359234782897012
1.0,1.0,14.0,-0.0033798098070517936
1.0,1.0,15.0,0.01523436108979112
1.0,1.0,16.0,0.0022416839285397394
1.0,1.0,17.0,-0.005810991505458926
1.0,1.0,18.0,0.003663930016566508
1.0,1.0,19.0,-0.0050595211973752385
1.0,1.0,20.0,0.000778845762517355
1.0,1.0,21.0,-1.9467542061168963e-06
1.0,2.0,0.0,0.02882444719490518
1.0,2.0,1.0,0.00038207426229422414
1.0,2.0,2.0,0.14650968190157515
1.0,2.0,3.0,-1.9222463588930427e-07
1.0,2.0,4.0,0.0011950769661882021
1.0,2.0,5.0,-0.027339687257301945
1.0,2.0,6.0,0.0025706381617351393
1.0,2.0,7.0,-0.012967213988848241
1.0,2.0,8.0,-4.960811169262003e-06
1.0,2.0,9.0,-0.005671571526045777
1.0,2.0,10.0,-0.0020103843279501155
1.0,2.0,11.0,5.602726005360381e-09
1.0,2.0,12.0,0.0063843695396699485
1.0,2.0,13.0,0.0019961155519579166
1.0,2.0,14.0,-0.0036022704283520867
1.0,2.0,15.0,3.886714140098613e-05
1.0,2.0,16.0,0.007041312033121527
1.0,2.0,17.0,-0.013161759115429189
1.0,2.0,18.0,0.009769790251421828
1.0,2.0,19.0,-0.005927254053870679
1.0,2.0,20.0,0.001365784943166859
1.0,2.0,21.0,-1.9467542366480295e-06
1.0,3.0,0.0,0.053986598166051225
1.0,3.0,1.0,0.0007148923924265027
1.0,3.0,2.0,0.006967782736857442
1.0,3.0,3.0,0.14285695063112502
1.0,3.0,4.0,0.0615302853991731
1.0,3.0,5.0,-0.00740739282050526
1.0,3.0,6.0,0.014927575882256183
1.0,3.0,7.0,-0.01499806512692009
1.0,3.0,8.0,-4.960811223850281e-06
1.0,3.0,9.0,-0.010623301516483538
1.0,3.0,10.0,-0.002320665973122804
1.0,3.0,11.0,5.602726019238169e-09
1.0,3.0,12.0,0.012250257886662924
1.0,3.0,13.0,0.003739857125209023
1.0,3.0,14.0,-0.004206640489544342
1.0,3.0,15.0,7.411180285196717e-05
1.0,3.0,16.0,0.011502897865200035
1.0,3.0,17.0,-0.00013529761936015294
1.0,3.0,18.0,0.016921099699869213
1.0,3.0,19.0,0.026901338244296857
1.0,3.0,20.0,0.016266071980367613
1.0,3.0,21.0,-1.946754258075334e-06
1.0,4.0,0.0,0.02674913951875557
1.0,4.0,1.0,0.0003489760187163904
1.0,4.0,2.0,0.0034867120089645542
1.0,4.0,3.0,-1.9222463487622576e-07
1.0,4.0,4.0,0.17461870696672294
1.0,4.0,5.0,-0.007071290427718396
1.0,4.0,6.0,0.044068799739867826
1.0,4.0,7.0,-0.010442568440925976
1.0,4.0,8.0,-4.960811086127115e-06
1.0,4.0,9.0,-0.0052369605888381715
1.0,4.0,10.0,-0.005544232679885686
1.0,4.0,11.0,5.602726005360381e-09
1.0,4.0,12.0,0.031664756639753905
1.0,4.0,13.0,0.0018431163372710224
1.0,4.0,14.0,-0.004094847322107405
1.0,4.0,15.0,3.604434855673799e-05
1.0,4.0,16.0,0.025491534875887345
1.0,4.0,17.0,0.02869351191413505
1.0,4.0,18.0,0.04148864369216987
1.0,4.0,19.0,0.03523458201624424
1.0,4.0,20.0,0.0234378943519446
1.0,4.0,21.0,-1.946754204118495e-06
1.0,5.0,0.0,0.023628534546510038
1.0,5.0,1.0,0.0003113589732806066
1.0,5.0,2.0,0.003021706751593356
1.0,5.0,3.0,-1.9222463454315886e-07
1.0,5.0,4.0,0.013504254526993498
1.0,5.0,5.0,-0.13716814983332157
1.0,5.0,6.0,0.01816175959114741
1.0,5.0,7.0,-0.032794873200269976
1.0,5.0,8.0,-4.9608110656781945e-06
1.0,5.0,9.0,-0.004627836621562312
1.0,5.0,10.0,-0.010198458452645554
1.0,5.0,11.0,5.602725991482593e-09
1.0,5.0,12.0,0.03285361835318737
1.0,5.0,13.0,0.0016286038783547285
1.0,5.0,14.0,-0.0034784803979756593
1.0,5.0,15.0,3.13309706485021e-05
1.0,5.0,16.0,0.03260025516754789
1.0,5.0,17.0,-0.039327235762679144
1.0,5.0,18.0,0.047029874430256746
1.0,5.0,19.0,0.006007242834972726
1.0,5.0,20.0,0.005138428253179617
1.0,5.0,21.0,-1.946754196013867e-06
1.0,6.0,0.0,0.050159102527820965
1.0,6.0,1.0,0.0006641402712927458
1.0,6.0,2.0,0.0064633704259510205
1.0,6.0,3.0,-1.92224636430538e-07
1.0,6.0,4.0,0.036537180311716655
1.0,6.0,5.0,-0.008572107773077292
1.0,6.0,6.0,0.15196830709878045
1.0,6.0,7.0,-0.016065529488578107
1.0,6.0,8.0,-4.960811217979977e-06
1.0,6.0,9.0,-0.009863703800409532
1.0,6.0,10.0,-0.0028214966342673675
1.0,6.0,11.0,5.602726005360381e-09
1.0,6.0,12.0,0.014941825815288218
1.0,6.0,13.0,0.0034723012592910163
1.0,6.0,14.0,-0.004108083406694091
1.0,6.0,15.0,6.871238573852301e-05
1.0,6.0,16.0,0.008278743674808242
1.0,6.0,17.0,-0.00669599561731124
1.0,6.0,18.0,0.04045203868330571
1.0,6.0,19.0,0.0028237805171045793
1.0,6.0,20.0,0.007905925059739971
1.0,6.0,21.0,-1.946754255771621e-06
1.0,7.0,0.0,0.003786083302121823
1.0,7.0,1.0,5.039224160477418e-05
1.0,7.0,2.0,0.0005332295563326706
1.0,7.0,3.0,-1.9222463389090283e-07
1.0,7.0,4.0,8.378611361703481e-05
1.0,7.0,5.0,-0.008026181005983402
1.0,7.0,6.0,0.0010846429148900216
1.0,7.0,7.0,-0.04087347526597509
1.0,7.0,8.0,-4.96081100855722e-06
1.0,7.0,9.0,-0.0007940387629819662
1.0,7.0,10.0,-0.0006048724769925906
1.0,7.0,11.0,5.602725991482593e-09
1.0,7.0,12.0,0.002067928082551379
1.0,7.0,13.0,0.0002783274102904909
1.0,7.0,14.0,-0.002955724149896001
1.0,7.0,15.0,4.176599551514171e-06
1.0,7.0,16.0,0.0020600476429870618
1.0,7.0,17.0,-0.008455810372288458
1.0,7.0,18.0,0.0032990586481924933
1.0,7.0,19.0,-0.000986494637534585
1.0,7.0,20.0,0.0004577125545965899
1.0,7.0,21.0,-1.9467541735873617e-06
1.0,8.0,0.0,0.0481560601333092
1.0,8.0,1.0,0.024423987223470695
1.0,8.0,2.0,0.012701419066812825
1.0,8.0,3.0,-1.9222463559787073e-07
1.0,8.0,4.0,0.024529653038058263
1.0,8.0,5.0,-0.013315381986282168
1.0,8.0,6.0,0.03998920449919674
1.0,8.0,7.0,-0.020310851821095245
1.0,8.0,8.0,0.14285218171580022
1.0,8.0,9.0,0.03170837704510848
1.0,8.0,10.0,0.011838972716421314
1.0,8.0,11.0,5.602726019238169e-09
1.0,8.0,12.0,0.03881816215417669
1.0,8.0,13.0,0.003333096244498762
1.0,8.0,14.0,-0.003988676593154769
1.0,8.0,15.0,0.015929760831498704
1.0,8.0,16.0,0.020124537602939863
1.0,8.0,17.0,-0.01126193448007666
1.0,8.0,18.0,0.022819799755318948
1.0,8.0,19.0,0.009850167854959235
1.0,8.0,20.0,0.0052717296851843565
1.0,8.0,21.0,0.039214866805873105
1.0,9.0,0.0,0.04582249680109518
1.0,9.0,1.0,0.000606466631889846
1.0,9.0,2.0,0.005907308452185511
1.0,9.0,3.0,-1.922246354035817e-07
1.0,9.0,4.0,0.057397830375174486
1.0,9.0,5.0,-0.007142810989133053
1.0,9.0,6.0,0.03901333661426759
1.0,9.0,7.0,-0.013720177439025753
1.0,9.0,8.0,-4.960811132347087e-06
1.0,9.0,9.0,0.13385236710181259
1.0,9.0,10.0,-0.0025637856494716282
1.0,9.0,11.0,5.602726005360381e-09
1.0,9.0,12.0,0.013717813431534165
1.0,9.0,13.0,0.0031721380846893577
1.0,9.0,14.0,-0.004074864709101039
1.0,9.0,15.0,6.265985688659603e-05
1.0,9.0,16.0,0.035511948880783684
1.0,9.0,17.0,0.00011198140181270522
1.0,9.0,18.0,0.025376225832195787
1.0,9.0,19.0,0.048438693914211906
1.0,9.0,20.0,0.009227452176252982
1.0,9.0,21.0,-1.946754222159619e-06
1.0,10.0,0.0,0.024125140319890215
1.0,10.0,1.0,0.0003184672878052963
1.0,10.0,2.0,0.003227753648151921
1.0,10.0,3.0,-1.9222463557011515e-07
1.0,10.0,4.0,0.011329895933301137
1.0,10.0,5.0,0.02507154656266511
1.0,10.0,6.0,-0.00039382372346191685
1.0,10.0,7.0,0.02535492393962878
1.0,10.0,8.0,-4.960811144129329e-06
1.0,10.0,9.0,-0.004823809808566226
1.0,10.0,10.0,0.1441086202014185
1.0,10.0,11.0,5.602726005360381e-09
1.0,10.0,12.0,-0.0017364510792714782
1.0,10.0,13.0,0.0016974681168369365
1.0,10.0,14.0,-0.0035613120169955036
1.0,10.0,15.0,3.289273383182134e-05
1.0,10.0,16.0,0.03668377684666596
1.0,10.0,17.0,0.04464729267295356
1.0,10.0,18.0,0.0024530130228377633
1.0,10.0,19.0,0.005150566285735347
1.0,10.0,20.0,0.002164748048346765
1.0,10.0,21.0,-1.9467542267670446e-06
1.0,11.0,0.0,0.013990245788206734
1.0,11.0,1.0,0.000184787381373952
1.0,11.0,2.0,0.025431054188239766
1.0,11.0,3.0,-1.9222463519541488e-07
1.0,11.0,4.0,0.03120701652713248
1.0,11.0,5.0,-0.009158100456246238
1.0,11.0,6.0,0.009394977798933002
1.0,11.0,7.0,-0.00859570696302317
1.0,11.0,8.0,-4.960811114305963e-06
1.0,11.0,9.0,-0.0016224628949230852
1.0,11.0,10.0,-0.0030663297516176358
1.0,11.0,11.0,0.14285714845501468
1.0,11.0,12.0,0.016298978769934414
1.0,11.0,13.0,0.0009706109369482796
1.0,11.0,14.0,-0.003352852916087592
1.0,11.0,15.0,1.8195558630584863e-05
1.0,11.0,16.0,0.006884164645769297
1.0,11.0,17.0,-0.001193024787390612
1.0,11.0,18.0,0.0477568131464311
1.0,11.0,19.0,-0.011599514745241069
1.0,11.0,20.0,0.019435203305545934
1.0,11.0,21.0,-1.9467542150819472e-06
1.0,12.0,0.0,0.038014131332683054
1.0,12.0,1.0,0.0005028479179549905
1.0,12.0,2.0,0.004966522417675701
1.0,12.0,3.0,-1.92224635972571e-07
1.0,12.0,4.0,0.0043449252334868405
1.0,12.0,5.0,-0.04700018123782208
1.0,12.0,6.0,0.014367559683598652
1.0,12.0,7.0,-0.04053108764972228
1.0,12.0,8.0,-4.960811176846214e-06
1.0,12.0,9.0,-0.0075216118580077596
1.0,12.0,10.0,-0.028290537869363086
1.0,12.0,11.0,5.602726005360381e-09
1.0,12.0,12.0,0.1585650978744186
1.0,12.0,13.0,0.0026477878746997974
1.0,12.0,14.0,-0.003789266849444104
1.0,12.0,15.0,5.2008366550532203e-05
1.0,12.0,16.0,0.012595505508381621
1.0,12.0,17.0,-0.05525255564713573
1.0,12.0,18.0,0.0347471233925305
1.0,12.0,19.0,-0.005958747533278463
1.0,12.0,20.0,0.0036882082314420583
1.0,12.0,21.0,-1.9467542395901205e-06
1.0,13.0,0.0,0.015613099940376407
1.0,13.0,1.0,0.027569541548467108
1.0,13.0,2.0,0.007202236660856121
1.0,13.0,3.0,-1.9222463479295904e-07
1.0,13.0,4.0,0.007647225398003832
1.0,13.0,5.0,0.03998043458683603
1.0,13.0,6.0,0.002417173868950906
1.0,13.0,7.0,0.02629114802530301
1.0,13.0,8.0,-4.9608110834070684e-06
1.0,13.0,9.0,0.026494677939994354
1.0,13.0,10.0,0.004302699697482898
1.0,13.0,11.0,5.602726005360381e-09
1.0,13.0,12.0,-0.01734015650746812
1.0,13.0,13.0,0.14396878244988537
1.0,13.0,14.0,-0.0033294263335385097
1.0,13.0,15.0,0.002906701954014629
1.0,13.0,16.0,-0.0019388740674916027
1.0,13.0,17.0,0.01480169295975478
1.0,13.0,18.0,-0.009295999289949897
1.0,13.0,19.0,0.004067109115474032
1.0,13.0,20.0,0.0007733411228064702
1.0,13.0,21.0,-1.9467542029527607e-06
1.0,14.0,0.0,0.000481284905865631
1.0,14.0,1.0,6.220843695448064e-06
1.0,14.0,2.0,5.2602306010007815e-05
1.0,14.0,3.0,-1.9222462807610974e-07
1.0,14.0,4.0,0.0010507499977106538
1.0,14.0,5.0,-0.00023261428217782876
1.0,14.0,6.0,0.0003457794480474785
1.0,14.0,7.0,-0.00041250659843732745
1.0,14.0,8.0,-4.960810565370066e-06
1.0,14.0,9.0,-0.00010034875112113761
1.0,14.0,10.0,-0.00011064422575832178
1.0,14.0,11.0,5.602725963727018e-09
1.0,14.0,12.0,0.0005570549062677288
1.0,14.0,13.0,3.45338654979821e-05
1.0,14.0,14.0,-0.005150954426880338
1.0,14.0,15.0,-6.740801564014687e-07
1.0,14.0,16.0,0.0002248855173869746
1.0,14.0,17.0,-2.660001098089837e-05
1.0,14.0,18.0,0.001594750193766703
1.0,14.0,19.0,-0.0008561023027467973
1.0,14.0,20.0,0.0002483134873654258
1.0,14.0,21.0,-1.946753999670925e-06
1.0,15.0,0.0,0.045019925849081655
1.0,15.0,1.0,0.013411280385387497
1.0,15.0,2.0,0.030050585053045475
1.0,15.0,3.0,-1.9222463550072622e-07
1.0,15.0,4.0,0.005778700542705517
1.0,15.0,5.0,-0.009645364942234808
1.0,15.0,6.0,0.0295991320994351
1.0,15.0,7.0,-0.013125923934217663
1.0,15.0,8.0,-4.9608111384671916e-06
1.0,15.0,9.0,-0.00888828448270132
1.0,15.0,10.0,-0.0010758573463776067
1.0,15.0,11.0,5.602726005360381e-09
1.0,15.0,12.0,0.004557122141112813
1.0,15.0,13.0,0.0031290264072779683
1.0,15.0,14.0,-0.00392955956991292
1.0,15.0,15.0,0.14427049818798943
1.0,15.0,16.0,0.004313230568408433
1.0,15.0,17.0,-0.010958497476431975
1.0,15.0,18.0,0.010825760323719902
1.0,15.0,19.0,-0.009119028190493761
1.0,15.0,20.0,0.0023737693162715345
1.0,15.0,21.0,-1.9467542245465985e-06
1.0,16.0,0.0,0.025018834516080446
1.0,16.0,1.0,0.00033131698546554067
1.0,16.0,2.0,0.003273823558443356
1.0,16.0,3.0,-1.9222463644441579e-07
1.0,16.0,4.0,0.03129309904793931
1.0,16.0,5.0,-0.005533969088620583
1.0,16.0,6.0,0.008494580052308853
1.0,16.0,7.0,-0.009514879530726196
1.0,16.0,8.0,-4.960811218354677e-06
1.0,16.0,9.0,-0.004963534417625051
1.0,16.0,10.0,-0.0023407508145502076
1.0,16.0,11.0,5.602726005360381e-09
1.0,16.0,12.0,0.012882881022883763
1.0,16.0,13.0,0.0017467402049052838
1.0,16.0,14.0,-0.003626962146906434
1.0,16.0,15.0,3.383182236119109e-05
1.0,16.0,16.0,0.14925804537819154
1.0,16.0,17.0,-0.001656928338495789
1.0,16.0,18.0,0.035241935101406385
1.0,16.0,19.0,0.04209696636999544
1.0,16.0,20.0,0.006643826578277223
1.0,16.0,21.0,-1.9467542559381545e-06
1.0,17.0,0.0,0.016008083637733983
1.0,17.0,1.0,0.00020650742390757038
1.0,17.0,2.0,0.0021523837215263186
1.0,17.0,3.0,-1.922246334745692e-07
1.0,17.0,4.0,-0.015700544879757583
1.0,17.0,5.0,-0.015900066890119746
1.0,17.0,6.0,-0.0032579633032625566
1.0,17.0,7.0,-0.02372825337218061
1.0,17.0,8.0,-4.960810974626029e-06
1.0,17.0,9.0,-0.003161903988407294
1.0,17.0,10.0,-0.0006390541947769168
1.0,17.0,11.0,5.602725991482593e-09
1.0,17.0,12.0,0.0007931326775366954
1.0,17.0,13.0,0.0011121135414470795
1.0,17.0,14.0,-0.003201489312676058
1.0,17.0,15.0,2.1178594523191263e-05
1.0,17.0,16.0,0.001608404491825588
1.0,17.0,17.0,-0.12783780736862652
1.0,17.0,18.0,0.0018450791470109584
1.0,17.0,19.0,-0.008645506154824234
1.0,17.0,20.0,-0.001464411432875623
1.0,17.0,21.0,-1.9467541602646854e-06
1.0,18.0,0.0,0.021655611488792137
1.0,18.0,1.0,0.00028629308493377525
1.0,18.0,2.0,0.00279437870868815
1.0,18.0,3.0,-1.9222463694401615e-07
1.0,18.0,4.0,0.038941940255277696
1.0,18.0,5.0,-0.014456186168109939
1.0,18.0,6.0,0.01316273494388115
1.0,18.0,7.0,-0.01926894593993385
1.0,18.0,8.0,-4.9608112609664246e-06
1.0,18.0,9.0,-0.004266247131699277
1.0,18.0,10.0,-0.008036823589597786
1.0,18.0,11.0,5.602726005360381e-09
1.0,18.0,12.0,0.04466022189310556
1.0,18.0,13.0,0.0015012673686172484
1.0,18.0,14.0,-0.0035672070327268544
1.0,18.0,15.0,2.8876775866812365e-05
1.0,18.0,16.0,0.00922638916086077
1.0,18.0,17.0,-0.009347520416773211
1.0,18.0,18.0,0.1612395644495937
1.0,18.0,19.0,0.004528509823883586
1.0,18.0,20.0,0.015817487869742852
1.0,18.0,21.0,-1.946754272647011e-06
1.0,19.0,0.0,0.02451517315092777
1.0,19.0,1.0,0.0003237368906429672
1.0,19.0,2.0,0.0031190413476944734
1.0,19.0,3.0,-1.922246365276825e-07
1.0,19.0,4.0,0.031747012146569
1.0,19.0,5.0,-0.003518292332030215
1.0,19.0,6.0,0.007566066891333156
1.0,19.0,7.0,-0.007052359026470202
1.0,19.0,8.0,-4.960811224197226e-06
1.0,19.0,9.0,-0.004791503404622699
1.0,19.0,10.0,-0.0012036153079638678
1.0,19.0,11.0,5.602726019238169e-09
1.0,19.0,12.0,0.006275843524590652
1.0,19.0,13.0,0.0016863004242292923
1.0,19.0,14.0,-0.003619517221522776
1.0,19.0,15.0,3.271365138293736e-05
1.0,19.0,16.0,0.005628013974476154
1.0,19.0,17.0,0.000590637173251557
1.0,19.0,18.0,0.009000369732693747
1.0,19.0,19.0,0.1438615729443124
1.0,19.0,20.0,0.004633901642531746
1.0,19.0,21.0,-1.9467542582141117e-06
1.0,20.0,0.0,0.02699033734902967
1.0,20.0,1.0,0.0003577235774397669
1.0,20.0,2.0,0.003470496883862917
1.0,20.0,3.0,-1.9222463526480382e-07
1.0,20.0,4.0,-0.0011965776549233142
1.0,20.0,5.0,-0.0030319125596470764
1.0,20.0,6.0,-0.0007507431984274948
1.0,20.0,7.0,-0.007058677908729376
1.0,20.0,8.0,-4.960811118934205e-06
1.0,20.0,9.0,-0.005313550242434448
1.0,20.0,10.0,-0.00020509736072010787
1.0,20.0,11.0,5.602726005360381e-09
1.0,20.0,12.0,0.0005772432321548004
1.0,20.0,13.0,0.0018700977966914223
1.0,20.0,14.0,-0.003563523728366739
1.0,20.0,15.0,3.635273426143282e-05
1.0,20.0,16.0,0.0013179508701365306
1.0,20.0,17.0,-0.006587056163113156
1.0,20.0,18.0,0.0015560300480613465
1.0,20.0,19.0,-0.007767457835141933
1.0,20.0,20.0,0.14332010545685414
1.0,20.0,21.0,-1.946754216941571e-06
1.0,21.0,0.0,0.03238086413117769
1.0,21.0,1.0,0.00042902299445027325
1.0,21.0,2.0,0.00413969219639071
1.0,21.0,3.0,-1.9222463490398134e-07
1.0,21.0,4.0,-0.0014236668533805785
1.0,21.0,5.0,-0.003606006302373871
1.0,21.0,6.0,-0.0010595779839145947
1.0,21.0,7.0,-0.008397131392517403
1.0,21.0,8.0,-4.960811089464723e-06
1.0,21.0,9.0,-0.006354437797245677
1.0,21.0,10.0,-0.0002426889949509181
1.0,21.0,11.0,5.602726005360381e-09
1.0,21.0,12.0,0.0005858500796944999
1.0,21.0,13.0,0.002236436118583346
1.0,21.0,14.0,-0.003678411581074635
1.0,21.0,15.0,4.376502189051834e-05
1.0,21.0,16.0,0.001475680039223104
1.0,21.0,17.0,-0.007909260468866669
1.0,21.0,18.0,0.001710434645415565
1.0,21.0,19.0,-0.009204206564161543
1.0,21.0,20.0,0.0004901865998503396
1.0,21.0,21.0,0.14285517041681556
2.0,0.0,0.0,-0.15516055500607406
2.0,0.0,1.0,-0.004551344145704794
2.0,0.0,2.0,-0.042048973587087646
2.0,0.0,3.0,-1.9216450740378033e-07
2.0,0.0,4.0,0.010361399405818705
2.0,0.0,5.0,0.025695143377411744
2.0,0.0,6.0,0.0031389779003533347
2.0,0.0,7.0,0.031120164319128424
2.0,0.0,8.0,-4.939243231902313e-06
2.0,0.0,9.0,0.0346357740867511
2.0,0.0,10.0,0.0026309124614738444
2.0,0.0,11.0,5.5981728280807275e-09
2.0,0.0,12.0,0.0073330705371336125
2.0,0.0,13.0,-0.03589591719056684
2.0,0.0,14.0,-1.4971692918850695e-08
2.0,0.0,15.0,-0.001105232423331326
2.0,0.0,16.0,-0.01115036778865347
2.0,0.0,17.0,0.013321202058774045
2.0,0.0,18.0,1.7503700819987422e-05
2.0,0.0,19.0,0.003867262560939444
2.0,0.0,20.0,-0.0005567137920244325
2.0,0.0,21.0,-2.049803123654881e-06
2.0,1.0,0.0,0.038926630260158634
2.0,1.0,1.0,0.15046993078165508
2.0,1.0,2.0,0.03326922647118652
2.0,1.0,3.0,-1.9216450666825757e-07
2.0,1.0,4.0,0.00023760174278131263
2.0,1.0,5.0,-0.008578340471633972
2.0,1.0,6.0,0.009000105458167096
2.0,1.0,7.0,-0.008328746238982804
2.0,1.0,8.0,-4.9392431697159456e-06
2.0,1.0,9.0,-0.008588816908950928
2.0,1.0,10.0,-0.0009761811605579207
2.0,1.0,11.0,5.5981728280807275e-09
2.0,1.0,12.0,-0.001577595832903178
2.0,1.0,13.0,0.008844083588152418
2.0,1.0,14.0,-1.4971713334244757e-08
2.0,1.0,15.0,0.036245352098984496
2.0,1.0,16.0,0.0029064968283841197
2.0,1.0,17.0,-0.003530576889148568
2.0,1.0,18.0,0.0017165865498753041
2.0,1.0,19.0,0.001261138679670204
2.0,1.0,20.0,0.00036829734882964926
2.0,1.0,21.0,-2.0498030978421955e-06
2.0,2.0,0.0,0.03543377982420204
2.0,2.0,1.0,0.0010502701523529556
2.0,2.0,2.0,0.15205022371660754
2.0,2.0,3.0,-1.9216450763970272e-07
2.0,2.0,4.0,-0.0019525887563507927
2.0,2.0,5.0,-0.01949197630670657
2.0,2.0,6.0,0.001465236434438577
2.0,2.0,7.0,-0.010902023902550767
2.0,2.0,8.0,-4.9392432527814445e-06
2.0,2.0,9.0,-0.007815164423813789
2.0,2.0,10.0,-0.0024314960602279667
2.0,2.0,11.0,5.5981728280807275e-09
2.0,2.0,12.0,-0.0011066951104127254
2.0,2.0,13.0,0.008044542526555343
2.0,2.0,14.0,-1.4971713147294074e-08
2.0,2.0,15.0,0.00024354941928864116
2.0,2.0,16.0,0.002344107215653257
2.0,2.0,17.0,-0.005383182833121197
2.0,2.0,18.0,0.001580160030720007
2.0,2.0,19.0,-0.00015261648830083852
2.0,2.0,20.0,0.00026749462866432205
2.0,2.0,21.0,-2.0498031323146204e-06
2.0,3.0,0.0,0.017015948017464422
2.0,3.0,1.0,0.0005050539691018319
2.0,3.0,2.0,0.004421069274936573
2.0,3.0,3.0,0.14285695069167517
2.0,3.0,4.0,0.03136352748467719
2.0,3.0,5.0,-0.0025263188608115605
2.0,3.0,6.0,0.0026068836269825812
2.0,3.0,7.0,-0.003317977068081235
2.0,3.0,8.0,-4.939243260983217e-06
2.0,3.0,9.0,-0.003752724763498347
2.0,3.0,10.0,-0.00042413606941188453
2.0,3.0,11.0,5.598172841958515e-09
2.0,3.0,12.0,0.0009684046075135594
2.0,3.0,13.0,0.003863143868195029
2.0,3.0,14.0,-1.4971714256254242e-08
2.0,3.0,15.0,0.00011531500769557113
2.0,3.0,16.0,0.006665833663273946
2.0,3.0,17.0,0.001071102528993867
2.0,3.0,18.0,0.005639043602343935
2.0,3.0,19.0,0.04240005603375924
2.0,3.0,20.0,0.01754190075623363
2.0,3.0,21.0,-2.0498031357008006e-06
2.0,4.0,0.0,0.011030853934701712
2.0,4.0,1.0,0.0003207941112656765
2.0,4.0,2.0,0.0029917967518064414
2.0,4.0,3.0,-1.9216450693193554e-07
2.0,4.0,4.0,0.16255177707181034
2.0,4.0,5.0,-0.0005051156950900693
2.0,4.0,6.0,0.014591142253042477
2.0,4.0,7.0,-0.002004307515496656
2.0,4.0,8.0,-4.939243193384513e-06
2.0,4.0,9.0,-0.002460315045172773
2.0,4.0,10.0,-0.0008472684729718405
2.0,4.0,11.0,5.5981728280807275e-09
2.0,4.0,12.0,0.008377729872898962
2.0,4.0,13.0,0.002555414758348168
2.0,4.0,14.0,-1.4971714843838728e-08
2.0,4.0,15.0,7.59694778559028e-05
2.0,4.0,16.0,0.028942547159427623
2.0,4.0,17.0,0.011728126420703866
2.0,4.0,18.0,0.028155546473825066
2.0,4.0,19.0,0.021507413908166295
2.0,4.0,20.0,0.00927581986312731
2.0,4.0,21.0,-2.0498031076676693e-06
2.0,5.0,0.0,0.023971615584652772
2.0,5.0,1.0,0.0006930465996546065
2.0,5.0,2.0,0.006319951329403162
2.0,5.0,3.0,-1.9216450428127807e-07
2.0,5.0,4.0,0.004594435628985649
2.0,5.0,5.0,-0.1508943663785683
2.0,5.0,6.0,0.02281297092185708
2.0,5.0,7.0,-0.046502142208485475
2.0,5.0,8.0,-4.939242980457614e-06
2.0,5.0,9.0,-0.005235179442051444
2.0,5.0,10.0,-0.020013064834454697
2.0,5.0,11.0,5.5981728280807275e-09
2.0,5.0,12.0,0.004953788667976411
2.0,5.0,13.0,0.005404604534670093
2.0,5.0,14.0,-1.497171306770284e-08
2.0,5.0,15.0,0.0001649244993396637
2.0,5.0,16.0,0.0017299520198533203
2.0,5.0,17.0,-0.027343825499170665
2.0,5.0,18.0,0.016518889965629807
2.0,5.0,19.0,0.003524217074343139
2.0,5.0,20.0,0.0017634418108911643
2.0,5.0,21.0,-2.0498030192939165e-06
2.0,6.0,0.0,0.041336307858827026
2.0,6.0,1.0,0.0012242636926660944
2.0,6.0,2.0,0.010847683884007198
2.0,6.0,3.0,-1.9216450748704705e-07
2.0,6.0,4.0,0.038250666083380624
2.0,6.0,5.0,-0.00656533973854001
2.0,6.0,6.0,0.1458205538379272
2.0,6.0,7.0,-0.008259686182445686
2.0,6.0,8.0,-4.939243240464908e-06
2.0,6.0,9.0,-0.009140105353038719
2.0,6.0,10.0,-0.0009327426662922855
2.0,6.0,11.0,5.598172841958515e-09
2.0,6.0,12.0,0.0007521003707521567
2.0,6.0,13.0,0.009420070022118338
2.0,6.0,14.0,-1.497171455105063e-08
2.0,6.0,15.0,0.0002856063597200531
2.0,6.0,16.0,0.009720725810041464
2.0,6.0,17.0,-0.0004911507608934274
2.0,6.0,18.0,0.022579554571580923
2.0,6.0,19.0,0.02806172728372419
2.0,6.0,20.0,0.0038473071547220905
2.0,6.0,21.0,-2.049803127179839e-06
2.0,7.0,0.0,0.02697170199751142
2.0,7.0,1.0,0.0008079958995823311
2.0,7.0,2.0,0.0068012007265246255
2.0,7.0,3.0,-1.9216450451720046e-07
2.0,7.0,4.0,-0.006472635132083293
2.0,7.0,5.0,-0.020261525403342973
2.0,7.0,6.0,0.0014697973433224765
2.0,7.0,7.0,-0.15587141159498394
2.0,7.0,8.0,-4.939242996875037e-06
2.0,7.0,9.0,-0.005892859611963092
2.0,7.0,10.0,-0.0025566656322054127
2.0,7.0,11.0,5.5981728280807275e-09
2.0,7.0,12.0,-0.0009091030612714823
2.0,7.0,13.0,0.006032314173095771
2.0,7.0,14.0,-1.4971712381522566e-08
2.0,7.0,15.0,0.00018071952377324285
2.0,7.0,16.0,0.0005579379914843474
2.0,7.0,17.0,-0.03853285827999503
2.0,7.0,18.0,0.000918067595661709
2.0,7.0,19.0,-0.00034346109559446614
2.0,7.0,20.0,-7.209099802490959e-05
2.0,7.0,21.0,-2.049803026121788e-06
2.0,8.0,0.0,0.03565411172470345
2.0,8.0,1.0,0.037778264587737004
2.0,8.0,2.0,0.020394034820872042
2.0,8.0,3.0,-1.9216450757031378e-07
2.0,8.0,4.0,0.010778570307788948
2.0,8.0,5.0,-0.009521311842526303
2.0,8.0,6.0,0.037405217166469606
2.0,8.0,7.0,-0.009145640406824723
2.0,8.0,8.0,0.1428522032871493
2.0,8.0,9.0,-0.00788118652028498
2.0,8.0,10.0,0.017184818616737207
2.0,8.0,11.0,5.5981728280807275e-09
2.0,8.0,12.0,0.032341564572562084
2.0,8.0,13.0,0.008220815938762505
2.0,8.0,14.0,-1.4971713745020846e-08
2.0,8.0,15.0,0.03188831275128218
2.0,8.0,16.0,0.010604997980194097
2.0,8.0,17.0,-0.0037354250772469733
2.0,8.0,18.0,0.01291293240971686
2.0,8.0,19.0,0.008116905086726967
2.0,8.0,20.0,0.0018424519295328623
2.0,8.0,21.0,0.04151807668583957
2.0,9.0,0.0,0.032488841836713966
2.0,9.0,1.0,0.0009643643923687439
2.0,9.0,2.0,0.008463622561569295
2.0,9.0,3.0,-1.9216450768133608e-07
2.0,9.0,4.0,0.039309111667109875
2.0,9.0,5.0,-0.0050189495726425115
2.0,9.0,6.0,0.02311823237095101
2.0,9.0,7.0,-0.006398910763029925
2.0,9.0,8.0,-4.939243254294123e-06
2.0,9.0,9.0,0.13570864216307776
2.0,9.0,10.0,-0.0007417187100658973
2.0,9.0,11.0,5.5981728280807275e-09
2.0,9.0,12.0,0.0008444520212483181
2.0,9.0,13.0,0.007378373568659002
2.0,9.0,14.0,-1.4971714507948646e-08
2.0,9.0,15.0,0.00022292787537034342
2.0,9.0,16.0,0.03244948387271418
2.0,9.0,17.0,0.0003843228557623979
2.0,9.0,18.0,0.01132435526876141
2.0,9.0,19.0,0.01402637005101337
2.0,9.0,20.0,0.0027968353145777503
2.0,9.0,21.0,-2.049803132925243e-06
2.0,10.0,0.0,-0.006564627909246057
2.0,10.0,1.0,-0.00017785829409747156
2.0,10.0,2.0,-0.0023677039035360226
2.0,10.0,3.0,-1.921645073066358e-07
2.0,10.0,4.0,0.008280259199199225
2.0,10.0,5.0,0.03380802442661637
2.0,10.0,6.0,-0.004142714431194017
2.0,10.0,7.0,0.046929586754692804
2.0,10.0,8.0,-4.939243222028267e-06
2.0,10.0,9.0,0.0016331065113483756
2.0,10.0,10.0,0.14730694407042377
2.0,10.0,11.0,5.5981728280807275e-09
2.0,10.0,12.0,-0.0004899715772573449
2.0,10.0,13.0,-0.0017806202270118088
2.0,10.0,14.0,-1.4971712746341364e-08
2.0,10.0,15.0,-5.8079555461526544e-05
2.0,10.0,16.0,0.012501438955801969
2.0,10.0,17.0,0.04699019576885413
2.0,10.0,18.0,-0.0010695327820813838
2.0,10.0,19.0,0.0026132480578546224
2.0,10.0,20.0,0.0002506124753299255
2.0,10.0,21.0,-2.0498031195193e-06
2.0,11.0,0.0,0.009909395514382746
2.0,11.0,1.0,0.0002916626417401591
2.0,11.0,2.0,0.023273807588979845
2.0,11.0,3.0,-1.9216450666825757e-07
2.0,11.0,4.0,0.027184672528589138
2.0,11.0,5.0,-0.0036011329152302596
2.0,11.0,6.0,0.0034577101812670596
2.0,11.0,7.0,-0.0027411199800771446
2.0,11.0,8.0,-4.9392431712910745e-06
2.0,11.0,9.0,0.0021616545417063177
2.0,11.0,10.0,-0.0006713802673353197
2.0,11.0,11.0,0.14285714845286865
2.0,11.0,12.0,0.0021157692708023423
2.0,11.0,13.0,0.0022521993580049138
2.0,11.0,14.0,-1.4971714051650975e-08
2.0,11.0,15.0,6.65279108866823e-05
2.0,11.0,16.0,0.006150503020887987
2.0,11.0,17.0,0.0006909248383691335
2.0,11.0,18.0,0.037464892377741754
2.0,11.0,19.0,-0.014198766448985767
2.0,11.0,20.0,0.032247432371836804
2.0,11.0,21.0,-2.049803098452818e-06
2.0,12.0,0.0,0.057211615359424206
2.0,12.0,1.0,0.0016849769774356094
2.0,12.0,2.0,0.01515247454371954
2.0,12.0,3.0,-1.9216450636294624e-07
2.0,12.0,4.0,0.01174526250690755
2.0,12.0,5.0,-0.04222286265216933
2.0,12.0,6.0,0.03599128277261554
2.0,12.0,7.0,-0.04847012686271332
2.0,12.0,8.0,-4.939243146144523e-06
2.0,12.0,9.0,-0.012663193758830182
2.0,12.0,10.0,-0.018904078311567485
2.0,12.0,11.0,5.5981728280807275e-09
2.0,12.0,12.0,0.14318927888505023
2.0,12.0,13.0,0.013069524469929317
2.0,12.0,14.0,-1.497171410041475e-08
2.0,12.0,15.0,0.00039877316770159377
2.0,12.0,16.0,0.024209729329033647
2.0,12.0,17.0,-0.04007312530940316
2.0,12.0,18.0,0.03622841930533205
2.0,12.0,19.0,0.010114276096706065
2.0,12.0,20.0,0.004114382336455447
2.0,12.0,21.0,-2.0498030880444773e-06
2.0,13.0,0.0,0.002703937213879959
2.0,13.0,1.0,0.018322856048981234
2.0,13.0,2.0,0.0030862823057556943
2.0,13.0,3.0,-1.9216450680703545e-07
2.0,13.0,4.0,-0.003086091666151758
2.0,13.0,5.0,0.014779667412175013
2.0,13.0,6.0,-0.007928420224400407
2.0,13.0,7.0,0.01365069214757375
2.0,13.0,8.0,-4.939243181206754e-06
2.0,13.0,9.0,0.0011516432150985578
2.0,13.0,10.0,0.00490676332732054
2.0,13.0,11.0,5.598172841958515e-09
2.0,13.0,12.0,-0.032052358339193995
2.0,13.0,13.0,0.14318299884937882
2.0,13.0,14.0,-1.4971711952304615e-08
2.0,13.0,15.0,0.00438959619438109
2.0,13.0,16.0,-0.0039536315573149294
2.0,13.0,17.0,0.009733838593858735
2.0,13.0,18.0,-0.008398192351283196
2.0,13.0,19.0,-0.002136759264166399
2.0,13.0,20.0,-0.0008698984759524797
2.0,13.0,21.0,-2.0498031025606434e-06
2.0,14.0,0.0,0.00020480278376588945
2.0,14.0,1.0,9.712385767163267e-06
2.0,14.0,2.0,-0.00016530057335689685
2.0,14.0,3.0,-1.9216450393433337e-07
2.0,14.0,4.0,0.00020939658220897606
2.0,14.0,5.0,1.8234472051875672e-05
2.0,14.0,6.0,-4.775440517001961e-05
2.0,14.0,7.0,3.679905434667008e-05
2.0,14.0,8.0,-4.939242954270229e-06
2.0,14.0,9.0,2.3651005954639093e-05
2.0,14.0,10.0,-8.694095440575644e-06
2.0,14.0,11.0,5.5981728280807275e-09
2.0,14.0,12.0,-1.7363860752059312e-05
2.0,14.0,13.0,-5.885758057588841e-05
2.0,14.0,14.0,0.00019290050379778783
2.0,14.0,15.0,-4.421096317541728e-06
2.0,14.0,16.0,-0.0003098305968569637
2.0,14.0,17.0,-4.194726074094324e-05
2.0,14.0,18.0,-4.1767569739947774e-05
2.0,14.0,19.0,0.00017697029603808145
2.0,14.0,20.0,-4.264778729423657e-05
2.0,14.0,21.0,-2.049803008469242e-06
2.0,15.0,0.0,0.03942229870130154
2.0,15.0,1.0,0.027934541234956006
2.0,15.0,2.0,0.046699374350402334
2.0,15.0,3.0,-1.9216450712622457e-07
2.0,15.0,4.0,0.008388514138879866
2.0,15.0,5.0,-0.009905442301021333
2.0,15.0,6.0,0.03900902582327925
2.0,15.0,7.0,-0.008865084334315654
2.0,15.0,8.0,-4.939243209253763e-06
2.0,15.0,9.0,-0.008759301267802888
2.0,15.0,10.0,-0.0011954819016534723
2.0,15.0,11.0,5.598172841958515e-09
2.0,15.0,12.0,-0.000996648387828744
2.0,15.0,13.0,0.009059634503640723
2.0,15.0,14.0,-1.4971713749085447e-08
2.0,15.0,15.0,0.14958772768965622
2.0,15.0,16.0,0.004595893033242537
2.0,15.0,17.0,-0.0031582448344728287
2.0,15.0,18.0,0.006445674522827155
2.0,15.0,19.0,0.007034977182525104
2.0,15.0,20.0,0.001166872756426518
2.0,15.0,21.0,-2.0498031142457407e-06
2.0,16.0,0.0,0.018120702944851463
2.0,16.0,1.0,0.000539187955521464
2.0,16.0,2.0,0.004738393242227357
2.0,16.0,3.0,-1.9216450727888024e-07
2.0,16.0,4.0,0.035607691607302816
2.0,16.0,5.0,-0.002772060875983251
2.0,16.0,6.0,0.003102676854289943
2.0,16.0,7.0,-0.0036447096193927275
2.0,16.0,8.0,-4.9392432227637895e-06
2.0,16.0,9.0,-0.0040149477300358005
2.0,16.0,10.0,-0.0005068448854808616
2.0,16.0,11.0,5.5981728280807275e-09
2.0,16.0,12.0,0.0015360286110947807
2.0,16.0,13.0,0.00413900032612699
2.0,16.0,14.0,-1.497171437830841e-08
2.0,16.0,15.0,0.0001232791889312912
2.0,16.0,16.0,0.1504915896288393
2.0,16.0,17.0,0.0012438195396017593
2.0,16.0,18.0,0.01855814703592354
2.0,16.0,19.0,0.032835113011513595
2.0,16.0,20.0,0.00326507137986487
2.0,16.0,21.0,-2.049803119852367e-06
2.0,17.0,0.0,0.0370639831053734
2.0,17.0,1.0,0.00109506033236767
2.0,17.0,2.0,0.009899414798353712
2.0,17.0,3.0,-1.9216450398984453e-07
2.0,17.0,4.0,-0.0252626166751575
2.0,17.0,5.0,-0.04078138401536849
2.0,17.0,6.0,0.002690598937532873
2.0,17.0,7.0,-0.033158368585754355
2.0,17.0,8.0,-4.939242955505352e-06
2.0,17.0,9.0,-0.008258741532641015
2.0,17.0,10.0,-0.005137754132078065
2.0,17.0,11.0,5.59817281420294e-09
2.0,17.0,12.0,-0.0015905362638879567
2.0,17.0,13.0,0.008550011094034249
2.0,17.0,14.0,-1.497171041949181e-08
2.0,17.0,15.0,0.00025804073244409254
2.0,17.0,16.0,-0.0011111467096053818
2.0,17.0,17.0,-0.1573721533627365
2.0,17.0,18.0,-6.949670961245435e-05
2.0,17.0,19.0,-0.0027860878530549527
2.0,17.0,20.0,-0.0007513368853754865
2.0,17.0,21.0,-2.049803008941087e-06
2.0,18.0,0.0,0.016820290017705575
2.0,18.0,1.0,0.0004916325184572412
2.0,18.0,2.0,0.00417160660632071
2.0,18.0,3.0,-1.9216450677927988e-07
2.0,18.0,4.0,0.03187508000186401
2.0,18.0,5.0,-0.003395361315178702
2.0,18.0,6.0,0.0034591845671517185
2.0,18.0,7.0,-0.004290437204588049
2.0,18.0,8.0,-4.93924317947203e-06
2.0,18.0,9.0,-0.003590626545772843
2.0,18.0,10.0,-0.0009685744502152538
2.0,18.0,11.0,5.5981728280807275e-09
2.0,18.0,12.0,0.005339245747120261
2.0,18.0,13.0,0.00365323524710659
2.0,18.0,14.0,-1.4971714241721946e-08
2.0,18.0,15.0,0.00011191909387633925
2.0,18.0,16.0,0.006358702969192331
2.0,18.0,17.0,-0.00020352878174287325
2.0,18.0,18.0,0.14898295541629625
2.0,18.0,19.0,0.0040655153212392214
2.0,18.0,20.0,0.015012297515096251
2.0,18.0,21.0,-2.0498031018945095e-06
2.0,19.0,0.0,0.028585811754996637
2.0,19.0,1.0,0.0008461661342298865
2.0,19.0,2.0,0.007458690393956913
2.0,19.0,3.0,-1.921645072094913e-07
2.0,19.0,4.0,0.045405946920944795
2.0,19.0,5.0,-0.004297958082196102
2.0,19.0,6.0,0.003671931173221621
2.0,19.0,7.0,-0.0055839289732218245
2.0,19.0,8.0,-4.9392432159567345e-06
2.0,19.0,9.0,-0.006302546421232069
2.0,19.0,10.0,-0.000681908183441271
2.0,19.0,11.0,5.5981728280807275e-09
2.0,19.0,12.0,0.0012148058701127729
2.0,19.0,13.0,0.006488772669560161
2.0,19.0,14.0,-1.497171458164231e-08
2.0,19.0,15.0,0.0001961348999462431
2.0,19.0,16.0,0.009839414337775299
2.0,19.0,17.0,0.0011939429387830824
2.0,19.0,18.0,0.008143831377293603
2.0,19.0,19.0,0.14873788382689468
2.0,19.0,20.0,0.0027311552016349716
2.0,19.0,21.0,-2.0498031169935427e-06
2.0,20.0,0.0,0.010631568201737163
2.0,20.0,1.0,0.00032090657024841374
2.0,20.0,2.0,0.002519234875765941
2.0,20.0,3.0,-1.9216450680703545e-07
2.0,20.0,4.0,-0.0004929420748633895
2.0,20.0,5.0,-0.0016891306474019485
2.0,20.0,6.0,-0.00024892385595498556
2.0,20.0,7.0,-0.0020163407499814434
2.0,20.0,8.0,-4.9392431823447325e-06
2.0,20.0,9.0,-0.00226976864614048
2.0,20.0,10.0,-0.00018622603628304368
2.0,20.0,11.0,5.5981728280807275e-09
2.0,20.0,12.0,-0.000507411759173293
2.0,20.0,13.0,0.002296067647130695
2.0,20.0,14.0,-1.4971712449323133e-08
2.0,20.0,15.0,6.749596659980095e-05
2.0,20.0,16.0,0.00039392193404885756
2.0,20.0,17.0,-0.0009248109750440159
2.0,20.0,18.0,1.2345539144587026e-06
2.0,20.0,19.0,-1.7615456892494663e-05
2.0,20.0,20.0,0.14285364714610294
2.0,20.0,21.0,-2.0498031030879993e-06
2.0,21.0,0.0,0.009855202254615114
2.0,21.0,1.0,0.0002969307934758414
2.0,21.0,2.0,0.0023804057340561235
2.0,21.0,3.0,-1.921645060715127e-07
2.0,21.0,4.0,-0.0005914696005347997
2.0,21.0,5.0,-0.0015798175801669812
2.0,21.0,6.0,-0.00021464426731343522
2.0,21.0,7.0,-0.0018871743502303362
2.0,21.0,8.0,-4.939243122330239e-06
2.0,21.0,9.0,-0.0021207418940065864
2.0,21.0,10.0,-0.0001714785122542417
2.0,21.0,11.0,5.5981728280807275e-09
2.0,21.0,12.0,-0.0004687640223070555
2.0,21.0,13.0,0.0021542894766106435
2.0,21.0,14.0,-1.49717124168252e-08
2.0,21.0,15.0,6.301645528697386e-05
2.0,21.0,16.0,0.00045596248005264073
2.0,21.0,17.0,-0.0008459498126450471
2.0,21.0,18.0,1.218253515686274e-05
2.0,21.0,19.0,-1.707830451364023e-05
2.0,21.0,20.0,8.983417232877322e-06
2.0,21.0,21.0,0.14285508404809266
3.0,0.0,0.0,-0.14864501114505257
3.0,0.0,1.0,-0.003975070944636477
3.0,0.0,2.0,-0.015243271575887452
3.0,0.0,3.0,-1.9541397379418957e-07
3.0,0.0,4.0,0.015442492952514736
3.0,0.0,5.0,0.03702445948697933
3.0,0.0,6.0,0.0030855280018268483
3.0,0.0,7.0,0.05569654441971002
3.0,0.0,8.0,-4.98898225022304e-06
3.0,0.0,9.0,0.02712988183725848
3.0,0.0,10.0,0.003066418368086521
3.0,0.0,11.0,5.969715763387562e-09
3.0,0.0,12.0,0.0036923760390917826
3.0,0.0,13.0,-0.017958619127600273
3.0,0.0,14.0,-0.014424678812964525
3.0,0.0,15.0,-0.0006776725852633836
3.0,0.0,16.0,0.018987248054036038
3.0,0.0,17.0,0.034522449610302146
3.0,0.0,18.0,0.003667099983199751
3.0,0.0,19.0,0.022386390510236
3.0,0.0,20.0,-0.0126953642030318
3.0,0.0,21.0,-1.430059700463504e-06
3.0,1.0,0.0,0.011656906432944036
3.0,1.0,1.0,0.1465527445748546
3.0,1.0,2.0,0.02948366079007353
3.0,1.0,3.0,-1.9541397094924307e-07
3.0,1.0,4.0,-0.0001749263445396665
3.0,1.0,5.0,-0.006996079803920502
3.0,1.0,6.0,0.004553896240794858
3.0,1.0,7.0,-0.0060926315057875866
3.0,1.0,8.0,-4.988982020261157e-06
3.0,1.0,9.0,-0.002141666605316339
3.0,1.0,10.0,-0.0007935525620917372
3.0,1.0,11.0,5.969715749509774e-09
3.0,1.0,12.0,0.00024847019818746707
3.0,1.0,13.0,0.0014156381522347494
3.0,1.0,14.0,0.0011097292977431394
3.0,1.0,15.0,0.02512990340639379
3.0,1.0,16.0,-0.0005762233664981242
3.0,1.0,17.0,-0.003962838383317228
3.0,1.0,18.0,0.0010911043356532646
3.0,1.0,19.0,-0.0009970734295434713
3.0,1.0,20.0,0.0013015452273478223
3.0,1.0,21.0,-1.430059634544012e-06
3.0,2.0,0.0,0.018589161006440258
3.0,2.0,1.0,0.0004958427650609554
3.0,2.0,2.0,0.1447014935417692
3.0,2.0,3.0,-1.9541397187905485e-07
3.0,2.0,4.0,-0.0007243768649958793
3.0,2.0,5.0,-0.022666531874854165
3.0,2.0,6.0,0.0013179270103323149
3.0,2.0,7.0,-0.01238889877017356
3.0,2.0,8.0,-4.988982094569772e-06
3.0,2.0,9.0,-0.003436249268967767
3.0,2.0,10.0,-0.002508660424505482
3.0,2.0,11.0,5.969715749509774e-09
3.0,2.0,12.0,0.0007336486144878807
3.0,2.0,13.0,0.0022722192918579742
3.0,2.0,14.0,0.0017902001415178448
3.0,2.0,15.0,8.559285211862111e-05
3.0,2.0,16.0,0.0009566818149322476
3.0,2.0,17.0,-0.0043405561894027545
3.0,2.0,18.0,0.0011671030412447325
3.0,2.0,19.0,-0.0017407373038212381
3.0,2.0,20.0,0.0021078766786806757
3.0,2.0,21.0,-1.430059655860294e-06
3.0,3.0,0.0,0.02271839004477849
3.0,3.0,1.0,0.0006074265574382287
3.0,3.0,2.0,0.0023260461582921277
3.0,3.0,3.0,0.14285694742374583
3.0,3.0,4.0,0.02026583637266885
3.0,3.0,5.0,-0.005903833150539106
3.0,3.0,6.0,0.0033176615565457257
3.0,3.0,7.0,-0.009534423699461125
3.0,3.0,8.0,-4.988982125891939e-06
3.0,3.0,9.0,-0.004143086398924523
3.0,3.0,10.0,-0.0014789804566572307
3.0,3.0,11.0,5.969715749509774e-09
3.0,3.0,12.0,0.004136767535736552
3.0,3.0,13.0,0.0027390765848109844
3.0,3.0,14.0,0.00153240546842201
3.0,3.0,15.0,0.00010346219420565017
3.0,3.0,16.0,0.0016391285898710029
3.0,3.0,17.0,-0.003965914185549139
3.0,3.0,18.0,0.005424579973029087
3.0,3.0,19.0,0.02954627154712447
3.0,3.0,20.0,0.02667684648159452
3.0,3.0,21.0,-1.4300596647975894e-06
3.0,4.0,0.0,0.046965141042813685
3.0,4.0,1.0,0.001257296948465103
3.0,4.0,2.0,0.004776541558953462
3.0,4.0,3.0,-1.954139746684902e-07
3.0,4.0,4.0,0.15699580356245071
3.0,4.0,5.0,-0.01182259602100634
3.0,4.0,6.0,0.026150526274543284
3.0,4.0,7.0,-0.021381686742212924
3.0,4.0,8.0,-4.988982323796132e-06
3.0,4.0,9.0,-0.008534678731087736
3.0,4.0,10.0,-0.007905424557464236
3.0,4.0,11.0,5.969715763387562e-09
3.0,4.0,12.0,0.032507268498151776
3.0,4.0,13.0,0.005640997893436167
3.0,4.0,14.0,-0.0002743361577227099
3.0,4.0,15.0,0.0002127929772194337
3.0,4.0,16.0,0.026255330443946928
3.0,4.0,17.0,-0.0021866435673547724
3.0,4.0,18.0,0.041634843763942636
3.0,4.0,19.0,0.031613089645686376
3.0,4.0,20.0,0.04745632246956305
3.0,4.0,21.0,-1.430059721529986e-06
3.0,5.0,0.0,0.015091492008679208
3.0,5.0,1.0,0.00040382423566820425
3.0,5.0,2.0,0.0015447936230121306
3.0,5.0,3.0,-1.9541396877043038e-07
3.0,5.0,4.0,0.004802807393903985
3.0,5.0,5.0,-0.09971785497083833
3.0,5.0,6.0,0.00878998483358423
3.0,5.0,7.0,-0.030238995299959708
3.0,5.0,8.0,-4.988981852312169e-06
3.0,5.0,9.0,-0.002755065982178173
3.0,5.0,10.0,-0.011593361521621742
3.0,5.0,11.0,5.969715735631986e-09
3.0,5.0,12.0,0.006032920671258407
3.0,5.0,13.0,0.0018214248308208447
3.0,5.0,14.0,0.0012753431773461221
3.0,5.0,15.0,6.810316997853116e-05
3.0,5.0,16.0,0.015964632223237102
3.0,5.0,17.0,-0.004698803977240815
3.0,5.0,18.0,0.00832505419065882
3.0,5.0,19.0,0.00369668197977141
3.0,5.0,20.0,0.003247950012754297
3.0,5.0,21.0,-1.4300595863880883e-06
3.0,6.0,0.0,0.04704155458281123
3.0,6.0,1.0,0.0012446015926514398
3.0,6.0,2.0,0.005009371493192194
3.0,6.0,3.0,-1.9541397301703345e-07
3.0,6.0,4.0,0.023386997693032513
3.0,6.0,5.0,-0.011182560744640913
3.0,6.0,6.0,0.14699015168565005
3.0,6.0,7.0,-0.018609643283098568
3.0,6.0,8.0,-4.988982185316626e-06
3.0,6.0,9.0,-0.008776850931818153
3.0,6.0,10.0,-0.0029460463621308053
3.0,6.0,11.0,5.969715763387562e-09
3.0,6.0,12.0,0.008812279473512596
3.0,6.0,13.0,0.005810840599209555
3.0,6.0,14.0,0.0038188319005657834
3.0,6.0,15.0,0.00021969524503144544
3.0,6.0,16.0,-0.0002104444641002623
3.0,6.0,17.0,-0.004478060718587293
3.0,6.0,18.0,0.03345629194717528
3.0,6.0,19.0,0.01271652040583382
3.0,6.0,20.0,0.01360884987951988
3.0,6.0,21.0,-1.4300596818395128e-06
3.0,7.0,0.0,0.007795540185385974
3.0,7.0,1.0,0.00019992794581150108
3.0,7.0,2.0,0.0008949607054593578
3.0,7.0,3.0,-1.9541395586408772e-07
3.0,7.0,4.0,-0.00047716654724486163
3.0,7.0,5.0,-0.009423164312809873
3.0,7.0,6.0,0.0004842884273976167
3.0,7.0,7.0,-0.039353227817973846
3.0,7.0,8.0,-4.988980920772601e-06
3.0,7.0,9.0,-0.0015177819074564947
3.0,7.0,10.0,-0.0010398999034319512
3.0,7.0,11.0,5.9697156523652595e-09
3.0,7.0,12.0,0.0002371157705749749
3.0,7.0,13.0,0.0010026820739328646
3.0,7.0,14.0,0.0007973182009687052
3.0,7.0,15.0,3.851155690970387e-05
3.0,7.0,16.0,0.00027298547044371513
3.0,7.0,17.0,-0.004528825935855943
3.0,7.0,18.0,0.00040661766910374264
3.0,7.0,19.0,-0.0009828918952962118
3.0,7.0,20.0,0.0010944686207389753
3.0,7.0,21.0,-1.4300593194072064e-06
3.0,8.0,0.0,0.022719161176292246
3.0,8.0,1.0,0.00957739489261425
3.0,8.0,2.0,0.004542156818118481
3.0,8.0,3.0,-1.9541397039413155e-07
3.0,8.0,4.0,0.0038505381714661058
3.0,8.0,5.0,-0.0016795658462381846
3.0,8.0,6.0,0.016082569472768204
3.0,8.0,7.0,-0.001528137176735861
3.0,8.0,8.0,0.14285215351156588
3.0,8.0,9.0,0.015760105502157118
3.0,8.0,10.0,0.032693953134467435
3.0,8.0,11.0,5.969715749509774e-09
3.0,8.0,12.0,0.015914995590937203
3.0,8.0,13.0,0.0027612162091144032
3.0,8.0,14.0,0.0020342234772831036
3.0,8.0,15.0,0.009909163636510288
3.0,8.0,16.0,0.006642762063116786
3.0,8.0,17.0,-0.004120672531425134
3.0,8.0,18.0,0.007495019167505279
3.0,8.0,19.0,0.004169209700060683
3.0,8.0,20.0,0.003903075115098076
3.0,8.0,21.0,0.028486493396118334
3.0,9.0,0.0,0.04350107311155038
3.0,9.0,1.0,0.0011538828739194595
3.0,9.0,2.0,0.004573641574223852
3.0,9.0,3.0,-1.9541397254518866e-07
3.0,9.0,4.0,0.011805916576574677
3.0,9.0,5.0,-0.010084985414279657
3.0,9.0,6.0,0.02054518550205997
3.0,9.0,7.0,-0.01649579694048393
3.0,9.0,8.0,-4.988982150407051e-06
3.0,9.0,9.0,0.1347174415382704
3.0,9.0,10.0,-0.001630412103667267
3.0,9.0,11.0,5.969715749509774e-09
3.0,9.0,12.0,0.002822099201867101
3.0,9.0,13.0,0.0053289964119243305
3.0,9.0,14.0,0.0037948019688311407
3.0,9.0,15.0,0.00020157198962812706
3.0,9.0,16.0,0.02487767242207084
3.0,9.0,17.0,-0.004456482017940289
3.0,9.0,18.0,0.006917898250631049
3.0,9.0,19.0,0.025280873822004335
3.0,9.0,20.0,0.008732044628777136
3.0,9.0,21.0,-1.4300596718475056e-06
3.0,10.0,0.0,0.0019281846524964452
3.0,10.0,1.0,4.646248486703253e-05
3.0,10.0,2.0,0.00024726959221538225
3.0,10.0,3.0,-1.9541397085209855e-07
3.0,10.0,4.0,0.002775676003045041
3.0,10.0,5.0,0.020982289697695417
3.0,10.0,6.0,-0.0013822499654846665
3.0,10.0,7.0,0.03927973803036389
3.0,10.0,8.0,-4.988982011532028e-06
3.0,10.0,9.0,-0.0003958130026208706
3.0,10.0,10.0,0.14508070405116746
3.0,10.0,11.0,5.969715749509774e-09
3.0,10.0,12.0,-0.0005890547120891987
3.0,10.0,13.0,0.0002608868304092016
3.0,10.0,14.0,0.0001265129465768955
3.0,10.0,15.0,1.0627065499604904e-05
3.0,10.0,16.0,0.011175281727517195
3.0,10.0,17.0,0.002767605219586711
3.0,10.0,18.0,-0.0007588832877399032
3.0,10.0,19.0,0.0024448936822044076
3.0,10.0,20.0,0.0010300541599509994
3.0,10.0,21.0,-1.4300596320460102e-06
3.0,11.0,0.0,0.02252961260091524
3.0,11.0,1.0,0.000610649235601779
3.0,11.0,2.0,0.020436917494277784
3.0,11.0,3.0,-1.9541397233702185e-07
3.0,11.0,4.0,0.02834588505805949
3.0,11.0,5.0,-0.008262126064064804
3.0,11.0,6.0,0.008250362810253709
3.0,11.0,7.0,-0.01044324110281769
3.0,11.0,8.0,-4.988982130978148e-06
3.0,11.0,9.0,0.02050773738767528
3.0,11.0,10.0,-0.00217134951854836
3.0,11.0,11.0,0.14285714871715666
3.0,11.0,12.0,0.006503598344214739
3.0,11.0,13.0,0.002741438035354593
3.0,11.0,14.0,0.0012803330770828347
3.0,11.0,15.0,0.00010215782675329632
3.0,11.0,16.0,0.008504460395696661
3.0,11.0,17.0,-0.0039005888790017464
3.0,11.0,18.0,0.010910928426444116
3.0,11.0,19.0,-0.016472331104058158
3.0,11.0,20.0,0.03669038778094075
3.0,11.0,21.0,-1.4300596662963905e-06
3.0,12.0,0.0,0.054805004977050986
3.0,12.0,1.0,0.0014516283055614754
3.0,12.0,2.0,0.005713109370031444
3.0,12.0,3.0,-1.9541397038025377e-07
3.0,12.0,4.0,0.0031286057416815283
3.0,12.0,5.0,-0.019884787526575784
3.0,12.0,6.0,0.01054919772217755
3.0,12.0,7.0,-0.03565430007385685
3.0,12.0,8.0,-4.98898197375669e-06
3.0,12.0,9.0,-0.010076016611171634
3.0,12.0,10.0,-0.03268728043102545
3.0,12.0,11.0,5.969715735631986e-09
3.0,12.0,12.0,0.1491703295954898
3.0,12.0,13.0,0.006666703803531321
3.0,12.0,14.0,0.005102781205525403
3.0,12.0,15.0,0.0002526206529314262
3.0,12.0,16.0,0.01024496609346337
3.0,12.0,17.0,-0.004770189891197705
3.0,12.0,18.0,0.0393893355306878
3.0,12.0,19.0,-0.0022347786696458316
3.0,12.0,20.0,0.008933126893195253
3.0,12.0,21.0,-1.4300596212213357e-06
3.0,13.0,0.0,0.026782301310965595
3.0,13.0,1.0,0.03224319434562703
3.0,13.0,2.0,0.008824666519034963
3.0,13.0,3.0,-1.954139718096659e-07
3.0,13.0,4.0,-0.0029239893259894456
3.0,13.0,5.0,0.016481602239617713
3.0,13.0,6.0,-0.0005466725128666083
3.0,13.0,7.0,0.018412663330521536
3.0,13.0,8.0,-4.988982087957006e-06
3.0,13.0,9.0,0.011750764676843245
3.0,13.0,10.0,0.005637198798720766
3.0,13.0,11.0,5.969715749509774e-09
3.0,13.0,12.0,-0.019289708351408363
3.0,13.0,13.0,0.1460709376401485
3.0,13.0,14.0,0.002621000697942244
3.0,13.0,15.0,0.0055144522427161
3.0,13.0,16.0,-0.005973249290676025
3.0,13.0,17.0,-0.002492644231609009
3.0,13.0,18.0,-0.006233947263069306
3.0,13.0,19.0,-0.002290880563903974
3.0,13.0,20.0,0.0021201645879945774
3.0,13.0,21.0,-1.430059653972915e-06
3.0,14.0,0.0,0.028779823253482606
3.0,14.0,1.0,0.0007504949461581978
3.0,14.0,2.0,0.0031029919655791716
3.0,14.0,3.0,-1.9541396857614135e-07
3.0,14.0,4.0,0.028047133940026253
3.0,14.0,5.0,-0.007331907382666883
3.0,14.0,6.0,0.004650286872068338
3.0,14.0,7.0,-0.012021495405198417
3.0,14.0,8.0,-4.988981846650031e-06
3.0,14.0,9.0,-0.005389719494272943
3.0,14.0,10.0,-0.002224244317662716
3.0,14.0,11.0,5.969715735631986e-09
3.0,14.0,12.0,0.007097686880027154
3.0,14.0,13.0,0.0035667788440695847
3.0,14.0,14.0,-0.1378659660489198
3.0,14.0,15.0,0.00013511671061088026
3.0,14.0,16.0,0.002507937321168746
3.0,14.0,17.0,-0.0040584228802916554
3.0,14.0,18.0,0.016759307563565168
3.0,14.0,19.0,-0.029469314588278672
3.0,14.0,20.0,0.01179136844518025
3.0,14.0,21.0,-1.4300595847782649e-06
3.0,15.0,0.0,0.02538027686559563
3.0,15.0,1.0,0.020546778743866873
3.0,15.0,2.0,0.014430492805758033
3.0,15.0,3.0,-1.954139703524982e-07
3.0,15.0,4.0,0.0026252406266646655
3.0,15.0,5.0,-0.007769553292735792
3.0,15.0,6.0,0.025470273814345967
3.0,15.0,7.0,-0.01041041951004977
3.0,15.0,8.0,-4.988981972556261e-06
3.0,15.0,9.0,-0.004614186775421136
3.0,15.0,10.0,-0.0010910434450413509
3.0,15.0,11.0,5.969715749509774e-09
3.0,15.0,12.0,0.0011978989499849269
3.0,15.0,13.0,0.0030502662390539392
3.0,15.0,14.0,0.0023057472942478174
3.0,15.0,15.0,0.1463857281442581
3.0,15.0,16.0,-0.0019077260626960135
3.0,15.0,17.0,-0.004246147995353057
3.0,15.0,18.0,0.005603537182877982
3.0,15.0,19.0,-0.0004053943392104409
3.0,15.0,20.0,0.0036065056696827913
3.0,15.0,21.0,-1.4300596208882688e-06
3.0,16.0,0.0,0.04198458538298888
3.0,16.0,1.0,0.0011144976073466095
3.0,16.0,2.0,0.004366211599512393
3.0,16.0,3.0,-1.9541397242028857e-07
3.0,16.0,4.0,0.03636691353772695
3.0,16.0,5.0,-0.009978422304300988
3.0,16.0,6.0,0.005845560630898722
3.0,16.0,7.0,-0.01660453234085402
3.0,16.0,8.0,-4.988982138229292e-06
3.0,16.0,9.0,-0.007715633143633466
3.0,16.0,10.0,-0.0025964297301871997
3.0,16.0,11.0,5.969715749509774e-09
3.0,16.0,12.0,0.007492327968957296
3.0,16.0,13.0,0.0051036083963482415
3.0,16.0,14.0,0.0028976362820702373
3.0,16.0,15.0,0.00019333712754604493
3.0,16.0,16.0,0.1453345451270812
3.0,16.0,17.0,-0.004276621266597028
3.0,16.0,18.0,0.010653310883210615
3.0,16.0,19.0,0.035146974263581265
3.0,16.0,20.0,0.014733380584465383
3.0,16.0,21.0,-1.430059668350303e-06
3.0,17.0,0.0,0.0004054103493912331
3.0,17.0,1.0,1.7017150355513877e-07
3.0,17.0,2.0,0.00010515545647638014
3.0,17.0,3.0,-1.9541394379041233e-07
3.0,17.0,4.0,-0.0001783303420684612
3.0,17.0,5.0,-0.0014993450028062266
3.0,17.0,6.0,-4.867476364467382e-07
3.0,17.0,7.0,-0.0013949667982228742
3.0,17.0,8.0,-4.988980098083462e-06
3.0,17.0,9.0,-0.00011808675659910617
3.0,17.0,10.0,-0.00018321150809263997
3.0,17.0,11.0,5.9697155829763204e-09
3.0,17.0,12.0,-3.291472939775941e-05
3.0,17.0,13.0,7.713869658934613e-05
3.0,17.0,14.0,7.491757245123298e-05
3.0,17.0,15.0,4.2031637930289856e-06
3.0,17.0,16.0,7.419736146063727e-05
3.0,17.0,17.0,-0.004771754026901709
3.0,17.0,18.0,-2.6322999950589843e-06
3.0,17.0,19.0,-0.00040236348995797977
3.0,17.0,20.0,0.0001205211795393124
3.0,17.0,21.0,-1.4300590835680804e-06
3.0,18.0,0.0,0.0477270510166643
3.0,18.0,1.0,0.0012454330434652217
3.0,18.0,2.0,0.005282513012646539
3.0,18.0,3.0,-1.9541396974187553e-07
3.0,18.0,4.0,0.0030144399881759654
3.0,18.0,5.0,-0.012329307803156594
3.0,18.0,6.0,0.0019578555408487908
3.0,18.0,7.0,-0.021088022896314472
3.0,18.0,8.0,-4.98898192325542e-06
3.0,18.0,9.0,-0.009105667576085469
3.0,18.0,10.0,-0.00592758350246031
3.0,18.0,11.0,5.969715735631986e-09
3.0,18.0,12.0,0.023003388116497797
3.0,18.0,13.0,0.006035385362403167
3.0,18.0,14.0,0.0045854951036513325
3.0,18.0,15.0,0.00022877456152757547
3.0,18.0,16.0,-0.002488925588718771
3.0,18.0,17.0,-0.004657605131621275
3.0,18.0,18.0,0.1496108024129538
3.0,18.0,19.0,-0.004858768863239826
3.0,18.0,20.0,0.014106965315434816
3.0,18.0,21.0,-1.4300596067606808e-06
3.0,19.0,0.0,0.020304454635965752
3.0,19.0,1.0,0.0005252640337002346
3.0,19.0,2.0,0.002310853418193093
3.0,19.0,3.0,-1.9541397332234478e-07
3.0,19.0,4.0,0.014774346895208929
3.0,19.0,5.0,-0.005538480174581667
3.0,19.0,6.0,0.0024458344573133894
3.0,19.0,7.0,-0.008808385533592075
3.0,19.0,8.0,-4.988982211823201e-06
3.0,19.0,9.0,-0.0039394394562354
3.0,19.0,10.0,-0.0011814832198282499
3.0,19.0,11.0,5.969715763387562e-09
3.0,19.0,12.0,0.003015562845819053
3.0,19.0,13.0,0.0026080122384120052
3.0,19.0,14.0,0.0015849857414910462
3.0,19.0,15.0,9.93054351220296e-05
3.0,19.0,16.0,0.0006645051325017415
3.0,19.0,17.0,-0.003998384142419713
3.0,19.0,18.0,0.003960371715726024
3.0,19.0,19.0,0.143577199080835
3.0,19.0,20.0,0.0072532418646718
3.0,19.0,21.0,-1.430059689416785e-06
3.0,20.0,0.0,0.035068891755851817
3.0,20.0,1.0,0.0009305280061832621
3.0,20.0,2.0,0.0036843166427425467
3.0,20.0,3.0,-1.954139720455883e-07
3.0,20.0,4.0,-0.003352569599086891
3.0,20.0,5.0,-0.00821784644657933
3.0,20.0,6.0,-0.0007494153338978571
3.0,20.0,7.0,-0.013169004051471114
3.0,20.0,8.0,-4.988982106081397e-06
3.0,20.0,9.0,-0.006489867072768385
3.0,20.0,10.0,-0.0006854543527294865
3.0,20.0,11.0,5.969715749509774e-09
3.0,20.0,12.0,-0.000866803295048485
3.0,20.0,13.0,0.004294010710190643
3.0,20.0,14.0,0.0034418411036829244
3.0,20.0,15.0,0.00016238099225990288
3.0,20.0,16.0,-0.004589496433525048
3.0,20.0,17.0,-0.004438742941743152
3.0,20.0,18.0,-0.0008558986644868205
3.0,20.0,19.0,-0.005431294845181012
3.0,20.0,20.0,0.14621528022412017
3.0,20.0,21.0,-1.4300596591632075e-06
3.0,21.0,0.0,0.023151231066058986
3.0,21.0,1.0,0.0006112203518668646
3.0,21.0,2.0,0.0024804986459563416
3.0,21.0,3.0,-1.9541397053290943e-07
3.0,21.0,4.0,-0.002297876745488342
3.0,21.0,5.0,-0.005860128244467994
3.0,21.0,6.0,-0.0004726012177800887
3.0,21.0,7.0,-0.009149014747498161
3.0,21.0,8.0,-4.988981987627539e-06
3.0,21.0,9.0,-0.004337266777495435
3.0,21.0,10.0,-0.0004964223454568262
3.0,21.0,11.0,5.969715749509774e-09
3.0,21.0,12.0,-0.0005706090360725891
3.0,21.0,13.0,0.00286889224243575
3.0,21.0,14.0,0.002300579557506899
3.0,21.0,15.0,0.00010862605580232165
3.0,21.0,16.0,-0.0030107989454004613
3.0,21.0,17.0,-0.004235233442291874
3.0,21.0,18.0,-0.0005632450216317142
3.0,21.0,19.0,-0.0036429925983996747
3.0,21.0,20.0,0.00240351648636139
3.0,21.0,21.0,0.1428455424589868
4.0,0.0,0.0,-0.15455252203154546
4.0,0.0,1.0,-0.002935268271541225
4.0,0.0,2.0,-0.02611613927389972
4.0,0.0,3.0,-1.9278326572613746e-07
4.0,0.0,4.0,-0.006895629073416454
4.0,0.0,5.0,0.022920689705047556
4.0,0.0,6.0,0.002714668304893919
4.0,0.0,7.0,0.01788284629568615
4.0,0.0,8.0,-4.943004518830063e-06
4.0,0.0,9.0,0.037493993771657755
4.0,0.0,10.0,0.005872750214048067
4.0,0.0,11.0,5.65027734322765e-09
4.0,0.0,12.0,-0.0023297882669944814
4.0,0.0,13.0,-0.011249605800663795
4.0,0.0,14.0,0.0014762524624472046
4.0,0.0,15.0,-0.0002634855886313042
4.0,0.0,16.0,-0.005011883959375241
4.0,0.0,17.0,0.020351506499149616
4.0,0.0,18.0,-0.0030488920868224634
4.0,0.0,19.0,0.004804508884595993
4.0,0.0,20.0,-0.01124322386293064
4.0,0.0,21.0,-8.322479832789664e-07
4.0,1.0,0.0,0.03592727572699905
4.0,1.0,1.0,0.1476456809065802
4.0,1.0,2.0,0.021731204457386355
4.0,1.0,3.0,-1.9278326517102595e-07
4.0,1.0,4.0,0.0038159590682747546
4.0,1.0,5.0,-0.008621299228856974
4.0,1.0,6.0,0.0028444474352319338
4.0,1.0,7.0,-0.004682990559937483
4.0,1.0,8.0,-4.943004471624768e-06
4.0,1.0,9.0,-0.00876870237959676
4.0,1.0,10.0,-0.0024383552933805452
4.0,1.0,11.0,5.65027734322765e-09
4.0,1.0,12.0,0.001289310684430084
4.0,1.0,13.0,0.0026355860239970497
4.0,1.0,14.0,-0.00373185961224177
4.0,1.0,15.0,0.013185833035439687
4.0,1.0,16.0,0.0016804783705777204
4.0,1.0,17.0,-0.0018282610557980709
4.0,1.0,18.0,0.0019669045824480813
4.0,1.0,19.0,-0.000858638353018637
4.0,1.0,20.0,0.002967137600291936
4.0,1.0,21.0,-8.322479753408718e-07
4.0,2.0,0.0,0.008098692953324882
4.0,2.0,1.0,0.00015005366484666105
4.0,2.0,2.0,0.1444784804662994
4.0,2.0,3.0,-1.9278326347793584e-07
4.0,2.0,4.0,0.003281702458720337
4.0,2.0,5.0,-0.031749797283917684
4.0,2.0,6.0,0.004248212914983729
4.0,2.0,7.0,-0.008836599875455625
4.0,2.0,8.0,-4.94300433278444e-06
4.0,2.0,9.0,-0.002009374974437275
4.0,2.0,10.0,-0.008212768399651738
4.0,2.0,11.0,5.650277329349862e-09
4.0,2.0,12.0,0.0023475835242029175
4.0,2.0,13.0,0.0006036922952741691
4.0,2.0,14.0,-0.003195942643155557
4.0,2.0,15.0,1.2452620324870933e-05
4.0,2.0,16.0,0.0031129038531443887
4.0,2.0,17.0,-0.0018126782064410293
4.0,2.0,18.0,0.003966753682120128
4.0,2.0,19.0,0.00045976381477408346
4.0,2.0,20.0,0.0012916134882344221
4.0,2.0,21.0,-8.322479519429216e-07
4.0,3.0,0.0,0.02325866123363385
4.0,3.0,1.0,0.0004425501061026682
4.0,3.0,2.0,0.0038057416909206276
4.0,3.0,3.0,0.1428569500668045
4.0,3.0,4.0,0.01857649179461457
4.0,3.0,5.0,-0.004726997354091385
4.0,3.0,6.0,0.0032125692769311986
4.0,3.0,7.0,-0.0033591495915793468
4.0,3.0,8.0,-4.943004414011132e-06
4.0,3.0,9.0,-0.00556969858748893
4.0,3.0,10.0,-0.002517971164089111
4.0,3.0,11.0,5.65027734322765e-09
4.0,3.0,12.0,0.004472046744293912
4.0,3.0,13.0,0.001672222897172962
4.0,3.0,14.0,-0.004412957214614249
4.0,3.0,15.0,3.7429950106693255e-05
4.0,3.0,16.0,0.00290995107630454
4.0,3.0,17.0,-0.0017882136342266116
4.0,3.0,18.0,0.0033759655941610345
4.0,3.0,19.0,0.01672324419095722
4.0,3.0,20.0,0.036008265370121084
4.0,3.0,21.0,-8.322479656264203e-07
4.0,4.0,0.0,0.022708843096066578
4.0,4.0,1.0,0.0004314746700415095
4.0,4.0,2.0,0.0037135821992571594
4.0,4.0,3.0,-1.92783265559604e-07
4.0,4.0,4.0,0.16397518136589717
4.0,4.0,5.0,-0.014762159969164017
4.0,4.0,6.0,0.034374476598913406
4.0,4.0,7.0,-0.009782321640869701
4.0,4.0,8.0,-4.9430045050077864e-06
4.0,4.0,9.0,-0.005431496387218737
4.0,4.0,10.0,-0.014869661553248703
4.0,4.0,11.0,5.65027734322765e-09
4.0,4.0,12.0,0.03958829545489023
4.0,4.0,13.0,0.001630665364902667
4.0,4.0,14.0,-0.0075810235518316135
4.0,4.0,15.0,3.6454172654479255e-05
4.0,4.0,16.0,0.0224647199487632
4.0,4.0,17.0,-0.0016089320145402646
4.0,4.0,18.0,0.022596064317869008
4.0,4.0,19.0,0.0226476775923537
4.0,4.0,20.0,0.010666304179016817
4.0,4.0,21.0,-8.322479809474981e-07
4.0,5.0,0.0,0.012108454830954574
4.0,5.0,1.0,0.00022921530772590515
4.0,5.0,2.0,0.001978262841443479
4.0,5.0,3.0,-1.927832643106031e-07
4.0,5.0,4.0,0.005304700785017102
4.0,5.0,5.0,-0.06073111025984573
4.0,5.0,6.0,0.008067314131084857
4.0,5.0,7.0,-0.01631601664038118
4.0,5.0,8.0,-4.9430043997725215e-06
4.0,5.0,9.0,-0.002892909848387984
4.0,5.0,10.0,-0.015626263802283324
4.0,5.0,11.0,5.65027734322765e-09
4.0,5.0,12.0,0.004193270197847154
4.0,5.0,13.0,0.0008682133980892348
4.0,5.0,14.0,-0.0034130033001549473
4.0,5.0,15.0,1.868213237569971e-05
4.0,5.0,16.0,0.005726238663731786
4.0,5.0,17.0,-0.001848989426720001
4.0,5.0,18.0,0.007047237821979718
4.0,5.0,19.0,0.0010802517212311624
4.0,5.0,20.0,0.0019327758476845869
4.0,5.0,21.0,-8.322479632394408e-07
4.0,6.0,0.0,0.022542276962159602
4.0,6.0,1.0,0.0004320918487140113
4.0,6.0,2.0,0.0035176190113222483
4.0,6.0,3.0,-1.927832652404149e-07
4.0,6.0,4.0,0.03280490370331135
4.0,6.0,5.0,-0.0059752622825143265
4.0,6.0,6.0,0.14937394680678212
4.0,6.0,7.0,-0.004139751676609432
4.0,6.0,8.0,-4.943004478071e-06
4.0,6.0,9.0,-0.005326371751067344
4.0,6.0,10.0,-0.004156878918828655
4.0,6.0,11.0,5.65027734322765e-09
4.0,6.0,12.0,0.009167531881611679
4.0,6.0,13.0,0.0015975152357680517
4.0,6.0,14.0,-0.0051603867013356435
4.0,6.0,15.0,3.5516409760349976e-05
4.0,6.0,16.0,0.004787906074914305
4.0,6.0,17.0,-0.0017810885175870489
4.0,6.0,18.0,0.011191374020028788
4.0,6.0,19.0,0.012516067160626587
4.0,6.0,20.0,0.004061125563352752
4.0,6.0,21.0,-8.322479763955837e-07
4.0,7.0,0.0,0.03315198404888475
4.0,7.0,1.0,0.0006239876141919121
4.0,7.0,2.0,0.0056963111883509
4.0,7.0,3.0,-1.9278325801008744e-07
4.0,7.0,4.0,0.0034746304392075378
4.0,7.0,5.0,-0.012446896977831426
4.0,7.0,6.0,0.000681743627391429
4.0,7.0,7.0,-0.14553148332423585
4.0,7.0,8.0,-4.943003923500722e-06
4.0,7.0,9.0,-0.008058107892541147
4.0,7.0,10.0,-0.0033729456194404317
4.0,7.0,11.0,5.6502773015942864e-09
4.0,7.0,12.0,0.0012924228247348513
4.0,7.0,13.0,0.0024224458373479085
4.0,7.0,14.0,-0.0036199525504229876
4.0,7.0,15.0,5.494119458118729e-05
4.0,7.0,16.0,0.0018545175769712485
4.0,7.0,17.0,-0.0018598052538348624
4.0,7.0,18.0,0.0021497181485250483
4.0,7.0,19.0,-0.0009522965558405594
4.0,7.0,20.0,0.00276974685699094
4.0,7.0,21.0,-8.322478830258273e-07
4.0,8.0,0.0,0.04686719874369072
4.0,8.0,1.0,0.047358870672952746
4.0,8.0,2.0,0.015061427993929621
4.0,8.0,3.0,-1.9278326490734798e-07
4.0,8.0,4.0,0.022061816485198005
4.0,8.0,5.0,-0.01795378133013506
4.0,8.0,6.0,0.06569064440377159
4.0,8.0,7.0,-0.010574838416772453
4.0,8.0,8.0,0.14285219952115655
4.0,8.0,9.0,0.009500361669702986
4.0,8.0,10.0,0.006910828755831572
4.0,8.0,11.0,5.65027734322765e-09
4.0,8.0,12.0,0.04939802241390828
4.0,8.0,13.0,0.0033879367912649783
4.0,8.0,14.0,-0.004840258722445766
4.0,8.0,15.0,0.026217376411895407
4.0,8.0,16.0,0.008004481319209389
4.0,8.0,17.0,-0.0018532097807455218
4.0,8.0,18.0,0.011824460149137211
4.0,8.0,19.0,0.008348986863276286
4.0,8.0,20.0,0.005486368575553013
4.0,8.0,21.0,0.016627650101750324
4.0,9.0,0.0,0.026938632277048624
4.0,9.0,1.0,0.0005114094365957222
4.0,9.0,2.0,0.004566020617831068
4.0,9.0,3.0,-1.927832658094042e-07
4.0,9.0,4.0,0.03697531151713779
4.0,9.0,5.0,-0.0066927763405030954
4.0,9.0,6.0,0.03435193730218172
4.0,9.0,7.0,-0.00466012109477415
4.0,9.0,8.0,-4.943004527510619e-06
4.0,9.0,9.0,0.13627407307323341
4.0,9.0,10.0,-0.004406601003212357
4.0,9.0,11.0,5.65027734322765e-09
4.0,9.0,12.0,0.009702403967389861
4.0,9.0,13.0,0.0019655527739844136
4.0,9.0,14.0,-0.005371059474086344
4.0,9.0,15.0,4.431430578821782e-05
4.0,9.0,16.0,0.026282199204669066
4.0,9.0,17.0,-0.0017902292532891737
4.0,9.0,18.0,0.00893706119837162
4.0,9.0,19.0,0.02804885379404387
4.0,9.0,20.0,0.004460781901393263
4.0,9.0,21.0,-8.322479847500119e-07
4.0,10.0,0.0,0.013296082830506428
4.0,10.0,1.0,0.00024532650280617574
4.0,10.0,2.0,0.0022220416021255796
4.0,10.0,3.0,-1.9278326468530338e-07
4.0,10.0,4.0,0.0014902193115508555
4.0,10.0,5.0,0.021966503103784923
4.0,10.0,6.0,-0.003324130117097812
4.0,10.0,7.0,0.018659853844046087
4.0,10.0,8.0,-4.943004430761622e-06
4.0,10.0,9.0,-0.003155313305168564
4.0,10.0,10.0,0.1480230389486099
4.0,10.0,11.0,5.65027734322765e-09
4.0,10.0,12.0,-0.0011126955831962937
4.0,10.0,13.0,0.0009471092971256728
4.0,10.0,14.0,-0.0031671342790050945
4.0,10.0,15.0,2.0873181390934636e-05
4.0,10.0,16.0,0.0003444052165846312
4.0,10.0,17.0,-0.0006021402402985718
4.0,10.0,18.0,-0.001329036997197719
4.0,10.0,19.0,-0.0009844185710742304
4.0,10.0,20.0,0.0007213755369224195
4.0,10.0,21.0,-8.322479684297335e-07
4.0,11.0,0.0,0.008750004623365504
4.0,11.0,1.0,0.00016548166096735928
4.0,11.0,2.0,0.03693788188365921
4.0,11.0,3.0,-1.9278326417182523e-07
4.0,11.0,4.0,0.021837843727505857
4.0,11.0,5.0,-0.011547381506576082
4.0,11.0,6.0,0.010404972760795939
4.0,11.0,7.0,-0.004718134323996648
4.0,11.0,8.0,-4.943004391223804e-06
4.0,11.0,9.0,0.01993853896750168
4.0,11.0,10.0,-0.005289925374505178
4.0,11.0,11.0,0.14285714848644887
4.0,11.0,12.0,0.008900920473995266
4.0,11.0,13.0,0.000649422478585529
4.0,11.0,14.0,-0.004401713263317175
4.0,11.0,15.0,1.3440422542476682e-05
4.0,11.0,16.0,0.007058567257049564
4.0,11.0,17.0,-0.0017629500860394526
4.0,11.0,18.0,0.018940714561564348
4.0,11.0,19.0,-0.007893162591879443
4.0,11.0,20.0,0.004185602904793417
4.0,11.0,21.0,-8.322479617961509e-07
4.0,12.0,0.0,0.042649973678814845
4.0,12.0,1.0,0.0008134512443818687
4.0,12.0,2.0,0.007022059990220042
4.0,12.0,3.0,-1.927832645465255e-07
4.0,12.0,4.0,0.014493971241799963
4.0,12.0,5.0,-0.047626434050722186
4.0,12.0,6.0,0.03988402237065919
4.0,12.0,7.0,-0.0317775266567949
4.0,12.0,8.0,-4.943004423191288e-06
4.0,12.0,9.0,-0.010252358127836939
4.0,12.0,10.0,-0.05434554509660708
4.0,12.0,11.0,5.65027734322765e-09
4.0,12.0,12.0,0.1515945273929295
4.0,12.0,13.0,0.003078774239515636
4.0,12.0,14.0,-0.0044293209393365535
4.0,12.0,15.0,7.005173292483347e-05
4.0,12.0,16.0,0.0057042757028336055
4.0,12.0,17.0,-0.0018629688489721183
4.0,12.0,18.0,0.021588437661933857
4.0,12.0,19.0,0.002872711803856398
4.0,12.0,20.0,0.006307363504558849
4.0,12.0,21.0,-8.322479671252214e-07
4.0,13.0,0.0,0.02963946167232756
4.0,13.0,1.0,0.03796936686096836
4.0,13.0,2.0,0.00905586570442457
4.0,13.0,3.0,-1.9278326368610266e-07
4.0,13.0,4.0,0.004516325129023724
4.0,13.0,5.0,0.01867237022451987
4.0,13.0,6.0,-0.0014473014836118292
4.0,13.0,7.0,0.022361401507586226
4.0,13.0,8.0,-4.94300435430195e-06
4.0,13.0,9.0,0.006944238823126933
4.0,13.0,10.0,0.006779020995353713
4.0,13.0,11.0,5.65027734322765e-09
4.0,13.0,12.0,-0.008665785868504833
4.0,13.0,13.0,0.1450551424649276
4.0,13.0,14.0,-0.0036746591215322828
4.0,13.0,15.0,0.003393959933394544
4.0,13.0,16.0,0.0014390062000790849
4.0,13.0,17.0,-0.0016822159167931066
4.0,13.0,18.0,-0.0012660905258470023
4.0,13.0,19.0,0.0010773281607239227
4.0,13.0,20.0,0.002072847999807892
4.0,13.0,21.0,-8.322479556066575e-07
4.0,14.0,0.0,-0.005428919403885568
4.0,14.0,1.0,-0.00011478618631499682
4.0,14.0,2.0,-0.0007130221610729404
4.0,14.0,3.0,-1.9278326530980383e-07
4.0,14.0,4.0,-0.04364438852709429
4.0,14.0,5.0,0.004570267975135156
4.0,14.0,6.0,-0.010517826048067058
4.0,14.0,7.0,0.0027721710430284874
4.0,14.0,8.0,-4.943004479160407e-06
4.0,14.0,9.0,0.001251006668575222
4.0,14.0,10.0,0.005305964548714792
4.0,14.0,11.0,5.65027734322765e-09
4.0,14.0,12.0,-0.015522338427198856
4.0,14.0,13.0,-0.00037665134575258497
4.0,14.0,14.0,0.1450450388407679
4.0,14.0,15.0,-9.962713538647083e-06
4.0,14.0,16.0,-0.006228413818284928
4.0,14.0,17.0,-0.0017028938105363408
4.0,14.0,18.0,-0.027688974157272978
4.0,14.0,19.0,-0.00022680554294823851
4.0,14.0,20.0,-0.005717529075406347
4.0,14.0,21.0,-8.322479765898727e-07
4.0,15.0,0.0,0.056842985002827695
4.0,15.0,1.0,0.047321967580021496
4.0,15.0,2.0,0.030538270775746057
4.0,15.0,3.0,-1.9278326486571462e-07
4.0,15.0,4.0,0.010702883761579074
4.0,15.0,5.0,-0.012902284408500726
4.0,15.0,6.0,0.030811456287755223
4.0,15.0,7.0,-0.007136703719256454
4.0,15.0,8.0,-4.943004447990895e-06
4.0,15.0,9.0,-0.013846980255951949
4.0,15.0,10.0,-0.004004782164425125
4.0,15.0,11.0,5.65027734322765e-09
4.0,15.0,12.0,0.003368895236958769
4.0,15.0,13.0,0.004162786913179645
4.0,15.0,14.0,-0.004450160836041614
4.0,15.0,15.0,0.1470853219850689
4.0,15.0,16.0,0.0032458323712041826
4.0,15.0,17.0,-0.0018475363625363736
4.0,15.0,18.0,0.004413177969146559
4.0,15.0,19.0,0.0010333187649910203
4.0,15.0,20.0,0.005010961391001989
4.0,15.0,21.0,-8.322479713440689e-07
4.0,16.0,0.0,0.022545217114352645
4.0,16.0,1.0,0.00042711344263318685
4.0,16.0,2.0,0.0038421890875319775
4.0,16.0,3.0,-1.92783265559604e-07
4.0,16.0,4.0,0.0368126582017671
4.0,16.0,5.0,-0.00675096254057387
4.0,16.0,6.0,0.007943096818039619
4.0,16.0,7.0,-0.004669289637965729
4.0,16.0,8.0,-4.9430045040224635e-06
4.0,16.0,9.0,-0.005485194559279025
4.0,16.0,10.0,-0.0050072653174556
4.0,16.0,11.0,5.650277357105438e-09
4.0,16.0,12.0,0.011797899383965915
4.0,16.0,13.0,0.0016479320791834146
4.0,16.0,14.0,-0.005345808763547315
4.0,16.0,15.0,3.689632840393753e-05
4.0,16.0,16.0,0.14848283465457812
4.0,16.0,17.0,-0.0017835423064680915
4.0,16.0,18.0,0.01886192713231377
4.0,16.0,19.0,0.02300456529698791
4.0,16.0,20.0,0.00555736738810797
4.0,16.0,21.0,-8.322479807809646e-07
4.0,17.0,0.0,0.0014556373624530217
4.0,17.0,1.0,2.7559053700498826e-05
4.0,17.0,2.0,-4.2676198437396895e-05
4.0,17.0,3.0,-1.9278325369409544e-07
4.0,17.0,4.0,0.0014236306897060236
4.0,17.0,5.0,-0.0007774909744410821
4.0,17.0,6.0,0.0001060412706038738
4.0,17.0,7.0,-0.0006680982439350724
4.0,17.0,8.0,-4.94300361084804e-06
4.0,17.0,9.0,-0.00016886475361765907
4.0,17.0,10.0,-0.0004293584631233083
4.0,17.0,11.0,5.650277287716499e-09
4.0,17.0,12.0,0.00011155213100422223
4.0,17.0,13.0,4.9597058660699744e-05
4.0,17.0,14.0,-0.002936578902075263
4.0,17.0,15.0,-4.647933669749138e-07
4.0,17.0,16.0,-5.729840422419308e-05
4.0,17.0,17.0,-0.0018630891058516194
4.0,17.0,18.0,0.0006881164296243802
4.0,17.0,19.0,-0.00022948295482355663
4.0,17.0,20.0,3.966685350353938e-06
4.0,17.0,21.0,-8.322478304290115e-07
4.0,18.0,0.0,0.029869997852858043
4.0,18.0,1.0,0.0005662817341615112
4.0,18.0,2.0,0.0054146816202957915
4.0,18.0,3.0,-1.9278326464367002e-07
4.0,18.0,4.0,0.02457707149218824
4.0,18.0,5.0,-0.015172077168816543
4.0,18.0,6.0,0.012743155956947583
4.0,18.0,7.0,-0.010161240257825416
4.0,18.0,8.0,-4.9430044290060815e-06
4.0,18.0,9.0,-0.007484996946744427
4.0,18.0,10.0,-0.014141068688757197
4.0,18.0,11.0,5.65027734322765e-09
4.0,18.0,12.0,0.037980240476637006
4.0,18.0,13.0,0.0022519302426821236
4.0,18.0,14.0,-0.004881664564813712
4.0,18.0,15.0,5.093531757849323e-05
4.0,18.0,16.0,0.005057787746332254
4.0,18.0,17.0,-0.0018446811355850687
4.0,18.0,18.0,0.1512071622238059
4.0,18.0,19.0,0.003037165303334366
4.0,18.0,20.0,0.024339564844653216
4.0,18.0,21.0,-8.322479681521777e-07
4.0,19.0,0.0,0.030565590050156577
4.0,19.0,1.0,0.0005852932651636
4.0,19.0,2.0,0.004826997575351599
4.0,19.0,3.0,-1.9278326542082613e-07
4.0,19.0,4.0,0.04058085745266493
4.0,19.0,5.0,-0.007141643875830002
4.0,19.0,6.0,0.007620669666309587
4.0,19.0,7.0,-0.004938156223912332
4.0,19.0,8.0,-4.94300449425944e-06
4.0,19.0,9.0,-0.007235190152890175
4.0,19.0,10.0,-0.004634583438264478
4.0,19.0,11.0,5.65027734322765e-09
4.0,19.0,12.0,0.009697520635640222
4.0,19.0,13.0,0.0021707181803973102
4.0,19.0,14.0,-0.005578944754837835
4.0,19.0,15.0,4.896803800166771e-05
4.0,19.0,16.0,0.005906628586024365
4.0,19.0,17.0,-0.0017975142064044721
4.0,19.0,18.0,0.006450231404765472
4.0,19.0,19.0,0.14713886398989684
4.0,19.0,20.0,0.00418638174577296
4.0,19.0,21.0,-8.322479791156301e-07
4.0,20.0,0.0,0.022862635355301753
4.0,20.0,1.0,0.0004272347618078931
4.0,20.0,2.0,0.004104741653222221
4.0,20.0,3.0,-1.927832649906147e-07
4.0,20.0,4.0,0.002564180796516158
4.0,20.0,5.0,-0.0036136096856428726
4.0,20.0,6.0,-0.00017348937160127642
4.0,20.0,7.0,-0.002682054289570024
4.0,20.0,8.0,-4.943004457205746e-06
4.0,20.0,9.0,-0.005658563076674658
4.0,20.0,10.0,-0.0011226730817614494
4.0,20.0,11.0,5.65027734322765e-09
4.0,20.0,12.0,0.0006170323820429424
4.0,20.0,13.0,0.0017013946263936541
4.0,20.0,14.0,-0.0034259288530451614
4.0,20.0,15.0,3.8432653423361995e-05
4.0,20.0,16.0,0.0008722213203569695
4.0,20.0,17.0,-0.001799611043279629
4.0,20.0,18.0,0.0011515742808023421
4.0,20.0,19.0,-0.0008790877642790296
4.0,20.0,20.0,0.145075627218948
4.0,20.0,21.0,-8.322479729261367e-07
4.0,21.0,0.0,0.02700318242854316
4.0,21.0,1.0,0.0005060701354892005
4.0,21.0,2.0,0.004835782769679664
4.0,21.0,3.0,-1.9278326490734798e-07
4.0,21.0,4.0,0.002563372079628423
4.0,21.0,5.0,-0.004153043311600282
4.0,21.0,6.0,-0.00018931613988831808
4.0,21.0,7.0,-0.003059048103103812
4.0,21.0,8.0,-4.94300445040563e-06
4.0,21.0,9.0,-0.006679966613879915
4.0,21.0,10.0,-0.001226609053041755
4.0,21.0,11.0,5.65027734322765e-09
4.0,21.0,12.0,0.0007891590668383797
4.0,21.0,13.0,0.0020087510690035143
4.0,21.0,14.0,-0.003513229680968067
4.0,21.0,15.0,4.563135376538241e-05
4.0,21.0,16.0,0.0010821693559772139
4.0,21.0,17.0,-0.0018094256686083724
4.0,21.0,18.0,0.001243935098144744
4.0,21.0,19.0,-0.0009367768895268691
4.0,21.0,20.0,0.002341111718061728
4.0,21.0,21.0,0.1428561928803794
5.0,0.0,0.0,-0.15995899803300906
5.0,0.0,1.0,-0.00309096637105738
5.0,0.0,2.0,-0.010087213325259886
5.0,0.0,3.0,-1.9282913070461927e-07
5.0,0.0,4.0,0.014413058616524754
5.0,0.0,5.0,0.0359468290499103
5.0,0.0,6.0,0.002317233068467206
5.0,0.0,7.0,0.030768600900382803
5.0,0.0,8.0,-4.957299238682322e-06
5.0,0.0,9.0,0.0218101850143943
5.0,0.0,10.0,0.010114906664019874
5.0,0.0,11.0,5.648377709999153e-09
5.0,0.0,12.0,-0.00378908851346646
5.0,0.0,13.0,-0.024211621216351037
5.0,0.0,14.0,-1.4363611262429925e-06
5.0,0.0,15.0,-0.0006573720100030156
5.0,0.0,16.0,0.0003619688383205144
5.0,0.0,17.0,0.05187087355238167
5.0,0.0,18.0,-0.0024420749397320307
5.0,0.0,19.0,0.017940818099357436
5.0,0.0,20.0,-0.02116552486135559
5.0,0.0,21.0,-5.461311841370442e-07
5.0,1.0,0.0,0.03055263502955541
5.0,1.0,1.0,0.14903937863420333
5.0,1.0,2.0,0.029441555065702896
5.0,1.0,3.0,-1.9282912967766297e-07
5.0,1.0,4.0,-0.0033096683284474793
5.0,1.0,5.0,-0.0073208034316383785
5.0,1.0,6.0,0.006648870191448053
5.0,1.0,7.0,-0.006112863913492361
5.0,1.0,8.0,-4.957299151835126e-06
5.0,1.0,9.0,-0.004219549156058988
5.0,1.0,10.0,-0.0020985150114053996
5.0,1.0,11.0,5.648377709999153e-09
5.0,1.0,12.0,0.0010899200366765727
5.0,1.0,13.0,0.004680945954076782
5.0,1.0,14.0,-1.4365949677515702e-06
5.0,1.0,15.0,0.03159588618327458
5.0,1.0,16.0,0.00039374717987405994
5.0,1.0,17.0,-0.01017410129643214
5.0,1.0,18.0,0.0018787548054367553
5.0,1.0,19.0,-0.002190252495934686
5.0,1.0,20.0,0.004206936605533118
5.0,1.0,21.0,-5.461311745613706e-07
5.0,2.0,0.0,0.019046960979865912
5.0,2.0,1.0,0.00038655302495560484
5.0,2.0,2.0,0.14389279435434138
5.0,2.0,3.0,-1.9282912870621782e-07
5.0,2.0,4.0,-0.0032357284823010812
5.0,2.0,5.0,-0.0057976077929692005
5.0,2.0,6.0,0.00038825491217725494
5.0,2.0,7.0,-0.004127206505535025
5.0,2.0,8.0,-4.957299071794985e-06
5.0,2.0,9.0,-0.002531315368402287
5.0,2.0,10.0,-0.0016830434534998995
5.0,2.0,11.0,5.648377696121365e-09
5.0,2.0,12.0,0.0008363499524075002
5.0,2.0,13.0,0.0028389026560401986
5.0,2.0,14.0,-1.4365908592871555e-06
5.0,2.0,15.0,7.241081149855777e-05
5.0,2.0,16.0,0.0005611685641658259
5.0,2.0,17.0,-0.006810059825487824
5.0,2.0,18.0,0.0010079461284991376
5.0,2.0,19.0,-0.001331386900286835
5.0,2.0,20.0,0.0017402149563445768
5.0,2.0,21.0,-5.461311657628531e-07
5.0,3.0,0.0,0.025279322325546305
5.0,3.0,1.0,0.0004916016061501105
5.0,3.0,2.0,0.0016627462920563718
5.0,3.0,3.0,0.14285695002426763
5.0,3.0,4.0,0.016547985613955762
5.0,3.0,5.0,-0.005845036872967807
5.0,3.0,6.0,0.0042102420109953465
5.0,3.0,7.0,-0.005308464462462081
5.0,3.0,8.0,-4.957299175503693e-06
5.0,3.0,9.0,-0.0036036474264326546
5.0,3.0,10.0,-0.002186744726596579
5.0,3.0,11.0,5.648377709999153e-09
5.0,3.0,12.0,0.0034050485505241757
5.0,3.0,13.0,0.003972837647147537
5.0,3.0,14.0,-1.4366063092674842e-06
5.0,3.0,15.0,0.00010436354348686283
5.0,3.0,16.0,0.003217543487033847
5.0,3.0,17.0,-0.006309042053849377
5.0,3.0,18.0,0.006106054295335561
5.0,3.0,19.0,0.03960993582864464
5.0,3.0,20.0,0.034630992866088395
5.0,3.0,21.0,-5.461311771981503e-07
5.0,4.0,0.0,0.012775852500971796
5.0,4.0,1.0,0.00024692793379699207
5.0,4.0,2.0,0.0008614264819517548
5.0,4.0,3.0,-1.9282913053808581e-07
5.0,4.0,4.0,0.16161292266193672
5.0,4.0,5.0,-0.0025243693774668202
5.0,4.0,6.0,0.032154918131337695
5.0,4.0,7.0,-0.004658249313508778
5.0,4.0,8.0,-4.9572992255192405e-06
5.0,4.0,9.0,-0.0018682903755451175
5.0,4.0,10.0,-0.0055142182433450815
5.0,4.0,11.0,5.648377709999153e-09
5.0,4.0,12.0,0.022235461961725156
5.0,4.0,13.0,0.002048478029101769
5.0,4.0,14.0,-1.4366194581636883e-06
5.0,4.0,15.0,5.3034815396674206e-05
5.0,4.0,16.0,0.023627016971027814
5.0,4.0,17.0,0.013447432177291857
5.0,4.0,18.0,0.04550756724563798
5.0,4.0,19.0,0.028286491329883312
5.0,4.0,20.0,0.02837149721175264
5.0,4.0,21.0,-5.461311826659987e-07
5.0,5.0,0.0,0.03054075389111044
5.0,5.0,1.0,0.0005954163914805577
5.0,5.0,2.0,0.0019527004421509842
5.0,5.0,3.0,-1.9282912074036762e-07
5.0,5.0,4.0,-0.0027839745125045057
5.0,5.0,5.0,-0.10984888935820497
5.0,5.0,6.0,0.019427209951386193
5.0,5.0,7.0,-0.03695394354006733
5.0,5.0,8.0,-4.9572984755566485e-06
5.0,5.0,9.0,-0.004234010354312173
5.0,5.0,10.0,-0.03302046601760847
5.0,5.0,11.0,5.648377668365789e-09
5.0,5.0,12.0,0.022050101777098957
5.0,5.0,13.0,0.004690091866120849
5.0,5.0,14.0,-1.4365956727812449e-06
5.0,5.0,15.0,0.00012311887316654446
5.0,5.0,16.0,0.015831518445797554
5.0,5.0,17.0,-0.041337526833795685
5.0,5.0,18.0,0.025759983548561738
5.0,5.0,19.0,0.0031300599100702597
5.0,5.0,20.0,0.008033329414523671
5.0,5.0,21.0,-5.461311000654057e-07
5.0,6.0,0.0,0.028417802451930707
5.0,6.0,1.0,0.0005529491570435696
5.0,6.0,2.0,0.0018521953430463978
5.0,6.0,3.0,-1.9282913039930794e-07
5.0,6.0,4.0,0.008824508300916523
5.0,6.0,5.0,-0.007556660334906665
5.0,6.0,6.0,0.14657420114156983
5.0,6.0,7.0,-0.006743538023312845
5.0,6.0,8.0,-4.9572992136190375e-06
5.0,6.0,9.0,-0.004013724600757607
5.0,6.0,10.0,-0.0031507718832518017
5.0,6.0,11.0,5.648377723876941e-09
5.0,6.0,12.0,0.005731721848605126
5.0,6.0,13.0,0.004432165978052766
5.0,6.0,14.0,-1.4366032394438895e-06
5.0,6.0,15.0,0.00011674172572956332
5.0,6.0,16.0,0.0024751693931323038
5.0,6.0,17.0,-0.009333036427377345
5.0,6.0,18.0,0.02563889701385258
5.0,6.0,19.0,0.017317171921333196
5.0,6.0,20.0,0.009481808370222777
5.0,6.0,21.0,-5.461311813614866e-07
5.0,7.0,0.0,0.022582014738359857
5.0,7.0,1.0,0.000438081504878729
5.0,7.0,2.0,0.0014723135846129998
5.0,7.0,3.0,-1.9282912232243543e-07
5.0,7.0,4.0,-0.0067618401518473314
5.0,7.0,5.0,-0.01383378654863611
5.0,7.0,6.0,0.001166198340792235
5.0,7.0,7.0,-0.14766973039717907
5.0,7.0,8.0,-4.957298594683579e-06
5.0,7.0,9.0,-0.0031958248533806854
5.0,7.0,10.0,-0.003903447072105881
5.0,7.0,11.0,5.648377668365789e-09
5.0,7.0,12.0,0.0019205125885441987
5.0,7.0,13.0,0.003523812000076204
5.0,7.0,14.0,-1.4365884214666984e-06
5.0,7.0,15.0,9.128198386412767e-05
5.0,7.0,16.0,0.0011021633660321384
5.0,7.0,17.0,-0.025084932385425442
5.0,7.0,18.0,0.0015930775690825572
5.0,7.0,19.0,-0.0025492486347234444
5.0,7.0,20.0,0.00304934979644772
5.0,7.0,21.0,-5.461311132215485e-07
5.0,8.0,0.0,0.03450628602666983
5.0,8.0,1.0,0.019317960549030816
5.0,8.0,2.0,0.00896795743972656
5.0,8.0,3.0,-1.92829130329919e-07
5.0,8.0,4.0,0.007386225450194517
5.0,8.0,5.0,-0.016791391424051796
5.0,8.0,6.0,0.04742279563324098
5.0,8.0,7.0,-0.01421568840353235
5.0,8.0,8.0,0.1428521852285201
5.0,8.0,9.0,0.016695652083120377
5.0,8.0,10.0,-0.001426916984767601
5.0,8.0,11.0,5.648377709999153e-09
5.0,8.0,12.0,0.03694437259230704
5.0,8.0,13.0,0.005283812373227809
5.0,8.0,14.0,-1.4366028023157476e-06
5.0,8.0,15.0,0.02679385784721533
5.0,8.0,16.0,0.009718349309101426
5.0,8.0,17.0,-0.02001062128320123
5.0,8.0,18.0,0.019243405492983423
5.0,8.0,19.0,0.008317133339233784
5.0,8.0,20.0,0.008813159743443544
5.0,8.0,21.0,0.010844888586581725
5.0,9.0,0.0,0.036359942912106535
5.0,9.0,1.0,0.0007084489975066888
5.0,9.0,2.0,0.0023201524705965815
5.0,9.0,3.0,-1.928291303160412e-07
5.0,9.0,4.0,0.04661530339104836
5.0,9.0,5.0,-0.008536051750895168
5.0,9.0,6.0,0.043946838228640095
5.0,9.0,7.0,-0.008106714295148282
5.0,9.0,8.0,-4.9572992089699786e-06
5.0,9.0,9.0,0.1378494563814818
5.0,9.0,10.0,-0.004156433260080417
5.0,9.0,11.0,5.648377709999153e-09
5.0,9.0,12.0,0.008988084764499388
5.0,9.0,13.0,0.005571062832882168
5.0,9.0,14.0,-1.4366156975285973e-06
5.0,9.0,15.0,0.0001476865409821282
5.0,9.0,16.0,0.02126653761789754
5.0,9.0,17.0,-0.006906244696132449
5.0,9.0,18.0,0.023101451665417605
5.0,9.0,19.0,0.02846184416176023
5.0,9.0,20.0,0.01428895783948253
5.0,9.0,21.0,-5.461311808618863e-07
5.0,10.0,0.0,0.0198769873908744
5.0,10.0,1.0,0.00039004861137742486
5.0,10.0,2.0,0.0012797876860240476
5.0,10.0,3.0,-1.9282913035767457e-07
5.0,10.0,4.0,0.011745814858641623
5.0,10.0,5.0,0.016966247546351412
5.0,10.0,6.0,-0.0008574175923178329
5.0,10.0,7.0,0.030327311959268383
5.0,10.0,8.0,-4.957299209261412e-06
5.0,10.0,9.0,-0.002775703188074574
5.0,10.0,10.0,0.14745608697803397
5.0,10.0,11.0,5.648377709999153e-09
5.0,10.0,12.0,-0.001063447384419991
5.0,10.0,13.0,0.0030741643691018505
5.0,10.0,14.0,-1.43660235532578e-06
5.0,10.0,15.0,8.030144871645772e-05
5.0,10.0,16.0,0.025356152629481155
5.0,10.0,17.0,0.029585175299214776
5.0,10.0,18.0,0.00531391170097828
5.0,10.0,19.0,0.005625513193185494
5.0,10.0,20.0,0.00514741834300253
5.0,10.0,21.0,-5.461311809173974e-07
5.0,11.0,0.0,0.012026928692671635
5.0,11.0,1.0,0.00023825135381425055
5.0,11.0,2.0,0.015012557994015074
5.0,11.0,3.0,-1.9282913012175218e-07
5.0,11.0,4.0,0.03835475954628659
5.0,11.0,5.0,-0.003654922772694219
5.0,11.0,6.0,0.015054323958569815
5.0,11.0,7.0,-0.003713449535292651
5.0,11.0,8.0,-4.957299190262721e-06
5.0,11.0,9.0,0.025212043272721807
5.0,11.0,10.0,-0.002794369777418093
5.0,11.0,11.0,0.14285714850081804
5.0,11.0,12.0,0.00841035226296799
5.0,11.0,13.0,0.001840136310723356
5.0,11.0,14.0,-1.436611836792109e-06
5.0,11.0,15.0,4.7011067032781684e-05
5.0,11.0,16.0,0.008797255033216322
5.0,11.0,17.0,-0.000764778753739391
5.0,11.0,18.0,0.029205970652382562
5.0,11.0,19.0,-0.009554468581062958
5.0,11.0,20.0,0.016013857327056402
5.0,11.0,21.0,-5.461311788079737e-07
5.0,12.0,0.0,0.04175473470716273
5.0,12.0,1.0,0.0008075323715018567
5.0,12.0,2.0,0.002674039013305124
5.0,12.0,3.0,-1.9282912944174058e-07
5.0,12.0,4.0,0.000627511205823883
5.0,12.0,5.0,-0.05075376435545823
5.0,12.0,6.0,0.047031801694774555
5.0,12.0,7.0,-0.0493978259058471
5.0,12.0,8.0,-4.957299133606652e-06
5.0,12.0,9.0,-0.005789571434229535
5.0,12.0,10.0,-0.04785566131349148
5.0,12.0,11.0,5.648377696121365e-09
5.0,12.0,12.0,0.15778404993300785
5.0,12.0,13.0,0.006408003044057642
5.0,12.0,14.0,-1.436601030358613e-06
5.0,12.0,15.0,0.00017042882388432212
5.0,12.0,16.0,0.018203502039307373
5.0,12.0,17.0,-0.04749534235132067
5.0,12.0,18.0,0.04477520000093077
5.0,12.0,19.0,0.0062961006309467105
5.0,12.0,20.0,0.013237015024552323
5.0,12.0,21.0,-5.461311725907247e-07
5.0,13.0,0.0,0.002270972428196183
5.0,13.0,1.0,0.018255778013933383
5.0,13.0,2.0,0.0035628811958467455
5.0,13.0,3.0,-1.9282912892826243e-07
5.0,13.0,4.0,0.005801929310219556
5.0,13.0,5.0,0.0292735844177079
5.0,13.0,6.0,-0.00021093736621907722
5.0,13.0,7.0,0.026543870493690724
5.0,13.0,8.0,-4.957299093395762e-06
5.0,13.0,9.0,0.018218256583231673
5.0,13.0,10.0,0.010185923891963988
5.0,13.0,11.0,5.648377696121365e-09
5.0,13.0,12.0,-0.011870964186998512
5.0,13.0,13.0,0.14332496221609822
5.0,13.0,14.0,-1.4365923525738296e-06
5.0,13.0,15.0,0.0038669445554862514
5.0,13.0,16.0,-0.0018149031606082278
5.0,13.0,17.0,0.014117428042994047
5.0,13.0,18.0,-0.005369032810265184
5.0,13.0,19.0,0.0021454221665290762
5.0,13.0,20.0,0.00062583108770492
5.0,13.0,21.0,-5.461311681220771e-07
5.0,14.0,0.0,-0.0005757630833357341
5.0,14.0,1.0,-4.5301768876182535e-06
5.0,14.0,2.0,4.499328387211343e-05
5.0,14.0,3.0,-1.92829129413985e-07
5.0,14.0,4.0,-0.0016280118563750667
5.0,14.0,5.0,-0.00015636566737847746
5.0,14.0,6.0,0.0008476233091597729
5.0,14.0,7.0,-0.000129895617723641
5.0,14.0,8.0,-4.957299127840431e-06
5.0,14.0,9.0,-0.00011089665150856853
5.0,14.0,10.0,2.063836659632612e-05
5.0,14.0,11.0,5.648377709999153e-09
5.0,14.0,12.0,0.00014825346072278034
5.0,14.0,13.0,8.957519316052376e-05
5.0,14.0,14.0,-1.4366195298368e-06
5.0,14.0,15.0,-1.4556326641546047e-06
5.0,14.0,16.0,0.0005263394229144125
5.0,14.0,17.0,-0.00019839189249114264
5.0,14.0,18.0,0.00022727700442554122
5.0,14.0,19.0,0.00017941447916314246
5.0,14.0,20.0,0.0004709733117164716
5.0,14.0,21.0,-5.461311719245909e-07
5.0,15.0,0.0,0.03249632145727355
5.0,15.0,1.0,0.026902115909460372
5.0,15.0,2.0,0.027798109980122554
5.0,15.0,3.0,-1.9282912877560676e-07
5.0,15.0,4.0,-0.0010358120588171427
5.0,15.0,5.0,-0.007904649547078979
5.0,15.0,6.0,0.031086289788364585
5.0,15.0,7.0,-0.0066757816663650105
5.0,15.0,8.0,-4.9572990821616925e-06
5.0,15.0,9.0,-0.004507059301020078
5.0,15.0,10.0,-0.0024324510204964955
5.0,15.0,11.0,5.648377696121365e-09
5.0,15.0,12.0,0.0019482914923028283
5.0,15.0,13.0,0.00499105315008222
5.0,15.0,14.0,-1.4365971110901708e-06
5.0,15.0,15.0,0.14856225959706276
5.0,15.0,16.0,0.0006698843133265964
5.0,15.0,17.0,-0.01077110458683659
5.0,15.0,18.0,0.006007054285008473
5.0,15.0,19.0,0.0008066498512642184
5.0,15.0,20.0,0.005626308902250021
5.0,15.0,21.0,-5.461311669008317e-07
5.0,16.0,0.0,0.016984542848370587
5.0,16.0,1.0,0.0003314871681807108
5.0,16.0,2.0,0.0011381032784258394
5.0,16.0,3.0,-1.9282913053808581e-07
5.0,16.0,4.0,0.03839667181880796
5.0,16.0,5.0,-0.005464380842174932
5.0,16.0,6.0,0.009999598437754331
5.0,16.0,7.0,-0.0054361555504548464
5.0,16.0,8.0,-4.957299225769041e-06
5.0,16.0,9.0,-0.002469697299134571
5.0,16.0,10.0,-0.0037870236616822095
5.0,16.0,11.0,5.648377723876941e-09
5.0,16.0,12.0,0.011088601062708453
5.0,16.0,13.0,0.0027140408856246023
5.0,16.0,14.0,-1.4366128546768828e-06
5.0,16.0,15.0,7.031355615028101e-05
5.0,16.0,16.0,0.14988868776382736
5.0,16.0,17.0,-0.0031943995936346767
5.0,16.0,18.0,0.04511040484849377
5.0,16.0,19.0,0.04019997878974807
5.0,16.0,20.0,0.014417467426415587
5.0,16.0,21.0,-5.461311827215098e-07
5.0,17.0,0.0,0.012173417830215638
5.0,17.0,1.0,0.00023872562217716609
5.0,17.0,2.0,0.0008095333678716232
5.0,17.0,3.0,-1.9282912847029543e-07
5.0,17.0,4.0,-0.011631618231450591
5.0,17.0,5.0,-0.01546420665416974
5.0,17.0,6.0,0.0007176253004143596
5.0,17.0,7.0,-0.010036546727604706
5.0,17.0,8.0,-4.957299055398379e-06
5.0,17.0,9.0,-0.0017581080068428678
5.0,17.0,10.0,-0.004292782046050325
5.0,17.0,11.0,5.648377709999153e-09
5.0,17.0,12.0,0.0016528909712915374
5.0,17.0,13.0,0.001935320805865559
5.0,17.0,14.0,-1.436575330411728e-06
5.0,17.0,15.0,4.9566717746085676e-05
5.0,17.0,16.0,0.0007443415076185955
5.0,17.0,17.0,-0.048117661479044
5.0,17.0,18.0,0.0006466099561380778
5.0,17.0,19.0,-0.0023259808688224637
5.0,17.0,20.0,0.0007873721141205547
5.0,17.0,21.0,-5.461311639587407e-07
5.0,18.0,0.0,0.026598459702578348
5.0,18.0,1.0,0.0005189122286016201
5.0,18.0,2.0,0.0017007999139815044
5.0,18.0,3.0,-1.9282912980256306e-07
5.0,18.0,4.0,0.01754414993891268
5.0,18.0,5.0,-0.012940894786561963
5.0,18.0,6.0,0.010856422119376541
5.0,18.0,7.0,-0.011987609197904536
5.0,18.0,8.0,-4.9572991646304465e-06
5.0,18.0,9.0,-0.003686965734151171
5.0,18.0,10.0,-0.009058117117225484
5.0,18.0,11.0,5.648377709999153e-09
5.0,18.0,12.0,0.026069343879998153
5.0,18.0,13.0,0.00408490030482761
5.0,18.0,14.0,-1.436607172199183e-06
5.0,18.0,15.0,0.00010741762723845416
5.0,18.0,16.0,0.005804343316921923
5.0,18.0,17.0,-0.014840374642240382
5.0,18.0,18.0,0.155503047543967
5.0,18.0,19.0,0.0024711734092448534
5.0,18.0,20.0,0.029717265681726224
5.0,18.0,21.0,-5.46131175976905e-07
5.0,19.0,0.0,0.017485053763239167
5.0,19.0,1.0,0.00034324400272867095
5.0,19.0,2.0,0.0011189533663109874
5.0,19.0,3.0,-1.9282913028828563e-07
5.0,19.0,4.0,0.028204656730563105
5.0,19.0,5.0,-0.0039706403512042715
5.0,19.0,6.0,0.006009721232605292
5.0,19.0,7.0,-0.0038492181600478237
5.0,19.0,8.0,-4.9572992053062426e-06
5.0,19.0,9.0,-0.002427425472684819
5.0,19.0,10.0,-0.0020131581895541095
5.0,19.0,11.0,5.648377709999153e-09
5.0,19.0,12.0,0.00456081588706625
5.0,19.0,13.0,0.002691317216240552
5.0,19.0,14.0,-1.4366098679725332e-06
5.0,19.0,15.0,6.999214852906888e-05
5.0,19.0,16.0,0.00455354854115636
5.0,19.0,17.0,-0.0025612140182712587
5.0,19.0,18.0,0.008864145334924967
5.0,19.0,19.0,0.14663763232436727
5.0,19.0,20.0,0.007188707450331455
5.0,19.0,21.0,-5.461311804455526e-07
5.0,20.0,0.0,0.006684111461998321
5.0,20.0,1.0,0.00014593202600152178
5.0,20.0,2.0,0.00044427113557693465
5.0,20.0,3.0,-1.9282912899765137e-07
5.0,20.0,4.0,-0.002543485744161189
5.0,20.0,5.0,-0.001693947181179531
5.0,20.0,6.0,0.000611523026985139
5.0,20.0,7.0,-0.0014279698538766927
5.0,20.0,8.0,-4.95729909742032e-06
5.0,20.0,9.0,-0.000976677799540887
5.0,20.0,10.0,-0.00045805631481843356
5.0,20.0,11.0,5.648377709999153e-09
5.0,20.0,12.0,0.00030366475145540694
5.0,20.0,13.0,0.001089801096649301
5.0,20.0,14.0,-1.4365864910129102e-06
5.0,20.0,15.0,2.457739462516373e-05
5.0,20.0,16.0,0.0005240057885905203
5.0,20.0,17.0,-0.0024422879754708443
5.0,20.0,18.0,0.00048200342564896914
5.0,20.0,19.0,-0.0001950104321876145
5.0,20.0,20.0,0.14371349888162555
5.0,20.0,21.0,-5.461311685939219e-07
5.0,21.0,0.0,0.053411074544443604
5.0,21.0,1.0,0.0010393117546842745
5.0,21.0,2.0,0.0034016926204704923
5.0,21.0,3.0,-1.9282913006624103e-07
5.0,21.0,4.0,-0.00593952550432586
5.0,21.0,5.0,-0.012092148515532725
5.0,21.0,6.0,-0.0002740666909966105
5.0,21.0,7.0,-0.010358032909215498
5.0,21.0,8.0,-4.957299184760178e-06
5.0,21.0,9.0,-0.007367948235909749
5.0,21.0,10.0,-0.0033721225415981326
5.0,21.0,11.0,5.648377709999153e-09
5.0,21.0,12.0,0.0013514164384014205
5.0,21.0,13.0,0.008167294651948709
5.0,21.0,14.0,-1.4366006939503526e-06
5.0,21.0,15.0,0.00021748906530866252
5.0,21.0,16.0,0.00022323941495666633
5.0,21.0,17.0,-0.017339664054738906
5.0,21.0,18.0,0.001007037136856015
5.0,21.0,19.0,-0.005762449208221887
5.0,21.0,20.0,0.007155749035853642
5.0,21.0,21.0,0.14285657035302587
6.0,0.0,0.0,-0.1520308221462654
6.0,0.0,1.0,-0.0019267309487873696
6.0,0.0,2.0,-0.04103688880337625
6.0,0.0,3.0,-1.9323706963725318e-07
6.0,0.0,4.0,0.01840418788050391
6.0,0.0,5.0,0.012252397672896737
6.0,0.0,6.0,0.0055435879686995815
6.0,0.0,7.0,0.0282911304761128
6.0,0.0,8.0,-4.966247274446056e-06
6.0,0.0,9.0,0.020356762890739843
6.0,0.0,10.0,0.002082742392483683
6.0,0.0,11.0,5.690669740987531e-09
6.0,0.0,12.0,0.0030080813877503554
6.0,0.0,13.0,-0.023330047802647857
6.0,0.0,14.0,-0.012680230450264673
6.0,0.0,15.0,-0.0001243595563050759
6.0,0.0,16.0,0.02023435588919567
6.0,0.0,17.0,0.00490441600887119
6.0,0.0,18.0,0.003781840538131423
6.0,0.0,19.0,0.042018953826665484
6.0,0.0,20.0,-0.020038082820690972
6.0,0.0,21.0,-1.7588933237389082e-06
6.0,1.0,0.0,0.01908259332094009
6.0,1.0,1.0,0.14366503828488958
6.0,1.0,2.0,0.028033391955960885
6.0,1.0,3.0,-1.9323706863805246e-07
6.0,1.0,4.0,-0.0017597506610361746
6.0,1.0,5.0,-0.005141136993000922
6.0,1.0,6.0,0.0005954716082553491
6.0,1.0,7.0,-0.0040417497466640195
6.0,1.0,8.0,-4.966247193601003e-06
6.0,1.0,9.0,-0.002702816012328746
6.0,1.0,10.0,-0.0013487582562382583
6.0,1.0,11.0,5.690669727109743e-09
6.0,1.0,12.0,7.255894163563092e-05
6.0,1.0,13.0,0.003063048516242256
6.0,1.0,14.0,0.0016274350444452357
6.0,1.0,15.0,0.00919043878158228
6.0,1.0,16.0,-0.0026362376595900905
6.0,1.0,17.0,-0.0012897506297198241
6.0,1.0,18.0,0.000530212902222077
6.0,1.0,19.0,-0.005394841516272508
6.0,1.0,20.0,0.003001484395732501
6.0,1.0,21.0,-1.7588932950951541e-06
6.0,2.0,0.0,0.04061984599668489
6.0,2.0,1.0,0.0005125300707003455
6.0,2.0,2.0,0.1536710808751146
6.0,2.0,3.0,-1.9323707078910957e-07
6.0,2.0,4.0,-0.004868974668078896
6.0,2.0,5.0,-0.026906970278178594
6.0,2.0,6.0,-3.8651980619808235e-05
6.0,2.0,7.0,-0.009729237982114308
6.0,2.0,8.0,-4.966247373207333e-06
6.0,2.0,9.0,-0.0054153798233751715
6.0,2.0,10.0,-0.00674406662175242
6.0,2.0,11.0,5.690669740987531e-09
6.0,2.0,12.0,0.0019857197491650602
6.0,2.0,13.0,0.006209446476138941
6.0,2.0,14.0,0.0033783514768285366
6.0,2.0,15.0,3.172405203895334e-05
6.0,2.0,16.0,-0.005303248404496308
6.0,2.0,17.0,-0.005404326114749655
6.0,2.0,18.0,0.004043961864855519
6.0,2.0,19.0,-0.010890234449725478
6.0,2.0,20.0,0.006342514149419887
6.0,2.0,21.0,-1.7588933587109334e-06
6.0,3.0,0.0,0.03805159192340657
6.0,3.0,1.0,0.0004793026470085726
6.0,3.0,2.0,0.010335839716633988
6.0,3.0,3.0,0.14285694961673964
6.0,3.0,4.0,0.03197970770479425
6.0,3.0,5.0,-0.004365937443127271
6.0,3.0,6.0,0.005818227756304195
6.0,3.0,7.0,-0.007519700423200132
6.0,3.0,8.0,-4.966247260512757e-06
6.0,3.0,9.0,-0.005086648594365056
6.0,3.0,10.0,-0.002618225487298287
6.0,3.0,11.0,5.690669740987531e-09
6.0,3.0,12.0,0.00636457415095365
6.0,3.0,13.0,0.0058297824463001136
6.0,3.0,14.0,-0.001360774782917254
6.0,3.0,15.0,2.9718455289901025e-05
6.0,3.0,16.0,-0.0005850223601496785
6.0,3.0,17.0,-0.0017212801637944836
6.0,3.0,18.0,0.006291511991030535
6.0,3.0,19.0,0.027453471484138903
6.0,3.0,20.0,0.022014635707284236
6.0,3.0,21.0,-1.7588933187984157e-06
6.0,4.0,0.0,0.020545053099600863
6.0,4.0,1.0,0.00026119454963013933
6.0,4.0,2.0,0.0054870250976580826
6.0,4.0,3.0,-1.9323707031726478e-07
6.0,4.0,4.0,0.1559958062349881
6.0,4.0,5.0,-0.0074757138234531895
6.0,4.0,6.0,0.031513455294856385
6.0,4.0,7.0,-0.00584445529084146
6.0,4.0,8.0,-4.966247333072771e-06
6.0,4.0,9.0,-0.002766899208336948
6.0,4.0,10.0,-0.009157484360107382
6.0,4.0,11.0,5.690669740987531e-09
6.0,4.0,12.0,0.031036548884156634
6.0,4.0,13.0,0.003171647427702151
6.0,4.0,14.0,-0.01816433272149176
6.0,4.0,15.0,1.5563251424446922e-05
6.0,4.0,16.0,0.017021447221989255
6.0,4.0,17.0,-0.002781315914764715
6.0,4.0,18.0,0.03115284922925532
6.0,4.0,19.0,0.016583209311259506
6.0,4.0,20.0,0.03214144639185562
6.0,4.0,21.0,-1.7588933445000787e-06
6.0,5.0,0.0,0.04091630334212504
6.0,5.0,1.0,0.0005140385713916229
6.0,5.0,2.0,0.01134080034861984
6.0,5.0,3.0,-1.9323706001994623e-07
6.0,5.0,4.0,-0.004728373794466834
6.0,5.0,5.0,-0.1584784404601849
6.0,5.0,6.0,0.008048398786320854
6.0,5.0,7.0,-0.02207329496620808
6.0,5.0,8.0,-4.966246544287067e-06
6.0,5.0,9.0,-0.005531787202915639
6.0,5.0,10.0,-0.04116550859488627
6.0,5.0,11.0,5.690669685476379e-09
6.0,5.0,12.0,0.017502354778639678
6.0,5.0,13.0,0.006327227844959371
6.0,5.0,14.0,0.003425049005841091
6.0,5.0,15.0,3.212670942645546e-05
6.0,5.0,16.0,-0.0049069137985764955
6.0,5.0,17.0,-0.028170209782119662
6.0,5.0,18.0,0.03213776676843841
6.0,5.0,19.0,-0.009549017681168781
6.0,5.0,20.0,0.012281683020702316
6.0,5.0,21.0,-1.7588930651402102e-06
6.0,6.0,0.0,0.03011655094759602
6.0,6.0,1.0,0.0003785540600196313
6.0,6.0,2.0,0.008292930016878086
6.0,6.0,3.0,-1.9323706981766442e-07
6.0,6.0,4.0,0.027214256390446556
6.0,6.0,5.0,-0.004393807813578454
6.0,6.0,6.0,0.1481016368428299
6.0,6.0,7.0,-0.0063528865945689655
6.0,6.0,8.0,-4.966247289905912e-06
6.0,6.0,9.0,-0.004053294201212587
6.0,6.0,10.0,-0.0033598022790361504
6.0,6.0,11.0,5.690669740987531e-09
6.0,6.0,12.0,0.009421441196773045
6.0,6.0,13.0,0.004639465899062167
6.0,6.0,14.0,-0.0013010917486241391
6.0,6.0,15.0,2.3394860163797326e-05
6.0,6.0,16.0,-0.00025707764167681724
6.0,6.0,17.0,-0.00237532374195204
6.0,6.0,18.0,0.027825848036454964
6.0,6.0,19.0,0.022888427346853812
6.0,6.0,20.0,0.014160645341867173
6.0,6.0,21.0,-1.7588933292067566e-06
6.0,7.0,0.0,0.029258038364980643
6.0,7.0,1.0,0.0003655835415058706
6.0,7.0,2.0,0.008546032228198275
6.0,7.0,3.0,-1.9323706547391684e-07
6.0,7.0,4.0,-0.00389320906808166
6.0,7.0,5.0,-0.030007372092269335
6.0,7.0,6.0,0.00044179045587044996
6.0,7.0,7.0,-0.12385806612904235
6.0,7.0,8.0,-4.966246940574237e-06
6.0,7.0,9.0,-0.004061381734988573
6.0,7.0,10.0,-0.0076665713645640565
6.0,7.0,11.0,5.690669713231955e-09
6.0,7.0,12.0,0.0025286743714847126
6.0,7.0,13.0,0.0046222483231240785
6.0,7.0,14.0,0.0025726076302327455
6.0,7.0,15.0,2.3119468966409373e-05
6.0,7.0,16.0,-0.003998205766904156
6.0,7.0,17.0,-0.010602347652169997
6.0,7.0,18.0,0.005060751732850838
6.0,7.0,19.0,-0.008242075636771373
6.0,7.0,20.0,0.005486196426022549
6.0,7.0,21.0,-1.758893205500156e-06
6.0,8.0,0.0,0.027197566828081055
6.0,8.0,1.0,0.020641074471456744
6.0,8.0,2.0,0.012128177367872917
6.0,8.0,3.0,-1.9323706985929778e-07
6.0,8.0,4.0,0.012518943717029385
6.0,8.0,5.0,-0.0031619565007786066
6.0,8.0,6.0,0.0395444129497613
6.0,8.0,7.0,-0.003998593872794248
6.0,8.0,8.0,0.142852176279788
6.0,8.0,9.0,0.021189573567044317
6.0,8.0,10.0,0.01424728855638302
6.0,8.0,11.0,5.690669740987531e-09
6.0,8.0,12.0,0.011571804286301418
6.0,8.0,13.0,0.004177990802330778
6.0,8.0,14.0,0.00028694848362201264
6.0,8.0,15.0,0.010318701544410364
6.0,8.0,16.0,0.004118448032982225
6.0,8.0,17.0,-0.0010131542024927331
6.0,8.0,18.0,0.009465501154440253
6.0,8.0,19.0,0.00972500382102609
6.0,8.0,20.0,0.007976179394420857
6.0,8.0,21.0,0.03532275018568504
6.0,9.0,0.0,0.03295626991286049
6.0,9.0,1.0,0.00041591744560154353
6.0,9.0,2.0,0.008880949380714043
6.0,9.0,3.0,-1.9323706874907476e-07
6.0,9.0,4.0,0.04267861784326987
6.0,9.0,5.0,-0.004525220614990888
6.0,9.0,6.0,0.027214062542577078
6.0,9.0,7.0,-0.006773922320951295
6.0,9.0,8.0,-4.966247204030161e-06
6.0,9.0,9.0,0.13849924929320248
6.0,9.0,10.0,-0.003323444496784178
6.0,9.0,11.0,5.690669740987531e-09
6.0,9.0,12.0,0.009334954048600103
6.0,9.0,13.0,0.005047999717725765
6.0,9.0,14.0,-0.0030808105715231238
6.0,9.0,15.0,2.5563734608227695e-05
6.0,9.0,16.0,0.018962266094388558
6.0,9.0,17.0,-0.001884994258332287
6.0,9.0,18.0,0.012963554573785008
6.0,9.0,19.0,0.04455614958718518
6.0,9.0,20.0,0.013724162541601415
6.0,9.0,21.0,-1.7588932988144013e-06
6.0,10.0,0.0,0.023318013287562556
6.0,10.0,1.0,0.0002927256587240967
6.0,10.0,2.0,0.006548631709737962
6.0,10.0,3.0,-1.9323706984542e-07
6.0,10.0,4.0,0.0025579104181699397
6.0,10.0,5.0,0.017242161315353888
6.0,10.0,6.0,-0.001009846955612348
6.0,10.0,7.0,0.012699735764169481
6.0,10.0,8.0,-4.966247292584325e-06
6.0,10.0,9.0,-0.0031749904524003836
6.0,10.0,10.0,0.1471519604848947
6.0,10.0,11.0,5.690669740987531e-09
6.0,10.0,12.0,-0.0014012103840977952
6.0,10.0,13.0,0.003626728074061114
6.0,10.0,14.0,0.001311236533552182
6.0,10.0,15.0,1.7997775050224152e-05
6.0,10.0,16.0,0.01941312699859632
6.0,10.0,17.0,0.01884246087442104
6.0,10.0,18.0,-0.0017889944236798433
6.0,10.0,19.0,-0.0025324219489329947
6.0,10.0,20.0,0.0037122253294678
6.0,10.0,21.0,-1.7588933301504461e-06
6.0,11.0,0.0,0.013775057557310566
6.0,11.0,1.0,0.00017409402202431257
6.0,11.0,2.0,0.02766795480359513
6.0,11.0,3.0,-1.9323706872131918e-07
6.0,11.0,4.0,0.027047147324106013
6.0,11.0,5.0,-0.006473071051615931
6.0,11.0,6.0,0.0067440974132213505
6.0,11.0,7.0,-0.003390785408324784
6.0,11.0,8.0,-4.966247200810514e-06
6.0,11.0,9.0,0.005639381655644177
6.0,11.0,10.0,-0.00320282196357069
6.0,11.0,11.0,0.1428571485382148
6.0,11.0,12.0,0.007247683861080656
6.0,11.0,13.0,0.0020923242153750854
6.0,11.0,14.0,-0.0024765034296313215
6.0,11.0,15.0,9.94152487496236e-06
6.0,11.0,16.0,0.00271258459727583
6.0,11.0,17.0,-0.0018387418004063572
6.0,11.0,18.0,0.013651957300729878
6.0,11.0,19.0,-0.0020320346023299796
6.0,11.0,20.0,0.02654185743486298
6.0,11.0,21.0,-1.7588932976764227e-06
6.0,12.0,0.0,0.02993185715854485
6.0,12.0,1.0,0.00037969669418538854
6.0,12.0,2.0,0.008158814481666832
6.0,12.0,3.0,-1.9323706874907476e-07
6.0,12.0,4.0,-0.005025445101701775
6.0,12.0,5.0,-0.034860461779782775
6.0,12.0,6.0,0.011600355701820997
6.0,12.0,7.0,-0.01862278908818049
6.0,12.0,8.0,-4.966247200539897e-06
6.0,12.0,9.0,-0.004094125080060157
6.0,12.0,10.0,-0.04380276619403589
6.0,12.0,11.0,5.690669740987531e-09
6.0,12.0,12.0,0.14851704012918696
6.0,12.0,13.0,0.004680438553909733
6.0,12.0,14.0,0.0026485943322849537
6.0,12.0,15.0,2.341631679238232e-05
6.0,12.0,16.0,-0.004301128719930464
6.0,12.0,17.0,-0.037386812053650714
6.0,12.0,18.0,0.01894432420106748
6.0,12.0,19.0,-0.006146479688849571
6.0,12.0,20.0,0.008581777554191872
6.0,12.0,21.0,-1.7588932975376448e-06
6.0,13.0,0.0,0.005947409501209533
6.0,13.0,1.0,0.011883524550654084
6.0,13.0,2.0,0.0034588895327190006
6.0,13.0,3.0,-1.9323707015073133e-07
6.0,13.0,4.0,0.004898746175223012
6.0,13.0,5.0,0.03464059434753711
6.0,13.0,6.0,0.0008189798193322106
6.0,13.0,7.0,0.037106993450631634
6.0,13.0,8.0,-4.966247319763972e-06
6.0,13.0,9.0,0.015763312436105015
6.0,13.0,10.0,0.00950942063313076
6.0,13.0,11.0,5.690669740987531e-09
6.0,13.0,12.0,-0.005929143611268867
6.0,13.0,13.0,0.14374573044332764
6.0,13.0,14.0,-0.00020328774119515725
6.0,13.0,15.0,0.0007587278883297993
6.0,13.0,16.0,0.001803806343643105
6.0,13.0,17.0,0.007895923909563937
6.0,13.0,18.0,-0.006306172001355345
6.0,13.0,19.0,0.004117485832047463
6.0,13.0,20.0,0.0003998242143948838
6.0,13.0,21.0,-1.7588933397816309e-06
6.0,14.0,0.0,-0.0012939366895623472
6.0,14.0,1.0,-1.6724222017094892e-05
6.0,14.0,2.0,-0.0009647747643902749
6.0,14.0,3.0,-1.9323706935969742e-07
6.0,14.0,4.0,-0.03357057765126037
6.0,14.0,5.0,0.0018040900738800492
6.0,14.0,6.0,-0.006951802946322971
6.0,14.0,7.0,0.0010396154678394137
6.0,14.0,8.0,-4.9662472524497625e-06
6.0,14.0,9.0,0.0003379425783996415
6.0,14.0,10.0,0.0025881848289905363
6.0,14.0,11.0,5.690669740987531e-09
6.0,14.0,12.0,-0.008862282278711858
6.0,14.0,13.0,-0.0003545138352443189
6.0,14.0,14.0,0.14683323837484905
6.0,14.0,15.0,-2.7887574469281917e-06
6.0,14.0,16.0,-0.003871422890541071
6.0,14.0,17.0,0.0010692844621260356
6.0,14.0,18.0,-0.01928107194296451
6.0,14.0,19.0,0.017433925635630676
6.0,14.0,20.0,-0.009558977179454586
6.0,14.0,21.0,-1.758893315967347e-06
6.0,15.0,0.0,0.03487277366099517
6.0,15.0,1.0,0.009598261136081587
6.0,15.0,2.0,0.037660670813121355
6.0,15.0,3.0,-1.9323706826335219e-07
6.0,15.0,4.0,-0.0002198731631616324
6.0,15.0,5.0,-0.007643061600560691
6.0,15.0,6.0,0.017653902438701796
6.0,15.0,7.0,-0.007067338021933364
6.0,15.0,8.0,-4.96624716595645e-06
6.0,15.0,9.0,-0.004729647910140078
6.0,15.0,10.0,-0.002100832823513199
6.0,15.0,11.0,5.690669740987531e-09
6.0,15.0,12.0,0.0010829395807855358
6.0,15.0,13.0,0.005408392394454231
6.0,15.0,14.0,0.0024579006448563756
6.0,15.0,15.0,0.1434706343012116
6.0,15.0,16.0,-0.004211663593219117
6.0,15.0,17.0,-0.002112986820323917
6.0,15.0,18.0,0.0036966189417647066
6.0,15.0,19.0,-0.005836712219385531
6.0,15.0,20.0,0.006172892970647936
6.0,15.0,21.0,-1.7588932853251915e-06
6.0,16.0,0.0,0.0443203153999836
6.0,16.0,1.0,0.0005590790346536867
6.0,16.0,2.0,0.01184659828245821
6.0,16.0,3.0,-1.932370682355966e-07
6.0,16.0,4.0,0.01579339163201393
6.0,16.0,5.0,-0.004784701835453181
6.0,16.0,6.0,0.0026694494794330947
6.0,16.0,7.0,-0.008626068557504543
6.0,16.0,8.0,-4.966247160599624e-06
6.0,16.0,9.0,-0.00587236657309842
6.0,16.0,10.0,-0.0024901167145584546
6.0,16.0,11.0,5.690669740987531e-09
6.0,16.0,12.0,0.005403214928013184
6.0,16.0,13.0,0.006738069755551052
6.0,16.0,14.0,0.00106495407082835
6.0,16.0,15.0,3.4595015744667834e-05
6.0,16.0,16.0,0.13954407189489992
6.0,16.0,17.0,-0.0022459021577891647
6.0,16.0,18.0,0.015336410678616852
6.0,16.0,19.0,0.014067149714839411
6.0,16.0,20.0,0.011812005409902626
6.0,16.0,21.0,-1.7588932834378124e-06
6.0,17.0,0.0,0.02625656660011899
6.0,17.0,1.0,0.00033004097466107774
6.0,17.0,2.0,0.007402995577755811
6.0,17.0,3.0,-1.932370640445047e-07
6.0,17.0,4.0,-0.016798405387526527
6.0,17.0,5.0,-0.023304035986898425
6.0,17.0,6.0,-0.002376509844107977
6.0,17.0,7.0,-0.0199249776331884
6.0,17.0,8.0,-4.966246823667753e-06
6.0,17.0,9.0,-0.003600354766984032
6.0,17.0,10.0,-0.005273674148891572
6.0,17.0,11.0,5.690669713231955e-09
6.0,17.0,12.0,-0.0006595988213814186
6.0,17.0,13.0,0.004109142833194607
6.0,17.0,14.0,0.003927657179283603
6.0,17.0,15.0,2.0455548663103618e-05
6.0,17.0,16.0,-0.00517683425943391
6.0,17.0,17.0,-0.1143267400685906
6.0,17.0,18.0,0.0012544871735382518
6.0,17.0,19.0,-0.00912781009218877
6.0,17.0,20.0,0.002395253943011766
6.0,17.0,21.0,-1.7588931640888372e-06
6.0,18.0,0.0,0.029249628838727726
6.0,18.0,1.0,0.0003686632395902556
6.0,18.0,2.0,0.008091105752952132
6.0,18.0,3.0,-1.9323706786089634e-07
6.0,18.0,4.0,0.0018972247660177244
6.0,18.0,5.0,-0.008260596881206173
6.0,18.0,6.0,0.0022806406562647097
6.0,18.0,7.0,-0.007846651430152063
6.0,18.0,8.0,-4.966247130304413e-06
6.0,18.0,9.0,-0.003971159871774488
6.0,18.0,10.0,-0.008375933877935504
6.0,18.0,11.0,5.690669727109743e-09
6.0,18.0,12.0,0.02669011759720069
6.0,18.0,13.0,0.004540813752467204
6.0,18.0,14.0,0.0017802651708174327
6.0,18.0,15.0,2.2797228857493468e-05
6.0,18.0,16.0,-0.0032844487136083067
6.0,18.0,17.0,-0.007431282500158232
6.0,18.0,18.0,0.1467031561836396
6.0,18.0,19.0,-0.0070460962365821445
6.0,18.0,20.0,0.03511003548989183
6.0,18.0,21.0,-1.7588932726964046e-06
6.0,19.0,0.0,0.013147670537399736
6.0,19.0,1.0,0.00016366349044846795
6.0,19.0,2.0,0.003725445014583606
6.0,19.0,3.0,-1.9323706966500875e-07
6.0,19.0,4.0,0.024555102591636957
6.0,19.0,5.0,-0.001976307294803775
6.0,19.0,6.0,0.004641070564100291
6.0,19.0,7.0,-0.0027926767976542283
6.0,19.0,8.0,-4.9662472800457436e-06
6.0,19.0,9.0,-0.0017873133108204098
6.0,19.0,10.0,-0.0016822691356507824
6.0,19.0,11.0,5.690669740987531e-09
6.0,19.0,12.0,0.00480028987247938
6.0,19.0,13.0,0.0020394275611067547
6.0,19.0,14.0,-0.002120543571996897
6.0,19.0,15.0,9.656740976846101e-06
6.0,19.0,16.0,0.0014086028876201528
6.0,19.0,17.0,-0.0007817532152715467
6.0,19.0,18.0,0.00482555166551904
6.0,19.0,19.0,0.1426678007178966
6.0,19.0,20.0,0.006475801894460453
6.0,19.0,21.0,-1.758893325709554e-06
6.0,20.0,0.0,0.005296426354080008
6.0,20.0,1.0,7.016122785433176e-05
6.0,20.0,2.0,0.0008642112731706564
6.0,20.0,3.0,-1.932370683604967e-07
6.0,20.0,4.0,-0.0012593802005338994
6.0,20.0,5.0,-0.0005390244031973912
6.0,20.0,6.0,8.69341094236753e-05
6.0,20.0,7.0,-0.0009407149707872375
6.0,20.0,8.0,-4.9662471699810085e-06
6.0,20.0,9.0,-0.0006512828992129849
6.0,20.0,10.0,0.00010850498143061271
6.0,20.0,11.0,5.690669727109743e-09
6.0,20.0,12.0,1.0520077429937436e-05
6.0,20.0,13.0,0.0007639178521550993
6.0,20.0,14.0,0.0003894088605069651
6.0,20.0,15.0,2.8746599236018078e-06
6.0,20.0,16.0,-0.0005991361241987625
6.0,20.0,17.0,-0.00014267976540342786
6.0,20.0,18.0,-0.0001336321664703738
6.0,20.0,19.0,-0.0012360794850956314
6.0,20.0,20.0,0.14402933877669583
6.0,20.0,21.0,-1.7588932866852147e-06
6.0,21.0,0.0,0.021360950071250384
6.0,21.0,1.0,0.0002694770239335953
6.0,21.0,2.0,0.005754689448122019
6.0,21.0,3.0,-1.9323706920704176e-07
6.0,21.0,4.0,-0.0026211387273188946
6.0,21.0,5.0,-0.0017298769636355238
6.0,21.0,6.0,-0.0007644304170316141
6.0,21.0,7.0,-0.003980539565993035
6.0,21.0,8.0,-4.966247240556498e-06
6.0,21.0,9.0,-0.0028666672619979128
6.0,21.0,10.0,-0.00027981093029211257
6.0,21.0,11.0,5.690669740987531e-09
6.0,21.0,12.0,-0.0004178059620150443
6.0,21.0,13.0,0.0032839093489386295
6.0,21.0,14.0,0.001781389959982338
6.0,21.0,15.0,1.621200850066007e-05
6.0,21.0,16.0,-0.0028460729011489105
6.0,21.0,17.0,-0.0006882031111898751
6.0,21.0,18.0,-0.0005338435150739895
6.0,21.0,19.0,-0.005916629791794026
6.0,21.0,20.0,0.0029143530530716943
6.0,21.0,21.0,0.1428553434846893
7.0,0.0,0.0,-0.15283629953108824
7.0,0.0,1.0,-0.002256861004869354
7.0,0.0,2.0,-0.03567746104840691
7.0,0.0,3.0,-1.9392437050624878e-07
7.0,0.0,4.0,0.008063479340739033
7.0,0.0,5.0,0.03980621078870636
7.0,0.0,6.0,0.0013703610846473868
7.0,0.0,7.0,0.01138333771375441
7.0,0.0,8.0,-4.9734493333952745e-06
7.0,0.0,9.0,0.015298355870897756
7.0,0.0,10.0,0.0029235090673543074
7.0,0.0,11.0,5.773181391277582e-09
7.0,0.0,12.0,0.0014010956538299535
7.0,0.0,13.0,-0.017040907201173794
7.0,0.0,14.0,-0.00011743015287389061
7.0,0.0,15.0,-0.00033159103208253715
7.0,0.0,16.0,0.0011101037198913422
7.0,0.0,17.0,0.02156992438280811
7.0,0.0,18.0,-0.006903941611008935
7.0,0.0,19.0,0.03966434957952458
7.0,0.0,20.0,-0.016814341186748738
7.0,0.0,21.0,-6.75998427734914e-07
7.0,1.0,0.0,0.0593224999193408
7.0,1.0,1.0,0.14394925257392543
7.0,1.0,2.0,0.034137435474189626
7.0,1.0,3.0,-1.939243686743808e-07
7.0,1.0,4.0,-0.0027488688433053854
7.0,1.0,5.0,-0.018572436969208204
7.0,1.0,6.0,0.002271138194947453
7.0,1.0,7.0,-0.005141856203872558
7.0,1.0,8.0,-4.973449179844491e-06
7.0,1.0,9.0,-0.006036270468206789
7.0,1.0,10.0,-0.001404252519933591
7.0,1.0,11.0,5.773181377399794e-09
7.0,1.0,12.0,1.9712197200316695e-05
7.0,1.0,13.0,0.0066941935967853305
7.0,1.0,14.0,-0.000119570532865653
7.0,1.0,15.0,0.021133061821722435
7.0,1.0,16.0,0.0003311126631830863
7.0,1.0,17.0,-0.00911249416897486
7.0,1.0,18.0,0.00395719332885397
7.0,1.0,19.0,-0.01479201364521554
7.0,1.0,20.0,0.007119952048644573
7.0,1.0,21.0,-6.759984068904767e-07
7.0,2.0,0.0,0.03371144559112638
7.0,2.0,1.0,0.0004965431371393436
7.0,2.0,2.0,0.15016123592702918
7.0,2.0,3.0,-1.939243708254379e-07
7.0,2.0,4.0,-0.0005172263909791197
7.0,2.0,5.0,-0.03004510117350672
7.0,2.0,6.0,0.000610741003909343
7.0,2.0,7.0,-0.0071592299624848865
7.0,2.0,8.0,-4.973449357424664e-06
7.0,2.0,9.0,-0.003383577063682114
7.0,2.0,10.0,-0.0025679399644285283
7.0,2.0,11.0,5.773181391277582e-09
7.0,2.0,12.0,0.0016541183195023235
7.0,2.0,13.0,0.0037600298471568427
7.0,2.0,14.0,-0.00011950615619462703
7.0,2.0,15.0,7.096374313290965e-05
7.0,2.0,16.0,0.0017368683387579686
7.0,2.0,17.0,-0.009455011027550073
7.0,2.0,18.0,0.007171566028143506
7.0,2.0,19.0,-0.008030751261691893
7.0,2.0,20.0,0.005362823111385695
7.0,2.0,21.0,-6.759984309823164e-07
7.0,3.0,0.0,0.01794694461826729
7.0,3.0,1.0,0.000265097014963106
7.0,3.0,2.0,0.004322397393374033
7.0,3.0,3.0,0.14285694890527484
7.0,3.0,4.0,0.03199952661195782
7.0,3.0,5.0,-0.006278709399178212
7.0,3.0,6.0,0.004418306757858148
7.0,3.0,7.0,-0.002998928872241402
7.0,3.0,8.0,-4.973449201327307e-06
7.0,3.0,9.0,-0.0018414350730383833
7.0,3.0,10.0,-0.0018963500364935215
7.0,3.0,11.0,5.773181391277582e-09
7.0,3.0,12.0,0.0077580121698848925
7.0,3.0,13.0,0.002038582742177386
7.0,3.0,14.0,-0.00011966134426169325
7.0,3.0,15.0,3.753982741627748e-05
7.0,3.0,16.0,0.008730641623510782
7.0,3.0,17.0,-0.0018014058212639794
7.0,3.0,18.0,0.012005756760867015
7.0,3.0,19.0,0.03198994124703919
7.0,3.0,20.0,0.009882521272444045
7.0,3.0,21.0,-6.759984098048122e-07
7.0,4.0,0.0,0.037620284192966924
7.0,4.0,1.0,0.0005516076544415938
7.0,4.0,2.0,0.00927898728082266
7.0,4.0,3.0,-1.9392437171361632e-07
7.0,4.0,4.0,0.16373647809800213
7.0,4.0,5.0,-0.0174433029174983
7.0,4.0,6.0,0.022357083770160102
7.0,4.0,7.0,-0.010987972749378877
7.0,4.0,8.0,-4.97344943298228e-06
7.0,4.0,9.0,-0.0038550581335839995
7.0,4.0,10.0,-0.008459293439131266
7.0,4.0,11.0,5.77318140515537e-09
7.0,4.0,12.0,0.039125716483674716
7.0,4.0,13.0,0.004265539850472344
7.0,4.0,14.0,-0.00011978332968841608
7.0,4.0,15.0,8.078826498836289e-05
7.0,4.0,16.0,0.04324233465646937
7.0,4.0,17.0,-0.001440615230953346
7.0,4.0,18.0,0.0573556163052058
7.0,4.0,19.0,0.03864715514107503
7.0,4.0,20.0,0.024918326541881863
7.0,4.0,21.0,-6.759984413073905e-07
7.0,5.0,0.0,0.017610461992682902
7.0,5.0,1.0,0.00025790710381093374
7.0,5.0,2.0,0.004237255270913176
7.0,5.0,3.0,-1.9392436895193654e-07
7.0,5.0,4.0,0.0035603878943105682
7.0,5.0,5.0,-0.06999248703775696
7.0,5.0,6.0,0.0026599284084015684
7.0,5.0,7.0,-0.015712245603459102
7.0,5.0,8.0,-4.973449200487701e-06
7.0,5.0,9.0,-0.001767116036400701
7.0,5.0,10.0,-0.006455407613056602
7.0,5.0,11.0,5.773181391277582e-09
7.0,5.0,12.0,0.005370383429508185
7.0,5.0,13.0,0.0019612980514639167
7.0,5.0,14.0,-0.0001194815701139414
7.0,5.0,15.0,3.644629200111327e-05
7.0,5.0,16.0,0.0045827860758532735
7.0,5.0,17.0,-0.01705368276508474
7.0,5.0,18.0,0.01880428722470673
7.0,5.0,19.0,-0.002742372277354077
7.0,5.0,20.0,0.0071009050668119356
7.0,5.0,21.0,-6.759984096937899e-07
7.0,6.0,0.0,0.034738504976790985
7.0,6.0,1.0,0.0005089042319569859
7.0,6.0,2.0,0.008538970534355206
7.0,6.0,3.0,-1.9392437083931569e-07
7.0,6.0,4.0,0.014938105870889395
7.0,6.0,5.0,-0.011216859408498828
7.0,6.0,6.0,0.14579822172195206
7.0,6.0,7.0,-0.004696126651194205
7.0,6.0,8.0,-4.9734493587083595e-06
7.0,6.0,9.0,-0.003547644204336148
7.0,6.0,10.0,-0.002359583370691032
7.0,6.0,11.0,5.773181391277582e-09
7.0,6.0,12.0,0.008451452765632667
7.0,6.0,13.0,0.003926875931807183
7.0,6.0,14.0,-0.0001196142710194826
7.0,6.0,15.0,7.43543322423712e-05
7.0,6.0,16.0,0.0046874495264281335
7.0,6.0,17.0,-0.006096186720222066
7.0,6.0,18.0,0.035494294510886704
7.0,6.0,19.0,0.030358278286941764
7.0,6.0,20.0,0.013506048960937656
7.0,6.0,21.0,-6.759984311766054e-07
7.0,7.0,0.0,0.025979910549027152
7.0,7.0,1.0,0.0003755800308198054
7.0,7.0,2.0,0.006475619727966897
7.0,7.0,3.0,-1.939243652465672e-07
7.0,7.0,4.0,-0.00040718786163701504
7.0,7.0,5.0,-0.053049056643983836
7.0,7.0,6.0,0.0014036309120089019
7.0,7.0,7.0,-0.1564645258843884
7.0,7.0,8.0,-4.9734489183592134e-06
7.0,7.0,9.0,-0.0026526666664645204
7.0,7.0,10.0,-0.004650198226927582
7.0,7.0,11.0,5.773181377399794e-09
7.0,7.0,12.0,0.0032265078269674285
7.0,7.0,13.0,0.0029284566882544216
7.0,7.0,14.0,-0.0001194630595600889
7.0,7.0,15.0,5.4377721468157336e-05
7.0,7.0,16.0,0.00282163955202841
7.0,7.0,17.0,-0.047275027262905236
7.0,7.0,18.0,0.012833512285753579
7.0,7.0,19.0,-0.0062613967715267616
7.0,7.0,20.0,0.0065315639321757435
7.0,7.0,21.0,-6.7599837136334e-07
7.0,8.0,0.0,0.03116182823841329
7.0,8.0,1.0,0.0038793467435440654
7.0,8.0,2.0,0.012063026670357357
7.0,8.0,3.0,-1.9392436903520327e-07
7.0,8.0,4.0,0.009928176491499019
7.0,8.0,5.0,-0.014919455235389241
7.0,8.0,6.0,0.03306793945203462
7.0,8.0,7.0,-0.008904283571413846
7.0,8.0,8.0,0.1428521690615904
7.0,8.0,9.0,0.022369416765228245
7.0,8.0,10.0,0.003982854627364474
7.0,8.0,11.0,5.773181391277582e-09
7.0,8.0,12.0,0.029657889708168628
7.0,8.0,13.0,0.0035789491228044312
7.0,8.0,14.0,-0.00011956850245142483
7.0,8.0,15.0,0.024529551191158086
7.0,8.0,16.0,0.012163141428572055
7.0,8.0,17.0,-0.012094361361976197
7.0,8.0,18.0,0.01740620557711603
7.0,8.0,19.0,0.005520272879013244
7.0,8.0,20.0,0.008343002231302077
7.0,8.0,21.0,0.013398847662179691
7.0,9.0,0.0,0.04900515870268851
7.0,9.0,1.0,0.0007246008395614401
7.0,9.0,2.0,0.011500031561307744
7.0,9.0,3.0,-1.9392437068666002e-07
7.0,9.0,4.0,0.03597842785102984
7.0,9.0,5.0,-0.015023186813751706
7.0,9.0,6.0,0.01709453084930479
7.0,9.0,7.0,-0.00599789844176607
7.0,9.0,8.0,-4.973449346100389e-06
7.0,9.0,9.0,0.13800196097493067
7.0,9.0,10.0,-0.0030960522915267907
7.0,9.0,11.0,5.773181391277582e-09
7.0,9.0,12.0,0.010194441564902679
7.0,9.0,13.0,0.005493911574002752
7.0,9.0,14.0,-0.00011971190767110078
7.0,9.0,15.0,0.0001043740732452475
7.0,9.0,16.0,0.03406619031151298
7.0,9.0,17.0,-0.0065312408531106175
7.0,9.0,18.0,0.02470176725970047
7.0,9.0,19.0,0.01609606033814437
7.0,9.0,20.0,0.012120215498341469
7.0,9.0,21.0,-6.759984294557597e-07
7.0,10.0,0.0,0.008900568967132871
7.0,10.0,1.0,0.00012970356798219784
7.0,10.0,2.0,0.0022390925095014946
7.0,10.0,3.0,-1.939243699233817e-07
7.0,10.0,4.0,0.0032560923986942325
7.0,10.0,5.0,0.02517398199837735
7.0,10.0,6.0,-0.00032466375002976333
7.0,10.0,7.0,0.018081906696673034
7.0,10.0,8.0,-4.973449282692777e-06
7.0,10.0,9.0,-0.0009143255079394341
7.0,10.0,10.0,0.14483550438764958
7.0,10.0,11.0,5.77318140515537e-09
7.0,10.0,12.0,0.00016738638447488796
7.0,10.0,13.0,0.0010087684185753343
7.0,10.0,14.0,-0.00011945212138325004
7.0,10.0,15.0,1.790953879481083e-05
7.0,10.0,16.0,0.02849381803972062
7.0,10.0,17.0,0.011736295759726331
7.0,10.0,18.0,0.002519646061093339
7.0,10.0,19.0,-0.00030275154377923386
7.0,10.0,20.0,0.00199783948147908
7.0,10.0,21.0,-6.759984208237757e-07
7.0,11.0,0.0,0.01416388409599334
7.0,11.0,1.0,0.00020744321847590563
7.0,11.0,2.0,0.02666599101342937
7.0,11.0,3.0,-1.9392436988174833e-07
7.0,11.0,4.0,0.03430745224357279
7.0,11.0,5.0,-0.00924115148457802
7.0,11.0,6.0,0.006584799377980788
7.0,11.0,7.0,-0.003972500529026868
7.0,11.0,8.0,-4.973449280937237e-06
7.0,11.0,9.0,0.015961708554469017
7.0,11.0,10.0,-0.0025343263906349722
7.0,11.0,11.0,0.14285714857422288
7.0,11.0,12.0,0.010022260638031327
7.0,11.0,13.0,0.001615842069446094
7.0,11.0,14.0,-0.00011966393741990012
7.0,11.0,15.0,2.9504074837177763e-05
7.0,11.0,16.0,0.012476174220843628
7.0,11.0,17.0,-0.0024918929050570665
7.0,11.0,18.0,0.02265824997778776
7.0,11.0,19.0,-0.022676248582405883
7.0,11.0,20.0,0.031691694609865095
7.0,11.0,21.0,-6.759984206017311e-07
7.0,12.0,0.0,0.04722336639488678
7.0,12.0,1.0,0.0006933908456533688
7.0,12.0,2.0,0.011329893879028385
7.0,12.0,3.0,-1.939243696874593e-07
7.0,12.0,4.0,0.006814199196910342
7.0,12.0,5.0,-0.05242068584626018
7.0,12.0,6.0,0.034152552645267564
7.0,12.0,7.0,-0.04359318283556679
7.0,12.0,8.0,-4.97344926598392e-06
7.0,12.0,9.0,-0.004798301407443639
7.0,12.0,10.0,-0.031911034606351446
7.0,12.0,11.0,5.773181391277582e-09
7.0,12.0,12.0,0.1513148743978954
7.0,12.0,13.0,0.005318988651564577
7.0,12.0,14.0,-0.00011959104696789835
7.0,12.0,15.0,0.00010052426362197608
7.0,12.0,16.0,0.014744062038404226
7.0,12.0,17.0,-0.053222908138913616
7.0,12.0,18.0,0.039147726824696194
7.0,12.0,19.0,-0.0010809337267186359
7.0,12.0,20.0,0.014794410811913794
7.0,12.0,21.0,-6.759984185755741e-07
7.0,13.0,0.0,0.029736171189994387
7.0,13.0,1.0,0.01928165347140301
7.0,13.0,2.0,0.009593084079987102
7.0,13.0,3.0,-1.9392436836906946e-07
7.0,13.0,4.0,-0.0024343613746838355
7.0,13.0,5.0,0.020159416629642823
7.0,13.0,6.0,-0.004320728393385154
7.0,13.0,7.0,0.027178459029338242
7.0,13.0,8.0,-4.973449155579179e-06
7.0,13.0,9.0,0.0026997758973596464
7.0,13.0,10.0,0.00529441232245581
7.0,13.0,11.0,5.773181391277582e-09
7.0,13.0,12.0,-0.01961590736201141
7.0,13.0,13.0,0.14618807599011402
7.0,13.0,14.0,-0.00011948549987475152
7.0,13.0,15.0,0.0028257727503031294
7.0,13.0,16.0,-0.0016286446501503904
7.0,13.0,17.0,0.011335707775203402
7.0,13.0,18.0,-0.008761940478289931
7.0,13.0,19.0,-0.00843409435972764
7.0,13.0,20.0,0.0013025683739993354
7.0,13.0,21.0,-6.759984035875632e-07
7.0,14.0,0.0,2.1656433341288306e-05
7.0,14.0,1.0,-3.928338021680355e-06
7.0,14.0,2.0,0.0003121616096168345
7.0,14.0,3.0,-1.939243614856867e-07
7.0,14.0,4.0,0.0003760997650085751
7.0,14.0,5.0,-5.070343644364428e-05
7.0,14.0,6.0,-8.417835463747636e-05
7.0,14.0,7.0,-2.5163324334609438e-05
7.0,14.0,8.0,-4.973448642538181e-06
7.0,14.0,9.0,-2.8529048360481646e-05
7.0,14.0,10.0,2.4298482990320336e-05
7.0,14.0,11.0,5.7731813496442186e-09
7.0,14.0,12.0,4.3969192734777396e-05
7.0,14.0,13.0,1.8031645018540265e-05
7.0,14.0,14.0,-0.00011978455733145661
7.0,14.0,15.0,-1.0748190604481511e-06
7.0,14.0,16.0,-7.054871016837216e-05
7.0,14.0,17.0,-5.187235941958579e-05
7.0,14.0,18.0,-0.00018112274487458446
7.0,14.0,19.0,-0.0002189119104081816
7.0,14.0,20.0,0.0007151664257344925
7.0,14.0,21.0,-6.759983338933129e-07
7.0,15.0,0.0,0.03808719226991186
7.0,15.0,1.0,0.002036654135647964
7.0,15.0,2.0,0.031263439438916074
7.0,15.0,3.0,-1.9392436738374652e-07
7.0,15.0,4.0,0.00041782166668780096
7.0,15.0,5.0,-0.013550547476601497
7.0,15.0,6.0,0.017834446817973415
7.0,15.0,7.0,-0.0038473271815678556
7.0,15.0,8.0,-4.9734490797023745e-06
7.0,15.0,9.0,-0.0038666475593725214
7.0,15.0,10.0,-0.0012282428229962727
7.0,15.0,11.0,5.773181377399794e-09
7.0,15.0,12.0,0.0010707129324963593
7.0,15.0,13.0,0.004287586529825693
7.0,15.0,14.0,-0.00011952704132740822
7.0,15.0,15.0,0.14315508038206654
7.0,15.0,16.0,0.000655006368291966
7.0,15.0,17.0,-0.006300809998026749
7.0,15.0,18.0,0.006742688637707939
7.0,15.0,19.0,-0.0050699029372784365
7.0,15.0,20.0,0.005924532604572708
7.0,15.0,21.0,-6.759983932902447e-07
7.0,16.0,0.0,0.039813823877832166
7.0,16.0,1.0,0.0005850083007444273
7.0,16.0,2.0,0.009700219936844279
7.0,16.0,3.0,-1.939243712695271e-07
7.0,16.0,4.0,0.02178192069393181
7.0,16.0,5.0,-0.013381878745385926
7.0,16.0,6.0,0.00432612101930574
7.0,16.0,7.0,-0.00591583333848239
7.0,16.0,8.0,-4.973449397517593e-06
7.0,16.0,9.0,-0.004063544659172108
7.0,16.0,10.0,-0.003174505586023446
7.0,16.0,11.0,5.77318140515537e-09
7.0,16.0,12.0,0.01189802316931382
7.0,16.0,13.0,0.00450117577289702
7.0,16.0,14.0,-0.00011965706269655493
7.0,16.0,15.0,8.534139133997698e-05
7.0,16.0,16.0,0.1496322013191228
7.0,16.0,17.0,-0.00722011140336383
7.0,16.0,18.0,0.04910488303495003
7.0,16.0,19.0,0.0031339448062943087
7.0,16.0,20.0,0.01742313863946121
7.0,16.0,21.0,-6.759984364501648e-07
7.0,17.0,0.0,0.011092894541307019
7.0,17.0,1.0,0.00016051581055606667
7.0,17.0,2.0,0.0029486113012203163
7.0,17.0,3.0,-1.9392436656495704e-07
7.0,17.0,4.0,-0.00413558549488896
7.0,17.0,5.0,-0.018310988508557877
7.0,17.0,6.0,-0.00010827559840309586
7.0,17.0,7.0,-0.011492650369484575
7.0,17.0,8.0,-4.973449013748188e-06
7.0,17.0,9.0,-0.0011686990319419721
7.0,17.0,10.0,-0.0014102082617921674
7.0,17.0,11.0,5.773181377399794e-09
7.0,17.0,12.0,0.0001989233716469807
7.0,17.0,13.0,0.001281745971257603
7.0,17.0,14.0,-0.00011936821684359535
7.0,17.0,15.0,2.3143011929405155e-05
7.0,17.0,16.0,3.537079161436418e-05
7.0,17.0,17.0,-0.07466563443332609
7.0,17.0,18.0,0.0029917402296380513
7.0,17.0,19.0,-0.004003036899399681
7.0,17.0,20.0,0.002242601941279676
7.0,17.0,21.0,-6.759983843251938e-07
7.0,18.0,0.0,0.04941717851084271
7.0,18.0,1.0,0.0007277614063066762
7.0,18.0,2.0,0.011969443489582565
7.0,18.0,3.0,-1.9392437168586074e-07
7.0,18.0,4.0,0.03878548581907593
7.0,18.0,5.0,-0.021699475261923097
7.0,18.0,6.0,0.010719655251215487
7.0,18.0,7.0,-0.012322898003142124
7.0,18.0,8.0,-4.9734494309075505e-06
7.0,18.0,9.0,-0.005043378881462862
7.0,18.0,10.0,-0.007887055886399152
7.0,18.0,11.0,5.77318140515537e-09
7.0,18.0,12.0,0.03388531281520507
7.0,18.0,13.0,0.0055896176156882416
7.0,18.0,14.0,-0.00011971945495453173
7.0,18.0,15.0,0.0001062142795998644
7.0,18.0,16.0,0.0129334688284658
7.0,18.0,17.0,-0.013939162554342813
7.0,18.0,18.0,0.16473395649406686
7.0,18.0,19.0,0.0005849566883499024
7.0,18.0,20.0,0.04716964543397384
7.0,18.0,21.0,-6.759984410298348e-07
7.0,19.0,0.0,0.033537879124839076
7.0,19.0,1.0,0.0004980410891818887
7.0,19.0,2.0,0.007555787660128155
7.0,19.0,3.0,-1.9392437031195975e-07
7.0,19.0,4.0,0.016247217092712707
7.0,19.0,5.0,-0.009587911702933778
7.0,19.0,6.0,0.0022118592467809117
7.0,19.0,7.0,-0.003404559437898552
7.0,19.0,8.0,-4.973449314049638e-06
7.0,19.0,9.0,-0.0033349427938483556
7.0,19.0,10.0,-0.0015270555424308219
7.0,19.0,11.0,5.773181391277582e-09
7.0,19.0,12.0,0.003926293710507928
7.0,19.0,13.0,0.0037177578043123827
7.0,19.0,14.0,-0.00011962231604702917
7.0,19.0,15.0,7.007478298791392e-05
7.0,19.0,16.0,0.004353697445166227
7.0,19.0,17.0,-0.004332299525822203
7.0,19.0,18.0,0.007788364348847054
7.0,19.0,19.0,0.13954392636973317
7.0,19.0,20.0,0.0054876326566662414
7.0,19.0,21.0,-6.759984251258899e-07
7.0,20.0,0.0,0.0007493954219262022
7.0,20.0,1.0,1.254185464821811e-05
7.0,20.0,2.0,0.00021452268231131333
7.0,20.0,3.0,-1.9392436712006855e-07
7.0,20.0,4.0,-0.00036517018047788063
7.0,20.0,5.0,-0.00031601853431288685
7.0,20.0,6.0,4.4678314007284836e-05
7.0,20.0,7.0,-8.251009194068515e-05
7.0,20.0,8.0,-4.973449053105594e-06
7.0,20.0,9.0,-0.0001241018201184052
7.0,20.0,10.0,1.2146555519759739e-05
7.0,20.0,11.0,5.773181377399794e-09
7.0,20.0,12.0,0.00013882373654641733
7.0,20.0,13.0,0.0001282501094694577
7.0,20.0,14.0,-0.00011937532197129109
7.0,20.0,15.0,4.063314579666466e-07
7.0,20.0,16.0,0.00045334692188969683
7.0,20.0,17.0,-0.0001575011886196659
7.0,20.0,18.0,1.4203000649359865e-05
7.0,20.0,19.0,-0.00014287975297050393
7.0,20.0,20.0,0.14196333672445133
7.0,20.0,21.0,-6.759983896820199e-07
7.0,21.0,0.0,0.010337780582295064
7.0,21.0,1.0,0.00015446024900950261
7.0,21.0,2.0,0.002379101671565853
7.0,21.0,3.0,-1.9392436767518006e-07
7.0,21.0,4.0,-0.0008254571720049952
7.0,21.0,5.0,-0.0027983864197572428
7.0,21.0,6.0,-3.720364709258739e-05
7.0,21.0,7.0,-0.000797746583669795
7.0,21.0,8.0,-4.973449099526794e-06
7.0,21.0,9.0,-0.0010698352974583547
7.0,21.0,10.0,-0.0001890441106821017
7.0,21.0,11.0,5.773181391277582e-09
7.0,21.0,12.0,1.151096550736086e-05
7.0,21.0,13.0,0.0011846193582542297
7.0,21.0,14.0,-0.00011941598847822247
7.0,21.0,15.0,2.0872717112693784e-05
7.0,21.0,16.0,0.0002633521317626508
7.0,21.0,17.0,-0.0015069325831483932
7.0,21.0,18.0,0.0005230072768998006
7.0,21.0,19.0,-0.0026290221434542294
7.0,21.0,20.0,0.0011185832564761244
7.0,21.0,21.0,0.14282595192887557
8.0,0.0,0.0,-0.16550788820697804
8.0,0.0,1.0,-0.004634386043799427
8.0,0.0,2.0,-0.016664781284930708
8.0,0.0,3.0,-1.945504075062665e-07
8.0,0.0,4.0,0.029299515842866664
8.0,0.0,5.0,0.02932191325104698
8.0,0.0,6.0,-0.0023673095123596943
8.0,0.0,7.0,0.03252745253149929
8.0,0.0,8.0,-4.984954620639026e-06
8.0,0.0,9.0,0.028847106284807134
8.0,0.0,10.0,0.001195164489231293
8.0,0.0,11.0,5.830680355201068e-09
8.0,0.0,12.0,0.005817583710050728
8.0,0.0,13.0,-0.014522564080118136
8.0,0.0,14.0,-0.0145425031077413
8.0,0.0,15.0,-0.0007114899058279917
8.0,0.0,16.0,-0.012598236228179627
8.0,0.0,17.0,0.04504337775077337
8.0,0.0,18.0,0.0003763493576576793
8.0,0.0,19.0,0.03774183191890462
8.0,0.0,20.0,-0.03710655505369864
8.0,0.0,21.0,-8.177868578429504e-07
8.0,1.0,0.0,0.02177429121451957
8.0,1.0,1.0,0.14734031448772392
8.0,1.0,2.0,0.03640830875494311
8.0,1.0,3.0,-1.9455040503602028e-07
8.0,1.0,4.0,-0.0016219167169045923
8.0,1.0,5.0,-0.008755743129216481
8.0,1.0,6.0,0.00713997886797213
8.0,1.0,7.0,-0.00555217646135904
8.0,1.0,8.0,-4.984954413866927e-06
8.0,1.0,9.0,-0.00372407790574239
8.0,1.0,10.0,-0.0007517862238337614
8.0,1.0,11.0,5.83068034132328e-09
8.0,1.0,12.0,0.0011702351786878618
8.0,1.0,13.0,0.0018791885152635024
8.0,1.0,14.0,0.001589540937580361
8.0,1.0,15.0,0.022470652858785786
8.0,1.0,16.0,0.0026332797649649686
8.0,1.0,17.0,-0.0066575044306761005
8.0,1.0,18.0,0.0038572296844938125
8.0,1.0,19.0,-0.0028732034580037924
8.0,1.0,20.0,0.005873924124690455
8.0,1.0,21.0,-8.17786823925637e-07
8.0,2.0,0.0,0.0105109847271051
8.0,2.0,1.0,0.0002940488527670426
8.0,2.0,2.0,0.14374094840489
8.0,2.0,3.0,-1.9455040350946362e-07
8.0,2.0,4.0,0.00015101675143724957
8.0,2.0,5.0,-0.021196335915850087
8.0,2.0,6.0,0.005368290941698994
8.0,2.0,7.0,-0.0065370662362190385
8.0,2.0,8.0,-4.984954288293764e-06
8.0,2.0,9.0,-0.0016873003390407704
8.0,2.0,10.0,-0.0018819091747857286
8.0,2.0,11.0,5.830680327445492e-09
8.0,2.0,12.0,0.003403633101410064
8.0,2.0,13.0,0.0008540467535483598
8.0,2.0,14.0,0.0006266728018997775
8.0,2.0,15.0,4.100388876966676e-05
8.0,2.0,16.0,0.003964249137883291
8.0,2.0,17.0,-0.006921405780903736
8.0,2.0,18.0,0.00614936044122566
8.0,2.0,19.0,-0.0001293408001185048
8.0,2.0,20.0,0.0034505672258542397
8.0,2.0,21.0,-8.177868032754887e-07
8.0,3.0,0.0,0.042905728856998726
8.0,3.0,1.0,0.0012014458677047923
8.0,3.0,2.0,0.004293905657409558
8.0,3.0,3.0,0.14285694827913636
8.0,3.0,4.0,0.021616433557696046
8.0,3.0,5.0,-0.00966781280455048
8.0,3.0,6.0,0.005695138557381907
8.0,3.0,7.0,-0.009985474243287606
8.0,3.0,8.0,-4.9849543412097685e-06
8.0,3.0,9.0,-0.007447214015734865
8.0,3.0,10.0,-0.0015976443344302982
8.0,3.0,11.0,5.83068034132328e-09
8.0,3.0,12.0,0.00791952705157839
8.0,3.0,13.0,0.003755465789763407
8.0,3.0,14.0,-0.0006311491953124165
8.0,3.0,15.0,0.00018253375956148177
8.0,3.0,16.0,0.007182120394202407
8.0,3.0,17.0,-0.00617512386002414
8.0,3.0,18.0,0.008611017369056229
8.0,3.0,19.0,0.018088849561850362
8.0,3.0,20.0,0.04594177449391701
8.0,3.0,21.0,-8.177868119907394e-07
8.0,4.0,0.0,0.044644899749907485
8.0,4.0,1.0,0.0012557181247107863
8.0,4.0,2.0,0.00435824335771251
8.0,4.0,3.0,-1.9455040721483297e-07
8.0,4.0,4.0,0.15910148089228732
8.0,4.0,5.0,-0.019637423195108833
8.0,4.0,6.0,0.02950845412654146
8.0,4.0,7.0,-0.01759635612974085
8.0,4.0,8.0,-4.984954594083879e-06
8.0,4.0,9.0,-0.007649527956904767
8.0,4.0,10.0,-0.007732650412091341
8.0,4.0,11.0,5.830680355201068e-09
8.0,4.0,12.0,0.05154495283940008
8.0,4.0,13.0,0.0038591223837705635
8.0,4.0,14.0,-0.021021030601494017
8.0,4.0,15.0,0.00018722023935695276
8.0,4.0,16.0,0.025327079953978315
8.0,4.0,17.0,0.01900158915579249
8.0,4.0,18.0,0.049169030746892384
8.0,4.0,19.0,0.02777626684679335
8.0,4.0,20.0,0.047951487900558476
8.0,4.0,21.0,-8.17786853485325e-07
8.0,5.0,0.0,0.040861845900906024
8.0,5.0,1.0,0.0011398810293635486
8.0,5.0,2.0,0.004050480583420779
8.0,5.0,3.0,-1.945504030792522e-07
8.0,5.0,4.0,0.0004869599507719147
8.0,5.0,5.0,-0.09045869230529287
8.0,5.0,6.0,0.022886555629379413
8.0,5.0,7.0,-0.02761266605659944
8.0,5.0,8.0,-4.984954256076479e-06
8.0,5.0,9.0,-0.007033708672834871
8.0,5.0,10.0,-0.007911379198200535
8.0,5.0,11.0,5.830680327445492e-09
8.0,5.0,12.0,0.01505106663985123
8.0,5.0,13.0,0.003547774576713708
8.0,5.0,14.0,0.0024569145706428014
8.0,5.0,15.0,0.00017309401879037067
8.0,5.0,16.0,0.01761753322426346
8.0,5.0,17.0,-0.02902047403616556
8.0,5.0,18.0,0.0264613417763368
8.0,5.0,19.0,-0.0002240332416924562
8.0,5.0,20.0,0.016527524514975966
8.0,5.0,21.0,-8.177867980296849e-07
8.0,6.0,0.0,0.07121391384098763
8.0,6.0,1.0,0.002013969563116419
8.0,6.0,2.0,0.006670389756196882
8.0,6.0,3.0,-1.9455040359273035e-07
8.0,6.0,4.0,0.034591771876823496
8.0,6.0,5.0,-0.020079357714897814
8.0,6.0,6.0,0.1565805418345167
8.0,6.0,7.0,-0.019777954212986115
8.0,6.0,8.0,-4.984954298327404e-06
8.0,6.0,9.0,-0.011951747729154444
8.0,6.0,10.0,-0.004791750213475415
8.0,6.0,11.0,5.83068034132328e-09
8.0,6.0,12.0,0.026770511872083236
8.0,6.0,13.0,0.006025388859082825
8.0,6.0,14.0,-0.0007651750941431446
8.0,6.0,15.0,0.00029279895611765416
8.0,6.0,16.0,0.011874332535992349
8.0,6.0,17.0,-0.012791480003797609
8.0,6.0,18.0,0.06730228921858322
8.0,6.0,19.0,0.027764030960714836
8.0,6.0,20.0,0.03726555354328953
8.0,6.0,21.0,-8.177868049685788e-07
8.0,7.0,0.0,0.03489703186865667
8.0,7.0,1.0,0.0009968855786821051
8.0,7.0,2.0,0.00316834083456885
8.0,7.0,3.0,-1.945504007894172e-07
8.0,7.0,4.0,-0.006382595942781399
8.0,7.0,5.0,-0.01976998116332916
8.0,7.0,6.0,0.004011387772253627
8.0,7.0,7.0,-0.09242480507589027
8.0,7.0,8.0,-4.984954082770665e-06
8.0,7.0,9.0,-0.0057764254915347035
8.0,7.0,10.0,-0.0014883834399341545
8.0,7.0,11.0,5.830680313567704e-09
8.0,7.0,12.0,0.0010348660226607853
8.0,7.0,13.0,0.002918737882950495
8.0,7.0,14.0,0.0030043169506808742
8.0,7.0,15.0,0.00014056596665783239
8.0,7.0,16.0,0.004380309435122409
8.0,7.0,17.0,-0.025129090165372972
8.0,7.0,18.0,0.003931513589166047
8.0,7.0,19.0,-0.005767437461517477
8.0,7.0,20.0,0.006683082103761562
8.0,7.0,21.0,-8.177867695802199e-07
8.0,8.0,0.0,0.02556340944223301
8.0,8.0,1.0,0.019962702987763564
8.0,8.0,2.0,0.008548580155512742
8.0,8.0,3.0,-1.9455040556337622e-07
8.0,8.0,4.0,0.007083735853870787
8.0,8.0,5.0,-0.0068254875572030665
8.0,8.0,6.0,0.02481711690729621
8.0,8.0,7.0,-0.0068812405350202055
8.0,8.0,8.0,0.14285215756606498
8.0,8.0,9.0,0.0055280857109516746
8.0,8.0,10.0,0.013151612655079581
8.0,8.0,11.0,5.83068034132328e-09
8.0,8.0,12.0,0.0178433301833808
8.0,8.0,13.0,0.0022687898764526537
8.0,8.0,14.0,0.000513133748304348
8.0,8.0,15.0,0.013259722915783465
8.0,8.0,16.0,0.007898041510660592
8.0,8.0,17.0,-0.0031923061932682822
8.0,8.0,18.0,0.013754183865779479
8.0,8.0,19.0,0.004706526649181086
8.0,8.0,20.0,0.011355389794946102
8.0,8.0,21.0,0.016197158943436235
8.0,9.0,0.0,0.030972837678502896
8.0,9.0,1.0,0.000871143632926813
8.0,9.0,2.0,0.002856764045585991
8.0,9.0,3.0,-1.945504055911318e-07
8.0,9.0,4.0,0.05120634349077102
8.0,9.0,5.0,-0.009446549014398106
8.0,9.0,6.0,0.011367047319893575
8.0,9.0,7.0,-0.00900766415479097
8.0,9.0,8.0,-4.984954463299607e-06
8.0,9.0,9.0,0.13791499209836555
8.0,9.0,10.0,-0.002846262270044364
8.0,9.0,11.0,5.83068034132328e-09
8.0,9.0,12.0,0.017113041830912362
8.0,9.0,13.0,0.0025898869287561688
8.0,9.0,14.0,-0.005735405507466235
8.0,9.0,15.0,0.0001259798893050723
8.0,9.0,16.0,0.02870883739771285
8.0,9.0,17.0,0.002182129150572365
8.0,9.0,18.0,0.018249441190096832
8.0,9.0,19.0,0.040155674848989686
8.0,9.0,20.0,0.018961053232758762
8.0,9.0,21.0,-8.177868320580206e-07
8.0,10.0,0.0,0.0021815878575319747
8.0,10.0,1.0,5.355548675228805e-05
8.0,10.0,2.0,0.0002641034020210431
8.0,10.0,3.0,-1.9455040485560904e-07
8.0,10.0,4.0,0.002303225716508983
8.0,10.0,5.0,0.0363192484455338
8.0,10.0,6.0,-0.008837492577989436
8.0,10.0,7.0,0.025243232468337262
8.0,10.0,8.0,-4.9849543997462775e-06
8.0,10.0,9.0,-0.00040768039370567277
8.0,10.0,10.0,0.14590912880784768
8.0,10.0,11.0,5.830680327445492e-09
8.0,10.0,12.0,-0.005366181993722269
8.0,10.0,13.0,0.00020369609926948473
8.0,10.0,14.0,-0.0001459332502865146
8.0,10.0,15.0,9.765457952684575e-06
8.0,10.0,16.0,0.013411714529831309
8.0,10.0,17.0,0.0395407640474829
8.0,10.0,18.0,-0.008879127057627612
8.0,10.0,19.0,0.00023304549860259094
8.0,10.0,20.0,-0.0008913027130506013
8.0,10.0,21.0,-8.177868215941686e-07
8.0,11.0,0.0,0.023343894126836684
8.0,11.0,1.0,0.0006510916835018032
8.0,11.0,2.0,0.014619387338533185
8.0,11.0,3.0,-1.945504059103209e-07
8.0,11.0,4.0,0.03403411455059174
8.0,11.0,5.0,-0.010199098261318124
8.0,11.0,6.0,0.009233751845821092
8.0,11.0,7.0,-0.008392063860677298
8.0,11.0,8.0,-4.984954486780824e-06
8.0,11.0,9.0,0.016187051581875306
8.0,11.0,10.0,-0.0028421156816761384
8.0,11.0,11.0,0.1428571486709454
8.0,11.0,12.0,0.017244724885692037
8.0,11.0,13.0,0.002021742058378212
8.0,11.0,14.0,-0.0036297014245539466
8.0,11.0,15.0,9.8142836372897e-05
8.0,11.0,16.0,0.010251339584655184
8.0,11.0,17.0,-0.0005889603039173075
8.0,11.0,18.0,0.032672003175200276
8.0,11.0,19.0,-0.01736941023723343
8.0,11.0,20.0,0.05173687884180855
8.0,11.0,21.0,-8.177868358605345e-07
8.0,12.0,0.0,0.07931404163210676
8.0,12.0,1.0,0.002211259843979241
8.0,12.0,2.0,0.007856947675418391
8.0,12.0,3.0,-1.945504048972424e-07
8.0,12.0,4.0,0.0030221217301687475
8.0,12.0,5.0,-0.06282366581749918
8.0,12.0,6.0,0.05311587458344713
8.0,12.0,7.0,-0.05547308193457638
8.0,12.0,8.0,-4.984954402126318e-06
8.0,12.0,9.0,-0.013653575461939932
8.0,12.0,10.0,-0.024415010428446765
8.0,12.0,11.0,5.83068034132328e-09
8.0,12.0,12.0,0.16234357377883818
8.0,12.0,13.0,0.0068862418562128935
8.0,12.0,14.0,0.00437508945925999
8.0,12.0,15.0,0.00033451578343078603
8.0,12.0,16.0,0.021906615788804984
8.0,12.0,17.0,-0.04423092354961745
8.0,12.0,18.0,0.05232475877949566
8.0,12.0,19.0,-0.0002312102438924435
8.0,12.0,20.0,0.03241493010527852
8.0,12.0,21.0,-8.177868219827467e-07
8.0,13.0,0.0,0.03368352826109966
8.0,13.0,1.0,0.046795205290818404
8.0,13.0,2.0,0.01403359550928357
8.0,13.0,3.0,-1.9455040561888737e-07
8.0,13.0,4.0,-0.004531198067440456
8.0,13.0,5.0,0.026278748667335386
8.0,13.0,6.0,-0.009978667610596376
8.0,13.0,7.0,0.03009013384410139
8.0,13.0,8.0,-4.9849544615510055e-06
8.0,13.0,9.0,0.005971348230872031
8.0,13.0,10.0,0.004646164379306372
8.0,13.0,11.0,5.830680355201068e-09
8.0,13.0,12.0,-0.023514856217950048
8.0,13.0,13.0,0.1457716304859094
8.0,13.0,14.0,0.0027568888644144
8.0,13.0,15.0,0.007137782525060296
8.0,13.0,16.0,-0.001813660726771027
8.0,13.0,17.0,0.004382900314969657
8.0,13.0,18.0,-0.012318372266905409
8.0,13.0,19.0,-0.008134045106375942
8.0,13.0,20.0,0.004384100399441593
8.0,13.0,21.0,-8.177868317527093e-07
8.0,14.0,0.0,0.010345291905623055
8.0,14.0,1.0,0.0002869179040144165
8.0,14.0,2.0,0.0010088589751722776
8.0,14.0,3.0,-1.9455040457805328e-07
8.0,14.0,4.0,0.012624786855654546
8.0,14.0,5.0,-0.0037637349021742428
8.0,14.0,6.0,0.0035704951833513965
8.0,14.0,7.0,-0.003540289035262989
8.0,14.0,8.0,-4.984954375751582e-06
8.0,14.0,9.0,-0.001758862776495701
8.0,14.0,10.0,-0.0011749815929697205
8.0,14.0,11.0,5.830680327445492e-09
8.0,14.0,12.0,0.007202898043254358
8.0,14.0,13.0,0.0008878300429567831
8.0,14.0,14.0,-0.08535850958124032
8.0,14.0,15.0,4.27756559165382e-05
8.0,14.0,16.0,0.0028656953143734176
8.0,14.0,17.0,-0.0006564491707995307
8.0,14.0,18.0,0.015488425981179416
8.0,14.0,19.0,-0.016176681959058747
8.0,14.0,20.0,0.008237535985259448
8.0,14.0,21.0,-8.177868176251213e-07
8.0,15.0,0.0,0.05553000687826226
8.0,15.0,1.0,0.027140996639766962
8.0,15.0,2.0,0.031084178613758673
8.0,15.0,3.0,-1.9455040370375265e-07
8.0,15.0,4.0,0.0015577965552302508
8.0,15.0,5.0,-0.0150171786122784
8.0,15.0,6.0,0.03835471934309953
8.0,15.0,7.0,-0.012995219857764834
8.0,15.0,8.0,-4.984954307042655e-06
8.0,15.0,9.0,-0.00943074477150474
8.0,15.0,10.0,-0.0017460646874640218
8.0,15.0,11.0,5.830680327445492e-09
8.0,15.0,12.0,0.005628511480111287
8.0,15.0,13.0,0.004757282804839946
8.0,15.0,14.0,0.0031323011406847734
8.0,15.0,15.0,0.146977709859824
8.0,15.0,16.0,0.006170029805725563
8.0,15.0,17.0,-0.014170752910763529
8.0,15.0,18.0,0.016930812555709385
8.0,15.0,19.0,-0.0014412476969009047
8.0,15.0,20.0,0.016856333015943137
8.0,15.0,21.0,-8.177868064118687e-07
8.0,16.0,0.0,0.028065440856608448
8.0,16.0,1.0,0.0007886101304170889
8.0,16.0,2.0,0.002750554203535316
8.0,16.0,3.0,-1.9455040620175446e-07
8.0,16.0,4.0,0.01056867348113183
8.0,16.0,5.0,-0.006876286364567566
8.0,16.0,6.0,0.003955941744348879
8.0,16.0,7.0,-0.006987104233079425
8.0,16.0,8.0,-4.98495451114328e-06
8.0,16.0,9.0,-0.004817371916114116
8.0,16.0,10.0,-0.0012988454387909687
8.0,16.0,11.0,5.83068034132328e-09
8.0,16.0,12.0,0.006730498652682715
8.0,16.0,13.0,0.0024306590577465315
8.0,16.0,14.0,0.00012071110220054915
8.0,16.0,15.0,0.0001177222047358123
8.0,16.0,16.0,0.14715340597341153
8.0,16.0,17.0,-0.0051337303125794514
8.0,16.0,18.0,0.014666994299447011
8.0,16.0,19.0,0.02705249893385614
8.0,16.0,20.0,0.011870994797676504
8.0,16.0,21.0,-8.177868398573374e-07
8.0,17.0,0.0,0.02270136555333091
8.0,17.0,1.0,0.0006478608359759552
8.0,17.0,2.0,0.00214154592730309
8.0,17.0,3.0,-1.9455040276006308e-07
8.0,17.0,4.0,-0.014631085733085358
8.0,17.0,5.0,-0.014422945738687076
8.0,17.0,6.0,0.0014027725967881155
8.0,17.0,7.0,-0.014812128835654734
8.0,17.0,8.0,-4.984954230305427e-06
8.0,17.0,9.0,-0.003843400560981952
8.0,17.0,10.0,-0.0006734718713316268
8.0,17.0,11.0,5.830680327445492e-09
8.0,17.0,12.0,-0.00206793432192956
8.0,17.0,13.0,0.0019411980703790688
8.0,17.0,14.0,0.003483518244527306
8.0,17.0,15.0,9.276021550767843e-05
8.0,17.0,16.0,0.0020727936126695434
8.0,17.0,17.0,-0.1056277737011414
8.0,17.0,18.0,0.00025414597037476394
8.0,17.0,19.0,-0.005738261957212665
8.0,17.0,20.0,0.0024241961906034115
8.0,17.0,21.0,-8.177867938108374e-07
8.0,18.0,0.0,0.07279966645217473
8.0,18.0,1.0,0.0020357829844285524
8.0,18.0,2.0,0.007204051224111607
8.0,18.0,3.0,-1.9455040424498637e-07
8.0,18.0,4.0,0.007491291605649486
8.0,18.0,5.0,-0.027091667361276273
8.0,18.0,6.0,0.01757951135292607
8.0,18.0,7.0,-0.025792758261457063
8.0,18.0,8.0,-4.9849543487384684e-06
8.0,18.0,9.0,-0.012535874918695233
8.0,18.0,10.0,-0.007571856420059947
8.0,18.0,11.0,5.83068034132328e-09
8.0,18.0,12.0,0.04617368121894633
8.0,18.0,13.0,0.006322260660036827
8.0,18.0,14.0,0.0033459558695217023
8.0,18.0,15.0,0.0003083768580037227
8.0,18.0,16.0,0.011708617935156207
8.0,18.0,17.0,-0.02291475406632497
8.0,18.0,18.0,0.16125412194740146
8.0,18.0,19.0,-0.008195481964377749
8.0,18.0,20.0,0.057876439886196174
8.0,18.0,21.0,-8.177868132119848e-07
8.0,19.0,0.0,0.03575449347394055
8.0,19.0,1.0,0.0010005458667509681
8.0,19.0,2.0,0.003502595390774632
8.0,19.0,3.0,-1.94550406493188e-07
8.0,19.0,4.0,0.017571061956759393
8.0,19.0,5.0,-0.007952878098645227
8.0,19.0,6.0,0.004620988858645481
8.0,19.0,7.0,-0.008218531381772032
8.0,19.0,8.0,-4.984954535124098e-06
8.0,19.0,9.0,-0.006121665520498032
8.0,19.0,10.0,-0.0013283669994445524
8.0,19.0,11.0,5.830680355201068e-09
8.0,19.0,12.0,0.006248855105500717
8.0,19.0,13.0,0.0030883826610148546
8.0,19.0,14.0,-0.0004247427910335916
8.0,19.0,15.0,0.00015029590140125393
8.0,19.0,16.0,0.005709945279031514
8.0,19.0,17.0,-0.00522877785046999
8.0,19.0,18.0,0.0069138374213686404
8.0,19.0,19.0,0.14014746227121166
8.0,19.0,20.0,0.012988825063543818
8.0,19.0,21.0,-8.177868437708735e-07
8.0,20.0,0.0,0.028354419956213905
8.0,20.0,1.0,0.0007987330817892102
8.0,20.0,2.0,0.0027704652742220337
8.0,20.0,3.0,-1.9455040335680795e-07
8.0,20.0,4.0,-0.005035002526379673
8.0,20.0,5.0,-0.004989116774889363
8.0,20.0,6.0,0.00042523079281125975
8.0,20.0,7.0,-0.005525802313874673
8.0,20.0,8.0,-4.984954280029541e-06
8.0,20.0,9.0,-0.004865273227559419
8.0,20.0,10.0,-0.00021603144110238226
8.0,20.0,11.0,5.830680327445492e-09
8.0,20.0,12.0,-0.0009928359221849092
8.0,20.0,13.0,0.0024550106054090914
8.0,20.0,14.0,0.002468674094525669
8.0,20.0,15.0,0.00011870776034296482
8.0,20.0,16.0,0.0020382679010447213
8.0,20.0,17.0,-0.00764876470708481
8.0,20.0,18.0,-5.0611105448988836e-05
8.0,20.0,19.0,-0.006183979433897924
8.0,20.0,20.0,0.14881122982233586
8.0,20.0,21.0,-8.177868019709766e-07
8.0,21.0,0.0,0.023143426952892066
8.0,21.0,1.0,0.0006463968666770015
8.0,21.0,2.0,0.0022501906395260285
8.0,21.0,3.0,-1.94550405577254e-07
8.0,21.0,4.0,-0.0038741396903932412
8.0,21.0,5.0,-0.004052452028549092
8.0,21.0,6.0,0.00034410709235216386
8.0,21.0,7.0,-0.004486513232870387
8.0,21.0,8.0,-4.984954457463997e-06
8.0,21.0,9.0,-0.003939020985496672
8.0,21.0,10.0,-0.00019636978794829174
8.0,21.0,11.0,5.83068034132328e-09
8.0,21.0,12.0,-0.0008861337007841086
8.0,21.0,13.0,0.001988114910002503
8.0,21.0,14.0,0.002016644308338547
8.0,21.0,15.0,9.667154332734795e-05
8.0,21.0,16.0,0.001602910518384515
8.0,21.0,17.0,-0.006230470492651824
8.0,21.0,18.0,-7.31551433693356e-05
8.0,21.0,19.0,-0.005263424507440717
8.0,21.0,20.0,0.004801426806100073
8.0,21.0,21.0,0.14285582596687618
9.0,0.0,0.0,-0.1544523022825659
9.0,0.0,1.0,-0.004892480325973947
9.0,0.0,2.0,-0.010196564656997281
9.0,0.0,3.0,-1.9268658142668205e-07
9.0,0.0,4.0,0.014257248852814042
9.0,0.0,5.0,0.009195248644026266
9.0,0.0,6.0,0.004293972589181183
9.0,0.0,7.0,0.04326394777378194
9.0,0.0,8.0,-4.963226099358176e-06
9.0,0.0,9.0,0.029210601106031506
9.0,0.0,10.0,0.0017955093244801379
9.0,0.0,11.0,5.544967748849494e-09
9.0,0.0,12.0,0.0013062823854262384
9.0,0.0,13.0,-0.01834502157369189
9.0,0.0,14.0,-0.007140310468365416
9.0,0.0,15.0,-0.00019918085536523022
9.0,0.0,16.0,-0.003907205924096602
9.0,0.0,17.0,0.04074375256570317
9.0,0.0,18.0,6.991602667756613e-05
9.0,0.0,19.0,0.03032079477659705
9.0,0.0,20.0,-0.031994450182647294
9.0,0.0,21.0,-9.198237067575832e-07
9.0,1.0,0.0,0.042651533091841665
9.0,1.0,1.0,0.1446283486953241
9.0,1.0,2.0,0.025585178046512808
9.0,1.0,3.0,-1.9268658073279266e-07
9.0,1.0,4.0,-0.004208842685376135
9.0,1.0,5.0,-0.005837472365047586
9.0,1.0,6.0,0.000327350304673929
9.0,1.0,7.0,-0.012292599367986526
9.0,1.0,8.0,-4.963226040544111e-06
9.0,1.0,9.0,-0.008135106212456042
9.0,1.0,10.0,-0.0012158744536039934
9.0,1.0,11.0,5.544967748849494e-09
9.0,1.0,12.0,0.0001125934165499276
9.0,1.0,13.0,0.005115958143391552
9.0,1.0,14.0,0.0005977806987166913
9.0,1.0,15.0,0.005841291199494461
9.0,1.0,16.0,0.0020176953597120795
9.0,1.0,17.0,-0.011904540372832256
9.0,1.0,18.0,0.001245529837282086
9.0,1.0,19.0,-0.008137269030880911
9.0,1.0,20.0,0.009567630696698859
9.0,1.0,21.0,-9.198236958773975e-07
9.0,2.0,0.0,0.04207981544801931
9.0,2.0,1.0,0.001331797633696702
9.0,2.0,2.0,0.14562267933543596
9.0,2.0,3.0,-1.9268658092708169e-07
9.0,2.0,4.0,-0.0016116733768568037
9.0,2.0,5.0,-0.023356182786176405
9.0,2.0,6.0,0.0013999763529955744
9.0,2.0,7.0,-0.015449721444610402
9.0,2.0,8.0,-4.9632260551574214e-06
9.0,2.0,9.0,-0.007975005598756524
9.0,2.0,10.0,-0.0051560297802393795
9.0,2.0,11.0,5.544967748849494e-09
9.0,2.0,12.0,0.0015812061203600014
9.0,2.0,13.0,0.005004924579264852
9.0,2.0,14.0,0.0003814105938247103
9.0,2.0,15.0,5.11743098557671e-05
9.0,2.0,16.0,0.003211324943546867
9.0,2.0,17.0,-0.01583141979583738
9.0,2.0,18.0,0.005814139106967278
9.0,2.0,19.0,-0.007952837018540992
9.0,2.0,20.0,0.009628388155573875
9.0,2.0,21.0,-9.19823698597444e-07
9.0,3.0,0.0,0.02215527651122029
9.0,3.0,1.0,0.0007014174662399175
9.0,3.0,2.0,0.0014647594952059695
9.0,3.0,3.0,0.14285695016969208
9.0,3.0,4.0,0.03044072846639112
9.0,3.0,5.0,-0.001305130355791495
9.0,3.0,6.0,0.0016195901192364581
9.0,3.0,7.0,-0.006874143484345705
9.0,3.0,8.0,-4.963226143413213e-06
9.0,3.0,9.0,-0.004202187933171966
9.0,3.0,10.0,-0.0007153699805894087
9.0,3.0,11.0,5.544967762727282e-09
9.0,3.0,12.0,0.003740159986318492
9.0,3.0,13.0,0.0026356750457715017
9.0,3.0,14.0,-0.005924824598971309
9.0,3.0,15.0,2.580722533818136e-05
9.0,3.0,16.0,0.005261536025803093
9.0,3.0,17.0,-0.002243007165336569
9.0,3.0,18.0,0.004290991502325758
9.0,3.0,19.0,0.005112357198035655
9.0,3.0,20.0,0.024876913964347103
9.0,3.0,21.0,-9.198237149177224e-07
9.0,4.0,0.0,0.017520535533486425
9.0,4.0,1.0,0.0005515112877403083
9.0,4.0,2.0,0.0011878071544748903
9.0,4.0,3.0,-1.9268658155158214e-07
9.0,4.0,4.0,0.16175710365067747
9.0,4.0,5.0,-0.0007141894862073839
9.0,4.0,6.0,0.01103133111420726
9.0,4.0,7.0,-0.007035156249151318
9.0,4.0,8.0,-4.963226107754237e-06
9.0,4.0,9.0,-0.0033719138152548817
9.0,4.0,10.0,-0.0023662264699103597
9.0,4.0,11.0,5.544967748849494e-09
9.0,4.0,12.0,0.019974192144901703
9.0,4.0,13.0,0.0021242475125104465
9.0,4.0,14.0,-0.015225372547531703
9.0,4.0,15.0,2.026151725206815e-05
9.0,4.0,16.0,0.02551227253116961
9.0,4.0,17.0,0.01454494516671928
9.0,4.0,18.0,0.019104647677941622
9.0,4.0,19.0,0.02489848769677111
9.0,4.0,20.0,0.013541029995685627
9.0,4.0,21.0,-9.198237083118954e-07
9.0,5.0,0.0,0.01903644721642439
9.0,5.0,1.0,0.0006001063630497183
9.0,5.0,2.0,0.001284787916094765
9.0,5.0,3.0,-1.9268657971971415e-07
9.0,5.0,4.0,0.00967402970725778
9.0,5.0,5.0,-0.15652969410441
9.0,5.0,6.0,0.018944216610873366
9.0,5.0,7.0,-0.024273823418304925
9.0,5.0,8.0,-4.963225959032924e-06
9.0,5.0,9.0,-0.003653448950118973
9.0,5.0,10.0,-0.034823485253653697
9.0,5.0,11.0,5.544967734971706e-09
9.0,5.0,12.0,0.014726502267902702
9.0,5.0,13.0,0.0023006869958012988
9.0,5.0,14.0,-0.002614850441238341
9.0,5.0,15.0,2.2105882584985692e-05
9.0,5.0,16.0,0.018745141985142155
9.0,5.0,17.0,-0.03769266925705497
9.0,5.0,18.0,0.04205145714398359
9.0,5.0,19.0,0.0023298038147991362
9.0,5.0,20.0,0.011299122806039952
9.0,5.0,21.0,-9.198236807783644e-07
9.0,6.0,0.0,0.04562889765411948
9.0,6.0,1.0,0.0014423745449742564
9.0,6.0,2.0,0.003034362138301272
9.0,6.0,3.0,-1.9268658180138232e-07
9.0,6.0,4.0,0.040748288450064674
9.0,6.0,5.0,-0.0026837383160038253
9.0,6.0,6.0,0.1448482427030674
9.0,6.0,7.0,-0.01283019884077398
9.0,6.0,8.0,-4.96322613151301e-06
9.0,6.0,9.0,-0.008674055233781161
9.0,6.0,10.0,-0.0012587017760100627
9.0,6.0,11.0,5.544967734971706e-09
9.0,6.0,12.0,0.006167965989508972
9.0,6.0,13.0,0.005450147470793587
9.0,6.0,14.0,-0.007158208551824403
9.0,6.0,15.0,5.58989425947648e-05
9.0,6.0,16.0,0.00819714575345687
9.0,6.0,17.0,-0.006806604807548133
9.0,6.0,18.0,0.021653288453152827
9.0,6.0,19.0,0.02306270478270417
9.0,6.0,20.0,0.014833780276397812
9.0,6.0,21.0,-9.198237127250319e-07
9.0,7.0,0.0,0.003926842241538275
9.0,7.0,1.0,0.00012469540910928223
9.0,7.0,2.0,0.0002672661858935388
9.0,7.0,3.0,-1.926865794282806e-07
9.0,7.0,4.0,-0.0010429917966973679
9.0,7.0,5.0,-0.00353448892837549
9.0,7.0,6.0,0.0002557444214509874
9.0,7.0,7.0,-0.024788119500665114
9.0,7.0,8.0,-4.963225938098281e-06
9.0,7.0,9.0,-0.0007658469408600432
9.0,7.0,10.0,-0.0007717096421094305
9.0,7.0,11.0,5.544967734971706e-09
9.0,7.0,12.0,0.00021229857036109134
9.0,7.0,13.0,0.0004797034414562862
9.0,7.0,14.0,-0.0008549012668991173
9.0,7.0,15.0,2.7254804021298318e-06
9.0,7.0,16.0,0.00044288476432158275
9.0,7.0,17.0,-0.008329955865365307
9.0,7.0,18.0,0.000983800333233198
9.0,7.0,19.0,-0.001007018469317722
9.0,7.0,20.0,0.0010366765860316818
9.0,7.0,21.0,-9.198236768925838e-07
9.0,8.0,0.0,0.0318056348489727
9.0,8.0,1.0,0.023868695619606584
9.0,8.0,2.0,0.009848667508231823
9.0,8.0,3.0,-1.9268658213444922e-07
9.0,8.0,4.0,0.009513082640949688
9.0,8.0,5.0,-0.001210471793110568
9.0,8.0,6.0,0.014735456894363286
9.0,8.0,7.0,-0.009791381771343246
9.0,8.0,8.0,0.14285217930330585
9.0,8.0,9.0,0.006143342094658055
9.0,8.0,10.0,0.016646169526533194
9.0,8.0,11.0,5.544967748849494e-09
9.0,8.0,12.0,0.016327774023483038
9.0,8.0,13.0,0.0037967767147357445
9.0,8.0,14.0,-0.002105621109185874
9.0,8.0,15.0,0.026925056826538202
9.0,8.0,16.0,0.010649201611553638
9.0,8.0,17.0,-0.003666889234385698
9.0,8.0,18.0,0.005324440094831059
9.0,8.0,19.0,0.0016553482251630003
9.0,8.0,20.0,0.008035257515770167
9.0,8.0,21.0,0.0183196350832813
9.0,9.0,0.0,0.050982417607305375
9.0,9.0,1.0,0.0016098172805823485
9.0,9.0,2.0,0.003408597418988163
9.0,9.0,3.0,-1.9268658209281586e-07
9.0,9.0,4.0,0.06674989633766854
9.0,9.0,5.0,-0.0027667940692288062
9.0,9.0,6.0,0.025130602414128317
9.0,9.0,7.0,-0.013970234788456028
9.0,9.0,8.0,-4.963226153210931e-06
9.0,9.0,9.0,0.13310773786169416
9.0,9.0,10.0,-0.0015470176553861736
9.0,9.0,11.0,5.544967762727282e-09
9.0,9.0,12.0,0.009003165778074612
9.0,9.0,13.0,0.006114567292993811
9.0,9.0,14.0,-0.010508673544818811
9.0,9.0,15.0,6.293886566609286e-05
9.0,9.0,16.0,0.048852004409539296
9.0,9.0,17.0,-0.004604409169250756
9.0,9.0,18.0,0.015117088060315698
9.0,9.0,19.0,0.045552612716907914
9.0,9.0,20.0,0.016415978396412623
9.0,9.0,21.0,-9.198237167495904e-07
9.0,10.0,0.0,0.02578623646376388
9.0,10.0,1.0,0.0008159659540703801
9.0,10.0,2.0,0.001728438628928436
9.0,10.0,3.0,-1.926865821622048e-07
9.0,10.0,4.0,0.008290612948697818
9.0,10.0,5.0,0.03149067465397887
9.0,10.0,6.0,-0.0038320081284831387
9.0,10.0,7.0,0.021144122770302896
9.0,10.0,8.0,-4.963226160351053e-06
9.0,10.0,9.0,-0.004934097768955578
9.0,10.0,10.0,0.1497275558377964
9.0,10.0,11.0,5.544967734971706e-09
9.0,10.0,12.0,-0.0014453176439961912
9.0,10.0,13.0,0.0031004999677596012
9.0,10.0,14.0,-0.0020998979871191727
9.0,10.0,15.0,3.083770564696331e-05
9.0,10.0,16.0,0.02377164589367392
9.0,10.0,17.0,0.05068310469494888
9.0,10.0,18.0,-0.004489717370963625
9.0,10.0,19.0,-0.0028719926792934447
9.0,10.0,20.0,0.005427210486583789
9.0,10.0,21.0,-9.198237180541025e-07
9.0,11.0,0.0,0.015953211476961826
9.0,11.0,1.0,0.0005049116261671982
9.0,11.0,2.0,0.016849891403416667
9.0,11.0,3.0,-1.9268658144055983e-07
9.0,11.0,4.0,0.023919456705354114
9.0,11.0,5.0,-0.003342491071471304
9.0,11.0,6.0,0.0045165189009861995
9.0,11.0,7.0,-0.0058018439357675755
9.0,11.0,8.0,-4.963226099816143e-06
9.0,11.0,9.0,0.016250856260274088
9.0,11.0,10.0,-0.0011059864918473439
9.0,11.0,11.0,0.14285714840135222
9.0,11.0,12.0,0.003452758132089423
9.0,11.0,13.0,0.001902705235747898
9.0,11.0,14.0,-0.005005122401494807
9.0,11.0,15.0,1.794208094085814e-05
9.0,11.0,16.0,0.00927531206236143
9.0,11.0,17.0,-0.0020935366341190698
9.0,11.0,18.0,0.008482901439467838
9.0,11.0,19.0,-0.008172201927817146
9.0,11.0,20.0,0.02454441186716072
9.0,11.0,21.0,-9.198237068686055e-07
9.0,12.0,0.0,0.021801092140764644
9.0,12.0,1.0,0.0006869207861143478
9.0,12.0,2.0,0.0014800044208402585
9.0,12.0,3.0,-1.926865807883038e-07
9.0,12.0,4.0,0.007004263529568899
9.0,12.0,5.0,-0.022402136087320335
9.0,12.0,6.0,0.017301990019119584
9.0,12.0,7.0,-0.024517162265156524
9.0,12.0,8.0,-4.963226046018898e-06
9.0,12.0,9.0,-0.004199110355143823
9.0,12.0,10.0,-0.021192882030733717
9.0,12.0,11.0,5.544967734971706e-09
9.0,12.0,12.0,0.14697926347518236
9.0,12.0,13.0,0.002646309741006714
9.0,12.0,14.0,-0.0021254717380004857
9.0,12.0,15.0,2.5838586249563034e-05
9.0,12.0,16.0,0.021292827667397984
9.0,12.0,17.0,-0.03402954123808384
9.0,12.0,18.0,0.022505984179984923
9.0,12.0,19.0,0.0014734346954299316
9.0,12.0,20.0,0.008968413644384166
9.0,12.0,21.0,-9.198236968765983e-07
9.0,13.0,0.0,0.03799981017139964
9.0,13.0,1.0,0.039109860171928634
9.0,13.0,2.0,0.008557181079775766
9.0,13.0,3.0,-1.9268658073279266e-07
9.0,13.0,4.0,-0.0004738232898120476
9.0,13.0,5.0,0.01625537319872941
9.0,13.0,6.0,-0.0015948584476147831
9.0,13.0,7.0,0.010185696376966712
9.0,13.0,8.0,-4.9632260423967955e-06
9.0,13.0,9.0,0.0016041843187082627
9.0,13.0,10.0,0.0038660546891228775
9.0,13.0,11.0,5.544967734971706e-09
9.0,13.0,12.0,-0.003512291859070066
9.0,13.0,13.0,0.14742598443424684
9.0,13.0,14.0,-0.0001699168388007554
9.0,13.0,15.0,0.0015783063782428691
9.0,13.0,16.0,0.0019720846470760445
9.0,13.0,17.0,-0.00018959031359776224
9.0,13.0,18.0,-0.00396034301885978
9.0,13.0,19.0,-0.0048784843791406796
9.0,13.0,20.0,0.007832316075431778
9.0,13.0,21.0,-9.198236962104644e-07
9.0,14.0,0.0,0.0010640497214432498
9.0,14.0,1.0,3.4048645205508876e-05
9.0,14.0,2.0,7.705153700640621e-05
9.0,14.0,3.0,-1.9268657766580155e-07
9.0,14.0,4.0,0.0003340744649521499
9.0,14.0,5.0,-0.00021406615036040355
9.0,14.0,6.0,4.958219298456523e-05
9.0,14.0,7.0,-0.0010585987346400129
9.0,14.0,8.0,-4.963225804566207e-06
9.0,14.0,9.0,-0.0002218219459157178
9.0,14.0,10.0,-6.919907177938e-05
9.0,14.0,11.0,5.5449677210939186e-09
9.0,14.0,12.0,0.0002276547382933647
9.0,14.0,13.0,0.00013803765645148403
9.0,14.0,14.0,-0.01553347864142599
9.0,14.0,15.0,-9.420696390760597e-07
9.0,14.0,16.0,0.00022226975303124563
9.0,14.0,17.0,-0.0005404548277701815
9.0,14.0,18.0,0.0022939419421669632
9.0,14.0,19.0,-0.0034528927116667663
9.0,14.0,20.0,0.0006771357654357102
9.0,14.0,21.0,-9.198236521623659e-07
9.0,15.0,0.0,0.05296007590936935
9.0,15.0,1.0,0.012279074220016034
9.0,15.0,2.0,0.027819185912271477
9.0,15.0,3.0,-1.9268658049687026e-07
9.0,15.0,4.0,0.0029478546268718597
9.0,15.0,5.0,-0.00656392495808622
9.0,15.0,6.0,0.024818410581228162
9.0,15.0,7.0,-0.01451418295912809
9.0,15.0,8.0,-4.963226024501388e-06
9.0,15.0,9.0,-0.01007535679532176
9.0,15.0,10.0,-0.0014980909514071272
9.0,15.0,11.0,5.544967748849494e-09
9.0,15.0,12.0,0.0011049417276245976
9.0,15.0,13.0,0.006332496564000978
9.0,15.0,14.0,-0.0004572848999266875
9.0,15.0,15.0,0.14335104082801067
9.0,15.0,16.0,0.003276177720665352
9.0,15.0,17.0,-0.01356167947152119
9.0,15.0,18.0,0.004938245219584428
9.0,15.0,19.0,-0.00482535815745011
9.0,15.0,20.0,0.012456045908940006
9.0,15.0,21.0,-9.19823692907551e-07
9.0,16.0,0.0,0.022871020227196892
9.0,16.0,1.0,0.0007235542356511249
9.0,16.0,2.0,0.0015145467055006634
9.0,16.0,3.0,-1.926865820373047e-07
9.0,16.0,4.0,0.041663547070666274
9.0,16.0,5.0,-0.0014655540823265423
9.0,16.0,6.0,0.002503645343128469
9.0,16.0,7.0,-0.007420046493995913
9.0,16.0,8.0,-4.963226150490885e-06
9.0,16.0,9.0,-0.00434102334484876
9.0,16.0,10.0,-0.0010032338066826019
9.0,16.0,11.0,5.544967748849494e-09
9.0,16.0,12.0,0.006026836666995994
9.0,16.0,13.0,0.002723861164341368
9.0,16.0,14.0,-0.007668179450447208
9.0,16.0,15.0,2.6742667956894395e-05
9.0,16.0,16.0,0.14991639154016412
9.0,16.0,17.0,-0.00131020050343221
9.0,16.0,18.0,0.01991262453656535
9.0,16.0,19.0,0.011218259256147445
9.0,16.0,20.0,0.00954797018187048
9.0,16.0,21.0,-9.1982371624999e-07
9.0,17.0,0.0,0.01066453781938248
9.0,17.0,1.0,0.00033537178390305455
9.0,17.0,2.0,0.0007225172920060641
9.0,17.0,3.0,-1.9268657946991397e-07
9.0,17.0,4.0,-0.013406313092248767
9.0,17.0,5.0,-0.017097164912286023
9.0,17.0,6.0,0.0008573152777074655
9.0,17.0,7.0,-0.018151020596990697
9.0,17.0,8.0,-4.963225942511418e-06
9.0,17.0,9.0,-0.0020527972327333
9.0,17.0,10.0,-0.003598599195981933
9.0,17.0,11.0,5.544967734971706e-09
9.0,17.0,12.0,-9.504780815930425e-05
9.0,17.0,13.0,0.0012930732819678714
9.0,17.0,14.0,0.0016601757858426339
9.0,17.0,15.0,1.1320853930019137e-05
9.0,17.0,16.0,0.00042268897556291263
9.0,17.0,17.0,-0.11134976747611264
9.0,17.0,18.0,0.0029066427263269717
9.0,17.0,19.0,-0.0036290845872070654
9.0,17.0,20.0,0.0024437465691872218
9.0,17.0,21.0,-9.198236776974955e-07
9.0,18.0,0.0,0.03160029238313833
9.0,18.0,1.0,0.0009998098438992464
9.0,18.0,2.0,0.0020928309324992622
9.0,18.0,3.0,-1.9268658156545992e-07
9.0,18.0,4.0,0.02069736410818035
9.0,18.0,5.0,-0.003310197181005836
9.0,18.0,6.0,0.0018215682448828041
9.0,18.0,7.0,-0.01138590408546521
9.0,18.0,8.0,-4.963226108940788e-06
9.0,18.0,9.0,-0.005995729709334707
9.0,18.0,10.0,-0.0020336117549545896
9.0,18.0,11.0,5.544967748849494e-09
9.0,18.0,12.0,0.011678745885690678
9.0,18.0,13.0,0.003763323057541179
9.0,18.0,14.0,-0.004106138203754158
9.0,18.0,15.0,3.786467476435407e-05
9.0,18.0,16.0,0.005369349841737259
9.0,18.0,17.0,-0.007838283130350482
9.0,18.0,18.0,0.14739148755155096
9.0,18.0,19.0,-0.002804145386143042
9.0,18.0,20.0,0.03019213343911109
9.0,18.0,21.0,-9.1982370853394e-07
9.0,19.0,0.0,0.03848943702908714
9.0,19.0,1.0,0.0012175670979061026
9.0,19.0,2.0,0.002542787367242033
9.0,19.0,3.0,-1.9268658220383816e-07
9.0,19.0,4.0,0.03885550782364322
9.0,19.0,5.0,-0.0021668369827391454
9.0,19.0,6.0,0.0018045884348954766
9.0,19.0,7.0,-0.010981194307908011
9.0,19.0,8.0,-4.963226165152768e-06
9.0,19.0,9.0,-0.0072897977656586205
9.0,19.0,10.0,-0.0010199459240569642
9.0,19.0,11.0,5.544967734971706e-09
9.0,19.0,12.0,0.004732008133820825
9.0,19.0,13.0,0.00457383818432458
9.0,19.0,14.0,-0.006896166332106567
9.0,19.0,15.0,4.658350200283101e-05
9.0,19.0,16.0,0.006992941049585477
9.0,19.0,17.0,-0.005257728213872562
9.0,19.0,18.0,0.00547417111053021
9.0,19.0,19.0,0.14099749903408776
9.0,19.0,20.0,0.01043841408020263
9.0,19.0,21.0,-9.19823718997792e-07
9.0,20.0,0.0,0.03924051791312366
9.0,20.0,1.0,0.0012399589228323515
9.0,20.0,2.0,0.002622573160586561
9.0,20.0,3.0,-1.9268658035809239e-07
9.0,20.0,4.0,-0.0043811624519778936
9.0,20.0,5.0,-0.002336082798492123
9.0,20.0,6.0,-0.0010393569495490973
9.0,20.0,7.0,-0.010857578581547135
9.0,20.0,8.0,-4.963226011719946e-06
9.0,20.0,9.0,-0.007484130194196359
9.0,20.0,10.0,-0.0004387464691554266
9.0,20.0,11.0,5.544967734971706e-09
9.0,20.0,12.0,-0.00022839533833957093
9.0,20.0,13.0,0.004705568578536906
9.0,20.0,14.0,0.0005667524007692479
9.0,20.0,15.0,4.793563806169965e-05
9.0,20.0,16.0,0.0014504343208091575
9.0,20.0,17.0,-0.010338871274028147
9.0,20.0,18.0,0.00020333920793652593
9.0,20.0,19.0,-0.007840564674066075
9.0,20.0,20.0,0.15141560082742767
9.0,20.0,21.0,-9.19823690548327e-07
9.0,21.0,0.0,0.02535265948764709
9.0,21.0,1.0,0.0008010581086989044
9.0,21.0,2.0,0.0016992420094473493
9.0,21.0,3.0,-1.926865803442146e-07
9.0,21.0,4.0,-0.002865307989038335
9.0,21.0,5.0,-0.0015847278722650182
9.0,21.0,6.0,-0.0006607327811855579
9.0,21.0,7.0,-0.007468161820789753
9.0,21.0,8.0,-4.9632260094370495e-06
9.0,21.0,9.0,-0.004846978214439759
9.0,21.0,10.0,-0.0003012574196556428
9.0,21.0,11.0,5.544967734971706e-09
9.0,21.0,12.0,-0.00013260747202922807
9.0,21.0,13.0,0.0030476112703536895
9.0,21.0,14.0,-3.839353254495026e-05
9.0,21.0,15.0,3.0188757419627454e-05
9.0,21.0,16.0,0.000971855594267379
9.0,21.0,17.0,-0.006852704132434204
9.0,21.0,18.0,0.0002210565170245038
9.0,21.0,19.0,-0.00516074899613489
9.0,21.0,20.0,0.0056295759078590635
9.0,21.0,21.0,0.14285622063372802
10.0,0.0,0.0,-0.1390291293922299
10.0,0.0,1.0,-0.0023609854196872393
10.0,0.0,2.0,-0.015335388978700348
10.0,0.0,3.0,-1.939329655337163e-07
10.0,0.0,4.0,-0.0025329039561304834
10.0,0.0,5.0,0.02555060403026449
10.0,0.0,6.0,0.0004484122594665685
10.0,0.0,7.0,0.017643662454388503
10.0,0.0,8.0,-4.973245401919402e-06
10.0,0.0,9.0,0.027064739945332233
10.0,0.0,10.0,0.0020417911275662504
10.0,0.0,11.0,5.774515796086455e-09
10.0,0.0,12.0,-0.0013514698912562295
10.0,0.0,13.0,-0.025931126627666196
10.0,0.0,14.0,-8.900874397843407e-06
10.0,0.0,15.0,-0.000414766874211131
10.0,0.0,16.0,-0.01091353951093682
10.0,0.0,17.0,0.01268869011848578
10.0,0.0,18.0,-0.006201111453787239
10.0,0.0,19.0,0.036343465105812184
10.0,0.0,20.0,-0.01489742100625513
10.0,0.0,21.0,-1.4549461951063325e-06
10.0,1.0,0.0,0.03977834089081522
10.0,1.0,1.0,0.1493413732181596
10.0,1.0,2.0,0.04990889325694847
10.0,1.0,3.0,-1.9393296479819355e-07
10.0,1.0,4.0,0.0018786746257083986
10.0,1.0,5.0,-0.012436905907589502
10.0,1.0,6.0,0.004011842229875995
10.0,1.0,7.0,-0.006134268064392073
10.0,1.0,8.0,-4.973245338865673e-06
10.0,1.0,9.0,-0.007862746340815935
10.0,1.0,10.0,-0.0010669373092687118
10.0,1.0,11.0,5.774515796086455e-09
10.0,1.0,12.0,0.001778758953825288
10.0,1.0,13.0,0.007567542110858638
10.0,1.0,14.0,-8.915403686781223e-06
10.0,1.0,15.0,0.026106220944639602
10.0,1.0,16.0,0.004243639380265785
10.0,1.0,17.0,-0.004129882060203635
10.0,1.0,18.0,0.003945296416756866
10.0,1.0,19.0,-0.00976487497297951
10.0,1.0,20.0,0.00599304272227702
10.0,1.0,21.0,-1.4549461766766303e-06
10.0,2.0,0.0,0.013847674705534718
10.0,2.0,1.0,0.00022483115231217154
10.0,2.0,2.0,0.1446339355101544
10.0,2.0,3.0,-1.9393296503411595e-07
10.0,2.0,4.0,0.002253045742127757
10.0,2.0,5.0,-0.018535712426282797
10.0,2.0,6.0,0.002086241268169531
10.0,2.0,7.0,-0.004708411490351949
10.0,2.0,8.0,-4.973245358690093e-06
10.0,2.0,9.0,-0.0027275898226142847
10.0,2.0,10.0,-0.001708696193216508
10.0,2.0,11.0,5.774515796086455e-09
10.0,2.0,12.0,0.0037311209391373834
10.0,2.0,13.0,0.002622758894960636
10.0,2.0,14.0,-8.914983115865219e-06
10.0,2.0,15.0,3.9929836371355165e-05
10.0,2.0,16.0,0.004046727349382939
10.0,2.0,17.0,-0.0026966707883153
10.0,2.0,18.0,0.00519599994361683
10.0,2.0,19.0,-0.002898203678284139
10.0,2.0,20.0,0.002902256237782397
10.0,2.0,21.0,-1.4549461824775456e-06
10.0,3.0,0.0,0.023275690668589366
10.0,3.0,1.0,0.00040648321408240373
10.0,3.0,2.0,0.00248103955252027
10.0,3.0,3.0,0.14285694890331446
10.0,3.0,4.0,0.014921712654831276
10.0,3.0,5.0,-0.004768162790826258
10.0,3.0,6.0,0.0019477710544431037
10.0,3.0,7.0,-0.00334234985543172
10.0,3.0,8.0,-4.973245284915773e-06
10.0,3.0,9.0,-0.004493725668298421
10.0,3.0,10.0,-0.0006393952491766663
10.0,3.0,11.0,5.774515796086455e-09
10.0,3.0,12.0,0.003696519833141232
10.0,3.0,13.0,0.004289157609600608
10.0,3.0,14.0,-8.915523461267317e-06
10.0,3.0,15.0,6.39571458399546e-05
10.0,3.0,16.0,0.0036912436633153023
10.0,3.0,17.0,-0.0025252298444625315
10.0,3.0,18.0,0.004347235641511682
10.0,3.0,19.0,0.011592559005436265
10.0,3.0,20.0,0.03214723522241608
10.0,3.0,21.0,-1.4549461609114633e-06
10.0,4.0,0.0,0.029164467844531194
10.0,4.0,1.0,0.0004940777670207896
10.0,4.0,2.0,0.003177987897168888
10.0,4.0,3.0,-1.9393296592229436e-07
10.0,4.0,4.0,0.16158841361605092
10.0,4.0,5.0,-0.010740588845600571
10.0,4.0,6.0,0.020655592978373605
10.0,4.0,7.0,-0.008532216679487559
10.0,4.0,8.0,-4.973245433831375e-06
10.0,4.0,9.0,-0.005635975500418777
10.0,4.0,10.0,-0.003696942226003197
10.0,4.0,11.0,5.774515809964242e-09
10.0,4.0,12.0,0.03640334179417237
10.0,4.0,13.0,0.005390850255842794
10.0,4.0,14.0,-8.91631782992886e-06
10.0,4.0,15.0,8.320594680005788e-05
10.0,4.0,16.0,0.021243280825683608
10.0,4.0,17.0,-0.007003491401959827
10.0,4.0,18.0,0.036203946018085464
10.0,4.0,19.0,0.026976511647408302
10.0,4.0,20.0,0.030233378664861033
10.0,4.0,21.0,-1.4549462044599615e-06
10.0,5.0,0.0,0.02027896054319478
10.0,5.0,1.0,0.000345952724130405
10.0,5.0,2.0,0.002168862219240286
10.0,5.0,3.0,-1.93932963590826e-07
10.0,5.0,4.0,0.013060518077245953
10.0,5.0,5.0,-0.12031997414246216
10.0,5.0,6.0,0.015742413632089614
10.0,5.0,7.0,-0.023697834050095595
10.0,5.0,8.0,-4.973245244489777e-06
10.0,5.0,9.0,-0.003882806385975185
10.0,5.0,10.0,-0.01123120347910761
10.0,5.0,11.0,5.774515796086455e-09
10.0,5.0,12.0,0.026694262828092757
10.0,5.0,13.0,0.00370626877287511
10.0,5.0,14.0,-8.915386328825521e-06
10.0,5.0,15.0,5.61223393062138e-05
10.0,5.0,16.0,0.02331968514349142
10.0,5.0,17.0,-0.01224398423445186
10.0,5.0,18.0,0.03447026886415039
10.0,5.0,19.0,0.0009183591117282175
10.0,5.0,20.0,0.00996827875663403
10.0,5.0,21.0,-1.4549461490598325e-06
10.0,6.0,0.0,0.052763519488916444
10.0,6.0,1.0,0.0008915160803879552
10.0,6.0,2.0,0.005829784727929221
10.0,6.0,3.0,-1.9393296585290543e-07
10.0,6.0,4.0,0.025856682491610383
10.0,6.0,5.0,-0.011026720970737688
10.0,6.0,6.0,0.14624126380373342
10.0,6.0,7.0,-0.007902489534840546
10.0,6.0,8.0,-4.97324542752392e-06
10.0,6.0,9.0,-0.010278542695146803
10.0,6.0,10.0,-0.0015742018853744932
10.0,6.0,11.0,5.774515809964242e-09
10.0,6.0,12.0,0.009354262698236693
10.0,6.0,13.0,0.009849325191317787
10.0,6.0,14.0,-8.915946496125549e-06
10.0,6.0,15.0,0.00015409165395599556
10.0,6.0,16.0,0.007144601681941809
10.0,6.0,17.0,-0.0059128910039190075
10.0,6.0,18.0,0.03407993789779676
10.0,6.0,19.0,0.01011193578850711
10.0,6.0,20.0,0.015132044420064994
10.0,6.0,21.0,-1.454946202600338e-06
10.0,7.0,0.0,0.007064297111424422
10.0,7.0,1.0,0.00011173374055395424
10.0,7.0,2.0,0.0008505577453066793
10.0,7.0,3.0,-1.9393294364844493e-07
10.0,7.0,4.0,-0.0019447847974424226
10.0,7.0,5.0,-0.018151607747968007
10.0,7.0,6.0,0.001825000737352589
10.0,7.0,7.0,-0.15240275446674498
10.0,7.0,8.0,-4.973243814258843e-06
10.0,7.0,9.0,-0.0014414824168234863
10.0,7.0,10.0,-0.0016047942611534527
10.0,7.0,11.0,5.774515671186364e-09
10.0,7.0,12.0,0.0031192944261448086
10.0,7.0,13.0,0.0013928822795977458
10.0,7.0,14.0,-8.914672731389875e-06
10.0,7.0,15.0,1.982820628262938e-05
10.0,7.0,16.0,0.00336122868704114
10.0,7.0,17.0,-0.02416720420563709
10.0,7.0,18.0,0.00436252667260717
10.0,7.0,19.0,-0.0018428187901540494
10.0,7.0,20.0,0.001694100154583933
10.0,7.0,21.0,-1.4549457307277969e-06
10.0,8.0,0.0,0.04348087253958055
10.0,8.0,1.0,0.03132327109268901
10.0,8.0,2.0,0.018743745545942436
10.0,8.0,3.0,-1.939329648537047e-07
10.0,8.0,4.0,0.010847878196058591
10.0,8.0,5.0,-0.007502517161229821
10.0,8.0,6.0,0.03668530752190435
10.0,8.0,7.0,-0.0012943867575214707
10.0,8.0,8.0,0.14285216927328823
10.0,8.0,9.0,0.004645017806863216
10.0,8.0,10.0,0.01784115539868858
10.0,8.0,11.0,5.774515782208667e-09
10.0,8.0,12.0,0.02522774963107227
10.0,8.0,13.0,0.00806384063861032
10.0,8.0,14.0,-8.915608978539468e-06
10.0,8.0,15.0,0.03367212193031657
10.0,8.0,16.0,0.006882862889148189
10.0,8.0,17.0,-0.002839394114587071
10.0,8.0,18.0,0.015675117672476063
10.0,8.0,19.0,-0.0031374622824547893
10.0,8.0,20.0,0.008156130773099013
10.0,8.0,21.0,0.029084144481792834
10.0,9.0,0.0,0.04174902584630602
10.0,9.0,1.0,0.0007010447483813964
10.0,9.0,2.0,0.004709208353113559
10.0,9.0,3.0,-1.9393296125935766e-07
10.0,9.0,4.0,0.0331777904595939
10.0,9.0,5.0,-0.008942498491880363
10.0,9.0,6.0,0.023256490773525096
10.0,9.0,7.0,-0.0064824986230462844
10.0,9.0,8.0,-4.973245067166343e-06
10.0,9.0,9.0,0.13446322365793056
10.0,9.0,10.0,-0.001304846011707328
10.0,9.0,11.0,5.774515782208667e-09
10.0,9.0,12.0,0.008656112931005322
10.0,9.0,13.0,0.00791756753597933
10.0,9.0,14.0,-8.915967205853731e-06
10.0,9.0,15.0,0.00012300523835470645
10.0,9.0,16.0,0.018717190712114085
10.0,9.0,17.0,-0.004807740773628513
10.0,9.0,18.0,0.01367841427885444
10.0,9.0,19.0,0.01185650321520651
10.0,9.0,20.0,0.011651938907299875
10.0,9.0,21.0,-1.4549460971846617e-06
10.0,10.0,0.0,0.009820510124222248
10.0,10.0,1.0,0.0001562922669063882
10.0,10.0,2.0,0.0010590246572746986
10.0,10.0,3.0,-1.93932964964727e-07
10.0,10.0,4.0,0.005283483520761467
10.0,10.0,5.0,0.039482182639472535
10.0,10.0,6.0,-0.004727773145311753
10.0,10.0,7.0,0.05434219558724909
10.0,10.0,8.0,-4.973245353631639e-06
10.0,10.0,9.0,-0.0018377742211954096
10.0,10.0,10.0,0.14640680194495836
10.0,10.0,11.0,5.774515796086455e-09
10.0,10.0,12.0,-0.0074944746515432925
10.0,10.0,13.0,0.0017548753829548513
10.0,10.0,14.0,-8.915020153390336e-06
10.0,10.0,15.0,2.6950592129953987e-05
10.0,10.0,16.0,0.0035098216828759465
10.0,10.0,17.0,0.03103804799989307
10.0,10.0,18.0,-0.008696471526813132
10.0,10.0,19.0,-0.002234082385107028
10.0,10.0,20.0,-0.00022666076220140274
10.0,10.0,21.0,-1.4549461810065e-06
10.0,11.0,0.0,0.008763934481408331
10.0,11.0,1.0,0.00014649659799054193
10.0,11.0,2.0,0.0017680894104386002
10.0,11.0,3.0,-1.9393296350755929e-07
10.0,11.0,4.0,0.01424818129317329
10.0,11.0,5.0,-0.0026082316201221367
10.0,11.0,6.0,0.003371659383352432
10.0,11.0,7.0,-0.0019534630345635906
10.0,11.0,8.0,-4.973245240021129e-06
10.0,11.0,9.0,0.00780758251644928
10.0,11.0,10.0,-0.000675466682866499
10.0,11.0,11.0,0.1428571485591445
10.0,11.0,12.0,0.006137615751324571
10.0,11.0,13.0,0.0016469005080829713
10.0,11.0,14.0,-8.915304578196548e-06
10.0,11.0,15.0,2.3460790851859148e-05
10.0,11.0,16.0,0.0032249822203757605
10.0,11.0,17.0,-0.0015603707163137637
10.0,11.0,18.0,0.02625504526402886
10.0,11.0,19.0,-0.010369954948616034
10.0,11.0,20.0,0.030335843830822495
10.0,11.0,21.0,-1.454946147783076e-06
10.0,12.0,0.0,0.04860825995404483
10.0,12.0,1.0,0.0008285142064613782
10.0,12.0,2.0,0.005284467845957874
10.0,12.0,3.0,-1.9393296511738267e-07
10.0,12.0,4.0,0.007421026905137018
10.0,12.0,5.0,-0.03203604852941336
10.0,12.0,6.0,0.015964607562015676
10.0,12.0,7.0,-0.027138771749266738
10.0,12.0,8.0,-4.973245368404544e-06
10.0,12.0,9.0,-0.009396124247776153
10.0,12.0,10.0,-0.01455611359021941
10.0,12.0,11.0,5.774515796086455e-09
10.0,12.0,12.0,0.1535782382502542
10.0,12.0,13.0,0.00898203658573779
10.0,12.0,14.0,-8.915620050343526e-06
10.0,12.0,15.0,0.00013993872421116937
10.0,12.0,16.0,0.00819906517260488
10.0,12.0,17.0,-0.02434418664248436
10.0,12.0,18.0,0.045278018653484714
10.0,12.0,19.0,-0.008972749665647761
10.0,12.0,20.0,0.014021580110986753
10.0,12.0,21.0,-1.4549461853086143e-06
10.0,13.0,0.0,0.014615954399744835
10.0,13.0,1.0,0.013222958667023305
10.0,13.0,2.0,0.005537238440434911
10.0,13.0,3.0,-1.9393296456227116e-07
10.0,13.0,4.0,0.007340153796280724
10.0,13.0,5.0,0.01151072171125675
10.0,13.0,6.0,0.0016264194809125776
10.0,13.0,7.0,0.02747796851586512
10.0,13.0,8.0,-4.973245320526176e-06
10.0,13.0,9.0,0.031338829473735036
10.0,13.0,10.0,0.0028543726579444706
10.0,13.0,11.0,5.774515796086455e-09
10.0,13.0,12.0,-0.025587992914263336
10.0,13.0,13.0,0.14554853125882894
10.0,13.0,14.0,-8.915161886193436e-06
10.0,13.0,15.0,0.0023133095059458264
10.0,13.0,16.0,0.001900128895276132
10.0,13.0,17.0,0.006282006617292571
10.0,13.0,18.0,-0.006528657367375207
10.0,13.0,19.0,0.0005845932688160471
10.0,13.0,20.0,0.0007651997418552381
10.0,13.0,21.0,-1.4549461713198042e-06
10.0,14.0,0.0,0.00024959662279810946
10.0,14.0,1.0,2.2397352065495202e-05
10.0,14.0,2.0,-0.0001626683626043679
10.0,14.0,3.0,-1.9393296021852358e-07
10.0,14.0,4.0,-0.012398556683857032
10.0,14.0,5.0,0.0005779509796185051
10.0,14.0,6.0,-0.0016994331775187776
10.0,14.0,7.0,0.0006322056229205175
10.0,14.0,8.0,-4.9732449823799985e-06
10.0,14.0,9.0,9.397968263391565e-05
10.0,14.0,10.0,0.00032132928562794705
10.0,14.0,11.0,5.774515782208667e-09
10.0,14.0,12.0,-0.0038329959020859394
10.0,14.0,13.0,-0.00012445065285485168
10.0,14.0,14.0,0.09603330290075557
10.0,14.0,15.0,-5.768422100815851e-06
10.0,14.0,16.0,-0.0015403067773707702
10.0,14.0,17.0,0.0004512724950578306
10.0,14.0,18.0,-0.011338116793788877
10.0,14.0,19.0,0.003214202615562184
10.0,14.0,20.0,-0.004765781192096141
10.0,14.0,21.0,-1.4549460723711771e-06
10.0,15.0,0.0,0.05203954592345117
10.0,15.0,1.0,0.03503628079469895
10.0,15.0,2.0,0.04031009745649783
10.0,15.0,3.0,-1.9393296414593753e-07
10.0,15.0,4.0,0.004957946737526864
10.0,15.0,5.0,-0.01361267841493713
10.0,15.0,6.0,0.0200208445438384
10.0,15.0,7.0,-0.00751761048807148
10.0,15.0,8.0,-4.973245288100725e-06
10.0,15.0,9.0,-0.010168157046107601
10.0,15.0,10.0,-0.0012372071995124245
10.0,15.0,11.0,5.774515796086455e-09
10.0,15.0,12.0,0.0025365792392119946
10.0,15.0,13.0,0.009756081002437439
10.0,15.0,14.0,-8.915606259138334e-06
10.0,15.0,15.0,0.14899080122418576
10.0,15.0,16.0,0.005185573426900292
10.0,15.0,17.0,-0.005247522771712088
10.0,15.0,18.0,0.007681862865447947
10.0,15.0,19.0,-0.01029160940660967
10.0,15.0,20.0,0.007672245391920185
10.0,15.0,21.0,-1.4549461618273973e-06
10.0,16.0,0.0,0.022561857685665654
10.0,16.0,1.0,0.0003830927256762706
10.0,16.0,2.0,0.0024353752734670997
10.0,16.0,3.0,-1.9393296767089563e-07
10.0,16.0,4.0,0.05594649839700738
10.0,16.0,5.0,-0.006238417651928438
10.0,16.0,6.0,0.0071961763600454365
10.0,16.0,7.0,-0.004730851244407697
10.0,16.0,8.0,-4.973245581477159e-06
10.0,16.0,9.0,-0.004337940241171373
10.0,16.0,10.0,-0.0016230015076726945
10.0,16.0,11.0,5.774515809964242e-09
10.0,16.0,12.0,0.014361747648337753
10.0,16.0,13.0,0.004145108737504788
10.0,16.0,14.0,-8.91607815089074e-06
10.0,16.0,15.0,6.330598933781961e-05
10.0,16.0,16.0,0.15104196568107575
10.0,16.0,17.0,-0.0037726408054643695
10.0,16.0,18.0,0.027368559276185866
10.0,16.0,19.0,0.017457076159626328
10.0,16.0,20.0,0.014306790923823087
10.0,16.0,21.0,-1.4549462476476371e-06
10.0,17.0,0.0,0.007078709537680528
10.0,17.0,1.0,0.0001403778097553987
10.0,17.0,2.0,0.0005342515813099857
10.0,17.0,3.0,-1.9393296286918105e-07
10.0,17.0,4.0,-0.015478785151415098
10.0,17.0,5.0,-0.017540078203913692
10.0,17.0,6.0,-3.043832955984538e-05
10.0,17.0,7.0,-0.029440447470038378
10.0,17.0,8.0,-4.973245182386676e-06
10.0,17.0,9.0,-0.001177038314358697
10.0,17.0,10.0,-0.0013579230682338461
10.0,17.0,11.0,5.774515796086455e-09
10.0,17.0,12.0,-6.98818924661504e-05
10.0,17.0,13.0,0.001082161398773679
10.0,17.0,14.0,-8.913867504961491e-06
10.0,17.0,15.0,1.3015511224484522e-05
10.0,17.0,16.0,0.0014831489218745664
10.0,17.0,17.0,-0.10366089567024006
10.0,17.0,18.0,0.0014347064062515402
10.0,17.0,19.0,-0.004410963992140249
10.0,17.0,20.0,-0.0023232849439175918
10.0,17.0,21.0,-1.4549461309354417e-06
10.0,18.0,0.0,0.030751510416479055
10.0,18.0,1.0,0.0005205938593757509
10.0,18.0,2.0,0.0034333060096125023
10.0,18.0,3.0,-1.9393296570024976e-07
10.0,18.0,4.0,0.021742910745776556
10.0,18.0,5.0,-0.009195107699403682
10.0,18.0,6.0,0.004704339629143572
10.0,18.0,7.0,-0.007125627205944535
10.0,18.0,8.0,-4.973245414111038e-06
10.0,18.0,9.0,-0.006048223632803912
10.0,18.0,10.0,-0.0025267394387776254
10.0,18.0,11.0,5.774515809964242e-09
10.0,18.0,12.0,0.023726923202838174
10.0,18.0,13.0,0.005803136041962809
10.0,18.0,14.0,-8.915748689472627e-06
10.0,18.0,15.0,8.899750995261524e-05
10.0,18.0,16.0,0.005650123192218304
10.0,18.0,17.0,-0.0057985777259438875
10.0,18.0,18.0,0.1541317158806523
10.0,18.0,19.0,-0.002997820741591717
10.0,18.0,20.0,0.03589110710434806
10.0,18.0,21.0,-1.4549461987145573e-06
10.0,19.0,0.0,0.03211225637365711
10.0,19.0,1.0,0.0005416803325830055
10.0,19.0,2.0,0.003551746912614173
10.0,19.0,3.0,-1.9393296597780552e-07
10.0,19.0,4.0,0.02727013558270458
10.0,19.0,5.0,-0.006803090794931743
10.0,19.0,6.0,0.003350388553856054
10.0,19.0,7.0,-0.004891572158024854
10.0,19.0,8.0,-4.97324543837635e-06
10.0,19.0,9.0,-0.006260386550186792
10.0,19.0,10.0,-0.0010124278110180684
10.0,19.0,11.0,5.774515796086455e-09
10.0,19.0,12.0,0.006324571117480693
10.0,19.0,13.0,0.005999907819353334
10.0,19.0,14.0,-8.91583831231676e-06
10.0,19.0,15.0,9.280929214575129e-05
10.0,19.0,16.0,0.005691000976585647
10.0,19.0,17.0,-0.003654560210432603
10.0,19.0,18.0,0.00722689426371842
10.0,19.0,19.0,0.14020337265945812
10.0,19.0,20.0,0.0080515711401557
10.0,19.0,21.0,-1.4549462057644735e-06
10.0,20.0,0.0,0.012688904336804252
10.0,20.0,1.0,0.0002067810098660694
10.0,20.0,2.0,0.0014290675481867243
10.0,20.0,3.0,-1.9393296467329346e-07
10.0,20.0,4.0,0.0004962675770038838
10.0,20.0,5.0,-0.0023286100912547764
10.0,20.0,6.0,-8.751948647964247e-05
10.0,20.0,7.0,-0.001631915569000164
10.0,20.0,8.0,-4.973245331059417e-06
10.0,20.0,9.0,-0.0024764591932904256
10.0,20.0,10.0,-0.0001919479132715951
10.0,20.0,11.0,5.774515782208667e-09
10.0,20.0,12.0,7.324401346303633e-05
10.0,20.0,13.0,0.002377034117665461
10.0,20.0,14.0,-8.914902499864124e-06
10.0,20.0,15.0,3.602305516187121e-05
10.0,20.0,16.0,0.0009420505062695539
10.0,20.0,17.0,-0.0011559890615623486
10.0,20.0,18.0,0.0005443063213745047
10.0,20.0,19.0,-0.003393781346723135
10.0,20.0,20.0,0.1443862713594095
10.0,20.0,21.0,-1.4549461744284287e-06
10.0,21.0,0.0,0.020297503559414953
10.0,21.0,1.0,0.0003353279396786646
10.0,21.0,2.0,0.0022711653614648775
10.0,21.0,3.0,-1.9393296506187152e-07
10.0,21.0,4.0,0.0007142725049931187
10.0,21.0,5.0,-0.0037276177872727356
10.0,21.0,6.0,-0.00012706375961865635
10.0,21.0,7.0,-0.00259876932637515
10.0,21.0,8.0,-4.9732453613129946e-06
10.0,21.0,9.0,-0.003958530325103321
10.0,21.0,10.0,-0.0003067068597696343
10.0,21.0,11.0,5.774515796086455e-09
10.0,21.0,12.0,0.00013074385641850816
10.0,21.0,13.0,0.003797765819444715
10.0,21.0,14.0,-8.915057476899891e-06
10.0,21.0,15.0,5.867095079373219e-05
10.0,21.0,16.0,0.0015189537622370963
10.0,21.0,17.0,-0.0018510050315888038
10.0,21.0,18.0,0.0008809485435514186
10.0,21.0,19.0,-0.005399998175854542
10.0,21.0,20.0,0.0024602115196480367
10.0,21.0,21.0,0.14285493950207448
11.0,0.0,0.0,-0.16438855519858464
11.0,0.0,1.0,-0.01637336627699998
11.0,0.0,2.0,-0.030800940709815816
11.0,0.0,3.0,-1.9287766869768852e-07
11.0,0.0,4.0,0.007666529183956272
11.0,0.0,5.0,0.030394616739812183
11.0,0.0,6.0,-0.0007025361075041758
11.0,0.0,7.0,0.0077322284748232994
11.0,0.0,8.0,-4.956260505784016e-06
11.0,0.0,9.0,0.026938142296433404
11.0,0.0,10.0,0.006172123088800496
11.0,0.0,11.0,5.6255808483784975e-09
11.0,0.0,12.0,0.006933920321109066
11.0,0.0,13.0,-0.07054699620590038
11.0,0.0,14.0,-0.004016973077039021
11.0,0.0,15.0,-0.0022629443283730816
11.0,0.0,16.0,-0.002177686120373612
11.0,0.0,17.0,0.03928110512594972
11.0,0.0,18.0,-0.00039229579729144204
11.0,0.0,19.0,0.033718716136390936
11.0,0.0,20.0,-0.012992108863914331
11.0,0.0,21.0,-5.623534433396582e-07
11.0,1.0,0.0,0.049229837610298754
11.0,1.0,1.0,0.1510935257624238
11.0,1.0,2.0,0.028005507198321067
11.0,1.0,3.0,-1.9287766600539769e-07
11.0,1.0,4.0,-0.0018318794538128569
11.0,1.0,5.0,-0.010601930124290074
11.0,1.0,6.0,0.002240761640365796
11.0,1.0,7.0,-0.0024616088777465184
11.0,1.0,8.0,-4.9562602779454346e-06
11.0,1.0,9.0,-0.007982835078455375
11.0,1.0,10.0,-0.0023364723559617384
11.0,1.0,11.0,5.625580820622922e-09
11.0,1.0,12.0,-0.0017041013744337752
11.0,1.0,13.0,0.02073254876460129
11.0,1.0,14.0,0.0010281966393756725
11.0,1.0,15.0,0.020205519205605732
11.0,1.0,16.0,0.0010069311258211477
11.0,1.0,17.0,-0.010864838035063058
11.0,1.0,18.0,0.0007981608029123122
11.0,1.0,19.0,-0.009533766966480506
11.0,1.0,20.0,0.003984864396465504
11.0,1.0,21.0,-5.623534175547285e-07
11.0,2.0,0.0,0.04644733682412616
11.0,2.0,1.0,0.005100512432557713
11.0,2.0,2.0,0.15097147510140985
11.0,2.0,3.0,-1.9287766790665462e-07
11.0,2.0,4.0,-0.001320573194854402
11.0,2.0,5.0,-0.020446290055918
11.0,2.0,6.0,0.0028003022978178305
11.0,2.0,7.0,-0.004739987091536085
11.0,2.0,8.0,-4.956260437456728e-06
11.0,2.0,9.0,-0.00744550848796377
11.0,2.0,10.0,-0.005121420376411057
11.0,2.0,11.0,5.6255808483784975e-09
11.0,2.0,12.0,-0.00011050479008870018
11.0,2.0,13.0,0.01903020119901988
11.0,2.0,14.0,0.000867224512546512
11.0,2.0,15.0,0.0005909843245528179
11.0,2.0,16.0,0.003062631341826827
11.0,2.0,17.0,-0.011205759260131176
11.0,2.0,18.0,0.002868945414709917
11.0,2.0,19.0,-0.008451225617263525
11.0,2.0,20.0,0.004123853557509216
11.0,2.0,21.0,-5.623534356236082e-07
11.0,3.0,0.0,0.014003359422431139
11.0,3.0,1.0,0.002130733880729374
11.0,3.0,2.0,0.0020600593028051173
11.0,3.0,3.0,0.14285694990922498
11.0,3.0,4.0,0.04608290766819256
11.0,3.0,5.0,-0.0061666317538426885
11.0,3.0,6.0,0.006302511832841889
11.0,3.0,7.0,-0.004403866450289617
11.0,3.0,8.0,-4.956260095785592e-06
11.0,3.0,9.0,-0.0020908857216112575
11.0,3.0,10.0,-0.004016494163114004
11.0,3.0,11.0,5.625580820622922e-09
11.0,3.0,12.0,0.012618297154113084
11.0,3.0,13.0,0.004772605151586562
11.0,3.0,14.0,-0.00894309300839399
11.0,3.0,15.0,0.00011690171690179052
11.0,3.0,16.0,0.004355035268203994
11.0,3.0,17.0,-0.005180260993923767
11.0,3.0,18.0,0.01417059098312351
11.0,3.0,19.0,0.014562019577046559
11.0,3.0,20.0,0.04108222187791272
11.0,3.0,21.0,-5.623533968768246e-07
11.0,4.0,0.0,0.024992608920546222
11.0,4.0,1.0,0.0026234682925159736
11.0,4.0,2.0,0.004566726955695655
11.0,4.0,3.0,-1.928776668935761e-07
11.0,4.0,4.0,0.1514607775695721
11.0,4.0,5.0,-0.016122448716808915
11.0,4.0,6.0,0.020071667846444874
11.0,4.0,7.0,-0.013958051322168319
11.0,4.0,8.0,-4.956260352038944e-06
11.0,4.0,9.0,-0.004040669242388578
11.0,4.0,10.0,-0.011899047466844004
11.0,4.0,11.0,5.62558083450071e-09
11.0,4.0,12.0,0.04207149547118874
11.0,4.0,13.0,0.010451488989570268
11.0,4.0,14.0,-0.02712784360882442
11.0,4.0,15.0,0.00032857481036777103
11.0,4.0,16.0,0.01372701333578738
11.0,4.0,17.0,-0.008853893639694712
11.0,4.0,18.0,0.04535741504592336
11.0,4.0,19.0,0.010959986714167369
11.0,4.0,20.0,0.028093178727047086
11.0,4.0,21.0,-5.623534259646679e-07
11.0,5.0,0.0,0.02582568502334659
11.0,5.0,1.0,0.002896002788398855
11.0,5.0,2.0,0.004589125368736124
11.0,5.0,3.0,-1.928776648535413e-07
11.0,5.0,4.0,0.004629417718378825
11.0,5.0,5.0,-0.08634173959702365
11.0,5.0,6.0,0.01757368330862777
11.0,5.0,7.0,-0.021408200708160546
11.0,5.0,8.0,-4.956260185713657e-06
11.0,5.0,9.0,-0.004139704114369008
11.0,5.0,10.0,-0.023693530305331417
11.0,5.0,11.0,5.625580820622922e-09
11.0,5.0,12.0,0.011723546442523741
11.0,5.0,13.0,0.010551533954600179
11.0,5.0,14.0,-0.0006137619232516461
11.0,5.0,15.0,0.0003212643698873585
11.0,5.0,16.0,0.016976314460988517
11.0,5.0,17.0,-0.013303192596253389
11.0,5.0,18.0,0.018270824691922843
11.0,5.0,19.0,0.0009517660404247952
11.0,5.0,20.0,0.006303193120704376
11.0,5.0,21.0,-5.623534070631209e-07
11.0,6.0,0.0,0.016851702074169195
11.0,6.0,1.0,0.0015700330928151152
11.0,6.0,2.0,0.003215224407029149
11.0,6.0,3.0,-1.9287766631070902e-07
11.0,6.0,4.0,0.025713068139592177
11.0,6.0,5.0,-0.006161305060610633
11.0,6.0,6.0,0.14707788215677847
11.0,6.0,7.0,-0.0042869251458038105
11.0,6.0,8.0,-4.956260304014859e-06
11.0,6.0,9.0,-0.002772165613303207
11.0,6.0,10.0,-0.003390213592396829
11.0,6.0,11.0,5.62558083450071e-09
11.0,6.0,12.0,0.009972231436571055
11.0,6.0,13.0,0.007320046826782778
11.0,6.0,14.0,-0.0048595700338515055
11.0,6.0,15.0,0.00024181331691749963
11.0,6.0,16.0,0.003178959985950497
11.0,6.0,17.0,-0.006057851438629483
11.0,6.0,18.0,0.023979030076333868
11.0,6.0,19.0,0.02708728800164445
11.0,6.0,20.0,0.009180322607437785
11.0,6.0,21.0,-5.623534204968195e-07
11.0,7.0,0.0,0.04096391239722641
11.0,7.0,1.0,0.004431334887530558
11.0,7.0,2.0,0.007407719536604018
11.0,7.0,3.0,-1.9287766489517466e-07
11.0,7.0,4.0,-0.0003978011304964779
11.0,7.0,5.0,-0.03755144658231219
11.0,7.0,6.0,0.006549093058716482
11.0,7.0,7.0,-0.15286259763675064
11.0,7.0,8.0,-4.956260185783046e-06
11.0,7.0,9.0,-0.006615736485322932
11.0,7.0,10.0,-0.009894387509558344
11.0,7.0,11.0,5.625580820622922e-09
11.0,7.0,12.0,0.0027938268375021225
11.0,7.0,13.0,0.017029105033921688
11.0,7.0,14.0,0.0006285970083939676
11.0,7.0,15.0,0.0005271768636723184
11.0,7.0,16.0,0.00662233566917364
11.0,7.0,17.0,-0.01730744879428721
11.0,7.0,18.0,0.006657977954570515
11.0,7.0,19.0,-0.006108822362972277
11.0,7.0,20.0,0.004612352713449952
11.0,7.0,21.0,-5.623534070631209e-07
11.0,8.0,0.0,0.030322863670506628
11.0,8.0,1.0,0.04619964115075181
11.0,8.0,2.0,0.012478905431562937
11.0,8.0,3.0,-1.9287766717113186e-07
11.0,8.0,4.0,0.0038087652243218306
11.0,8.0,5.0,-0.007350373158046999
11.0,8.0,6.0,0.017919029204825382
11.0,8.0,7.0,-0.0015864679851031738
11.0,8.0,8.0,0.14285218626714613
11.0,8.0,9.0,0.002795050202770877
11.0,8.0,10.0,0.01620928051701709
11.0,8.0,11.0,5.62558083450071e-09
11.0,8.0,12.0,0.012779253341490077
11.0,8.0,13.0,0.012750536971559367
11.0,8.0,14.0,-0.000360132276027908
11.0,8.0,15.0,0.023459096604020985
11.0,8.0,16.0,0.004031944818187916
11.0,8.0,17.0,-0.005716653352185736
11.0,8.0,18.0,0.007245812426873888
11.0,8.0,19.0,-0.0004278005897526693
11.0,8.0,20.0,0.004387728879213348
11.0,8.0,21.0,0.011171475799283598
11.0,9.0,0.0,0.05208195780492675
11.0,9.0,1.0,0.005521179380226893
11.0,9.0,2.0,0.009496563810462433
11.0,9.0,3.0,-1.9287766503395254e-07
11.0,9.0,4.0,0.027940351601563884
11.0,9.0,5.0,-0.012086387301055143
11.0,9.0,6.0,0.021469829771703558
11.0,9.0,7.0,-0.004959604564681447
11.0,9.0,8.0,-4.956260201610663e-06
11.0,9.0,9.0,0.13445623106970955
11.0,9.0,10.0,-0.00449000878773953
11.0,9.0,11.0,5.625580820622922e-09
11.0,9.0,12.0,0.007743047826820226
11.0,9.0,13.0,0.02178986452404097
11.0,9.0,14.0,-0.004814330825306863
11.0,9.0,15.0,0.0006814920045800643
11.0,9.0,16.0,0.024900319853786823
11.0,9.0,17.0,-0.011535619623287087
11.0,9.0,18.0,0.01620576151755937
11.0,9.0,19.0,0.02561457286736929
11.0,9.0,20.0,0.010631147646763317
11.0,9.0,21.0,-5.623534088672333e-07
11.0,10.0,0.0,0.003234776899044056
11.0,10.0,1.0,0.0008149634754613388
11.0,10.0,2.0,0.00022167132071532203
11.0,10.0,3.0,-1.9287766772624337e-07
11.0,10.0,4.0,0.00208938696524974
11.0,10.0,5.0,0.0200660780314718
11.0,10.0,6.0,-0.003890486535935378
11.0,10.0,7.0,0.032749878449603614
11.0,10.0,8.0,-4.956260422434022e-06
11.0,10.0,9.0,-0.00037600289415323784
11.0,10.0,10.0,0.14811995404512385
11.0,10.0,11.0,5.62558083450071e-09
11.0,10.0,12.0,-0.002383600802435798
11.0,10.0,13.0,0.0004980315351205689
11.0,10.0,14.0,-0.00042277689223175347
11.0,10.0,15.0,-2.7833999651782904e-06
11.0,10.0,16.0,-0.003799943511576337
11.0,10.0,17.0,0.03509309255577899
11.0,10.0,18.0,-0.0033936682236905824
11.0,10.0,19.0,-0.0016785454157145496
11.0,10.0,20.0,-0.00040008604886360155
11.0,10.0,21.0,-5.623534339305181e-07
11.0,11.0,0.0,0.019504679637375233
11.0,11.0,1.0,0.002051493437396412
11.0,11.0,2.0,0.008753534964562826
11.0,11.0,3.0,-1.928776655335529e-07
11.0,11.0,4.0,0.020720706329790506
11.0,11.0,5.0,-0.0074133925225198655
11.0,11.0,6.0,0.00740760245967792
11.0,11.0,7.0,-0.004806754909936178
11.0,11.0,8.0,-4.956260243799138e-06
11.0,11.0,9.0,0.022417871430816583
11.0,11.0,10.0,-0.003958900496146056
11.0,11.0,11.0,0.1428571484690339
11.0,11.0,12.0,0.011228871618376324
11.0,11.0,13.0,0.008170647371278539
11.0,11.0,14.0,-0.00385741625233451
11.0,11.0,15.0,0.0002562805830180759
11.0,11.0,16.0,0.007202075107584416
11.0,11.0,17.0,-0.006884754025870488
11.0,11.0,18.0,0.03621657722472607
11.0,11.0,19.0,-0.0034189970415701154
11.0,11.0,20.0,0.03585289828548177
11.0,11.0,21.0,-5.623534136689479e-07
11.0,12.0,0.0,0.05578628466665392
11.0,12.0,1.0,0.006102400055299773
11.0,12.0,2.0,0.010030510538331316
11.0,12.0,3.0,-1.928776663384646e-07
11.0,12.0,4.0,0.010058140062456367
11.0,12.0,5.0,-0.052125631396966285
11.0,12.0,6.0,0.03708966234346661
11.0,12.0,7.0,-0.04894672796904476
11.0,12.0,8.0,-4.956260305215288e-06
11.0,12.0,9.0,-0.00898965322087733
11.0,12.0,10.0,-0.04257808134311786
11.0,12.0,11.0,5.62558083450071e-09
11.0,12.0,12.0,0.15778927218753164
11.0,12.0,13.0,0.02306383888064456
11.0,12.0,14.0,-0.001237623591127189
11.0,12.0,15.0,0.0007105726914660437
11.0,12.0,16.0,0.031155994249792124
11.0,12.0,17.0,-0.017297654731192835
11.0,12.0,18.0,0.055140257045398405
11.0,12.0,19.0,0.00098733598312023
11.0,12.0,20.0,0.01680272439824232
11.0,12.0,21.0,-5.623534206355973e-07
11.0,13.0,0.0,0.014153997688613917
11.0,13.0,1.0,0.035923146360195
11.0,13.0,2.0,0.006805666440713121
11.0,13.0,3.0,-1.9287766790665462e-07
11.0,13.0,4.0,-0.001205175751703369
11.0,13.0,5.0,0.04174952209108078
11.0,13.0,6.0,-0.010409806090507151
11.0,13.0,7.0,0.051784562085131186
11.0,13.0,8.0,-4.95626043781755e-06
11.0,13.0,9.0,0.009838864941112052
11.0,13.0,10.0,0.014948046928383862
11.0,13.0,11.0,5.62558083450071e-09
11.0,13.0,12.0,-0.024806283910695753
11.0,13.0,13.0,0.14835226588673156
11.0,13.0,14.0,0.0004070084518275688
11.0,13.0,15.0,0.004719128474030054
11.0,13.0,16.0,-0.009336732162845973
11.0,13.0,17.0,0.012250237124205726
11.0,13.0,18.0,-0.013483882509410627
11.0,13.0,19.0,-0.004015099885893603
11.0,13.0,20.0,-0.0018541133887887695
11.0,13.0,21.0,-5.623534356791193e-07
11.0,14.0,0.0,0.0003460873021218225
11.0,14.0,1.0,9.676350822690472e-05
11.0,14.0,2.0,2.57267150525764e-05
11.0,14.0,3.0,-1.9287766730990974e-07
11.0,14.0,4.0,-0.01061294564898474
11.0,14.0,5.0,0.0010057342624599785
11.0,14.0,6.0,-0.0017429816907386098
11.0,14.0,7.0,0.0011590889515923908
11.0,14.0,8.0,-4.956260384859912e-06
11.0,14.0,9.0,-4.9044452686997086e-05
11.0,14.0,10.0,0.0011353306639619865
11.0,14.0,11.0,5.62558083450071e-09
11.0,14.0,12.0,-0.004827338203079484
11.0,14.0,13.0,6.580112476023414e-05
11.0,14.0,14.0,0.14492854773865504
11.0,14.0,15.0,-1.684693876374821e-06
11.0,14.0,16.0,-0.0012204323521622928
11.0,14.0,17.0,-0.001105272752899792
11.0,14.0,18.0,-0.01238720498735621
11.0,14.0,19.0,0.005910131497655513
11.0,14.0,20.0,-0.0037237494658816095
11.0,14.0,21.0,-5.62353429683915e-07
11.0,15.0,0.0,0.039356791653833656
11.0,15.0,1.0,0.02859865776582432
11.0,15.0,2.0,0.021030261433481967
11.0,15.0,3.0,-1.9287766578335308e-07
11.0,15.0,4.0,0.00045164742419223636
11.0,15.0,5.0,-0.008653228126906956
11.0,15.0,6.0,0.013000724007837694
11.0,15.0,7.0,-0.00221505559809293
11.0,15.0,8.0,-4.956260261514134e-06
11.0,15.0,9.0,-0.006353093965981216
11.0,15.0,10.0,-0.0020795164951060152
11.0,15.0,11.0,5.62558083450071e-09
11.0,15.0,12.0,-0.0005916463588672705
11.0,15.0,13.0,0.01636194761264398
11.0,15.0,14.0,0.00042272687841407586
11.0,15.0,15.0,0.14657195107756754
11.0,15.0,16.0,0.0010212125687372176
11.0,15.0,17.0,-0.009346386216941453
11.0,15.0,18.0,0.0024561058630911403
11.0,15.0,19.0,-0.005289897760577145
11.0,15.0,20.0,0.003724032932347021
11.0,15.0,21.0,-5.623534156673493e-07
11.0,16.0,0.0,0.05780337032815697
11.0,16.0,1.0,0.00615744478872271
11.0,16.0,2.0,0.010514508680968593
11.0,16.0,3.0,-1.928776670045984e-07
11.0,16.0,4.0,0.02909086954555462
11.0,16.0,5.0,-0.01461432157194166
11.0,16.0,6.0,0.005927030998296112
11.0,16.0,7.0,-0.006821227105708955
11.0,16.0,8.0,-4.956260360178266e-06
11.0,16.0,9.0,-0.009349974036031966
11.0,16.0,10.0,-0.006151834980191673
11.0,16.0,11.0,5.6255808483784975e-09
11.0,16.0,12.0,0.013240568312937545
11.0,16.0,13.0,0.0241436726598227
11.0,16.0,14.0,-0.00496690896281932
11.0,16.0,15.0,0.0007533672397239677
11.0,16.0,16.0,0.14766513794968625
11.0,16.0,17.0,-0.01282008839718059
11.0,16.0,18.0,0.04367031850561773
11.0,16.0,19.0,0.012748010411649469
11.0,16.0,20.0,0.016893348301540545
11.0,16.0,21.0,-5.623534268528463e-07
11.0,17.0,0.0,0.0037725785191727867
11.0,17.0,1.0,0.0010117473257659215
11.0,17.0,2.0,0.00022828067993269086
11.0,17.0,3.0,-1.9287762451081214e-07
11.0,17.0,4.0,-0.0020598945016249703
11.0,17.0,5.0,-0.002405657427326957
11.0,17.0,6.0,0.00023995054264572269
11.0,17.0,7.0,-0.002772871484955225
11.0,17.0,8.0,-4.956257378264939e-06
11.0,17.0,9.0,-0.0004408548293052261
11.0,17.0,10.0,-0.0006225336697426309
11.0,17.0,11.0,5.625580598578317e-09
11.0,17.0,12.0,-0.00046513429010597296
11.0,17.0,13.0,0.000561029594315865
11.0,17.0,14.0,0.00038013953883919704
11.0,17.0,15.0,-1.0985479564962208e-05
11.0,17.0,16.0,0.00029521041510280344
11.0,17.0,17.0,-0.017386182487197942
11.0,17.0,18.0,-2.8231017679042347e-05
11.0,17.0,19.0,-0.0006622299364749673
11.0,17.0,20.0,-0.0001683792055349187
11.0,17.0,21.0,-5.623530885401351e-07
11.0,18.0,0.0,0.029708893975821993
11.0,18.0,1.0,0.0030160521700917653
11.0,18.0,2.0,0.0055036892105271296
11.0,18.0,3.0,-1.9287766658826477e-07
11.0,18.0,4.0,0.0023245200780214748
11.0,18.0,5.0,-0.014111381626855615
11.0,18.0,6.0,0.007461527817286706
11.0,18.0,7.0,-0.01112455122374234
11.0,18.0,8.0,-4.956260326378914e-06
11.0,18.0,9.0,-0.004832215931379724
11.0,18.0,10.0,-0.009123130376879562
11.0,18.0,11.0,5.62558083450071e-09
11.0,18.0,12.0,0.030055010350634875
11.0,18.0,13.0,0.012593566921634713
11.0,18.0,14.0,-7.918282214447459e-05
11.0,18.0,15.0,0.0004014499727272025
11.0,18.0,16.0,0.006442665690948007
11.0,18.0,17.0,-0.011642933323054216
11.0,18.0,18.0,0.15391079606480942
11.0,18.0,19.0,-0.0035140651151314706
11.0,18.0,20.0,0.034581390517483046
11.0,18.0,21.0,-5.623534230225768e-07
11.0,19.0,0.0,0.03704734668937981
11.0,19.0,1.0,0.00401045249686055
11.0,19.0,2.0,0.006697554035571707
11.0,19.0,3.0,-1.9287766675479823e-07
11.0,19.0,4.0,0.019566140366381213
11.0,19.0,5.0,-0.008439747658670865
11.0,19.0,6.0,0.0029922501681609315
11.0,19.0,7.0,-0.0033654397220840016
11.0,19.0,8.0,-4.95626034064528e-06
11.0,19.0,9.0,-0.005979902342409277
11.0,19.0,10.0,-0.0029701256178875646
11.0,19.0,11.0,5.62558083450071e-09
11.0,19.0,12.0,0.004463824367159114
11.0,19.0,13.0,0.015391394695761895
11.0,19.0,14.0,-0.003392636138955768
11.0,19.0,15.0,0.00047612536452809606
11.0,19.0,16.0,0.0023822845195200226
11.0,19.0,17.0,-0.009130273262817085
11.0,19.0,18.0,0.0065240595442208615
11.0,19.0,19.0,0.13759684908488173
11.0,19.0,20.0,0.006492945069884903
11.0,19.0,21.0,-5.623534246601558e-07
11.0,20.0,0.0,0.012269298513074234
11.0,20.0,1.0,0.001439621180070405
11.0,20.0,2.0,0.0021413224608942127
11.0,20.0,3.0,-1.928776665466314e-07
11.0,20.0,4.0,-0.0007622159138913065
11.0,20.0,5.0,-0.002426983090268342
11.0,20.0,6.0,9.4627402403763e-05
11.0,20.0,7.0,-0.0007112712254949138
11.0,20.0,8.0,-4.956260326191564e-06
11.0,20.0,9.0,-0.0019531244393961866
11.0,20.0,10.0,-0.000535723775305974
11.0,20.0,11.0,5.62558083450071e-09
11.0,20.0,12.0,-0.000555347232471165
11.0,20.0,13.0,0.004924511846139956
11.0,20.0,14.0,0.0002725037121536558
11.0,20.0,15.0,0.00014671040230135324
11.0,20.0,16.0,0.0001963959721632269
11.0,20.0,17.0,-0.00418539566293054
11.0,20.0,18.0,6.345842876168128e-05
11.0,20.0,19.0,-0.0024657959395201767
11.0,20.0,20.0,0.14372870609088445
11.0,20.0,21.0,-5.623534230503324e-07
11.0,21.0,0.0,0.029237450293323697
11.0,21.0,1.0,0.0032756926200461223
11.0,21.0,2.0,0.005193045584831857
11.0,21.0,3.0,-1.9287766694908726e-07
11.0,21.0,4.0,-0.0015121501418165484
11.0,21.0,5.0,-0.005444640165360434
11.0,21.0,6.0,0.00017015617587343157
11.0,21.0,7.0,-0.0012818006398109538
11.0,21.0,8.0,-4.9562603571459696e-06
11.0,21.0,9.0,-0.004685914626845034
11.0,21.0,10.0,-0.0011675186396536974
11.0,21.0,11.0,5.62558083450071e-09
11.0,21.0,12.0,-0.0012804241030811847
11.0,21.0,13.0,0.01193514069367152
11.0,21.0,14.0,0.0006604865342875535
11.0,21.0,15.0,0.0003642539231356323
11.0,21.0,16.0,0.0004109666833877479
11.0,21.0,17.0,-0.007490891185279012
11.0,21.0,18.0,0.00012937982709865237
11.0,21.0,19.0,-0.005899900329091989
11.0,21.0,20.0,0.0021578973950336366
11.0,21.0,21.0,0.14285656825450307
12.0,0.0,0.0,-0.1715607252927902
12.0,0.0,1.0,-0.0036291127954702906
12.0,0.0,2.0,-0.02990986352626418
12.0,0.0,3.0,-1.9293877628889788e-07
12.0,0.0,4.0,-0.005492393223558767
12.0,0.0,5.0,0.03283471208997957
12.0,0.0,6.0,-0.005745928276182366
12.0,0.0,7.0,0.02623276298506101
12.0,0.0,8.0,-4.975036118751164e-06
12.0,0.0,9.0,0.024423996307164103
12.0,0.0,10.0,0.005299116112438995
12.0,0.0,11.0,5.635285890703834e-09
12.0,0.0,12.0,-0.0015501528306108292
12.0,0.0,13.0,-0.014094036567292426
12.0,0.0,14.0,-0.019267884231528608
12.0,0.0,15.0,-0.00044937569317950177
12.0,0.0,16.0,-0.01657738703793049
12.0,0.0,17.0,0.039993471886230425
12.0,0.0,18.0,-0.006965867961493455
12.0,0.0,19.0,0.02692099928453956
12.0,0.0,20.0,-0.053249709634668574
12.0,0.0,21.0,-1.2848789183173004e-06
12.0,1.0,0.0,0.039091682599274646
12.0,1.0,1.0,0.14881941873938023
12.0,1.0,2.0,0.04478631429546737
12.0,1.0,3.0,-1.9293877473458565e-07
12.0,1.0,4.0,0.0022185669712651013
12.0,1.0,5.0,-0.010475474479810828
12.0,1.0,6.0,0.004970490498055202
12.0,1.0,7.0,-0.006586451734456919
12.0,1.0,8.0,-4.975035985566034e-06
12.0,1.0,9.0,-0.005523273087913588
12.0,1.0,10.0,-0.0017747851115281765
12.0,1.0,11.0,5.635285876826046e-09
12.0,1.0,12.0,0.000823865146688918
12.0,1.0,13.0,0.0031927019812031943
12.0,1.0,14.0,0.004183239587939841
12.0,1.0,15.0,0.018388795655702075
12.0,1.0,16.0,0.004323177746913376
12.0,1.0,17.0,-0.009877353015788334
12.0,1.0,18.0,0.003289384022114983
12.0,1.0,19.0,-0.005017504914128168
12.0,1.0,20.0,0.011808192574664367
12.0,1.0,21.0,-1.2848788839003866e-06
12.0,2.0,0.0,0.03461579814397209
12.0,2.0,1.0,0.0007345845661277106
12.0,2.0,2.0,0.14875170102889262
12.0,2.0,3.0,-1.9293877484560795e-07
12.0,2.0,4.0,0.00210450129279538
12.0,2.0,5.0,-0.01765431478323984
12.0,2.0,6.0,0.004201622682556083
12.0,2.0,7.0,-0.007497752145422268
12.0,2.0,8.0,-4.9750359969250035e-06
12.0,2.0,9.0,-0.004888862835570412
12.0,2.0,10.0,-0.00294803336300975
12.0,2.0,11.0,5.635285890703834e-09
12.0,2.0,12.0,0.0013751619365837409
12.0,2.0,13.0,0.0028260881108336244
12.0,2.0,14.0,0.003688330804778567
12.0,2.0,15.0,8.935374127068407e-05
12.0,2.0,16.0,0.004966845507126505
12.0,2.0,17.0,-0.01110221139165607
12.0,2.0,18.0,0.003999025053564531
12.0,2.0,19.0,-0.0044654385089968884
12.0,2.0,20.0,0.010519004016063982
12.0,2.0,21.0,-1.2848788868424776e-06
12.0,3.0,0.0,0.051189579168742116
12.0,3.0,1.0,0.0010851543545368492
12.0,3.0,2.0,0.008777870592447279
12.0,3.0,3.0,0.14285694991508097
12.0,3.0,4.0,0.02541928752748912
12.0,3.0,5.0,-0.0104066417413239
12.0,3.0,6.0,0.007538231414553176
12.0,3.0,7.0,-0.008107027212613693
12.0,3.0,8.0,-4.975036002441424e-06
12.0,3.0,9.0,-0.007245232530148027
12.0,3.0,10.0,-0.0021473726296039053
12.0,3.0,11.0,5.635285876826046e-09
12.0,3.0,12.0,0.005425052042034723
12.0,3.0,13.0,0.004185824753900724
12.0,3.0,14.0,0.0013168992335040458
12.0,3.0,15.0,0.00013267087543469835
12.0,3.0,16.0,0.00837412566762663
12.0,3.0,17.0,-0.010002489758853955
12.0,3.0,18.0,0.008939052573658401
12.0,3.0,19.0,0.006402519251255012
12.0,3.0,20.0,0.033068500865345296
12.0,3.0,21.0,-1.2848788882857676e-06
12.0,4.0,0.0,0.04345630431233638
12.0,4.0,1.0,0.0009216354614420275
12.0,4.0,2.0,0.007430857454809814
12.0,4.0,3.0,-1.929387746651967e-07
12.0,4.0,4.0,0.17776471940226302
12.0,4.0,5.0,-0.012895692287294133
12.0,4.0,6.0,0.04583363144291469
12.0,4.0,7.0,-0.008814701332962388
12.0,4.0,8.0,-4.975035981909237e-06
12.0,4.0,9.0,-0.006145123929415602
12.0,4.0,10.0,-0.005329201323802768
12.0,4.0,11.0,5.635285876826046e-09
12.0,4.0,12.0,0.03837106388692382
12.0,4.0,13.0,0.0035510798339696836
12.0,4.0,14.0,-0.028128360171165198
12.0,4.0,15.0,0.00011242341216580187
12.0,4.0,16.0,0.030575317317923068
12.0,4.0,17.0,0.004184567050215068
12.0,4.0,18.0,0.05166429032960751
12.0,4.0,19.0,0.02512684373915325
12.0,4.0,20.0,0.04735417062797609
12.0,4.0,21.0,-1.284878882956697e-06
12.0,5.0,0.0,0.04843456842303728
12.0,5.0,1.0,0.001026933005070646
12.0,5.0,2.0,0.00835155101949675
12.0,5.0,3.0,-1.9293877454029662e-07
12.0,5.0,4.0,0.009214451014165292
12.0,5.0,5.0,-0.09529620571158758
12.0,5.0,6.0,0.026086559632914286
12.0,5.0,7.0,-0.024681180090457583
12.0,5.0,8.0,-4.975035971140074e-06
12.0,5.0,9.0,-0.006878524686351611
12.0,5.0,10.0,-0.01589907818768832
12.0,5.0,11.0,5.635285876826046e-09
12.0,5.0,12.0,0.009688954189984694
12.0,5.0,13.0,0.003971960825901399
12.0,5.0,14.0,0.003935667983271496
12.0,5.0,15.0,0.00012583208409841506
12.0,5.0,16.0,0.017898636190437522
12.0,5.0,17.0,-0.03498513249047232
12.0,5.0,18.0,0.020861525357354693
12.0,5.0,19.0,-0.0010133373711100346
12.0,5.0,20.0,0.017163371513324033
12.0,5.0,21.0,-1.2848788801811395e-06
12.0,6.0,0.0,0.049728743107833484
12.0,6.0,1.0,0.0010552005757400451
12.0,6.0,2.0,0.00857012466436341
12.0,6.0,3.0,-1.9293877552561955e-07
12.0,6.0,4.0,0.042231661329921955
12.0,6.0,5.0,-0.012140937518778497
12.0,6.0,6.0,0.15648692855443908
12.0,6.0,7.0,-0.009074898538167814
12.0,6.0,8.0,-4.975036053421478e-06
12.0,6.0,9.0,-0.007065994876457121
12.0,6.0,10.0,-0.003336210432197173
12.0,6.0,11.0,5.635285876826046e-09
12.0,6.0,12.0,0.016250328564399202
12.0,6.0,13.0,0.004080093822366931
12.0,6.0,14.0,-0.0021280035975774214
12.0,6.0,15.0,0.00012916839258547697
12.0,6.0,16.0,0.012460126146457473
12.0,6.0,17.0,-0.0095544802347301
12.0,6.0,18.0,0.04675473150428888
12.0,6.0,19.0,0.0316907420390386
12.0,6.0,20.0,0.024818247402103588
12.0,6.0,21.0,-1.2848789014141548e-06
12.0,7.0,0.0,0.03494380372290351
12.0,7.0,1.0,0.0007411660028211475
12.0,7.0,2.0,0.005908168513258205
12.0,7.0,3.0,-1.9293877037696028e-07
12.0,7.0,4.0,0.0005338152980839395
12.0,7.0,5.0,-0.030352710599747673
12.0,7.0,6.0,0.007054026317840245
12.0,7.0,7.0,-0.11605070646954464
12.0,7.0,8.0,-4.975035644984305e-06
12.0,7.0,9.0,-0.004919769978827926
12.0,7.0,10.0,-0.005030698968381708
12.0,7.0,11.0,5.6352858490704705e-09
12.0,7.0,12.0,0.0020833731426686264
12.0,7.0,13.0,0.0028446237619907944
12.0,7.0,14.0,0.00401561617162248
12.0,7.0,15.0,8.965727460440165e-05
12.0,7.0,16.0,0.006502542661058208
12.0,7.0,17.0,-0.030078991943460094
12.0,7.0,18.0,0.006066269538960001
12.0,7.0,19.0,-0.004016581237253292
12.0,7.0,20.0,0.010267323440764087
12.0,7.0,21.0,-1.284878795970723e-06
12.0,8.0,0.0,0.044154546502440994
12.0,8.0,1.0,0.025324239883163707
12.0,8.0,2.0,0.013823805743767126
12.0,8.0,3.0,-1.9293877599746434e-07
12.0,8.0,4.0,0.02633274728275803
12.0,8.0,5.0,-0.008109419562274678
12.0,8.0,6.0,0.032860892776513995
12.0,8.0,7.0,-0.006799352575324907
12.0,8.0,8.0,0.14285216749157634
12.0,8.0,9.0,0.02313957844160039
12.0,8.0,10.0,0.037605814863694575
12.0,8.0,11.0,5.635285890703834e-09
12.0,8.0,12.0,0.028419891225707733
12.0,8.0,13.0,0.0035868102053412954
12.0,8.0,14.0,0.00042794358360655205
12.0,8.0,15.0,0.005242301033719338
12.0,8.0,16.0,0.022131453134814738
12.0,8.0,17.0,-0.0033240017621238988
12.0,8.0,18.0,0.020723135677560678
12.0,8.0,19.0,0.008155551185607013
12.0,8.0,20.0,0.017980829463462022
12.0,8.0,21.0,0.025629516352693532
12.0,9.0,0.0,0.054588760866203234
12.0,9.0,1.0,0.0011563365245201573
12.0,9.0,2.0,0.009337706558861125
12.0,9.0,3.0,-1.9293877413784077e-07
12.0,9.0,4.0,0.06531335985902442
12.0,9.0,5.0,-0.012413207315186053
12.0,9.0,6.0,0.03983553740261503
12.0,9.0,7.0,-0.009315938584397304
12.0,9.0,8.0,-4.97503593960974e-06
12.0,9.0,9.0,0.13516142568509995
12.0,9.0,10.0,-0.0033199456212053002
12.0,9.0,11.0,5.635285876826046e-09
12.0,9.0,12.0,0.015524460631395648
12.0,9.0,13.0,0.004455641433980584
12.0,9.0,14.0,-0.005672251938496672
12.0,9.0,15.0,0.00014131207250762945
12.0,9.0,16.0,0.032628507324237166
12.0,9.0,17.0,-0.007880372131287824
12.0,9.0,18.0,0.027630390291064566
12.0,9.0,19.0,0.03065301971669676
12.0,9.0,20.0,0.028885176031614
12.0,9.0,21.0,-1.2848788720765114e-06
12.0,10.0,0.0,-0.004983147378449959
12.0,10.0,1.0,-0.00010061318498888472
12.0,10.0,2.0,-0.00105718819628986
12.0,10.0,3.0,-1.929387755950085e-07
12.0,10.0,4.0,0.010355119796052192
12.0,10.0,5.0,0.023455811046773897
12.0,10.0,6.0,-0.0032420572164066908
12.0,10.0,7.0,0.012792467222536116
12.0,10.0,8.0,-4.975036059298721e-06
12.0,10.0,9.0,0.0007612532017852447
12.0,10.0,10.0,0.1463977392143173
12.0,10.0,11.0,5.635285876826046e-09
12.0,10.0,12.0,0.0008779269775059106
12.0,10.0,13.0,-0.0004306463177493891
12.0,10.0,14.0,-0.0026099664956593105
12.0,10.0,15.0,-1.4395433716368755e-05
12.0,10.0,16.0,0.02335104365201729
12.0,10.0,17.0,0.034744886466713865
12.0,10.0,18.0,0.002007123841640368
12.0,10.0,19.0,0.001843093783622407
12.0,10.0,20.0,-8.551835615722148e-05
12.0,10.0,21.0,-1.284878902968467e-06
12.0,11.0,0.0,0.024508408897962797
12.0,11.0,1.0,0.0005212914167555815
12.0,11.0,2.0,0.017624118572482972
12.0,11.0,3.0,-1.9293877483173016e-07
12.0,11.0,4.0,0.028933709899653604
12.0,11.0,5.0,-0.007866853406965704
12.0,11.0,6.0,0.012579911548025513
12.0,11.0,7.0,-0.0051640522199648264
12.0,11.0,8.0,-4.97503599625887e-06
12.0,11.0,9.0,0.017528650811847374
12.0,11.0,10.0,-0.002372295982790651
12.0,11.0,11.0,0.14285714848722658
12.0,11.0,12.0,0.012614471738470995
12.0,11.0,13.0,0.001991091432989478
12.0,11.0,14.0,-0.002521748147123748
12.0,11.0,15.0,6.276283786664505e-05
12.0,11.0,16.0,0.01048972426983763
12.0,11.0,17.0,-0.004901415238872775
12.0,11.0,18.0,0.03950321552303937
12.0,11.0,19.0,-0.02960667330457406
12.0,11.0,20.0,0.040071396434502415
12.0,11.0,21.0,-1.2848788867036998e-06
12.0,12.0,0.0,0.08400671562750306
12.0,12.0,1.0,0.001775737693687468
12.0,12.0,2.0,0.014520317453381337
12.0,12.0,3.0,-1.9293877619175337e-07
12.0,12.0,4.0,0.02273822606422604
12.0,12.0,5.0,-0.04994991033526648
12.0,12.0,6.0,0.038005663418594515
12.0,12.0,7.0,-0.0338151725738218
12.0,12.0,8.0,-4.97503611030653e-06
12.0,12.0,9.0,-0.011924794584928372
12.0,12.0,10.0,-0.02134341755419744
12.0,12.0,11.0,5.635285876826046e-09
12.0,12.0,12.0,0.1586460681753755
12.0,12.0,13.0,0.0068823823130087225
12.0,12.0,14.0,0.005657621199005244
12.0,12.0,15.0,0.00021783405739496386
12.0,12.0,16.0,0.039920773455512815
12.0,12.0,17.0,-0.0457258719305321
12.0,12.0,18.0,0.05207248123858321
12.0,12.0,19.0,-0.002477050142306203
12.0,12.0,20.0,0.031734011014303065
12.0,12.0,21.0,-1.2848789161523655e-06
12.0,13.0,0.0,0.03164377076007796
12.0,13.0,1.0,0.03748298482308074
12.0,13.0,2.0,0.014833664161029103
12.0,13.0,3.0,-1.9293877516479707e-07
12.0,13.0,4.0,0.00880072222928141
12.0,13.0,5.0,0.015987045211395726
12.0,13.0,6.0,-0.001628685885907255
12.0,13.0,7.0,0.016509066615541454
12.0,13.0,8.0,-4.975036024194857e-06
12.0,13.0,9.0,0.022805881815849
12.0,13.0,10.0,0.00461704865135959
12.0,13.0,11.0,5.635285890703834e-09
12.0,13.0,12.0,-0.02520892739582789
12.0,13.0,13.0,0.14542655859482131
12.0,13.0,14.0,0.002105556881012133
12.0,13.0,15.0,0.004629715779539079
12.0,13.0,16.0,0.000363673188855107
12.0,13.0,17.0,0.004814232350104725
12.0,13.0,18.0,-0.005207418574075862
12.0,13.0,19.0,-0.00014130353921559813
12.0,13.0,20.0,0.010226255403980145
12.0,13.0,21.0,-1.2848788938923938e-06
12.0,14.0,0.0,0.008754606691844358
12.0,14.0,1.0,0.0001884330831422587
12.0,14.0,2.0,0.001261486549002322
12.0,14.0,3.0,-1.9293877462356335e-07
12.0,14.0,4.0,0.014435221526776343
12.0,14.0,5.0,-0.002153273665535277
12.0,14.0,6.0,0.00356528621231339
12.0,14.0,7.0,-0.001561406389162745
12.0,14.0,8.0,-4.9750359765246555e-06
12.0,14.0,9.0,-0.001148863667898875
12.0,14.0,10.0,-0.0007229983858528799
12.0,14.0,11.0,5.635285876826046e-09
12.0,14.0,12.0,0.0034499040106550083
12.0,14.0,13.0,0.0006754563309073203
12.0,14.0,14.0,-0.0817636061035279
12.0,14.0,15.0,2.0984290187445187e-05
12.0,14.0,16.0,0.0027883351073133
12.0,14.0,17.0,-0.0010082396210392974
12.0,14.0,18.0,0.007779203805617918
12.0,14.0,19.0,-0.0015386101099003069
12.0,14.0,20.0,0.004491898086216084
12.0,14.0,21.0,-1.2848788815966738e-06
12.0,15.0,0.0,0.042199435553507025
12.0,15.0,1.0,0.04240378918575907
12.0,15.0,2.0,0.023293207060837873
12.0,15.0,3.0,-1.929387746651967e-07
12.0,15.0,4.0,0.007343709884293115
12.0,15.0,5.0,-0.009721422018383802
12.0,15.0,6.0,0.02540333807358658
12.0,15.0,7.0,-0.006931564959121464
12.0,15.0,8.0,-4.975035984032539e-06
12.0,15.0,9.0,-0.0060047794561681744
12.0,15.0,10.0,-0.0017833961122990516
12.0,15.0,11.0,5.635285876826046e-09
12.0,15.0,12.0,0.0029727141034213422
12.0,15.0,13.0,0.003466043205856917
12.0,15.0,14.0,0.0035355418468385608
12.0,15.0,15.0,0.14809762673893245
12.0,15.0,16.0,0.0054898355723517756
12.0,15.0,17.0,-0.009877269814530382
12.0,15.0,18.0,0.008762933265091366
12.0,15.0,19.0,-0.000520287859752111
12.0,15.0,20.0,0.014564412389027392
12.0,15.0,21.0,-1.2848788835118086e-06
12.0,16.0,0.0,0.03614436051052339
12.0,16.0,1.0,0.0007663905667629201
12.0,16.0,2.0,0.00613531481491586
12.0,16.0,3.0,-1.9293877429049644e-07
12.0,16.0,4.0,0.0473140266299259
12.0,16.0,5.0,-0.008982837563016238
12.0,16.0,6.0,0.013313352090243091
12.0,16.0,7.0,-0.006623780514281918
12.0,16.0,8.0,-4.975035952675677e-06
12.0,16.0,9.0,-0.0050891754917965215
12.0,16.0,10.0,-0.0026630568481435524
12.0,16.0,11.0,5.635285876826046e-09
12.0,16.0,12.0,0.014074141110474309
12.0,16.0,13.0,0.0029432249231851892
12.0,16.0,14.0,-0.004521095287877475
12.0,16.0,15.0,9.318333233344911e-05
12.0,16.0,16.0,0.15375313073021568
12.0,16.0,17.0,-0.005441356962044092
12.0,16.0,18.0,0.033527124904761396
12.0,16.0,19.0,0.004275430194027874
12.0,16.0,20.0,0.02041866449546792
12.0,16.0,21.0,-1.2848788754071805e-06
12.0,17.0,0.0,0.016370541378014414
12.0,17.0,1.0,0.00035028833256076086
12.0,17.0,2.0,0.0027664857524012376
12.0,17.0,3.0,-1.9293877448478547e-07
12.0,17.0,4.0,-0.011655247565428128
12.0,17.0,5.0,-0.01612904025816364
12.0,17.0,6.0,0.0013350741384537956
12.0,17.0,7.0,-0.01289017353655364
12.0,17.0,8.0,-4.975035964631391e-06
12.0,17.0,9.0,-0.002326495315151833
12.0,17.0,10.0,-0.0024667282904305976
12.0,17.0,11.0,5.635285876826046e-09
12.0,17.0,12.0,-0.001169151961247672
12.0,17.0,13.0,0.0013448299607201064
12.0,17.0,14.0,0.003978069972043599
12.0,17.0,15.0,4.204050348258215e-05
12.0,17.0,16.0,0.0018716752038465678
12.0,17.0,17.0,-0.0783365058032214
12.0,17.0,18.0,0.00011632161876867775
12.0,17.0,19.0,-0.0037627230683506263
12.0,17.0,20.0,0.0028165428752457977
12.0,17.0,21.0,-1.2848788784880494e-06
12.0,18.0,0.0,0.0625507387364489
12.0,18.0,1.0,0.0013255222199178573
12.0,18.0,2.0,0.01073326744127201
12.0,18.0,3.0,-1.9293877551174177e-07
12.0,18.0,4.0,0.03881228672839765
12.0,18.0,5.0,-0.020002630081959405
12.0,18.0,6.0,0.017486794489083468
12.0,18.0,7.0,-0.014401039002487542
12.0,18.0,8.0,-4.97503605347005e-06
12.0,18.0,9.0,-0.008855269914280262
12.0,18.0,10.0,-0.006658404576956045
12.0,18.0,11.0,5.635285876826046e-09
12.0,18.0,12.0,0.040586072008880175
12.0,18.0,13.0,0.005115095936249231
12.0,18.0,14.0,0.00017259825278916063
12.0,18.0,15.0,0.0001621715028467946
12.0,18.0,16.0,0.017474044759724083
12.0,18.0,17.0,-0.01755927278630242
12.0,18.0,18.0,0.16499721565718778
12.0,18.0,19.0,-0.0015841247908591205
12.0,18.0,20.0,0.0335490985806719
12.0,18.0,21.0,-1.284878901469666e-06
12.0,19.0,0.0,0.02667998349274392
12.0,19.0,1.0,0.0005653632613513704
12.0,19.0,2.0,0.00453371290001553
12.0,19.0,3.0,-1.9293877497050804e-07
12.0,19.0,4.0,0.026567604432836345
12.0,19.0,5.0,-0.005766955876442256
12.0,19.0,6.0,0.007206447076505085
12.0,19.0,7.0,-0.00438509923399312
12.0,19.0,8.0,-4.97503600754845e-06
12.0,19.0,9.0,-0.0037581397105704295
12.0,19.0,10.0,-0.001420139187634395
12.0,19.0,11.0,5.635285876826046e-09
12.0,19.0,12.0,0.005660077413835202
12.0,19.0,13.0,0.0021734226552997393
12.0,19.0,14.0,-0.0017855885472590899
12.0,19.0,15.0,6.871099017485838e-05
12.0,19.0,16.0,0.006288222771807073
12.0,19.0,17.0,-0.004147298450802889
12.0,19.0,18.0,0.008376895868171919
12.0,19.0,19.0,0.14328445974561793
12.0,19.0,20.0,0.012800614490222517
12.0,19.0,21.0,-1.284878889562524e-06
12.0,20.0,0.0,0.01861508507080256
12.0,20.0,1.0,0.0004001357744389811
12.0,20.0,2.0,0.0028036848993432395
12.0,20.0,3.0,-1.9293877315251784e-07
12.0,20.0,4.0,0.0016850625741645642
12.0,20.0,5.0,-0.0035139649245485016
12.0,20.0,6.0,-0.00028657631432366104
12.0,20.0,7.0,-0.0027801327619702
12.0,20.0,8.0,-4.975035855434018e-06
12.0,20.0,9.0,-0.0024953358981870677
12.0,20.0,10.0,-0.0007092392489191912
12.0,20.0,11.0,5.635285876826046e-09
12.0,20.0,12.0,-0.0005376286374835504
12.0,20.0,13.0,0.0014590252737314846
12.0,20.0,14.0,0.002106767904200252
12.0,20.0,15.0,4.58370556960519e-05
12.0,20.0,16.0,0.0012389128386255943
12.0,20.0,17.0,-0.004288928991582147
12.0,20.0,18.0,0.0013772133695112987
12.0,20.0,19.0,-0.002532039316034518
12.0,20.0,20.0,0.14754532399034437
12.0,20.0,21.0,-1.284878850260629e-06
12.0,21.0,0.0,0.05020694189365238
12.0,21.0,1.0,0.0010647759485107045
12.0,21.0,2.0,0.00861896770885695
12.0,21.0,3.0,-1.9293877469295229e-07
12.0,21.0,4.0,0.0015306932520707806
12.0,21.0,5.0,-0.009612753595927517
12.0,21.0,6.0,0.001633797533496406
12.0,21.0,7.0,-0.007671783427506879
12.0,21.0,8.0,-4.975035984518261e-06
12.0,21.0,9.0,-0.007113848590374644
12.0,21.0,10.0,-0.0015854026644352426
12.0,21.0,11.0,5.635285876826046e-09
12.0,21.0,12.0,0.0003402997413403386
12.0,21.0,13.0,0.004109431810005837
12.0,21.0,14.0,0.005630290789964326
12.0,21.0,15.0,0.0001302219117012976
12.0,21.0,16.0,0.0048070907540103125
12.0,21.0,17.0,-0.011701173029137604
12.0,21.0,18.0,0.002225347352938778
12.0,21.0,19.0,-0.0077473683466312004
12.0,21.0,20.0,0.01508610927619547
12.0,21.0,21.0,0.14285584824178402
13.0,0.0,0.0,-0.15956909985580514
13.0,0.0,1.0,-0.002040658988593874
13.0,0.0,2.0,-0.01833397481205093
13.0,0.0,3.0,-1.9417186845893664e-07
13.0,0.0,4.0,-0.0051858133315889066
13.0,0.0,5.0,0.0306247581532548
13.0,0.0,6.0,0.0005018119520031061
13.0,0.0,7.0,0.0237434387955357
13.0,0.0,8.0,-4.969661962138383e-06
13.0,0.0,9.0,0.031160903622808322
13.0,0.0,10.0,0.005053083482846277
13.0,0.0,11.0,5.775784239769877e-09
13.0,0.0,12.0,-0.0007591911374356941
13.0,0.0,13.0,-0.009083768666553527
13.0,0.0,14.0,-1.552467604940875e-05
13.0,0.0,15.0,-0.0004038793750194003
13.0,0.0,16.0,-0.015669719952166483
13.0,0.0,17.0,0.03200795441221187
13.0,0.0,18.0,-0.0054890926642735816
13.0,0.0,19.0,0.009727276679222352
13.0,0.0,20.0,-0.015528076618297415
13.0,0.0,21.0,-1.2022195202410213e-06
13.0,1.0,0.0,0.05215900591838052
13.0,1.0,1.0,0.14548708727419535
13.0,1.0,2.0,0.03602279312002832
13.0,1.0,3.0,-1.9417186411518905e-07
13.0,1.0,4.0,0.0011781446561786035
13.0,1.0,5.0,-0.01435860607741167
13.0,1.0,6.0,0.003211663456440861
13.0,1.0,7.0,-0.00883460623063867
13.0,1.0,8.0,-4.969661604500852e-06
13.0,1.0,9.0,-0.010246183973316766
13.0,1.0,10.0,-0.0023532333056384136
13.0,1.0,11.0,5.775784212014301e-09
13.0,1.0,12.0,0.0008439053007375519
13.0,1.0,13.0,0.002987228226022584
13.0,1.0,14.0,-1.5553157400152392e-05
13.0,1.0,15.0,0.028767082322204998
13.0,1.0,16.0,0.005367553475860654
13.0,1.0,17.0,-0.011350334453196748
13.0,1.0,18.0,0.0028302100546673814
13.0,1.0,19.0,-0.003009418251271989
13.0,1.0,20.0,0.006435002243909693
13.0,1.0,21.0,-1.2022194337268921e-06
13.0,2.0,0.0,0.04014965012764238
13.0,2.0,1.0,0.0005139547614803064
13.0,2.0,2.0,0.14634914392289872
13.0,2.0,3.0,-1.9417186659931307e-07
13.0,2.0,4.0,0.0008478016632221252
13.0,2.0,5.0,-0.02804235587755083
13.0,2.0,6.0,0.0029570249278670357
13.0,2.0,7.0,-0.0107008537719374
13.0,2.0,8.0,-4.969661806748793e-06
13.0,2.0,9.0,-0.007567131631953841
13.0,2.0,10.0,-0.004693262548313093
13.0,2.0,11.0,5.775784225892089e-09
13.0,2.0,12.0,0.0016995512944008306
13.0,2.0,13.0,0.0022096368948084782
13.0,2.0,14.0,-1.5552679097079425e-05
13.0,2.0,15.0,9.795723450431448e-05
13.0,2.0,16.0,0.003660902410984712
13.0,2.0,17.0,-0.012192965761773283
13.0,2.0,18.0,0.0047674162667573905
13.0,2.0,19.0,-0.0018023328585229925
13.0,2.0,20.0,0.003991091348886866
13.0,2.0,21.0,-1.202219482659972e-06
13.0,3.0,0.0,0.016219084947879714
13.0,3.0,1.0,0.00020808801683683265
13.0,3.0,2.0,0.0019086885550007038
13.0,3.0,3.0,0.142856948662545
13.0,3.0,4.0,0.019842748280724853
13.0,3.0,5.0,-0.003131654852919205
13.0,3.0,6.0,0.004384284342172806
13.0,3.0,7.0,-0.002899619951293786
13.0,3.0,8.0,-4.9696617392819276e-06
13.0,3.0,9.0,-0.0032140151853997934
13.0,3.0,10.0,-0.0007882872034737365
13.0,3.0,11.0,5.775784212014301e-09
13.0,3.0,12.0,0.0028579483236692294
13.0,3.0,13.0,0.000936110957307626
13.0,3.0,14.0,-1.555372223118032e-05
13.0,3.0,15.0,4.1462382350976323e-05
13.0,3.0,16.0,0.002307330031016408
13.0,3.0,17.0,-0.001224805843956775
13.0,3.0,18.0,0.0018841063701907912
13.0,3.0,19.0,0.022040927757633055
13.0,3.0,20.0,0.017747552638082198
13.0,3.0,21.0,-1.2022194663119379e-06
13.0,4.0,0.0,0.011756012109467529
13.0,4.0,1.0,0.0001494293670324387
13.0,4.0,2.0,0.0014534170192197493
13.0,4.0,3.0,-1.9417186586379032e-07
13.0,4.0,4.0,0.15465662265656388
13.0,4.0,5.0,-0.002160381961242047
13.0,4.0,6.0,0.032753028280328944
13.0,4.0,7.0,-0.005451713197147587
13.0,4.0,8.0,-4.969661746193066e-06
13.0,4.0,9.0,-0.0023747907129166856
13.0,4.0,10.0,-0.0026730856331029784
13.0,4.0,11.0,5.775784212014301e-09
13.0,4.0,12.0,0.021311206680522055
13.0,4.0,13.0,0.0006902371784168609
13.0,4.0,14.0,-1.555621594985962e-05
13.0,4.0,15.0,3.076681673341852e-05
13.0,4.0,16.0,0.006284057213890748
13.0,4.0,17.0,0.013622548486570907
13.0,4.0,18.0,0.011114237900104268
13.0,4.0,19.0,0.0061717517341318695
13.0,4.0,20.0,0.03788209785657681
13.0,4.0,21.0,-1.202219468005028e-06
13.0,5.0,0.0,0.023214461854983104
13.0,5.0,1.0,0.0002953242529040445
13.0,5.0,2.0,0.0026809488996074604
13.0,5.0,3.0,-1.9417186288006594e-07
13.0,5.0,4.0,0.0013050655149883794
13.0,5.0,5.0,-0.10343783833931412
13.0,5.0,6.0,0.013277932267878823
13.0,5.0,7.0,-0.027147136051678525
13.0,5.0,8.0,-4.969661511956824e-06
13.0,5.0,9.0,-0.004529190600720462
13.0,5.0,10.0,-0.017527021496835993
13.0,5.0,11.0,5.775784198136513e-09
13.0,5.0,12.0,0.00699046859819713
13.0,5.0,13.0,0.0013202234298799742
13.0,5.0,14.0,-1.5551996913048207e-05
13.0,5.0,15.0,5.872859784797346e-05
13.0,5.0,16.0,0.004169743721049168
13.0,5.0,17.0,-0.025760011168308596
13.0,5.0,18.0,0.017302740043286524
13.0,5.0,19.0,0.0010697163164123946
13.0,5.0,20.0,0.00479617303769686
13.0,5.0,21.0,-1.202219411300387e-06
13.0,6.0,0.0,0.034213245033335116
13.0,6.0,1.0,0.0004380840709602152
13.0,6.0,2.0,0.003958823361975172
13.0,6.0,3.0,-1.941718680564808e-07
13.0,6.0,4.0,0.02553727753208912
13.0,6.0,5.0,-0.00730524880214839
13.0,6.0,6.0,0.1489458894279515
13.0,6.0,7.0,-0.00704348910083108
13.0,6.0,8.0,-4.969661928873326e-06
13.0,6.0,9.0,-0.006710318603455376
13.0,6.0,10.0,-0.0020330329662141544
13.0,6.0,11.0,5.775784239769877e-09
13.0,6.0,12.0,0.008030071321765059
13.0,6.0,13.0,0.0019561698855660725
13.0,6.0,14.0,-1.555449142599042e-05
13.0,6.0,15.0,8.680106536722298e-05
13.0,6.0,16.0,0.004284289842355349
13.0,6.0,17.0,-0.0057093149104995855
13.0,6.0,18.0,0.02892254004789499
13.0,6.0,19.0,0.023903902677822386
13.0,6.0,20.0,0.01359376435391113
13.0,6.0,21.0,-1.2022195121919044e-06
13.0,7.0,0.0,0.04020558169160038
13.0,7.0,1.0,0.0005149535471002387
13.0,7.0,2.0,0.00455606851924889
13.0,7.0,3.0,-1.9417185524728264e-07
13.0,7.0,4.0,-0.004517882243658511
13.0,7.0,5.0,-0.02246155884952465
13.0,7.0,6.0,0.0012631096760499227
13.0,7.0,7.0,-0.12173617806701162
13.0,7.0,8.0,-4.969660941038512e-06
13.0,7.0,9.0,-0.007817526114418369
13.0,7.0,10.0,-0.0036365117855438056
13.0,7.0,11.0,5.77578415650315e-09
13.0,7.0,12.0,0.0006045335099688909
13.0,7.0,13.0,0.002279680349264429
13.0,7.0,14.0,-1.5552062225674174e-05
13.0,7.0,15.0,0.00010071040770627537
13.0,7.0,16.0,0.0038441844668147263
13.0,7.0,17.0,-0.03418183428606815
13.0,7.0,18.0,0.003365927596900964
13.0,7.0,19.0,-0.002759111868000652
13.0,7.0,20.0,0.0036508227668543003
13.0,7.0,21.0,-1.202219273244154e-06
13.0,8.0,0.0,0.02292110741727149
13.0,8.0,1.0,0.001072947465247942
13.0,8.0,2.0,0.0028329487331066328
13.0,8.0,3.0,-1.9417186762626937e-07
13.0,8.0,4.0,0.008082245097193186
13.0,8.0,5.0,-0.005403824001056157
13.0,8.0,6.0,0.028695914205532413
13.0,8.0,7.0,-0.00765707768536289
13.0,8.0,8.0,0.14285217286237795
13.0,8.0,9.0,0.00736292286167603
13.0,8.0,10.0,0.014452770307397389
13.0,8.0,11.0,5.775784239769877e-09
13.0,8.0,12.0,0.02342784672445622
13.0,8.0,13.0,0.0013073057308140706
13.0,8.0,14.0,-1.555277269552448e-05
13.0,8.0,15.0,0.0005922162013869137
13.0,8.0,16.0,0.008510045410400624
13.0,8.0,17.0,-0.008107230514498923
13.0,8.0,18.0,0.007650950925919858
13.0,8.0,19.0,0.006144997042535405
13.0,8.0,20.0,0.005193450828731794
13.0,8.0,21.0,0.02398483871296772
13.0,9.0,0.0,0.04261331519665812
13.0,9.0,1.0,0.0005451335727218731
13.0,9.0,2.0,0.004941947023976434
13.0,9.0,3.0,-1.9417186612746828e-07
13.0,9.0,4.0,0.03237310342050026
13.0,9.0,5.0,-0.008329777887883374
13.0,9.0,6.0,0.031497524168508095
13.0,9.0,7.0,-0.007371883644907776
13.0,9.0,8.0,-4.9696617712632896e-06
13.0,9.0,9.0,0.13445711530115226
13.0,9.0,10.0,-0.0019111999631775123
13.0,9.0,11.0,5.775784225892089e-09
13.0,9.0,12.0,0.005476719824321047
13.0,9.0,13.0,0.0024375067618819385
13.0,9.0,14.0,-1.5554902901261163e-05
13.0,9.0,15.0,0.00010822863424804485
13.0,9.0,16.0,0.01642793337553533
13.0,9.0,17.0,-0.005599089252829148
13.0,9.0,18.0,0.008896405888996733
13.0,9.0,19.0,0.029704631797438374
13.0,9.0,20.0,0.013136480721612609
13.0,9.0,21.0,-1.202219474027988e-06
13.0,10.0,0.0,0.014918026650674987
13.0,10.0,1.0,0.00019192739680487514
13.0,10.0,2.0,0.0017601038763857546
13.0,10.0,3.0,-1.9417186754300264e-07
13.0,10.0,4.0,0.01589838860657994
13.0,10.0,5.0,0.019404515720824828
13.0,10.0,6.0,0.0006684161208374007
13.0,10.0,7.0,0.020204428409948377
13.0,10.0,8.0,-4.969661885421972e-06
13.0,10.0,9.0,-0.002965257056630477
13.0,10.0,10.0,0.14589233730671408
13.0,10.0,11.0,5.775784225892089e-09
13.0,10.0,12.0,0.0012802421371975459
13.0,10.0,13.0,0.0008635516710631119
13.0,10.0,14.0,-1.5553406743607188e-05
13.0,10.0,15.0,3.820787280388316e-05
13.0,10.0,16.0,0.03943588675597176
13.0,10.0,17.0,0.022064526027371772
13.0,10.0,18.0,0.0007250299975148367
13.0,10.0,19.0,0.0014791525022562202
13.0,10.0,20.0,0.0056740997797706805
13.0,10.0,21.0,-1.2022195016725412e-06
13.0,11.0,0.0,0.013228846568162367
13.0,11.0,1.0,0.00016970454223361187
13.0,11.0,2.0,0.008318155241877845
13.0,11.0,3.0,-1.9417186682135767e-07
13.0,11.0,4.0,0.03653806910542379
13.0,11.0,5.0,-0.004371484829281319
13.0,11.0,6.0,0.012107156040709444
13.0,11.0,7.0,-0.004683973649780085
13.0,11.0,8.0,-4.9696618268577075e-06
13.0,11.0,9.0,0.0169345086764999
13.0,11.0,10.0,-0.0018288715386447496
13.0,11.0,11.0,0.1428571486007641
13.0,11.0,12.0,0.010416648752274299
13.0,11.0,13.0,0.0007574492193425791
13.0,11.0,14.0,-1.5554677992697548e-05
13.0,11.0,15.0,3.352762050194691e-05
13.0,11.0,16.0,0.004122703063896338
13.0,11.0,17.0,-0.0007658954936292373
13.0,11.0,18.0,0.034186074231125185
13.0,11.0,19.0,-0.01140263693325494
13.0,11.0,20.0,0.038694227439432405
13.0,11.0,21.0,-1.202219487489442e-06
13.0,12.0,0.0,0.046188479214611666
13.0,12.0,1.0,0.0005892426873586598
13.0,12.0,2.0,0.00530935276783534
13.0,12.0,3.0,-1.9417186503112305e-07
13.0,12.0,4.0,-0.0037519222289703613
13.0,12.0,5.0,-0.0331885178811748
13.0,12.0,6.0,0.020081072513737308
13.0,12.0,7.0,-0.051680527521300215
13.0,12.0,8.0,-4.969661680086224e-06
13.0,12.0,9.0,-0.009015510208990662
13.0,12.0,10.0,-0.02121966169977088
13.0,12.0,11.0,5.775784225892089e-09
13.0,12.0,12.0,0.14577925801028158
13.0,12.0,13.0,0.002628393634503026
13.0,12.0,14.0,-1.5552399526903846e-05
13.0,12.0,15.0,0.00011627139304146161
13.0,12.0,16.0,0.006939608022340005
13.0,12.0,17.0,-0.05592203131923633
13.0,12.0,18.0,0.01453186560359332
13.0,12.0,19.0,0.0005563413924777327
13.0,12.0,20.0,0.005873218717617479
13.0,12.0,21.0,-1.2022194519900609e-06
13.0,13.0,0.0,0.020247483668644928
13.0,13.0,1.0,0.03241138826913573
13.0,13.0,2.0,0.008876634124527327
13.0,13.0,3.0,-1.9417186301884382e-07
13.0,13.0,4.0,0.004864777453604641
13.0,13.0,5.0,0.030525842045224738
13.0,13.0,6.0,-0.004531947496544009
13.0,13.0,7.0,0.019578327556911995
13.0,13.0,8.0,-4.969661523822333e-06
13.0,13.0,9.0,0.010056138026917238
13.0,13.0,10.0,0.008634753489419611
13.0,13.0,11.0,5.775784212014301e-09
13.0,13.0,12.0,-0.03363243695480811
13.0,13.0,13.0,0.14397062037451797
13.0,13.0,14.0,-1.555241959497941e-05
13.0,13.0,15.0,0.006397723250710571
13.0,13.0,16.0,0.0019506700575609437
13.0,13.0,17.0,0.01428534636619648
13.0,13.0,18.0,-0.006218180065075379
13.0,13.0,19.0,0.00030642942535302753
13.0,13.0,20.0,0.002371021289289843
13.0,13.0,21.0,-1.2022194141592113e-06
13.0,14.0,0.0,0.009495068911981264
13.0,14.0,1.0,0.00012024757922143858
13.0,14.0,2.0,0.0011250552713144013
13.0,14.0,3.0,-1.941718655446012e-07
13.0,14.0,4.0,-0.007461533018626287
13.0,14.0,5.0,-0.001747657485303769
13.0,14.0,6.0,-0.0015006265114763107
13.0,14.0,7.0,-0.0010846637478929694
13.0,14.0,8.0,-4.96966171956853e-06
13.0,14.0,9.0,-0.0018842242346293614
13.0,14.0,10.0,-0.00010517448532448848
13.0,14.0,11.0,5.775784225892089e-09
13.0,14.0,12.0,-0.0013784833914101957
13.0,14.0,13.0,0.0005474001309543342
13.0,14.0,14.0,0.09808822008987372
13.0,14.0,15.0,2.3446563599566206e-05
13.0,14.0,16.0,0.0007487977846999394
13.0,14.0,17.0,-0.0024940198121131546
13.0,14.0,18.0,-0.002847247675572595
13.0,14.0,19.0,0.02548845759186058
13.0,14.0,20.0,-0.000746148234537003
13.0,14.0,21.0,-1.2022194615379789e-06
13.0,15.0,0.0,0.04401616033914468
13.0,15.0,1.0,0.010631392328724704
13.0,15.0,2.0,0.02039984847647125
13.0,15.0,3.0,-1.9417186424008914e-07
13.0,15.0,4.0,0.003721763001162004
13.0,15.0,5.0,-0.010655073524184683
13.0,15.0,6.0,0.011139780408285727
13.0,15.0,7.0,-0.00717250885320124
13.0,15.0,8.0,-4.969661618926813e-06
13.0,15.0,9.0,-0.008503596285503331
13.0,15.0,10.0,-0.001833499113303827
13.0,15.0,11.0,5.775784212014301e-09
13.0,15.0,12.0,0.0008961279628316443
13.0,15.0,13.0,0.002480617153999859
13.0,15.0,14.0,-1.555299885110607e-05
13.0,15.0,15.0,0.1449551544698074
13.0,15.0,16.0,0.00412950462232109
13.0,15.0,17.0,-0.0091630893116902
13.0,15.0,18.0,0.003950750713111684
13.0,15.0,19.0,-0.0007902922222312037
13.0,15.0,20.0,0.004793799312115821
13.0,15.0,21.0,-1.202219437196339e-06
13.0,16.0,0.0,0.03626024894967961
13.0,16.0,1.0,0.00046411877188293205
13.0,16.0,2.0,0.004145787695984893
13.0,16.0,3.0,-1.9417186795933628e-07
13.0,16.0,4.0,0.043974063589718115
13.0,16.0,5.0,-0.007219548443948606
13.0,16.0,6.0,0.009485833217829864
13.0,16.0,7.0,-0.006969819884444797
13.0,16.0,8.0,-4.969661919179691e-06
13.0,16.0,9.0,-0.007068577798583137
13.0,16.0,10.0,-0.0020289115612272535
13.0,16.0,11.0,5.775784239769877e-09
13.0,16.0,12.0,0.00798572851545587
13.0,16.0,13.0,0.0020612107168384713
13.0,16.0,14.0,-1.555528599078218e-05
13.0,16.0,15.0,9.147915384631611e-05
13.0,16.0,16.0,0.1477289901279683
13.0,16.0,17.0,-0.00336069541181859
13.0,16.0,18.0,0.015103630741758078
13.0,16.0,19.0,0.008834613512343825
13.0,16.0,20.0,0.015368276446159568
13.0,16.0,21.0,-1.2022195098326804e-06
13.0,17.0,0.0,0.01697043754018046
13.0,17.0,1.0,0.00021555344569704205
13.0,17.0,2.0,0.0020501313846932323
13.0,17.0,3.0,-1.94171864184578e-07
13.0,17.0,4.0,-0.015959080616268717
13.0,17.0,5.0,-0.015117508086352122
13.0,17.0,6.0,-0.0021814803894854573
13.0,17.0,7.0,-0.011557862333233318
13.0,17.0,8.0,-4.969661612320986e-06
13.0,17.0,9.0,-0.003384156212177275
13.0,17.0,10.0,-0.0022901890983006434
13.0,17.0,11.0,5.775784212014301e-09
13.0,17.0,12.0,-0.0014726141414813376
13.0,17.0,13.0,0.00098480169819537
13.0,17.0,14.0,-1.5548623535151816e-05
13.0,17.0,15.0,4.392338702922938e-05
13.0,17.0,16.0,0.0015168812817541455
13.0,17.0,17.0,-0.07702648258000218
13.0,17.0,18.0,0.0013734250328534536
13.0,17.0,19.0,-0.0016540216891576809
13.0,17.0,20.0,-0.001354945238906946
13.0,17.0,21.0,-1.2022194356697824e-06
13.0,18.0,0.0,0.02592336252838623
13.0,18.0,1.0,0.00033217637259802535
13.0,18.0,2.0,0.0029831586099292595
13.0,18.0,3.0,-1.941718661135905e-07
13.0,18.0,4.0,0.02315594031091328
13.0,18.0,5.0,-0.009073264449291171
13.0,18.0,6.0,0.008491671620599883
13.0,18.0,7.0,-0.011943840652858348
13.0,18.0,8.0,-4.969661770853895e-06
13.0,18.0,9.0,-0.0050734048867529385
13.0,18.0,10.0,-0.0044834201256247486
13.0,18.0,11.0,5.775784225892089e-09
13.0,18.0,12.0,0.02770710630978901
13.0,18.0,13.0,0.0014790998746151834
13.0,18.0,14.0,-1.5554206051436022e-05
13.0,18.0,15.0,6.557677014944197e-05
13.0,18.0,16.0,0.0037482891372432325
13.0,18.0,17.0,-0.010719454486365035
13.0,18.0,18.0,0.14756716226692013
13.0,18.0,19.0,3.193679362245572e-05
13.0,18.0,20.0,0.02994843654970869
13.0,18.0,21.0,-1.2022194739447212e-06
13.0,19.0,0.0,0.03663396180469247
13.0,19.0,1.0,0.0004691886655759647
13.0,19.0,2.0,0.0042123143609651414
13.0,19.0,3.0,-1.9417186795933628e-07
13.0,19.0,4.0,0.044333324550407394
13.0,19.0,5.0,-0.006999518238113428
13.0,19.0,6.0,0.009336001673751038
13.0,19.0,7.0,-0.006482632184030376
13.0,19.0,8.0,-4.969661920241342e-06
13.0,19.0,9.0,-0.007163167316509164
13.0,19.0,10.0,-0.001797510147707515
13.0,19.0,11.0,5.775784239769877e-09
13.0,19.0,12.0,0.006230049677897642
13.0,19.0,13.0,0.0020885905878006567
13.0,19.0,14.0,-1.5555310323393856e-05
13.0,19.0,15.0,9.268622013752781e-05
13.0,19.0,16.0,0.005004690140725465
13.0,19.0,17.0,-0.0028120540807827776
13.0,19.0,18.0,0.004259398915532786
13.0,19.0,19.0,0.14256968182225643
13.0,19.0,20.0,0.013993296095255292
13.0,19.0,21.0,-1.2022195100824806e-06
13.0,20.0,0.0,0.01127892546158149
13.0,20.0,1.0,0.00014587281806532904
13.0,20.0,2.0,0.00125966416046136
13.0,20.0,3.0,-1.9417186500336747e-07
13.0,20.0,4.0,-4.102254493743018e-05
13.0,20.0,5.0,-0.0021652687570401646
13.0,20.0,6.0,0.00025469968370167573
13.0,20.0,7.0,-0.0016653793476866935
13.0,20.0,8.0,-4.969661678108639e-06
13.0,20.0,9.0,-0.0021923117950530258
13.0,20.0,10.0,-0.0003377161541894269
13.0,20.0,11.0,5.775784225892089e-09
13.0,20.0,12.0,0.0001343550870699095
13.0,20.0,13.0,0.0006396485621623371
13.0,20.0,14.0,-1.5551447877659785e-05
13.0,20.0,15.0,2.812408719242432e-05
13.0,20.0,16.0,0.0010048432811241015
13.0,20.0,17.0,-0.0022332369581278128
13.0,20.0,18.0,0.0003566366966785417
13.0,20.0,19.0,-0.0007700178632692456
13.0,20.0,20.0,0.14434664177296375
13.0,20.0,21.0,-1.202219451518216e-06
13.0,21.0,0.0,0.02948833058496858
13.0,21.0,1.0,0.00037781324866803523
13.0,21.0,2.0,0.0033851057076744184
13.0,21.0,3.0,-1.9417186597481262e-07
13.0,21.0,4.0,0.0006697003571851656
13.0,21.0,5.0,-0.005667741828699099
13.0,21.0,6.0,0.00012438401735248572
13.0,21.0,7.0,-0.0043853061806052585
13.0,21.0,8.0,-4.969661757850408e-06
13.0,21.0,9.0,-0.00576377684517107
13.0,21.0,10.0,-0.000918653896202104
13.0,21.0,11.0,5.775784225892089e-09
13.0,21.0,12.0,0.00020051617166552682
13.0,21.0,13.0,0.0016805693238206437
13.0,21.0,14.0,-1.5552297724370056e-05
13.0,21.0,15.0,7.452986464431821e-05
13.0,21.0,16.0,0.0028894416794692512
13.0,21.0,17.0,-0.005901924490308616
13.0,21.0,18.0,0.0009852008489273922
13.0,21.0,19.0,-0.001908677820143978
13.0,21.0,20.0,0.003181206968531136
13.0,21.0,21.0,0.14285476049950732
14.0,0.0,0.0,-0.14781702840261435
14.0,0.0,1.0,-0.002129890757709585
14.0,0.0,2.0,-0.030028642822932272
14.0,0.0,3.0,-1.9351733129835402e-07
14.0,0.0,4.0,0.02858585647577805
14.0,0.0,5.0,0.018861461742923774
14.0,0.0,6.0,0.005869652411015613
14.0,0.0,7.0,0.026021498112052288
14.0,0.0,8.0,-4.964001155523257e-06
14.0,0.0,9.0,0.01018093705065512
14.0,0.0,10.0,0.0035808354875475623
14.0,0.0,11.0,5.7157229227389195e-09
14.0,0.0,12.0,0.00366956987805947
14.0,0.0,13.0,-0.020594750983688986
14.0,0.0,14.0,-0.0007893558478467705
14.0,0.0,15.0,-0.0005291968519580692
14.0,0.0,16.0,0.019522185181936852
14.0,0.0,17.0,0.021026682268712488
14.0,0.0,18.0,0.006547954157916341
14.0,0.0,19.0,0.03516203732852741
14.0,0.0,20.0,-0.0022027266616181373
14.0,0.0,21.0,-9.712280695794995e-07
14.0,1.0,0.0,0.059259167371735644
14.0,1.0,1.0,0.15148704006001304
14.0,1.0,2.0,0.03386589253307909
14.0,1.0,3.0,-1.935173290362746e-07
14.0,1.0,4.0,-0.010447943024275375
14.0,1.0,5.0,-0.010310325418796007
14.0,1.0,6.0,0.00250137752043067
14.0,1.0,7.0,-0.011088553315673544
14.0,1.0,8.0,-4.964000966160842e-06
14.0,1.0,9.0,-0.0040974143343462666
14.0,1.0,10.0,-0.0020213382863194518
14.0,1.0,11.0,5.715722908861132e-09
14.0,1.0,12.0,-0.0011480623528813128
14.0,1.0,13.0,0.008271392989682408
14.0,1.0,14.0,0.0001667753663822935
14.0,1.0,15.0,0.037588104294867336
14.0,1.0,16.0,-0.007353888132326819
14.0,1.0,17.0,-0.009066169541456753
14.0,1.0,18.0,-0.001471354694508209
14.0,1.0,19.0,-0.013263156867883374
14.0,1.0,20.0,0.0013704887117477194
14.0,1.0,21.0,-9.712280325535616e-07
14.0,2.0,0.0,0.05001904472123997
14.0,2.0,1.0,0.0007179476745902968
14.0,2.0,2.0,0.1528936141661596
14.0,2.0,3.0,-1.935173308542648e-07
14.0,2.0,4.0,-0.00983734560191929
14.0,2.0,5.0,-0.024293624569261485
14.0,2.0,6.0,-0.0012957977895461936
14.0,2.0,7.0,-0.012848585740503654
14.0,2.0,8.0,-4.964001114951544e-06
14.0,2.0,9.0,-0.0034495992345218718
14.0,2.0,10.0,-0.00482497890787531
14.0,2.0,11.0,5.7157229227389195e-09
14.0,2.0,12.0,-0.0003019164442002731
14.0,2.0,13.0,0.006969170800536051
14.0,2.0,14.0,0.00024594428972123106
14.0,2.0,15.0,0.00017651779842664528
14.0,2.0,16.0,-0.00455131629228675
14.0,2.0,17.0,-0.012126022917125223
14.0,2.0,18.0,-0.001788454469786399
14.0,2.0,19.0,-0.011316051537235139
14.0,2.0,20.0,0.0008615782754598511
14.0,2.0,21.0,-9.712280616136493e-07
14.0,3.0,0.0,0.0237133629964138
14.0,3.0,1.0,0.0003399804979798138
14.0,3.0,2.0,0.00482905644481485
14.0,3.0,3.0,0.1428569493279671
14.0,3.0,4.0,0.02624943046300171
14.0,3.0,5.0,-0.00319021936922545
14.0,3.0,6.0,0.004580093864173629
14.0,3.0,7.0,-0.004278319676566056
14.0,3.0,8.0,-4.964001010958341e-06
14.0,3.0,9.0,-0.0016377958934921943
14.0,3.0,10.0,-0.0007038576346486969
14.0,3.0,11.0,5.7157229227389195e-09
14.0,3.0,12.0,0.001404893438628818
14.0,3.0,13.0,0.0033068577233779095
14.0,3.0,14.0,-0.0031962187121735777
14.0,3.0,15.0,8.260615143088068e-05
14.0,3.0,16.0,0.0007798162561949706
14.0,3.0,17.0,0.001606270651620556
14.0,3.0,18.0,0.00456842595589918
14.0,3.0,19.0,0.013080153346548773
14.0,3.0,20.0,0.015451376522006621
14.0,3.0,21.0,-9.71228041296568e-07
14.0,4.0,0.0,0.023600914067539613
14.0,4.0,1.0,0.00033415865764213626
14.0,4.0,2.0,0.005056292064076651
14.0,4.0,3.0,-1.9351733225592138e-07
14.0,4.0,4.0,0.1596834375722067
14.0,4.0,5.0,-0.0038913414189666595
14.0,4.0,6.0,0.028585180875794036
14.0,4.0,7.0,-0.004766120158189779
14.0,4.0,8.0,-4.964001235667481e-06
14.0,4.0,9.0,-0.0016886349232445863
14.0,4.0,10.0,-0.0012790961000836987
14.0,4.0,11.0,5.715722936616707e-09
14.0,4.0,12.0,0.010053597590480412
14.0,4.0,13.0,0.0033522705331071045
14.0,4.0,14.0,-0.01730118381097356
14.0,4.0,15.0,8.432743330769044e-05
14.0,4.0,16.0,0.017730929861765637
14.0,4.0,17.0,0.023176949602180585
14.0,4.0,18.0,0.02889286228162477
14.0,4.0,19.0,0.009997522245300816
14.0,4.0,20.0,0.047208313070265906
14.0,4.0,21.0,-9.712280852336441e-07
14.0,5.0,0.0,0.006846550486066971
14.0,5.0,1.0,9.988106542194175e-05
14.0,5.0,2.0,0.0012383979897755415
14.0,5.0,3.0,-1.935173199324458e-07
14.0,5.0,4.0,-0.002876282877696479
14.0,5.0,5.0,-0.1650672166560239
14.0,5.0,6.0,0.006084663283270508
14.0,5.0,7.0,-0.03825903518556156
14.0,5.0,8.0,-4.964000290250126e-06
14.0,5.0,9.0,-0.0004418197831259907
14.0,5.0,10.0,-0.033358780243949004
14.0,5.0,11.0,5.7157228533499804e-09
14.0,5.0,12.0,0.008462981801318686
14.0,5.0,13.0,0.0009222869059100913
14.0,5.0,14.0,0.0001676913664170332
14.0,5.0,15.0,2.1015054219614138e-05
14.0,5.0,16.0,0.017982705069895383
14.0,5.0,17.0,-0.04691141457127622
14.0,5.0,18.0,0.003612328124838582
14.0,5.0,19.0,0.003812677663442232
14.0,5.0,20.0,0.00034943049817293126
14.0,5.0,21.0,-9.712279002982438e-07
14.0,6.0,0.0,0.04366557771851565
14.0,6.0,1.0,0.0006257579552680637
14.0,6.0,2.0,0.008949112894878097
14.0,6.0,3.0,-1.9351733153427642e-07
14.0,6.0,4.0,0.024320451940224974
14.0,6.0,5.0,-0.0067993596380760135
14.0,6.0,6.0,0.14735919947788684
14.0,6.0,7.0,-0.008557690661485984
14.0,6.0,8.0,-4.964001173099475e-06
14.0,6.0,9.0,-0.0030211888300489542
14.0,6.0,10.0,-0.0015928679126511192
14.0,6.0,11.0,5.7157229227389195e-09
14.0,6.0,12.0,0.004604594470807966
14.0,6.0,13.0,0.006094327080359285
14.0,6.0,14.0,-0.003293128316609141
14.0,6.0,15.0,0.00015425624582887654
14.0,6.0,16.0,-0.0005649375623834607
14.0,6.0,17.0,-0.001987606269310077
14.0,6.0,18.0,0.03219797372579458
14.0,6.0,19.0,0.013833592444882026
14.0,6.0,20.0,0.015147925316836508
14.0,6.0,21.0,-9.712280730211909e-07
14.0,7.0,0.0,0.003564266023088347
14.0,7.0,1.0,5.0772440522039997e-05
14.0,7.0,2.0,0.0006865425988259455
14.0,7.0,3.0,-1.9351732183370274e-07
14.0,7.0,4.0,-0.0019413753411827717
14.0,7.0,5.0,-0.03964926935949975
14.0,7.0,6.0,0.001235630206866456
14.0,7.0,7.0,-0.13742297014478172
14.0,7.0,8.0,-4.9640004128881365e-06
14.0,7.0,9.0,-0.0002441406428572157
14.0,7.0,10.0,-0.008006791930432855
14.0,7.0,11.0,5.715722881105556e-09
14.0,7.0,12.0,0.0019148810039999187
14.0,7.0,13.0,0.0004950520590433216
14.0,7.0,14.0,0.00011700471576119031
14.0,7.0,15.0,1.0300676692082122e-05
14.0,7.0,16.0,0.003924896000451622
14.0,7.0,17.0,-0.01525863190905985
14.0,7.0,18.0,0.0006206974681634558
14.0,7.0,19.0,0.0003487442335435853
14.0,7.0,20.0,-2.6628615820700752e-05
14.0,7.0,21.0,-9.712279242790611e-07
14.0,8.0,0.0,0.03584965671871976
14.0,8.0,1.0,0.017810543643865334
14.0,8.0,2.0,0.012555916701473213
14.0,8.0,3.0,-1.9351732853667425e-07
14.0,8.0,4.0,0.011147359690711345
14.0,8.0,5.0,-0.007334603831764319
14.0,8.0,6.0,0.03658781914782616
14.0,8.0,7.0,-0.0078015278206742256
14.0,8.0,8.0,0.14285217850846837
14.0,8.0,9.0,0.02464865085793344
14.0,8.0,10.0,0.014309197297853293
14.0,8.0,11.0,5.7157229227389195e-09
14.0,8.0,12.0,0.02485755132026332
14.0,8.0,13.0,0.004937283329707193
14.0,8.0,14.0,-0.0017602957094518187
14.0,8.0,15.0,0.028322049029712804
14.0,8.0,16.0,0.010641423132136146
14.0,8.0,17.0,-0.0045610989728270546
14.0,8.0,18.0,0.010921714220154977
14.0,8.0,19.0,0.005735905481090986
14.0,8.0,20.0,0.006765250861293426
14.0,8.0,21.0,0.019350891926758707
14.0,9.0,0.0,0.04671660701462288
14.0,9.0,1.0,0.0006661471633774563
14.0,9.0,2.0,0.009765840498671241
14.0,9.0,3.0,-1.9351732820360734e-07
14.0,9.0,4.0,0.03371674522611412
14.0,9.0,5.0,-0.006389928732375427
14.0,9.0,6.0,0.02317529269609475
14.0,9.0,7.0,-0.00857711769197797
14.0,9.0,8.0,-4.9640009025520015e-06
14.0,9.0,9.0,0.13953278917524395
14.0,9.0,10.0,-0.0014181509233405776
14.0,9.0,11.0,5.715722908861132e-09
14.0,9.0,12.0,0.0023305928393387854
14.0,9.0,13.0,0.00656897366244813
14.0,9.0,14.0,-0.004355550161415055
14.0,9.0,15.0,0.00016686959272591007
14.0,9.0,16.0,0.02666997556692316
14.0,9.0,17.0,2.9878648920289574e-05
14.0,9.0,18.0,0.011369484300660593
14.0,9.0,19.0,0.024179739511816456
14.0,9.0,20.0,0.014287221941259809
14.0,9.0,21.0,-9.712280200913082e-07
14.0,10.0,0.0,0.011459287110484828
14.0,10.0,1.0,0.00015962179447970293
14.0,10.0,2.0,0.002560532001611604
14.0,10.0,3.0,-1.9351733124284287e-07
14.0,10.0,4.0,0.00876400970523672
14.0,10.0,5.0,0.04432727200642664
14.0,10.0,6.0,-0.00028587501568549945
14.0,10.0,7.0,0.03074958780405282
14.0,10.0,8.0,-4.964001148605179e-06
14.0,10.0,9.0,-0.0008442420083385471
14.0,10.0,10.0,0.15169388631018804
14.0,10.0,11.0,5.7157229227389195e-09
14.0,10.0,12.0,-0.001908383625814608
14.0,10.0,13.0,0.0016506653584956177
14.0,10.0,14.0,-0.0011493077227149179
14.0,10.0,15.0,4.078551071265424e-05
14.0,10.0,16.0,0.003938801909930095
14.0,10.0,17.0,0.04260605264198372
14.0,10.0,18.0,0.001104105927986071
14.0,10.0,19.0,-0.001069718852361512
14.0,10.0,20.0,0.0035159539245740445
14.0,10.0,21.0,-9.712280681917207e-07
14.0,11.0,0.0,0.022920243942014418
14.0,11.0,1.0,0.00033108281210203483
14.0,11.0,2.0,0.027956265486247855
14.0,11.0,3.0,-1.9351732906403019e-07
14.0,11.0,4.0,0.0191272625758111
14.0,11.0,5.0,-0.007014814710842421
14.0,11.0,6.0,0.0055446628136660014
14.0,11.0,7.0,-0.005437820210819927
14.0,11.0,8.0,-4.9640009707682675e-06
14.0,11.0,9.0,0.01266087265088564
14.0,11.0,10.0,-0.0015920761464592315
14.0,11.0,11.0,0.14285714851654274
14.0,11.0,12.0,0.0044841524910598785
14.0,11.0,13.0,0.0031437915983650033
14.0,11.0,14.0,-0.002418592511556357
14.0,11.0,15.0,7.807762985792555e-05
14.0,11.0,16.0,0.0040258996437577965
14.0,11.0,17.0,-0.0012382060602482703
14.0,11.0,18.0,0.029948448564413477
14.0,11.0,19.0,-0.018049471766049402
14.0,11.0,20.0,0.03522515405954063
14.0,11.0,21.0,-9.7122803344174e-07
14.0,12.0,0.0,0.03288858726119337
14.0,12.0,1.0,0.0004586033086613761
14.0,12.0,2.0,0.007301768985376489
14.0,12.0,3.0,-1.935173282452407e-07
14.0,12.0,4.0,0.006139366603530871
14.0,12.0,5.0,-0.048109556827322264
14.0,12.0,6.0,0.020059230487193602
14.0,12.0,7.0,-0.03690821463520111
14.0,12.0,8.0,-4.964000902843435e-06
14.0,12.0,9.0,-0.002389025360439917
14.0,12.0,10.0,-0.01662660194999177
14.0,12.0,11.0,5.715722908861132e-09
14.0,12.0,12.0,0.14699446498101387
14.0,12.0,13.0,0.004694939738790649
14.0,12.0,14.0,-0.0011791157459063867
14.0,12.0,15.0,0.00012065494370924745
14.0,12.0,16.0,0.040698685908998306
14.0,12.0,17.0,-0.04557106062845019
14.0,12.0,18.0,0.016343613912512128
14.0,12.0,19.0,0.006472740415410738
14.0,12.0,20.0,0.0074459778590939
14.0,12.0,21.0,-9.712280201190637e-07
14.0,13.0,0.0,0.032811712819648786
14.0,13.0,1.0,0.015196859889942849
14.0,13.0,2.0,0.009183138700967874
14.0,13.0,3.0,-1.9351732816197398e-07
14.0,13.0,4.0,0.0013328657222090867
14.0,13.0,5.0,0.03120608542859188
14.0,13.0,6.0,0.00043277990364354313
14.0,13.0,7.0,0.035874869305978135
14.0,13.0,8.0,-4.964000895696374e-06
14.0,13.0,9.0,0.026568671680066186
14.0,13.0,10.0,0.007118515749851451
14.0,13.0,11.0,5.715722908861132e-09
14.0,13.0,12.0,-0.020313752603560414
14.0,13.0,13.0,0.14758826641991837
14.0,13.0,14.0,-0.0006825201889041899
14.0,13.0,15.0,0.0037816688358601747
14.0,13.0,16.0,-0.0067905973293509725
14.0,13.0,17.0,0.011103450971090306
14.0,13.0,18.0,-0.0015654971463876788
14.0,13.0,19.0,-0.003483903913496955
14.0,13.0,20.0,0.0028572321748358553
14.0,13.0,21.0,-9.712280187035294e-07
14.0,14.0,0.0,0.0008944275611117991
14.0,14.0,1.0,1.9288452225624253e-05
14.0,14.0,2.0,-0.00023995561972089963
14.0,14.0,3.0,-1.9351732662153953e-07
14.0,14.0,4.0,0.0008898203461478182
14.0,14.0,5.0,-0.00022893187577580076
14.0,14.0,6.0,0.00017123495433485347
14.0,14.0,7.0,-0.00011264800296093003
14.0,14.0,8.0,-4.964000775257993e-06
14.0,14.0,9.0,3.0511760118451248e-05
14.0,14.0,10.0,9.162477921098588e-06
14.0,14.0,11.0,5.715722894983344e-09
14.0,14.0,12.0,0.0003030029947510837
14.0,14.0,13.0,3.319655790945397e-05
14.0,14.0,14.0,-0.04201135333981278
14.0,14.0,15.0,-2.4424360993147154e-06
14.0,14.0,16.0,0.0001369197685252843
14.0,14.0,17.0,3.1666596358559396e-05
14.0,14.0,18.0,0.002224828884529295
14.0,14.0,19.0,-0.004449325611816296
14.0,14.0,20.0,0.0003717997914408633
14.0,14.0,21.0,-9.712279951945568e-07
14.0,15.0,0.0,0.040326683161122645
14.0,15.0,1.0,0.03215051961136159
14.0,15.0,2.0,0.031084732567013607
14.0,15.0,3.0,-1.935173297440418e-07
14.0,15.0,4.0,-0.0036632757691439366
14.0,15.0,5.0,-0.008097492608863693
14.0,15.0,6.0,0.01773122386919984
14.0,15.0,7.0,-0.007918567611085031
14.0,15.0,8.0,-4.964001023954889e-06
14.0,15.0,9.0,-0.002849528235929988
14.0,15.0,10.0,-0.0016655692746746498
14.0,15.0,11.0,5.715722908861132e-09
14.0,15.0,12.0,-0.00011934691235485073
14.0,15.0,13.0,0.005687768058792425
14.0,15.0,14.0,-0.00026825196253882355
14.0,15.0,15.0,0.15083859601724417
14.0,15.0,16.0,-0.0043613116893108095
14.0,15.0,17.0,-0.006023153530496983
14.0,15.0,18.0,0.0026579205047550514
14.0,15.0,19.0,-0.00651597237630111
14.0,15.0,20.0,0.0028832567852692392
14.0,15.0,21.0,-9.712280438223253e-07
14.0,16.0,0.0,0.04585707416889029
14.0,16.0,1.0,0.0006578381826575497
14.0,16.0,2.0,0.009356852292754847
14.0,16.0,3.0,-1.9351733124284287e-07
14.0,16.0,4.0,0.04732026824687169
14.0,16.0,5.0,-0.0065893150598584915
14.0,16.0,6.0,0.00839022462684591
14.0,16.0,7.0,-0.008577210548758013
14.0,16.0,8.0,-4.9640011482027235e-06
14.0,16.0,9.0,-0.0031653062670755905
14.0,16.0,10.0,-0.0015177831645417639
14.0,16.0,11.0,5.715722908861132e-09
14.0,16.0,12.0,0.00399946282679986
14.0,16.0,13.0,0.006391656553398212
14.0,16.0,14.0,-0.005774391078184053
14.0,16.0,15.0,0.0001617662888029614
14.0,16.0,16.0,0.14435293187395812
14.0,16.0,17.0,0.0020853690659184687
14.0,16.0,18.0,0.02008175118288144
14.0,16.0,19.0,0.028993528764915844
14.0,16.0,20.0,0.01862606189036803
14.0,16.0,21.0,-9.712280681362095e-07
14.0,17.0,0.0,-0.0017223934106999073
14.0,17.0,1.0,-1.3443145794628242e-05
14.0,17.0,2.0,-0.0011316437759404385
14.0,17.0,3.0,-1.9351732434558233e-07
14.0,17.0,4.0,-0.032658741688251336
14.0,17.0,5.0,-0.010931315748073822
14.0,17.0,6.0,-0.005440883946991215
14.0,17.0,7.0,-0.007784285375952188
14.0,17.0,8.0,-4.964000601737073e-06
14.0,17.0,9.0,0.0002922219889552047
14.0,17.0,10.0,-0.002034755698538504
14.0,17.0,11.0,5.715722894983344e-09
14.0,17.0,12.0,-0.001495354217211281
14.0,17.0,13.0,-0.0004202321314820956
14.0,17.0,14.0,0.0034767102499751942
14.0,17.0,15.0,-1.463588687516948e-05
14.0,17.0,16.0,-0.002557759939363413
14.0,17.0,17.0,-0.14975345371964383
14.0,17.0,18.0,-0.005625209202757886
14.0,17.0,19.0,-0.002062532549835794
14.0,17.0,20.0,-0.009993763825996316
14.0,17.0,21.0,-9.712279612217323e-07
14.0,18.0,0.0,0.02301188543010213
14.0,18.0,1.0,0.00032957900191774026
14.0,18.0,2.0,0.004712764272558179
14.0,18.0,3.0,-1.9351732948036382e-07
14.0,18.0,4.0,0.013537603326769121
14.0,18.0,5.0,-0.008517619236293128
14.0,18.0,6.0,0.0047136510051254965
14.0,18.0,7.0,-0.007994094319943523
14.0,18.0,8.0,-4.964001004498231e-06
14.0,18.0,9.0,-0.0015934746761578633
14.0,18.0,10.0,-0.0026063103272048194
14.0,18.0,11.0,5.7157229227389195e-09
14.0,18.0,12.0,0.018982312341825097
14.0,18.0,13.0,0.0032138094130473027
14.0,18.0,14.0,-0.0018312064232254704
14.0,18.0,15.0,8.028086539552115e-05
14.0,18.0,16.0,0.00469335497577078
14.0,18.0,17.0,-0.005728438526424684
14.0,18.0,18.0,0.14707097512270015
14.0,18.0,19.0,-0.0021096312857650235
14.0,18.0,20.0,0.03276590972550342
14.0,18.0,21.0,-9.71228040047567e-07
14.0,19.0,0.0,0.0066125049282652615
14.0,19.0,1.0,8.979572698805671e-05
14.0,19.0,2.0,0.0016119275647392128
14.0,19.0,3.0,-1.9351733002159754e-07
14.0,19.0,4.0,0.013526668318130208
14.0,19.0,5.0,-0.0009341163063207036
14.0,19.0,6.0,0.0024782719164518907
14.0,19.0,7.0,-0.0012952883491843536
14.0,19.0,8.0,-4.964001046998956e-06
14.0,19.0,9.0,-0.0005274964110120461
14.0,19.0,10.0,-0.0002350853017818455
14.0,19.0,11.0,5.715722908861132e-09
14.0,19.0,12.0,0.0008031218205376833
14.0,19.0,13.0,0.0009958607254728913
14.0,19.0,14.0,-0.0015913045325875452
14.0,19.0,15.0,2.3899226754664493e-05
14.0,19.0,16.0,0.000987839107560562
14.0,19.0,17.0,0.0014415713975332312
14.0,19.0,18.0,0.002417470232310287
14.0,19.0,19.0,0.14251177447398572
14.0,19.0,20.0,0.004836319113983023
14.0,19.0,21.0,-9.712280483464841e-07
14.0,20.0,0.0,0.02429092688043022
14.0,20.0,1.0,0.00034913161240079926
14.0,20.0,2.0,0.004883219691544705
14.0,20.0,3.0,-1.9351732900851903e-07
14.0,20.0,4.0,-0.004696484223366715
14.0,20.0,5.0,-0.0031149882872523738
14.0,20.0,6.0,-0.000968264101241012
14.0,20.0,7.0,-0.00427161011735841
14.0,20.0,8.0,-4.964000963204873e-06
14.0,20.0,9.0,-0.0016715996347361484
14.0,20.0,10.0,-0.000567841921020662
14.0,20.0,11.0,5.7157229227389195e-09
14.0,20.0,12.0,-0.0006054811881872624
14.0,20.0,13.0,0.003381041167653448
14.0,20.0,14.0,9.565400947822433e-05
14.0,20.0,15.0,8.425197320685585e-05
14.0,20.0,16.0,-0.003212732086255443
14.0,20.0,17.0,-0.0034516457786357146
14.0,20.0,18.0,-0.0010731066009519175
14.0,20.0,19.0,-0.0057763612642592055
14.0,20.0,20.0,0.14326853244862192
14.0,20.0,21.0,-9.71228031942939e-07
14.0,21.0,0.0,0.006177553912938394
14.0,21.0,1.0,9.344650033810131e-05
14.0,21.0,2.0,0.000904746058709327
14.0,21.0,3.0,-1.9351732770400698e-07
14.0,21.0,4.0,-0.0011771918290423566
14.0,21.0,5.0,-0.0008267957955149507
14.0,21.0,6.0,-0.0002494150024524022
14.0,21.0,7.0,-0.0010128655830198008
14.0,21.0,8.0,-4.9640008567691796e-06
14.0,21.0,9.0,-0.0003598668010598993
14.0,21.0,10.0,-8.347913252776396e-05
14.0,21.0,11.0,5.715722908861132e-09
14.0,21.0,12.0,-0.00015591500931541602
14.0,21.0,13.0,0.000792379632575807
14.0,21.0,14.0,1.6944297871676617e-06
14.0,21.0,15.0,1.7171199560600536e-05
14.0,21.0,16.0,-0.0007852804535130042
14.0,21.0,17.0,-0.0008261768234507083
14.0,21.0,18.0,-0.0002569528750177297
14.0,21.0,19.0,-0.0013522419993698964
14.0,21.0,20.0,-8.394916579090861e-05
14.0,21.0,21.0,0.14283780474720265
15.0,0.0,0.0,-0.14701407039225256
15.0,0.0,1.0,-0.002221106525576083
15.0,0.0,2.0,-0.02208433712168617
15.0,0.0,3.0,-1.9423531598394828e-07
15.0,0.0,4.0,0.022595460730730543
15.0,0.0,5.0,0.027914315993737365
15.0,0.0,6.0,0.0036342469701314273
15.0,0.0,7.0,0.01693836109983224
15.0,0.0,8.0,-4.983130088682952e-06
15.0,0.0,9.0,0.01728666905487969
15.0,0.0,10.0,0.0031221698200989134
15.0,0.0,11.0,5.800719765636231e-09
15.0,0.0,12.0,0.0007840305606368059
15.0,0.0,13.0,-0.009299896078749356
15.0,0.0,14.0,-0.007862149807946042
15.0,0.0,15.0,-0.0004683355550259283
15.0,0.0,16.0,0.01554499016480651
15.0,0.0,17.0,0.019563858685271426
15.0,0.0,18.0,-0.0022051469679957025
15.0,0.0,19.0,0.009112457919917605
15.0,0.0,20.0,-0.008534270924011378
15.0,0.0,21.0,-1.0059743413282085e-06
15.0,1.0,0.0,0.04457794562165529
15.0,1.0,1.0,0.14922422897409873
15.0,1.0,2.0,0.03362248778828064
15.0,1.0,3.0,-1.9423531517903658e-07
15.0,1.0,4.0,-0.006069505311139978
15.0,1.0,5.0,-0.010525268754860179
15.0,1.0,6.0,0.005576801418936128
15.0,1.0,7.0,-0.0056444930071972155
15.0,1.0,8.0,-4.9831300229924436e-06
15.0,1.0,9.0,-0.00524801017204346
15.0,1.0,10.0,-0.0013384928250294303
15.0,1.0,11.0,5.800719765636231e-09
15.0,1.0,12.0,0.00040753435898088775
15.0,1.0,13.0,0.0028268323833661735
15.0,1.0,14.0,0.0022323961948093884
15.0,1.0,15.0,0.031175154543957584
15.0,1.0,16.0,-0.00411393494513429
15.0,1.0,17.0,-0.006155056944305737
15.0,1.0,18.0,0.002656120913529375
15.0,1.0,19.0,-0.0012217413069515737
15.0,1.0,20.0,0.003132579623686127
15.0,1.0,21.0,-1.0059743280332878e-06
15.0,2.0,0.0,0.0050061599465444084
15.0,2.0,1.0,6.717940839154335e-05
15.0,2.0,2.0,0.14333168747061814
15.0,2.0,3.0,-1.9423531351370205e-07
15.0,2.0,4.0,0.00105391480988265
15.0,2.0,5.0,-0.011738655173570034
15.0,2.0,6.0,0.0018477550231484896
15.0,2.0,7.0,-0.0031050248615001053
15.0,2.0,8.0,-4.983129885997861e-06
15.0,2.0,9.0,-0.0007062096084952951
15.0,2.0,10.0,-0.002030040331101185
15.0,2.0,11.0,5.800719751758443e-09
15.0,2.0,12.0,0.002038250372233097
15.0,2.0,13.0,0.0003536339961030116
15.0,2.0,14.0,8.27147192453137e-05
15.0,2.0,15.0,1.732434209092415e-05
15.0,2.0,16.0,0.0011398489170695858
15.0,2.0,17.0,-0.0018008121783945896
15.0,2.0,18.0,0.004751222283532364
15.0,2.0,19.0,0.00039675247079218323
15.0,2.0,20.0,0.0020987640012153364
15.0,2.0,21.0,-1.0059743003887345e-06
15.0,3.0,0.0,0.05062195892315258
15.0,3.0,1.0,0.0007690949144359693
15.0,3.0,2.0,0.007540414537431095
15.0,3.0,3.0,0.14285694859963854
15.0,3.0,4.0,0.03213656529738018
15.0,3.0,5.0,-0.010978364419409026
15.0,3.0,6.0,0.007967375109691144
15.0,3.0,7.0,-0.007196543371744996
15.0,3.0,8.0,-4.9831300363428754e-06
15.0,3.0,9.0,-0.005962158272044632
15.0,3.0,10.0,-0.0033316873260045565
15.0,3.0,11.0,5.800719765636231e-09
15.0,3.0,12.0,0.007108737040460833
15.0,3.0,13.0,0.003213979131217279
15.0,3.0,14.0,-0.00257840292978756
15.0,3.0,15.0,0.000157921343185069
15.0,3.0,16.0,0.0032231069829187775
15.0,3.0,17.0,-0.006853775303831057
15.0,3.0,18.0,0.010876223870473045
15.0,3.0,19.0,0.01691105779611357
15.0,3.0,20.0,0.031785168345652814
15.0,3.0,21.0,-1.0059743307255786e-06
15.0,4.0,0.0,0.03719724727139195
15.0,4.0,1.0,0.0005619410688056103
15.0,4.0,2.0,0.00568367845374268
15.0,4.0,3.0,-1.9423531781581627e-07
15.0,4.0,4.0,0.163314055615146
15.0,4.0,5.0,-0.012699598078363114
15.0,4.0,6.0,0.036607199019270564
15.0,4.0,7.0,-0.009971601527808072
15.0,4.0,8.0,-4.9831302414427014e-06
15.0,4.0,9.0,-0.004432937235320233
15.0,4.0,10.0,-0.010326822024286392
15.0,4.0,11.0,5.800719779514019e-09
15.0,4.0,12.0,0.030213350480108647
15.0,4.0,13.0,0.0023783481453238664
15.0,4.0,14.0,-0.019961282149943242
15.0,4.0,15.0,0.00011682007439331454
15.0,4.0,16.0,0.031237445357232385
15.0,4.0,17.0,-0.005410350798609825
15.0,4.0,18.0,0.04262334017205713
15.0,4.0,19.0,0.014667037592592302
15.0,4.0,20.0,0.0347428581075625
15.0,4.0,21.0,-1.005974372164653e-06
15.0,5.0,0.0,0.04534113640838566
15.0,5.0,1.0,0.0006861303736889202
15.0,5.0,2.0,0.00670072497805807
15.0,5.0,3.0,-1.9423531406881356e-07
15.0,5.0,4.0,0.011427969353108025
15.0,5.0,5.0,-0.12831180459547878
15.0,5.0,6.0,0.02334897830022803
15.0,5.0,7.0,-0.032885610724179365
15.0,5.0,8.0,-4.98312993456318e-06
15.0,5.0,9.0,-0.005299532621546921
15.0,5.0,10.0,-0.022248698726683086
15.0,5.0,11.0,5.800719765636231e-09
15.0,5.0,12.0,0.023622038580669524
15.0,5.0,13.0,0.00286068515869585
15.0,5.0,14.0,-1.4599075658580651e-05
15.0,5.0,15.0,0.00014045672862628145
15.0,5.0,16.0,0.015895769566373036
15.0,5.0,17.0,-0.018037313267372818
15.0,5.0,18.0,0.0531321482462381
15.0,5.0,19.0,0.004244164065810352
15.0,5.0,20.0,0.01306435962198188
15.0,5.0,21.0,-1.0059743101864527e-06
15.0,6.0,0.0,0.037885239079974986
15.0,6.0,1.0,0.0005723167939016283
15.0,6.0,2.0,0.005790166650483486
15.0,6.0,3.0,-1.9423531727458254e-07
15.0,6.0,4.0,0.012780472321892389
15.0,6.0,5.0,-0.008150659303677518
15.0,6.0,6.0,0.14659217689103288
15.0,6.0,7.0,-0.005314706787852064
15.0,6.0,8.0,-4.983130198171759e-06
15.0,6.0,9.0,-0.00451556888839133
15.0,6.0,10.0,-0.002263971464857545
15.0,6.0,11.0,5.800719765636231e-09
15.0,6.0,12.0,0.004595165792443706
15.0,6.0,13.0,0.002422533171155372
15.0,6.0,14.0,-0.00043076320707684246
15.0,6.0,15.0,0.00011907083824785891
15.0,6.0,16.0,0.0002505448304557789
15.0,6.0,17.0,-0.005317256235253143
15.0,6.0,18.0,0.027233795817497602
15.0,6.0,19.0,0.03128560546807935
15.0,6.0,20.0,0.00935758075754134
15.0,6.0,21.0,-1.0059743633938911e-06
15.0,7.0,0.0,0.03685109008483678
15.0,7.0,1.0,0.0005551824849004405
15.0,7.0,2.0,0.005587556477236744
15.0,7.0,3.0,-1.94235309003421e-07
15.0,7.0,4.0,-0.002729030145013578
15.0,7.0,5.0,-0.03435465395072472
15.0,7.0,6.0,0.004690958779257071
15.0,7.0,7.0,-0.15354459206409488
15.0,7.0,8.0,-4.9831295479974e-06
15.0,7.0,9.0,-0.004374571508873298
15.0,7.0,10.0,-0.005544897659757353
15.0,7.0,11.0,5.800719737880655e-09
15.0,7.0,12.0,0.005131425673938511
15.0,7.0,13.0,0.0023470649334218913
15.0,7.0,14.0,0.0015265504643288685
15.0,7.0,15.0,0.00011453841935715747
15.0,7.0,16.0,0.0006925930524807888
15.0,7.0,17.0,-0.01820289059542598
15.0,7.0,18.0,0.01226003052326785
15.0,7.0,19.0,-0.0008328049059393439
15.0,7.0,20.0,0.004555628981061599
15.0,7.0,21.0,-1.0059742321655296e-06
15.0,8.0,0.0,0.03697785685098265
15.0,8.0,1.0,0.02577692503026799
15.0,8.0,2.0,0.013880559319597419
15.0,8.0,3.0,-1.942353157202703e-07
15.0,8.0,4.0,0.009788855637531513
15.0,8.0,5.0,-0.010229117350148018
15.0,8.0,6.0,0.043933870891464055
15.0,8.0,7.0,-0.00787119588882712
15.0,8.0,8.0,0.14285215938497736
15.0,8.0,9.0,0.015675960261320898
15.0,8.0,10.0,0.0030440323240209233
15.0,8.0,11.0,5.800719765636231e-09
15.0,8.0,12.0,0.02479697047424964
15.0,8.0,13.0,0.002290518193535429
15.0,8.0,14.0,-8.930251185643168e-05
15.0,8.0,15.0,0.025767213918254595
15.0,8.0,16.0,0.007865908994737825
15.0,8.0,17.0,-0.006021548174833621
15.0,8.0,18.0,0.01595032914332642
15.0,8.0,19.0,0.011912401547832019
15.0,8.0,20.0,0.005976667376258016
15.0,8.0,21.0,0.019972196935558933
15.0,9.0,0.0,0.05040515352688568
15.0,9.0,1.0,0.0007627660011829129
15.0,9.0,2.0,0.007423642225381111
15.0,9.0,3.0,-1.9423531667783767e-07
15.0,9.0,4.0,0.05256298362698397
15.0,9.0,5.0,-0.011616920397465258
15.0,9.0,6.0,0.03925385525470071
15.0,9.0,7.0,-0.00790321985459888
15.0,9.0,8.0,-4.983130147830084e-06
15.0,9.0,9.0,0.13707191326948887
15.0,9.0,10.0,-0.004646453163628911
15.0,9.0,11.0,5.800719779514019e-09
15.0,9.0,12.0,0.011100660713952298
15.0,9.0,13.0,0.0031738210329217004
15.0,9.0,14.0,-0.005168324191217329
15.0,9.0,15.0,0.00015644841861400804
15.0,9.0,16.0,0.03678120304225735
15.0,9.0,17.0,-0.006903430907741863
15.0,9.0,18.0,0.024030388191286722
15.0,9.0,19.0,0.02901566676610501
15.0,9.0,20.0,0.015311089728784477
15.0,9.0,21.0,-1.0059743532353504e-06
15.0,10.0,0.0,-0.015345668918794297
15.0,10.0,1.0,-0.0002310169043348853
15.0,10.0,2.0,-0.0022216728858132084
15.0,10.0,3.0,-1.9423531506801428e-07
15.0,10.0,4.0,-2.980013537412507e-05
15.0,10.0,5.0,0.030785868789361265
15.0,10.0,6.0,-0.004675800585263845
15.0,10.0,7.0,0.022389376640284425
15.0,10.0,8.0,-4.983130015165371e-06
15.0,10.0,9.0,0.0017396334605331853
15.0,10.0,10.0,0.1480515566109835
15.0,10.0,11.0,5.800719765636231e-09
15.0,10.0,12.0,-0.005049575182903998
15.0,10.0,13.0,-0.0009467092696332363
15.0,10.0,14.0,-0.0005405471053538113
15.0,10.0,15.0,-4.983634320135377e-05
15.0,10.0,16.0,-0.0017595371594708309
15.0,10.0,17.0,0.027462729149643345
15.0,10.0,18.0,-0.011824879879782979
15.0,10.0,19.0,-0.0004667892099092241
15.0,10.0,20.0,-0.0027634358152081595
15.0,10.0,21.0,-1.0059743264789756e-06
15.0,11.0,0.0,0.023631209845353496
15.0,11.0,1.0,0.0003563724143257896
15.0,11.0,2.0,0.02443378241379751
15.0,11.0,3.0,-1.9423531592843712e-07
15.0,11.0,4.0,0.04409696040575711
15.0,11.0,5.0,-0.00805348754690155
15.0,11.0,6.0,0.01344025058331988
15.0,11.0,7.0,-0.005126345970701329
15.0,11.0,8.0,-4.9831300853939164e-06
15.0,11.0,9.0,0.012028393996942166
15.0,11.0,10.0,-0.004123374637220484
15.0,11.0,11.0,0.14285714859696735
15.0,11.0,12.0,0.010836241433536203
15.0,11.0,13.0,0.0015061728042073258
15.0,11.0,14.0,-0.004944771830219595
15.0,11.0,15.0,7.326196293935827e-05
15.0,11.0,16.0,0.011138155756124257
15.0,11.0,17.0,-0.003731293636745771
15.0,11.0,18.0,0.047152405969149686
15.0,11.0,19.0,-0.009880737013466423
15.0,11.0,20.0,0.048587393515828525
15.0,11.0,21.0,-1.0059743406620747e-06
15.0,12.0,0.0,0.06544994287528305
15.0,12.0,1.0,0.000982447670148795
15.0,12.0,2.0,0.009763342668487274
15.0,12.0,3.0,-1.942353137912578e-07
15.0,12.0,4.0,0.008669822856975706
15.0,12.0,5.0,-0.042486615748327725
15.0,12.0,6.0,0.025361957679478797
15.0,12.0,7.0,-0.0393093066163481
15.0,12.0,8.0,-4.98312990997174e-06
15.0,12.0,9.0,-0.0076515804996886705
15.0,12.0,10.0,-0.04967181668842724
15.0,12.0,11.0,5.800719765636231e-09
15.0,12.0,12.0,0.15253156051652347
15.0,12.0,13.0,0.004122471289873003
15.0,12.0,14.0,0.0011070784891979851
15.0,12.0,15.0,0.0002047773043119816
15.0,12.0,16.0,0.026488495120251976
15.0,12.0,17.0,-0.029514966416994103
15.0,12.0,18.0,0.043237240854517606
15.0,12.0,19.0,0.003359659429569839
15.0,12.0,20.0,0.012707636687053991
15.0,12.0,21.0,-1.0059743052182046e-06
15.0,13.0,0.0,0.007508706308424928
15.0,13.0,1.0,0.03438886076242417
15.0,13.0,2.0,0.007417409056808655
15.0,13.0,3.0,-1.9423531212592327e-07
15.0,13.0,4.0,-0.0034321369532782087
15.0,13.0,5.0,0.040863449354017534
15.0,13.0,6.0,-0.005885739871541451
15.0,13.0,7.0,0.02975385998928831
15.0,13.0,8.0,-4.983129782337725e-06
15.0,13.0,9.0,0.014256460549632727
15.0,13.0,10.0,0.013322158492921593
15.0,13.0,11.0,5.800719751758443e-09
15.0,13.0,12.0,-0.028503400745296392
15.0,13.0,13.0,0.14336323795913425
15.0,13.0,14.0,0.0006513593496731834
15.0,13.0,15.0,0.007171304401360823
15.0,13.0,16.0,-0.007651324934322246
15.0,13.0,17.0,0.007113809075778341
15.0,13.0,18.0,-0.02005381905349296
15.0,13.0,19.0,-0.00022888233994627916
15.0,13.0,20.0,-0.0026307279938699857
15.0,13.0,21.0,-1.0059742794610305e-06
15.0,14.0,0.0,-0.010557103827126268
15.0,14.0,1.0,-0.00015868909733260383
15.0,14.0,2.0,-0.0013733341840244107
15.0,14.0,3.0,-1.9423531512352543e-07
15.0,14.0,4.0,-0.040127812132384144
15.0,14.0,5.0,0.0035350853539402316
15.0,14.0,6.0,-0.008842106131989547
15.0,14.0,7.0,0.0028503026729873315
15.0,14.0,8.0,-4.983130017212345e-06
15.0,14.0,9.0,0.0011112825808526627
15.0,14.0,10.0,0.003104027455099717
15.0,14.0,11.0,5.800719765636231e-09
15.0,14.0,12.0,-0.008883711532629152
15.0,14.0,13.0,-0.0006201394495004148
15.0,14.0,14.0,0.14764679939943015
15.0,14.0,15.0,-3.3402862664927424e-05
15.0,14.0,16.0,-0.007750563468472721
15.0,14.0,17.0,0.0016468409775596687
15.0,14.0,18.0,-0.036354090924966595
15.0,14.0,19.0,0.006133622115540194
15.0,14.0,20.0,-0.011918551101826325
15.0,14.0,21.0,-1.0059743268675536e-06
15.0,15.0,0.0,0.025203259415611523
15.0,15.0,1.0,0.027895186650362697
15.0,15.0,2.0,0.03793613396327533
15.0,15.0,3.0,-1.9423531510964764e-07
15.0,15.0,4.0,0.00035124035874078974
15.0,15.0,5.0,-0.007512368344686035
15.0,15.0,6.0,0.029280293077766917
15.0,15.0,7.0,-0.003674834363211532
15.0,15.0,8.0,-4.983130018766657e-06
15.0,15.0,9.0,-0.002967214931104134
15.0,15.0,10.0,-0.0012655569851365844
15.0,15.0,11.0,5.800719765636231e-09
15.0,15.0,12.0,0.0013187021286145129
15.0,15.0,13.0,0.001595230119767338
15.0,15.0,14.0,0.0008063834059707092
15.0,15.0,15.0,0.14867006224871615
15.0,15.0,16.0,-0.0013813296837626166
15.0,15.0,17.0,-0.003659629634732625
15.0,15.0,18.0,0.006767281408724207
15.0,15.0,19.0,0.005020184347217016
15.0,15.0,20.0,0.0030798103506665675
15.0,15.0,21.0,-1.005974327172865e-06
15.0,16.0,0.0,0.05533462525342825
15.0,16.0,1.0,0.0008264403316733393
15.0,16.0,2.0,0.008178204107927023
15.0,16.0,3.0,-1.9423531576190367e-07
15.0,16.0,4.0,0.03268483303593234
15.0,16.0,5.0,-0.01191245835798034
15.0,16.0,6.0,0.007241820641811059
15.0,16.0,7.0,-0.0078928266029194
15.0,16.0,8.0,-4.9831300714606175e-06
15.0,16.0,9.0,-0.006380113086710715
15.0,16.0,10.0,-0.00389157730532258
15.0,16.0,11.0,5.800719765636231e-09
15.0,16.0,12.0,0.00797574728027245
15.0,16.0,13.0,0.003448957711054343
15.0,16.0,14.0,-0.002266989581162754
15.0,16.0,15.0,0.0001720845286692918
15.0,16.0,16.0,0.14497402879285642
15.0,16.0,17.0,-0.0075459180476857915
15.0,16.0,18.0,0.030390279176929574
15.0,16.0,19.0,0.004819727479387859
15.0,16.0,20.0,0.013688667837208401
15.0,16.0,21.0,-1.0059743378587616e-06
15.0,17.0,0.0,0.016555650314604153
15.0,17.0,1.0,0.00025026753298568183
15.0,17.0,2.0,0.0026076972230206774
15.0,17.0,3.0,-1.942353095724103e-07
15.0,17.0,4.0,-0.007279002848920468
15.0,17.0,5.0,-0.010435826105121185
15.0,17.0,6.0,9.93517179125325e-05
15.0,17.0,7.0,-0.013597643601463372
15.0,17.0,8.0,-4.983129588888302e-06
15.0,17.0,9.0,-0.0020230332597796497
15.0,17.0,10.0,-0.0013167123393869051
15.0,17.0,11.0,5.800719724002867e-09
15.0,17.0,12.0,0.00044177281757887266
15.0,17.0,13.0,0.0010771859619954915
15.0,17.0,14.0,0.0014586040643807113
15.0,17.0,15.0,5.166283159527274e-05
15.0,17.0,16.0,-0.0015818786822245634
15.0,17.0,17.0,-0.06616524725170311
15.0,17.0,18.0,0.0020943939309661375
15.0,17.0,19.0,-0.0012408781492714849
15.0,17.0,20.0,0.0008442605096863898
15.0,17.0,21.0,-1.0059742404366911e-06
15.0,18.0,0.0,0.042131306666370216
15.0,18.0,1.0,0.0006383515412168861
15.0,18.0,2.0,0.006301614054974092
15.0,18.0,3.0,-1.9423531669171545e-07
15.0,18.0,4.0,0.035810985419479247
15.0,18.0,5.0,-0.011179499930167869
15.0,18.0,6.0,0.009889892916311649
15.0,18.0,7.0,-0.008141349840011747
15.0,18.0,8.0,-4.983130148579484e-06
15.0,18.0,9.0,-0.004963632127886891
15.0,18.0,10.0,-0.006098630999410548
15.0,18.0,11.0,5.800719765636231e-09
15.0,18.0,12.0,0.01635149181734416
15.0,18.0,13.0,0.0026741032785033425
15.0,18.0,14.0,-0.003292571972054431
15.0,18.0,15.0,0.0001313416628706543
15.0,18.0,16.0,0.006252048895691004
15.0,18.0,17.0,-0.006966478225530488
15.0,18.0,18.0,0.15639691959119895
15.0,18.0,19.0,0.0021306724034737545
15.0,18.0,20.0,0.03206966167398906
15.0,18.0,21.0,-1.0059743533741283e-06
15.0,19.0,0.0,0.03282807283089739
15.0,19.0,1.0,0.0004960690667652479
15.0,19.0,2.0,0.004965801399897329
15.0,19.0,3.0,-1.9423531548434791e-07
15.0,19.0,4.0,0.0306802384580942
15.0,19.0,5.0,-0.007454030209529269
15.0,19.0,6.0,0.007264539727123764
15.0,19.0,7.0,-0.005001934015107595
15.0,19.0,8.0,-4.983130054030116e-06
15.0,19.0,9.0,-0.0038897096993548708
15.0,19.0,10.0,-0.0027060598981411
15.0,19.0,11.0,5.800719765636231e-09
15.0,19.0,12.0,0.006313478412893647
15.0,19.0,13.0,0.002090741543475008
15.0,19.0,14.0,-0.00291251708024573
15.0,19.0,15.0,0.0001024222119024587
15.0,19.0,16.0,0.004039555711282422
15.0,19.0,17.0,-0.004481327298712194
15.0,19.0,18.0,0.009428179415328364
15.0,19.0,19.0,0.14442499103955653
15.0,19.0,20.0,0.008872652130622716
15.0,19.0,21.0,-1.0059743343060479e-06
15.0,20.0,0.0,0.01676179826485369
15.0,20.0,1.0,0.0002548065650708753
15.0,20.0,2.0,0.00245506757347419
15.0,20.0,3.0,-1.9423531533169225e-07
15.0,20.0,4.0,-0.002844239816757299
15.0,20.0,5.0,-0.0031956920050311977
15.0,20.0,6.0,-0.00025522789434179183
15.0,20.0,7.0,-0.0019317785874674587
15.0,20.0,8.0,-4.9831300341779405e-06
15.0,20.0,9.0,-0.0019724442444911117
15.0,20.0,10.0,-0.00032725725702337227
15.0,20.0,11.0,5.800719765636231e-09
15.0,20.0,12.0,-4.641843165217874e-05
15.0,20.0,13.0,0.0010636205837378787
15.0,20.0,14.0,0.0008870212897485741
15.0,20.0,15.0,5.061894383495691e-05
15.0,20.0,16.0,-0.0016972588515012377
15.0,20.0,17.0,-0.002238381729061295
15.0,20.0,18.0,0.00024406140716509706
15.0,20.0,19.0,-0.0010511564790883776
15.0,20.0,20.0,0.143745310554456
15.0,20.0,21.0,-1.0059743303370006e-06
15.0,21.0,0.0,0.02300229693327671
15.0,21.0,1.0,0.0003498305640181054
15.0,21.0,2.0,0.0032802579463958037
15.0,21.0,3.0,-1.942353144712694e-07
15.0,21.0,4.0,-0.003760523353409817
15.0,21.0,5.0,-0.004335746881337074
15.0,21.0,6.0,-0.0004441108180635589
15.0,21.0,7.0,-0.0026234785518919612
15.0,21.0,8.0,-4.983129963845312e-06
15.0,21.0,9.0,-0.002659820257461587
15.0,21.0,10.0,-0.0004647580794549522
15.0,21.0,11.0,5.800719751758443e-09
15.0,21.0,12.0,-8.312620412515015e-05
15.0,21.0,13.0,0.0014419201670771015
15.0,21.0,14.0,0.0012117605482792615
15.0,21.0,15.0,6.939553638873885e-05
15.0,21.0,16.0,-0.0023352082194179613
15.0,21.0,17.0,-0.0030427987856712913
15.0,21.0,18.0,0.00034271399118412926
15.0,21.0,19.0,-0.0013942384444206035
15.0,21.0,20.0,0.001007704397106235
15.0,21.0,21.0,0.14284019375916776
16.0,0.0,0.0,-0.16348504832352062
16.0,0.0,1.0,-0.00370076698817684
16.0,0.0,2.0,-0.028558118400661636
16.0,0.0,3.0,-1.940362888280811e-07
16.0,0.0,4.0,0.013052262148772809
16.0,0.0,5.0,0.026739572713700477
16.0,0.0,6.0,-0.0025572418071476144
16.0,0.0,7.0,0.03947138152453586
16.0,0.0,8.0,-4.955857538159469e-06
16.0,0.0,9.0,0.012599559642683833
16.0,0.0,10.0,0.0043503834705772015
16.0,0.0,11.0,5.8401250502271296e-09
16.0,0.0,12.0,0.010330690358135775
16.0,0.0,13.0,-0.034048592043504605
16.0,0.0,14.0,-0.005690420407263884
16.0,0.0,15.0,-0.0002965536417028347
16.0,0.0,16.0,0.004624927202063367
16.0,0.0,17.0,0.02459485606940992
16.0,0.0,18.0,-0.0002501277506231081
16.0,0.0,19.0,0.022137625835757846
16.0,0.0,20.0,-0.0041001703910884535
16.0,0.0,21.0,-1.754118138908023e-06
16.0,1.0,0.0,0.05194204398892277
16.0,1.0,1.0,0.14549127422921093
16.0,1.0,2.0,0.04562556083458247
16.0,1.0,3.0,-1.940362868990686e-07
16.0,1.0,4.0,-0.00309617874129553
16.0,1.0,5.0,-0.011208790177731465
16.0,1.0,6.0,0.0029068173740949277
16.0,1.0,7.0,-0.01294177279207702
16.0,1.0,8.0,-4.955857378793893e-06
16.0,1.0,9.0,-0.004119967150117587
16.0,1.0,10.0,-0.002117292092288725
16.0,1.0,11.0,5.840125036349342e-09
16.0,1.0,12.0,-0.002917571013825393
16.0,1.0,13.0,0.01089781896662001
16.0,1.0,14.0,0.0015639405178950808
16.0,1.0,15.0,0.01168914939659109
16.0,1.0,16.0,-0.0014892888357950773
16.0,1.0,17.0,-0.008315434565700774
16.0,1.0,18.0,0.0013200108134578115
16.0,1.0,19.0,-0.007093805734974201
16.0,1.0,20.0,0.0011539626499188493
16.0,1.0,21.0,-1.7541180825086933e-06
16.0,2.0,0.0,0.03252534200731305
16.0,2.0,1.0,0.000722048112735324
16.0,2.0,2.0,0.1483925639777416
16.0,2.0,3.0,-1.940362889391034e-07
16.0,2.0,4.0,-0.001289697390060296
16.0,2.0,5.0,-0.016017708445954987
16.0,2.0,6.0,0.0034683788318242426
16.0,2.0,7.0,-0.009443292649008027
16.0,2.0,8.0,-4.9558575467845145e-06
16.0,2.0,9.0,-0.002516061824689858
16.0,2.0,10.0,-0.003647663818111435
16.0,2.0,11.0,5.840125036349342e-09
16.0,2.0,12.0,-0.0008499732933438531
16.0,2.0,13.0,0.006726293293580543
16.0,2.0,14.0,0.0007850318303645742
16.0,2.0,15.0,5.647191279055386e-05
16.0,2.0,16.0,-7.918982289800702e-06
16.0,2.0,17.0,-0.006810421796420808
16.0,2.0,18.0,0.0029974551437449704
16.0,2.0,19.0,-0.0039345404850670285
16.0,2.0,20.0,0.0013594655640302156
16.0,2.0,21.0,-1.7541181419611362e-06
16.0,3.0,0.0,0.04314188180276557
16.0,3.0,1.0,0.0009282430276718601
16.0,3.0,2.0,0.008225212277369054
16.0,3.0,3.0,0.14285694879351493
16.0,3.0,4.0,0.0399022824648656
16.0,3.0,5.0,-0.008166814853494825
16.0,3.0,6.0,0.007370960274617061
16.0,3.0,7.0,-0.011066510525705425
16.0,3.0,8.0,-4.955857393358631e-06
16.0,3.0,9.0,-0.00355773686708466
16.0,3.0,10.0,-0.0028496720904858663
16.0,3.0,11.0,5.840125036349342e-09
16.0,3.0,12.0,0.004961835980911183
16.0,3.0,13.0,0.00918814790590608
16.0,3.0,14.0,-0.008021077531422591
16.0,3.0,15.0,7.829141657690608e-05
16.0,3.0,16.0,0.008184322723514159
16.0,3.0,17.0,-0.00672945811788455
16.0,3.0,18.0,0.009858662572675453
16.0,3.0,19.0,0.022565013290516356
16.0,3.0,20.0,0.017336838855749714
16.0,3.0,21.0,-1.7541180876434748e-06
16.0,4.0,0.0,0.025384001911728404
16.0,4.0,1.0,0.0005544119055244379
16.0,4.0,2.0,0.004682498322493012
16.0,4.0,3.0,-1.9403628932768147e-07
16.0,4.0,4.0,0.16039637339191692
16.0,4.0,5.0,-0.008208491928867356
16.0,4.0,6.0,0.026142983494640698
16.0,4.0,7.0,-0.00844026254081088
16.0,4.0,8.0,-4.955857580424272e-06
16.0,4.0,9.0,-0.002016609915661577
16.0,4.0,10.0,-0.007199035859045966
16.0,4.0,11.0,5.840125036349342e-09
16.0,4.0,12.0,0.027468560450774754
16.0,4.0,13.0,0.005307343303941309
16.0,4.0,14.0,-0.02798242355512528
16.0,4.0,15.0,4.4267966020569705e-05
16.0,4.0,16.0,0.03621101650273417
16.0,4.0,17.0,-0.004570354397700024
16.0,4.0,18.0,0.03594098658740405
16.0,4.0,19.0,0.033613740234366196
16.0,4.0,20.0,0.03410323236464391
16.0,4.0,21.0,-1.7541181538682782e-06
16.0,5.0,0.0,0.0384499418757015
16.0,5.0,1.0,0.0008409128801735721
16.0,5.0,2.0,0.007111266479708445
16.0,5.0,3.0,-1.9403627979364124e-07
16.0,5.0,4.0,0.0044309767104695474
16.0,5.0,5.0,-0.08623267292650096
16.0,5.0,6.0,0.023234398488518465
16.0,5.0,7.0,-0.02148414141944508
16.0,5.0,8.0,-4.9558568291918625e-06
16.0,5.0,9.0,-0.003075137116354487
16.0,5.0,10.0,-0.021723772015649512
16.0,5.0,11.0,5.840125008593766e-09
16.0,5.0,12.0,0.006771297390511716
16.0,5.0,13.0,0.00807916049513066
16.0,5.0,14.0,-0.0003400446797775826
16.0,5.0,15.0,6.835767280390093e-05
16.0,5.0,16.0,0.0069814192846552325
16.0,5.0,17.0,-0.02026361958230593
16.0,5.0,18.0,0.021540241440702795
16.0,5.0,19.0,-0.000609129568258926
16.0,5.0,20.0,0.006515384463175844
16.0,5.0,21.0,-1.754117888025375e-06
16.0,6.0,0.0,0.038948361006310495
16.0,6.0,1.0,0.0008632497445543452
16.0,6.0,2.0,0.007023181772489562
16.0,6.0,3.0,-1.9403628707947984e-07
16.0,6.0,4.0,0.02224670124905348
16.0,6.0,5.0,-0.007940584811976487
16.0,6.0,6.0,0.1484108415156605
16.0,6.0,7.0,-0.01036529410698641
16.0,6.0,8.0,-4.955857394711716e-06
16.0,6.0,9.0,-0.0030432143952111024
16.0,6.0,10.0,-0.0035413981386637206
16.0,6.0,11.0,5.840125036349342e-09
16.0,6.0,12.0,0.008492948690601992
16.0,6.0,13.0,0.008104312431096855
16.0,6.0,14.0,-0.0042870958005147945
16.0,6.0,15.0,6.84337636902288e-05
16.0,6.0,16.0,0.00458875753343807
16.0,6.0,17.0,-0.007295226057529608
16.0,6.0,18.0,0.041731314511841394
16.0,6.0,19.0,0.014152226386650535
16.0,6.0,20.0,0.013354206316570139
16.0,6.0,21.0,-1.7541180881708307e-06
16.0,7.0,0.0,0.01336417008659263
16.0,7.0,1.0,0.0002820507772678116
16.0,7.0,2.0,0.002599840678779497
16.0,7.0,3.0,-1.940362830410436e-07
16.0,7.0,4.0,-0.0003267062304641577
16.0,7.0,5.0,-0.010992059302437213
16.0,7.0,6.0,0.0025282684784383447
16.0,7.0,7.0,-0.054637029049998086
16.0,7.0,8.0,-4.955857076535675e-06
16.0,7.0,9.0,-0.001092548046880859
16.0,7.0,10.0,-0.0026358489750969993
16.0,7.0,11.0,5.840125022471554e-09
16.0,7.0,12.0,3.823593256252478e-05
16.0,7.0,13.0,0.0028080417017921355
16.0,7.0,14.0,0.00028337226971194424
16.0,7.0,15.0,2.268438705521625e-05
16.0,7.0,16.0,0.00013985269083327534
16.0,7.0,17.0,-0.01022681284933729
16.0,7.0,18.0,0.002367276410518232
16.0,7.0,19.0,-0.0016739238024711667
16.0,7.0,20.0,0.0004664750025964448
16.0,7.0,21.0,-1.7541179755387049e-06
16.0,8.0,0.0,0.05461076239501639
16.0,8.0,1.0,0.031417549348570384
16.0,8.0,2.0,0.022310496454657713
16.0,8.0,3.0,-1.9403628613579027e-07
16.0,8.0,4.0,0.01200924102235662
16.0,8.0,5.0,-0.015179621543619376
16.0,8.0,6.0,0.050488407599545454
16.0,8.0,7.0,-0.015871909451664
16.0,8.0,8.0,0.1428521866424584
16.0,8.0,9.0,0.03002132214239253
16.0,8.0,10.0,0.009074126276050754
16.0,8.0,11.0,5.840125022471554e-09
16.0,8.0,12.0,0.036896230742631625
16.0,8.0,13.0,0.011445594294765604
16.0,8.0,14.0,-0.0017987543915657517
16.0,8.0,15.0,0.026624476519189727
16.0,8.0,16.0,0.0071086604695704825
16.0,8.0,17.0,-0.01264806212361095
16.0,8.0,18.0,0.022578048408490176
16.0,8.0,19.0,0.0036948979602449694
16.0,8.0,20.0,0.008559664358031571
16.0,8.0,21.0,0.035297007004289976
16.0,9.0,0.0,0.03145262271658389
16.0,9.0,1.0,0.0006863222911745459
16.0,9.0,2.0,0.0058111408019308475
16.0,9.0,3.0,-1.9403628680192408e-07
16.0,9.0,4.0,0.025229872361909433
16.0,9.0,5.0,-0.005935387614305496
16.0,9.0,6.0,0.019945625812967466
16.0,9.0,7.0,-0.008048067492824655
16.0,9.0,8.0,-4.955857373561967e-06
16.0,9.0,9.0,0.14025786661014608
16.0,9.0,10.0,-0.0021218509363029048
16.0,9.0,11.0,5.840125036349342e-09
16.0,9.0,12.0,0.003662945265874934
16.0,9.0,13.0,0.0065832561409511214
16.0,9.0,14.0,-0.005045969719863482
16.0,9.0,15.0,5.546414032209235e-05
16.0,9.0,16.0,0.00803233160275485
16.0,9.0,17.0,-0.0050247380479669645
16.0,9.0,18.0,0.010661054288702038
16.0,9.0,19.0,0.012692164270734996
16.0,9.0,20.0,0.007189369188417616
16.0,9.0,21.0,-1.7541180806768253e-06
16.0,10.0,0.0,0.01168386736742899
16.0,10.0,1.0,0.00024876584345190356
16.0,10.0,2.0,0.002235489303141769
16.0,10.0,3.0,-1.9403628673253515e-07
16.0,10.0,4.0,0.005186870893640005
16.0,10.0,5.0,0.002267326655962576
16.0,10.0,6.0,-4.5719238596697576e-05
16.0,10.0,7.0,0.006379089083289033
16.0,10.0,8.0,-4.955857365346317e-06
16.0,10.0,9.0,-0.0009564079333901077
16.0,10.0,10.0,0.14325149934269227
16.0,10.0,11.0,5.840125036349342e-09
16.0,10.0,12.0,0.000494731443163976
16.0,10.0,13.0,0.002465622585266003
16.0,10.0,14.0,-0.000999918833539986
16.0,10.0,15.0,1.9477679247384416e-05
16.0,10.0,16.0,0.019625635262604524
16.0,10.0,17.0,0.0227416687725506
16.0,10.0,18.0,0.003880478121953662
16.0,10.0,19.0,0.0030323799477985913
16.0,10.0,20.0,0.002045618187361764
16.0,10.0,21.0,-1.7541180777624898e-06
16.0,11.0,0.0,0.014530733125154849
16.0,11.0,1.0,0.00033972294335976594
16.0,11.0,2.0,0.02517284987285051
16.0,11.0,3.0,-1.9403628616354585e-07
16.0,11.0,4.0,0.009769035587977315
16.0,11.0,5.0,-0.00486136069571369
16.0,11.0,6.0,0.004370136392321894
16.0,11.0,7.0,-0.004202023709787402
16.0,11.0,8.0,-4.955857320992907e-06
16.0,11.0,9.0,0.011091580037934978
16.0,11.0,10.0,-0.002118048781419468
16.0,11.0,11.0,0.14285714837653363
16.0,11.0,12.0,0.004899947532693155
16.0,11.0,13.0,0.0028452849482703824
16.0,11.0,14.0,-0.002066538888034094
16.0,11.0,15.0,2.2354643212707526e-05
16.0,11.0,16.0,0.00270686178099927
16.0,11.0,17.0,-0.0032482992857730403
16.0,11.0,18.0,0.023120952419034863
16.0,11.0,19.0,-0.017011355706348208
16.0,11.0,20.0,0.03593524567266643
16.0,11.0,21.0,-1.7541180620805896e-06
16.0,12.0,0.0,0.038384927037674044
16.0,12.0,1.0,0.0008534156470289267
16.0,12.0,2.0,0.006824515363466399
16.0,12.0,3.0,-1.940362849561783e-07
16.0,12.0,4.0,0.0066885109441811585
16.0,12.0,5.0,-0.028665774974336908
16.0,12.0,6.0,0.029685108968196455
16.0,12.0,7.0,-0.02392192200380784
16.0,12.0,8.0,-4.955857224403504e-06
16.0,12.0,9.0,-0.003005067954151175
16.0,12.0,10.0,-0.03519519534584506
16.0,12.0,11.0,5.840125022471554e-09
16.0,12.0,12.0,0.14959931305035218
16.0,12.0,13.0,0.008006417951412492
16.0,12.0,14.0,-0.0009280799943293602
16.0,12.0,15.0,6.694925991700129e-05
16.0,12.0,16.0,0.00830059412726214
16.0,12.0,17.0,-0.03605031984429716
16.0,12.0,18.0,0.03609356972595404
16.0,12.0,19.0,0.000777572703867524
16.0,12.0,20.0,0.010312109720063689
16.0,12.0,21.0,-1.7541180278579649e-06
16.0,13.0,0.0,-0.002195696915629819
16.0,13.0,1.0,0.015360618794449388
16.0,13.0,2.0,0.003596948138652911
16.0,13.0,3.0,-1.9403628674641293e-07
16.0,13.0,4.0,0.0012837191512190538
16.0,13.0,5.0,0.03452950945639689
16.0,13.0,6.0,-0.012315096121200825
16.0,13.0,7.0,0.018172771117465583
16.0,13.0,8.0,-4.955857369960681e-06
16.0,13.0,9.0,0.030935927299554217
16.0,13.0,10.0,0.0171117532109471
16.0,13.0,11.0,5.840125036349342e-09
16.0,13.0,12.0,-0.047177155316866795
16.0,13.0,13.0,0.14230925534450597
16.0,13.0,14.0,-0.0003591349765287681
16.0,13.0,15.0,0.0012311101360652776
16.0,13.0,16.0,-0.0038901424395992312
16.0,13.0,17.0,0.01563234512101444
16.0,13.0,18.0,-0.01572685496849366
16.0,13.0,19.0,0.00025844319211942857
16.0,13.0,20.0,-0.0037323957907263172
16.0,13.0,21.0,-1.7541180794000688e-06
16.0,14.0,0.0,0.007533576111684925
16.0,14.0,1.0,0.00016427218309938985
16.0,14.0,2.0,0.0013114866141292758
16.0,14.0,3.0,-1.940362878011248e-07
16.0,14.0,4.0,-0.002710457868195959
16.0,14.0,5.0,-0.0005186432331966279
16.0,14.0,6.0,-0.0011660633704594914
16.0,14.0,7.0,-0.0013204369144282357
16.0,14.0,8.0,-4.955857450791856e-06
16.0,14.0,9.0,-0.0005229085910601339
16.0,14.0,10.0,0.0007667055370076392
16.0,14.0,11.0,5.840125036349342e-09
16.0,14.0,12.0,-0.0050001496575430016
16.0,14.0,13.0,0.00145227847539936
16.0,14.0,14.0,0.14360641811261537
16.0,14.0,15.0,1.0915522423479707e-05
16.0,14.0,16.0,-0.001288863470745083
16.0,14.0,17.0,-0.0002753086075286959
16.0,14.0,18.0,-0.02237042396028302
16.0,14.0,19.0,0.02668906642338431
16.0,14.0,20.0,-0.005814143532213656
16.0,14.0,21.0,-1.7541181080160673e-06
16.0,15.0,0.0,0.04756627392968027
16.0,15.0,1.0,0.019956911741306982
16.0,15.0,2.0,0.04240872184790967
16.0,15.0,3.0,-1.9403628576109e-07
16.0,15.0,4.0,-4.125928253984057e-05
16.0,15.0,5.0,-0.01049386205065285
16.0,15.0,6.0,0.0195389907882961
16.0,15.0,7.0,-0.011945989478908063
16.0,15.0,8.0,-4.955857290503407e-06
16.0,15.0,9.0,-0.003718430093321623
16.0,15.0,10.0,-0.002243701771044826
16.0,15.0,11.0,5.840125022471554e-09
16.0,15.0,12.0,-0.0014096365668483102
16.0,15.0,13.0,0.009913686031077645
16.0,15.0,14.0,0.0007839462080234325
16.0,15.0,15.0,0.14445729889704864
16.0,15.0,16.0,-0.0006370891114695909
16.0,15.0,17.0,-0.007773118120693638
16.0,15.0,18.0,0.0059570093971601235
16.0,15.0,19.0,-0.004166175454579091
16.0,15.0,20.0,0.0023386747187620904
16.0,15.0,21.0,-1.7541180512836707e-06
16.0,16.0,0.0,0.041804402376579564
16.0,16.0,1.0,0.0009272789546452831
16.0,16.0,2.0,0.007524434504364963
16.0,16.0,3.0,-1.9403628812031393e-07
16.0,16.0,4.0,0.029862413085064765
16.0,16.0,5.0,-0.008360484532893744
16.0,16.0,6.0,0.006644714853637462
16.0,16.0,7.0,-0.011002388531930266
16.0,16.0,8.0,-4.9558574807956335e-06
16.0,16.0,9.0,-0.003267893279618128
16.0,16.0,10.0,-0.0035568639387685286
16.0,16.0,11.0,5.840125036349342e-09
16.0,16.0,12.0,0.0080865538837053
16.0,16.0,13.0,0.008703136080316504
16.0,16.0,14.0,-0.005914138900976945
16.0,16.0,15.0,7.361117449088128e-05
16.0,16.0,16.0,0.1489780992935965
16.0,16.0,17.0,-0.007424835197962665
16.0,16.0,18.0,0.034434400710628366
16.0,16.0,19.0,0.02993303240980061
16.0,16.0,20.0,0.013172326612736096
16.0,16.0,21.0,-1.7541181186186972e-06
16.0,17.0,0.0,0.01441380025316763
16.0,17.0,1.0,0.00031169744406830957
16.0,17.0,2.0,0.00267736472190222
16.0,17.0,3.0,-1.940362846369892e-07
16.0,17.0,4.0,-0.005184741677446647
16.0,17.0,5.0,-0.00540087090960692
16.0,17.0,6.0,0.00024945552974303675
16.0,17.0,7.0,-0.01028130240730793
16.0,17.0,8.0,-4.95585719575975e-06
16.0,17.0,9.0,-0.0011282719835208621
16.0,17.0,10.0,-0.001042245986791035
16.0,17.0,11.0,5.840125022471554e-09
16.0,17.0,12.0,-0.0014612879093302278
16.0,17.0,13.0,0.0029701755122628903
16.0,17.0,14.0,0.0013784881412940847
16.0,17.0,15.0,2.4023686956753387e-05
16.0,17.0,16.0,-0.001457198213945743
16.0,17.0,17.0,-0.06601048600413714
16.0,17.0,18.0,-0.00010694970507324486
16.0,17.0,19.0,-0.0030596339301082187
16.0,17.0,20.0,-0.001015584425462901
16.0,17.0,21.0,-1.7541180177271798e-06
16.0,18.0,0.0,0.04835651237693828
16.0,18.0,1.0,0.0010723157000284422
16.0,18.0,2.0,0.008733411005709513
16.0,18.0,3.0,-1.9403628788439153e-07
16.0,18.0,4.0,0.027764015147156595
16.0,18.0,5.0,-0.012700298334788543
16.0,18.0,6.0,0.010596005903994149
16.0,18.0,7.0,-0.014750742192235891
16.0,18.0,8.0,-4.955857459659763e-06
16.0,18.0,9.0,-0.003802334932764051
16.0,18.0,10.0,-0.008679951498283933
16.0,18.0,11.0,5.840125036349342e-09
16.0,18.0,12.0,0.029671732499938513
16.0,18.0,13.0,0.010105177432995632
16.0,18.0,14.0,-0.005350665132704054
16.0,18.0,15.0,8.566401892012854e-05
16.0,18.0,16.0,0.00677451760395914
16.0,18.0,17.0,-0.012937124448012483
16.0,18.0,18.0,0.15628809821245204
16.0,18.0,19.0,0.0007477585388606101
16.0,18.0,20.0,0.03970400235627325
16.0,18.0,21.0,-1.7541181111246917e-06
16.0,19.0,0.0,0.015731507213943008
16.0,19.0,1.0,0.00032589152247372577
16.0,19.0,2.0,0.003209915285574516
16.0,19.0,3.0,-1.9403628846725862e-07
16.0,19.0,4.0,0.018271506505444568
16.0,19.0,5.0,-0.003104944567312279
16.0,19.0,6.0,0.003263092810576712
16.0,19.0,7.0,-0.0041443908219589085
16.0,19.0,8.0,-4.955857508759376e-06
16.0,19.0,9.0,-0.0013805387765029598
16.0,19.0,10.0,-0.0011838982940757803
16.0,19.0,11.0,5.840125036349342e-09
16.0,19.0,12.0,0.0024718401678401336
16.0,19.0,13.0,0.00343411876373223
16.0,19.0,14.0,-0.0038352379831082944
16.0,19.0,15.0,2.797693653291966e-05
16.0,19.0,16.0,0.0037613659800246335
16.0,19.0,17.0,-0.0025074948519681756
16.0,19.0,18.0,0.004460891374146098
16.0,19.0,19.0,0.14467708244381405
16.0,19.0,20.0,0.004489967990549848
16.0,19.0,21.0,-1.7541181284719265e-06
16.0,20.0,0.0,0.004485374605562864
16.0,20.0,1.0,8.075104276400458e-05
16.0,20.0,2.0,0.0010725488482579149
16.0,20.0,3.0,-1.9403628674641293e-07
16.0,20.0,4.0,1.094346910462951e-05
16.0,20.0,5.0,-0.000748683043559531
16.0,20.0,6.0,-1.0917690705186667e-05
16.0,20.0,7.0,-0.0011114010845653319
16.0,20.0,8.0,-4.955857367636152e-06
16.0,20.0,9.0,-0.00043365779947099337
16.0,20.0,10.0,-0.00012461302397831497
16.0,20.0,11.0,5.840125036349342e-09
16.0,20.0,12.0,-0.0003150280746193057
16.0,20.0,13.0,0.0009996713556493508
16.0,20.0,14.0,3.9943122366624395e-05
16.0,20.0,15.0,6.90426162106017e-06
16.0,20.0,16.0,-0.0003570955777411622
16.0,20.0,17.0,-0.0006985521085158958
16.0,20.0,18.0,8.087820385485611e-05
16.0,20.0,19.0,-0.0008953006566788657
16.0,20.0,20.0,0.1428249755037705
16.0,20.0,21.0,-1.754118078539646e-06
16.0,21.0,0.0,0.038892450817504476
16.0,21.0,1.0,0.0008521339221700952
16.0,21.0,2.0,0.007180238455387844
16.0,21.0,3.0,-1.940362874819357e-07
16.0,21.0,4.0,-0.0026249256052173764
16.0,21.0,5.0,-0.006370691547820592
16.0,21.0,6.0,0.0005013284365992798
16.0,21.0,7.0,-0.009401285700380659
16.0,21.0,8.0,-4.955857425915922e-06
16.0,21.0,9.0,-0.003118532618739067
16.0,21.0,10.0,-0.0010350581716143115
16.0,21.0,11.0,5.840125036349342e-09
16.0,21.0,12.0,-0.002498898096335661
16.0,21.0,13.0,0.008190034041831412
16.0,21.0,14.0,0.0012224294839421126
16.0,21.0,15.0,6.92225387366463e-05
16.0,21.0,16.0,-0.0014012413018896774
16.0,21.0,17.0,-0.005865942366335183
16.0,21.0,18.0,0.0001454842990932237
16.0,21.0,19.0,-0.0056476293226664365
16.0,21.0,20.0,0.000836665484346466
16.0,21.0,21.0,0.14285228421095889
17.0,0.0,0.0,-0.15726613151785063
17.0,0.0,1.0,-0.0043005624058783665
17.0,0.0,2.0,-0.03883779814175081
17.0,0.0,3.0,-1.9440804183146199e-07
17.0,0.0,4.0,0.0019140837097274543
17.0,0.0,5.0,0.02905494276757059
17.0,0.0,6.0,0.0011267826893779642
17.0,0.0,7.0,0.0501354140428439
17.0,0.0,8.0,-4.971406489952257e-06
17.0,0.0,9.0,0.03277855865773521
17.0,0.0,10.0,0.003975382254467197
17.0,0.0,11.0,5.869010458181556e-09
17.0,0.0,12.0,-0.000232186674844731
17.0,0.0,13.0,-0.023229497190461246
17.0,0.0,14.0,-0.00016292559233713406
17.0,0.0,15.0,-0.000474205237259967
17.0,0.0,16.0,0.006974688166694165
17.0,0.0,17.0,0.036175872290243744
17.0,0.0,18.0,-0.003528759949922161
17.0,0.0,19.0,0.03344324412575933
17.0,0.0,20.0,-0.018949107107239238
17.0,0.0,21.0,-1.6784375319323086e-06
17.0,1.0,0.0,0.04079981952976852
17.0,1.0,1.0,0.14521368869968515
17.0,1.0,2.0,0.015440956299329178
17.0,1.0,3.0,-1.9440804108206144e-07
17.0,1.0,4.0,0.0004643473451686475
17.0,1.0,5.0,-0.008592973935410642
17.0,1.0,6.0,0.003129716386811865
17.0,1.0,7.0,-0.013389175684084195
17.0,1.0,8.0,-4.971406425809122e-06
17.0,1.0,9.0,-0.008446406681374669
17.0,1.0,10.0,-0.0013433529398685362
17.0,1.0,11.0,5.869010458181556e-09
17.0,1.0,12.0,0.00041067222542354176
17.0,1.0,13.0,0.005991497898222842
17.0,1.0,14.0,-0.00018566387006443025
17.0,1.0,15.0,0.01596668020969623
17.0,1.0,16.0,-0.0014195520391596106
17.0,1.0,17.0,-0.009440873910612893
17.0,1.0,18.0,0.0016435157202027706
17.0,1.0,19.0,-0.007907194889417657
17.0,1.0,20.0,0.005621625369567895
17.0,1.0,21.0,-1.6784375102829596e-06
17.0,2.0,0.0,0.02276857767793916
17.0,2.0,1.0,0.0006257865814711661
17.0,2.0,2.0,0.14807078591976014
17.0,2.0,3.0,-1.9440804172043968e-07
17.0,2.0,4.0,0.002356809943640348
17.0,2.0,5.0,-0.03421084822575057
17.0,2.0,6.0,0.004079737222541929
17.0,2.0,7.0,-0.01796554600061802
17.0,2.0,8.0,-4.971406480383522e-06
17.0,2.0,9.0,-0.004664515979347139
17.0,2.0,10.0,-0.006477241406669776
17.0,2.0,11.0,5.869010458181556e-09
17.0,2.0,12.0,0.005942094601578185
17.0,2.0,13.0,0.0033103738675081262
17.0,2.0,14.0,-0.00018547533152778124
17.0,2.0,15.0,6.726972586501567e-05
17.0,2.0,16.0,0.005814951211056546
17.0,2.0,17.0,-0.009657989731393021
17.0,2.0,18.0,0.008708309457782087
17.0,2.0,19.0,-0.003120260262916341
17.0,2.0,20.0,0.005081374622078416
17.0,2.0,21.0,-1.6784375287126618e-06
17.0,3.0,0.0,0.044853923618356606
17.0,3.0,1.0,0.0012349637400140556
17.0,3.0,2.0,0.010749125152829941
17.0,3.0,3.0,0.14285694839342708
17.0,3.0,4.0,0.018900851993125745
17.0,3.0,5.0,-0.007719959810589927
17.0,3.0,6.0,0.0025509243024974537
17.0,3.0,7.0,-0.01452668434666897
17.0,3.0,8.0,-4.9714063954098275e-06
17.0,3.0,9.0,-0.00921022377327435
17.0,3.0,10.0,-0.0022195837110467465
17.0,3.0,11.0,5.869010458181556e-09
17.0,3.0,12.0,0.003651836119585389
17.0,3.0,13.0,0.006533521673316722
17.0,3.0,14.0,-0.00018584174936517363
17.0,3.0,15.0,0.00013298424337163106
17.0,3.0,16.0,0.002058728926024933
17.0,3.0,17.0,-0.007259652675033396
17.0,3.0,18.0,0.007658287896314286
17.0,3.0,19.0,0.00865838174216882
17.0,3.0,20.0,0.04258104694661852
17.0,3.0,21.0,-1.6784375000133966e-06
17.0,4.0,0.0,0.031115550360678146
17.0,4.0,1.0,0.0008563262808353178
17.0,4.0,2.0,0.0073854496824235505
17.0,4.0,3.0,-1.9440804412129697e-07
17.0,4.0,4.0,0.16412094949235978
17.0,4.0,5.0,-0.001159830537904527
17.0,4.0,6.0,0.025110571190653713
17.0,4.0,7.0,-0.012750739271324904
17.0,4.0,8.0,-4.971406677413415e-06
17.0,4.0,9.0,-0.0063429220398534825
17.0,4.0,10.0,-0.00965882195209744
17.0,4.0,11.0,5.869010485937132e-09
17.0,4.0,12.0,0.030947750489527276
17.0,4.0,13.0,0.004501494680304252
17.0,4.0,14.0,-0.00018613472184115634
17.0,4.0,15.0,9.172642736296477e-05
17.0,4.0,16.0,0.033529734479082196
17.0,4.0,17.0,0.018625016029938365
17.0,4.0,18.0,0.05770243912488704
17.0,4.0,19.0,0.024529970402743406
17.0,4.0,20.0,0.03446572624557048
17.0,4.0,21.0,-1.678437595215021e-06
17.0,5.0,0.0,0.07972301695249073
17.0,5.0,1.0,0.002166945969549333
17.0,5.0,2.0,0.019613227944587586
17.0,5.0,3.0,-1.9440802731529594e-07
17.0,5.0,4.0,0.011692239176685937
17.0,5.0,5.0,-0.16599824655024534
17.0,5.0,6.0,0.021081847765940492
17.0,5.0,7.0,-0.07681724900763609
17.0,5.0,8.0,-4.971405422507513e-06
17.0,5.0,9.0,-0.016516413218592874
17.0,5.0,10.0,-0.03163508893289785
17.0,5.0,11.0,5.869010388792617e-09
17.0,5.0,12.0,0.029962467665442388
17.0,5.0,13.0,0.011719593290328512
17.0,5.0,14.0,-0.0001859340288077541
17.0,5.0,15.0,0.00023687724007308286
17.0,5.0,16.0,0.03104035025095958
17.0,5.0,17.0,-0.03980982454320106
17.0,5.0,18.0,0.04305243408417922
17.0,5.0,19.0,-0.008397811387484744
17.0,5.0,20.0,0.020798430570328486
17.0,5.0,21.0,-1.6784371715816704e-06
17.0,6.0,0.0,0.054314657641597375
17.0,6.0,1.0,0.0014633854194189555
17.0,6.0,2.0,0.013715874209850598
17.0,6.0,3.0,-1.944080423865735e-07
17.0,6.0,4.0,0.02966453711664102
17.0,6.0,5.0,-0.009146114598080096
17.0,6.0,6.0,0.14707936789310924
17.0,6.0,7.0,-0.01795425463333883
17.0,6.0,8.0,-4.971406532272571e-06
17.0,6.0,9.0,-0.01131360066752607
17.0,6.0,10.0,-0.003219382713685104
17.0,6.0,11.0,5.869010472059344e-09
17.0,6.0,12.0,0.006034207138545661
17.0,6.0,13.0,0.008026268551542093
17.0,6.0,14.0,-0.00018595045248658628
17.0,6.0,15.0,0.00016464114694196563
17.0,6.0,16.0,0.0037845406086123023
17.0,6.0,17.0,-0.008014376332243056
17.0,6.0,18.0,0.019084034912784348
17.0,6.0,19.0,0.02237077533026066
17.0,6.0,20.0,0.01514418458422101
17.0,6.0,21.0,-1.6784375461709189e-06
17.0,7.0,0.0,0.02101094328726283
17.0,7.0,1.0,0.0005966660474002738
17.0,7.0,2.0,0.004507856314555692
17.0,7.0,3.0,-1.9440803342152257e-07
17.0,7.0,4.0,-0.00037345308192282545
17.0,7.0,5.0,-0.010871402167475314
17.0,7.0,6.0,0.0004618774467573805
17.0,7.0,7.0,-0.09518215340193678
17.0,7.0,8.0,-4.9714058372035685e-06
17.0,7.0,9.0,-0.004130317051306898
17.0,7.0,10.0,-0.0019453367593380566
17.0,7.0,11.0,5.8690104304259805e-09
17.0,7.0,12.0,0.0011266652966330226
17.0,7.0,13.0,0.0029357644160024343
17.0,7.0,14.0,-0.00018540517251351593
17.0,7.0,15.0,5.92290880373908e-05
17.0,7.0,16.0,0.000335583427533398
17.0,7.0,17.0,-0.022558947775215624
17.0,7.0,18.0,0.0018816172528135777
17.0,7.0,19.0,-0.00412929612038726
17.0,7.0,20.0,0.003655836969993942
17.0,7.0,21.0,-1.6784373115530382e-06
17.0,8.0,0.0,0.032886061315378745
17.0,8.0,1.0,0.017214308100808234
17.0,8.0,2.0,0.009343638550879385
17.0,8.0,3.0,-1.9440804069348339e-07
17.0,8.0,4.0,0.008211063505912775
17.0,8.0,5.0,-0.0011534416361563826
17.0,8.0,6.0,0.026179882786148162
17.0,8.0,7.0,-0.00948890176037126
17.0,8.0,8.0,0.1428521710942809
17.0,8.0,9.0,0.014648067868288844
17.0,8.0,10.0,0.02013562679921438
17.0,8.0,11.0,5.869010458181556e-09
17.0,8.0,12.0,0.02159212205165928
17.0,8.0,13.0,0.0048419183052422765
17.0,8.0,14.0,-0.00018564841267966893
17.0,8.0,15.0,0.00566417816374544
17.0,8.0,16.0,0.007032520787786822
17.0,8.0,17.0,-0.0041282814311983385
17.0,8.0,18.0,0.010572462905184293
17.0,8.0,19.0,0.004070360460090072
17.0,8.0,20.0,0.0072348951375728054
17.0,8.0,21.0,0.03363940004905838
17.0,9.0,0.0,0.04971247203095852
17.0,9.0,1.0,0.0013588990479032614
17.0,9.0,2.0,0.012218736981466916
17.0,9.0,3.0,-1.9440804088777242e-07
17.0,9.0,4.0,0.014447495634686558
17.0,9.0,5.0,-0.008753919834755652
17.0,9.0,6.0,0.019807511879368717
17.0,9.0,7.0,-0.01610628660510774
17.0,9.0,8.0,-4.971406413867285e-06
17.0,9.0,9.0,0.13250154519086896
17.0,9.0,10.0,-0.0021426667044112113
17.0,9.0,11.0,5.869010472059344e-09
17.0,9.0,12.0,0.0029781443117170014
17.0,9.0,13.0,0.0073098203220737235
17.0,9.0,14.0,-0.00018584369060370827
17.0,9.0,15.0,0.0001489878942990963
17.0,9.0,16.0,0.011662557945116198
17.0,9.0,17.0,-0.009129028346254689
17.0,9.0,18.0,0.008401695983404012
17.0,9.0,19.0,0.022696414978117085
17.0,9.0,20.0,0.009736927852638078
17.0,9.0,21.0,-1.6784375062306456e-06
17.0,10.0,0.0,0.0010132834703228122
17.0,10.0,1.0,3.738652861604019e-05
17.0,10.0,2.0,-0.0003150926836226753
17.0,10.0,3.0,-1.9440804183146199e-07
17.0,10.0,4.0,0.001105344478574688
17.0,10.0,5.0,0.04722250497834893
17.0,10.0,6.0,-0.00602880284886248
17.0,10.0,7.0,0.03467324508967416
17.0,10.0,8.0,-4.971406487648544e-06
17.0,10.0,9.0,7.433582314214648e-05
17.0,10.0,10.0,0.1514337679918944
17.0,10.0,11.0,5.869010458181556e-09
17.0,10.0,12.0,-0.008251500130799602
17.0,10.0,13.0,-3.7738871820319764e-05
17.0,10.0,14.0,-0.00018517535839547775
17.0,10.0,15.0,-4.011043879259546e-07
17.0,10.0,16.0,0.01251319905240117
17.0,10.0,17.0,0.0372862157686627
17.0,10.0,18.0,-0.008755362487714413
17.0,10.0,19.0,-0.0002500510286281288
17.0,10.0,20.0,-0.0016836597690995103
17.0,10.0,21.0,-1.678437531127397e-06
17.0,11.0,0.0,0.022143069113041647
17.0,11.0,1.0,0.0006062371366004904
17.0,11.0,2.0,0.009549773401742234
17.0,11.0,3.0,-1.944080411375726e-07
17.0,11.0,4.0,0.021120094725533667
17.0,11.0,5.0,-0.004740289529644753
17.0,11.0,6.0,0.006760730692725453
17.0,11.0,7.0,-0.008268640706195152
17.0,11.0,8.0,-4.971406431998615e-06
17.0,11.0,9.0,0.01991840847898499
17.0,11.0,10.0,-0.00249894726312605
17.0,11.0,11.0,0.1428571484308635
17.0,11.0,12.0,0.0062213556170034046
17.0,11.0,13.0,0.00329108388920904
17.0,11.0,14.0,-0.00018570126929356363
17.0,11.0,15.0,6.656668778953767e-05
17.0,11.0,16.0,0.005958670662121357
17.0,11.0,17.0,-0.002283742404829911
17.0,11.0,18.0,0.04281588693328395
17.0,11.0,19.0,-0.0221843682234783
17.0,11.0,20.0,0.042053292355636485
17.0,11.0,21.0,-1.6784375123368722e-06
17.0,12.0,0.0,0.06219614726479006
17.0,12.0,1.0,0.0017201559646517484
17.0,12.0,2.0,0.014817353664938082
17.0,12.0,3.0,-1.9440804095716135e-07
17.0,12.0,4.0,0.013076118168136974
17.0,12.0,5.0,-0.038496334240187696
17.0,12.0,6.0,0.02614255374454935
17.0,12.0,7.0,-0.05675391650911298
17.0,12.0,8.0,-4.971406414304436e-06
17.0,12.0,9.0,-0.012813510257127847
17.0,12.0,10.0,-0.05199076047608353
17.0,12.0,11.0,5.869010458181556e-09
17.0,12.0,12.0,0.15271329540303258
17.0,12.0,13.0,0.009086663753681501
17.0,12.0,14.0,-0.00018588209331528007
17.0,12.0,15.0,0.00018391502667951254
17.0,12.0,16.0,0.019287373251330814
17.0,12.0,17.0,-0.04586839700537817
17.0,12.0,18.0,0.05581133198503385
17.0,12.0,19.0,-0.004299924036441027
17.0,12.0,20.0,0.021975379437753795
17.0,12.0,21.0,-1.678437506397179e-06
17.0,13.0,0.0,0.00330085543528702
17.0,13.0,1.0,0.026656768280622883
17.0,13.0,2.0,0.0016644254359339805
17.0,13.0,3.0,-1.9440803888937097e-07
17.0,13.0,4.0,0.0007156818759881389
17.0,13.0,5.0,0.009679729198057735
17.0,13.0,6.0,-0.0007744376186983593
17.0,13.0,7.0,0.03817000674121
17.0,13.0,8.0,-4.97140625405762e-06
17.0,13.0,9.0,0.03127567862690295
17.0,13.0,10.0,0.010502341477036159
17.0,13.0,11.0,5.869010458181556e-09
17.0,13.0,12.0,-0.030156838077546752
17.0,13.0,13.0,0.14327290171657786
17.0,13.0,14.0,-0.00018519337731989256
17.0,13.0,15.0,0.002921591612751337
17.0,13.0,16.0,-0.0023378912304450328
17.0,13.0,17.0,0.012630546639995466
17.0,13.0,18.0,-0.010007466743593513
17.0,13.0,19.0,0.00495429126583713
17.0,13.0,20.0,-0.002139364345015937
17.0,13.0,21.0,-1.6784374523015622e-06
17.0,14.0,0.0,0.0001034303403988357
17.0,14.0,1.0,3.0684042185979976e-06
17.0,14.0,2.0,8.841946521065402e-07
17.0,14.0,3.0,-1.9440799485515026e-07
17.0,14.0,4.0,4.137923637664853e-05
17.0,14.0,5.0,-1.7106742333405922e-05
17.0,14.0,6.0,-4.338052430302719e-06
17.0,14.0,7.0,-3.643364488159495e-05
17.0,14.0,8.0,-4.971403235590199e-06
17.0,14.0,9.0,-7.443573303123063e-06
17.0,14.0,10.0,-1.720780888769813e-05
17.0,14.0,11.0,5.8690101806258e-09
17.0,14.0,12.0,7.458806088628256e-06
17.0,14.0,13.0,5.160427701073056e-06
17.0,14.0,14.0,-0.00018614853469479324
17.0,14.0,15.0,-1.8565706400019977e-07
17.0,14.0,16.0,4.1459431390500345e-06
17.0,14.0,17.0,-2.6340407851196956e-05
17.0,14.0,18.0,5.534156738953855e-05
17.0,14.0,19.0,-5.648878791641998e-05
17.0,14.0,20.0,3.97495838275197e-05
17.0,14.0,21.0,-1.6784364333111146e-06
17.0,15.0,0.0,0.03712087452033874
17.0,15.0,1.0,0.012797232191086527
17.0,15.0,2.0,0.03418016700260812
17.0,15.0,3.0,-1.9440804048531657e-07
17.0,15.0,4.0,0.0062009106028046435
17.0,15.0,5.0,-0.01201924539446389
17.0,15.0,6.0,0.03049430041275561
17.0,15.0,7.0,-0.01377506551863103
17.0,15.0,8.0,-4.971406379422616e-06
17.0,15.0,9.0,-0.00761617432768652
17.0,15.0,10.0,-0.0023745878616810434
17.0,15.0,11.0,5.869010458181556e-09
17.0,15.0,12.0,0.0023104676562674675
17.0,15.0,13.0,0.005403562327173234
17.0,15.0,14.0,-0.00018567670229923598
17.0,15.0,15.0,0.14425778478850715
17.0,15.0,16.0,0.0008443402959834312
17.0,15.0,17.0,-0.008356170241780397
17.0,15.0,18.0,0.005972536762533703
17.0,15.0,19.0,-0.00047123453565678375
17.0,15.0,20.0,0.006551336537393981
17.0,15.0,21.0,-1.6784374946010594e-06
17.0,16.0,0.0,0.03210133675289317
17.0,16.0,1.0,0.0008776588999390711
17.0,16.0,2.0,0.007842054301606505
17.0,16.0,3.0,-1.9440804241432907e-07
17.0,16.0,4.0,0.0183490980982699
17.0,16.0,5.0,-0.005531266930091622
17.0,16.0,6.0,0.002720716992109712
17.0,16.0,7.0,-0.010731779936484998
17.0,16.0,8.0,-4.971406535846101e-06
17.0,16.0,9.0,-0.006625865047081292
17.0,16.0,10.0,-0.0021359148038824216
17.0,16.0,11.0,5.869010472059344e-09
17.0,16.0,12.0,0.004377497795673618
17.0,16.0,13.0,0.004700544062417433
17.0,16.0,14.0,-0.00018576190601921947
17.0,16.0,15.0,9.581389709946431e-05
17.0,16.0,16.0,0.14544145797282487
17.0,16.0,17.0,-0.0046637279096962
17.0,16.0,18.0,0.022466012662788387
17.0,16.0,19.0,0.006533522503330724
17.0,16.0,20.0,0.01128501851795255
17.0,16.0,21.0,-1.6784375474199198e-06
17.0,17.0,0.0,0.034213120594597246
17.0,17.0,1.0,0.0009594682370666074
17.0,17.0,2.0,0.007797701498723164
17.0,17.0,3.0,-1.9440802760672948e-07
17.0,17.0,4.0,-0.0038290321215839196
17.0,17.0,5.0,-0.037294941418780925
17.0,17.0,6.0,0.0029621448590783916
17.0,17.0,7.0,-0.025778739336828047
17.0,17.0,8.0,-4.97140541349389e-06
17.0,17.0,9.0,-0.006977710773069468
17.0,17.0,10.0,-0.006637464279090177
17.0,17.0,11.0,5.869010388792617e-09
17.0,17.0,12.0,0.004855995880659714
17.0,17.0,13.0,0.004951406211884279
17.0,17.0,14.0,-0.00018551408018503124
17.0,17.0,15.0,9.95915966619243e-05
17.0,17.0,16.0,0.00401926454578283
17.0,17.0,17.0,-0.10532430106345401
17.0,17.0,18.0,0.0068672593605615395
17.0,17.0,19.0,-0.006607470081230471
17.0,17.0,20.0,0.006460857108877727
17.0,17.0,21.0,-1.6784371683620236e-06
17.0,18.0,0.0,0.046549225774654035
17.0,18.0,1.0,0.001285512827152696
17.0,18.0,2.0,0.010939440188073413
17.0,18.0,3.0,-1.9440804335801865e-07
17.0,18.0,4.0,0.027244771890418185
17.0,18.0,5.0,-0.009285148831166379
17.0,18.0,6.0,0.005101869551134425
17.0,18.0,7.0,-0.017137800090391647
17.0,18.0,8.0,-4.971406612777618e-06
17.0,18.0,9.0,-0.009483494250121516
17.0,18.0,10.0,-0.005376613897974003
17.0,18.0,11.0,5.869010472059344e-09
17.0,18.0,12.0,0.013318825880707957
17.0,18.0,13.0,0.006726396852438837
17.0,18.0,14.0,-0.00018590448688789394
17.0,18.0,15.0,0.00013700304044081402
17.0,18.0,16.0,0.004746248186405899
17.0,18.0,17.0,-0.008147608156159336
17.0,18.0,18.0,0.1558622139729951
17.0,18.0,19.0,-0.004217854942858756
17.0,18.0,20.0,0.04557264435878333
17.0,18.0,21.0,-1.678437573371383e-06
17.0,19.0,0.0,0.019633140690594297
17.0,19.0,1.0,0.0005337979415533378
17.0,19.0,2.0,0.0043841500389748544
17.0,19.0,3.0,-1.9440804242820686e-07
17.0,19.0,4.0,0.020613467723255452
17.0,19.0,5.0,-0.0028821485272509384
17.0,19.0,6.0,0.002778161555844344
17.0,19.0,7.0,-0.006330871194970278
17.0,19.0,8.0,-4.971406536685707e-06
17.0,19.0,9.0,-0.0037949272276907586
17.0,19.0,10.0,-0.0016755564377160526
17.0,19.0,11.0,5.869010472059344e-09
17.0,19.0,12.0,0.003734835970085476
17.0,19.0,13.0,0.0026976661871875585
17.0,19.0,14.0,-0.00018567470150220234
17.0,19.0,15.0,5.6104021199487875e-05
17.0,19.0,16.0,0.0033019316575355617
17.0,19.0,17.0,-0.0012361880009993942
17.0,19.0,18.0,0.007255261026046539
17.0,19.0,19.0,0.14208424346777637
17.0,19.0,20.0,0.006368450030322048
17.0,19.0,21.0,-1.6784375476974756e-06
17.0,20.0,0.0,0.014410696611618978
17.0,20.0,1.0,0.0003787597983512525
17.0,20.0,2.0,0.0036580678370651265
17.0,20.0,3.0,-1.9440803948611585e-07
17.0,20.0,4.0,0.0003655335360825407
17.0,20.0,5.0,-0.002476657864021181
17.0,20.0,6.0,-0.000214633135681791
17.0,20.0,7.0,-0.004522511422016318
17.0,20.0,8.0,-4.971406299264514e-06
17.0,20.0,9.0,-0.002914260955506426
17.0,20.0,10.0,-0.0004925061174846923
17.0,20.0,11.0,5.869010458181556e-09
17.0,20.0,12.0,-1.6130471531039525e-05
17.0,20.0,13.0,0.0020679676682909542
17.0,20.0,14.0,-0.00018534064208144312
17.0,20.0,15.0,4.336465093876529e-05
17.0,20.0,16.0,-0.0007068982086806952
17.0,20.0,17.0,-0.003301943638085142
17.0,20.0,18.0,0.00022073311090570202
17.0,20.0,19.0,-0.003284862881073769
17.0,20.0,20.0,0.14539905351652593
17.0,20.0,21.0,-1.6784374675116176e-06
17.0,21.0,0.0,0.016199887825806503
17.0,21.0,1.0,0.00044098666476827253
17.0,21.0,2.0,0.003984039819748153
17.0,21.0,3.0,-1.944080413457394e-07
17.0,21.0,4.0,-3.054999977991635e-07
17.0,21.0,5.0,-0.0029521977833444624
17.0,21.0,6.0,-0.0001586899135492259
17.0,21.0,7.0,-0.005147750533829765
17.0,21.0,8.0,-4.971406447319693e-06
17.0,21.0,9.0,-0.003340630635292857
17.0,21.0,10.0,-0.0004549418151895135
17.0,21.0,11.0,5.869010472059344e-09
17.0,21.0,12.0,1.562450874534327e-05
17.0,21.0,13.0,0.002369984438149897
17.0,21.0,14.0,-0.00018537004943770607
17.0,21.0,15.0,4.830716840545368e-05
17.0,21.0,16.0,-0.0007402461104936975
17.0,21.0,17.0,-0.003729428403718843
17.0,21.0,18.0,0.0003744368972178891
17.0,21.0,19.0,-0.0035219599508790056
17.0,21.0,20.0,0.002319585255156298
17.0,21.0,21.0,0.14284395027828758
18.0,0.0,0.0,-0.16014107200860977
18.0,0.0,1.0,-0.004170019978453093
18.0,0.0,2.0,-0.028658694879707514
18.0,0.0,3.0,-1.9284961361165642e-07
18.0,0.0,4.0,-0.022777642650281593
18.0,0.0,5.0,0.02420575479769213
18.0,0.0,6.0,-0.005197344302166451
18.0,0.0,7.0,0.023455982513565343
18.0,0.0,8.0,-4.960550262965435e-06
18.0,0.0,9.0,0.015909878450173803
18.0,0.0,10.0,0.004816635714147366
18.0,0.0,11.0,5.604231828604256e-09
18.0,0.0,12.0,-0.006078682210650166
18.0,0.0,13.0,-0.038321296608674116
18.0,0.0,14.0,0.0038730760070790557
18.0,0.0,15.0,-0.0013260473448535037
18.0,0.0,16.0,-0.005100531253892676
18.0,0.0,17.0,0.03808778937259917
18.0,0.0,18.0,-0.009386234567648255
18.0,0.0,19.0,0.020717194274741058
18.0,0.0,20.0,-0.027209077773437895
18.0,0.0,21.0,-9.503614757377932e-07
18.0,1.0,0.0,0.045301392983003175
18.0,1.0,1.0,0.15322458143877804
18.0,1.0,2.0,0.04510414995164164
18.0,1.0,3.0,-1.928496126124557e-07
18.0,1.0,4.0,0.010050526133830562
18.0,1.0,5.0,-0.014891031950922187
18.0,1.0,6.0,0.01027606641126888
18.0,1.0,7.0,-0.00733847184676753
18.0,1.0,8.0,-4.960550179275436e-06
18.0,1.0,9.0,-0.004779618192548685
18.0,1.0,10.0,-0.003129991527771381
18.0,1.0,11.0,5.604231814726468e-09
18.0,1.0,12.0,0.005570289280780988
18.0,1.0,13.0,0.011270372673749085
18.0,1.0,14.0,-0.0023782936168843805
18.0,1.0,15.0,0.04926266353051734
18.0,1.0,16.0,0.0038803329135222997
18.0,1.0,17.0,-0.010172071064602372
18.0,1.0,18.0,0.007972078374207353
18.0,1.0,19.0,-0.004103877777446474
18.0,1.0,20.0,0.010089117531112857
18.0,1.0,21.0,-9.503614597505816e-07
18.0,2.0,0.0,0.03932153896995494
18.0,2.0,1.0,0.0010408081816803416
18.0,2.0,2.0,0.14983140344591445
18.0,2.0,3.0,-1.9284961326471173e-07
18.0,2.0,4.0,0.009732830570079731
18.0,2.0,5.0,-0.03634226449376468
18.0,2.0,6.0,0.009189941840308524
18.0,2.0,7.0,-0.008128687412400318
18.0,2.0,8.0,-4.960550233024108e-06
18.0,2.0,9.0,-0.0040895612327050135
18.0,2.0,10.0,-0.007538125558275877
18.0,2.0,11.0,5.604231828604256e-09
18.0,2.0,12.0,0.012880478539777779
18.0,2.0,13.0,0.009738363364728636
18.0,2.0,14.0,-0.0024306595253759423
18.0,2.0,15.0,0.00032386419575378134
18.0,2.0,16.0,0.009778127762528094
18.0,2.0,17.0,-0.01113949809864444
18.0,2.0,18.0,0.014659617836578792
18.0,2.0,19.0,-0.0015384476919901302
18.0,2.0,20.0,0.010694072420869616
18.0,2.0,21.0,-9.503614700479002e-07
18.0,3.0,0.0,0.0137287899532067
18.0,3.0,1.0,0.0003471890771434005
18.0,3.0,2.0,0.0026937339631532
18.0,3.0,3.0,0.14285695000072407
18.0,3.0,4.0,0.020812720456263145
18.0,3.0,5.0,-0.00323057988128872
18.0,3.0,6.0,0.002806615866889184
18.0,3.0,7.0,-0.0025050145770980914
18.0,3.0,8.0,-4.960550068169867e-06
18.0,3.0,9.0,-0.0015078457834668269
18.0,3.0,10.0,-0.0009971585383927728
18.0,3.0,11.0,5.604231814726468e-09
18.0,3.0,12.0,0.003953200602134749
18.0,3.0,13.0,0.0035066737358908084
18.0,3.0,14.0,-0.003349077159863316
18.0,3.0,15.0,0.00011944921536752307
18.0,3.0,16.0,0.001765930746359834
18.0,3.0,17.0,-0.004323326845596038
18.0,3.0,18.0,0.003106651996082871
18.0,3.0,19.0,0.020344482959328447
18.0,3.0,20.0,0.021029018280465106
18.0,3.0,21.0,-9.503614384342995e-07
18.0,4.0,0.0,0.017422322684141567
18.0,4.0,1.0,0.0004307608138313934
18.0,4.0,2.0,0.0034604473025526827
18.0,4.0,3.0,-1.9284961269572243e-07
18.0,4.0,4.0,0.1617137091564952
18.0,4.0,5.0,-0.009992971138764961
18.0,4.0,6.0,0.01980170120615088
18.0,4.0,7.0,-0.004120853511817596
18.0,4.0,8.0,-4.960550185860446e-06
18.0,4.0,9.0,-0.0019302708479607134
18.0,4.0,10.0,-0.004985777761400301
18.0,4.0,11.0,5.604231828604256e-09
18.0,4.0,12.0,0.028292784525631026
18.0,4.0,13.0,0.004458375041804241
18.0,4.0,14.0,-0.016715369919244223
18.0,4.0,15.0,0.00015603818377793455
18.0,4.0,16.0,0.01113765017033555
18.0,4.0,17.0,-0.0001315806143857498
18.0,4.0,18.0,0.01795243408465913
18.0,4.0,19.0,0.032207070438408925
18.0,4.0,20.0,0.03983407587372734
18.0,4.0,21.0,-9.503614609718269e-07
18.0,5.0,0.0,0.04738639031493985
18.0,5.0,1.0,0.001216238175896972
18.0,5.0,2.0,0.008789531365072156
18.0,5.0,3.0,-1.9284961084997665e-07
18.0,5.0,4.0,0.029420769449147177
18.0,5.0,5.0,-0.13905156508164027
18.0,5.0,6.0,0.034958451967211646
18.0,5.0,7.0,-0.016028242010075563
18.0,5.0,8.0,-4.9605500365909605e-06
18.0,5.0,9.0,-0.004895833710624992
18.0,5.0,10.0,-0.02928843454342392
18.0,5.0,11.0,5.604231814726468e-09
18.0,5.0,12.0,0.04995241610775372
18.0,5.0,13.0,0.011609728715254314
18.0,5.0,14.0,-0.004579162002856227
18.0,5.0,15.0,0.00040088423785797356
18.0,5.0,16.0,0.038566343872120046
18.0,5.0,17.0,-0.013781072084626395
18.0,5.0,18.0,0.056190523168764134
18.0,5.0,19.0,0.006374122947200966
18.0,5.0,20.0,0.017171399628847617
18.0,5.0,21.0,-9.503614324113396e-07
18.0,6.0,0.0,0.03122161732638684
18.0,6.0,1.0,0.0008256858159873259
18.0,6.0,2.0,0.005738779768571123
18.0,6.0,3.0,-1.9284961308430049e-07
18.0,6.0,4.0,0.047380223290166
18.0,6.0,5.0,-0.010198872433858697
18.0,6.0,6.0,0.15162156067596488
18.0,6.0,7.0,-0.006131396431758293
18.0,6.0,8.0,-4.960550218369164e-06
18.0,6.0,9.0,-0.0032177694859243655
18.0,6.0,10.0,-0.00407084899737703
18.0,6.0,11.0,5.604231828604256e-09
18.0,6.0,12.0,0.020427093045713968
18.0,6.0,13.0,0.0076808736895319085
18.0,6.0,14.0,-0.00670294842214901
18.0,6.0,15.0,0.00025634412858949185
18.0,6.0,16.0,0.00658909660223031
18.0,6.0,17.0,-0.008390672757780729
18.0,6.0,18.0,0.046828377944440974
18.0,6.0,19.0,0.02093953880471361
18.0,6.0,20.0,0.018972744300024602
18.0,6.0,21.0,-9.503614672168315e-07
18.0,7.0,0.0,0.029431486414475683
18.0,7.0,1.0,0.0007309828624567638
18.0,7.0,2.0,0.005776386407591039
18.0,7.0,3.0,-1.9284960935117557e-07
18.0,7.0,4.0,0.01032185649819356
18.0,7.0,5.0,-0.03745421574565823
18.0,7.0,6.0,0.009292436600268072
18.0,7.0,7.0,-0.12852364264299687
18.0,7.0,8.0,-4.9605499267135755e-06
18.0,7.0,9.0,-0.0032239425157872814
18.0,7.0,10.0,-0.00783613924271337
18.0,7.0,11.0,5.60423180084868e-09
18.0,7.0,12.0,0.013151302162409867
18.0,7.0,13.0,0.007477074200978845
18.0,7.0,14.0,-0.002129367619332863
18.0,7.0,15.0,0.00026092326364482443
18.0,7.0,16.0,0.010170677654960242
18.0,7.0,17.0,-0.013815709832622005
18.0,7.0,18.0,0.01516625958022072
18.0,7.0,19.0,-0.0011321726109011498
18.0,7.0,20.0,0.008039508270549667
18.0,7.0,21.0,-9.503614113448577e-07
18.0,8.0,0.0,0.035805133048641524
18.0,8.0,1.0,0.019863068968967057
18.0,8.0,2.0,0.015375970295968988
18.0,8.0,3.0,-1.9284961309817827e-07
18.0,8.0,4.0,0.025458652091257916
18.0,8.0,5.0,-0.00921961841195676
18.0,8.0,6.0,0.0579124464335698
18.0,8.0,7.0,-0.005223674211892446
18.0,8.0,8.0,0.142852181977839
18.0,8.0,9.0,0.00847197620746934
18.0,8.0,10.0,0.017541647851538833
18.0,8.0,11.0,5.604231828604256e-09
18.0,8.0,12.0,0.024602284556710347
18.0,8.0,13.0,0.008519784633237437
18.0,8.0,14.0,-0.004074111907415738
18.0,8.0,15.0,0.04034829500625339
18.0,8.0,16.0,0.008212407175446662
18.0,8.0,17.0,-0.009392788490314299
18.0,8.0,18.0,0.023186658375654645
18.0,8.0,19.0,0.007220563723036533
18.0,8.0,20.0,0.011778662045168864
18.0,8.0,21.0,0.018944410593507183
18.0,9.0,0.0,0.02961836387782668
18.0,9.0,1.0,0.0007613886334336684
18.0,9.0,2.0,0.005659557706587437
18.0,9.0,3.0,-1.9284961244592225e-07
18.0,9.0,4.0,0.040362519204388714
18.0,9.0,5.0,-0.0069007781579535354
18.0,9.0,6.0,0.026185737972426126
18.0,9.0,7.0,-0.005074169884446783
18.0,9.0,8.0,-4.960550167826261e-06
18.0,9.0,9.0,0.13969109683194406
18.0,9.0,10.0,-0.0022425245200583532
18.0,9.0,11.0,5.604231814726468e-09
18.0,9.0,12.0,0.009508994235357116
18.0,9.0,13.0,0.007444750959366669
18.0,9.0,14.0,-0.005832037152867011
18.0,9.0,15.0,0.0002533101101104829
18.0,9.0,16.0,0.0069506191035866305
18.0,9.0,17.0,-0.006910897248557263
18.0,9.0,18.0,0.01248582375753865
18.0,9.0,19.0,0.020736889834848282
18.0,9.0,20.0,0.014864327426469148
18.0,9.0,21.0,-9.5036145750238e-07
18.0,10.0,0.0,-0.003273388866618654
18.0,10.0,1.0,-9.53259097658532e-05
18.0,10.0,2.0,-0.0002064254643676655
18.0,10.0,3.0,-1.9284961301491155e-07
18.0,10.0,4.0,-0.002797164766785154
18.0,10.0,5.0,0.033496481542192535
18.0,10.0,6.0,-0.007935918112211948
18.0,10.0,7.0,0.014577456049882559
18.0,10.0,8.0,-4.960550214073989e-06
18.0,10.0,9.0,9.170729674640166e-05
18.0,10.0,10.0,0.14981643747219858
18.0,10.0,11.0,5.604231828604256e-09
18.0,10.0,12.0,-0.01084074691159112
18.0,10.0,13.0,-0.00040815992456613714
18.0,10.0,14.0,-0.00035154060024070177
18.0,10.0,15.0,-1.693697636295788e-05
18.0,10.0,16.0,0.0005450343632081578
18.0,10.0,17.0,0.01449002185624259
18.0,10.0,18.0,-0.010427677897773546
18.0,10.0,19.0,-0.0008395344571079932
18.0,10.0,20.0,-0.0006594260779375638
18.0,10.0,21.0,-9.503614663841642e-07
18.0,11.0,0.0,0.019548781708151886
18.0,11.0,1.0,0.0005029745608733649
18.0,11.0,2.0,0.021322729900515758
18.0,11.0,3.0,-1.928496130565449e-07
18.0,11.0,4.0,0.045548293762778025
18.0,11.0,5.0,-0.011595946655628575
18.0,11.0,6.0,0.01280364682802676
18.0,11.0,7.0,-0.004644880948286981
18.0,11.0,8.0,-4.960550216502602e-06
18.0,11.0,9.0,0.026866600529895923
18.0,11.0,10.0,-0.004150055584674406
18.0,11.0,11.0,0.1428571484590527
18.0,11.0,12.0,0.01895132383496384
18.0,11.0,13.0,0.004913003061713994
18.0,11.0,14.0,-0.006293407852872697
18.0,11.0,15.0,0.00016634531634904248
18.0,11.0,16.0,0.007337436399875108
18.0,11.0,17.0,-0.0067331301331914305
18.0,11.0,18.0,0.040133533315192704
18.0,11.0,19.0,-0.018881066889278986
18.0,11.0,20.0,0.04826852435216877
18.0,11.0,21.0,-9.50361466856009e-07
18.0,12.0,0.0,0.0513203420031072
18.0,12.0,1.0,0.0013214913802018224
18.0,12.0,2.0,0.009611283947022986
18.0,12.0,3.0,-1.9284961240428888e-07
18.0,12.0,4.0,0.03113935440373189
18.0,12.0,5.0,-0.05542625807102515
18.0,12.0,6.0,0.03810745948237976
18.0,12.0,7.0,-0.019760169875918582
18.0,12.0,8.0,-4.960550164599675e-06
18.0,12.0,9.0,-0.005364320721385124
18.0,12.0,10.0,-0.029581327868283297
18.0,12.0,11.0,5.604231814726468e-09
18.0,12.0,12.0,0.17363233708978063
18.0,12.0,13.0,0.012692013127005408
18.0,12.0,14.0,-0.004893308968774188
18.0,12.0,15.0,0.0004360775955187801
18.0,12.0,16.0,0.04146426488597141
18.0,12.0,17.0,-0.0139713730739983
18.0,12.0,18.0,0.0569848284924806
18.0,12.0,19.0,0.006986725887539957
18.0,12.0,20.0,0.018804176825243046
18.0,12.0,21.0,-9.503614569195129e-07
18.0,13.0,0.0,-0.011584500332166514
18.0,13.0,1.0,0.015036397799333884
18.0,13.0,2.0,0.0019643588677046853
18.0,13.0,3.0,-1.928496128345003e-07
18.0,13.0,4.0,-0.0033632631479834085
18.0,13.0,5.0,0.045158660197474054
18.0,13.0,6.0,-0.009263146485314455
18.0,13.0,7.0,0.02660936211533574
18.0,13.0,8.0,-4.960550198017388e-06
18.0,13.0,9.0,0.027302743225693565
18.0,13.0,10.0,0.01175178531184018
18.0,13.0,11.0,5.604231814726468e-09
18.0,13.0,12.0,-0.03516448142504211
18.0,13.0,13.0,0.1404894520804603
18.0,13.0,14.0,-0.0001936972286260344
18.0,13.0,15.0,0.00485280789967274
18.0,13.0,16.0,-0.015048284034959142
18.0,13.0,17.0,0.017187434425465872
18.0,13.0,18.0,-0.020636643906532748
18.0,13.0,19.0,0.0007267163562487688
18.0,13.0,20.0,-0.002811126244923745
18.0,13.0,21.0,-9.503614633310509e-07
18.0,14.0,0.0,0.005331197229590079
18.0,14.0,1.0,8.481407198479562e-05
18.0,14.0,2.0,0.0016687432332804786
18.0,14.0,3.0,-1.9284961302878934e-07
18.0,14.0,4.0,-0.02421089590615172
18.0,14.0,5.0,0.0018787320731388502
18.0,14.0,6.0,-0.0042962260057315405
18.0,14.0,7.0,-0.0005047889854911114
18.0,14.0,8.0,-4.96055021268621e-06
18.0,14.0,9.0,-0.0009506433465245046
18.0,14.0,10.0,0.0016024621869579203
18.0,14.0,11.0,5.604231814726468e-09
18.0,14.0,12.0,-0.010922364568406895
18.0,14.0,13.0,0.0018636205834730857
18.0,14.0,14.0,0.1454762015565375
18.0,14.0,15.0,7.228375986934044e-05
18.0,14.0,16.0,-0.0030373469781992124
18.0,14.0,17.0,-0.003004953263486529
18.0,14.0,18.0,-0.02559748976953463
18.0,14.0,19.0,-0.003474971767410906
18.0,14.0,20.0,-0.005727680724468331
18.0,14.0,21.0,-9.50361466134364e-07
18.0,15.0,0.0,0.0516644110997686
18.0,15.0,1.0,0.02999993008875601
18.0,15.0,2.0,0.035375757392578366
18.0,15.0,3.0,-1.9284961302878934e-07
18.0,15.0,4.0,0.014570441253487942
18.0,15.0,5.0,-0.013968984490117298
18.0,15.0,6.0,0.024109980459772473
18.0,15.0,7.0,-0.008107921022884462
18.0,15.0,8.0,-4.960550214476445e-06
18.0,15.0,9.0,-0.005384945158302734
18.0,15.0,10.0,-0.003112976411015378
18.0,15.0,11.0,5.604231814726468e-09
18.0,15.0,12.0,0.006756987204661308
18.0,15.0,13.0,0.012757328039935428
18.0,15.0,14.0,-0.003003573530578299
18.0,15.0,15.0,0.15249919630771755
18.0,15.0,16.0,0.003942515935659696
18.0,15.0,17.0,-0.01066202776865378
18.0,15.0,18.0,0.011622533896199772
18.0,15.0,19.0,-0.0027481611832942954
18.0,15.0,20.0,0.012181500571877057
18.0,15.0,21.0,-9.503614664674309e-07
18.0,16.0,0.0,0.04346160510354746
18.0,16.0,1.0,0.0011208527394619971
18.0,16.0,2.0,0.008163221925068243
18.0,16.0,3.0,-1.9284961282062252e-07
18.0,16.0,4.0,0.04330069301594319
18.0,16.0,5.0,-0.011701444836390379
18.0,16.0,6.0,0.008350283598485886
18.0,16.0,7.0,-0.007765265056556905
18.0,16.0,8.0,-4.960550197337377e-06
18.0,16.0,9.0,-0.004561238639489262
18.0,16.0,10.0,-0.0042656230338994905
18.0,16.0,11.0,5.604231814726468e-09
18.0,16.0,12.0,0.019917480809816618
18.0,16.0,13.0,0.01078221118398165
18.0,16.0,14.0,-0.006288280951777917
18.0,16.0,15.0,0.00036853585506516073
18.0,16.0,16.0,0.14941164111650876
18.0,16.0,17.0,-0.01001431789304425
18.0,16.0,18.0,0.04759961276110633
18.0,16.0,19.0,0.02240544106417547
18.0,16.0,20.0,0.019842563369765975
18.0,16.0,21.0,-9.50361463192273e-07
18.0,17.0,0.0,0.001394962139117606
18.0,17.0,1.0,1.8104767475740635e-05
18.0,17.0,2.0,0.0006140717834630105
18.0,17.0,3.0,-1.9284960837973042e-07
18.0,17.0,4.0,0.00037169984633639297
18.0,17.0,5.0,-0.001847689925347784
18.0,17.0,6.0,0.00044225423575222633
18.0,17.0,7.0,-0.002098387664891316
18.0,17.0,8.0,-4.9605498505175816e-06
18.0,17.0,9.0,-0.0003573491513217675
18.0,17.0,10.0,-0.0003695392516911422
18.0,17.0,11.0,5.60423180084868e-09
18.0,17.0,12.0,0.0006476335377130216
18.0,17.0,13.0,0.0006660543044613443
18.0,17.0,14.0,-0.0007270100965491681
18.0,17.0,15.0,2.2539289370959725e-05
18.0,17.0,16.0,0.0004729187276780178
18.0,17.0,17.0,-0.013978282790266978
18.0,17.0,18.0,0.0008385418489100793
18.0,17.0,19.0,-0.00036481257467374517
18.0,17.0,20.0,0.0010472563701586224
18.0,17.0,21.0,-9.503613967731805e-07
18.0,18.0,0.0,0.03326212542616103
18.0,18.0,1.0,0.0008658538750881406
18.0,18.0,2.0,0.006208417754898943
18.0,18.0,3.0,-1.9284961222387764e-07
18.0,18.0,4.0,0.02981158098051928
18.0,18.0,5.0,-0.019110001725415257
18.0,18.0,6.0,0.013266151417575978
18.0,18.0,7.0,-0.008920554382188514
18.0,18.0,8.0,-4.960550149722687e-06
18.0,18.0,9.0,-0.0034746262839110142
18.0,18.0,10.0,-0.009084842168445906
18.0,18.0,11.0,5.604231828604256e-09
18.0,18.0,12.0,0.05048171495685877
18.0,18.0,13.0,0.00823713085711228
18.0,18.0,14.0,-0.00464738842280343
18.0,18.0,15.0,0.00027878032853773105
18.0,18.0,16.0,0.013060847988739466
18.0,18.0,17.0,-0.012167168600160467
18.0,18.0,18.0,0.16151948900309626
18.0,18.0,19.0,0.0036158042327651962
18.0,18.0,20.0,0.023151249060844314
18.0,18.0,21.0,-9.503614540884442e-07
18.0,19.0,0.0,0.023209947155285238
18.0,19.0,1.0,0.0006021186539128254
18.0,19.0,2.0,0.004476415153277902
18.0,19.0,3.0,-1.928496134034896e-07
18.0,19.0,4.0,0.028025502742695607
18.0,19.0,5.0,-0.0049354881879433155
18.0,19.0,6.0,0.00394323241635508
18.0,19.0,7.0,-0.0039347799822055385
18.0,19.0,8.0,-4.960550246284334e-06
18.0,19.0,9.0,-0.002513753516709155
18.0,19.0,10.0,-0.0014347534991845379
18.0,19.0,11.0,5.604231814726468e-09
18.0,19.0,12.0,0.0054833353826083675
18.0,19.0,13.0,0.005898106908630241
18.0,19.0,14.0,-0.004378487756255003
18.0,19.0,15.0,0.00019782846950955335
18.0,19.0,16.0,0.0024760839347422736
18.0,19.0,17.0,-0.005900342118105348
18.0,19.0,18.0,0.004318307456376985
18.0,19.0,19.0,0.14553668903570388
18.0,19.0,20.0,0.010841997749126087
18.0,19.0,21.0,-9.503614725736576e-07
18.0,20.0,0.0,0.012875472381685404
18.0,20.0,1.0,0.0003252623421053924
18.0,20.0,2.0,0.002641750023569589
18.0,20.0,3.0,-1.9284961236265552e-07
18.0,20.0,4.0,0.001987450212860231
18.0,20.0,5.0,-0.0023150781649046714
18.0,20.0,6.0,0.0005916221147688749
18.0,20.0,7.0,-0.002290796183619326
18.0,20.0,8.0,-4.960550160700017e-06
18.0,20.0,9.0,-0.0014899505413246972
18.0,20.0,10.0,-0.00044758072205997035
18.0,20.0,11.0,5.604231814726468e-09
18.0,20.0,12.0,0.0007500339708605974
18.0,20.0,13.0,0.0034150520756766334
18.0,20.0,14.0,-0.0010909351839862545
18.0,20.0,15.0,0.00011445187874381535
18.0,20.0,16.0,0.0005115521311414017
18.0,20.0,17.0,-0.0048360663807524105
18.0,20.0,18.0,0.0010389572378222134
18.0,20.0,19.0,-0.0016669699402113158
18.0,20.0,20.0,0.1460889472610465
18.0,20.0,21.0,-9.503614561701124e-07
18.0,21.0,0.0,0.016480208206240743
18.0,21.0,1.0,0.00041954459738757777
18.0,21.0,2.0,0.003306598597037802
18.0,21.0,3.0,-1.9284961286225588e-07
18.0,21.0,4.0,0.002477817120543957
18.0,21.0,5.0,-0.0028450630602402383
18.0,21.0,6.0,0.0007140233185499167
18.0,21.0,7.0,-0.0028018605752985204
18.0,21.0,8.0,-4.960550201049685e-06
18.0,21.0,9.0,-0.001861647318010612
18.0,21.0,10.0,-0.0005501298337165506
18.0,21.0,11.0,5.604231828604256e-09
18.0,21.0,12.0,0.000891754030895392
18.0,21.0,13.0,0.004300635119143192
18.0,21.0,14.0,-0.0011938931387712043
18.0,21.0,15.0,0.00014456086520306388
18.0,21.0,16.0,0.0006212772528748634
18.0,21.0,17.0,-0.005486676544707782
18.0,21.0,18.0,0.0012438228391567774
18.0,21.0,19.0,-0.0021184491169440323
18.0,21.0,20.0,0.003982426555703078
18.0,21.0,21.0,0.14285618759707688
19.0,0.0,0.0,-0.15475328181296577
19.0,0.0,1.0,-0.0031600686243979104
19.0,0.0,2.0,-0.016615260584544433
19.0,0.0,3.0,-1.929394957550512e-07
19.0,0.0,4.0,0.021438259833618745
19.0,0.0,5.0,0.05577647228692564
19.0,0.0,6.0,-0.0026434445349544644
19.0,0.0,7.0,0.045693571925811124
19.0,0.0,8.0,-4.973891745127523e-06
19.0,0.0,9.0,0.02826343564547734
19.0,0.0,10.0,0.009947651946268121
19.0,0.0,11.0,5.668883543141767e-09
19.0,0.0,12.0,-0.004754455018378789
19.0,0.0,13.0,-0.016714267476580003
19.0,0.0,14.0,-0.00794809102533351
19.0,0.0,15.0,-0.000855965093388672
19.0,0.0,16.0,-0.008307649385922322
19.0,0.0,17.0,0.032107135835532
19.0,0.0,18.0,-0.002232774385430847
19.0,0.0,19.0,0.027490809545426487
19.0,0.0,20.0,-0.02504515047517425
19.0,0.0,21.0,-1.12447490432932e-06
19.0,1.0,0.0,0.03622302757266349
19.0,1.0,1.0,0.14814515481466844
19.0,1.0,2.0,0.0368847454545268
19.0,1.0,3.0,-1.9293949436727242e-07
19.0,1.0,4.0,-0.004207280445740702
19.0,1.0,5.0,-0.018219291914750902
19.0,1.0,6.0,0.008917787746706374
19.0,1.0,7.0,-0.011465878353301096
19.0,1.0,8.0,-4.9738916288316615e-06
19.0,1.0,9.0,-0.006517327195761091
19.0,1.0,10.0,-0.0033042286275216104
19.0,1.0,11.0,5.6688835292639794e-09
19.0,1.0,12.0,0.0018900681535604924
19.0,1.0,13.0,0.003850351413503289
19.0,1.0,14.0,0.0018190937178606398
19.0,1.0,15.0,0.04002436915282925
19.0,1.0,16.0,0.001298094001459582
19.0,1.0,17.0,-0.008502294718214301
19.0,1.0,18.0,0.0020488604998799287
19.0,1.0,19.0,-0.0048513618909450384
19.0,1.0,20.0,0.005329903740409314
19.0,1.0,21.0,-1.1244748780725455e-06
19.0,2.0,0.0,0.023475448403667443
19.0,2.0,1.0,0.0004823419458008238
19.0,2.0,2.0,0.145161059105457
19.0,2.0,3.0,-1.929394938260387e-07
19.0,2.0,4.0,-0.003147486417854506
19.0,2.0,5.0,-0.03020637674751498
19.0,2.0,6.0,0.003594147999047448
19.0,2.0,7.0,-0.010354157759835503
19.0,2.0,8.0,-4.973891585574597e-06
19.0,2.0,9.0,-0.00420742612095959
19.0,2.0,10.0,-0.005532158122792008
19.0,2.0,11.0,5.668883543141767e-09
19.0,2.0,12.0,0.00370344310100737
19.0,2.0,13.0,0.002486653532886629
19.0,2.0,14.0,0.0012130382290147998
19.0,2.0,15.0,0.00012419603719024397
19.0,2.0,16.0,0.0017128035917295947
19.0,2.0,17.0,-0.009111884940083595
19.0,2.0,18.0,0.003773984744791903
19.0,2.0,19.0,-0.0035335265951198513
19.0,2.0,20.0,0.0042164677030319675
19.0,2.0,21.0,-1.1244748682748273e-06
19.0,3.0,0.0,0.03879145686976071
19.0,3.0,1.0,0.0007946113584461068
19.0,3.0,2.0,0.004123185804515983
19.0,3.0,3.0,0.1428569499108534
19.0,3.0,4.0,0.041824819803445046
19.0,3.0,5.0,-0.012942738797552991
19.0,3.0,6.0,0.008902328025971573
19.0,3.0,7.0,-0.010916256722700482
19.0,3.0,8.0,-4.973891692676424e-06
19.0,3.0,9.0,-0.007057251586332497
19.0,3.0,10.0,-0.0024776890014371333
19.0,3.0,11.0,5.668883543141767e-09
19.0,3.0,12.0,0.002308529660590128
19.0,3.0,13.0,0.004171619922973213
19.0,3.0,14.0,-0.005666078068691231
19.0,3.0,15.0,0.00021116198956833143
19.0,3.0,16.0,0.012614180610959813
19.0,3.0,17.0,-0.001614679007723413
19.0,3.0,18.0,0.012548804793291679
19.0,3.0,19.0,0.029575051773618466
19.0,3.0,20.0,0.02317573902993414
19.0,3.0,21.0,-1.1244748924776893e-06
19.0,4.0,0.0,0.019308859302540338
19.0,4.0,1.0,0.0003964215273555838
19.0,4.0,2.0,0.0020499983535791633
19.0,4.0,3.0,-1.929394967820075e-07
19.0,4.0,4.0,0.16797536802217983
19.0,4.0,5.0,-0.003289443864281011
19.0,4.0,6.0,0.030596234023819446
19.0,4.0,7.0,-0.0037960874020833563
19.0,4.0,8.0,-4.97389183171798e-06
19.0,4.0,9.0,-0.0035138812785396323
19.0,4.0,10.0,-0.0011799208133556616
19.0,4.0,11.0,5.668883543141767e-09
19.0,4.0,12.0,0.004642997658276554
19.0,4.0,13.0,0.0020773756146661437
19.0,4.0,14.0,-0.02662187333617515
19.0,4.0,15.0,0.00010444233394199531
19.0,4.0,16.0,0.04048491586970132
19.0,4.0,17.0,0.019421211382929
19.0,4.0,18.0,0.04394363185716832
19.0,4.0,19.0,0.017959017321307336
19.0,4.0,20.0,0.024452041367165334
19.0,4.0,21.0,-1.1244749239247565e-06
19.0,5.0,0.0,0.011287885547103693
19.0,5.0,1.0,0.0002210325192268381
19.0,5.0,2.0,0.001525374242145494
19.0,5.0,3.0,-1.9293948463894317e-07
19.0,5.0,4.0,-0.0023028670753852953
19.0,5.0,5.0,-0.04661049693417714
19.0,5.0,6.0,0.006621041549597251
19.0,5.0,7.0,-0.010614014069859512
19.0,5.0,8.0,-4.973890893850141e-06
19.0,5.0,9.0,-0.002355439910767282
19.0,5.0,10.0,-0.008627119222217705
19.0,5.0,11.0,5.668883487630616e-09
19.0,5.0,12.0,0.006217616350441685
19.0,5.0,13.0,0.0013927081133827401
19.0,5.0,14.0,0.0006684800480915576
19.0,5.0,15.0,7.186712234669157e-05
19.0,5.0,16.0,0.0020029194223906144
19.0,5.0,17.0,-0.011001050868069628
19.0,5.0,18.0,0.0069718112177777625
19.0,5.0,19.0,-0.00019564778243724712
19.0,5.0,20.0,0.004367044307501344
19.0,5.0,21.0,-1.12447471192767e-06
19.0,6.0,0.0,0.03633106795741947
19.0,6.0,1.0,0.0007441795464539491
19.0,6.0,2.0,0.0039212583419832026
19.0,6.0,3.0,-1.929394951860619e-07
19.0,6.0,4.0,0.0007404983001973453
19.0,6.0,5.0,-0.01335916239301388
19.0,6.0,6.0,0.14447288083741788
19.0,6.0,7.0,-0.01100474195793101
19.0,6.0,8.0,-4.973891698255295e-06
19.0,6.0,9.0,-0.006670257093933651
19.0,6.0,10.0,-0.0025404683976615883
19.0,6.0,11.0,5.668883543141767e-09
19.0,6.0,12.0,0.002276755921970741
19.0,6.0,13.0,0.003944502011576201
19.0,6.0,14.0,0.0009376202307338349
19.0,6.0,15.0,0.00019952221004979065
19.0,6.0,16.0,0.0031069525374611273
19.0,6.0,17.0,-0.007092453287335682
19.0,6.0,18.0,0.014931991359955182
19.0,6.0,19.0,0.00944920171311081
19.0,6.0,20.0,0.009948688790180682
19.0,6.0,21.0,-1.1244748937822013e-06
19.0,7.0,0.0,0.015013808417843721
19.0,7.0,1.0,0.000308068172282544
19.0,7.0,2.0,0.0016141317364282148
19.0,7.0,3.0,-1.9293949082843653e-07
19.0,7.0,4.0,-0.003311671404255312
19.0,7.0,5.0,-0.02155172754861384
19.0,7.0,6.0,0.002401107690695292
19.0,7.0,7.0,-0.08685810439238477
19.0,7.0,8.0,-4.973891354967397e-06
19.0,7.0,9.0,-0.002754543732513659
19.0,7.0,10.0,-0.003954313720458014
19.0,7.0,11.0,5.668883515386192e-09
19.0,7.0,12.0,0.0026496501600602324
19.0,7.0,13.0,0.0016288012259301765
19.0,7.0,14.0,0.0009912371612280577
19.0,7.0,15.0,8.108871116166427e-05
19.0,7.0,16.0,0.0007861618009967763
19.0,7.0,17.0,-0.01124323483679944
19.0,7.0,18.0,0.0024522054299841445
19.0,7.0,19.0,-0.0021104223224988616
19.0,7.0,20.0,0.0027824849178285094
19.0,7.0,21.0,-1.1244748161498563e-06
19.0,8.0,0.0,0.021032771890235114
19.0,8.0,1.0,0.006950090701425743
19.0,8.0,2.0,0.006008638327847093
19.0,8.0,3.0,-1.9293949517218412e-07
19.0,8.0,4.0,0.0017267996465258895
19.0,8.0,5.0,-0.005619215632214167
19.0,8.0,6.0,0.006897217452931759
19.0,8.0,7.0,-0.002301136612345503
19.0,8.0,8.0,0.1428521686310429
19.0,8.0,9.0,-0.0014924237158382703
19.0,8.0,10.0,0.027345562372021404
19.0,8.0,11.0,5.668883543141767e-09
19.0,8.0,12.0,0.024913545016264027
19.0,8.0,13.0,0.0022702700993888214
19.0,8.0,14.0,0.0003261222284361362
19.0,8.0,15.0,0.025863189285478094
19.0,8.0,16.0,0.013994162663925391
19.0,8.0,17.0,-0.004036713067929104
19.0,8.0,18.0,0.004912356208458951
19.0,8.0,19.0,0.0006901458364367286
19.0,8.0,20.0,0.00486672465594673
19.0,8.0,21.0,0.02239649401549504
19.0,9.0,0.0,0.04533929257219804
19.0,9.0,1.0,0.0009279256255552426
19.0,9.0,2.0,0.004898133390804915
19.0,9.0,3.0,-1.929394945199281e-07
19.0,9.0,4.0,0.039158379109276886
19.0,9.0,5.0,-0.01537409349329423
19.0,9.0,6.0,0.018980848137327477
19.0,9.0,7.0,-0.012953640613513923
19.0,9.0,8.0,-4.97389164703238e-06
19.0,9.0,9.0,0.13451313603781
19.0,9.0,10.0,-0.0029095484582948306
19.0,9.0,11.0,5.6688835292639794e-09
19.0,9.0,12.0,0.002541889971690081
19.0,9.0,13.0,0.00492330530911797
19.0,9.0,14.0,-0.005033550020867049
19.0,9.0,15.0,0.00024948403426808263
19.0,9.0,16.0,0.02560248544676985
19.0,9.0,17.0,-0.0032679427817833007
19.0,9.0,18.0,0.013178235008587585
19.0,9.0,19.0,0.04310465017285331
19.0,9.0,20.0,0.013179069530903309
19.0,9.0,21.0,-1.1244748822081263e-06
19.0,10.0,0.0,0.016690712799804053
19.0,10.0,1.0,0.0003436059246900991
19.0,10.0,2.0,0.0017921960146944915
19.0,10.0,3.0,-1.9293949614362926e-07
19.0,10.0,4.0,0.014483979049677242
19.0,10.0,5.0,0.03817549136893459
19.0,10.0,6.0,-0.0034313032986274528
19.0,10.0,7.0,0.04293512745157989
19.0,10.0,8.0,-4.9738917762484625e-06
19.0,10.0,9.0,-0.0030622160426771183
19.0,10.0,10.0,0.14990108532142138
19.0,10.0,11.0,5.668883543141767e-09
19.0,10.0,12.0,-0.0051118696268094566
19.0,10.0,13.0,0.0018106132415493525
19.0,10.0,14.0,-0.0018507642423113146
19.0,10.0,15.0,9.08347182377034e-05
19.0,10.0,16.0,0.04233947827286827
19.0,10.0,17.0,0.02910173159846563
19.0,10.0,18.0,-0.0023699693456729065
19.0,10.0,19.0,0.007197506419550748
19.0,10.0,20.0,0.0027508177871198858
19.0,10.0,21.0,-1.1244749113792363e-06
19.0,11.0,0.0,0.011329339639999714
19.0,11.0,1.0,0.00023144603014213505
19.0,11.0,2.0,0.017821239985341852
19.0,11.0,3.0,-1.9293949431176127e-07
19.0,11.0,4.0,0.028493961491432684
19.0,11.0,5.0,-0.0069715708601969795
19.0,11.0,6.0,0.007127119461302123
19.0,11.0,7.0,-0.004163204713591689
19.0,11.0,8.0,-4.973891626812443e-06
19.0,11.0,9.0,0.012294909079675287
19.0,11.0,10.0,-0.0016830202033815689
19.0,11.0,11.0,0.14285714849660866
19.0,11.0,12.0,0.0038433894545456815
19.0,11.0,13.0,0.0012458674868578157
19.0,11.0,14.0,-0.004304940563048129
19.0,11.0,15.0,6.226800906530827e-05
19.0,11.0,16.0,0.009097154568966037
19.0,11.0,17.0,0.0005025836931669969
19.0,11.0,18.0,0.038896991583759616
19.0,11.0,19.0,-0.004030173553554395
19.0,11.0,20.0,0.03925959247321864
19.0,11.0,21.0,-1.1244748776007008e-06
19.0,12.0,0.0,0.03330830062223522
19.0,12.0,1.0,0.0006782235625222288
19.0,12.0,2.0,0.0036042429411550225
19.0,12.0,3.0,-1.92939494852995e-07
19.0,12.0,4.0,-0.0043343217586401805
19.0,12.0,5.0,-0.04297696346281642
19.0,12.0,6.0,0.010053570121425492
19.0,12.0,7.0,-0.04639013470926857
19.0,12.0,8.0,-4.973891669653174e-06
19.0,12.0,9.0,-0.006111163428597771
19.0,12.0,10.0,-0.02706829092007948
19.0,12.0,11.0,5.668883543141767e-09
19.0,12.0,12.0,0.14957705269992147
19.0,12.0,13.0,0.00361469862388078
19.0,12.0,14.0,0.0016602699692955178
19.0,12.0,15.0,0.00018206297114711778
19.0,12.0,16.0,0.019889870963143208
19.0,12.0,17.0,-0.04475834701317958
19.0,12.0,18.0,0.024471935754221075
19.0,12.0,19.0,-0.0003861076765738769
19.0,12.0,20.0,0.011828323671846386
19.0,12.0,21.0,-1.1244748872873966e-06
19.0,13.0,0.0,0.007916386832624633
19.0,13.0,1.0,0.027046756126705734
19.0,13.0,2.0,0.007300316918513294
19.0,13.0,3.0,-1.929394924521377e-07
19.0,13.0,4.0,0.004944481239023746
19.0,13.0,5.0,0.030382541168459766
19.0,13.0,6.0,-0.0014117524148563043
19.0,13.0,7.0,0.026571760407345574
19.0,13.0,8.0,-4.973891476467429e-06
19.0,13.0,9.0,0.017757954917814317
19.0,13.0,10.0,0.008282973287325412
19.0,13.0,11.0,5.668883515386192e-09
19.0,13.0,12.0,-0.023729442354230773
19.0,13.0,13.0,0.14409897371184507
19.0,13.0,14.0,-0.0006457196511342259
19.0,13.0,15.0,0.0073808428272365
19.0,13.0,16.0,0.0008340153239989045
19.0,13.0,17.0,0.011183718729567499
19.0,13.0,18.0,-0.005787959717851621
19.0,13.0,19.0,0.004449305950013582
19.0,13.0,20.0,0.0011184661735594292
19.0,13.0,21.0,-1.1244748436278762e-06
19.0,14.0,0.0,-0.0005024741582926318
19.0,14.0,1.0,-1.0279254819473005e-05
19.0,14.0,2.0,-1.3785532791577015e-05
19.0,14.0,3.0,-1.9293949543586209e-07
19.0,14.0,4.0,-0.030924017778485302
19.0,14.0,5.0,-0.00026037671377091703
19.0,14.0,6.0,-0.005572152829748572
19.0,14.0,7.0,0.0001520859731368729
19.0,14.0,8.0,-4.973891716816836e-06
19.0,14.0,9.0,4.8004763239323234e-05
19.0,14.0,10.0,0.00030206634325796733
19.0,14.0,11.0,5.668883543141767e-09
19.0,14.0,12.0,-0.002657333963871397
19.0,14.0,13.0,-2.864345566797044e-05
19.0,14.0,14.0,0.14788264442135024
19.0,14.0,15.0,-2.6952443953898175e-06
19.0,14.0,16.0,-0.007399097216495953
19.0,14.0,17.0,-0.003759179904878507
19.0,14.0,18.0,-0.03313257252870508
19.0,14.0,19.0,0.012649663951298906
19.0,14.0,20.0,-0.01080360829507554
19.0,14.0,21.0,-1.1244748979732933e-06
19.0,15.0,0.0,0.013670457527179769
19.0,15.0,1.0,0.01692016619668893
19.0,15.0,2.0,0.01886430693651453
19.0,15.0,3.0,-1.9293949420073897e-07
19.0,15.0,4.0,-0.0007769908374949397
19.0,15.0,5.0,-0.007965149387291953
19.0,15.0,6.0,0.029260072991385222
19.0,15.0,7.0,-0.004624235412683642
19.0,15.0,8.0,-4.973891621032345e-06
19.0,15.0,9.0,-0.0025141106717833095
19.0,15.0,10.0,-0.0014811799451684426
19.0,15.0,11.0,5.668883543141767e-09
19.0,15.0,12.0,0.001069693129630525
19.0,15.0,13.0,0.0014866310293883411
19.0,15.0,14.0,0.0005263619205075343
19.0,15.0,15.0,0.14743256033648452
19.0,15.0,16.0,0.0010515611964097005
19.0,15.0,17.0,-0.0033845757100147145
19.0,15.0,18.0,0.003534886608549448
19.0,15.0,19.0,0.0008054972320695186
19.0,15.0,20.0,0.0031460335906339787
19.0,15.0,21.0,-1.1244748762961887e-06
19.0,16.0,0.0,0.03133149773058774
19.0,16.0,1.0,0.0006419219187799863
19.0,16.0,2.0,0.0033487522283719984
19.0,16.0,3.0,-1.9293949568566227e-07
19.0,16.0,4.0,0.03516805293084724
19.0,16.0,5.0,-0.010549278900376956
19.0,16.0,6.0,0.007471167679421464
19.0,16.0,7.0,-0.008867767703524806
19.0,16.0,8.0,-4.973891740492342e-06
19.0,16.0,9.0,-0.00571875977677902
19.0,16.0,10.0,-0.002033422287376019
19.0,16.0,11.0,5.668883543141767e-09
19.0,16.0,12.0,0.001969172329288796
19.0,16.0,13.0,0.0033810903549188476
19.0,16.0,14.0,-0.004807035508651726
19.0,16.0,15.0,0.0001709583646820334
19.0,16.0,16.0,0.1533876816577569
19.0,16.0,17.0,-0.001167776549825833
19.0,16.0,18.0,0.011198408531312265
19.0,16.0,19.0,0.03140460242511095
19.0,16.0,20.0,0.01004165067473628
19.0,16.0,21.0,-1.1244749033023638e-06
19.0,17.0,0.0,0.007023174555206735
19.0,17.0,1.0,0.00014227438631231326
19.0,17.0,2.0,0.0007833233783803295
19.0,17.0,3.0,-1.9293949420073897e-07
19.0,17.0,4.0,-0.021079180136737097
19.0,17.0,5.0,-0.01978275344571684
19.0,17.0,6.0,-0.0008774558674216615
19.0,17.0,7.0,-0.012728669768071174
19.0,17.0,8.0,-4.973891614336312e-06
19.0,17.0,9.0,-0.00131127807886397
19.0,17.0,10.0,-0.0035806625702789474
19.0,17.0,11.0,5.668883543141767e-09
19.0,17.0,12.0,0.002059640118090858
19.0,17.0,13.0,0.0007754186402161578
19.0,17.0,14.0,0.0036380453986648784
19.0,17.0,15.0,3.809733761869771e-05
19.0,17.0,16.0,-0.0036212809253013956
19.0,17.0,17.0,-0.08479670177003855
19.0,17.0,18.0,-0.002318859143568913
19.0,17.0,19.0,-0.003337643295925341
19.0,17.0,20.0,-0.0006248304360255141
19.0,17.0,21.0,-1.124474874769632e-06
19.0,18.0,0.0,0.01978320317589144
19.0,18.0,1.0,0.0004053761771290465
19.0,18.0,2.0,0.0021318268618800706
19.0,18.0,3.0,-1.9293949631016272e-07
19.0,18.0,4.0,0.025610697302803964
19.0,18.0,5.0,-0.009796096011749501
19.0,18.0,6.0,0.006094136938204098
19.0,18.0,7.0,-0.008497954106982328
19.0,18.0,8.0,-4.973891792839358e-06
19.0,18.0,9.0,-0.003629728528755205
19.0,18.0,10.0,-0.0033157202021963927
19.0,18.0,11.0,5.668883543141767e-09
19.0,18.0,12.0,0.012567238636070566
19.0,18.0,13.0,0.0021462631825568124
19.0,18.0,14.0,-0.0035683931786638506
19.0,18.0,15.0,0.00010794724962845392
19.0,18.0,16.0,0.008577376586094199
19.0,18.0,17.0,-0.0033468390244957152
19.0,18.0,18.0,0.15222207285661993
19.0,18.0,19.0,0.0008396684338910498
19.0,18.0,20.0,0.04606469829000315
19.0,18.0,21.0,-1.124474915126239e-06
19.0,19.0,0.0,0.03714457915870517
19.0,19.0,1.0,0.0007612139310085586
19.0,19.0,2.0,0.003967798213722562
19.0,19.0,3.0,-1.929394956579067e-07
19.0,19.0,4.0,0.020728864970759098
19.0,19.0,5.0,-0.012891417084141946
19.0,19.0,6.0,0.005105646051901724
19.0,19.0,7.0,-0.010713816423604264
19.0,19.0,8.0,-4.973891738618841e-06
19.0,19.0,9.0,-0.006778520232959051
19.0,19.0,10.0,-0.002396662171036401
19.0,19.0,11.0,5.668883543141767e-09
19.0,19.0,12.0,0.0017654550230016275
19.0,19.0,13.0,0.004007559578202785
19.0,19.0,14.0,-0.0022733699272356883
19.0,19.0,15.0,0.0002027741858842136
19.0,19.0,16.0,0.007539453935087204
19.0,19.0,17.0,-0.004232640041955352
19.0,19.0,18.0,0.007089067316674441
19.0,19.0,19.0,0.13986182385566331
19.0,19.0,20.0,0.009020064021566077
19.0,19.0,21.0,-1.1244749028860301e-06
19.0,20.0,0.0,0.0015027721607114852
19.0,20.0,1.0,3.36950330563357e-05
19.0,20.0,2.0,0.00013075713391919042
19.0,20.0,3.0,-1.9293949243825992e-07
19.0,20.0,4.0,-0.00011152087021232271
19.0,20.0,5.0,-0.0007553384766401175
19.0,20.0,6.0,1.339871880307042e-05
19.0,20.0,7.0,-0.0005163572440045894
19.0,20.0,8.0,-4.9738914750727115e-06
19.0,20.0,9.0,-0.0002569492771284376
19.0,20.0,10.0,-0.00015160380188078415
19.0,20.0,11.0,5.6688835292639794e-09
19.0,20.0,12.0,8.968077201160218e-05
19.0,20.0,13.0,0.0001519356885498202
19.0,20.0,14.0,8.620673319342104e-05
19.0,20.0,15.0,5.868949279480562e-06
19.0,20.0,16.0,-0.0001585891548631091
19.0,20.0,17.0,-0.00041059759671890905
19.0,20.0,18.0,4.684131795693047e-05
19.0,20.0,19.0,-4.072426443657573e-05
19.0,20.0,20.0,0.14289223302713894
19.0,20.0,21.0,-1.1244748432948093e-06
19.0,21.0,0.0,0.045693465017210166
19.0,21.0,1.0,0.0009427319480129481
19.0,21.0,2.0,0.004730317092044856
19.0,21.0,3.0,-1.9293949429788348e-07
19.0,21.0,4.0,-0.005791589150114684
19.0,21.0,5.0,-0.016300507411322215
19.0,21.0,6.0,0.0005848449242953913
19.0,21.0,7.0,-0.013364332534348863
19.0,21.0,8.0,-4.973891623176463e-06
19.0,21.0,9.0,-0.00821605678382989
19.0,21.0,10.0,-0.002921667146222773
19.0,21.0,11.0,5.6688835292639794e-09
19.0,21.0,12.0,0.001391279184347921
19.0,21.0,13.0,0.0048527208377665
19.0,21.0,14.0,0.002347114262437562
19.0,21.0,15.0,0.00024446390079652103
19.0,21.0,16.0,0.0017409230986513702
19.0,21.0,17.0,-0.009431687712542242
19.0,21.0,18.0,0.0005736048351816236
19.0,21.0,19.0,-0.007824554096152736
19.0,21.0,20.0,0.006382396897699982
19.0,21.0,21.0,0.14285484563599848
20.0,0.0,0.0,-0.14938815246627213
20.0,0.0,1.0,-0.00047188144310639224
20.0,0.0,2.0,-0.017996817150740724
20.0,0.0,3.0,-1.9466514529498102e-07
20.0,0.0,4.0,0.015527162901125768
20.0,0.0,5.0,0.015995854400185805
20.0,0.0,6.0,0.005097015765697321
20.0,0.0,7.0,0.025574091075483724
20.0,0.0,8.0,-4.963801662281886e-06
20.0,0.0,9.0,0.021057460351168122
20.0,0.0,10.0,0.0019000937775707771
20.0,0.0,11.0,5.9207414249140555e-09
20.0,0.0,12.0,0.0022341007589901374
20.0,0.0,13.0,-0.01842439655509817
20.0,0.0,14.0,0.003686593655444638
20.0,0.0,15.0,-6.44726155715758e-06
20.0,0.0,16.0,0.0008954935155082167
20.0,0.0,17.0,0.038317224210866946
20.0,0.0,18.0,0.0008974367247149284
20.0,0.0,19.0,0.03108178769630071
20.0,0.0,20.0,-0.025267743719882163
20.0,0.0,21.0,-2.9538460039058023e-08
20.0,1.0,0.0,0.029268791306023223
20.0,1.0,1.0,0.14314241194317306
20.0,1.0,2.0,0.014035706741124476
20.0,1.0,3.0,-1.9466514135368929e-07
20.0,1.0,4.0,-0.0017169600291316867
20.0,1.0,5.0,-0.005643966270050593
20.0,1.0,6.0,-0.0004166330150890962
20.0,1.0,7.0,-0.005375876410028568
20.0,1.0,8.0,-4.963801341302532e-06
20.0,1.0,9.0,-0.004136657545218275
20.0,1.0,10.0,-0.0008356722323655252
20.0,1.0,11.0,5.92074139715848e-09
20.0,1.0,12.0,-2.393332003944315e-05
20.0,1.0,13.0,0.0036247335750091425
20.0,1.0,14.0,-0.003307614844067464
20.0,1.0,15.0,0.0010622000252857172
20.0,1.0,16.0,-6.976491897575654e-05
20.0,1.0,17.0,-0.006303642981107494
20.0,1.0,18.0,0.0014792923491713794
20.0,1.0,19.0,-0.005689850364703375
20.0,1.0,20.0,0.0058370092785249295
20.0,1.0,21.0,-2.9538458179434457e-08
20.0,2.0,0.0,0.016281967422118737
20.0,2.0,1.0,5.033497247494689e-05
20.0,2.0,2.0,0.14476665300042696
20.0,2.0,3.0,-1.9466514243615674e-07
20.0,2.0,4.0,0.0002284707498562688
20.0,2.0,5.0,-0.0379343475514375
20.0,2.0,6.0,0.007230744192380012
20.0,2.0,7.0,-0.009960847631271835
20.0,2.0,8.0,-4.963801428711778e-06
20.0,2.0,9.0,-0.002261346135930764
20.0,2.0,10.0,-0.005862464446086346
20.0,2.0,11.0,5.920741411036268e-09
20.0,2.0,12.0,0.004007551001972615
20.0,2.0,13.0,0.0019903105910927255
20.0,2.0,14.0,-0.002946279738091695
20.0,2.0,15.0,-2.5549297644200664e-06
20.0,2.0,16.0,0.0025750665997549826
20.0,2.0,17.0,-0.006854131627877896
20.0,2.0,18.0,0.0117151158143588
20.0,2.0,19.0,-0.0006397130627923686
20.0,2.0,20.0,0.00498728609102117
20.0,2.0,21.0,-2.9538458651279242e-08
20.0,3.0,0.0,0.018442700084386865
20.0,3.0,1.0,5.753289597967837e-05
20.0,3.0,2.0,0.002144105129656737
20.0,3.0,3.0,0.1428569481323306
20.0,3.0,4.0,0.005004491332957717
20.0,3.0,5.0,-0.0023250057665958057
20.0,3.0,6.0,0.0011511671052575334
20.0,3.0,7.0,-0.003468684094791119
20.0,3.0,8.0,-4.963801456987771e-06
20.0,3.0,9.0,-0.002534375863366106
20.0,3.0,10.0,-0.0004494264941424242
20.0,3.0,11.0,5.920741411036268e-09
20.0,3.0,12.0,0.0007296514540028609
20.0,3.0,13.0,0.0022350344583267068
20.0,3.0,14.0,-0.003388992913413885
20.0,3.0,15.0,-2.508171349391297e-06
20.0,3.0,16.0,0.0006693617899923288
20.0,3.0,17.0,-0.0050064108901151545
20.0,3.0,18.0,0.0026015360536819354
20.0,3.0,19.0,0.019815091707110544
20.0,3.0,20.0,0.02645336954589539
20.0,3.0,21.0,-2.9538458845568272e-08
20.0,4.0,0.0,0.03974841776831306
20.0,4.0,1.0,0.00012508075356598702
20.0,4.0,2.0,0.00470305367582835
20.0,4.0,3.0,-1.9466514639132626e-07
20.0,4.0,4.0,0.15949955143961259
20.0,4.0,5.0,-0.002847912988145185
20.0,4.0,6.0,0.03958984502494034
20.0,4.0,7.0,-0.0043163410596822605
20.0,4.0,8.0,-4.963801751342589e-06
20.0,4.0,9.0,-0.005529348518441335
20.0,4.0,10.0,-0.003260450921565017
20.0,4.0,11.0,5.920741438791843e-09
20.0,4.0,12.0,0.02077088330906504
20.0,4.0,13.0,0.004861671817705193
20.0,4.0,14.0,-0.009434728178222806
20.0,4.0,15.0,-2.0013237916061133e-06
20.0,4.0,16.0,0.01914262022087826
20.0,4.0,17.0,0.01946555170759822
20.0,4.0,18.0,0.04714644998986439
20.0,4.0,19.0,0.030146099057959064
20.0,4.0,20.0,0.04989240923651872
20.0,4.0,21.0,-2.9538460594169536e-08
20.0,5.0,0.0,0.05017509438463985
20.0,5.0,1.0,0.00015706728382799962
20.0,5.0,2.0,0.0059611153550063745
20.0,5.0,3.0,-1.9466514036836635e-07
20.0,5.0,4.0,0.003986184785631286
20.0,5.0,5.0,-0.14265195814001722
20.0,5.0,6.0,0.02851205749883684
20.0,5.0,7.0,-0.03264252646669297
20.0,5.0,8.0,-4.963801268381696e-06
20.0,5.0,9.0,-0.006994161740747129
20.0,5.0,10.0,-0.022035002159101702
20.0,5.0,11.0,5.92074139715848e-09
20.0,5.0,12.0,0.015483364503984742
20.0,5.0,13.0,0.0061408767303253176
20.0,5.0,14.0,-0.004332105706598457
20.0,5.0,15.0,-1.7675462355426497e-06
20.0,5.0,16.0,0.01026253322764975
20.0,5.0,17.0,-0.007645139711014122
20.0,5.0,18.0,0.04367646244763018
20.0,5.0,19.0,0.00032167880036565455
20.0,5.0,20.0,0.018449368369346075
20.0,5.0,21.0,-2.9538457679834096e-08
20.0,6.0,0.0,0.05226299953400937
20.0,6.0,1.0,0.00016403304469903013
20.0,6.0,2.0,0.006211138287524232
20.0,6.0,3.0,-1.9466514504518084e-07
20.0,6.0,4.0,0.02877034742280532
20.0,6.0,5.0,-0.006202320905712655
20.0,6.0,6.0,0.15041674903504082
20.0,6.0,7.0,-0.009213982362466872
20.0,6.0,8.0,-4.963801638530052e-06
20.0,6.0,9.0,-0.007288727877564599
20.0,6.0,10.0,-0.002087237366133088
20.0,6.0,11.0,5.9207414249140555e-09
20.0,6.0,12.0,0.008951222274508036
20.0,6.0,13.0,0.0064009468473630315
20.0,6.0,14.0,-0.005929878829610319
20.0,6.0,15.0,-1.7126391724242573e-06
20.0,6.0,16.0,0.004056409789288673
20.0,6.0,17.0,-0.0061609186753856845
20.0,6.0,18.0,0.047255016854794774
20.0,6.0,19.0,0.03167906308047724
20.0,6.0,20.0,0.025514306132215725
20.0,6.0,21.0,-2.9538459900280145e-08
20.0,7.0,0.0,0.024103613508587474
20.0,7.0,1.0,7.538737119860972e-05
20.0,7.0,2.0,0.002772998346441402
20.0,7.0,3.0,-1.946651344980621e-07
20.0,7.0,4.0,-0.00125455158967952
20.0,7.0,5.0,-0.021281069574043077
20.0,7.0,6.0,0.0031694372325503095
20.0,7.0,7.0,-0.1422116091677544
20.0,7.0,8.0,-4.963800829885234e-06
20.0,7.0,9.0,-0.0032824030452422437
20.0,7.0,10.0,-0.003272191630396104
20.0,7.0,11.0,5.920741369402904e-09
20.0,7.0,12.0,0.0018712351152307127
20.0,7.0,13.0,0.002895568805787091
20.0,7.0,14.0,-0.003113600554917128
20.0,7.0,15.0,-2.383268747740974e-06
20.0,7.0,16.0,0.0011719472076125448
20.0,7.0,17.0,-0.007193880833450666
20.0,7.0,18.0,0.006450661580135353
20.0,7.0,19.0,-0.003043031793095896
20.0,7.0,20.0,0.003781967532728858
20.0,7.0,21.0,-2.9538455098565564e-08
20.0,8.0,0.0,0.03146447505142569
20.0,8.0,1.0,0.02310005079137195
20.0,8.0,2.0,0.008549895797065499
20.0,8.0,3.0,-1.9466514265820134e-07
20.0,8.0,4.0,0.008904213477001932
20.0,8.0,5.0,-0.0006256374224596628
20.0,8.0,6.0,0.016799196520965787
20.0,8.0,7.0,-0.0001392892225055009
20.0,8.0,8.0,0.14285217868925582
20.0,8.0,9.0,0.018273625974166458
20.0,8.0,10.0,0.034468729241086904
20.0,8.0,11.0,5.920741411036268e-09
20.0,8.0,12.0,0.007605560150685975
20.0,8.0,13.0,0.003848550203390727
20.0,8.0,14.0,-0.004059133071186034
20.0,8.0,15.0,0.027815235412131892
20.0,8.0,16.0,0.012550973014128497
20.0,8.0,17.0,-0.004889226998071436
20.0,8.0,18.0,0.010194756145508715
20.0,8.0,19.0,0.005573873427531684
20.0,8.0,20.0,0.009217858215824881
20.0,8.0,21.0,0.000581661142364881
20.0,9.0,0.0,0.05599170753674365
20.0,9.0,1.0,0.00017581364635002594
20.0,9.0,2.0,0.006657712394931181
20.0,9.0,3.0,-1.9466514436516924e-07
20.0,9.0,4.0,0.047081052549358016
20.0,9.0,5.0,-0.006008752383079741
20.0,9.0,6.0,0.04048233302120391
20.0,9.0,7.0,-0.0092095654845262
20.0,9.0,8.0,-4.9638015864467144e-06
20.0,9.0,9.0,0.13503471930099956
20.0,9.0,10.0,-0.001922456241572168
20.0,9.0,11.0,5.9207414249140555e-09
20.0,9.0,12.0,0.007805750930727884
20.0,9.0,13.0,0.006859783540132169
20.0,9.0,14.0,-0.00685773421818202
20.0,9.0,15.0,-1.6253516199882245e-06
20.0,9.0,16.0,0.03491234910607566
20.0,9.0,17.0,-0.005113834956399937
20.0,9.0,18.0,0.02746199200928845
20.0,9.0,19.0,0.03541058909874517
20.0,9.0,20.0,0.02534012987645684
20.0,9.0,21.0,-2.9538459567213238e-08
20.0,10.0,0.0,0.02348473639885118
20.0,10.0,1.0,7.377814004350114e-05
20.0,10.0,2.0,0.002740322991191424
20.0,10.0,3.0,-1.9466514422639136e-07
20.0,10.0,4.0,0.0013745214572586373
20.0,10.0,5.0,0.01971174472327769
20.0,10.0,6.0,-0.004398193455178501
20.0,10.0,7.0,0.023880936240816747
20.0,10.0,8.0,-4.96380157217341e-06
20.0,10.0,9.0,-0.0032365003008721638
20.0,10.0,10.0,0.1457640519814392
20.0,10.0,11.0,5.9207414249140555e-09
20.0,10.0,12.0,-0.0016965676682124398
20.0,10.0,13.0,0.0028531178851841366
20.0,10.0,14.0,-0.0033183966947055027
20.0,10.0,15.0,-2.3867823392975662e-06
20.0,10.0,16.0,0.024774831300836464
20.0,10.0,17.0,0.005042271660899279
20.0,10.0,18.0,-0.001185498082971137
20.0,10.0,19.0,-0.0007320475283671413
20.0,10.0,20.0,0.0034469429335819424
20.0,10.0,21.0,-2.9538459511702087e-08
20.0,11.0,0.0,0.02405280484143235
20.0,11.0,1.0,7.497511246021271e-05
20.0,11.0,2.0,0.025267995072768834
20.0,11.0,3.0,-1.946651427137125e-07
20.0,11.0,4.0,0.013259205941475838
20.0,11.0,5.0,-0.009509114852407269
20.0,11.0,6.0,0.007507134934834847
20.0,11.0,7.0,-0.006387491007815382
20.0,11.0,8.0,-4.963801451873806e-06
20.0,11.0,9.0,0.007679337462978025
20.0,11.0,10.0,-0.0023373381920667735
20.0,11.0,11.0,0.14285714831341073
20.0,11.0,12.0,0.007394218307295114
20.0,11.0,13.0,0.002950072541708315
20.0,11.0,14.0,-0.004145727569190054
20.0,11.0,15.0,-2.3729289327228953e-06
20.0,11.0,16.0,0.004851571105439323
20.0,11.0,17.0,-0.005543563706150245
20.0,11.0,18.0,0.04206308318459667
20.0,11.0,19.0,-0.027488606173536823
20.0,11.0,20.0,0.03985761147944211
20.0,11.0,21.0,-2.953845879005712e-08
20.0,12.0,0.0,0.051826883717842276
20.0,12.0,1.0,0.00016363884593859068
20.0,12.0,2.0,0.006056065472225036
20.0,12.0,3.0,-1.9466514207533425e-07
20.0,12.0,4.0,0.0033323521897953845
20.0,12.0,5.0,-0.03428473121233146
20.0,12.0,6.0,0.025646660647664188
20.0,12.0,7.0,-0.035908264772674475
20.0,12.0,8.0,-4.963801399859857e-06
20.0,12.0,9.0,-0.007148046611313963
20.0,12.0,10.0,-0.02550322043256953
20.0,12.0,11.0,5.920741411036268e-09
20.0,12.0,12.0,0.1521803609991194
20.0,12.0,13.0,0.006288145872242967
20.0,12.0,14.0,-0.0044375769605038634
20.0,12.0,15.0,-1.731172966382144e-06
20.0,12.0,16.0,0.014977039197016151
20.0,12.0,17.0,-0.007648361124391775
20.0,12.0,18.0,0.051330798880501016
20.0,12.0,19.0,-0.0005336638688694939
20.0,12.0,20.0,0.019082106630625262
20.0,12.0,21.0,-2.953845848474579e-08
20.0,13.0,0.0,-0.004631472834911721
20.0,13.0,1.0,0.003655167321119618
20.0,13.0,2.0,-0.00034886761443519987
20.0,13.0,3.0,-1.946651429218793e-07
20.0,13.0,4.0,0.013882191768177843
20.0,13.0,5.0,0.03588121573543965
20.0,13.0,6.0,0.002242093191844541
20.0,13.0,7.0,0.04386023915599768
20.0,13.0,8.0,-4.963801470650453e-06
20.0,13.0,9.0,0.039435584754593994
20.0,13.0,10.0,0.007170352823855752
20.0,13.0,11.0,5.92074139715848e-09
20.0,13.0,12.0,-0.01612473098860731
20.0,13.0,13.0,0.14224139342819478
20.0,13.0,14.0,-0.003110220655785847
20.0,13.0,15.0,2.425334838042359e-05
20.0,13.0,16.0,0.005743120544630498
20.0,13.0,17.0,0.009483667762140933
20.0,13.0,18.0,-0.006787553317494643
20.0,13.0,19.0,0.010776887472618957
20.0,13.0,20.0,-0.00022879892187788187
20.0,13.0,21.0,-2.9538458928835e-08
20.0,14.0,0.0,0.0030336484935470365
20.0,14.0,1.0,8.652498378752815e-06
20.0,14.0,2.0,0.00034346561687620403
20.0,14.0,3.0,-1.9466512729549024e-07
20.0,14.0,4.0,0.00108197192276277
20.0,14.0,5.0,-0.001117818950547994
20.0,14.0,6.0,0.00043520564580762366
20.0,14.0,7.0,-0.001390905815843363
20.0,14.0,8.0,-4.963800319779388e-06
20.0,14.0,9.0,-0.000413252739106057
20.0,14.0,10.0,-0.00023083905022858175
20.0,14.0,11.0,5.920741313891753e-09
20.0,14.0,12.0,0.00045514375373820193
20.0,14.0,13.0,0.00036895561947855593
20.0,14.0,14.0,-0.010111815636453667
20.0,14.0,15.0,-2.8643201085976067e-06
20.0,14.0,16.0,0.00019756782150937013
20.0,14.0,17.0,-0.0038841866713912303
20.0,14.0,18.0,0.002276307375652681
20.0,14.0,19.0,-0.000808213853982831
20.0,14.0,20.0,0.0009524085812845362
20.0,14.0,21.0,-2.953845207320782e-08
20.0,15.0,0.0,0.04353571591616168
20.0,15.0,1.0,0.028746368228819402
20.0,15.0,2.0,0.02345585375144632
20.0,15.0,3.0,-1.9466514264432355e-07
20.0,15.0,4.0,0.003132555339007248
20.0,15.0,5.0,-0.008859861284146536
20.0,15.0,6.0,0.02798146216507552
20.0,15.0,7.0,-0.007738411519312927
20.0,15.0,8.0,-4.963801446968008e-06
20.0,15.0,9.0,-0.006056700397371884
20.0,15.0,10.0,-0.001514007360924885
20.0,15.0,11.0,5.920741411036268e-09
20.0,15.0,12.0,0.0018103944009753292
20.0,15.0,13.0,0.0053222266863484635
20.0,15.0,14.0,-0.004147311814389897
20.0,15.0,15.0,0.14306806626175123
20.0,15.0,16.0,0.0009123278856194017
20.0,15.0,17.0,-0.006740624131727052
20.0,15.0,18.0,0.01077055608758934
20.0,15.0,19.0,-0.000223555333321801
20.0,15.0,20.0,0.00997220208124483
20.0,15.0,21.0,-2.953845879005712e-08
20.0,16.0,0.0,0.055543788966496255
20.0,16.0,1.0,0.00017446249402103264
20.0,16.0,2.0,0.006594694093723985
20.0,16.0,3.0,-1.946651432827018e-07
20.0,16.0,4.0,0.00849078797864522
20.0,16.0,5.0,-0.005600562917017687
20.0,16.0,6.0,0.0017372510185667545
20.0,16.0,7.0,-0.008859782672143018
20.0,16.0,8.0,-4.963801498301945e-06
20.0,16.0,9.0,-0.007740094525139102
20.0,16.0,10.0,-0.0013554200677728945
20.0,16.0,11.0,5.920741411036268e-09
20.0,16.0,12.0,0.0039586669581958
20.0,16.0,13.0,0.006797860297075492
20.0,16.0,14.0,-0.004903108690892929
20.0,16.0,15.0,-1.635803544619563e-06
20.0,16.0,16.0,0.14417758243110584
20.0,16.0,17.0,-0.006919411611612917
20.0,16.0,18.0,0.025731839540060808
20.0,16.0,19.0,0.01644560625299385
20.0,16.0,20.0,0.016547621023577208
20.0,16.0,21.0,-2.9538459067612877e-08
20.0,17.0,0.0,0.0022373136702250607
20.0,17.0,1.0,6.255977175545491e-06
20.0,17.0,2.0,0.0002066896757542125
20.0,17.0,3.0,-1.946651250750442e-07
20.0,17.0,4.0,-0.0011466158495418988
20.0,17.0,5.0,-0.0017418166258724999
20.0,17.0,6.0,-0.00022293645410598195
20.0,17.0,7.0,-0.002059311870652364
20.0,17.0,8.0,-4.963800159643594e-06
20.0,17.0,9.0,-0.0002597324648526411
20.0,17.0,10.0,-0.0002894575568638813
20.0,17.0,11.0,5.920741300013965e-09
20.0,17.0,12.0,1.6526159248297922e-05
20.0,17.0,13.0,0.00024117547964974673
20.0,17.0,14.0,-0.0022793740782554237
20.0,17.0,15.0,-2.8864548277940383e-06
20.0,17.0,16.0,-0.00016971909366630955
20.0,17.0,17.0,-0.007651873481345235
20.0,17.0,18.0,0.0007008017655435461
20.0,17.0,19.0,-0.0003506584161294679
20.0,17.0,20.0,-0.0007104567969048459
20.0,17.0,21.0,-2.953845112951825e-08
20.0,18.0,0.0,0.06076455811554171
20.0,18.0,1.0,0.00019091793046954741
20.0,18.0,2.0,0.0072389952444120165
20.0,18.0,3.0,-1.9466514297739046e-07
20.0,18.0,4.0,-0.0007221236539255438
20.0,18.0,5.0,-0.009253062010412205
20.0,18.0,6.0,0.0023648071993882525
20.0,18.0,7.0,-0.012672067619616062
20.0,18.0,8.0,-4.963801473273355e-06
20.0,18.0,9.0,-0.008489493631014533
20.0,18.0,10.0,-0.004120373973288904
20.0,18.0,11.0,5.9207414249140555e-09
20.0,18.0,12.0,0.020583708783606214
20.0,18.0,13.0,0.007453292523612348
20.0,18.0,14.0,-0.004507685086046206
20.0,18.0,15.0,-1.510712379387824e-06
20.0,18.0,16.0,0.002006882001222565
20.0,18.0,17.0,-0.007408335890802173
20.0,18.0,18.0,0.15110306969834442
20.0,18.0,19.0,-0.010002604693354789
20.0,18.0,20.0,0.04124791142099837
20.0,18.0,21.0,-2.9538458928835e-08
20.0,19.0,0.0,0.028617515734444376
20.0,19.0,1.0,8.942820587773403e-05
20.0,19.0,2.0,0.003303584944609639
20.0,19.0,3.0,-1.9466514490640296e-07
20.0,19.0,4.0,0.017890894169700355
20.0,19.0,5.0,-0.0032336940952991944
20.0,19.0,6.0,0.0037498982154509086
20.0,19.0,7.0,-0.004902187733835439
20.0,19.0,8.0,-4.963801628461717e-06
20.0,19.0,9.0,-0.003899426823973262
20.0,19.0,10.0,-0.0008069237679892982
20.0,19.0,11.0,5.9207414249140555e-09
20.0,19.0,12.0,0.0022713202188898163
20.0,19.0,13.0,0.003437900991106274
20.0,19.0,14.0,-0.0045839988876297585
20.0,19.0,15.0,-2.274948396871479e-06
20.0,19.0,16.0,0.0019612742390071602
20.0,19.0,17.0,-0.004951903016747459
20.0,19.0,18.0,0.006450666803207994
20.0,19.0,19.0,0.14151047905575675
20.0,19.0,20.0,0.009236865019448537
20.0,19.0,21.0,-2.9538459817013418e-08
20.0,20.0,0.0,0.02534149154982901
20.0,20.0,1.0,7.951424237906402e-05
20.0,20.0,2.0,0.0029643134882542665
20.0,20.0,3.0,-1.9466513999366608e-07
20.0,20.0,4.0,-0.002024094037703039
20.0,20.0,5.0,-0.0027474374746164765
20.0,20.0,6.0,-0.000846806115640697
20.0,20.0,7.0,-0.004312016721856576
20.0,20.0,8.0,-4.963801239460386e-06
20.0,20.0,9.0,-0.0034997890733034775
20.0,20.0,10.0,-0.0003809890528202464
20.0,20.0,11.0,5.92074139715848e-09
20.0,20.0,12.0,-0.0002652222883709199
20.0,20.0,13.0,0.0030824900652648424
20.0,20.0,14.0,-0.003161213541357709
20.0,20.0,15.0,-2.3467026074447395e-06
20.0,20.0,16.0,-0.00022583636316658717
20.0,20.0,17.0,-0.005965542226618998
20.0,20.0,18.0,0.0006651734171239931
20.0,20.0,19.0,-0.004769488869037164
20.0,20.0,20.0,0.1463244650396026
20.0,20.0,21.0,-2.9538457513300642e-08
20.0,21.0,0.0,0.050384519872280986
20.0,21.0,1.0,0.00015807655492647288
20.0,21.0,2.0,0.006000834024847912
20.0,21.0,3.0,-1.946651429357571e-07
20.0,21.0,4.0,-0.003463574925534618
20.0,21.0,5.0,-0.0044171284412906076
20.0,21.0,6.0,-0.001602399358340667
20.0,21.0,7.0,-0.007444984970091717
20.0,21.0,8.0,-4.9638014694361465e-06
20.0,21.0,9.0,-0.007037873457291122
20.0,21.0,10.0,-0.0005625316142299774
20.0,21.0,11.0,5.920741411036268e-09
20.0,21.0,12.0,-0.0005868770667748491
20.0,21.0,13.0,0.006179774138459798
20.0,21.0,14.0,-0.003987423733460276
20.0,21.0,15.0,-1.754281148153014e-06
20.0,21.0,16.0,-0.0002784696469957937
20.0,21.0,17.0,-0.0070005461174334595
20.0,21.0,18.0,0.0005105964369792881
20.0,21.0,19.0,-0.009945194664437995
20.0,21.0,20.0,0.008244410801988011
20.0,21.0,21.0,0.14285127815901502
21.0,0.0,0.0,-0.14871934118744579
21.0,0.0,1.0,-0.004924005721045954
21.0,0.0,2.0,-0.0105093668749342
21.0,0.0,3.0,-1.9583825178193237e-07
21.0,0.0,4.0,0.009128529368757576
21.0,0.0,5.0,0.0007908999588532171
21.0,0.0,6.0,0.001314430937787936
21.0,0.0,7.0,0.013217391866318498
21.0,0.0,8.0,-4.9709840138287276e-06
21.0,0.0,9.0,0.007207296920273637
21.0,0.0,10.0,-0.0010142211195658946
21.0,0.0,11.0,6.073231029191106e-09
21.0,0.0,12.0,0.005405943699728827
21.0,0.0,13.0,-0.028345270081180263
21.0,0.0,14.0,-0.0003110303678325537
21.0,0.0,15.0,-0.00041892708320893923
21.0,0.0,16.0,0.01981189414666437
21.0,0.0,17.0,-9.46983634621807e-06
21.0,0.0,18.0,0.006295383133640947
21.0,0.0,19.0,0.02152720251117818
21.0,0.0,20.0,-0.01966921524061349
21.0,0.0,21.0,-1.3565964153416932e-06
21.0,1.0,0.0,0.03015329756968388
21.0,1.0,1.0,0.14384820369951618
21.0,1.0,2.0,0.029705923050805383
21.0,1.0,3.0,-1.9583824813207418e-07
21.0,1.0,4.0,-0.0014538653256008782
21.0,1.0,5.0,-0.00030084301292840755
21.0,1.0,6.0,0.0017394192693683252
21.0,1.0,7.0,-0.002821828687445155
21.0,1.0,8.0,-4.970983716497124e-06
21.0,1.0,9.0,-0.001486976975201726
21.0,1.0,10.0,0.00015734041395210063
21.0,1.0,11.0,6.073231001435531e-09
21.0,1.0,12.0,-0.0008872359410526942
21.0,1.0,13.0,0.005794278564476424
21.0,1.0,14.0,-0.0003159908064845524
21.0,1.0,15.0,0.01226274989765011
21.0,1.0,16.0,-0.003956892703128823
21.0,1.0,17.0,-0.00011550962973067907
21.0,1.0,18.0,-0.000810349323630527
21.0,1.0,19.0,-0.004178230445477493
21.0,1.0,20.0,0.004295989631055375
21.0,1.0,21.0,-1.3565963342399012e-06
21.0,2.0,0.0,0.018815094621238426
21.0,2.0,1.0,0.000613587684052147
21.0,2.0,2.0,0.14392004243910578
21.0,2.0,3.0,-1.9583824972801978e-07
21.0,2.0,4.0,-0.0010757587361666099
21.0,2.0,5.0,-0.0003010904251617393
21.0,2.0,6.0,-0.00010895297987834063
21.0,2.0,7.0,-0.0018076236025015152
21.0,2.0,8.0,-4.970983843090304e-06
21.0,2.0,9.0,-0.0009475399912495519
21.0,2.0,10.0,8.301801275348297e-05
21.0,2.0,11.0,6.0732310153133184e-09
21.0,2.0,12.0,-0.0005835482233660649
21.0,2.0,13.0,0.003645960795874925
21.0,2.0,14.0,-0.0003157626566435556
21.0,2.0,15.0,5.2390873083729694e-05
21.0,2.0,16.0,-0.0024925896704175166
21.0,2.0,17.0,-0.00011548192198737566
21.0,2.0,18.0,-0.0005872767649302002
21.0,2.0,19.0,-0.0027484043298211525
21.0,2.0,20.0,0.0031370934017754815
21.0,2.0,21.0,-1.3565963687678373e-06
21.0,3.0,0.0,0.029621708321928564
21.0,3.0,1.0,0.0009700503386807224
21.0,3.0,2.0,0.002123082573935564
21.0,3.0,3.0,0.14285694698696977
21.0,3.0,4.0,0.03409792936711259
21.0,3.0,5.0,-0.0003005668462256
21.0,3.0,6.0,0.00304472511302592
21.0,3.0,7.0,-0.004110077491366007
21.0,3.0,8.0,-4.970983919563854e-06
21.0,3.0,9.0,-0.0014727919771463371
21.0,3.0,10.0,-0.0014754984070533828
21.0,3.0,11.0,6.073231029191106e-09
21.0,3.0,12.0,0.006960882170419985
21.0,3.0,13.0,0.005706056978389523
21.0,3.0,14.0,-0.0003184516339425076
21.0,3.0,15.0,8.281677129091947e-05
21.0,3.0,16.0,0.00035056923296666875
21.0,3.0,17.0,-0.00011548735112448494
21.0,3.0,18.0,0.0068465162165592675
21.0,3.0,19.0,0.015913070043282462
21.0,3.0,20.0,0.02194760562750442
21.0,3.0,21.0,-1.3565963896122746e-06
21.0,4.0,0.0,0.022773754407657054
21.0,4.0,1.0,0.0007216109386339598
21.0,4.0,2.0,0.0016875832154285009
21.0,4.0,3.0,-1.9583825307256664e-07
21.0,4.0,4.0,0.15601799707073505
21.0,4.0,5.0,-0.00030076275568747597
21.0,4.0,6.0,0.014334736869227177
21.0,4.0,7.0,-0.008115672268484572
21.0,4.0,8.0,-4.970984115650057e-06
21.0,4.0,9.0,-0.0012038059137963464
21.0,4.0,10.0,-0.007004467788989027
21.0,4.0,11.0,6.073231043068894e-09
21.0,4.0,12.0,0.03450164931149394
21.0,4.0,13.0,0.004496515914568733
21.0,4.0,14.0,-0.00031940929407310993
21.0,4.0,15.0,6.529240225494615e-05
21.0,4.0,16.0,0.015826386269261278
21.0,4.0,17.0,-0.00011525701674222932
21.0,4.0,18.0,0.034137244754406854
21.0,4.0,19.0,0.008692623483304018
21.0,4.0,20.0,0.03463263920911419
21.0,4.0,21.0,-1.3565964431250244e-06
21.0,5.0,0.0,0.00022530528134012684
21.0,5.0,1.0,1.6538779011782134e-05
21.0,5.0,2.0,5.035277639231506e-06
21.0,5.0,3.0,-1.9583822913338267e-07
21.0,5.0,4.0,-7.681189438002445e-05
21.0,5.0,5.0,-0.00030109901331849435
21.0,5.0,6.0,8.723367313759334e-05
21.0,5.0,7.0,-0.0001434182272722767
21.0,5.0,8.0,-4.9709823850691e-06
21.0,5.0,9.0,4.1523985989389e-06
21.0,5.0,10.0,-3.9461172254090515e-05
21.0,5.0,11.0,6.073230890413228e-09
21.0,5.0,12.0,0.0001416790897844078
21.0,5.0,13.0,3.1648778014981005e-05
21.0,5.0,14.0,-0.00031542245857590814
21.0,5.0,15.0,-1.2377965013798953e-06
21.0,5.0,16.0,2.4174359356116115e-05
21.0,5.0,17.0,-0.00011539210862899683
21.0,5.0,18.0,0.00022704886009095038
21.0,5.0,19.0,-2.3630015988096442e-05
21.0,5.0,20.0,-8.020886095405633e-05
21.0,5.0,21.0,-1.3565959709194164e-06
21.0,6.0,0.0,0.03934220517863363
21.0,6.0,1.0,0.00128265100278932
21.0,6.0,2.0,0.002828462114017938
21.0,6.0,3.0,-1.9583825125457643e-07
21.0,6.0,4.0,0.026040966877031668
21.0,6.0,5.0,-0.00030074447640040104
21.0,6.0,6.0,0.14513370460674693
21.0,6.0,7.0,-0.004857120423050587
21.0,6.0,8.0,-4.970983965492393e-06
21.0,6.0,9.0,-0.001967909179023619
21.0,6.0,10.0,-0.0012515684544393002
21.0,6.0,11.0,6.073231029191106e-09
21.0,6.0,12.0,0.005896388670102282
21.0,6.0,13.0,0.0075936715085952455
21.0,6.0,14.0,-0.0003182367112388632
21.0,6.0,15.0,0.0001107900793159422
21.0,6.0,16.0,-0.0017492478112561272
21.0,6.0,17.0,-0.00011551680052988577
21.0,6.0,18.0,0.017052904610999092
21.0,6.0,19.0,0.009599223914074917
21.0,6.0,20.0,0.014249494373449356
21.0,6.0,21.0,-1.3565964021300392e-06
21.0,7.0,0.0,0.01040618417485939
21.0,7.0,1.0,0.0003335918331769383
21.0,7.0,2.0,0.000766506626342478
21.0,7.0,3.0,-1.95838243566282e-07
21.0,7.0,4.0,-0.0005774729607424534
21.0,7.0,5.0,-0.0003009256567363481
21.0,7.0,6.0,-2.61853085133934e-05
21.0,7.0,7.0,-0.09944460669732709
21.0,7.0,8.0,-4.970983375811311e-06
21.0,7.0,9.0,-0.0005441900899191554
21.0,7.0,10.0,2.33484566778408e-05
21.0,7.0,11.0,6.073230987557743e-09
21.0,7.0,12.0,-0.00026756853447537643
21.0,7.0,13.0,0.0020491313285133927
21.0,7.0,14.0,-0.00031560457535024985
21.0,7.0,15.0,2.8862730315881713e-05
21.0,7.0,16.0,-0.0013713414679730473
21.0,7.0,17.0,-0.00011555175226758539
21.0,7.0,18.0,-0.00022759326156890358
21.0,7.0,19.0,-0.0015279236255246187
21.0,7.0,20.0,0.0018877385802105184
21.0,7.0,21.0,-1.3565962412032118e-06
21.0,8.0,0.0,0.04106567687465967
21.0,8.0,1.0,0.0352284586441613
21.0,8.0,2.0,0.01255403061675453
21.0,8.0,3.0,-1.958382501443534e-07
21.0,8.0,4.0,0.011198108814668761
21.0,8.0,5.0,-0.00030075650220655114
21.0,8.0,6.0,0.0324311470505215
21.0,8.0,7.0,-0.0047730528806508715
21.0,8.0,8.0,0.14285217151674542
21.0,8.0,9.0,0.02485073149846931
21.0,8.0,10.0,0.013519667036027444
21.0,8.0,11.0,6.073231029191106e-09
21.0,8.0,12.0,0.015877842676438075
21.0,8.0,13.0,0.007986305322003978
21.0,8.0,14.0,-0.0003173066283374867
21.0,8.0,15.0,0.021555204917599116
21.0,8.0,16.0,0.007216605935127518
21.0,8.0,17.0,-0.00011551294344945857
21.0,8.0,18.0,0.009014752775607593
21.0,8.0,19.0,0.0051848884911042115
21.0,8.0,20.0,0.011306091212153868
21.0,8.0,21.0,0.027098925355322795
21.0,9.0,0.0,0.04355689978582822
21.0,9.0,1.0,0.0014195831948986548
21.0,9.0,2.0,0.0031314671157453566
21.0,9.0,3.0,-1.958382510741652e-07
21.0,9.0,4.0,0.02803972213831213
21.0,9.0,5.0,-0.00030079570250400996
21.0,9.0,6.0,0.012540295664130258
21.0,9.0,7.0,-0.005236517591447137
21.0,9.0,8.0,-4.970983951010921e-06
21.0,9.0,9.0,0.14072307115322538
21.0,9.0,10.0,-0.0012314608294686502
21.0,9.0,11.0,6.0732310153133184e-09
21.0,9.0,12.0,0.005750332506145012
21.0,9.0,13.0,0.008406043169512295
21.0,9.0,14.0,-0.0003183386759856939
21.0,9.0,15.0,0.00012282686848345825
21.0,9.0,16.0,0.025139902385988983
21.0,9.0,17.0,-0.00011552158309151398
21.0,9.0,18.0,0.011259119508538223
21.0,9.0,19.0,0.028530266772144208
21.0,9.0,20.0,0.013890277536648399
21.0,9.0,21.0,-1.3565963981887474e-06
21.0,10.0,0.0,0.03620518593145439
21.0,10.0,1.0,0.0011796182794496235
21.0,10.0,2.0,0.002603454721875176
21.0,10.0,3.0,-1.9583825133784316e-07
21.0,10.0,4.0,0.005414088740362366
21.0,10.0,5.0,-0.00027157948209903445
21.0,10.0,6.0,0.0003805748037442047
21.0,10.0,7.0,0.01284885336415327
21.0,10.0,8.0,-4.970983973881515e-06
21.0,10.0,9.0,-0.0018115978636377983
21.0,10.0,10.0,0.14254106092197164
21.0,10.0,11.0,6.073231043068894e-09
21.0,10.0,12.0,0.0009091613816618604
21.0,10.0,13.0,0.00698735090904079
21.0,10.0,14.0,-0.0003168104574912937
21.0,10.0,15.0,0.00010187179932727441
21.0,10.0,16.0,0.03311424422146789
21.0,10.0,17.0,-6.978512785074057e-05
21.0,10.0,18.0,0.007408241125191478
21.0,10.0,19.0,0.003190505640835839
21.0,10.0,20.0,0.008667265579759276
21.0,10.0,21.0,-1.356596404433752e-06
21.0,11.0,0.0,0.0295380418624972
21.0,11.0,1.0,0.0009484553239506033
21.0,11.0,2.0,0.027016761140374823
21.0,11.0,3.0,-1.9583824809044081e-07
21.0,11.0,4.0,0.027745548970851908
21.0,11.0,5.0,-0.00030085541082809533
21.0,11.0,6.0,0.004614412465443113
21.0,11.0,7.0,-0.004267612204157875
21.0,11.0,8.0,-4.9709837160530346e-06
21.0,11.0,9.0,0.027932027354432593
21.0,11.0,10.0,-0.0016519891142968701
21.0,11.0,11.0,0.14285714709085856
21.0,11.0,12.0,0.007815055087937783
21.0,11.0,13.0,0.005761119258189118
21.0,11.0,14.0,-0.00031818742562293386
21.0,11.0,15.0,8.400021183288531e-05
21.0,11.0,16.0,0.005442322019237611
21.0,11.0,17.0,-0.00011549646592487047
21.0,11.0,18.0,0.03507283233655614
21.0,11.0,19.0,-0.01109634066389592
21.0,11.0,20.0,0.05684157189167405
21.0,11.0,21.0,-1.3565963341011233e-06
21.0,12.0,0.0,0.018702043681688485
21.0,12.0,1.0,0.0006026146103180474
21.0,12.0,2.0,0.0013617708718686727
21.0,12.0,3.0,-1.9583824861779675e-07
21.0,12.0,4.0,0.011261965300304544
21.0,12.0,5.0,-0.0003010812151552635
21.0,12.0,6.0,0.006020875750163801
21.0,12.0,7.0,-0.02676429360799501
21.0,12.0,8.0,-4.970983757561498e-06
21.0,12.0,9.0,-0.0009570458274181515
21.0,12.0,10.0,-0.029953758347830012
21.0,12.0,11.0,6.073231029191106e-09
21.0,12.0,12.0,0.14734284383836088
21.0,12.0,13.0,0.0036415590176545887
21.0,12.0,14.0,-0.000317032736227153
21.0,12.0,15.0,5.256281480010838e-05
21.0,12.0,16.0,0.015499480156154738
21.0,12.0,17.0,-0.0001155587624148039
21.0,12.0,18.0,0.03406508650547721
21.0,12.0,19.0,0.0020833191676358775
21.0,12.0,20.0,0.012869420827584355
21.0,12.0,21.0,-1.3565963453976426e-06
21.0,13.0,0.0,0.045621160199470046
21.0,13.0,1.0,0.02620368892649666
21.0,13.0,2.0,0.008045529793735906
21.0,13.0,3.0,-1.9583825044966474e-07
21.0,13.0,4.0,0.0007061859308404306
21.0,13.0,5.0,-0.0002632459894794972
21.0,13.0,6.0,0.001257411130591496
21.0,13.0,7.0,0.017973701920420526
21.0,13.0,8.0,-4.970983901154968e-06
21.0,13.0,9.0,0.01950774521057161
21.0,13.0,10.0,0.0033631151619300803
21.0,13.0,11.0,6.073231029191106e-09
21.0,13.0,12.0,-0.01679489914685056
21.0,13.0,13.0,0.15168434696805758
21.0,13.0,14.0,-0.0003165592253935722
21.0,13.0,15.0,0.0022350622884209637
21.0,13.0,16.0,-0.00335743685411255
21.0,13.0,17.0,-0.00011546451585412774
21.0,13.0,18.0,-0.0035535224538326138
21.0,13.0,19.0,-0.0018536064955111953
21.0,13.0,20.0,0.007425250473377609
21.0,13.0,21.0,-1.356596384616271e-06
21.0,14.0,0.0,0.00015334775576314463
21.0,14.0,1.0,7.595616998423704e-07
21.0,14.0,2.0,2.821953171641689e-05
21.0,14.0,3.0,-1.9583822846724885e-07
21.0,14.0,4.0,3.792998250340407e-05
21.0,14.0,5.0,-0.000299044666697398
21.0,14.0,6.0,7.052167472237914e-05
21.0,14.0,7.0,-0.00015218750806843262
21.0,14.0,8.0,-4.970982340250785e-06
21.0,14.0,9.0,-2.9037344548538124e-05
21.0,14.0,10.0,-5.322964725740231e-05
21.0,14.0,11.0,6.073230890413228e-09
21.0,14.0,12.0,0.00011398243449109446
21.0,14.0,13.0,6.952648996241817e-05
21.0,14.0,14.0,-0.00031941835847203057
21.0,14.0,15.0,-4.1869721030540763e-07
21.0,14.0,16.0,1.0964473479452286e-05
21.0,14.0,17.0,-0.0001153916798111282
21.0,14.0,18.0,0.0002120179749436346
21.0,14.0,19.0,-3.561940553059584e-05
21.0,14.0,20.0,0.0003487751631296998
21.0,14.0,21.0,-1.3565959587069631e-06
21.0,15.0,0.0,0.04481261124953961
21.0,15.0,1.0,0.0015114018225128867
21.0,15.0,2.0,0.026647316943039956
21.0,15.0,3.0,-1.9583824804880745e-07
21.0,15.0,4.0,0.001879714290043133
21.0,15.0,5.0,-0.0003009371577464501
21.0,15.0,6.0,0.022449776862208587
21.0,15.0,7.0,-0.004321188319447042
21.0,15.0,8.0,-4.970983717468569e-06
21.0,15.0,9.0,-0.002267690274162626
21.0,15.0,10.0,3.5806262477899864e-05
21.0,15.0,11.0,6.073231001435531e-09
21.0,15.0,12.0,-0.000432084528674187
21.0,15.0,13.0,0.008689887208597619
21.0,15.0,14.0,-0.0003166362520647483
21.0,15.0,15.0,0.1429905349816165
21.0,15.0,16.0,-0.0054555776982405935
21.0,15.0,17.0,-0.00011553041447645155
21.0,15.0,18.0,0.0011921840677401874
21.0,15.0,19.0,-0.004143011935870411
21.0,15.0,20.0,0.008641894739918832
21.0,15.0,21.0,-1.3565963344619458e-06
21.0,16.0,0.0,0.03405565295768209
21.0,16.0,1.0,0.0010850853794335258
21.0,16.0,2.0,0.0025060434881059024
21.0,16.0,3.0,-1.9583825192071025e-07
21.0,16.0,4.0,0.02625534176150579
21.0,16.0,5.0,-0.00030067113463582584
21.0,16.0,6.0,0.0024512613978889264
21.0,16.0,7.0,-0.0046203183786160396
21.0,16.0,8.0,-4.970984019705971e-06
21.0,16.0,9.0,-0.001777102390548152
21.0,16.0,10.0,-0.0015044372715509458
21.0,16.0,11.0,6.073231043068894e-09
21.0,16.0,12.0,0.007371220182418786
21.0,16.0,13.0,0.006688292358602299
21.0,16.0,14.0,-0.0003182014587002986
21.0,16.0,15.0,9.775793662401833e-05
21.0,16.0,16.0,0.1418845833420069
21.0,16.0,17.0,-0.00011550907756366527
21.0,16.0,18.0,0.03280296302872468
21.0,16.0,19.0,0.02807419631030056
21.0,16.0,20.0,0.018187097067824842
21.0,16.0,21.0,-1.3565964169515166e-06
21.0,17.0,0.0,0.00019156589066049445
21.0,17.0,1.0,1.0133180551014087e-05
21.0,17.0,2.0,1.4580204223957338e-05
21.0,17.0,3.0,-1.9583824396873784e-07
21.0,17.0,4.0,-7.64571660473723e-05
21.0,17.0,5.0,-0.0002990444035789242
21.0,17.0,6.0,8.93819556031239e-05
21.0,17.0,7.0,-0.0001462838901508806
21.0,17.0,8.0,-4.97098341332991e-06
21.0,17.0,9.0,-9.56536365850913e-06
21.0,17.0,10.0,-3.6908272128793884e-05
21.0,17.0,11.0,6.073230987557743e-09
21.0,17.0,12.0,0.00014408835974860645
21.0,17.0,13.0,4.792904711634072e-05
21.0,17.0,14.0,-0.00031542120050763196
21.0,17.0,15.0,-9.165508581959747e-07
21.0,17.0,16.0,1.7601478026180173e-05
21.0,17.0,17.0,-0.00011555886111959605
21.0,17.0,18.0,0.00022724282746286462
21.0,17.0,19.0,-2.2791624506524055e-05
21.0,17.0,20.0,8.170506873395045e-05
21.0,17.0,21.0,-1.3565962514727747e-06
21.0,18.0,0.0,0.05232992523083568
21.0,18.0,1.0,0.0017080312787910445
21.0,18.0,2.0,0.0037540054931821665
21.0,18.0,3.0,-1.958382532391001e-07
21.0,18.0,4.0,0.03800991686407745
21.0,18.0,5.0,-0.00030094875248475126
21.0,18.0,6.0,0.003650046260424533
21.0,18.0,7.0,-0.008219428083037314
21.0,18.0,8.0,-4.970984127786182e-06
21.0,18.0,9.0,-0.002606336616505389
21.0,18.0,10.0,-0.0038349655578244213
21.0,18.0,11.0,6.073231043068894e-09
21.0,18.0,12.0,0.018444488705181922
21.0,18.0,13.0,0.010081103628624605
21.0,18.0,14.0,-0.0003187180475141591
21.0,18.0,15.0,0.00014759627448818202
21.0,18.0,16.0,-0.0008371550995132926
21.0,18.0,17.0,-0.0001155413729894283
21.0,18.0,18.0,0.15219950270025448
21.0,18.0,19.0,-0.004214093141779951
21.0,18.0,20.0,0.04921754878578766
21.0,18.0,21.0,-1.3565964464556934e-06
21.0,19.0,0.0,0.024524916098671024
21.0,19.0,1.0,0.0008177136810641472
21.0,19.0,2.0,0.0017225421396838692
21.0,19.0,3.0,-1.9583825225377716e-07
21.0,19.0,4.0,0.02171194808618654
21.0,19.0,5.0,-0.0003004226225550969
21.0,19.0,6.0,0.00187264213994226
21.0,19.0,7.0,-0.0031532476769785545
21.0,19.0,8.0,-4.97098404587254e-06
21.0,19.0,9.0,-0.0011741940454044197
21.0,19.0,10.0,-0.0009597480776601108
21.0,19.0,11.0,6.073231029191106e-09
21.0,19.0,12.0,0.004213301754694365
21.0,19.0,13.0,0.004650335440004455
21.0,19.0,14.0,-0.0003178836245546372
21.0,19.0,15.0,6.716009528622002e-05
21.0,19.0,16.0,-0.00047974797492680854
21.0,19.0,17.0,-0.00011548269219561364
21.0,19.0,18.0,0.004186299911280389
21.0,19.0,19.0,0.14093728848019077
21.0,19.0,20.0,0.007349166628280446
21.0,19.0,21.0,-1.356596424056944e-06
21.0,20.0,0.0,0.02621992874118273
21.0,20.0,1.0,0.0008325571091196693
21.0,20.0,2.0,0.0019341614524407968
21.0,20.0,3.0,-1.958382472994069e-07
21.0,20.0,4.0,-0.0015568568313873432
21.0,20.0,5.0,-0.00030039434848311264
21.0,20.0,6.0,-0.0001630549624355715
21.0,20.0,7.0,-0.002487293426702175
21.0,20.0,8.0,-4.970983653117267e-06
21.0,20.0,9.0,-0.001374476746890868
21.0,20.0,10.0,0.00015368663690989992
21.0,20.0,11.0,6.073231001435531e-09
21.0,20.0,12.0,-0.0008405075900310144
21.0,20.0,13.0,0.005154882751848389
21.0,20.0,14.0,-0.0003158923018604679
21.0,20.0,15.0,7.515220861413485e-05
21.0,20.0,16.0,-0.0035244578202670573
21.0,20.0,17.0,-0.00011550236710708835
21.0,20.0,18.0,-0.0009009786761559335
21.0,20.0,19.0,-0.0038310097131845633
21.0,20.0,20.0,0.1476087702288632
21.0,20.0,21.0,-1.356596316920422e-06
21.0,21.0,0.0,0.03620819903773553
21.0,21.0,1.0,0.0012103364463634525
21.0,21.0,2.0,0.002549538831839948
21.0,21.0,3.0,-1.958382492422972e-07
21.0,21.0,4.0,-0.0024228650851640943
21.0,21.0,5.0,-0.00030062412509097196
21.0,21.0,6.0,-0.00022252155987814715
21.0,21.0,7.0,-0.003326667547516385
21.0,21.0,8.0,-4.970983803198603e-06
21.0,21.0,9.0,-0.0017451297040644576
21.0,21.0,10.0,0.00025392099857296513
21.0,21.0,11.0,6.0732310153133184e-09
21.0,21.0,12.0,-0.0011459650370471142
21.0,21.0,13.0,0.006902150550268937
21.0,21.0,14.0,-0.00031605150377214187
21.0,21.0,15.0,9.976620940257974e-05
21.0,21.0,16.0,-0.004798314098001161
21.0,21.0,17.0,-0.00011552101309240309
21.0,21.0,18.0,-0.0012775946715994357
21.0,21.0,19.0,-0.005237509620295733
21.0,21.0,20.0,0.004715638739830386
21.0,21.0,21.0,0.14267638606216151
22.0,0.0,0.0,-0.14524987302046288
22.0,0.0,1.0,-0.0012586458359907515
22.0,0.0,2.0,-0.024123096951497752
22.0,0.0,3.0,-1.9369698182891693e-07
22.0,0.0,4.0,0.01585874817794436
22.0,0.0,5.0,0.02793467182243692
22.0,0.0,6.0,-0.00018993370407238697
22.0,0.0,7.0,0.01970685615855028
22.0,0.0,8.0,-4.997959964066212e-06
22.0,0.0,9.0,0.03497314261057621
22.0,0.0,10.0,0.005498159285810433
22.0,0.0,11.0,5.7858605545524355e-09
22.0,0.0,12.0,0.0015118259188742489
22.0,0.0,13.0,-0.022717177493347035
22.0,0.0,14.0,-0.010743565677480152
22.0,0.0,15.0,-0.00023321797400316369
22.0,0.0,16.0,0.016128444338639747
22.0,0.0,17.0,0.03246343878642233
22.0,0.0,18.0,0.00939774652571504
22.0,0.0,19.0,0.02992252156573927
22.0,0.0,20.0,-0.002764246946361737
22.0,0.0,21.0,-2.6572322903151147e-07
22.0,1.0,0.0,0.02483963610783302
22.0,1.0,1.0,0.14663960923452377
22.0,1.0,2.0,0.024279269838809014
22.0,1.0,3.0,-1.9369698064930496e-07
22.0,1.0,4.0,-0.0029561810242357267
22.0,1.0,5.0,-0.009857529255224068
22.0,1.0,6.0,0.005014253711700001
22.0,1.0,7.0,-0.004548724766159501
22.0,1.0,8.0,-4.997959865429835e-06
22.0,1.0,9.0,-0.006329404456700549
22.0,1.0,10.0,-0.0021204421885663294
22.0,1.0,11.0,5.7858605545524355e-09
22.0,1.0,12.0,0.0010224024216215488
22.0,1.0,13.0,0.0041148145388598956
22.0,1.0,14.0,0.0018101292052872392
22.0,1.0,15.0,0.02688487605303888
22.0,1.0,16.0,-0.002016877500575054
22.0,1.0,17.0,-0.006703675497691741
22.0,1.0,18.0,9.911902333722966e-05
22.0,1.0,19.0,-0.0036347400786947426
22.0,1.0,20.0,0.0013552030713427365
22.0,1.0,21.0,-2.657232238412188e-07
22.0,2.0,0.0,0.018008435071085294
22.0,2.0,1.0,0.00015880275760593587
22.0,2.0,2.0,0.1458615051906173
22.0,2.0,3.0,-1.9369698092686072e-07
22.0,2.0,4.0,-0.0010202969993773903
22.0,2.0,5.0,-0.037163310279331785
22.0,2.0,6.0,0.006455283241266957
22.0,2.0,7.0,-0.009612228971867087
22.0,2.0,8.0,-4.997959889035952e-06
22.0,2.0,9.0,-0.004538876535494979
22.0,2.0,10.0,-0.009186011662705551
22.0,2.0,11.0,5.7858605545524355e-09
22.0,2.0,12.0,0.006706098486853301
22.0,2.0,13.0,0.0029512640690272374
22.0,2.0,14.0,0.001268774941402373
22.0,2.0,15.0,2.5904448357066956e-05
22.0,2.0,16.0,0.0016932360239526878
22.0,2.0,17.0,-0.01202536759518831
22.0,2.0,18.0,0.0049730722617545575
22.0,2.0,19.0,-0.0017142561147089341
22.0,2.0,20.0,0.001291164580190185
22.0,2.0,21.0,-2.6572322506246415e-07
22.0,3.0,0.0,0.022737830643882462
22.0,3.0,1.0,0.00019517436968874424
22.0,3.0,2.0,0.00424535277698701
22.0,3.0,3.0,0.14285694915737426
22.0,3.0,4.0,0.018911651736596757
22.0,3.0,5.0,-0.004917398704550907
22.0,3.0,6.0,0.004447632514734096
22.0,3.0,7.0,-0.0032256124096087246
22.0,3.0,8.0,-4.997959983626954e-06
22.0,3.0,9.0,-0.005888375963390119
22.0,3.0,10.0,-0.0017078652895470836
22.0,3.0,11.0,5.7858605545524355e-09
22.0,3.0,12.0,0.003202221435650243
22.0,3.0,13.0,0.003847723665223235
22.0,3.0,14.0,0.0004103161920791104
22.0,3.0,15.0,3.525312718916096e-05
22.0,3.0,16.0,0.0004937369887122733
22.0,3.0,17.0,-0.002841045181376345
22.0,3.0,18.0,0.004779713085630799
22.0,3.0,19.0,0.0388452915650484
22.0,3.0,20.0,0.03510150898435288
22.0,3.0,21.0,-2.657232301139789e-07
22.0,4.0,0.0,0.024058424483179852
22.0,4.0,1.0,0.00021251766694391216
22.0,4.0,2.0,0.0043128349054207815
22.0,4.0,3.0,-1.936969826615842e-07
22.0,4.0,4.0,0.16450363070819768
22.0,4.0,5.0,-0.007392852767322072
22.0,4.0,6.0,0.033243041235678145
22.0,4.0,7.0,-0.0025834769716307493
22.0,4.0,8.0,-4.997960034419657e-06
22.0,4.0,9.0,-0.006158942720399685
22.0,4.0,10.0,-0.007534783478357232
22.0,4.0,11.0,5.785860568430223e-09
22.0,4.0,12.0,0.02605063145604325
22.0,4.0,13.0,0.0040120064228715
22.0,4.0,14.0,-0.008631748189096747
22.0,4.0,15.0,3.629700711302308e-05
22.0,4.0,16.0,0.021356861083886486
22.0,4.0,17.0,0.0135918754590518
22.0,4.0,18.0,0.04671431732744416
22.0,4.0,19.0,0.03400612017291482
22.0,4.0,20.0,0.028029282312724113
22.0,4.0,21.0,-2.6572323277851417e-07
22.0,5.0,0.0,0.05806410628732006
22.0,5.0,1.0,0.0005023573101578527
22.0,5.0,2.0,0.009895965464658985
22.0,5.0,3.0,-1.936969750426787e-07
22.0,5.0,4.0,0.0008437425670242971
22.0,5.0,5.0,-0.1773515687842073
22.0,5.0,6.0,0.03128712531994035
22.0,5.0,7.0,-0.04283040521738507
22.0,5.0,8.0,-4.99795943498943e-06
22.0,5.0,9.0,-0.014238573518193992
22.0,5.0,10.0,-0.04437023367340073
22.0,5.0,11.0,5.78586052679686e-09
22.0,5.0,12.0,0.033337231397547545
22.0,5.0,13.0,0.00925977007013054
22.0,5.0,14.0,0.00384917453388528
22.0,5.0,15.0,8.922870047553544e-05
22.0,5.0,16.0,0.011782392358430038
22.0,5.0,17.0,-0.05197097826521363
22.0,5.0,18.0,0.02660497809614168
22.0,5.0,19.0,-0.0031447649098253483
22.0,5.0,20.0,0.004660200391156832
22.0,5.0,21.0,-2.6572320091511337e-07
22.0,6.0,0.0,0.044685826736046264
22.0,6.0,1.0,0.0003890481384988542
22.0,6.0,2.0,0.00757023583389721
22.0,6.0,3.0,-1.9369698235627286e-07
22.0,6.0,4.0,0.03640555859704697
22.0,6.0,5.0,-0.010404969327272168
22.0,6.0,6.0,0.15169908991820255
22.0,6.0,7.0,-0.006520458738412199
22.0,6.0,8.0,-4.9979600081767606e-06
22.0,6.0,9.0,-0.010957402791791901
22.0,6.0,10.0,-0.004244904294116725
22.0,6.0,11.0,5.785860568430223e-09
22.0,6.0,12.0,0.009104400424813114
22.0,6.0,13.0,0.007115851678774099
22.0,6.0,14.0,0.0007385390732914804
22.0,6.0,15.0,6.81833859406955e-05
22.0,6.0,16.0,0.0011504369649139035
22.0,6.0,17.0,-0.0060315275460285644
22.0,6.0,18.0,0.030879695816177305
22.0,6.0,19.0,0.012358603165034121
22.0,6.0,20.0,0.009298975690610556
22.0,6.0,21.0,-2.6572323141849097e-07
22.0,7.0,0.0,0.050093572066403524
22.0,7.0,1.0,0.0004324869254674901
22.0,7.0,2.0,0.00881563933313706
22.0,7.0,3.0,-1.9369697484838966e-07
22.0,7.0,4.0,-0.007886908589788244
22.0,7.0,5.0,-0.07812539992351934
22.0,7.0,6.0,0.012120853786335123
22.0,7.0,7.0,-0.1695895652318598
22.0,7.0,8.0,-4.997959418273634e-06
22.0,7.0,9.0,-0.012511182439257668
22.0,7.0,10.0,-0.01904727745213053
22.0,7.0,11.0,5.78586052679686e-09
22.0,7.0,12.0,0.012737749774944906
22.0,7.0,13.0,0.008155663999136087
22.0,7.0,14.0,0.0038956220641076095
22.0,7.0,15.0,7.835395729777206e-05
22.0,7.0,16.0,0.0011842676850326306
22.0,7.0,17.0,-0.05742960379444677
22.0,7.0,18.0,0.007856587741612048
22.0,7.0,19.0,-0.007824435872448077
22.0,7.0,20.0,0.00213996366808189
22.0,7.0,21.0,-2.657232000546905e-07
22.0,8.0,0.0,0.03641786881279285
22.0,8.0,1.0,0.02466878971560285
22.0,8.0,2.0,0.015778450838683733
22.0,8.0,3.0,-1.9369697966398203e-07
22.0,8.0,4.0,0.009712488106302208
22.0,8.0,5.0,-0.017797128410829338
22.0,8.0,6.0,0.033577113756480065
22.0,8.0,7.0,-0.009611093330686854
22.0,8.0,8.0,0.142852144551757
22.0,8.0,9.0,0.014792218669073681
22.0,8.0,10.0,-0.0020846442923534436
22.0,8.0,11.0,5.7858605545524355e-09
22.0,8.0,12.0,0.030262459219644433
22.0,8.0,13.0,0.005912644629497338
22.0,8.0,14.0,0.0018720075483577014
22.0,8.0,15.0,0.0422293003406467
22.0,8.0,16.0,0.00470343635022033
22.0,8.0,17.0,-0.01228593099421052
22.0,8.0,18.0,0.015041430229886632
22.0,8.0,19.0,0.0039476180786438
22.0,8.0,20.0,0.0042996289944918775
22.0,8.0,21.0,0.005216660445645005
22.0,9.0,0.0,0.04100627983767868
22.0,9.0,1.0,0.00035780275958285923
22.0,9.0,2.0,0.007097086426847032
22.0,9.0,3.0,-1.9369698046889372e-07
22.0,9.0,4.0,0.025509565999406403
22.0,9.0,5.0,-0.008998097384212755
22.0,9.0,6.0,0.010188153076385376
22.0,9.0,7.0,-0.005824780874635477
22.0,9.0,8.0,-4.9979598546120996e-06
22.0,9.0,9.0,0.13268147234734728
22.0,9.0,10.0,-0.0031219204342629037
22.0,9.0,11.0,5.7858605545524355e-09
22.0,9.0,12.0,0.005673620425756837
22.0,9.0,13.0,0.006632474328610943
22.0,9.0,14.0,0.0011788023779411017
22.0,9.0,15.0,6.302457447626697e-05
22.0,9.0,16.0,0.021916329075833157
22.0,9.0,17.0,-0.006124857818455384
22.0,9.0,18.0,0.015247252935543215
22.0,9.0,19.0,0.028101376459057414
22.0,9.0,20.0,0.006774977988554476
22.0,9.0,21.0,-2.6572322323059616e-07
22.0,10.0,0.0,0.004677617488480057
22.0,10.0,1.0,4.280965328973263e-05
22.0,10.0,2.0,0.000956927630179516
22.0,10.0,3.0,-1.9369698159299453e-07
22.0,10.0,4.0,0.007750515496543431
22.0,10.0,5.0,0.02383770098694718
22.0,10.0,6.0,-0.0023970626725137723
22.0,10.0,7.0,0.019547158801655085
22.0,10.0,8.0,-4.997959944338937e-06
22.0,10.0,9.0,-0.0013418694269015097
22.0,10.0,10.0,0.1483817546639032
22.0,10.0,11.0,5.7858605545524355e-09
22.0,10.0,12.0,-0.002261738592252316
22.0,10.0,13.0,0.00087900953849121
22.0,10.0,14.0,-0.00016638372355166908
22.0,10.0,15.0,4.983665082142208e-06
22.0,10.0,16.0,0.024425428277602884
22.0,10.0,17.0,0.024352683865755315
22.0,10.0,18.0,0.008023437481321782
22.0,10.0,19.0,0.007031789731785365
22.0,10.0,20.0,0.0022311090611820683
22.0,10.0,21.0,-2.6572322800455517e-07
22.0,11.0,0.0,0.005435366742616687
22.0,11.0,1.0,4.821914718802778e-05
22.0,11.0,2.0,0.011726883884858097
22.0,11.0,3.0,-1.936969807325717e-07
22.0,11.0,4.0,0.000890741058289124
22.0,11.0,5.0,-0.004975537258119167
22.0,11.0,6.0,0.001979183421430525
22.0,11.0,7.0,-0.002061728809243768
22.0,11.0,8.0,-4.99795987662921e-06
22.0,11.0,9.0,0.011647570768389681
22.0,11.0,10.0,-0.0020219419597583554
22.0,11.0,11.0,0.1428571486282436
22.0,11.0,12.0,0.004458935888481647
22.0,11.0,13.0,0.0009815504495078176
22.0,11.0,14.0,0.00031723339938120876
22.0,11.0,15.0,6.183458436392897e-06
22.0,11.0,16.0,0.0021364838362167016
22.0,11.0,17.0,-0.0025518227940936333
22.0,11.0,18.0,0.027133858703052655
22.0,11.0,19.0,-0.02129036383876476
22.0,11.0,20.0,0.028685143329393314
22.0,11.0,21.0,-2.6572322439633034e-07
22.0,12.0,0.0,0.060585821245347726
22.0,12.0,1.0,0.000528222738895856
22.0,12.0,2.0,0.010693923176645359
22.0,12.0,3.0,-1.9369698112114975e-07
22.0,12.0,4.0,-0.0007311424993980409
22.0,12.0,5.0,-0.06649466567824884
22.0,12.0,6.0,0.0313976779691347
22.0,12.0,7.0,-0.03833851589513046
22.0,12.0,8.0,-4.9979599044541745e-06
22.0,12.0,9.0,-0.015218260865651173
22.0,12.0,10.0,-0.05075101760398254
22.0,12.0,11.0,5.7858605545524355e-09
22.0,12.0,12.0,0.1586543467662688
22.0,12.0,13.0,0.009924041256504423
22.0,12.0,14.0,0.004157111118251067
22.0,12.0,15.0,9.565110100262508e-05
22.0,12.0,16.0,0.002209071873243623
22.0,12.0,17.0,-0.04971031807874084
22.0,12.0,18.0,0.04032385363274141
22.0,12.0,19.0,-0.0061282998670448285
22.0,12.0,20.0,0.0060877985185007755
22.0,12.0,21.0,-2.6572322586737585e-07
22.0,13.0,0.0,-0.014763301110624849
22.0,13.0,1.0,0.007752806887945135
22.0,13.0,2.0,-0.0012306403211725936
22.0,13.0,3.0,-1.936969812738054e-07
22.0,13.0,4.0,0.002209941828673123
22.0,13.0,5.0,0.05538827988544884
22.0,13.0,6.0,-0.011053257220786677
22.0,13.0,7.0,0.04038698983566921
22.0,13.0,8.0,-4.997959917686645e-06
22.0,13.0,9.0,0.021221968022906684
22.0,13.0,10.0,0.018781014702640042
22.0,13.0,11.0,5.785860568430223e-09
22.0,13.0,12.0,-0.03083312369232212
22.0,13.0,13.0,0.14059195116899062
22.0,13.0,14.0,-0.0011560457570861937
22.0,13.0,15.0,0.001413654572087364
22.0,13.0,16.0,-0.001115206517858236
22.0,13.0,17.0,0.02437746399340887
22.0,13.0,18.0,-0.01110452716560803
22.0,13.0,19.0,0.0050023507095122155
22.0,13.0,20.0,-0.0004080584361673134
22.0,13.0,21.0,-2.657232265890208e-07
22.0,14.0,0.0,0.003359587869444236
22.0,14.0,1.0,2.8831674164842003e-05
22.0,14.0,2.0,0.0008734685776964901
22.0,14.0,3.0,-1.9369698175952799e-07
22.0,14.0,4.0,-0.019682780971739366
22.0,14.0,5.0,0.0010421431539986425
22.0,14.0,6.0,-0.004418914960777259
22.0,14.0,7.0,0.00012626548428376627
22.0,14.0,8.0,-4.997959958154274e-06
22.0,14.0,9.0,-0.0011104091804099159
22.0,14.0,10.0,0.0020408833428384177
22.0,14.0,11.0,5.785860568430223e-09
22.0,14.0,12.0,-0.007530501156297081
22.0,14.0,13.0,0.0007338595130743364
22.0,14.0,14.0,0.14436325554159335
22.0,14.0,15.0,3.7057662333750407e-06
22.0,14.0,16.0,-0.003351060548037854
22.0,14.0,17.0,-0.002003813679580524
22.0,14.0,18.0,-0.03853250091591276
22.0,14.0,19.0,0.02747515978053161
22.0,14.0,20.0,-0.004791198712205569
22.0,14.0,21.0,-2.657232287539557e-07
22.0,15.0,0.0,0.034358728166531405
22.0,15.0,1.0,0.019495583324210586
22.0,15.0,2.0,0.03170408275442971
22.0,15.0,3.0,-1.936969802746047e-07
22.0,15.0,4.0,0.0013350437361392964
22.0,15.0,5.0,-0.013090039097049894
22.0,15.0,6.0,0.021764453329972427
22.0,15.0,7.0,-0.006201069814177923
22.0,15.0,8.0,-4.997959839450616e-06
22.0,15.0,9.0,-0.008657016363220402
22.0,15.0,10.0,-0.003143232527995421
22.0,15.0,11.0,5.7858605545524355e-09
22.0,15.0,12.0,0.0022046575342370422
22.0,15.0,13.0,0.005636927434816724
22.0,15.0,14.0,0.0022488894917184477
22.0,15.0,15.0,0.1464314814293321
22.0,15.0,16.0,-0.0023702087271614825
22.0,15.0,17.0,-0.008757099671239041
22.0,15.0,18.0,0.0034045819298355595
22.0,15.0,19.0,-0.003728576513545079
22.0,15.0,20.0,0.002402411008887051
22.0,15.0,21.0,-2.6572322242568447e-07
22.0,16.0,0.0,0.036719564071082345
22.0,16.0,1.0,0.00032049070919884515
22.0,16.0,2.0,0.006401896417983
22.0,16.0,3.0,-1.9369698189830586e-07
22.0,16.0,4.0,0.033170721244269064
22.0,16.0,5.0,-0.01049338736795491
22.0,16.0,6.0,0.009110658776160546
22.0,16.0,7.0,-0.006423289168510565
22.0,16.0,8.0,-4.997959970498567e-06
22.0,16.0,9.0,-0.009174424197923456
22.0,16.0,10.0,-0.0052066843177127065
22.0,16.0,11.0,5.785860568430223e-09
22.0,16.0,12.0,0.013265295560257545
22.0,16.0,13.0,0.00596996965840052
22.0,16.0,14.0,0.000415599174174594
22.0,16.0,15.0,5.6329577357405736e-05
22.0,16.0,16.0,0.14459242890120072
22.0,16.0,17.0,-0.0058443747971288484
22.0,16.0,18.0,0.06362731611180719
22.0,16.0,19.0,0.03843004917456594
22.0,16.0,20.0,0.010978934723857359
22.0,16.0,21.0,-2.6572322939233395e-07
22.0,17.0,0.0,0.03148712567468859
22.0,17.0,1.0,0.00027173463362545336
22.0,17.0,2.0,0.005638106611848992
22.0,17.0,3.0,-1.9369697802640307e-07
22.0,17.0,4.0,-0.02123536564257411
22.0,17.0,5.0,-0.039282474583074795
22.0,17.0,6.0,0.002758465358324136
22.0,17.0,7.0,-0.03363515705607906
22.0,17.0,8.0,-4.997959655264617e-06
22.0,17.0,9.0,-0.007958054219081523
22.0,17.0,10.0,-0.008899058200307064
22.0,17.0,11.0,5.785860540674648e-09
22.0,17.0,12.0,0.0035911542220813664
22.0,17.0,13.0,0.00518821179774509
22.0,17.0,14.0,0.003478397616271514
22.0,17.0,15.0,4.8699441633687224e-05
22.0,17.0,16.0,-0.002587021229270847
22.0,17.0,17.0,-0.13078260362813054
22.0,17.0,18.0,-0.0013400125084555292
22.0,17.0,19.0,-0.009063203865968927
22.0,17.0,20.0,-0.0012705934067636648
22.0,17.0,21.0,-2.657232126279663e-07
22.0,18.0,0.0,0.01471444381107656
22.0,18.0,1.0,0.00012056184343800513
22.0,18.0,2.0,0.0025013398565980616
22.0,18.0,3.0,-1.9369698069093833e-07
22.0,18.0,4.0,0.010262507889398031
22.0,18.0,5.0,-0.010058691938546194
22.0,18.0,6.0,0.005987147877147991
22.0,18.0,7.0,-0.005832597568835168
22.0,18.0,8.0,-4.997959868649482e-06
22.0,18.0,9.0,-0.003523523310370036
22.0,18.0,10.0,-0.00735099600718353
22.0,18.0,11.0,5.785860568430223e-09
22.0,18.0,12.0,0.022240850392322264
22.0,18.0,13.0,0.0022886956837545602
22.0,18.0,14.0,0.0003818597589337891
22.0,18.0,15.0,2.0687747121744815e-05
22.0,18.0,16.0,0.0009687334271736292
22.0,18.0,17.0,-0.006793574126559815
22.0,18.0,18.0,0.15069501303607233
22.0,18.0,19.0,-0.0001779832129671921
22.0,18.0,20.0,0.011985852513869688
22.0,18.0,21.0,-2.657232239799967e-07
22.0,19.0,0.0,0.03149077935100808
22.0,19.0,1.0,0.00027496959605816107
22.0,19.0,2.0,0.005382723029365433
22.0,19.0,3.0,-1.9369698205096153e-07
22.0,19.0,4.0,0.027596731189605594
22.0,19.0,5.0,-0.006672558565098685
22.0,19.0,6.0,0.006351117875339984
22.0,19.0,7.0,-0.004213251470471385
22.0,19.0,8.0,-4.997959983668587e-06
22.0,19.0,9.0,-0.007780726862664955
22.0,19.0,10.0,-0.0024143873886615097
22.0,19.0,11.0,5.785860568430223e-09
22.0,19.0,12.0,0.004621648064341705
22.0,19.0,13.0,0.0050558047836793685
22.0,19.0,14.0,0.00039884841869275434
22.0,19.0,15.0,4.730208306738537e-05
22.0,19.0,16.0,0.0010077568190364483
22.0,19.0,17.0,-0.0035414931931843363
22.0,19.0,18.0,0.007011537292335446
22.0,19.0,19.0,0.14380989948169076
22.0,19.0,20.0,0.005950918709921038
22.0,19.0,21.0,-2.6572323008622334e-07
22.0,20.0,0.0,0.016536473827471254
22.0,20.0,1.0,0.00014546845657362195
22.0,20.0,2.0,0.0029585420808196927
22.0,20.0,3.0,-1.9369698170401684e-07
22.0,20.0,4.0,-0.0024384624325546334
22.0,20.0,5.0,-0.0033514237616475706
22.0,20.0,6.0,0.00018036861762571466
22.0,20.0,7.0,-0.0023846446369795438
22.0,20.0,8.0,-4.997959954657072e-06
22.0,20.0,9.0,-0.004229030813700241
22.0,20.0,10.0,-0.0005958045875762985
22.0,20.0,11.0,5.785860568430223e-09
22.0,20.0,12.0,-0.00013649657033557028
22.0,20.0,13.0,0.002753820886026853
22.0,20.0,14.0,0.0012689459436579648
22.0,20.0,15.0,2.3919771166086568e-05
22.0,20.0,16.0,-0.0018430040433214667
22.0,20.0,17.0,-0.0038198277423935056
22.0,20.0,18.0,-0.0010777850841892644
22.0,20.0,19.0,-0.0032070807238422927
22.0,20.0,20.0,0.14351559768328492
22.0,20.0,21.0,-2.657232285596667e-07
22.0,21.0,0.0,0.007602638152714225
22.0,21.0,1.0,7.291707042997309e-05
22.0,21.0,2.0,0.0015240113883837059
22.0,21.0,3.0,-1.936969806076716e-07
22.0,21.0,4.0,-0.00203423557763327
22.0,21.0,5.0,-0.0017482361038749228
22.0,21.0,6.0,0.00030675306618463405
22.0,21.0,7.0,-0.00123057464325535
22.0,21.0,8.0,-4.9979598610305764e-06
22.0,21.0,9.0,-0.0021887840184244
22.0,21.0,10.0,-0.00023103382832090347
22.0,21.0,11.0,5.7858605545524355e-09
22.0,21.0,12.0,-8.192240000509665e-06
22.0,21.0,13.0,0.0014311729236044235
22.0,21.0,14.0,0.0006226262518105319
22.0,21.0,15.0,9.763990856392901e-06
22.0,21.0,16.0,-0.0008099918711410581
22.0,21.0,17.0,-0.0018639766505023636
22.0,21.0,18.0,-0.0004914876962801018
22.0,21.0,19.0,-0.001081694324981508
22.0,21.0,20.0,0.0007208595880826008
22.0,21.0,21.0,0.1428565872739876
23.0,0.0,0.0,-0.15187628950198045
23.0,0.0,1.0,-0.0023921037255537902
23.0,0.0,2.0,-0.02002822036823601
23.0,0.0,3.0,-1.9331271712552667e-07
23.0,0.0,4.0,0.014639039468930914
23.0,0.0,5.0,0.024765084466267406
23.0,0.0,6.0,0.0013459964541366054
23.0,0.0,7.0,0.011952478458028326
23.0,0.0,8.0,-4.957398927779577e-06
23.0,0.0,9.0,0.02950141249054017
23.0,0.0,10.0,0.0011557687572115172
23.0,0.0,11.0,5.669098759875091e-09
23.0,0.0,12.0,0.0011187863115896535
23.0,0.0,13.0,-0.02920735843734823
23.0,0.0,14.0,0.0016381844845950733
23.0,0.0,15.0,-0.0004472606333974505
23.0,0.0,16.0,-0.004270507138015356
23.0,0.0,17.0,0.04116972480274335
23.0,0.0,18.0,-0.002177473888435255
23.0,0.0,19.0,0.022599711573488446
23.0,0.0,20.0,-0.026781622326959853
23.0,0.0,21.0,-1.87761182912638e-06
23.0,1.0,0.0,0.0420460442242544
23.0,1.0,1.0,0.1497838139983621
23.0,1.0,2.0,0.0336461614791832
23.0,1.0,3.0,-1.9331271554345886e-07
23.0,1.0,4.0,-0.001778120794386051
23.0,1.0,5.0,-0.013632803647142228
23.0,1.0,6.0,0.006284166397498875
23.0,1.0,7.0,-0.004713698392704357
23.0,1.0,8.0,-4.957398796842649e-06
23.0,1.0,9.0,-0.008058664535239346
23.0,1.0,10.0,-0.0009759774803284049
23.0,1.0,11.0,5.669098745997303e-09
23.0,1.0,12.0,0.0012882006706826654
23.0,1.0,13.0,0.007982963053468128
23.0,1.0,14.0,-0.0031481275321557246
23.0,1.0,15.0,0.02784309900182197
23.0,1.0,16.0,0.002215822303241799
23.0,1.0,17.0,-0.012690738047065664
23.0,1.0,18.0,0.003604546510133852
23.0,1.0,19.0,-0.005261807431561294
23.0,1.0,20.0,0.007298793653082447
23.0,1.0,21.0,-1.8776117795549219e-06
23.0,2.0,0.0,0.03066505735341396
23.0,2.0,1.0,0.0004778526602871036
23.0,2.0,2.0,0.14691368321150483
23.0,2.0,3.0,-1.9331271702838215e-07
23.0,2.0,4.0,-0.0005629834561710623
23.0,2.0,5.0,-0.038572071096103805
23.0,2.0,6.0,0.005070504066018416
23.0,2.0,7.0,-0.009774257663319907
23.0,2.0,8.0,-4.957398920403533e-06
23.0,2.0,9.0,-0.006022245095145151
23.0,2.0,10.0,-0.0033086534656165956
23.0,2.0,11.0,5.669098759875091e-09
23.0,2.0,12.0,0.006492344146124665
23.0,2.0,13.0,0.005964537261931219
23.0,2.0,14.0,-0.0029453874141909774
23.0,2.0,15.0,8.959677413647449e-05
23.0,2.0,16.0,0.0055561596383451595
23.0,2.0,17.0,-0.015404763574044217
23.0,2.0,18.0,0.007073719611303056
23.0,2.0,19.0,-0.0030763321618323958
23.0,2.0,20.0,0.006808721275272045
23.0,2.0,21.0,-1.8776118263508224e-06
23.0,3.0,0.0,0.026593469556443594
23.0,3.0,1.0,0.00040863130731971786
23.0,3.0,2.0,0.0036758868972636694
23.0,3.0,3.0,0.14285694953804784
23.0,3.0,4.0,0.01723322877222394
23.0,3.0,5.0,-0.004668255809270189
23.0,3.0,6.0,0.0036087881191805005
23.0,3.0,7.0,-0.0025265827104628547
23.0,3.0,8.0,-4.957398797807155e-06
23.0,3.0,9.0,-0.00534266734966779
23.0,3.0,10.0,-0.0005816365395079903
23.0,3.0,11.0,5.669098745997303e-09
23.0,3.0,12.0,0.0017554610629410133
23.0,3.0,13.0,0.005283575282702735
23.0,3.0,14.0,-0.004874373688954471
23.0,3.0,15.0,7.939061180320395e-05
23.0,3.0,16.0,0.0024710444471539583
23.0,3.0,17.0,-0.006648527746476854
23.0,3.0,18.0,0.0030598573098971626
23.0,3.0,19.0,0.02261267572562753
23.0,3.0,20.0,0.01802944195182571
23.0,3.0,21.0,-1.8776117799712555e-06
23.0,4.0,0.0,0.017465037934864203
23.0,4.0,1.0,0.0002662592356982296
23.0,4.0,2.0,0.0024756458424801675
23.0,4.0,3.0,-1.933127179998273e-07
23.0,4.0,4.0,0.1579686957662952
23.0,4.0,5.0,-0.005350911201631198
23.0,4.0,6.0,0.03044313581718136
23.0,4.0,7.0,-0.0037574226900076724
23.0,4.0,8.0,-4.957399004489049e-06
23.0,4.0,9.0,-0.0035804498741806856
23.0,4.0,10.0,-0.003066151779239301
23.0,4.0,11.0,5.669098759875091e-09
23.0,4.0,12.0,0.015123991894134547
23.0,4.0,13.0,0.0035353489739670674
23.0,4.0,14.0,-0.011414425936583747
23.0,4.0,15.0,5.2551362750785646e-05
23.0,4.0,16.0,0.013707991860878121
23.0,4.0,17.0,0.0007305765434782036
23.0,4.0,18.0,0.017231957531200756
23.0,4.0,19.0,0.02903389694232633
23.0,4.0,20.0,0.024534317983861853
23.0,4.0,21.0,-1.8776118582142232e-06
23.0,5.0,0.0,0.05204757301143337
23.0,5.0,1.0,0.000814230558259188
23.0,5.0,2.0,0.006916330391195991
23.0,5.0,3.0,-1.9331270520450694e-07
23.0,5.0,4.0,0.004860811591999414
23.0,5.0,5.0,-0.1790024862591965
23.0,5.0,6.0,0.026157419178484936
23.0,5.0,7.0,-0.0411437812355443
23.0,5.0,8.0,-4.95739803437617e-06
23.0,5.0,9.0,-0.010153719708162201
23.0,5.0,10.0,-0.015943369557605253
23.0,5.0,11.0,5.66909870436394e-09
23.0,5.0,12.0,0.033358420519940354
23.0,5.0,13.0,0.010062954471390384
23.0,5.0,14.0,-0.00421285754705496
23.0,5.0,15.0,0.00015186665723609938
23.0,5.0,16.0,0.024967321148911814
23.0,5.0,17.0,-0.049718369212187016
23.0,5.0,18.0,0.03240924957676784
23.0,5.0,19.0,-0.0005853141449899124
23.0,5.0,20.0,0.014262839422325702
23.0,5.0,21.0,-1.8776114907859132e-06
23.0,6.0,0.0,0.041424313281634206
23.0,6.0,1.0,0.0006481749193792963
23.0,6.0,2.0,0.005501019381315808
23.0,6.0,3.0,-1.9331271734757127e-07
23.0,6.0,4.0,0.029751221461546185
23.0,6.0,5.0,-0.00803218089803992
23.0,6.0,6.0,0.14924069393972347
23.0,6.0,7.0,-0.004398738582243378
23.0,6.0,8.0,-4.957398946826841e-06
23.0,6.0,9.0,-0.008078079905660673
23.0,6.0,10.0,-0.0013645693154392124
23.0,6.0,11.0,5.669098759875091e-09
23.0,6.0,12.0,0.005019940141023541
23.0,6.0,13.0,0.008004699920084984
23.0,6.0,14.0,-0.006487975690730345
23.0,6.0,15.0,0.00012067396416787224
23.0,6.0,16.0,0.004515353462950844
23.0,6.0,17.0,-0.010736201417555158
23.0,6.0,18.0,0.03501005237309825
23.0,6.0,19.0,0.008856861946419825
23.0,6.0,20.0,0.015440069661390166
23.0,6.0,21.0,-1.8776118363705852e-06
23.0,7.0,0.0,0.03320037825737454
23.0,7.0,1.0,0.0005195696704958508
23.0,7.0,2.0,0.0044111588467843355
23.0,7.0,3.0,-1.9331270982581028e-07
23.0,7.0,4.0,-0.002832449565845052
23.0,7.0,5.0,-0.06477761531987505
23.0,7.0,6.0,0.008411507045691796
23.0,7.0,7.0,-0.16226432893416332
23.0,7.0,8.0,-4.95739835802006e-06
23.0,7.0,9.0,-0.006482738559169504
23.0,7.0,10.0,-0.005622884035304365
23.0,7.0,11.0,5.669098718241727e-09
23.0,7.0,12.0,0.01124798606749805
23.0,7.0,13.0,0.006420106837559697
23.0,7.0,14.0,-0.002746085973341533
23.0,7.0,15.0,9.6342828616508e-05
23.0,7.0,16.0,0.008891517022911188
23.0,7.0,17.0,-0.04314567503655861
23.0,7.0,18.0,0.01144478020910826
23.0,7.0,19.0,-0.003063135848318743
23.0,7.0,20.0,0.007293100315789169
23.0,7.0,21.0,-1.8776116133822907e-06
23.0,8.0,0.0,0.03336923502067568
23.0,8.0,1.0,0.022160635203059026
23.0,8.0,2.0,0.009259420773172655
23.0,8.0,3.0,-1.9331271577938125e-07
23.0,8.0,4.0,0.009624736047639304
23.0,8.0,5.0,-0.014425873331629507
23.0,8.0,6.0,0.0312906635574369
23.0,8.0,7.0,-0.009651752130051927
23.0,8.0,8.0,0.14285218512407505
23.0,8.0,9.0,0.022516080309294
23.0,8.0,10.0,-0.0026589037776773017
23.0,8.0,11.0,5.669098759875091e-09
23.0,8.0,12.0,0.02586563954394544
23.0,8.0,13.0,0.006612399917901607
23.0,8.0,14.0,-0.004176942902040784
23.0,8.0,15.0,0.021129895015492034
23.0,8.0,16.0,0.011427217765884734
23.0,8.0,17.0,-0.015759724695370944
23.0,8.0,18.0,0.013342349602035938
23.0,8.0,19.0,0.010175635920157244
23.0,8.0,20.0,0.009861113663808818
23.0,8.0,21.0,0.03782173578492071
23.0,9.0,0.0,0.03333874229178391
23.0,9.0,1.0,0.000517284615611957
23.0,9.0,2.0,0.00452279036497627
23.0,9.0,3.0,-1.9331271690348206e-07
23.0,9.0,4.0,0.02157021259044517
23.0,9.0,5.0,-0.005902594691169938
23.0,9.0,6.0,0.013000681725494123
23.0,9.0,7.0,-0.003133352329367567
23.0,9.0,8.0,-4.95739891364505e-06
23.0,9.0,9.0,0.13622322084646948
23.0,9.0,10.0,-0.0007528927668221663
23.0,9.0,11.0,5.669098759875091e-09
23.0,9.0,12.0,0.0023266671129357347
23.0,9.0,13.0,0.0065400245417771286
23.0,9.0,14.0,-0.005511842025749065
23.0,9.0,15.0,9.839613772263944e-05
23.0,9.0,16.0,0.013835567777774005
23.0,9.0,17.0,-0.008317327386261147
23.0,9.0,18.0,0.005868129741289987
23.0,9.0,19.0,0.04800120282408471
23.0,9.0,20.0,0.010011221520650426
23.0,9.0,21.0,-1.877611823825065e-06
23.0,10.0,0.0,0.009705205767983838
23.0,10.0,1.0,0.00014685468255687395
23.0,10.0,2.0,0.001392637921585116
23.0,10.0,3.0,-1.9331271661204852e-07
23.0,10.0,4.0,0.0067454700750156915
23.0,10.0,5.0,0.061561389486614826
23.0,10.0,6.0,-0.007794955216286259
23.0,10.0,7.0,0.04811081601318451
23.0,10.0,8.0,-4.95739888504293e-06
23.0,10.0,9.0,-0.0020099465702782815
23.0,10.0,10.0,0.14836662411670093
23.0,10.0,11.0,5.669098759875091e-09
23.0,10.0,12.0,-0.011429347381951893
23.0,10.0,13.0,0.001982024949173017
23.0,10.0,14.0,-0.003189247816166519
23.0,10.0,15.0,2.879269216282676e-05
23.0,10.0,16.0,0.0170879289152025
23.0,10.0,17.0,0.053651051907839656
23.0,10.0,18.0,-0.00894845289836621
23.0,10.0,19.0,0.0022629865827201168
23.0,10.0,20.0,0.001997327700629048
23.0,10.0,21.0,-1.877611812972635e-06
23.0,11.0,0.0,0.015431115674852336
23.0,11.0,1.0,0.00024308932261601912
23.0,11.0,2.0,0.020753073863665317
23.0,11.0,3.0,-1.9331271677858197e-07
23.0,11.0,4.0,0.025963231977862156
23.0,11.0,5.0,-0.008009683500038667
23.0,11.0,6.0,0.007652268104118148
23.0,11.0,7.0,-0.0030807897880941737
23.0,11.0,8.0,-4.9573989011411634e-06
23.0,11.0,9.0,0.02464503620014616
23.0,11.0,10.0,-0.0013959039257583905
23.0,11.0,11.0,0.1428571485217582
23.0,11.0,12.0,0.0052050321565949575
23.0,11.0,13.0,0.0029201316510637787
23.0,11.0,14.0,-0.0054259556124446676
23.0,11.0,15.0,4.299553914474674e-05
23.0,11.0,16.0,0.005813087772919112
23.0,11.0,17.0,-0.0047128371403115515
23.0,11.0,18.0,0.0311789093824371
23.0,11.0,19.0,-0.013290944304694852
23.0,11.0,20.0,0.037286353595187616
23.0,11.0,21.0,-1.877611819051106e-06
23.0,12.0,0.0,0.04286226233455814
23.0,12.0,1.0,0.0006693902532748652
23.0,12.0,2.0,0.005713579945373637
23.0,12.0,3.0,-1.9331271568223674e-07
23.0,12.0,4.0,0.007834978171258111
23.0,12.0,5.0,-0.06280551972027987
23.0,12.0,6.0,0.027290113482888928
23.0,12.0,7.0,-0.049824814729512557
23.0,12.0,8.0,-4.957398810276348e-06
23.0,12.0,9.0,-0.00838118778733854
23.0,12.0,10.0,-0.03206219436442742
23.0,12.0,11.0,5.669098745997303e-09
23.0,12.0,12.0,0.15606165079596268
23.0,12.0,13.0,0.008304364105168716
23.0,12.0,14.0,-0.004298676765351693
23.0,12.0,15.0,0.00012513155676530108
23.0,12.0,16.0,0.04376201047353501
23.0,12.0,17.0,-0.06010901204371582
23.0,12.0,18.0,0.03802170227158787
23.0,12.0,19.0,0.004386984556039197
23.0,12.0,20.0,0.013614812873580018
23.0,12.0,21.0,-1.8776117846619478e-06
23.0,13.0,0.0,0.018848261426200885
23.0,13.0,1.0,0.012031728733288866
23.0,13.0,2.0,0.004690904028517684
23.0,13.0,3.0,-1.933127177777827e-07
23.0,13.0,4.0,0.0008212477936432316
23.0,13.0,5.0,0.03874102605589119
23.0,13.0,6.0,-0.006387080820389274
23.0,13.0,7.0,0.04767079578252709
23.0,13.0,8.0,-4.957398983818084e-06
23.0,13.0,9.0,0.023665358578498663
23.0,13.0,10.0,0.007653284968230811
23.0,13.0,11.0,5.669098773752879e-09
23.0,13.0,12.0,-0.030097798324925207
23.0,13.0,13.0,0.14632754212028481
23.0,13.0,14.0,-0.0027553109727115263
23.0,13.0,15.0,0.0022319411987123394
23.0,13.0,16.0,-0.008034570942616281
23.0,13.0,17.0,0.014781136548833854
23.0,13.0,18.0,-0.009878102154859097
23.0,13.0,19.0,0.004520629113626773
23.0,13.0,20.0,0.0025343071547082596
23.0,13.0,21.0,-1.8776118504149064e-06
23.0,14.0,0.0,0.000951879090673069
23.0,14.0,1.0,1.0871652133315202e-05
23.0,14.0,2.0,0.0001960662110512823
23.0,14.0,3.0,-1.9331270961764346e-07
23.0,14.0,4.0,0.002642599981122762
23.0,14.0,5.0,-0.0002581650823842152
23.0,14.0,6.0,0.0005625498900456716
23.0,14.0,7.0,-0.00021740206803194662
23.0,14.0,8.0,-4.9573983465917015e-06
23.0,14.0,9.0,-0.0002654178570139776
23.0,14.0,10.0,-9.122797168759078e-05
23.0,14.0,11.0,5.669098732119515e-09
23.0,14.0,12.0,0.0004055896199366693
23.0,14.0,13.0,0.000254871093646164
23.0,14.0,14.0,-0.011760180731723123
23.0,14.0,15.0,2.4640270149256516e-06
23.0,14.0,16.0,0.0003276511951313399
23.0,14.0,17.0,-0.0002686209730908551
23.0,14.0,18.0,0.002252294269360494
23.0,14.0,19.0,0.00038090760240788724
23.0,14.0,20.0,0.0010830519604937972
23.0,14.0,21.0,-1.8776116090524209e-06
23.0,15.0,0.0,0.055845143604115854
23.0,15.0,1.0,0.03413746961217645
23.0,15.0,2.0,0.018319100942764954
23.0,15.0,3.0,-1.9331271472466938e-07
23.0,15.0,4.0,0.0019115662238232134
23.0,15.0,5.0,-0.012008352609551631
23.0,15.0,6.0,0.02977067068892328
23.0,15.0,7.0,-0.005201212523121945
23.0,15.0,8.0,-4.957398728251683e-06
23.0,15.0,9.0,-0.010882916374598262
23.0,15.0,10.0,-0.0008785741953197812
23.0,15.0,11.0,5.669098745997303e-09
23.0,15.0,12.0,0.0012446145263189656
23.0,15.0,13.0,0.010785874640910187
23.0,15.0,14.0,-0.0040303569233587425
23.0,15.0,15.0,0.14919180583112815
23.0,15.0,16.0,0.002648455720539289
23.0,15.0,17.0,-0.015593109282133866
23.0,15.0,18.0,0.008568997976312276
23.0,15.0,19.0,-0.00501305500568755
23.0,15.0,20.0,0.011449535584582504
23.0,15.0,21.0,-1.877611753575703e-06
23.0,16.0,0.0,0.03610284245470541
23.0,16.0,1.0,0.0005598257024951314
23.0,16.0,2.0,0.004900264242567509
23.0,16.0,3.0,-1.9331271680633755e-07
23.0,16.0,4.0,0.018803661251851733
23.0,16.0,5.0,-0.006378033998734239
23.0,16.0,6.0,0.004040366204440676
23.0,16.0,7.0,-0.0033805428597736276
23.0,16.0,8.0,-4.9573989014672915e-06
23.0,16.0,9.0,-0.007153203385864726
23.0,16.0,10.0,-0.0007645859912314701
23.0,16.0,11.0,5.669098759875091e-09
23.0,16.0,12.0,0.002245906151560048
23.0,16.0,13.0,0.007083952187727005
23.0,16.0,14.0,-0.005324380595957169
23.0,16.0,15.0,0.0001067574564796725
23.0,16.0,16.0,0.14589489825209956
23.0,16.0,17.0,-0.009219480450880488
23.0,16.0,18.0,0.008251128555558512
23.0,16.0,19.0,0.02301259508842346
23.0,16.0,20.0,0.010538515881457378
23.0,16.0,21.0,-1.8776118192176394e-06
23.0,17.0,0.0,0.007832490311095341
23.0,17.0,1.0,0.00011439566068324747
23.0,17.0,2.0,0.0011990664072422663
23.0,17.0,3.0,-1.9331271582101461e-07
23.0,17.0,4.0,-0.01156830146063631
23.0,17.0,5.0,-0.02669558242931111
23.0,17.0,6.0,0.001627032701661285
23.0,17.0,7.0,-0.020351766433024582
23.0,17.0,8.0,-4.957398819852021e-06
23.0,17.0,9.0,-0.001704330606006249
23.0,17.0,10.0,-0.002179035399302587
23.0,17.0,11.0,5.669098759875091e-09
23.0,17.0,12.0,0.0038746026872044925
23.0,17.0,13.0,0.0016730341118279257
23.0,17.0,14.0,-0.0007276626270256107
23.0,17.0,15.0,2.4288514913067827e-05
23.0,17.0,16.0,0.0028218707739915416
23.0,17.0,17.0,-0.08703079314587377
23.0,17.0,18.0,0.0037829859654583547
23.0,17.0,19.0,-0.00255051891614988
23.0,17.0,20.0,0.001340633621491616
23.0,17.0,21.0,-1.8776117882979282e-06
23.0,18.0,0.0,0.028673187593125538
23.0,18.0,1.0,0.00044773534609843235
23.0,18.0,2.0,0.003827772090280235
23.0,18.0,3.0,-1.933127158487702e-07
23.0,18.0,4.0,0.03281546618790754
23.0,18.0,5.0,-0.00880792942809544
23.0,18.0,6.0,0.008177446315590337
23.0,18.0,7.0,-0.005767819151929587
23.0,18.0,8.0,-4.957398824993742e-06
23.0,18.0,9.0,-0.005615440637066954
23.0,18.0,10.0,-0.0028929418929315998
23.0,18.0,11.0,5.669098745997303e-09
23.0,18.0,12.0,0.013128641251050358
23.0,18.0,13.0,0.005562394611430904
23.0,18.0,14.0,-0.0064568918533000185
23.0,18.0,15.0,8.333093218190757e-05
23.0,18.0,16.0,0.006412289562919116
23.0,18.0,17.0,-0.009725311575755055
23.0,18.0,18.0,0.14996642072422361
23.0,18.0,19.0,0.003284948117772968
23.0,18.0,20.0,0.02681381104174735
23.0,18.0,21.0,-1.877611790268574e-06
23.0,19.0,0.0,0.019313642499362405
23.0,19.0,1.0,0.0003009431948376995
23.0,19.0,2.0,0.0025793050740378076
23.0,19.0,3.0,-1.9331271694511543e-07
23.0,19.0,4.0,0.02213745032866965
23.0,19.0,5.0,-0.0035366008456184372
23.0,19.0,6.0,0.004417926866094379
23.0,19.0,7.0,-0.001900256919563359
23.0,19.0,8.0,-4.957398914644251e-06
23.0,19.0,9.0,-0.003783787732951044
23.0,19.0,10.0,-0.0005988015987659079
23.0,19.0,11.0,5.669098773752879e-09
23.0,19.0,12.0,0.002191670001361626
23.0,19.0,13.0,0.00374681122685408
23.0,19.0,14.0,-0.005207662450460287
23.0,19.0,15.0,5.5663982183290495e-05
23.0,19.0,16.0,0.0025393432952595663
23.0,19.0,17.0,-0.0044315002316686475
23.0,19.0,18.0,0.003405189897446856
23.0,19.0,19.0,0.1446807352721567
23.0,19.0,20.0,0.006724347301477307
23.0,19.0,21.0,-1.8776118241858875e-06
23.0,20.0,0.0,0.003871930773546195
23.0,20.0,1.0,6.667857991635162e-05
23.0,20.0,2.0,0.0003900744337959061
23.0,20.0,3.0,-1.9331271540468098e-07
23.0,20.0,4.0,0.00019963204678097313
23.0,20.0,5.0,-0.0006653487449072848
23.0,20.0,6.0,5.7129044400666684e-05
23.0,20.0,7.0,-0.00022198732193984272
23.0,20.0,8.0,-4.957398786309408e-06
23.0,20.0,9.0,-0.0006257101590774472
23.0,20.0,10.0,-4.2979942826260054e-05
23.0,20.0,11.0,5.669098759875091e-09
23.0,20.0,12.0,5.2224053290930716e-05
23.0,20.0,13.0,0.0006303612737170172
23.0,20.0,14.0,-0.0021395513341486636
23.0,20.0,15.0,7.729083909974177e-06
23.0,20.0,16.0,0.00010883832080643696
23.0,20.0,17.0,-0.0009555406877548023
23.0,20.0,18.0,0.0005020067143260837
23.0,20.0,19.0,-0.0004164839944005849
23.0,20.0,20.0,0.14336195804995672
23.0,20.0,21.0,-1.8776117755858746e-06
23.0,21.0,0.0,0.010204884617742382
23.0,21.0,1.0,0.0001601606575859782
23.0,21.0,2.0,0.0013412377900202666
23.0,21.0,3.0,-1.9331271598754807e-07
23.0,21.0,4.0,-0.00043488139028524664
23.0,21.0,5.0,-0.0016940003601362552
23.0,21.0,6.0,2.6667882644326735e-05
23.0,21.0,7.0,-0.0008193823887401308
23.0,21.0,8.0,-4.957398833362048e-06
23.0,21.0,9.0,-0.0019794568929570044
23.0,21.0,10.0,-9.637818566687884e-05
23.0,21.0,11.0,5.669098759875091e-09
23.0,21.0,12.0,1.581211531893889e-05
23.0,21.0,13.0,0.0019608305696179884
23.0,21.0,14.0,-0.002286113551938156
23.0,21.0,15.0,2.831256191324072e-05
23.0,21.0,16.0,0.0003426900702532265
23.0,21.0,17.0,-0.0027590736967915835
23.0,21.0,18.0,0.0006116179221872936
23.0,21.0,19.0,-0.001399788368088295
23.0,21.0,20.0,0.0018784717929456463
23.0,21.0,21.0,0.14285507656947122
24.0,0.0,0.0,-0.1409735662124022
24.0,0.0,1.0,-0.0014676987905882788
24.0,0.0,2.0,-0.010490423918051411
24.0,0.0,3.0,-1.941646671221875e-07
24.0,0.0,4.0,-0.00443524537658746
24.0,0.0,5.0,0.02313526126684573
24.0,0.0,6.0,-0.0023411282754396967
24.0,0.0,7.0,0.009211149090755544
24.0,0.0,8.0,-4.964935148517313e-06
24.0,0.0,9.0,0.025331667584090306
24.0,0.0,10.0,0.003019506082143464
24.0,0.0,11.0,5.824408080834509e-09
24.0,0.0,12.0,-0.005387376968881724
24.0,0.0,13.0,-0.00605037392091845
24.0,0.0,14.0,-0.0009259686434519993
24.0,0.0,15.0,-0.00027506393270415597
24.0,0.0,16.0,-0.0011122606848626981
24.0,0.0,17.0,0.011766151220184845
24.0,0.0,18.0,-0.0016077559772807587
24.0,0.0,19.0,0.03544507941188155
24.0,0.0,20.0,-0.012270762330704843
24.0,0.0,21.0,-1.4341460144173812e-06
24.0,1.0,0.0,0.0322138689165824
24.0,1.0,1.0,0.146450032256257
24.0,1.0,2.0,0.015736818707095312
24.0,1.0,3.0,-1.9416466866262194e-07
24.0,1.0,4.0,0.0020708850841497095
24.0,1.0,5.0,-0.00982908415805625
24.0,1.0,6.0,0.004954639290970342
24.0,1.0,7.0,-0.0037140263782113325
24.0,1.0,8.0,-4.964935266721371e-06
24.0,1.0,9.0,-0.005727131992344342
24.0,1.0,10.0,-0.0013723611286379223
24.0,1.0,11.0,5.824408094712297e-09
24.0,1.0,12.0,0.002288253084210795
24.0,1.0,13.0,0.0013688037973356715
24.0,1.0,14.0,7.32451432326614e-05
24.0,1.0,15.0,0.027207273786343716
24.0,1.0,16.0,0.000513331683820395
24.0,1.0,17.0,-0.003411342848348431
24.0,1.0,18.0,0.0010821670899487101
24.0,1.0,19.0,-0.007006752867406707
24.0,1.0,20.0,0.002955786378001257
24.0,1.0,21.0,-1.4341460485567392e-06
24.0,2.0,0.0,0.042324410168593896
24.0,2.0,1.0,0.0004366963643147037
24.0,2.0,2.0,0.14604245068284608
24.0,2.0,3.0,-1.9416466526256393e-07
24.0,2.0,4.0,0.00351623605841328
24.0,2.0,5.0,-0.05597858400356115
24.0,2.0,6.0,0.005662549291289787
24.0,2.0,7.0,-0.02006029384917246
24.0,2.0,8.0,-4.964935008101856e-06
24.0,2.0,9.0,-0.007557525424034345
24.0,2.0,10.0,-0.007580924002343115
24.0,2.0,11.0,5.824408080834509e-09
24.0,2.0,12.0,0.013282126892758067
24.0,2.0,13.0,0.0018055830601017842
24.0,2.0,14.0,-4.7542936108820044e-05
24.0,2.0,15.0,7.906371883983909e-05
24.0,2.0,16.0,0.00730877873065594
24.0,2.0,17.0,-0.01043857591597061
24.0,2.0,18.0,0.005054494895281925
24.0,2.0,19.0,-0.008498638664641817
24.0,2.0,20.0,0.0044396804975535
24.0,2.0,21.0,-1.4341459738942408e-06
24.0,3.0,0.0,0.037897171696495646
24.0,3.0,1.0,0.00039113371170992894
24.0,3.0,2.0,0.0027557053186622604
24.0,3.0,3.0,0.142856948675388
24.0,3.0,4.0,0.026364360035895706
24.0,3.0,5.0,-0.0061489410976235115
24.0,3.0,6.0,0.005136743475126215
24.0,3.0,7.0,-0.0024590129033168484
24.0,3.0,8.0,-4.964935216698885e-06
24.0,3.0,9.0,-0.006701890319198878
24.0,3.0,10.0,-0.0016396321516481405
24.0,3.0,11.0,5.824408094712297e-09
24.0,3.0,12.0,0.005673400392395889
24.0,3.0,13.0,0.001602830414710807
24.0,3.0,14.0,-0.003500543252973519
24.0,3.0,15.0,6.982267419405885e-05
24.0,3.0,16.0,0.00536913699228464
24.0,3.0,17.0,0.0006863395472646028
24.0,3.0,18.0,0.002584489268085799
24.0,3.0,19.0,0.013110372742986515
24.0,3.0,20.0,0.026377627664053938
24.0,3.0,21.0,-1.4341460340960843e-06
24.0,4.0,0.0,0.029040557851867543
24.0,4.0,1.0,0.0002988119827439517
24.0,4.0,2.0,0.0021242857751989086
24.0,4.0,3.0,-1.941646702030564e-07
24.0,4.0,4.0,0.16336836888030182
24.0,4.0,5.0,-0.0048649964074872765
24.0,4.0,6.0,0.03338574401765948
24.0,4.0,7.0,-0.0019199930926815656
24.0,4.0,8.0,-4.964935393474146e-06
24.0,4.0,9.0,-0.005151224437687341
24.0,4.0,10.0,-0.005706694656123779
24.0,4.0,11.0,5.8244081085900845e-09
24.0,4.0,12.0,0.030282385916975713
24.0,4.0,13.0,0.001231261898242103
24.0,4.0,14.0,-0.02325219545036588
24.0,4.0,15.0,5.308653924368523e-05
24.0,4.0,16.0,0.03843078819095025
24.0,4.0,17.0,0.024159022427475585
24.0,4.0,18.0,0.013846559446536191
24.0,4.0,19.0,0.016386465429290314
24.0,4.0,20.0,0.014679466339601599
24.0,4.0,21.0,-1.4341460851663435e-06
24.0,5.0,0.0,0.04292148062235024
24.0,5.0,1.0,0.0004423882732055573
24.0,5.0,2.0,0.00316844978818151
24.0,5.0,3.0,-1.9416466386090736e-07
24.0,5.0,4.0,0.005977001603038379
24.0,5.0,5.0,-0.13423090867364654
24.0,5.0,6.0,0.014000746154900823
24.0,5.0,7.0,-0.0476425331929784
24.0,5.0,8.0,-4.964934891243944e-06
24.0,5.0,9.0,-0.007657232140390047
24.0,5.0,10.0,-0.018145477140340704
24.0,5.0,11.0,5.824408066956721e-09
24.0,5.0,12.0,0.03202316029693372
24.0,5.0,13.0,0.001829225160017156
24.0,5.0,14.0,-0.00041392534384892404
24.0,5.0,15.0,8.00151045149966e-05
24.0,5.0,16.0,0.019055654394093402
24.0,5.0,17.0,-0.021296926272792838
24.0,5.0,18.0,0.012215356149339815
24.0,5.0,19.0,-0.005408458427346469
24.0,5.0,20.0,0.005402469721247305
24.0,5.0,21.0,-1.4341459400879497e-06
24.0,6.0,0.0,0.043676514091973595
24.0,6.0,1.0,0.0004510583960978254
24.0,6.0,2.0,0.0031539527325298022
24.0,6.0,3.0,-1.9416466880139982e-07
24.0,6.0,4.0,0.00945410256174306
24.0,6.0,5.0,-0.007256556631643818
24.0,6.0,6.0,0.14415272556220637
24.0,6.0,7.0,-0.0031517607930804936
24.0,6.0,8.0,-4.964935278066462e-06
24.0,6.0,9.0,-0.007691561508372052
24.0,6.0,10.0,-0.001476949976588926
24.0,6.0,11.0,5.8244081085900845e-09
24.0,6.0,12.0,0.003901933616216352
24.0,6.0,13.0,0.0018403065909963073
24.0,6.0,14.0,-0.0008358288559900326
24.0,6.0,15.0,8.052110696984971e-05
24.0,6.0,16.0,0.0010993588089102668
24.0,6.0,17.0,-0.002846110064095686
24.0,6.0,18.0,0.00809166376314567
24.0,6.0,19.0,0.014622836336683237
24.0,6.0,20.0,0.004640555950489067
24.0,6.0,21.0,-1.4341460518041416e-06
24.0,7.0,0.0,0.03509034271821443
24.0,7.0,1.0,0.0003613909859717379
24.0,7.0,2.0,0.0025787362387155455
24.0,7.0,3.0,-1.941646491226967e-07
24.0,7.0,4.0,-0.0012736991200424375
24.0,7.0,5.0,-0.03835588035357143
24.0,7.0,6.0,0.00288060105083926
24.0,7.0,7.0,-0.1613336012398516
24.0,7.0,8.0,-4.964933846052233e-06
24.0,7.0,9.0,-0.0062423768657440815
24.0,7.0,10.0,-0.005084194859821534
24.0,7.0,11.0,5.824407983689994e-09
24.0,7.0,12.0,0.008290206856190807
24.0,7.0,13.0,0.0014916836643440456
24.0,7.0,14.0,0.000615551948339052
24.0,7.0,15.0,6.487897489446115e-05
24.0,7.0,16.0,0.003692066235864211
24.0,7.0,17.0,-0.0303408234420747
24.0,7.0,18.0,0.0031131409465608856
24.0,7.0,19.0,-0.007906297457847183
24.0,7.0,20.0,0.0032107579826869403
24.0,7.0,21.0,-1.4341456382460649e-06
24.0,8.0,0.0,0.050507407162651674
24.0,8.0,1.0,0.021240696675549287
24.0,8.0,2.0,0.00859841081172244
24.0,8.0,3.0,-1.9416466885691097e-07
24.0,8.0,4.0,0.014645486733686652
24.0,8.0,5.0,-0.00976521493780061
24.0,8.0,6.0,0.039760943533301174
24.0,8.0,7.0,-0.008380604315009865
24.0,8.0,8.0,0.14285217758548915
24.0,8.0,9.0,0.03155538264910332
24.0,8.0,10.0,0.010976528213802128
24.0,8.0,11.0,5.824408094712297e-09
24.0,8.0,12.0,0.030631163550789875
24.0,8.0,13.0,0.002140514005402258
24.0,8.0,14.0,-0.0015723739235651915
24.0,8.0,15.0,0.03470829888659985
24.0,8.0,16.0,0.012088123767404813
24.0,8.0,17.0,-0.003234884039784919
24.0,8.0,18.0,0.006765754591197604
24.0,8.0,19.0,0.0029980577991445267
24.0,8.0,20.0,0.005515657222566306
24.0,8.0,21.0,0.028708898081783618
24.0,9.0,0.0,0.04745126126704069
24.0,9.0,1.0,0.0004903022565987403
24.0,9.0,2.0,0.0034680214892851835
24.0,9.0,3.0,-1.941646671083097e-07
24.0,9.0,4.0,0.032760603001601774
24.0,9.0,5.0,-0.007756178172521139
24.0,9.0,6.0,0.013968987831135482
24.0,9.0,7.0,-0.003133934401585492
24.0,9.0,8.0,-4.964935146629934e-06
24.0,9.0,9.0,0.13445350280541937
24.0,9.0,10.0,-0.0020699020224671516
24.0,9.0,11.0,5.824408080834509e-09
24.0,9.0,12.0,0.0073119220147063735
24.0,9.0,13.0,0.0020129460350231387
24.0,9.0,14.0,-0.004354671863134797
24.0,9.0,15.0,8.832605506145508e-05
24.0,9.0,16.0,0.023278324246984394
24.0,9.0,17.0,0.0008518140333882152
24.0,9.0,18.0,0.004261817809014148
24.0,9.0,19.0,0.01746831641404864
24.0,9.0,20.0,0.0063270809511422055
24.0,9.0,21.0,-1.4341460138622697e-06
24.0,10.0,0.0,0.026612944754126677
24.0,10.0,1.0,0.0002728790794767899
24.0,10.0,2.0,0.0019459396453626043
24.0,10.0,3.0,-1.9416466952304479e-07
24.0,10.0,4.0,0.011037238148125794
24.0,10.0,5.0,0.03756018653079907
24.0,10.0,6.0,-0.0022677774934178885
24.0,10.0,7.0,0.02262202309276748
24.0,10.0,8.0,-4.964935335971532e-06
24.0,10.0,9.0,-0.004712857316102215
24.0,10.0,10.0,0.1476304614140036
24.0,10.0,11.0,5.824408094712297e-09
24.0,10.0,12.0,-0.007079484051070756
24.0,10.0,13.0,0.0011265628147238138
24.0,10.0,14.0,-0.001295503208970275
24.0,10.0,15.0,4.856116570928215e-05
24.0,10.0,16.0,0.024482131505273952
24.0,10.0,17.0,0.023001620546434787
24.0,10.0,18.0,-0.0013558162583518635
24.0,10.0,19.0,-0.0026133257109769714
24.0,10.0,20.0,0.0028161506561845684
24.0,10.0,21.0,-1.4341460685685092e-06
24.0,11.0,0.0,0.021572834800817176
24.0,11.0,1.0,0.0002216672511960449
24.0,11.0,2.0,0.02247054419844194
24.0,11.0,3.0,-1.9416466739974325e-07
24.0,11.0,4.0,0.03271650515382357
24.0,11.0,5.0,-0.011259498852145236
24.0,11.0,6.0,0.008447993154492739
24.0,11.0,7.0,-0.004813370031318265
24.0,11.0,8.0,-4.9649351668776265e-06
24.0,11.0,9.0,0.01564304671864067
24.0,11.0,10.0,-0.003077630887893368
24.0,11.0,11.0,0.1428571485966253
24.0,11.0,12.0,0.011253219313727664
24.0,11.0,13.0,0.0009026658297446172
24.0,11.0,14.0,-0.004649068585728264
24.0,11.0,15.0,3.8222606435600603e-05
24.0,11.0,16.0,0.010456554450762157
24.0,11.0,17.0,0.001775401228619411
24.0,11.0,18.0,0.02201762793446814
24.0,11.0,19.0,0.0007278786973766438
24.0,11.0,20.0,0.014113879747009395
24.0,11.0,21.0,-1.4341460196909406e-06
24.0,12.0,0.0,0.05151732883387983
24.0,12.0,1.0,0.0005324511268329779
24.0,12.0,2.0,0.003769017623200338
24.0,12.0,3.0,-1.94164668593233e-07
24.0,12.0,4.0,0.006664637680473262
24.0,12.0,5.0,-0.035722933208390206
24.0,12.0,6.0,0.018957420331231767
24.0,12.0,7.0,-0.04451496565143498
24.0,12.0,8.0,-4.964935260788617e-06
24.0,12.0,9.0,-0.009146917277971539
24.0,12.0,10.0,-0.029977513460570343
24.0,12.0,11.0,5.824408094712297e-09
24.0,12.0,12.0,0.1545064077231047
24.0,12.0,13.0,0.0021867006648436244
24.0,12.0,14.0,-0.0003616637064783254
24.0,12.0,15.0,9.61652556195347e-05
24.0,12.0,16.0,0.011582121602316586
24.0,12.0,17.0,-0.02307100143014193
24.0,12.0,18.0,0.01996049690653176
24.0,12.0,19.0,-0.007514709983523438
24.0,12.0,20.0,0.0066260510249117055
24.0,12.0,21.0,-1.4341460468358935e-06
24.0,13.0,0.0,0.028030653557927998
24.0,13.0,1.0,0.03494765821134507
24.0,13.0,2.0,0.0052430565073898205
24.0,13.0,3.0,-1.9416466724708759e-07
24.0,13.0,4.0,0.0036134707145880074
24.0,13.0,5.0,0.015109041165150078
24.0,13.0,6.0,-0.0020279742427676273
24.0,13.0,7.0,0.033476881442119716
24.0,13.0,8.0,-4.964935154928851e-06
24.0,13.0,9.0,0.006992349898006511
24.0,13.0,10.0,0.005814093437578549
24.0,13.0,11.0,5.824408080834509e-09
24.0,13.0,12.0,-0.02587193811723723
24.0,13.0,13.0,0.14406396733224294
24.0,13.0,14.0,-0.00022614111086930594
24.0,13.0,15.0,0.00649405318376492
24.0,13.0,16.0,-0.002161074710516242
24.0,13.0,17.0,0.00664112210427395
24.0,13.0,18.0,-0.003609350377761028
24.0,13.0,19.0,-0.005687464324025088
24.0,13.0,20.0,0.0023620970264673358
24.0,13.0,21.0,-1.4341460162492492e-06
24.0,14.0,0.0,-0.005153079711546438
24.0,14.0,1.0,-5.564482735212484e-05
24.0,14.0,2.0,-0.0004296719273136351
24.0,14.0,3.0,-1.941646674552544e-07
24.0,14.0,4.0,-0.014485510216599717
24.0,14.0,5.0,0.002283911279118256
24.0,14.0,6.0,-0.0043715114373390485
24.0,14.0,7.0,0.0024002615689182327
24.0,14.0,8.0,-4.964935166461293e-06
24.0,14.0,9.0,0.0010016750804679175
24.0,14.0,10.0,0.001948534584578887
24.0,14.0,11.0,5.824408094712297e-09
24.0,14.0,12.0,-0.010584586475621383
24.0,14.0,13.0,-0.00023724159353726015
24.0,14.0,14.0,0.14504650563312718
24.0,14.0,15.0,-1.3045539830530695e-05
24.0,14.0,16.0,-0.004672052542834315
24.0,14.0,17.0,-0.001186848375291344
24.0,14.0,18.0,-0.044171213575236117
24.0,14.0,19.0,0.013300741157115409
24.0,14.0,20.0,-0.0062533084296489405
24.0,14.0,21.0,-1.4341460195799183e-06
24.0,15.0,0.0,0.03245532308771237
24.0,15.0,1.0,0.017921407274226142
24.0,15.0,2.0,0.017909683855756336
24.0,15.0,3.0,-1.9416466623400908e-07
24.0,15.0,4.0,0.0034360596609184224
24.0,15.0,5.0,-0.01057467258128586
24.0,15.0,6.0,0.02325216638498595
24.0,15.0,7.0,-0.004037397143513588
24.0,15.0,8.0,-4.964935072494792e-06
24.0,15.0,9.0,-0.005634809297115684
24.0,15.0,10.0,-0.001594108204261313
24.0,15.0,11.0,5.824408080834509e-09
24.0,15.0,12.0,0.002688614414448731
24.0,15.0,13.0,0.0013506246959994195
24.0,15.0,14.0,-5.46872426931827e-05
24.0,15.0,15.0,0.14617786649871736
24.0,15.0,16.0,0.0003059174361351169
24.0,15.0,17.0,-0.0034464632061453615
24.0,15.0,18.0,0.0021420060482390813
24.0,15.0,19.0,-0.0032899367581296635
24.0,15.0,20.0,0.0022014259324190655
24.0,15.0,21.0,-1.4341459924349653e-06
24.0,16.0,0.0,0.053889877045742884
24.0,16.0,1.0,0.0005568773596975884
24.0,16.0,2.0,0.003936362409029448
24.0,16.0,3.0,-1.941646710912348e-07
24.0,16.0,4.0,0.03832025088573382
24.0,16.0,5.0,-0.008959081189963719
24.0,16.0,6.0,0.00773665494853315
24.0,16.0,7.0,-0.003788027387994941
24.0,16.0,8.0,-4.964935469600751e-06
24.0,16.0,9.0,-0.009557748470793742
24.0,16.0,10.0,-0.0025420089225591247
24.0,16.0,11.0,5.8244081085900845e-09
24.0,16.0,12.0,0.009333054382575062
24.0,16.0,13.0,0.0022850985421785375
24.0,16.0,14.0,-0.0050945047310270546
24.0,16.0,15.0,0.00010061819379753034
24.0,16.0,16.0,0.15081096536549288
24.0,16.0,17.0,0.0010312849284986048
24.0,16.0,18.0,0.009728338469604789
24.0,16.0,19.0,0.012216223358864797
24.0,16.0,20.0,0.007749743927215502
24.0,16.0,21.0,-1.4341461071487593e-06
24.0,17.0,0.0,0.03808148201756911
24.0,17.0,1.0,0.00039215766831368626
24.0,17.0,2.0,0.002771247175665098
24.0,17.0,3.0,-1.9416466509603048e-07
24.0,17.0,4.0,-0.02456043052123774
24.0,17.0,5.0,-0.03198565074820452
24.0,17.0,6.0,-0.0025156656161784974
24.0,17.0,7.0,-0.04237300245282108
24.0,17.0,8.0,-4.964934979062585e-06
24.0,17.0,9.0,-0.006735493762082434
24.0,17.0,10.0,-0.0035002508433198964
24.0,17.0,11.0,5.824408080834509e-09
24.0,17.0,12.0,0.0025909346093809793
24.0,17.0,13.0,0.0016098289498141516
24.0,17.0,14.0,0.004133253104734898
24.0,17.0,15.0,6.964490202396312e-05
24.0,17.0,16.0,-0.002806808501538305
24.0,17.0,17.0,-0.15654411436348545
24.0,17.0,18.0,0.0005543919023558858
24.0,17.0,19.0,-0.012150221228236086
24.0,17.0,20.0,0.0011798101913526593
24.0,17.0,21.0,-1.4341459654287902e-06
24.0,18.0,0.0,0.03153927404836665
24.0,18.0,1.0,0.00032514782601875125
24.0,18.0,2.0,0.002307735934849342
24.0,18.0,3.0,-1.9416466856547743e-07
24.0,18.0,4.0,0.03532499233760317
24.0,18.0,5.0,-0.009783053353002252
24.0,18.0,6.0,0.010129491982586947
24.0,18.0,7.0,-0.009019787002728319
24.0,18.0,8.0,-4.964935257839587e-06
24.0,18.0,9.0,-0.0055983904913173566
24.0,18.0,10.0,-0.006623047592391185
24.0,18.0,11.0,5.824408094712297e-09
24.0,18.0,12.0,0.03295966033433051
24.0,18.0,13.0,0.0013383052434783466
24.0,18.0,14.0,-0.00496762205287711
24.0,18.0,15.0,5.792145217853317e-05
24.0,18.0,16.0,0.009671279567012803
24.0,18.0,17.0,-0.0004518193079100785
24.0,18.0,18.0,0.14935229385296664
24.0,18.0,19.0,-0.0020956283198338144
24.0,18.0,20.0,0.02069757332806277
24.0,18.0,21.0,-1.4341460459754707e-06
24.0,19.0,0.0,0.04730483024253418
24.0,19.0,1.0,0.0004887404891186498
24.0,19.0,2.0,0.0034695139356721583
24.0,19.0,3.0,-1.941646680381215e-07
24.0,19.0,4.0,0.022003985295921125
24.0,19.0,5.0,-0.00770326049462558
24.0,19.0,6.0,0.004420901614521744
24.0,19.0,7.0,-0.003073001020352878
24.0,19.0,8.0,-4.96493521597724e-06
24.0,19.0,9.0,-0.008411225774813541
24.0,19.0,10.0,-0.0016884199031051428
24.0,19.0,11.0,5.824408094712297e-09
24.0,19.0,12.0,0.005228893179953786
24.0,19.0,13.0,0.0020105708262082023
24.0,19.0,14.0,-0.0027592128448628156
24.0,19.0,15.0,8.825559803585237e-05
24.0,19.0,16.0,0.004460295103691836
24.0,19.0,17.0,-0.0008401593611024882
24.0,19.0,18.0,0.002303118423403805
24.0,19.0,19.0,0.13403746953335025
24.0,19.0,20.0,0.005525733591234483
24.0,19.0,21.0,-1.4341460338740397e-06
24.0,20.0,0.0,0.025198483210974287
24.0,20.0,1.0,0.00025849320166901335
24.0,20.0,2.0,0.0018554180150368027
24.0,20.0,3.0,-1.9416466869037752e-07
24.0,20.0,4.0,0.001645334821651745
24.0,20.0,5.0,-0.004086545317991408
24.0,20.0,6.0,5.4167165939034145e-05
24.0,20.0,7.0,-0.0016221394253307098
24.0,20.0,8.0,-4.964935268365889e-06
24.0,20.0,9.0,-0.004483661180085918
24.0,20.0,10.0,-0.0005936588796770503
24.0,20.0,11.0,5.8244081085900845e-09
24.0,20.0,12.0,0.0008263399355516454
24.0,20.0,13.0,0.0010711965811844582
24.0,20.0,14.0,8.704540290466883e-05
24.0,20.0,15.0,4.603444942719026e-05
24.0,20.0,16.0,-0.0003518707801767329
24.0,20.0,17.0,-0.0022505130342187485
24.0,20.0,18.0,0.0003615528762749426
24.0,20.0,19.0,-0.006206893509775602
24.0,20.0,20.0,0.1454577577134027
24.0,20.0,21.0,-1.4341460490008284e-06
24.0,21.0,0.0,0.02910200581101907
24.0,21.0,1.0,0.00029951386174956185
24.0,21.0,2.0,0.0021350195367694502
24.0,21.0,3.0,-1.941646688291554e-07
24.0,21.0,4.0,0.001612467389449923
24.0,21.0,5.0,-0.004720282276353127
24.0,21.0,6.0,0.00017292330827300972
24.0,21.0,7.0,-0.0018804326969623641
24.0,21.0,8.0,-4.964935279225258e-06
24.0,21.0,9.0,-0.005171384419792091
24.0,21.0,10.0,-0.0006703530389466916
24.0,21.0,11.0,5.824408094712297e-09
24.0,21.0,12.0,0.0009990134397183659
24.0,21.0,13.0,0.0012359762326146634
24.0,21.0,14.0,0.00010669589572204902
24.0,21.0,15.0,5.3385788835375036e-05
24.0,21.0,16.0,-0.00023915500409965595
24.0,21.0,17.0,-0.0025424203411485435
24.0,21.0,18.0,0.00040397906041116094
24.0,21.0,19.0,-0.007157370369650112
24.0,21.0,20.0,0.0026073511066034283
24.0,21.0,21.0,0.14285499946876568
