Net_ID,Var,Factor,intervention_effect
0.0,0.01,0.0,0.0009881765143775478
0.0,0.01,1.0,2.5353916063175497e-05
0.0,0.01,2.0,6.497857400561413e-05
0.0,0.01,3.0,1.3878746207840464e-09
0.0,0.01,4.0,-0.0002952307982819202
0.0,0.01,5.0,-2.1286245805300972e-09
0.0,0.01,6.0,-0.0003257410082132539
0.0,0.01,7.0,-0.001339206841739344
0.0,0.01,8.0,1.3878746207840464e-09
0.0,0.01,9.0,-7.009415710141297e-05
0.0,0.01,10.0,6.290790525020906e-05
0.0,0.01,11.0,1.3878746207840464e-09
0.0,0.01,12.0,0.0001509267199266695
0.0,0.01,13.0,0.00036898889910030874
0.0,0.01,14.0,0.0010486583357780521
0.0,0.01,15.0,7.1560506877399455e-06
0.0,0.01,16.0,0.00035789989159634716
0.0,0.01,17.0,-0.0031120930060966503
0.0,0.01,18.0,0.0001131055571796935
0.0,0.01,19.0,-4.2583482015634555e-05
0.0,0.01,20.0,0.00014502679851269296
0.0,0.01,21.0,1.792113096810155e-09
0.0,0.21,0.0,0.031201196383271457
0.0,0.21,1.0,0.0014196023578394446
0.0,0.21,2.0,0.0010968246957684946
0.0,0.21,3.0,1.3878746207840464e-09
0.0,0.21,4.0,0.0015705404209082618
0.0,0.21,5.0,-2.128624580565294e-09
0.0,0.21,6.0,0.0003375142111035623
0.0,0.21,7.0,-0.0013563603054407521
0.0,0.21,8.0,1.3878746207840464e-09
0.0,0.21,9.0,-7.011688480809679e-05
0.0,0.21,10.0,-7.364626030792465e-06
0.0,0.21,11.0,1.3878746207840464e-09
0.0,0.21,12.0,0.00037755074073403394
0.0,0.21,13.0,0.005089774326726831
0.0,0.21,14.0,0.013769384851791744
0.0,0.21,15.0,0.0001426318664972115
0.0,0.21,16.0,0.008083783613562101
0.0,0.21,17.0,-0.003303224746086933
0.0,0.21,18.0,0.0009421067402018979
0.0,0.21,19.0,-3.4505083307989626e-05
0.0,0.21,20.0,0.0016208467401757631
0.0,0.21,21.0,1.792113096810155e-09
0.0,0.41,0.0,0.06130353017205881
0.0,0.41,1.0,0.002709310937277276
0.0,0.41,2.0,0.002224784529338386
0.0,0.41,3.0,1.3878746207840464e-09
0.0,0.41,4.0,0.004072174122101202
0.0,0.41,5.0,-2.128624580565686e-09
0.0,0.41,6.0,0.0006258733691717477
0.0,0.41,7.0,-0.0013657723507247955
0.0,0.41,8.0,1.3878746207840464e-09
0.0,0.41,9.0,-7.011924686896289e-05
0.0,0.41,10.0,-7.552124567201945e-05
0.0,0.41,11.0,1.3878746207840464e-09
0.0,0.41,12.0,0.000438547803658873
0.0,0.41,13.0,0.009953738798653272
0.0,0.41,14.0,0.02752727390999865
0.0,0.41,15.0,0.00029234585573600924
0.0,0.41,16.0,0.016010072025421596
0.0,0.41,17.0,-0.0034240107737469818
0.0,0.41,18.0,0.0018686559024310712
0.0,0.41,19.0,-0.00026800297933071704
0.0,0.41,20.0,0.0030353863598144293
0.0,0.41,21.0,1.792113096810155e-09
0.0,0.61,0.0,0.09160166676806136
0.0,0.61,1.0,0.0040690377185728654
0.0,0.61,2.0,0.0033000347423673415
0.0,0.61,3.0,1.3878746207840464e-09
0.0,0.61,4.0,0.006316807486981435
0.0,0.61,5.0,-2.1286245805127794e-09
0.0,0.61,6.0,0.0012940333546534455
0.0,0.61,7.0,-0.0013709305378022574
0.0,0.61,8.0,1.3878746207840464e-09
0.0,0.61,9.0,-7.011949245044292e-05
0.0,0.61,10.0,-0.00017586190172289018
0.0,0.61,11.0,1.3878746207840464e-09
0.0,0.61,12.0,0.00029866457701238636
0.0,0.61,13.0,0.014686439263036172
0.0,0.61,14.0,0.04076272028654704
0.0,0.61,15.0,0.0004341890722040498
0.0,0.61,16.0,0.023972126170829056
0.0,0.61,17.0,-0.003499521515338524
0.0,0.61,18.0,0.002655970078243808
0.0,0.61,19.0,-0.00040247378430449676
0.0,0.61,20.0,0.004372361200159436
0.0,0.61,21.0,1.792113096810155e-09
0.0,0.81,0.0,0.12125155092912887
0.0,0.81,1.0,0.005329852467031382
0.0,0.81,2.0,0.004428052309644881
0.0,0.81,3.0,1.3878746207840464e-09
0.0,0.81,4.0,0.008723748150701205
0.0,0.81,5.0,-2.128624580362233e-09
0.0,0.81,6.0,0.001275342399769619
0.0,0.81,7.0,-0.001373753181573301
0.0,0.81,8.0,1.3878746207840464e-09
0.0,0.81,9.0,-7.01195187354052e-05
0.0,0.81,10.0,-0.0001979050324857623
0.0,0.81,11.0,1.3878746207840464e-09
0.0,0.81,12.0,0.0008098523159125182
0.0,0.81,13.0,0.019682050039183024
0.0,0.81,14.0,0.054617279007079356
0.0,0.81,15.0,0.0005828362555577726
0.0,0.81,16.0,0.03172599149640892
0.0,0.81,17.0,-0.0035462769095557433
0.0,0.81,18.0,0.003831234730392319
0.0,0.81,19.0,-0.0005998375706523507
0.0,0.81,20.0,0.005987286370789935
0.0,0.81,21.0,1.792113096810155e-09
0.0,1.01,0.0,0.15112331986380068
0.0,1.01,1.0,0.006630193548818775
0.0,1.01,2.0,0.0055315219749481614
0.0,1.01,3.0,1.3878746207840464e-09
0.0,1.01,4.0,0.011050193251142926
0.0,1.01,5.0,-2.1286245751411197e-09
0.0,1.01,6.0,0.0014763453267476745
0.0,1.01,7.0,-0.001375300752609482
0.0,1.01,8.0,1.3878746207840464e-09
0.0,1.01,9.0,-7.011952151169725e-05
0.0,1.01,10.0,-0.00024483281212041297
0.0,1.01,11.0,1.3878746207840464e-09
0.0,1.01,12.0,0.0011233440978269393
0.0,1.01,13.0,0.024579665815354673
0.0,1.01,14.0,0.06815624250479635
0.0,1.01,15.0,0.0007283296760217384
0.0,1.01,16.0,0.03948354627042994
0.0,1.01,17.0,-0.0035751305993546975
0.0,1.01,18.0,0.00490781992609729
0.0,1.01,19.0,-0.0007453791408720545
0.0,1.01,20.0,0.00751831199162073
0.0,1.01,21.0,1.792113096810155e-09
0.0,1.21,0.0,0.18092953408243373
0.0,1.21,1.0,0.007952897832399441
0.0,1.21,2.0,0.006605955405758146
0.0,1.21,3.0,1.3878746207840464e-09
0.0,1.21,4.0,0.013084798841436929
0.0,1.21,5.0,-2.128624544635307e-09
0.0,1.21,6.0,0.0017676507938420016
0.0,1.21,7.0,-0.0013761488797237376
0.0,1.21,8.0,1.3878746207840464e-09
0.0,1.21,9.0,-7.011952191431209e-05
0.0,1.21,10.0,-0.0002784495474109361
0.0,1.21,11.0,1.3878746207840464e-09
0.0,1.21,12.0,0.0016818114019179764
0.0,1.21,13.0,0.029466833561080402
0.0,1.21,14.0,0.08144971266820411
0.0,1.21,15.0,0.0008691041898370166
0.0,1.21,16.0,0.04729652230865472
0.0,1.21,17.0,-0.0035928485580637793
0.0,1.21,18.0,0.005889805445470131
0.0,1.21,19.0,-0.0008529113994887594
0.0,1.21,20.0,0.009142183843219798
0.0,1.21,21.0,1.792113096810155e-09
0.0,1.41,0.0,0.2108220312293787
0.0,1.41,1.0,0.009274158936987631
0.0,1.41,2.0,0.007692715690938767
0.0,1.41,3.0,1.3878746207840464e-09
0.0,1.41,4.0,0.015152543981459876
0.0,1.41,5.0,-2.128624439156259e-09
0.0,1.41,6.0,0.002148229695988213
0.0,1.41,7.0,-0.0013766148903066157
0.0,1.41,8.0,1.3878746207840464e-09
0.0,1.41,9.0,-7.011952199143042e-05
0.0,1.41,10.0,-0.00032522041452054395
0.0,1.41,11.0,1.3878746207840464e-09
0.0,1.41,12.0,0.0020951503743301125
0.0,1.41,13.0,0.034336558667344114
0.0,1.41,14.0,0.09481899273676458
0.0,1.41,15.0,0.0010116385707679698
0.0,1.41,16.0,0.055209830843059804
0.0,1.41,17.0,-0.0036037097892693587
0.0,1.41,18.0,0.00683159369381886
0.0,1.41,19.0,-0.000993871063497298
0.0,1.41,20.0,0.010713982351949258
0.0,1.41,21.0,1.792113096810155e-09
0.0,1.61,0.0,0.24077403824068477
0.0,1.61,1.0,0.010587108846295101
0.0,1.61,2.0,0.008791822231985547
0.0,1.61,3.0,1.3878746207840464e-09
0.0,1.61,4.0,0.017479242257706806
0.0,1.61,5.0,-2.1286241842546048e-09
0.0,1.61,6.0,0.0024660735350710006
0.0,1.61,7.0,-0.0013768708473668259
0.0,1.61,8.0,1.3878746207840464e-09
0.0,1.61,9.0,-7.011952200210751e-05
0.0,1.61,10.0,-0.0003856807245925242
0.0,1.61,11.0,1.3878746207840464e-09
0.0,1.61,12.0,0.002295522470710132
0.0,1.61,13.0,0.03920058297277565
0.0,1.61,14.0,0.10831205691045453
0.0,1.61,15.0,0.001156408836442968
0.0,1.61,16.0,0.06302421724558827
0.0,1.61,17.0,-0.003610351734741362
0.0,1.61,18.0,0.00785382386907263
0.0,1.61,19.0,-0.0011399268315009925
0.0,1.61,20.0,0.012198897157314814
0.0,1.61,21.0,1.792113096810155e-09
0.0,1.81,0.0,0.2706786367792666
0.0,1.81,1.0,0.011895657074250443
0.0,1.81,2.0,0.009893030700648786
0.0,1.81,3.0,1.3878746207840464e-09
0.0,1.81,4.0,0.019636866627793126
0.0,1.81,5.0,-2.1286222992826697e-09
0.0,1.81,6.0,0.0027059266245458846
0.0,1.81,7.0,-0.001377011392602217
0.0,1.81,8.0,1.3878746207840464e-09
0.0,1.81,9.0,-7.011952200515599e-05
0.0,1.81,10.0,-0.0004290236529190389
0.0,1.81,11.0,1.3878746207840464e-09
0.0,1.81,12.0,0.002696958570931496
0.0,1.81,13.0,0.044079340039940046
0.0,1.81,14.0,0.12160560409976723
0.0,1.81,15.0,0.0013012732063586718
0.0,1.81,16.0,0.070742467994169
0.0,1.81,17.0,-0.0036143988023363905
0.0,1.81,18.0,0.008987459876640957
0.0,1.81,19.0,-0.0012376448679161656
0.0,1.81,20.0,0.01378276345378543
0.0,1.81,21.0,1.792113096810155e-09
0.0,2.01,0.0,0.30054634437817906
0.0,2.01,1.0,0.0131954090308401
0.0,2.01,2.0,0.011004985511253895
0.0,2.01,3.0,1.3878746207840464e-09
0.0,2.01,4.0,0.021403415274385218
0.0,2.01,5.0,-2.1285854155054966e-09
0.0,2.01,6.0,0.002835015195102597
0.0,2.01,7.0,-0.001377088558589364
0.0,2.01,8.0,1.3878746207840464e-09
0.0,2.01,9.0,-7.011952200444806e-05
0.0,2.01,10.0,-0.00044969362069689767
0.0,2.01,11.0,1.3878746207840464e-09
0.0,2.01,12.0,0.0033777750830200626
0.0,2.01,13.0,0.04896716916251967
0.0,2.01,14.0,0.1342448984693398
0.0,2.01,15.0,0.0014473829482443135
0.0,2.01,16.0,0.07812986340633371
0.0,2.01,17.0,-0.0036168533020972658
0.0,2.01,18.0,0.010583979758430617
0.0,2.01,19.0,-0.0011666312083249974
0.0,2.01,20.0,0.015562726011363992
0.0,2.01,21.0,1.792113096810155e-09
0.0,2.21,0.0,0.3300791127163365
0.0,2.21,1.0,0.014509061990794714
0.0,2.21,2.0,0.012044548626017615
0.0,2.21,3.0,1.3878746207840464e-09
0.0,2.21,4.0,0.0241324396510888
0.0,2.21,5.0,-2.128587028109081e-09
0.0,2.21,6.0,0.00341953159412961
0.0,2.21,7.0,-0.0013771303016234815
0.0,2.21,8.0,1.3878746207840464e-09
0.0,2.21,9.0,-7.011952200225526e-05
0.0,2.21,10.0,-0.0005459966979607933
0.0,2.21,11.0,1.3878746207840464e-09
0.0,2.21,12.0,0.0031645813540225887
0.0,2.21,13.0,0.053715085655858835
0.0,2.21,14.0,0.14833126018315246
0.0,2.21,15.0,0.0015839527322639713
0.0,2.21,16.0,0.0863329670525333
0.0,2.21,17.0,-0.00361831025763366
0.0,2.21,18.0,0.010874767898297888
0.0,2.21,19.0,-0.001542216100465843
0.0,2.21,20.0,0.016740578120619576
0.0,2.21,21.0,1.792113096810155e-09
0.0,2.41,0.0,0.3516486631201574
0.0,2.41,1.0,0.015448149224215335
0.0,2.41,2.0,0.01282202892145845
0.0,2.41,3.0,1.3878746207840464e-09
0.0,2.41,4.0,0.025751679041935205
0.0,2.41,5.0,-2.1285169794085987e-09
0.0,2.41,6.0,0.0036546175482952137
0.0,2.41,7.0,-0.0013771498886639558
0.0,2.41,8.0,1.3878746207840464e-09
0.0,2.41,9.0,-7.01195219999885e-05
0.0,2.41,10.0,-0.0005848821763380224
0.0,2.41,11.0,1.3878746207840464e-09
0.0,2.41,12.0,0.0033632237379913055
0.0,2.41,13.0,0.057204315578519266
0.0,2.41,14.0,0.15800215383302196
0.0,2.41,15.0,0.0016854715862315295
0.0,2.41,16.0,0.0919644994864226
0.0,2.41,17.0,-0.003619049522951907
0.0,2.41,18.0,0.011563456551808127
0.0,2.41,19.0,-0.0016570878291315705
0.0,2.41,20.0,0.01782142982692475
0.0,2.41,21.0,1.792113096810155e-09
0.0,2.61,0.0,0.35558737981986743
0.0,2.61,1.0,0.01563584627744169
0.0,2.61,2.0,0.012976549469180365
0.0,2.61,3.0,1.3878746207840464e-09
0.0,2.61,4.0,0.026059581620798355
0.0,2.61,5.0,-2.128447150199655e-09
0.0,2.61,6.0,0.003702860295340671
0.0,2.61,7.0,-0.0013771565105412796
0.0,2.61,8.0,1.3878746207840464e-09
0.0,2.61,9.0,-7.011952199768592e-05
0.0,2.61,10.0,-0.0005935919474198831
0.0,2.61,11.0,1.3878746207840464e-09
0.0,2.61,12.0,0.003401110830420717
0.0,2.61,13.0,0.057869084147081556
0.0,2.61,14.0,0.15983330944049967
0.0,2.61,15.0,0.001706912409717265
0.0,2.61,16.0,0.09303330484349803
0.0,2.61,17.0,-0.0036193114510406727
0.0,2.61,18.0,0.011697847548737428
0.0,2.61,19.0,-0.0016682324122866687
0.0,2.61,20.0,0.018028644329745047
0.0,2.61,21.0,1.792113096810155e-09
0.0,2.81,0.0,0.3556996862960812
0.0,2.81,1.0,0.01564292823416169
0.0,2.81,2.0,0.012982332769950256
0.0,2.81,3.0,1.3878746207840464e-09
0.0,2.81,4.0,0.026069919409339004
0.0,2.81,5.0,-2.1283924651062386e-09
0.0,2.81,6.0,0.0037060117354724142
0.0,2.81,7.0,-0.0013771590451937767
0.0,2.81,8.0,1.3878746207840464e-09
0.0,2.81,9.0,-7.011952199555938e-05
0.0,2.81,10.0,-0.0005941895417736764
0.0,2.81,11.0,1.3878746207840464e-09
0.0,2.81,12.0,0.0034010906937792518
0.0,2.81,13.0,0.05789068377295856
0.0,2.81,14.0,0.1598932927146044
0.0,2.81,15.0,0.0017078663756824874
0.0,2.81,16.0,0.09306925196760629
0.0,2.81,17.0,-0.003619413110582794
0.0,2.81,18.0,0.011701412426235513
0.0,2.81,19.0,-0.0016679160350056843
0.0,2.81,20.0,0.018034939627517288
0.0,2.81,21.0,1.792113096810155e-09
0.0,3.01,0.0,0.355701127576462
0.0,3.01,1.0,0.015643061154308913
0.0,3.01,2.0,0.01298244286834821
0.0,3.01,3.0,1.3878746207840464e-09
0.0,3.01,4.0,0.026068033837935545
0.0,3.01,5.0,-2.1283050107562147e-09
0.0,3.01,6.0,0.0037072515235523906
0.0,3.01,7.0,-0.0013771604424194922
0.0,3.01,8.0,1.3878746207840464e-09
0.0,3.01,9.0,-7.011952199156617e-05
0.0,3.01,10.0,-0.000594244189855625
0.0,3.01,11.0,1.3878746207840464e-09
0.0,3.01,12.0,0.003401097981947987
0.0,3.01,13.0,0.05789101307220404
0.0,3.01,14.0,0.15989240632865998
0.0,3.01,15.0,0.0017078888296030992
0.0,3.01,16.0,0.09307017956500063
0.0,3.01,17.0,-0.0036194693392576846
0.0,3.01,18.0,0.011702642460269141
0.0,3.01,19.0,-0.0016675433070086343
0.0,3.01,20.0,0.018035467020865004
0.0,3.01,21.0,1.792113096810155e-09
0.0,3.21,0.0,0.3557011427779174
0.0,3.21,1.0,0.01564306338183047
0.0,3.21,2.0,0.012982444939828863
0.0,3.21,3.0,1.3878746207840464e-09
0.0,3.21,4.0,0.026056553265427995
0.0,3.21,5.0,-2.128038637701005e-09
0.0,3.21,6.0,0.003708684727278422
0.0,3.21,7.0,-0.0013771613656633813
0.0,3.21,8.0,1.3878746207840464e-09
0.0,3.21,9.0,-7.011952198159205e-05
0.0,3.21,10.0,-0.0005939618739110308
0.0,3.21,11.0,1.3878746207840464e-09
0.0,3.21,12.0,0.003405904571732954
0.0,3.21,13.0,0.057891017348855184
0.0,3.21,14.0,0.15987769961495524
0.0,3.21,15.0,0.0017078893514988758
0.0,3.21,16.0,0.09306612480149956
0.0,3.21,17.0,-0.00361950651159381
0.0,3.21,18.0,0.011712200551475482
0.0,3.21,19.0,-0.0016641148436281616
0.0,3.21,20.0,0.018039685034972164
0.0,3.21,21.0,1.792113096810155e-09
0.0,3.41,0.0,0.3557011429662177
0.0,3.41,1.0,0.01564306237579227
0.0,3.41,2.0,0.012982454365390694
0.0,3.41,3.0,1.3878746207840464e-09
0.0,3.41,4.0,0.025904017283667535
0.0,3.41,5.0,-2.1239154344499645e-09
0.0,3.41,6.0,0.00371964250817447
0.0,3.41,7.0,-0.0013771620430104985
0.0,3.41,8.0,1.3878746207840464e-09
0.0,3.41,9.0,-7.011952189978697e-05
0.0,3.41,10.0,-0.0005884976999282754
0.0,3.41,11.0,1.3878746207840464e-09
0.0,3.41,12.0,0.0034901930958642358
0.0,3.41,13.0,0.05789101757977019
0.0,3.41,14.0,0.1596951853560511
0.0,3.41,15.0,0.0017078897571410068
0.0,3.41,16.0,0.09301905667214949
0.0,3.41,17.0,-0.0036195334919347116
0.0,3.41,18.0,0.011817575046507989
0.0,3.41,19.0,-0.0016236474904955667
0.0,3.41,20.0,0.0180986027256288
0.0,3.41,21.0,1.792113096810155e-09
0.0,3.61,0.0,0.35570114297169675
0.0,3.61,1.0,0.01564306211838845
0.0,3.61,2.0,0.012982459882056263
0.0,3.61,3.0,1.3878746207840464e-09
0.0,3.61,4.0,0.02619863318291593
0.0,3.61,5.0,-2.12767477111564e-09
0.0,3.61,6.0,0.003731564374668206
0.0,3.61,7.0,-0.0013771626762107921
0.0,3.61,8.0,1.3878746207840464e-09
0.0,3.61,9.0,-7.011952197499721e-05
0.0,3.61,10.0,-0.000599384520120691
0.0,3.61,11.0,1.3878746207840464e-09
0.0,3.61,12.0,0.0033431191231485524
0.0,3.61,13.0,0.05789101762163443
0.0,3.61,14.0,0.16014217777397488
0.0,3.61,15.0,0.0017078898565109912
0.0,3.61,16.0,0.09320018295180255
0.0,3.61,17.0,-0.003619556694713041
0.0,3.61,18.0,0.011499950611393694
0.0,3.61,19.0,-0.0017381707643968625
0.0,3.61,20.0,0.01797335789485177
0.0,3.61,21.0,1.792113096810155e-09
0.0,3.81,0.0,0.35570114294189004
0.0,3.81,1.0,0.015643061428055327
0.0,3.81,2.0,0.012982465269789412
0.0,3.81,3.0,1.3878746207840464e-09
0.0,3.81,4.0,0.02634606266059858
0.0,3.81,5.0,-2.128040875058755e-09
0.0,3.81,6.0,0.0037572080296237598
0.0,3.81,7.0,-0.0013771630806096089
0.0,3.81,8.0,1.3878746207840464e-09
0.0,3.81,9.0,-7.0119521996768e-05
0.0,3.81,10.0,-0.0006059476269066055
0.0,3.81,11.0,1.3878746207840464e-09
0.0,3.81,12.0,0.003262017401826245
0.0,3.81,13.0,0.05789101780606751
0.0,3.81,14.0,0.16040033573957135
0.0,3.81,15.0,0.0017078900884647807
0.0,3.81,16.0,0.09332500155028711
0.0,3.81,17.0,-0.0036195731830411847
0.0,3.81,18.0,0.011306977864329382
0.0,3.81,19.0,-0.0018074012428568598
0.0,3.81,20.0,0.017903322074972083
0.0,3.81,21.0,1.792113096810155e-09
0.0,4.01,0.0,0.3557011354749533
0.0,4.01,1.0,0.015643041670345526
0.0,4.01,2.0,0.012982533102149307
0.0,4.01,3.0,1.3878746207840464e-09
0.0,4.01,4.0,0.026369858646222044
0.0,4.01,5.0,-2.128367450968825e-09
0.0,4.01,6.0,0.0037613768961897165
0.0,4.01,7.0,-0.0013771634120294373
0.0,4.01,8.0,1.3878746207840464e-09
0.0,4.01,9.0,-7.011952200146987e-05
0.0,4.01,10.0,-0.0006068614800352895
0.0,4.01,11.0,1.3878746207840464e-09
0.0,4.01,12.0,0.0032538307872330696
0.0,4.01,13.0,0.05789102888017175
0.0,4.01,14.0,0.1604480187225905
0.0,4.01,15.0,0.001707895475797666
0.0,4.01,16.0,0.09334969479043798
0.0,4.01,17.0,-0.003619586614804918
0.0,4.01,18.0,0.011263690443832852
0.0,4.01,19.0,-0.0018220616027264658
0.0,4.01,20.0,0.017891537267064384
0.0,4.01,21.0,1.792113096810155e-09
1.0,0.01,0.0,0.0027432893673520753
1.0,0.01,1.0,4.577841377695346e-06
1.0,0.01,2.0,4.702584633933804e-05
1.0,0.01,3.0,8.930037820320536e-10
1.0,0.01,4.0,-0.0024875809853153186
1.0,0.01,5.0,-0.0035597792063330955
1.0,0.01,6.0,1.9662688694743746e-05
1.0,0.01,7.0,-0.0020136972811559545
1.0,0.01,8.0,8.930037820320536e-10
1.0,0.01,9.0,-0.0003282709649369553
1.0,0.01,10.0,-0.0005329453275303986
1.0,0.01,11.0,8.930037820320536e-10
1.0,0.01,12.0,-0.0008286228517468963
1.0,0.01,13.0,1.28603625825785e-05
1.0,0.01,14.0,0.0013411585361034484
1.0,0.01,15.0,9.38943358508304e-07
1.0,0.01,16.0,-0.0012526083142694044
1.0,0.01,17.0,-0.004488740118583832
1.0,0.01,18.0,-0.0008641479390076312
1.0,0.01,19.0,-0.0005021021756179966
1.0,0.01,20.0,-0.001087612915145475
1.0,0.01,21.0,1.1687918133329589e-09
1.0,0.21,0.0,0.028644756752935763
1.0,0.21,1.0,4.327405824949837e-05
1.0,0.21,2.0,0.0005376859572288617
1.0,0.21,3.0,8.930037820320536e-10
1.0,0.21,4.0,-0.015665332236606284
1.0,0.21,5.0,-0.0063005877293656615
1.0,0.21,6.0,-0.0035687686029559074
1.0,0.21,7.0,-0.0012916917985889148
1.0,0.21,8.0,8.930037820320536e-10
1.0,0.21,9.0,-0.0035381007144703325
1.0,0.21,10.0,-0.0002280274344670652
1.0,0.21,11.0,8.930037820320536e-10
1.0,0.21,12.0,-0.005523422055360383
1.0,0.21,13.0,0.00013854783046687857
1.0,0.21,14.0,0.015140035274346209
1.0,0.21,15.0,9.10840948367686e-06
1.0,0.21,16.0,-0.015470526556912195
1.0,0.21,17.0,-0.0053329049568527215
1.0,0.21,18.0,-0.008771048800502834
1.0,0.21,19.0,-0.005514949223881571
1.0,0.21,20.0,-0.007686654127307624
1.0,0.21,21.0,1.1687918133329589e-09
1.0,0.41,0.0,0.055117927604248496
1.0,0.41,1.0,8.27144287454118e-05
1.0,0.41,2.0,0.001031342010223285
1.0,0.41,3.0,8.930037820320536e-10
1.0,0.41,4.0,-0.025731653976919452
1.0,0.41,5.0,-0.009494811011173332
1.0,0.41,6.0,-0.006419494082818666
1.0,0.41,7.0,-0.0008356964541290646
1.0,0.41,8.0,8.930037820320536e-10
1.0,0.41,9.0,-0.006785433719564832
1.0,0.41,10.0,-0.00011666963111345297
1.0,0.41,11.0,8.930037820320536e-10
1.0,0.41,12.0,-0.009616598501534845
1.0,0.41,13.0,0.0002656803523002349
1.0,0.41,14.0,0.028814797786123725
1.0,0.41,15.0,1.7455985324099643e-05
1.0,0.41,16.0,-0.029034774069217423
1.0,0.41,17.0,-0.006322194760202474
1.0,0.41,18.0,-0.016174845706149854
1.0,0.41,19.0,-0.010363251858177686
1.0,0.41,20.0,-0.013047534075191491
1.0,0.41,21.0,1.1687918133329589e-09
1.0,0.61,0.0,0.08238722210681809
1.0,0.61,1.0,0.00012223825981944048
1.0,0.61,2.0,0.001535869444897836
1.0,0.61,3.0,8.930037820320536e-10
1.0,0.61,4.0,-0.030277362850162293
1.0,0.61,5.0,-0.013330136505349685
1.0,0.61,6.0,-0.00800255919548254
1.0,0.61,7.0,-0.000791038709673425
1.0,0.61,8.0,8.930037820320536e-10
1.0,0.61,9.0,-0.01010294319282018
1.0,0.61,10.0,-0.0003339844957326865
1.0,0.61,11.0,8.930037820320536e-10
1.0,0.61,12.0,-0.013076441603662892
1.0,0.61,13.0,0.0003955210675795351
1.0,0.61,14.0,0.042944734415639174
1.0,0.61,15.0,2.639259385581183e-05
1.0,0.61,16.0,-0.0415987400464464
1.0,0.61,17.0,-0.007462726684009725
1.0,0.61,18.0,-0.022320839209766075
1.0,0.61,19.0,-0.015060152070176469
1.0,0.61,20.0,-0.016528211836558337
1.0,0.61,21.0,1.1687918133329589e-09
1.0,0.81,0.0,0.10969289197466209
1.0,0.81,1.0,0.00016312689632308475
1.0,0.81,2.0,0.0020589658437449865
1.0,0.81,3.0,8.930037820320536e-10
1.0,0.81,4.0,-0.03137272652624401
1.0,0.81,5.0,-0.01752763313876563
1.0,0.81,6.0,-0.008786022206613897
1.0,0.81,7.0,-0.0009198549582628834
1.0,0.81,8.0,8.930037820320536e-10
1.0,0.81,9.0,-0.013503519823644144
1.0,0.81,10.0,-0.0005839643195814648
1.0,0.81,11.0,8.930037820320536e-10
1.0,0.81,12.0,-0.015280843345927886
1.0,0.81,13.0,0.0005287716899143868
1.0,0.81,14.0,0.057250492876730286
1.0,0.81,15.0,3.486503742547442e-05
1.0,0.81,16.0,-0.05421716169204796
1.0,0.81,17.0,-0.008658085872592928
1.0,0.81,18.0,-0.027410168167930127
1.0,0.81,19.0,-0.019489743213318256
1.0,0.81,20.0,-0.018629916497615362
1.0,0.81,21.0,1.1687918133329589e-09
1.0,1.01,0.0,0.13723886753513098
1.0,1.01,1.0,0.0002037628975209982
1.0,1.01,2.0,0.0025818635481884844
1.0,1.01,3.0,8.930037820320536e-10
1.0,1.01,4.0,-0.03154540782187909
1.0,1.01,5.0,-0.021830728950391613
1.0,1.01,6.0,-0.009344618842157315
1.0,1.01,7.0,-0.0011343024712750643
1.0,1.01,8.0,8.930037820320536e-10
1.0,1.01,9.0,-0.016909527400469526
1.0,1.01,10.0,-0.0009217027651411691
1.0,1.01,11.0,8.930037820320536e-10
1.0,1.01,12.0,-0.01742832590113741
1.0,1.01,13.0,0.0006622297903275953
1.0,1.01,14.0,0.07161477914948877
1.0,1.01,15.0,4.364500853321074e-05
1.0,1.01,16.0,-0.06652922833589342
1.0,1.01,17.0,-0.009844790806585466
1.0,1.01,18.0,-0.03239316322398561
1.0,1.01,19.0,-0.023906953586782964
1.0,1.01,20.0,-0.020361355954650273
1.0,1.01,21.0,1.1687918133329589e-09
1.0,1.21,0.0,0.16458469586296204
1.0,1.21,1.0,0.00024399691001791846
1.0,1.21,2.0,0.0031154240082251483
1.0,1.21,3.0,8.930037820320536e-10
1.0,1.21,4.0,-0.03156771792431009
1.0,1.21,5.0,-0.026101049270079772
1.0,1.21,6.0,-0.009859737495205578
1.0,1.21,7.0,-0.0013320985557826875
1.0,1.21,8.0,8.930037820320536e-10
1.0,1.21,9.0,-0.02033674130345417
1.0,1.21,10.0,-0.0012317539113339548
1.0,1.21,11.0,8.930037820320536e-10
1.0,1.21,12.0,-0.019474282805255594
1.0,1.21,13.0,0.0007967530043346549
1.0,1.21,14.0,0.0862934154123316
1.0,1.21,15.0,5.239131168688349e-05
1.0,1.21,16.0,-0.07893187962848291
1.0,1.21,17.0,-0.010971101092010776
1.0,1.21,18.0,-0.03721273394895269
1.0,1.21,19.0,-0.028343219145887194
1.0,1.21,20.0,-0.02208358126324872
1.0,1.21,21.0,1.1687918410885345e-09
1.0,1.41,0.0,0.19249584171780526
1.0,1.41,1.0,0.00028626387989855173
1.0,1.41,2.0,0.0036163621039135285
1.0,1.41,3.0,8.930037820320536e-10
1.0,1.41,4.0,-0.031570362501136685
1.0,1.41,5.0,-0.030261288358660276
1.0,1.41,6.0,-0.01043908266403798
1.0,1.41,7.0,-0.0014964071549739416
1.0,1.41,8.0,8.930037820320536e-10
1.0,1.41,9.0,-0.02369897794818772
1.0,1.41,10.0,-0.001552311779687593
1.0,1.41,11.0,8.930037820320536e-10
1.0,1.41,12.0,-0.021242802150014284
1.0,1.41,13.0,0.0009280950766690499
1.0,1.41,14.0,0.0994533328427884
1.0,1.41,15.0,6.087364310408683e-05
1.0,1.41,16.0,-0.09105063410665079
1.0,1.41,17.0,-0.012014309283927908
1.0,1.41,18.0,-0.04258901872013188
1.0,1.41,19.0,-0.032564719056062646
1.0,1.41,20.0,-0.023424230997954265
1.0,1.41,21.0,1.1687918133329589e-09
1.0,1.61,0.0,0.22009716402411278
1.0,1.61,1.0,0.00032702234370163286
1.0,1.61,2.0,0.00413233223865106
1.0,1.61,3.0,8.930037820320536e-10
1.0,1.61,4.0,-0.03157066422322097
1.0,1.61,5.0,-0.034306647971559086
1.0,1.61,6.0,-0.011009377566549183
1.0,1.61,7.0,-0.0016446200660740623
1.0,1.61,8.0,8.930037820320536e-10
1.0,1.61,9.0,-0.027085274580024313
1.0,1.61,10.0,-0.00187138570305323
1.0,1.61,11.0,8.930037820320536e-10
1.0,1.61,12.0,-0.023342436116100262
1.0,1.61,13.0,0.0010606766145903335
1.0,1.61,14.0,0.11360393629143178
1.0,1.61,15.0,6.967076702124597e-05
1.0,1.61,16.0,-0.10323105241772398
1.0,1.61,17.0,-0.012970755678998105
1.0,1.61,18.0,-0.04765122442070596
1.0,1.61,19.0,-0.03695081809141179
1.0,1.61,20.0,-0.025028629595126195
1.0,1.61,21.0,1.1687918133329589e-09
1.0,1.81,0.0,0.24759624751537673
1.0,1.81,1.0,0.0003679963816302645
1.0,1.81,2.0,0.004648897792097206
1.0,1.81,3.0,8.930037820320536e-10
1.0,1.81,4.0,-0.03157069791912481
1.0,1.81,5.0,-0.03817423132860451
1.0,1.81,6.0,-0.01161329232295738
1.0,1.81,7.0,-0.0017411963698891614
1.0,1.81,8.0,8.930037820320536e-10
1.0,1.81,9.0,-0.030468708711991116
1.0,1.81,10.0,-0.0021411847316820665
1.0,1.81,11.0,8.930037820320536e-10
1.0,1.81,12.0,-0.02532133202747111
1.0,1.81,13.0,0.0011931978516704356
1.0,1.81,14.0,0.12753758905603546
1.0,1.81,15.0,7.827303997268165e-05
1.0,1.81,16.0,-0.11544429058448209
1.0,1.81,17.0,-0.013830908439339897
1.0,1.81,18.0,-0.05274513049726759
1.0,1.81,19.0,-0.04129728470050695
1.0,1.81,20.0,-0.02659965463147279
1.0,1.81,21.0,1.1687918133329589e-09
1.0,2.01,0.0,0.27506052778837703
1.0,2.01,1.0,0.00040846619277884466
1.0,2.01,2.0,0.005163249752304339
1.0,2.01,3.0,8.930037820320536e-10
1.0,2.01,4.0,-0.031570701775226716
1.0,2.01,5.0,-0.04181433461189662
1.0,2.01,6.0,-0.01225473370763236
1.0,2.01,7.0,-0.0018089293341721907
1.0,2.01,8.0,8.930037820320536e-10
1.0,2.01,9.0,-0.03384132590543826
1.0,2.01,10.0,-0.0024027112546957663
1.0,2.01,11.0,8.930037820320536e-10
1.0,2.01,12.0,-0.027466249385627084
1.0,2.01,13.0,0.0013252586703897673
1.0,2.01,14.0,0.14171154125931684
1.0,2.01,15.0,8.706943540601197e-05
1.0,2.01,16.0,-0.12759495153457678
1.0,2.01,17.0,-0.014597126300672121
1.0,2.01,18.0,-0.05781513708449898
1.0,2.01,19.0,-0.045691073842429736
1.0,2.01,20.0,-0.028234785782018545
1.0,2.01,21.0,1.1687918133329589e-09
1.0,2.21,0.0,0.30240717409774737
1.0,2.21,1.0,0.0004494916478315347
1.0,2.21,2.0,0.005676854399446263
1.0,2.21,3.0,8.930037820320536e-10
1.0,2.21,4.0,-0.031570702218110036
1.0,2.21,5.0,-0.0451569232810648
1.0,2.21,6.0,-0.012955141054798835
1.0,2.21,7.0,-0.0018139058617536313
1.0,2.21,8.0,8.930037820320536e-10
1.0,2.21,9.0,-0.03720641121395475
1.0,2.21,10.0,-0.002587445891224116
1.0,2.21,11.0,8.930037820320536e-10
1.0,2.21,12.0,-0.02941093319635979
1.0,2.21,13.0,0.0014570678904175793
1.0,2.21,14.0,0.15542358401365874
1.0,2.21,15.0,9.549938503058963e-05
1.0,2.21,16.0,-0.13976527760225027
1.0,2.21,17.0,-0.015268865439057925
1.0,2.21,18.0,-0.06298054871571929
1.0,2.21,19.0,-0.0500134780382778
1.0,2.21,20.0,-0.02979669626744097
1.0,2.21,21.0,1.1687918133329589e-09
1.0,2.41,0.0,0.3296781285353962
1.0,2.41,1.0,0.0004894893229417385
1.0,2.41,2.0,0.006188486263921017
1.0,2.41,3.0,8.930037820320536e-10
1.0,2.41,4.0,-0.03157070228690797
1.0,2.41,5.0,-0.048141207049836245
1.0,2.41,6.0,-0.013712768731908354
1.0,2.41,7.0,-0.0017926161204245145
1.0,2.41,8.0,8.930037820320536e-10
1.0,2.41,9.0,-0.04055805172624524
1.0,2.41,10.0,-0.0027550338709695643
1.0,2.41,11.0,8.930037820320536e-10
1.0,2.41,12.0,-0.031607311183764863
1.0,2.41,13.0,0.0015883220812147325
1.0,2.41,14.0,0.16961073090126066
1.0,2.41,15.0,0.00010432966873449856
1.0,2.41,16.0,-0.15187096686698986
1.0,2.41,17.0,-0.015856134480395776
1.0,2.41,18.0,-0.06808969766825906
1.0,2.41,19.0,-0.054422499554696246
1.0,2.41,20.0,-0.03146843891024509
1.0,2.41,21.0,1.1687918133329589e-09
1.0,2.61,0.0,0.35682464159528166
1.0,2.61,1.0,0.0005298835009514002
1.0,2.61,2.0,0.006698101165364262
1.0,2.61,3.0,8.930037820320536e-10
1.0,2.61,4.0,-0.031570702302964
1.0,2.61,5.0,-0.05069913779749442
1.0,2.61,6.0,-0.014550527991727735
1.0,2.61,7.0,-0.0017141953659213366
1.0,2.61,8.0,8.930037820320536e-10
1.0,2.61,9.0,-0.043897396310669926
1.0,2.61,10.0,-0.002841758413460599
1.0,2.61,11.0,8.930037820320536e-10
1.0,2.61,12.0,-0.03368902919616118
1.0,2.61,13.0,0.0017191050186516899
1.0,2.61,14.0,0.1834506377390005
1.0,2.61,15.0,0.00011286202940932744
1.0,2.61,16.0,-0.16396264122991414
1.0,2.61,17.0,-0.01636187892150548
1.0,2.61,18.0,-0.07328766780195545
1.0,2.61,19.0,-0.0587836350238069
1.0,2.61,20.0,-0.033097887152787775
1.0,2.61,21.0,1.1687918133329589e-09
1.0,2.81,0.0,0.38384961213025887
1.0,2.81,1.0,0.0005704958743187882
1.0,2.81,2.0,0.007205460789543983
1.0,2.81,3.0,8.930037820320536e-10
1.0,2.81,4.0,-0.03157070227046276
1.0,2.81,5.0,-0.052796783853851253
1.0,2.81,6.0,-0.015472442761585131
1.0,2.81,7.0,-0.0015863763732266722
1.0,2.81,8.0,8.930037820320536e-10
1.0,2.81,9.0,-0.047223215792025666
1.0,2.81,10.0,-0.0028533869662045463
1.0,2.81,11.0,8.930037820320536e-10
1.0,2.81,12.0,-0.035727104511992014
1.0,2.81,13.0,0.0018493521860950268
1.0,2.81,14.0,0.19707224833983994
1.0,2.81,15.0,0.00012117978157594189
1.0,2.81,16.0,-0.17601855667648425
1.0,2.81,17.0,-0.016797469236422252
1.0,2.81,18.0,-0.07854992353759405
1.0,2.81,19.0,-0.06312601988736116
1.0,2.81,20.0,-0.03471488785228877
1.0,2.81,21.0,1.1687918133329589e-09
1.0,3.01,0.0,0.4107740394613974
1.0,3.01,1.0,0.0006126667187887902
1.0,3.01,2.0,0.007709168918527076
1.0,3.01,3.0,8.930037820320536e-10
1.0,3.01,4.0,-0.03157070192167901
1.0,3.01,5.0,-0.054434134739756834
1.0,3.01,6.0,-0.016477790914422114
1.0,3.01,7.0,-0.0014170172883996995
1.0,3.01,8.0,8.930037820320536e-10
1.0,3.01,9.0,-0.05053607594594907
1.0,3.01,10.0,-0.0027957408453407606
1.0,3.01,11.0,8.930037820320536e-10
1.0,3.01,12.0,-0.037711261811106955
1.0,3.01,13.0,0.001979039922047815
1.0,3.01,14.0,0.21010932933701176
1.0,3.01,15.0,0.00012868320496156604
1.0,3.01,16.0,-0.1880065176779807
1.0,3.01,17.0,-0.017175451765889464
1.0,3.01,18.0,-0.08390807974766146
1.0,3.01,19.0,-0.06740103423178702
1.0,3.01,20.0,-0.03628652353137968
1.0,3.01,21.0,1.1687918133329589e-09
1.0,3.21,0.0,0.43764599919441244
1.0,3.21,1.0,0.0006529533320029368
1.0,3.21,2.0,0.008211840460166542
1.0,3.21,3.0,8.930037820320536e-10
1.0,3.21,4.0,-0.03157069630984529
1.0,3.21,5.0,-0.055650172685083384
1.0,3.21,6.0,-0.01754161731807871
1.0,3.21,7.0,-0.001267927858451534
1.0,3.21,8.0,8.930037820320536e-10
1.0,3.21,9.0,-0.053840942979550124
1.0,3.21,10.0,-0.0027613623019291655
1.0,3.21,11.0,8.930037820320536e-10
1.0,3.21,12.0,-0.040167721366762665
1.0,3.21,13.0,0.002108343197630147
1.0,3.21,14.0,0.22393141177234
1.0,3.21,15.0,0.0001370350768345463
1.0,3.21,16.0,-0.19977895006760846
1.0,3.21,17.0,-0.01751351150348681
1.0,3.21,18.0,-0.08906197146945194
1.0,3.21,19.0,-0.07175677437441219
1.0,3.21,20.0,-0.038026464569447305
1.0,3.21,21.0,1.1687917855773833e-09
1.0,3.41,0.0,0.46450402217182024
1.0,3.41,1.0,0.0006898305234513402
1.0,3.41,2.0,0.008720248796902696
1.0,3.41,3.0,8.930037820320536e-10
1.0,3.41,4.0,-0.03157069483620803
1.0,3.41,5.0,-0.056507148851224064
1.0,3.41,6.0,-0.018696183025426305
1.0,3.41,7.0,-0.0010930863789258977
1.0,3.41,8.0,8.930037820320536e-10
1.0,3.41,9.0,-0.05715584538096742
1.0,3.41,10.0,-0.002615232320284905
1.0,3.41,11.0,8.930037820320536e-10
1.0,3.41,12.0,-0.04220655512601901
1.0,3.41,13.0,0.002238140393273691
1.0,3.41,14.0,0.238658533072025
1.0,3.41,15.0,0.00014698616253230878
1.0,3.41,16.0,-0.21088384964317075
1.0,3.41,17.0,-0.017824678235004686
1.0,3.41,18.0,-0.093956524804676
1.0,3.41,19.0,-0.07610876148242565
1.0,3.41,20.0,-0.03966304460222558
1.0,3.41,21.0,1.1687918133329589e-09
1.0,3.61,0.0,0.4916410419478498
1.0,3.61,1.0,0.0007304500243315304
1.0,3.61,2.0,0.00923006760501116
1.0,3.61,3.0,8.930037820320536e-10
1.0,3.61,4.0,-0.031570628301016326
1.0,3.61,5.0,-0.05708168686724517
1.0,3.61,6.0,-0.01990567147209507
1.0,3.61,7.0,-0.0009925312813923448
1.0,3.61,8.0,8.930037820320536e-10
1.0,3.61,9.0,-0.060501181271508525
1.0,3.61,10.0,-0.002491937875949285
1.0,3.61,11.0,8.930037820320536e-10
1.0,3.61,12.0,-0.04398983393914213
1.0,3.61,13.0,0.0023690385949451387
1.0,3.61,14.0,0.25256689952963907
1.0,3.61,15.0,0.0001554705017407232
1.0,3.61,16.0,-0.21994756522618308
1.0,3.61,17.0,-0.018128723520855497
1.0,3.61,18.0,-0.098196094155961
1.0,3.61,19.0,-0.08007926367699418
1.0,3.61,20.0,-0.04100331765945214
1.0,3.61,21.0,1.1687918133329589e-09
1.0,3.81,0.0,0.5192450616002244
1.0,3.81,1.0,0.0007736982550644034
1.0,3.81,2.0,0.009747395551685273
1.0,3.81,3.0,8.930037820320536e-10
1.0,3.81,4.0,-0.03156912444986204
1.0,3.81,5.0,-0.057443727892268606
1.0,3.81,6.0,-0.02116378578927744
1.0,3.81,7.0,-0.0010177726157409722
1.0,3.81,8.0,8.930037820320536e-10
1.0,3.81,9.0,-0.06389840463097253
1.0,3.81,10.0,-0.0024213212898137604
1.0,3.81,11.0,8.930037820320536e-10
1.0,3.81,12.0,-0.04534595319455087
1.0,3.81,13.0,0.002502056350349835
1.0,3.81,14.0,0.26664434995580644
1.0,3.81,15.0,0.0001631334000461726
1.0,3.81,16.0,-0.2253979183429791
1.0,3.81,17.0,-0.01843069882680308
1.0,3.81,18.0,-0.10111643069077719
1.0,3.81,19.0,-0.08358120335745829
1.0,3.81,20.0,-0.04194758772030227
1.0,3.81,21.0,1.1687918133329589e-09
1.0,4.01,0.0,0.5465594804499396
1.0,4.01,1.0,0.0008109390697056962
1.0,4.01,2.0,0.01026066612694329
1.0,4.01,3.0,8.930037820320536e-10
1.0,4.01,4.0,-0.031570030381040184
1.0,4.01,5.0,-0.057649817200488694
1.0,4.01,6.0,-0.022438676645751998
1.0,4.01,7.0,-0.0010994944695684045
1.0,4.01,8.0,8.930037820320536e-10
1.0,4.01,9.0,-0.06722953826170125
1.0,4.01,10.0,-0.002301608188303078
1.0,4.01,11.0,8.930037820320536e-10
1.0,4.01,12.0,-0.0457675027516804
1.0,4.01,13.0,0.0026331297846931834
1.0,4.01,14.0,0.2807741021528539
1.0,4.01,15.0,0.00017305842468870458
1.0,4.01,16.0,-0.2275485252796813
1.0,4.01,17.0,-0.018703180562469706
1.0,4.01,18.0,-0.10287261647190837
1.0,4.01,19.0,-0.08659015066817918
1.0,4.01,20.0,-0.042396574327553255
1.0,4.01,21.0,1.1687918133329589e-09
2.0,0.01,0.0,0.002989259228004193
2.0,0.01,1.0,1.874926686745715e-05
2.0,0.01,2.0,0.0005822408581188654
2.0,0.01,3.0,6.98975155533077e-10
2.0,0.01,4.0,0.0011816097689215654
2.0,0.01,5.0,-0.0013998292696494469
2.0,0.01,6.0,0.0008768169178020035
2.0,0.01,7.0,-7.970397509055076e-08
2.0,0.01,8.0,6.98975155533077e-10
2.0,0.01,9.0,-0.00019073115078174774
2.0,0.01,10.0,-0.0006117756954379938
2.0,0.01,11.0,6.98975155533077e-10
2.0,0.01,12.0,6.40348413794567e-05
2.0,0.01,13.0,0.00025048114999493
2.0,0.01,14.0,-0.0007261807298352673
2.0,0.01,15.0,1.3085906484244791e-06
2.0,0.01,16.0,0.0010545873263955174
2.0,0.01,17.0,-3.3961626222236077e-06
2.0,0.01,18.0,0.001762879620121116
2.0,0.01,19.0,0.0004542725072487208
2.0,0.01,20.0,0.0003855498312403949
2.0,0.01,21.0,1.0970886143990555e-09
2.0,0.21,0.0,0.03855728949526671
2.0,0.21,1.0,0.00021458280140351782
2.0,0.21,2.0,0.009287870611768223
2.0,0.21,3.0,6.98975155533077e-10
2.0,0.21,4.0,0.013342972129498087
2.0,0.21,5.0,-0.005933621515727603
2.0,0.21,6.0,0.0036595234993930803
2.0,0.21,7.0,-7.970397515990283e-08
2.0,0.21,8.0,6.98975155533077e-10
2.0,0.21,9.0,-0.0028910913781118597
2.0,0.21,10.0,-0.0023177169726370517
2.0,0.21,11.0,6.98975155533077e-10
2.0,0.21,12.0,0.003210613302551457
2.0,0.21,13.0,0.003589170797008129
2.0,0.21,14.0,-0.0007296211122091545
2.0,0.21,15.0,1.4824160934734376e-05
2.0,0.21,16.0,0.01090701541048078
2.0,0.21,17.0,-3.396164451047653e-06
2.0,0.21,18.0,0.009087035219822126
2.0,0.21,19.0,0.002535049335703199
2.0,0.21,20.0,0.009218522924995198
2.0,0.21,21.0,1.0970886143990555e-09
2.0,0.41,0.0,0.07356340643098247
2.0,0.41,1.0,0.0004103999373885614
2.0,0.41,2.0,0.018058328689937786
2.0,0.41,3.0,6.98975155533077e-10
2.0,0.41,4.0,0.025423981481333624
2.0,0.41,5.0,-0.010389873401337308
2.0,0.41,6.0,0.007036608647511378
2.0,0.41,7.0,-7.970397517234917e-08
2.0,0.41,8.0,6.98975155533077e-10
2.0,0.41,9.0,-0.005620322467691757
2.0,0.41,10.0,-0.00392647242977362
2.0,0.41,11.0,6.98975155533077e-10
2.0,0.41,12.0,0.007438185065244407
2.0,0.41,13.0,0.0069568126953287734
2.0,0.41,14.0,-0.0007308229226586612
2.0,0.41,15.0,2.8145459416983876e-05
2.0,0.41,16.0,0.021597541235206408
2.0,0.41,17.0,-3.3961648516373083e-06
2.0,0.41,18.0,0.01457386208900957
2.0,0.41,19.0,0.0037098129760657628
2.0,0.41,20.0,0.018682734562271375
2.0,0.41,21.0,1.0970886143990555e-09
2.0,0.61,0.0,0.10876561086087089
2.0,0.61,1.0,0.0006080163673450323
2.0,0.61,2.0,0.026628812660105472
2.0,0.61,3.0,6.98975155533077e-10
2.0,0.61,4.0,0.03703179647416033
2.0,0.61,5.0,-0.014709660418521772
2.0,0.61,6.0,0.010896479174419271
2.0,0.61,7.0,-7.970397517535062e-08
2.0,0.61,8.0,6.98975155533077e-10
2.0,0.61,9.0,-0.008306324081850863
2.0,0.61,10.0,-0.005589022943466887
2.0,0.61,11.0,6.98975155533077e-10
2.0,0.61,12.0,0.010795294870001693
2.0,0.61,13.0,0.010281711647821129
2.0,0.61,14.0,-0.0007312448462938842
2.0,0.61,15.0,4.134477448666796e-05
2.0,0.61,16.0,0.03249453952492287
2.0,0.61,17.0,-3.396164942221919e-06
2.0,0.61,18.0,0.020780444837334544
2.0,0.61,19.0,0.005195938286068569
2.0,0.61,20.0,0.027254801938779716
2.0,0.61,21.0,1.0970886143990555e-09
2.0,0.81,0.0,0.143848677516344
2.0,0.81,1.0,0.0008031464435080404
2.0,0.81,2.0,0.03521501010085093
2.0,0.81,3.0,6.98975155533077e-10
2.0,0.81,4.0,0.04888655081006921
2.0,0.81,5.0,-0.01879798852000713
2.0,0.81,6.0,0.013957220040643536
2.0,0.81,7.0,-7.970397517596741e-08
2.0,0.81,8.0,6.98975155533077e-10
2.0,0.81,9.0,-0.010982747533679782
2.0,0.81,10.0,-0.007142711115514788
2.0,0.81,11.0,6.98975155533077e-10
2.0,0.81,12.0,0.014288821194754275
2.0,0.81,13.0,0.013592819257464972
2.0,0.81,14.0,-0.0007313941514985174
2.0,0.81,15.0,5.457981920217736e-05
2.0,0.81,16.0,0.04272467148427528
2.0,0.81,17.0,-3.396164963135171e-06
2.0,0.81,18.0,0.02711681517387099
2.0,0.81,19.0,0.006840685088388032
2.0,0.81,20.0,0.03612443981777963
2.0,0.81,21.0,1.0970886143990555e-09
2.0,1.01,0.0,0.1785825989685027
2.0,1.01,1.0,0.0009957579643050107
2.0,1.01,2.0,0.04371253129918934
2.0,1.01,3.0,6.98975155533077e-10
2.0,1.01,4.0,0.06082196542262219
2.0,1.01,5.0,-0.022516144137249415
2.0,1.01,6.0,0.016109174730287223
2.0,1.01,7.0,-7.970397517574844e-08
2.0,1.01,8.0,6.98975155533077e-10
2.0,1.01,9.0,-0.013628509303832054
2.0,1.01,10.0,-0.008538360932549033
2.0,1.01,11.0,6.98975155533077e-10
2.0,1.01,12.0,0.017996568707855376
2.0,1.01,13.0,0.016866160945757352
2.0,1.01,14.0,-0.0007314475094341728
2.0,1.01,15.0,6.767391658607513e-05
2.0,1.01,16.0,0.0523167812139711
2.0,1.01,17.0,-3.3961649682541215e-06
2.0,1.01,18.0,0.03340994929440366
2.0,1.01,19.0,0.008628953855957688
2.0,1.01,20.0,0.04526575591568349
2.0,1.01,21.0,1.0970886143990555e-09
2.0,1.21,0.0,0.21152499072411346
2.0,1.21,1.0,0.0011796946060547708
2.0,1.21,2.0,0.05167562922529767
2.0,1.21,3.0,6.98975155533077e-10
2.0,1.21,4.0,0.0713007946862304
2.0,1.21,5.0,-0.025600942155788613
2.0,1.21,6.0,0.02028852918250118
2.0,1.21,7.0,-7.970397517581388e-08
2.0,1.21,8.0,6.98975155533077e-10
2.0,1.21,9.0,-0.016126977630976702
2.0,1.21,10.0,-0.009921280181234768
2.0,1.21,11.0,6.98975155533077e-10
2.0,1.21,12.0,0.02033104735559338
2.0,1.21,13.0,0.019958456331788083
2.0,1.21,14.0,-0.0007314665962589686
2.0,1.21,15.0,7.984835728261364e-05
2.0,1.21,16.0,0.06289031986956961
2.0,1.21,17.0,-3.396164969769254e-06
2.0,1.21,18.0,0.039130883693942686
2.0,1.21,19.0,0.009970085172463283
2.0,1.21,20.0,0.05249116680001453
2.0,1.21,21.0,1.0970886143990555e-09
2.0,1.41,0.0,0.23195719516620772
2.0,1.41,1.0,0.0012940008427503868
2.0,1.41,2.0,0.05666442522798493
2.0,1.41,3.0,6.98975155533077e-10
2.0,1.41,4.0,0.07810064776386894
2.0,1.41,5.0,-0.02743605209303035
2.0,1.41,6.0,0.022164538055110927
2.0,1.41,7.0,-7.970397517478682e-08
2.0,1.41,8.0,6.98975155533077e-10
2.0,1.41,9.0,-0.017685685089099568
2.0,1.41,10.0,-0.010711533579213797
2.0,1.41,11.0,6.98975155533077e-10
2.0,1.41,12.0,0.022184644840858136
2.0,1.41,13.0,0.021887772044695247
2.0,1.41,14.0,-0.0007314728447942452
2.0,1.41,15.0,8.756713102262004e-05
2.0,1.41,16.0,0.06898119038752082
2.0,1.41,17.0,-3.396164970113744e-06
2.0,1.41,18.0,0.042657209370037474
2.0,1.41,19.0,0.010877196624735186
2.0,1.41,20.0,0.057472827507653035
2.0,1.41,21.0,1.0970886143990555e-09
2.0,1.61,0.0,0.23474130835338625
2.0,1.61,1.0,0.0013119505114880248
2.0,1.61,2.0,0.05738127521768016
2.0,1.61,3.0,6.98975155533077e-10
2.0,1.61,4.0,0.0790911936313633
2.0,1.61,5.0,-0.027986485308253515
2.0,1.61,6.0,0.02260840370169276
2.0,1.61,7.0,-7.970397517315258e-08
2.0,1.61,8.0,6.98975155533077e-10
2.0,1.61,9.0,-0.017912896659133426
2.0,1.61,10.0,-0.010925116830066195
2.0,1.61,11.0,6.98975155533077e-10
2.0,1.61,12.0,0.02250548314120515
2.0,1.61,13.0,0.022170528017323055
2.0,1.61,14.0,-0.0007314745860902055
2.0,1.61,15.0,8.889365448500053e-05
2.0,1.61,16.0,0.06995594576697173
2.0,1.61,17.0,-3.396164970182142e-06
2.0,1.61,18.0,0.043284991358206626
2.0,1.61,19.0,0.011030499919150505
2.0,1.61,20.0,0.058205132804462156
2.0,1.61,21.0,1.0970886143990555e-09
2.0,1.81,0.0,0.23480840350418508
2.0,1.81,1.0,0.0013125555026355373
2.0,1.81,2.0,0.05740077204295768
2.0,1.81,3.0,6.98975155533077e-10
2.0,1.81,4.0,0.07912790134163261
2.0,1.81,5.0,-0.028140414700843885
2.0,1.81,6.0,0.022697260203991487
2.0,1.81,7.0,-7.970397516048286e-08
2.0,1.81,8.0,6.98975155533077e-10
2.0,1.81,9.0,-0.01791930248375198
2.0,1.81,10.0,-0.01096827829048004
2.0,1.81,11.0,6.98975155533077e-10
2.0,1.81,12.0,0.02259263080113616
2.0,1.81,13.0,0.022178621984141916
2.0,1.81,14.0,-0.0007314752207506814
2.0,1.81,15.0,8.89491192198888e-05
2.0,1.81,16.0,0.07000814973876035
2.0,1.81,17.0,-3.396164970017279e-06
2.0,1.81,18.0,0.04327165128006594
2.0,1.81,19.0,0.010991531511875152
2.0,1.81,20.0,0.058272501277014666
2.0,1.81,21.0,1.0970886143990555e-09
2.0,2.01,0.0,0.23480921368683072
2.0,2.01,1.0,0.0013125669092553527
2.0,2.01,2.0,0.0574010747435752
2.0,2.01,3.0,6.98975155533077e-10
2.0,2.01,4.0,0.07909529420863737
2.0,2.01,5.0,-0.02820865570087395
2.0,2.01,6.0,0.02277747425982185
2.0,2.01,7.0,-7.9703975173668e-08
2.0,2.01,8.0,6.98975155533077e-10
2.0,2.01,9.0,-0.017919396577600166
2.0,2.01,10.0,-0.01100420923300921
2.0,2.01,11.0,6.98975155533077e-10
2.0,2.01,12.0,0.022448187415019638
2.0,2.01,13.0,0.022178744355623614
2.0,2.01,14.0,-0.0007314755680374497
2.0,2.01,15.0,8.895053356478e-05
2.0,2.01,16.0,0.0700617225744482
2.0,2.01,17.0,-3.396164970206113e-06
2.0,2.01,18.0,0.04342213485357094
2.0,2.01,19.0,0.011059968450489066
2.0,2.01,20.0,0.05815474701715839
2.0,2.01,21.0,1.0970886143990555e-09
2.0,2.21,0.0,0.2348092221594975
2.0,2.21,1.0,0.00131256711372707
2.0,2.21,2.0,0.05740122316802526
2.0,2.21,3.0,6.98975155533077e-10
2.0,2.21,4.0,0.07933492695593403
2.0,2.21,5.0,-0.028248482554384138
2.0,2.21,6.0,0.021835256046874807
2.0,2.21,7.0,-7.970397516422256e-08
2.0,2.21,8.0,6.98975155533077e-10
2.0,2.21,9.0,-0.017919397812191484
2.0,2.21,10.0,-0.011034362590366484
2.0,2.21,11.0,6.98975155533077e-10
2.0,2.21,12.0,0.021839442867001735
2.0,2.21,13.0,0.022178746063447274
2.0,2.21,14.0,-0.0007314757727669445
2.0,2.21,15.0,8.895057550770136e-05
2.0,2.21,16.0,0.06941578412140326
2.0,2.21,17.0,-3.3961649701526544e-06
2.0,2.21,18.0,0.04468298336339882
2.0,2.21,19.0,0.011715244746436704
2.0,2.21,20.0,0.05796561874371908
2.0,2.21,21.0,1.0970886143990555e-09
2.0,2.41,0.0,0.2348092222872451
2.0,2.41,1.0,0.0013125671254516913
2.0,2.41,2.0,0.05740110473057475
2.0,2.41,3.0,6.98975155533077e-10
2.0,2.41,4.0,0.07905333480048138
2.0,2.41,5.0,-0.028274492819054343
2.0,2.41,6.0,0.022903394615822414
2.0,2.41,7.0,-7.970397516988715e-08
2.0,2.41,8.0,6.98975155533077e-10
2.0,2.41,9.0,-0.017919397835125944
2.0,2.41,10.0,-0.011044459825923808
2.0,2.41,11.0,6.98975155533077e-10
2.0,2.41,12.0,0.02226845330293936
2.0,2.41,13.0,0.022178746101339936
2.0,2.41,14.0,-0.0007314759151023724
2.0,2.41,15.0,8.895057738536605e-05
2.0,2.41,16.0,0.07014246888109921
2.0,2.41,17.0,-3.3961649701724317e-06
2.0,2.41,18.0,0.04358553523615527
2.0,2.41,19.0,0.011124245774014552
2.0,2.41,20.0,0.0580068716062111
2.0,2.41,21.0,1.0970886143990555e-09
2.0,2.61,0.0,0.23480922229260948
2.0,2.61,1.0,0.0013125671299343833
2.0,2.61,2.0,0.05740109500551904
2.0,2.61,3.0,6.98975155533077e-10
2.0,2.61,4.0,0.0790380393529202
2.0,2.61,5.0,-0.028293535269292094
2.0,2.61,6.0,0.023022607929579275
2.0,2.61,7.0,-7.970397517522765e-08
2.0,2.61,8.0,6.98975155533077e-10
2.0,2.61,9.0,-0.017919397835598816
2.0,2.61,10.0,-0.011050766458483352
2.0,2.61,11.0,6.98975155533077e-10
2.0,2.61,12.0,0.02230251373400649
2.0,2.61,13.0,0.022178746103575925
2.0,2.61,14.0,-0.0007314760232599016
2.0,2.61,15.0,8.895057737268175e-05
2.0,2.61,16.0,0.07020207460973282
2.0,2.61,17.0,-3.3961649703152076e-06
2.0,2.61,18.0,0.04348882965922851
2.0,2.61,19.0,0.011047921935863902
2.0,2.61,20.0,0.058009872058303324
2.0,2.61,21.0,1.0970886143990555e-09
2.0,2.81,0.0,0.2348092222852799
2.0,2.81,1.0,0.0013125671219574309
2.0,2.81,2.0,0.057401116732742785
2.0,2.81,3.0,6.98975155533077e-10
2.0,2.81,4.0,0.07895586348578754
2.0,2.81,5.0,-0.028307938358841683
2.0,2.81,6.0,0.02344975434802915
2.0,2.81,7.0,-7.970397517578918e-08
2.0,2.81,8.0,6.98975155533077e-10
2.0,2.81,9.0,-0.01791939783939575
2.0,2.81,10.0,-0.011081825900962253
2.0,2.81,11.0,6.98975155533077e-10
2.0,2.81,12.0,0.02215826560116646
2.0,2.81,13.0,0.02217874610787407
2.0,2.81,14.0,-0.0007314761037141903
2.0,2.81,15.0,8.895057855035082e-05
2.0,2.81,16.0,0.0704416826671862
2.0,2.81,17.0,-3.3961649703448817e-06
2.0,2.81,18.0,0.04339194652119649
2.0,2.81,19.0,0.010904186894484913
2.0,2.81,20.0,0.057841041790610004
2.0,2.81,21.0,1.0970886143990555e-09
2.0,3.01,0.0,0.23480922158716833
2.0,3.01,1.0,0.0013125670348838603
2.0,3.01,2.0,0.05740111589853791
2.0,3.01,3.0,6.98975155533077e-10
2.0,3.01,4.0,0.07904626846495322
2.0,3.01,5.0,-0.028319239950746165
2.0,3.01,6.0,0.022969778373775507
2.0,3.01,7.0,-7.97039751761418e-08
2.0,3.01,8.0,6.98975155533077e-10
2.0,3.01,9.0,-0.017919398022783445
2.0,3.01,10.0,-0.01105719237211951
2.0,3.01,11.0,6.98975155533077e-10
2.0,3.01,12.0,0.022295748713655417
2.0,3.01,13.0,0.022178746306476288
2.0,3.01,14.0,-0.0007314761685627567
2.0,3.01,15.0,8.895058771102304e-05
2.0,3.01,16.0,0.07017325237608418
2.0,3.01,17.0,-3.3961649703638108e-06
2.0,3.01,18.0,0.04354324581526536
2.0,3.01,19.0,0.011087917998238994
2.0,3.01,20.0,0.05801459947463272
2.0,3.01,21.0,1.0970886143990555e-09
2.0,3.21,0.0,0.23480838354530953
2.0,3.21,1.0,0.0013125321918295296
2.0,3.21,2.0,0.05740373924878189
2.0,3.21,3.0,6.98975155533077e-10
2.0,3.21,4.0,0.079051345959674
2.0,3.21,5.0,-0.028328349992754916
2.0,3.21,6.0,0.022993811028467148
2.0,3.21,7.0,-7.970397517549698e-08
2.0,3.21,8.0,6.98975155533077e-10
2.0,3.21,9.0,-0.01791954871679352
2.0,3.21,10.0,-0.011067016842851551
2.0,3.21,11.0,6.98975155533077e-10
2.0,3.21,12.0,0.022210711758777923
2.0,3.21,13.0,0.022178912916807153
2.0,3.21,14.0,-0.0007314762161082958
2.0,3.21,15.0,8.89535411235376e-05
2.0,3.21,16.0,0.0701646801571223
2.0,3.21,17.0,-3.3961649703160784e-06
2.0,3.21,18.0,0.043625152018898494
2.0,3.21,19.0,0.011103332382734643
2.0,3.21,20.0,0.05796220710684763
2.0,3.21,21.0,1.0970886143990555e-09
2.0,3.41,0.0,0.23475670814731642
2.0,3.41,1.0,0.0013114619170301878
2.0,3.41,2.0,0.057468866875204305
2.0,3.41,3.0,6.98975155533077e-10
2.0,3.41,4.0,0.07914092662730554
2.0,3.41,5.0,-0.028335522157156637
2.0,3.41,6.0,0.0230240733050448
2.0,3.41,7.0,-7.9703975176547e-08
2.0,3.41,8.0,6.98975155533077e-10
2.0,3.41,9.0,-0.017926325608952992
2.0,3.41,10.0,-0.011065768126142267
2.0,3.41,11.0,6.98975155533077e-10
2.0,3.41,12.0,0.022259774212734285
2.0,3.41,13.0,0.022186470907197192
2.0,3.41,14.0,-0.0007314762735060423
2.0,3.41,15.0,8.902443109767844e-05
2.0,3.41,16.0,0.07012514430336703
2.0,3.41,17.0,-3.396164970407972e-06
2.0,3.41,18.0,0.04355749056175817
2.0,3.41,19.0,0.011003502057625958
2.0,3.41,20.0,0.05805837068217801
2.0,3.41,21.0,1.0970886143990555e-09
2.0,3.61,0.0,0.23395786482371084
2.0,3.61,1.0,0.0013008425257161615
2.0,3.61,2.0,0.05812316561566716
2.0,3.61,3.0,6.98975155533077e-10
2.0,3.61,4.0,0.07987834050386788
2.0,3.61,5.0,-0.028342479047253486
2.0,3.61,6.0,0.023148580558230714
2.0,3.61,7.0,-7.970397517663357e-08
2.0,3.61,8.0,6.98975155533077e-10
2.0,3.61,9.0,-0.018011473163535324
2.0,3.61,10.0,-0.011120625571402934
2.0,3.61,11.0,6.98975155533077e-10
2.0,3.61,12.0,0.02173594026028358
2.0,3.61,13.0,0.022281126646501587
2.0,3.61,14.0,-0.0007314763391789311
2.0,3.61,15.0,8.962760651973212e-05
2.0,3.61,16.0,0.06990946341989712
2.0,3.61,17.0,-3.3961649704288146e-06
2.0,3.61,18.0,0.0438516161326864
2.0,3.61,19.0,0.010708841740895148
2.0,3.61,20.0,0.0583136939225406
2.0,3.61,21.0,1.0970886143990555e-09
2.0,3.81,0.0,0.2340937329351125
2.0,3.81,1.0,0.001305162785317504
2.0,3.81,2.0,0.05787213596878543
2.0,3.81,3.0,6.98975155533077e-10
2.0,3.81,4.0,0.07963042178131019
2.0,3.81,5.0,-0.028347283855397497
2.0,3.81,6.0,0.02287298610545213
2.0,3.81,7.0,-7.970397517666161e-08
2.0,3.81,8.0,6.98975155533077e-10
2.0,3.81,9.0,-0.017989078242501844
2.0,3.81,10.0,-0.011076730594387213
2.0,3.81,11.0,6.98975155533077e-10
2.0,3.81,12.0,0.02212770063206876
2.0,3.81,13.0,0.022254708453365607
2.0,3.81,14.0,-0.0007314763786598552
2.0,3.81,15.0,8.929895190246118e-05
2.0,3.81,16.0,0.06998026378124422
2.0,3.81,17.0,-3.396164970451474e-06
2.0,3.81,18.0,0.04362327329386795
2.0,3.81,19.0,0.01088526683520763
2.0,3.81,20.0,0.05835665314495253
2.0,3.81,21.0,1.0970886143990555e-09
2.0,4.01,0.0,0.23451835665732612
2.0,4.01,1.0,0.001310380023307245
2.0,4.01,2.0,0.05754837882646813
2.0,4.01,3.0,6.98975155533077e-10
2.0,4.01,4.0,0.07924013147216502
2.0,4.01,5.0,-0.028351469740244446
2.0,4.01,6.0,0.022877345060293652
2.0,4.01,7.0,-7.970397517666377e-08
2.0,4.01,8.0,6.98975155533077e-10
2.0,4.01,9.0,-0.017943203702174892
2.0,4.01,10.0,-0.011059187246571345
2.0,4.01,11.0,6.98975155533077e-10
2.0,4.01,12.0,0.022323861163106584
2.0,4.01,13.0,0.02220485177477724
2.0,4.01,14.0,-0.0007314764081714846
2.0,4.01,15.0,8.902096842600127e-05
2.0,4.01,16.0,0.07009549897750211
2.0,4.01,17.0,-3.3961649704598186e-06
2.0,4.01,18.0,0.043525266665529916
2.0,4.01,19.0,0.011026173773624859
2.0,4.01,20.0,0.05818109387279202
2.0,4.01,21.0,1.0970886143990555e-09
3.0,0.01,0.0,0.016455905249164293
3.0,0.01,1.0,0.0002747572326490255
3.0,0.01,2.0,0.004201109281301962
3.0,0.01,3.0,7.034272886397019e-10
3.0,0.01,4.0,-0.00397290022307667
3.0,0.01,5.0,-0.007103887272299976
3.0,0.01,6.0,-9.647122461459157e-05
3.0,0.01,7.0,-0.008290438174994114
3.0,0.01,8.0,7.034272886397019e-10
3.0,0.01,9.0,0.00020882826609378013
3.0,0.01,10.0,-0.0012105307974800417
3.0,0.01,11.0,7.034272886397019e-10
3.0,0.01,12.0,-2.7432445889402635e-05
3.0,0.01,13.0,0.0018348845198054575
3.0,0.01,14.0,-1.527479024947892e-05
3.0,0.01,15.0,4.451434396504639e-05
3.0,0.01,16.0,0.0009847766767031585
3.0,0.01,17.0,-0.013063310902254086
3.0,0.01,18.0,0.0018420181487397158
3.0,0.01,19.0,-0.006840106178966798
3.0,0.01,20.0,0.009038388575752121
3.0,0.01,21.0,8.909586957095428e-10
3.0,0.21,0.0,0.0589698078255263
3.0,0.21,1.0,0.0009193579742913793
3.0,0.21,2.0,0.013217902480933408
3.0,0.21,3.0,7.034272886397019e-10
3.0,0.21,4.0,-0.009369303058450462
3.0,0.21,5.0,-0.007964900384710177
3.0,0.21,6.0,-0.0014453024034339346
3.0,0.21,7.0,-0.01353225221661672
3.0,0.21,8.0,7.034272886397019e-10
3.0,0.21,9.0,0.0007022516208045615
3.0,0.21,10.0,-0.0012394763396133823
3.0,0.21,11.0,7.034272886397019e-10
3.0,0.21,12.0,-0.0012644701293528515
3.0,0.21,13.0,0.005989967808208235
3.0,0.21,14.0,-1.5274937175210872e-05
3.0,0.21,15.0,0.00012824891475124445
3.0,0.21,16.0,-0.0024183911236302924
3.0,0.21,17.0,-0.024868896208168408
3.0,0.21,18.0,0.0019411677536939065
3.0,0.21,19.0,-0.024266811307401714
3.0,0.21,20.0,0.027807814125043184
3.0,0.21,21.0,8.909586957095428e-10
3.0,0.41,0.0,0.0976531764898968
3.0,0.41,1.0,0.0015144301360749957
3.0,0.41,2.0,0.021275775241123784
3.0,0.41,3.0,7.034272886397019e-10
3.0,0.41,4.0,-0.013331756443475729
3.0,0.41,5.0,-0.008221651170346029
3.0,0.41,6.0,-0.0024407029301881655
3.0,0.41,7.0,-0.016963893674105
3.0,0.41,8.0,7.034272886397019e-10
3.0,0.41,9.0,0.001162957923061786
3.0,0.41,10.0,-0.0011824460718371232
3.0,0.41,11.0,7.034272886397019e-10
3.0,0.41,12.0,-0.0024082777594167937
3.0,0.41,13.0,0.00976878454142538
3.0,0.41,14.0,-1.5274978760456502e-05
3.0,0.41,15.0,0.00020347283049690357
3.0,0.41,16.0,-0.005566625457183838
3.0,0.41,17.0,-0.03233373287643791
3.0,0.41,18.0,0.001908884668797406
3.0,0.41,19.0,-0.04000152095585166
3.0,0.41,20.0,0.044912844890142245
3.0,0.41,21.0,8.909586957095428e-10
3.0,0.61,0.0,0.1328457947427235
3.0,0.61,1.0,0.002045425700474779
3.0,0.61,2.0,0.029111442414729516
3.0,0.61,3.0,7.034272886397019e-10
3.0,0.61,4.0,-0.015833721751643604
3.0,0.61,5.0,-0.008301289652852765
3.0,0.61,6.0,-0.003342839080798632
3.0,0.61,7.0,-0.018893264551721134
3.0,0.61,8.0,7.034272886397019e-10
3.0,0.61,9.0,0.0015619200883839612
3.0,0.61,10.0,-0.0011048736173000229
3.0,0.61,11.0,7.034272886397019e-10
3.0,0.61,12.0,-0.0034330335208527796
3.0,0.61,13.0,0.013267497804219652
3.0,0.61,14.0,-1.5274991154444336e-05
3.0,0.61,15.0,0.0002757622757950384
3.0,0.61,16.0,-0.00843288523343233
3.0,0.61,17.0,-0.035827442572983016
3.0,0.61,18.0,0.001856463384556667
3.0,0.61,19.0,-0.05403164559720486
3.0,0.61,20.0,0.06099108495046368
3.0,0.61,21.0,8.909586957095428e-10
3.0,0.81,0.0,0.1661881757318746
3.0,0.81,1.0,0.002549478828554552
3.0,0.81,2.0,0.03672573725204098
3.0,0.81,3.0,7.034272886397019e-10
3.0,0.81,4.0,-0.01747113155953889
3.0,0.81,5.0,-0.008328041820569409
3.0,0.81,6.0,-0.004097888983707942
3.0,0.81,7.0,-0.019954725586740385
3.0,0.81,8.0,7.034272886397019e-10
3.0,0.81,9.0,0.0019425022629828148
3.0,0.81,10.0,-0.0010244768363437684
3.0,0.81,11.0,7.034272886397019e-10
3.0,0.81,12.0,-0.004389657205464748
3.0,0.81,13.0,0.01657675179493373
3.0,0.81,14.0,-1.5274994719175162e-05
3.0,0.81,15.0,0.0003441496951873957
3.0,0.81,16.0,-0.011090197291478476
3.0,0.81,17.0,-0.03706350462695289
3.0,0.81,18.0,0.0018017978295759018
3.0,0.81,19.0,-0.06708438294342334
3.0,0.81,20.0,0.07620912778149946
3.0,0.81,21.0,8.909586957095428e-10
3.0,1.01,0.0,0.198924583084239
3.0,1.01,1.0,0.003073191145205323
3.0,1.01,2.0,0.04181907526609924
3.0,1.01,3.0,7.034273163952776e-10
3.0,1.01,4.0,-0.019181596134842105
3.0,1.01,5.0,-0.008337714917944637
3.0,1.01,6.0,-0.004371367998543263
3.0,1.01,7.0,-0.020650403731061195
3.0,1.01,8.0,7.034273163952776e-10
3.0,1.01,9.0,0.0023554862924730913
3.0,1.01,10.0,-0.0009441614267391152
3.0,1.01,11.0,7.034273163952776e-10
3.0,1.01,12.0,-0.005314484181747597
3.0,1.01,13.0,0.019758899327967677
3.0,1.01,14.0,-1.527499624077933e-05
3.0,1.01,15.0,0.0004030224587425191
3.0,1.01,16.0,-0.013436416272970375
3.0,1.01,17.0,-0.037426848126210915
3.0,1.01,18.0,0.001748443705615721
3.0,1.01,19.0,-0.07973882988793085
3.0,1.01,20.0,0.0909379488984563
3.0,1.01,21.0,8.909586957095428e-10
3.0,1.21,0.0,0.23111771746171206
3.0,1.21,1.0,0.003553062224985526
3.0,1.21,2.0,0.04932203545565311
3.0,1.21,3.0,7.034272886397019e-10
3.0,1.21,4.0,-0.020420132477076136
3.0,1.21,5.0,-0.008341340050774693
3.0,1.21,6.0,-0.004879799463131773
3.0,1.21,7.0,-0.021238710461711663
3.0,1.21,8.0,7.034272886397019e-10
3.0,1.21,9.0,0.002711426568177272
3.0,1.21,10.0,-0.0008633642350162063
3.0,1.21,11.0,7.034272886397019e-10
3.0,1.21,12.0,-0.006217311490959637
3.0,1.21,13.0,0.02296625601766175
3.0,1.21,14.0,-1.527499690244394e-05
3.0,1.21,15.0,0.00046970877665750144
3.0,1.21,16.0,-0.015929410934897303
3.0,1.21,17.0,-0.03752395351702587
3.0,1.21,18.0,0.001692224436591394
3.0,1.21,19.0,-0.09229152723596296
3.0,1.21,20.0,0.10579259668969787
3.0,1.21,21.0,8.909586957095428e-10
3.0,1.41,0.0,0.2622408482539733
3.0,1.41,1.0,0.00401888106042797
3.0,1.41,2.0,0.056296569840780686
3.0,1.41,3.0,7.034272886397019e-10
3.0,1.41,4.0,-0.021630147830798085
3.0,1.41,5.0,-0.0083427300830186
3.0,1.41,6.0,-0.005281526274234782
3.0,1.41,7.0,-0.021771546289623106
3.0,1.41,8.0,7.034272886397019e-10
3.0,1.41,9.0,0.0030590301133079367
3.0,1.41,10.0,-0.0007863545807598737
3.0,1.41,11.0,7.034272886397019e-10
3.0,1.41,12.0,-0.007081218454107946
3.0,1.41,13.0,0.026041979704847562
3.0,1.41,14.0,-1.5274997104505973e-05
3.0,1.41,15.0,0.0005320103895949946
3.0,1.41,16.0,-0.018290891653367836
3.0,1.41,17.0,-0.037548775943451226
3.0,1.41,18.0,0.001637581012453121
3.0,1.41,19.0,-0.10432511776328052
3.0,1.41,20.0,0.12003408939958116
3.0,1.41,21.0,8.909586957095428e-10
3.0,1.61,0.0,0.28250349141897324
3.0,1.61,1.0,0.004323777262576878
3.0,1.61,2.0,0.06072148925535753
3.0,1.61,3.0,7.034272886397019e-10
3.0,1.61,4.0,-0.022427611204152986
3.0,1.61,5.0,-0.008343220557039916
3.0,1.61,6.0,-0.005551986161904665
3.0,1.61,7.0,-0.022112513240439724
3.0,1.61,8.0,7.034272886397019e-10
3.0,1.61,9.0,0.00328771319480084
3.0,1.61,10.0,-0.0007359859343090136
3.0,1.61,11.0,7.034272886397019e-10
3.0,1.61,12.0,-0.007644815256462212
3.0,1.61,13.0,0.02804233004500134
3.0,1.61,14.0,-1.527499717540195e-05
3.0,1.61,15.0,0.0005723666892478996
3.0,1.61,16.0,-0.019823144647698493
3.0,1.61,17.0,-0.037554746494350984
3.0,1.61,18.0,0.001602624572664274
3.0,1.61,19.0,-0.11214054350176503
3.0,1.61,20.0,0.1292934255533934
3.0,1.61,21.0,8.909586957095428e-10
3.0,1.81,0.0,0.28552718438799785
3.0,1.81,1.0,0.0043756301602914105
3.0,1.81,2.0,0.06140436798436716
3.0,1.81,3.0,7.034272886397019e-10
3.0,1.81,4.0,-0.02257621807734922
3.0,1.81,5.0,-0.008343366626329098
3.0,1.81,6.0,-0.005601672864853691
3.0,1.81,7.0,-0.02216481232846637
3.0,1.81,8.0,7.034272886397019e-10
3.0,1.81,9.0,0.0033300791767371107
3.0,1.81,10.0,-0.0007261768913311983
3.0,1.81,11.0,7.034272886397019e-10
3.0,1.81,12.0,-0.007744014450882963
3.0,1.81,13.0,0.028360890097014063
3.0,1.81,14.0,-1.5274997195969906e-05
3.0,1.81,15.0,0.0005797826988984678
3.0,1.81,16.0,-0.02007479053758257
3.0,1.81,17.0,-0.03755610046080036
3.0,1.81,18.0,0.0015959220842299282
3.0,1.81,19.0,-0.11344407459667924
3.0,1.81,20.0,0.13077568475890533
3.0,1.81,21.0,8.909586957095428e-10
3.0,2.01,0.0,0.2856069920743427
3.0,2.01,1.0,0.004377527200783993
3.0,2.01,2.0,0.06140037064161191
3.0,2.01,3.0,7.034272886397019e-10
3.0,2.01,4.0,-0.022584312099584836
3.0,2.01,5.0,-0.008343422469004033
3.0,2.01,6.0,-0.005600166222628211
3.0,2.01,7.0,-0.022166461800654624
3.0,2.01,8.0,7.034272886397019e-10
3.0,2.01,9.0,0.003331913142827908
3.0,2.01,10.0,-0.0007256654874078505
3.0,2.01,11.0,7.034272886397019e-10
3.0,2.01,12.0,-0.007747983058485092
3.0,2.01,13.0,0.028370804521521964
3.0,2.01,14.0,-1.527499720370835e-05
3.0,2.01,15.0,0.0005801148842257409
3.0,2.01,16.0,-0.020082868548178673
3.0,2.01,17.0,-0.03755654632772168
3.0,2.01,18.0,0.0015955029872101179
3.0,2.01,19.0,-0.1134924813345003
3.0,2.01,20.0,0.1308227572300361
3.0,2.01,21.0,8.909586957095428e-10
3.0,2.21,0.0,0.2856080147673712
3.0,2.21,1.0,0.00437756318901561
3.0,2.21,2.0,0.061463966342596155
3.0,2.21,3.0,7.034272886397019e-10
3.0,2.21,4.0,-0.0225892967657772
3.0,2.21,5.0,-0.00834345230315012
3.0,2.21,6.0,-0.005574214190707472
3.0,2.21,7.0,-0.022166614419484698
3.0,2.21,8.0,7.034272886397019e-10
3.0,2.21,9.0,0.003331955500590844
3.0,2.21,10.0,-0.0007256254537957307
3.0,2.21,11.0,7.034272886397019e-10
3.0,2.21,12.0,-0.007747779662880927
3.0,2.21,13.0,0.028370962640067776
3.0,2.21,14.0,-1.5274997205455892e-05
3.0,2.21,15.0,0.0005801242829842901
3.0,2.21,16.0,-0.02008019684300577
3.0,2.21,17.0,-0.03755676747369433
3.0,2.21,18.0,0.0015947074587566723
3.0,2.21,19.0,-0.11350578820619775
3.0,2.21,20.0,0.13082525918247956
3.0,2.21,21.0,8.909586957095428e-10
3.0,2.41,0.0,0.2856080260246915
3.0,2.41,1.0,0.004377541373225158
3.0,2.41,2.0,0.06183588082906577
3.0,2.41,3.0,7.034272886397019e-10
3.0,2.41,4.0,-0.02267027477950423
3.0,2.41,5.0,-0.008343466440513638
3.0,2.41,6.0,-0.005468687278906925
3.0,2.41,7.0,-0.02216643001461044
3.0,2.41,8.0,7.034272886397019e-10
3.0,2.41,9.0,0.0033319538885579203
3.0,2.41,10.0,-0.0007253477149711807
3.0,2.41,11.0,7.034272886397019e-10
3.0,2.41,12.0,-0.007744446296024027
3.0,2.41,13.0,0.028370965500715883
3.0,2.41,14.0,-1.527499718499252e-05
3.0,2.41,15.0,0.0005801337379975069
3.0,2.41,16.0,-0.020042995821535264
3.0,2.41,17.0,-0.03755689736773314
3.0,2.41,18.0,0.0015940839658993289
3.0,2.41,19.0,-0.11353501747951328
3.0,2.41,20.0,0.13084229620244003
3.0,2.41,21.0,8.909586957095428e-10
3.0,2.61,0.0,0.28560802632401605
3.0,2.61,1.0,0.004377530727801671
3.0,2.61,2.0,0.06219797390158255
3.0,2.61,3.0,7.034272886397019e-10
3.0,2.61,4.0,-0.02265873851596617
3.0,2.61,5.0,-0.008343477965445899
3.0,2.61,6.0,-0.005405684861434112
3.0,2.61,7.0,-0.022166483912101076
3.0,2.61,8.0,7.034272886397019e-10
3.0,2.61,9.0,0.0033319530153043675
3.0,2.61,10.0,-0.0007253332142003188
3.0,2.61,11.0,7.034272886397019e-10
3.0,2.61,12.0,-0.007744447244917019
3.0,2.61,13.0,0.028370965855935626
3.0,2.61,14.0,-1.5274997196295844e-05
3.0,2.61,15.0,0.0005801381360487357
3.0,2.61,16.0,-0.02004473554287048
3.0,2.61,17.0,-0.03755698783060142
3.0,2.61,18.0,0.0015912845399510822
3.0,2.61,19.0,-0.11357086517300213
3.0,2.61,20.0,0.13084304946867187
3.0,2.61,21.0,8.909586957095428e-10
3.0,2.81,0.0,0.28560802594640256
3.0,2.81,1.0,0.004377506112780261
3.0,2.81,2.0,0.0628424586543796
3.0,2.81,3.0,7.034272886397019e-10
3.0,2.81,4.0,-0.02271958315053918
3.0,2.81,5.0,-0.0083434872262762
3.0,2.81,6.0,-0.005240700378148222
3.0,2.81,7.0,-0.0221662583529475
3.0,2.81,8.0,7.034272886397019e-10
3.0,2.81,9.0,0.003331950070429829
3.0,2.81,10.0,-0.000725062670867388
3.0,2.81,11.0,7.034272886397019e-10
3.0,2.81,12.0,-0.0077413835430899525
3.0,2.81,13.0,0.028370966862973607
3.0,2.81,14.0,-1.5274997209118666e-05
3.0,2.81,15.0,0.0005801481438218459
3.0,2.81,16.0,-0.020013045994672157
3.0,2.81,17.0,-0.037557053458482405
3.0,2.81,18.0,0.0015875122943828646
3.0,2.81,19.0,-0.11364253562857601
3.0,2.81,20.0,0.1308596114730437
3.0,2.81,21.0,8.909586957095428e-10
3.0,3.01,0.0,0.28560798563199363
3.0,3.01,1.0,0.004377446090623682
3.0,3.01,2.0,0.06224767798130548
3.0,3.01,3.0,7.034272886397019e-10
3.0,3.01,4.0,-0.02265983110455333
3.0,3.01,5.0,-0.008343495173704559
3.0,3.01,6.0,-0.005474696955407865
3.0,3.01,7.0,-0.022166626067749523
3.0,3.01,8.0,7.034272886397019e-10
3.0,3.01,9.0,0.0033319049114149124
3.0,3.01,10.0,-0.00072537979354656
3.0,3.01,11.0,7.034272886397019e-10
3.0,3.01,12.0,-0.007744789335935892
3.0,3.01,13.0,0.028370995675528227
3.0,3.01,14.0,-1.5274997215518545e-05
3.0,3.01,15.0,0.0005801679019869777
3.0,3.01,16.0,-0.02004665748331405
3.0,3.01,17.0,-0.03755710383139551
3.0,3.01,18.0,0.0015939547431517431
3.0,3.01,19.0,-0.11353436594523914
3.0,3.01,20.0,0.13084050063179564
3.0,3.01,21.0,8.909586957095428e-10
3.0,3.21,0.0,0.2856038314908719
3.0,3.21,1.0,0.004376361692119468
3.0,3.21,2.0,0.061915017250678606
3.0,3.21,3.0,7.034272886397019e-10
3.0,3.21,4.0,-0.02260715108236383
3.0,3.21,5.0,-0.008343501858581076
3.0,3.21,6.0,-0.005593253982648483
3.0,3.21,7.0,-0.02216711574228447
3.0,3.21,8.0,7.034272886397019e-10
3.0,3.21,9.0,0.0033305664396534596
3.0,3.21,10.0,-0.0007255521251794961
3.0,3.21,11.0,7.034272886397019e-10
3.0,3.21,12.0,-0.007746732321091826
3.0,3.21,13.0,0.0283724151097883
3.0,3.21,14.0,-1.52749972199427e-05
3.0,3.21,15.0,0.0005804364755204738
3.0,3.21,16.0,-0.02007328007442505
3.0,3.21,17.0,-0.0375571450287095
3.0,3.21,18.0,0.0015962679177297379
3.0,3.21,19.0,-0.11348982791539397
3.0,3.21,20.0,0.1308320194591629
3.0,3.21,21.0,8.909586957095428e-10
3.0,3.41,0.0,0.2855220413020988
3.0,3.41,1.0,0.004368032142757938
3.0,3.41,2.0,0.06196015469045568
3.0,3.41,3.0,7.034272886397019e-10
3.0,3.41,4.0,-0.02255337230665183
3.0,3.41,5.0,-0.008343507907295851
3.0,3.41,6.0,-0.005654667555523629
3.0,3.41,7.0,-0.02217066824172309
3.0,3.41,8.0,7.034272886397019e-10
3.0,3.41,9.0,0.003317134356662449
3.0,3.41,10.0,-0.0007253279132228008
3.0,3.41,11.0,7.034272886397019e-10
3.0,3.41,12.0,-0.007743334363165072
3.0,3.41,13.0,0.028391214912856372
3.0,3.41,14.0,-1.5274997224990583e-05
3.0,3.41,15.0,0.0005819579312414669
3.0,3.41,16.0,-0.020106343040120517
3.0,3.41,17.0,-0.0375571819300535
3.0,3.41,18.0,0.0015966358952201332
3.0,3.41,19.0,-0.11349403077578413
3.0,3.41,20.0,0.13089000643253457
3.0,3.41,21.0,8.909586957095428e-10
3.0,3.61,0.0,0.28546444606462074
3.0,3.61,1.0,0.0043687974136872865
3.0,3.61,2.0,0.06186357452594632
3.0,3.61,3.0,7.034272886397019e-10
3.0,3.61,4.0,-0.022553298866281657
3.0,3.61,5.0,-0.008343513526202734
3.0,3.61,6.0,-0.0055946712655031705
3.0,3.61,7.0,-0.022171778099435574
3.0,3.61,8.0,7.034272886397019e-10
3.0,3.61,9.0,0.0033160894066489865
3.0,3.61,10.0,-0.0007253725502125441
3.0,3.61,11.0,7.034272886397019e-10
3.0,3.61,12.0,-0.0077420409798215906
3.0,3.61,13.0,0.02839642698748568
3.0,3.61,14.0,-1.5274997229002906e-05
3.0,3.61,15.0,0.0005814004110404059
3.0,3.61,16.0,-0.02010604886175102
3.0,3.61,17.0,-0.03755721005735261
3.0,3.61,18.0,0.0015946125846892645
3.0,3.61,19.0,-0.11353349740711494
3.0,3.61,20.0,0.13091940077740305
3.0,3.61,21.0,8.909586957095428e-10
3.0,3.81,0.0,0.2852403175378587
3.0,3.81,1.0,0.004365531864398753
3.0,3.81,2.0,0.061941599425488214
3.0,3.81,3.0,7.034272886397019e-10
3.0,3.81,4.0,-0.022537681614668348
3.0,3.81,5.0,-0.008343517763853945
3.0,3.81,6.0,-0.0055873727439895715
3.0,3.81,7.0,-0.022175917766858816
3.0,3.81,8.0,7.034272886397019e-10
3.0,3.81,9.0,0.003307688407538256
3.0,3.81,10.0,-0.0007252743603601286
3.0,3.81,11.0,7.034272886397019e-10
3.0,3.81,12.0,-0.007738662278275549
3.0,3.81,13.0,0.028418331578734884
3.0,3.81,14.0,-1.5274997231043958e-05
3.0,3.81,15.0,0.0005815611449852265
3.0,3.81,16.0,-0.02012034971467494
3.0,3.81,17.0,-0.03755723106622457
3.0,3.81,18.0,0.001594188901875876
3.0,3.81,19.0,-0.11357395718765317
3.0,3.81,20.0,0.1309952001639776
3.0,3.81,21.0,8.909586957095428e-10
3.0,4.01,0.0,0.2847824293992629
3.0,4.01,1.0,0.004357173217030774
3.0,4.01,2.0,0.06213634659658451
3.0,4.01,3.0,7.034272886397019e-10
3.0,4.01,4.0,-0.02249924301856887
3.0,4.01,5.0,-0.008343522416838823
3.0,4.01,6.0,-0.00559339853078189
3.0,4.01,7.0,-0.02218478540284513
3.0,4.01,8.0,7.034272886397019e-10
3.0,4.01,9.0,0.003287828595066433
3.0,4.01,10.0,-0.0007250006038258816
3.0,4.01,11.0,7.034272886397019e-10
3.0,4.01,12.0,-0.0077312856859977075
3.0,4.01,13.0,0.028463877682701227
3.0,4.01,14.0,-1.5274997232163027e-05
3.0,4.01,15.0,0.0005822243871281274
3.0,4.01,16.0,-0.02015554266498168
3.0,4.01,17.0,-0.03755725724740903
3.0,4.01,18.0,0.0015938614929190131
3.0,4.01,19.0,-0.11365323795199814
3.0,4.01,20.0,0.13118264449870232
3.0,4.01,21.0,8.909586957095428e-10
4.0,0.01,0.0,0.0022704074258750317
4.0,0.01,1.0,0.00016745811385321385
4.0,0.01,2.0,0.0006191337869909663
4.0,0.01,3.0,6.608777969319135e-10
4.0,0.01,4.0,-0.0003845447844305627
4.0,0.01,5.0,-0.0006230183924218202
4.0,0.01,6.0,4.5113538541419196e-05
4.0,0.01,7.0,-0.00010817758405096134
4.0,0.01,8.0,6.608777969319135e-10
4.0,0.01,9.0,-9.307582819353954e-05
4.0,0.01,10.0,-0.0001702647062097884
4.0,0.01,11.0,6.608777969319135e-10
4.0,0.01,12.0,-0.0002721548078232078
4.0,0.01,13.0,0.000694411095660874
4.0,0.01,14.0,0.0006811183530863463
4.0,0.01,15.0,3.830589483966307e-05
4.0,0.01,16.0,0.0004510816873989354
4.0,0.01,17.0,-0.000403390553980032
4.0,0.01,18.0,-0.00010653772081514745
4.0,0.01,19.0,0.00027795587126777654
4.0,0.01,20.0,0.00011664189486748633
4.0,0.01,21.0,9.203635631394036e-10
4.0,0.21,0.0,0.04756249594690021
4.0,0.21,1.0,0.0035154788494464184
4.0,0.21,2.0,0.012694991936079925
4.0,0.21,3.0,6.608777969319135e-10
4.0,0.21,4.0,-0.006765193953009896
4.0,0.21,5.0,-0.012697125350012356
4.0,0.21,6.0,0.0009570990518158462
4.0,0.21,7.0,-0.001784789936223996
4.0,0.21,8.0,6.608777969319135e-10
4.0,0.21,9.0,-0.001913688397579133
4.0,0.21,10.0,-0.0036123905005593926
4.0,0.21,11.0,6.608777969319135e-10
4.0,0.21,12.0,-0.005712240953153369
4.0,0.21,13.0,0.014301901890557633
4.0,0.21,14.0,0.014501364149989787
4.0,0.21,15.0,0.0007776208206259905
4.0,0.21,16.0,0.008738079702873658
4.0,0.21,17.0,-0.009643900481410561
4.0,0.21,18.0,-0.002474136751126843
4.0,0.21,19.0,0.005026973647088484
4.0,0.21,20.0,0.0020163732182689187
4.0,0.21,21.0,9.203635631394036e-10
4.0,0.41,0.0,0.0920884065753238
4.0,0.41,1.0,0.006794659034045469
4.0,0.41,2.0,0.024544033607985516
4.0,0.41,3.0,6.608777969319135e-10
4.0,0.41,4.0,-0.013433274763258063
4.0,0.41,5.0,-0.024557206485760805
4.0,0.41,6.0,0.001855350364965147
4.0,0.41,7.0,-0.0035418470828729176
4.0,0.41,8.0,6.608777969319135e-10
4.0,0.41,9.0,-0.003701359092763701
4.0,0.41,10.0,-0.00694804106162783
4.0,0.41,11.0,6.608777969319135e-10
4.0,0.41,12.0,-0.011003739539170415
4.0,0.41,13.0,0.027661018957204686
4.0,0.41,14.0,0.02790932781067948
4.0,0.41,15.0,0.001500257873990718
4.0,0.41,16.0,0.01706370481450642
4.0,0.41,17.0,-0.01827213968587793
4.0,0.41,18.0,-0.004710766022438251
4.0,0.41,19.0,0.00995972025210018
4.0,0.41,20.0,0.004015899571802595
4.0,0.41,21.0,9.203635631394036e-10
4.0,0.61,0.0,0.12496689832588459
4.0,0.61,1.0,0.009206661216403955
4.0,0.61,2.0,0.03324208646128701
4.0,0.61,3.0,6.608777969319135e-10
4.0,0.61,4.0,-0.018089478093454292
4.0,0.61,5.0,-0.03318363012295221
4.0,0.61,6.0,0.0024972483818792024
4.0,0.61,7.0,-0.004737558837144773
4.0,0.61,8.0,6.608777969319135e-10
4.0,0.61,9.0,-0.005015034618233771
4.0,0.61,10.0,-0.009394590269165198
4.0,0.61,11.0,6.608777969319135e-10
4.0,0.61,12.0,-0.014905007591403327
4.0,0.61,13.0,0.0374787194774977
4.0,0.61,14.0,0.03785130386021801
4.0,0.61,15.0,0.002027889073566269
4.0,0.61,16.0,0.023053809549885673
4.0,0.61,17.0,-0.024905510482895132
4.0,0.61,18.0,-0.006417885955622982
4.0,0.61,19.0,0.013395735755582838
4.0,0.61,20.0,0.005397199276793607
4.0,0.61,21.0,9.203635631394036e-10
4.0,0.81,0.0,0.13085034147388297
4.0,0.81,1.0,0.009674496356379847
4.0,0.81,2.0,0.03487329928718297
4.0,0.81,3.0,6.608777969319135e-10
4.0,0.81,4.0,-0.018796237032080054
4.0,0.81,5.0,-0.034909972093171884
4.0,0.81,6.0,0.002647156385219618
4.0,0.81,7.0,-0.004938303311573022
4.0,0.81,8.0,6.608777969319135e-10
4.0,0.81,9.0,-0.005257499022276624
4.0,0.81,10.0,-0.009923424979062234
4.0,0.81,11.0,6.608777969319135e-10
4.0,0.81,12.0,-0.01569110311328134
4.0,0.81,13.0,0.03929894227794406
4.0,0.81,14.0,0.039775831524705874
4.0,0.81,15.0,0.0021356289355669023
4.0,0.81,16.0,0.024107645818494006
4.0,0.81,17.0,-0.026317793771716447
4.0,0.81,18.0,-0.006762982200927581
4.0,0.81,19.0,0.013993084749620799
4.0,0.81,20.0,0.005609110436255504
4.0,0.81,21.0,9.203635631394036e-10
4.0,1.01,0.0,0.1309956913812539
4.0,1.01,1.0,0.00968939645229172
4.0,1.01,2.0,0.03492029582073819
4.0,1.01,3.0,6.608777969319135e-10
4.0,1.01,4.0,-0.01876973687687805
4.0,1.01,5.0,-0.03497460345881785
4.0,1.01,6.0,0.002656265710235861
4.0,1.01,7.0,-0.004936582635137077
4.0,1.01,8.0,6.608777969319135e-10
4.0,1.01,9.0,-0.005264089883333323
4.0,1.01,10.0,-0.009950468604041585
4.0,1.01,11.0,6.608777969319135e-10
4.0,1.01,12.0,-0.01572071430884768
4.0,1.01,13.0,0.03934922722472378
4.0,1.01,14.0,0.03984902065709392
4.0,1.01,15.0,0.0021396627397425316
4.0,1.01,16.0,0.024118089530756892
4.0,1.01,17.0,-0.026406130183559973
4.0,1.01,18.0,-0.006780051418578181
4.0,1.01,19.0,0.013984405322549742
4.0,1.01,20.0,0.005601105457358979
4.0,1.01,21.0,9.203635631394036e-10
4.0,1.21,0.0,0.13099727620667678
4.0,1.21,1.0,0.009689623999652286
4.0,1.21,2.0,0.03492093212327507
4.0,1.21,3.0,6.608777969319135e-10
4.0,1.21,4.0,-0.01883897836907239
4.0,1.21,5.0,-0.034988057549801416
4.0,1.21,6.0,0.0026609958448500226
4.0,1.21,7.0,-0.0049574200494810206
4.0,1.21,8.0,6.608777969319135e-10
4.0,1.21,9.0,-0.005264170390458844
4.0,1.21,10.0,-0.009949462821793653
4.0,1.21,11.0,6.608777969319135e-10
4.0,1.21,12.0,-0.015716078950836085
4.0,1.21,13.0,0.039349859969843526
4.0,1.21,14.0,0.03982231767214245
4.0,1.21,15.0,0.0021397397105706595
4.0,1.21,16.0,0.024151735358394988
4.0,1.21,17.0,-0.02634165025078583
4.0,1.21,18.0,-0.006765794562689442
4.0,1.21,19.0,0.01403547476421163
4.0,1.21,20.0,0.005623755082684867
4.0,1.21,21.0,9.203635631394036e-10
4.0,1.41,0.0,0.13099729025825635
4.0,1.41,1.0,0.009689627053154792
4.0,1.41,2.0,0.03492093967783316
4.0,1.41,3.0,6.608777969319135e-10
4.0,1.41,4.0,-0.019015795859720297
4.0,1.41,5.0,-0.03501183608630197
4.0,1.41,6.0,0.0026708900760577525
4.0,1.41,7.0,-0.005007208187664536
4.0,1.41,8.0,6.608777969319135e-10
4.0,1.41,9.0,-0.0052641711863033736
4.0,1.41,10.0,-0.009942940680742085
4.0,1.41,11.0,6.608777969319135e-10
4.0,1.41,12.0,-0.015702357865218425
4.0,1.41,13.0,0.03934986659823769
4.0,1.41,14.0,0.03975136930005971
4.0,1.41,15.0,0.002139741084598662
4.0,1.41,16.0,0.024239555737589957
4.0,1.41,17.0,-0.026158975057258393
4.0,1.41,18.0,-0.006727802242562919
4.0,1.41,19.0,0.014172043703355564
4.0,1.41,20.0,0.005684596134154896
4.0,1.41,21.0,9.203635631394036e-10
4.0,1.61,0.0,0.13099729038039254
4.0,1.61,1.0,0.009689627098954101
4.0,1.61,2.0,0.03492093978005739
4.0,1.61,3.0,6.608777969319135e-10
4.0,1.61,4.0,-0.019348660907061388
4.0,1.61,5.0,-0.035055020942875714
4.0,1.61,6.0,0.002688604382736992
4.0,1.61,7.0,-0.005099485168071016
4.0,1.61,8.0,6.608777969319135e-10
4.0,1.61,9.0,-0.005264171193519268
4.0,1.61,10.0,-0.009930344281868925
4.0,1.61,11.0,6.608777969319135e-10
4.0,1.61,12.0,-0.015677416587392565
4.0,1.61,13.0,0.039349866668541233
4.0,1.61,14.0,0.039614266919591384
4.0,1.61,15.0,0.002139741115041366
4.0,1.61,16.0,0.024401047963238387
4.0,1.61,17.0,-0.025839164304590434
4.0,1.61,18.0,-0.006658551805661883
4.0,1.61,19.0,0.014418680596949063
4.0,1.61,20.0,0.005795344579347772
4.0,1.61,21.0,9.203635631394036e-10
4.0,1.81,0.0,0.13099729038172192
4.0,1.81,1.0,0.009689627100025855
4.0,1.81,2.0,0.03492093978251398
4.0,1.81,3.0,6.608777969319135e-10
4.0,1.81,4.0,-0.01890845181092632
4.0,1.81,5.0,-0.0349952313525428
4.0,1.81,6.0,0.002664922707827977
4.0,1.81,7.0,-0.004976105199282266
4.0,1.81,8.0,6.608777969319135e-10
4.0,1.81,9.0,-0.0052641711935625946
4.0,1.81,10.0,-0.009946313478801982
4.0,1.81,11.0,6.608777969319135e-10
4.0,1.81,12.0,-0.01570989712886331
4.0,1.81,13.0,0.03934986666952495
4.0,1.81,14.0,0.03979299531900554
4.0,1.81,15.0,0.002139741116242183
4.0,1.81,16.0,0.02418747462130355
4.0,1.81,17.0,-0.026266721255111425
4.0,1.81,18.0,-0.006750028037240952
4.0,1.81,19.0,0.014090740933892953
4.0,1.81,20.0,0.005648776603544459
4.0,1.81,21.0,9.203635631394036e-10
4.0,2.01,0.0,0.130997290381769
4.0,2.01,1.0,0.009689627100153086
4.0,2.01,2.0,0.03492093978287214
4.0,2.01,3.0,6.608777969319135e-10
4.0,2.01,4.0,-0.01898953269710202
4.0,2.01,5.0,-0.035004008074680126
4.0,2.01,6.0,0.002669615742824094
4.0,2.01,7.0,-0.0049974140069576345
4.0,2.01,8.0,6.608777969319135e-10
4.0,2.01,9.0,-0.005264171193549799
4.0,2.01,10.0,-0.009943084921304773
4.0,2.01,11.0,6.608777969319135e-10
4.0,2.01,12.0,-0.015703187720491868
4.0,2.01,13.0,0.03934986666957646
4.0,2.01,14.0,0.03975680192183775
4.0,2.01,15.0,0.00213974111648077
4.0,2.01,16.0,0.024228095734078914
4.0,2.01,17.0,-0.02618921597808832
4.0,2.01,18.0,-0.006732376971693044
4.0,2.01,19.0,0.014151542117028959
4.0,2.01,20.0,0.005676654501839629
4.0,2.01,21.0,9.203635631394036e-10
4.0,2.21,0.0,0.13099729038176888
4.0,2.21,1.0,0.009689627100157583
4.0,2.21,2.0,0.03492093978302968
4.0,2.21,3.0,6.608777969319135e-10
4.0,2.21,4.0,-0.01875069671388202
4.0,2.21,5.0,-0.03497673973141267
4.0,2.21,6.0,0.002657113321882676
4.0,2.21,7.0,-0.004932667874361751
4.0,2.21,8.0,6.608777969319135e-10
4.0,2.21,9.0,-0.005264171193548023
4.0,2.21,10.0,-0.009953263841924992
4.0,2.21,11.0,6.608777969319135e-10
4.0,2.21,12.0,-0.0157221071195002
4.0,2.21,13.0,0.03934986666960283
4.0,2.21,14.0,0.03985749639751143
4.0,2.21,15.0,0.0021397411165536284
4.0,2.21,16.0,0.02411003383463295
4.0,2.21,17.0,-0.026426703041788346
4.0,2.21,18.0,-0.006783556744308472
4.0,2.21,19.0,0.013971547225920256
4.0,2.21,20.0,0.005595023026956192
4.0,2.21,21.0,9.203635631394036e-10
4.0,2.41,0.0,0.13099729038166974
4.0,2.41,1.0,0.00968962709979787
4.0,2.41,2.0,0.03492093978478161
4.0,2.41,3.0,6.608777969319135e-10
4.0,2.41,4.0,-0.018763833897246562
4.0,2.41,5.0,-0.034974684486468705
4.0,2.41,6.0,0.0026569963481681835
4.0,2.41,7.0,-0.004935055199432714
4.0,2.41,8.0,6.608777969319135e-10
4.0,2.41,9.0,-0.005264171193608641
4.0,2.41,10.0,-0.009951328580969143
4.0,2.41,11.0,6.608777969319135e-10
4.0,2.41,12.0,-0.01572048800548792
4.0,2.41,13.0,0.039349866670002065
4.0,2.41,14.0,0.03985073059326777
4.0,2.41,15.0,0.002139741116730376
4.0,2.41,16.0,0.0241170235046525
4.0,2.41,17.0,-0.02641015114044004
4.0,2.41,18.0,-0.0067802127754815755
4.0,2.41,19.0,0.013981715873343625
4.0,2.41,20.0,0.005600323300034404
4.0,2.41,21.0,9.203635631394036e-10
4.0,2.61,0.0,0.13099729036121166
4.0,2.61,1.0,0.00968962707769283
4.0,2.61,2.0,0.0349209398575141
4.0,2.61,3.0,6.608777969319135e-10
4.0,2.61,4.0,-0.01879124669021137
4.0,2.61,5.0,-0.03498102280729801
4.0,2.61,6.0,0.0026587817076183518
4.0,2.61,7.0,-0.004943853017637556
4.0,2.61,8.0,6.608777969319135e-10
4.0,2.61,9.0,-0.0052641711990296935
4.0,2.61,10.0,-0.009951130402802516
4.0,2.61,11.0,6.608777969319135e-10
4.0,2.61,12.0,-0.015718994646338996
4.0,2.61,13.0,0.03934986670487062
4.0,2.61,14.0,0.03984129733321265
4.0,2.61,15.0,0.0021397411239973407
4.0,2.61,16.0,0.02412970675894821
4.0,2.61,17.0,-0.026384496318753392
4.0,2.61,18.0,-0.006775014710614868
4.0,2.61,19.0,0.014001961251556783
4.0,2.61,20.0,0.005608806980343828
4.0,2.61,21.0,9.203635631394036e-10
4.0,2.81,0.0,0.1309972538235432
4.0,2.81,1.0,0.00968960966100224
4.0,2.81,2.0,0.034920992070397006
4.0,2.81,3.0,6.608777969319135e-10
4.0,2.81,4.0,-0.0189233937404793
4.0,2.81,5.0,-0.03500052951405899
4.0,2.81,6.0,0.0026661015816675793
4.0,2.81,7.0,-0.004981706371194716
4.0,2.81,8.0,6.608777969319135e-10
4.0,2.81,9.0,-0.0052641769966595975
4.0,2.81,10.0,-0.009946741284224486
4.0,2.81,11.0,6.608777969319135e-10
4.0,2.81,12.0,-0.015709437396491513
4.0,2.81,13.0,0.039349904527387014
4.0,2.81,14.0,0.03978904862860014
4.0,2.81,15.0,0.0021397458017426985
4.0,2.81,16.0,0.024193973547417924
4.0,2.81,17.0,-0.026253064447902597
4.0,2.81,18.0,-0.0067475045705104875
4.0,2.81,19.0,0.014101495186366886
4.0,2.81,20.0,0.005652986724636377
4.0,2.81,21.0,9.203635631394036e-10
4.0,3.01,0.0,0.13094712452357682
4.0,3.01,1.0,0.009675733979518875
4.0,3.01,2.0,0.03496365126600631
4.0,3.01,3.0,6.608777969319135e-10
4.0,3.01,4.0,-0.019203272343116085
4.0,3.01,5.0,-0.03503454685498644
4.0,3.01,6.0,0.002680176293600456
4.0,3.01,7.0,-0.005078715778776277
4.0,3.01,8.0,6.608777969319135e-10
4.0,3.01,9.0,-0.005269908516399857
4.0,3.01,10.0,-0.009935446122828345
4.0,3.01,11.0,6.608777969319135e-10
4.0,3.01,12.0,-0.015682500011076822
4.0,3.01,13.0,0.03938760961063359
4.0,3.01,14.0,0.03968534717311406
4.0,3.01,15.0,0.0021428735408614563
4.0,3.01,16.0,0.024361464116733345
4.0,3.01,17.0,-0.02597832195008659
4.0,3.01,18.0,-0.006686716812112914
4.0,3.01,19.0,0.014296401100291456
4.0,3.01,20.0,0.0057558835774504935
4.0,3.01,21.0,9.203635631394036e-10
4.0,3.21,0.0,0.13062215392365017
4.0,3.21,1.0,0.009618920998539837
4.0,3.21,2.0,0.03514646820512579
4.0,3.21,3.0,6.608777969319135e-10
4.0,3.21,4.0,-0.018812371360848457
4.0,3.21,5.0,-0.034986040817462496
4.0,3.21,6.0,0.0026544038130467684
4.0,3.21,7.0,-0.0050517340955290035
4.0,3.21,8.0,6.608777969319135e-10
4.0,3.21,9.0,-0.0052972595583688775
4.0,3.21,10.0,-0.009947990790039996
4.0,3.21,11.0,6.608777969319135e-10
4.0,3.21,12.0,-0.01568824861165495
4.0,3.21,13.0,0.03956894376422615
4.0,3.21,14.0,0.039915141681467536
4.0,3.21,15.0,0.0021533022525243306
4.0,3.21,16.0,0.02430549017020156
4.0,3.21,17.0,-0.026382019353436648
4.0,3.21,18.0,-0.006764062571385454
4.0,3.21,19.0,0.013922217360357647
4.0,3.21,20.0,0.005661139425394923
4.0,3.21,21.0,9.203635631394036e-10
4.0,3.41,0.0,0.13038856329997517
4.0,3.41,1.0,0.009598385324194492
4.0,3.41,2.0,0.035221643368543276
4.0,3.41,3.0,6.608777969319135e-10
4.0,3.41,4.0,-0.018807432104289534
4.0,3.41,5.0,-0.03498559952997361
4.0,3.41,6.0,0.0026521583844203445
4.0,3.41,7.0,-0.005078548384308101
4.0,3.41,8.0,6.608777969319135e-10
4.0,3.41,9.0,-0.005311185190777112
4.0,3.41,10.0,-0.009945524546158685
4.0,3.41,11.0,6.608777969319135e-10
4.0,3.41,12.0,-0.015677905310874235
4.0,3.41,13.0,0.03965880070156125
4.0,3.41,14.0,0.03995665731717149
4.0,3.41,15.0,0.0021546532710312316
4.0,3.41,16.0,0.024366538652561665
4.0,3.41,17.0,-0.026408272395058774
4.0,3.41,18.0,-0.006762592556676661
4.0,3.41,19.0,0.013874655119055612
4.0,3.41,20.0,0.005677337630641377
4.0,3.41,21.0,9.203635631394036e-10
4.0,3.61,0.0,0.1307560213419433
4.0,3.61,1.0,0.00966059047141049
4.0,3.61,2.0,0.03501685204386784
4.0,3.61,3.0,6.608777969319135e-10
4.0,3.61,4.0,-0.018722974748823507
4.0,3.61,5.0,-0.034969633022871385
4.0,3.61,6.0,0.0026526772389133813
4.0,3.61,7.0,-0.004964368828694554
4.0,3.61,8.0,6.608777969319135e-10
4.0,3.61,9.0,-0.005280207746838406
4.0,3.61,10.0,-0.009950320036887061
4.0,3.61,11.0,6.608777969319135e-10
4.0,3.61,12.0,-0.015708330434851092
4.0,3.61,13.0,0.039454984233164236
4.0,3.61,14.0,0.03991151063221737
4.0,3.61,15.0,0.0021429809220787077
4.0,3.61,16.0,0.024172070782603305
4.0,3.61,17.0,-0.026472115357759785
4.0,3.61,18.0,-0.006786109358172754
4.0,3.61,19.0,0.013898528050852121
4.0,3.61,20.0,0.005606559853393034
4.0,3.61,21.0,9.203635631394036e-10
4.0,3.81,0.0,0.1299844603183571
4.0,3.81,1.0,0.009603162542038413
4.0,3.81,2.0,0.03524703999733758
4.0,3.81,3.0,6.608777969319135e-10
4.0,3.81,4.0,-0.01882543563617589
4.0,3.81,5.0,-0.03499307414869625
4.0,3.81,6.0,0.0026520162472978837
4.0,3.81,7.0,-0.005075909719019278
4.0,3.81,8.0,6.608777969319135e-10
4.0,3.81,9.0,-0.005319318792221028
4.0,3.81,10.0,-0.009943262725785995
4.0,3.81,11.0,6.608777969319135e-10
4.0,3.81,12.0,-0.01567553798243332
4.0,3.81,13.0,0.03971666051565753
4.0,3.81,14.0,0.03999324921067915
4.0,3.81,15.0,0.0021505368616912823
4.0,3.81,16.0,0.024401769079580582
4.0,3.81,17.0,-0.026433120408346056
4.0,3.81,18.0,-0.006762137356294273
4.0,3.81,19.0,0.01385900221013403
4.0,3.81,20.0,0.005689833783660725
4.0,3.81,21.0,9.203635631394036e-10
4.0,4.01,0.0,0.13068763629049152
4.0,4.01,1.0,0.009667381595440672
4.0,4.01,2.0,0.0350016650645355
4.0,4.01,3.0,6.608777969319135e-10
4.0,4.01,4.0,-0.018719534883932243
4.0,4.01,5.0,-0.034967989726094564
4.0,4.01,6.0,0.0026523875938402885
4.0,4.01,7.0,-0.004952846628914598
4.0,4.01,8.0,6.608777969319135e-10
4.0,4.01,9.0,-0.0052784574249358784
4.0,4.01,10.0,-0.009949773447513105
4.0,4.01,11.0,6.608777969319135e-10
4.0,4.01,12.0,-0.015710366414820487
4.0,4.01,13.0,0.039445714977312196
4.0,4.01,14.0,0.039913098803161295
4.0,4.01,15.0,0.002141168971033919
4.0,4.01,16.0,0.0241600126136009
4.0,4.01,17.0,-0.026480198221614404
4.0,4.01,18.0,-0.006788044379294478
4.0,4.01,19.0,0.01389929137224094
4.0,4.01,20.0,0.005602490517455094
4.0,4.01,21.0,9.203635631394036e-10
5.0,0.01,0.0,0.0018896236069200212
5.0,0.01,1.0,1.6687202213150343e-05
5.0,0.01,2.0,0.0005298446256808975
5.0,0.01,3.0,8.242249383005884e-10
5.0,0.01,4.0,-0.000411404863301712
5.0,0.01,5.0,-1.5254997236524808e-11
5.0,0.01,6.0,-4.2613749485165275e-05
5.0,0.01,7.0,-0.002642337088553294
5.0,0.01,8.0,8.242249383005884e-10
5.0,0.01,9.0,-1.0970218828898481e-05
5.0,0.01,10.0,2.3626242077579018e-05
5.0,0.01,11.0,8.242249383005884e-10
5.0,0.01,12.0,-8.06798099958761e-05
5.0,0.01,13.0,0.00032759143540372904
5.0,0.01,14.0,0.00033795633754191146
5.0,0.01,15.0,6.574228912370472e-06
5.0,0.01,16.0,0.0007518481789685616
5.0,0.01,17.0,-0.0009118454690242306
5.0,0.01,18.0,-9.868056017575677e-05
5.0,0.01,19.0,6.977104114458399e-05
5.0,0.01,20.0,0.00024988953116028556
5.0,0.01,21.0,1.1998637639010212e-09
5.0,0.21,0.0,0.03397002923774495
5.0,0.21,1.0,0.0002886135820775182
5.0,0.21,2.0,0.008882890097787144
5.0,0.21,3.0,8.242249383005884e-10
5.0,0.21,4.0,-0.0049263419324484525
5.0,0.21,5.0,-1.5254997236522905e-11
5.0,0.21,6.0,-0.0006895241601738156
5.0,0.21,7.0,-0.002898424635250085
5.0,0.21,8.0,8.242249383005884e-10
5.0,0.21,9.0,-0.00017482012709163497
5.0,0.21,10.0,0.00032039930718419374
5.0,0.21,11.0,8.242249383005884e-10
5.0,0.21,12.0,-0.0012041299303960917
5.0,0.21,13.0,0.005536467098604475
5.0,0.21,14.0,0.00549822983275336
5.0,0.21,15.0,0.0001067543625426215
5.0,0.21,16.0,0.012339728948778217
5.0,0.21,17.0,-0.00288886838353275
5.0,0.21,18.0,-0.0012569222452833428
5.0,0.21,19.0,0.0015238644124724865
5.0,0.21,20.0,0.004265866898255477
5.0,0.21,21.0,1.1998637639010212e-09
5.0,0.41,0.0,0.06661987113506385
5.0,0.41,1.0,0.0005657166019587268
5.0,0.41,2.0,0.016978713977990056
5.0,0.41,3.0,8.242249383005884e-10
5.0,0.41,4.0,-0.009004937597849705
5.0,0.41,5.0,-1.5254997236466637e-11
5.0,0.41,6.0,-0.001531409568724773
5.0,0.41,7.0,-0.002933057282032036
5.0,0.41,8.0,8.242249383005884e-10
5.0,0.41,9.0,-0.0003182985965324292
5.0,0.41,10.0,0.0006133457901434936
5.0,0.41,11.0,8.242249383005884e-10
5.0,0.41,12.0,-0.002365471733372093
5.0,0.41,13.0,0.010633125787069792
5.0,0.41,14.0,0.010645240511388931
5.0,0.41,15.0,0.00020487076432157414
5.0,0.41,16.0,0.02332433600162126
5.0,0.41,17.0,-0.005029822263057093
5.0,0.41,18.0,-0.002457562436458116
5.0,0.41,19.0,0.0032298461302627257
5.0,0.41,20.0,0.008026832242362614
5.0,0.41,21.0,1.1998637639010212e-09
5.0,0.61,0.0,0.09934069424894731
5.0,0.61,1.0,0.0008434421179860374
5.0,0.61,2.0,0.025043246510380424
5.0,0.61,3.0,8.242249383005884e-10
5.0,0.61,4.0,-0.01294428194709274
5.0,0.61,5.0,-1.5254997230278114e-11
5.0,0.61,6.0,-0.002439301047407638
5.0,0.61,7.0,-0.002937549092180235
5.0,0.61,8.0,8.242249383005884e-10
5.0,0.61,9.0,-0.00045902359421640115
5.0,0.61,10.0,0.0009056806092317404
5.0,0.61,11.0,8.242249383005884e-10
5.0,0.61,12.0,-0.0035316088050700856
5.0,0.61,13.0,0.015715015998230636
5.0,0.61,14.0,0.01579879085159344
5.0,0.61,15.0,0.00030276243459120833
5.0,0.61,16.0,0.03423115373784513
5.0,0.61,17.0,-0.0072386912398549885
5.0,0.61,18.0,-0.003707019424685154
5.0,0.61,19.0,0.004952558170911947
5.0,0.61,20.0,0.011747672435925949
5.0,0.61,21.0,1.1998637639010212e-09
5.0,0.81,0.0,0.13225575506132836
5.0,0.81,1.0,0.0011241261573751438
5.0,0.81,2.0,0.03299125016692034
5.0,0.81,3.0,8.242249383005884e-10
5.0,0.81,4.0,-0.016733249437302034
5.0,0.81,5.0,-1.5254996372975267e-11
5.0,0.81,6.0,-0.0034460857800419076
5.0,0.81,7.0,-0.002938123375697773
5.0,0.81,8.0,8.242249383005884e-10
5.0,0.81,9.0,-0.000590895733001251
5.0,0.81,10.0,0.0011962209826723441
5.0,0.81,11.0,8.242249383005884e-10
5.0,0.81,12.0,-0.004718982750191475
5.0,0.81,13.0,0.020750562039973386
5.0,0.81,14.0,0.020954174067811082
5.0,0.81,15.0,0.00039941283068081757
5.0,0.81,16.0,0.044850450501676464
5.0,0.81,17.0,-0.00955662312625949
5.0,0.81,18.0,-0.004953362037670717
5.0,0.81,19.0,0.006850510286540268
5.0,0.81,20.0,0.015344694826148864
5.0,0.81,21.0,1.1998637639010212e-09
5.0,1.01,0.0,0.16502404916416147
5.0,1.01,1.0,0.0014031606629616167
5.0,1.01,2.0,0.04100683346685663
5.0,1.01,3.0,8.242249383005884e-10
5.0,1.01,4.0,-0.02071971216332036
5.0,1.01,5.0,-1.5254876089714335e-11
5.0,1.01,6.0,-0.004345169389905701
5.0,1.01,7.0,-0.002938196586018491
5.0,1.01,8.0,8.242249383005884e-10
5.0,1.01,9.0,-0.0007282909287867345
5.0,1.01,10.0,0.0014876915801851909
5.0,1.01,11.0,8.242249383005884e-10
5.0,1.01,12.0,-0.005894007337189006
5.0,1.01,13.0,0.02581482949164854
5.0,1.01,14.0,0.026099609515362582
5.0,1.01,15.0,0.0004966498100494321
5.0,1.01,16.0,0.0556401685106363
5.0,1.01,17.0,-0.011745435489604716
5.0,1.01,18.0,-0.006141242819421799
5.0,1.01,19.0,0.008677254217954844
5.0,1.01,20.0,0.01902277270567948
5.0,1.01,21.0,1.1998637639010212e-09
5.0,1.21,0.0,0.1977368686958655
5.0,1.21,1.0,0.0016813515258032874
5.0,1.21,2.0,0.04905852529433086
5.0,1.21,3.0,8.242249383005884e-10
5.0,1.21,4.0,-0.024749157492388818
5.0,1.21,5.0,-1.523745625899635e-11
5.0,1.21,6.0,-0.0052178212546465375
5.0,1.21,7.0,-0.00293820596111233
5.0,1.21,8.0,8.242249383005884e-10
5.0,1.21,9.0,-0.0008683170486926683
5.0,1.21,10.0,0.0017797306084267883
5.0,1.21,11.0,8.242249383005884e-10
5.0,1.21,12.0,-0.007063296729206414
5.0,1.21,13.0,0.03089352617433816
5.0,1.21,14.0,0.031245851185294604
5.0,1.21,15.0,0.000594254332079186
5.0,1.21,16.0,0.0665158207193004
5.0,1.21,17.0,-0.013905499426169365
5.0,1.21,18.0,-0.007332194608723808
5.0,1.21,19.0,0.010453564391933401
5.0,1.21,20.0,0.022736920806208427
5.0,1.21,21.0,1.1998637639010212e-09
5.0,1.41,0.0,0.23034568840105718
5.0,1.41,1.0,0.0019577543643589657
5.0,1.41,2.0,0.05718425010943273
5.0,1.41,3.0,8.242249383005884e-10
5.0,1.41,4.0,-0.02932664547584979
5.0,1.41,5.0,-5.947590095358946e-12
5.0,1.41,6.0,-0.005757859948622324
5.0,1.41,7.0,-0.00293820717020489
5.0,1.41,8.0,8.242249383005884e-10
5.0,1.41,9.0,-0.0010134450669969652
5.0,1.41,10.0,0.002073493157753875
5.0,1.41,11.0,8.242249383005884e-10
5.0,1.41,12.0,-0.008213854275248927
5.0,1.41,13.0,0.0360006847504335
5.0,1.41,14.0,0.03632704113876778
5.0,1.41,15.0,0.0006926348780254277
5.0,1.41,16.0,0.0776186391596777
5.0,1.41,17.0,-0.015693499811536393
5.0,1.41,18.0,-0.008304332634118894
5.0,1.41,19.0,0.01216983024372853
5.0,1.41,20.0,0.026608801026185736
5.0,1.41,21.0,1.1998637639010212e-09
5.0,1.61,0.0,0.26308572470400904
5.0,1.61,1.0,0.0022362220801565025
5.0,1.61,2.0,0.0652226927946381
5.0,1.61,3.0,8.242249383005884e-10
5.0,1.61,4.0,-0.03339800060816506
5.0,1.61,5.0,8.112657404013384e-11
5.0,1.61,6.0,-0.0066052766362778015
5.0,1.61,7.0,-0.0029382073323894384
5.0,1.61,8.0,8.242249383005884e-10
5.0,1.61,9.0,-0.0011524615676241634
5.0,1.61,10.0,0.002365462421407158
5.0,1.61,11.0,8.242249383005884e-10
5.0,1.61,12.0,-0.00938314317312891
5.0,1.61,13.0,0.041073721712350963
5.0,1.61,14.0,0.04146019452778235
5.0,1.61,15.0,0.000790140013245344
5.0,1.61,16.0,0.0884723853336567
5.0,1.61,17.0,-0.017830163851782488
5.0,1.61,18.0,-0.00947120164153531
5.0,1.61,19.0,0.013969110248639172
5.0,1.61,20.0,0.030324977246312
5.0,1.61,21.0,1.1998637639010212e-09
5.0,1.81,0.0,0.29583030976780944
5.0,1.81,1.0,0.0025147359116055867
5.0,1.81,2.0,0.07325863897684792
5.0,1.81,3.0,8.242249383005884e-10
5.0,1.81,4.0,-0.03733874151276356
5.0,1.81,5.0,2.0936614976118684e-09
5.0,1.81,6.0,-0.007527105353532626
5.0,1.81,7.0,-0.002938207354714984
5.0,1.81,8.0,8.242249383005884e-10
5.0,1.81,9.0,-0.0012913329638633564
5.0,1.81,10.0,0.0026571866249298637
5.0,1.81,11.0,8.242249383005884e-10
5.0,1.81,12.0,-0.010555017414100781
5.0,1.81,13.0,0.04614570032787857
5.0,1.81,14.0,0.04661270255960198
5.0,1.81,15.0,0.0008876281196482372
5.0,1.81,16.0,0.09930670805820146
5.0,1.81,17.0,-0.020049353198154207
5.0,1.81,18.0,-0.01069895576431179
5.0,1.81,19.0,0.01575323021695063
5.0,1.81,20.0,0.03401547724709281
5.0,1.81,21.0,1.1998637639010212e-09
5.0,2.01,0.0,0.3285663909911567
5.0,2.01,1.0,0.0027931208694184917
5.0,2.01,2.0,0.08129837970852077
5.0,2.01,3.0,8.242249383005884e-10
5.0,2.01,4.0,-0.04123355411595547
5.0,2.01,5.0,2.5178994615207227e-08
5.0,2.01,6.0,-0.008473034662306977
5.0,2.01,7.0,-0.0029382073577993817
5.0,2.01,8.0,8.242249383005884e-10
5.0,2.01,9.0,-0.0014305214345605999
5.0,2.01,10.0,0.0029488779540105398
5.0,2.01,11.0,8.242249383005884e-10
5.0,2.01,12.0,-0.011727344265522716
5.0,2.01,13.0,0.0512190774084198
5.0,2.01,14.0,0.05177507254168931
5.0,2.01,15.0,0.0009851425298253724
5.0,2.01,16.0,0.11014402369644422
5.0,2.01,17.0,-0.022290966741494
5.0,2.01,18.0,-0.01194786205946513
5.0,2.01,19.0,0.01752476945373488
5.0,2.01,20.0,0.03769916898268927
5.0,2.01,21.0,1.1998637639010212e-09
5.0,2.21,0.0,0.3612430807380964
5.0,2.21,1.0,0.0030706268808727566
5.0,2.21,2.0,0.08933102073190674
5.0,2.21,3.0,8.242249383005884e-10
5.0,2.21,4.0,-0.045232811954140695
5.0,2.21,5.0,1.0356773828723785e-06
5.0,2.21,6.0,-0.009352937415544549
5.0,2.21,7.0,-0.002938207358358519
5.0,2.21,8.0,8.242249383005884e-10
5.0,2.21,9.0,-0.0015701663842284386
5.0,2.21,10.0,0.0032395765018263245
5.0,2.21,11.0,8.242249383005884e-10
5.0,2.21,12.0,-0.012893866136720944
5.0,2.21,13.0,0.05628590043086473
5.0,2.21,14.0,0.056911099304220725
5.0,2.21,15.0,0.0010824182240157243
5.0,2.21,16.0,0.12099148889944827
5.0,2.21,17.0,-0.024459339190763485
5.0,2.21,18.0,-0.013146936993746527
5.0,2.21,19.0,0.019292812994543274
5.0,2.21,20.0,0.04140296186202269
5.0,2.21,21.0,1.1998637639010212e-09
5.0,2.41,0.0,0.39240620603493837
5.0,2.41,1.0,0.00333286706732
5.0,2.41,2.0,0.09696914962473335
5.0,2.41,3.0,8.242249383005884e-10
5.0,2.41,4.0,-0.048996302534158154
5.0,2.41,5.0,8.31244657836068e-07
5.0,2.41,6.0,-0.01021669618018034
5.0,2.41,7.0,-0.00293820735846033
5.0,2.41,8.0,8.242249383005884e-10
5.0,2.41,9.0,-0.0017046751528689008
5.0,2.41,10.0,0.0035115997996171544
5.0,2.41,11.0,8.242249383005884e-10
5.0,2.41,12.0,-0.013997949413238897
5.0,2.41,13.0,0.06110153225636866
5.0,2.41,14.0,0.061794702744137286
5.0,2.41,15.0,0.0011738934091605757
5.0,2.41,16.0,0.13129999724133762
5.0,2.41,17.0,-0.02654948852245237
5.0,2.41,18.0,-0.014303098843797213
5.0,2.41,19.0,0.020955752966614283
5.0,2.41,20.0,0.04491625258443782
5.0,2.41,21.0,1.1998637639010212e-09
5.0,2.61,0.0,0.40919218327255813
5.0,2.61,1.0,0.003475588853064343
5.0,2.61,2.0,0.10109826218639756
5.0,2.61,3.0,8.242249383005884e-10
5.0,2.61,4.0,-0.051058785409233254
5.0,2.61,5.0,1.0212763452449843e-06
5.0,2.61,6.0,-0.010664439557851901
5.0,2.61,7.0,-0.0029382073584822274
5.0,2.61,8.0,8.242249383005884e-10
5.0,2.61,9.0,-0.0017763612923787642
5.0,2.61,10.0,0.0036614830853147207
5.0,2.61,11.0,8.242249383005884e-10
5.0,2.61,12.0,-0.01459763204347822
5.0,2.61,13.0,0.06370604957163079
5.0,2.61,14.0,0.06443415959824189
5.0,2.61,15.0,0.0012239839713412692
5.0,2.61,16.0,0.13687732547726933
5.0,2.61,17.0,-0.027658971720028125
5.0,2.61,18.0,-0.0149165782814763
5.0,2.61,19.0,0.02186466497730749
5.0,2.61,20.0,0.046821655705266974
5.0,2.61,21.0,1.1998637639010212e-09
5.0,2.81,0.0,0.41080838092594874
5.0,2.81,1.0,0.0034921087923060756
5.0,2.81,2.0,0.10152203128148501
5.0,2.81,3.0,8.242249383005884e-10
5.0,2.81,4.0,-0.05126178611983251
5.0,2.81,5.0,2.400071056102301e-06
5.0,2.81,6.0,-0.010711190114050972
5.0,2.81,7.0,-0.002938207358483534
5.0,2.81,8.0,8.242249383005884e-10
5.0,2.81,9.0,-0.001781755373374938
5.0,2.81,10.0,0.0036822088899154254
5.0,2.81,11.0,8.242249383005884e-10
5.0,2.81,12.0,-0.014666182384218435
5.0,2.81,13.0,0.06397586452138537
5.0,2.81,14.0,0.06471448235976432
5.0,2.81,15.0,0.0012303311840459186
5.0,2.81,16.0,0.1374507879893257
5.0,2.81,17.0,-0.027775052282099755
5.0,2.81,18.0,-0.01498579720647314
5.0,2.81,19.0,0.021971200218437903
5.0,2.81,20.0,0.04701572277393501
5.0,2.81,21.0,1.1998637639010212e-09
5.0,3.01,0.0,0.4108406105104897
5.0,3.01,1.0,0.0034925998762543042
5.0,3.01,2.0,0.10153165884193766
5.0,3.01,3.0,8.242249383005884e-10
5.0,3.01,4.0,-0.05126587912723801
5.0,3.01,5.0,3.307348536482296e-06
5.0,3.01,6.0,-0.010712190388952714
5.0,3.01,7.0,-0.0029382073584800074
5.0,3.01,8.0,8.242249383005884e-10
5.0,3.01,9.0,-0.0017817611895546148
5.0,3.01,10.0,0.003683153700493727
5.0,3.01,11.0,8.242249383005884e-10
5.0,3.01,12.0,-0.014668112696283098
5.0,3.01,13.0,0.06398212436971668
5.0,3.01,14.0,0.0647213440568841
5.0,3.01,15.0,0.001230559103049339
5.0,3.01,16.0,0.13746429664866172
5.0,3.01,17.0,-0.02777774363860369
5.0,3.01,18.0,-0.014987649494865696
5.0,3.01,19.0,0.021974264047616543
5.0,3.01,20.0,0.04702006081858545
5.0,3.01,21.0,1.1998637639010212e-09
5.0,3.21,0.0,0.41084098525683177
5.0,3.21,1.0,0.003492609823836257
5.0,3.21,2.0,0.1015317899646912
5.0,3.21,3.0,8.242249383005884e-10
5.0,3.21,4.0,-0.05126572450228267
5.0,3.21,5.0,1.992673034431821e-06
5.0,3.21,6.0,-0.010712387782095989
5.0,3.21,7.0,-0.0029382073584378896
5.0,3.21,8.0,8.242249383005884e-10
5.0,3.21,9.0,-0.0017817583294597872
5.0,3.21,10.0,0.003683196587448326
5.0,3.21,11.0,8.242249383005884e-10
5.0,3.21,12.0,-0.014668194750334207
5.0,3.21,13.0,0.06398221214563804
5.0,3.21,14.0,0.06472147375838405
5.0,3.21,15.0,0.0012305650013760827
5.0,3.21,16.0,0.13746390054023833
5.0,3.21,17.0,-0.02777784183588472
5.0,3.21,18.0,-0.014987828996530006
5.0,3.21,19.0,0.02197447863180485
5.0,3.21,20.0,0.047020101251551316
5.0,3.21,21.0,1.1998637639010212e-09
5.0,3.41,0.0,0.41084098935832347
5.0,3.41,1.0,0.0034926100768539192
5.0,3.41,2.0,0.10153179170463855
5.0,3.41,3.0,8.242249383005884e-10
5.0,3.41,4.0,-0.05126581128512092
5.0,3.41,5.0,3.1566928787317e-06
5.0,3.41,6.0,-0.01071227239439626
5.0,3.41,7.0,-0.0029382073584477406
5.0,3.41,8.0,8.242249383005884e-10
5.0,3.41,9.0,-0.0017817582094366846
5.0,3.41,10.0,0.0036832002758979687
5.0,3.41,11.0,8.242249383005884e-10
5.0,3.41,12.0,-0.014668155953729084
5.0,3.41,13.0,0.0639822133529317
5.0,3.41,14.0,0.06472146592390163
5.0,3.41,15.0,0.001230565203950179
5.0,3.41,16.0,0.13746441134019255
5.0,3.41,17.0,-0.027777835527997563
5.0,3.41,18.0,-0.01498773486713284
5.0,3.41,19.0,0.02197433468143778
5.0,3.41,20.0,0.047020101152116967
5.0,3.41,21.0,1.1998637639010212e-09
5.0,3.61,0.0,0.410840989428097
5.0,3.61,1.0,0.003492610093959292
5.0,3.61,2.0,0.1015317917464495
5.0,3.61,3.0,8.242249383005884e-10
5.0,3.61,4.0,-0.05126543772219666
5.0,3.61,5.0,1.6059584914197085e-06
5.0,3.61,6.0,-0.01071257746810761
5.0,3.61,7.0,-0.002938207358457546
5.0,3.61,8.0,8.242249383005884e-10
5.0,3.61,9.0,-0.0017817582022901512
5.0,3.61,10.0,0.003683202115204273
5.0,3.61,11.0,8.242249383005884e-10
5.0,3.61,12.0,-0.014668214429788828
5.0,3.61,13.0,0.06398221338042254
5.0,3.61,14.0,0.06472152452925509
5.0,3.61,15.0,0.0012305652218944918
5.0,3.61,16.0,0.13746370434000293
5.0,3.61,17.0,-0.027778006347307982
5.0,3.61,18.0,-0.014987976711519857
5.0,3.61,19.0,0.021974495998253185
5.0,3.61,20.0,0.04702004786180236
5.0,3.61,21.0,1.1998637639010212e-09
5.0,3.81,0.0,0.41084098942991276
5.0,3.81,1.0,0.003492610097117349
5.0,3.81,2.0,0.10153179177847449
5.0,3.81,3.0,8.242249383005884e-10
5.0,3.81,4.0,-0.05126540145679026
5.0,3.81,5.0,3.826784491803537e-06
5.0,3.81,6.0,-0.01071247727392749
5.0,3.81,7.0,-0.0029382073584437005
5.0,3.81,8.0,8.242249383005884e-10
5.0,3.81,9.0,-0.001781758201824607
5.0,3.81,10.0,0.003683210706829837
5.0,3.81,11.0,8.242249383005884e-10
5.0,3.81,12.0,-0.014668145784394654
5.0,3.81,13.0,0.06398221338360432
5.0,3.81,14.0,0.06472154404595129
5.0,3.81,15.0,0.0012305652265277855
5.0,3.81,16.0,0.1374646497039657
5.0,3.81,17.0,-0.027778122784131665
5.0,3.81,18.0,-0.01498789019091562
5.0,3.81,19.0,0.021974193426984978
5.0,3.81,20.0,0.047020002515621884
5.0,3.81,21.0,1.1998637639010212e-09
5.0,4.01,0.0,0.41084098943077774
5.0,4.01,1.0,0.0034926101001128973
5.0,4.01,2.0,0.10153179176570809
5.0,4.01,3.0,8.242249383005884e-10
5.0,4.01,4.0,-0.05126486902525362
5.0,4.01,5.0,1.3797422541193053e-06
5.0,4.01,6.0,-0.010712923374485928
5.0,4.01,7.0,-0.0029382073584744515
5.0,4.01,8.0,8.242249383005884e-10
5.0,4.01,9.0,-0.0017817582009320432
5.0,4.01,10.0,0.00368320781655139
5.0,4.01,11.0,8.242249383005884e-10
5.0,4.01,12.0,-0.014668234152796111
5.0,4.01,13.0,0.06398221338349497
5.0,4.01,14.0,0.06472162470390763
5.0,4.01,15.0,0.0012305652296775715
5.0,4.01,16.0,0.13746353935508676
5.0,4.01,17.0,-0.027778353843835146
5.0,4.01,18.0,-0.014988242438395749
5.0,4.01,19.0,0.02197445531650516
5.0,4.01,20.0,0.04701993187057152
5.0,4.01,21.0,1.1998637639010212e-09
6.0,0.01,0.0,0.0012729250041569884
6.0,0.01,1.0,1.0893776842046954e-05
6.0,0.01,2.0,0.0005018521923602082
6.0,0.01,3.0,2.5063475184161632e-09
6.0,0.01,4.0,-0.00010767454291976675
6.0,0.01,5.0,-2.2416078239924206e-09
6.0,0.01,6.0,-0.0002720323944980785
6.0,0.01,7.0,-0.00026847513847934323
6.0,0.01,8.0,2.5063475184161632e-09
6.0,0.01,9.0,-0.00031510783330127023
6.0,0.01,10.0,5.92544324509725e-07
6.0,0.01,11.0,2.5063475184161632e-09
6.0,0.01,12.0,-0.00019588356873989632
6.0,0.01,13.0,8.699145521864904e-05
6.0,0.01,14.0,-1.4178402182281757e-09
6.0,0.01,15.0,4.074196565728716e-06
6.0,0.01,16.0,-0.00015095686863123015
6.0,0.01,17.0,-0.00013236799822990974
6.0,0.01,18.0,0.0003311743580181603
6.0,0.01,19.0,-0.00012682911746103587
6.0,0.01,20.0,-0.00014178396809377825
6.0,0.01,21.0,3.7340888159320684e-09
6.0,0.21,0.0,0.02669761000442139
6.0,0.21,1.0,0.00028480200031916203
6.0,0.21,2.0,0.009510694155668076
6.0,0.21,3.0,2.5063475184161632e-09
6.0,0.21,4.0,-0.0012695602901798275
6.0,0.21,5.0,-2.2416078240707418e-09
6.0,0.21,6.0,-0.0017202378093613135
6.0,0.21,7.0,-0.0018480353068195399
6.0,0.21,8.0,2.5063475184161632e-09
6.0,0.21,9.0,-0.005852804731131055
6.0,0.21,10.0,4.38220237604231e-05
6.0,0.21,11.0,2.5063475184161632e-09
6.0,0.21,12.0,-0.0010512422183341918
6.0,0.21,13.0,0.0019171735697998682
6.0,0.21,14.0,-1.417840218265113e-09
6.0,0.21,15.0,7.531319748321774e-05
6.0,0.21,16.0,-0.0028499745743929272
6.0,0.21,17.0,-0.0016811837427860576
6.0,0.21,18.0,-0.001774546690166412
6.0,0.21,19.0,-0.004798039135128718
6.0,0.21,20.0,-0.0001601480898086871
6.0,0.21,21.0,3.7340888159320684e-09
6.0,0.41,0.0,0.052077988990237634
6.0,0.41,1.0,0.0005570629092748747
6.0,0.41,2.0,0.018621025691446746
6.0,0.41,3.0,2.5063475184161632e-09
6.0,0.41,4.0,-0.0023503043845491955
6.0,0.41,5.0,-2.2416078239439673e-09
6.0,0.41,6.0,-0.0035857121435917128
6.0,0.41,7.0,-0.0034152568697196004
6.0,0.41,8.0,2.5063475184161632e-09
6.0,0.41,9.0,-0.011386277794245316
6.0,0.41,10.0,0.00010152388417981884
6.0,0.41,11.0,2.5063475184161632e-09
6.0,0.41,12.0,-0.0016449463705179301
6.0,0.41,13.0,0.003755180025963839
6.0,0.41,14.0,-1.4178402181071641e-09
6.0,0.41,15.0,0.00014688573815066497
6.0,0.41,16.0,-0.005687423607680375
6.0,0.41,17.0,-0.003242340261668919
6.0,0.41,18.0,-0.003815588430184813
6.0,0.41,19.0,-0.009436268988784136
6.0,0.41,20.0,0.00024905015129239594
6.0,0.41,21.0,3.7340888159320684e-09
6.0,0.61,0.0,0.0775124567548171
6.0,0.61,1.0,0.0008308667659570612
6.0,0.61,2.0,0.02769555834655202
6.0,0.61,3.0,2.5063475184161632e-09
6.0,0.61,4.0,-0.0034637377012016746
6.0,0.61,5.0,-2.2416078237726507e-09
6.0,0.61,6.0,-0.005178452138722034
6.0,0.61,7.0,-0.004993441665732901
6.0,0.61,8.0,2.5063475184161632e-09
6.0,0.61,9.0,-0.016896261328739098
6.0,0.61,10.0,0.0001517527499431126
6.0,0.61,11.0,2.5063475184161632e-09
6.0,0.61,12.0,-0.0023403567149794524
6.0,0.61,13.0,0.005592952327776596
6.0,0.61,14.0,-1.4178402177158763e-09
6.0,0.61,15.0,0.00021842303847735556
6.0,0.61,16.0,-0.008448473293162423
6.0,0.61,17.0,-0.0047999984397549544
6.0,0.61,18.0,-0.00599096095555951
6.0,0.61,19.0,-0.01411373234397234
6.0,0.61,20.0,0.00046480146031330216
6.0,0.61,21.0,3.7340888159320684e-09
6.0,0.81,0.0,0.10310325933354514
6.0,0.81,1.0,0.0011065035318066907
6.0,0.81,2.0,0.03683846824229153
6.0,0.81,3.0,2.5063475184161632e-09
6.0,0.81,4.0,-0.00458351243833377
6.0,0.81,5.0,-2.2416078234112394e-09
6.0,0.81,6.0,-0.006778364648703461
6.0,0.81,7.0,-0.006581726470111085
6.0,0.81,8.0,2.5063475184161632e-09
6.0,0.81,9.0,-0.022324683637854052
6.0,0.81,10.0,0.0002011529105281351
6.0,0.81,11.0,2.5063475184161632e-09
6.0,0.81,12.0,-0.003071194604552907
6.0,0.81,13.0,0.00744337974325443
6.0,0.81,14.0,-1.4178402162921733e-09
6.0,0.81,15.0,0.00029064560456762423
6.0,0.81,16.0,-0.011203480231704754
6.0,0.81,17.0,-0.006366039937411222
6.0,0.81,18.0,-0.008068699247265887
6.0,0.81,19.0,-0.018751781105461995
6.0,0.81,20.0,0.000652553720319804
6.0,0.81,21.0,3.7340888159320684e-09
6.0,1.01,0.0,0.12850348919654642
6.0,1.01,1.0,0.0013777314518968464
6.0,1.01,2.0,0.045896466881402365
6.0,1.01,3.0,2.5063475184161632e-09
6.0,1.01,4.0,-0.0056367089791696245
6.0,1.01,5.0,-2.241607823178679e-09
6.0,1.01,6.0,-0.008291277385565232
6.0,1.01,7.0,-0.008110686236936518
6.0,1.01,8.0,2.5063475184161632e-09
6.0,1.01,9.0,-0.027245913388918016
6.0,1.01,10.0,0.00024816878509355267
6.0,1.01,11.0,2.5063475184161632e-09
6.0,1.01,12.0,-0.003733432858399388
6.0,1.01,13.0,0.009273504012381861
6.0,1.01,14.0,-1.4178402131779413e-09
6.0,1.01,15.0,0.00036139973887247545
6.0,1.01,16.0,-0.013848584005215325
6.0,1.01,17.0,-0.007894012520662713
6.0,1.01,18.0,-0.010002411412432854
6.0,1.01,19.0,-0.02314463639986092
6.0,1.01,20.0,0.00091938021646637
6.0,1.01,21.0,3.7340888159320684e-09
6.0,1.21,0.0,0.14225250695115865
6.0,1.21,1.0,0.0015237587910386652
6.0,1.21,2.0,0.05078885325452609
6.0,1.21,3.0,2.5063475184161632e-09
6.0,1.21,4.0,-0.006199418857387506
6.0,1.21,5.0,-2.2416078225396077e-09
6.0,1.21,6.0,-0.009082854733667767
6.0,1.21,7.0,-0.008935857213344407
6.0,1.21,8.0,2.5063475184161632e-09
6.0,1.21,9.0,-0.029781186966575463
6.0,1.21,10.0,0.0002727983174887899
6.0,1.21,11.0,2.5063475184161632e-09
6.0,1.21,12.0,-0.004097362408612304
6.0,1.21,13.0,0.010261250020761559
6.0,1.21,14.0,-1.4178402038443264e-09
6.0,1.21,15.0,0.00039941311683225345
6.0,1.21,16.0,-0.015252591990631448
6.0,1.21,17.0,-0.008716555620855798
6.0,1.21,18.0,-0.010999252590194464
6.0,1.21,19.0,-0.02546741041081335
6.0,1.21,20.0,0.0010564599016559817
6.0,1.21,21.0,3.7340888159320684e-09
6.0,1.41,0.0,0.1433266891462257
6.0,1.41,1.0,0.001537339881798716
6.0,1.41,2.0,0.05119489964478929
6.0,1.41,3.0,2.5063475184161632e-09
6.0,1.41,4.0,-0.006252261812394966
6.0,1.41,5.0,-2.241607822828848e-09
6.0,1.41,6.0,-0.00939733928435077
6.0,1.41,7.0,-0.009040795365581875
6.0,1.41,8.0,2.5063475184161632e-09
6.0,1.41,9.0,-0.030222692023612902
6.0,1.41,10.0,0.00028193538947837715
6.0,1.41,11.0,2.5063475184161632e-09
6.0,1.41,12.0,-0.004074943784628138
6.0,1.41,13.0,0.010345403573634948
6.0,1.41,14.0,-1.4178402030284989e-09
6.0,1.41,15.0,0.00040326896319081706
6.0,1.41,16.0,-0.015465697611547563
6.0,1.41,17.0,-0.008806660175172037
6.0,1.41,18.0,-0.011047157503610294
6.0,1.41,19.0,-0.025725261604595373
6.0,1.41,20.0,0.0011861204200093178
6.0,1.41,21.0,3.7340888159320684e-09
6.0,1.61,0.0,0.14334386790123077
6.0,1.61,1.0,0.0015376575911611456
6.0,1.61,2.0,0.05120237800835237
6.0,1.61,3.0,2.5063475184161632e-09
6.0,1.61,4.0,-0.006197538001750158
6.0,1.61,5.0,-2.2416078226177263e-09
6.0,1.61,6.0,-0.0097875758020054
6.0,1.61,7.0,-0.009042132094213569
6.0,1.61,8.0,2.5063475184161632e-09
6.0,1.61,9.0,-0.030308968213547546
6.0,1.61,10.0,0.0002947381809401406
6.0,1.61,11.0,2.5063475184161632e-09
6.0,1.61,12.0,-0.0038608329510269046
6.0,1.61,13.0,0.01034703502384815
6.0,1.61,14.0,-1.4178402015727293e-09
6.0,1.61,15.0,0.0004033813572412448
6.0,1.61,16.0,-0.015587230224470477
6.0,1.61,17.0,-0.008818886985546698
6.0,1.61,18.0,-0.011004145088205741
6.0,1.61,19.0,-0.025715662810628814
6.0,1.61,20.0,0.0015454714067534847
6.0,1.61,21.0,3.734088843687644e-09
6.0,1.81,0.0,0.14334404884271434
6.0,1.81,1.0,0.001537646285589167
6.0,1.81,2.0,0.05120286537413388
6.0,1.81,3.0,2.5063474906605876e-09
6.0,1.81,4.0,-0.006205456069655058
6.0,1.81,5.0,-2.241607818285377e-09
6.0,1.81,6.0,-0.009485046440568523
6.0,1.81,7.0,-0.009047137957935575
6.0,1.81,8.0,2.5063474906605876e-09
6.0,1.81,9.0,-0.030343616325148724
6.0,1.81,10.0,0.0002905608019064254
6.0,1.81,11.0,2.5063474906605876e-09
6.0,1.81,12.0,-0.0038612215379675296
6.0,1.81,13.0,0.010347056959015138
6.0,1.81,14.0,-1.4178401668456407e-09
6.0,1.81,15.0,0.0004033942597934381
6.0,1.81,16.0,-0.015543045877209588
6.0,1.81,17.0,-0.008816626953184137
6.0,1.81,18.0,-0.011371199189285308
6.0,1.81,19.0,-0.025838827769529338
6.0,1.81,20.0,0.0014554758274521462
6.0,1.81,21.0,3.7340888159320684e-09
6.0,2.01,0.0,0.143344053070123
6.0,2.01,1.0,0.0015376332633450507
6.0,2.01,2.0,0.05120308623940861
6.0,2.01,3.0,2.5063475184161632e-09
6.0,2.01,4.0,-0.006248513824798574
6.0,2.01,5.0,-2.241607822472276e-09
6.0,2.01,6.0,-0.009281401516125443
6.0,2.01,7.0,-0.009054363330811915
6.0,2.01,8.0,2.5063475184161632e-09
6.0,2.01,9.0,-0.030364181143379985
6.0,2.01,10.0,0.00028319931708821466
6.0,2.01,11.0,2.5063475184161632e-09
6.0,2.01,12.0,-0.004008643814165547
6.0,2.01,13.0,0.010347057676323018
6.0,2.01,14.0,-1.4178402015532192e-09
6.0,2.01,15.0,0.0004034026216356845
6.0,2.01,16.0,-0.015486601463315597
6.0,2.01,17.0,-0.008813431019631363
6.0,2.01,18.0,-0.011386418158426004
6.0,2.01,19.0,-0.025869284995306274
6.0,2.01,20.0,0.001222822602402196
6.0,2.01,21.0,3.7340888159320684e-09
6.0,2.21,0.0,0.14334405315779342
6.0,2.21,1.0,0.0015376177155853599
6.0,2.21,2.0,0.05120344821908085
6.0,2.21,3.0,2.5063475184161632e-09
6.0,2.21,4.0,-0.006263534100975243
6.0,2.21,5.0,-2.241607823295585e-09
6.0,2.21,6.0,-0.009158350315551345
6.0,2.21,7.0,-0.009057593447005019
6.0,2.21,8.0,2.5063475184161632e-09
6.0,2.21,9.0,-0.030377692849061944
6.0,2.21,10.0,0.0002798868600398935
6.0,2.21,11.0,2.5063475184161632e-09
6.0,2.21,12.0,-0.004056244780866636
6.0,2.21,13.0,0.010347057701090207
6.0,2.21,14.0,-1.4178402079249881e-09
6.0,2.21,15.0,0.00040341221872017274
6.0,2.21,16.0,-0.01545907690573639
6.0,2.21,17.0,-0.008811973365008219
6.0,2.21,18.0,-0.011460198483239925
6.0,2.21,19.0,-0.025903082972612013
6.0,2.21,20.0,0.0011297746464835057
6.0,2.21,21.0,3.7340888159320684e-09
6.0,2.41,0.0,0.143344053155677
6.0,2.41,1.0,0.0015376285109839904
6.0,2.41,2.0,0.051203175713396165
6.0,2.41,3.0,2.5063475184161632e-09
6.0,2.41,4.0,-0.00629615050369009
6.0,2.41,5.0,-2.241607823839118e-09
6.0,2.41,6.0,-0.009140454798916675
6.0,2.41,7.0,-0.009062139010017584
6.0,2.41,8.0,2.5063475184161632e-09
6.0,2.41,9.0,-0.030387414696265665
6.0,2.41,10.0,0.00027548827052065183
6.0,2.41,11.0,2.5063475184161632e-09
6.0,2.41,12.0,-0.00417665724373073
6.0,2.41,13.0,0.010347057705815732
6.0,2.41,14.0,-1.4178402151902498e-09
6.0,2.41,15.0,0.0004034055772646761
6.0,2.41,16.0,-0.015433581961552617
6.0,2.41,17.0,-0.008810849672451132
6.0,2.41,18.0,-0.011283644002667959
6.0,2.41,19.0,-0.025867931140719447
6.0,2.41,20.0,0.000979900003335643
6.0,2.41,21.0,3.7340888159320684e-09
6.0,2.61,0.0,0.14334405284203722
6.0,2.61,1.0,0.0015376223841191416
6.0,2.61,2.0,0.05120332302940522
6.0,2.61,3.0,2.5063475184161632e-09
6.0,2.61,4.0,-0.006274726329659919
6.0,2.61,5.0,-2.2416078239964564e-09
6.0,2.61,6.0,-0.009224869748559128
6.0,2.61,7.0,-0.009059539522966065
6.0,2.61,8.0,2.5063475184161632e-09
6.0,2.61,9.0,-0.03039484044700457
6.0,2.61,10.0,0.0002794025193034594
6.0,2.61,11.0,2.5063475184161632e-09
6.0,2.61,12.0,-0.004095193521511609
6.0,2.61,13.0,0.010347057789548586
6.0,2.61,14.0,-1.4178402171306764e-09
6.0,2.61,15.0,0.00040340933644572585
6.0,2.61,16.0,-0.015464178235615494
6.0,2.61,17.0,-0.008812916542690924
6.0,2.61,18.0,-0.011320698860434963
6.0,2.61,19.0,-0.02587101379510437
6.0,2.61,20.0,0.001099451549507524
6.0,2.61,21.0,3.7340888159320684e-09
6.0,2.81,0.0,0.1433436882453577
6.0,2.81,1.0,0.0015373135805579197
6.0,2.81,2.0,0.05121161138434005
6.0,2.81,3.0,2.5063475184161632e-09
6.0,2.81,4.0,-0.006216591145489003
6.0,2.81,5.0,-2.2416078240116228e-09
6.0,2.81,6.0,-0.009122277101629161
6.0,2.81,7.0,-0.009054226408036561
6.0,2.81,8.0,2.5063475184161632e-09
6.0,2.81,9.0,-0.030400703088213632
6.0,2.81,10.0,0.0002853223288507428
6.0,2.81,11.0,2.5063475184161632e-09
6.0,2.81,12.0,-0.0038679599234080486
6.0,2.81,13.0,0.01034712000451099
6.0,2.81,14.0,-1.417840217042048e-09
6.0,2.81,15.0,0.00040358973964013667
6.0,2.81,16.0,-0.015491181917257985
6.0,2.81,17.0,-0.008814347637547792
6.0,2.81,18.0,-0.01181547504970093
6.0,2.81,19.0,-0.025995060783478297
6.0,2.81,20.0,0.0013392531638828364
6.0,2.81,21.0,3.734088843687644e-09
6.0,3.01,0.0,0.14317177275831272
6.0,3.01,1.0,0.0015200717719325296
6.0,3.01,2.0,0.05183025233999261
6.0,3.01,3.0,2.5063475184161632e-09
6.0,3.01,4.0,-0.006297348821268034
6.0,3.01,5.0,-2.241607824056354e-09
6.0,3.01,6.0,-0.009010609446577056
6.0,3.01,7.0,-0.00906653333298722
6.0,3.01,8.0,2.5063475184161632e-09
6.0,3.01,9.0,-0.03040713310707769
6.0,3.01,10.0,0.0002721800704534594
6.0,3.01,11.0,2.5063475184161632e-09
6.0,3.01,12.0,-0.004210704428410039
6.0,3.01,13.0,0.010368657056953945
6.0,3.01,14.0,-1.4178402177114341e-09
6.0,3.01,15.0,0.0004114321628955475
6.0,3.01,16.0,-0.015427552609231787
6.0,3.01,17.0,-0.008817355122051396
6.0,3.01,18.0,-0.011391811065814939
6.0,3.01,19.0,-0.025957337772863354
6.0,3.01,20.0,0.0009347163399854308
6.0,3.01,21.0,3.7340888159320684e-09
6.0,3.21,0.0,0.14318319833989923
6.0,3.21,1.0,0.0015304630504661687
6.0,3.21,2.0,0.05150110748431058
6.0,3.21,3.0,2.5063475184161632e-09
6.0,3.21,4.0,-0.006302476782673261
6.0,3.21,5.0,-2.2416078240942345e-09
6.0,3.21,6.0,-0.009196489845427258
6.0,3.21,7.0,-0.009063834419751358
6.0,3.21,8.0,2.5063475184161632e-09
6.0,3.21,9.0,-0.030409809555324033
6.0,3.21,10.0,0.0002752170071899096
6.0,3.21,11.0,2.5063475184161632e-09
6.0,3.21,12.0,-0.004217682089268038
6.0,3.21,13.0,0.010363020186578198
6.0,3.21,14.0,-1.4178402182689741e-09
6.0,3.21,15.0,0.0004058604616537509
6.0,3.21,16.0,-0.015454023366525599
6.0,3.21,17.0,-0.00881668348745171
6.0,3.21,18.0,-0.01116128021051832
6.0,3.21,19.0,-0.025872206859641478
6.0,3.21,20.0,0.0009706666361499194
6.0,3.21,21.0,3.7340888159320684e-09
6.0,3.41,0.0,0.1426905092052032
6.0,3.41,1.0,0.0015227389904725608
6.0,3.41,2.0,0.051907156047070746
6.0,3.41,3.0,2.5063475184161632e-09
6.0,3.41,4.0,-0.006299969787666504
6.0,3.41,5.0,-2.24160782409599e-09
6.0,3.41,6.0,-0.009192077927692777
6.0,3.41,7.0,-0.009067386709724599
6.0,3.41,8.0,2.5063475184161632e-09
6.0,3.41,9.0,-0.030415197685611784
6.0,3.41,10.0,0.00027480490031846216
6.0,3.41,11.0,2.5063475184161632e-09
6.0,3.41,12.0,-0.004230350280311879
6.0,3.41,13.0,0.010397240026793486
6.0,3.41,14.0,-1.417840218273957e-09
6.0,3.41,15.0,0.00040763173379923523
6.0,3.41,16.0,-0.015480394847631723
6.0,3.41,17.0,-0.008828058072623185
6.0,3.41,18.0,-0.011131272517024005
6.0,3.41,19.0,-0.025918698285990194
6.0,3.41,20.0,0.0009953820190216622
6.0,3.41,21.0,3.7340888159320684e-09
6.0,3.61,0.0,0.14273863819514654
6.0,3.61,1.0,0.0015274746050417676
6.0,3.61,2.0,0.051732992506633324
6.0,3.61,3.0,2.5063475184161632e-09
6.0,3.61,4.0,-0.006300461331294527
6.0,3.61,5.0,-2.2416078240961664e-09
6.0,3.61,6.0,-0.009197397989181733
6.0,3.61,7.0,-0.009065455705386593
6.0,3.61,8.0,2.5063475184161632e-09
6.0,3.61,9.0,-0.030413585848669666
6.0,3.61,10.0,0.0002752481811716806
6.0,3.61,11.0,2.5063475184161632e-09
6.0,3.61,12.0,-0.004219505444816196
6.0,3.61,13.0,0.010387886264630025
6.0,3.61,14.0,-1.4178402182740675e-09
6.0,3.61,15.0,0.0004056784844552741
6.0,3.61,16.0,-0.01547479696498072
6.0,3.61,17.0,-0.008824621475170269
6.0,3.61,18.0,-0.011141806011312982
6.0,3.61,19.0,-0.025903035799018703
6.0,3.61,20.0,0.000994889666173504
6.0,3.61,21.0,3.7340888159320684e-09
6.0,3.81,0.0,0.14302975147135255
6.0,3.81,1.0,0.001533759402840229
6.0,3.81,2.0,0.05141304941761915
6.0,3.81,3.0,2.5063475184161632e-09
6.0,3.81,4.0,-0.006302517588462231
6.0,3.81,5.0,-2.2416078240962053e-09
6.0,3.81,6.0,-0.009201247184625116
6.0,3.81,7.0,-0.009062338599108318
6.0,3.81,8.0,2.5063475184161632e-09
6.0,3.81,9.0,-0.030410433744652927
6.0,3.81,10.0,0.00027558608695195386
6.0,3.81,11.0,2.5063475184161632e-09
6.0,3.81,12.0,-0.00420925124180771
6.0,3.81,13.0,0.010364723432082557
6.0,3.81,14.0,-1.4178402182740757e-09
6.0,3.81,15.0,0.00040395789520808467
6.0,3.81,16.0,-0.015456705542219479
6.0,3.81,17.0,-0.008816535844162005
6.0,3.81,18.0,-0.011163070091914973
6.0,3.81,19.0,-0.025869469215974883
6.0,3.81,20.0,0.0009785252772659958
6.0,3.81,21.0,3.7340888159320684e-09
6.0,4.01,0.0,0.14183251792631135
6.0,4.01,1.0,0.0015245425558975678
6.0,4.01,2.0,0.05202609832646421
6.0,4.01,3.0,2.5063475184161632e-09
6.0,4.01,4.0,-0.006298812106622476
6.0,4.01,5.0,-2.2416078240962173e-09
6.0,4.01,6.0,-0.009198049376317574
6.0,4.01,7.0,-0.009069315472439086
6.0,4.01,8.0,2.5063475184161632e-09
6.0,4.01,9.0,-0.03042106303837372
6.0,4.01,10.0,0.00027537041486407066
6.0,4.01,11.0,2.5063475184161632e-09
6.0,4.01,12.0,-0.004218077848897994
6.0,4.01,13.0,0.010422403993503332
6.0,4.01,14.0,-1.417840218274077e-09
6.0,4.01,15.0,0.0004056151952983589
6.0,4.01,16.0,-0.01550375224447631
6.0,4.01,17.0,-0.008836939780189512
6.0,4.01,18.0,-0.01113002746532421
6.0,4.01,19.0,-0.02594720321283006
6.0,4.01,20.0,0.0010284537389256276
6.0,4.01,21.0,3.7340888159320684e-09
7.0,0.01,0.0,0.0005834250495836413
7.0,0.01,1.0,-0.0001322916899508253
7.0,0.01,2.0,0.0007847909924618701
7.0,0.01,3.0,7.579301075644196e-10
7.0,0.01,4.0,-0.0028970481106472506
7.0,0.01,5.0,-0.0010154514291039474
7.0,0.01,6.0,-0.00020349151891990713
7.0,0.01,7.0,-0.0013937036190492802
7.0,0.01,8.0,7.579301075644196e-10
7.0,0.01,9.0,-0.0003342089209033283
7.0,0.01,10.0,-0.00020107933846971737
7.0,0.01,11.0,7.579301075644196e-10
7.0,0.01,12.0,0.0002451911834649989
7.0,0.01,13.0,0.0005053307388833694
7.0,0.01,14.0,0.0005039646099425227
7.0,0.01,15.0,0.00011027353665143957
7.0,0.01,16.0,-0.00036239655931892545
7.0,0.01,17.0,-0.001137096890535122
7.0,0.01,18.0,-0.0006394944788394308
7.0,0.01,19.0,-0.0009335501572162452
7.0,0.01,20.0,0.00010810990735665715
7.0,0.01,21.0,7.98174137894847e-10
7.0,0.21,0.0,0.032656980387637424
7.0,0.21,1.0,0.0017607447317573022
7.0,0.21,2.0,0.007649245920825498
7.0,0.21,3.0,7.579301075644196e-10
7.0,0.21,4.0,-0.0032250495151466435
7.0,0.21,5.0,-0.014897207378614115
7.0,0.21,6.0,0.005411844135585486
7.0,0.21,7.0,-0.019071446816452634
7.0,0.21,8.0,7.579301075644196e-10
7.0,0.21,9.0,-0.002409431375252763
7.0,0.21,10.0,-0.002996873102748626
7.0,0.21,11.0,7.579301075644196e-10
7.0,0.21,12.0,0.006735239650167271
7.0,0.21,13.0,0.006754046027113381
7.0,0.21,14.0,-0.0023224104016442565
7.0,0.21,15.0,0.0006431794134454938
7.0,0.21,16.0,-0.004435269209793771
7.0,0.21,17.0,-0.013985721075804453
7.0,0.21,18.0,0.002553592760627943
7.0,0.21,19.0,-0.010138109718606653
7.0,0.21,20.0,0.003567877529433494
7.0,0.21,21.0,7.98174137894847e-10
7.0,0.41,0.0,0.06450467232280843
7.0,0.41,1.0,0.0035946993262803706
7.0,0.41,2.0,0.014566826856863668
7.0,0.41,3.0,7.579301075644196e-10
7.0,0.41,4.0,-0.0032448934396448613
7.0,0.41,5.0,-0.02819055095389253
7.0,0.41,6.0,0.010884526152371177
7.0,0.41,7.0,-0.03625185567669749
7.0,0.41,8.0,7.579301075644196e-10
7.0,0.41,9.0,-0.004516467501061411
7.0,0.41,10.0,-0.005660750069779397
7.0,0.41,11.0,7.579301075644196e-10
7.0,0.41,12.0,0.012890065121369698
7.0,0.41,13.0,0.013011080058773161
7.0,0.41,14.0,-0.005195517335051317
7.0,0.41,15.0,0.0011966281134282997
7.0,0.41,16.0,-0.008573541757856046
7.0,0.41,17.0,-0.026367236163874874
7.0,0.41,18.0,0.0055517753486631904
7.0,0.41,19.0,-0.019404629911989074
7.0,0.41,20.0,0.007096141669688805
7.0,0.41,21.0,7.98174137894847e-10
7.0,0.61,0.0,0.09591674614314549
7.0,0.61,1.0,0.005375463635237554
7.0,0.61,2.0,0.02140981322523361
7.0,0.61,3.0,7.579301075644196e-10
7.0,0.61,4.0,-0.0032460425714985522
7.0,0.61,5.0,-0.040121976358798064
7.0,0.61,6.0,0.01567089418954537
7.0,0.61,7.0,-0.052372814240672014
7.0,0.61,8.0,7.579301075644196e-10
7.0,0.61,9.0,-0.006595065893409774
7.0,0.61,10.0,-0.00803640308310219
7.0,0.61,11.0,7.579301075644196e-10
7.0,0.61,12.0,0.018203714432766402
7.0,0.61,13.0,0.019182601600550464
7.0,0.61,14.0,-0.008029820046197109
7.0,0.61,15.0,0.0017610720413504255
7.0,0.61,16.0,-0.012876537599821866
7.0,0.61,17.0,-0.037814636021439585
7.0,0.61,18.0,0.008045183766680508
7.0,0.61,19.0,-0.02880586187297425
7.0,0.61,20.0,0.010553875231183896
7.0,0.61,21.0,7.98174137894847e-10
7.0,0.81,0.0,0.12686002398284912
7.0,0.81,1.0,0.007344312743433279
7.0,0.81,2.0,0.027655986916694852
7.0,0.81,3.0,7.579301075644196e-10
7.0,0.81,4.0,-0.003246110329886504
7.0,0.81,5.0,-0.049596570390751576
7.0,0.81,6.0,0.01881915763577191
7.0,0.81,7.0,-0.0667979934884392
7.0,0.81,8.0,7.579301075644196e-10
7.0,0.81,9.0,-0.008429793378987221
7.0,0.81,10.0,-0.009916291080882517
7.0,0.81,11.0,7.579301075644196e-10
7.0,0.81,12.0,0.02197298560554828
7.0,0.81,13.0,0.025005272675574952
7.0,0.81,14.0,-0.010788121043331156
7.0,0.81,15.0,0.002195996081138518
7.0,0.81,16.0,-0.017446159574428285
7.0,0.81,17.0,-0.0477234765709513
7.0,0.81,18.0,0.01004048155985826
7.0,0.81,19.0,-0.038339718076913346
7.0,0.81,20.0,0.013271372877463439
7.0,0.81,21.0,7.98174137894847e-10
7.0,1.01,0.0,0.15660758085093174
7.0,1.01,1.0,0.009078434003912839
7.0,1.01,2.0,0.03404146820567322
7.0,1.01,3.0,7.579301075644196e-10
7.0,1.01,4.0,-0.0032461145100501653
7.0,1.01,5.0,-0.055787041585641385
7.0,1.01,6.0,0.020572566805315218
7.0,1.01,7.0,-0.07927014987283604
7.0,1.01,8.0,7.579301075644196e-10
7.0,1.01,9.0,-0.010349211760193183
7.0,1.01,10.0,-0.011137176353999939
7.0,1.01,11.0,7.579301075644196e-10
7.0,1.01,12.0,0.023830379547502667
7.0,1.01,13.0,0.030798448972811032
7.0,1.01,14.0,-0.013473601517198966
7.0,1.01,15.0,0.00271124423930455
7.0,1.01,16.0,-0.022410105579433015
7.0,1.01,17.0,-0.055695273955107885
7.0,1.01,18.0,0.010798509425832936
7.0,1.01,19.0,-0.04830105122238175
7.0,1.01,20.0,0.016047469400974512
7.0,1.01,21.0,7.98174137894847e-10
7.0,1.21,0.0,0.1855832735680577
7.0,1.21,1.0,0.010921452840271018
7.0,1.21,2.0,0.039970034003080246
7.0,1.21,3.0,7.579301075644196e-10
7.0,1.21,4.0,-0.003246114797696968
7.0,1.21,5.0,-0.05896000818443614
7.0,1.21,6.0,0.020573825990751138
7.0,1.21,7.0,-0.08990885160863343
7.0,1.21,8.0,7.579301075644196e-10
7.0,1.21,9.0,-0.012119373570450565
7.0,1.21,10.0,-0.011754257625503528
7.0,1.21,11.0,7.579301075644196e-10
7.0,1.21,12.0,0.023834579359535174
7.0,1.21,13.0,0.0363153259722524
7.0,1.21,14.0,-0.01608112504774553
7.0,1.21,15.0,0.003117596725044164
7.0,1.21,16.0,-0.027713962577458395
7.0,1.21,17.0,-0.06188510801167256
7.0,1.21,18.0,0.01081074987107955
7.0,1.21,19.0,-0.05852623533570772
7.0,1.21,20.0,0.018066484836137375
7.0,1.21,21.0,7.98174137894847e-10
7.0,1.41,0.0,0.21379944051448796
7.0,1.41,1.0,0.012443274277122163
7.0,1.41,2.0,0.0462357724639188
7.0,1.41,3.0,7.579301075644196e-10
7.0,1.41,4.0,-0.003246114797301282
7.0,1.41,5.0,-0.06026041799003284
7.0,1.41,6.0,0.019858104623799777
7.0,1.41,7.0,-0.09921168730191762
7.0,1.41,8.0,7.579301075644196e-10
7.0,1.41,9.0,-0.013988719050211484
7.0,1.41,10.0,-0.011978178222838198
7.0,1.41,11.0,7.579301075644196e-10
7.0,1.41,12.0,0.02273370260014243
7.0,1.41,13.0,0.04187192236607212
7.0,1.41,14.0,-0.01864032288791273
7.0,1.41,15.0,0.003693275704057253
7.0,1.41,16.0,-0.03325266991033797
7.0,1.41,17.0,-0.06686753110266073
7.0,1.41,18.0,0.009897648923325453
7.0,1.41,19.0,-0.06900092189309485
7.0,1.41,20.0,0.0206057478823643
7.0,1.41,21.0,7.98174137894847e-10
7.0,1.61,0.0,0.2418041422441125
7.0,1.61,1.0,0.01439955269227311
7.0,1.61,2.0,0.05172763195678476
7.0,1.61,3.0,7.579301075644196e-10
7.0,1.61,4.0,-0.00324611482509137
7.0,1.61,5.0,-0.060713685757680755
7.0,1.61,6.0,0.018376480932268846
7.0,1.61,7.0,-0.10744983773839759
7.0,1.61,8.0,7.579301075644196e-10
7.0,1.61,9.0,-0.01566518687220253
7.0,1.61,10.0,-0.012017868365426093
7.0,1.61,11.0,7.579301075644196e-10
7.0,1.61,12.0,0.020994405142984257
7.0,1.61,13.0,0.047161392855292805
7.0,1.61,14.0,-0.021161593670055906
7.0,1.61,15.0,0.0039576417581740075
7.0,1.61,16.0,-0.03888291622641142
7.0,1.61,17.0,-0.07114910517177157
7.0,1.61,18.0,0.009089326791781427
7.0,1.61,19.0,-0.0795030699175613
7.0,1.61,20.0,0.021777864157024096
7.0,1.61,21.0,7.98174137894847e-10
7.0,1.81,0.0,0.26948188959443187
7.0,1.81,1.0,0.016070125307173888
7.0,1.81,2.0,0.05759666769817251
7.0,1.81,3.0,7.579301075644196e-10
7.0,1.81,4.0,-0.0032461148206179365
7.0,1.81,5.0,-0.06085734379337612
7.0,1.81,6.0,0.01694089571865831
7.0,1.81,7.0,-0.11457885207348219
7.0,1.81,8.0,7.579301075644196e-10
7.0,1.81,9.0,-0.017439626966892885
7.0,1.81,10.0,-0.011981253101007588
7.0,1.81,11.0,7.579301075644196e-10
7.0,1.81,12.0,0.01909535567100254
7.0,1.81,13.0,0.05253751263224271
7.0,1.81,14.0,-0.023663854580290744
7.0,1.81,15.0,0.0043953034374289435
7.0,1.81,16.0,-0.0445466561139167
7.0,1.81,17.0,-0.07497698531047127
7.0,1.81,18.0,0.007877019740460178
7.0,1.81,19.0,-0.09003661583922486
7.0,1.81,20.0,0.023667060234372483
7.0,1.81,21.0,7.98174137894847e-10
7.0,2.01,0.0,0.29696256168006885
7.0,2.01,1.0,0.017764340964249004
7.0,2.01,2.0,0.06337807884668878
7.0,2.01,3.0,7.579301075644196e-10
7.0,2.01,4.0,-0.0032461148101715085
7.0,2.01,5.0,-0.06090081318211848
7.0,2.01,6.0,0.01550639254595454
7.0,2.01,7.0,-0.12025748670805433
7.0,2.01,8.0,7.579301075644196e-10
7.0,2.01,9.0,-0.01920030768080433
7.0,2.01,10.0,-0.01191876299421149
7.0,2.01,11.0,7.579301075644196e-10
7.0,2.01,12.0,0.017129846759819323
7.0,2.01,13.0,0.05787460922387522
7.0,2.01,14.0,-0.026148023177752396
7.0,2.01,15.0,0.004798504990920854
7.0,2.01,16.0,-0.05019885860370935
7.0,2.01,17.0,-0.0783972110802794
7.0,2.01,18.0,0.006578444873313494
7.0,2.01,19.0,-0.1005143792256317
7.0,2.01,20.0,0.025490844318149353
7.0,2.01,21.0,7.981741101392714e-10
7.0,2.21,0.0,0.3242618186163916
7.0,2.21,1.0,0.019551013825145236
7.0,2.21,2.0,0.06898509509728179
7.0,2.21,3.0,7.579301353199952e-10
7.0,2.21,4.0,-0.003246114394868429
7.0,2.21,5.0,-0.06091378941921019
7.0,2.21,6.0,0.01425135579772091
7.0,2.21,7.0,-0.12419612139250386
7.0,2.21,8.0,7.579301353199952e-10
7.0,2.21,9.0,-0.020948985712096496
7.0,2.21,10.0,-0.011847690771125269
7.0,2.21,11.0,7.579301353199952e-10
7.0,2.21,12.0,0.015155182396453637
7.0,2.21,13.0,0.06317821272232466
7.0,2.21,14.0,-0.02861581512776569
7.0,2.21,15.0,0.005096490981827684
7.0,2.21,16.0,-0.055818713396985895
7.0,2.21,17.0,-0.08139719994157844
7.0,2.21,18.0,0.0051165641690236185
7.0,2.21,19.0,-0.11085212432051744
7.0,2.21,20.0,0.027240993935368607
7.0,2.21,21.0,7.98174137894847e-10
7.0,2.41,0.0,0.3510350243713882
7.0,2.41,1.0,0.021022399567147687
7.0,2.41,2.0,0.07482504549595081
7.0,2.41,3.0,7.579301075644196e-10
7.0,2.41,4.0,-0.003246111244557063
7.0,2.41,5.0,-0.060917661917992874
7.0,2.41,6.0,0.012586620252582004
7.0,2.41,7.0,-0.12644450393194206
7.0,2.41,8.0,7.579301075644196e-10
7.0,2.41,9.0,-0.02266720856554738
7.0,2.41,10.0,-0.01177638215307969
7.0,2.41,11.0,7.579301075644196e-10
7.0,2.41,12.0,0.013214056628627999
7.0,2.41,13.0,0.06836835792040613
7.0,2.41,14.0,-0.031005807329146942
7.0,2.41,15.0,0.005641099599998339
7.0,2.41,16.0,-0.061221514785959046
7.0,2.41,17.0,-0.08396016834545349
7.0,2.41,18.0,0.004014540221745078
7.0,2.41,19.0,-0.12043374215506239
7.0,2.41,20.0,0.029324821334206108
7.0,2.41,21.0,7.98174137894847e-10
7.0,2.61,0.0,0.3687892099514358
7.0,2.61,1.0,0.022124000148598777
7.0,2.61,2.0,0.07852459882698976
7.0,2.61,3.0,7.579301075644196e-10
7.0,2.61,4.0,-0.0032460792567411286
7.0,2.61,5.0,-0.06091873076240285
7.0,2.61,6.0,0.011645494936036616
7.0,2.61,7.0,-0.12735583414002596
7.0,2.61,8.0,7.579301075644196e-10
7.0,2.61,9.0,-0.023796860274163334
7.0,2.61,10.0,-0.011729035880196748
7.0,2.61,11.0,7.579301075644196e-10
7.0,2.61,12.0,0.011933596393689627
7.0,2.61,13.0,0.07179384256599669
7.0,2.61,14.0,-0.0325797956541329
7.0,2.61,15.0,0.005877195721456424
7.0,2.61,16.0,-0.06475644676976167
7.0,2.61,17.0,-0.08552537199479117
7.0,2.61,18.0,0.003187584653971065
7.0,2.61,19.0,-0.1263996348598496
7.0,2.61,20.0,0.030484426252593566
7.0,2.61,21.0,7.98174137894847e-10
7.0,2.81,0.0,0.3712532806475489
7.0,2.81,1.0,0.02214059976404187
7.0,2.81,2.0,0.07926068957972604
7.0,2.81,3.0,7.579301075644196e-10
7.0,2.81,4.0,-0.003246101808507143
7.0,2.81,5.0,-0.06091899159994634
7.0,2.81,6.0,0.011280242018854247
7.0,2.81,7.0,-0.1275814968519989
7.0,2.81,8.0,7.579301075644196e-10
7.0,2.81,9.0,-0.0239663793230476
7.0,2.81,10.0,-0.01172058741231008
7.0,2.81,11.0,7.579301075644196e-10
7.0,2.81,12.0,0.011719463675161926
7.0,2.81,13.0,0.07230522333644268
7.0,2.81,14.0,-0.03285937026003319
7.0,2.81,15.0,0.006067068144961718
7.0,2.81,16.0,-0.06545655317479483
7.0,2.81,17.0,-0.08579834098701657
7.0,2.81,18.0,0.003192971822383095
7.0,2.81,19.0,-0.12778256555047798
7.0,2.81,20.0,0.030855030951581264
7.0,2.81,21.0,7.981741101392714e-10
7.0,3.01,0.0,0.3713119570251848
7.0,3.01,1.0,0.022207095281950806
7.0,3.01,2.0,0.0792130102093393
7.0,3.01,3.0,7.579301075644196e-10
7.0,3.01,4.0,-0.0032460662081182493
7.0,3.01,5.0,-0.06091908274070661
7.0,3.01,6.0,0.011372459311620398
7.0,3.01,7.0,-0.12764744366512953
7.0,3.01,8.0,7.579301075644196e-10
7.0,3.01,9.0,-0.023967303797000766
7.0,3.01,10.0,-0.01172013024721219
7.0,3.01,11.0,7.579301075644196e-10
7.0,3.01,12.0,0.011713518030949083
7.0,3.01,13.0,0.07231479505693139
7.0,3.01,14.0,-0.032875744216047796
7.0,3.01,15.0,0.006010562254136015
7.0,3.01,16.0,-0.06552086988303908
7.0,3.01,17.0,-0.08582577968641121
7.0,3.01,18.0,0.003100047463054423
7.0,3.01,19.0,-0.12802107056831827
7.0,3.01,20.0,0.030819425659602995
7.0,3.01,21.0,7.98174137894847e-10
7.0,3.21,0.0,0.37131267191106876
7.0,3.21,1.0,0.022178228009867185
7.0,3.21,2.0,0.07925168059454807
7.0,3.21,3.0,7.579301075644196e-10
7.0,3.21,4.0,-0.0032460666581180745
7.0,3.21,5.0,-0.06091913050958724
7.0,3.21,6.0,0.011329302038148525
7.0,3.21,7.0,-0.1276784925060238
7.0,3.21,8.0,7.579301075644196e-10
7.0,3.21,9.0,-0.02396893234067607
7.0,3.21,10.0,-0.011720153846916936
7.0,3.21,11.0,7.579301075644196e-10
7.0,3.21,12.0,0.01171234402578529
7.0,3.21,13.0,0.07231703830723035
7.0,3.21,14.0,-0.03287738129407729
7.0,3.21,15.0,0.006037727964980477
7.0,3.21,16.0,-0.06553265829087669
7.0,3.21,17.0,-0.08583575473044854
7.0,3.21,18.0,0.003132461951252774
7.0,3.21,19.0,-0.12809569126816658
7.0,3.21,20.0,0.03083962951093533
7.0,3.21,21.0,7.98174137894847e-10
7.0,3.41,0.0,0.3713126798757427
7.0,3.41,1.0,0.02216181662347283
7.0,3.41,2.0,0.07927572302834252
7.0,3.41,3.0,7.579301075644196e-10
7.0,3.41,4.0,-0.0032460596395646373
7.0,3.41,5.0,-0.06091916048362658
7.0,3.41,6.0,0.01130436023275444
7.0,3.41,7.0,-0.12769724070507166
7.0,3.41,8.0,7.579301075644196e-10
7.0,3.41,9.0,-0.02396981260558914
7.0,3.41,10.0,-0.011720179193304453
7.0,3.41,11.0,7.579301075644196e-10
7.0,3.41,12.0,0.011711792137156729
7.0,3.41,13.0,0.07231818141516472
7.0,3.41,14.0,-0.032877877310903365
7.0,3.41,15.0,0.00605322623632748
7.0,3.41,16.0,-0.06553720133224425
7.0,3.41,17.0,-0.0858417055851822
7.0,3.41,18.0,0.0031519751827929765
7.0,3.41,19.0,-0.1281323102355924
7.0,3.41,20.0,0.03084529783278417
7.0,3.41,21.0,7.98174137894847e-10
7.0,3.61,0.0,0.3713126799634988
7.0,3.61,1.0,0.022160639921864123
7.0,3.61,2.0,0.07930119140888914
7.0,3.61,3.0,7.579301075644196e-10
7.0,3.61,4.0,-0.003246003049616502
7.0,3.61,5.0,-0.0609191811335099
7.0,3.61,6.0,0.011309383981915444
7.0,3.61,7.0,-0.12771010130605406
7.0,3.61,8.0,7.579301075644196e-10
7.0,3.61,9.0,-0.023970177544507754
7.0,3.61,10.0,-0.011720161449054967
7.0,3.61,11.0,7.579301075644196e-10
7.0,3.61,12.0,0.011712349491608681
7.0,3.61,13.0,0.07231865553608746
7.0,3.61,14.0,-0.03287812875938772
7.0,3.61,15.0,0.006054241695867657
7.0,3.61,16.0,-0.06553966678725473
7.0,3.61,17.0,-0.08584574879082527
7.0,3.61,18.0,0.003143549312809746
7.0,3.61,19.0,-0.12815493156520952
7.0,3.61,20.0,0.030849404616428155
7.0,3.61,21.0,7.981741101392714e-10
7.0,3.81,0.0,0.37131267559996683
7.0,3.81,1.0,0.022062148865305387
7.0,3.81,2.0,0.07941980213361899
7.0,3.81,3.0,7.579301075644196e-10
7.0,3.81,4.0,-0.0032459580490738194
7.0,3.81,5.0,-0.06091919663488185
7.0,3.81,6.0,0.011201413841510244
7.0,3.81,7.0,-0.12771966215888783
7.0,3.81,8.0,7.579301075644196e-10
7.0,3.81,9.0,-0.023976518194731095
7.0,3.81,10.0,-0.011720102711839514
7.0,3.81,11.0,7.579301075644196e-10
7.0,3.81,12.0,0.011712608428752824
7.0,3.81,13.0,0.07232681330341262
7.0,3.81,14.0,-0.03287828782167711
7.0,3.81,15.0,0.006139032559796309
7.0,3.81,16.0,-0.06554108867671032
7.0,3.81,17.0,-0.08584872662515942
7.0,3.81,18.0,0.0032042251252863974
7.0,3.81,19.0,-0.12816715021486533
7.0,3.81,20.0,0.03101587044324744
7.0,3.81,21.0,7.98174137894847e-10
7.0,4.01,0.0,0.37131246299540055
7.0,4.01,1.0,0.022005223966057863
7.0,4.01,2.0,0.07944244147717211
7.0,4.01,3.0,7.579301075644196e-10
7.0,4.01,4.0,-0.003246076943760888
7.0,4.01,5.0,-0.06091920999985239
7.0,4.01,6.0,0.011122632154509926
7.0,4.01,7.0,-0.12772709449669548
7.0,4.01,8.0,7.579301075644196e-10
7.0,4.01,9.0,-0.023980282933965008
7.0,4.01,10.0,-0.011720136438165635
7.0,4.01,11.0,7.579301075644196e-10
7.0,4.01,12.0,0.011711475966370705
7.0,4.01,13.0,0.07233172370507235
7.0,4.01,14.0,-0.03287841440416098
7.0,4.01,15.0,0.006186577988192304
7.0,4.01,16.0,-0.06554204653136958
7.0,4.01,17.0,-0.08585111781579903
7.0,4.01,18.0,0.0032630723271183104
7.0,4.01,19.0,-0.12817583379352449
7.0,4.01,20.0,0.031028651386111383
7.0,4.01,21.0,7.98174137894847e-10
8.0,0.01,0.0,0.0015530149694410467
8.0,0.01,1.0,4.5098402660370684e-05
8.0,0.01,2.0,0.00031017441208636143
8.0,0.01,3.0,8.065153267455827e-10
8.0,0.01,4.0,-1.6504084986546097e-05
8.0,0.01,5.0,-0.00019991737385358088
8.0,0.01,6.0,5.547354050708386e-05
8.0,0.01,7.0,-0.00024302598541417475
8.0,0.01,8.0,8.065153267455827e-10
8.0,0.01,9.0,-0.00033302254067754666
8.0,0.01,10.0,-6.445698395954325e-05
8.0,0.01,11.0,8.065153267455827e-10
8.0,0.01,12.0,1.0293725403037746e-05
8.0,0.01,13.0,0.0001764237825198911
8.0,0.01,14.0,0.00036083191258651226
8.0,0.01,15.0,1.2562831674944874e-06
8.0,0.01,16.0,-4.930341408432293e-05
8.0,0.01,17.0,-0.0003122635432873111
8.0,0.01,18.0,1.6942902325567388e-07
8.0,0.01,19.0,1.667435080460189e-05
8.0,0.01,20.0,0.00041410299785032967
8.0,0.01,21.0,8.993784328392707e-10
8.0,0.21,0.0,0.033236216266244956
8.0,0.21,1.0,0.0009617785608289076
8.0,0.21,2.0,0.0069156248361764705
8.0,0.21,3.0,8.065153267455827e-10
8.0,0.21,4.0,0.000275943242389054
8.0,0.21,5.0,-0.004398681126573573
8.0,0.21,6.0,0.0012746380545069214
8.0,0.21,7.0,-0.005317012606575411
8.0,0.21,8.0,8.065153267455827e-10
8.0,0.21,9.0,-0.006537507622102909
8.0,0.21,10.0,-0.0014415130052043146
8.0,0.21,11.0,8.065153267455827e-10
8.0,0.21,12.0,6.209684944058491e-05
8.0,0.21,13.0,0.00381151351301684
8.0,0.21,14.0,0.007968575423111607
8.0,0.21,15.0,2.861507036452937e-05
8.0,0.21,16.0,-0.0012869701799631261
8.0,0.21,17.0,-0.006901324562945926
8.0,0.21,18.0,-3.099459821004347e-05
8.0,0.21,19.0,0.00029290584035590594
8.0,0.21,20.0,0.009082222639077375
8.0,0.21,21.0,8.993784328392707e-10
8.0,0.41,0.0,0.06347244154184817
8.0,0.41,1.0,0.001799384553778205
8.0,0.41,2.0,0.01440100807567013
8.0,0.41,3.0,8.065153267455827e-10
8.0,0.41,4.0,-6.94254212152412e-05
8.0,0.41,5.0,-0.008665104017843261
8.0,0.41,6.0,0.002388783217253221
8.0,0.41,7.0,-0.010511450435519404
8.0,0.41,8.0,8.065153267455827e-10
8.0,0.41,9.0,-0.012782303436518823
8.0,0.41,10.0,-0.0027471304995479173
8.0,0.41,11.0,8.065153267455827e-10
8.0,0.41,12.0,0.0004713173811020932
8.0,0.41,13.0,0.007690002131026996
8.0,0.41,14.0,0.015542990388802913
8.0,0.41,15.0,5.7830435094607946e-05
8.0,0.41,16.0,-0.0020863160077976006
8.0,0.41,17.0,-0.01345245765339051
8.0,0.41,18.0,4.9566323704730575e-05
8.0,0.41,19.0,0.0006462510482714567
8.0,0.41,20.0,0.019783347886678126
8.0,0.41,21.0,8.99378405083695e-10
8.0,0.61,0.0,0.09431151269696436
8.0,0.61,1.0,0.0026912572470034757
8.0,0.61,2.0,0.021236505458922084
8.0,0.61,3.0,8.065153267455827e-10
8.0,0.61,4.0,-0.0006414809211125472
8.0,0.61,5.0,-0.012887544713903451
8.0,0.61,6.0,0.0035366587557097706
8.0,0.61,7.0,-0.01565810894241859
8.0,0.61,8.0,8.065153267455827e-10
8.0,0.61,9.0,-0.018981350730886724
8.0,0.61,10.0,-0.004075601910033533
8.0,0.61,11.0,8.065153267455827e-10
8.0,0.61,12.0,0.0009039725049972969
8.0,0.61,13.0,0.011450626786044277
8.0,0.61,14.0,0.022932720950516683
8.0,0.61,15.0,8.53199543724148e-05
8.0,0.61,16.0,-0.002797356885821861
8.0,0.61,17.0,-0.01994577677710549
8.0,0.61,18.0,0.00018005973171647538
8.0,0.61,19.0,0.0010647934543563664
8.0,0.61,20.0,0.029329075555780793
8.0,0.61,21.0,8.993784328392707e-10
8.0,0.81,0.0,0.1251775789423848
8.0,0.81,1.0,0.003564978240939598
8.0,0.81,2.0,0.028315544642559642
8.0,0.81,3.0,8.065153267455827e-10
8.0,0.81,4.0,-0.0012020640651093095
8.0,0.81,5.0,-0.017126062504815923
8.0,0.81,6.0,0.004682119079588654
8.0,0.81,7.0,-0.02082386897071417
8.0,0.81,8.0,8.065153267455827e-10
8.0,0.81,9.0,-0.025111358770010566
8.0,0.81,10.0,-0.005404910927992446
8.0,0.81,11.0,8.065153267455827e-10
8.0,0.81,12.0,0.0013396310675005962
8.0,0.81,13.0,0.015243748447614586
8.0,0.81,14.0,0.030331060098351126
8.0,0.81,15.0,0.00011372480494448167
8.0,0.81,16.0,-0.0035238851602795163
8.0,0.81,17.0,-0.026467593638759723
8.0,0.81,18.0,0.0003158192990786457
8.0,0.81,19.0,0.0014847811085971496
8.0,0.81,20.0,0.03935726409343859
8.0,0.81,21.0,8.99378405083695e-10
8.0,1.01,0.0,0.15648703850984824
8.0,1.01,1.0,0.004492013467869482
8.0,1.01,2.0,0.03476731100857655
8.0,1.01,3.0,8.065153267455827e-10
8.0,1.01,4.0,-0.0016983398681809092
8.0,1.01,5.0,-0.021384511527562086
8.0,1.01,6.0,0.005870728579082107
8.0,1.01,7.0,-0.025993619043018168
8.0,1.01,8.0,8.065153267455827e-10
8.0,1.01,9.0,-0.031047690762590396
8.0,1.01,10.0,-0.006757552209690376
8.0,1.01,11.0,8.065153267455827e-10
8.0,1.01,12.0,0.001719067941482827
8.0,1.01,13.0,0.01897638458735537
8.0,1.01,14.0,0.03770581933342235
8.0,1.01,15.0,0.00014049251092471127
8.0,1.01,16.0,-0.004294670196446887
8.0,1.01,17.0,-0.03302042261736654
8.0,1.01,18.0,0.0004486317438612275
8.0,1.01,19.0,0.0019179126845377814
8.0,1.01,20.0,0.048029050408977814
8.0,1.01,21.0,8.993784328392707e-10
8.0,1.21,0.0,0.1880272218624769
8.0,1.21,1.0,0.005386614573161419
8.0,1.21,2.0,0.04208013848499825
8.0,1.21,3.0,8.065153267455827e-10
8.0,1.21,4.0,-0.0013758874875867133
8.0,1.21,5.0,-0.025701589912071415
8.0,1.21,6.0,0.007105777990648543
8.0,1.21,7.0,-0.03122509161541795
8.0,1.21,8.0,8.065153267455827e-10
8.0,1.21,9.0,-0.03655220801636353
8.0,1.21,10.0,-0.008143265362264396
8.0,1.21,11.0,8.065153267455827e-10
8.0,1.21,12.0,0.001890936666189863
8.0,1.21,13.0,0.022789150443946693
8.0,1.21,14.0,0.04553715487179347
8.0,1.21,15.0,0.00016946035514639468
8.0,1.21,16.0,-0.005383178174838049
8.0,1.21,17.0,-0.03974030016671848
8.0,1.21,18.0,0.0004763803007612477
8.0,1.21,19.0,0.0022015519515097837
8.0,1.21,20.0,0.05810653185954945
8.0,1.21,21.0,8.993784328392707e-10
8.0,1.41,0.0,0.2200192444832545
8.0,1.41,1.0,0.006303585625932195
8.0,1.41,2.0,0.04925883935475678
8.0,1.41,3.0,8.065153267455827e-10
8.0,1.41,4.0,-0.0016951254594216314
8.0,1.41,5.0,-0.030087948398180325
8.0,1.41,6.0,0.00835517354702292
8.0,1.41,7.0,-0.03655456016815198
8.0,1.41,8.0,8.065153267455827e-10
8.0,1.41,9.0,-0.04124076429422487
8.0,1.41,10.0,-0.009533750616993492
8.0,1.41,11.0,8.065153267455827e-10
8.0,1.41,12.0,0.0023247419759475363
8.0,1.41,13.0,0.026673566237115448
8.0,1.41,14.0,0.05311341946405898
8.0,1.41,15.0,0.00019840481771465912
8.0,1.41,16.0,-0.006086727904283329
8.0,1.41,17.0,-0.04648387265735157
8.0,1.41,18.0,0.000672305954491581
8.0,1.41,19.0,0.002657678610896913
8.0,1.41,20.0,0.06818572258498806
8.0,1.41,21.0,8.993784328392707e-10
8.0,1.61,0.0,0.25284779826292636
8.0,1.61,1.0,0.007248136225040391
8.0,1.61,2.0,0.056526736565567615
8.0,1.61,3.0,8.065153267455827e-10
8.0,1.61,4.0,-0.0016313072175553889
8.0,1.61,5.0,-0.03458361842081503
8.0,1.61,6.0,0.009682009463095942
8.0,1.61,7.0,-0.04199783752795243
8.0,1.61,8.0,8.065153267455827e-10
8.0,1.61,9.0,-0.04473052367354231
8.0,1.61,10.0,-0.010965321340737105
8.0,1.61,11.0,8.065153267455827e-10
8.0,1.61,12.0,0.002692113905493787
8.0,1.61,13.0,0.03063678823720542
8.0,1.61,14.0,0.06094678419917568
8.0,1.61,15.0,0.0002277609907936906
8.0,1.61,16.0,-0.006860700815463111
8.0,1.61,17.0,-0.053394361980059035
8.0,1.61,18.0,0.0008818219601672284
8.0,1.61,19.0,0.0030896647347757045
8.0,1.61,20.0,0.07817710793248606
8.0,1.61,21.0,8.993784328392707e-10
8.0,1.81,0.0,0.28585023622662176
8.0,1.81,1.0,0.008189263060440932
8.0,1.81,2.0,0.06383035630720413
8.0,1.81,3.0,8.065153267455827e-10
8.0,1.81,4.0,-0.001200139996800964
8.0,1.81,5.0,-0.039050462127506
8.0,1.81,6.0,0.011033988995256344
8.0,1.81,7.0,-0.047392935417491455
8.0,1.81,8.0,8.065153267455827e-10
8.0,1.81,9.0,-0.046872639256851555
8.0,1.81,10.0,-0.012383179551237189
8.0,1.81,11.0,8.065153267455827e-10
8.0,1.81,12.0,0.0030160525152974904
8.0,1.81,13.0,0.03460855948672778
8.0,1.81,14.0,0.06889679798061002
8.0,1.81,15.0,0.000256906138526386
8.0,1.81,16.0,-0.007639090014506328
8.0,1.81,17.0,-0.06025462634827175
8.0,1.81,18.0,0.0011043338755757914
8.0,1.81,19.0,0.003490895232548613
8.0,1.81,20.0,0.08811675334145225
8.0,1.81,21.0,8.993784328392707e-10
8.0,2.01,0.0,0.30748184413005275
8.0,2.01,1.0,0.008799637801504723
8.0,2.01,2.0,0.0686247491503918
8.0,2.01,3.0,8.065153267455827e-10
8.0,2.01,4.0,-0.0011352134591304242
8.0,2.01,5.0,-0.041940083804281963
8.0,2.01,6.0,0.011908174929661869
8.0,2.01,7.0,-0.05088839539498746
8.0,2.01,8.0,8.065153267455827e-10
8.0,2.01,9.0,-0.04778993639396932
8.0,2.01,10.0,-0.013293104140338519
8.0,2.01,11.0,8.065153267455827e-10
8.0,2.01,12.0,0.003319093745431795
8.0,2.01,13.0,0.03720579514558678
8.0,2.01,14.0,0.07391304059790788
8.0,2.01,15.0,0.000275824123438545
8.0,2.01,16.0,-0.008002914264830685
8.0,2.01,17.0,-0.06467211973011916
8.0,2.01,18.0,0.0013057692588717695
8.0,2.01,19.0,0.0038148730820704857
8.0,2.01,20.0,0.09481959723346517
8.0,2.01,21.0,8.993784328392707e-10
8.0,2.21,0.0,0.3102361339403772
8.0,2.21,1.0,0.008887153393956515
8.0,2.21,2.0,0.06926324470975703
8.0,2.21,3.0,8.065153267455827e-10
8.0,2.21,4.0,-0.001302673018804823
8.0,2.21,5.0,-0.04238630560393694
8.0,2.21,6.0,0.012044661542593926
8.0,2.21,7.0,-0.05143569861322615
8.0,2.21,8.0,8.065153267455827e-10
8.0,2.21,9.0,-0.04802128679566617
8.0,2.21,10.0,-0.013442571981890777
8.0,2.21,11.0,8.065153267455827e-10
8.0,2.21,12.0,0.003413830373439175
8.0,2.21,13.0,0.03755622165030567
8.0,2.21,14.0,0.07450956400188447
8.0,2.21,15.0,0.00027875776597119373
8.0,2.21,16.0,-0.007990020185706187
8.0,2.21,17.0,-0.06534766334157302
8.0,2.21,18.0,0.0013631149762850514
8.0,2.21,19.0,0.0039009405167844957
8.0,2.21,20.0,0.09579593947741089
8.0,2.21,21.0,8.993784328392707e-10
8.0,2.41,0.0,0.3102958843262411
8.0,2.41,1.0,0.008889746713585889
8.0,2.41,2.0,0.06927881097738808
8.0,2.41,3.0,8.065153267455827e-10
8.0,2.41,4.0,-0.0013488011238037
8.0,2.41,5.0,-0.04240602709163331
8.0,2.41,6.0,0.012049466451122426
8.0,2.41,7.0,-0.051460576321635726
8.0,2.41,8.0,8.065153267455827e-10
8.0,2.41,9.0,-0.04809165935751145
8.0,2.41,10.0,-0.013450244995026256
8.0,2.41,11.0,8.065153267455827e-10
8.0,2.41,12.0,0.003427915005657922
8.0,2.41,13.0,0.037565085691557226
8.0,2.41,14.0,0.07450600007659311
8.0,2.41,15.0,0.0002788647792111021
8.0,2.41,16.0,-0.007977315948474978
8.0,2.41,17.0,-0.06537537714247527
8.0,2.41,18.0,0.0013710480586808793
8.0,2.41,19.0,0.003911625955601211
8.0,2.41,20.0,0.09583725919478309
8.0,2.41,21.0,8.993784328392707e-10
8.0,2.61,0.0,0.3102965831616262
8.0,2.61,1.0,0.0088897920844756
8.0,2.61,2.0,0.06927902187079693
8.0,2.61,3.0,8.065153267455827e-10
8.0,2.61,4.0,-0.001316205799054726
8.0,2.61,5.0,-0.042408092243589754
8.0,2.61,6.0,0.012050318195629073
8.0,2.61,7.0,-0.05146216048401571
8.0,2.61,8.0,8.065153267455827e-10
8.0,2.61,9.0,-0.04812596788879298
8.0,2.61,10.0,-0.013451547662001045
8.0,2.61,11.0,8.065153267455827e-10
8.0,2.61,12.0,0.00341491374237346
8.0,2.61,13.0,0.03756521203591376
8.0,2.61,14.0,0.07453030840606645
8.0,2.61,15.0,0.0002788672828821781
8.0,2.61,16.0,-0.007996984012593356
8.0,2.61,17.0,-0.06538102124695297
8.0,2.61,18.0,0.0013633232086205371
8.0,2.61,19.0,0.00390208016020549
8.0,2.61,20.0,0.09581611099771953
8.0,2.61,21.0,8.993784328392707e-10
8.0,2.81,0.0,0.3102965903705531
8.0,2.81,1.0,0.008889792858155665
8.0,2.81,2.0,0.0692790260485347
8.0,2.81,3.0,8.065153267455827e-10
8.0,2.81,4.0,-0.0011630577769828898
8.0,2.81,5.0,-0.04241206343567723
8.0,2.81,6.0,0.012056017751954778
8.0,2.81,7.0,-0.051462353090612534
8.0,2.81,8.0,8.065153267455827e-10
8.0,2.81,9.0,-0.04814705272313346
8.0,2.81,10.0,-0.013455025878244875
8.0,2.81,11.0,8.065153267455827e-10
8.0,2.81,12.0,0.0033647853670372707
8.0,2.81,13.0,0.03756521370203661
8.0,2.81,14.0,0.07462801873469735
8.0,2.81,15.0,0.0002788673468268055
8.0,2.81,16.0,-0.008066526823557574
8.0,2.81,17.0,-0.06539489119368747
8.0,2.81,18.0,0.0013392685623039857
8.0,2.81,19.0,0.0038660531365653783
8.0,2.81,20.0,0.09572590874716086
8.0,2.81,21.0,8.993784328392707e-10
8.0,3.01,0.0,0.31029659046000435
8.0,3.01,1.0,0.008889792871044078
8.0,3.01,2.0,0.06927904397837342
8.0,3.01,3.0,8.065153267455827e-10
8.0,3.01,4.0,-0.0010771473575768575
8.0,3.01,5.0,-0.04241470707374938
8.0,3.01,6.0,0.012059435475249514
8.0,3.01,7.0,-0.05146265540921616
8.0,3.01,8.0,8.065153267455827e-10
8.0,3.01,9.0,-0.04816166096540422
8.0,3.01,10.0,-0.01345723133230961
8.0,3.01,11.0,8.065153267455827e-10
8.0,3.01,12.0,0.003336190308786402
8.0,3.01,13.0,0.03756521373151969
8.0,3.01,14.0,0.07468210238167217
8.0,3.01,15.0,0.0002788673496856575
8.0,3.01,16.0,-0.008106448299528002
8.0,3.01,17.0,-0.06540300959165854
8.0,3.01,18.0,0.0013260659466340918
8.0,3.01,19.0,0.0038455587328056207
8.0,3.01,20.0,0.09567455672938657
8.0,3.01,21.0,8.993784328392707e-10
8.0,3.21,0.0,0.31029659046431235
8.0,3.21,1.0,0.008889792862237622
8.0,3.21,2.0,0.06927909504497554
8.0,3.21,3.0,8.065153267455827e-10
8.0,3.21,4.0,-0.00047938375482436957
8.0,3.21,5.0,-0.04243216092166925
8.0,3.21,6.0,0.012087624167922362
8.0,3.21,7.0,-0.05146284839070711
8.0,3.21,8.0,8.065153267455827e-10
8.0,3.21,9.0,-0.04817247255423232
8.0,3.21,10.0,-0.013472500553220912
8.0,3.21,11.0,8.065153267455827e-10
8.0,3.21,12.0,0.0031360960701747043
8.0,3.21,13.0,0.03756521373745356
8.0,3.21,14.0,0.0750477637469183
8.0,3.21,15.0,0.0002788673511069095
8.0,3.21,16.0,-0.008381408133646462
8.0,3.21,17.0,-0.06545553090961459
8.0,3.21,18.0,0.0012482301911658222
8.0,3.21,19.0,0.003707989564599029
8.0,3.21,20.0,0.09530563959169408
8.0,3.21,21.0,8.993784328392707e-10
8.0,3.41,0.0,0.3102965904492757
8.0,3.41,1.0,0.008889792836495936
8.0,3.41,2.0,0.0692790631438705
8.0,3.41,3.0,8.065153267455827e-10
8.0,3.41,4.0,-0.0008118264920921603
8.0,3.41,5.0,-0.04242212359090029
8.0,3.41,6.0,0.012070961103363309
8.0,3.41,7.0,-0.05146272105895937
8.0,3.41,8.0,8.065153267455827e-10
8.0,3.41,9.0,-0.04818082261409286
8.0,3.41,10.0,-0.013463751657641743
8.0,3.41,11.0,8.065153267455827e-10
8.0,3.41,12.0,0.0032462020768395383
8.0,3.41,13.0,0.03756521375420105
8.0,3.41,14.0,0.07484577357446706
8.0,3.41,15.0,0.00027886735292237397
8.0,3.41,16.0,-0.00823093454346821
8.0,3.41,17.0,-0.06542684739037077
8.0,3.41,18.0,0.0012881502836091796
8.0,3.41,19.0,0.003782995534302891
8.0,3.41,20.0,0.09551181696820582
8.0,3.41,21.0,8.993784328392707e-10
8.0,3.61,0.0,0.3102965896432299
8.0,3.61,1.0,0.008889792431994559
8.0,3.61,2.0,0.06927906782064847
8.0,3.61,3.0,8.065153267455827e-10
8.0,3.61,4.0,-0.0008906262658526232
8.0,3.61,5.0,-0.04241981549142526
8.0,3.61,6.0,0.012067021146873552
8.0,3.61,7.0,-0.051462746186206845
8.0,3.61,8.0,8.065153267455827e-10
8.0,3.61,9.0,-0.04818750936620569
8.0,3.61,10.0,-0.013461729347462897
8.0,3.61,11.0,8.065153267455827e-10
8.0,3.61,12.0,0.003272161859792483
8.0,3.61,13.0,0.03756521417522932
8.0,3.61,14.0,0.07479884469493345
8.0,3.61,15.0,0.0002788673733695457
8.0,3.61,16.0,-0.008195590549502696
8.0,3.61,17.0,-0.06542014642952776
8.0,3.61,18.0,0.0012978246024996087
8.0,3.61,19.0,0.003800804069200303
8.0,3.61,20.0,0.09555985266752104
8.0,3.61,21.0,8.993784328392707e-10
8.0,3.81,0.0,0.31029633479682683
8.0,3.81,1.0,0.008889740677802904
8.0,3.81,2.0,0.06927984859516106
8.0,3.81,3.0,8.065153267455827e-10
8.0,3.81,4.0,-0.0008413685039217467
8.0,3.81,5.0,-0.042421176318392054
8.0,3.81,6.0,0.012069073437173866
8.0,3.81,7.0,-0.05146280687582723
8.0,3.81,8.0,8.065153267455827e-10
8.0,3.81,9.0,-0.04819301362208547
8.0,3.81,10.0,-0.013462912971516638
8.0,3.81,11.0,8.065153267455827e-10
8.0,3.81,12.0,0.003256573814270497
8.0,3.81,13.0,0.03756529771868458
8.0,3.81,14.0,0.07483031433849555
8.0,3.81,15.0,0.00027886941903046414
8.0,3.81,16.0,-0.008217051864069652
8.0,3.81,17.0,-0.0654244238729258
8.0,3.81,18.0,0.001291162541426527
8.0,3.81,19.0,0.0037897849523053917
8.0,3.81,20.0,0.09553121935598902
8.0,3.81,21.0,8.993784328392707e-10
8.0,4.01,0.0,0.3102688276275153
8.0,4.01,1.0,0.008886883765824583
8.0,4.01,2.0,0.06931313352513702
8.0,4.01,3.0,8.065153267455827e-10
8.0,4.01,4.0,-0.0008513148286275474
8.0,4.01,5.0,-0.04242248921799531
8.0,4.01,6.0,0.012067261836269966
8.0,4.01,7.0,-0.05146429592924452
8.0,4.01,8.0,8.065153267455827e-10
8.0,4.01,9.0,-0.04819966064152038
8.0,4.01,10.0,-0.013462138067908525
8.0,4.01,11.0,8.065153267455827e-10
8.0,4.01,12.0,0.003261186343073319
8.0,4.01,13.0,0.03757170478372171
8.0,4.01,14.0,0.07482956354908557
8.0,4.01,15.0,0.00027896097430943345
8.0,4.01,16.0,-0.008213886493207256
8.0,4.01,17.0,-0.06542505051475442
8.0,4.01,18.0,0.001293053535352473
8.0,4.01,19.0,0.0037913449976661184
8.0,4.01,20.0,0.09559127244975757
8.0,4.01,21.0,8.993784328392707e-10
9.0,0.01,0.0,0.001881434055586162
9.0,0.01,1.0,6.408207719799108e-06
9.0,0.01,2.0,0.000756135232869215
9.0,0.01,3.0,7.355680786691465e-10
9.0,0.01,4.0,0.0002705724251715891
9.0,0.01,5.0,-0.0008462973623138276
9.0,0.01,6.0,0.0002669825629992295
9.0,0.01,7.0,-0.001282568688072222
9.0,0.01,8.0,7.355680786691465e-10
9.0,0.01,9.0,-2.174493511582898e-07
9.0,0.01,10.0,-0.0003219050047159888
9.0,0.01,11.0,7.355680786691465e-10
9.0,0.01,12.0,0.00030069250772385425
9.0,0.01,13.0,6.498258798909307e-05
9.0,0.01,14.0,0.0012744018033073456
9.0,0.01,15.0,3.841980804331069e-07
9.0,0.01,16.0,0.0013507526648043333
9.0,0.01,17.0,-0.0002999788629694522
9.0,0.01,18.0,0.0004267435442334433
9.0,0.01,19.0,5.704994405814068e-05
9.0,0.01,20.0,0.0010729362760817374
9.0,0.01,21.0,1.1668623567384628e-09
9.0,0.21,0.0,0.034771234065624324
9.0,0.21,1.0,0.00010444245468879676
9.0,0.21,2.0,0.010295159253131736
9.0,0.21,3.0,7.355680786691465e-10
9.0,0.21,4.0,0.006328470980589751
9.0,0.21,5.0,-0.006340142463562411
9.0,0.21,6.0,0.002695139194375251
9.0,0.21,7.0,-0.012880054383150819
9.0,0.21,8.0,7.355680786691465e-10
9.0,0.21,9.0,-2.1744936596160615e-07
9.0,0.21,10.0,-0.002162095189196217
9.0,0.21,11.0,7.355680786691465e-10
9.0,0.21,12.0,0.0024125104986553736
9.0,0.21,13.0,0.0009942326516401423
9.0,0.21,14.0,0.01836922700703153
9.0,0.21,15.0,5.150085042010533e-06
9.0,0.21,16.0,0.01872058281728395
9.0,0.21,17.0,-0.002572460028090945
9.0,0.21,18.0,0.009206434844504341
9.0,0.21,19.0,0.004570469649835485
9.0,0.21,20.0,0.009747154762937305
9.0,0.21,21.0,1.1668623567384628e-09
9.0,0.41,0.0,0.06771115838200692
9.0,0.41,1.0,0.00020275120199630958
9.0,0.41,2.0,0.01965798714539546
9.0,0.41,3.0,7.355680786691465e-10
9.0,0.41,4.0,0.012544936123395134
9.0,0.41,5.0,-0.011786307795579834
9.0,0.41,6.0,0.005068726913250332
9.0,0.41,7.0,-0.024412997613996387
9.0,0.41,8.0,7.355680786691465e-10
9.0,0.41,9.0,-2.174493667973367e-07
9.0,0.41,10.0,-0.003997783679529937
9.0,0.41,11.0,7.355680786691465e-10
9.0,0.41,12.0,0.004314357365118704
9.0,0.41,13.0,0.001918770034266687
9.0,0.41,14.0,0.03533128482855269
9.0,0.41,15.0,9.89508331719624e-06
9.0,0.41,16.0,0.036041728417875785
9.0,0.41,17.0,-0.004850977513442115
9.0,0.41,18.0,0.018070814793906043
9.0,0.41,19.0,0.008949831878819647
9.0,0.41,20.0,0.018449200828916656
9.0,0.41,21.0,1.1668623567384628e-09
9.0,0.61,0.0,0.09981524134947839
9.0,0.61,1.0,0.00029828648481317055
9.0,0.61,2.0,0.029886851739033216
9.0,0.61,3.0,7.355680786691465e-10
9.0,0.61,4.0,0.018089411550221812
9.0,0.61,5.0,-0.01710396282005417
9.0,0.61,6.0,0.0075047236351121205
9.0,0.61,7.0,-0.03590050197873149
9.0,0.61,8.0,7.355680786691465e-10
9.0,0.61,9.0,-2.1744936686772033e-07
9.0,0.61,10.0,-0.0057540975290536756
9.0,0.61,11.0,7.355680786691465e-10
9.0,0.61,12.0,0.006912099437467345
9.0,0.61,13.0,0.0028623014211835718
9.0,0.61,14.0,0.05326509907850446
9.0,0.61,15.0,1.4724848079794572e-05
9.0,0.61,16.0,0.054461501097950116
9.0,0.61,17.0,-0.007029359012489703
9.0,0.61,18.0,0.02574075886645444
9.0,0.61,19.0,0.012199664072592431
9.0,0.61,20.0,0.029124920894307516
9.0,0.61,21.0,1.1668623567384628e-09
9.0,0.81,0.0,0.13218079701122043
9.0,0.81,1.0,0.0003946537918181614
9.0,0.81,2.0,0.03967924842386933
9.0,0.81,3.0,7.355680786691465e-10
9.0,0.81,4.0,0.023927935077360796
9.0,0.81,5.0,-0.022282679047950366
9.0,0.81,6.0,0.009870629698508937
9.0,0.81,7.0,-0.04714755636568518
9.0,0.81,8.0,7.355680786691465e-10
9.0,0.81,9.0,-2.1744936688512268e-07
9.0,0.81,10.0,-0.007480526682967947
9.0,0.81,11.0,7.355680786691465e-10
9.0,0.81,12.0,0.009156831412131805
9.0,0.81,13.0,0.003793228325168263
9.0,0.81,14.0,0.07069165178923004
9.0,0.81,15.0,1.9493105005791156e-05
9.0,0.81,16.0,0.07231844583192448
9.0,0.81,17.0,-0.009200724945818778
9.0,0.81,18.0,0.03389477032634336
9.0,0.81,19.0,0.015902930745923027
9.0,0.81,20.0,0.03888974757385555
9.0,0.81,21.0,1.1668623567384628e-09
9.0,1.01,0.0,0.1644056524882881
9.0,1.01,1.0,0.0004905809623388935
9.0,1.01,2.0,0.04938726673859911
9.0,1.01,3.0,7.355680786691465e-10
9.0,1.01,4.0,0.02975282360361109
9.0,1.01,5.0,-0.027215823724664627
9.0,1.01,6.0,0.012190263844323368
9.0,1.01,7.0,-0.05801405737268513
9.0,1.01,8.0,7.355680786691465e-10
9.0,1.01,9.0,-2.1744936688482227e-07
9.0,1.01,10.0,-0.009129265791584268
9.0,1.01,11.0,7.355680786691465e-10
9.0,1.01,12.0,0.011342217455132086
9.0,1.01,13.0,0.0047186433273470885
9.0,1.01,14.0,0.08799353999628468
9.0,1.01,15.0,2.4230718870810186e-05
9.0,1.01,16.0,0.09006568948286742
9.0,1.01,17.0,-0.011306508609746788
9.0,1.01,18.0,0.042007865434953384
9.0,1.01,19.0,0.019598883197446182
9.0,1.01,20.0,0.04854339124627982
9.0,1.01,21.0,1.1668623567384628e-09
9.0,1.21,0.0,0.1964007433817927
9.0,1.21,1.0,0.0005855463195350297
9.0,1.21,2.0,0.05910689904154087
9.0,1.21,3.0,7.355680786691465e-10
9.0,1.21,4.0,0.03563379700295477
9.0,1.21,5.0,-0.03178115884236046
9.0,1.21,6.0,0.01436982957420857
9.0,1.21,7.0,-0.06818717412993754
9.0,1.21,8.0,7.355680786691465e-10
9.0,1.21,9.0,-2.1744936683768677e-07
9.0,1.21,10.0,-0.010659810008093656
9.0,1.21,11.0,7.355680786691465e-10
9.0,1.21,12.0,0.013496289286358654
9.0,1.21,13.0,0.005636889398327266
9.0,1.21,14.0,0.10530355319604712
9.0,1.21,15.0,2.8940694706408587e-05
9.0,1.21,16.0,0.10766250859475357
9.0,1.21,17.0,-0.013300452264237442
9.0,1.21,18.0,0.050007894229655014
9.0,1.21,19.0,0.0231261196245664
9.0,1.21,20.0,0.05823267706277446
9.0,1.21,21.0,1.1668623567384628e-09
9.0,1.41,0.0,0.22827253884853893
9.0,1.41,1.0,0.0006804635733317632
9.0,1.41,2.0,0.06829252648258749
9.0,1.41,3.0,7.355680786691465e-10
9.0,1.41,4.0,0.04178963503355171
9.0,1.41,5.0,-0.0358582469573366
9.0,1.41,6.0,0.016418484880089512
9.0,1.41,7.0,-0.07712533983501974
9.0,1.41,8.0,7.355680786691465e-10
9.0,1.41,9.0,-2.174493656001953e-07
9.0,1.41,10.0,-0.012072698961399675
9.0,1.41,11.0,7.355680786691465e-10
9.0,1.41,12.0,0.015110704031035038
9.0,1.41,13.0,0.006535561374762855
9.0,1.41,14.0,0.12215120471886431
9.0,1.41,15.0,3.354990288709225e-05
9.0,1.41,16.0,0.12485220165943989
9.0,1.41,17.0,-0.015172722100892058
9.0,1.41,18.0,0.058243651130613805
9.0,1.41,19.0,0.02689818512095854
9.0,1.41,20.0,0.06709284530357829
9.0,1.41,21.0,1.1668623567384628e-09
9.0,1.61,0.0,0.25921062248531646
9.0,1.61,1.0,0.0007713179098685075
9.0,1.61,2.0,0.07850018179310214
9.0,1.61,3.0,7.355680786691465e-10
9.0,1.61,4.0,0.04775097576382559
9.0,1.61,5.0,-0.039315571149509614
9.0,1.61,6.0,0.017944016648283656
9.0,1.61,7.0,-0.08414657594214334
9.0,1.61,8.0,7.355680786691465e-10
9.0,1.61,9.0,-2.1744908651640875e-07
9.0,1.61,10.0,-0.013228027396484876
9.0,1.61,11.0,7.355680786691465e-10
9.0,1.61,12.0,0.01754746560179049
9.0,1.61,13.0,0.007435933271190548
9.0,1.61,14.0,0.1397120423386532
9.0,1.61,15.0,3.821229286196659e-05
9.0,1.61,16.0,0.1420145701969152
9.0,1.61,17.0,-0.016721782409000074
9.0,1.61,18.0,0.0658479012256572
9.0,1.61,19.0,0.030139130056138552
9.0,1.61,20.0,0.07712641973263579
9.0,1.61,21.0,1.1668623567384628e-09
9.0,1.81,0.0,0.2894277793006196
9.0,1.81,1.0,0.0008623728478928394
9.0,1.81,2.0,0.0873734832459167
9.0,1.81,3.0,7.355680786691465e-10
9.0,1.81,4.0,0.052546060584364396
9.0,1.81,5.0,-0.042141022102261415
9.0,1.81,6.0,0.020376636455688435
9.0,1.81,7.0,-0.08877414167281515
9.0,1.81,8.0,7.355680786691465e-10
9.0,1.81,9.0,-2.1744696407661265e-07
9.0,1.81,10.0,-0.014239466816086704
9.0,1.81,11.0,7.355680786691465e-10
9.0,1.81,12.0,0.019650698244902398
9.0,1.81,13.0,0.008313618475324136
9.0,1.81,14.0,0.15539680154985713
9.0,1.81,15.0,4.2672211525651704e-05
9.0,1.81,16.0,0.15909005775112484
9.0,1.81,17.0,-0.01803629486831948
9.0,1.81,18.0,0.07304784771431116
9.0,1.81,19.0,0.03352960892228368
9.0,1.81,20.0,0.08635886925243941
9.0,1.81,21.0,1.1668623567384628e-09
9.0,2.01,0.0,0.3193668769931054
9.0,2.01,1.0,0.0009521545296941047
9.0,2.01,2.0,0.09598868585617842
9.0,2.01,3.0,7.355680786691465e-10
9.0,2.01,4.0,0.057974160509023265
9.0,2.01,5.0,-0.04434623653833737
9.0,2.01,6.0,0.02252989068687039
9.0,2.01,7.0,-0.09124952404938796
9.0,2.01,8.0,7.355680786691465e-10
9.0,2.01,9.0,-2.1652392505853843e-07
9.0,2.01,10.0,-0.015085960103791013
9.0,2.01,11.0,7.355680786691465e-10
9.0,2.01,12.0,0.02130791058318332
9.0,2.01,13.0,0.009170817027767564
9.0,2.01,14.0,0.17121854429898997
9.0,2.01,15.0,4.705790793488318e-05
9.0,2.01,16.0,0.17569587592506908
9.0,2.01,17.0,-0.019130438985252685
9.0,2.01,18.0,0.08020498096380124
9.0,2.01,19.0,0.03595725247694065
9.0,2.01,20.0,0.09529273490718304
9.0,2.01,21.0,1.1668623844940385e-09
9.0,2.21,0.0,0.34881074996590755
9.0,2.21,1.0,0.001039642191367568
9.0,2.21,2.0,0.10528988054763333
9.0,2.21,3.0,7.355680786691465e-10
9.0,2.21,4.0,0.06354951555620159
9.0,2.21,5.0,-0.04600029134796213
9.0,2.21,6.0,0.023750294407786587
9.0,2.21,7.0,-0.09233808280761435
9.0,2.21,8.0,7.355680786691465e-10
9.0,2.21,9.0,-2.1420659943279258e-07
9.0,2.21,10.0,-0.015732960640386928
9.0,2.21,11.0,7.355680786691465e-10
9.0,2.21,12.0,0.023180028702109334
9.0,2.21,13.0,0.010019404725108205
9.0,2.21,14.0,0.1872648946685197
9.0,2.21,15.0,5.144098113607498e-05
9.0,2.21,16.0,0.1919721684578357
9.0,2.21,17.0,-0.020006089347362352
9.0,2.21,18.0,0.08768441237003022
9.0,2.21,19.0,0.04037965050642195
9.0,2.21,20.0,0.1039426411209865
9.0,2.21,21.0,1.1668623567384628e-09
9.0,2.41,0.0,0.3778435798615327
9.0,2.41,1.0,0.0011261720275575482
9.0,2.41,2.0,0.11425416714989856
9.0,2.41,3.0,7.355680786691465e-10
9.0,2.41,4.0,0.06837476303366385
9.0,2.41,5.0,-0.04719912436203079
9.0,2.41,6.0,0.0252843481248623
9.0,2.41,7.0,-0.09275088151503692
9.0,2.41,8.0,7.355680786691465e-10
9.0,2.41,9.0,-1.0337904056958725e-07
9.0,2.41,10.0,-0.016224212041964614
9.0,2.41,11.0,7.355680786691465e-10
9.0,2.41,12.0,0.025386557448327574
9.0,2.41,13.0,0.010859140706952236
9.0,2.41,14.0,0.2024197616529959
9.0,2.41,15.0,5.575578346828092e-05
9.0,2.41,16.0,0.2081508635780256
9.0,2.41,17.0,-0.020731501491935964
9.0,2.41,18.0,0.09469715650158239
9.0,2.41,19.0,0.044360366113532335
9.0,2.41,20.0,0.11291268473405458
9.0,2.41,21.0,1.1668623567384628e-09
9.0,2.61,0.0,0.406652448830902
9.0,2.61,1.0,0.0012118906706165555
9.0,2.61,2.0,0.12270060625993456
9.0,2.61,3.0,7.355680786691465e-10
9.0,2.61,4.0,0.07419626465421725
9.0,2.61,5.0,-0.04803089466282571
9.0,2.61,6.0,0.026816698081911117
9.0,2.61,7.0,-0.09289338938700181
9.0,2.61,8.0,7.355680786691465e-10
9.0,2.61,9.0,3.178596060902956e-08
9.0,2.61,10.0,-0.016670002341657525
9.0,2.61,11.0,7.355680786691465e-10
9.0,2.61,12.0,0.026513406590270794
9.0,2.61,13.0,0.011679893738095054
9.0,2.61,14.0,0.21823714315890574
9.0,2.61,15.0,5.995261509439409e-05
9.0,2.61,16.0,0.22403834543108148
9.0,2.61,17.0,-0.02146959550058461
9.0,2.61,18.0,0.10165260199142245
9.0,2.61,19.0,0.0466743344964084
9.0,2.61,20.0,0.12114765203783406
9.0,2.61,21.0,1.1668623567384628e-09
9.0,2.81,0.0,0.432898051121402
9.0,2.81,1.0,0.0012891551810384483
9.0,2.81,2.0,0.13057113646319474
9.0,2.81,3.0,7.355680786691465e-10
9.0,2.81,4.0,0.07911332843165397
9.0,2.81,5.0,-0.04855840456317856
9.0,2.81,6.0,0.02810694844320638
9.0,2.81,7.0,-0.0929395761250914
9.0,2.81,8.0,7.355680786691465e-10
9.0,2.81,9.0,5.359314478895545e-07
9.0,2.81,10.0,-0.01698017374764671
9.0,2.81,11.0,7.355680786691465e-10
9.0,2.81,12.0,0.02783129290325037
9.0,2.81,13.0,0.012428470918489448
9.0,2.81,14.0,0.23242014899654595
9.0,2.81,15.0,6.374361266456297e-05
9.0,2.81,16.0,0.23846023019389684
9.0,2.81,17.0,-0.0220727573879599
9.0,2.81,18.0,0.10786430912600065
9.0,2.81,19.0,0.049274970819759734
9.0,2.81,20.0,0.12878837504416496
9.0,2.81,21.0,1.1668623567384628e-09
9.0,3.01,0.0,0.44615294715831044
9.0,3.01,1.0,0.0013294971246787524
9.0,3.01,2.0,0.13459860587451572
9.0,3.01,3.0,7.355680786691465e-10
9.0,3.01,4.0,0.08165730553630435
9.0,3.01,5.0,-0.04881783394536238
9.0,3.01,6.0,0.028789919315995782
9.0,3.01,7.0,-0.09295298193778426
9.0,3.01,8.0,7.355680786691465e-10
9.0,3.01,9.0,6.7762607007596e-07
9.0,3.01,10.0,-0.017140455760438045
9.0,3.01,11.0,7.355680786691465e-10
9.0,3.01,12.0,0.028569869672575354
9.0,3.01,13.0,0.012813520277156737
9.0,3.01,14.0,0.23959965711223874
9.0,3.01,15.0,6.576625057397312e-05
9.0,3.01,16.0,0.2459386620858216
9.0,3.01,17.0,-0.022385834782406105
9.0,3.01,18.0,0.11115504470298287
9.0,3.01,19.0,0.05073049658997908
9.0,3.01,20.0,0.1327937838014538
9.0,3.01,21.0,1.1668623567384628e-09
9.0,3.21,0.0,0.44754758712288134
9.0,3.21,1.0,0.001334854028426341
9.0,3.21,2.0,0.1350528979552883
9.0,3.21,3.0,7.355680786691465e-10
9.0,3.21,4.0,0.08202116044138197
9.0,3.21,5.0,-0.04891107924171842
9.0,3.21,6.0,0.02890702486242519
9.0,3.21,7.0,-0.09295668630800563
9.0,3.21,8.0,7.355680786691465e-10
9.0,3.21,9.0,4.077053665573514e-07
9.0,3.21,10.0,-0.017186801698471116
9.0,3.21,11.0,7.355680786691465e-10
9.0,3.21,12.0,0.028690650378913163
9.0,3.21,13.0,0.012859405133205298
9.0,3.21,14.0,0.24038784241524858
9.0,3.21,15.0,6.60729750527056e-05
9.0,3.21,16.0,0.2469019740851207
9.0,3.21,17.0,-0.022439835041585768
9.0,3.21,18.0,0.11165942172200338
9.0,3.21,19.0,0.050966571343397604
9.0,3.21,20.0,0.1333349749319691
9.0,3.21,21.0,1.1668623567384628e-09
9.0,3.41,0.0,0.4475814851580302
9.0,3.41,1.0,0.0013350603209750234
9.0,3.41,2.0,0.13506544173911877
9.0,3.41,3.0,7.355680786691465e-10
9.0,3.41,4.0,0.08203941216548072
9.0,3.41,5.0,-0.04895043612865076
9.0,3.41,6.0,0.02892017605371333
9.0,3.41,7.0,-0.09295811700065426
9.0,3.41,8.0,7.355680786691465e-10
9.0,3.41,9.0,4.3592764357443523e-07
9.0,3.41,10.0,-0.017202210195996215
9.0,3.41,11.0,7.355680786691465e-10
9.0,3.41,12.0,0.028701067296814597
9.0,3.41,13.0,0.012860835858758662
9.0,3.41,14.0,0.24040759144833168
9.0,3.41,15.0,6.608839728913796e-05
9.0,3.41,16.0,0.24693814020664795
9.0,3.41,17.0,-0.022448193931436183
9.0,3.41,18.0,0.11169088068761401
9.0,3.41,19.0,0.05098105613480991
9.0,3.41,20.0,0.13336094736507387
9.0,3.41,21.0,1.1668623289828872e-09
9.0,3.61,0.0,0.4475819443954373
9.0,3.61,1.0,0.0013350655728862904
9.0,3.61,2.0,0.13506563988355008
9.0,3.61,3.0,7.355680786691465e-10
9.0,3.61,4.0,0.08203984465738456
9.0,3.61,5.0,-0.048972102583556706
9.0,3.61,6.0,0.028924365460786028
9.0,3.61,7.0,-0.0929588648699824
9.0,3.61,8.0,7.355680786691465e-10
9.0,3.61,9.0,7.797937043622126e-07
9.0,3.61,10.0,-0.017210215384785482
9.0,3.61,11.0,7.355680786691465e-10
9.0,3.61,12.0,0.02870406886386645
9.0,3.61,13.0,0.012860863324666627
9.0,3.61,14.0,0.24040740204322164
9.0,3.61,15.0,6.608897184612328e-05
9.0,3.61,16.0,0.24693820277861578
9.0,3.61,17.0,-0.022451679352194998
9.0,3.61,18.0,0.11169474334928109
9.0,3.61,19.0,0.05098314887585731
9.0,3.61,20.0,0.13336309903203292
9.0,3.61,21.0,1.1668623567384628e-09
9.0,3.81,0.0,0.44758194955177877
9.0,3.81,1.0,0.0013350657190702997
9.0,3.81,2.0,0.1350656425675535
9.0,3.81,3.0,7.355680786691465e-10
9.0,3.81,4.0,0.08204045252784009
9.0,3.81,5.0,-0.04898582666721576
9.0,3.81,6.0,0.028926994971766484
9.0,3.81,7.0,-0.09295932036469227
9.0,3.81,8.0,7.355680786691465e-10
9.0,3.81,9.0,6.742723201287706e-07
9.0,3.81,10.0,-0.017215293750874244
9.0,3.81,11.0,7.355680786691465e-10
9.0,3.81,12.0,0.02870508410253164
9.0,3.81,13.0,0.012860863846314324
9.0,3.81,14.0,0.24040805542672816
9.0,3.81,15.0,6.60889994501257e-05
9.0,3.81,16.0,0.24693751511982365
9.0,3.81,17.0,-0.022453868400035742
9.0,3.81,18.0,0.11169644195520301
9.0,3.81,19.0,0.05098309767078263
9.0,3.81,20.0,0.1333636046728668
9.0,3.81,21.0,1.1668623567384628e-09
9.0,4.01,0.0,0.447581949615237
9.0,4.01,1.0,0.0013350657266768817
9.0,4.01,2.0,0.13506564262448612
9.0,4.01,3.0,7.355680786691465e-10
9.0,4.01,4.0,0.08204093202004326
9.0,4.01,5.0,-0.0489983942212
9.0,4.01,6.0,0.028929361764617467
9.0,4.01,7.0,-0.09295973117328464
9.0,4.01,8.0,7.355680786691465e-10
9.0,4.01,9.0,6.103219758979567e-07
9.0,4.01,10.0,-0.017219935263717095
9.0,4.01,11.0,7.355680786691465e-10
9.0,4.01,12.0,0.028706001974900308
9.0,4.01,13.0,0.012860863862718203
9.0,4.01,14.0,0.24040864924319083
9.0,4.01,15.0,6.608900233789905e-05
9.0,4.01,16.0,0.24693680283830244
9.0,4.01,17.0,-0.022455854137917633
9.0,4.01,18.0,0.1116978940228135
9.0,4.01,19.0,0.050983019169138444
9.0,4.01,20.0,0.1333639879955998
9.0,4.01,21.0,1.1668623567384628e-09
10.0,0.01,0.0,0.00189220355627584
10.0,0.01,1.0,1.2489370614710005e-05
10.0,0.01,2.0,0.00026824756761539836
10.0,0.01,3.0,7.68768854131352e-10
10.0,0.01,4.0,0.0002777133494180628
10.0,0.01,5.0,-0.0004976919144084047
10.0,0.01,6.0,3.779679154530813e-05
10.0,0.01,7.0,-0.0003080174294377569
10.0,0.01,8.0,7.68768854131352e-10
10.0,0.01,9.0,-0.00019608760635850264
10.0,0.01,10.0,-0.0006453609010056219
10.0,0.01,11.0,7.68768854131352e-10
10.0,0.01,12.0,0.00019343947440353393
10.0,0.01,13.0,0.00034492898343624345
10.0,0.01,14.0,0.00024667933198821435
10.0,0.01,15.0,3.84783236204167e-06
10.0,0.01,16.0,0.0009059529017421131
10.0,0.01,17.0,-0.0007299390752961848
10.0,0.01,18.0,0.00016429153875091584
10.0,0.01,19.0,-0.00015395249578376013
10.0,0.01,20.0,0.0005238607426404362
10.0,0.01,21.0,9.852883509076094e-10
10.0,0.21,0.0,0.03755593543453861
10.0,0.21,1.0,0.0002632546916626899
10.0,0.21,2.0,0.0046873260664704874
10.0,0.21,3.0,7.68768854131352e-10
10.0,0.21,4.0,0.009137616313521946
10.0,0.21,5.0,-0.003977201857996257
10.0,0.21,6.0,0.0016381492653024243
10.0,0.21,7.0,-0.0017777400024590884
10.0,0.21,8.0,7.68768854131352e-10
10.0,0.21,9.0,-0.0037189829645524197
10.0,0.21,10.0,-0.002071040254455876
10.0,0.21,11.0,7.68768854131352e-10
10.0,0.21,12.0,0.0038949772675740957
10.0,0.21,13.0,0.006450947587053446
10.0,0.21,14.0,0.003842075416407964
10.0,0.21,15.0,5.772899978789825e-05
10.0,0.21,16.0,0.01654137712272774
10.0,0.21,17.0,-0.006218909236565137
10.0,0.21,18.0,0.004516783907650701
10.0,0.21,19.0,-0.0025724518121523487
10.0,0.21,20.0,0.009300351928404726
10.0,0.21,21.0,9.852883509076094e-10
10.0,0.41,0.0,0.07328991220564862
10.0,0.41,1.0,0.0005141341421864565
10.0,0.41,2.0,0.00909557607293221
10.0,0.41,3.0,7.68768854131352e-10
10.0,0.41,4.0,0.017951194701660178
10.0,0.41,5.0,-0.007425740005620976
10.0,0.41,6.0,0.003178888902908905
10.0,0.41,7.0,-0.003213026366296501
10.0,0.41,8.0,7.68768854131352e-10
10.0,0.41,9.0,-0.007238343544993836
10.0,0.41,10.0,-0.003474143347493592
10.0,0.41,11.0,7.68768854131352e-10
10.0,0.41,12.0,0.007983416644349262
10.0,0.41,13.0,0.01254102814379654
10.0,0.41,14.0,0.007421772968560947
10.0,0.41,15.0,0.00011178287532179199
10.0,0.41,16.0,0.032151895500982186
10.0,0.41,17.0,-0.011623126152206578
10.0,0.41,18.0,0.0087123468304931
10.0,0.41,19.0,-0.0049839231615113055
10.0,0.41,20.0,0.018075329679488827
10.0,0.41,21.0,9.852883509076094e-10
10.0,0.61,0.0,0.10891146169968591
10.0,0.61,1.0,0.0007612958594256924
10.0,0.61,2.0,0.013583049169295702
10.0,0.61,3.0,7.68768854131352e-10
10.0,0.61,4.0,0.026816074776699672
10.0,0.61,5.0,-0.010895783399173645
10.0,0.61,6.0,0.004784022624905626
10.0,0.61,7.0,-0.0046782332091662715
10.0,0.61,8.0,7.68768854131352e-10
10.0,0.61,9.0,-0.010766908259524754
10.0,0.61,10.0,-0.0048797376107211805
10.0,0.61,11.0,7.68768854131352e-10
10.0,0.61,12.0,0.011797829501343171
10.0,0.61,13.0,0.018683097523976677
10.0,0.61,14.0,0.011022955130988665
10.0,0.61,15.0,0.00016732472501843065
10.0,0.61,16.0,0.048014473945201086
10.0,0.61,17.0,-0.01708682650721248
10.0,0.61,18.0,0.012879493022819433
10.0,0.61,19.0,-0.007417775282033218
10.0,0.61,20.0,0.026984918664686608
10.0,0.61,21.0,9.852883509076094e-10
10.0,0.81,0.0,0.14454099143211496
10.0,0.81,1.0,0.001009488960902749
10.0,0.81,2.0,0.01804962583401909
10.0,0.81,3.0,7.68768854131352e-10
10.0,0.81,4.0,0.03576403649594784
10.0,0.81,5.0,-0.014360244753376064
10.0,0.81,6.0,0.006334632192983303
10.0,0.81,7.0,-0.006140408143464227
10.0,0.81,8.0,7.68768854131352e-10
10.0,0.81,9.0,-0.014293199598660461
10.0,0.81,10.0,-0.006274618165609355
10.0,0.81,11.0,7.68768854131352e-10
10.0,0.81,12.0,0.015530209370438752
10.0,0.81,13.0,0.024813170180331245
10.0,0.81,14.0,0.014630284176669534
10.0,0.81,15.0,0.00022235284953367462
10.0,0.81,16.0,0.06376743229592707
10.0,0.81,17.0,-0.022552403606862143
10.0,0.81,18.0,0.01710510981116814
10.0,0.81,19.0,-0.009842344397239411
10.0,0.81,20.0,0.03585310503183903
10.0,0.81,21.0,9.852883509076094e-10
10.0,1.01,0.0,0.18011680834086385
10.0,1.01,1.0,0.0012566263040694747
10.0,1.01,2.0,0.022533670356409408
10.0,1.01,3.0,7.68768854131352e-10
10.0,1.01,4.0,0.04468448198381236
10.0,1.01,5.0,-0.01784737589705665
10.0,1.01,6.0,0.007981193260667485
10.0,1.01,7.0,-0.007641836395184676
10.0,1.01,8.0,7.68768854131352e-10
10.0,1.01,9.0,-0.01782074326850236
10.0,1.01,10.0,-0.007670218560616622
10.0,1.01,11.0,7.68768854131352e-10
10.0,1.01,12.0,0.01871256778688074
10.0,1.01,13.0,0.0309593781853848
10.0,1.01,14.0,0.018250221428752156
10.0,1.01,15.0,0.0002775856748482297
10.0,1.01,16.0,0.07964515841363995
10.0,1.01,17.0,-0.028081031031145468
10.0,1.01,18.0,0.021521321706189145
10.0,1.01,19.0,-0.012275803312686462
10.0,1.01,20.0,0.04471663164641532
10.0,1.01,21.0,9.852883509076094e-10
10.0,1.21,0.0,0.21570915274435642
10.0,1.21,1.0,0.0015029292995958898
10.0,1.21,2.0,0.027011825672418333
10.0,1.21,3.0,7.68768854131352e-10
10.0,1.21,4.0,0.05305366232291053
10.0,1.21,5.0,-0.021235910448585846
10.0,1.21,6.0,0.009868398614699792
10.0,1.21,7.0,-0.00903378021989637
10.0,1.21,8.0,7.68768854131352e-10
10.0,1.21,9.0,-0.021338075287880134
10.0,1.21,10.0,-0.00899406670462112
10.0,1.21,11.0,7.68768854131352e-10
10.0,1.21,12.0,0.02327243003569912
10.0,1.21,13.0,0.0370834009051193
10.0,1.21,14.0,0.021764898809732675
10.0,1.21,15.0,0.00033328584916503257
10.0,1.21,16.0,0.0956913173088777
10.0,1.21,17.0,-0.03334123588704427
10.0,1.21,18.0,0.025464326193754272
10.0,1.21,19.0,-0.014720965186359528
10.0,1.21,20.0,0.05364474006195363
10.0,1.21,21.0,9.852883509076094e-10
10.0,1.41,0.0,0.25079048476343724
10.0,1.41,1.0,0.0017462781426172136
10.0,1.41,2.0,0.03139723752187018
10.0,1.41,3.0,7.68768854131352e-10
10.0,1.41,4.0,0.06170199387661213
10.0,1.41,5.0,-0.024555369487107154
10.0,1.41,6.0,0.011547944988580805
10.0,1.41,7.0,-0.010422816660653617
10.0,1.41,8.0,7.68768854131352e-10
10.0,1.41,9.0,-0.024794111262716648
10.0,1.41,10.0,-0.010266823695514682
10.0,1.41,11.0,7.68768854131352e-10
10.0,1.41,12.0,0.027002329637107636
10.0,1.41,13.0,0.04310435103235227
10.0,1.41,14.0,0.025272345442298505
10.0,1.41,15.0,0.0003870398024108379
10.0,1.41,16.0,0.11127067163646687
10.0,1.41,17.0,-0.038558284785468855
10.0,1.41,18.0,0.02962559357879757
10.0,1.41,19.0,-0.017106724978629126
10.0,1.41,20.0,0.06234894117674711
10.0,1.41,21.0,9.852883509076094e-10
10.0,1.61,0.0,0.27915314164877436
10.0,1.61,1.0,0.0019415796989249168
10.0,1.61,2.0,0.03492748940287349
10.0,1.61,3.0,7.68768854131352e-10
10.0,1.61,4.0,0.06874025238955861
10.0,1.61,5.0,-0.027177004192476442
10.0,1.61,6.0,0.012854095262049059
10.0,1.61,7.0,-0.011512785349367005
10.0,1.61,8.0,7.68768854131352e-10
10.0,1.61,9.0,-0.027566629038378587
10.0,1.61,10.0,-0.011253341292275884
10.0,1.61,11.0,7.68768854131352e-10
10.0,1.61,12.0,0.030038605406345176
10.0,1.61,13.0,0.047951846329021
10.0,1.61,14.0,0.028098545403123648
10.0,1.61,15.0,0.00042990110317811525
10.0,1.61,16.0,0.12374615894405172
10.0,1.61,17.0,-0.042673571711094045
10.0,1.61,18.0,0.032934983835961607
10.0,1.61,19.0,-0.019018877222955005
10.0,1.61,20.0,0.06936200701890394
10.0,1.61,21.0,9.852883509076094e-10
10.0,1.81,0.0,0.2866132536200746
10.0,1.81,1.0,0.001996789130002119
10.0,1.81,2.0,0.035882441813104404
10.0,1.81,3.0,7.68768854131352e-10
10.0,1.81,4.0,0.0705690555852041
10.0,1.81,5.0,-0.028030126771945246
10.0,1.81,6.0,0.01320262371683023
10.0,1.81,7.0,-0.011879891067177767
10.0,1.81,8.0,7.68768854131352e-10
10.0,1.81,9.0,-0.028345305633892093
10.0,1.81,10.0,-0.011638833212586276
10.0,1.81,11.0,7.68768854131352e-10
10.0,1.81,12.0,0.030938400671980615
10.0,1.81,13.0,0.049266235201772646
10.0,1.81,14.0,0.028879022542755844
10.0,1.81,15.0,0.0004424657584457259
10.0,1.81,16.0,0.12716381227332885
10.0,1.81,17.0,-0.04401909945476477
10.0,1.81,18.0,0.03385647415321469
10.0,1.81,19.0,-0.019551475978148325
10.0,1.81,20.0,0.07126027846702399
10.0,1.81,21.0,9.852883509076094e-10
10.0,2.01,0.0,0.2869089140600729
10.0,2.01,1.0,0.0019996747367374834
10.0,2.01,2.0,0.03592444553284557
10.0,2.01,3.0,7.68768854131352e-10
10.0,2.01,4.0,0.0705690238775839
10.0,2.01,5.0,-0.028134524655090337
10.0,2.01,6.0,0.013250323182412205
10.0,2.01,7.0,-0.011934558277304746
10.0,2.01,8.0,7.68768854131352e-10
10.0,2.01,9.0,-0.02838578684476896
10.0,2.01,10.0,-0.011723362436745509
10.0,2.01,11.0,7.68768854131352e-10
10.0,2.01,12.0,0.030959649153397606
10.0,2.01,13.0,0.0493247442469274
10.0,2.01,14.0,0.02891525902163336
10.0,2.01,15.0,0.0004432160181123135
10.0,2.01,16.0,0.12735910822556062
10.0,2.01,17.0,-0.04418311546834008
10.0,2.01,18.0,0.03392786681400739
10.0,2.01,19.0,-0.0195828096564907
10.0,2.01,20.0,0.07133831978298055
10.0,2.01,21.0,9.852883509076094e-10
10.0,2.21,0.0,0.28691310500524714
10.0,2.21,1.0,0.0019997359449542285
10.0,2.21,2.0,0.03592527482936353
10.0,2.21,3.0,7.68768854131352e-10
10.0,2.21,4.0,0.07064414457997659
10.0,2.21,5.0,-0.02814392737765818
10.0,2.21,6.0,0.01313901697529024
10.0,2.21,7.0,-0.011930205901305863
10.0,2.21,8.0,7.68768854131352e-10
10.0,2.21,9.0,-0.028386717739566636
10.0,2.21,10.0,-0.011744589677247334
10.0,2.21,11.0,7.68768854131352e-10
10.0,2.21,12.0,0.031126857218119752
10.0,2.21,13.0,0.04932572173206684
10.0,2.21,14.0,0.028932370654145445
10.0,2.21,15.0,0.00044323609086971416
10.0,2.21,16.0,0.12726509508437522
10.0,2.21,17.0,-0.04419946457551613
10.0,2.21,18.0,0.03382363092650886
10.0,2.21,19.0,-0.01957735912161064
10.0,2.21,20.0,0.0713581010823095
10.0,2.21,21.0,9.852883509076094e-10
10.0,2.41,0.0,0.2869131501436092
10.0,2.41,1.0,0.0019997367431441593
10.0,2.41,2.0,0.03592542224263434
10.0,2.41,3.0,7.68768854131352e-10
10.0,2.41,4.0,0.07093499575617468
10.0,2.41,5.0,-0.02814669824790908
10.0,2.41,6.0,0.012871452801014871
10.0,2.41,7.0,-0.011926030500186452
10.0,2.41,8.0,7.68768854131352e-10
10.0,2.41,9.0,-0.028386741979871496
10.0,2.41,10.0,-0.011755456383484603
10.0,2.41,11.0,7.68768854131352e-10
10.0,2.41,12.0,0.031173591924441357
10.0,2.41,13.0,0.04932573500615672
10.0,2.41,14.0,0.028972978624526108
10.0,2.41,15.0,0.0004432369415041659
10.0,2.41,16.0,0.12707607267970367
10.0,2.41,17.0,-0.04421569387573533
10.0,2.41,18.0,0.03372753861538674
10.0,2.41,19.0,-0.01955902836783288
10.0,2.41,20.0,0.07138159184085774
10.0,2.41,21.0,9.852883509076094e-10
10.0,2.61,0.0,0.28691315070804335
10.0,2.61,1.0,0.001999736408504954
10.0,2.61,2.0,0.03592560339835621
10.0,2.61,3.0,7.68768854131352e-10
10.0,2.61,4.0,0.07141446630886461
10.0,2.61,5.0,-0.02814309082367393
10.0,2.61,6.0,0.012439537868126238
10.0,2.61,7.0,-0.011914384828276753
10.0,2.61,8.0,7.68768854131352e-10
10.0,2.61,9.0,-0.028386743813238885
10.0,2.61,10.0,-0.011760266000656421
10.0,2.61,11.0,7.68768854131352e-10
10.0,2.61,12.0,0.031234453007773055
10.0,2.61,13.0,0.04932573570851556
10.0,2.61,14.0,0.02903660786300763
10.0,2.61,15.0,0.00044323738547044633
10.0,2.61,16.0,0.12679602369330178
10.0,2.61,17.0,-0.044231984344268636
10.0,2.61,18.0,0.033571086823059815
10.0,2.61,19.0,-0.019531727354543296
10.0,2.61,20.0,0.07141634453203322
10.0,2.61,21.0,9.852883509076094e-10
10.0,2.81,0.0,0.28691315072070933
10.0,2.81,1.0,0.001999736361729315
10.0,2.81,2.0,0.03592559964544895
10.0,2.81,3.0,7.68768854131352e-10
10.0,2.81,4.0,0.07106685287113379
10.0,2.81,5.0,-0.028154834175778826
10.0,2.81,6.0,0.012752657430578018
10.0,2.81,7.0,-0.011930044331004475
10.0,2.81,8.0,7.68768854131352e-10
10.0,2.81,9.0,-0.02838674426847783
10.0,2.81,10.0,-0.011770110435759911
10.0,2.81,11.0,7.68768854131352e-10
10.0,2.81,12.0,0.031158941696673936
10.0,2.81,13.0,0.04932573579731758
10.0,2.81,14.0,0.02899116696833512
10.0,2.81,15.0,0.0004432374422468077
10.0,2.81,16.0,0.1270097964581135
10.0,2.81,17.0,-0.04423527134341795
10.0,2.81,18.0,0.0336992741011482
10.0,2.81,19.0,-0.019552482481317593
10.0,2.81,20.0,0.07138891230258965
10.0,2.81,21.0,9.852883509076094e-10
10.0,3.01,0.0,0.28691315070479273
10.0,3.01,1.0,0.0019997363850844663
10.0,3.01,2.0,0.03592554762198241
10.0,3.01,3.0,7.68768854131352e-10
10.0,3.01,4.0,0.07083891276264087
10.0,3.01,5.0,-0.028163163417109865
10.0,3.01,6.0,0.012955963166823514
10.0,3.01,7.0,-0.01194113680034345
10.0,3.01,8.0,7.68768854131352e-10
10.0,3.01,9.0,-0.028386744469442587
10.0,3.01,10.0,-0.011777240932130242
10.0,3.01,11.0,7.68768854131352e-10
10.0,3.01,12.0,0.031098845132658204
10.0,3.01,13.0,0.04932573587220784
10.0,3.01,14.0,0.02896280375349697
10.0,3.01,15.0,0.0004432374036092146
10.0,3.01,16.0,0.1271448878562672
10.0,3.01,17.0,-0.04423893207059474
10.0,3.01,18.0,0.03378516529002085
10.0,3.01,19.0,-0.01956567021397082
10.0,3.01,20.0,0.07137043949435329
10.0,3.01,21.0,9.852883509076094e-10
10.0,3.21,0.0,0.28691314814536484
10.0,3.21,1.0,0.001999735074168424
10.0,3.21,2.0,0.03592559148385649
10.0,3.21,3.0,7.68768854131352e-10
10.0,3.21,4.0,0.07075818457309035
10.0,3.21,5.0,-0.028167498561149973
10.0,3.21,6.0,0.013028456706957459
10.0,3.21,7.0,-0.01194680514145996
10.0,3.21,8.0,7.68768854131352e-10
10.0,3.21,9.0,-0.028386744845929762
10.0,3.21,10.0,-0.011781592367283385
10.0,3.21,11.0,7.68768854131352e-10
10.0,3.21,12.0,0.03106061386035519
10.0,3.21,13.0,0.049325741966923076
10.0,3.21,14.0,0.028953660872918674
10.0,3.21,15.0,0.00044323852997571467
10.0,3.21,16.0,0.1271918723830291
10.0,3.21,17.0,-0.04424235038408273
10.0,3.21,18.0,0.03382176040780832
10.0,3.21,19.0,-0.01957020319946784
10.0,3.21,20.0,0.07136311265506651
10.0,3.21,21.0,9.852883509076094e-10
10.0,3.41,0.0,0.2869109639177271
10.0,3.41,1.0,0.0019995332885426598
10.0,3.41,2.0,0.03593016350716299
10.0,3.41,3.0,7.68768854131352e-10
10.0,3.41,4.0,0.07080525048649078
10.0,3.41,5.0,-0.028164528990818644
10.0,3.41,6.0,0.012980015648536902
10.0,3.41,7.0,-0.011941009865437197
10.0,3.41,8.0,7.68768854131352e-10
10.0,3.41,9.0,-0.028386910225560155
10.0,3.41,10.0,-0.011782244395254451
10.0,3.41,11.0,7.68768854131352e-10
10.0,3.41,12.0,0.031143779187308207
10.0,3.41,13.0,0.0493276472963059
10.0,3.41,14.0,0.028959253794372947
10.0,3.41,15.0,0.00044335700246564413
10.0,3.41,16.0,0.12715519424197086
10.0,3.41,17.0,-0.04423694362167108
10.0,3.41,18.0,0.03376704886712584
10.0,3.41,19.0,-0.019567353518777614
10.0,3.41,20.0,0.07138288404181964
10.0,3.41,21.0,9.852883509076094e-10
10.0,3.61,0.0,0.2868111164363538
10.0,3.61,1.0,0.001995562967227915
10.0,3.61,2.0,0.0360062192969689
10.0,3.61,3.0,7.68768854131352e-10
10.0,3.61,4.0,0.07080134992591436
10.0,3.61,5.0,-0.028183409510599958
10.0,3.61,6.0,0.013046659183064024
10.0,3.61,7.0,-0.011969322016054024
10.0,3.61,8.0,7.68768854131352e-10
10.0,3.61,9.0,-0.028392999767939034
10.0,3.61,10.0,-0.011791499183616164
10.0,3.61,11.0,7.68768854131352e-10
10.0,3.61,12.0,0.03090911835751542
10.0,3.61,13.0,0.049382721515719874
10.0,3.61,14.0,0.028977220606164755
10.0,3.61,15.0,0.0004450221534040566
10.0,3.61,16.0,0.12728936205995
10.0,3.61,17.0,-0.04426842880842993
10.0,3.61,18.0,0.033810352494221096
10.0,3.61,19.0,-0.01958105147516312
10.0,3.61,20.0,0.0715198942257323
10.0,3.61,21.0,9.852883509076094e-10
10.0,3.81,0.0,0.2868185291759837
10.0,3.81,1.0,0.0019976354594541668
10.0,3.81,2.0,0.03596907523581899
10.0,3.81,3.0,7.68768854131352e-10
10.0,3.81,4.0,0.07075456345859499
10.0,3.81,5.0,-0.028178359468632327
10.0,3.81,6.0,0.013060187342098406
10.0,3.81,7.0,-0.011960754975706117
10.0,3.81,8.0,7.68768854131352e-10
10.0,3.81,9.0,-0.0283910636135684
10.0,3.81,10.0,-0.011791469345451156
10.0,3.81,11.0,7.68768854131352e-10
10.0,3.81,12.0,0.03097038602414104
10.0,3.81,13.0,0.049363011847823934
10.0,3.81,14.0,0.02896687771350298
10.0,3.81,15.0,0.00044391076126415463
10.0,3.81,16.0,0.12727316831800528
10.0,3.81,17.0,-0.044258437149633005
10.0,3.81,18.0,0.0338284557518439
10.0,3.81,19.0,-0.019579419869010434
10.0,3.81,20.0,0.07144310853721225
10.0,3.81,21.0,9.852883509076094e-10
10.0,4.01,0.0,0.28593914768613093
10.0,4.01,1.0,0.0019858749140937437
10.0,4.01,2.0,0.03624568481925261
10.0,4.01,3.0,7.68768854131352e-10
10.0,4.01,4.0,0.07108344005822798
10.0,4.01,5.0,-0.028214508519852854
10.0,4.01,6.0,0.012957500250093512
10.0,4.01,7.0,-0.011999732925879053
10.0,4.01,8.0,7.68768854131352e-10
10.0,4.01,9.0,-0.028428981241880633
10.0,4.01,10.0,-0.01179483306213416
10.0,4.01,11.0,7.68768854131352e-10
10.0,4.01,12.0,0.0308619537612721
10.0,4.01,13.0,0.04962380423786289
10.0,4.01,14.0,0.02909106253826435
10.0,4.01,15.0,0.00044702038266422606
10.0,4.01,16.0,0.12763155678027027
10.0,4.01,17.0,-0.04429527176148646
10.0,4.01,18.0,0.03361959484868876
10.0,4.01,19.0,-0.019622558521424027
10.0,4.01,20.0,0.07200144641127926
10.0,4.01,21.0,9.852883509076094e-10
11.0,0.01,0.0,0.0015942836176887631
11.0,0.01,1.0,6.759814120932406e-06
11.0,0.01,2.0,0.0005945585329836245
11.0,0.01,3.0,8.491140846000889e-10
11.0,0.01,4.0,0.0001269516503763224
11.0,0.01,5.0,-6.751826706427094e-05
11.0,0.01,6.0,0.00015280396770855909
11.0,0.01,7.0,-4.449739919848739e-06
11.0,0.01,8.0,8.491140846000889e-10
11.0,0.01,9.0,-0.0002715000892983266
11.0,0.01,10.0,8.93971468209076e-06
11.0,0.01,11.0,8.491140846000889e-10
11.0,0.01,12.0,7.161122318030677e-05
11.0,0.01,13.0,0.0007076493274707496
11.0,0.01,14.0,-0.002577443654710479
11.0,0.01,15.0,1.4899867681522627e-05
11.0,0.01,16.0,-0.00037018796149376754
11.0,0.01,17.0,-0.00038638002415639403
11.0,0.01,18.0,-0.00017839010298303926
11.0,0.01,19.0,-0.0007367776371470514
11.0,0.01,20.0,0.0017256649923100276
11.0,0.01,21.0,9.416977753140543e-10
11.0,0.21,0.0,0.02945521758641878
11.0,0.21,1.0,0.0010965611018684818
11.0,0.21,2.0,0.0054282195640537045
11.0,0.21,3.0,8.491140846000889e-10
11.0,0.21,4.0,-0.007405269407848775
11.0,0.21,5.0,-6.752065453336607e-05
11.0,0.21,6.0,-0.0038581970816350952
11.0,0.21,7.0,-4.449755641649343e-06
11.0,0.21,8.0,8.491140846000889e-10
11.0,0.21,9.0,-0.0026415999441247173
11.0,0.21,10.0,0.0027525001722761844
11.0,0.21,11.0,8.491140846000889e-10
11.0,0.21,12.0,-0.006946162580420329
11.0,0.21,13.0,0.007616326760480074
11.0,0.21,14.0,-0.005800232387759546
11.0,0.21,15.0,0.00011207135616300712
11.0,0.21,16.0,-0.00787374805061708
11.0,0.21,17.0,-0.00038702557391572906
11.0,0.21,18.0,-0.002403525061064171
11.0,0.21,19.0,-0.004843715952194821
11.0,0.21,20.0,0.0064572600629812515
11.0,0.21,21.0,9.416977753140543e-10
11.0,0.41,0.0,0.05704015388777617
11.0,0.41,1.0,0.002118714390692361
11.0,0.41,2.0,0.010482657314182797
11.0,0.41,3.0,8.491140846000889e-10
11.0,0.41,4.0,-0.015070647632971002
11.0,0.41,5.0,-6.752205672806991e-05
11.0,0.41,6.0,-0.007750992637302334
11.0,0.41,7.0,-4.4497587653535104e-06
11.0,0.41,8.0,8.491140846000889e-10
11.0,0.41,9.0,-0.005098297920263839
11.0,0.41,10.0,0.00553989798365713
11.0,0.41,11.0,8.491140846000889e-10
11.0,0.41,12.0,-0.013899753076824423
11.0,0.41,13.0,0.014711086637430537
11.0,0.41,14.0,-0.008514634809501754
11.0,0.41,15.0,0.00021637376989935841
11.0,0.41,16.0,-0.015387915470070429
11.0,0.41,17.0,-0.0003872877589540237
11.0,0.41,18.0,-0.004762633385324233
11.0,0.41,19.0,-0.008893554303939177
11.0,0.41,20.0,0.012170497021832705
11.0,0.41,21.0,9.416977753140543e-10
11.0,0.61,0.0,0.08472305526480783
11.0,0.61,1.0,0.003202284313652548
11.0,0.61,2.0,0.015291883242486148
11.0,0.61,3.0,8.491140846000889e-10
11.0,0.61,4.0,-0.022839758329689874
11.0,0.61,5.0,-6.752288197767695e-05
11.0,0.61,6.0,-0.011821571263568531
11.0,0.61,7.0,-4.449759386378947e-06
11.0,0.61,8.0,8.491140846000889e-10
11.0,0.61,9.0,-0.007457854913082151
11.0,0.61,10.0,0.008324794546762243
11.0,0.61,11.0,8.491140846000889e-10
11.0,0.61,12.0,-0.021015471795737678
11.0,0.61,13.0,0.021582385696635564
11.0,0.61,14.0,-0.010648134836382498
11.0,0.61,15.0,0.0003129951776721651
11.0,0.61,16.0,-0.022908273825560682
11.0,0.61,17.0,-0.00038739433123832745
11.0,0.61,18.0,-0.0070219468907105065
11.0,0.61,19.0,-0.012807782293407288
11.0,0.61,20.0,0.01679586360504115
11.0,0.61,21.0,9.416977753140543e-10
11.0,0.81,0.0,0.11210262740430033
11.0,0.81,1.0,0.004184847968890931
11.0,0.81,2.0,0.02041879336030966
11.0,0.81,3.0,8.491140846000889e-10
11.0,0.81,4.0,-0.0307479923941317
11.0,0.81,5.0,-6.752337041125122e-05
11.0,0.81,6.0,-0.015744934434745506
11.0,0.81,7.0,-4.449759517934714e-06
11.0,0.81,8.0,8.491140846000889e-10
11.0,0.81,9.0,-0.009929349435566753
11.0,0.81,10.0,0.011160464972068088
11.0,0.81,11.0,8.491140846000889e-10
11.0,0.81,12.0,-0.028055773486130947
11.0,0.81,13.0,0.02871594552289658
11.0,0.81,14.0,-0.012209909212497833
11.0,0.81,15.0,0.00042079972237404895
11.0,0.81,16.0,-0.030434767243945615
11.0,0.81,17.0,-0.000387437737506379
11.0,0.81,18.0,-0.009446447781387868
11.0,0.81,19.0,-0.0166589266040503
11.0,0.81,20.0,0.022907886088828266
11.0,0.81,21.0,9.416977753140543e-10
11.0,1.01,0.0,0.13964011341332128
11.0,1.01,1.0,0.005274616057984183
11.0,1.01,2.0,0.02516465819059882
11.0,1.01,3.0,8.491140846000889e-10
11.0,1.01,4.0,-0.038741546406205654
11.0,1.01,5.0,-6.752366053587968e-05
11.0,1.01,6.0,-0.019897295997488573
11.0,1.01,7.0,-4.4497595463619174e-06
11.0,1.01,8.0,8.491140846000889e-10
11.0,1.01,9.0,-0.012263005314487624
11.0,1.01,10.0,0.013979902952154719
11.0,1.01,11.0,8.491140846000889e-10
11.0,1.01,12.0,-0.03528165678427814
11.0,1.01,13.0,0.035516868003880264
11.0,1.01,14.0,-0.013276107750319016
11.0,1.01,15.0,0.000515474816774858
11.0,1.01,16.0,-0.03797108341752317
11.0,1.01,17.0,-0.00038745544000800847
11.0,1.01,18.0,-0.011716569415847145
11.0,1.01,19.0,-0.020380709146378906
11.0,1.01,20.0,0.027264866008126776
11.0,1.01,21.0,9.416977753140543e-10
11.0,1.21,0.0,0.167068180728563
11.0,1.21,1.0,0.006342083502712814
11.0,1.21,2.0,0.029970310284950896
11.0,1.21,3.0,8.491140846000889e-10
11.0,1.21,4.0,-0.04682076064917212
11.0,1.21,5.0,-6.752383284510244e-05
11.0,1.21,6.0,-0.02403189097195929
11.0,1.21,7.0,-4.44975955271959e-06
11.0,1.21,8.0,8.491140846000889e-10
11.0,1.21,9.0,-0.014618728990883983
11.0,1.21,10.0,0.016819959882561672
11.0,1.21,11.0,8.491140846000889e-10
11.0,1.21,12.0,-0.04251382902817294
11.0,1.21,13.0,0.04236402920014004
11.0,1.21,14.0,-0.013961257608740965
11.0,1.21,15.0,0.0006122687446880604
11.0,1.21,16.0,-0.045512687243030675
11.0,1.21,17.0,-0.00038746266903429263
11.0,1.21,18.0,-0.014029980962279809
11.0,1.21,19.0,-0.0240432749219201
11.0,1.21,20.0,0.03188844395465984
11.0,1.21,21.0,9.416977753140543e-10
11.0,1.41,0.0,0.19444031296872444
11.0,1.41,1.0,0.0074029409123099466
11.0,1.41,2.0,0.03478696683317967
11.0,1.41,3.0,8.491140846000889e-10
11.0,1.41,4.0,-0.05495876091308256
11.0,1.41,5.0,-6.752393532078511e-05
11.0,1.41,6.0,-0.02817160915657052
11.0,1.41,7.0,-4.449759554198311e-06
11.0,1.41,8.0,8.491140846000889e-10
11.0,1.41,9.0,-0.016978565379821564
11.0,1.41,10.0,0.019672061338956062
11.0,1.41,11.0,8.491140846000889e-10
11.0,1.41,12.0,-0.04976328840700098
11.0,1.41,13.0,0.049217043622549694
11.0,1.41,14.0,-0.014379797162551163
11.0,1.41,15.0,0.0007094862503976007
11.0,1.41,16.0,-0.05305819699357442
11.0,1.41,17.0,-0.00038746562396384915
11.0,1.41,18.0,-0.016359866013080704
11.0,1.41,19.0,-0.027660149632887876
11.0,1.41,20.0,0.036555880836138144
11.0,1.41,21.0,9.416977753140543e-10
11.0,1.61,0.0,0.2217776677825125
11.0,1.61,1.0,0.008461780122044543
11.0,1.61,2.0,0.03960123973284185
11.0,1.61,3.0,8.491140846000889e-10
11.0,1.61,4.0,-0.06313567665073412
11.0,1.61,5.0,-6.752399640035076e-05
11.0,1.61,6.0,-0.032318771147156256
11.0,1.61,7.0,-4.449759554486448e-06
11.0,1.61,8.0,8.491140846000889e-10
11.0,1.61,9.0,-0.019339318371830116
11.0,1.61,10.0,0.02253192898273794
11.0,1.61,11.0,8.491140846000889e-10
11.0,1.61,12.0,-0.05702690945648381
11.0,1.61,13.0,0.05606842863022954
11.0,1.61,14.0,-0.014625475478665386
11.0,1.61,15.0,0.0008066081259865687
11.0,1.61,16.0,-0.060606706479880756
11.0,1.61,17.0,-0.0003874668320606151
11.0,1.61,18.0,-0.018697186473788707
11.0,1.61,19.0,-0.03124630128444622
11.0,1.61,20.0,0.041248422770229276
11.0,1.61,21.0,9.416977753140543e-10
11.0,1.81,0.0,0.24913545065855425
11.0,1.81,1.0,0.009562669853266065
11.0,1.81,2.0,0.04425238607679943
11.0,1.81,3.0,8.491140846000889e-10
11.0,1.81,4.0,-0.07133575687810173
11.0,1.81,5.0,-6.752403303728592e-05
11.0,1.81,6.0,-0.03651797989536204
11.0,1.81,7.0,-4.449759553666548e-06
11.0,1.81,8.0,8.491140846000889e-10
11.0,1.81,9.0,-0.02166634250017896
11.0,1.81,10.0,0.025387519856239965
11.0,1.81,11.0,8.491140846000889e-10
11.0,1.81,12.0,-0.06432841569944957
11.0,1.81,13.0,0.06281024927105577
11.0,1.81,14.0,-0.014765371167127738
11.0,1.81,15.0,0.0008982450128777741
11.0,1.81,16.0,-0.0681596263801608
11.0,1.81,17.0,-0.0003874673251847127
11.0,1.81,18.0,-0.02099949070346485
11.0,1.81,19.0,-0.034805939028781985
11.0,1.81,20.0,0.044985490408021966
11.0,1.81,21.0,9.416977753140543e-10
11.0,2.01,0.0,0.2764723291576332
11.0,2.01,1.0,0.010667886597224924
11.0,2.01,2.0,0.04886912332067167
11.0,2.01,3.0,8.491140846000889e-10
11.0,2.01,4.0,-0.07955041775373584
11.0,2.01,5.0,-6.752405539255897e-05
11.0,2.01,6.0,-0.04071542696916863
11.0,2.01,7.0,-4.449759554287098e-06
11.0,2.01,8.0,8.491140846000889e-10
11.0,2.01,9.0,-0.023994120100690186
11.0,2.01,10.0,0.028246210486043144
11.0,2.01,11.0,8.491140846000889e-10
11.0,2.01,12.0,-0.07163012552764855
11.0,2.01,13.0,0.06954237161176152
11.0,2.01,14.0,-0.014843262088009557
11.0,2.01,15.0,0.0009891807710582512
11.0,2.01,16.0,-0.07571341145924888
11.0,2.01,17.0,-0.00038746753487495873
11.0,2.01,18.0,-0.02330939844134572
11.0,2.01,19.0,-0.038355616827308425
11.0,2.01,20.0,0.04821295018143751
11.0,2.01,21.0,9.416977753140543e-10
11.0,2.21,0.0,0.3037272500159427
11.0,2.21,1.0,0.011680914750389737
11.0,2.21,2.0,0.05383541641400358
11.0,2.21,3.0,8.491140846000889e-10
11.0,2.21,4.0,-0.08777261926951674
11.0,2.21,5.0,-6.752406857086712e-05
11.0,2.21,6.0,-0.04481885155548526
11.0,2.21,7.0,-4.449759554191805e-06
11.0,2.21,8.0,8.491140846000889e-10
11.0,2.21,9.0,-0.026390554508343295
11.0,2.21,10.0,0.031122989098762016
11.0,2.21,11.0,8.491140846000889e-10
11.0,2.21,12.0,-0.0788760907884711
11.0,2.21,13.0,0.07650092457371982
11.0,2.21,14.0,-0.014885896259274986
11.0,2.21,15.0,0.0010917750254511582
11.0,2.21,16.0,-0.08326122439465013
11.0,2.21,17.0,-0.00038746762049913857
11.0,2.21,18.0,-0.025700175136511627
11.0,2.21,19.0,-0.04191173920791391
11.0,2.21,20.0,0.05367818006664399
11.0,2.21,21.0,9.416977753140543e-10
11.0,2.41,0.0,0.3310040492770121
11.0,2.41,1.0,0.01271642971935838
11.0,2.41,2.0,0.058713810895021146
11.0,2.41,3.0,8.491140846000889e-10
11.0,2.41,4.0,-0.09599077427146846
11.0,2.41,5.0,-6.752407631696939e-05
11.0,2.41,6.0,-0.048944460513201615
11.0,2.41,7.0,-4.449759552386365e-06
11.0,2.41,8.0,8.491140846000889e-10
11.0,2.41,9.0,-0.028769463615922003
11.0,2.41,10.0,0.03398923285639302
11.0,2.41,11.0,8.491140846000889e-10
11.0,2.41,12.0,-0.08612906854031681
11.0,2.41,13.0,0.08340377638754704
11.0,2.41,14.0,-0.01490890772447339
11.0,2.41,15.0,0.0011915434861531904
11.0,2.41,16.0,-0.09080835442876099
11.0,2.41,17.0,-0.0003874676556789123
11.0,2.41,18.0,-0.028067734067193206
11.0,2.41,19.0,-0.04545862021051181
11.0,2.41,20.0,0.058701674821751926
11.0,2.41,21.0,9.416977753140543e-10
11.0,2.61,0.0,0.3582691728783485
11.0,2.61,1.0,0.013764944102101467
11.0,2.61,2.0,0.06351663669843899
11.0,2.61,3.0,8.491140846000889e-10
11.0,2.61,4.0,-0.1041336257199305
11.0,2.61,5.0,-6.752408072405277e-05
11.0,2.61,6.0,-0.05304511661339428
11.0,2.61,7.0,-4.449759528687672e-06
11.0,2.61,8.0,8.491140846000889e-10
11.0,2.61,9.0,-0.03113673479724141
11.0,2.61,10.0,0.03680880521716734
11.0,2.61,11.0,8.491140846000889e-10
11.0,2.61,12.0,-0.09330614034227397
11.0,2.61,13.0,0.09026757959512832
11.0,2.61,14.0,-0.014921099656736443
11.0,2.61,15.0,0.0012891411576646805
11.0,2.61,16.0,-0.09831631734871528
11.0,2.61,17.0,-0.0003874676699034441
11.0,2.61,18.0,-0.030401676940137373
11.0,2.61,19.0,-0.048983474600618054
11.0,2.61,20.0,0.06333805953512639
11.0,2.61,21.0,9.416977753140543e-10
11.0,2.81,0.0,0.3829992317929606
11.0,2.81,1.0,0.014695598592680104
11.0,2.81,2.0,0.06791379127919128
11.0,2.81,3.0,8.491140846000889e-10
11.0,2.81,4.0,-0.11119060223919754
11.0,2.81,5.0,-6.752408324214367e-05
11.0,2.81,6.0,-0.056597945585436016
11.0,2.81,7.0,-4.449759475555158e-06
11.0,2.81,8.0,8.491140846000889e-10
11.0,2.81,9.0,-0.03327788316533495
11.0,2.81,10.0,0.03921090258893528
11.0,2.81,11.0,8.491140846000889e-10
11.0,2.81,12.0,-0.09948614377346275
11.0,2.81,13.0,0.09649000301079336
11.0,2.81,14.0,-0.014927060300094462
11.0,2.81,15.0,0.0013776019597532274
11.0,2.81,16.0,-0.10493330336657988
11.0,2.81,17.0,-0.0003874676759048717
11.0,2.81,18.0,-0.03243246755678916
11.0,2.81,19.0,-0.05210087871849023
11.0,2.81,20.0,0.0680233019258002
11.0,2.81,21.0,9.416977753140543e-10
11.0,3.01,0.0,0.3917796078717074
11.0,3.01,1.0,0.015034724121349319
11.0,3.01,2.0,0.06950274603521894
11.0,3.01,3.0,8.491140846000889e-10
11.0,3.01,4.0,-0.11392998461118922
11.0,3.01,5.0,-6.752408416413611e-05
11.0,3.01,6.0,-0.057979567103461305
11.0,3.01,7.0,-4.449759417260877e-06
11.0,3.01,8.0,8.491140846000889e-10
11.0,3.01,9.0,-0.034050129296601034
11.0,3.01,10.0,0.04018787588925077
11.0,3.01,11.0,8.491140846000889e-10
11.0,3.01,12.0,-0.1019284850211482
11.0,3.01,13.0,0.09872729645069922
11.0,3.01,14.0,-0.014929131192652267
11.0,3.01,15.0,0.001410788704424626
11.0,3.01,16.0,-0.1074420042056614
11.0,3.01,17.0,-0.00038746767772770014
11.0,3.01,18.0,-0.03322830002998964
11.0,3.01,19.0,-0.0532740722738968
11.0,3.01,20.0,0.06967706977743443
11.0,3.01,21.0,9.416977753140543e-10
11.0,3.21,0.0,0.3922090976438921
11.0,3.21,1.0,0.015043599270677832
11.0,3.21,2.0,0.06967178455773909
11.0,3.21,3.0,8.491140846000889e-10
11.0,3.21,4.0,-0.11424334774486103
11.0,3.21,5.0,-6.75240844673437e-05
11.0,3.21,6.0,-0.058126353144833665
11.0,3.21,7.0,-4.4497594869150725e-06
11.0,3.21,8.0,8.491140846000889e-10
11.0,3.21,9.0,-0.034097978046560756
11.0,3.21,10.0,0.040328523364864505
11.0,3.21,11.0,8.491140846000889e-10
11.0,3.21,12.0,-0.10222708188368393
11.0,3.21,13.0,0.09886864288232222
11.0,3.21,14.0,-0.01492974497270297
11.0,3.21,15.0,0.001414782477930504
11.0,3.21,16.0,-0.10766482557712327
11.0,3.21,17.0,-0.00038746767831428366
11.0,3.21,18.0,-0.03332564319761716
11.0,3.21,19.0,-0.053373973333281366
11.0,3.21,20.0,0.07009356519088661
11.0,3.21,21.0,9.416977753140543e-10
11.0,3.41,0.0,0.3922153459846318
11.0,3.41,1.0,0.015044401700327031
11.0,3.41,2.0,0.06966981915529435
11.0,3.41,3.0,8.491140846000889e-10
11.0,3.41,4.0,-0.11428532955854379
11.0,3.41,5.0,-6.752408459583576e-05
11.0,3.41,6.0,-0.058146687923901375
11.0,3.41,7.0,-4.449759472390153e-06
11.0,3.41,8.0,8.491140846000889e-10
11.0,3.41,9.0,-0.034098558984527155
11.0,3.41,10.0,0.040350806526287086
11.0,3.41,11.0,8.491140846000889e-10
11.0,3.41,12.0,-0.10227034213878518
11.0,3.41,13.0,0.09886991760097347
11.0,3.41,14.0,-0.014930030283148276
11.0,3.41,15.0,0.0014147885146219563
11.0,3.41,16.0,-0.1076844564622786
11.0,3.41,17.0,-0.00038746767854989147
11.0,3.41,18.0,-0.033336558488507195
11.0,3.41,19.0,-0.05338263407026683
11.0,3.41,20.0,0.07007620667658776
11.0,3.41,21.0,9.416977753140543e-10
11.0,3.61,0.0,0.3922154120063308
11.0,3.61,1.0,0.015045311984206555
11.0,3.61,2.0,0.06966231231025105
11.0,3.61,3.0,8.491140846000889e-10
11.0,3.61,4.0,-0.11429888876447888
11.0,3.61,5.0,-6.752408466280448e-05
11.0,3.61,6.0,-0.05815374677541624
11.0,3.61,7.0,-4.449759435666275e-06
11.0,3.61,8.0,8.491140846000889e-10
11.0,3.61,9.0,-0.034098146200669616
11.0,3.61,10.0,0.040358178958178864
11.0,3.61,11.0,8.491140846000889e-10
11.0,3.61,12.0,-0.1022847446611131
11.0,3.61,13.0,0.09886823539740286
11.0,3.61,14.0,-0.01493020617008594
11.0,3.61,15.0,0.0014146600643288043
11.0,3.61,16.0,-0.10768992866940483
11.0,3.61,17.0,-0.0003874676786546408
11.0,3.61,18.0,-0.033339459984382286
11.0,3.61,19.0,-0.05338510223301454
11.0,3.61,20.0,0.07006736797887436
11.0,3.61,21.0,9.416977753140543e-10
11.0,3.81,0.0,0.39221541276022387
11.0,3.81,1.0,0.015052915963866986
11.0,3.81,2.0,0.06959938166827073
11.0,3.81,3.0,8.491140846000889e-10
11.0,3.81,4.0,-0.11430581669181879
11.0,3.81,5.0,-6.752408462961073e-05
11.0,3.81,6.0,-0.05816215092842453
11.0,3.81,7.0,-4.449759153040676e-06
11.0,3.81,8.0,8.491140846000889e-10
11.0,3.81,9.0,-0.03409457332781601
11.0,3.81,10.0,0.040361013688173575
11.0,3.81,11.0,8.491140846000889e-10
11.0,3.81,12.0,-0.10229414358026696
11.0,3.81,13.0,0.09885384051764373
11.0,3.81,14.0,-0.014930328714236949
11.0,3.81,15.0,0.001413568638570617
11.0,3.81,16.0,-0.10769300784519786
11.0,3.81,17.0,-0.0003874676784940371
11.0,3.81,18.0,-0.03333640193113524
11.0,3.81,19.0,-0.05338590029582155
11.0,3.81,20.0,0.0700340106769477
11.0,3.81,21.0,9.416977753140543e-10
11.0,4.01,0.0,0.3922154127530001
11.0,4.01,1.0,0.015036380573587665
11.0,4.01,2.0,0.06972553918600133
11.0,4.01,3.0,8.491140846000889e-10
11.0,4.01,4.0,-0.11430928118572378
11.0,4.01,5.0,-6.752408429115965e-05
11.0,4.01,6.0,-0.05815273253833281
11.0,4.01,7.0,-4.449759371758711e-06
11.0,4.01,8.0,8.491140846000889e-10
11.0,4.01,9.0,-0.034102309156408966
11.0,4.01,10.0,0.04036511996264336
11.0,4.01,11.0,8.491140846000889e-10
11.0,4.01,12.0,-0.10229311616458914
11.0,4.01,13.0,0.0988849285908539
11.0,4.01,14.0,-0.014930395729877926
11.0,4.01,15.0,0.0014159428664299312
11.0,4.01,16.0,-0.10769352853722798
11.0,4.01,17.0,-0.00038746767791467135
11.0,4.01,18.0,-0.033347771279668315
11.0,4.01,19.0,-0.053387590202171514
11.0,4.01,20.0,0.07044133152499404
11.0,4.01,21.0,9.416977753140543e-10
12.0,0.01,0.0,0.0015038895530898877
12.0,0.01,1.0,0.000100145762494952
12.0,0.01,2.0,0.00016365356220585103
12.0,0.01,3.0,7.181143180101657e-10
12.0,0.01,4.0,-0.00025690615885110013
12.0,0.01,5.0,-0.0003053834228836372
12.0,0.01,6.0,0.0001391089232655185
12.0,0.01,7.0,-5.5962586247348955e-05
12.0,0.01,8.0,7.181143180101657e-10
12.0,0.01,9.0,-0.0003390783893420443
12.0,0.01,10.0,-5.95470853073099e-05
12.0,0.01,11.0,7.181143180101657e-10
12.0,0.01,12.0,3.326503910355827e-05
12.0,0.01,13.0,0.000435232029842747
12.0,0.01,14.0,4.7778922564092885e-05
12.0,0.01,15.0,1.8244100819131415e-05
12.0,0.01,16.0,0.00040782203010519824
12.0,0.01,17.0,-0.00035191391708574993
12.0,0.01,18.0,2.0410258254222047e-05
12.0,0.01,19.0,-0.00046451763030333493
12.0,0.01,20.0,0.0002943203218207513
12.0,0.01,21.0,8.638774418034956e-10
12.0,0.21,0.0,0.03324109218486315
12.0,0.21,1.0,0.0021609805577006425
12.0,0.21,2.0,0.0034842294300313215
12.0,0.21,3.0,7.181143180101657e-10
12.0,0.21,4.0,-0.0006970427135235546
12.0,0.21,5.0,-0.006322187340283225
12.0,0.21,6.0,0.002101376274904143
12.0,0.21,7.0,-0.0010940891529996333
12.0,0.21,8.0,7.181143180101657e-10
12.0,0.21,9.0,-0.005402916503028057
12.0,0.21,10.0,-0.0013314059214111496
12.0,0.21,11.0,7.181143180101657e-10
12.0,0.21,12.0,0.0007278926071097869
12.0,0.21,13.0,0.00919893724550963
12.0,0.21,14.0,0.001827385944091972
12.0,0.21,15.0,0.0004546807415748422
12.0,0.21,16.0,0.008854077322041243
12.0,0.21,17.0,-0.007324991461158836
12.0,0.21,18.0,0.0003351264677017296
12.0,0.21,19.0,-0.008621723193912412
12.0,0.21,20.0,0.006087102342951067
12.0,0.21,21.0,8.638774418034956e-10
12.0,0.41,0.0,0.06553527503587309
12.0,0.41,1.0,0.004388377367780805
12.0,0.41,2.0,0.006722517451465654
12.0,0.41,3.0,7.181143180101657e-10
12.0,0.41,4.0,1.6584700463950774e-05
12.0,0.41,5.0,-0.012327555713929697
12.0,0.41,6.0,0.0027638479854682485
12.0,0.41,7.0,-0.0020956122550919443
12.0,0.41,8.0,7.181143180101657e-10
12.0,0.41,9.0,-0.010446127331749537
12.0,0.41,10.0,-0.0026403849084791764
12.0,0.41,11.0,7.181143180101657e-10
12.0,0.41,12.0,0.0012807779108710837
12.0,0.41,13.0,0.017597844558130016
12.0,0.41,14.0,0.003632597913098813
12.0,0.41,15.0,0.0008441400822584433
12.0,0.41,16.0,0.016898161766516262
12.0,0.41,17.0,-0.014281167481285245
12.0,0.41,18.0,0.0006658039092189427
12.0,0.41,19.0,-0.016533008728554788
12.0,0.41,20.0,0.011360225527215995
12.0,0.41,21.0,8.638774418034956e-10
12.0,0.61,0.0,0.09755015809671741
12.0,0.61,1.0,0.0064943229893789645
12.0,0.61,2.0,0.010012469062754187
12.0,0.61,3.0,7.181143180101657e-10
12.0,0.61,4.0,0.0006612125229706889
12.0,0.61,5.0,-0.018346896675365057
12.0,0.61,6.0,0.003670001435026826
12.0,0.61,7.0,-0.0031249733566649784
12.0,0.61,8.0,7.181143180101657e-10
12.0,0.61,9.0,-0.015470763015853189
12.0,0.61,10.0,-0.003941594749504951
12.0,0.61,11.0,7.181143180101657e-10
12.0,0.61,12.0,0.001866136461335488
12.0,0.61,13.0,0.02623299457330297
12.0,0.61,14.0,0.005431845773799557
12.0,0.61,15.0,0.001277380562755337
12.0,0.61,16.0,0.025234457174276692
12.0,0.61,17.0,-0.021262735375671554
12.0,0.61,18.0,0.0009704597026555795
12.0,0.61,19.0,-0.0246595955337941
12.0,0.61,20.0,0.01690980261559788
12.0,0.61,21.0,8.638774418034956e-10
12.0,0.81,0.0,0.1296493490948024
12.0,0.81,1.0,0.008624081660755067
12.0,0.81,2.0,0.013301131162007124
12.0,0.81,3.0,7.181143180101657e-10
12.0,0.81,4.0,0.0017417764177326545
12.0,0.81,5.0,-0.02437809329120459
12.0,0.81,6.0,0.004357017299361332
12.0,0.81,7.0,-0.004152719315448222
12.0,0.81,8.0,7.181143180101657e-10
12.0,0.81,9.0,-0.02043557877181714
12.0,0.81,10.0,-0.005256046206030707
12.0,0.81,11.0,7.181143180101657e-10
12.0,0.81,12.0,0.0024234707642580844
12.0,0.81,13.0,0.03484392480377335
12.0,0.81,14.0,0.007217539948988674
12.0,0.81,15.0,0.0017018327570868519
12.0,0.81,16.0,0.03355707647162842
12.0,0.81,17.0,-0.028257730941287723
12.0,0.81,18.0,0.0012961746802766516
12.0,0.81,19.0,-0.03276589188220877
12.0,0.81,20.0,0.02238488275318612
12.0,0.81,21.0,8.638774418034956e-10
12.0,1.01,0.0,0.16155708475810893
12.0,1.01,1.0,0.01066109419057193
12.0,1.01,2.0,0.01664323881415028
12.0,1.01,3.0,7.181143180101657e-10
12.0,1.01,4.0,0.0017448166711415691
12.0,1.01,5.0,-0.03042963464181045
12.0,1.01,6.0,0.006336559104193951
12.0,1.01,7.0,-0.005203055757963149
12.0,1.01,8.0,7.181143180101657e-10
12.0,1.01,9.0,-0.025270271626947043
12.0,1.01,10.0,-0.006547326139465098
12.0,1.01,11.0,7.181143180101657e-10
12.0,1.01,12.0,0.0031537044502405465
12.0,1.01,13.0,0.0436847072784452
12.0,1.01,14.0,0.008920466036064618
12.0,1.01,15.0,0.002158603147162652
12.0,1.01,16.0,0.0421137324349517
12.0,1.01,17.0,-0.0352592437557903
12.0,1.01,18.0,0.0017049040811341065
12.0,1.01,19.0,-0.04082698406369814
12.0,1.01,20.0,0.028268778278222162
12.0,1.01,21.0,8.638774418034956e-10
12.0,1.21,0.0,0.1934447788403939
12.0,1.21,1.0,0.012640222351218366
12.0,1.21,2.0,0.02002723921778385
12.0,1.21,3.0,7.181143180101657e-10
12.0,1.21,4.0,-0.00014061601566506265
12.0,1.21,5.0,-0.03649865935194282
12.0,1.21,6.0,0.010748625797432743
12.0,1.21,7.0,-0.006266453596242255
12.0,1.21,8.0,7.181143180101657e-10
12.0,1.21,9.0,-0.02984437466903815
12.0,1.21,10.0,-0.007800167560993859
12.0,1.21,11.0,7.181143180101657e-10
12.0,1.21,12.0,0.004166707529958652
12.0,1.21,13.0,0.05269349636261017
12.0,1.21,14.0,0.010470168626020834
12.0,1.21,15.0,0.00263750200858498
12.0,1.21,16.0,0.050794999851393685
12.0,1.21,17.0,-0.042248884721788255
12.0,1.21,18.0,0.0022568406285984333
12.0,1.21,19.0,-0.048646737933372625
12.0,1.21,20.0,0.034664120836940704
12.0,1.21,21.0,8.638774418034956e-10
12.0,1.41,0.0,0.22600963655054684
12.0,1.41,1.0,0.014826254763319002
12.0,1.41,2.0,0.02335257991487824
12.0,1.41,3.0,7.181143180101657e-10
12.0,1.41,4.0,0.0023825562480257467
12.0,1.41,5.0,-0.04256356807054017
12.0,1.41,6.0,0.011511938898449037
12.0,1.41,7.0,-0.007291327798797986
12.0,1.41,8.0,7.181143180101657e-10
12.0,1.41,9.0,-0.033964242118150904
12.0,1.41,10.0,-0.009155478072546408
12.0,1.41,11.0,7.181143180101657e-10
12.0,1.41,12.0,0.004786260182634783
12.0,1.41,13.0,0.06138251364788033
12.0,1.41,14.0,0.01206178556644831
12.0,1.41,15.0,0.0030584905486810143
12.0,1.41,16.0,0.05927317637774382
12.0,1.41,17.0,-0.049287764754765664
12.0,1.41,18.0,0.0028506770448574192
12.0,1.41,19.0,-0.05634151372271026
12.0,1.41,20.0,0.040175656135453985
12.0,1.41,21.0,8.638774418034956e-10
12.0,1.61,0.0,0.2587210169917973
12.0,1.61,1.0,0.01697020060715715
12.0,1.61,2.0,0.02673092021048759
12.0,1.61,3.0,7.181143180101657e-10
12.0,1.61,4.0,0.004311760826345434
12.0,1.61,5.0,-0.04858050137024394
12.0,1.61,6.0,0.014084574475434541
12.0,1.61,7.0,-0.008311465585044392
12.0,1.61,8.0,7.181143180101657e-10
12.0,1.61,9.0,-0.037411130811607594
12.0,1.61,10.0,-0.01048064831378906
12.0,1.61,11.0,7.181143180101657e-10
12.0,1.61,12.0,0.005621140786555179
12.0,1.61,13.0,0.07026230767605735
12.0,1.61,14.0,0.013458186065223351
12.0,1.61,15.0,0.003501638947867647
12.0,1.61,16.0,0.06796172497963915
12.0,1.61,17.0,-0.05630408567498485
12.0,1.61,18.0,0.0036428854761919593
12.0,1.61,19.0,-0.06370792499327163
12.0,1.61,20.0,0.046110361568995895
12.0,1.61,21.0,8.638774418034956e-10
12.0,1.81,0.0,0.291391485223614
12.0,1.81,1.0,0.019101158493586345
12.0,1.81,2.0,0.030098068550394125
12.0,1.81,3.0,7.181143180101657e-10
12.0,1.81,4.0,0.007000312090704175
12.0,1.81,5.0,-0.054292991679145884
12.0,1.81,6.0,0.017163850345406573
12.0,1.81,7.0,-0.009261817132490358
12.0,1.81,8.0,7.181143180101657e-10
12.0,1.81,9.0,-0.03997261337224481
12.0,1.81,10.0,-0.011744030900148222
12.0,1.81,11.0,7.181143180101657e-10
12.0,1.81,12.0,0.006501308402360212
12.0,1.81,13.0,0.07911905545740083
12.0,1.81,14.0,0.014657270261542947
12.0,1.81,15.0,0.003941663139459428
12.0,1.81,16.0,0.07668904826094353
12.0,1.81,17.0,-0.06313395342837198
12.0,1.81,18.0,0.004606721005919523
12.0,1.81,19.0,-0.07062358331803698
12.0,1.81,20.0,0.052108916509265635
12.0,1.81,21.0,8.638774418034956e-10
12.0,2.01,0.0,0.3164778928396529
12.0,2.01,1.0,0.020721340905093533
12.0,2.01,2.0,0.03266839997638091
12.0,2.01,3.0,7.181143180101657e-10
12.0,2.01,4.0,0.009458379050311105
12.0,2.01,5.0,-0.05838008084188524
12.0,2.01,6.0,0.01978839873051097
12.0,2.01,7.0,-0.009927197397883558
12.0,2.01,8.0,7.181143180101657e-10
12.0,2.01,9.0,-0.041414405936365944
12.0,2.01,10.0,-0.012649093105595838
12.0,2.01,11.0,7.181143180101657e-10
12.0,2.01,12.0,0.007182579225732871
12.0,2.01,13.0,0.0858881347132916
12.0,2.01,14.0,0.015468518802671756
12.0,2.01,15.0,0.004274144953083259
12.0,2.01,16.0,0.08339257915098236
12.0,2.01,17.0,-0.06820120215538572
12.0,2.01,18.0,0.005418660813632292
12.0,2.01,19.0,-0.0756695291655825
12.0,2.01,20.0,0.05674088582670761
12.0,2.01,21.0,8.638774418034956e-10
12.0,2.21,0.0,0.3214814975067486
12.0,2.21,1.0,0.021068263011728094
12.0,2.21,2.0,0.03320226362694165
12.0,2.21,3.0,7.181143180101657e-10
12.0,2.21,4.0,0.009700874647838087
12.0,2.21,5.0,-0.059543488497398725
12.0,2.21,6.0,0.020472108261718858
12.0,2.21,7.0,-0.010143395633892743
12.0,2.21,8.0,7.181143180101657e-10
12.0,2.21,9.0,-0.04185708716519467
12.0,2.21,10.0,-0.01291717329711392
12.0,2.21,11.0,7.181143180101657e-10
12.0,2.21,12.0,0.0073771723656417265
12.0,2.21,13.0,0.08728111239553471
12.0,2.21,14.0,0.015700483331117718
12.0,2.21,15.0,0.004348294933659402
12.0,2.21,16.0,0.08475520778843076
12.0,2.21,17.0,-0.06943914249318867
12.0,2.21,18.0,0.005582448009352425
12.0,2.21,19.0,-0.0767795855292871
12.0,2.21,20.0,0.057698295508029074
12.0,2.21,21.0,8.638774418034956e-10
12.0,2.41,0.0,0.32162943431929014
12.0,2.41,1.0,0.021081365879397518
12.0,2.41,2.0,0.03322049182574219
12.0,2.41,3.0,7.181143180101657e-10
12.0,2.41,4.0,0.009496329359314437
12.0,2.41,5.0,-0.05972796363608089
12.0,2.41,6.0,0.020585013246806172
12.0,2.41,7.0,-0.010185910756778577
12.0,2.41,8.0,7.181143180101657e-10
12.0,2.41,9.0,-0.04197903762542227
12.0,2.41,10.0,-0.012960351124140873
12.0,2.41,11.0,7.181143180101657e-10
12.0,2.41,12.0,0.007408880369111165
12.0,2.41,13.0,0.08732705373294791
12.0,2.41,14.0,0.015746571538473475
12.0,2.41,15.0,0.004351519218239619
12.0,2.41,16.0,0.0847873353031437
12.0,2.41,17.0,-0.0695553106447503
12.0,2.41,18.0,0.005572802402676047
12.0,2.41,19.0,-0.07686700676792577
12.0,2.41,20.0,0.05773713968084754
12.0,2.41,21.0,8.638774418034956e-10
12.0,2.61,0.0,0.32163131865264083
12.0,2.61,1.0,0.021081598391857304
12.0,2.61,2.0,0.03322077541873472
12.0,2.61,3.0,7.181143180101657e-10
12.0,2.61,4.0,0.009440822154932138
12.0,2.61,5.0,-0.05978276855010481
12.0,2.61,6.0,0.020567350269348417
12.0,2.61,7.0,-0.010199094562180183
12.0,2.61,8.0,7.181143180101657e-10
12.0,2.61,9.0,-0.04203353802480033
12.0,2.61,10.0,-0.012973566619207372
12.0,2.61,11.0,7.181143180101657e-10
12.0,2.61,12.0,0.007411836523317783
12.0,2.61,13.0,0.08732772915146653
12.0,2.61,14.0,0.01576843270898154
12.0,2.61,15.0,0.004351588603047296
12.0,2.61,16.0,0.08478366885417887
12.0,2.61,17.0,-0.06958261921145262
12.0,2.61,18.0,0.0055601938344966295
12.0,2.61,19.0,-0.07689807517067807
12.0,2.61,20.0,0.05773173977784385
12.0,2.61,21.0,8.638774418034956e-10
12.0,2.81,0.0,0.32163133788517817
12.0,2.81,1.0,0.02108160197797182
12.0,2.81,2.0,0.03322077915199331
12.0,2.81,3.0,7.181143180101657e-10
12.0,2.81,4.0,0.0096672948262716
12.0,2.81,5.0,-0.05980992659646897
12.0,2.81,6.0,0.020306773315143523
12.0,2.81,7.0,-0.010205997634841535
12.0,2.81,8.0,7.181143180101657e-10
12.0,2.81,9.0,-0.04206569758506607
12.0,2.81,10.0,-0.012985485096542876
12.0,2.81,11.0,7.181143180101657e-10
12.0,2.81,12.0,0.007385467814493674
12.0,2.81,13.0,0.08732773728763998
12.0,2.81,14.0,0.015788717456004242
12.0,2.81,15.0,0.004351589929226407
12.0,2.81,16.0,0.08479135351715106
12.0,2.81,17.0,-0.06959845246477768
12.0,2.81,18.0,0.005548303654740572
12.0,2.81,19.0,-0.07693035357613584
12.0,2.81,20.0,0.057685582322396456
12.0,2.81,21.0,8.638774418034956e-10
12.0,3.01,0.0,0.32163133811108613
12.0,3.01,1.0,0.021081601909969883
12.0,3.01,2.0,0.03322077921904379
12.0,3.01,3.0,7.181143180101657e-10
12.0,3.01,4.0,0.010205543704478126
12.0,3.01,5.0,-0.059826810693133975
12.0,3.01,6.0,0.01974969928626713
12.0,3.01,7.0,-0.010210906591183427
12.0,3.01,8.0,7.181143180101657e-10
12.0,3.01,9.0,-0.042087531555780835
12.0,3.01,10.0,-0.01300110041091973
12.0,3.01,11.0,7.181143180101657e-10
12.0,3.01,12.0,0.007322290215628358
12.0,3.01,13.0,0.08732773745019268
12.0,3.01,14.0,0.015823265520645814
12.0,3.01,15.0,0.004351590061305588
12.0,3.01,16.0,0.08481159314331366
12.0,3.01,17.0,-0.06961329100343445
12.0,3.01,18.0,0.005522749150007444
12.0,3.01,19.0,-0.07698401649001901
12.0,3.01,20.0,0.057588322000870606
12.0,3.01,21.0,8.638774418034956e-10
12.0,3.21,0.0,0.32163133811624744
12.0,3.21,1.0,0.021081601868144395
12.0,3.21,2.0,0.03322077922305658
12.0,3.21,3.0,7.181143180101657e-10
12.0,3.21,4.0,0.0103114489282361
12.0,3.21,5.0,-0.05983864637278758
12.0,3.21,6.0,0.019635116936587704
12.0,3.21,7.0,-0.010213919677603212
12.0,3.21,8.0,7.181143180101657e-10
12.0,3.21,9.0,-0.04210353207659839
12.0,3.21,10.0,-0.013006298774769665
12.0,3.21,11.0,7.181143180101657e-10
12.0,3.21,12.0,0.0073085870774060036
12.0,3.21,13.0,0.08732773746762401
12.0,3.21,14.0,0.015834254852108903
12.0,3.21,15.0,0.0043515900960399145
12.0,3.21,16.0,0.08481477303013574
12.0,3.21,17.0,-0.06962051602559126
12.0,3.21,18.0,0.005513857815436118
12.0,3.21,19.0,-0.07700268479562891
12.0,3.21,20.0,0.057567054118933814
12.0,3.21,21.0,8.638774418034956e-10
12.0,3.41,0.0,0.3216313381161202
12.0,3.41,1.0,0.021081601697248042
12.0,3.41,2.0,0.033220779229709646
12.0,3.41,3.0,7.181143180101657e-10
12.0,3.41,4.0,0.010434772918188728
12.0,3.41,5.0,-0.05984738398713048
12.0,3.41,6.0,0.019504014784304635
12.0,3.41,7.0,-0.010216233826003451
12.0,3.41,8.0,7.181143180101657e-10
12.0,3.41,9.0,-0.04211580576952643
12.0,3.41,10.0,-0.013010988181853173
12.0,3.41,11.0,7.181143180101657e-10
12.0,3.41,12.0,0.007289337191703965
12.0,3.41,13.0,0.08732773752849943
12.0,3.41,14.0,0.015850625974558406
12.0,3.41,15.0,0.004351590213396428
12.0,3.41,16.0,0.08481905106448245
12.0,3.41,17.0,-0.06962715767630898
12.0,3.41,18.0,0.005497730987193028
12.0,3.41,19.0,-0.0770281077657935
12.0,3.41,20.0,0.05754078404746604
12.0,3.41,21.0,8.638774695590712e-10
12.0,3.61,0.0,0.32163133811327094
12.0,3.61,1.0,0.021081601696995467
12.0,3.61,2.0,0.03322077923184716
12.0,3.61,3.0,7.181143180101657e-10
12.0,3.61,4.0,0.01015570942519639
12.0,3.61,5.0,-0.05985415528137811
12.0,3.61,6.0,0.01975547972518299
12.0,3.61,7.0,-0.010217415958169385
12.0,3.61,8.0,7.181143180101657e-10
12.0,3.61,9.0,-0.042125520581144694
12.0,3.61,10.0,-0.013006809081752863
12.0,3.61,11.0,7.181143180101657e-10
12.0,3.61,12.0,0.007322099823990652
12.0,3.61,13.0,0.08732773754263368
12.0,3.61,14.0,0.015839624401328446
12.0,3.61,15.0,0.004351590207186784
12.0,3.61,16.0,0.08480771920378799
12.0,3.61,17.0,-0.06962702793881952
12.0,3.61,18.0,0.005509701538936984
12.0,3.61,19.0,-0.07700856261884348
12.0,3.61,20.0,0.05758604943742274
12.0,3.61,21.0,8.638774418034956e-10
12.0,3.81,0.0,0.3216313376452735
12.0,3.81,1.0,0.021081599729211864
12.0,3.81,2.0,0.033220779467824896
12.0,3.81,3.0,7.181143180101657e-10
12.0,3.81,4.0,0.010133885993324987
12.0,3.81,5.0,-0.05985955280333028
12.0,3.81,6.0,0.019755672570945904
12.0,3.81,7.0,-0.010218689305651146
12.0,3.81,8.0,7.181143180101657e-10
12.0,3.81,9.0,-0.04213344737446193
12.0,3.81,10.0,-0.013007873814448762
12.0,3.81,11.0,7.181143180101657e-10
12.0,3.81,12.0,0.007324137935471209
12.0,3.81,13.0,0.08732773910661717
12.0,3.81,14.0,0.01584142978736476
12.0,3.81,15.0,0.004351591233908214
12.0,3.81,16.0,0.08480686420501388
12.0,3.81,17.0,-0.0696294521638957
12.0,3.81,18.0,0.005509583116661054
12.0,3.81,19.0,-0.07701038284861653
12.0,3.81,20.0,0.05758710325017269
12.0,3.81,21.0,8.638774418034956e-10
12.0,4.01,0.0,0.3216306459221697
12.0,4.01,1.0,0.021080889528172164
12.0,4.01,2.0,0.03322096265027921
12.0,4.01,3.0,7.181143180101657e-10
12.0,4.01,4.0,0.010777110992599703
12.0,4.01,5.0,-0.05986395482785411
12.0,4.01,6.0,0.019126058445516403
12.0,4.01,7.0,-0.010220895046860717
12.0,4.01,8.0,7.181143180101657e-10
12.0,4.01,9.0,-0.04214006370228751
12.0,4.01,10.0,-0.013022689594293035
12.0,4.01,11.0,7.181143180101657e-10
12.0,4.01,12.0,0.007248452729927718
12.0,4.01,13.0,0.08732871622775573
12.0,4.01,14.0,0.015875483961288968
12.0,4.01,15.0,0.004351868960655314
12.0,4.01,16.0,0.08483293952603999
12.0,4.01,17.0,-0.06963950734648308
12.0,4.01,18.0,0.005479243695345137
12.0,4.01,19.0,-0.07706780276381214
12.0,4.01,20.0,0.05747736145160415
12.0,4.01,21.0,8.638774418034956e-10
13.0,0.01,0.0,0.0014458624316435742
13.0,0.01,1.0,1.9490592975623944e-05
13.0,0.01,2.0,4.657657016210459e-06
13.0,0.01,3.0,6.8085836968379e-10
13.0,0.01,4.0,-0.0006936296755949978
13.0,0.01,5.0,-0.0004430833771480458
13.0,0.01,6.0,-6.164982761974747e-05
13.0,0.01,7.0,-0.0002164066858598157
13.0,0.01,8.0,6.8085836968379e-10
13.0,0.01,9.0,-0.0002109474769624864
13.0,0.01,10.0,-9.665811205397667e-05
13.0,0.01,11.0,6.8085836968379e-10
13.0,0.01,12.0,-9.060624037268705e-05
13.0,0.01,13.0,0.00026335414239994637
13.0,0.01,14.0,0.0004445279356569687
13.0,0.01,15.0,4.121989785332847e-07
13.0,0.01,16.0,0.000884398166993039
13.0,0.01,17.0,-0.00041681524256628744
13.0,0.01,18.0,9.009381499169855e-05
13.0,0.01,19.0,-0.0002570900016900801
13.0,0.01,20.0,0.0003513039551932273
13.0,0.01,21.0,9.512466925265528e-10
13.0,0.21,0.0,0.033739407163514645
13.0,0.21,1.0,0.0004688379554744493
13.0,0.21,2.0,8.853839240041683e-05
13.0,0.21,3.0,6.8085836968379e-10
13.0,0.21,4.0,-0.008178589167591233
13.0,0.21,5.0,-0.008625333611465585
13.0,0.21,6.0,-0.0019099921804670017
13.0,0.21,7.0,-0.004580319304203773
13.0,0.21,8.0,6.8085836968379e-10
13.0,0.21,9.0,-0.003837105836778709
13.0,0.21,10.0,-0.002258237559068066
13.0,0.21,11.0,6.8085836968379e-10
13.0,0.21,12.0,-0.003438576888588618
13.0,0.21,13.0,0.004962408893446957
13.0,0.21,14.0,0.008659708525609211
13.0,0.21,15.0,7.865433676673694e-06
13.0,0.21,16.0,0.006939865967719672
13.0,0.21,17.0,-0.008500925170230406
13.0,0.21,18.0,0.0033707813152247246
13.0,0.21,19.0,-0.004357816342374643
13.0,0.21,20.0,0.00490673200248265
13.0,0.21,21.0,9.512466925265528e-10
13.0,0.41,0.0,0.0659585662302623
13.0,0.41,1.0,0.0009167920267201812
13.0,0.41,2.0,0.00017262762195785486
13.0,0.41,3.0,6.8085836968379e-10
13.0,0.41,4.0,-0.015815823205561408
13.0,0.41,5.0,-0.016821890093670078
13.0,0.41,6.0,-0.003744255729022372
13.0,0.41,7.0,-0.0089427950392518
13.0,0.41,8.0,6.8085836968379e-10
13.0,0.41,9.0,-0.007476497159867174
13.0,0.41,10.0,-0.004414387925397167
13.0,0.41,11.0,6.8085836968379e-10
13.0,0.41,12.0,-0.006752219207614846
13.0,0.41,13.0,0.009674323514622107
13.0,0.41,14.0,0.01688971961163671
13.0,0.41,15.0,1.533599239009198e-05
13.0,0.41,16.0,0.013273112614440752
13.0,0.41,17.0,-0.016589711104813387
13.0,0.41,18.0,0.006614728655741253
13.0,0.41,19.0,-0.008482472619000092
13.0,0.41,20.0,0.009519866841195712
13.0,0.41,21.0,9.512466925265528e-10
13.0,0.61,0.0,0.09822346378695856
13.0,0.61,1.0,0.001365737941579015
13.0,0.61,2.0,0.0002565686241605414
13.0,0.61,3.0,6.8085836968379e-10
13.0,0.61,4.0,-0.023344122875588902
13.0,0.61,5.0,-0.02500941855429395
13.0,0.61,6.0,-0.005587841552137263
13.0,0.61,7.0,-0.013306066137753342
13.0,0.61,8.0,6.8085836968379e-10
13.0,0.61,9.0,-0.011107325120318451
13.0,0.61,10.0,-0.006573811626061049
13.0,0.61,11.0,6.8085836968379e-10
13.0,0.61,12.0,-0.010086495246035054
13.0,0.61,13.0,0.014377491058542358
13.0,0.61,14.0,0.025109450924493404
13.0,0.61,15.0,2.279395595392031e-05
13.0,0.61,16.0,0.019413134469500548
13.0,0.61,17.0,-0.024675793833349446
13.0,0.61,18.0,0.009886429106691907
13.0,0.61,19.0,-0.012590822164812249
13.0,0.61,20.0,0.014093980227155078
13.0,0.61,21.0,9.512466925265528e-10
13.0,0.81,0.0,0.13047123550936746
13.0,0.81,1.0,0.0018143501854930022
13.0,0.81,2.0,0.0003405548388658308
13.0,0.81,3.0,6.8085836968379e-10
13.0,0.81,4.0,-0.030910717116967135
13.0,0.81,5.0,-0.03319965868335159
13.0,0.81,6.0,-0.0074289672585488575
13.0,0.81,7.0,-0.01766837356587439
13.0,0.81,8.0,6.8085836968379e-10
13.0,0.81,9.0,-0.014741205822555309
13.0,0.81,10.0,-0.008731774893190936
13.0,0.81,11.0,6.8085836968379e-10
13.0,0.81,12.0,-0.013414897371949036
13.0,0.81,13.0,0.019083406900385846
13.0,0.81,14.0,0.03333253004504577
13.0,0.81,15.0,3.0255646943283532e-05
13.0,0.81,16.0,0.025616711960385063
13.0,0.81,17.0,-0.032762551905278686
13.0,0.81,18.0,0.013148294413422829
13.0,0.81,19.0,-0.01670500339590747
13.0,0.81,20.0,0.01867924240505131
13.0,0.81,21.0,9.512466925265528e-10
13.0,1.01,0.0,0.16267754232639142
13.0,1.01,1.0,0.0022618577971653397
13.0,1.01,2.0,0.00042470465134533675
13.0,1.01,3.0,6.8085836968379e-10
13.0,1.01,4.0,-0.038615772396788206
13.0,1.01,5.0,-0.04139704752347234
13.0,1.01,6.0,-0.009254351679605477
13.0,1.01,7.0,-0.022029334392351885
13.0,1.01,8.0,6.8085836968379e-10
13.0,1.01,9.0,-0.018382599899437607
13.0,1.01,10.0,-0.010886260836722311
13.0,1.01,11.0,6.8085836968379e-10
13.0,1.01,12.0,-0.016712008757900465
13.0,1.01,13.0,0.023798261503995527
13.0,1.01,14.0,0.04156095460741338
13.0,1.01,15.0,3.773171239926376e-05
13.0,1.01,16.0,0.032082704578514254
13.0,1.01,17.0,-0.040849260829137146
13.0,1.01,18.0,0.01637073964993349
13.0,1.01,19.0,-0.020837525765831755
13.0,1.01,20.0,0.023324039531511076
13.0,1.01,21.0,9.512466925265528e-10
13.0,1.21,0.0,0.19490252411982756
13.0,1.21,1.0,0.002709785676948989
13.0,1.21,2.0,0.0005087887790182766
13.0,1.21,3.0,6.8085836968379e-10
13.0,1.21,4.0,-0.04627892027033442
13.0,1.21,5.0,-0.04958969227753682
13.0,1.21,6.0,-0.011084794646475993
13.0,1.21,7.0,-0.026389303267531153
13.0,1.21,8.0,6.8085836968379e-10
13.0,1.21,9.0,-0.022020304048488343
13.0,1.21,10.0,-0.013041723594850313
13.0,1.21,11.0,6.8085836968379e-10
13.0,1.21,12.0,-0.020019308832318977
13.0,1.21,13.0,0.028509155668955344
13.0,1.21,14.0,0.04978330299848066
13.0,1.21,15.0,4.52021581918427e-05
13.0,1.21,16.0,0.03847820376332878
13.0,1.21,17.0,-0.048934397021756976
13.0,1.21,18.0,0.019601219487076715
13.0,1.21,19.0,-0.02496380962189723
13.0,1.21,20.0,0.027956264339853043
13.0,1.21,21.0,9.512466925265528e-10
13.0,1.41,0.0,0.2271171136021246
13.0,1.41,1.0,0.003157301895969522
13.0,1.41,2.0,0.0005929296565280462
13.0,1.41,3.0,6.8085836968379e-10
13.0,1.41,4.0,-0.054019753508256774
13.0,1.41,5.0,-0.05778235828542935
13.0,1.41,6.0,-0.012905966302038996
13.0,1.41,7.0,-0.03074693312832623
13.0,1.41,8.0,6.8085836968379e-10
13.0,1.41,9.0,-0.025659565890727737
13.0,1.41,10.0,-0.015195501191706706
13.0,1.41,11.0,6.8085836968379e-10
13.0,1.41,12.0,-0.023309914025636647
13.0,1.41,13.0,0.033222538891102604
13.0,1.41,14.0,0.057999475983722015
13.0,1.41,15.0,5.2677847027921e-05
13.0,1.41,16.0,0.045033606238111035
13.0,1.41,17.0,-0.05701712478307053
13.0,1.41,18.0,0.02280264748275515
13.0,1.41,19.0,-0.029099015641559534
13.0,1.41,20.0,0.03263259448459915
13.0,1.41,21.0,9.512466925265528e-10
13.0,1.61,0.0,0.2593977462365902
13.0,1.61,1.0,0.003607184350085141
13.0,1.61,2.0,0.0006766811963965225
13.0,1.61,3.0,6.8085836968379e-10
13.0,1.61,4.0,-0.06138475398657761
13.0,1.61,5.0,-0.06596062464588448
13.0,1.61,6.0,-0.014769462887182616
13.0,1.61,7.0,-0.03510878649622168
13.0,1.61,8.0,6.8085836968379e-10
13.0,1.61,9.0,-0.029285728217243123
13.0,1.61,10.0,-0.017354999049796677
13.0,1.61,11.0,6.8085836968379e-10
13.0,1.61,12.0,-0.026679460511902647
13.0,1.61,13.0,0.03791764539219761
13.0,1.61,14.0,0.06622186942722269
13.0,1.61,15.0,6.011777106804117e-05
13.0,1.61,16.0,0.05084284721947363
13.0,1.61,17.0,-0.06510136910652124
13.0,1.61,18.0,0.026124141572364007
13.0,1.61,19.0,-0.033188283900112636
13.0,1.61,20.0,0.0371244899812857
13.0,1.61,21.0,9.512466925265528e-10
13.0,1.81,0.0,0.29169385590940067
13.0,1.81,1.0,0.0040581781501912995
13.0,1.81,2.0,0.0007602179198484271
13.0,1.81,3.0,6.8085836968379e-10
13.0,1.81,4.0,-0.06847815794728668
13.0,1.81,5.0,-0.07413217647269617
13.0,1.81,6.0,-0.016666996513997057
13.0,1.81,7.0,-0.03947464961226578
13.0,1.81,8.0,6.8085836968379e-10
13.0,1.81,9.0,-0.032907732706666054
13.0,1.81,10.0,-0.01951659128552377
13.0,1.81,11.0,6.8085836968379e-10
13.0,1.81,12.0,-0.030108921508128272
13.0,1.81,13.0,0.04260484718879837
13.0,1.81,14.0,0.0744780667836007
13.0,1.81,15.0,6.753701732373218e-05
13.0,1.81,16.0,0.056076524876972345
13.0,1.81,17.0,-0.07318728490663946
13.0,1.81,18.0,0.029555156496789386
13.0,1.81,19.0,-0.037245342521884744
13.0,1.81,20.0,0.04141744623277638
13.0,1.81,21.0,9.512466925265528e-10
13.0,2.01,0.0,0.32388346783909583
13.0,2.01,1.0,0.004504975833367397
13.0,2.01,2.0,0.0008443609748531866
13.0,2.01,3.0,6.8085836968379e-10
13.0,2.01,4.0,-0.0762681755469875
13.0,2.01,5.0,-0.0823111051059587
13.0,2.01,6.0,-0.018483349517203984
13.0,2.01,7.0,-0.04382178943979323
13.0,2.01,8.0,6.8085836968379e-10
13.0,2.01,9.0,-0.03654718089763581
13.0,2.01,10.0,-0.02166358212159719
13.0,2.01,11.0,6.8085836968379e-10
13.0,2.01,12.0,-0.033386599909310755
13.0,2.01,13.0,0.04731874241247225
13.0,2.01,14.0,0.08268819220898094
13.0,2.01,15.0,7.50123499037858e-05
13.0,2.01,16.0,0.06273801672654777
13.0,2.01,17.0,-0.08125658143044404
13.0,2.01,18.0,0.032728326423503734
13.0,2.01,19.0,-0.04138526781235649
13.0,2.01,20.0,0.0461274671885748
13.0,2.01,21.0,9.512466925265528e-10
13.0,2.21,0.0,0.35608168597238665
13.0,2.21,1.0,0.004952707537186768
13.0,2.21,2.0,0.0009281843825906244
13.0,2.21,3.0,6.8085836968379e-10
13.0,2.21,4.0,-0.0837742407216941
13.0,2.21,5.0,-0.09046539462948361
13.0,2.21,6.0,-0.020334660314593467
13.0,2.21,7.0,-0.048163299528940856
13.0,2.21,8.0,6.8085836968379e-10
13.0,2.21,9.0,-0.040177427350724354
13.0,2.21,10.0,-0.02380824283848637
13.0,2.21,11.0,6.8085836968379e-10
13.0,2.21,12.0,-0.03672389407264395
13.0,2.21,13.0,0.05201930228160678
13.0,2.21,14.0,0.09092038332697805
13.0,2.21,15.0,8.245732016606833e-05
13.0,2.21,16.0,0.06881698223297283
13.0,2.21,17.0,-0.08931312898137359
13.0,2.21,18.0,0.0360004966054005
13.0,2.21,19.0,-0.045488325590613776
13.0,2.21,20.0,0.050637633761699774
13.0,2.21,21.0,9.512466925265528e-10
13.0,2.41,0.0,0.3881750114675111
13.0,2.41,1.0,0.005398154897025359
13.0,2.41,2.0,0.001011704630007243
13.0,2.41,3.0,6.8085836968379e-10
13.0,2.41,4.0,-0.0913747413327865
13.0,2.41,5.0,-0.09855998542153982
13.0,2.41,6.0,-0.02216593435880676
13.0,2.41,7.0,-0.05246821160452149
13.0,2.41,8.0,6.8085836968379e-10
13.0,2.41,9.0,-0.043796339241134796
13.0,2.41,10.0,-0.02593162303002322
13.0,2.41,11.0,6.8085836968379e-10
13.0,2.41,12.0,-0.04001999688596611
13.0,2.41,13.0,0.0567067370627613
13.0,2.41,14.0,0.09910563668481592
13.0,2.41,15.0,8.987259334389264e-05
13.0,2.41,16.0,0.07512915596503289
13.0,2.41,17.0,-0.0973125275837336
13.0,2.41,18.0,0.03919126150211383
13.0,2.41,19.0,-0.04959047175372064
13.0,2.41,20.0,0.055229452622533926
13.0,2.41,21.0,9.512466925265528e-10
13.0,2.61,0.0,0.4193894508974959
13.0,2.61,1.0,0.005829191344752155
13.0,2.61,2.0,0.0010923041878037887
13.0,2.61,3.0,6.8085836968379e-10
13.0,2.61,4.0,-0.0987223273637764
13.0,2.61,5.0,-0.10631205070095945
13.0,2.61,6.0,-0.02395015647909743
13.0,2.61,7.0,-0.05659124800037495
13.0,2.61,8.0,6.8085836968379e-10
13.0,2.61,9.0,-0.04730428141058832
13.0,2.61,10.0,-0.027955408094873097
13.0,2.61,11.0,6.8085836968379e-10
13.0,2.61,12.0,-0.04321607432065547
13.0,2.61,13.0,0.06125367051070363
13.0,2.61,14.0,0.10705046690230552
13.0,2.61,15.0,9.70147005115718e-05
13.0,2.61,16.0,0.08122801897836396
13.0,2.61,17.0,-0.10498741460374306
13.0,2.61,18.0,0.04224242780220197
13.0,2.61,19.0,-0.05355854618328387
13.0,2.61,20.0,0.059658182937962934
13.0,2.61,21.0,9.512466925265528e-10
13.0,2.81,0.0,0.44177317319742226
13.0,2.81,1.0,0.00613777191454315
13.0,2.81,2.0,0.0011499649714362403
13.0,2.81,3.0,6.8085836968379e-10
13.0,2.81,4.0,-0.10383322131159545
13.0,2.81,5.0,-0.1118450918930237
13.0,2.81,6.0,-0.025250570281497964
13.0,2.81,7.0,-0.05953991278992668
13.0,2.81,8.0,6.8085836968379e-10
13.0,2.81,9.0,-0.04981596097981447
13.0,2.81,10.0,-0.029401128319869185
13.0,2.81,11.0,6.8085836968379e-10
13.0,2.81,12.0,-0.045535520956060116
13.0,2.81,13.0,0.06451053795149286
13.0,2.81,14.0,0.11278895595970512
13.0,2.81,15.0,0.0001021223725532483
13.0,2.81,16.0,0.08527240907962486
13.0,2.81,17.0,-0.11046930044884748
13.0,2.81,18.0,0.044499413564028645
13.0,2.81,19.0,-0.05638199184916415
13.0,2.81,20.0,0.06265333857584743
13.0,2.81,21.0,9.512467202821284e-10
13.0,3.01,0.0,0.44612563623589396
13.0,3.01,1.0,0.006204337754241007
13.0,3.01,2.0,0.0011629201544360313
13.0,3.01,3.0,6.8085836968379e-10
13.0,3.01,4.0,-0.10501838296290933
13.0,3.01,5.0,-0.11323010300928348
13.0,3.01,6.0,-0.025491725166625068
13.0,3.01,7.0,-0.06027465459562151
13.0,3.01,8.0,6.8085836968379e-10
13.0,3.01,9.0,-0.050336045880888886
13.0,3.01,10.0,-0.02978850877773284
13.0,3.01,11.0,6.8085836968379e-10
13.0,3.01,12.0,-0.046009241956125685
13.0,3.01,13.0,0.0651752382518705
13.0,3.01,14.0,0.11391703134714232
13.0,3.01,15.0,0.0001033096090878316
13.0,3.01,16.0,0.08631497896252138
13.0,3.01,17.0,-0.1118085276343646
13.0,3.01,18.0,0.045027490321300906
13.0,3.01,19.0,-0.05699916518858103
13.0,3.01,20.0,0.06343734273750462
13.0,3.01,21.0,9.512466925265528e-10
13.0,3.21,0.0,0.4462674895754013
13.0,3.21,1.0,0.006207261906740563
13.0,3.21,2.0,0.0011635648365116713
13.0,3.21,3.0,6.8085836968379e-10
13.0,3.21,4.0,-0.10502306109682125
13.0,3.21,5.0,-0.11335594756365595
13.0,3.21,6.0,-0.025496478389323562
13.0,3.21,7.0,-0.06034548387113858
13.0,3.21,8.0,6.8085836968379e-10
13.0,3.21,9.0,-0.05035646199449187
13.0,3.21,10.0,-0.029830843023911396
13.0,3.21,11.0,6.8085836968379e-10
13.0,3.21,12.0,-0.04603172357556648
13.0,3.21,13.0,0.06520007383916065
13.0,3.21,14.0,0.11397065184660776
13.0,3.21,15.0,0.00010337401679735847
13.0,3.21,16.0,0.0862650689029284
13.0,3.21,17.0,-0.11191967387336951
13.0,3.21,18.0,0.04510900004388649
13.0,3.21,19.0,-0.05702047816399777
13.0,3.21,20.0,0.0634318276728526
13.0,3.21,21.0,9.512466925265528e-10
13.0,3.41,0.0,0.44626947102003156
13.0,3.41,1.0,0.006207323223870437
13.0,3.41,2.0,0.0011635814935646027
13.0,3.41,3.0,6.8085836968379e-10
13.0,3.41,4.0,-0.10484977542838092
13.0,3.41,5.0,-0.11337452609805138
13.0,3.41,6.0,-0.025517292496239186
13.0,3.41,7.0,-0.06036076767519151
13.0,3.41,8.0,6.8085836968379e-10
13.0,3.41,9.0,-0.0503568366109044
13.0,3.41,10.0,-0.029839354209653862
13.0,3.41,11.0,6.8085836968379e-10
13.0,3.41,12.0,-0.04606330775967765
13.0,3.41,13.0,0.06520049013723223
13.0,3.41,14.0,0.11402626520196879
13.0,3.41,15.0,0.00010337586487907391
13.0,3.41,16.0,0.08588461803627467
13.0,3.41,17.0,-0.11193694339588953
13.0,3.41,18.0,0.04521160468178967
13.0,3.41,19.0,-0.05700197286545927
13.0,3.41,20.0,0.0632355034952014
13.0,3.41,21.0,9.512466925265528e-10
13.0,3.61,0.0,0.4462694929069778
13.0,3.61,1.0,0.006207324262594405
13.0,3.61,2.0,0.0011635819481522758
13.0,3.61,3.0,6.8085836968379e-10
13.0,3.61,4.0,-0.10532468524415461
13.0,3.61,5.0,-0.11338136133915232
13.0,3.61,6.0,-0.025447318105079053
13.0,3.61,7.0,-0.06035550967666525
13.0,3.61,8.0,6.8085836968379e-10
13.0,3.61,9.0,-0.050356842815544894
13.0,3.61,10.0,-0.029837786418084405
13.0,3.61,11.0,6.8085836968379e-10
13.0,3.61,12.0,-0.04596826358590375
13.0,3.61,13.0,0.06520049603408984
13.0,3.61,14.0,0.11387929900695082
13.0,3.61,15.0,0.00010337592094891712
13.0,3.61,16.0,0.08694360565889059
13.0,3.61,17.0,-0.11193413516764679
13.0,3.61,18.0,0.04496493210115121
13.0,3.61,19.0,-0.0570521213350364
13.0,3.61,20.0,0.06375196876321088
13.0,3.61,21.0,9.512466925265528e-10
13.0,3.81,0.0,0.44626949323742726
13.0,3.81,1.0,0.006207324275838283
13.0,3.81,2.0,0.0011635819762275124
13.0,3.81,3.0,6.8085836968379e-10
13.0,3.81,4.0,-0.10531047990898484
13.0,3.81,5.0,-0.11338491853680015
13.0,3.81,6.0,-0.025448807905686488
13.0,3.81,7.0,-0.060357930850377606
13.0,3.81,8.0,6.8085836968379e-10
13.0,3.81,9.0,-0.050356843011004404
13.0,3.81,10.0,-0.029839207438744964
13.0,3.81,11.0,6.8085836968379e-10
13.0,3.81,12.0,-0.04597072200242944
13.0,3.81,13.0,0.06520049618309065
13.0,3.81,14.0,0.11388284427708689
13.0,3.81,15.0,0.00010337592472989265
13.0,3.81,16.0,0.08691238526395939
13.0,3.81,17.0,-0.11193710863911296
13.0,3.81,18.0,0.04497394534378896
13.0,3.81,19.0,-0.05705046909729339
13.0,3.81,20.0,0.06374228857101616
13.0,3.81,21.0,9.512466925265528e-10
13.0,4.01,0.0,0.4462694932429897
13.0,4.01,1.0,0.006207324266348596
13.0,4.01,2.0,0.0011635819817374382
13.0,4.01,3.0,6.8085836968379e-10
13.0,4.01,4.0,-0.10549161219586972
13.0,4.01,5.0,-0.113387306741081
13.0,4.01,6.0,-0.025421347585761978
13.0,4.01,7.0,-0.06035629106938055
13.0,4.01,8.0,6.8085836968379e-10
13.0,4.01,9.0,-0.05035684302952875
13.0,4.01,10.0,-0.029838685424791955
13.0,4.01,11.0,6.8085836968379e-10
13.0,4.01,12.0,-0.045933993121097694
13.0,4.01,13.0,0.06520049620666946
13.0,4.01,14.0,0.11383061067202438
13.0,4.01,15.0,0.00010337592540046736
13.0,4.01,16.0,0.08732236151252193
13.0,4.01,17.0,-0.11193568861505557
13.0,4.01,18.0,0.044881159834922885
13.0,4.01,19.0,-0.057069594162795056
13.0,4.01,20.0,0.06391384652585869
13.0,4.01,21.0,9.512466925265528e-10
14.0,0.01,0.0,0.0022213193122710972
14.0,0.01,1.0,6.126554772251103e-06
14.0,0.01,2.0,0.00015791636325213076
14.0,0.01,3.0,8.006729723675221e-10
14.0,0.01,4.0,0.0010012469872323626
14.0,0.01,5.0,-0.0008114651502684755
14.0,0.01,6.0,0.0002456626756756064
14.0,0.01,7.0,-0.0013133494916438143
14.0,0.01,8.0,8.006729723675221e-10
14.0,0.01,9.0,-0.0003701089165744076
14.0,0.01,10.0,-0.00016057265610452953
14.0,0.01,11.0,8.006729723675221e-10
14.0,0.01,12.0,0.0007887119049734825
14.0,0.01,13.0,0.0008007391863646962
14.0,0.01,14.0,-0.000984344845891015
14.0,0.01,15.0,1.8129484663509388e-08
14.0,0.01,16.0,0.001425867000696246
14.0,0.01,17.0,-0.0017333776582683265
14.0,0.01,18.0,0.0004015028616622951
14.0,0.01,19.0,-0.0005506568586070015
14.0,0.01,20.0,0.0009367137247243695
14.0,0.01,21.0,1.2783066272170629e-09
14.0,0.21,0.0,0.034701928947259764
14.0,0.21,1.0,8.00557266543156e-05
14.0,0.21,2.0,0.002065019903178339
14.0,0.21,3.0,8.006729723675221e-10
14.0,0.21,4.0,0.011498663967538292
14.0,0.21,5.0,-0.002573145752712551
14.0,0.21,6.0,0.0018745467682650396
14.0,0.21,7.0,-0.008561438901761441
14.0,0.21,8.0,8.006729723675221e-10
14.0,0.21,9.0,-0.004892345048842478
14.0,0.21,10.0,-0.0007533751820383155
14.0,0.21,11.0,8.006729723675221e-10
14.0,0.21,12.0,0.0027604642891344566
14.0,0.21,13.0,0.010580246014775196
14.0,0.21,14.0,-0.002538041333515109
14.0,0.21,15.0,2.3285436034914397e-07
14.0,0.21,16.0,0.012614451988032571
14.0,0.21,17.0,-0.0062783071225758005
14.0,0.21,18.0,0.0037173393497939577
14.0,0.21,19.0,-0.008345649979575008
14.0,0.21,20.0,0.0072511302124470545
14.0,0.21,21.0,1.2783066272170629e-09
14.0,0.41,0.0,0.06697885034152795
14.0,0.41,1.0,0.0001525949652659564
14.0,0.41,2.0,0.003983958074015775
14.0,0.41,3.0,8.006729723675221e-10
14.0,0.41,4.0,0.021685324973505726
14.0,0.41,5.0,-0.004284608565247816
14.0,0.41,6.0,0.0033041933187234473
14.0,0.41,7.0,-0.015748503994441637
14.0,0.41,8.0,8.006729723675221e-10
14.0,0.41,9.0,-0.009465487260779365
14.0,0.41,10.0,-0.0013012733738644866
14.0,0.41,11.0,8.006729723675221e-10
14.0,0.41,12.0,0.005126332385669119
14.0,0.41,13.0,0.020503874395727872
14.0,0.41,14.0,-0.00408024081855194
14.0,0.41,15.0,4.494579337321891e-07
14.0,0.41,16.0,0.023734519279025368
14.0,0.41,17.0,-0.010654203794774057
14.0,0.41,18.0,0.007692147050096632
14.0,0.41,19.0,-0.0161331437983609
14.0,0.41,20.0,0.0135426710990873
14.0,0.41,21.0,1.2783066272170629e-09
14.0,0.61,0.0,0.09916023007420349
14.0,0.61,1.0,0.00022538621880421883
14.0,0.61,2.0,0.005892516940084497
14.0,0.61,3.0,8.006729723675221e-10
14.0,0.61,4.0,0.031691932598485795
14.0,0.61,5.0,-0.005920773123086788
14.0,0.61,6.0,0.004860752017798287
14.0,0.61,7.0,-0.02280597497280163
14.0,0.61,8.0,8.006729723675221e-10
14.0,0.61,9.0,-0.014003768422624852
14.0,0.61,10.0,-0.001846179071600007
14.0,0.61,11.0,8.006729723675221e-10
14.0,0.61,12.0,0.007466745831628818
14.0,0.61,13.0,0.030342631200244385
14.0,0.61,14.0,-0.005602455093185219
14.0,0.61,15.0,6.640792378775906e-07
14.0,0.61,16.0,0.0349351960915848
14.0,0.61,17.0,-0.014782805997418536
14.0,0.61,18.0,0.011565559139015247
14.0,0.61,19.0,-0.02389807897626469
14.0,0.61,20.0,0.019796760115253498
14.0,0.61,21.0,1.2783066272170629e-09
14.0,0.81,0.0,0.1312263808798344
14.0,0.81,1.0,0.00029927468287760384
14.0,0.81,2.0,0.007780614623804999
14.0,0.81,3.0,8.006729723675221e-10
14.0,0.81,4.0,0.04174410681255514
14.0,0.81,5.0,-0.007470006777090726
14.0,0.81,6.0,0.0069956531833428315
14.0,0.81,7.0,-0.029663601462740136
14.0,0.81,8.0,8.006729723675221e-10
14.0,0.81,9.0,-0.018472559064108163
14.0,0.81,10.0,-0.0024420024548139074
14.0,0.81,11.0,8.006729723675221e-10
14.0,0.81,12.0,0.009257178887727424
14.0,0.81,13.0,0.03997640321573914
14.0,0.81,14.0,-0.007091019784285838
14.0,0.81,15.0,8.74110632931302e-07
14.0,0.81,16.0,0.0466001877297173
14.0,0.81,17.0,-0.018554879762785387
14.0,0.81,18.0,0.014141044262985847
14.0,0.81,19.0,-0.031625597108710844
14.0,0.81,20.0,0.026197555188380794
14.0,0.81,21.0,1.2783066272170629e-09
14.0,1.01,0.0,0.16304444551687292
14.0,1.01,1.0,0.0003696981454737458
14.0,1.01,2.0,0.009673910507310007
14.0,1.01,3.0,8.006729723675221e-10
14.0,1.01,4.0,0.05162166218186259
14.0,1.01,5.0,-0.008878202842919014
14.0,1.01,6.0,0.007931288957390203
14.0,1.01,7.0,-0.036230669305016
14.0,1.01,8.0,8.006729723675221e-10
14.0,1.01,9.0,-0.022995087162292357
14.0,1.01,10.0,-0.0029172947122078213
14.0,1.01,11.0,8.006729723675221e-10
14.0,1.01,12.0,0.011858719152258335
14.0,1.01,13.0,0.049835895179300815
14.0,1.01,14.0,-0.008551378140949872
14.0,1.01,15.0,1.0901030163545933e-06
14.0,1.01,16.0,0.05695949331886163
14.0,1.01,17.0,-0.021822362731715703
14.0,1.01,18.0,0.019204615717746176
14.0,1.01,19.0,-0.039178015619080395
14.0,1.01,20.0,0.03205901005163453
14.0,1.01,21.0,1.2783066272170629e-09
14.0,1.21,0.0,0.19455828016030585
14.0,1.21,1.0,0.00044085078933206456
14.0,1.21,2.0,0.011538505936021154
14.0,1.21,3.0,8.006729723675221e-10
14.0,1.21,4.0,0.061551836573677465
14.0,1.21,5.0,-0.01014720264534228
14.0,1.21,6.0,0.009378930920963147
14.0,1.21,7.0,-0.04230600653272227
14.0,1.21,8.0,8.006729723675221e-10
14.0,1.21,9.0,-0.02742745526779855
14.0,1.21,10.0,-0.003430163697633326
14.0,1.21,11.0,8.006729723675221e-10
14.0,1.21,12.0,0.01398683402476214
14.0,1.21,13.0,0.05944786774342742
14.0,1.21,14.0,-0.009957440558056887
14.0,1.21,15.0,1.3000731206580518e-06
14.0,1.21,16.0,0.0676415602557624
14.0,1.21,17.0,-0.024502079052293096
14.0,1.21,18.0,0.022822831266517074
14.0,1.21,19.0,-0.04647075241864868
14.0,1.21,20.0,0.03817230611367867
14.0,1.21,21.0,1.2783066272170629e-09
14.0,1.41,0.0,0.22516397638712082
14.0,1.41,1.0,0.0005097618377029878
14.0,1.41,2.0,0.013346558472967257
14.0,1.41,3.0,8.006729723675221e-10
14.0,1.41,4.0,0.07118097175989213
14.0,1.41,5.0,-0.0112370022907076
14.0,1.41,6.0,0.010777232578609908
14.0,1.41,7.0,-0.04752388930169758
14.0,1.41,8.0,8.006729723675221e-10
14.0,1.41,9.0,-0.031721933845289374
14.0,1.41,10.0,-0.003915113504366241
14.0,1.41,11.0,8.006729723675221e-10
14.0,1.41,12.0,0.016044525672401166
14.0,1.41,13.0,0.06877047690760851
14.0,1.41,14.0,-0.011265142107241301
14.0,1.41,15.0,1.5028353193557997e-06
14.0,1.41,16.0,0.07794013321931814
14.0,1.41,17.0,-0.0265062870699912
14.0,1.41,18.0,0.02633196387281045
14.0,1.41,19.0,-0.05301662186716972
14.0,1.41,20.0,0.04409395230951635
14.0,1.41,21.0,1.2783066272170629e-09
14.0,1.61,0.0,0.2481788866779161
14.0,1.61,1.0,0.0005614611955752635
14.0,1.61,2.0,0.014703993289379852
14.0,1.61,3.0,8.006729723675221e-10
14.0,1.61,4.0,0.0783665222813309
14.0,1.61,5.0,-0.011989758040019456
14.0,1.61,6.0,0.011906936043180993
14.0,1.61,7.0,-0.05094958881828578
14.0,1.61,8.0,8.006729723675221e-10
14.0,1.61,9.0,-0.034943086978119514
14.0,1.61,10.0,-0.004279518349787029
14.0,1.61,11.0,8.006729723675221e-10
14.0,1.61,12.0,0.017557452593214895
14.0,1.61,13.0,0.0757700113989796
14.0,1.61,14.0,-0.012230375525315716
14.0,1.61,15.0,1.6545563557290865e-06
14.0,1.61,16.0,0.08576313881196407
14.0,1.61,17.0,-0.027702503771232703
14.0,1.61,18.0,0.029048811527566942
14.0,1.61,19.0,-0.057432998548494735
14.0,1.61,20.0,0.048466185421782215
14.0,1.61,21.0,1.2783066272170629e-09
14.0,1.81,0.0,0.25308141256942207
14.0,1.81,1.0,0.000573510038962971
14.0,1.81,2.0,0.015006355881365147
14.0,1.81,3.0,8.006729723675221e-10
14.0,1.81,4.0,0.07996626864215406
14.0,1.81,5.0,-0.012216274336067992
14.0,1.81,6.0,0.012126329356413279
14.0,1.81,7.0,-0.05204844206387635
14.0,1.81,8.0,8.006729723675221e-10
14.0,1.81,9.0,-0.035675500564733426
14.0,1.81,10.0,-0.004374123399194657
14.0,1.81,11.0,8.006729723675221e-10
14.0,1.81,12.0,0.018026677809480307
14.0,1.81,13.0,0.07731296767878326
14.0,1.81,14.0,-0.012571941989439193
14.0,1.81,15.0,1.6923434794369197e-06
14.0,1.81,16.0,0.08747913507505467
14.0,1.81,17.0,-0.028120606181896542
14.0,1.81,18.0,0.02971132108061042
14.0,1.81,19.0,-0.058794998908122224
14.0,1.81,20.0,0.049501692727375646
14.0,1.81,21.0,1.2783065994614873e-09
14.0,2.01,0.0,0.2532406703984994
14.0,2.01,1.0,0.0005740349012146595
14.0,2.01,2.0,0.015017682733827836
14.0,2.01,3.0,8.006729723675221e-10
14.0,2.01,4.0,0.0799561294749982
14.0,2.01,5.0,-0.01226276488102631
14.0,2.01,6.0,0.012138100062779267
14.0,2.01,7.0,-0.052300531926886384
14.0,2.01,8.0,8.006729723675221e-10
14.0,2.01,9.0,-0.03570543773131425
14.0,2.01,10.0,-0.00437741719082145
14.0,2.01,11.0,8.006729723675221e-10
14.0,2.01,12.0,0.018149976752839636
14.0,2.01,13.0,0.07736848308943312
14.0,2.01,14.0,-0.012649457734950017
14.0,2.01,15.0,1.694356298737043e-06
14.0,2.01,16.0,0.0875543779939798
14.0,2.01,17.0,-0.02824647680361722
14.0,2.01,18.0,0.029811497704087697
14.0,2.01,19.0,-0.059069610176735954
14.0,2.01,20.0,0.04955476032222067
14.0,2.01,21.0,1.2783066272170629e-09
14.0,2.21,0.0,0.2532427507489412
14.0,2.21,1.0,0.0005740480655109792
14.0,2.21,2.0,0.015017861707900787
14.0,2.21,3.0,8.006729723675221e-10
14.0,2.21,4.0,0.0799056868265482
14.0,2.21,5.0,-0.012281459670747147
14.0,2.21,6.0,0.012151901766110973
14.0,2.21,7.0,-0.05239609726792412
14.0,2.21,8.0,8.006729723675221e-10
14.0,2.21,9.0,-0.035705987340265116
14.0,2.21,10.0,-0.004374780875505038
14.0,2.21,11.0,8.006729723675221e-10
14.0,2.21,12.0,0.0182267703206907
14.0,2.21,13.0,0.07736908893790562
14.0,2.21,14.0,-0.012678042774994982
14.0,2.21,15.0,1.6944012053432544e-06
14.0,2.21,16.0,0.08756745270733057
14.0,2.21,17.0,-0.028303394899389527
14.0,2.21,18.0,0.029826850407491667
14.0,2.21,19.0,-0.05916284207636345
14.0,2.21,20.0,0.04958285566720261
14.0,2.21,21.0,1.2783066272170629e-09
14.0,2.41,0.0,0.25324277233843673
14.0,2.41,1.0,0.0005740455382866605
14.0,2.41,2.0,0.015017865292130589
14.0,2.41,3.0,8.006729723675221e-10
14.0,2.41,4.0,0.07987989708863574
14.0,2.41,5.0,-0.012289719905153151
14.0,2.41,6.0,0.012157449907178486
14.0,2.41,7.0,-0.05244812973153422
14.0,2.41,8.0,8.006729723675221e-10
14.0,2.41,9.0,-0.03570604873941556
14.0,2.41,10.0,-0.004366527398238618
14.0,2.41,11.0,8.006729723675221e-10
14.0,2.41,12.0,0.018371702719598648
14.0,2.41,13.0,0.07736931055914825
14.0,2.41,14.0,-0.012694466811026185
14.0,2.41,15.0,1.694411852354305e-06
14.0,2.41,16.0,0.08754614045614006
14.0,2.41,17.0,-0.0283368717259705
14.0,2.41,18.0,0.029694155810887413
14.0,2.41,19.0,-0.05920976172507584
14.0,2.41,20.0,0.04972059685369584
14.0,2.41,21.0,1.2783066272170629e-09
14.0,2.61,0.0,0.2532427725883919
14.0,2.61,1.0,0.0005740236476439731
14.0,2.61,2.0,0.015017874973341089
14.0,2.61,3.0,8.006729723675221e-10
14.0,2.61,4.0,0.08017890810193495
14.0,2.61,5.0,-0.012305615335889086
14.0,2.61,6.0,0.012138299070290348
14.0,2.61,7.0,-0.05248268813318631
14.0,2.61,8.0,8.006729723675221e-10
14.0,2.61,9.0,-0.03570641784154338
14.0,2.61,10.0,-0.004385112804729183
14.0,2.61,11.0,8.006729723675221e-10
14.0,2.61,12.0,0.01817435721721561
14.0,2.61,13.0,0.07737102235916071
14.0,2.61,14.0,-0.012700937621759667
14.0,2.61,15.0,1.6944857140210878e-06
14.0,2.61,16.0,0.08751289733503564
14.0,2.61,17.0,-0.028360824333606156
14.0,2.61,18.0,0.029138568970900725
14.0,2.61,19.0,-0.059238265511488905
14.0,2.61,20.0,0.049921680381183775
14.0,2.61,21.0,1.2783066272170629e-09
14.0,2.81,0.0,0.25324277260787764
14.0,2.81,1.0,0.0005740026469985282
14.0,2.81,2.0,0.01501788420878955
14.0,2.81,3.0,8.006729723675221e-10
14.0,2.81,4.0,0.08054678521394898
14.0,2.81,5.0,-0.012303272068253213
14.0,2.81,6.0,0.011825232147176734
14.0,2.81,7.0,-0.052506166380181005
14.0,2.81,8.0,8.006729723675221e-10
14.0,2.81,9.0,-0.035706770812159935
14.0,2.81,10.0,-0.004365329278770966
14.0,2.81,11.0,8.006729723675221e-10
14.0,2.81,12.0,0.01835083282423189
14.0,2.81,13.0,0.07737266410736654
14.0,2.81,14.0,-0.012703889776532081
14.0,2.81,15.0,1.6945565377568528e-06
14.0,2.81,16.0,0.08714020343491335
14.0,2.81,17.0,-0.02837713716801923
14.0,2.81,18.0,0.028643522341627425
14.0,2.81,19.0,-0.05925459508711883
14.0,2.81,20.0,0.05034163697633004
14.0,2.81,21.0,1.2783066272170629e-09
14.0,3.01,0.0,0.2532427724697762
14.0,3.01,1.0,0.0005740124118328582
14.0,3.01,2.0,0.015017880015241153
14.0,3.01,3.0,8.006729723675221e-10
14.0,3.01,4.0,0.08035646909998506
14.0,3.01,5.0,-0.01232239369645445
14.0,3.01,6.0,0.012064940534169843
14.0,3.01,7.0,-0.05252503329024269
14.0,3.01,8.0,8.006729723675221e-10
14.0,3.01,9.0,-0.03570660693325166
14.0,3.01,10.0,-0.004400514885738838
14.0,3.01,11.0,8.006729723675221e-10
14.0,3.01,12.0,0.017947892349166883
14.0,3.01,13.0,0.07737190092550211
14.0,3.01,14.0,-0.01271070062303695
14.0,3.01,15.0,1.6945236189780388e-06
14.0,3.01,16.0,0.08746714842705572
14.0,3.01,17.0,-0.028390903208488524
14.0,3.01,18.0,0.029205772888974524
14.0,3.01,19.0,-0.05927209868427159
14.0,3.01,20.0,0.04979614089278811
14.0,3.01,21.0,1.2783065994614873e-09
14.0,3.21,0.0,0.2532427591750094
14.0,3.21,1.0,0.0005740060410501235
14.0,3.21,2.0,0.01501788647109889
14.0,3.21,3.0,8.006729723675221e-10
14.0,3.21,4.0,0.08035702046284632
14.0,3.21,5.0,-0.012326565973715314
14.0,3.21,6.0,0.012063660737267334
14.0,3.21,7.0,-0.05253879263350741
14.0,3.21,8.0,8.006729723675221e-10
14.0,3.21,9.0,-0.03570671666527117
14.0,3.21,10.0,-0.004402401575623702
14.0,3.21,11.0,8.006729723675221e-10
14.0,3.21,12.0,0.01792494203893552
14.0,3.21,13.0,0.07737241184294108
14.0,3.21,14.0,-0.012714336203457847
14.0,3.21,15.0,1.6945446055793845e-06
14.0,3.21,16.0,0.08747427963312715
14.0,3.21,17.0,-0.028400919320833194
14.0,3.21,18.0,0.02925242040677256
14.0,3.21,19.0,-0.0592835974642706
14.0,3.21,20.0,0.04976046274070928
14.0,3.21,21.0,1.2783066272170629e-09
14.0,3.41,0.0,0.25323550385355253
14.0,3.41,1.0,0.0005736084411256115
14.0,3.41,2.0,0.015019237634202626
14.0,3.41,3.0,8.006729723675221e-10
14.0,3.41,4.0,0.0805866711574924
14.0,3.41,5.0,-0.012334254851972856
14.0,3.41,6.0,0.011993889165931193
14.0,3.41,7.0,-0.05255057209899169
14.0,3.41,8.0,8.006729723675221e-10
14.0,3.41,9.0,-0.03571480824369083
14.0,3.41,10.0,-0.0044063795113157
14.0,3.41,11.0,8.006729723675221e-10
14.0,3.41,12.0,0.017870185612566647
14.0,3.41,13.0,0.07740869942058409
14.0,3.41,14.0,-0.01271514517947456
14.0,3.41,15.0,1.6957288624941391e-06
14.0,3.41,16.0,0.08737478140661048
14.0,3.41,17.0,-0.028409452159431563
14.0,3.41,18.0,0.028856848818905656
14.0,3.41,19.0,-0.05929145524992013
14.0,3.41,20.0,0.049903441148009986
14.0,3.41,21.0,1.2783066272170629e-09
14.0,3.61,0.0,0.2531972879563543
14.0,3.61,1.0,0.0005733146398468891
14.0,3.61,2.0,0.015023457859672712
14.0,3.61,3.0,8.006729723675221e-10
14.0,3.61,4.0,0.08035401467481318
14.0,3.61,5.0,-0.012338841188297645
14.0,3.61,6.0,0.012054041205060484
14.0,3.61,7.0,-0.0525597711818893
14.0,3.61,8.0,8.006729723675221e-10
14.0,3.61,9.0,-0.035725308179131665
14.0,3.61,10.0,-0.004404618636435875
14.0,3.61,11.0,8.006729723675221e-10
14.0,3.61,12.0,0.017896123514144435
14.0,3.61,13.0,0.0774521237691525
14.0,3.61,14.0,-0.012720797337943478
14.0,3.61,15.0,1.6962371653939101e-06
14.0,3.61,16.0,0.08750358629464428
14.0,3.61,17.0,-0.028415846689124488
14.0,3.61,18.0,0.02940619518161519
14.0,3.61,19.0,-0.059300125222615185
14.0,3.61,20.0,0.049648350156725585
14.0,3.61,21.0,1.2783066272170629e-09
14.0,3.81,0.0,0.25296575289205747
14.0,3.81,1.0,0.00057181301399295
14.0,3.81,2.0,0.01504391444961814
14.0,3.81,3.0,8.006729723675221e-10
14.0,3.81,4.0,0.08049253316648286
14.0,3.81,5.0,-0.012357795845156568
14.0,3.81,6.0,0.012015019669429361
14.0,3.81,7.0,-0.05257059752798976
14.0,3.81,8.0,8.006729723675221e-10
14.0,3.81,9.0,-0.03578010799516626
14.0,3.81,10.0,-0.004403617205708574
14.0,3.81,11.0,8.006729723675221e-10
14.0,3.81,12.0,0.01790849399046257
14.0,3.81,13.0,0.0776723304237697
14.0,3.81,14.0,-0.012721690901647476
14.0,3.81,15.0,1.6991303119218149e-06
14.0,3.81,16.0,0.08753509676427884
14.0,3.81,17.0,-0.02842177942643232
14.0,3.81,18.0,0.0293349314860884
14.0,3.81,19.0,-0.059307768506288126
14.0,3.81,20.0,0.04970722774693365
14.0,3.81,21.0,1.2783066272170629e-09
14.0,4.01,0.0,0.2530224022238676
14.0,4.01,1.0,0.0005729267891074474
14.0,4.01,2.0,0.015034580735840714
14.0,4.01,3.0,8.006729723675221e-10
14.0,4.01,4.0,0.08037718872844857
14.0,4.01,5.0,-0.012347782380199339
14.0,4.01,6.0,0.012055916255940491
14.0,4.01,7.0,-0.05257368893024439
14.0,4.01,8.0,8.006729723675221e-10
14.0,4.01,9.0,-0.035747181354302465
14.0,4.01,10.0,-0.0044036317830844635
14.0,4.01,11.0,8.006729723675221e-10
14.0,4.01,12.0,0.017909315060592068
14.0,4.01,13.0,0.07754270281884801
14.0,4.01,14.0,-0.012724891965534443
14.0,4.01,15.0,1.696414376695099e-06
14.0,4.01,16.0,0.08755384400374633
14.0,4.01,17.0,-0.02842632302626192
14.0,4.01,18.0,0.02943862882085424
14.0,4.01,19.0,-0.05931108706195898
14.0,4.01,20.0,0.04967479491083987
14.0,4.01,21.0,1.2783066272170629e-09
15.0,0.01,0.0,0.001892424511967139
15.0,0.01,1.0,0.0001269609503909419
15.0,0.01,2.0,0.000136773105469834
15.0,0.01,3.0,7.084499653586818e-10
15.0,0.01,4.0,0.0002859697471451206
15.0,0.01,5.0,-0.0015696469635722438
15.0,0.01,6.0,0.00028629406352553843
15.0,0.01,7.0,-3.5444167103896327e-08
15.0,0.01,8.0,7.084499653586818e-10
15.0,0.01,9.0,-0.00021366785865167826
15.0,0.01,10.0,-0.003629474117756855
15.0,0.01,11.0,7.084499653586818e-10
15.0,0.01,12.0,0.0012015199319181935
15.0,0.01,13.0,0.0005172620467434608
15.0,0.01,14.0,-0.00045332584378436624
15.0,0.01,15.0,4.657608987448936e-05
15.0,0.01,16.0,0.0006331850380353332
15.0,0.01,17.0,-0.0004650432839993224
15.0,0.01,18.0,0.001153408388966104
15.0,0.01,19.0,-5.188828906765863e-06
15.0,0.01,20.0,0.0008056855176561406
15.0,0.01,21.0,1.0224952551318722e-09
15.0,0.21,0.0,0.0321783230913375
15.0,0.21,1.0,0.002055133279735999
15.0,0.21,2.0,0.002241745415920593
15.0,0.21,3.0,7.084499653586818e-10
15.0,0.21,4.0,-0.0055170521385720095
15.0,0.21,5.0,-0.012560008652705526
15.0,0.21,6.0,-0.0007336523651778615
15.0,0.21,7.0,-3.544416725088096e-08
15.0,0.21,8.0,7.084499653586818e-10
15.0,0.21,9.0,-0.003532689462506705
15.0,0.21,10.0,-0.0056676074023120655
15.0,0.21,11.0,7.084499653586818e-10
15.0,0.21,12.0,0.004269199477552443
15.0,0.21,13.0,0.008510914830482275
15.0,0.21,14.0,0.0021613147907376187
15.0,0.21,15.0,0.0007178692158817945
15.0,0.21,16.0,-0.002346793393552926
15.0,0.21,17.0,-0.005428727620650831
15.0,0.21,18.0,0.004032554095378504
15.0,0.21,19.0,-0.01016769908639048
15.0,0.21,20.0,0.00509709073332365
15.0,0.21,21.0,1.0224952551318722e-09
15.0,0.41,0.0,0.062362467805471944
15.0,0.41,1.0,0.003959087245969772
15.0,0.41,2.0,0.004357245097567908
15.0,0.41,3.0,7.084499653586818e-10
15.0,0.41,4.0,-0.011366785384974598
15.0,0.41,5.0,-0.02352170695555729
15.0,0.41,6.0,-0.0017105755072998052
15.0,0.41,7.0,-3.544416727204004e-08
15.0,0.41,8.0,7.084499653586818e-10
15.0,0.41,9.0,-0.00687713217447386
15.0,0.41,10.0,-0.0075467095138513265
15.0,0.41,11.0,7.084499653586818e-10
15.0,0.41,12.0,0.007439877367969028
15.0,0.41,13.0,0.0165620323546673
15.0,0.41,14.0,0.004780417712037584
15.0,0.41,15.0,0.0014004232321368493
15.0,0.41,16.0,-0.005593797109112786
15.0,0.41,17.0,-0.010313558328031935
15.0,0.41,18.0,0.006698458882654745
15.0,0.41,19.0,-0.020006664217543935
15.0,0.41,20.0,0.009616729730614226
15.0,0.41,21.0,1.0224952551318722e-09
15.0,0.61,0.0,0.09268354285785774
15.0,0.61,1.0,0.0059047031117036575
15.0,0.61,2.0,0.006450666433609198
15.0,0.61,3.0,7.084499653586818e-10
15.0,0.61,4.0,-0.017126285468190172
15.0,0.61,5.0,-0.03439660090020211
15.0,0.61,6.0,-0.0028309876290772973
15.0,0.61,7.0,-3.544416727541245e-08
15.0,0.61,8.0,7.084499653586818e-10
15.0,0.61,9.0,-0.010172125276384919
15.0,0.61,10.0,-0.009246313288583094
15.0,0.61,11.0,7.084499653586818e-10
15.0,0.61,12.0,0.010232256709923782
15.0,0.61,13.0,0.024495825885980094
15.0,0.61,14.0,0.007406263760474804
15.0,0.61,15.0,0.0020609876342248257
15.0,0.61,16.0,-0.008326854686578566
15.0,0.61,17.0,-0.01534541389295585
15.0,0.61,18.0,0.00972857736465027
15.0,0.61,19.0,-0.03060271084614974
15.0,0.61,20.0,0.013609659980844069
15.0,0.61,21.0,1.0224952551318722e-09
15.0,0.81,0.0,0.12277642329052452
15.0,0.81,1.0,0.00779865877177538
15.0,0.81,2.0,0.008563835955780419
15.0,0.81,3.0,7.084499653586818e-10
15.0,0.81,4.0,-0.023069991804544276
15.0,0.81,5.0,-0.04520437812710435
15.0,0.81,6.0,-0.0038085022211555852
15.0,0.81,7.0,-3.5444167276036596e-08
15.0,0.81,8.0,7.084499653586818e-10
15.0,0.81,9.0,-0.01351325425399294
15.0,0.81,10.0,-0.01073361257100972
15.0,0.81,11.0,7.084499653586818e-10
15.0,0.81,12.0,0.013368784457663208
15.0,0.81,13.0,0.032543541461138026
15.0,0.81,14.0,0.010036996875008738
15.0,0.81,15.0,0.00274367605373535
15.0,0.81,16.0,-0.011808189491795296
15.0,0.81,17.0,-0.020143614313210323
15.0,0.81,18.0,0.012171624619850219
15.0,0.81,19.0,-0.04030663677435631
15.0,0.81,20.0,0.018175267112119697
15.0,0.81,21.0,1.0224952551318722e-09
15.0,1.01,0.0,0.15288792438679877
15.0,1.01,1.0,0.009712251257779358
15.0,1.01,2.0,0.010659310694164537
15.0,1.01,3.0,7.084499653586818e-10
15.0,1.01,4.0,-0.028984170083477978
15.0,1.01,5.0,-0.05582401618775436
15.0,1.01,6.0,-0.004932344220944351
15.0,1.01,7.0,-3.5444167276135196e-08
15.0,1.01,8.0,7.084499653586818e-10
15.0,1.01,9.0,-0.016819135714812944
15.0,1.01,10.0,-0.011997363962768645
15.0,1.01,11.0,7.084499653586818e-10
15.0,1.01,12.0,0.016101235732631447
15.0,1.01,13.0,0.04050375701929598
15.0,1.01,14.0,0.012680367580697391
15.0,1.01,15.0,0.003412083165840879
15.0,1.01,16.0,-0.014987139919520054
15.0,1.01,17.0,-0.02506194337997175
15.0,1.01,18.0,0.014786745523784783
15.0,1.01,19.0,-0.05061099097189481
15.0,1.01,20.0,0.022326381238516935
15.0,1.01,21.0,1.0224952551318722e-09
15.0,1.21,0.0,0.1827596745865847
15.0,1.21,1.0,0.011598352425750302
15.0,1.21,2.0,0.012748189879236538
15.0,1.21,3.0,7.084499653586818e-10
15.0,1.21,4.0,-0.03515807757949052
15.0,1.21,5.0,-0.06606228489695573
15.0,1.21,6.0,-0.006055808053177403
15.0,1.21,7.0,-3.544416727617731e-08
15.0,1.21,8.0,7.084499653586818e-10
15.0,1.21,9.0,-0.020117709144369583
15.0,1.21,10.0,-0.013011981856416232
15.0,1.21,11.0,7.084499653586818e-10
15.0,1.21,12.0,0.01874290662458311
15.0,1.21,13.0,0.04845321234841027
15.0,1.21,14.0,0.015342789047644231
15.0,1.21,15.0,0.004082757208621779
15.0,1.21,16.0,-0.01880324607298789
15.0,1.21,17.0,-0.029834770127512178
15.0,1.21,18.0,0.01685400772717638
15.0,1.21,19.0,-0.0605642311976633
15.0,1.21,20.0,0.02657466863210134
15.0,1.21,21.0,1.0224952551318722e-09
15.0,1.41,0.0,0.21227856457194805
15.0,1.41,1.0,0.013466491617092013
15.0,1.41,2.0,0.01480696528331199
15.0,1.41,3.0,7.084499653586818e-10
15.0,1.41,4.0,-0.0416251441549752
15.0,1.41,5.0,-0.07543257463933678
15.0,1.41,6.0,-0.007407353903511271
15.0,1.41,7.0,-3.544416727612292e-08
15.0,1.41,8.0,7.084499653586818e-10
15.0,1.41,9.0,-0.023366812281144955
15.0,1.41,10.0,-0.013761792922841323
15.0,1.41,11.0,7.084499653586818e-10
15.0,1.41,12.0,0.02062547673647097
15.0,1.41,13.0,0.05628282253124345
15.0,1.41,14.0,0.01804325898522826
15.0,1.41,15.0,0.004741289962489292
15.0,1.41,16.0,-0.02306340993833622
15.0,1.41,17.0,-0.034631706741423685
15.0,1.41,18.0,0.018397177776064755
15.0,1.41,19.0,-0.07091611212804133
15.0,1.41,20.0,0.030404651215167555
15.0,1.41,21.0,1.0224952551318722e-09
15.0,1.61,0.0,0.24111686558481493
15.0,1.61,1.0,0.015296223060004444
15.0,1.61,2.0,0.01681499550506116
15.0,1.61,3.0,7.084499653586818e-10
15.0,1.61,4.0,-0.048608432334412255
15.0,1.61,5.0,-0.0831183340701983
15.0,1.61,6.0,-0.009190362060242763
15.0,1.61,7.0,-3.544416727614266e-08
15.0,1.61,8.0,7.084499653586818e-10
15.0,1.61,9.0,-0.026534535277928456
15.0,1.61,10.0,-0.014228471644500978
15.0,1.61,11.0,7.084499653586818e-10
15.0,1.61,12.0,0.021089148100453925
15.0,1.61,13.0,0.0639142143269873
15.0,1.61,14.0,0.020809296052743752
15.0,1.61,15.0,0.005382302266761618
15.0,1.61,16.0,-0.028184414388333967
15.0,1.61,17.0,-0.03949148229904642
15.0,1.61,18.0,0.01893199720749883
15.0,1.61,19.0,-0.08197320835439709
15.0,1.61,20.0,0.03351760078911348
15.0,1.61,21.0,1.0224952551318722e-09
15.0,1.81,0.0,0.26896475400050057
15.0,1.81,1.0,0.0170602388365651
15.0,1.81,2.0,0.018760969726696053
15.0,1.81,3.0,7.084499653586818e-10
15.0,1.81,4.0,-0.056535499793831434
15.0,1.81,5.0,-0.08835694159256327
15.0,1.81,6.0,-0.011371876110080725
15.0,1.81,7.0,-3.5444167274527143e-08
15.0,1.81,8.0,7.084499653586818e-10
15.0,1.81,9.0,-0.029605280086364566
15.0,1.81,10.0,-0.014408317129903273
15.0,1.81,11.0,7.084499653586818e-10
15.0,1.81,12.0,0.02004166722657741
15.0,1.81,13.0,0.07131594557565774
15.0,1.81,14.0,0.02365433639378916
15.0,1.81,15.0,0.006006924121597312
15.0,1.81,16.0,-0.03519736025771181
15.0,1.81,17.0,-0.044165058095746945
15.0,1.81,18.0,0.017583662792806987
15.0,1.81,19.0,-0.09308151594245512
15.0,1.81,20.0,0.03610944373700198
15.0,1.81,21.0,1.0224952551318722e-09
15.0,2.01,0.0,0.2958941222042111
15.0,2.01,1.0,0.018774824525501832
15.0,2.01,2.0,0.020638973470156696
15.0,2.01,3.0,7.084499653586818e-10
15.0,2.01,4.0,-0.06512665828962572
15.0,2.01,5.0,-0.09116553333740386
15.0,2.01,6.0,-0.014205807034836648
15.0,2.01,7.0,-3.5444167276066374e-08
15.0,2.01,8.0,7.084499653586818e-10
15.0,2.01,9.0,-0.03256763941172691
15.0,2.01,10.0,-0.014328222341654148
15.0,2.01,11.0,7.084499653586818e-10
15.0,2.01,12.0,0.016867534825349195
15.0,2.01,13.0,0.07844996536933041
15.0,2.01,14.0,0.026591219482250766
15.0,2.01,15.0,0.006608085658463908
15.0,2.01,16.0,-0.04325094005162644
15.0,2.01,17.0,-0.04898911462887173
15.0,2.01,18.0,0.014941525775089781
15.0,2.01,19.0,-0.10542053598568657
15.0,2.01,20.0,0.03759942077993661
15.0,2.01,21.0,1.0224952551318722e-09
15.0,2.21,0.0,0.32214334490802987
15.0,2.21,1.0,0.020443736105553556
15.0,2.21,2.0,0.02247175399585216
15.0,2.21,3.0,7.084499653586818e-10
15.0,2.21,4.0,-0.07440292412294369
15.0,2.21,5.0,-0.09235942869228651
15.0,2.21,6.0,-0.017300399549048384
15.0,2.21,7.0,-3.544416727583785e-08
15.0,2.21,8.0,7.084499653586818e-10
15.0,2.21,9.0,-0.03545919640685927
15.0,2.21,10.0,-0.014034954506940155
15.0,2.21,11.0,7.084499653586818e-10
15.0,2.21,12.0,0.012717284773340554
15.0,2.21,13.0,0.08541535719803778
15.0,2.21,14.0,0.02958666004474232
15.0,2.21,15.0,0.00719592521355894
15.0,2.21,16.0,-0.05269386531637654
15.0,2.21,17.0,-0.053678987710601866
15.0,2.21,18.0,0.010954428068748912
15.0,2.21,19.0,-0.11771669736742796
15.0,2.21,20.0,0.03875852502881705
15.0,2.21,21.0,1.0224952551318722e-09
15.0,2.41,0.0,0.34791249543117575
15.0,2.41,1.0,0.022081313535122216
15.0,2.41,2.0,0.02426618929469282
15.0,2.41,3.0,7.084499653586818e-10
15.0,2.41,4.0,-0.0837226062287566
15.0,2.41,5.0,-0.09278420254427444
15.0,2.41,6.0,-0.020693400423845043
15.0,2.41,7.0,-3.5444167275311e-08
15.0,2.41,8.0,7.084499653586818e-10
15.0,2.41,9.0,-0.038289686699621434
15.0,2.41,10.0,-0.013596605726190997
15.0,2.41,11.0,7.084499653586818e-10
15.0,2.41,12.0,0.007621244231749924
15.0,2.41,13.0,0.09223298867792806
15.0,2.41,14.0,0.03259264831719799
15.0,2.41,15.0,0.0077687534630555
15.0,2.41,16.0,-0.06208025268922257
15.0,2.41,17.0,-0.058507518576085604
15.0,2.41,18.0,0.006785489938994971
15.0,2.41,19.0,-0.13078202436618247
15.0,2.41,20.0,0.03930976684505094
15.0,2.41,21.0,1.0224952551318722e-09
15.0,2.61,0.0,0.37081665441896494
15.0,2.61,1.0,0.02352350361784339
15.0,2.61,2.0,0.025854203575214507
15.0,2.61,3.0,7.084499653586818e-10
15.0,2.61,4.0,-0.09207594445850686
15.0,2.61,5.0,-0.09291616204292835
15.0,2.61,6.0,-0.02369357495540053
15.0,2.61,7.0,-3.5444167273369646e-08
15.0,2.61,8.0,7.084499653586818e-10
15.0,2.61,9.0,-0.04079321718303841
15.0,2.61,10.0,-0.013132994094932363
15.0,2.61,11.0,7.084499653586818e-10
15.0,2.61,12.0,0.003060428235816537
15.0,2.61,13.0,0.09827383291866543
15.0,2.61,14.0,0.035237059328509374
15.0,2.61,15.0,0.008271587230895855
15.0,2.61,16.0,-0.0706830372970888
15.0,2.61,17.0,-0.06270411144475435
15.0,2.61,18.0,0.0028479833983721115
15.0,2.61,19.0,-0.14221303370357002
15.0,2.61,20.0,0.039854246473663646
15.0,2.61,21.0,1.0224952551318722e-09
15.0,2.81,0.0,0.37963009109531687
15.0,2.81,1.0,0.024096781447416338
15.0,2.81,2.0,0.026476649161147725
15.0,2.81,3.0,7.084499653586818e-10
15.0,2.81,4.0,-0.09557075996444508
15.0,2.81,5.0,-0.09294975772361261
15.0,2.81,6.0,-0.024921065418107624
15.0,2.81,7.0,-3.544416726808948e-08
15.0,2.81,8.0,7.084499653586818e-10
15.0,2.81,9.0,-0.04177674345956209
15.0,2.81,10.0,-0.012870216467010039
15.0,2.81,11.0,7.084499653586818e-10
15.0,2.81,12.0,0.0011870320146794011
15.0,2.81,13.0,0.10063213009909483
15.0,2.81,14.0,0.036362545364350574
15.0,2.81,15.0,0.008475581258750003
15.0,2.81,16.0,-0.07432895192252409
15.0,2.81,17.0,-0.06439950014063345
15.0,2.81,18.0,0.0010959773061538503
15.0,2.81,19.0,-0.1467461689020374
15.0,2.81,20.0,0.039997611461478066
15.0,2.81,21.0,1.0224952551318722e-09
15.0,3.01,0.0,0.38017453287511305
15.0,3.01,1.0,0.02413957194746974
15.0,3.01,2.0,0.026519561170797123
15.0,3.01,3.0,7.084499653586818e-10
15.0,3.01,4.0,-0.09600147220504285
15.0,3.01,5.0,-0.09295816340819728
15.0,3.01,6.0,-0.024946835170815473
15.0,3.01,7.0,-3.5444167246516584e-08
15.0,3.01,8.0,7.084499653586818e-10
15.0,3.01,9.0,-0.041845654128501414
15.0,3.01,10.0,-0.012800307725499834
15.0,3.01,11.0,7.084499653586818e-10
15.0,3.01,12.0,0.0012544625859125524
15.0,3.01,13.0,0.10079065600225823
15.0,3.01,14.0,0.036482827798483095
15.0,3.01,15.0,0.008492616625788124
15.0,3.01,16.0,-0.0750140269361762
15.0,3.01,17.0,-0.06444467416965288
15.0,3.01,18.0,0.0006827677090378015
15.0,3.01,19.0,-0.14671948709736177
15.0,3.01,20.0,0.0401672016959006
15.0,3.01,21.0,1.0224952551318722e-09
15.0,3.21,0.0,0.3801838000729655
15.0,3.21,1.0,0.024140566294053367
15.0,3.21,2.0,0.026520442839349512
15.0,3.21,3.0,7.084499653586818e-10
15.0,3.21,4.0,-0.09586667075135091
15.0,3.21,5.0,-0.09296142399555683
15.0,3.21,6.0,-0.02508285726788395
15.0,3.21,7.0,-3.544416725671013e-08
15.0,3.21,8.0,7.084499653586818e-10
15.0,3.21,9.0,-0.04184712533163912
15.0,3.21,10.0,-0.012789191405741068
15.0,3.21,11.0,7.084499653586818e-10
15.0,3.21,12.0,0.0008818723073220625
15.0,3.21,13.0,0.10079374643543859
15.0,3.21,14.0,0.036498165654404946
15.0,3.21,15.0,0.00849309387017591
15.0,3.21,16.0,-0.07452855098320721
15.0,3.21,17.0,-0.06460692288861708
15.0,3.21,18.0,0.0009929504810578527
15.0,3.21,19.0,-0.14731446679084675
15.0,3.21,20.0,0.039857943589095335
15.0,3.21,21.0,1.0224952551318722e-09
15.0,3.41,0.0,0.38018390455790707
15.0,3.41,1.0,0.024140582644342712
15.0,3.41,2.0,0.02652045561090055
15.0,3.41,3.0,7.084499653586818e-10
15.0,3.41,4.0,-0.0959566443682015
15.0,3.41,5.0,-0.09296317964957074
15.0,3.41,6.0,-0.02500215710836351
15.0,3.41,7.0,-3.544416713093158e-08
15.0,3.41,8.0,7.084499653586818e-10
15.0,3.41,9.0,-0.04184714853722621
15.0,3.41,10.0,-0.01278699564802947
15.0,3.41,11.0,7.084499653586818e-10
15.0,3.41,12.0,0.0011159348595871643
15.0,3.41,13.0,0.10079378738554451
15.0,3.41,14.0,0.03649394270082815
15.0,3.41,15.0,0.008493103827853038
15.0,3.41,16.0,-0.07487391137631072
15.0,3.41,17.0,-0.06450742552284588
15.0,3.41,18.0,0.000779010530787716
15.0,3.41,19.0,-0.1468913949726247
15.0,3.41,20.0,0.0400568884511443
15.0,3.41,21.0,1.0224952551318722e-09
15.0,3.61,0.0,0.38018390569248994
15.0,3.61,1.0,0.024140582908702857
15.0,3.61,2.0,0.02652045580281248
15.0,3.61,3.0,7.084499653586818e-10
15.0,3.61,4.0,-0.09566820252553687
15.0,3.61,5.0,-0.09296426186714145
15.0,3.61,6.0,-0.025243940518826502
15.0,3.61,7.0,-3.5444167197234944e-08
15.0,3.61,8.0,7.084499653586818e-10
15.0,3.61,9.0,-0.04184714900468334
15.0,3.61,10.0,-0.012793369913589425
15.0,3.61,11.0,7.084499653586818e-10
15.0,3.61,12.0,0.000457348859583373
15.0,3.61,13.0,0.10079378793877397
15.0,3.61,14.0,0.03650806561100134
15.0,3.61,15.0,0.00849310408269549
15.0,3.61,16.0,-0.07391936979660718
15.0,3.61,17.0,-0.06480561356999842
15.0,3.61,18.0,0.00136516329023334
15.0,3.61,19.0,-0.14807610617437506
15.0,3.61,20.0,0.039513516144584315
15.0,3.61,21.0,1.0224952551318722e-09
15.0,3.81,0.0,0.3801839057081988
15.0,3.81,1.0,0.02414058290727411
15.0,3.81,2.0,0.026520455804968535
15.0,3.81,3.0,7.084499653586818e-10
15.0,3.81,4.0,-0.09575709680279754
15.0,3.81,5.0,-0.09296491602973367
15.0,3.81,6.0,-0.02517092506768559
15.0,3.81,7.0,-3.544416726507218e-08
15.0,3.81,8.0,7.084499653586818e-10
15.0,3.81,9.0,-0.04184714903178502
15.0,3.81,10.0,-0.012794180742921431
15.0,3.81,11.0,7.084499653586818e-10
15.0,3.81,12.0,0.0006374584610917555
15.0,3.81,13.0,0.1007937879556301
15.0,3.81,14.0,0.03650342611021917
15.0,3.81,15.0,0.008493104101217563
15.0,3.81,16.0,-0.07416521755373184
15.0,3.81,17.0,-0.06471639898276366
15.0,3.81,18.0,0.001218378715974744
15.0,3.81,19.0,-0.14775449043952332
15.0,3.81,20.0,0.03965336802031605
15.0,3.81,21.0,1.0224952551318722e-09
15.0,4.01,0.0,0.38018390570857075
15.0,4.01,1.0,0.024140582904675856
15.0,4.01,2.0,0.026520455804410148
15.0,4.01,3.0,7.084499653586818e-10
15.0,4.01,4.0,-0.09571833756687698
15.0,4.01,5.0,-0.09296553764125051
15.0,4.01,6.0,-0.025202288195120714
15.0,4.01,7.0,-3.544416726647275e-08
15.0,4.01,8.0,7.084499653586818e-10
15.0,4.01,9.0,-0.0418471490376113
15.0,4.01,10.0,-0.012797987685002404
15.0,4.01,11.0,7.084499653586818e-10
15.0,4.01,12.0,0.0005563579600791346
15.0,4.01,13.0,0.10079378795854588
15.0,4.01,14.0,0.03650509210065364
15.0,4.01,15.0,0.008493104105131516
15.0,4.01,16.0,-0.07405122414586962
15.0,4.01,17.0,-0.06475479397065159
15.0,4.01,18.0,0.00128838121386321
15.0,4.01,19.0,-0.14789558857745855
15.0,4.01,20.0,0.03958861481161835
15.0,4.01,21.0,1.0224952551318722e-09
16.0,0.01,0.0,0.0020794539911623833
16.0,0.01,1.0,4.66592028544599e-06
16.0,0.01,2.0,6.255075316935477e-05
16.0,0.01,3.0,8.289906816560944e-10
16.0,0.01,4.0,3.591814490933043e-05
16.0,0.01,5.0,-2.0521507325248787e-10
16.0,0.01,6.0,-0.0008058932692931453
16.0,0.01,7.0,-0.00019157661968068063
16.0,0.01,8.0,8.289906816560944e-10
16.0,0.01,9.0,-0.00036249272051499387
16.0,0.01,10.0,-9.77277751995631e-06
16.0,0.01,11.0,8.289906816560944e-10
16.0,0.01,12.0,-0.0003422212788480872
16.0,0.01,13.0,2.303032082170975e-05
16.0,0.01,14.0,-2.8214839856752216e-05
16.0,0.01,15.0,7.364520508423844e-07
16.0,0.01,16.0,-0.000573571805639439
16.0,0.01,17.0,-0.0004613455074494177
16.0,0.01,18.0,0.00028168036229991866
16.0,0.01,19.0,0.000565736417286189
16.0,0.01,20.0,9.919721264906034e-06
16.0,0.01,21.0,1.184053327607515e-09
16.0,0.21,0.0,0.03467080011610579
16.0,0.21,1.0,8.48929147863331e-05
16.0,0.21,2.0,0.0019309678056130541
16.0,0.21,3.0,8.289906816560944e-10
16.0,0.21,4.0,-0.005134125954663671
16.0,0.21,5.0,-2.0521507291113276e-10
16.0,0.21,6.0,-0.004368999725905542
16.0,0.21,7.0,-0.0041166428994943716
16.0,0.21,8.0,8.289906816560944e-10
16.0,0.21,9.0,-0.007801932109494536
16.0,0.21,10.0,9.836055058640158e-05
16.0,0.21,11.0,8.289906816560944e-10
16.0,0.21,12.0,-0.0011416217537644768
16.0,0.21,13.0,0.0005858316784997375
16.0,0.21,14.0,-0.0008566941927805188
16.0,0.21,15.0,1.7870157018401445e-05
16.0,0.21,16.0,0.004348527989877171
16.0,0.21,17.0,-0.009628007129649896
16.0,0.21,18.0,-1.5327095619133146e-05
16.0,0.21,19.0,-0.003395573498631621
16.0,0.21,20.0,0.003384814556222915
16.0,0.21,21.0,1.184053327607515e-09
16.0,0.41,0.0,0.06750705653187905
16.0,0.41,1.0,0.00016547272191844153
16.0,0.41,2.0,0.0037829599328727814
16.0,0.41,3.0,8.289906816560944e-10
16.0,0.41,4.0,-0.010087155499481915
16.0,0.41,5.0,-2.0521504233261438e-10
16.0,0.41,6.0,-0.008326492487636172
16.0,0.41,7.0,-0.00803781490682988
16.0,0.41,8.0,8.289906816560944e-10
16.0,0.41,9.0,-0.015226280839108784
16.0,0.41,10.0,0.00019729240086699407
16.0,0.41,11.0,8.289906816560944e-10
16.0,0.41,12.0,-0.0021142441768736697
16.0,0.41,13.0,0.0011459455569537147
16.0,0.41,14.0,-0.001677882405783676
16.0,0.41,15.0,3.495069543230089e-05
16.0,0.41,16.0,0.008805251649525725
16.0,0.41,17.0,-0.01880665521039329
16.0,0.41,18.0,-0.00018057289594275439
16.0,0.41,19.0,-0.006960267502245376
16.0,0.41,20.0,0.006669681061430843
16.0,0.41,21.0,1.184053327607515e-09
16.0,0.61,0.0,0.10024806158608979
16.0,0.61,1.0,0.000246001593815659
16.0,0.61,2.0,0.00564051751777625
16.0,0.61,3.0,8.289906816560944e-10
16.0,0.61,4.0,-0.015217656547939606
16.0,0.61,5.0,-2.0521374737174317e-10
16.0,0.61,6.0,-0.011986724600476673
16.0,0.61,7.0,-0.01196226018997925
16.0,0.61,8.0,8.289906816560944e-10
16.0,0.61,9.0,-0.022640495020331636
16.0,0.61,10.0,0.0002974936171321607
16.0,0.61,11.0,8.289906816560944e-10
16.0,0.61,12.0,-0.003028242358416866
16.0,0.61,13.0,0.0017070820962829802
16.0,0.61,14.0,-0.002503580092557911
16.0,0.61,15.0,5.202639272774978e-05
16.0,0.61,16.0,0.013514922476855706
16.0,0.61,17.0,-0.027961815439729254
16.0,0.61,18.0,-0.00031737116604979576
16.0,0.61,19.0,-0.010673902783556954
16.0,0.61,20.0,0.00998967114389443
16.0,0.61,21.0,1.184053327607515e-09
16.0,0.81,0.0,0.13299347695275487
16.0,0.81,1.0,0.00032649353188171637
16.0,0.81,2.0,0.007500955843562501
16.0,0.81,3.0,8.289906816560944e-10
16.0,0.81,4.0,-0.020257445208400227
16.0,0.81,5.0,-2.051229403660398e-10
16.0,0.81,6.0,-0.015662965524754657
16.0,0.81,7.0,-0.015890151452663592
16.0,0.81,8.0,8.289906816560944e-10
16.0,0.81,9.0,-0.030008669342042535
16.0,0.81,10.0,0.0003974111873368269
16.0,0.81,11.0,8.289906816560944e-10
16.0,0.81,12.0,-0.0039108061946336314
16.0,0.81,13.0,0.0022687555605498955
16.0,0.81,14.0,-0.003331301363635533
16.0,0.81,15.0,6.914398403898292e-05
16.0,0.81,16.0,0.018250962868094578
16.0,0.81,17.0,-0.037120632260098846
16.0,0.81,18.0,-0.0004779173888925792
16.0,0.81,19.0,-0.014375017076663277
16.0,0.81,20.0,0.013323446714947396
16.0,0.81,21.0,1.184053327607515e-09
16.0,1.01,0.0,0.16580453985299493
16.0,1.01,1.0,0.00040713208970935555
16.0,1.01,2.0,0.009361857423216408
16.0,1.01,3.0,8.289906816560944e-10
16.0,1.01,4.0,-0.02514026461891239
16.0,1.01,5.0,-1.9989313236819109e-10
16.0,1.01,6.0,-0.019293815727734476
16.0,1.01,7.0,-0.019825551002387087
16.0,1.01,8.0,8.289906816560944e-10
16.0,1.01,9.0,-0.037233271205813295
16.0,1.01,10.0,0.0004922690098768945
16.0,1.01,11.0,8.289906816560944e-10
16.0,1.01,12.0,-0.00477745500521326
16.0,1.01,13.0,0.0028308393285964017
16.0,1.01,14.0,-0.004163322446653822
16.0,1.01,15.0,8.62832687020254e-05
16.0,1.01,16.0,0.02303812493125179
16.0,1.01,17.0,-0.04626481369438337
16.0,1.01,18.0,-0.0005652744921194053
16.0,1.01,19.0,-0.017961588296914743
16.0,1.01,20.0,0.01666068479181071
16.0,1.01,21.0,1.184053327607515e-09
16.0,1.21,0.0,0.1987639157887453
16.0,1.21,1.0,0.0004881533188286491
16.0,1.21,2.0,0.011222882636205161
16.0,1.21,3.0,8.289906816560944e-10
16.0,1.21,4.0,-0.029658894322362905
16.0,1.21,5.0,1.1312657735465368e-09
16.0,1.21,6.0,-0.022831963759963658
16.0,1.21,7.0,-0.023776417634097442
16.0,1.21,8.0,8.289906816560944e-10
16.0,1.21,9.0,-0.0440757893929784
16.0,1.21,10.0,0.0005732156132546573
16.0,1.21,11.0,8.289906816560944e-10
16.0,1.21,12.0,-0.005649020211529632
16.0,1.21,13.0,0.0033937770713993176
16.0,1.21,14.0,-0.0050043859065142665
16.0,1.21,15.0,0.0001034423779352478
16.0,1.21,16.0,0.027927559336366148
16.0,1.21,17.0,-0.05537652064759302
16.0,1.21,18.0,-0.00042803119793077826
16.0,1.21,19.0,-0.021218205865580986
16.0,1.21,20.0,0.019992754051047
16.0,1.21,21.0,1.184053327607515e-09
16.0,1.41,0.0,0.2318355354508571
16.0,1.41,1.0,0.0005694288117885915
16.0,1.41,2.0,0.013100168156824715
16.0,1.41,3.0,8.289906816560944e-10
16.0,1.41,4.0,-0.03366134729907588
16.0,1.41,5.0,8.61128212766898e-08
16.0,1.41,6.0,-0.025795050957166277
16.0,1.41,7.0,-0.027752506869189494
16.0,1.41,8.0,8.289906816560944e-10
16.0,1.41,9.0,-0.05008179314779014
16.0,1.41,10.0,0.000645605354655715
16.0,1.41,11.0,8.289906816560944e-10
16.0,1.41,12.0,-0.0062780128418643
16.0,1.41,13.0,0.003960651420870043
16.0,1.41,14.0,-0.005867535169131979
16.0,1.41,15.0,0.00012074279080459549
16.0,1.41,16.0,0.03348928611388413
16.0,1.41,17.0,-0.06442098139078475
16.0,1.41,18.0,-0.0001365602968239621
16.0,1.41,19.0,-0.024377528348479116
16.0,1.41,20.0,0.023425126503209104
16.0,1.41,21.0,1.184053327607515e-09
16.0,1.61,0.0,0.2651868649128033
16.0,1.61,1.0,0.0006513428556070289
16.0,1.61,2.0,0.014992878697758033
16.0,1.61,3.0,8.289906816560944e-10
16.0,1.61,4.0,-0.03678211956514155
16.0,1.61,5.0,8.428209064433812e-07
16.0,1.61,6.0,-0.028010898275579454
16.0,1.61,7.0,-0.03176042582223663
16.0,1.61,8.0,8.289906816560944e-10
16.0,1.61,9.0,-0.054685359441892636
16.0,1.61,10.0,0.0006968649569626395
16.0,1.61,11.0,8.289906816560944e-10
16.0,1.61,12.0,-0.006665772117735391
16.0,1.61,13.0,0.004532121577430687
16.0,1.61,14.0,-0.006760845753807407
16.0,1.61,15.0,0.00013817924827838612
16.0,1.61,16.0,0.03989140491205034
16.0,1.61,17.0,-0.0733629409016532
16.0,1.61,18.0,0.0005514922458937921
16.0,1.61,19.0,-0.027118383310393013
16.0,1.61,20.0,0.02695247517156052
16.0,1.61,21.0,1.184053327607515e-09
16.0,1.81,0.0,0.2988864769941415
16.0,1.81,1.0,0.0007340571744406665
16.0,1.81,2.0,0.016900373874782687
16.0,1.81,3.0,8.289906816560944e-10
16.0,1.81,4.0,-0.03880336744943291
16.0,1.81,5.0,7.121239864682466e-07
16.0,1.81,6.0,-0.0294950103031576
16.0,1.81,7.0,-0.035794547131296865
16.0,1.81,8.0,8.289906816560944e-10
16.0,1.81,9.0,-0.057608302960115015
16.0,1.81,10.0,0.0007186050851686887
16.0,1.81,11.0,8.289906816560944e-10
16.0,1.81,12.0,-0.006857599012503601
16.0,1.81,13.0,0.0051084179335432744
16.0,1.81,14.0,-0.007686893996623728
16.0,1.81,15.0,0.00015574230301676484
16.0,1.81,16.0,0.04714553415552136
16.0,1.81,17.0,-0.08219303473255139
16.0,1.81,18.0,0.0017802957065440328
16.0,1.81,19.0,-0.029196895363851505
16.0,1.81,20.0,0.030558920579225657
16.0,1.81,21.0,1.184053327607515e-09
16.0,2.01,0.0,0.3328530539696123
16.0,2.01,1.0,0.0008173809993160808
16.0,2.01,2.0,0.01882240386998804
16.0,2.01,3.0,8.289906816560944e-10
16.0,2.01,4.0,-0.039925900591093466
16.0,2.01,5.0,7.97980549451476e-07
16.0,2.01,6.0,-0.030278648749904158
16.0,2.01,7.0,-0.0398303522117698
16.0,2.01,8.0,8.289906816560944e-10
16.0,2.01,9.0,-0.059122238725442346
16.0,2.01,10.0,0.0007176376181174393
16.0,2.01,11.0,8.289906816560944e-10
16.0,2.01,12.0,-0.006836853468991655
16.0,2.01,13.0,0.005689069349875703
16.0,2.01,14.0,-0.008641992904730902
16.0,2.01,15.0,0.00017342803380965277
16.0,2.01,16.0,0.05520045857531264
16.0,2.01,17.0,-0.09092093214491706
16.0,2.01,18.0,0.0034293492240792256
16.0,2.01,19.0,-0.03080066367669476
16.0,2.01,20.0,0.034250689988147176
16.0,2.01,21.0,1.184053327607515e-09
16.0,2.21,0.0,0.3669761255660031
16.0,2.21,1.0,0.0009010636342970391
16.0,2.21,2.0,0.020753134198381123
16.0,2.21,3.0,8.289906816560944e-10
16.0,2.21,4.0,-0.0404650734604135
16.0,2.21,5.0,1.2480922572454421e-06
16.0,2.21,6.0,-0.030609096921722312
16.0,2.21,7.0,-0.04382204235033989
16.0,2.21,8.0,8.289906816560944e-10
16.0,2.21,9.0,-0.05978039697157931
16.0,2.21,10.0,0.0007012769036582323
16.0,2.21,11.0,8.289906816560944e-10
16.0,2.21,12.0,-0.006672722043810364
16.0,2.21,13.0,0.006272316286471957
16.0,2.21,14.0,-0.009616193373006593
16.0,2.21,15.0,0.00019118651970756462
16.0,2.21,16.0,0.06376444975904483
16.0,2.21,17.0,-0.09957081591413627
16.0,2.21,18.0,0.005349964589818956
16.0,2.21,19.0,-0.03209866753553381
16.0,2.21,20.0,0.03799783816555158
16.0,2.21,21.0,1.184053327607515e-09
16.0,2.41,0.0,0.4010790928665511
16.0,2.41,1.0,0.0009845687204015352
16.0,2.41,2.0,0.022681838358348666
16.0,2.41,3.0,8.289906816560944e-10
16.0,2.41,4.0,-0.04068993055572756
16.0,2.41,5.0,7.549465048202364e-07
16.0,2.41,6.0,-0.030700966310394207
16.0,2.41,7.0,-0.04767781222080776
16.0,2.41,8.0,8.289906816560944e-10
16.0,2.41,9.0,-0.060032587119501775
16.0,2.41,10.0,0.0006760930860531256
16.0,2.41,11.0,8.289906816560944e-10
16.0,2.41,12.0,-0.0064303321938049
16.0,2.41,13.0,0.0068547878534985784
16.0,2.41,14.0,-0.010597042905501564
16.0,2.41,15.0,0.00020889189490469473
16.0,2.41,16.0,0.07256121995185905
16.0,2.41,17.0,-0.10812685045595839
16.0,2.41,18.0,0.007410130488857414
16.0,2.41,19.0,-0.033228300168807956
16.0,2.41,20.0,0.04176255463831602
16.0,2.41,21.0,1.184053327607515e-09
16.0,2.61,0.0,0.4334127328566666
16.0,2.61,1.0,0.0010629122059625795
16.0,2.61,2.0,0.02450365370378685
16.0,2.61,3.0,8.289906816560944e-10
16.0,2.61,4.0,-0.04074549382372217
16.0,2.61,5.0,5.050603101755179e-07
16.0,2.61,6.0,-0.03067762356431336
16.0,2.61,7.0,-0.051073250356901946
16.0,2.61,8.0,8.289906816560944e-10
16.0,2.61,9.0,-0.060120437148476084
16.0,2.61,10.0,0.0006480272589043101
16.0,2.61,11.0,8.289906816560944e-10
16.0,2.61,12.0,-0.006163300167976782
16.0,2.61,13.0,0.007403972472812964
16.0,2.61,14.0,-0.011523176678406785
16.0,2.61,15.0,0.00022542399398425839
16.0,2.61,16.0,0.08098042472153977
16.0,2.61,17.0,-0.11609013759043246
16.0,2.61,18.0,0.009419373121499874
16.0,2.61,19.0,-0.034219305140770595
16.0,2.61,20.0,0.045331312154620884
16.0,2.61,21.0,1.184053327607515e-09
16.0,2.81,0.0,0.450867904365984
16.0,2.81,1.0,0.001105845074072409
16.0,2.81,2.0,0.025492353303168486
16.0,2.81,3.0,8.289906816560944e-10
16.0,2.81,4.0,-0.04077064313662626
16.0,2.81,5.0,2.0892465620763685e-06
16.0,2.81,6.0,-0.030656089672679188
16.0,2.81,7.0,-0.052958965544594255
16.0,2.81,8.0,8.289906816560944e-10
16.0,2.81,9.0,-0.06014626008405822
16.0,2.81,10.0,0.0006322733442302719
16.0,2.81,11.0,8.289906816560944e-10
16.0,2.81,12.0,-0.006015117271057191
16.0,2.81,13.0,0.007702795609766472
16.0,2.81,14.0,-0.012029692922696178
16.0,2.81,15.0,0.00023454677670356472
16.0,2.81,16.0,0.08555622317364953
16.0,2.81,17.0,-0.12045442977750036
16.0,2.81,18.0,0.010518050885573782
16.0,2.81,19.0,-0.03474948772821912
16.0,2.81,20.0,0.047267032426223154
16.0,2.81,21.0,1.184053327607515e-09
16.0,3.01,0.0,0.45262324522614183
16.0,3.01,1.0,0.0011111955308314159
16.0,3.01,2.0,0.02560000514100616
16.0,3.01,3.0,8.289906816560944e-10
16.0,3.01,4.0,-0.040821361464149275
16.0,3.01,5.0,1.5619916640090568e-06
16.0,3.01,6.0,-0.030677872204811885
16.0,3.01,7.0,-0.05338067159156042
16.0,3.01,8.0,8.289906816560944e-10
16.0,3.01,9.0,-0.06015275691926458
16.0,3.01,10.0,0.0006314761351368103
16.0,3.01,11.0,8.289906816560944e-10
16.0,3.01,12.0,-0.006008516031181577
16.0,3.01,13.0,0.007736596425527098
16.0,3.01,14.0,-0.012089718010209291
16.0,3.01,15.0,0.00023578694130604871
16.0,3.01,16.0,0.08603147452012838
16.0,3.01,17.0,-0.12104663916643163
16.0,3.01,18.0,0.010627115939469078
16.0,3.01,19.0,-0.034821913759001455
16.0,3.01,20.0,0.0474722183182974
16.0,3.01,21.0,1.184053327607515e-09
16.0,3.21,0.0,0.452660346090509
16.0,3.21,1.0,0.0011113760765309733
16.0,3.21,2.0,0.025602689303795195
16.0,3.21,3.0,8.289906816560944e-10
16.0,3.21,4.0,-0.040838777635104906
16.0,3.21,5.0,2.671246565170307e-06
16.0,3.21,6.0,-0.030687264748218923
16.0,3.21,7.0,-0.05347118096357968
16.0,3.21,8.0,8.289906816560944e-10
16.0,3.21,9.0,-0.06015513585150246
16.0,3.21,10.0,0.0006320464936519776
16.0,3.21,11.0,8.289906816560944e-10
16.0,3.21,12.0,-0.006012539784240101
16.0,3.21,13.0,0.00773752207398018
16.0,3.21,14.0,-0.012091124619639279
16.0,3.21,15.0,0.00023583697435297646
16.0,3.21,16.0,0.08603602585525172
16.0,3.21,17.0,-0.12108283051924826
16.0,3.21,18.0,0.010623433586339992
16.0,3.21,19.0,-0.034831061071843306
16.0,3.21,20.0,0.047476004741727196
16.0,3.21,21.0,1.184053327607515e-09
16.0,3.41,0.0,0.4526608057262831
16.0,3.41,1.0,0.001111380414918678
16.0,3.41,2.0,0.025602730355409303
16.0,3.41,3.0,8.289906816560944e-10
16.0,3.41,4.0,-0.04084492109436422
16.0,3.41,5.0,1.3265995525610537e-06
16.0,3.41,6.0,-0.030691570704773574
16.0,3.41,7.0,-0.053507236924004685
16.0,3.41,8.0,8.289906816560944e-10
16.0,3.41,9.0,-0.06015639390334908
16.0,3.41,10.0,0.0006323206457684305
16.0,3.41,11.0,8.289906816560944e-10
16.0,3.41,12.0,-0.006014458238141562
16.0,3.41,13.0,0.007737538673132843
16.0,3.41,14.0,-0.012090911528630538
16.0,3.41,15.0,0.00023583848617281244
16.0,3.41,16.0,0.0860328839369302
16.0,3.41,17.0,-0.12108936933909416
16.0,3.41,18.0,0.010620756491416361
16.0,3.41,19.0,-0.03483393330988893
16.0,3.41,20.0,0.04747558945743341
16.0,3.41,21.0,1.184053327607515e-09
16.0,3.61,0.0,0.4526608106893669
16.0,3.61,1.0,0.0011113805435632451
16.0,3.61,2.0,0.025602730940867763
16.0,3.61,3.0,8.289906816560944e-10
16.0,3.61,4.0,-0.040848216536560344
16.0,3.61,5.0,9.833592900846477e-07
16.0,3.61,6.0,-0.03069376450149397
16.0,3.61,7.0,-0.05352738437717382
16.0,3.61,8.0,8.289906816560944e-10
16.0,3.61,9.0,-0.06015718346692762
16.0,3.61,10.0,0.000632470069536456
16.0,3.61,11.0,8.289906816560944e-10
16.0,3.61,12.0,-0.006015454726198688
16.0,3.61,13.0,0.007737538992557497
16.0,3.61,14.0,-0.01209076564155212
16.0,3.61,15.0,0.00023583854533776316
16.0,3.61,16.0,0.08603114406652312
16.0,3.61,17.0,-0.12109251401524371
16.0,3.61,18.0,0.010619272446473316
16.0,3.61,19.0,-0.03483552377817534
16.0,3.61,20.0,0.04747533006236204
16.0,3.61,21.0,1.184053327607515e-09
16.0,3.81,0.0,0.4526608107474962
16.0,3.81,1.0,0.0011113805510943042
16.0,3.81,2.0,0.025602730951583247
16.0,3.81,3.0,8.289906816560944e-10
16.0,3.81,4.0,-0.040850593364507026
16.0,3.81,5.0,8.840167228444579e-07
16.0,3.81,6.0,-0.030695296937474414
16.0,3.81,7.0,-0.05354192685791769
16.0,3.81,8.0,8.289906816560944e-10
16.0,3.81,9.0,-0.06015779938698442
16.0,3.81,10.0,0.0006325770243360562
16.0,3.81,11.0,8.289906816560944e-10
16.0,3.81,12.0,-0.006016155724278216
16.0,3.81,13.0,0.007737539003006
16.0,3.81,14.0,-0.012090658580740377
16.0,3.81,15.0,0.00023583854980771535
16.0,3.81,16.0,0.0860299049348694
16.0,3.81,17.0,-0.12109471312368254
16.0,3.81,18.0,0.010618198911212073
16.0,3.81,19.0,-0.034836690048121954
16.0,3.81,20.0,0.04747514382256712
16.0,3.81,21.0,1.184053327607515e-09
16.0,4.01,0.0,0.45266081074923514
16.0,4.01,1.0,0.0011113805535735433
16.0,4.01,2.0,0.025602730952591274
16.0,4.01,3.0,8.289906816560944e-10
16.0,4.01,4.0,-0.040852120003439185
16.0,4.01,5.0,6.495356819957589e-07
16.0,4.01,6.0,-0.030696351742659167
16.0,4.01,7.0,-0.05355145120758294
16.0,4.01,8.0,8.289906816560944e-10
16.0,4.01,9.0,-0.060158205070431396
16.0,4.01,10.0,0.0006326464546677624
16.0,4.01,11.0,8.289906816560944e-10
16.0,4.01,12.0,-0.006016626042441575
16.0,4.01,13.0,0.0077375390052061566
16.0,4.01,14.0,-0.012090589351740524
16.0,4.01,15.0,0.00023583855147554789
16.0,4.01,16.0,0.08602906670281452
16.0,4.01,17.0,-0.12109613191625963
16.0,4.01,18.0,0.010617507661637604
16.0,4.01,19.0,-0.03483742351839231
16.0,4.01,20.0,0.0474750226555673
16.0,4.01,21.0,1.184053327607515e-09
17.0,0.01,0.0,0.002658406677817138
17.0,0.01,1.0,-1.9581687234537792e-05
17.0,0.01,2.0,1.837956703004684e-05
17.0,0.01,3.0,8.952683316909571e-10
17.0,0.01,4.0,-0.001972088543510511
17.0,0.01,5.0,-0.0001270563632584836
17.0,0.01,6.0,-0.0001401961459685519
17.0,0.01,7.0,-8.306049633376895e-05
17.0,0.01,8.0,8.952683316909571e-10
17.0,0.01,9.0,-1.949110688226341e-05
17.0,0.01,10.0,-5.4125599313545325e-05
17.0,0.01,11.0,8.952683316909571e-10
17.0,0.01,12.0,-5.135351888732598e-05
17.0,0.01,13.0,6.248395731742185e-05
17.0,0.01,14.0,-1.168132596428592e-05
17.0,0.01,15.0,4.9113584874915794e-05
17.0,0.01,16.0,-0.000720436404490668
17.0,0.01,17.0,-0.005448622567540943
17.0,0.01,18.0,-0.000428955841072276
17.0,0.01,19.0,-0.0017221989239181723
17.0,0.01,20.0,-3.48532779116395e-05
17.0,0.01,21.0,1.1498437479939838e-09
17.0,0.21,0.0,0.028569885995809008
17.0,0.21,1.0,9.45211257685763e-05
17.0,0.21,2.0,0.00031085516924195256
17.0,0.21,3.0,8.952683316909571e-10
17.0,0.21,4.0,-0.012180970408509906
17.0,0.21,5.0,-0.00012709581249654753
17.0,0.21,6.0,-0.0007532175249873041
17.0,0.21,7.0,-8.306863426130533e-05
17.0,0.21,8.0,8.952683316909571e-10
17.0,0.21,9.0,-0.0002025814453207042
17.0,0.21,10.0,6.000646343978788e-05
17.0,0.21,11.0,8.952683316909571e-10
17.0,0.21,12.0,-0.00041216641363611695
17.0,0.21,13.0,0.0006298185850505955
17.0,0.21,14.0,-1.1681553614576344e-05
17.0,0.21,15.0,9.456459209400414e-05
17.0,0.21,16.0,-0.0052869881433108695
17.0,0.21,17.0,-0.006408648791000376
17.0,0.21,18.0,-0.003690677613536475
17.0,0.21,19.0,-0.012226381552759014
17.0,0.21,20.0,0.0034251446277225317
17.0,0.21,21.0,1.1498437479939838e-09
17.0,0.41,0.0,0.05439326798892841
17.0,0.41,1.0,0.0002123951273810265
17.0,0.41,2.0,0.0006039869632261663
17.0,0.41,3.0,8.952683316909571e-10
17.0,0.41,4.0,-0.022284965672410215
17.0,0.41,5.0,-0.000127116378231889
17.0,0.41,6.0,-0.0013546273724688862
17.0,0.41,7.0,-8.307156452763021e-05
17.0,0.41,8.0,8.952683316909571e-10
17.0,0.41,9.0,-0.0003850287721420542
17.0,0.41,10.0,0.00017275173054651094
17.0,0.41,11.0,8.952683316909571e-10
17.0,0.41,12.0,-0.0007669273063619086
17.0,0.41,13.0,0.0011951016126903191
17.0,0.41,14.0,-1.1681660762316855e-05
17.0,0.41,15.0,0.00013436920772008643
17.0,0.41,16.0,-0.009817713070667214
17.0,0.41,17.0,-0.007054334773055409
17.0,0.41,18.0,-0.0069359459672615476
17.0,0.41,19.0,-0.022628550309509048
17.0,0.41,20.0,0.0069328486124122235
17.0,0.41,21.0,1.1498437757495594e-09
17.0,0.61,0.0,0.07715547993333305
17.0,0.61,1.0,0.00033581939636712077
17.0,0.61,2.0,0.0008693965479563137
17.0,0.61,3.0,8.952683316909571e-10
17.0,0.61,4.0,-0.03087997149557866
17.0,0.61,5.0,-0.000127126172096605
17.0,0.61,6.0,-0.0018385283168704247
17.0,0.61,7.0,-8.30725691421192e-05
17.0,0.61,8.0,8.952683316909571e-10
17.0,0.61,9.0,-0.0005452831703771366
17.0,0.61,10.0,0.0002677133241462265
17.0,0.61,11.0,8.952683316909571e-10
17.0,0.61,12.0,-0.00105620836590542
17.0,0.61,13.0,0.0016897867015374934
17.0,0.61,14.0,-1.16817072462317e-05
17.0,0.61,15.0,0.00014135016914107457
17.0,0.61,16.0,-0.013695107639205159
17.0,0.61,17.0,-0.007426895693479331
17.0,0.61,18.0,-0.009771774999948746
17.0,0.61,19.0,-0.03143208101177307
17.0,0.61,20.0,0.010302064279159528
17.0,0.61,21.0,1.1498437479939838e-09
17.0,0.81,0.0,0.08370327700280378
17.0,0.81,1.0,0.00027847943029635225
17.0,0.81,2.0,0.0009090093482159722
17.0,0.81,3.0,8.952683316909571e-10
17.0,0.81,4.0,-0.03364829307360888
17.0,0.81,5.0,-0.0001271293240778138
17.0,0.81,6.0,-0.0021131564422581794
17.0,0.81,7.0,-8.307282815386612e-05
17.0,0.81,8.0,8.952683316909571e-10
17.0,0.81,9.0,-0.0005920476977825384
17.0,0.81,10.0,0.0002946110589719386
17.0,0.81,11.0,8.952683316909571e-10
17.0,0.81,12.0,-0.0011977454237021568
17.0,0.81,13.0,0.0018362436931519122
17.0,0.81,14.0,-1.1681720950513795e-05
17.0,0.81,15.0,0.0002674403139575898
17.0,0.81,16.0,-0.014926033237798841
17.0,0.81,17.0,-0.007557779037501681
17.0,0.81,18.0,-0.01030377751048922
17.0,0.81,19.0,-0.03429319797494226
17.0,0.81,20.0,0.01030687596407931
17.0,0.81,21.0,1.1498437479939838e-09
17.0,1.01,0.0,0.08393181400214489
17.0,1.01,1.0,0.0001886268205919528
17.0,1.01,2.0,0.0008767813876867647
17.0,1.01,3.0,8.952683316909571e-10
17.0,1.01,4.0,-0.033881193376281815
17.0,1.01,5.0,-0.00012713022456162733
17.0,1.01,6.0,-0.0022404614052964344
17.0,1.01,7.0,-8.307289696662763e-05
17.0,1.01,8.0,8.952683316909571e-10
17.0,1.01,9.0,-0.0005938078216744247
17.0,1.01,10.0,0.0002926252492243264
17.0,1.01,11.0,8.952683316909571e-10
17.0,1.01,12.0,-0.0012482116631974405
17.0,1.01,13.0,0.0018423272203723917
17.0,1.01,14.0,-1.1681724807340876e-05
17.0,1.01,15.0,0.00038602077598226536
17.0,1.01,16.0,-0.015015888943843925
17.0,1.01,17.0,-0.007593917146570595
17.0,1.01,18.0,-0.010023822084642808
17.0,1.01,19.0,-0.03454444498470216
17.0,1.01,20.0,0.009448969014240749
17.0,1.01,21.0,1.1498437757495594e-09
17.0,1.21,0.0,0.08393456312403125
17.0,1.21,1.0,0.00026385323381489245
17.0,1.21,2.0,0.0009060421444500033
17.0,1.21,3.0,8.952683316909571e-10
17.0,1.21,4.0,-0.03390042413266719
17.0,1.21,5.0,-0.00012713062705149022
17.0,1.21,6.0,-0.002149350329326394
17.0,1.21,7.0,-8.307292795756822e-05
17.0,1.21,8.0,8.952683316909571e-10
17.0,1.21,9.0,-0.0005938300306262689
17.0,1.21,10.0,0.0002980168754939255
17.0,1.21,11.0,8.952683316909571e-10
17.0,1.21,12.0,-0.0012152176253465985
17.0,1.21,13.0,0.001842424675451454
17.0,1.21,14.0,-1.1681726678881538e-05
17.0,1.21,15.0,0.000288163289360599
17.0,1.21,16.0,-0.01502604103620922
17.0,1.21,17.0,-0.007609225275027733
17.0,1.21,18.0,-0.010332357108848944
17.0,1.21,19.0,-0.0345867961449784
17.0,1.21,20.0,0.010126202333487266
17.0,1.21,21.0,1.1498437479939838e-09
17.0,1.41,0.0,0.08393459029103234
17.0,1.41,1.0,0.00030348220097481393
17.0,1.41,2.0,0.0009215302292139294
17.0,1.41,3.0,8.952683316909571e-10
17.0,1.41,4.0,-0.03390560808743739
17.0,1.41,5.0,-0.00012713085775653438
17.0,1.41,6.0,-0.002101074138014969
17.0,1.41,7.0,-8.307294503598409e-05
17.0,1.41,8.0,8.952683316909571e-10
17.0,1.41,9.0,-0.000593830188747535
17.0,1.41,10.0,0.00030081944668039484
17.0,1.41,11.0,8.952683316909571e-10
17.0,1.41,12.0,-0.0011973924376332268
17.0,1.41,13.0,0.001842426119377072
17.0,1.41,14.0,-1.1681727704498528e-05
17.0,1.41,15.0,0.00023739240547998586
17.0,1.41,16.0,-0.015029488315349046
17.0,1.41,17.0,-0.0076179262901356305
17.0,1.41,18.0,-0.010490614747565019
17.0,1.41,19.0,-0.03460267417143257
17.0,1.41,20.0,0.010492001858546984
17.0,1.41,21.0,1.1498437757495594e-09
17.0,1.61,0.0,0.08393459060816189
17.0,1.61,1.0,0.0002975720241271129
17.0,1.61,2.0,0.0009191037127696533
17.0,1.61,3.0,8.952683316909571e-10
17.0,1.61,4.0,-0.03391071464917587
17.0,1.61,5.0,-0.00012713101014161148
17.0,1.61,6.0,-0.0021086454533409404
17.0,1.61,7.0,-8.307295610984861e-05
17.0,1.61,8.0,8.952683316909571e-10
17.0,1.61,9.0,-0.0005938301838211701
17.0,1.61,10.0,0.0003005453154430321
17.0,1.61,11.0,8.952683316909571e-10
17.0,1.61,12.0,-0.001200396625652106
17.0,1.61,13.0,0.001842426151259069
17.0,1.61,14.0,-1.168172836438735e-05
17.0,1.61,15.0,0.0002452086525051578
17.0,1.61,16.0,-0.015030817277483108
17.0,1.61,17.0,-0.007623645958812883
17.0,1.61,18.0,-0.010467426981231764
17.0,1.61,19.0,-0.03460792440306089
17.0,1.61,20.0,0.010431966583257735
17.0,1.61,21.0,1.1498437757495594e-09
17.0,1.81,0.0,0.08393459061422293
17.0,1.81,1.0,0.0002621191460164263
17.0,1.81,2.0,0.0009050946949152872
17.0,1.81,3.0,8.952683316909571e-10
17.0,1.81,4.0,-0.03391646707701723
17.0,1.81,5.0,-0.0001271311201579523
17.0,1.81,6.0,-0.0021525374370426897
17.0,1.81,7.0,-8.307296391468298e-05
17.0,1.81,8.0,8.952683316909571e-10
17.0,1.81,9.0,-0.0005938301827741188
17.0,1.81,10.0,0.0002982553821501144
17.0,1.81,11.0,8.952683316909571e-10
17.0,1.81,12.0,-0.0012168365498521905
17.0,1.81,13.0,0.0018424261532953845
17.0,1.81,14.0,-1.168172881055925e-05
17.0,1.81,15.0,0.000291598484670863
17.0,1.81,16.0,-0.015031042890326016
17.0,1.81,17.0,-0.007627753207259895
17.0,1.81,18.0,-0.010324772901371682
17.0,1.81,19.0,-0.034607278088953586
17.0,1.81,20.0,0.010097412376663895
17.0,1.81,21.0,1.1498437479939838e-09
17.0,2.01,0.0,0.08393459053629782
17.0,2.01,1.0,0.00016910630515032388
17.0,2.01,2.0,0.0008682295858195577
17.0,2.01,3.0,8.952683316909571e-10
17.0,2.01,4.0,-0.033927239578991845
17.0,2.01,5.0,-0.00012713120419311245
17.0,2.01,6.0,-0.0022671940854715467
17.0,2.01,7.0,-8.307296950205864e-05
17.0,2.01,8.0,8.952683316909571e-10
17.0,2.01,9.0,-0.0005938301859979289
17.0,2.01,10.0,0.0002924099484048759
17.0,2.01,11.0,8.952683316909571e-10
17.0,2.01,12.0,-0.001260274953469892
17.0,2.01,13.0,0.001842426157304733
17.0,2.01,14.0,-1.168172909198774e-05
17.0,2.01,15.0,0.00041022059045925374
17.0,2.01,16.0,-0.01503015742121011
17.0,2.01,17.0,-0.0076308953885355245
17.0,2.01,18.0,-0.009960626242656812
17.0,2.01,19.0,-0.03459976014986715
17.0,2.01,20.0,0.009213601207098299
17.0,2.01,21.0,1.1498437757495594e-09
17.0,2.21,0.0,0.0839345823316483
17.0,2.21,1.0,0.00029228631524558235
17.0,2.21,2.0,0.0009171017773129675
17.0,2.21,3.0,8.952683316909571e-10
17.0,2.21,4.0,-0.03391749478318549
17.0,2.21,5.0,-0.00012713127256793822
17.0,2.21,6.0,-0.002115601206929274
17.0,2.21,7.0,-8.307297481120229e-05
17.0,2.21,8.0,8.952683316909571e-10
17.0,2.21,9.0,-0.0005938303960280888
17.0,2.21,10.0,0.0003003295699062214
17.0,2.21,11.0,8.952683316909571e-10
17.0,2.21,12.0,-0.0012030146588865032
17.0,2.21,13.0,0.0018424264383792022
17.0,2.21,14.0,-1.1681729441374374e-05
17.0,2.21,15.0,0.00025201091848892077
17.0,2.21,16.0,-0.015032705256905518
17.0,2.21,17.0,-0.007633279685003334
17.0,2.21,18.0,-0.010449227123506932
17.0,2.21,19.0,-0.03461545799678529
17.0,2.21,20.0,0.010386297574530856
17.0,2.21,21.0,1.1498437479939838e-09
17.0,2.41,0.0,0.08393088600178311
17.0,2.41,1.0,0.00027573307770617506
17.0,2.41,2.0,0.0009110559138074126
17.0,2.41,3.0,8.952683316909571e-10
17.0,2.41,4.0,-0.033919554687429396
17.0,2.41,5.0,-0.00012713133635496303
17.0,2.41,6.0,-0.0021358468742261882
17.0,2.41,7.0,-8.307298078765997e-05
17.0,2.41,8.0,8.952683316909571e-10
17.0,2.41,9.0,-0.0005938964855922435
17.0,2.41,10.0,0.00029922013393390845
17.0,2.41,11.0,8.952683316909571e-10
17.0,2.41,12.0,-0.0012104082906111424
17.0,2.41,13.0,0.001842522933087093
17.0,2.41,14.0,-1.1681729868203736e-05
17.0,2.41,15.0,0.0002721972636705594
17.0,2.41,16.0,-0.015032700449041245
17.0,2.41,17.0,-0.0076352617385822335
17.0,2.41,18.0,-0.01039028911554396
17.0,2.41,19.0,-0.034614519835747426
17.0,2.41,20.0,0.010278238406581819
17.0,2.41,21.0,1.1498437757495594e-09
17.0,2.61,0.0,0.0830269380218055
17.0,2.61,1.0,0.0002022503618474003
17.0,2.61,2.0,0.0009222160066226226
17.0,2.61,3.0,8.952683316909571e-10
17.0,2.61,4.0,-0.03397004802002165
17.0,2.61,5.0,-0.0001271314041783197
17.0,2.61,6.0,-0.0021904671151069532
17.0,2.61,7.0,-8.307298834043324e-05
17.0,2.61,8.0,8.952683316909571e-10
17.0,2.61,9.0,-0.0006065509625981791
17.0,2.61,10.0,0.0002961837870977535
17.0,2.61,11.0,8.952683316909571e-10
17.0,2.61,12.0,-0.001233977875128217
17.0,2.61,13.0,0.001861629403759557
17.0,2.61,14.0,-1.168173044977999e-05
17.0,2.61,15.0,0.000360961174111496
17.0,2.61,16.0,-0.015056865482569473
17.0,2.61,17.0,-0.00763694656523883
17.0,2.61,18.0,-0.010139826533699103
17.0,2.61,19.0,-0.034639208654721705
17.0,2.61,20.0,0.011764909304180227
17.0,2.61,21.0,1.1498437757495594e-09
17.0,2.81,0.0,0.08358367706651992
17.0,2.81,1.0,0.0003109551204547034
17.0,2.81,2.0,0.0009348800812109537
17.0,2.81,3.0,8.952683316909571e-10
17.0,2.81,4.0,-0.0339213906463627
17.0,2.81,5.0,-0.00012713143903340108
17.0,2.81,6.0,-0.002083067919494086
17.0,2.81,7.0,-8.307299135441515e-05
17.0,2.81,8.0,8.952683316909571e-10
17.0,2.81,9.0,-0.0005978105257959665
17.0,2.81,10.0,0.00030174243670422207
17.0,2.81,11.0,8.952683316909571e-10
17.0,2.81,12.0,-0.001192155216430013
17.0,2.81,13.0,0.0018484631005357133
17.0,2.81,14.0,-1.168173067837071e-05
17.0,2.81,15.0,0.00022533419020337453
17.0,2.81,16.0,-0.015037389742443355
17.0,2.81,17.0,-0.007637976870513473
17.0,2.81,18.0,-0.010523998096834908
17.0,2.81,19.0,-0.03461837731660976
17.0,2.81,20.0,0.010971424107060312
17.0,2.81,21.0,1.1498437479939838e-09
17.0,3.01,0.0,0.08326187827599718
17.0,3.01,1.0,0.0003120194576933799
17.0,3.01,2.0,0.0009384782567741778
17.0,3.01,3.0,8.952683316909571e-10
17.0,3.01,4.0,-0.03393107038954111
17.0,3.01,5.0,-0.00012713148773289243
17.0,3.01,6.0,-0.002080240723274396
17.0,3.01,7.0,-8.307299492907907e-05
17.0,3.01,8.0,8.952683316909571e-10
17.0,3.01,9.0,-0.0005997343679104983
17.0,3.01,10.0,0.00030175701151341494
17.0,3.01,11.0,8.952683316909571e-10
17.0,3.01,12.0,-0.0011915530528517904
17.0,3.01,13.0,0.001851965433604691
17.0,3.01,14.0,-1.1681730901950422e-05
17.0,3.01,15.0,0.00022339578992019993
17.0,3.01,16.0,-0.015043165404486289
17.0,3.01,17.0,-0.007639717531823027
17.0,3.01,18.0,-0.010523527723280413
17.0,3.01,19.0,-0.03462473368139067
17.0,3.01,20.0,0.011042868811192708
17.0,3.01,21.0,1.1498437479939838e-09
17.0,3.21,0.0,0.08327229032650463
17.0,3.21,1.0,0.00031321579824988843
17.0,3.21,2.0,0.0009368465765244305
17.0,3.21,3.0,8.952683316909571e-10
17.0,3.21,4.0,-0.03392310027600258
17.0,3.21,5.0,-0.00012713151038519518
17.0,3.21,6.0,-0.002080061453621662
17.0,3.21,7.0,-8.307299625930167e-05
17.0,3.21,8.0,8.952683316909571e-10
17.0,3.21,9.0,-0.0005990843871975793
17.0,3.21,10.0,0.0003017483840639795
17.0,3.21,11.0,8.952683316909571e-10
17.0,3.21,12.0,-0.0011911043502244034
17.0,3.21,13.0,0.0018507886344249214
17.0,3.21,14.0,-1.1681730977348018e-05
17.0,3.21,15.0,0.0002220438382960488
17.0,3.21,16.0,-0.015039311018479315
17.0,3.21,17.0,-0.007640579965911277
17.0,3.21,18.0,-0.010524207977682276
17.0,3.21,19.0,-0.03461745793024152
17.0,3.21,20.0,0.010961696584984193
17.0,3.21,21.0,1.1498437479939838e-09
17.0,3.41,0.0,0.08339414879413753
17.0,3.41,1.0,0.0003147311445728662
17.0,3.41,2.0,0.0009330038158094078
17.0,3.41,3.0,8.952683316909571e-10
17.0,3.41,4.0,-0.033915111194897984
17.0,3.41,5.0,-0.00012713153066453158
17.0,3.41,6.0,-0.002081934217701198
17.0,3.41,7.0,-8.307299726869974e-05
17.0,3.41,8.0,8.952683316909571e-10
17.0,3.41,9.0,-0.0005973066306258212
17.0,3.41,10.0,0.0003017394570539178
17.0,3.41,11.0,8.952683316909571e-10
17.0,3.41,12.0,-0.001190939570176075
17.0,3.41,13.0,0.001848080812045988
17.0,3.41,14.0,-1.168173102347469e-05
17.0,3.41,15.0,0.00022105936195315756
17.0,3.41,16.0,-0.015035269452397554
17.0,3.41,17.0,-0.007641431601972237
17.0,3.41,18.0,-0.01053076662386937
17.0,3.41,19.0,-0.03461173532760695
17.0,3.41,20.0,0.010821763848779087
17.0,3.41,21.0,1.1498437479939838e-09
17.0,3.61,0.0,0.08305070045110285
17.0,3.61,1.0,0.00031411832385497274
17.0,3.61,2.0,0.0009362011571313333
17.0,3.61,3.0,8.952683316909571e-10
17.0,3.61,4.0,-0.033924797437364394
17.0,3.61,5.0,-0.0001271315482524725
17.0,3.61,6.0,-0.0020805591646624877
17.0,3.61,7.0,-8.307299816332851e-05
17.0,3.61,8.0,8.952683316909571e-10
17.0,3.61,9.0,-0.0005991102813578952
17.0,3.61,10.0,0.00030175046299149577
17.0,3.61,11.0,8.952683316909571e-10
17.0,3.61,12.0,-0.0011908659077813355
17.0,3.61,13.0,0.0018511819742200453
17.0,3.61,14.0,-1.1681731066041929e-05
17.0,3.61,15.0,0.00022119738361114916
17.0,3.61,16.0,-0.015040543286211114
17.0,3.61,17.0,-0.0076421758694154
17.0,3.61,18.0,-0.010525955468912551
17.0,3.61,19.0,-0.03461861247076352
17.0,3.61,20.0,0.010917202284299155
17.0,3.61,21.0,1.1498437479939838e-09
17.0,3.81,0.0,0.08351487390983314
17.0,3.81,1.0,0.0003155036491923058
17.0,3.81,2.0,0.0009304126859556172
17.0,3.81,3.0,8.952683316909571e-10
17.0,3.81,4.0,-0.03390883256833198
17.0,3.81,5.0,-0.0001271315612070368
17.0,3.81,6.0,-0.0020830410554437684
17.0,3.81,7.0,-8.307299868968457e-05
17.0,3.81,8.0,8.952683316909571e-10
17.0,3.81,9.0,-0.0005960020509609698
17.0,3.81,10.0,0.0003017610884270966
17.0,3.81,11.0,8.952683316909571e-10
17.0,3.81,12.0,-0.0011909188660705339
17.0,3.81,13.0,0.0018459025947926977
17.0,3.81,14.0,-1.1681731081972049e-05
17.0,3.81,15.0,0.00022061162564362968
17.0,3.81,16.0,-0.015031782519985201
17.0,3.81,17.0,-0.00764276046070434
17.0,3.81,18.0,-0.010534486540931753
17.0,3.81,19.0,-0.03460751663745564
17.0,3.81,20.0,0.010733833811933824
17.0,3.81,21.0,1.1498437479939838e-09
17.0,4.01,0.0,0.0827022773413415
17.0,4.01,1.0,0.00031442782453561247
17.0,4.01,2.0,0.0009368024013321485
17.0,4.01,3.0,8.952683316909571e-10
17.0,4.01,4.0,-0.03393298135389501
17.0,4.01,5.0,-0.00012713157743514026
17.0,4.01,6.0,-0.0020809364179922296
17.0,4.01,7.0,-8.307299958083078e-05
17.0,4.01,8.0,8.952683316909571e-10
17.0,4.01,9.0,-0.0005997006646560332
17.0,4.01,10.0,0.00030178895560957486
17.0,4.01,11.0,8.952683316909571e-10
17.0,4.01,12.0,-0.0011908688444856597
17.0,4.01,13.0,0.0018525657945489549
17.0,4.01,14.0,-1.168173112741813e-05
17.0,4.01,15.0,0.0002209368409429313
17.0,4.01,16.0,-0.015044842901452526
17.0,4.01,17.0,-0.007643450611760657
17.0,4.01,18.0,-0.010527280940407169
17.0,4.01,19.0,-0.03462573592941056
17.0,4.01,20.0,0.010922602447556218
17.0,4.01,21.0,1.1498437479939838e-09
18.0,0.01,0.0,0.0016387476340889995
18.0,0.01,1.0,8.528127467194446e-05
18.0,0.01,2.0,4.235581195988214e-05
18.0,0.01,3.0,6.420181331012742e-10
18.0,0.01,4.0,-9.32811934839517e-06
18.0,0.01,5.0,-7.55798712845214e-15
18.0,0.01,6.0,-4.4397397267914585e-05
18.0,0.01,7.0,0.00018620310084946357
18.0,0.01,8.0,6.420181331012742e-10
18.0,0.01,9.0,-4.061818200398748e-05
18.0,0.01,10.0,1.5222043524970585e-05
18.0,0.01,11.0,6.420181331012742e-10
18.0,0.01,12.0,-0.0001278100219512246
18.0,0.01,13.0,0.0006703341808785845
18.0,0.01,14.0,-4.3690232467645106e-07
18.0,0.01,15.0,2.1018892781499154e-05
18.0,0.01,16.0,0.00017494297662357106
18.0,0.01,17.0,-2.724778122846114e-12
18.0,0.01,18.0,-7.301365345657729e-06
18.0,0.01,19.0,-0.0002843241535982477
18.0,0.01,20.0,0.00040568540844310164
18.0,0.01,21.0,1.2067869203935544e-09
18.0,0.21,0.0,0.03327631056948366
18.0,0.21,1.0,0.0016738310638317044
18.0,0.21,2.0,0.0008122123302007345
18.0,0.21,3.0,6.420181331012742e-10
18.0,0.21,4.0,-0.0010653372241119508
18.0,0.21,5.0,-7.55798712845214e-15
18.0,0.21,6.0,-0.0010065806094726182
18.0,0.21,7.0,0.003746784850419349
18.0,0.21,8.0,6.420181331012742e-10
18.0,0.21,9.0,-0.0008457083832515144
18.0,0.21,10.0,0.00038406767217673277
18.0,0.21,11.0,6.420181331012742e-10
18.0,0.21,12.0,-0.0028377024991318445
18.0,0.21,13.0,0.013473573838875263
18.0,0.21,14.0,-6.001213575934629e-07
18.0,0.21,15.0,0.0003986803464014199
18.0,0.21,16.0,0.003197177686810604
18.0,0.21,17.0,-2.724778122846176e-12
18.0,0.21,18.0,-0.0005800688181761826
18.0,0.21,19.0,-0.006375960116602131
18.0,0.21,20.0,0.007623612919324341
18.0,0.21,21.0,1.2067869203935544e-09
18.0,0.41,0.0,0.06489756261569057
18.0,0.41,1.0,0.003261042754820004
18.0,0.41,2.0,0.0015812731890563758
18.0,0.41,3.0,6.420181331012742e-10
18.0,0.41,4.0,-0.002118799769755042
18.0,0.41,5.0,-7.55798712845214e-15
18.0,0.41,6.0,-0.0019677265327235904
18.0,0.41,7.0,0.007303857438629685
18.0,0.41,8.0,6.420181331012742e-10
18.0,0.41,9.0,-0.0016505436112956018
18.0,0.41,10.0,0.0007522396919731472
18.0,0.41,11.0,6.420181331012742e-10
18.0,0.41,12.0,-0.005544796906746141
18.0,0.41,13.0,0.026268818157132112
18.0,0.41,14.0,-1.616502748238396e-06
18.0,0.41,15.0,0.0007759173423347587
18.0,0.41,16.0,0.006218361282561147
18.0,0.41,17.0,-2.7247781228461826e-12
18.0,0.41,18.0,-0.001151377991703506
18.0,0.41,19.0,-0.012462358803917994
18.0,0.41,20.0,0.014837662313893163
18.0,0.41,21.0,1.2067869203935544e-09
18.0,0.61,0.0,0.09550880902815051
18.0,0.61,1.0,0.004788521324669309
18.0,0.61,2.0,0.0023194009071769717
18.0,0.61,3.0,6.420181331012742e-10
18.0,0.61,4.0,-0.003119690533483266
18.0,0.61,5.0,-7.55798712845214e-15
18.0,0.61,6.0,-0.0028909929873122686
18.0,0.61,7.0,0.01072161440568406
18.0,0.61,8.0,6.420181331012742e-10
18.0,0.61,9.0,-0.0024318103250569323
18.0,0.61,10.0,0.0011033257017768194
18.0,0.61,11.0,6.420181331012742e-10
18.0,0.61,12.0,-0.008146921068940549
18.0,0.61,13.0,0.03862757959688423
18.0,0.61,14.0,-1.883681375290363e-06
18.0,0.61,15.0,0.001137523851515887
18.0,0.61,16.0,0.00914436314692868
18.0,0.61,17.0,-2.7247781228461834e-12
18.0,0.61,18.0,-0.0016928181896574968
18.0,0.61,19.0,-0.01833176114926749
18.0,0.61,20.0,0.021806363711193266
18.0,0.61,21.0,1.2067869203935544e-09
18.0,0.81,0.0,0.11280898838488351
18.0,0.81,1.0,0.005654517740465909
18.0,0.81,2.0,0.0027385437168394033
18.0,0.81,3.0,6.420181331012742e-10
18.0,0.81,4.0,-0.003692141182502273
18.0,0.81,5.0,-7.55798712845214e-15
18.0,0.81,6.0,-0.0034150803391650997
18.0,0.81,7.0,0.012661281655201195
18.0,0.81,8.0,6.420181331012742e-10
18.0,0.81,9.0,-0.002872651633922807
18.0,0.81,10.0,0.0013035691451318276
18.0,0.81,11.0,6.420181331012742e-10
18.0,0.81,12.0,-0.009623441206889904
18.0,0.81,13.0,0.04562016414186498
18.0,0.81,14.0,-9.949231764109908e-07
18.0,0.81,15.0,0.0013430123773217062
18.0,0.81,16.0,0.010797072644751937
18.0,0.81,17.0,-2.7247781228461834e-12
18.0,0.81,18.0,-0.0020029067042242055
18.0,0.81,19.0,-0.02165666319713966
18.0,0.81,20.0,0.02574800335916705
18.0,0.81,21.0,1.2067869203935544e-09
18.0,1.01,0.0,0.1144033848624817
18.0,1.01,1.0,0.005746478807371391
18.0,1.01,2.0,0.002785717243592667
18.0,1.01,3.0,6.420181331012742e-10
18.0,1.01,4.0,-0.003770405103253882
18.0,1.01,5.0,-7.55798712845214e-15
18.0,1.01,6.0,-0.0034730880455189905
18.0,1.01,7.0,0.012874541858325123
18.0,1.01,8.0,6.420181331012742e-10
18.0,1.01,9.0,-0.0029104401442050787
18.0,1.01,10.0,0.0013292045281428216
18.0,1.01,11.0,6.420181331012742e-10
18.0,1.01,12.0,-0.009784576612077822
18.0,1.01,13.0,0.04630237673386928
18.0,1.01,14.0,2.614055951052136e-07
18.0,1.01,15.0,0.0013667523251286173
18.0,1.01,16.0,0.010947576782793678
18.0,1.01,17.0,-2.7247781228461834e-12
18.0,1.01,18.0,-0.0020471871964189425
18.0,1.01,19.0,-0.021994202135961927
18.0,1.01,20.0,0.026131688666711783
18.0,1.01,21.0,1.2067869203935544e-09
18.0,1.21,0.0,0.11443016642308279
18.0,1.21,1.0,0.005748596125740024
18.0,1.21,2.0,0.0027869600915969572
18.0,1.21,3.0,6.420181331012742e-10
18.0,1.21,4.0,-0.003774464556214774
18.0,1.21,5.0,-7.55798712845214e-15
18.0,1.21,6.0,-0.003474720890996874
18.0,1.21,7.0,0.012880024712103255
18.0,1.21,8.0,6.420181331012742e-10
18.0,1.21,9.0,-0.0029108855647905496
18.0,1.21,10.0,0.0013302318277562258
18.0,1.21,11.0,6.420181331012742e-10
18.0,1.21,12.0,-0.009788931952954272
18.0,1.21,13.0,0.046315345136957564
18.0,1.21,14.0,-1.385215249151799e-06
18.0,1.21,15.0,0.0013674119804266416
18.0,1.21,16.0,0.01094943241698576
18.0,1.21,17.0,-2.7247781228461834e-12
18.0,1.21,18.0,-0.002049464984791305
18.0,1.21,19.0,-0.02200196982985514
18.0,1.21,20.0,0.0261381812221404
18.0,1.21,21.0,1.2067869203935544e-09
18.0,1.41,0.0,0.11443043030645716
18.0,1.41,1.0,0.005748627293681391
18.0,1.41,2.0,0.0027869820623185326
18.0,1.41,3.0,6.420181331012742e-10
18.0,1.41,4.0,-0.003774750544735972
18.0,1.41,5.0,-7.55798712845214e-15
18.0,1.41,6.0,-0.00347478498324022
18.0,1.41,7.0,0.012880151272961882
18.0,1.41,8.0,6.420181331012742e-10
18.0,1.41,9.0,-0.002910884899019972
18.0,1.41,10.0,0.0013302901569604286
18.0,1.41,11.0,6.420181331012742e-10
18.0,1.41,12.0,-0.009789105973583234
18.0,1.41,13.0,0.04631549338246521
18.0,1.41,14.0,-5.752780557451647e-07
18.0,1.41,15.0,0.001367424402468842
18.0,1.41,16.0,0.010949328795282987
18.0,1.41,17.0,-2.7247781228461834e-12
18.0,1.41,18.0,-0.0020496295222037775
18.0,1.41,19.0,-0.022002417919654405
18.0,1.41,20.0,0.026138083779989274
18.0,1.41,21.0,1.2067869203935544e-09
18.0,1.61,0.0,0.11443043253284035
18.0,1.61,1.0,0.005748627735040174
18.0,1.61,2.0,0.0027869824599247583
18.0,1.61,3.0,6.420181331012742e-10
18.0,1.61,4.0,-0.0037748650268775163
18.0,1.61,5.0,-7.55798712845214e-15
18.0,1.61,6.0,-0.0034747994818626338
18.0,1.61,7.0,0.012880166160472634
18.0,1.61,8.0,6.420181331012742e-10
18.0,1.61,9.0,-0.002910884762967303
18.0,1.61,10.0,0.0013303026487831993
18.0,1.61,11.0,6.420181331012742e-10
18.0,1.61,12.0,-0.009789135337846921
18.0,1.61,13.0,0.04631549487166253
18.0,1.61,14.0,-9.178308819308587e-07
18.0,1.61,15.0,0.0013674246460053385
18.0,1.61,16.0,0.010949299617961317
18.0,1.61,17.0,-2.7247781228461834e-12
18.0,1.61,18.0,-0.0020496835271158753
18.0,1.61,19.0,-0.02200242581853784
18.0,1.61,20.0,0.026138037278273463
18.0,1.61,21.0,1.2067869203935544e-09
18.0,1.81,0.0,0.11443043255063168
18.0,1.81,1.0,0.005748627742495682
18.0,1.81,2.0,0.0027869824693967926
18.0,1.81,3.0,6.420181331012742e-10
18.0,1.81,4.0,-0.0037749337291513863
18.0,1.81,5.0,-7.55798712845214e-15
18.0,1.81,6.0,-0.0034748066864050964
18.0,1.81,7.0,0.012880172939980478
18.0,1.81,8.0,6.420181331012742e-10
18.0,1.81,9.0,-0.002910884756967852
18.0,1.81,10.0,0.0013303083917546726
18.0,1.81,11.0,6.420181331012742e-10
18.0,1.81,12.0,-0.009789146623661593
18.0,1.81,13.0,0.04631549488636244
18.0,1.81,14.0,-1.2882935589087083e-06
18.0,1.81,15.0,0.0013674246525351708
18.0,1.81,16.0,0.010949288460190165
18.0,1.81,17.0,-2.7247781228461834e-12
18.0,1.81,18.0,-0.00204971344181315
18.0,1.81,19.0,-0.022002393276431054
18.0,1.81,20.0,0.026138017404889857
18.0,1.81,21.0,1.2067869203935544e-09
18.0,2.01,0.0,0.11443043255077712
18.0,2.01,1.0,0.005748627742720891
18.0,2.01,2.0,0.0027869824698363854
18.0,2.01,3.0,6.420181331012742e-10
18.0,2.01,4.0,-0.003774795217915683
18.0,2.01,5.0,-7.55798712845214e-15
18.0,2.01,6.0,-0.003474805883379062
18.0,2.01,7.0,0.012880173304615605
18.0,2.01,8.0,6.420181331012742e-10
18.0,2.01,9.0,-0.0029108847564816576
18.0,2.01,10.0,0.001330310796773787
18.0,2.01,11.0,6.420181331012742e-10
18.0,2.01,12.0,-0.009789182794382678
18.0,2.01,13.0,0.04631549488651909
18.0,2.01,14.0,1.0727292418481565e-06
18.0,2.01,15.0,0.001367424652892052
18.0,2.01,16.0,0.010949246700510229
18.0,2.01,17.0,-2.7247781228461834e-12
18.0,2.01,18.0,-0.002049676896414776
18.0,2.01,19.0,-0.022002820794657985
18.0,2.01,20.0,0.026137971487024014
18.0,2.01,21.0,1.2067869203935544e-09
18.0,2.21,0.0,0.114430432550779
18.0,2.21,1.0,0.005748627742754309
18.0,2.21,2.0,0.0027869824699224277
18.0,2.21,3.0,6.420181331012742e-10
18.0,2.21,4.0,-0.003774998538133456
18.0,2.21,5.0,-7.55798712845214e-15
18.0,2.21,6.0,-0.003474813797771703
18.0,2.21,7.0,0.012880179631232475
18.0,2.21,8.0,6.420181331012742e-10
18.0,2.21,9.0,-0.0029108847563358298
18.0,2.21,10.0,0.001330314067720953
18.0,2.21,11.0,6.420181331012742e-10
18.0,2.21,12.0,-0.009789158613767723
18.0,2.21,13.0,0.04631549488652209
18.0,2.21,14.0,-1.6008177414457586e-06
18.0,2.21,15.0,0.001367424652970961
18.0,2.21,16.0,0.010949276454332524
18.0,2.21,17.0,-2.7247781228461834e-12
18.0,2.21,18.0,-0.002049742204609406
18.0,2.21,19.0,-0.022002370875866095
18.0,2.21,20.0,0.026137996669522323
18.0,2.21,21.0,1.2067869203935544e-09
18.0,2.41,0.0,0.114430432550779
18.0,2.41,1.0,0.005748627742764578
18.0,2.41,2.0,0.0027869824699506274
18.0,2.41,3.0,6.420181331012742e-10
18.0,2.41,4.0,-0.0037749145094762016
18.0,2.41,5.0,-7.55798712845214e-15
18.0,2.41,6.0,-0.0034748129956878593
18.0,2.41,7.0,0.01288017953026338
18.0,2.41,8.0,6.420181331012742e-10
18.0,2.41,9.0,-0.0029108847562747397
18.0,2.41,10.0,0.0013303151993142859
18.0,2.41,11.0,6.420181331012742e-10
18.0,2.41,12.0,-0.00978917920844563
18.0,2.41,13.0,0.0463154948865222
18.0,2.41,14.0,-2.0551890044021862e-07
18.0,2.41,15.0,0.0013674246529980782
18.0,2.41,16.0,0.010949252590663483
18.0,2.41,17.0,-2.7247781228461834e-12
18.0,2.41,18.0,-0.0020497194909971928
18.0,2.41,19.0,-0.02200262194627778
18.0,2.41,20.0,0.02613797078282043
18.0,2.41,21.0,1.2067869203935544e-09
18.0,2.61,0.0,0.114430432550779
18.0,2.61,1.0,0.005748627742769574
18.0,2.61,2.0,0.0027869824699645607
18.0,2.61,3.0,6.420181331012742e-10
18.0,2.61,4.0,-0.0037749754567889537
18.0,2.61,5.0,-7.55798712845214e-15
18.0,2.61,6.0,-0.003474815922905883
18.0,2.61,7.0,0.012880181991418799
18.0,2.61,8.0,6.420181331012742e-10
18.0,2.61,9.0,-0.002910884756240628
18.0,2.61,10.0,0.0013303167343797079
18.0,2.61,11.0,6.420181331012742e-10
18.0,2.61,12.0,-0.009789174337905715
18.0,2.61,13.0,0.0463154948865222
18.0,2.61,14.0,-9.418181504386246e-07
18.0,2.61,15.0,0.0013674246530117062
18.0,2.61,16.0,0.010949258915470494
18.0,2.61,17.0,-2.7247781228461834e-12
18.0,2.61,18.0,-0.0020497400270323984
18.0,2.61,19.0,-0.022002501686015696
18.0,2.61,20.0,0.026137974858823965
18.0,2.61,21.0,1.2067869203935544e-09
18.0,2.81,0.0,0.114430432550779
18.0,2.81,1.0,0.005748627742772072
18.0,2.81,2.0,0.002786982469971555
18.0,2.81,3.0,6.420181331012742e-10
18.0,2.81,4.0,-0.0037750360948600736
18.0,2.81,5.0,-7.55798712845214e-15
18.0,2.81,6.0,-0.0034748185913080487
18.0,2.81,7.0,0.012880184191630395
18.0,2.81,8.0,6.420181331012742e-10
18.0,2.81,9.0,-0.0029108847562209494
18.0,2.81,10.0,0.0013303180158988903
18.0,2.81,11.0,6.420181331012742e-10
18.0,2.81,12.0,-0.009789168451003472
18.0,2.81,13.0,0.0463154948865222
18.0,2.81,14.0,-1.7027718286824357e-06
18.0,2.81,15.0,0.0013674246530187006
18.0,2.81,16.0,0.010949266343318498
18.0,2.81,17.0,-2.7247781228461834e-12
18.0,2.81,18.0,-0.0020497600381363945
18.0,2.81,19.0,-0.022002375645339134
18.0,2.81,20.0,0.026137980435241848
18.0,2.81,21.0,1.2067869203935544e-09
18.0,3.01,0.0,0.114430432550779
18.0,3.01,1.0,0.00574862774277346
18.0,3.01,2.0,0.0027869824699754964
18.0,3.01,3.0,6.420181331012742e-10
18.0,3.01,4.0,-0.003775058693449518
18.0,3.01,5.0,-7.55798712845214e-15
18.0,3.01,6.0,-0.0034748200552020547
18.0,3.01,7.0,0.01288018548950573
18.0,3.01,8.0,6.420181331012742e-10
18.0,3.01,9.0,-0.002910884756212123
18.0,3.01,10.0,0.0013303189637799279
18.0,3.01,11.0,6.420181331012742e-10
18.0,3.01,12.0,-0.009789168270317339
18.0,3.01,13.0,0.04631549488652209
18.0,3.01,14.0,-1.9312335582359823e-06
18.0,3.01,15.0,0.001367424653022642
18.0,3.01,16.0,0.010949266915020295
18.0,3.01,17.0,-2.7247781228461834e-12
18.0,3.01,18.0,-0.002049768308152511
18.0,3.01,19.0,-0.022002341039998097
18.0,3.01,20.0,0.026137979573427117
18.0,3.01,21.0,1.2067869203935544e-09
18.0,3.21,0.0,0.114430432550779
18.0,3.21,1.0,0.005748627742775209
18.0,3.21,2.0,0.0027869824699803813
18.0,3.21,3.0,6.420181331012742e-10
18.0,3.21,4.0,-0.003775048229704314
18.0,3.21,5.0,-7.55798712845214e-15
18.0,3.21,6.0,-0.003474820393089606
18.0,3.21,7.0,0.012880185922247434
18.0,3.21,8.0,6.420181331012742e-10
18.0,3.21,9.0,-0.00291088475619658
18.0,3.21,10.0,0.0013303195420194952
18.0,3.21,11.0,6.420181331012742e-10
18.0,3.21,12.0,-0.009789172718035755
18.0,3.21,13.0,0.04631549488652231
18.0,3.21,14.0,-1.705868147063642e-06
18.0,3.21,15.0,0.0013674246530274714
18.0,3.21,16.0,0.010949261888158146
18.0,3.21,17.0,-2.7247781228461834e-12
18.0,3.21,18.0,-0.0020497662393020866
18.0,3.21,19.0,-0.02200238387518738
18.0,3.21,20.0,0.026137973600872444
18.0,3.21,21.0,1.2067869203935544e-09
18.0,3.41,0.0,0.11443043255076046
18.0,3.41,1.0,0.005748627742774348
18.0,3.41,2.0,0.0027869824699823242
18.0,3.41,3.0,6.420181331012742e-10
18.0,3.41,4.0,-0.0037750429405692953
18.0,3.41,5.0,-7.55798712845214e-15
18.0,3.41,6.0,-0.0034748210141590796
18.0,3.41,7.0,0.012880186599674298
18.0,3.41,8.0,6.420181331012742e-10
18.0,3.41,9.0,-0.0029108847561902518
18.0,3.41,10.0,0.0013303202842858686
18.0,3.41,11.0,6.420181331012742e-10
18.0,3.41,12.0,-0.009789176891076112
18.0,3.41,13.0,0.046315494886535746
18.0,3.41,14.0,-1.5390989588038525e-06
18.0,3.41,15.0,0.0013674246530290535
18.0,3.41,16.0,0.010949257247720334
18.0,3.41,17.0,-2.7247781228461834e-12
18.0,3.41,18.0,-0.0020497659688492043
18.0,3.41,19.0,-0.022002417356098092
18.0,3.41,20.0,0.026137967769700232
18.0,3.41,21.0,1.2067869203935544e-09
18.0,3.61,0.0,0.11443043248928442
18.0,3.61,1.0,0.00574862773945764
18.0,3.61,2.0,0.0027869824713757096
18.0,3.61,3.0,6.420181331012742e-10
18.0,3.61,4.0,-0.0037748089335416513
18.0,3.61,5.0,-7.55798712845214e-15
18.0,3.61,6.0,-0.003474814836740947
18.0,3.61,7.0,0.012880182297009796
18.0,3.61,8.0,6.420181331012742e-10
18.0,3.61,9.0,-0.0029108847626722334
18.0,3.61,10.0,0.0013303194666886148
18.0,3.61,11.0,6.420181331012742e-10
18.0,3.61,12.0,-0.009789217290466279
18.0,3.61,13.0,0.046315494923961475
18.0,3.61,14.0,1.882478781106152e-06
18.0,3.61,15.0,0.0013674246535765044
18.0,3.61,16.0,0.010949209291365891
18.0,3.61,17.0,-2.7247781228461834e-12
18.0,3.61,18.0,-0.0020496958828768452
18.0,3.61,19.0,-0.022003012466088157
18.0,3.61,20.0,0.026137920431749673
18.0,3.61,21.0,1.2067869203935544e-09
18.0,3.81,0.0,0.11443033865000274
18.0,3.81,1.0,0.005748623890951682
18.0,3.81,2.0,0.0027869839686349707
18.0,3.81,3.0,6.420181331012742e-10
18.0,3.81,4.0,-0.003774886162789204
18.0,3.81,5.0,-7.55798712845214e-15
18.0,3.81,6.0,-0.003474816916059942
18.0,3.81,7.0,0.012880176874400906
18.0,3.81,8.0,6.420181331012742e-10
18.0,3.81,9.0,-0.0029108929977212927
18.0,3.81,10.0,0.0013303198856258885
18.0,3.81,11.0,6.420181331012742e-10
18.0,3.81,12.0,-0.009789194393462375
18.0,3.81,13.0,0.04631554360530443
18.0,3.81,14.0,7.117055528089229e-07
18.0,3.81,15.0,0.0013674252321587421
18.0,3.81,16.0,0.010949239710413838
18.0,3.81,17.0,-2.7247781228461834e-12
18.0,3.81,18.0,-0.002049724421113619
18.0,3.81,19.0,-0.022002837590988755
18.0,3.81,20.0,0.026137951927449055
18.0,3.81,21.0,1.2067869203935544e-09
18.0,4.01,0.0,0.11441214404813016
18.0,4.01,1.0,0.0057480219762847395
18.0,4.01,2.0,0.00278719176037584
18.0,4.01,3.0,6.420181331012742e-10
18.0,4.01,4.0,-0.0037747691542291406
18.0,4.01,5.0,-7.55798712845214e-15
18.0,4.01,6.0,-0.003474786955555753
18.0,4.01,7.0,0.012879067141786965
18.0,4.01,8.0,6.420181331012742e-10
18.0,4.01,9.0,-0.002912266523265483
18.0,4.01,10.0,0.001330351884019948
18.0,4.01,11.0,6.420181331012742e-10
18.0,4.01,12.0,-0.009787826347693429
18.0,4.01,13.0,0.04632377248728081
18.0,4.01,14.0,-1.843650469313843e-06
18.0,4.01,15.0,0.0013675017830803715
18.0,4.01,16.0,0.010951678492820638
18.0,4.01,17.0,-2.7247781228461834e-12
18.0,4.01,18.0,-0.002050461643439472
18.0,4.01,19.0,-0.022007225341089676
18.0,4.01,20.0,0.026140557365725847
18.0,4.01,21.0,1.2067869203935544e-09
19.0,0.01,0.0,0.0010919264613728497
19.0,0.01,1.0,2.4045021060348226e-06
19.0,0.01,2.0,3.327501384550735e-05
19.0,0.01,3.0,8.030839881989493e-10
19.0,0.01,4.0,-0.0008762379238377027
19.0,0.01,5.0,-0.0003256610423859885
19.0,0.01,6.0,-3.1537812529930376e-05
19.0,0.01,7.0,-0.0003215643286364478
19.0,0.01,8.0,8.030839881989493e-10
19.0,0.01,9.0,-0.0003442774309099228
19.0,0.01,10.0,-6.504406645260752e-05
19.0,0.01,11.0,8.030839881989493e-10
19.0,0.01,12.0,-0.00015709532187724307
19.0,0.01,13.0,3.061156083355998e-05
19.0,0.01,14.0,-9.860492180001795e-08
19.0,0.01,15.0,4.821537918919816e-08
19.0,0.01,16.0,-0.00028744492122165233
19.0,0.01,17.0,-0.00041277976690387574
19.0,0.01,18.0,0.00026501572919351846
19.0,0.01,19.0,-0.00018589859102691175
19.0,0.01,20.0,-0.00017778399936663192
19.0,0.01,21.0,1.3516174568461992e-09
19.0,0.21,0.0,0.028436702911195322
19.0,0.21,1.0,6.579275658027961e-05
19.0,0.21,2.0,0.0005447904618844646
19.0,0.21,3.0,8.030839881989493e-10
19.0,0.21,4.0,-0.013742445484069388
19.0,0.21,5.0,-0.006452320339269568
19.0,0.21,6.0,-0.0016672905130422355
19.0,0.21,7.0,-0.005630277790128563
19.0,0.21,8.0,8.030839881989493e-10
19.0,0.21,9.0,-0.0064625452393533706
19.0,0.21,10.0,-0.0013994452712413619
19.0,0.21,11.0,8.030839881989493e-10
19.0,0.21,12.0,-0.0020314697209573296
19.0,0.21,13.0,0.000554779933886862
19.0,0.21,14.0,-9.860492924108425e-08
19.0,0.21,15.0,8.034551677582602e-07
19.0,0.21,16.0,-0.005768204226397872
19.0,0.21,17.0,-0.00862628241400143
19.0,0.21,18.0,-0.006689927436631327
19.0,0.21,19.0,-0.0058475132288333675
19.0,0.21,20.0,0.0008745915562197726
19.0,0.21,21.0,1.3516174846017748e-09
19.0,0.41,0.0,0.05580321730273674
19.0,0.41,1.0,0.00012923254286567598
19.0,0.41,2.0,0.0010556551827537453
19.0,0.41,3.0,8.030839881989493e-10
19.0,0.41,4.0,-0.026587171415297844
19.0,0.41,5.0,-0.012577089115233142
19.0,0.41,6.0,-0.0033084566494825107
19.0,0.41,7.0,-0.010933729942829595
19.0,0.41,8.0,8.030839881989493e-10
19.0,0.41,9.0,-0.012577067657121507
19.0,0.41,10.0,-0.0027340056169826155
19.0,0.41,11.0,8.030839881989493e-10
19.0,0.41,12.0,-0.0039018941783877104
19.0,0.41,13.0,0.001078549775274773
19.0,0.41,14.0,-9.860493206038495e-08
19.0,0.41,15.0,1.5579445616364929e-06
19.0,0.41,16.0,-0.011247735320586733
19.0,0.41,17.0,-0.016840296128437876
19.0,0.41,18.0,-0.0136994058294988
19.0,0.41,19.0,-0.011519870817807643
19.0,0.41,20.0,0.0019455301854935936
19.0,0.41,21.0,1.3516174568461992e-09
19.0,0.61,0.0,0.08317352977758563
19.0,0.61,1.0,0.00019266884056073907
19.0,0.61,2.0,0.0015664938798926054
19.0,0.61,3.0,8.030839881989493e-10
19.0,0.61,4.0,-0.039423599402465065
19.0,0.61,5.0,-0.018701709626209845
19.0,0.61,6.0,-0.004949200146015881
19.0,0.61,7.0,-0.016236117945318373
19.0,0.61,8.0,8.030839881989493e-10
19.0,0.61,9.0,-0.018690022386623192
19.0,0.61,10.0,-0.004068544350014636
19.0,0.61,11.0,8.030839881989493e-10
19.0,0.61,12.0,-0.005772279143331005
19.0,0.61,13.0,0.0016022855480911369
19.0,0.61,14.0,-9.860493312491578e-08
19.0,0.61,15.0,2.3124913169081385e-06
19.0,0.61,16.0,-0.016726802386156703
19.0,0.61,17.0,-0.025053207119505372
19.0,0.61,18.0,-0.020695402892292714
19.0,0.61,19.0,-0.017191527821894037
19.0,0.61,20.0,0.0030126981535859576
19.0,0.61,21.0,1.3516174568461992e-09
19.0,0.81,0.0,0.11051089300009814
19.0,0.81,1.0,0.00025598874612001166
19.0,0.81,2.0,0.0020784922304773745
19.0,0.81,3.0,8.030839881989493e-10
19.0,0.81,4.0,-0.05228097012164726
19.0,0.81,5.0,-0.02482738922591063
19.0,0.81,6.0,-0.006585676266177759
19.0,0.81,7.0,-0.021545160587294415
19.0,0.81,8.0,8.030839881989493e-10
19.0,0.81,9.0,-0.024806963657294456
19.0,0.81,10.0,-0.00540287741310716
19.0,0.81,11.0,8.030839881989493e-10
19.0,0.81,12.0,-0.0076489697286129255
19.0,0.81,13.0,0.0021266809517360152
19.0,0.81,14.0,-9.860493357201538e-08
19.0,0.81,15.0,3.0687024281106368e-06
19.0,0.81,16.0,-0.0222075387478739
19.0,0.81,17.0,-0.033267933096546576
19.0,0.81,18.0,-0.027635948449018066
19.0,0.81,19.0,-0.022856765852817568
19.0,0.81,20.0,0.004052533750315834
19.0,0.81,21.0,1.3516174568461992e-09
19.0,1.01,0.0,0.1379880939598515
19.0,1.01,1.0,0.0003197294427115527
19.0,1.01,2.0,0.002586291173448385
19.0,1.01,3.0,8.030839881989493e-10
19.0,1.01,4.0,-0.06507851764995207
19.0,1.01,5.0,-0.0309492902031326
19.0,1.01,6.0,-0.00823627748875691
19.0,1.01,7.0,-0.026832944478866416
19.0,1.01,8.0,8.030839881989493e-10
19.0,1.01,9.0,-0.030909359714658344
19.0,1.01,10.0,-0.006737737929723792
19.0,1.01,11.0,8.030839881989493e-10
19.0,1.01,12.0,-0.009509984318990583
19.0,1.01,13.0,0.0026486717887581335
19.0,1.01,14.0,-9.860493373706704e-08
19.0,1.01,15.0,3.819705944152485e-06
19.0,1.01,16.0,-0.027681090766879995
19.0,1.01,17.0,-0.04147366976988229
19.0,1.01,18.0,-0.034746651623080715
19.0,1.01,19.0,-0.028544854205678566
19.0,1.01,20.0,0.005134127230911112
19.0,1.01,21.0,1.3516174568461992e-09
19.0,1.21,0.0,0.16544995673843105
19.0,1.21,1.0,0.00038343446811431314
19.0,1.21,2.0,0.0030944628891246273
19.0,1.21,3.0,8.030839881989493e-10
19.0,1.21,4.0,-0.07789180296702652
19.0,1.21,5.0,-0.037071699955996296
19.0,1.21,6.0,-0.009883814623058679
19.0,1.21,7.0,-0.03212395264417503
19.0,1.21,8.0,8.030839881989493e-10
19.0,1.21,9.0,-0.03701459635725882
19.0,1.21,10.0,-0.008072350608570422
19.0,1.21,11.0,8.030839881989493e-10
19.0,1.21,12.0,-0.01137549738125404
19.0,1.21,13.0,0.0031708810996923797
19.0,1.21,14.0,-9.860493380179969e-08
19.0,1.21,15.0,4.571085957111309e-06
19.0,1.21,16.0,-0.03315557230750513
19.0,1.21,17.0,-0.04967943400416652
19.0,1.21,18.0,-0.04182296761393428
19.0,1.21,19.0,-0.03422696707476028
19.0,1.21,20.0,0.006193031070513777
19.0,1.21,21.0,1.3516174568461992e-09
19.0,1.41,0.0,0.192907017840319
19.0,1.41,1.0,0.00044714618379465554
19.0,1.41,2.0,0.0036026536012860877
19.0,1.41,3.0,8.030839881989493e-10
19.0,1.41,4.0,-0.09070981741757173
19.0,1.41,5.0,-0.04319385040532893
19.0,1.41,6.0,-0.011529743799470388
19.0,1.41,7.0,-0.03741550350813724
19.0,1.41,8.0,8.030839881989493e-10
19.0,1.41,9.0,-0.0431208943875149
19.0,1.41,10.0,-0.009406706127525477
19.0,1.41,11.0,8.030839881989493e-10
19.0,1.41,12.0,-0.013241707475644737
19.0,1.41,13.0,0.003693118416614599
19.0,1.41,14.0,-9.860493381682906e-08
19.0,1.41,15.0,5.322338515550973e-06
19.0,1.41,16.0,-0.038630258955479016
19.0,1.41,17.0,-0.05788459850862404
19.0,1.41,18.0,-0.0488779560742898
19.0,1.41,19.0,-0.03990566406077162
19.0,1.41,20.0,0.007239585638681545
19.0,1.41,21.0,1.3516174846017748e-09
19.0,1.61,0.0,0.2204029855063982
19.0,1.61,1.0,0.0005110284659324837
19.0,1.61,2.0,0.0041093025017115425
19.0,1.61,3.0,8.030839881989493e-10
19.0,1.61,4.0,-0.10352243118729337
19.0,1.61,5.0,-0.04931399817905127
19.0,1.61,6.0,-0.013176604099407851
19.0,1.61,7.0,-0.04270236460784771
19.0,1.61,8.0,8.030839881989493e-10
19.0,1.61,9.0,-0.04922447676580896
19.0,1.61,10.0,-0.01074078744163301
19.0,1.61,11.0,8.030839881989493e-10
19.0,1.61,12.0,-0.015108473857944366
19.0,1.61,13.0,0.004214525096428445
19.0,1.61,14.0,-9.860493383381836e-08
19.0,1.61,15.0,6.071058196555068e-06
19.0,1.61,16.0,-0.044102477170320745
19.0,1.61,17.0,-0.06608550021355789
19.0,1.61,18.0,-0.05593469239247467
19.0,1.61,19.0,-0.045584309158642616
19.0,1.61,20.0,0.008250232317134287
19.0,1.61,21.0,1.3516174846017748e-09
19.0,1.81,0.0,0.2480133025767149
19.0,1.81,1.0,0.0005754235080641656
19.0,1.81,2.0,0.004611558469613253
19.0,1.81,3.0,8.030839881989493e-10
19.0,1.81,4.0,-0.11631928961889768
19.0,1.81,5.0,-0.05543070080562898
19.0,1.81,6.0,-0.01482684563329123
19.0,1.81,7.0,-0.047978059749891555
19.0,1.81,8.0,8.030839881989493e-10
19.0,1.81,9.0,-0.05532171872360486
19.0,1.81,10.0,-0.012074766080365784
19.0,1.81,11.0,8.030839881989493e-10
19.0,1.81,12.0,-0.016976756744487204
19.0,1.81,13.0,0.0047336492377048345
19.0,1.81,14.0,-9.860493384172716e-08
19.0,1.81,15.0,6.812029385128149e-06
19.0,1.81,16.0,-0.04956909792913816
19.0,1.81,17.0,-0.07427784548085593
19.0,1.81,18.0,-0.06300061230033399
19.0,1.81,19.0,-0.05126585067087516
19.0,1.81,20.0,0.009134137205033421
19.0,1.81,21.0,1.3516174290906235e-09
19.0,2.01,0.0,0.2755903462230351
19.0,2.01,1.0,0.0006399115718437598
19.0,2.01,2.0,0.005113488091938595
19.0,2.01,3.0,8.030839881989493e-10
19.0,2.01,4.0,-0.12912402434641873
19.0,2.01,5.0,-0.06154501504252401
19.0,2.01,6.0,-0.01647435557147306
19.0,2.01,7.0,-0.053253525503327015
19.0,2.01,8.0,8.030839881989493e-10
19.0,2.01,9.0,-0.06142122964982268
19.0,2.01,10.0,-0.013407670874300531
19.0,2.01,11.0,8.030839881989493e-10
19.0,2.01,12.0,-0.01884273208954168
19.0,2.01,13.0,0.005252799976843248
19.0,2.01,14.0,-9.860493384428508e-08
19.0,2.01,15.0,7.550264895017644e-06
19.0,2.01,16.0,-0.055036246438285405
19.0,2.01,17.0,-0.08246878573739248
19.0,2.01,18.0,-0.07006595362887247
19.0,2.01,19.0,-0.056939900630391976
19.0,2.01,20.0,0.00998212144483912
19.0,2.01,21.0,1.3516174568461992e-09
19.0,2.21,0.0,0.30301357737512086
19.0,2.21,1.0,0.0007038825454262487
19.0,2.21,2.0,0.005620430334511095
19.0,2.21,3.0,8.030839881989493e-10
19.0,2.21,4.0,-0.1419567739060917
19.0,2.21,5.0,-0.06765804716816613
19.0,2.21,6.0,-0.018113894606287068
19.0,2.21,7.0,-0.0585428992321175
19.0,2.21,8.0,8.030839881989493e-10
19.0,2.21,9.0,-0.06753047068034548
19.0,2.21,10.0,-0.014738854656695166
19.0,2.21,11.0,8.030839881989493e-10
19.0,2.21,12.0,-0.02071543658402014
19.0,2.21,13.0,0.0057747684496211316
19.0,2.21,14.0,-9.860493384426217e-08
19.0,2.21,15.0,8.295390861889906e-06
19.0,2.21,16.0,-0.06051014661222359
19.0,2.21,17.0,-0.09066702423191259
19.0,2.21,18.0,-0.07704184721230523
19.0,2.21,19.0,-0.06260336995607485
19.0,2.21,20.0,0.010827872038995545
19.0,2.21,21.0,1.3516174568461992e-09
19.0,2.41,0.0,0.330289361907212
19.0,2.41,1.0,0.0007670456440876383
19.0,2.41,2.0,0.006134202483690926
19.0,2.41,3.0,8.030839881989493e-10
19.0,2.41,4.0,-0.1548045709256503
19.0,2.41,5.0,-0.07376639983191445
19.0,2.41,6.0,-0.019746406560652824
19.0,2.41,7.0,-0.0638447648078189
19.0,2.41,8.0,8.030839881989493e-10
19.0,2.41,9.0,-0.07364498226199798
19.0,2.41,10.0,-0.016067463246576236
19.0,2.41,11.0,8.030839881989493e-10
19.0,2.41,12.0,-0.022590512350407516
19.0,2.41,13.0,0.0063002472375113805
19.0,2.41,14.0,-9.860493384269348e-08
19.0,2.41,15.0,9.053268007597204e-06
19.0,2.41,16.0,-0.06598911984721847
19.0,2.41,17.0,-0.09886903045473108
19.0,2.41,18.0,-0.0839532867894906
19.0,2.41,19.0,-0.06825792566407418
19.0,2.41,20.0,0.011795999130502277
19.0,2.41,21.0,1.3516174846017748e-09
19.0,2.61,0.0,0.3575273694653373
19.0,2.61,1.0,0.000829819528111092
19.0,2.61,2.0,0.006650943219967537
19.0,2.61,3.0,8.030839881989493e-10
19.0,2.61,4.0,-0.16763214799809725
19.0,2.61,5.0,-0.07986302015069771
19.0,2.61,6.0,-0.02137670360949903
19.0,2.61,7.0,-0.06914235906228489
19.0,2.61,8.0,8.030839881989493e-10
19.0,2.61,9.0,-0.07974990025370464
19.0,2.61,10.0,-0.017392493970382866
19.0,2.61,11.0,8.030839881989493e-10
19.0,2.61,12.0,-0.024454671773804615
19.0,2.61,13.0,0.006827103582893845
19.0,2.61,14.0,-9.860493383866852e-08
19.0,2.61,15.0,9.818562457936109e-06
19.0,2.61,16.0,-0.07146360154816604
19.0,2.61,17.0,-0.10706029134257565
19.0,2.61,18.0,-0.0909046287359983
19.0,2.61,19.0,-0.07390442040671785
19.0,2.61,20.0,0.012971418502744303
19.0,2.61,21.0,1.3516174846017748e-09
19.0,2.81,0.0,0.3847586965567547
19.0,2.81,1.0,0.0008924306653914638
19.0,2.81,2.0,0.007169246283893649
19.0,2.81,3.0,8.030839881989493e-10
19.0,2.81,4.0,-0.1804113810351569
19.0,2.81,5.0,-0.08593907725349634
19.0,2.81,6.0,-0.023003496940545626
19.0,2.81,7.0,-0.07442684218345355
19.0,2.81,8.0,8.030839881989493e-10
19.0,2.81,9.0,-0.08582782410353966
19.0,2.81,10.0,-0.018711792933128607
19.0,2.81,11.0,8.030839881989493e-10
19.0,2.81,12.0,-0.026296208842724572
19.0,2.81,13.0,0.007354740887134975
19.0,2.81,14.0,-9.860493380768634e-08
19.0,2.81,15.0,1.058840023573926e-05
19.0,2.81,16.0,-0.07692438999799348
19.0,2.81,17.0,-0.1152277218334767
19.0,2.81,18.0,-0.0979487474313055
19.0,2.81,19.0,-0.0795324342234009
19.0,2.81,20.0,0.014517690019580975
19.0,2.81,21.0,1.3516174846017748e-09
19.0,3.01,0.0,0.4121687295412209
19.0,3.01,1.0,0.0009559447382171404
19.0,3.01,2.0,0.0076814361057582214
19.0,3.01,3.0,8.030839881989493e-10
19.0,3.01,4.0,-0.19307949702990115
19.0,3.01,5.0,-0.09198026067524284
19.0,3.01,6.0,-0.02461596248624004
19.0,3.01,7.0,-0.07968694311423924
19.0,3.01,8.0,8.030839881989493e-10
19.0,3.01,9.0,-0.09183853655412438
19.0,3.01,10.0,-0.020023533227632284
19.0,3.01,11.0,8.030839881989493e-10
19.0,3.01,12.0,-0.028133965308677483
19.0,3.01,13.0,0.007879640157967271
19.0,3.01,14.0,-9.860493371277113e-08
19.0,3.01,15.0,1.1346212858448501e-05
19.0,3.01,16.0,-0.08234955655319262
19.0,3.01,17.0,-0.12334559464255293
19.0,3.01,18.0,-0.10487114945037784
19.0,3.01,19.0,-0.08511489234156866
19.0,3.01,20.0,0.015666053857591178
19.0,3.01,21.0,1.3516174846017748e-09
19.0,3.21,0.0,0.43965390843348967
19.0,3.21,1.0,0.0010196742397559078
19.0,3.21,2.0,0.00819495426882369
19.0,3.21,3.0,8.030839881989493e-10
19.0,3.21,4.0,-0.20549354384945417
19.0,3.21,5.0,-0.09796416073279768
19.0,3.21,6.0,-0.026186273630315254
19.0,3.21,7.0,-0.08492978553444598
19.0,3.21,8.0,8.030839881989493e-10
19.0,3.21,9.0,-0.09770819504997974
19.0,3.21,10.0,-0.021321336836565563
19.0,3.21,11.0,8.030839881989493e-10
19.0,3.21,12.0,-0.029928387890126723
19.0,3.21,13.0,0.008405992248440186
19.0,3.21,14.0,-9.86049335898077e-08
19.0,3.21,15.0,1.2106405649692231e-05
19.0,3.21,16.0,-0.08771514624108352
19.0,3.21,17.0,-0.13137738176795094
19.0,3.21,18.0,-0.1116782160380912
19.0,3.21,19.0,-0.09058148779793437
19.0,3.21,20.0,0.016922897935243486
19.0,3.21,21.0,1.3516174568461992e-09
19.0,3.41,0.0,0.4673141537419699
19.0,3.41,1.0,0.0010838634172440353
19.0,3.41,2.0,0.008711279801547761
19.0,3.41,3.0,8.030839881989493e-10
19.0,3.41,4.0,-0.2172357350355501
19.0,3.41,5.0,-0.10385109072664708
19.0,3.41,6.0,-0.027650768532996556
19.0,3.41,7.0,-0.09015720656094663
19.0,3.41,8.0,8.030839881989493e-10
19.0,3.41,9.0,-0.10327594931156425
19.0,3.41,10.0,-0.0225971345632571
19.0,3.41,11.0,8.030839881989493e-10
19.0,3.41,12.0,-0.03162677104239944
19.0,3.41,13.0,0.008935441061424576
19.0,3.41,14.0,-9.860493296764258e-08
19.0,3.41,15.0,1.2871028656408212e-05
19.0,3.41,16.0,-0.0929667466778717
19.0,3.41,17.0,-0.13923120513800494
19.0,3.41,18.0,-0.11813590460818763
19.0,3.41,19.0,-0.0957776190043674
19.0,3.41,20.0,0.018301532885224514
19.0,3.41,21.0,1.3516174568461992e-09
19.0,3.61,0.0,0.4953153630975034
19.0,3.61,1.0,0.0011488638575621601
19.0,3.61,2.0,0.009233445193069845
19.0,3.61,3.0,8.030839881989493e-10
19.0,3.61,4.0,-0.22738094330173958
19.0,3.61,5.0,-0.10958136552093939
19.0,3.61,6.0,-0.02888212941300805
19.0,3.61,7.0,-0.0953787243986832
19.0,3.61,8.0,8.030839881989493e-10
19.0,3.61,9.0,-0.108270227234342
19.0,3.61,10.0,-0.023839444613542038
19.0,3.61,11.0,8.030839881989493e-10
19.0,3.61,12.0,-0.03311362344005492
19.0,3.61,13.0,0.009471065537996398
19.0,3.61,14.0,-9.86049300714882e-08
19.0,3.61,15.0,1.364390058869458e-05
19.0,3.61,16.0,-0.09802249044223305
19.0,3.61,17.0,-0.14674225836776755
19.0,3.61,18.0,-0.12384407126155628
19.0,3.61,19.0,-0.10040382142685161
19.0,3.61,20.0,0.01994966276250071
19.0,3.61,21.0,1.3516174568461992e-09
19.0,3.81,0.0,0.5238535861879341
19.0,3.81,1.0,0.0012150606775662431
19.0,3.81,2.0,0.00976484981238046
19.0,3.81,3.0,8.030839881989493e-10
19.0,3.81,4.0,-0.2346477786670205
19.0,3.81,5.0,-0.11507599549389441
19.0,3.81,6.0,-0.02971364114920616
19.0,3.81,7.0,-0.10060035808562609
19.0,3.81,8.0,8.030839881989493e-10
19.0,3.81,9.0,-0.11234502225275214
19.0,3.81,10.0,-0.02503285697904395
19.0,3.81,11.0,8.030839881989493e-10
19.0,3.81,12.0,-0.03424330628149763
19.0,3.81,13.0,0.010016302967345292
19.0,3.81,14.0,-9.860486577275684e-08
19.0,3.81,15.0,1.4429114684827438e-05
19.0,3.81,16.0,-0.10278707032878978
19.0,3.81,17.0,-0.15370556937576219
19.0,3.81,18.0,-0.1282632390945012
19.0,3.81,19.0,-0.10407423721815573
19.0,3.81,20.0,0.021970786639979978
19.0,3.81,21.0,1.3516174568461992e-09
19.0,4.01,0.0,0.552908277891458
19.0,4.01,1.0,0.0012821951607698279
19.0,4.01,2.0,0.010305665775124317
19.0,4.01,3.0,8.030839881989493e-10
19.0,4.01,4.0,-0.23854556493648582
19.0,4.01,5.0,-0.1201855647323444
19.0,4.01,6.0,-0.030081263812620357
19.0,4.01,7.0,-0.10574483557113178
19.0,4.01,8.0,8.030839881989493e-10
19.0,4.01,9.0,-0.11522371850080036
19.0,4.01,10.0,-0.026142529546857307
19.0,4.01,11.0,8.030839881989493e-10
19.0,4.01,12.0,-0.03494998070755509
19.0,4.01,13.0,0.010570786241550084
19.0,4.01,14.0,-9.860475127946501e-08
19.0,4.01,15.0,1.5225363850207563e-05
19.0,4.01,16.0,-0.10715937747579773
19.0,4.01,17.0,-0.1599387129970224
19.0,4.01,18.0,-0.13124597266490745
19.0,4.01,19.0,-0.10660622097974268
19.0,4.01,20.0,0.024848699751049308
19.0,4.01,21.0,1.3516174568461992e-09
20.0,0.01,0.0,0.0011893855424237043
20.0,0.01,1.0,1.3174324491938005e-05
20.0,0.01,2.0,0.0007974517043299878
20.0,0.01,3.0,7.29052290759924e-10
20.0,0.01,4.0,-1.1942005589793414e-05
20.0,0.01,5.0,-8.00633462899325e-05
20.0,0.01,6.0,-4.337247081986906e-06
20.0,0.01,7.0,-0.0001342984591471419
20.0,0.01,8.0,7.29052290759924e-10
20.0,0.01,9.0,-0.00022424566486251019
20.0,0.01,10.0,-6.303240202387705e-05
20.0,0.01,11.0,7.29052290759924e-10
20.0,0.01,12.0,6.411791803206945e-05
20.0,0.01,13.0,7.653488124811925e-05
20.0,0.01,14.0,-3.748342623620498e-09
20.0,0.01,15.0,2.2333694974785434e-06
20.0,0.01,16.0,0.0003614984963596912
20.0,0.01,17.0,-9.405743634249841e-05
20.0,0.01,18.0,8.908632978626985e-05
20.0,0.01,19.0,-4.146390651074694e-05
20.0,0.01,20.0,7.036097992901835e-05
20.0,0.01,21.0,1.290737489112459e-09
20.0,0.21,0.0,0.03020951350169404
20.0,0.21,1.0,0.000403955249111021
20.0,0.21,2.0,0.011189676628045597
20.0,0.21,3.0,7.29052290759924e-10
20.0,0.21,4.0,0.001111881719485841
20.0,0.21,5.0,-0.0022685261085978736
20.0,0.21,6.0,-0.0005520249653638287
20.0,0.21,7.0,-0.00244878051085326
20.0,0.21,8.0,7.29052290759924e-10
20.0,0.21,9.0,-0.004213653041043014
20.0,0.21,10.0,-0.0011111614875150277
20.0,0.21,11.0,7.29052290759924e-10
20.0,0.21,12.0,0.00100030151950517
20.0,0.21,13.0,0.0014180704887419293
20.0,0.21,14.0,-3.748342629757004e-09
20.0,0.21,15.0,3.585907965675261e-05
20.0,0.21,16.0,0.0034280839867792956
20.0,0.21,17.0,-0.0020879688198552904
20.0,0.21,18.0,0.0014106721560149804
20.0,0.21,19.0,-0.0005423454317888821
20.0,0.21,20.0,0.001152670244760401
20.0,0.21,21.0,1.290737489112459e-09
20.0,0.41,0.0,0.05995507511911341
20.0,0.41,1.0,0.000813030291459127
20.0,0.41,2.0,0.020761468244753445
20.0,0.41,3.0,7.29052290759924e-10
20.0,0.41,4.0,0.002394219136439113
20.0,0.41,5.0,-0.0045258293607362
20.0,0.41,6.0,-0.001159327053504744
20.0,0.41,7.0,-0.004699465625837812
20.0,0.41,8.0,7.29052290759924e-10
20.0,0.41,9.0,-0.008135442567026308
20.0,0.41,10.0,-0.002136448883340303
20.0,0.41,11.0,7.29052290759924e-10
20.0,0.41,12.0,0.0018897519452111544
20.0,0.41,13.0,0.002732027347442767
20.0,0.41,14.0,-3.7483426313927904e-09
20.0,0.41,15.0,6.787377526362715e-05
20.0,0.41,16.0,0.005924441095151223
20.0,0.41,17.0,-0.004124000274959294
20.0,0.41,18.0,0.0026894478258192023
20.0,0.41,19.0,-0.0009970500145860262
20.0,0.41,20.0,0.002173392511667094
20.0,0.41,21.0,1.290737489112459e-09
20.0,0.61,0.0,0.08958022518401582
20.0,0.61,1.0,0.00121904454975591
20.0,0.61,2.0,0.030469828227852935
20.0,0.61,3.0,7.29052290759924e-10
20.0,0.61,4.0,0.003648967311985052
20.0,0.61,5.0,-0.006772835094348201
20.0,0.61,6.0,-0.00175634187785767
20.0,0.61,7.0,-0.0069612754186424985
20.0,0.61,8.0,7.29052290759924e-10
20.0,0.61,9.0,-0.012068319058288576
20.0,0.61,10.0,-0.0031653396223904895
20.0,0.61,11.0,7.29052290759924e-10
20.0,0.61,12.0,0.002787438989588914
20.0,0.61,13.0,0.004050644176370272
20.0,0.61,14.0,-3.748342631885199e-09
20.0,0.61,15.0,0.00010016452538047504
20.0,0.61,16.0,0.008517869263659272
20.0,0.61,17.0,-0.0061500169582362485
20.0,0.61,18.0,0.003975968418541809
20.0,0.61,19.0,-0.0014590840054106158
20.0,0.61,20.0,0.00320509995796997
20.0,0.61,21.0,1.290737489112459e-09
20.0,0.81,0.0,0.11914176146172889
20.0,0.81,1.0,0.0016233889495451126
20.0,0.81,2.0,0.040255285003311936
20.0,0.81,3.0,7.29052290759924e-10
20.0,0.81,4.0,0.004876334304857843
20.0,0.81,5.0,-0.009016645741597107
20.0,0.81,6.0,-0.0023479336151985275
20.0,0.81,7.0,-0.009233087289616582
20.0,0.81,8.0,7.29052290759924e-10
20.0,0.81,9.0,-0.016006599650005157
20.0,0.81,10.0,-0.004194634671803199
20.0,0.81,11.0,7.29052290759924e-10
20.0,0.81,12.0,0.0036906688106258523
20.0,0.81,13.0,0.005371729415805354
20.0,0.81,14.0,-3.748342632125478e-09
20.0,0.81,15.0,0.00013260183784916113
20.0,0.81,16.0,0.01117139245836618
20.0,0.81,17.0,-0.008151185466874489
20.0,0.81,18.0,0.005268655431114322
20.0,0.81,19.0,-0.001924367740080285
20.0,0.81,20.0,0.004245317048206798
20.0,0.81,21.0,1.290737489112459e-09
20.0,1.01,0.0,0.14870404714208457
20.0,1.01,1.0,0.0020275571088212985
20.0,1.01,2.0,0.05004357905717649
20.0,1.01,3.0,7.29052290759924e-10
20.0,1.01,4.0,0.006080474599425234
20.0,1.01,5.0,-0.011265363945859891
20.0,1.01,6.0,-0.002937983392092669
20.0,1.01,7.0,-0.011512523851293532
20.0,1.01,8.0,7.29052290759924e-10
20.0,1.01,9.0,-0.01994459898119376
20.0,1.01,10.0,-0.005221113434650426
20.0,1.01,11.0,7.29052290759924e-10
20.0,1.01,12.0,0.004596869385433883
20.0,1.01,13.0,0.006692891836071108
20.0,1.01,14.0,-3.748342632212044e-09
20.0,1.01,15.0,0.0001650509610497397
20.0,1.01,16.0,0.013844373326862891
20.0,1.01,17.0,-0.010116608543274397
20.0,1.01,18.0,0.0065650240440485175
20.0,1.01,19.0,-0.002388203991017135
20.0,1.01,20.0,0.00529195906550306
20.0,1.01,21.0,1.290737489112459e-09
20.0,1.21,0.0,0.1783206566608681
20.0,1.21,1.0,0.002433375567054419
20.0,1.21,2.0,0.05976077644538286
20.0,1.21,3.0,7.29052290759924e-10
20.0,1.21,4.0,0.007307343270198607
20.0,1.21,5.0,-0.013518255504073456
20.0,1.21,6.0,-0.003533353284428109
20.0,1.21,7.0,-0.013783302938480513
20.0,1.21,8.0,7.29052290759924e-10
20.0,1.21,9.0,-0.023878284387741297
20.0,1.21,10.0,-0.006246395783534975
20.0,1.21,11.0,7.29052290759924e-10
20.0,1.21,12.0,0.005497902447437003
20.0,1.21,13.0,0.00801178956849219
20.0,1.21,14.0,-3.7483426322467965e-09
20.0,1.21,15.0,0.00019736128119882124
20.0,1.21,16.0,0.01646733062160427
20.0,1.21,17.0,-0.012098463879819499
20.0,1.21,18.0,0.007854561445816255
20.0,1.21,19.0,-0.0028492805951124134
20.0,1.21,20.0,0.0063321340607705445
20.0,1.21,21.0,1.290737489112459e-09
20.0,1.41,0.0,0.207949644714633
20.0,1.41,1.0,0.002839536644535734
20.0,1.41,2.0,0.06945693798211705
20.0,1.41,3.0,7.29052290759924e-10
20.0,1.41,4.0,0.00854431002298306
20.0,1.41,5.0,-0.015770388587230733
20.0,1.41,6.0,-0.004129747948723395
20.0,1.41,7.0,-0.016049970441319616
20.0,1.41,8.0,7.29052290759924e-10
20.0,1.41,9.0,-0.027811384357446067
20.0,1.41,10.0,-0.00727238014276918
20.0,1.41,11.0,7.29052290759924e-10
20.0,1.41,12.0,0.006397428157378177
20.0,1.41,13.0,0.009330216273989111
20.0,1.41,14.0,-3.748342632260124e-09
20.0,1.41,15.0,0.0002296414284156112
20.0,1.41,16.0,0.019074179622829368
20.0,1.41,17.0,-0.01409461315740701
20.0,1.41,18.0,0.009142277040586122
20.0,1.41,19.0,-0.003310088290590596
20.0,1.41,20.0,0.007369544602277234
20.0,1.41,21.0,1.290737489112459e-09
20.0,1.61,0.0,0.23758415513562275
20.0,1.61,1.0,0.0032458880352661534
20.0,1.61,2.0,0.07914051602923133
20.0,1.61,3.0,7.29052290759924e-10
20.0,1.61,4.0,0.009799735421772149
20.0,1.61,5.0,-0.01801869996885458
20.0,1.61,6.0,-0.00472713383431822
20.0,1.61,7.0,-0.018310012877799736
20.0,1.61,8.0,7.29052290759924e-10
20.0,1.61,9.0,-0.03174435178520893
20.0,1.61,10.0,-0.00830061273601912
20.0,1.61,11.0,7.29052290759924e-10
20.0,1.61,12.0,0.007294701825396488
20.0,1.61,13.0,0.010648399164930322
20.0,1.61,14.0,-3.748342632264557e-09
20.0,1.61,15.0,0.00026190421886135296
20.0,1.61,16.0,0.02166132752625366
20.0,1.61,17.0,-0.016120365367615574
20.0,1.61,18.0,0.01042758084386708
20.0,1.61,19.0,-0.0037715451222427587
20.0,1.61,20.0,0.008401657985716682
20.0,1.61,21.0,1.290737489112459e-09
20.0,1.81,0.0,0.26721605583357194
20.0,1.81,1.0,0.00365220133775912
20.0,1.81,2.0,0.08882398542671899
20.0,1.81,3.0,7.29052290759924e-10
20.0,1.81,4.0,0.011074151170523905
20.0,1.81,5.0,-0.020261905316393075
20.0,1.81,6.0,-0.005325076079169211
20.0,1.81,7.0,-0.020563930893244237
20.0,1.81,8.0,7.29052290759924e-10
20.0,1.81,9.0,-0.03567772197544096
20.0,1.81,10.0,-0.009331639881965337
20.0,1.81,11.0,7.29052290759924e-10
20.0,1.81,12.0,0.008189920849456134
20.0,1.81,13.0,0.011966659017331072
20.0,1.81,14.0,-3.748342632263377e-09
20.0,1.81,15.0,0.00029416988095259944
20.0,1.81,16.0,0.024232656051494494
20.0,1.81,17.0,-0.01817835085686975
20.0,1.81,18.0,0.011710793448756252
20.0,1.81,19.0,-0.0042342653827364685
20.0,1.81,20.0,0.00942825418870058
20.0,1.81,21.0,1.290737489112459e-09
20.0,2.01,0.0,0.2968390589934928
20.0,2.01,1.0,0.004058281777285955
20.0,2.01,2.0,0.09851870393356144
20.0,2.01,3.0,7.29052290759924e-10
20.0,2.01,4.0,0.01235651452562403
20.0,2.01,5.0,-0.022501852186372073
20.0,2.01,6.0,-0.005922764902853317
20.0,2.01,7.0,-0.02281588277045013
20.0,2.01,8.0,7.29052290759924e-10
20.0,2.01,9.0,-0.039611862975803255
20.0,2.01,10.0,-0.010364410775443922
20.0,2.01,11.0,7.29052290759924e-10
20.0,2.01,12.0,0.009084563530927792
20.0,2.01,13.0,0.013285270093358031
20.0,2.01,14.0,-3.748342632253153e-09
20.0,2.01,15.0,0.000326456458813712
20.0,2.01,16.0,0.02680109110078399
20.0,2.01,17.0,-0.02025317350387168
20.0,2.01,18.0,0.01299350451469905
20.0,2.01,19.0,-0.004698093877922249
20.0,2.01,20.0,0.010452471979937483
20.0,2.01,21.0,1.290737489112459e-09
20.0,2.21,0.0,0.3264400922598301
20.0,2.21,1.0,0.004463731085895428
20.0,2.21,2.0,0.10824847401478799
20.0,2.21,3.0,7.29052290759924e-10
20.0,2.21,4.0,0.013577375242231793
20.0,2.21,5.0,-0.024751946343744113
20.0,2.21,6.0,-0.006515945141409296
20.0,2.21,7.0,-0.0250862939271837
20.0,2.21,8.0,7.29052290759924e-10
20.0,2.21,9.0,-0.0435476190810242
20.0,2.21,10.0,-0.011392336949467424
20.0,2.21,11.0,7.29052290759924e-10
20.0,2.21,12.0,0.00998745422787295
20.0,2.21,13.0,0.014604869313518815
20.0,2.21,14.0,-3.748342632158397e-09
20.0,2.21,15.0,0.0003588029996248465
20.0,2.21,16.0,0.02943738436929988
20.0,2.21,17.0,-0.02224753739494917
20.0,2.21,18.0,0.014287541851462526
20.0,2.21,19.0,-0.0051604013625467515
20.0,2.21,20.0,0.011492125996612146
20.0,2.21,21.0,1.290737489112459e-09
20.0,2.41,0.0,0.3560805048558659
20.0,2.41,1.0,0.004870378048656476
20.0,2.41,2.0,0.11791246907607889
20.0,2.41,3.0,7.29052290759924e-10
20.0,2.41,4.0,0.015034626755941749
20.0,2.41,5.0,-0.02695866469118552
20.0,2.41,6.0,-0.007122939107118587
20.0,2.41,7.0,-0.027291563790989598
20.0,2.41,8.0,7.29052290759924e-10
20.0,2.41,9.0,-0.047481078209644506
20.0,2.41,10.0,-0.012444080427375215
20.0,2.41,11.0,7.29052290759924e-10
20.0,2.41,12.0,0.010861233079236116
20.0,2.41,13.0,0.015922725118949765
20.0,2.41,14.0,-3.748342632153974e-09
20.0,2.41,15.0,0.00039103927128456006
20.0,2.41,16.0,0.031839818903366346
20.0,2.41,17.0,-0.024564932525728223
20.0,2.41,18.0,0.015543108393232974
20.0,2.41,19.0,-0.005632375025535236
20.0,2.41,20.0,0.01247090654179045
20.0,2.41,21.0,1.290737489112459e-09
20.0,2.61,0.0,0.3857007375669231
20.0,2.61,1.0,0.00527643889439583
20.0,2.61,2.0,0.12760816286255328
20.0,2.61,3.0,7.29052290759924e-10
20.0,2.61,4.0,0.016496856041746222
20.0,2.61,5.0,-0.029159916603916425
20.0,2.61,6.0,-0.0077283601224562015
20.0,2.61,7.0,-0.029494852305531005
20.0,2.61,8.0,7.29052290759924e-10
20.0,2.61,9.0,-0.05141576701294788
20.0,2.61,10.0,-0.013497540332630287
20.0,2.61,11.0,7.29052290759924e-10
20.0,2.61,12.0,0.011735058393608777
20.0,2.61,13.0,0.017241388534494834
20.0,2.61,14.0,-3.748342632199124e-09
20.0,2.61,15.0,0.0004233278415120001
20.0,2.61,16.0,0.034243550154666125
20.0,2.61,17.0,-0.0269066606424479
20.0,2.61,18.0,0.01679986189500743
20.0,2.61,19.0,-0.00610523711660374
20.0,2.61,20.0,0.013446542228101488
20.0,2.61,21.0,1.290737489112459e-09
20.0,2.81,0.0,0.4152831011593095
20.0,2.81,1.0,0.005681313748002181
20.0,2.81,2.0,0.1373669227506648
20.0,2.81,3.0,7.29052290759924e-10
20.0,2.81,4.0,0.017666514035500347
20.0,2.81,5.0,-0.0314202219693869
20.0,2.81,6.0,-0.008318903314440573
20.0,2.81,7.0,-0.03178276277474121
20.0,2.81,8.0,7.29052290759924e-10
20.0,2.81,9.0,-0.055352374419849235
20.0,2.81,10.0,-0.014517905574224221
20.0,2.81,11.0,7.29052290759924e-10
20.0,2.81,12.0,0.012643959593231224
20.0,2.81,13.0,0.018561698760852535
20.0,2.81,14.0,-3.748342632226966e-09
20.0,2.81,15.0,0.0004557215376503887
20.0,2.81,16.0,0.036937886294797606
20.0,2.81,17.0,-0.02881191657912302
20.0,2.81,18.0,0.018098063962186384
20.0,2.81,19.0,-0.006566007621205655
20.0,2.81,20.0,0.014503254818227673
20.0,2.81,21.0,1.290737489112459e-09
20.0,3.01,0.0,0.4448807411638028
20.0,3.01,1.0,0.006086669801331879
20.0,3.01,2.0,0.14710270557070187
20.0,3.01,3.0,7.29052290759924e-10
20.0,3.01,4.0,0.01897521925657375
20.0,3.01,5.0,-0.03365237787654013
20.0,3.01,6.0,-0.00891634139242431
20.0,3.01,7.0,-0.034030936554830776
20.0,3.01,8.0,7.29052290759924e-10
20.0,3.01,9.0,-0.059288409753586804
20.0,3.01,10.0,-0.015553563377715629
20.0,3.01,11.0,7.29052290759924e-10
20.0,3.01,12.0,0.013536525282432738
20.0,3.01,13.0,0.01988148332105863
20.0,3.01,14.0,-3.748342632139643e-09
20.0,3.01,15.0,0.000488079966954158
20.0,3.01,16.0,0.03949529692639109
20.0,3.01,17.0,-0.030924511606948812
20.0,3.01,18.0,0.019375877877909675
20.0,3.01,19.0,-0.007032354770956678
20.0,3.01,20.0,0.015522753490859853
20.0,3.01,21.0,1.2907374613568834e-09
20.0,3.21,0.0,0.4744696206136105
20.0,3.21,1.0,0.006491685273555647
20.0,3.21,2.0,0.15684435740227948
20.0,3.21,3.0,7.29052290759924e-10
20.0,3.21,4.0,0.020172436522685577
20.0,3.21,5.0,-0.03590958269266459
20.0,3.21,6.0,-0.009507172939910324
20.0,3.21,7.0,-0.0363130158503597
20.0,3.21,8.0,7.29052290759924e-10
20.0,3.21,9.0,-0.06322050928491522
20.0,3.21,10.0,-0.016576572715355148
20.0,3.21,11.0,7.29052290759924e-10
20.0,3.21,12.0,0.014442716692997931
20.0,3.21,13.0,0.021201115513561936
20.0,3.21,14.0,-3.748342631844633e-09
20.0,3.21,15.0,0.0005204277271811941
20.0,3.21,16.0,0.04216543490420954
20.0,3.21,17.0,-0.03285626799918051
20.0,3.21,18.0,0.020670993975682506
20.0,3.21,19.0,-0.007493613144645805
20.0,3.21,20.0,0.016573476966778522
20.0,3.21,21.0,1.290737489112459e-09
20.0,3.41,0.0,0.5033400064072966
20.0,3.41,1.0,0.006884255768430436
20.0,3.41,2.0,0.1663230322054014
20.0,3.41,3.0,7.29052290759924e-10
20.0,3.41,4.0,0.02135356294818752
20.0,3.41,5.0,-0.03809140379460785
20.0,3.41,6.0,-0.010072273162225809
20.0,3.41,7.0,-0.038515897918001085
20.0,3.41,8.0,7.29052290759924e-10
20.0,3.41,9.0,-0.06701481149941442
20.0,3.41,10.0,-0.017562687585874842
20.0,3.41,11.0,7.29052290759924e-10
20.0,3.41,12.0,0.015320904278163794
20.0,3.41,13.0,0.022483798913306402
20.0,3.41,14.0,-3.748342631844948e-09
20.0,3.41,15.0,0.0005516294403799249
20.0,3.41,16.0,0.044779601575754946
20.0,3.41,17.0,-0.03473521720729511
20.0,3.41,18.0,0.02193133523288726
20.0,3.41,19.0,-0.007937586326738105
20.0,3.41,20.0,0.017594713830098863
20.0,3.41,21.0,1.290737489112459e-09
20.0,3.61,0.0,0.5214164742669665
20.0,3.61,1.0,0.007129618036289587
20.0,3.61,2.0,0.17225074577101446
20.0,3.61,3.0,7.29052290759924e-10
20.0,3.61,4.0,0.02209040754061814
20.0,3.61,5.0,-0.039456132062880955
20.0,3.61,6.0,-0.010424508606566296
20.0,3.61,7.0,-0.039893926797004625
20.0,3.61,8.0,7.29052290759924e-10
20.0,3.61,9.0,-0.06938367285441116
20.0,3.61,10.0,-0.018178719821581174
20.0,3.61,11.0,7.29052290759924e-10
20.0,3.61,12.0,0.01587030607191431
20.0,3.61,13.0,0.023285898004233002
20.0,3.61,14.0,-3.748342631593811e-09
20.0,3.61,15.0,0.0005711142712119255
20.0,3.61,16.0,0.04642034949061452
20.0,3.61,17.0,-0.03590348826311163
20.0,3.61,18.0,0.02272050695406297
20.0,3.61,19.0,-0.008214965473787389
20.0,3.61,20.0,0.018234148050544297
20.0,3.61,21.0,1.290737489112459e-09
20.0,3.81,0.0,0.5236553952460858
20.0,3.81,1.0,0.007164828035230164
20.0,3.81,2.0,0.17302217298701955
20.0,3.81,3.0,7.29052290759924e-10
20.0,3.81,4.0,0.022148917429744175
20.0,3.81,5.0,-0.03965743544844799
20.0,3.81,6.0,-0.010487062917165224
20.0,3.81,7.0,-0.040099526980829525
20.0,3.81,8.0,7.29052290759924e-10
20.0,3.81,9.0,-0.06975078631166029
20.0,3.81,10.0,-0.018275050602599346
20.0,3.81,11.0,7.29052290759924e-10
20.0,3.81,12.0,0.015949707121157536
20.0,3.81,13.0,0.02339371956293393
20.0,3.81,14.0,-3.748342631444555e-09
20.0,3.81,15.0,0.000574143331564525
20.0,3.81,16.0,0.04661171974311923
20.0,3.81,17.0,-0.03606933531838857
20.0,3.81,18.0,0.022828709868422947
20.0,3.81,19.0,-0.008257984958130127
20.0,3.81,20.0,0.01831988347290603
20.0,3.81,21.0,1.290737489112459e-09
20.0,4.01,0.0,0.5237058178191929
20.0,4.01,1.0,0.007165975183012818
20.0,4.01,2.0,0.17304175892459578
20.0,4.01,3.0,7.29052290759924e-10
20.0,4.01,4.0,0.022139855990239488
20.0,4.01,5.0,-0.03966599930204784
20.0,4.01,6.0,-0.010491205435044892
20.0,4.01,7.0,-0.04010880469026559
20.0,4.01,8.0,7.29052290759924e-10
20.0,4.01,9.0,-0.06976829364090194
20.0,4.01,10.0,-0.01827861745410367
20.0,4.01,11.0,7.29052290759924e-10
20.0,4.01,12.0,0.015952442619640822
20.0,4.01,13.0,0.02339670982658379
20.0,4.01,14.0,-3.7483426313517e-09
20.0,4.01,15.0,0.0005742634994374274
20.0,4.01,16.0,0.04661730054339136
20.0,4.01,17.0,-0.03606873277232869
20.0,4.01,18.0,0.022831755891527306
20.0,4.01,19.0,-0.00826015534584551
20.0,4.01,20.0,0.018322835969719176
20.0,4.01,21.0,1.290737489112459e-09
21.0,0.01,0.0,0.0017731365398092058
21.0,0.01,1.0,0.0001278479266463295
21.0,0.01,2.0,-2.880456566262124e-05
21.0,0.01,3.0,8.191530231904665e-10
21.0,0.01,4.0,-0.0003654016055690823
21.0,0.01,5.0,-0.00026302814547074505
21.0,0.01,6.0,-3.353144467194147e-05
21.0,0.01,7.0,-0.00015632353246586295
21.0,0.01,8.0,8.191530231904665e-10
21.0,0.01,9.0,2.179824823891896e-05
21.0,0.01,10.0,3.086300459270719e-05
21.0,0.01,11.0,8.191530231904665e-10
21.0,0.01,12.0,-0.00012132904348546858
21.0,0.01,13.0,0.0001704960575638348
21.0,0.01,14.0,-0.0015247185915492935
21.0,0.01,15.0,-7.996083607964e-06
21.0,0.01,16.0,-0.00041878370026532385
21.0,0.01,17.0,-0.00011745605346547006
21.0,0.01,18.0,6.547882023406892e-05
21.0,0.01,19.0,-0.0006283377791488631
21.0,0.01,20.0,-0.00014103718596253367
21.0,0.01,21.0,1.1521634757372112e-09
21.0,0.21,0.0,0.030603248773912628
21.0,0.21,1.0,0.0012207874173097433
21.0,0.21,2.0,0.001825984163385197
21.0,0.21,3.0,8.191530231904665e-10
21.0,0.21,4.0,-0.0067575057829267204
21.0,0.21,5.0,-0.0017558144838908385
21.0,0.21,6.0,-0.002089395050015319
21.0,0.21,7.0,-0.0043264674939447745
21.0,0.21,8.0,8.191530231904665e-10
21.0,0.21,9.0,-0.001684667055533412
21.0,0.21,10.0,-1.8433860227012877e-05
21.0,0.21,11.0,8.191530231904665e-10
21.0,0.21,12.0,-0.004242332608998478
21.0,0.21,13.0,0.007934558683482085
21.0,0.21,14.0,-0.01171203417391484
21.0,0.21,15.0,0.000185446624964003
21.0,0.21,16.0,-0.011713493488501148
21.0,0.21,17.0,-0.003438012025344689
21.0,0.21,18.0,-0.0013454178743397688
21.0,0.21,19.0,-0.01251949357713375
21.0,0.21,20.0,0.0108818417694993
21.0,0.21,21.0,1.1521635034927868e-09
21.0,0.41,0.0,0.06077812174262559
21.0,0.41,1.0,0.0024390279795665215
21.0,0.41,2.0,0.003546072717109716
21.0,0.41,3.0,8.191530231904665e-10
21.0,0.41,4.0,-0.013941936827256807
21.0,0.41,5.0,-0.003311240291406614
21.0,0.41,6.0,-0.004298960892295728
21.0,0.41,7.0,-0.008414289555316395
21.0,0.41,8.0,8.191530231904665e-10
21.0,0.41,9.0,-0.003247575925562185
21.0,0.41,10.0,-3.543010619605491e-05
21.0,0.41,11.0,8.191530231904665e-10
21.0,0.41,12.0,-0.008680813501519585
21.0,0.41,13.0,0.015459945549806509
21.0,0.41,14.0,-0.017165183181475016
21.0,0.41,15.0,0.0003611710797404022
21.0,0.41,16.0,-0.023008930052195356
21.0,0.41,17.0,-0.006698683724182947
21.0,0.41,18.0,-0.003325425542367741
21.0,0.41,19.0,-0.023808976510739502
21.0,0.41,20.0,0.020749121170818008
21.0,0.41,21.0,1.1521635034927868e-09
21.0,0.61,0.0,0.09109498610847877
21.0,0.61,1.0,0.0036450641333217737
21.0,0.61,2.0,0.005326003414506397
21.0,0.61,3.0,8.191530231904665e-10
21.0,0.61,4.0,-0.021542805398959808
21.0,0.61,5.0,-0.004829703621713921
21.0,0.61,6.0,-0.006704630605402606
21.0,0.61,7.0,-0.012558281982540276
21.0,0.61,8.0,8.191530231904665e-10
21.0,0.61,9.0,-0.0048712056377611945
21.0,0.61,10.0,-4.139875790307168e-05
21.0,0.61,11.0,8.191530231904665e-10
21.0,0.61,12.0,-0.013343669244396922
21.0,0.61,13.0,0.023159123400531667
21.0,0.61,14.0,-0.018712149533511205
21.0,0.61,15.0,0.0005439667951336602
21.0,0.61,16.0,-0.03451726779719258
21.0,0.61,17.0,-0.009995743918849803
21.0,0.61,18.0,-0.005748782057099902
21.0,0.61,19.0,-0.034763445167327406
21.0,0.61,20.0,0.030882850502059966
21.0,0.61,21.0,1.1521635034927868e-09
21.0,0.81,0.0,0.12123876006695844
21.0,0.81,1.0,0.004831619069453341
21.0,0.81,2.0,0.007149624097101348
21.0,0.81,3.0,8.191530231904665e-10
21.0,0.81,4.0,-0.02927569082543613
21.0,0.81,5.0,-0.006340874983881639
21.0,0.81,6.0,-0.009184892395016298
21.0,0.81,7.0,-0.016740761326041492
21.0,0.81,8.0,8.191530231904665e-10
21.0,0.81,9.0,-0.006541371829203335
21.0,0.81,10.0,-4.030923196646219e-05
21.0,0.81,11.0,8.191530231904665e-10
21.0,0.81,12.0,-0.018075613399250012
21.0,0.81,13.0,0.031002015981891812
21.0,0.81,14.0,-0.018983783962913225
21.0,0.81,15.0,0.0007313577113778613
21.0,0.81,16.0,-0.04611858935506641
21.0,0.81,17.0,-0.013315182522764368
21.0,0.81,18.0,-0.008335606115846037
21.0,0.81,19.0,-0.045618785213072624
21.0,0.81,20.0,0.041339813234166356
21.0,0.81,21.0,1.1521635034927868e-09
21.0,1.01,0.0,0.1518898388224632
21.0,1.01,1.0,0.006057094562203713
21.0,1.01,2.0,0.008918903591295047
21.0,1.01,3.0,8.191530231904665e-10
21.0,1.01,4.0,-0.03707482906612941
21.0,1.01,5.0,-0.007846451460132187
21.0,1.01,6.0,-0.011666639361209402
21.0,1.01,7.0,-0.020875011723794523
21.0,1.01,8.0,8.191530231904665e-10
21.0,1.01,9.0,-0.008149404424955098
21.0,1.01,10.0,-3.9696546860756854e-05
21.0,1.01,11.0,8.191530231904665e-10
21.0,1.01,12.0,-0.022853403736481204
21.0,1.01,13.0,0.038675575130848516
21.0,1.01,14.0,-0.019021448826243435
21.0,1.01,15.0,0.0009132254194892941
21.0,1.01,16.0,-0.05767315554374801
21.0,1.01,17.0,-0.016605091858397175
21.0,1.01,18.0,-0.010960673962765649
21.0,1.01,19.0,-0.056400496142523834
21.0,1.01,20.0,0.05129374990235919
21.0,1.01,21.0,1.1521635034927868e-09
21.0,1.21,0.0,0.18246051161462729
21.0,1.21,1.0,0.0072750522182562505
21.0,1.21,2.0,0.010699751606779329
21.0,1.21,3.0,8.191530231904665e-10
21.0,1.21,4.0,-0.04486731740425304
21.0,1.21,5.0,-0.009350081078612016
21.0,1.21,6.0,-0.01415477908463375
21.0,1.21,7.0,-0.025018238965195033
21.0,1.21,8.0,8.191530231904665e-10
21.0,1.21,9.0,-0.009769688362634116
21.0,1.21,10.0,-3.870472604641795e-05
21.0,1.21,11.0,8.191530231904665e-10
21.0,1.21,12.0,-0.027629532221719072
21.0,1.21,13.0,0.04638381547635201
21.0,1.21,14.0,-0.019026163182377896
21.0,1.21,15.0,0.0010963083767907278
21.0,1.21,16.0,-0.06924392395066091
21.0,1.21,17.0,-0.01990035010227395
21.0,1.21,18.0,-0.0135921126428864
21.0,1.21,19.0,-0.0671888717458122
21.0,1.21,20.0,0.061352417626250266
21.0,1.21,21.0,1.1521635034927868e-09
21.0,1.41,0.0,0.2126253019423448
21.0,1.41,1.0,0.00846245204459134
21.0,1.41,2.0,0.012523310402333343
21.0,1.41,3.0,8.191530231904665e-10
21.0,1.41,4.0,-0.052647229529309336
21.0,1.41,5.0,-0.01086156435152169
21.0,1.41,6.0,-0.01665045383535438
21.0,1.41,7.0,-0.029197998487269283
21.0,1.41,8.0,8.191530231904665e-10
21.0,1.41,9.0,-0.011438232329825632
21.0,1.41,10.0,-3.515241015913939e-05
21.0,1.41,11.0,8.191530231904665e-10
21.0,1.41,12.0,-0.03238489547190471
21.0,1.41,13.0,0.0542359346326029
21.0,1.41,14.0,-0.019026724453338223
21.0,1.41,15.0,0.0012837930527336006
21.0,1.41,16.0,-0.08084884240649154
21.0,1.41,17.0,-0.023216845587150536
21.0,1.41,18.0,-0.01622501860908368
21.0,1.41,19.0,-0.07800511136752519
21.0,1.41,20.0,0.07179723883535466
21.0,1.41,21.0,1.1521635034927868e-09
21.0,1.61,0.0,0.24280990206745096
21.0,1.61,1.0,0.009649377704817386
21.0,1.61,2.0,0.014346071629712465
21.0,1.61,3.0,8.191530231904665e-10
21.0,1.61,4.0,-0.06043361479090456
21.0,1.61,5.0,-0.012375932360253972
21.0,1.61,6.0,-0.019144844558086516
21.0,1.61,7.0,-0.033376215499165085
21.0,1.61,8.0,8.191530231904665e-10
21.0,1.61,9.0,-0.013104758669379934
21.0,1.61,10.0,-3.177117263930551e-05
21.0,1.61,11.0,8.191530231904665e-10
21.0,1.61,12.0,-0.037140201058265515
21.0,1.61,13.0,0.06208723070781991
21.0,1.61,14.0,-0.019026789142223024
21.0,1.61,15.0,0.001471360452950321
21.0,1.61,16.0,-0.09245048929955532
21.0,1.61,17.0,-0.026532456786794972
21.0,1.61,18.0,-0.01885541033679869
21.0,1.61,19.0,-0.08881709688019995
21.0,1.61,20.0,0.0822322870140158
21.0,1.61,21.0,1.1521635034927868e-09
21.0,1.81,0.0,0.27327697327313
21.0,1.81,1.0,0.010856397643770332
21.0,1.81,2.0,0.01614388211310902
21.0,1.81,3.0,8.191530231904665e-10
21.0,1.81,4.0,-0.06822105120952521
21.0,1.81,5.0,-0.013890018454859154
21.0,1.81,6.0,-0.021629437254447575
21.0,1.81,7.0,-0.03753817674051474
21.0,1.81,8.0,8.191530231904665e-10
21.0,1.81,9.0,-0.014742150911407154
21.0,1.81,10.0,-3.1851066612936796e-05
21.0,1.81,11.0,8.191530231904665e-10
21.0,1.81,12.0,-0.04190403738360074
21.0,1.81,13.0,0.0698509465659109
21.0,1.81,14.0,-0.019026796431256203
21.0,1.81,15.0,0.0016565565111300307
21.0,1.81,16.0,-0.10403242209123863
21.0,1.81,17.0,-0.02984087450703049
21.0,1.81,18.0,-0.02146774904613194
21.0,1.81,19.0,-0.0996090888655766
21.0,1.81,20.0,0.09243273300501959
21.0,1.81,21.0,1.1521635034927868e-09
21.0,2.01,0.0,0.3041385727291562
21.0,2.01,1.0,0.012093851319890436
21.0,2.01,2.0,0.01791773914522915
21.0,2.01,3.0,8.191530231904665e-10
21.0,2.01,4.0,-0.07595111503328117
21.0,2.01,5.0,-0.015415088822439138
21.0,2.01,6.0,-0.024073964491546446
21.0,2.01,7.0,-0.04170496753935954
21.0,2.01,8.0,8.191530231904665e-10
21.0,2.01,9.0,-0.016352462022991426
21.0,2.01,10.0,-4.0781024841812785e-05
21.0,2.01,11.0,8.191530231904665e-10
21.0,2.01,12.0,-0.046655564091402174
21.0,2.01,13.0,0.07753039165997044
21.0,2.01,14.0,-0.019026797238053686
21.0,2.01,15.0,0.0018393306906657192
21.0,2.01,16.0,-0.11547190539258669
21.0,2.01,17.0,-0.03316139933116355
21.0,2.01,18.0,-0.0239998411010275
21.0,2.01,19.0,-0.11032657327050016
21.0,2.01,20.0,0.10240567021032004
21.0,2.01,21.0,1.1521635034927868e-09
21.0,2.21,0.0,0.3354126940330166
21.0,2.21,1.0,0.013348663618874435
21.0,2.21,2.0,0.019725780906993784
21.0,2.21,3.0,8.191530231904665e-10
21.0,2.21,4.0,-0.08339207807937676
21.0,2.21,5.0,-0.01700595629606183
21.0,2.21,6.0,-0.02637373922612446
21.0,2.21,7.0,-0.04597475087655603
21.0,2.21,8.0,8.191530231904665e-10
21.0,2.21,9.0,-0.017996188276297537
21.0,2.21,10.0,-6.880212497925586e-05
21.0,2.21,11.0,8.191530231904665e-10
21.0,2.21,12.0,-0.05129640253182083
21.0,2.21,13.0,0.08534663766490508
21.0,2.21,14.0,-0.019026797325939558
21.0,2.21,15.0,0.0020257662740675864
21.0,2.21,16.0,-0.12603908217470222
21.0,2.21,17.0,-0.0365689899334567
21.0,2.21,18.0,-0.02625139065976581
21.0,2.21,19.0,-0.12071806095819057
21.0,2.21,20.0,0.11269542076465039
21.0,2.21,21.0,1.1521635034927868e-09
21.0,2.41,0.0,0.36803518859434065
21.0,2.41,1.0,0.014667267953366259
21.0,2.41,2.0,0.02159511852180901
21.0,2.41,3.0,8.191530231904665e-10
21.0,2.41,4.0,-0.08998540781051861
21.0,2.41,5.0,-0.018738817745788783
21.0,2.41,6.0,-0.028290608341301537
21.0,2.41,7.0,-0.05047017928638248
21.0,2.41,8.0,8.191530231904665e-10
21.0,2.41,9.0,-0.019697267946662295
21.0,2.41,10.0,-0.00014074264912430912
21.0,2.41,11.0,8.191530231904665e-10
21.0,2.41,12.0,-0.05567073503057582
21.0,2.41,13.0,0.09344111193802757
21.0,2.41,14.0,-0.019026797334749195
21.0,2.41,15.0,0.0022178598066280863
21.0,2.41,16.0,-0.1337536817174215
21.0,2.41,17.0,-0.040169682480260954
21.0,2.41,18.0,-0.02781969929131528
21.0,2.41,19.0,-0.13006236284126826
21.0,2.41,20.0,0.12359476852040108
21.0,2.41,21.0,1.1521635034927868e-09
21.0,2.61,0.0,0.402291794734918
21.0,2.61,1.0,0.01603268584634715
21.0,2.61,2.0,0.02360322041282331
21.0,2.61,3.0,8.191530231904665e-10
21.0,2.61,4.0,-0.09513256934010572
21.0,2.61,5.0,-0.02068877931979668
21.0,2.61,6.0,-0.029598040598530162
21.0,2.61,7.0,-0.055313019407068675
21.0,2.61,8.0,8.191530231904665e-10
21.0,2.61,9.0,-0.02153005580880854
21.0,2.61,10.0,-0.0002704712922372843
21.0,2.61,11.0,8.191530231904665e-10
21.0,2.61,12.0,-0.05959726366726284
21.0,2.61,13.0,0.10212008380779408
21.0,2.61,14.0,-0.019026797337123924
21.0,2.61,15.0,0.002423999233201246
21.0,2.61,16.0,-0.13730709745832975
21.0,2.61,17.0,-0.044054167696495936
21.0,2.61,18.0,-0.028414820887897346
21.0,2.61,19.0,-0.13723049753105576
21.0,2.61,20.0,0.13585715068482973
21.0,2.61,21.0,1.1521635034927868e-09
21.0,2.81,0.0,0.438026511527469
21.0,2.81,1.0,0.01745054492531617
21.0,2.81,2.0,0.025709187366525943
21.0,2.81,3.0,8.191530231904665e-10
21.0,2.81,4.0,-0.09877733866287511
21.0,2.81,5.0,-0.022827181536859198
21.0,2.81,6.0,-0.030284920217072242
21.0,2.81,7.0,-0.06044032982103231
21.0,2.81,8.0,8.191530231904665e-10
21.0,2.81,9.0,-0.023454291443838482
21.0,2.81,10.0,-0.0004560528126168195
21.0,2.81,11.0,8.191530231904665e-10
21.0,2.81,12.0,-0.0630837470412501
21.0,2.81,13.0,0.11122498401304642
21.0,2.81,14.0,-0.01902679733742954
21.0,2.81,15.0,0.002639820665976955
21.0,2.81,16.0,-0.13827889751040773
21.0,2.81,17.0,-0.04817336618104952
21.0,2.81,18.0,-0.028190486645718132
21.0,2.81,19.0,-0.14147334116322288
21.0,2.81,20.0,0.1491277960545252
21.0,2.81,21.0,1.1521635034927868e-09
21.0,3.01,0.0,0.4750949109116562
21.0,3.01,1.0,0.01900603909604892
21.0,3.01,2.0,0.02774855367940232
21.0,3.01,3.0,8.191530231904665e-10
21.0,3.01,4.0,-0.10135415185303426
21.0,3.01,5.0,-0.025039674968981573
21.0,3.01,6.0,-0.030516542083847437
21.0,3.01,7.0,-0.06568580039604385
21.0,3.01,8.0,8.191530231904665e-10
21.0,3.01,9.0,-0.02534142704187098
21.0,3.01,10.0,-0.0006907244464640638
21.0,3.01,11.0,8.191530231904665e-10
21.0,3.01,12.0,-0.06630595538908549
21.0,3.01,13.0,0.12018943562112877
21.0,3.01,14.0,-0.019026797337363788
21.0,3.01,15.0,0.002843479832314949
21.0,3.01,16.0,-0.13846158493814148
21.0,3.01,17.0,-0.052408646680029716
21.0,3.01,18.0,-0.027472523155372533
21.0,3.01,19.0,-0.14330412041645205
21.0,3.01,20.0,0.16210415759644192
21.0,3.01,21.0,1.1521635034927868e-09
21.0,3.21,0.0,0.5116646020960367
21.0,3.21,1.0,0.020390093897114103
21.0,3.21,2.0,0.030021206592060368
21.0,3.21,3.0,8.191530231904665e-10
21.0,3.21,4.0,-0.10340650867359097
21.0,3.21,5.0,-0.027392691577682704
21.0,3.21,6.0,-0.03054314418898066
21.0,3.21,7.0,-0.07109741087411084
21.0,3.21,8.0,8.191530231904665e-10
21.0,3.21,9.0,-0.02740158744193963
21.0,3.21,10.0,-0.0009265760539077517
21.0,3.21,11.0,8.191530231904665e-10
21.0,3.21,12.0,-0.06927365065001517
21.0,3.21,13.0,0.12990981454272543
21.0,3.21,14.0,-0.019026797335501937
21.0,3.21,15.0,0.0030805520719726365
21.0,3.21,16.0,-0.1384896150464623
21.0,3.21,17.0,-0.056750685769635864
21.0,3.21,18.0,-0.026522888747724696
21.0,3.21,19.0,-0.14390323755900045
21.0,3.21,20.0,0.17691657379498338
21.0,3.21,21.0,1.1521635034927868e-09
21.0,3.41,0.0,0.5487478574246496
21.0,3.41,1.0,0.02185150646305717
21.0,3.41,2.0,0.032222761873302364
21.0,3.41,3.0,8.191530231904665e-10
21.0,3.41,4.0,-0.10526165156031025
21.0,3.41,5.0,-0.02974554719489242
21.0,3.41,6.0,-0.03046933353774292
21.0,3.41,7.0,-0.07651051156041569
21.0,3.41,8.0,8.191530231904665e-10
21.0,3.41,9.0,-0.02941003197447223
21.0,3.41,10.0,-0.001178898384366106
21.0,3.41,11.0,8.191530231904665e-10
21.0,3.41,12.0,-0.07220800153542276
21.0,3.41,13.0,0.13941326484456523
21.0,3.41,14.0,-0.01902679730958946
21.0,3.41,15.0,0.0033073079965396657
21.0,3.41,16.0,-0.13849349893874116
21.0,3.41,17.0,-0.06110762959890982
21.0,3.41,18.0,-0.02546718229660945
21.0,3.41,19.0,-0.14406535471456627
21.0,3.41,20.0,0.19122646823400635
21.0,3.41,21.0,1.1521635034927868e-09
21.0,3.61,0.0,0.5859495366612406
21.0,3.61,1.0,0.023346072652713046
21.0,3.61,2.0,0.0343878238803913
21.0,3.61,3.0,8.191530231904665e-10
21.0,3.61,4.0,-0.10705856340902062
21.0,3.61,5.0,-0.032121702033488686
21.0,3.61,6.0,-0.030369043082196956
21.0,3.61,7.0,-0.08193231517842009
21.0,3.61,8.0,8.191530231904665e-10
21.0,3.61,9.0,-0.03140648747249078
21.0,3.61,10.0,-0.001432775257728669
21.0,3.61,11.0,8.191530231904665e-10
21.0,3.61,12.0,-0.07512872820338908
21.0,3.61,13.0,0.14886290494462512
21.0,3.61,14.0,-0.019026794524883133
21.0,3.61,15.0,0.0035278485374655166
21.0,3.61,16.0,-0.13849401189941826
21.0,3.61,17.0,-0.06547519048756852
21.0,3.61,18.0,-0.024373405888224106
21.0,3.61,19.0,-0.1441046870876229
21.0,3.61,20.0,0.2053947806798334
21.0,3.61,21.0,1.1521635034927868e-09
21.0,3.81,0.0,0.6231474603113132
21.0,3.81,1.0,0.024952722392471316
21.0,3.81,2.0,0.036335384982639274
21.0,3.81,3.0,8.191530231904665e-10
21.0,3.81,4.0,-0.10883103489884394
21.0,3.81,5.0,-0.0349017689401237
21.0,3.81,6.0,-0.03045088199840948
21.0,3.81,7.0,-0.08736641115980628
21.0,3.81,8.0,8.191530231904665e-10
21.0,3.81,9.0,-0.03338407109835384
21.0,3.81,10.0,-0.0015826271944221482
21.0,3.81,11.0,8.191530231904665e-10
21.0,3.81,12.0,-0.07805998154414512
21.0,3.81,13.0,0.1582114690528887
21.0,3.81,14.0,-0.019025680152000516
21.0,3.81,15.0,0.003714288965276147
21.0,3.81,16.0,-0.13849407917153012
21.0,3.81,17.0,-0.0698423879971243
21.0,3.81,18.0,-0.023329652628353154
21.0,3.81,19.0,-0.14411369697165977
21.0,3.81,20.0,0.2191624551793716
21.0,3.81,21.0,1.1521635034927868e-09
21.0,4.01,0.0,0.6601511664842492
21.0,4.01,1.0,0.02624768456047566
21.0,4.01,2.0,0.03881332218283107
21.0,4.01,3.0,8.191530231904665e-10
21.0,4.01,4.0,-0.11060056389029135
21.0,4.01,5.0,-0.03681762801651017
21.0,4.01,6.0,-0.030142598869850823
21.0,4.01,7.0,-0.0927388207399665
21.0,4.01,8.0,8.191530231904665e-10
21.0,4.01,9.0,-0.035413104949600066
21.0,4.01,10.0,-0.0019450752900156965
21.0,4.01,11.0,8.191530231904665e-10
21.0,4.01,12.0,-0.08090654063878189
21.0,4.01,13.0,0.1678390251390932
21.0,4.01,14.0,-0.019025607552348642
21.0,4.01,15.0,0.003986251457877371
21.0,4.01,16.0,-0.13849408836027183
21.0,4.01,17.0,-0.0741770306168686
21.0,4.01,18.0,-0.02217501684955095
21.0,4.01,19.0,-0.14411571504215323
21.0,4.01,20.0,0.2340019939929141
21.0,4.01,21.0,1.1521635034927868e-09
22.0,0.01,0.0,0.001122377200095448
22.0,0.01,1.0,1.3946920350449421e-05
22.0,0.01,2.0,0.0008976084215123192
22.0,0.01,3.0,6.876123004317947e-10
22.0,0.01,4.0,-0.00013009478411174502
22.0,0.01,5.0,-1.5611279832446647e-05
22.0,0.01,6.0,-5.455000864959536e-05
22.0,0.01,7.0,-0.00011518459463727426
22.0,0.01,8.0,6.876123004317947e-10
22.0,0.01,9.0,-0.00024335547781073608
22.0,0.01,10.0,-5.75549356254812e-06
22.0,0.01,11.0,6.876123004317947e-10
22.0,0.01,12.0,-7.306177492788501e-05
22.0,0.01,13.0,0.000336138273971498
22.0,0.01,14.0,0.0008368409660564624
22.0,0.01,15.0,9.974146137958773e-06
22.0,0.01,16.0,0.00017094091361652408
22.0,0.01,17.0,-0.00012433641995379663
22.0,0.01,18.0,-8.862666170761369e-05
22.0,0.01,19.0,-0.0002492978922127298
22.0,0.01,20.0,3.146654799873749e-05
22.0,0.01,21.0,9.160734115720714e-10
22.0,0.21,0.0,0.03170059555909732
22.0,0.21,1.0,0.0009360141917159059
22.0,0.21,2.0,0.010948528563558768
22.0,0.21,3.0,6.876123004317947e-10
22.0,0.21,4.0,-0.003407654877386479
22.0,0.21,5.0,-1.5611762954084527e-05
22.0,0.21,6.0,-0.0014418517765084626
22.0,0.21,7.0,0.0005046161087231549
22.0,0.21,8.0,6.876123004317947e-10
22.0,0.21,9.0,-0.00445238902645749
22.0,0.21,10.0,1.8704595365376386e-05
22.0,0.21,11.0,6.876123004317947e-10
22.0,0.21,12.0,-0.0012134900966457585
22.0,0.21,13.0,0.005188205093659526
22.0,0.21,14.0,0.011655758350957168
22.0,0.21,15.0,0.00012893431558436141
22.0,0.21,16.0,0.00117762928323073
22.0,0.21,17.0,-0.0023548613703764654
22.0,0.21,18.0,-0.003669556525975698
22.0,0.21,19.0,-0.00222652397505535
22.0,0.21,20.0,0.0005611804854847857
22.0,0.21,21.0,9.160734115720714e-10
22.0,0.41,0.0,0.06251380150257935
22.0,0.41,1.0,0.001878233306082222
22.0,0.41,2.0,0.020744163554452577
22.0,0.41,3.0,6.876123004317947e-10
22.0,0.41,4.0,-0.006706273056345857
22.0,0.41,5.0,-1.5611902504834548e-05
22.0,0.41,6.0,-0.002833225676373896
22.0,0.41,7.0,0.001203892287617303
22.0,0.41,8.0,6.876123004317947e-10
22.0,0.41,9.0,-0.008646739501454573
22.0,0.41,10.0,4.340397450222633e-05
22.0,0.41,11.0,6.876123004317947e-10
22.0,0.41,12.0,-0.0023425561942941042
22.0,0.41,13.0,0.009983790558737271
22.0,0.41,14.0,0.022276555863984637
22.0,0.41,15.0,0.00024535775687412054
22.0,0.41,16.0,0.0021129797120049143
22.0,0.41,17.0,-0.004582804159348697
22.0,0.41,18.0,-0.007307489376041781
22.0,0.41,19.0,-0.0041055386192632715
22.0,0.41,20.0,0.0010894622747986138
22.0,0.41,21.0,9.160734115720714e-10
22.0,0.61,0.0,0.09318235638776318
22.0,0.61,1.0,0.0028081781519740945
22.0,0.61,2.0,0.0306777913491591
22.0,0.61,3.0,6.876123004317947e-10
22.0,0.61,4.0,-0.009989458049974087
22.0,0.61,5.0,-1.561194290320654e-05
22.0,0.61,6.0,-0.004221522483620288
22.0,0.61,7.0,0.0018526834912276358
22.0,0.61,8.0,6.876123004317947e-10
22.0,0.61,9.0,-0.01284947578682713
22.0,0.61,10.0,6.795974921366965e-05
22.0,0.61,11.0,6.876123004317947e-10
22.0,0.61,12.0,-0.0034784091452911003
22.0,0.61,13.0,0.014810007478052722
22.0,0.61,14.0,0.03299976168746954
22.0,0.61,15.0,0.0003632389346606979
22.0,0.61,16.0,0.0030897954145409634
22.0,0.61,17.0,-0.006811302649597395
22.0,0.61,18.0,-0.01091395814130397
22.0,0.61,19.0,-0.00604364368957544
22.0,0.61,20.0,0.0016185358569834607
22.0,0.61,21.0,9.160734393276471e-10
22.0,0.81,0.0,0.12353479998080263
22.0,0.81,1.0,0.00368621482657433
22.0,0.81,2.0,0.04115827542118111
22.0,0.81,3.0,6.876123004317947e-10
22.0,0.81,4.0,-0.013182459405679026
22.0,0.81,5.0,-1.5611954637863656e-05
22.0,0.81,6.0,-0.005608175913219909
22.0,0.81,7.0,0.0023191119235509983
22.0,0.81,8.0,6.876123004317947e-10
22.0,0.81,9.0,-0.017073924581964356
22.0,0.81,10.0,9.142289700256323e-05
22.0,0.81,11.0,6.876123004317947e-10
22.0,0.81,12.0,-0.004661611561660506
22.0,0.81,13.0,0.019735854296827726
22.0,0.81,14.0,0.044155036126059255
22.0,0.81,15.0,0.0004890428577841999
22.0,0.81,16.0,0.004183921079576769
22.0,0.81,17.0,-0.009043171699515781
22.0,0.81,18.0,-0.01437529929218595
22.0,0.81,19.0,-0.00834010329178142
22.0,0.81,20.0,0.002140413758544152
22.0,0.81,21.0,9.160734115720714e-10
22.0,1.01,0.0,0.1545355146538263
22.0,1.01,1.0,0.004683002528755809
22.0,1.01,2.0,0.050422816092351386
22.0,1.01,3.0,6.876123004317947e-10
22.0,1.01,4.0,-0.016582084915965245
22.0,1.01,5.0,-1.5611958044919852e-05
22.0,1.01,6.0,-0.006998676256625119
22.0,1.01,7.0,0.0031965021952372608
22.0,1.01,8.0,6.876123004317947e-10
22.0,1.01,9.0,-0.021256139708028338
22.0,1.01,10.0,0.00011744064843274837
22.0,1.01,11.0,6.876123004317947e-10
22.0,1.01,12.0,-0.00573583962073812
22.0,1.01,13.0,0.024447346889826027
22.0,1.01,14.0,0.054351390912669384
22.0,1.01,15.0,0.0005966743147114151
22.0,1.01,16.0,0.005019336562068544
22.0,1.01,17.0,-0.01127055541804832
22.0,1.01,18.0,-0.018169357805583375
22.0,1.01,19.0,-0.009808761897206364
22.0,1.01,20.0,0.002681259595167268
22.0,1.01,21.0,9.160734115720714e-10
22.0,1.21,0.0,0.18514555524129706
22.0,1.21,1.0,0.005613375384565411
22.0,1.21,2.0,0.060366214616471625
22.0,1.21,3.0,6.876123004317947e-10
22.0,1.21,4.0,-0.019892536015406803
22.0,1.21,5.0,-1.5611959135841496e-05
22.0,1.21,6.0,-0.008383719151215913
22.0,1.21,7.0,0.0038383212343425788
22.0,1.21,8.0,6.876123004317947e-10
22.0,1.21,9.0,-0.025464028710907943
22.0,1.21,10.0,0.00014235383010655078
22.0,1.21,11.0,6.876123004317947e-10
22.0,1.21,12.0,-0.006859678334720565
22.0,1.21,13.0,0.029284559517344988
22.0,1.21,14.0,0.06506125801432017
22.0,1.21,15.0,0.0007141808161198471
22.0,1.21,16.0,0.006028218962107645
22.0,1.21,17.0,-0.013498144179623583
22.0,1.21,18.0,-0.021791457698978223
22.0,1.21,19.0,-0.011691874371274447
22.0,1.21,20.0,0.003215142729812076
22.0,1.21,21.0,9.160734115720714e-10
22.0,1.41,0.0,0.21572084043127182
22.0,1.41,1.0,0.006533816233852019
22.0,1.41,2.0,0.07038620524649597
22.0,1.41,3.0,6.876123004317947e-10
22.0,1.41,4.0,-0.023265242732157854
22.0,1.41,5.0,-1.5611959443278267e-05
22.0,1.41,6.0,-0.009760199819094512
22.0,1.41,7.0,0.004444717820823285
22.0,1.41,8.0,6.876123004317947e-10
22.0,1.41,9.0,-0.029675130055367996
22.0,1.41,10.0,0.0001681725102458398
22.0,1.41,11.0,6.876123004317947e-10
22.0,1.41,12.0,-0.007953907444110536
22.0,1.41,13.0,0.034139967154992956
22.0,1.41,14.0,0.07571534149372866
22.0,1.41,15.0,0.0008332430789811662
22.0,1.41,16.0,0.007164672399363692
22.0,1.41,17.0,-0.015716369429029334
22.0,1.41,18.0,-0.025457364897793655
22.0,1.41,19.0,-0.013531406320056283
22.0,1.41,20.0,0.003758045399147314
22.0,1.41,21.0,9.160734115720714e-10
22.0,1.61,0.0,0.2463467916761788
22.0,1.61,1.0,0.007455892572177936
22.0,1.61,2.0,0.08045642640420936
22.0,1.61,3.0,6.876123004317947e-10
22.0,1.61,4.0,-0.02643932621534123
22.0,1.61,5.0,-1.561195954092855e-05
22.0,1.61,6.0,-0.011159879157953384
22.0,1.61,7.0,0.005072352000436042
22.0,1.61,8.0,6.876123004317947e-10
22.0,1.61,9.0,-0.033883644415637675
22.0,1.61,10.0,0.00019143086694012323
22.0,1.61,11.0,6.876123004317947e-10
22.0,1.61,12.0,-0.009138819937073439
22.0,1.61,13.0,0.038981917928097465
22.0,1.61,14.0,0.08665317054278127
22.0,1.61,15.0,0.0009528416610614932
22.0,1.61,16.0,0.008057990824030803
22.0,1.61,17.0,-0.017958238015540806
22.0,1.61,18.0,-0.02897387238505808
22.0,1.61,19.0,-0.015668493683771323
22.0,1.61,20.0,0.00427537781816742
22.0,1.61,21.0,9.160734115720714e-10
22.0,1.81,0.0,0.27655462117459784
22.0,1.81,1.0,0.008367988852766461
22.0,1.81,2.0,0.09028342560846403
22.0,1.81,3.0,6.876123004317947e-10
22.0,1.81,4.0,-0.029634492670002788
22.0,1.81,5.0,-1.5611959571301382e-05
22.0,1.81,6.0,-0.012512418493824118
22.0,1.81,7.0,0.005696399284196019
22.0,1.81,8.0,6.876123004317947e-10
22.0,1.81,9.0,-0.03799473701116958
22.0,1.81,10.0,0.0002153722828117377
22.0,1.81,11.0,6.876123004317947e-10
22.0,1.81,12.0,-0.010245498920737922
22.0,1.81,13.0,0.04374642493199776
22.0,1.81,14.0,0.09722650349860223
22.0,1.81,15.0,0.0010685634834943225
22.0,1.81,16.0,0.00905156611542729
22.0,1.81,17.0,-0.02014991877471453
22.0,1.81,18.0,-0.03251107732836439
22.0,1.81,19.0,-0.017550059242281646
22.0,1.81,20.0,0.004802511073656812
22.0,1.81,21.0,9.160734115720714e-10
22.0,2.01,0.0,0.296559833274606
22.0,2.01,1.0,0.00896892070431693
22.0,2.01,2.0,0.09677226261945698
22.0,2.01,3.0,6.876123004317947e-10
22.0,2.01,4.0,-0.031723533946679705
22.0,2.01,5.0,-1.561195958016608e-05
22.0,2.01,6.0,-0.013395241013609255
22.0,2.01,7.0,0.0061048356949544025
22.0,2.01,8.0,6.876123004317947e-10
22.0,2.01,9.0,-0.04068603974297896
22.0,2.01,10.0,0.00023092317835915477
22.0,2.01,11.0,6.876123004317947e-10
22.0,2.01,12.0,-0.01097069511659296
22.0,2.01,13.0,0.0468927923460159
22.0,2.01,14.0,0.10421296866876223
22.0,2.01,15.0,0.001144346681166808
22.0,2.01,16.0,0.009712659673796809
22.0,2.01,17.0,-0.0215929712901871
22.0,2.01,18.0,-0.03482793384803781
22.0,2.01,19.0,-0.018771558409327482
22.0,2.01,20.0,0.0051521536575606375
22.0,2.01,21.0,9.160734115720714e-10
22.0,2.21,0.0,0.2991217375092302
22.0,2.21,1.0,0.009054974127430837
22.0,2.21,2.0,0.09763928431276486
22.0,2.21,3.0,6.876123004317947e-10
22.0,2.21,4.0,-0.03205294277118004
22.0,2.21,5.0,-1.561195958221884e-05
22.0,2.21,6.0,-0.013548112286307284
22.0,2.21,7.0,0.006172052744677081
22.0,2.21,8.0,6.876123004317947e-10
22.0,2.21,9.0,-0.0411157682952933
22.0,2.21,10.0,0.00023382405234143033
22.0,2.21,11.0,6.876123004317947e-10
22.0,2.21,12.0,-0.011086999020784444
22.0,2.21,13.0,0.047317363657584155
22.0,2.21,14.0,0.10514130672753202
22.0,2.21,15.0,0.0011559991138674064
22.0,2.21,16.0,0.009761011103799566
22.0,2.21,17.0,-0.02179968974464576
22.0,2.21,18.0,-0.035200265630534494
22.0,2.21,19.0,-0.018985835967306686
22.0,2.21,20.0,0.00519544644442671
22.0,2.21,21.0,9.160734115720714e-10
22.0,2.41,0.0,0.2991755106664089
22.0,2.41,1.0,0.009057421296141233
22.0,2.41,2.0,0.09765941097138581
22.0,2.41,3.0,6.876123004317947e-10
22.0,2.41,4.0,-0.03205922736695499
22.0,2.41,5.0,-1.5611959582956802e-05
22.0,2.41,6.0,-0.013558252710994007
22.0,2.41,7.0,0.006174525263986541
22.0,2.41,8.0,6.876123004317947e-10
22.0,2.41,9.0,-0.04113646940135905
22.0,2.41,10.0,0.00023405912096644
22.0,2.41,11.0,6.876123004317947e-10
22.0,2.41,12.0,-0.011091201715306614
22.0,2.41,13.0,0.04732761452718798
22.0,2.41,14.0,0.10515670740164162
22.0,2.41,15.0,0.0011563998992463187
22.0,2.41,16.0,0.009753169657003014
22.0,2.41,17.0,-0.021805811555056703
22.0,2.41,18.0,-0.03522198863533177
22.0,2.41,19.0,-0.018997523692147522
22.0,2.41,20.0,0.005196956023956534
22.0,2.41,21.0,9.160734115720714e-10
22.0,2.61,0.0,0.29917611288846235
22.0,2.61,1.0,0.009057461529397848
22.0,2.61,2.0,0.09765936719190588
22.0,2.61,3.0,6.876123004317947e-10
22.0,2.61,4.0,-0.03205283813765092
22.0,2.61,5.0,-1.561195958324667e-05
22.0,2.61,6.0,-0.013560395537141307
22.0,2.61,7.0,0.006174461792054942
22.0,2.61,8.0,6.876123004317947e-10
22.0,2.61,9.0,-0.041138185141668115
22.0,2.61,10.0,0.00023421020808317428
22.0,2.61,11.0,6.876123004317947e-10
22.0,2.61,12.0,-0.01108780407448115
22.0,2.61,13.0,0.047327751687134934
22.0,2.61,14.0,0.10513965159427563
22.0,2.61,15.0,0.0011564088208759205
22.0,2.61,16.0,0.009757324914652421
22.0,2.61,17.0,-0.02180548601014029
22.0,2.61,18.0,-0.03523519268785691
22.0,2.61,19.0,-0.018994023196518717
22.0,2.61,20.0,0.005198961439756594
22.0,2.61,21.0,9.160734393276471e-10
22.0,2.81,0.0,0.2991761188949059
22.0,2.81,1.0,0.009057459238767607
22.0,2.81,2.0,0.09766098488946978
22.0,2.81,3.0,6.876123004317947e-10
22.0,2.81,4.0,-0.03205958440035733
22.0,2.81,5.0,-1.5611959583031616e-05
22.0,2.81,6.0,-0.013559343108362154
22.0,2.81,7.0,0.006174263050295559
22.0,2.81,8.0,6.876123004317947e-10
22.0,2.81,9.0,-0.04113866371418092
22.0,2.81,10.0,0.000234322466429987
22.0,2.81,11.0,6.876123004317947e-10
22.0,2.81,12.0,-0.01108354488369856
22.0,2.81,13.0,0.047327753492616254
22.0,2.81,14.0,0.10512320917669982
22.0,2.81,15.0,0.0011564098750835028
22.0,2.81,16.0,0.009777333633737673
22.0,2.81,17.0,-0.021804522952089928
22.0,2.81,18.0,-0.03524309691210328
22.0,2.81,19.0,-0.018993591804960963
22.0,2.81,20.0,0.005200087415798221
22.0,2.81,21.0,9.160734393276471e-10
22.0,3.01,0.0,0.2991761189743386
22.0,3.01,1.0,0.009057402181777252
22.0,3.01,2.0,0.09767525719557296
22.0,3.01,3.0,6.876123004317947e-10
22.0,3.01,4.0,-0.03210652101406147
22.0,3.01,5.0,-1.5611959581347863e-05
22.0,3.01,6.0,-0.013550796125901987
22.0,3.01,7.0,0.00617405912245067
22.0,3.01,8.0,6.876123004317947e-10
22.0,3.01,9.0,-0.04113890549337645
22.0,3.01,10.0,0.00023421101502388297
22.0,3.01,11.0,6.876123004317947e-10
22.0,3.01,12.0,-0.011085651688482273
22.0,3.01,13.0,0.047327755281079575
22.0,3.01,14.0,0.10513917575412957
22.0,3.01,15.0,0.0011564261316853452
22.0,3.01,16.0,0.00983313745309844
22.0,3.01,17.0,-0.021802943438189712
22.0,3.01,18.0,-0.03522277289029327
22.0,3.01,19.0,-0.019030268108766513
22.0,3.01,20.0,0.005195240528042239
22.0,3.01,21.0,9.160734115720714e-10
22.0,3.21,0.0,0.2991761189595944
22.0,3.21,1.0,0.009057304864734494
22.0,3.21,2.0,0.0977102911799464
22.0,3.21,3.0,6.876123004317947e-10
22.0,3.21,4.0,-0.03205293241412416
22.0,3.21,5.0,-1.5611959582182333e-05
22.0,3.21,6.0,-0.013548483128749095
22.0,3.21,7.0,0.006177965192230739
22.0,3.21,8.0,6.876123004317947e-10
22.0,3.21,9.0,-0.04113906003872393
22.0,3.21,10.0,0.00023077749513242263
22.0,3.21,11.0,6.876123004317947e-10
22.0,3.21,12.0,-0.01119015122038683
22.0,3.21,13.0,0.04732775699625885
22.0,3.21,14.0,0.10559659756413203
22.0,3.21,15.0,0.0011564540369918552
22.0,3.21,16.0,0.009599132008901612
22.0,3.21,17.0,-0.021823363526146666
22.0,3.21,18.0,-0.03496479182132181
22.0,3.21,19.0,-0.019304762955521193
22.0,3.21,20.0,0.005154765463714933
22.0,3.21,21.0,9.160734115720714e-10
22.0,3.41,0.0,0.2991761173044778
22.0,3.41,1.0,0.009057189880494365
22.0,3.41,2.0,0.09771665727037576
22.0,3.41,3.0,6.876123004317947e-10
22.0,3.41,4.0,-0.032002229454471676
22.0,3.41,5.0,-1.5611959582857283e-05
22.0,3.41,6.0,-0.013554887225291995
22.0,3.41,7.0,0.006179361677386475
22.0,3.41,8.0,6.876123004317947e-10
22.0,3.41,9.0,-0.04113916935241882
22.0,3.41,10.0,0.00022973454892960543
22.0,3.41,11.0,6.876123004317947e-10
22.0,3.41,12.0,-0.011227053743819077
22.0,3.41,13.0,0.04732776707016478
22.0,3.41,14.0,0.1057278763526921
22.0,3.41,15.0,0.0011564858899190122
22.0,3.41,16.0,0.009468232874054239
22.0,3.41,17.0,-0.021831589606825685
22.0,3.41,18.0,-0.03490906063776025
22.0,3.41,19.0,-0.019366363343091997
22.0,3.41,20.0,0.005144288589374241
22.0,3.41,21.0,9.160734393276471e-10
22.0,3.61,0.0,0.2991760560471599
22.0,3.61,1.0,0.00905724650533829
22.0,3.61,2.0,0.0976759819507435
22.0,3.61,3.0,6.876123004317947e-10
22.0,3.61,4.0,-0.03206485750680982
22.0,3.61,5.0,-1.5611959583244285e-05
22.0,3.61,6.0,-0.01355546776649344
22.0,3.61,7.0,0.00617550537961814
22.0,3.61,8.0,6.876123004317947e-10
22.0,3.61,9.0,-0.041139256480626274
22.0,3.61,10.0,0.000232922624937959
22.0,3.61,11.0,6.876123004317947e-10
22.0,3.61,12.0,-0.011126835356907172
22.0,3.61,13.0,0.04732783166925886
22.0,3.61,14.0,0.105314664670075
22.0,3.61,15.0,0.0011564627689542584
22.0,3.61,16.0,0.00969379084186961
22.0,3.61,17.0,-0.02181181639169265
22.0,3.61,18.0,-0.035128196000844436
22.0,3.61,19.0,-0.01909527832150104
22.0,3.61,20.0,0.0051815176154570985
22.0,3.61,21.0,9.160734115720714e-10
22.0,3.81,0.0,0.29913878828357177
22.0,3.81,1.0,0.009037665421736563
22.0,3.81,2.0,0.09787957449005574
22.0,3.81,3.0,6.876123004317947e-10
22.0,3.81,4.0,-0.031915189591535886
22.0,3.81,5.0,-1.5611959584578935e-05
22.0,3.81,6.0,-0.013569268154620062
22.0,3.81,7.0,0.006124972127317718
22.0,3.81,8.0,6.876123004317947e-10
22.0,3.81,9.0,-0.04114170131350033
22.0,3.81,10.0,0.00023100187067401357
22.0,3.81,11.0,6.876123004317947e-10
22.0,3.81,12.0,-0.011198486712075628
22.0,3.81,13.0,0.047350703228726976
22.0,3.81,14.0,0.10567410913745695
22.0,3.81,15.0,0.0011601247348865806
22.0,3.81,16.0,0.009578209023322126
22.0,3.81,17.0,-0.021824643155248805
22.0,3.81,18.0,-0.034992851263549896
22.0,3.81,19.0,-0.019435940360671145
22.0,3.81,20.0,0.0051617448361415685
22.0,3.81,21.0,9.160734115720714e-10
22.0,4.01,0.0,0.29897142034212276
22.0,4.01,1.0,0.00901212381828742
22.0,4.01,2.0,0.09808853100433984
22.0,4.01,3.0,6.876123004317947e-10
22.0,4.01,4.0,-0.032013345702885276
22.0,4.01,5.0,-1.5611959586206583e-05
22.0,4.01,6.0,-0.013555304445298982
22.0,4.01,7.0,0.006024909456261052
22.0,4.01,8.0,6.876123004317947e-10
22.0,4.01,9.0,-0.041149038169957255
22.0,4.01,10.0,0.0002324533028545961
22.0,4.01,11.0,6.876123004317947e-10
22.0,4.01,12.0,-0.01115144609297472
22.0,4.01,13.0,0.047412777966056696
22.0,4.01,14.0,0.1056857696352928
22.0,4.01,15.0,0.0011632462130052035
22.0,4.01,16.0,0.00979837452221144
22.0,4.01,17.0,-0.021809728728632544
22.0,4.01,18.0,-0.03502762146379235
22.0,4.01,19.0,-0.019338825354081546
22.0,4.01,20.0,0.005177526342198424
22.0,4.01,21.0,9.160734115720714e-10
23.0,0.01,0.0,0.0058391127840937695
23.0,0.01,1.0,0.00030678834752106976
23.0,0.01,2.0,0.00016085902684062625
23.0,0.01,3.0,1.0172416520237704e-09
23.0,0.01,4.0,-0.0022177312886951794
23.0,0.01,5.0,-0.003981100421508864
23.0,0.01,6.0,0.0010870396814539884
23.0,0.01,7.0,-0.006440078240509524
23.0,0.01,8.0,1.0172416520237704e-09
23.0,0.01,9.0,-0.0006010437198833707
23.0,0.01,10.0,-0.0010685053270822475
23.0,0.01,11.0,1.0172416520237704e-09
23.0,0.01,12.0,0.0004892123156982342
23.0,0.01,13.0,0.000983981655248517
23.0,0.01,14.0,-3.5596428399522623e-10
23.0,0.01,15.0,2.4864210542430154e-06
23.0,0.01,16.0,-0.002040523079476997
23.0,0.01,17.0,-0.0030387772073578734
23.0,0.01,18.0,0.00011873166894171838
23.0,0.01,19.0,-0.0005392366737313192
23.0,0.01,20.0,-5.900848433720851e-05
23.0,0.01,21.0,1.3593347558682467e-09
23.0,0.21,0.0,0.03738303673134663
23.0,0.21,1.0,0.0015114341402476805
23.0,0.21,2.0,0.001105974139002014
23.0,0.21,3.0,1.0172416520237704e-09
23.0,0.21,4.0,-0.014984114130489112
23.0,0.21,5.0,-0.004219134444989666
23.0,0.21,6.0,0.0007835053963465011
23.0,0.21,7.0,-0.025414503620606183
23.0,0.21,8.0,1.0172416520237704e-09
23.0,0.21,9.0,-0.0038725875403812504
23.0,0.21,10.0,-0.001021162685796606
23.0,0.21,11.0,1.0172416520237704e-09
23.0,0.21,12.0,-0.0013131420826987261
23.0,0.21,13.0,0.006691091449538528
23.0,0.21,14.0,-3.5596428398997353e-10
23.0,0.21,15.0,1.634069601533228e-05
23.0,0.21,16.0,-0.015720732709270435
23.0,0.21,17.0,-0.011480269478655852
23.0,0.21,18.0,-0.007005797153125826
23.0,0.21,19.0,-0.005342874219005672
23.0,0.21,20.0,-0.0008897783947876547
23.0,0.21,21.0,1.359334728112671e-09
23.0,0.41,0.0,0.06918563082623302
23.0,0.41,1.0,0.0029918722683109356
23.0,0.41,2.0,0.001894743048716091
23.0,0.41,3.0,1.0172416520237704e-09
23.0,0.41,4.0,-0.026369712390008238
23.0,0.41,5.0,-0.004259815966857044
23.0,0.41,6.0,0.00042721899311110034
23.0,0.41,7.0,-0.03885419175790945
23.0,0.41,8.0,1.0172416520237704e-09
23.0,0.41,9.0,-0.006819964915317361
23.0,0.41,10.0,-0.0009282998473277015
23.0,0.41,11.0,1.0172416520237704e-09
23.0,0.41,12.0,-0.0030501039731838375
23.0,0.41,13.0,0.011617982464131649
23.0,0.41,14.0,-3.559642839951239e-10
23.0,0.41,15.0,2.6488812227581926e-05
23.0,0.41,16.0,-0.028464225715878533
23.0,0.41,17.0,-0.0187464771154508
23.0,0.41,18.0,-0.01421905923693595
23.0,0.41,19.0,-0.009835435323809288
23.0,0.41,20.0,-0.0020018459298377644
23.0,0.41,21.0,1.359334728112671e-09
23.0,0.61,0.0,0.09773752595245899
23.0,0.61,1.0,0.00422083337821022
23.0,0.61,2.0,0.0026692450642215315
23.0,0.61,3.0,1.0172416520237704e-09
23.0,0.61,4.0,-0.03701808209563859
23.0,0.61,5.0,-0.004267552012175998
23.0,0.61,6.0,9.801221496327783e-05
23.0,0.61,7.0,-0.043625348345321495
23.0,0.61,8.0,1.0172416520237704e-09
23.0,0.61,9.0,-0.009610977186181674
23.0,0.61,10.0,-0.0008339146431935174
23.0,0.61,11.0,1.0172416520237704e-09
23.0,0.61,12.0,-0.0046636648717112705
23.0,0.61,13.0,0.01637554642632466
23.0,0.61,14.0,-3.559642840023763e-10
23.0,0.61,15.0,3.7167488904421564e-05
23.0,0.61,16.0,-0.04030892800786737
23.0,0.61,17.0,-0.024533337404115535
23.0,0.61,18.0,-0.020723451365835643
23.0,0.61,19.0,-0.014008069795545391
23.0,0.61,20.0,-0.002873639623318547
23.0,0.61,21.0,1.3593347558682467e-09
23.0,0.81,0.0,0.12506072321070805
23.0,0.81,1.0,0.005379892319170743
23.0,0.81,2.0,0.0034185937632747465
23.0,0.81,3.0,1.0172416520237704e-09
23.0,0.81,4.0,-0.047180808383782025
23.0,0.81,5.0,-0.004269328937399916
23.0,0.81,6.0,-0.000217531934131876
23.0,0.81,7.0,-0.044378165605693624
23.0,0.81,8.0,1.0172416520237704e-09
23.0,0.81,9.0,-0.012297885225568628
23.0,0.81,10.0,-0.0007417888542217421
23.0,0.81,11.0,1.0172416520237704e-09
23.0,0.81,12.0,-0.006208648852615212
23.0,0.81,13.0,0.020970254223105528
23.0,0.81,14.0,-3.559642840048023e-10
23.0,0.81,15.0,4.758289150802453e-05
23.0,0.81,16.0,-0.05166256595840324
23.0,0.81,17.0,-0.029577190402025694
23.0,0.81,18.0,-0.026937369561655933
23.0,0.81,19.0,-0.018007782981209558
23.0,0.81,20.0,-0.0036798224152093106
23.0,0.81,21.0,1.3593347558682467e-09
23.0,1.01,0.0,0.15208204499095723
23.0,1.01,1.0,0.006502592100208204
23.0,1.01,2.0,0.004169256130869214
23.0,1.01,3.0,1.0172416520237704e-09
23.0,1.01,4.0,-0.05725739940578639
23.0,1.01,5.0,-0.0042697970686513525
23.0,1.01,6.0,-0.0005297052351144749
23.0,1.01,7.0,-0.044452353388669506
23.0,1.01,8.0,1.0172416520237704e-09
23.0,1.01,9.0,-0.01496991549491436
23.0,1.01,10.0,-0.0006502148585392775
23.0,1.01,11.0,1.0172416520237704e-09
23.0,1.01,12.0,-0.007735928315105778
23.0,1.01,13.0,0.025563479306610848
23.0,1.01,14.0,-3.5596428400211515e-10
23.0,1.01,15.0,5.814488637151394e-05
23.0,1.01,16.0,-0.06291702334340196
23.0,1.01,17.0,-0.034471860650138145
23.0,1.01,18.0,-0.03307648025974241
23.0,1.01,19.0,-0.0219745289061187
23.0,1.01,20.0,-0.004455184430857351
23.0,1.01,21.0,1.3593347558682467e-09
23.0,1.21,0.0,0.17931190819375398
23.0,1.21,1.0,0.0076746150528508306
23.0,1.21,2.0,0.004904396861841631
23.0,1.21,3.0,1.0172416520237704e-09
23.0,1.21,4.0,-0.06726281244580345
23.0,1.21,5.0,-0.004269927084534006
23.0,1.21,6.0,-0.000842202879252324
23.0,1.21,7.0,-0.04445832902857568
23.0,1.21,8.0,1.0172416520237704e-09
23.0,1.21,9.0,-0.017621514795821913
23.0,1.21,10.0,-0.0005588434930353381
23.0,1.21,11.0,1.0172416520237704e-09
23.0,1.21,12.0,-0.00926288363722555
23.0,1.21,13.0,0.030079925475107627
23.0,1.21,14.0,-3.559642839898179e-10
23.0,1.21,15.0,6.825504879254263e-05
23.0,1.21,16.0,-0.07413222964898249
23.0,1.21,17.0,-0.039334177642994586
23.0,1.21,18.0,-0.03923684521921633
23.0,1.21,19.0,-0.025924322231807267
23.0,1.21,20.0,-0.005264569467055086
23.0,1.21,21.0,1.3593347558682467e-09
23.0,1.41,0.0,0.20650545053081182
23.0,1.41,1.0,0.008834859255532068
23.0,1.41,2.0,0.005642098900171755
23.0,1.41,3.0,1.0172416520237704e-09
23.0,1.41,4.0,-0.07727997855461335
23.0,1.41,5.0,-0.004269964272191205
23.0,1.41,6.0,-0.001154460110350558
23.0,1.41,7.0,-0.044458773417636814
23.0,1.41,8.0,1.0172416520237704e-09
23.0,1.41,9.0,-0.02027676453040908
23.0,1.41,10.0,-0.0004674642433670495
23.0,1.41,11.0,1.0172416520237704e-09
23.0,1.41,12.0,-0.010789092381278231
23.0,1.41,13.0,0.03460638194439314
23.0,1.41,14.0,-3.5596428399984464e-10
23.0,1.41,15.0,7.844245865487598e-05
23.0,1.41,16.0,-0.08535153002450617
23.0,1.41,17.0,-0.044196533902636365
23.0,1.41,18.0,-0.04538952999779494
23.0,1.41,19.0,-0.029875813112025307
23.0,1.41,20.0,-0.006067400216108909
23.0,1.41,21.0,1.3593347558682467e-09
23.0,1.61,0.0,0.23368567609941704
23.0,1.61,1.0,0.009988518254687218
23.0,1.61,2.0,0.006381413910039907
23.0,1.61,3.0,1.0172416520237704e-09
23.0,1.61,4.0,-0.08729970132144702
23.0,1.61,5.0,-0.00426997498789438
23.0,1.61,6.0,-0.0014666485497407677
23.0,1.61,7.0,-0.04445880494188081
23.0,1.61,8.0,1.0172416520237704e-09
23.0,1.61,9.0,-0.022932962549030947
23.0,1.61,10.0,-0.00037607639034353824
23.0,1.61,11.0,1.0172416520237704e-09
23.0,1.61,12.0,-0.01231492362194922
23.0,1.61,13.0,0.03913826549949584
23.0,1.61,14.0,-3.5596428399951925e-10
23.0,1.61,15.0,8.870363373156276e-05
23.0,1.61,16.0,-0.09657036593359644
23.0,1.61,17.0,-0.0490587689584262
23.0,1.61,18.0,-0.05153803873728707
23.0,1.61,19.0,-0.03382739712576707
23.0,1.61,20.0,-0.006866846690853412
23.0,1.61,21.0,1.3593347558682467e-09
23.0,1.81,0.0,0.2605617024805237
23.0,1.81,1.0,0.010972180987056324
23.0,1.81,2.0,0.0071609422194467975
23.0,1.81,3.0,1.0172416520237704e-09
23.0,1.81,4.0,-0.09737637073886693
23.0,1.81,5.0,-0.004269978046050727
23.0,1.81,6.0,-0.0017804332176837856
23.0,1.81,7.0,-0.04445880710983765
23.0,1.81,8.0,1.0172416520237704e-09
23.0,1.81,9.0,-0.025612184605732488
23.0,1.81,10.0,-0.00028401260224156233
23.0,1.81,11.0,1.0172416520237704e-09
23.0,1.81,12.0,-0.013829375772067998
23.0,1.81,13.0,0.04381445275099899
23.0,1.81,14.0,-3.5596428393873476e-10
23.0,1.81,15.0,0.00010075004612181138
23.0,1.81,16.0,-0.10780084128085775
23.0,1.81,17.0,-0.053929998871223704
23.0,1.81,18.0,-0.05765377984813028
23.0,1.81,19.0,-0.0377941899688328
23.0,1.81,20.0,-0.007603815082950355
23.0,1.81,21.0,1.3593347558682467e-09
23.0,2.01,0.0,0.28857172834025324
23.0,2.01,1.0,0.012597905773399976
23.0,2.01,2.0,0.007788548241032006
23.0,2.01,3.0,1.0172416520237704e-09
23.0,2.01,4.0,-0.10724042493138353
23.0,2.01,5.0,-0.004269978892999802
23.0,2.01,6.0,-0.0020860573970314655
23.0,2.01,7.0,-0.04445880720211023
23.0,2.01,8.0,1.0172416520237704e-09
23.0,2.01,9.0,-0.02820409256575576
23.0,2.01,10.0,-0.00019487340230725514
23.0,2.01,11.0,1.0172416520237704e-09
23.0,2.01,12.0,-0.015389088226299363
23.0,2.01,13.0,0.04791935010801679
23.0,2.01,14.0,-3.559642836421576e-10
23.0,2.01,15.0,0.00010622613780558732
23.0,2.01,16.0,-0.11897189741080874
23.0,2.01,17.0,-0.05876687514669183
23.0,2.01,18.0,-0.06386410591966157
23.0,2.01,19.0,-0.04169750126460006
23.0,2.01,20.0,-0.008568804498712002
23.0,2.01,21.0,1.3593347558682467e-09
23.0,2.21,0.0,0.3154716513245457
23.0,2.21,1.0,0.013639972197783956
23.0,2.21,2.0,0.008557497482645143
23.0,2.21,3.0,1.0172416520237704e-09
23.0,2.21,4.0,-0.11730735466746539
23.0,2.21,5.0,-0.004269979218234565
23.0,2.21,6.0,-0.002398458671012599
23.0,2.21,7.0,-0.04445880723746708
23.0,2.21,8.0,1.0172416520237704e-09
23.0,2.21,9.0,-0.030885062904251193
23.0,2.21,10.0,-0.0001034024983654902
23.0,2.21,11.0,1.0172416520237704e-09
23.0,2.21,12.0,-0.01690015974360895
23.0,2.21,13.0,0.05259056887831931
23.0,2.21,14.0,-3.5596428362815853e-10
23.0,2.21,15.0,0.0001175665561208572
23.0,2.21,16.0,-0.1301717125950566
23.0,2.21,17.0,-0.06364458311412069
23.0,2.21,18.0,-0.06996190228726942
23.0,2.21,19.0,-0.04566197676723621
23.0,2.21,20.0,-0.009309208062365543
23.0,2.21,21.0,1.3593347558682467e-09
23.0,2.41,0.0,0.3426423375924078
23.0,2.41,1.0,0.014797292322276334
23.0,2.41,2.0,0.009300516859195751
23.0,2.41,3.0,1.0172416520237704e-09
23.0,2.41,4.0,-0.1273087227108505
23.0,2.41,5.0,-0.004269979253307392
23.0,2.41,6.0,-0.002706915157721951
23.0,2.41,7.0,-0.0444588066758968
23.0,2.41,8.0,1.0172416520237704e-09
23.0,2.41,9.0,-0.03355523752321789
23.0,2.41,10.0,-1.3474094921001045e-05
23.0,2.41,11.0,1.0172416520237704e-09
23.0,2.41,12.0,-0.018406239093121973
23.0,2.41,13.0,0.05715779679185057
23.0,2.41,14.0,-3.5596428305853875e-10
23.0,2.41,15.0,0.00012781471741352135
23.0,2.41,16.0,-0.14123510405670853
23.0,2.41,17.0,-0.06852381438367355
23.0,2.41,18.0,-0.07599789029938164
23.0,2.41,19.0,-0.04960222462456648
23.0,2.41,20.0,-0.010073552437025679
23.0,2.41,21.0,1.3593347558682467e-09
23.0,2.61,0.0,0.3703240796416106
23.0,2.61,1.0,0.01644957277801168
23.0,2.61,2.0,0.00993043845701877
23.0,2.61,3.0,1.0172416520237704e-09
23.0,2.61,4.0,-0.13717080573855808
23.0,2.61,5.0,-0.004269979379990687
23.0,2.61,6.0,-0.0029959718657573964
23.0,2.61,7.0,-0.04445880530537248
23.0,2.61,8.0,1.0172416520237704e-09
23.0,2.61,9.0,-0.03621532146918405
23.0,2.61,10.0,7.128973016667928e-05
23.0,2.61,11.0,1.0172416520237704e-09
23.0,2.61,12.0,-0.01990048358669791
23.0,2.61,13.0,0.06144232538986766
23.0,2.61,14.0,-3.559642836693042e-10
23.0,2.61,15.0,0.0001324545779188835
23.0,2.61,16.0,-0.15183392621145853
23.0,2.61,17.0,-0.07341825674701806
23.0,2.61,18.0,-0.08178322374738567
23.0,2.61,19.0,-0.05348431653072319
23.0,2.61,20.0,-0.01086443519223465
23.0,2.61,21.0,1.3593347558682467e-09
23.0,2.81,0.0,0.3978400972536439
23.0,2.81,1.0,0.017211898453154573
23.0,2.81,2.0,0.010793116558630078
23.0,2.81,3.0,1.0172416520237704e-09
23.0,2.81,4.0,-0.14688199084565903
23.0,2.81,5.0,-0.004269979404467885
23.0,2.81,6.0,-0.003292401181746646
23.0,2.81,7.0,-0.04445878731944349
23.0,2.81,8.0,1.0172416520237704e-09
23.0,2.81,9.0,-0.038972348111843
23.0,2.81,10.0,0.00015338870947742556
23.0,2.81,11.0,1.0172416520237704e-09
23.0,2.81,12.0,-0.02121959016921479
23.0,2.81,13.0,0.06638330539578657
23.0,2.81,14.0,-3.559642837303667e-10
23.0,2.81,15.0,0.0001479517938691166
23.0,2.81,16.0,-0.16109673222341253
23.0,2.81,17.0,-0.07837683756934996
23.0,2.81,18.0,-0.08680237912104347
23.0,2.81,19.0,-0.05729691004236387
23.0,2.81,20.0,-0.011352979295054827
23.0,2.81,21.0,1.359334728112671e-09
23.0,3.01,0.0,0.42648757761672906
23.0,3.01,1.0,0.018368370986921123
23.0,3.01,2.0,0.011590562998409604
23.0,3.01,3.0,1.0172416520237704e-09
23.0,3.01,4.0,-0.15608106756751294
23.0,3.01,5.0,-0.004269979418009537
23.0,3.01,6.0,-0.0035497225718330028
23.0,3.01,7.0,-0.04445852817633311
23.0,3.01,8.0,1.0172416520237704e-09
23.0,3.01,9.0,-0.041785672970691926
23.0,3.01,10.0,0.00022153696482937746
23.0,3.01,11.0,1.0172416520237704e-09
23.0,3.01,12.0,-0.022351718152231664
23.0,3.01,13.0,0.0712197834443356
23.0,3.01,14.0,-3.559642838670646e-10
23.0,3.01,15.0,0.0001595208771972001
23.0,3.01,16.0,-0.16762213853786923
23.0,3.01,17.0,-0.08338394428703488
23.0,3.01,18.0,-0.09040090842242904
23.0,3.01,19.0,-0.060888388759898715
23.0,3.01,20.0,-0.011633684527522226
23.0,3.01,21.0,1.3593347558682467e-09
23.0,3.21,0.0,0.4561201717126391
23.0,3.21,1.0,0.019578382376428116
23.0,3.21,2.0,0.012410812932335175
23.0,3.21,3.0,1.0172416520237704e-09
23.0,3.21,4.0,-0.16471419401389803
23.0,3.21,5.0,-0.004269979427217926
23.0,3.21,6.0,-0.0037719574485070295
23.0,3.21,7.0,-0.04445804072135754
23.0,3.21,8.0,1.0172416520237704e-09
23.0,3.21,9.0,-0.04468424381060447
23.0,3.21,10.0,0.0002755268896708907
23.0,3.21,11.0,1.0172416520237704e-09
23.0,3.21,12.0,-0.023240267658308028
23.0,3.21,13.0,0.07619186075973644
23.0,3.21,14.0,-3.559642839900958e-10
23.0,3.21,15.0,0.0001713481068914835
23.0,3.21,16.0,-0.17092140711602175
23.0,3.21,17.0,-0.08838450433957863
23.0,3.21,18.0,-0.09232530776724299
23.0,3.21,19.0,-0.06423568279724648
23.0,3.21,20.0,-0.011601180714258169
23.0,3.21,21.0,1.3593347558682467e-09
23.0,3.41,0.0,0.4863666857632102
23.0,3.41,1.0,0.02086337117225251
23.0,3.41,2.0,0.013233984552635886
23.0,3.41,3.0,1.0172416520237704e-09
23.0,3.41,4.0,-0.1729253141856117
23.0,3.41,5.0,-0.004269979429649862
23.0,3.41,6.0,-0.003967513356925689
23.0,3.41,7.0,-0.044456661576723636
23.0,3.41,8.0,1.0172416520237704e-09
23.0,3.41,9.0,-0.047637733633045215
23.0,3.41,10.0,0.00031916561750430783
23.0,3.41,11.0,1.0172416520237704e-09
23.0,3.41,12.0,-0.02395864294861766
23.0,3.41,13.0,0.08124115647967106
23.0,3.41,14.0,-3.5596428402246757e-10
23.0,3.41,15.0,0.00018271923295770653
23.0,3.41,16.0,-0.1720969787811404
23.0,3.41,17.0,-0.09322989338275742
23.0,3.41,18.0,-0.09311808791398107
23.0,3.41,19.0,-0.06741000006914288
23.0,3.41,20.0,-0.011348630557632244
23.0,3.41,21.0,1.3593347558682467e-09
23.0,3.61,0.0,0.5167760645319214
23.0,3.61,1.0,0.022160102522751746
23.0,3.61,2.0,0.014060793757476098
23.0,3.61,3.0,1.0172416520237704e-09
23.0,3.61,4.0,-0.18088033943835163
23.0,3.61,5.0,-0.004269979430309096
23.0,3.61,6.0,-0.00414972091259691
23.0,3.61,7.0,-0.04445843613015098
23.0,3.61,8.0,1.0172416520237704e-09
23.0,3.61,9.0,-0.05060828012602382
23.0,3.61,10.0,0.00035768976609551473
23.0,3.61,11.0,1.0172416520237704e-09
23.0,3.61,12.0,-0.024595840260381918
23.0,3.61,13.0,0.08631794007629306
23.0,3.61,14.0,-3.5596428403329707e-10
23.0,3.61,15.0,0.0001941037611872809
23.0,3.61,16.0,-0.17241963957881287
23.0,3.61,17.0,-0.09771565076478216
23.0,3.61,18.0,-0.09342863506450066
23.0,3.61,19.0,-0.0704955690089108
23.0,3.61,20.0,-0.010989182972720252
23.0,3.61,21.0,1.3593347558682467e-09
23.0,3.81,0.0,0.5470530549695075
23.0,3.81,1.0,0.023452572549279016
23.0,3.81,2.0,0.014884018468136667
23.0,3.81,3.0,1.0172416520237704e-09
23.0,3.81,4.0,-0.188624580391373
23.0,3.81,5.0,-0.004269979430419764
23.0,3.81,6.0,-0.004324756066574426
23.0,3.81,7.0,-0.04445652945638439
23.0,3.81,8.0,1.0172416520237704e-09
23.0,3.81,9.0,-0.05356660349344819
23.0,3.81,10.0,0.00039395484487247945
23.0,3.81,11.0,1.0172416520237704e-09
23.0,3.81,12.0,-0.02519951530892456
23.0,3.81,13.0,0.09137307677908363
23.0,3.81,14.0,-3.5596428403646837e-10
23.0,3.81,15.0,0.0002054361633053725
23.0,3.81,16.0,-0.17249593918380535
23.0,3.81,17.0,-0.10160730792675104
23.0,3.81,18.0,-0.09358734077867684
23.0,3.81,19.0,-0.07352575385532426
23.0,3.81,20.0,-0.010583818313638
23.0,3.81,21.0,1.3593347558682467e-09
23.0,4.01,0.0,0.5763055734998503
23.0,4.01,1.0,0.024696955791438657
23.0,4.01,2.0,0.015677461023932304
23.0,4.01,3.0,1.0172416520237704e-09
23.0,4.01,4.0,-0.1958936702601679
23.0,4.01,5.0,-0.004269979430495088
23.0,4.01,6.0,-0.0044884639382337665
23.0,4.01,7.0,-0.044457128740279975
23.0,4.01,8.0,1.0172416520237704e-09
23.0,4.01,9.0,-0.056410538910618827
23.0,4.01,10.0,0.0004277725600100313
23.0,4.01,11.0,1.0172416520237704e-09
23.0,4.01,12.0,-0.025766793538461563
23.0,4.01,13.0,0.09624940991936304
23.0,4.01,14.0,-3.5596428403888896e-10
23.0,4.01,15.0,0.00021631265322730187
23.0,4.01,16.0,-0.172512770388749
23.0,4.01,17.0,-0.10460727240894008
23.0,4.01,18.0,-0.09370015851977304
23.0,4.01,19.0,-0.07641457898926174
23.0,4.01,20.0,-0.010153309560696433
23.0,4.01,21.0,1.3593347558682467e-09
24.0,0.01,0.0,0.0023704950126436364
24.0,0.01,1.0,1.6728991128756032e-06
24.0,0.01,2.0,0.00017044158030971035
24.0,0.01,3.0,7.363274434624145e-10
24.0,0.01,4.0,-0.0014088755514375384
24.0,0.01,5.0,-0.00461381227522641
24.0,0.01,6.0,0.0010046205497695748
24.0,0.01,7.0,-2.0893931378573137e-05
24.0,0.01,8.0,7.363274434624145e-10
24.0,0.01,9.0,-0.00025821284444935144
24.0,0.01,10.0,-0.0005205033803493825
24.0,0.01,11.0,7.363274434624145e-10
24.0,0.01,12.0,0.0004503900466954758
24.0,0.01,13.0,2.124219586335796e-05
24.0,0.01,14.0,0.0006749797691681589
24.0,0.01,15.0,1.7095284549073497e-07
24.0,0.01,16.0,-0.00042566033141316906
24.0,0.01,17.0,-0.0023928990484151647
24.0,0.01,18.0,0.0012919341945569207
24.0,0.01,19.0,-0.0005099829752399088
24.0,0.01,20.0,0.00039189088846408593
24.0,0.01,21.0,9.880746498769355e-10
24.0,0.21,0.0,0.027402429085343627
24.0,0.21,1.0,1.7727739913320217e-05
24.0,0.21,2.0,0.0019111949489469815
24.0,0.21,3.0,7.363274434624145e-10
24.0,0.21,4.0,-0.009809321214974243
24.0,0.21,5.0,-0.005528077976886283
24.0,0.21,6.0,-0.0007098805484450077
24.0,0.21,7.0,-2.0894391466773507e-05
24.0,0.21,8.0,7.363274434624145e-10
24.0,0.21,9.0,-0.0028413947495486702
24.0,0.21,10.0,-0.0003649576507635116
24.0,0.21,11.0,7.363274434624145e-10
24.0,0.21,12.0,-0.0005454584595768475
24.0,0.21,13.0,0.0002345469740135664
24.0,0.21,14.0,0.007307072641588641
24.0,0.21,15.0,1.7200482931301053e-06
24.0,0.21,16.0,-0.006225439506531802
24.0,0.21,17.0,-0.00833956980343753
24.0,0.21,18.0,0.0004524595525573494
24.0,0.21,19.0,-0.011258239462438757
24.0,0.21,20.0,0.0029256028197645056
24.0,0.21,21.0,9.880746498769355e-10
24.0,0.41,0.0,0.052340898043331086
24.0,0.41,1.0,3.372793950856545e-05
24.0,0.41,2.0,0.003646443028983093
24.0,0.41,3.0,7.363274434624145e-10
24.0,0.41,4.0,-0.018525335186162062
24.0,0.41,5.0,-0.006026541504029474
24.0,0.41,6.0,-0.0024212405643049273
24.0,0.41,7.0,-2.089447480258524e-05
24.0,0.41,8.0,7.363274434624145e-10
24.0,0.41,9.0,-0.0054161259077121215
24.0,0.41,10.0,-0.00016341228219257653
24.0,0.41,11.0,7.363274434624145e-10
24.0,0.41,12.0,-0.0015396946185203264
24.0,0.41,13.0,0.00044715389170740805
24.0,0.41,14.0,0.013909654154556472
24.0,0.41,15.0,3.2643503616869296e-06
24.0,0.41,16.0,-0.012012279110904425
24.0,0.41,17.0,-0.01380283349295719
24.0,0.41,18.0,-0.0005414325488902194
24.0,0.41,19.0,-0.021949396774697427
24.0,0.41,20.0,0.005536100641976238
24.0,0.41,21.0,9.880746498769355e-10
24.0,0.61,0.0,0.07722752265265032
24.0,0.61,1.0,4.9694898141633415e-05
24.0,0.61,2.0,0.005377767291179336
24.0,0.61,3.0,7.363274434624145e-10
24.0,0.61,4.0,-0.02707454246658403
24.0,0.61,5.0,-0.006285841402262049
24.0,0.61,6.0,-0.004221754513330678
24.0,0.61,7.0,-2.0894490126144386e-05
24.0,0.61,8.0,7.363274434624145e-10
24.0,0.61,9.0,-0.007985252131665621
24.0,0.61,10.0,6.100127197712635e-05
24.0,0.61,11.0,7.363274434624145e-10
24.0,0.61,12.0,-0.002574890146011033
24.0,0.61,13.0,0.0006592942700051618
24.0,0.61,14.0,0.020508354526018152
24.0,0.61,15.0,4.805392350787363e-06
24.0,0.61,16.0,-0.017796973073658365
24.0,0.61,17.0,-0.019272497434184965
24.0,0.61,18.0,-0.0015887131638868124
24.0,0.61,19.0,-0.03266712653411935
24.0,0.61,20.0,0.008099970501130704
24.0,0.61,21.0,9.880746498769355e-10
24.0,0.81,0.0,0.10208649105902312
24.0,0.81,1.0,6.564256698038395e-05
24.0,0.81,2.0,0.007106909070064893
24.0,0.81,3.0,7.363274434624145e-10
24.0,0.81,4.0,-0.03555418633045049
24.0,0.81,5.0,-0.006416568939970423
24.0,0.81,6.0,-0.00606382514413617
24.0,0.81,7.0,-2.0894492977590797e-05
24.0,0.81,8.0,7.363274434624145e-10
24.0,0.81,9.0,-0.010551233837849783
24.0,0.81,10.0,0.00029857848502658213
24.0,0.81,11.0,7.363274434624145e-10
24.0,0.81,12.0,-0.0036290892412798037
24.0,0.81,13.0,0.000871173084874971
24.0,0.81,14.0,0.027099637227085055
24.0,0.81,15.0,6.344437008809489e-06
24.0,0.81,16.0,-0.0235793685981167
24.0,0.81,17.0,-0.024723633800268985
24.0,0.81,18.0,-0.0026677515729924273
24.0,0.81,19.0,-0.043393176766842956
24.0,0.81,20.0,0.010644402568108169
24.0,0.81,21.0,9.880746498769355e-10
24.0,1.01,0.0,0.12692416862359968
24.0,1.01,1.0,8.157687753981846e-05
24.0,1.01,2.0,0.008835351904587896
24.0,1.01,3.0,7.363274434624145e-10
24.0,1.01,4.0,-0.04427524441451658
24.0,1.01,5.0,-0.006481132674487909
24.0,1.01,6.0,-0.007855573676610106
24.0,1.01,7.0,-2.0894493515842498e-05
24.0,1.01,8.0,7.363274434624145e-10
24.0,1.01,9.0,-0.013115687827330441
24.0,1.01,10.0,0.0005465902586800908
24.0,1.01,11.0,7.363274434624145e-10
24.0,1.01,12.0,-0.004660053447589824
24.0,1.01,13.0,0.001082931096867662
24.0,1.01,14.0,0.03366660300251202
24.0,1.01,15.0,7.882412724702359e-06
24.0,1.01,16.0,-0.029356284167550525
24.0,1.01,17.0,-0.029934677495491002
24.0,1.01,18.0,-0.0037906680851539365
24.0,1.01,19.0,-0.054080599406183205
24.0,1.01,20.0,0.013253905280866396
24.0,1.01,21.0,9.880746498769355e-10
24.0,1.21,0.0,0.15176001798741667
24.0,1.21,1.0,9.75067230334914e-05
24.0,1.21,2.0,0.010562564713069045
24.0,1.21,3.0,7.363274434624145e-10
24.0,1.21,4.0,-0.052632465516441296
24.0,1.21,5.0,-0.00651258357918416
24.0,1.21,6.0,-0.00974630999439513
24.0,1.21,7.0,-2.0894493618196556e-05
24.0,1.21,8.0,7.363274434624145e-10
24.0,1.21,9.0,-0.01567885304586683
24.0,1.21,10.0,0.0007941248705551768
24.0,1.21,11.0,7.363274434624145e-10
24.0,1.21,12.0,-0.005736506021533028
24.0,1.21,13.0,0.0012945756298121947
24.0,1.21,14.0,0.04025521065449454
24.0,1.21,15.0,9.419595007498227e-06
24.0,1.21,16.0,-0.03513679416535083
24.0,1.21,17.0,-0.0354154540877914
24.0,1.21,18.0,-0.004888215061793932
24.0,1.21,19.0,-0.06482104098168817
24.0,1.21,20.0,0.015765504741875658
24.0,1.21,21.0,9.880746498769355e-10
24.0,1.41,0.0,0.176585070818976
24.0,1.41,1.0,0.00011343107298322774
24.0,1.41,2.0,0.01229002354461789
24.0,1.41,3.0,7.363274434624145e-10
24.0,1.41,4.0,-0.06134291147870363
24.0,1.41,5.0,-0.006527771526586342
24.0,1.41,6.0,-0.011548547956326483
24.0,1.41,7.0,-2.0894493638603373e-05
24.0,1.41,8.0,7.363274434624145e-10
24.0,1.41,9.0,-0.018241797897402934
24.0,1.41,10.0,0.0010479626727014912
24.0,1.41,11.0,7.363274434624145e-10
24.0,1.41,12.0,-0.006772189270347728
24.0,1.41,13.0,0.0015062100224687014
24.0,1.41,14.0,0.046812465713508875
24.0,1.41,15.0,1.095650146923366e-05
24.0,1.41,16.0,-0.04091192814312375
24.0,1.41,17.0,-0.04060177515289104
24.0,1.41,18.0,-0.006025483982401658
24.0,1.41,19.0,-0.07550880367722987
24.0,1.41,20.0,0.018374224957131757
24.0,1.41,21.0,9.880746498769355e-10
24.0,1.61,0.0,0.20141238114103244
24.0,1.61,1.0,0.00012935513451978187
24.0,1.61,2.0,0.014016856297240865
24.0,1.61,3.0,7.363274434624145e-10
24.0,1.61,4.0,-0.06972914734598135
24.0,1.61,5.0,-0.006535068297525538
24.0,1.61,6.0,-0.013435093217287475
24.0,1.61,7.0,-2.08944936425057e-05
24.0,1.61,8.0,7.363274434624145e-10
24.0,1.61,9.0,-0.020804253296189942
24.0,1.61,10.0,0.0012989123645944511
24.0,1.61,11.0,7.363274434624145e-10
24.0,1.61,12.0,-0.007846613989054674
24.0,1.61,13.0,0.0017177970990969182
24.0,1.61,14.0,0.05339684754460332
24.0,1.61,15.0,1.2493147395709059e-05
24.0,1.61,16.0,-0.04669061381964816
24.0,1.61,17.0,-0.046033526661580226
24.0,1.61,18.0,-0.007133560636278624
24.0,1.61,19.0,-0.08624161596532631
24.0,1.61,20.0,0.020893843063177875
24.0,1.61,21.0,9.880746498769355e-10
24.0,1.81,0.0,0.22623257443686262
24.0,1.81,1.0,0.00014527588444385175
24.0,1.81,2.0,0.015744226508965675
24.0,1.81,3.0,7.363274434624145e-10
24.0,1.81,4.0,-0.07869914729345484
24.0,1.81,5.0,-0.006538568663286751
24.0,1.81,6.0,-0.015173133831947794
24.0,1.81,7.0,-2.089449364276791e-05
24.0,1.81,8.0,7.363274434624145e-10
24.0,1.81,9.0,-0.023366848109498364
24.0,1.81,10.0,0.0015574157243686548
24.0,1.81,11.0,7.363274434624145e-10
24.0,1.81,12.0,-0.008852678958195914
24.0,1.81,13.0,0.0019294052842746268
24.0,1.81,14.0,0.05991389395900326
24.0,1.81,15.0,1.4029813693611226e-05
24.0,1.81,16.0,-0.052462029328176646
24.0,1.81,17.0,-0.05104411514863383
24.0,1.81,18.0,-0.008301094046724578
24.0,1.81,19.0,-0.09689599695304188
24.0,1.81,20.0,0.02357755568062414
24.0,1.81,21.0,9.880746498769355e-10
24.0,2.01,0.0,0.25105768467360745
24.0,2.01,1.0,0.0001611990596235291
24.0,2.01,2.0,0.017471033145424364
24.0,2.01,3.0,7.363274434624145e-10
24.0,2.01,4.0,-0.08719009909603403
24.0,2.01,5.0,-0.006540238298525774
24.0,2.01,6.0,-0.017034334965987774
24.0,2.01,7.0,-2.0894493643601406e-05
24.0,2.01,8.0,7.363274434624145e-10
24.0,2.01,9.0,-0.0259292503165533
24.0,2.01,10.0,0.001810493766302601
24.0,2.01,11.0,7.363274434624145e-10
24.0,2.01,12.0,-0.00991550009325165
24.0,2.01,13.0,0.002140984623079517
24.0,2.01,14.0,0.06648514586094471
24.0,2.01,15.0,1.5566487247098415e-05
24.0,2.01,16.0,-0.05823993496522138
24.0,2.01,17.0,-0.056394137623147766
24.0,2.01,18.0,-0.009421251079535842
24.0,2.01,19.0,-0.10761621728397283
24.0,2.01,20.0,0.026126550838727614
24.0,2.01,21.0,9.880746498769355e-10
24.0,2.21,0.0,0.275884254059376
24.0,2.21,1.0,0.00017712929804541977
24.0,2.21,2.0,0.019198211701647427
24.0,2.21,3.0,7.363274434624145e-10
24.0,2.21,4.0,-0.09578947381200931
24.0,2.21,5.0,-0.006541037212301799
24.0,2.21,6.0,-0.018872186291167325
24.0,2.21,7.0,-2.0894493643658374e-05
24.0,2.21,8.0,7.363274434624145e-10
24.0,2.21,9.0,-0.028492592182190538
24.0,2.21,10.0,0.0020653408605620233
24.0,2.21,11.0,7.363274434624145e-10
24.0,2.21,12.0,-0.010967898017714889
24.0,2.21,13.0,0.0023526205950374635
24.0,2.21,14.0,0.07304724473544072
24.0,2.21,15.0,1.7104321925420773e-05
24.0,2.21,16.0,-0.06402075025543787
24.0,2.21,17.0,-0.06168122075281446
24.0,2.21,18.0,-0.010553285642820875
24.0,2.21,19.0,-0.11832958341902847
24.0,2.21,20.0,0.02870390695725772
24.0,2.21,21.0,9.880746498769355e-10
24.0,2.41,0.0,0.30076150727780504
24.0,2.41,1.0,0.00019311379081465851
24.0,2.41,2.0,0.02092966758137288
24.0,2.41,3.0,7.363274434624145e-10
24.0,2.41,4.0,-0.10447437633362333
24.0,2.41,5.0,-0.006541417868679751
24.0,2.41,6.0,-0.0207010967401281
24.0,2.41,7.0,-2.0894493643671123e-05
24.0,2.41,8.0,7.363274434624145e-10
24.0,2.41,9.0,-0.031063694372991155
24.0,2.41,10.0,0.002321565787381963
24.0,2.41,11.0,7.363274434624145e-10
24.0,2.41,12.0,-0.01201676825411549
24.0,2.41,13.0,0.0025648385268300655
24.0,2.41,14.0,0.07961726453766112
24.0,2.41,15.0,1.864833860404369e-05
24.0,2.41,16.0,-0.06981500942504063
24.0,2.41,17.0,-0.06694894584801847
24.0,2.41,18.0,-0.011694973529291053
24.0,2.41,19.0,-0.12906545074597398
24.0,2.41,20.0,0.031304421821897466
24.0,2.41,21.0,9.880746498769355e-10
24.0,2.61,0.0,0.32507256252405925
24.0,2.61,1.0,0.00020857515977709684
24.0,2.61,2.0,0.022616627416679136
24.0,2.61,3.0,7.363274434624145e-10
24.0,2.61,4.0,-0.11281678872127976
24.0,2.61,5.0,-0.006541592002092073
24.0,2.61,6.0,-0.022432477750067847
24.0,2.61,7.0,-2.08944936436745e-05
24.0,2.61,8.0,7.363274434624145e-10
24.0,2.61,9.0,-0.033557363938948453
24.0,2.61,10.0,0.0025622585774112278
24.0,2.61,11.0,7.363274434624145e-10
24.0,2.61,12.0,-0.013008311301256736
24.0,2.61,13.0,0.002771181790906324
24.0,2.61,14.0,0.08591770407200451
24.0,2.61,15.0,2.0132929026556168e-05
24.0,2.61,16.0,-0.07533637613564627
24.0,2.61,17.0,-0.07198768645973286
24.0,2.61,18.0,-0.012782915093380365
24.0,2.61,19.0,-0.13940738890689705
24.0,2.61,20.0,0.03387489505506647
24.0,2.61,21.0,9.880746498769355e-10
24.0,2.81,0.0,0.33728812265377883
24.0,2.81,1.0,0.0002163494147297551
24.0,2.81,2.0,0.023464229868067676
24.0,2.81,3.0,7.363274434624145e-10
24.0,2.81,4.0,-0.11710176074557915
24.0,2.81,5.0,-0.006541653732117778
24.0,2.81,6.0,-0.02328798105126162
24.0,2.81,7.0,-2.089449364367501e-05
24.0,2.81,8.0,7.363274434624145e-10
24.0,2.81,9.0,-0.03481070308093903
24.0,2.81,10.0,0.0026854542781395985
24.0,2.81,11.0,7.363274434624145e-10
24.0,2.81,12.0,-0.01350074899926798
24.0,2.81,13.0,0.0028748759524054313
24.0,2.81,14.0,0.08908001261679278
24.0,2.81,15.0,2.0880157654751264e-05
24.0,2.81,16.0,-0.07811524374004314
24.0,2.81,17.0,-0.07448613772421353
24.0,2.81,18.0,-0.013341131233691517
24.0,2.81,19.0,-0.1446045146057995
24.0,2.81,20.0,0.035186946060502655
24.0,2.81,21.0,9.880746498769355e-10
24.0,3.01,0.0,0.3381510373059151
24.0,3.01,1.0,0.0002170433969722052
24.0,3.01,2.0,0.023529006831592536
24.0,3.01,3.0,7.363274434624145e-10
24.0,3.01,4.0,-0.11745558617724883
24.0,3.01,5.0,-0.006541671042956199
24.0,3.01,6.0,-0.02341231595811727
24.0,3.01,7.0,-2.089449364367115e-05
24.0,3.01,8.0,7.363274434624145e-10
24.0,3.01,9.0,-0.03491677795619781
24.0,3.01,10.0,0.002701219097482832
24.0,3.01,11.0,7.363274434624145e-10
24.0,3.01,12.0,-0.013571229966085036
24.0,3.01,13.0,0.0028831824482637436
24.0,3.01,14.0,0.08941371011844214
24.0,3.01,15.0,2.0954212723134358e-05
24.0,3.01,16.0,-0.07843122336250527
24.0,3.01,17.0,-0.0747962459176334
24.0,3.01,18.0,-0.013396306066969066
24.0,3.01,19.0,-0.14510865542713494
24.0,3.01,20.0,0.0352367905077729
24.0,3.01,21.0,9.880746498769355e-10
24.0,3.21,0.0,0.33816473847400563
24.0,3.21,1.0,0.0002170616863607644
24.0,3.21,2.0,0.023530215101374596
24.0,3.21,3.0,7.363274434624145e-10
24.0,3.21,4.0,-0.11746974071744193
24.0,3.21,5.0,-0.006541678607670091
24.0,3.21,6.0,-0.023421049279504835
24.0,3.21,7.0,-2.089449364367167e-05
24.0,3.21,8.0,7.363274434624145e-10
24.0,3.21,9.0,-0.03491938855111337
24.0,3.21,10.0,0.0027025215982811185
24.0,3.21,11.0,7.363274434624145e-10
24.0,3.21,12.0,-0.013576285560982115
24.0,3.21,13.0,0.002883356395830927
24.0,3.21,14.0,0.08943050782688296
24.0,3.21,15.0,2.0956635609331586e-05
24.0,3.21,16.0,-0.07845400481959444
24.0,3.21,17.0,-0.07481533892325398
24.0,3.21,18.0,-0.013399544980056077
24.0,3.21,19.0,-0.14513243923300975
24.0,3.21,20.0,0.03523272188567206
24.0,3.21,21.0,9.880746498769355e-10
24.0,3.41,0.0,0.3381648858429148
24.0,3.41,1.0,0.00021706208903163327
24.0,3.41,2.0,0.023530230986701817
24.0,3.41,3.0,7.363274434624145e-10
24.0,3.41,4.0,-0.11766172174564937
24.0,3.41,5.0,-0.0065416832405021975
24.0,3.41,6.0,-0.023376475631381954
24.0,3.41,7.0,-2.0894493643672594e-05
24.0,3.41,8.0,7.363274434624145e-10
24.0,3.41,9.0,-0.03491945092717465
24.0,3.41,10.0,0.00270504855360304
24.0,3.41,11.0,7.363274434624145e-10
24.0,3.41,12.0,-0.013556016034087293
24.0,3.41,13.0,0.002883359186453327
24.0,3.41,14.0,0.08939958801133986
24.0,3.41,15.0,2.095670664667426e-05
24.0,3.41,16.0,-0.07845708845202379
24.0,3.41,17.0,-0.07471327810176281
24.0,3.41,18.0,-0.013419819273136568
24.0,3.41,19.0,-0.14511716138970765
24.0,3.41,20.0,0.035286705028017284
24.0,3.41,21.0,9.880746498769355e-10
24.0,3.61,0.0,0.3381648873953915
24.0,3.61,1.0,0.00021706210187685815
24.0,3.61,2.0,0.023530231203282126
24.0,3.61,3.0,7.363274434624145e-10
24.0,3.61,4.0,-0.11722293353583335
24.0,3.61,5.0,-0.00654168641979488
24.0,3.61,6.0,-0.023483791743013016
24.0,3.61,7.0,-2.0894493643669043e-05
24.0,3.61,8.0,7.363274434624145e-10
24.0,3.61,9.0,-0.03491945471478759
24.0,3.61,10.0,0.002699733611084318
24.0,3.61,11.0,7.363274434624145e-10
24.0,3.61,12.0,-0.013605311888379656
24.0,3.61,13.0,0.002883359242911554
24.0,3.61,14.0,0.08947606664880216
24.0,3.61,15.0,2.095670991614229e-05
24.0,3.61,16.0,-0.07846221438318896
24.0,3.61,17.0,-0.07496133554506884
24.0,3.61,18.0,-0.013374115601511305
24.0,3.61,19.0,-0.14516218326559527
24.0,3.61,20.0,0.035158593007556305
24.0,3.61,21.0,9.880746498769355e-10
24.0,3.81,0.0,0.3381648874154555
24.0,3.81,1.0,0.00021706210294772377
24.0,3.81,2.0,0.023530231207500585
24.0,3.81,3.0,7.363274434624145e-10
24.0,3.81,4.0,-0.11670687946791214
24.0,3.81,5.0,-0.006541687353193267
24.0,3.81,6.0,-0.02361237421371537
24.0,3.81,7.0,-2.08944936436733e-05
24.0,3.81,8.0,7.363274434624145e-10
24.0,3.81,9.0,-0.03491945556256626
24.0,3.81,10.0,0.0026935277555144577
24.0,3.81,11.0,7.363274434624145e-10
24.0,3.81,12.0,-0.013664317737830944
24.0,3.81,13.0,0.0028833592455855817
24.0,3.81,14.0,0.08956572968583291
24.0,3.81,15.0,2.0956710301112125e-05
24.0,3.81,16.0,-0.07846727276732451
24.0,3.81,17.0,-0.07527160074957481
24.0,3.81,18.0,-0.013321249963532178
24.0,3.81,19.0,-0.1452152804088194
24.0,3.81,20.0,0.0350065095419862
24.0,3.81,21.0,9.880746498769355e-10
24.0,4.01,0.0,0.33816488741582207
24.0,4.01,1.0,0.00021706210322619546
24.0,4.01,2.0,0.023530231207734953
24.0,4.01,3.0,7.363274434624145e-10
24.0,4.01,4.0,-0.11680052418858528
24.0,4.01,5.0,-0.006541689543037376
24.0,4.01,6.0,-0.023590011718626736
24.0,4.01,7.0,-2.0894493643675118e-05
24.0,4.01,8.0,7.363274434624145e-10
24.0,4.01,9.0,-0.03491945604792798
24.0,4.01,10.0,0.002694734869882698
24.0,4.01,11.0,7.363274434624145e-10
24.0,4.01,12.0,-0.013654158476912953
24.0,4.01,13.0,0.0028833592460714985
24.0,4.01,14.0,0.08955043720046464
24.0,4.01,15.0,2.0956710420738656e-05
24.0,4.01,16.0,-0.07846767656019296
24.0,4.01,17.0,-0.07521745355757337
24.0,4.01,18.0,-0.013330904723781511
24.0,4.01,19.0,-0.1452071805694675
24.0,4.01,20.0,0.035033231535364084
24.0,4.01,21.0,9.880746498769355e-10
