Net_ID,Var,Factor,intervention_effect
0.0,0.01,0.0,-1.814045779096063e-05
0.0,0.01,1.0,-0.0007014732762957443
0.0,0.01,2.0,0.0009357586861954148
0.0,0.01,3.0,-0.0017307167807629198
0.0,0.01,4.0,-5.013715747202518e-05
0.0,0.01,5.0,-0.002051854412188983
0.0,0.01,6.0,-0.0018101791425297331
0.0,0.01,7.0,-1.4563225041901119e-09
0.0,0.01,8.0,-3.0544593018579885e-12
0.0,0.01,9.0,-0.0004995895491780034
0.0,0.01,10.0,-0.00041409019635108013
0.0,0.01,11.0,-0.0007426326934684702
0.0,0.01,12.0,0.003722097551629262
0.0,0.01,13.0,0.0012865049380607618
0.0,0.01,14.0,0.0008854814741793629
0.0,0.01,15.0,-2.6286132723219953e-07
0.0,0.01,16.0,0.0005547293524545693
0.0,0.01,17.0,0.00026738025114253494
0.0,0.01,18.0,-0.00016188425158552118
0.0,0.01,19.0,-0.0014394198486180907
0.0,0.01,20.0,-4.867475285639861e-12
0.0,0.01,21.0,-0.0005392922807000433
0.0,1.01,0.0,-1.8133991643167053e-05
0.0,1.01,1.0,-0.0007014606039257854
0.0,1.01,2.0,0.0009357376501105963
0.0,1.01,3.0,-0.0017306886295706952
0.0,1.01,4.0,-5.013715745094961e-05
0.0,1.01,5.0,-0.0020518344835729133
0.0,1.01,6.0,-0.0018101481560022226
0.0,1.01,7.0,-1.4563225041900848e-09
0.0,1.01,8.0,-3.0544593018579877e-12
0.0,1.01,9.0,-0.0004995897699221485
0.0,1.01,10.0,-0.00041410415057302474
0.0,1.01,11.0,-0.0007426303972194459
0.0,1.01,12.0,0.0037220547240184258
0.0,1.01,13.0,0.0012865191284913702
0.0,1.01,14.0,0.0008854750803161046
0.0,1.01,15.0,-2.628613272325334e-07
0.0,1.01,16.0,0.000554737600778038
0.0,1.01,17.0,0.00026737227757844817
0.0,1.01,18.0,-0.00016188424691376222
0.0,1.01,19.0,-0.001439421476109929
0.0,1.01,20.0,-4.86747528563986e-12
0.0,1.01,21.0,-0.0005393037122025657
0.0,2.01,0.0,-1.811215143727801e-05
0.0,2.01,1.0,-0.0007014445572243733
0.0,2.01,2.0,0.0009357097464833264
0.0,2.01,3.0,-0.0017306500753860171
0.0,2.01,4.0,-5.013715742112568e-05
0.0,2.01,5.0,-0.0020518063171902703
0.0,2.01,6.0,-0.0018101103541208197
0.0,2.01,7.0,-1.4563225041900563e-09
0.0,2.01,8.0,-3.0544593018579873e-12
0.0,2.01,9.0,-0.0004995824827926376
0.0,2.01,10.0,-0.0004141145052755646
0.0,2.01,11.0,-0.0007426229395409156
0.0,2.01,12.0,0.0037219862206434463
0.0,2.01,13.0,0.0012865267227225585
0.0,2.01,14.0,0.0008854696626831929
0.0,2.01,15.0,-2.6286132723306774e-07
0.0,2.01,16.0,0.000554740849932206
0.0,2.01,17.0,0.00026735114133719096
0.0,2.01,18.0,-0.00016188424051707278
0.0,2.01,19.0,-0.0014394237428250812
0.0,2.01,20.0,-4.867475285639859e-12
0.0,2.01,21.0,-0.000539318206013939
0.0,3.01,0.0,-1.8038401713362714e-05
0.0,3.01,1.0,-0.0007014262047386199
0.0,3.01,2.0,0.0009356640642929903
0.0,3.01,3.0,-0.0017305947379798875
0.0,3.01,4.0,-5.013715737678565e-05
0.0,3.01,5.0,-0.002051765954495556
0.0,3.01,6.0,-0.0018100721276910203
0.0,3.01,7.0,-1.4563225041900242e-09
0.0,3.01,8.0,-3.054459301857987e-12
0.0,3.01,9.0,-0.0004995605937371805
0.0,3.01,10.0,-0.00041411179872646864
0.0,3.01,11.0,-0.0007426023808516091
0.0,3.01,12.0,0.0037218668805220224
0.0,3.01,13.0,0.0012865280108684818
0.0,3.01,14.0,0.0008854740637217542
0.0,3.01,15.0,-2.62861327233917e-07
0.0,3.01,16.0,0.0005547329178126337
0.0,3.01,17.0,0.00026729131967656583
0.0,3.01,18.0,-0.00016188423133168202
0.0,3.01,19.0,-0.0014394270796216507
0.0,3.01,20.0,-4.8674752856398585e-12
0.0,3.01,21.0,-0.0005393453653715907
0.0,4.01,0.0,-1.778942526769392e-05
0.0,4.01,1.0,-0.0007014145785926296
0.0,4.01,2.0,0.0009355687020485282
0.0,4.01,3.0,-0.0017305128500704203
0.0,4.01,4.0,-5.013715730685013e-05
0.0,4.01,5.0,-0.0020517080462740395
0.0,4.01,6.0,-0.0018100715140906831
0.0,4.01,7.0,-1.4563225041899843e-09
0.0,4.01,8.0,-3.0544593018579865e-12
0.0,4.01,9.0,-0.000499508100741064
0.0,4.01,10.0,-0.00041406228846785353
0.0,4.01,11.0,-0.000742545378236148
0.0,4.01,12.0,0.0037216390723368003
0.0,4.01,13.0,0.0012865330367995975
0.0,4.01,14.0,0.000885518352765173
0.0,4.01,15.0,-2.628613272353018e-07
0.0,4.01,16.0,0.0005546956798501423
0.0,4.01,17.0,0.0002671143373544349
0.0,4.01,18.0,-0.00016188421735274772
0.0,4.01,19.0,-0.001439432338900629
0.0,4.01,20.0,-4.867475285639858e-12
0.0,4.01,21.0,-0.0005394178585985121
0.0,5.01,0.0,-1.6949131467965332e-05
0.0,5.01,1.0,-0.0007014495378804553
0.0,5.01,2.0,0.0009353259973706451
0.0,5.01,3.0,-0.0017303927163610927
0.0,5.01,4.0,-5.013715718896112e-05
0.0,5.01,5.0,-0.002051626503334153
0.0,5.01,6.0,-0.0018102663144820008
0.0,5.01,7.0,-1.456322504189928e-09
0.0,5.01,8.0,-3.054459301857986e-12
0.0,5.01,9.0,-0.0004993869241807225
0.0,5.01,10.0,-0.0004138489534405987
0.0,5.01,11.0,-0.0007423809847095786
0.0,5.01,12.0,0.0037211633632931885
0.0,5.01,13.0,0.0012865911571572908
0.0,5.01,14.0,0.0008856978713834701
0.0,5.01,15.0,-2.6286132723768005e-07
0.0,5.01,16.0,0.0005545739813061223
0.0,5.01,17.0,0.00026657545791597403
0.0,5.01,18.0,-0.00016188419457333804
0.0,5.01,19.0,-0.0014394413239511388
0.0,5.01,20.0,-4.867475285639857e-12
0.0,5.01,21.0,-0.0005396449080695698
0.0,6.01,0.0,-1.411442743804839e-05
0.0,6.01,1.0,-0.0007016818000969705
0.0,6.01,2.0,0.0009346289651072648
0.0,6.01,3.0,-0.0017302346286877518
0.0,6.01,4.0,-5.013715697600881e-05
0.0,6.01,5.0,-0.0020515169031533817
0.0,6.01,6.0,-0.0018112391879497314
0.0,6.01,7.0,-1.4563225041898362e-09
0.0,6.01,8.0,-3.0544593018579857e-12
0.0,6.01,9.0,-0.0004991009871905816
0.0,6.01,10.0,-0.00041307224371611717
0.0,6.01,11.0,-0.000741888876987562
0.0,6.01,12.0,0.003720086362067521
0.0,6.01,13.0,0.0012868930343103435
0.0,6.01,14.0,0.0008863051885889955
0.0,6.01,15.0,-2.6286132724207085e-07
0.0,6.01,16.0,0.0005541969749438824
0.0,6.01,17.0,0.0002649037409466204
0.0,6.01,18.0,-0.00016188415452522605
0.0,6.01,19.0,-0.0014394580994667356
0.0,6.01,20.0,-4.867475285639857e-12
0.0,6.01,21.0,-0.000540387706120915
0.0,7.01,0.0,-4.560371051166704e-06
0.0,7.01,1.0,-0.0007026464516220465
0.0,7.01,2.0,0.0009324990279162837
0.0,7.01,3.0,-0.001730115895301379
0.0,7.01,4.0,-5.0137156565189576e-05
0.0,7.01,5.0,-0.0020513799038081315
0.0,7.01,6.0,-0.001815028312028566
0.0,7.01,7.0,-1.4563225041896623e-09
0.0,7.01,8.0,-3.0544593018579853e-12
0.0,7.01,9.0,-0.0004983927372443353
0.0,7.01,10.0,-0.0004103820057281826
0.0,7.01,11.0,-0.000740375705034324
0.0,7.01,12.0,0.0037174777599045545
0.0,7.01,13.0,0.0012881099804150087
0.0,7.01,14.0,0.000888223216457977
0.0,7.01,15.0,-2.628613272508927e-07
0.0,7.01,16.0,0.0005530318361012532
0.0,7.01,17.0,0.00025965412875522675
0.0,7.01,18.0,-0.00016188407839410872
0.0,7.01,19.0,-0.0014394923593571431
0.0,7.01,20.0,-4.867475285639856e-12
0.0,7.01,21.0,-0.0005428315522255089
0.0,8.01,0.0,2.757178522814528e-05
0.0,8.01,1.0,-0.0007061813466538169
0.0,8.01,2.0,0.000925799770085195
0.0,8.01,3.0,-0.0017304454037862932
0.0,8.01,4.0,-5.0137155726408566e-05
0.0,8.01,5.0,-0.0020512101397836685
0.0,8.01,6.0,-0.0018285452965434712
0.0,8.01,7.0,-1.4563225041892886e-09
0.0,8.01,8.0,-3.0544593018579845e-12
0.0,8.01,9.0,-0.0004965310645986265
0.0,8.01,10.0,-0.00040125654841594027
0.0,8.01,11.0,-0.0007356449116276975
0.0,8.01,12.0,0.0037108155238229235
0.0,8.01,13.0,0.0012924945087774975
0.0,8.01,14.0,0.0008940904714710152
0.0,8.01,15.0,-2.628613272701995e-07
0.0,8.01,16.0,0.000549416126593788
0.0,8.01,17.0,0.0002430467083813781
0.0,8.01,18.0,-0.0001618839225897953
0.0,8.01,19.0,-0.0014395683325896876
0.0,8.01,20.0,-4.867475285639855e-12
0.0,8.01,21.0,-0.0005508385871338395
0.0,9.01,0.0,0.00013505685359795557
0.0,9.01,1.0,-0.0007184474283587206
0.0,9.01,2.0,0.000904510207669601
0.0,9.01,3.0,-0.0017328776045707067
0.0,9.01,4.0,-5.013715393722766e-05
0.0,9.01,5.0,-0.002050882398008054
0.0,9.01,6.0,-0.0018746722945522931
0.0,9.01,7.0,-1.4563225041884048e-09
0.0,9.01,8.0,-3.0544593018579837e-12
0.0,9.01,9.0,-0.0004913435553172141
0.0,9.01,10.0,-0.00037073361016398687
0.0,9.01,11.0,-0.0007207448557108864
0.0,9.01,12.0,0.003693127255517256
0.0,9.01,13.0,0.001307359960493526
0.0,9.01,14.0,0.0009117232483905474
0.0,9.01,15.0,-2.628613273157603e-07
0.0,9.01,16.0,0.0005381919004674163
0.0,9.01,17.0,0.00019039217014044096
0.0,9.01,18.0,-0.00016188358283177515
0.0,9.01,19.0,-0.0014397487114361292
0.0,9.01,20.0,-4.867475285639855e-12
0.0,9.01,21.0,-0.0005768633556620384
0.0,10.01,0.0,0.000489542427668269
0.0,10.01,1.0,-0.000759465741323323
0.0,10.01,2.0,0.0008371746617784059
0.0,10.01,3.0,-0.0017433556005514161
0.0,10.01,4.0,-5.013715000801026e-05
0.0,10.01,5.0,-0.0020495793852349994
0.0,10.01,6.0,-0.0020268934478626655
0.0,10.01,7.0,-1.4563225041861712e-09
0.0,10.01,8.0,-3.054459301857982e-12
0.0,10.01,9.0,-0.00047624562112752455
0.0,10.01,10.0,-0.00027050184955490497
0.0,10.01,11.0,-0.0006740098998526678
0.0,10.01,12.0,0.0036450452372723003
0.0,10.01,13.0,0.0013556765079515976
0.0,10.01,14.0,0.0009639321007265944
0.0,10.01,15.0,-2.628613274295377e-07
0.0,10.01,16.0,0.0005036378578681944
0.0,10.01,17.0,2.459681604533026e-05
0.0,10.01,18.0,-0.00016188280467260906
0.0,10.01,19.0,-0.0014401984085301255
0.0,10.01,20.0,-4.867475285639855e-12
0.0,10.01,21.0,-0.000660203679616167
1.0,0.01,0.0,0.00021206866147877035
1.0,0.01,1.0,0.0008769437363682631
1.0,0.01,2.0,0.0005643187726901422
1.0,0.01,3.0,-6.558101302150593e-05
1.0,0.01,4.0,0.00014397252085902174
1.0,0.01,5.0,0.0010576067272324852
1.0,0.01,6.0,-1.3138152967731317e-09
1.0,0.01,7.0,0.0006202765464067839
1.0,0.01,8.0,-2.8104787791281174e-11
1.0,0.01,9.0,0.00035405079191092037
1.0,0.01,10.0,7.63903354302764e-05
1.0,0.01,11.0,0.0003046291943199775
1.0,0.01,12.0,0.0006083777427975945
1.0,0.01,13.0,-2.7851721890096483e-08
1.0,0.01,14.0,-2.4843341327441175e-11
1.0,0.01,15.0,-0.0006890742938544717
1.0,0.01,16.0,6.922747455463493e-07
1.0,0.01,17.0,3.525805408322036e-05
1.0,0.01,18.0,-1.5165859081339976e-06
1.0,0.01,19.0,-0.0019820216886561118
1.0,0.01,20.0,-7.517988734182207e-10
1.0,0.01,21.0,-0.00021912524036404868
1.0,1.01,0.0,0.043123860227597594
1.0,1.01,1.0,0.01555622581879762
1.0,1.01,2.0,0.008302527988842956
1.0,1.01,3.0,-6.562204016696993e-05
1.0,1.01,4.0,0.002698472168772177
1.0,1.01,5.0,0.020219671319726906
1.0,1.01,6.0,-1.3138152973653173e-09
1.0,1.01,7.0,0.008811531864616695
1.0,1.01,8.0,-2.8104787791353953e-11
1.0,1.01,9.0,-0.00705025626849709
1.0,1.01,10.0,0.0085874817954662
1.0,1.01,11.0,0.01043458069893724
1.0,1.01,12.0,0.0025409355112937515
1.0,1.01,13.0,-2.7851721911426394e-08
1.0,1.01,14.0,-2.4843305440149466e-11
1.0,1.01,15.0,-0.0006903647362679537
1.0,1.01,16.0,2.46669528916188e-07
1.0,1.01,17.0,0.014848448079098853
1.0,1.01,18.0,-1.5166125333484052e-06
1.0,1.01,19.0,-0.006937326481200622
1.0,1.01,20.0,-7.027998491285109e-10
1.0,1.01,21.0,-0.004566234927481538
1.0,2.01,0.0,0.0935411334103406
1.0,2.01,1.0,0.032639599718915724
1.0,2.01,2.0,0.017326655295961446
1.0,2.01,3.0,-6.562573895734612e-05
1.0,2.01,4.0,0.005679852451552274
1.0,2.01,5.0,0.04258286658253713
1.0,2.01,6.0,-1.313815297740954e-09
1.0,2.01,7.0,0.018357517768665677
1.0,2.01,8.0,-2.8104787791365517e-11
1.0,2.01,9.0,-0.015709466754517676
1.0,2.01,10.0,0.018634648411492594
1.0,2.01,11.0,0.02229804111700892
1.0,2.01,12.0,0.004796291142890485
1.0,2.01,13.0,-2.7851721928637167e-08
1.0,2.01,14.0,-2.4840433064195157e-11
1.0,2.01,15.0,-0.0006911535384146507
1.0,2.01,16.0,1.4488691083492412e-06
1.0,2.01,17.0,0.03226469255698328
1.0,2.01,18.0,-1.5166175592299886e-06
1.0,2.01,19.0,-0.012437544520795204
1.0,2.01,20.0,1.2407432660853776e-09
1.0,2.01,21.0,-0.009612292123572008
1.0,3.01,0.0,0.15345553530407213
1.0,3.01,1.0,0.05254064555014265
1.0,3.01,2.0,0.027886486903260232
1.0,3.01,3.0,-6.562596819295682e-05
1.0,3.01,4.0,0.009176869031314268
1.0,3.01,5.0,0.06879538315312911
1.0,3.01,6.0,-1.3138152979568414e-09
1.0,3.01,7.0,0.029510693542888822
1.0,3.01,8.0,-2.8104787791367103e-11
1.0,3.01,9.0,-0.025905895626514075
1.0,3.01,10.0,0.030694893821871905
1.0,3.01,11.0,0.03629742987559456
1.0,3.01,12.0,0.007436022910218942
1.0,3.01,13.0,-2.785172194163285e-08
1.0,3.01,14.0,-2.4778591910778686e-11
1.0,3.01,15.0,-0.0006915972044630482
1.0,3.01,16.0,2.2344619410777427e-07
1.0,3.01,17.0,0.053001498554400395
1.0,3.01,18.0,-1.516618258541787e-06
1.0,3.01,19.0,-0.018149037618268964
1.0,3.01,20.0,9.395123787557042e-09
1.0,3.01,21.0,-0.015438321738818817
1.0,4.01,0.0,0.22537224927312094
1.0,4.01,1.0,0.07558450664320632
1.0,4.01,2.0,0.040227243671588586
1.0,4.01,3.0,-6.56259773067205e-05
1.0,4.01,4.0,0.013282781257320748
1.0,4.01,5.0,0.09950596751812879
1.0,4.01,6.0,-1.3138152980823903e-09
1.0,4.01,7.0,0.04250568091729595
1.0,4.01,8.0,-2.8104787791367472e-11
1.0,4.01,9.0,-0.037954730740550335
1.0,4.01,10.0,0.04543036777161208
1.0,4.01,11.0,0.05288874904611521
1.0,4.01,12.0,0.010507035932493358
1.0,4.01,13.0,-2.7851721951462396e-08
1.0,4.01,14.0,-1.884463076887985e-11
1.0,4.01,15.0,-0.0006918247640519304
1.0,4.01,16.0,5.96496566352465e-07
1.0,4.01,17.0,0.07799881640600848
1.0,4.01,18.0,-1.516618324514446e-06
1.0,4.01,19.0,-0.023220245348905887
1.0,4.01,20.0,3.036354494377787e-07
1.0,4.01,21.0,-0.0220586196288044
1.0,5.01,0.0,0.31241257760984154
1.0,5.01,1.0,0.10217761523002966
1.0,5.01,2.0,0.05465517518229912
1.0,5.01,3.0,-6.562597752159985e-05
1.0,5.01,4.0,0.018113451283897998
1.0,5.01,5.0,0.13552133188571724
1.0,5.01,6.0,-1.313815298142796e-09
1.0,5.01,7.0,0.05763176031337908
1.0,5.01,8.0,-2.8104787791367504e-11
1.0,5.01,9.0,-0.052251076765572196
1.0,5.01,10.0,0.06367442427567382
1.0,5.01,11.0,0.0726385275602818
1.0,5.01,12.0,0.014067498657331978
1.0,5.01,13.0,-2.78517219573715e-08
1.0,5.01,14.0,7.320550282818821e-11
1.0,5.01,15.0,-0.000691931188728135
1.0,5.01,16.0,-3.141613520992443e-07
1.0,5.01,17.0,0.1084400265274762
1.0,5.01,18.0,-1.5166183282646453e-06
1.0,5.01,19.0,-0.026566116506217326
1.0,5.01,20.0,8.700997331068302e-07
1.0,5.01,21.0,-0.029474592704180402
1.0,6.01,0.0,0.4189876272553662
1.0,6.01,1.0,0.13348230962327517
1.0,6.01,2.0,0.07182932813965115
1.0,6.01,3.0,-6.562597752442842e-05
1.0,6.01,4.0,0.023889551170887667
1.0,6.01,5.0,0.17849020424540984
1.0,6.01,6.0,-1.313815298169058e-09
1.0,6.01,7.0,0.07556786757735368
1.0,6.01,8.0,-2.810478779136751e-11
1.0,6.01,9.0,-0.06947171200108965
1.0,6.01,10.0,0.08641592549731036
1.0,6.01,11.0,0.09650334944626668
1.0,6.01,12.0,0.01827990300787191
1.0,6.01,13.0,-2.7851721960111678e-08
1.0,6.01,14.0,3.169662563419817e-10
1.0,6.01,15.0,-0.0006919768813920717
1.0,6.01,16.0,-4.5524449087562314e-07
1.0,6.01,17.0,0.14589439205191046
1.0,6.01,18.0,-1.5166183283789352e-06
1.0,6.01,19.0,-0.027984140043864614
1.0,6.01,20.0,4.562338182646903e-07
1.0,6.01,21.0,-0.03797868279013439
1.0,7.01,0.0,0.55223342932544
1.0,7.01,1.0,0.1719177367050569
1.0,7.01,2.0,0.09301254329420361
1.0,7.01,3.0,-6.562597752445179e-05
1.0,7.01,4.0,0.031027668385892458
1.0,7.01,5.0,0.2315692294315853
1.0,7.01,6.0,-1.3138152981804453e-09
1.0,7.01,7.0,0.09765696755204584
1.0,7.01,8.0,-2.8104787791367514e-11
1.0,7.01,9.0,-0.09083244716921271
1.0,7.01,10.0,0.11506224322554426
1.0,7.01,11.0,0.12617224513014727
1.0,7.01,12.0,0.02347957510918719
1.0,7.01,13.0,-2.785172196110765e-08
1.0,7.01,14.0,1.2809635859718132e-08
1.0,7.01,15.0,-0.0006919946534330305
1.0,7.01,16.0,-4.571502347791398e-07
1.0,7.01,17.0,0.1927885690500054
1.0,7.01,18.0,-1.5166183283808603e-06
1.0,7.01,19.0,-0.028336444510986235
1.0,7.01,20.0,1.3538463013868683e-06
1.0,7.01,21.0,-0.0483242282615064
1.0,8.01,0.0,0.7209549705076751
1.0,8.01,1.0,0.22016718349463676
1.0,8.01,2.0,0.11955121016086423
1.0,8.01,3.0,-6.562597752445195e-05
1.0,8.01,4.0,0.04003238522262564
1.0,8.01,5.0,0.2984293390438755
1.0,8.01,6.0,-1.3138152981846259e-09
1.0,8.01,7.0,0.1253836904508822
1.0,8.01,8.0,-2.8104787791367514e-11
1.0,8.01,9.0,-0.11780031364750265
1.0,8.01,10.0,0.1512436162106372
1.0,8.01,11.0,0.16367209508754296
1.0,8.01,12.0,0.030096360130681177
1.0,8.01,13.0,-2.7851721961358993e-08
1.0,8.01,14.0,2.1791479880660286e-07
1.0,8.01,15.0,-0.0006920005230351494
1.0,8.01,16.0,-4.572425345788848e-07
1.0,8.01,17.0,0.25185663693692684
1.0,8.01,18.0,-1.5166183283808809e-06
1.0,8.01,19.0,-0.02838557452974186
1.0,8.01,20.0,9.426024923892105e-07
1.0,8.01,21.0,-0.06157637574409547
1.0,9.01,0.0,0.797123785564049
1.0,9.01,1.0,0.24225166713247465
1.0,9.01,2.0,0.13182016584214162
1.0,9.01,3.0,-6.562597752445195e-05
1.0,9.01,4.0,0.04410219831158264
1.0,9.01,5.0,0.32882367251569045
1.0,9.01,6.0,-1.3138152981856073e-09
1.0,9.01,7.0,0.13810445906914254
1.0,9.01,8.0,-2.8104787791367514e-11
1.0,9.01,9.0,-0.1300018757276349
1.0,9.01,10.0,0.16781356967132788
1.0,9.01,11.0,0.18063246805421426
1.0,9.01,12.0,0.03301589921037029
1.0,9.01,13.0,-2.7851721961395227e-08
1.0,9.01,14.0,3.2580904640041424e-07
1.0,9.01,15.0,-0.0006920017392659921
1.0,9.01,16.0,-4.5724292389996324e-07
1.0,9.01,17.0,0.2790008764056202
1.0,9.01,18.0,-1.516618328380881e-06
1.0,9.01,19.0,-0.0283890262586513
1.0,9.01,20.0,2.3754972109873294e-07
1.0,9.01,21.0,-0.06721155988593952
1.0,10.01,0.0,0.7971946600239403
1.0,10.01,1.0,0.24229333425872407
1.0,10.01,2.0,0.13185073378769752
1.0,10.01,3.0,-6.562597752445195e-05
1.0,10.01,4.0,0.044103154082048394
1.0,10.01,5.0,0.3288598938959236
1.0,10.01,6.0,-1.3138152981858356e-09
1.0,10.01,7.0,0.13812963940876344
1.0,10.01,8.0,-2.8104787791367514e-11
1.0,10.01,9.0,-0.13001224131381311
1.0,10.01,10.0,0.16784384400611563
1.0,10.01,11.0,0.18065034543648276
1.0,10.01,12.0,0.03301445166339356
1.0,10.01,13.0,-2.7851721961401626e-08
1.0,10.01,14.0,2.5639475985559134e-06
1.0,10.01,15.0,-0.0006920019372527474
1.0,10.01,16.0,-4.57242920919337e-07
1.0,10.01,17.0,0.27905567052772984
1.0,10.01,18.0,-1.516618328380881e-06
1.0,10.01,19.0,-0.02838930715057643
1.0,10.01,20.0,1.3112170207099732e-06
1.0,10.01,21.0,-0.06719237075134621
2.0,0.01,0.0,-0.0020843196825280075
2.0,0.01,1.0,-0.0007132855514505321
2.0,0.01,2.0,-9.272249557984447e-05
2.0,0.01,3.0,0.0011904812042880242
2.0,0.01,4.0,-5.5123002571717215e-15
2.0,0.01,5.0,6.226705053068108e-07
2.0,0.01,6.0,-2.804063989610697e-06
2.0,0.01,7.0,-5.470458172411272e-05
2.0,0.01,8.0,-0.0012941304845464074
2.0,0.01,9.0,-0.0015547357114058524
2.0,0.01,10.0,-0.00042767064418614
2.0,0.01,11.0,-0.00020455714177067263
2.0,0.01,12.0,-0.0014042143285989406
2.0,0.01,13.0,-0.0003497388574503768
2.0,0.01,14.0,-0.0018398430740608207
2.0,0.01,15.0,-6.726056655415036e-06
2.0,0.01,16.0,-0.0010017763149723358
2.0,0.01,17.0,-2.7943315175758662e-15
2.0,0.01,18.0,-0.0006142818489026647
2.0,0.01,19.0,-0.0022039124012777967
2.0,0.01,20.0,-0.0005150974764603078
2.0,0.01,21.0,-5.629134958368575e-05
2.0,1.01,0.0,-0.002084332223615412
2.0,1.01,1.0,-0.0007132830815614333
2.0,1.01,2.0,-9.272471521709624e-05
2.0,1.01,3.0,0.0011904811439646772
2.0,1.01,4.0,-5.5123002571717215e-15
2.0,1.01,5.0,6.226588280507592e-07
2.0,1.01,6.0,-2.8040639896106965e-06
2.0,1.01,7.0,-5.470458172386749e-05
2.0,1.01,8.0,-0.0012941280961189516
2.0,1.01,9.0,-0.0015547381787596182
2.0,1.01,10.0,-0.00042766971738250614
2.0,1.01,11.0,-0.00020455737508667804
2.0,1.01,12.0,-0.0014042119121908392
2.0,1.01,13.0,-0.00034973958756980006
2.0,1.01,14.0,-0.0018398427288300878
2.0,1.01,15.0,-6.725187554207368e-06
2.0,1.01,16.0,-0.0010017724132407313
2.0,1.01,17.0,-2.7943315175758662e-15
2.0,1.01,18.0,-0.0006142847422422326
2.0,1.01,19.0,-0.0022039124035400097
2.0,1.01,20.0,-0.0005150978651245336
2.0,1.01,21.0,-5.629134958254639e-05
2.0,2.01,0.0,-0.0020843447584449684
2.0,2.01,1.0,-0.0007132806122451818
2.0,2.01,2.0,-9.27269377136164e-05
2.0,2.01,3.0,0.0011904810812616053
2.0,2.01,4.0,-5.5123002571717215e-15
2.0,2.01,5.0,6.226469571747814e-07
2.0,2.01,6.0,-2.8040639896106965e-06
2.0,2.01,7.0,-5.470458172362176e-05
2.0,2.01,8.0,-0.0012941257071462653
2.0,2.01,9.0,-0.00155474064455291
2.0,2.01,10.0,-0.00042766878865752034
2.0,2.01,11.0,-0.0002045576062099097
2.0,2.01,12.0,-0.0014042094941762173
2.0,2.01,13.0,-0.0003497403180138525
2.0,2.01,14.0,-0.0018398423818516418
2.0,2.01,15.0,-6.72431790207928e-06
2.0,2.01,16.0,-0.0010017685081465943
2.0,2.01,17.0,-2.7943315175758662e-15
2.0,2.01,18.0,-0.0006142876376761253
2.0,2.01,19.0,-0.002203912405810821
2.0,2.01,20.0,-0.0005150982523227654
2.0,2.01,21.0,-5.6291349581402393e-05
2.0,3.01,0.0,-0.0020843572870131583
2.0,3.01,1.0,-0.000713278143502416
2.0,3.01,2.0,-9.27291630677951e-05
2.0,3.01,3.0,0.001190481016179315
2.0,3.01,4.0,-5.5123002571717215e-15
2.0,3.01,5.0,6.226348926538236e-07
2.0,3.01,6.0,-2.804063989610696e-06
2.0,3.01,7.0,-5.470458172337551e-05
2.0,3.01,8.0,-0.0012941233176295697
2.0,3.01,9.0,-0.0015547431087852837
2.0,3.01,10.0,-0.00042766785801218177
2.0,3.01,11.0,-0.0002045578351405064
2.0,3.01,12.0,-0.001404207074556102
2.0,3.01,13.0,-0.0003497410487823538
2.0,3.01,14.0,-0.001839842033126149
2.0,3.01,15.0,-6.723447699197305e-06
2.0,3.01,16.0,-0.0010017645996924784
2.0,3.01,17.0,-2.7943315175758662e-15
2.0,3.01,18.0,-0.0006142905352024552
2.0,3.01,19.0,-0.002203912408090228
2.0,3.01,20.0,-0.0005150986380554057
2.0,3.01,21.0,-5.6291349580253756e-05
2.0,4.01,0.0,-0.0020843698093162694
2.0,4.01,1.0,-0.0007132756753341629
2.0,4.01,2.0,-9.273139127802255e-05
2.0,4.01,3.0,0.0011904809487182921
2.0,4.01,4.0,-5.5123002571717215e-15
2.0,4.01,5.0,6.226226344634377e-07
2.0,4.01,6.0,-2.804063989610696e-06
2.0,4.01,7.0,-5.470458172312875e-05
2.0,4.01,8.0,-0.001294120927569531
2.0,4.01,9.0,-0.0015547455714557956
2.0,4.01,10.0,-0.0004276669254468235
2.0,4.01,11.0,-0.00020455806187902326
2.0,4.01,12.0,-0.001404204653331964
2.0,4.01,13.0,-0.0003497417798747765
2.0,4.01,14.0,-0.00183984168265372
2.0,4.01,15.0,-6.722576946366354e-06
2.0,4.01,16.0,-0.001001760687880493
2.0,4.01,17.0,-2.7943315175758662e-15
2.0,4.01,18.0,-0.0006142934348194462
2.0,4.01,19.0,-0.002203912410378229
2.0,4.01,20.0,-0.0005150990223224822
2.0,4.01,21.0,-5.629134957910048e-05
2.0,5.01,0.0,-0.0020843823253505755
2.0,5.01,1.0,-0.0007132732077413106
2.0,5.01,2.0,-9.273362234307747e-05
2.0,5.01,3.0,0.0011904808788790362
2.0,5.01,4.0,-5.5123002571717215e-15
2.0,5.01,5.0,6.226101825789788e-07
2.0,5.01,6.0,-2.8040639896106956e-06
2.0,5.01,7.0,-5.470458172288148e-05
2.0,5.01,8.0,-0.0012941185369673702
2.0,5.01,9.0,-0.0015547480325639462
2.0,5.01,10.0,-0.0004276659909626668
2.0,5.01,11.0,-0.00020455828642565455
2.0,5.01,12.0,-0.0014042022305051083
2.0,5.01,13.0,-0.00034974251129082923
2.0,5.01,14.0,-0.0018398413304350214
2.0,5.01,15.0,-6.721705643947251e-06
2.0,5.01,16.0,-0.0010017567727126364
2.0,5.01,17.0,-2.7943315175758662e-15
2.0,5.01,18.0,-0.0006142963365257659
2.0,5.01,19.0,-0.002203912412674821
2.0,5.01,20.0,-0.0005150994051241198
2.0,5.01,21.0,-5.629134957794258e-05
2.0,6.01,0.0,-0.0020843948351124894
2.0,6.01,1.0,-0.0007132707407247474
2.0,6.01,2.0,-9.273585626123904e-05
2.0,6.01,3.0,0.0011904808066620885
2.0,6.01,4.0,-5.5123002571717215e-15
2.0,6.01,5.0,6.22597536976328e-07
2.0,6.01,6.0,-2.8040639896106956e-06
2.0,6.01,7.0,-5.470458172263369e-05
2.0,6.01,8.0,-0.001294116145824309
2.0,6.01,9.0,-0.0015547504921089583
2.0,6.01,10.0,-0.0004276650545601557
2.0,6.01,11.0,-0.0002045585087810109
2.0,6.01,12.0,-0.001404199806076728
2.0,6.01,13.0,-0.00034974324303013726
2.0,6.01,14.0,-0.001839840976470608
2.0,6.01,15.0,-6.720833792384084e-06
2.0,6.01,16.0,-0.0010017528541919063
2.0,6.01,17.0,-2.7943315175758662e-15
2.0,6.01,18.0,-0.0006142992403194159
2.0,6.01,19.0,-0.0022039124149800028
2.0,6.01,20.0,-0.0005150997864605822
2.0,6.01,21.0,-5.6291349576780047e-05
2.0,7.01,0.0,-0.0020844073385984097
2.0,7.01,1.0,-0.0007132682742852503
2.0,7.01,2.0,-9.27380930308419e-05
2.0,7.01,3.0,0.001190480732067855
2.0,7.01,4.0,-5.5123002571717215e-15
2.0,7.01,5.0,6.225846976312327e-07
2.0,7.01,6.0,-2.8040639896106956e-06
2.0,7.01,7.0,-5.4704581722385394e-05
2.0,7.01,8.0,-0.001294113754141013
2.0,7.01,9.0,-0.0015547529500900548
2.0,7.01,10.0,-0.00042766411623995637
2.0,7.01,11.0,-0.00020455872894514782
2.0,7.01,12.0,-0.0014041973800481278
2.0,7.01,13.0,-0.0003497439750921594
2.0,7.01,14.0,-0.001839840620760591
2.0,7.01,15.0,-6.719961392287477e-06
2.0,7.01,16.0,-0.001001748932319857
2.0,7.01,17.0,-2.7943315175758662e-15
2.0,7.01,18.0,-0.0006143021461985088
2.0,7.01,19.0,-0.0022039124172937717
2.0,7.01,20.0,-0.0005151001663317861
2.0,7.01,21.0,-5.6291349575612876e-05
2.0,8.01,0.0,-0.0020844198358046656
2.0,8.01,1.0,-0.0007132658084237353
2.0,8.01,2.0,-9.274033265038728e-05
2.0,8.01,3.0,0.0011904806550969808
2.0,8.01,4.0,-5.5123002571717215e-15
2.0,8.01,5.0,6.225716645197789e-07
2.0,8.01,6.0,-2.804063989610695e-06
2.0,8.01,7.0,-5.470458172213658e-05
2.0,8.01,8.0,-0.001294111361918815
2.0,8.01,9.0,-0.0015547554065067914
2.0,8.01,10.0,-0.000427663176003068
2.0,8.01,11.0,-0.00020455894691873144
2.0,8.01,12.0,-0.0014041949524206399
2.0,8.01,13.0,-0.00034974470747672903
2.0,8.01,14.0,-0.0018398402633058586
2.0,8.01,15.0,-6.719088444018251e-06
2.0,8.01,16.0,-0.001001745007099042
2.0,8.01,17.0,-2.7943315175758662e-15
2.0,8.01,18.0,-0.0006143050541616013
2.0,8.01,19.0,-0.0022039124196161267
2.0,8.01,20.0,-0.000515100544738134
2.0,8.01,21.0,-5.629134957444108e-05
2.0,9.01,0.0,-0.002084432326727531
2.0,9.01,1.0,-0.0007132633431410629
2.0,9.01,2.0,-9.274257511804329e-05
2.0,9.01,3.0,0.001190480575749931
2.0,9.01,4.0,-5.5123002571717215e-15
2.0,9.01,5.0,6.225584376179894e-07
2.0,9.01,6.0,-2.804063989610695e-06
2.0,9.01,7.0,-5.4704581721887264e-05
2.0,9.01,8.0,-0.0012941089691586027
2.0,9.01,9.0,-0.0015547578613583912
2.0,9.01,10.0,-0.0004276622338503788
2.0,9.01,11.0,-0.00020455916270203933
2.0,9.01,12.0,-0.0014041925231955965
2.0,9.01,13.0,-0.00034974544018333276
2.0,9.01,14.0,-0.0018398399041068547
2.0,9.01,15.0,-6.718214948103762e-06
2.0,9.01,16.0,-0.0010017410785317926
2.0,9.01,17.0,-2.7943315175758662e-15
2.0,9.01,18.0,-0.0006143079642070282
2.0,9.01,19.0,-0.0022039124219470642
2.0,9.01,20.0,-0.0005151009216796121
2.0,9.01,21.0,-5.629134957326464e-05
2.0,10.01,0.0,-0.0020844448113635228
2.0,10.01,1.0,-0.0007132608784382044
2.0,10.01,2.0,-9.274482043286625e-05
2.0,10.01,3.0,0.0011904804940271047
2.0,10.01,4.0,-5.5123002571717215e-15
2.0,10.01,5.0,6.225450169023889e-07
2.0,10.01,6.0,-2.804063989610695e-06
2.0,10.01,7.0,-5.470458172163743e-05
2.0,10.01,8.0,-0.0012941065758617087
2.0,10.01,9.0,-0.001554760314644077
2.0,10.01,10.0,-0.00042766128978233287
2.0,10.01,11.0,-0.0002045593762954323
2.0,10.01,12.0,-0.0014041900923742745
2.0,10.01,13.0,-0.0003497461732116236
2.0,10.01,14.0,-0.0018398395431638015
2.0,10.01,15.0,-6.7173409051268784e-06
2.0,10.01,16.0,-0.0010017371466206626
2.0,10.01,17.0,-2.7943315175758662e-15
2.0,10.01,18.0,-0.000614310876333013
2.0,10.01,19.0,-0.0022039124242865817
2.0,10.01,20.0,-0.0005151012971564423
2.0,10.01,21.0,-5.629134957208359e-05
3.0,0.01,0.0,0.0009632306971835702
3.0,0.01,1.0,0.0009824063273162764
3.0,0.01,2.0,-0.0019958033210021875
3.0,0.01,3.0,-8.820069589423414e-22
3.0,0.01,4.0,-0.0014985734003868934
3.0,0.01,5.0,-4.8329485995946185e-11
3.0,0.01,6.0,0.0003360173314727044
3.0,0.01,7.0,0.0028809455067984047
3.0,0.01,8.0,-0.004030653072919166
3.0,0.01,9.0,-0.0007974282287549483
3.0,0.01,10.0,0.0024885548537555424
3.0,0.01,11.0,0.0
3.0,0.01,12.0,0.0006162122777790824
3.0,0.01,13.0,-0.001810748248724181
3.0,0.01,14.0,-0.0016179163040280914
3.0,0.01,15.0,-0.0011223498524230713
3.0,0.01,16.0,5.265049527167124e-07
3.0,0.01,17.0,-5.101363907503692e-07
3.0,0.01,18.0,0.00046836592808377486
3.0,0.01,19.0,0.002440683048655218
3.0,0.01,20.0,0.00307629831641143
3.0,0.01,21.0,0.0006251586636447648
3.0,1.01,0.0,0.000963230697189621
3.0,1.01,1.0,0.0009824063273248251
3.0,1.01,2.0,-0.0019958033210181747
3.0,1.01,3.0,-8.820069589423414e-22
3.0,1.01,4.0,-0.0014985734003973294
3.0,1.01,5.0,-4.8329485995946185e-11
3.0,1.01,6.0,0.0003360173314761461
3.0,1.01,7.0,0.002880945506822885
3.0,1.01,8.0,-0.004030653072949253
3.0,1.01,9.0,-0.0007974282287616097
3.0,1.01,10.0,0.0024885548537737223
3.0,1.01,11.0,0.0
3.0,1.01,12.0,0.0006162122777837731
3.0,1.01,13.0,-0.0018107482487376564
3.0,1.01,14.0,-0.0016179163040414557
3.0,1.01,15.0,-0.0011223498524331188
3.0,1.01,16.0,5.265049527479605e-07
3.0,1.01,17.0,-5.101363907503692e-07
3.0,1.01,18.0,0.00046836592808802147
3.0,1.01,19.0,0.0024406830486743414
3.0,1.01,20.0,0.00307629831644074
3.0,1.01,21.0,0.0006251586636495388
3.0,2.01,0.0,0.0009632306971956717
3.0,2.01,1.0,0.0009824063273333739
3.0,2.01,2.0,-0.001995803321034162
3.0,2.01,3.0,-8.820069589423414e-22
3.0,2.01,4.0,-0.0014985734004077655
3.0,2.01,5.0,-4.8329485995946185e-11
3.0,2.01,6.0,0.0003360173314795878
3.0,2.01,7.0,0.002880945506847532
3.0,2.01,8.0,-0.00403065307297934
3.0,2.01,9.0,-0.000797428228768271
3.0,2.01,10.0,0.0024885548537918745
3.0,2.01,11.0,0.0
3.0,2.01,12.0,0.0006162122777884499
3.0,2.01,13.0,-0.001810748248751104
3.0,2.01,14.0,-0.0016179163040549033
3.0,2.01,15.0,-0.001122349852443194
3.0,2.01,16.0,5.265049527791362e-07
3.0,2.01,17.0,-5.101363907503692e-07
3.0,2.01,18.0,0.00046836592809226807
3.0,2.01,19.0,0.0024406830486934372
3.0,2.01,20.0,0.0030762983164701607
3.0,2.01,21.0,0.0006251586636543127
3.0,3.01,0.0,0.0009632306972016114
3.0,3.01,1.0,0.0009824063273421446
3.0,3.01,2.0,-0.001995803321050149
3.0,3.01,3.0,-8.820069589423414e-22
3.0,3.01,4.0,-0.0014985734004180906
3.0,3.01,5.0,-4.8329485995946185e-11
3.0,3.01,6.0,0.000336017331483085
3.0,3.01,7.0,0.0028809455068720125
3.0,3.01,8.0,-0.004030653073009316
3.0,3.01,9.0,-0.0007974282287748213
3.0,3.01,10.0,0.0024885548538100266
3.0,3.01,11.0,0.0
3.0,3.01,12.0,0.000616212277793099
3.0,3.01,13.0,-0.0018107482487645377
3.0,3.01,14.0,-0.001617916304068337
3.0,3.01,15.0,-0.0011223498524532138
3.0,3.01,16.0,5.265049528102011e-07
3.0,3.01,17.0,-5.101363907503692e-07
3.0,3.01,18.0,0.0004683659280965702
3.0,3.01,19.0,0.002440683048712561
3.0,3.01,20.0,0.0030762983164994706
3.0,3.01,21.0,0.0006251586636591977
3.0,4.01,0.0,0.0009632306972076066
3.0,4.01,1.0,0.0009824063273506933
3.0,4.01,2.0,-0.00199580332106597
3.0,4.01,3.0,-8.820069589423414e-22
3.0,4.01,4.0,-0.0014985734004284712
3.0,4.01,5.0,-4.8329485995946185e-11
3.0,4.01,6.0,0.0003360173314865822
3.0,4.01,7.0,0.0028809455068964374
3.0,4.01,8.0,-0.00403065307303907
3.0,4.01,9.0,-0.0007974282287813717
3.0,4.01,10.0,0.0024885548538281788
3.0,4.01,11.0,0.0
3.0,4.01,12.0,0.0006162122777977341
3.0,4.01,13.0,-0.0018107482487779714
3.0,4.01,14.0,-0.0016179163040816874
3.0,4.01,15.0,-0.0011223498524632336
3.0,4.01,16.0,5.265049528415441e-07
3.0,4.01,17.0,-5.101363907503692e-07
3.0,4.01,18.0,0.0004683659281007613
3.0,4.01,19.0,0.002440683048731601
3.0,4.01,20.0,0.0030762983165287805
3.0,4.01,21.0,0.0006251586636638606
3.0,5.01,0.0,0.0009632306972136573
3.0,5.01,1.0,0.000982406327359242
3.0,5.01,2.0,-0.001995803321082068
3.0,5.01,3.0,-8.820069589423414e-22
3.0,5.01,4.0,-0.0014985734004387963
3.0,5.01,5.0,-4.8329485995946185e-11
3.0,5.01,6.0,0.0003360173314899684
3.0,5.01,7.0,0.0028809455069208068
3.0,5.01,8.0,-0.004030653073069046
3.0,5.01,9.0,-0.000797428228788033
3.0,5.01,10.0,0.0024885548538462476
3.0,5.01,11.0,0.0
3.0,5.01,12.0,0.0006162122778023277
3.0,5.01,13.0,-0.0018107482487913495
3.0,5.01,14.0,-0.0016179163040950656
3.0,5.01,15.0,-0.0011223498524732811
3.0,5.01,16.0,5.26504952872465e-07
3.0,5.01,17.0,-5.101363907503692e-07
3.0,5.01,18.0,0.0004683659281050634
3.0,5.01,19.0,0.0024406830487506137
3.0,5.01,20.0,0.0030762983165579794
3.0,5.01,21.0,0.0006251586636684126
3.0,6.01,0.0,0.0009632306972196525
3.0,6.01,1.0,0.0009824063273679018
3.0,6.01,2.0,-0.0019958033210979997
3.0,6.01,3.0,-8.820069589423414e-22
3.0,6.01,4.0,-0.0014985734004491769
3.0,6.01,5.0,-4.8329485995946185e-11
3.0,6.01,6.0,0.0003360173314934656
3.0,6.01,7.0,0.0028809455069454537
3.0,6.01,8.0,-0.004030653073099244
3.0,6.01,9.0,-0.0007974282287948053
3.0,6.01,10.0,0.0024885548538645663
3.0,6.01,11.0,0.0
3.0,6.01,12.0,0.0006162122778070322
3.0,6.01,13.0,-0.0018107482488048665
3.0,6.01,14.0,-0.0016179163041085548
3.0,6.01,15.0,-0.0011223498524833841
3.0,6.01,16.0,5.265049529036587e-07
3.0,6.01,17.0,-5.101363907503692e-07
3.0,6.01,18.0,0.0004683659281092267
3.0,6.01,19.0,0.002440683048769793
3.0,6.01,20.0,0.0030762983165875113
3.0,6.01,21.0,0.0006251586636732975
3.0,7.01,0.0,0.0009632306972255922
3.0,7.01,1.0,0.0009824063273764505
3.0,7.01,2.0,-0.001995803321113987
3.0,7.01,3.0,-8.820069589423414e-22
3.0,7.01,4.0,-0.001498573400459724
3.0,7.01,5.0,-4.8329485995946185e-11
3.0,7.01,6.0,0.00033601733149685176
3.0,7.01,7.0,0.0028809455069699896
3.0,7.01,8.0,-0.004030653073129331
3.0,7.01,9.0,-0.0007974282288013557
3.0,7.01,10.0,0.0024885548538826907
3.0,7.01,11.0,0.0
3.0,7.01,12.0,0.0006162122778116813
3.0,7.01,13.0,-0.0018107482488183557
3.0,7.01,14.0,-0.0016179163041219607
3.0,7.01,15.0,-0.001122349852493404
3.0,7.01,16.0,5.265049529347482e-07
3.0,7.01,17.0,-5.101363907503692e-07
3.0,7.01,18.0,0.0004683659281133623
3.0,7.01,19.0,0.002440683048788861
3.0,7.01,20.0,0.003076298316616821
3.0,7.01,21.0,0.0006251586636780715
3.0,8.01,0.0,0.0009632306972316429
3.0,8.01,1.0,0.0009824063273852213
3.0,8.01,2.0,-0.001995803321130085
3.0,8.01,3.0,-8.820069589423414e-22
3.0,8.01,4.0,-0.0014985734004699935
3.0,8.01,5.0,-4.8329485995946185e-11
3.0,8.01,6.0,0.00033601733150034896
3.0,8.01,7.0,0.0028809455069945256
3.0,8.01,8.0,-0.004030653073159418
3.0,8.01,9.0,-0.000797428228808128
3.0,8.01,10.0,0.002488554853900926
3.0,8.01,11.0,0.0
3.0,8.01,12.0,0.0006162122778163581
3.0,8.01,13.0,-0.0018107482488317894
3.0,8.01,14.0,-0.0016179163041353667
3.0,8.01,15.0,-0.0011223498525034514
3.0,8.01,16.0,5.265049529660251e-07
3.0,8.01,17.0,-5.101363907503691e-07
3.0,8.01,18.0,0.0004683659281176922
3.0,8.01,19.0,0.00244068304880804
3.0,8.01,20.0,0.003076298316646242
3.0,8.01,21.0,0.0006251586636828455
3.0,9.01,0.0,0.0009632306972375826
3.0,9.01,1.0,0.000982406327393659
3.0,9.01,2.0,-0.001995803321145906
3.0,9.01,3.0,-8.820069589423414e-22
3.0,9.01,4.0,-0.0014985734004803186
3.0,9.01,5.0,-4.8329485995946185e-11
3.0,9.01,6.0,0.00033601733150379065
3.0,9.01,7.0,0.0028809455070189505
3.0,9.01,8.0,-0.004030653073189061
3.0,9.01,9.0,-0.0007974282288146783
3.0,9.01,10.0,0.0024885548539189395
3.0,9.01,11.0,0.0
3.0,9.01,12.0,0.0006162122778210072
3.0,9.01,13.0,-0.0018107482488451676
3.0,9.01,14.0,-0.0016179163041487449
3.0,9.01,15.0,-0.0011223498525134712
3.0,9.01,16.0,5.265049529970593e-07
3.0,9.01,17.0,-5.101363907503691e-07
3.0,9.01,18.0,0.000468365928121911
3.0,9.01,19.0,0.002440683048826997
3.0,9.01,20.0,0.00307629831667533
3.0,9.01,21.0,0.0006251586636873974
3.0,10.01,0.0,0.0009632306972436333
3.0,10.01,1.0,0.0009824063274024297
3.0,10.01,2.0,-0.0019958033211620596
3.0,10.01,3.0,-8.820069589423414e-22
3.0,10.01,4.0,-0.0014985734004907547
3.0,10.01,5.0,-4.8329485995946185e-11
3.0,10.01,6.0,0.00033601733150734336
3.0,10.01,7.0,0.002880945507043653
3.0,10.01,8.0,-0.00403065307321937
3.0,10.01,9.0,-0.0007974282288214507
3.0,10.01,10.0,0.002488554853937286
3.0,10.01,11.0,0.0
3.0,10.01,12.0,0.0006162122778256424
3.0,10.01,13.0,-0.001810748248858643
3.0,10.01,14.0,-0.0016179163041622202
3.0,10.01,15.0,-0.0011223498525235187
3.0,10.01,16.0,5.265049530283324e-07
3.0,10.01,17.0,-5.101363907503691e-07
3.0,10.01,18.0,0.0004683659281261854
3.0,10.01,19.0,0.0024406830488462594
3.0,10.01,20.0,0.003076298316704862
3.0,10.01,21.0,0.0006251586636922823
4.0,0.01,0.0,-1.0148196515707917e-08
4.0,0.01,1.0,-2.503319165461944e-12
4.0,0.01,2.0,-0.00047002226151603155
4.0,0.01,3.0,-0.00023806729405262406
4.0,0.01,4.0,-0.0004709836282142943
4.0,0.01,5.0,0.0002468283889729972
4.0,0.01,6.0,5.04392850891322e-05
4.0,0.01,7.0,-9.980222836397656e-05
4.0,0.01,8.0,0.0006202022309554356
4.0,0.01,9.0,1.100867304246523e-06
4.0,0.01,10.0,0.0004083386752722559
4.0,0.01,11.0,-0.00012853798262296712
4.0,0.01,12.0,0.0008711103592060898
4.0,0.01,13.0,-7.273015867770953e-10
4.0,0.01,14.0,0.000351644083723901
4.0,0.01,15.0,5.844605696869731e-05
4.0,0.01,16.0,-2.1524370903317695e-11
4.0,0.01,17.0,-0.00021893250181043156
4.0,0.01,18.0,0.00046466161475766654
4.0,0.01,19.0,0.0007017127263120315
4.0,0.01,20.0,0.00027819691936736834
4.0,0.01,21.0,0.0005551205397171244
4.0,1.01,0.0,-1.0148202961093753e-08
4.0,1.01,1.0,-2.503319165461944e-12
4.0,1.01,2.0,-0.00047002204184257157
4.0,1.01,3.0,-0.00023806886508837
4.0,1.01,4.0,-0.0004709837987251081
4.0,1.01,5.0,0.0002468289349140118
4.0,1.01,6.0,5.043886718766877e-05
4.0,1.01,7.0,-9.980194197650727e-05
4.0,1.01,8.0,0.000620201384652852
4.0,1.01,9.0,1.1008635727525823e-06
4.0,1.01,10.0,0.00040833876445935113
4.0,1.01,11.0,-0.00012853744168753178
4.0,1.01,12.0,0.0008711103174179335
4.0,1.01,13.0,-7.27301586777095e-10
4.0,1.01,14.0,0.0003516441662805847
4.0,1.01,15.0,5.8446922932220424e-05
4.0,1.01,16.0,-2.1524370903317695e-11
4.0,1.01,17.0,-0.00021893247776566538
4.0,1.01,18.0,0.00046466202286338243
4.0,1.01,19.0,0.0007017125862092549
4.0,1.01,20.0,0.00027819691811711844
4.0,1.01,21.0,0.0005551205374399459
4.0,2.01,0.0,-1.014820296109871e-08
4.0,2.01,1.0,-2.503319165461944e-12
4.0,2.01,2.0,-0.0004700219834535002
4.0,2.01,3.0,-0.00023806928002823025
4.0,2.01,4.0,-0.000470983843464029
4.0,2.01,5.0,0.00024682907940259957
4.0,2.01,6.0,5.0438756920873073e-05
4.0,2.01,7.0,-9.980186628211207e-05
4.0,2.01,8.0,0.0006202011607224778
4.0,2.01,9.0,1.1008622148231359e-06
4.0,2.01,10.0,0.0004083387876726227
4.0,2.01,11.0,-0.00012853729891543209
4.0,2.01,12.0,0.0008711103061476919
4.0,2.01,13.0,-7.273015867770949e-10
4.0,2.01,14.0,0.0003516441880698773
4.0,2.01,15.0,5.8447152063823005e-05
4.0,2.01,16.0,-2.1524370903317695e-11
4.0,2.01,17.0,-0.00021893247127088844
4.0,2.01,18.0,0.0004646621307903831
4.0,2.01,19.0,0.0007017125488764514
4.0,2.01,20.0,0.00027819691784444767
4.0,2.01,21.0,0.0005551205366842726
4.0,3.01,0.0,-1.0148202955736948e-08
4.0,3.01,1.0,-2.503319165461944e-12
4.0,3.01,2.0,-0.00047002195593330576
4.0,3.01,3.0,-0.00023806946903892623
4.0,3.01,4.0,-0.0004709838633711466
4.0,3.01,5.0,0.0002468291453781579
4.0,3.01,6.0,5.043870676255113e-05
4.0,3.01,7.0,-9.980183162455747e-05
4.0,3.01,8.0,0.0006202010576836781
4.0,3.01,9.0,1.1008618733899062e-06
4.0,3.01,10.0,0.00040833879740709983
4.0,3.01,11.0,-0.00012853723393146943
4.0,3.01,12.0,0.0008711103006471474
4.0,3.01,13.0,-7.273015867770948e-10
4.0,3.01,14.0,0.0003516441981406826
4.0,3.01,15.0,5.844725694503783e-05
4.0,3.01,16.0,-2.1524370903317695e-11
4.0,3.01,17.0,-0.00021893246782248021
4.0,3.01,18.0,0.0004646621804055284
4.0,3.01,19.0,0.0007017125312724221
4.0,3.01,20.0,0.0002781969182645283
4.0,3.01,21.0,0.0005551205357883227
4.0,4.01,0.0,-1.0148043377817696e-08
4.0,4.01,1.0,-2.503319165461944e-12
4.0,4.01,2.0,-0.00047002193647008306
4.0,4.01,3.0,-0.00023806956968630555
4.0,4.01,4.0,-0.00047098387207671066
4.0,4.01,5.0,0.0002468291831527747
4.0,4.01,6.0,5.0438681454018086e-05
4.0,4.01,7.0,-9.980181245805575e-05
4.0,4.01,8.0,0.0006202009981240708
4.0,4.01,9.0,1.100862030275786e-06
4.0,4.01,10.0,0.0004083387976579894
4.0,4.01,11.0,-0.0001285372011106123
4.0,4.01,12.0,0.0008711102984384211
4.0,4.01,13.0,-7.273015867770948e-10
4.0,4.01,14.0,0.0003516442056964164
4.0,4.01,15.0,5.8447316958143425e-05
4.0,4.01,16.0,-2.1524370903317695e-11
4.0,4.01,17.0,-0.00021893246336396333
4.0,4.01,18.0,0.0004646622117916721
4.0,4.01,19.0,0.0007017125200986518
4.0,4.01,20.0,0.0002781969232245052
4.0,4.01,21.0,0.0005551205335835863
4.0,5.01,0.0,-4.887184265085087e-09
4.0,5.01,1.0,-2.503319165461944e-12
4.0,5.01,2.0,-0.0004700221123856846
4.0,5.01,3.0,-0.00023806832129424915
4.0,5.01,4.0,-0.000470984247415554
4.0,5.01,5.0,0.0002468302915413223
4.0,5.01,6.0,5.043983311350808e-05
4.0,5.01,7.0,-9.980097309220115e-05
4.0,5.01,8.0,0.0006202021795470025
4.0,5.01,9.0,1.1008657554022325e-06
4.0,5.01,10.0,0.00040833952823148695
4.0,5.01,11.0,-0.00012853712748259194
4.0,5.01,12.0,0.0008711121176539216
4.0,5.01,13.0,-7.273015867770943e-10
4.0,5.01,14.0,0.000351644254008493
4.0,5.01,15.0,5.844974633606448e-05
4.0,5.01,16.0,-2.1524370903317695e-11
4.0,5.01,17.0,-0.00021893226991506753
4.0,5.01,18.0,0.0004646628126300789
4.0,5.01,19.0,0.0007017135860518803
4.0,5.01,20.0,0.00027819644728338533
4.0,5.01,21.0,0.0005551217157451771
4.0,6.01,0.0,0.00017301726052394565
4.0,6.01,1.0,-2.503319165461944e-12
4.0,6.01,2.0,-0.0004738679947419999
4.0,6.01,3.0,-0.00021204814088449098
4.0,6.01,4.0,-0.000473801561152426
4.0,6.01,5.0,0.00026062650764507866
4.0,6.01,6.0,7.072763576115859e-05
4.0,6.01,7.0,-8.21253676500655e-05
4.0,6.01,8.0,0.0006415564469929302
4.0,6.01,9.0,1.1088075824606759e-06
4.0,6.01,10.0,0.0004256818415677016
4.0,6.01,11.0,-0.00012180557695345984
4.0,6.01,12.0,0.000891781361006802
4.0,6.01,13.0,-7.273015867755183e-10
4.0,6.01,14.0,0.00034154681779346996
4.0,6.01,15.0,0.00010711586802725215
4.0,6.01,16.0,-2.1524370903317715e-11
4.0,6.01,17.0,-0.00021996053587017284
4.0,6.01,18.0,0.0004622680556041481
4.0,6.01,19.0,0.0007137150592577551
4.0,6.01,20.0,0.0002511728173797967
4.0,6.01,21.0,0.0005753876081822651
4.0,7.01,0.0,0.10858609431551373
4.0,7.01,1.0,-2.5033191654620407e-12
4.0,7.01,2.0,-0.0051244258709433055
4.0,7.01,3.0,0.02024787667457939
4.0,7.01,4.0,-0.005260930145462375
4.0,7.01,5.0,0.015740508330115255
4.0,7.01,6.0,0.018041323599543774
4.0,7.01,7.0,0.01542285955235051
4.0,7.01,8.0,0.02109090475405928
4.0,7.01,9.0,-1.620761933878698e-06
4.0,7.01,10.0,0.018231586659570823
4.0,7.01,11.0,0.006689316298102044
4.0,7.01,12.0,0.025899084646123345
4.0,7.01,13.0,-7.273015840704852e-10
4.0,7.01,14.0,-0.005320082318140573
4.0,7.01,15.0,0.04179877139144483
4.0,7.01,16.0,-2.152437090333672e-11
4.0,7.01,17.0,0.0006436854222163502
4.0,7.01,18.0,0.0015848832187092265
4.0,7.01,19.0,0.015648976948389265
4.0,7.01,20.0,-0.019058096629778976
4.0,7.01,21.0,0.02033763512318504
4.0,8.01,0.0,0.18150692196824567
4.0,8.01,1.0,-2.5033191654620883e-12
4.0,8.01,2.0,-0.008754381461901425
4.0,8.01,3.0,0.038511787003900566
4.0,8.01,4.0,-0.012896799253007504
4.0,8.01,5.0,0.0338493271872935
4.0,8.01,6.0,0.03619019025272588
4.0,8.01,7.0,0.027488917648975708
4.0,8.01,8.0,0.04051385915882044
4.0,8.01,9.0,-6.388563878890441e-07
4.0,8.01,10.0,0.02773310343061764
4.0,8.01,11.0,0.0055310242343668825
4.0,8.01,12.0,0.05731060183791121
4.0,8.01,13.0,-7.273015629010799e-10
4.0,8.01,14.0,-0.0017085076672283261
4.0,8.01,15.0,0.07815288681598886
4.0,8.01,16.0,-2.152437090334908e-11
4.0,8.01,17.0,0.0037453081088608675
4.0,8.01,18.0,0.01465023771971341
4.0,8.01,19.0,0.0345479879206215
4.0,8.01,20.0,-0.02197294631735669
4.0,8.01,21.0,0.03938486641430522
4.0,9.01,0.0,0.2517638571932855
4.0,9.01,1.0,-2.503319165462091e-12
4.0,9.01,2.0,-0.010474620460250453
4.0,9.01,3.0,0.05627035261469748
4.0,9.01,4.0,-0.017444383403940597
4.0,9.01,5.0,0.04793990016335098
4.0,9.01,6.0,0.051423329165860315
4.0,9.01,7.0,0.03847835744882583
4.0,9.01,8.0,0.05560078195108126
4.0,9.01,9.0,-7.47063450084281e-07
4.0,9.01,10.0,0.03620527370222564
4.0,9.01,11.0,0.005646859789034814
4.0,9.01,12.0,0.08001219677165919
4.0,9.01,13.0,-7.27301450179355e-10
4.0,9.01,14.0,-0.001233487765801733
4.0,9.01,15.0,0.10969856140403056
4.0,9.01,16.0,-2.152437090334969e-11
4.0,9.01,17.0,0.006632741907900308
4.0,9.01,18.0,0.0224679528919986
4.0,9.01,19.0,0.04765299399633621
4.0,9.01,20.0,-0.027735513503430564
4.0,9.01,21.0,0.054244212668978664
4.0,10.01,0.0,0.32525957539731265
4.0,10.01,1.0,-2.5033191654620916e-12
4.0,10.01,2.0,-0.012739487206499506
4.0,10.01,3.0,0.07387927229059743
4.0,10.01,4.0,-0.022010027215103325
4.0,10.01,5.0,0.06212611404386831
4.0,10.01,6.0,0.06666971658387419
4.0,10.01,7.0,0.04995032742078892
4.0,10.01,8.0,0.07132894315338406
4.0,10.01,9.0,-1.3175678128044929e-06
4.0,10.01,10.0,0.04625180880889144
4.0,10.01,11.0,0.0070083656797255145
4.0,10.01,12.0,0.10280119225469339
4.0,10.01,13.0,-7.273007921099345e-10
4.0,10.01,14.0,-0.0015593746639302186
4.0,10.01,15.0,0.14213778819562095
4.0,10.01,16.0,-2.1524370903349716e-11
4.0,10.01,17.0,0.009155421345069803
4.0,10.01,18.0,0.029071893135225124
4.0,10.01,19.0,0.06107821009205858
4.0,10.01,20.0,-0.0354605899567631
4.0,10.01,21.0,0.06970742220032061
5.0,0.01,0.0,-0.00016392459009706428
5.0,0.01,1.0,-6.35729457551526e-05
5.0,0.01,2.0,-0.00042950871812486024
5.0,0.01,3.0,-3.9309471222209646e-07
5.0,0.01,4.0,-0.00040973646312181256
5.0,0.01,5.0,-0.0005580624463194854
5.0,0.01,6.0,0.0002760247277446143
5.0,0.01,7.0,-3.9248622567075486e-07
5.0,0.01,8.0,0.00013337138252933478
5.0,0.01,9.0,-0.00040214268434968226
5.0,0.01,10.0,-6.783607523435028e-14
5.0,0.01,11.0,-2.6574937635805683e-07
5.0,0.01,12.0,-1.9915655060979804e-10
5.0,0.01,13.0,-0.00034610991760841703
5.0,0.01,14.0,-1.4273738625655117e-05
5.0,0.01,15.0,-0.0006133757513499538
5.0,0.01,16.0,-0.00010481368096482147
5.0,0.01,17.0,0.000636279643372456
5.0,0.01,18.0,-0.0001913316625336836
5.0,0.01,19.0,-1.0575948301728779e-14
5.0,0.01,20.0,-0.000522778980440286
5.0,0.01,21.0,-6.496849193448499e-06
5.0,1.01,0.0,-0.00016335613146251093
5.0,1.01,1.0,-6.339862886534098e-05
5.0,1.01,2.0,-0.00042935929897247593
5.0,1.01,3.0,-3.9525182052323087e-07
5.0,1.01,4.0,-0.0004096703515668043
5.0,1.01,5.0,-0.0005580623082330335
5.0,1.01,6.0,0.00027610021647406224
5.0,1.01,7.0,-3.924862227047279e-07
5.0,1.01,8.0,0.0001334149655362049
5.0,1.01,9.0,-0.0004022102706551789
5.0,1.01,10.0,-6.783607523435028e-14
5.0,1.01,11.0,-2.657493763929341e-07
5.0,1.01,12.0,-1.9915655061164294e-10
5.0,1.01,13.0,-0.00034588919210420954
5.0,1.01,14.0,-1.4273737746242562e-05
5.0,1.01,15.0,-0.0006133820959178804
5.0,1.01,16.0,-0.0001046110049364446
5.0,1.01,17.0,0.0006365905972315344
5.0,1.01,18.0,-0.00019120705305941676
5.0,1.01,19.0,-1.0575948301728779e-14
5.0,1.01,20.0,-0.0005225557491858046
5.0,1.01,21.0,-6.496849228828324e-06
5.0,2.01,0.0,-0.00016278759019311417
5.0,2.01,1.0,-6.322414718940017e-05
5.0,2.01,2.0,-0.0004292098562045932
5.0,2.01,3.0,-3.977557860066159e-07
5.0,2.01,4.0,-0.00040960407741341687
5.0,2.01,5.0,-0.0005580621698120199
5.0,2.01,6.0,0.00027617570647915646
5.0,2.01,7.0,-3.9248621973660927e-07
5.0,2.01,8.0,0.00013345871930331432
5.0,2.01,9.0,-0.00040227772918133287
5.0,2.01,10.0,-6.783607523435028e-14
5.0,2.01,11.0,-2.657493764279051e-07
5.0,2.01,12.0,-1.9915655062588704e-10
5.0,2.01,13.0,-0.0003456683956980511
5.0,2.01,14.0,-1.4273736866403427e-05
5.0,2.01,15.0,-0.0006133884601839945
5.0,2.01,16.0,-0.00010440815187437447
5.0,2.01,17.0,0.0006369013558180092
5.0,2.01,18.0,-0.0001910824358900276
5.0,2.01,19.0,-1.0575948301728779e-14
5.0,2.01,20.0,-0.0005223327097523267
5.0,2.01,21.0,-6.496849264270112e-06
5.0,3.01,0.0,-0.00016221896683621395
5.0,3.01,1.0,-6.304950346169846e-05
5.0,3.01,2.0,-0.0004290603900034551
5.0,3.01,3.0,-4.0060023700356086e-07
5.0,3.01,4.0,-0.0004095376435458986
5.0,3.01,5.0,-0.0005580620310727261
5.0,3.01,6.0,0.0002762511978680604
5.0,3.01,7.0,-3.9248621676598833e-07
5.0,3.01,8.0,0.0001335026407681128
5.0,3.01,9.0,-0.00040234506240099943
5.0,3.01,10.0,-6.783607523435028e-14
5.0,3.01,11.0,-2.6574937646296017e-07
5.0,3.01,12.0,-1.991565506524248e-10
5.0,3.01,13.0,-0.00034544752931486844
5.0,3.01,14.0,-1.4273735986218845e-05
5.0,3.01,15.0,-0.0006133948438086234
5.0,3.01,16.0,-0.00010420512468808929
5.0,3.01,17.0,0.0006372119232628259
5.0,3.01,18.0,-0.0001909578109581811
5.0,3.01,19.0,-1.0575948301728779e-14
5.0,3.01,20.0,-0.0005221098582373074
5.0,3.01,21.0,-6.496849299783093e-06
5.0,4.01,0.0,-0.00016165026214054468
5.0,4.01,1.0,-6.287470116994598e-05
5.0,4.01,2.0,-0.0004289109006127556
5.0,4.01,3.0,-4.037770803542505e-07
5.0,4.01,4.0,-0.0004094710536327595
5.0,4.01,5.0,-0.0005580618920343688
5.0,4.01,6.0,0.00027632669077030936
5.0,4.01,7.0,-3.924862137924583e-07
5.0,4.01,8.0,0.0001335467260361045
5.0,4.01,9.0,-0.0004024122734472835
5.0,4.01,10.0,-6.783607523435028e-14
5.0,4.01,11.0,-2.6574937649808885e-07
5.0,4.01,12.0,-1.991565506909865e-10
5.0,4.01,13.0,-0.0003452265941502608
5.0,4.01,14.0,-1.4273735105767995e-05
5.0,4.01,15.0,-0.0006134012463568372
5.0,4.01,16.0,-0.00010400192709239531
5.0,4.01,17.0,0.0006375223047813405
5.0,4.01,18.0,-0.00019083317818927026
5.0,4.01,19.0,-1.0575948301728779e-14
5.0,4.01,20.0,-0.0005218871897039179
5.0,4.01,21.0,-6.496849335375451e-06
5.0,5.01,0.0,-0.00016108147704291254
5.0,5.01,1.0,-6.26997444965749e-05
5.0,5.01,2.0,-0.0004287613883358077
5.0,5.01,3.0,-4.072766398159716e-07
5.0,5.01,4.0,-0.0004094043120627111
5.0,5.01,5.0,-0.0005580617527187334
5.0,5.01,6.0,0.0002764021853344234
5.0,5.01,7.0,-3.9248621081562195e-07
5.0,5.01,8.0,0.00013359097044873813
5.0,5.01,9.0,-0.0004024793660598047
5.0,5.01,10.0,-6.783607523435028e-14
5.0,5.01,11.0,-2.657493765332801e-07
5.0,5.01,12.0,-1.991565507411472e-10
5.0,5.01,13.0,-0.00034500559164885036
5.0,5.01,14.0,-1.4273734225127014e-05
5.0,5.01,15.0,-0.0006134076673069977
5.0,5.01,16.0,-0.00010379856354233996
5.0,5.01,17.0,0.0006378325065850565
5.0,5.01,18.0,-0.00019070853750266514
5.0,5.01,19.0,-1.0575948301728779e-14
5.0,5.01,20.0,-0.0005216646982664219
5.0,5.01,21.0,-6.496849371054246e-06
5.0,6.01,0.0,-0.00016051261265692673
5.0,6.01,1.0,-6.252463826694754e-05
5.0,6.01,2.0,-0.0004286118535305472
5.0,6.01,3.0,-4.110877750961757e-07
5.0,6.01,4.0,-0.000409337423891043
5.0,6.01,5.0,-0.0005580616131497518
5.0,6.01,6.0,0.00027647768172590903
5.0,6.01,7.0,-3.92486207835097e-07
5.0,6.01,8.0,0.00013363536864058334
5.0,6.01,9.0,-0.0004025463445386235
5.0,6.01,10.0,-6.783607523435028e-14
5.0,6.01,11.0,-2.6574937656852223e-07
5.0,6.01,12.0,-1.9915655080233942e-10
5.0,6.01,13.0,-0.0003447845234881841
5.0,6.01,14.0,-1.4273733344368006e-05
5.0,6.01,15.0,-0.0006134141060562537
5.0,6.01,16.0,-0.00010359503917961588
5.0,6.01,17.0,0.0006381425358039927
5.0,6.01,18.0,-0.0001905838888117406
5.0,6.01,19.0,-1.0575948301728779e-14
5.0,6.01,20.0,-0.0005214423771597865
5.0,6.01,21.0,-6.496849406825372e-06
5.0,7.01,0.0,-0.00015994367025801148
5.0,7.01,1.0,-6.234938788518551e-05
5.0,7.01,2.0,-0.00042846229660509216
5.0,7.01,3.0,-4.1519802853901376e-07
5.0,7.01,4.0,-0.00040927039477278715
5.0,7.01,5.0,-0.0005580614733530446
5.0,7.01,6.0,0.000276553180125344
5.0,7.01,7.0,-3.924862048505207e-07
5.0,7.01,8.0,0.00013367991460905282
5.0,7.01,9.0,-0.0004026132136881744
5.0,7.01,10.0,-6.783607523435028e-14
5.0,7.01,11.0,-2.657493766038034e-07
5.0,7.01,12.0,-1.9915655087387e-10
5.0,7.01,13.0,-0.00034456339155586324
5.0,7.01,14.0,-1.4273732463558192e-05
5.0,7.01,15.0,-0.0006134205619289235
5.0,7.01,16.0,-0.00010339135976433766
5.0,7.01,17.0,0.000638452400393702
5.0,7.01,18.0,-0.00019045923202651305
5.0,7.01,19.0,-1.057594830172878e-14
5.0,7.01,20.0,-0.0005212202188327186
5.0,7.01,21.0,-6.496849442693533e-06
5.0,8.01,0.0,-0.00015937465127124906
5.0,8.01,1.0,-6.217399928426515e-05
5.0,8.01,2.0,-0.0004283127180132462
5.0,8.01,3.0,-4.1959374221566214e-07
5.0,8.01,4.0,-0.0004092032309107596
5.0,8.01,5.0,-0.0005580613333554419
5.0,8.01,6.0,0.00027662868072635127
5.0,8.01,7.0,-3.9248620186155424e-07
5.0,8.01,8.0,0.00013372460177119017
5.0,8.01,9.0,-0.0004026799787705815
5.0,8.01,10.0,-6.783607523435029e-14
5.0,8.01,11.0,-2.6574937663911137e-07
5.0,8.01,12.0,-1.9915655095493936e-10
5.0,8.01,13.0,-0.0003443421979304473
5.0,8.01,14.0,-1.4273731582759193e-05
5.0,8.01,15.0,-0.0006134270341823234
5.0,8.01,16.0,-0.00010318753162044669
5.0,8.01,17.0,0.0006387621090594153
5.0,8.01,18.0,-0.00019033456705327967
5.0,8.01,19.0,-1.057594830172878e-14
5.0,8.01,20.0,-0.0005209982150142789
5.0,8.01,21.0,-6.496849478662258e-06
5.0,9.01,0.0,-0.00015880555725772405
5.0,9.01,1.0,-6.199847887178311e-05
5.0,9.01,2.0,-0.0004281631182499468
5.0,9.01,3.0,-4.242601800138675e-07
5.0,9.01,4.0,-0.00040913593899727374
5.0,9.01,5.0,-0.000558061193184501
5.0,9.01,6.0,0.00027670418373375305
5.0,9.01,7.0,-3.9248619886788596e-07
5.0,9.01,8.0,0.00013376942302312234
5.0,9.01,9.0,-0.0004027466454598061
5.0,9.01,10.0,-6.783607523435029e-14
5.0,9.01,11.0,-2.657493766744341e-07
5.0,9.01,12.0,-1.9915655104466265e-10
5.0,9.01,13.0,-0.00034412094486491185
5.0,9.01,14.0,-1.4273730702026477e-05
5.0,9.01,15.0,-0.0006134335220127074
5.0,9.01,16.0,-0.00010298356157931177
5.0,9.01,17.0,0.0006390716711791034
5.0,9.01,18.0,-0.0001902098937949792
5.0,9.01,19.0,-1.057594830172878e-14
5.0,9.01,20.0,-0.0005207763567895984
5.0,9.01,21.0,-6.496849514733933e-06
5.0,10.01,0.0,-0.00015823638990253297
5.0,10.01,1.0,-6.182283347982986e-05
5.0,10.01,2.0,-0.000428013497848434
5.0,10.01,3.0,-4.291816451157086e-07
5.0,10.01,4.0,-0.00040906852616307
5.0,10.01,5.0,-0.000558061052868038
5.0,10.01,6.0,0.0002767796893621416
5.0,10.01,7.0,-3.9248619586923384e-07
5.0,10.01,8.0,0.00013381437079573733
5.0,10.01,9.0,-0.0004028132197961831
5.0,10.01,10.0,-6.783607523435029e-14
5.0,10.01,11.0,-2.657493767097598e-07
5.0,10.01,12.0,-1.991565511420919e-10
5.0,10.01,13.0,-0.0003438996347661094
5.0,10.01,14.0,-1.4273729821408979e-05
5.0,10.01,15.0,-0.0006134400245624283
5.0,10.01,16.0,-0.0001027794569256335
5.0,10.01,17.0,0.0006393810967278424
5.0,10.01,18.0,-0.00019008521215335694
5.0,10.01,19.0,-1.057594830172878e-14
5.0,10.01,20.0,-0.0005205546346697121
5.0,10.01,21.0,-6.496849550909854e-06
6.0,0.01,0.0,0.00041036967131580226
6.0,0.01,1.0,-0.00017442776086120634
6.0,0.01,2.0,0.0007137201998669296
6.0,0.01,3.0,0.00026667026714216613
6.0,0.01,4.0,-0.0007076441619264379
6.0,0.01,5.0,-2.8875023319403997e-08
6.0,0.01,6.0,-0.0009096243575875684
6.0,0.01,7.0,-0.0014067406724989386
6.0,0.01,8.0,-7.710687419099083e-05
6.0,0.01,9.0,-2.663917472721052e-11
6.0,0.01,10.0,-1.2453774933284644e-10
6.0,0.01,11.0,0.0005908417712838787
6.0,0.01,12.0,0.0004937340105756749
6.0,0.01,13.0,0.0009105811616959003
6.0,0.01,14.0,-0.00034970697795025374
6.0,0.01,15.0,0.00040593016709827845
6.0,0.01,16.0,0.0009649245758141523
6.0,0.01,17.0,0.00025240638028528606
6.0,0.01,18.0,-0.00010444752172811267
6.0,0.01,19.0,0.0007102776431186508
6.0,0.01,20.0,-9.632671086391709e-05
6.0,0.01,21.0,0.0005801857662551327
6.0,1.01,0.0,0.00041036944653777274
6.0,1.01,1.0,-0.000174427760860884
6.0,1.01,2.0,0.0007137211785921971
6.0,1.01,3.0,0.0002666706523581919
6.0,1.01,4.0,-0.0007076443812771283
6.0,1.01,5.0,-2.8875023319390875e-08
6.0,1.01,6.0,-0.0009096240288858359
6.0,1.01,7.0,-0.001406740673626011
6.0,1.01,8.0,-7.710704515770384e-05
6.0,1.01,9.0,-2.6639174727210516e-11
6.0,1.01,10.0,-1.2453774933284644e-10
6.0,1.01,11.0,0.0005908413831153259
6.0,1.01,12.0,0.0004937329312010852
6.0,1.01,13.0,0.0009105798270420129
6.0,1.01,14.0,-0.00034970703441682127
6.0,1.01,15.0,0.0004059314539285319
6.0,1.01,16.0,0.0009649252048668511
6.0,1.01,17.0,0.0002524060868382416
6.0,1.01,18.0,-0.00010444774336181711
6.0,1.01,19.0,0.0007102779828023209
6.0,1.01,20.0,-9.632684053285934e-05
6.0,1.01,21.0,0.0005801857884548192
6.0,2.01,0.0,0.0004103692217750088
6.0,2.01,1.0,-0.00017442776086056168
6.0,2.01,2.0,0.000713722157329788
6.0,2.01,3.0,0.0002666710375839876
6.0,2.01,4.0,-0.0007076446006326897
6.0,2.01,5.0,-2.8875023319377753e-08
6.0,2.01,6.0,-0.0009096237001787466
6.0,2.01,7.0,-0.0014067406747530872
6.0,2.01,8.0,-7.710721613546356e-05
6.0,2.01,9.0,-2.6639174727210516e-11
6.0,2.01,10.0,-1.2453774933284644e-10
6.0,2.01,11.0,0.000590840994941999
6.0,2.01,12.0,0.0004937318518188349
6.0,2.01,13.0,0.0009105784923775229
6.0,2.01,14.0,-0.00034970709088005814
6.0,2.01,15.0,0.00040593274075173547
6.0,2.01,16.0,0.0009649258339358702
6.0,2.01,17.0,0.000252405793377819
6.0,2.01,18.0,-0.0001044479649989008
6.0,2.01,19.0,0.0007102783225256815
6.0,2.01,20.0,-9.632697020187098e-05
6.0,2.01,21.0,0.0005801858106543809
6.0,3.01,0.0,0.00041036899703322804
6.0,3.01,1.0,-0.00017442776086023937
6.0,3.01,2.0,0.0007137231360792307
6.0,3.01,3.0,0.00026667142282144063
6.0,3.01,4.0,-0.0007076448199929697
6.0,3.01,5.0,-2.887502331936463e-08
6.0,3.01,6.0,-0.0009096233714660229
6.0,3.01,7.0,-0.001406740675880165
6.0,3.01,8.0,-7.710738712618515e-05
6.0,3.01,9.0,-2.6639174727210516e-11
6.0,3.01,10.0,-1.2453774933284644e-10
6.0,3.01,11.0,0.0005908406067637317
6.0,3.01,12.0,0.0004937307724302009
6.0,3.01,13.0,0.000910577157706427
6.0,3.01,14.0,-0.00034970714733852104
6.0,3.01,15.0,0.0004059340275619494
6.0,3.01,16.0,0.0009649264630226528
6.0,3.01,17.0,0.0002524054999002434
6.0,3.01,18.0,-0.0001044481866393776
6.0,3.01,19.0,0.0007102786622999457
6.0,3.01,20.0,-9.632709987061894e-05
6.0,3.01,21.0,0.0005801858328534498
6.0,4.01,0.0,0.0004103687722830651
6.0,4.01,1.0,-0.00017442776085991704
6.0,4.01,2.0,0.0007137241148438278
6.0,4.01,3.0,0.0002666718080641117
6.0,4.01,4.0,-0.0007076450393569689
6.0,4.01,5.0,-2.8875023319351508e-08
6.0,4.01,6.0,-0.0009096230427496077
6.0,4.01,7.0,-0.0014067406770072522
6.0,4.01,8.0,-7.710755811687897e-05
6.0,4.01,9.0,-2.6639174727210516e-11
6.0,4.01,10.0,-1.2453774933284642e-10
6.0,4.01,11.0,0.0005908402185824113
6.0,4.01,12.0,0.0004937296930304091
6.0,4.01,13.0,0.0009105758230159577
6.0,4.01,14.0,-0.0003497072037992738
6.0,4.01,15.0,0.0004059353143887612
6.0,4.01,16.0,0.0009649270921181508
6.0,4.01,17.0,0.0002524052064218907
6.0,4.01,18.0,-0.00010444840828303936
6.0,4.01,19.0,0.0007102790020678817
6.0,4.01,20.0,-9.63272295399914e-05
6.0,4.01,21.0,0.0005801858550526298
6.0,5.01,0.0,0.0004103685475239649
6.0,5.01,1.0,-0.00017442776085959473
6.0,5.01,2.0,0.0007137250936274375
6.0,5.01,3.0,0.00026667219331327763
6.0,5.01,4.0,-0.0007076452587254228
6.0,5.01,5.0,-2.8875023319338386e-08
6.0,5.01,6.0,-0.0009096227140286128
6.0,5.01,7.0,-0.0014067406781343487
6.0,5.01,8.0,-7.710772910871078e-05
6.0,5.01,9.0,-2.6639174727210516e-11
6.0,5.01,10.0,-1.2453774933284642e-10
6.0,5.01,11.0,0.000590839830396428
6.0,5.01,12.0,0.0004937286136149632
6.0,5.01,13.0,0.0009105744883005085
6.0,5.01,14.0,-0.00034970726026270493
6.0,5.01,15.0,0.0004059366012367782
6.0,5.01,16.0,0.0009649277212242791
6.0,5.01,17.0,0.00025240491294153955
6.0,5.01,18.0,-0.00010444862993080894
6.0,5.01,19.0,0.0007102793418303777
6.0,5.01,20.0,-9.632735921025204e-05
6.0,5.01,21.0,0.0005801858772517821
6.0,6.01,0.0,0.0004103683227802968
6.0,6.01,1.0,-0.00017442776085927243
6.0,6.01,2.0,0.0007137260724242034
6.0,6.01,3.0,0.00026667257857304616
6.0,6.01,4.0,-0.0007076454780987063
6.0,6.01,5.0,-2.8875023319325263e-08
6.0,6.01,6.0,-0.000909622385301817
6.0,6.01,7.0,-0.0014067406792614488
6.0,6.01,8.0,-7.710790011156154e-05
6.0,6.01,9.0,-2.6639174727210513e-11
6.0,6.01,10.0,-1.2453774933284642e-10
6.0,6.01,11.0,0.0005908394422051155
6.0,6.01,12.0,0.0004937275341908576
6.0,6.01,13.0,0.0009105731535742345
6.0,6.01,14.0,-0.00034970731672266664
6.0,6.01,15.0,0.00040593788807880005
6.0,6.01,16.0,0.0009649283503472272
6.0,6.01,17.0,0.00025240461944692205
6.0,6.01,18.0,-0.0001044488515821243
6.0,6.01,19.0,0.0007102796816336188
6.0,6.01,20.0,-9.63274888808735e-05
6.0,6.01,21.0,0.0005801858994508233
6.0,7.01,0.0,0.0004103680980697688
6.0,7.01,1.0,-0.00017442776085895012
6.0,7.01,2.0,0.0007137270512282134
6.0,7.01,3.0,0.0002666729638453602
6.0,7.01,4.0,-0.0007076456974767914
6.0,7.01,5.0,-2.887502331931214e-08
6.0,7.01,6.0,-0.0009096220565694701
6.0,7.01,7.0,-0.0014067406803885474
6.0,7.01,8.0,-7.710807113220364e-05
6.0,7.01,9.0,-2.6639174727210513e-11
6.0,7.01,10.0,-1.2453774933284642e-10
6.0,7.01,11.0,0.0005908390540096953
6.0,7.01,12.0,0.0004937264547663633
6.0,7.01,13.0,0.00091057181885007
6.0,7.01,14.0,-0.0003497073731747874
6.0,7.01,15.0,0.0004059391748919561
6.0,7.01,16.0,0.000964928979490437
6.0,7.01,17.0,0.0002524043259301556
6.0,7.01,18.0,-0.0001044490732361944
6.0,7.01,19.0,0.0007102800215099125
6.0,7.01,20.0,-9.63276185504125e-05
6.0,7.01,21.0,0.0005801859216492261
6.0,8.01,0.0,0.0004103678733431426
6.0,8.01,1.0,-0.00017442776085862784
6.0,8.01,2.0,0.0007137280300527626
6.0,8.01,3.0,0.0002666733491233919
6.0,8.01,4.0,-0.0007076459168591787
6.0,8.01,5.0,-2.8875023319299015e-08
6.0,8.01,6.0,-0.0009096217278324603
6.0,8.01,7.0,-0.001406740681515658
6.0,8.01,8.0,-7.710824215076406e-05
6.0,8.01,9.0,-2.6639174727210513e-11
6.0,8.01,10.0,-1.2453774933284642e-10
6.0,8.01,11.0,0.0005908386658094456
6.0,8.01,12.0,0.0004937253753236059
6.0,8.01,13.0,0.0009105704840967066
6.0,8.01,14.0,-0.00034970742963121026
6.0,8.01,15.0,0.000405940461734311
6.0,8.01,16.0,0.0009649296086425285
6.0,8.01,17.0,0.00025240403241483245
6.0,8.01,18.0,-0.00010444929489446947
6.0,8.01,19.0,0.0007102803613677211
6.0,8.01,20.0,-9.632774822136703e-05
6.0,8.01,21.0,0.0005801859438478787
6.0,9.01,0.0,0.0004103676486019725
6.0,9.01,1.0,-0.00017442776085830556
6.0,9.01,2.0,0.0007137290088936044
6.0,9.01,3.0,0.00026667373440514286
6.0,9.01,4.0,-0.0007076461362449799
6.0,9.01,5.0,-2.8875023319285893e-08
6.0,9.01,6.0,-0.0009096213990927027
6.0,9.01,7.0,-0.0014067406826427785
6.0,9.01,8.0,-7.71084131666877e-05
6.0,9.01,9.0,-2.6639174727210513e-11
6.0,9.01,10.0,-1.2453774933284642e-10
6.0,9.01,11.0,0.0005908382776065868
6.0,9.01,12.0,0.0004937242958689692
6.0,9.01,13.0,0.0009105691493216383
6.0,9.01,14.0,-0.0003497074860916438
6.0,9.01,15.0,0.00040594174860003607
6.0,9.01,16.0,0.0009649302378008928
6.0,9.01,17.0,0.00025240373890189627
6.0,9.01,18.0,-0.00010444951655597806
6.0,9.01,19.0,0.0007102807012060453
6.0,9.01,20.0,-9.632787789300157e-05
6.0,9.01,21.0,0.0005801859660465522
6.0,10.01,0.0,0.0004103674238963295
6.0,10.01,1.0,-0.00017442776085798325
6.0,10.01,2.0,0.0007137299877411907
6.0,10.01,3.0,0.00026667411969993893
6.0,10.01,4.0,-0.0007076463556356521
6.0,10.01,5.0,-2.8875023319272767e-08
6.0,10.01,6.0,-0.0009096210703470609
6.0,10.01,7.0,-0.0014067406837698971
6.0,10.01,8.0,-7.710858420156841e-05
6.0,10.01,9.0,-2.6639174727210513e-11
6.0,10.01,10.0,-1.245377493328464e-10
6.0,10.01,11.0,0.0005908378893993427
6.0,10.01,12.0,0.0004937232164133887
6.0,10.01,13.0,0.0009105678145492346
6.0,10.01,14.0,-0.0003497075425435425
6.0,10.01,15.0,0.0004059430354345084
6.0,10.01,16.0,0.0009649308669801571
6.0,10.01,17.0,0.0002524034453656454
6.0,10.01,18.0,-0.00010444973822017894
6.0,10.01,19.0,0.000710281041122196
6.0,10.01,20.0,-9.632800756374793e-05
6.0,10.01,21.0,0.0005801859882447191
7.0,0.01,0.0,0.00020331725763877984
7.0,0.01,1.0,-0.003925725600136724
7.0,0.01,2.0,-4.204842308058332e-06
7.0,0.01,3.0,0.0006503858021604664
7.0,0.01,4.0,-0.002686810973804632
7.0,0.01,5.0,-0.0017328802880623717
7.0,0.01,6.0,-0.0003168437977388583
7.0,0.01,7.0,-0.002194814530101539
7.0,0.01,8.0,-2.0301991611779276e-06
7.0,0.01,9.0,-0.001855465162529192
7.0,0.01,10.0,-0.0004383467473474678
7.0,0.01,11.0,-0.0011472659159528775
7.0,0.01,12.0,-0.0006464805032952992
7.0,0.01,13.0,0.002013451063444943
7.0,0.01,14.0,-1.6371864552676013e-06
7.0,0.01,15.0,0.0003259706665673101
7.0,0.01,16.0,-0.0017564708465775403
7.0,0.01,17.0,-0.0015435224173748208
7.0,0.01,18.0,-0.0020489927522708003
7.0,0.01,19.0,-0.0005190392618542872
7.0,0.01,20.0,0.0015890594596871914
7.0,0.01,21.0,0.0023096319128822207
7.0,1.01,0.0,0.004951791226055491
7.0,1.01,1.0,-0.004895899643608091
7.0,1.01,2.0,-4.2047029466243286e-06
7.0,1.01,3.0,0.0004319071144606723
7.0,1.01,4.0,-0.0019504193274642034
7.0,1.01,5.0,-0.003052683827011904
7.0,1.01,6.0,-0.000899784277620358
7.0,1.01,7.0,-0.005537238893921277
7.0,1.01,8.0,-2.0301999124237534e-06
7.0,1.01,9.0,-0.0018321733862573311
7.0,1.01,10.0,0.0016529974099829536
7.0,1.01,11.0,-0.003051829593928329
7.0,1.01,12.0,0.001514673287255519
7.0,1.01,13.0,0.0017766109779823389
7.0,1.01,14.0,-2.380928428387082e-06
7.0,1.01,15.0,0.003195802916510726
7.0,1.01,16.0,-0.0019634257112796094
7.0,1.01,17.0,-0.0024316731729358
7.0,1.01,18.0,-0.0019263457205924426
7.0,1.01,19.0,-0.0022442520605764626
7.0,1.01,20.0,0.002081397441725096
7.0,1.01,21.0,0.003426555010415916
7.0,2.01,0.0,0.009553262336458923
7.0,2.01,1.0,-0.005587939347305236
7.0,2.01,2.0,-4.204540558414753e-06
7.0,2.01,3.0,0.0002128220229729999
7.0,2.01,4.0,-0.0010274516336238326
7.0,2.01,5.0,-0.004263622677418068
7.0,2.01,6.0,-0.0014496465202599451
7.0,2.01,7.0,-0.008611227080792695
7.0,2.01,8.0,-2.0302009337192677e-06
7.0,2.01,9.0,-0.0017487360970394814
7.0,2.01,10.0,0.0035526015534793343
7.0,2.01,11.0,-0.004802050851007739
7.0,2.01,12.0,0.0035169376511710315
7.0,2.01,13.0,0.0015103060646712366
7.0,2.01,14.0,-2.600746177673348e-06
7.0,2.01,15.0,0.00590614352094862
7.0,2.01,16.0,-0.0021143617002632453
7.0,2.01,17.0,-0.0033167870838064495
7.0,2.01,18.0,-0.0017874658539223575
7.0,2.01,19.0,-0.003810291248424663
7.0,2.01,20.0,0.0025291304661709743
7.0,2.01,21.0,0.004263504578865263
7.0,3.01,0.0,0.01389872617608695
7.0,3.01,1.0,-0.006078878225245316
7.0,3.01,2.0,-4.204356522565052e-06
7.0,3.01,3.0,5.96421412227266e-06
7.0,3.01,4.0,-7.012339415535251e-05
7.0,3.01,5.0,-0.005395235682003681
7.0,3.01,6.0,-0.0019604798938943346
7.0,3.01,7.0,-0.011415530245518394
7.0,3.01,8.0,-2.030202357175744e-06
7.0,3.01,9.0,-0.001628210191873189
7.0,3.01,10.0,0.005330137749393088
7.0,3.01,11.0,-0.006421689743601022
7.0,3.01,12.0,0.005417693248693067
7.0,3.01,13.0,0.0012282599281903187
7.0,3.01,14.0,-2.6483216203184698e-06
7.0,3.01,15.0,0.008445224367991805
7.0,3.01,16.0,-0.0022168573216019283
7.0,3.01,17.0,-0.0040574308865619635
7.0,3.01,18.0,-0.0016323344993489082
7.0,3.01,19.0,-0.0052411414418087054
7.0,3.01,20.0,0.00293196771160047
7.0,3.01,21.0,0.004973418427207749
7.0,4.01,0.0,0.018015594745062258
7.0,4.01,1.0,-0.00642699756405447
7.0,4.01,2.0,-4.204152628132982e-06
7.0,4.01,3.0,-0.00019370772951009252
7.0,4.01,4.0,0.0009138267732628491
7.0,4.01,5.0,-0.006464906426155888
7.0,4.01,6.0,-0.0024318780230604964
7.0,4.01,7.0,-0.013943328197378214
7.0,4.01,8.0,-2.0302041344318856e-06
7.0,4.01,9.0,-0.0014935613256998673
7.0,4.01,10.0,0.006984208468000186
7.0,4.01,11.0,-0.007920406255066681
7.0,4.01,12.0,0.007213177457226466
7.0,4.01,13.0,0.0009385367236646458
7.0,4.01,14.0,-2.6545786824057228e-06
7.0,4.01,15.0,0.01082399016309829
7.0,4.01,16.0,-0.0022888213701155458
7.0,4.01,17.0,-0.004683251351451256
7.0,4.01,18.0,-0.0014616335676791603
7.0,4.01,19.0,-0.006551034857859794
7.0,4.01,20.0,0.0032884046565096886
7.0,4.01,21.0,0.005580330110740522
7.0,5.01,0.0,0.0219259897495519
7.0,5.01,1.0,-0.006674783311146764
7.0,5.01,2.0,-4.2039313206446384e-06
7.0,5.01,3.0,-0.0003886038979188655
7.0,5.01,4.0,0.0019125807447413212
7.0,5.01,5.0,-0.007485030285241147
7.0,5.01,6.0,-0.0028647454277060114
7.0,5.01,7.0,-0.016192729726985166
7.0,5.01,8.0,-2.030206206422865e-06
7.0,5.01,9.0,-0.0013611749189709269
7.0,5.01,10.0,0.00851725039032028
7.0,5.01,11.0,-0.009307891725613665
7.0,5.01,12.0,0.008901790676372423
7.0,5.01,13.0,0.0006474973041594861
7.0,5.01,14.0,-2.6270487081011235e-06
7.0,5.01,15.0,0.013051290407272764
7.0,5.01,16.0,-0.0023356245743001436
7.0,5.01,17.0,-0.0052159323983683725
7.0,5.01,18.0,-0.0012764083992648613
7.0,5.01,19.0,-0.007750012933460726
7.0,5.01,20.0,0.0035983848920808532
7.0,5.01,21.0,0.0061046848448209345
7.0,6.01,0.0,0.02569197745908952
7.0,6.01,1.0,-0.006852347625954363
7.0,6.01,2.0,-4.203695504612458e-06
7.0,6.01,3.0,-0.0005799700585315259
7.0,6.01,4.0,0.0029293631955362165
7.0,6.01,5.0,-0.008463649095118174
7.0,6.01,6.0,-0.0032639452160735938
7.0,6.01,7.0,-0.01816792695485161
7.0,6.01,8.0,-2.030208497427916e-06
7.0,6.01,9.0,-0.0012441632794859547
7.0,6.01,10.0,0.009925636984065123
7.0,6.01,11.0,-0.010598405412587691
7.0,6.01,12.0,0.01046994804123813
7.0,6.01,13.0,0.00036111109302734007
7.0,6.01,14.0,-2.5107697066485695e-06
7.0,6.01,15.0,0.01514264429259618
7.0,6.01,16.0,-0.002330002936840214
7.0,6.01,17.0,-0.005717535895069847
7.0,6.01,18.0,-0.0010780875275298706
7.0,6.01,19.0,-0.008839318115021533
7.0,6.01,20.0,0.0038626849019860604
7.0,6.01,21.0,0.00654062624272056
7.0,7.01,0.0,0.02918533907961407
7.0,7.01,1.0,-0.00698077335712154
7.0,7.01,2.0,-4.2034479424412e-06
7.0,7.01,3.0,-0.000790175137908869
7.0,7.01,4.0,0.004028892478075863
7.0,7.01,5.0,-0.00940293419721671
7.0,7.01,6.0,-0.003613770775698799
7.0,7.01,7.0,-0.019880105521461633
7.0,7.01,8.0,-2.0302109537370816e-06
7.0,7.01,9.0,-0.00113942496051124
7.0,7.01,10.0,0.011181513227517259
7.0,7.01,11.0,-0.011753478269310086
7.0,7.01,12.0,0.01193538469400679
7.0,7.01,13.0,6.977096651465675e-05
7.0,7.01,14.0,-2.6628387494047386e-06
7.0,7.01,15.0,0.01709207777028368
7.0,7.01,16.0,-0.002477341001989597
7.0,7.01,17.0,-0.006114665430814403
7.0,7.01,18.0,-0.0008683334529338295
7.0,7.01,19.0,-0.009867901226005338
7.0,7.01,20.0,0.004084394894069473
7.0,7.01,21.0,0.006895119814944978
7.0,8.01,0.0,0.03249372979000997
7.0,8.01,1.0,-0.007074635162988395
7.0,8.01,2.0,-4.203191592526675e-06
7.0,8.01,3.0,-0.0009875449254961588
7.0,8.01,4.0,0.0050581395934458095
7.0,8.01,5.0,-0.01031180909752652
7.0,8.01,6.0,-0.003933874363891032
7.0,8.01,7.0,-0.021348337499709078
7.0,8.01,8.0,-2.030213515887374e-06
7.0,8.01,9.0,-0.001055799567139172
7.0,8.01,10.0,0.012364513727079557
7.0,8.01,11.0,-0.012833428975986744
7.0,8.01,12.0,0.013320541974285699
7.0,8.01,13.0,-0.00021008036903882865
7.0,8.01,14.0,-2.692550313148461e-06
7.0,8.01,15.0,0.018907438723268388
7.0,8.01,16.0,-0.00256545565425631
7.0,8.01,17.0,-0.006413669081735185
7.0,8.01,18.0,-0.000648381794765553
7.0,8.01,19.0,-0.010804675613437426
7.0,8.01,20.0,0.004267072925602806
7.0,8.01,21.0,0.007247369743681564
7.0,9.01,0.0,0.03564895465157536
7.0,9.01,1.0,-0.007143951301894675
7.0,9.01,2.0,-4.202929703321038e-06
7.0,9.01,3.0,-0.0011905832699637131
7.0,9.01,4.0,0.006115806675611957
7.0,9.01,5.0,-0.011187857046572401
7.0,9.01,6.0,-0.004223053458893955
7.0,9.01,7.0,-0.022593195277853535
7.0,9.01,8.0,-2.030216106669965e-06
7.0,9.01,9.0,-0.0009933243832296393
7.0,9.01,10.0,0.01342752447582865
7.0,9.01,11.0,-0.013822628621027622
7.0,9.01,12.0,0.014600491989973319
7.0,9.01,13.0,-0.0004830929032407366
7.0,9.01,14.0,-2.7074152983323964e-06
7.0,9.01,15.0,0.020608224462418973
7.0,9.01,16.0,-0.00267577717562989
7.0,9.01,17.0,-0.00669118602351948
7.0,9.01,18.0,-0.0004200933139095141
7.0,9.01,19.0,-0.011669611961243581
7.0,9.01,20.0,0.004414927477833199
7.0,9.01,21.0,0.007531684240844216
7.0,10.01,0.0,0.03865196753512001
7.0,10.01,1.0,-0.007195761742224123
7.0,10.01,2.0,-4.202664716086462e-06
7.0,10.01,3.0,-0.0013905902620238025
7.0,10.01,4.0,0.007151978099303569
7.0,10.01,5.0,-0.012034454307970024
7.0,10.01,6.0,-0.004485055139195809
7.0,10.01,7.0,-0.023639621065165685
7.0,10.01,8.0,-2.030218662864618e-06
7.0,10.01,9.0,-0.0009514460056809781
7.0,10.01,10.0,0.014402807796529027
7.0,10.01,11.0,-0.014739748650754392
7.0,10.01,12.0,0.015793049152023897
7.0,10.01,13.0,-0.0007467169794826908
7.0,10.01,14.0,-2.703512705461905e-06
7.0,10.01,15.0,0.02219945524367331
7.0,10.01,16.0,-0.002772049807764576
7.0,10.01,17.0,-0.006928770101154724
7.0,10.01,18.0,-0.00018506974750883125
7.0,10.01,19.0,-0.012464479914458149
7.0,10.01,20.0,0.004530673713680468
7.0,10.01,21.0,0.007781988297147269
8.0,0.01,0.0,0.0007537154979175842
8.0,0.01,1.0,0.0006486791756351584
8.0,0.01,2.0,-9.700021958337261e-21
8.0,0.01,3.0,0.001239024451549775
8.0,0.01,4.0,0.00012585647253605947
8.0,0.01,5.0,0.0008850686822301501
8.0,0.01,6.0,0.0008197049993087235
8.0,0.01,7.0,6.324600219875798e-05
8.0,0.01,8.0,0.0006261890201638698
8.0,0.01,9.0,0.00046067284151363186
8.0,0.01,10.0,0.00033200960144075253
8.0,0.01,11.0,0.00018031556172044133
8.0,0.01,12.0,7.94096650509335e-05
8.0,0.01,13.0,-0.00014827116054866307
8.0,0.01,14.0,-8.194966824592864e-05
8.0,0.01,15.0,-6.4446219895590395e-12
8.0,0.01,16.0,-0.0005108821386077822
8.0,0.01,17.0,3.695924404225622e-07
8.0,0.01,18.0,6.977823305273634e-05
8.0,0.01,19.0,0.0006281463765059891
8.0,0.01,20.0,0.00044584802968661297
8.0,0.01,21.0,-0.0003323932276452445
8.0,1.01,0.0,0.11902693382020595
8.0,1.01,1.0,0.04306898030927775
8.0,1.01,2.0,-9.700021958337261e-21
8.0,1.01,3.0,0.06230904900894574
8.0,1.01,4.0,-0.00749734912427881
8.0,1.01,5.0,0.031315076510373796
8.0,1.01,6.0,0.04196589712498988
8.0,1.01,7.0,0.00224302141168653
8.0,1.01,8.0,0.06835138720116052
8.0,1.01,9.0,0.07760306648289755
8.0,1.01,10.0,0.021447526231655134
8.0,1.01,11.0,-0.0030573741139287083
8.0,1.01,12.0,-0.010471242580765983
8.0,1.01,13.0,0.03276209102950589
8.0,1.01,14.0,0.00028293289186198667
8.0,1.01,15.0,-6.444621989562594e-12
8.0,1.01,16.0,-0.05405231125490988
8.0,1.01,17.0,-1.2366704178605345e-06
8.0,1.01,18.0,0.05579946425154789
8.0,1.01,19.0,0.03638233409630598
8.0,1.01,20.0,0.06492512363197023
8.0,1.01,21.0,-0.00033043389350052946
8.0,2.01,0.0,0.25313479023541186
8.0,2.01,1.0,0.08992137266291889
8.0,2.01,2.0,-9.700021958337261e-21
8.0,2.01,3.0,0.08647351582110308
8.0,2.01,4.0,-0.01733791193319012
8.0,2.01,5.0,0.04908460263646297
8.0,2.01,6.0,0.07662562834743425
8.0,2.01,7.0,0.005373273600101314
8.0,2.01,8.0,0.13783525577294342
8.0,2.01,9.0,0.17272051603331479
8.0,2.01,10.0,0.042327781994942804
8.0,2.01,11.0,-0.008174544314002406
8.0,2.01,12.0,-0.026945658675397277
8.0,2.01,13.0,0.08304538290161889
8.0,2.01,14.0,0.004665014053697569
8.0,2.01,15.0,-6.444621989562612e-12
8.0,2.01,16.0,-0.08799550477167215
8.0,2.01,17.0,-4.898270587179689e-07
8.0,2.01,18.0,0.1211941257130518
8.0,2.01,19.0,0.05882763955860215
8.0,2.01,20.0,0.14708750506042723
8.0,2.01,21.0,-0.0003329796133544364
8.0,3.01,0.0,0.3933247649765357
8.0,3.01,1.0,0.14908017382219907
8.0,3.01,2.0,-9.700021958337261e-21
8.0,3.01,3.0,0.08661770577159156
8.0,3.01,4.0,-0.0371134638891
8.0,3.01,5.0,0.04273265057274234
8.0,3.01,6.0,0.10123810805031774
8.0,3.01,7.0,0.01515047166840372
8.0,3.01,8.0,0.17842879701456682
8.0,3.01,9.0,0.2679409625631393
8.0,3.01,10.0,0.05097660351004474
8.0,3.01,11.0,-0.011617277680351652
8.0,3.01,12.0,-0.0332345615609716
8.0,3.01,13.0,0.14237589655268723
8.0,3.01,14.0,0.010044615066658769
8.0,3.01,15.0,-6.444621989562612e-12
8.0,3.01,16.0,-0.08876438484537298
8.0,3.01,17.0,-1.1320997491112283e-06
8.0,3.01,18.0,0.19299867485336034
8.0,3.01,19.0,0.0669382444082226
8.0,3.01,20.0,0.23766766842378328
8.0,3.01,21.0,-0.00033383042131681197
8.0,4.01,0.0,0.5159376852460286
8.0,4.01,1.0,0.20168636536194307
8.0,4.01,2.0,-9.700021958337261e-21
8.0,4.01,3.0,0.08661790705118388
8.0,4.01,4.0,-0.061969020899718445
8.0,4.01,5.0,0.02015502826638671
8.0,4.01,6.0,0.11330346631269372
8.0,4.01,7.0,0.019795981924538797
8.0,4.01,8.0,0.17933738676868094
8.0,4.01,9.0,0.33686879717835955
8.0,4.01,10.0,0.04537004028715452
8.0,4.01,11.0,-0.01614434833155676
8.0,4.01,12.0,-0.0296918085065363
8.0,4.01,13.0,0.1890582169526835
8.0,4.01,14.0,0.009891794512589702
8.0,4.01,15.0,-6.444621989562612e-12
8.0,4.01,16.0,-0.0887646817701233
8.0,4.01,17.0,-8.716620537704094e-07
8.0,4.01,18.0,0.2604372824409288
8.0,4.01,19.0,0.06845099039656222
8.0,4.01,20.0,0.30845595714307106
8.0,4.01,21.0,-0.00033383702909965077
8.0,5.01,0.0,0.63538916684095
8.0,5.01,1.0,0.23100166743002426
8.0,5.01,2.0,-9.700021958337261e-21
8.0,5.01,3.0,0.08661790916256884
8.0,5.01,4.0,-0.08042479436904289
8.0,5.01,5.0,0.0015966557779356627
8.0,5.01,6.0,0.11870414059410372
8.0,5.01,7.0,0.022378838592056027
8.0,5.01,8.0,0.17933835910641316
8.0,5.01,9.0,0.40974135651249427
8.0,5.01,10.0,0.03678051532428661
8.0,5.01,11.0,-0.02457665493124699
8.0,5.01,12.0,-0.03206747539803689
8.0,5.01,13.0,0.23483036838691945
8.0,5.01,14.0,0.0024457496787481103
8.0,5.01,15.0,-6.444621989562612e-12
8.0,5.01,16.0,-0.08876468187235334
8.0,5.01,17.0,-7.813619466702653e-08
8.0,5.01,18.0,0.3251296569457114
8.0,5.01,19.0,0.07080997088553143
8.0,5.01,20.0,0.3754092921838378
8.0,5.01,21.0,-0.00033383705375625587
8.0,6.01,0.0,0.7599980795092047
8.0,6.01,1.0,0.23205247833087006
8.0,6.01,2.0,-9.700021958337261e-21
8.0,6.01,3.0,0.08661790918264645
8.0,6.01,4.0,-0.09075664540099634
8.0,6.01,5.0,-0.011216934564880265
8.0,6.01,6.0,0.12056309859508374
8.0,6.01,7.0,0.026747560677142623
8.0,6.01,8.0,0.17933835978023605
8.0,6.01,9.0,0.4954036104690333
8.0,6.01,10.0,0.02140911761358788
8.0,6.01,11.0,-0.02736591221111838
8.0,6.01,12.0,-0.04351557769763109
8.0,6.01,13.0,0.27705973122515637
8.0,6.01,14.0,-0.020724999848689918
8.0,6.01,15.0,-6.444621989562612e-12
8.0,6.01,16.0,-0.08876468187239539
8.0,6.01,17.0,-1.066100149578946e-06
8.0,6.01,18.0,0.3881116461150099
8.0,6.01,19.0,0.07468647844880172
8.0,6.01,20.0,0.4286457670244732
8.0,6.01,21.0,-0.0003338370541196707
8.0,7.01,0.0,0.8893013795401965
8.0,7.01,1.0,0.2320543497763794
8.0,7.01,2.0,-9.700021958337261e-21
8.0,7.01,3.0,0.08661790918271384
8.0,7.01,4.0,-0.09833300869609778
8.0,7.01,5.0,-0.024277491345577995
8.0,7.01,6.0,0.13285272648982394
8.0,7.01,7.0,0.04248966791364306
8.0,7.01,8.0,0.1793383597810888
8.0,7.01,9.0,0.579329103751359
8.0,7.01,10.0,-0.002149444452324012
8.0,7.01,11.0,-0.002822284251110807
8.0,7.01,12.0,-0.05674357971155708
8.0,7.01,13.0,0.29922418436831677
8.0,7.01,14.0,-0.06432732536644092
8.0,7.01,15.0,-6.444621989562612e-12
8.0,7.01,16.0,-0.0887646818723954
8.0,7.01,17.0,-3.462775613088136e-08
8.0,7.01,18.0,0.44442680106795274
8.0,7.01,19.0,0.07317289974605223
8.0,7.01,20.0,0.43018404323878345
8.0,7.01,21.0,-0.000333837054159308
8.0,8.01,0.0,0.9021969144997513
8.0,8.01,1.0,0.23205435263884278
8.0,8.01,2.0,-9.700021958337261e-21
8.0,8.01,3.0,0.08661790918271384
8.0,8.01,4.0,-0.09925129795494038
8.0,8.01,5.0,-0.02537384190872638
8.0,8.01,6.0,0.13454093107252652
8.0,8.01,7.0,0.044595980926022294
8.0,8.01,8.0,0.1793383597810987
8.0,8.01,9.0,0.5895464489315139
8.0,8.01,10.0,-0.0049458852173743795
8.0,8.01,11.0,0.0006912017553411184
8.0,8.01,12.0,-0.058237472837341264
8.0,8.01,13.0,0.30154545230296537
8.0,8.01,14.0,-0.06903585585436689
8.0,8.01,15.0,-6.444621989562612e-12
8.0,8.01,16.0,-0.0887646818723954
8.0,8.01,17.0,-3.8128988189876177e-07
8.0,8.01,18.0,0.45009861577369237
8.0,8.01,19.0,0.07355566877743325
8.0,8.01,20.0,0.4301844340744746
8.0,8.01,21.0,-0.0003338370541705788
8.0,9.01,0.0,0.9021969199376968
8.0,9.01,1.0,0.23205435284214349
8.0,9.01,2.0,-9.700021958337261e-21
8.0,9.01,3.0,0.08661790918271384
8.0,9.01,4.0,-0.09928706939066202
8.0,9.01,5.0,-0.025367198557626147
8.0,9.01,6.0,0.13456912040115476
8.0,9.01,7.0,0.04464682034578277
8.0,9.01,8.0,0.1793383597810997
8.0,9.01,9.0,0.5898107564681041
8.0,9.01,10.0,-0.004993166014935602
8.0,9.01,11.0,0.0007477957023503679
8.0,9.01,12.0,-0.0582374240061474
8.0,9.01,13.0,0.3015783989056935
8.0,9.01,14.0,-0.06906443602691392
8.0,9.01,15.0,-6.444621989562612e-12
8.0,9.01,16.0,-0.0887646818723954
8.0,9.01,17.0,-6.585734333092839e-07
8.0,9.01,18.0,0.4501161425104252
8.0,9.01,19.0,0.07361549283555269
8.0,9.01,20.0,0.43018444969254943
8.0,9.01,21.0,-0.0003338370541748335
8.0,10.01,0.0,0.9021969199376969
8.0,10.01,1.0,0.23205435290832943
8.0,10.01,2.0,-9.700021958337261e-21
8.0,10.01,3.0,0.08661790918271395
8.0,10.01,4.0,-0.09930720424668082
8.0,10.01,5.0,-0.025366655214119294
8.0,10.01,6.0,0.1345751192741207
8.0,10.01,7.0,0.044661639104811135
8.0,10.01,8.0,0.17933835978110024
8.0,10.01,9.0,0.5898778424027604
8.0,10.01,10.0,-0.005008427424872841
8.0,10.01,11.0,0.0007659898254097977
8.0,10.01,12.0,-0.05823654848489351
8.0,10.01,13.0,0.30158595602805915
8.0,10.01,14.0,-0.06907185152570483
8.0,10.01,15.0,-6.444621989562612e-12
8.0,10.01,16.0,-0.0887646818723954
8.0,10.01,17.0,-2.448059822150435e-07
8.0,10.01,18.0,0.4501208616024428
8.0,10.01,19.0,0.07363348560759886
8.0,10.01,20.0,0.4301844540551538
8.0,10.01,21.0,-0.00033383705417749417
9.0,0.01,0.0,7.931963797083719e-05
9.0,0.01,1.0,0.00023390087405444904
9.0,0.01,2.0,7.721028314250367e-05
9.0,0.01,3.0,0.0002772638145780437
9.0,0.01,4.0,0.00015764138892426782
9.0,0.01,5.0,-0.00019549029565776865
9.0,0.01,6.0,0.00035215907114635736
9.0,0.01,7.0,-2.7286198987468553e-09
9.0,0.01,8.0,7.799618798502717e-05
9.0,0.01,9.0,0.00022883380035415568
9.0,0.01,10.0,0.000172434876309413
9.0,0.01,11.0,-5.8191414474689364e-05
9.0,0.01,12.0,0.00026430183119302564
9.0,0.01,13.0,-0.0001429491462290322
9.0,0.01,14.0,0.00011512415139706966
9.0,0.01,15.0,2.5074688076304197e-05
9.0,0.01,16.0,-4.215771755641806e-05
9.0,0.01,17.0,7.383813247255344e-05
9.0,0.01,18.0,0.00020864774913652295
9.0,0.01,19.0,0.00030197765264916576
9.0,0.01,20.0,-6.120612326687702e-05
9.0,0.01,21.0,0.0001287476755885697
9.0,1.01,0.0,0.012322524829943032
9.0,1.01,1.0,0.006476876357985689
9.0,1.01,2.0,4.334570086927947e-05
9.0,1.01,3.0,-0.003324643515480369
9.0,1.01,4.0,0.0020820534980801053
9.0,1.01,5.0,-0.008858992210037483
9.0,1.01,6.0,0.0013920237414682401
9.0,1.01,7.0,-2.7286198994027504e-09
9.0,1.01,8.0,-0.0061071072642581575
9.0,1.01,9.0,-0.0038909098312539248
9.0,1.01,10.0,-0.0011722882512543165
9.0,1.01,11.0,-5.818494536123697e-05
9.0,1.01,12.0,0.013403609273029693
9.0,1.01,13.0,-0.010039475518804256
9.0,1.01,14.0,-0.001270995466492772
9.0,1.01,15.0,0.0011225252373373573
9.0,1.01,16.0,-0.0026949092086580306
9.0,1.01,17.0,-0.001721167636231341
9.0,1.01,18.0,0.009748515033421237
9.0,1.01,19.0,-0.009807717025504703
9.0,1.01,20.0,0.005726136516635505
9.0,1.01,21.0,-0.00035539890273567076
9.0,2.01,0.0,0.022789048414773527
9.0,2.01,1.0,0.011801499721416447
9.0,2.01,2.0,-1.4761633652604633e-05
9.0,2.01,3.0,-0.006441952051781635
9.0,2.01,4.0,0.003705004770293785
9.0,2.01,5.0,-0.016255506483408788
9.0,2.01,6.0,0.0022323972619932853
9.0,2.01,7.0,-2.728619899651115e-09
9.0,2.01,8.0,-0.011412669674039512
9.0,2.01,9.0,-0.00747164221681107
9.0,2.01,10.0,-0.002312156778259522
9.0,2.01,11.0,-5.817483946565247e-05
9.0,2.01,12.0,0.02459949850032528
9.0,2.01,13.0,-0.018466357351290215
9.0,2.01,14.0,-0.002465325202626295
9.0,2.01,15.0,0.0020582099828146683
9.0,2.01,16.0,-0.004968655985962786
9.0,2.01,17.0,-0.003268205351095829
9.0,2.01,18.0,0.01788595401398127
9.0,2.01,19.0,-0.0184679551220166
9.0,2.01,20.0,0.010679299140651188
9.0,2.01,21.0,-0.0007772154188428471
9.0,3.01,0.0,0.03184458251248892
9.0,3.01,1.0,0.016404314724449864
9.0,3.01,2.0,-0.00013348094894910512
9.0,3.01,3.0,-0.009184688479911024
9.0,3.01,4.0,0.005076142581317833
9.0,3.01,5.0,-0.02264558199057609
9.0,3.01,6.0,0.002887598364695043
9.0,3.01,7.0,-2.728619899803277e-09
9.0,3.01,8.0,-0.016028293916998726
9.0,3.01,9.0,-0.010660460149245127
9.0,3.01,10.0,-0.0032678040818614473
9.0,3.01,11.0,-5.815963216839066e-05
9.0,3.01,12.0,0.03421477742031115
9.0,3.01,13.0,-0.02570968265787793
9.0,3.01,14.0,-0.0035166951749322356
9.0,3.01,15.0,0.0028553855070204415
9.0,3.01,16.0,-0.006949424410534075
9.0,3.01,17.0,-0.0046124854876286175
9.0,3.01,18.0,0.02489712053572929
9.0,3.01,19.0,-0.0259657405263774
9.0,3.01,20.0,0.014980250472604234
9.0,3.01,21.0,-0.0011516485437664814
9.0,4.01,0.0,0.039763471611640094
9.0,4.01,1.0,0.020437197525253248
9.0,4.01,2.0,-0.00033449182383510356
9.0,4.01,3.0,-0.011630914407477377
9.0,4.01,4.0,0.006229107420743729
9.0,4.01,5.0,-0.02822445829204835
9.0,4.01,6.0,0.0033789562594130074
9.0,4.01,7.0,-2.7286198998409886e-09
9.0,4.01,8.0,-0.02008826022434944
9.0,4.01,9.0,-0.013560858077809157
9.0,4.01,10.0,-0.004049912823421431
9.0,4.01,11.0,-5.8137291606613994e-05
9.0,4.01,12.0,0.04252101648996692
9.0,4.01,13.0,-0.031982645904274916
9.0,4.01,14.0,-0.004452301466957673
9.0,4.01,15.0,0.0035304596384095888
9.0,4.01,16.0,-0.008707551317500742
9.0,4.01,17.0,-0.005794912584729528
9.0,4.01,18.0,0.030995397000311425
9.0,4.01,19.0,-0.032507804445753796
9.0,4.01,20.0,0.018761336766695835
9.0,4.01,21.0,-0.0014876397929822205
9.0,5.01,0.0,0.04674943669402995
9.0,5.01,1.0,0.023925129464064665
9.0,5.01,2.0,-0.00042765649102916026
9.0,5.01,3.0,-0.0139008154542265
9.0,5.01,4.0,0.007220046367876765
9.0,5.01,5.0,-0.033138359096676215
9.0,5.01,6.0,0.0037311942993647207
9.0,5.01,7.0,-2.728619900038754e-09
9.0,5.01,8.0,-0.023691637237723995
9.0,5.01,9.0,-0.01615647027382669
9.0,5.01,10.0,-0.0048460921947052205
9.0,5.01,11.0,-5.810538263382357e-05
9.0,5.01,12.0,0.04991256812844164
9.0,5.01,13.0,-0.03743871661780059
9.0,5.01,14.0,-0.005304503917079539
9.0,5.01,15.0,0.004182129626094044
9.0,5.01,16.0,-0.010178598638555317
9.0,5.01,17.0,-0.006880466124019574
9.0,5.01,18.0,0.03634940333819221
9.0,5.01,19.0,-0.03845133799872713
9.0,5.01,20.0,0.022101348573683205
9.0,5.01,21.0,-0.001785045451942635
9.0,6.01,0.0,0.052967444680474735
9.0,6.01,1.0,0.027027875734239704
9.0,6.01,2.0,-0.0005886686531425545
9.0,6.01,3.0,-0.01598790852005555
9.0,6.01,4.0,0.008047854051859704
9.0,6.01,5.0,-0.037502174829663185
9.0,6.01,6.0,0.0039540100769302755
9.0,6.01,7.0,-2.728619900103582e-09
9.0,6.01,8.0,-0.02690961368368799
9.0,6.01,9.0,-0.01858373894866952
9.0,6.01,10.0,-0.005510996676151514
9.0,6.01,11.0,-5.806016557261026e-05
9.0,6.01,12.0,0.056400315575123705
9.0,6.01,13.0,-0.04220453659361671
9.0,6.01,14.0,-0.0060768013728206005
9.0,6.01,15.0,0.004751550237717783
9.0,6.01,16.0,-0.011499512224074665
9.0,6.01,17.0,-0.007859922298839916
9.0,6.01,18.0,0.04107961529768819
9.0,6.01,19.0,-0.04375036500390023
9.0,6.01,20.0,0.025091890685400076
9.0,6.01,21.0,-0.002052777729121824
9.0,7.01,0.0,0.05854299418370709
9.0,7.01,1.0,0.02977429726052619
9.0,7.01,2.0,-0.0007489186002948567
9.0,7.01,3.0,-0.01795093839803652
9.0,7.01,4.0,0.008740556809709366
9.0,7.01,5.0,-0.04140128869254797
9.0,7.01,6.0,0.004056872575482318
9.0,7.01,7.0,-2.728619900151122e-09
9.0,7.01,8.0,-0.029795424714262737
9.0,7.01,9.0,-0.020853840282774955
9.0,7.01,10.0,-0.0061196277444700575
9.0,7.01,11.0,-5.7997379638521995e-05
9.0,7.01,12.0,0.06217947433740406
9.0,7.01,13.0,-0.046370804630959446
9.0,7.01,14.0,-0.006787912889938158
9.0,7.01,15.0,0.005278584219499033
9.0,7.01,16.0,-0.012657115297455668
9.0,7.01,17.0,-0.008757696210090246
9.0,7.01,18.0,0.04528165799334545
9.0,7.01,19.0,-0.04857730953530126
9.0,7.01,20.0,0.02778386354086612
9.0,7.01,21.0,-0.002293208197070018
9.0,8.01,0.0,0.06357712694892556
9.0,8.01,1.0,0.03221667138751319
9.0,8.01,2.0,-0.0009018433251766766
9.0,8.01,3.0,-0.01981635370745896
9.0,8.01,4.0,0.009315004546257777
9.0,8.01,5.0,-0.04490722640354888
9.0,8.01,6.0,0.004055360457801055
9.0,8.01,7.0,-2.728619900192516e-09
9.0,8.01,8.0,-0.03238564413647873
9.0,8.01,9.0,-0.02299546644049577
9.0,8.01,10.0,-0.006678724583110862
9.0,8.01,11.0,-5.791148572973119e-05
9.0,8.01,12.0,0.06736225332078383
9.0,8.01,13.0,-0.05001528657258128
9.0,8.01,14.0,-0.007443673332659634
9.0,8.01,15.0,0.005773795219360139
9.0,8.01,16.0,-0.013672783029893637
9.0,8.01,17.0,-0.009585586542970287
9.0,8.01,18.0,0.04903792178112744
9.0,8.01,19.0,-0.05301178145238156
9.0,8.01,20.0,0.030221978919340697
9.0,8.01,21.0,-0.002507701301741827
9.0,9.01,0.0,0.06815156467904798
9.0,9.01,1.0,0.034396789166937836
9.0,9.01,2.0,-0.0010520370095394305
9.0,9.01,3.0,-0.02160125523459175
9.0,9.01,4.0,0.009784003898052895
9.0,9.01,5.0,-0.04807523858781867
9.0,9.01,6.0,0.003960996416834006
9.0,9.01,7.0,-2.7286199002208142e-09
9.0,9.01,8.0,-0.034706501457240815
9.0,9.01,9.0,-0.025032759561156998
9.0,9.01,10.0,-0.007190474535323288
9.0,9.01,11.0,-5.779564744601359e-05
9.0,9.01,12.0,0.07202872416234912
9.0,9.01,13.0,-0.053201889573589914
9.0,9.01,14.0,-0.00804962955483142
9.0,9.01,15.0,0.006240583465856403
9.0,9.01,16.0,-0.014569093386511661
9.0,9.01,17.0,-0.010348020895586243
9.0,9.01,18.0,0.0524115163204953
9.0,9.01,19.0,-0.05711004788382573
9.0,9.01,20.0,0.032442181753887994
9.0,9.01,21.0,-0.002698851917726952
9.0,10.01,0.0,0.07233141654159816
9.0,10.01,1.0,0.036353055497700265
9.0,10.01,2.0,-0.0011922489115414048
9.0,10.01,3.0,-0.02331832677877288
9.0,10.01,4.0,0.01015989145507079
9.0,10.01,5.0,-0.05095401877800778
9.0,10.01,6.0,0.0037913491787532616
9.0,10.01,7.0,-2.728619900247855e-09
9.0,10.01,8.0,-0.036777538198867636
9.0,10.01,9.0,-0.02698008436041016
9.0,10.01,10.0,-0.0076571392763106205
9.0,10.01,11.0,-5.7641431603156724e-05
9.0,10.01,12.0,0.07625581938885162
9.0,10.01,13.0,-0.05598734770480958
9.0,10.01,14.0,-0.008605871073703891
9.0,10.01,15.0,0.006685385213666989
9.0,10.01,16.0,-0.01536345436145671
9.0,10.01,17.0,-0.011053506305773717
9.0,10.01,18.0,0.055461998744600685
9.0,10.01,19.0,-0.06092068229340436
9.0,10.01,20.0,0.0344730752019739
9.0,10.01,21.0,-0.002866772718118582
10.0,0.01,0.0,0.005075579928402241
10.0,0.01,1.0,-0.00018893695070011592
10.0,0.01,2.0,-2.851536835504498e-07
10.0,0.01,3.0,-0.00821356132749037
10.0,0.01,4.0,-4.4839732616828264e-11
10.0,0.01,5.0,0.0029685664600743455
10.0,0.01,6.0,-6.567087664194338e-06
10.0,0.01,7.0,-0.010794210710539293
10.0,0.01,8.0,0.010289859990551459
10.0,0.01,9.0,0.0009698635592811089
10.0,0.01,10.0,0.0025038981474727606
10.0,0.01,11.0,-0.001742590105344173
10.0,0.01,12.0,0.002015221158095227
10.0,0.01,13.0,-0.0016010451547207316
10.0,0.01,14.0,0.011140906846388132
10.0,0.01,15.0,0.002599750917121668
10.0,0.01,16.0,0.006973672154524824
10.0,0.01,17.0,0.0007357948230992811
10.0,0.01,18.0,-0.0015067998307286097
10.0,0.01,19.0,0.006156814249199727
10.0,0.01,20.0,0.005348460235244434
10.0,0.01,21.0,-0.015235580089025709
10.0,1.01,0.0,0.02717362546483179
10.0,1.01,1.0,-0.00018893686385881278
10.0,1.01,2.0,-3.175025601441784e-07
10.0,1.01,3.0,0.0044713539067944355
10.0,1.01,4.0,-4.483973261682891e-11
10.0,1.01,5.0,0.005348998960335555
10.0,1.01,6.0,-0.008992388568249549
10.0,1.01,7.0,-0.004802598313352932
10.0,1.01,8.0,-0.011983191103264512
10.0,1.01,9.0,-0.0074640050492870424
10.0,1.01,10.0,0.0016987793665272366
10.0,1.01,11.0,0.00524228768074185
10.0,1.01,12.0,-0.003620308776553294
10.0,1.01,13.0,-0.0010045004628251586
10.0,1.01,14.0,-0.00016944881443842208
10.0,1.01,15.0,0.009579281479217022
10.0,1.01,16.0,0.0013019297288644482
10.0,1.01,17.0,-0.006061505556047314
10.0,1.01,18.0,-0.0015010621344759055
10.0,1.01,19.0,0.00210893423431438
10.0,1.01,20.0,-0.0007481019903197716
10.0,1.01,21.0,0.008923301773568898
10.0,2.01,0.0,0.04741024935217161
10.0,2.01,1.0,-0.00018893640916762446
10.0,2.01,2.0,-3.1756886039703145e-07
10.0,2.01,3.0,0.018597449883571267
10.0,2.01,4.0,-4.4839732616830946e-11
10.0,2.01,5.0,0.004939695512195613
10.0,2.01,6.0,-0.019390652889194088
10.0,2.01,7.0,0.002886595330961611
10.0,2.01,8.0,-0.03826225578209537
10.0,2.01,9.0,-0.01704201293346476
10.0,2.01,10.0,-0.0004837884807049053
10.0,2.01,11.0,0.013383508770364608
10.0,2.01,12.0,-0.004733687190550048
10.0,2.01,13.0,0.0003350987270582806
10.0,2.01,14.0,-0.0187611887138735
10.0,2.01,15.0,0.017545554261059026
10.0,2.01,16.0,-0.008309804924359454
10.0,2.01,17.0,-0.014567863440940174
10.0,2.01,18.0,-0.001381403747068886
10.0,2.01,19.0,-0.004343253034719774
10.0,2.01,20.0,-0.009420505329731876
10.0,2.01,21.0,0.03817330319260706
10.0,3.01,0.0,0.06644154256578635
10.0,3.01,1.0,-0.00018893356615084944
10.0,3.01,2.0,-3.175689458187825e-07
10.0,3.01,3.0,0.03291696315045509
10.0,3.01,4.0,-4.483973261682395e-11
10.0,3.01,5.0,0.0034575561063626414
10.0,3.01,6.0,-0.029817498260765116
10.0,3.01,7.0,0.011303622191627338
10.0,3.01,8.0,-0.06530909991698437
10.0,3.01,9.0,-0.02661585036939257
10.0,3.01,10.0,-0.0037208308198251605
10.0,3.01,11.0,0.021378356063417148
10.0,3.01,12.0,-0.004861713825833578
10.0,3.01,13.0,0.0022968051729553574
10.0,3.01,14.0,-0.040291226107792844
10.0,3.01,15.0,0.024978855549951662
10.0,3.01,16.0,-0.020114824446158364
10.0,3.01,17.0,-0.023655096756028338
10.0,3.01,18.0,0.0011029747057719932
10.0,3.01,19.0,-0.011157619973816951
10.0,3.01,20.0,-0.018669497899296117
10.0,3.01,21.0,0.06858188527316042
10.0,4.01,0.0,0.08167996961184629
10.0,4.01,1.0,-0.0001889054636717604
10.0,4.01,2.0,-3.175689461088785e-07
10.0,4.01,3.0,0.0443943046800584
10.0,4.01,4.0,-4.4839732616705544e-11
10.0,4.01,5.0,-0.0002992824140358452
10.0,4.01,6.0,-0.038999599107974334
10.0,4.01,7.0,0.018885296963766313
10.0,4.01,8.0,-0.09015675773122919
10.0,4.01,9.0,-0.033694963738801875
10.0,4.01,10.0,-0.012876833782931307
10.0,4.01,11.0,0.02557452029141194
10.0,4.01,12.0,-0.004873498719725213
10.0,4.01,13.0,0.007481475045981706
10.0,4.01,14.0,-0.06967293118177637
10.0,4.01,15.0,0.02814143115723322
10.0,4.01,16.0,-0.04012455910215912
10.0,4.01,17.0,-0.03396332376673467
10.0,4.01,18.0,0.023983255871290507
10.0,4.01,19.0,-0.013598639836644139
10.0,4.01,20.0,-0.027395411408343395
10.0,4.01,21.0,0.09512741994896187
10.0,5.01,0.0,0.09383332954485887
10.0,5.01,1.0,-0.0001883848482765328
10.0,5.01,2.0,-3.1756894611456845e-07
10.0,5.01,3.0,0.052408336383851194
10.0,5.01,4.0,-4.483973261593171e-11
10.0,5.01,5.0,-0.0065740295381462865
10.0,5.01,6.0,-0.04594791017212589
10.0,5.01,7.0,0.025333102856043718
10.0,5.01,8.0,-0.11137527180820389
10.0,5.01,9.0,-0.0378288883611161
10.0,5.01,10.0,-0.027889799337348253
10.0,5.01,11.0,0.025939188611121364
10.0,5.01,12.0,-0.004874499444481246
10.0,5.01,13.0,0.015222429952118088
10.0,5.01,14.0,-0.10477677597594925
10.0,5.01,15.0,0.026060941826858364
10.0,5.01,16.0,-0.06768413409598556
10.0,5.01,17.0,-0.04467289649930628
10.0,5.01,18.0,0.05874206853289395
10.0,5.01,19.0,-0.010276305467778912
10.0,5.01,20.0,-0.03611080136510614
10.0,5.01,21.0,0.11544745903256914
10.0,6.01,0.0,0.10861529017315566
10.0,6.01,1.0,-0.00018018810270349476
10.0,6.01,2.0,-3.1756894611463023e-07
10.0,6.01,3.0,0.060204829305017325
10.0,6.01,4.0,-4.483973261044379e-11
10.0,6.01,5.0,-0.011222199483525153
10.0,6.01,6.0,-0.05275822899580836
10.0,6.01,7.0,0.02997996675435015
10.0,6.01,8.0,-0.1280526395854893
10.0,6.01,9.0,-0.042788223071336284
10.0,6.01,10.0,-0.03830859644438145
10.0,6.01,11.0,0.027984040531334894
10.0,6.01,12.0,-0.004874587812521922
10.0,6.01,13.0,0.01991085997906078
10.0,6.01,14.0,-0.13104002865162837
10.0,6.01,15.0,0.025536736374886793
10.0,6.01,16.0,-0.08806219784733943
10.0,6.01,17.0,-0.05340887691735121
10.0,6.01,18.0,0.08025172586909257
10.0,6.01,19.0,-0.007933909829927421
10.0,6.01,20.0,-0.04389091518482369
10.0,6.01,21.0,0.13349850763509838
10.0,7.01,0.0,0.12772148046830098
10.0,7.01,1.0,-0.0001133539378030184
10.0,7.01,2.0,-3.175689461146365e-07
10.0,7.01,3.0,0.06643486105466018
10.0,7.01,4.0,-4.4839732589148435e-11
10.0,7.01,5.0,-0.013674991241872075
10.0,7.01,6.0,-0.059915622569194735
10.0,7.01,7.0,0.030933691117254053
10.0,7.01,8.0,-0.13658311164374606
10.0,7.01,9.0,-0.048588241327602394
10.0,7.01,10.0,-0.04367308374984047
10.0,7.01,11.0,0.030874179276263805
10.0,7.01,12.0,-0.004874597802865833
10.0,7.01,13.0,0.02185154454776775
10.0,7.01,14.0,-0.1473407239548864
10.0,7.01,15.0,0.026685654069923626
10.0,7.01,16.0,-0.10122200944758952
10.0,7.01,17.0,-0.05973085690180654
10.0,7.01,18.0,0.09342118574471038
10.0,7.01,19.0,-0.005857606582206909
10.0,7.01,20.0,-0.04865310709256215
10.0,7.01,21.0,0.1467009262277391
10.0,8.01,0.0,0.1502322003481116
10.0,8.01,1.0,0.000155590358921507
10.0,8.01,2.0,-3.175689461146374e-07
10.0,8.01,3.0,0.07112574430987118
10.0,8.01,4.0,-4.483973254866061e-11
10.0,8.01,5.0,-0.014455349435099046
10.0,8.01,6.0,-0.06758489253842749
10.0,8.01,7.0,0.028380371012399347
10.0,8.01,8.0,-0.13892652913091033
10.0,8.01,9.0,-0.05470281948938985
10.0,8.01,10.0,-0.04563003808520277
10.0,8.01,11.0,0.0341997723147323
10.0,8.01,12.0,-0.004874599471288625
10.0,8.01,13.0,0.021905290592613896
10.0,8.01,14.0,-0.15621811222579
10.0,8.01,15.0,0.029219558622043507
10.0,8.01,16.0,-0.10908320828206469
10.0,8.01,17.0,-0.06339835661963947
10.0,8.01,18.0,0.10147093202574883
10.0,8.01,19.0,-0.0026786120012924353
10.0,8.01,20.0,-0.051138739896574414
10.0,8.01,21.0,0.1554724095144207
10.0,9.01,0.0,0.1752207612336217
10.0,9.01,1.0,0.0008174449241710576
10.0,9.01,2.0,-3.175689461146379e-07
10.0,9.01,3.0,0.07510681864583779
10.0,9.01,4.0,-4.483973250349284e-11
10.0,9.01,5.0,-0.0142928050646767
10.0,9.01,6.0,-0.0759066480246853
10.0,9.01,7.0,0.023939677938567494
10.0,9.01,8.0,-0.1393128111380596
10.0,9.01,9.0,-0.06087942115952437
10.0,9.01,10.0,-0.045810979282321196
10.0,9.01,11.0,0.037859270210749266
10.0,9.01,12.0,-0.0048745998874672085
10.0,9.01,13.0,0.02150814961291267
10.0,9.01,14.0,-0.16168347036280267
10.0,9.01,15.0,0.03279205919490519
10.0,9.01,16.0,-0.11473347305418025
10.0,9.01,17.0,-0.06499966870299184
10.0,9.01,18.0,0.10759847035748471
10.0,9.01,19.0,0.0013612825999733957
10.0,9.01,20.0,-0.051908070740087575
10.0,9.01,21.0,0.16193086811425147
10.0,10.01,0.0,0.20059380448771277
10.0,10.01,1.0,0.0020635157789030186
10.0,10.01,2.0,-3.175689461146375e-07
10.0,10.01,3.0,0.07891890132137969
10.0,10.01,4.0,-4.483973246628522e-11
10.0,10.01,5.0,-0.013790210252092094
10.0,10.01,6.0,-0.08490816324843878
10.0,10.01,7.0,0.018537546984553593
10.0,10.01,8.0,-0.13936074765479217
10.0,10.01,9.0,-0.06708363364810122
10.0,10.01,10.0,-0.045371683943867924
10.0,10.01,11.0,0.04161147675161379
10.0,10.01,12.0,-0.0048746000219728
10.0,10.01,13.0,0.020920528392163462
10.0,10.01,14.0,-0.16595090854209385
10.0,10.01,15.0,0.037111226222453775
10.0,10.01,16.0,-0.11938708984706597
10.0,10.01,17.0,-0.06554373169650556
10.0,10.01,18.0,0.11333648058794485
10.0,10.01,19.0,0.006197904317738617
10.0,10.01,20.0,-0.05225834951269115
10.0,10.01,21.0,0.16775622848190805
11.0,0.01,0.0,0.0007971331171685025
11.0,0.01,1.0,-0.00040333992809227226
11.0,0.01,2.0,-0.00013297733088021252
11.0,0.01,3.0,1.314154355253061e-06
11.0,0.01,4.0,-8.90278908407538e-05
11.0,0.01,5.0,-0.0002020797808667263
11.0,0.01,6.0,-1.2658753011365826e-21
11.0,0.01,7.0,7.805297434013148e-05
11.0,0.01,8.0,0.00015857670662633438
11.0,0.01,9.0,-6.994065522774754e-10
11.0,0.01,10.0,2.130389611582073e-05
11.0,0.01,11.0,4.562093345895031e-07
11.0,0.01,12.0,-7.755404687850853e-05
11.0,0.01,13.0,0.00010666855935220765
11.0,0.01,14.0,5.053957771783413e-05
11.0,0.01,15.0,0.00013517504635437994
11.0,0.01,16.0,4.776609235772333e-05
11.0,0.01,17.0,-0.00014678350739433244
11.0,0.01,18.0,-0.000629482514539325
11.0,0.01,19.0,0.0003052726051294835
11.0,0.01,20.0,-2.005466747248552e-05
11.0,0.01,21.0,-4.0163572243098624e-14
11.0,1.01,0.0,0.0709362938330512
11.0,1.01,1.0,-0.055437839108002096
11.0,1.01,2.0,-0.00011725630776562396
11.0,1.01,3.0,-0.007803895731592847
11.0,1.01,4.0,-0.031829153899938456
11.0,1.01,5.0,-0.014608372990253637
11.0,1.01,6.0,-1.2658753011365826e-21
11.0,1.01,7.0,0.008840051424338718
11.0,1.01,8.0,0.0003015549912437354
11.0,1.01,9.0,-6.994065524597767e-10
11.0,1.01,10.0,-0.003961413952764392
11.0,1.01,11.0,-3.304515518881354e-08
11.0,1.01,12.0,-0.025391098980557608
11.0,1.01,13.0,-0.026652699363383964
11.0,1.01,14.0,0.02117142127847116
11.0,1.01,15.0,0.005377852849089815
11.0,1.01,16.0,-0.031082331986838733
11.0,1.01,17.0,0.017597622277875702
11.0,1.01,18.0,-0.0002884942389638004
11.0,1.01,19.0,-0.004527040314827341
11.0,1.01,20.0,0.02179998589560997
11.0,1.01,21.0,-4.01635722430986e-14
11.0,2.01,0.0,0.13794136927124082
11.0,2.01,1.0,-0.10800219676013773
11.0,2.01,2.0,0.0008698652088227185
11.0,2.01,3.0,-0.015383140444087368
11.0,2.01,4.0,-0.0619299724208936
11.0,2.01,5.0,-0.027961349898528942
11.0,2.01,6.0,-1.2658753011365826e-21
11.0,2.01,7.0,0.017306536343739742
11.0,2.01,8.0,0.0006874095666728197
11.0,2.01,9.0,-6.994065525275198e-10
11.0,2.01,10.0,-0.007427781149379031
11.0,2.01,11.0,4.115374454601344e-06
11.0,2.01,12.0,-0.04956063246529965
11.0,2.01,13.0,-0.052566334922253946
11.0,2.01,14.0,0.04179570714032094
11.0,2.01,15.0,0.010503030090770471
11.0,2.01,16.0,-0.06064051946807379
11.0,2.01,17.0,0.03440844983355029
11.0,2.01,18.0,5.074436109219968e-05
11.0,2.01,19.0,-0.009156572993877649
11.0,2.01,20.0,0.04255504336485569
11.0,2.01,21.0,-4.016357224309852e-14
11.0,3.01,0.0,0.20897663377704204
11.0,3.01,1.0,-0.16218970826274873
11.0,3.01,2.0,0.021012810715290108
11.0,3.01,3.0,-0.025005976362648535
11.0,3.01,4.0,-0.0869244962233317
11.0,3.01,5.0,-0.032762595573059716
11.0,3.01,6.0,-1.2658753011365826e-21
11.0,3.01,7.0,0.02861005472343578
11.0,3.01,8.0,0.004780911220726741
11.0,3.01,9.0,-6.994065525559721e-10
11.0,3.01,10.0,-0.0016124096779726593
11.0,3.01,11.0,3.424061061689725e-07
11.0,3.01,12.0,-0.07450510363600665
11.0,3.01,13.0,-0.0844518512539505
11.0,3.01,14.0,0.0741132133926819
11.0,3.01,15.0,0.01866469543002172
11.0,3.01,16.0,-0.08377097611101256
11.0,3.01,17.0,0.04797987099168416
11.0,3.01,18.0,0.0019267337604845954
11.0,3.01,19.0,-0.013161069287656077
11.0,3.01,20.0,0.0640020044289113
11.0,3.01,21.0,-4.016357224309834e-14
11.0,4.01,0.0,0.2927480397197577
11.0,4.01,1.0,-0.21822008850677377
11.0,4.01,2.0,0.051379585865487666
11.0,4.01,3.0,-0.03306758817674346
11.0,4.01,4.0,-0.0999759681857752
11.0,4.01,5.0,-0.02403110365312411
11.0,4.01,6.0,-1.2658753011365826e-21
11.0,4.01,7.0,0.04571755315616116
11.0,4.01,8.0,0.007898268841489142
11.0,4.01,9.0,-6.994065525681789e-10
11.0,4.01,10.0,0.02490628532812933
11.0,4.01,11.0,7.478980622528686e-07
11.0,4.01,12.0,-0.10041291673445352
11.0,4.01,13.0,-0.10974727473250227
11.0,4.01,14.0,0.12705163726105323
11.0,4.01,15.0,0.032014349264660374
11.0,4.01,16.0,-0.08811334020211536
11.0,4.01,17.0,0.05747808632958984
11.0,4.01,18.0,0.011071703518896612
11.0,4.01,19.0,-0.012804074699174134
11.0,4.01,20.0,0.09390350032849692
11.0,4.01,21.0,-4.016357224309799e-14
11.0,5.01,0.0,0.37613391340879676
11.0,5.01,1.0,-0.2668000411360364
11.0,5.01,2.0,0.06552833956985266
11.0,5.01,3.0,-0.0345943185567833
11.0,5.01,4.0,-0.10990050874081048
11.0,5.01,5.0,-0.017290050907196708
11.0,5.01,6.0,-1.2658753011365826e-21
11.0,5.01,7.0,0.06157976911784421
11.0,5.01,8.0,0.0030955025457483354
11.0,5.01,9.0,-6.99406552570685e-10
11.0,5.01,10.0,0.05602846954283086
11.0,5.01,11.0,1.1422912386831872e-06
11.0,5.01,12.0,-0.12260080574119914
11.0,5.01,13.0,-0.11158518974727588
11.0,5.01,14.0,0.17790776546060555
11.0,5.01,15.0,0.04376909060509793
11.0,5.01,16.0,-0.08819025232586473
11.0,5.01,17.0,0.0701020747145979
11.0,5.01,18.0,0.02666221529454613
11.0,5.01,19.0,-0.010579759996347166
11.0,5.01,20.0,0.12691818021295842
11.0,5.01,21.0,-4.016357224309736e-14
11.0,6.01,0.0,0.4591128392764998
11.0,6.01,1.0,-0.3128133226511714
11.0,6.01,2.0,0.07758640032543537
11.0,6.01,3.0,-0.03585339784914163
11.0,6.01,4.0,-0.12010381180886143
11.0,6.01,5.0,-0.013278053781913268
11.0,6.01,6.0,-1.2658753011365826e-21
11.0,6.01,7.0,0.07624634287245721
11.0,6.01,8.0,-0.002651011240785567
11.0,6.01,9.0,-6.994065525709588e-10
11.0,6.01,10.0,0.08449027441176343
11.0,6.01,11.0,1.3886728853914067e-06
11.0,6.01,12.0,-0.14485774108628924
11.0,6.01,13.0,-0.11159656819017907
11.0,6.01,14.0,0.225444236343527
11.0,6.01,15.0,0.054477047137011014
11.0,6.01,16.0,-0.08819065010119446
11.0,6.01,17.0,0.08285975229232229
11.0,6.01,18.0,0.04169355149962749
11.0,6.01,19.0,-0.008173841999569095
11.0,6.01,20.0,0.15827463115607998
11.0,6.01,21.0,-4.016357224309604e-14
11.0,7.01,0.0,0.5405368389525578
11.0,7.01,1.0,-0.3371698443010564
11.0,7.01,2.0,0.08914249622403148
11.0,7.01,3.0,-0.03932509786255227
11.0,7.01,4.0,-0.12615343561467596
11.0,7.01,5.0,-0.016889424555000088
11.0,7.01,6.0,-1.2658753011365826e-21
11.0,7.01,7.0,0.08524457973405028
11.0,7.01,8.0,-0.005355448794793383
11.0,7.01,9.0,-6.99406552570984e-10
11.0,7.01,10.0,0.09897577118774176
11.0,7.01,11.0,2.1053251504967534e-06
11.0,7.01,12.0,-0.16629085584796746
11.0,7.01,13.0,-0.11159661155406277
11.0,7.01,14.0,0.25832567000181345
11.0,7.01,15.0,0.06060339692337713
11.0,7.01,16.0,-0.08819065185431826
11.0,7.01,17.0,0.09475439494561322
11.0,7.01,18.0,0.0499005773598986
11.0,7.01,19.0,-0.0035258019471826885
11.0,7.01,20.0,0.17437477812152552
11.0,7.01,21.0,-4.016357224309358e-14
11.0,8.01,0.0,0.6170049595005082
11.0,8.01,1.0,-0.33863875779588787
11.0,8.01,2.0,0.09986518737252394
11.0,8.01,3.0,-0.04505890067494442
11.0,8.01,4.0,-0.12765829931390305
11.0,8.01,5.0,-0.02828876299859484
11.0,8.01,6.0,-1.2658753011365826e-21
11.0,8.01,7.0,0.08804654407847681
11.0,8.01,8.0,-0.004690780298737041
11.0,8.01,9.0,-6.994065525709859e-10
11.0,8.01,10.0,0.0985356790542758
11.0,8.01,11.0,1.0593288523772407e-06
11.0,8.01,12.0,-0.1858880784517302
11.0,8.01,13.0,-0.11159661204501005
11.0,8.01,14.0,0.27470558167825304
11.0,8.01,15.0,0.06174746225791608
11.0,8.01,16.0,-0.08819065187356866
11.0,8.01,17.0,0.10515018764172807
11.0,8.01,18.0,0.05084331419515456
11.0,8.01,19.0,0.0032944497624736863
11.0,8.01,20.0,0.17411814824994787
11.0,8.01,21.0,-4.016357224308978e-14
11.0,9.01,0.0,0.6896398726281423
11.0,9.01,1.0,-0.3386490262670784
11.0,9.01,2.0,0.11019660737804948
11.0,9.01,3.0,-0.05086183337520013
11.0,9.01,4.0,-0.12883121389248786
11.0,9.01,5.0,-0.03994205860741451
11.0,9.01,6.0,-1.2658753011365826e-21
11.0,9.01,7.0,0.09032302635644349
11.0,9.01,8.0,-0.0038929510465419426
11.0,9.01,9.0,-6.99406552570986e-10
11.0,9.01,10.0,0.09699930348160518
11.0,9.01,11.0,6.874763048546427e-07
11.0,9.01,12.0,-0.20417809216160815
11.0,9.01,13.0,-0.11159661207369326
11.0,9.01,14.0,0.2890191257004175
11.0,9.01,15.0,0.06243549690513581
11.0,9.01,16.0,-0.08819065187440125
11.0,9.01,17.0,0.11489071154856872
11.0,9.01,18.0,0.05131426477596844
11.0,9.01,19.0,0.009724690979433473
11.0,9.01,20.0,0.17269811682754116
11.0,9.01,21.0,-4.016357224308395e-14
11.0,10.01,0.0,0.7579375137680104
11.0,10.01,1.0,-0.338649071680809
11.0,10.01,2.0,0.12024682143550282
11.0,10.01,3.0,-0.056514859506275605
11.0,10.01,4.0,-0.1297461996483883
11.0,10.01,5.0,-0.05056330576087242
11.0,10.01,6.0,-1.2658753011365826e-21
11.0,10.01,7.0,0.09298080344833035
11.0,10.01,8.0,-0.003719750979045394
11.0,10.01,9.0,-6.99406552570986e-10
11.0,10.01,10.0,0.09617565302223557
11.0,10.01,11.0,2.4339126648443884e-07
11.0,10.01,12.0,-0.21969099056103542
11.0,10.01,13.0,-0.11159661207690147
11.0,10.01,14.0,0.3030110825267118
11.0,10.01,15.0,0.06317327409236428
11.0,10.01,16.0,-0.08819065187446704
11.0,10.01,17.0,0.12439034992404135
11.0,10.01,18.0,0.05243230141497322
11.0,10.01,19.0,0.014544611680293626
11.0,10.01,20.0,0.17186593205920242
11.0,10.01,21.0,-4.016357224307537e-14
12.0,0.01,0.0,-0.0011234219361892178
12.0,0.01,1.0,-6.526425533903944e-07
12.0,0.01,2.0,0.01224472450229519
12.0,0.01,3.0,1.0776380656850597e-06
12.0,0.01,4.0,0.0015577652941733966
12.0,0.01,5.0,0.0023257491999027213
12.0,0.01,6.0,-6.825533903195846e-05
12.0,0.01,7.0,0.0035162877540068915
12.0,0.01,8.0,0.0011350463452255988
12.0,0.01,9.0,-4.824127707277925e-06
12.0,0.01,10.0,0.0031530274995867358
12.0,0.01,11.0,0.011043249002990918
12.0,0.01,12.0,-2.9847159997992975e-07
12.0,0.01,13.0,0.0017450965539845265
12.0,0.01,14.0,0.0007700588491130755
12.0,0.01,15.0,0.002841694255125593
12.0,0.01,16.0,0.0024281325849384583
12.0,0.01,17.0,-0.0011168044813374065
12.0,0.01,18.0,0.0009740879801316549
12.0,0.01,19.0,0.006633562367669044
12.0,0.01,20.0,-3.722485228291438e-06
12.0,0.01,21.0,-0.0038592745042761944
12.0,1.01,0.0,0.0004201239384248178
12.0,1.01,1.0,-6.526425535672931e-07
12.0,1.01,2.0,0.012669532464839373
12.0,1.01,3.0,2.178085865158752e-06
12.0,1.01,4.0,0.0011840884661156736
12.0,1.01,5.0,0.002237368239256521
12.0,1.01,6.0,3.8350441123879975e-05
12.0,1.01,7.0,0.0036015730303679827
12.0,1.01,8.0,0.000881672722339244
12.0,1.01,9.0,-4.824127564894108e-06
12.0,1.01,10.0,0.0029235801663136662
12.0,1.01,11.0,0.01164172838020261
12.0,1.01,12.0,-2.984716149485218e-07
12.0,1.01,13.0,0.0017343990255226371
12.0,1.01,14.0,0.0015956294560144635
12.0,1.01,15.0,0.0028886462033445026
12.0,1.01,16.0,0.002443480745127735
12.0,1.01,17.0,-0.0011100996875969792
12.0,1.01,18.0,0.0008427174758996736
12.0,1.01,19.0,0.00762991043928779
12.0,1.01,20.0,-3.722485171005224e-06
12.0,1.01,21.0,-0.0036334475912148277
12.0,2.01,0.0,0.028724921841269877
12.0,2.01,1.0,-6.52642554453344e-07
12.0,2.01,2.0,0.017547167696909005
12.0,2.01,3.0,-1.8296981042496972e-07
12.0,2.01,4.0,-0.006116275108592195
12.0,2.01,5.0,9.149924005069643e-05
12.0,2.01,6.0,0.0019486178162118062
12.0,2.01,7.0,0.004362553904461747
12.0,2.01,8.0,-0.003872966047751586
12.0,2.01,9.0,-4.824125384133331e-06
12.0,2.01,10.0,-0.001778502623494882
12.0,2.01,11.0,0.019129277020415003
12.0,2.01,12.0,-2.98471745579495e-07
12.0,2.01,13.0,0.0009381767090175797
12.0,2.01,14.0,0.016335475432751517
12.0,2.01,15.0,0.0028793997050444164
12.0,2.01,16.0,0.0020164101225663145
12.0,2.01,17.0,-0.0007048556127675389
12.0,2.01,18.0,-0.0016860332209433226
12.0,2.01,19.0,0.02393624005726097
12.0,2.01,20.0,-3.722484373672806e-06
12.0,2.01,21.0,0.0007434981897803524
12.0,3.01,0.0,0.060567521488359734
12.0,3.01,1.0,-6.526425546254809e-07
12.0,3.01,2.0,0.02579163030013898
12.0,3.01,3.0,7.047558846386455e-07
12.0,3.01,4.0,-0.008741678654630769
12.0,3.01,5.0,-0.0008279187142712363
12.0,3.01,6.0,0.0048717015877692005
12.0,3.01,7.0,0.005869398303749995
12.0,3.01,8.0,-0.008817299196561462
12.0,3.01,9.0,-4.824117916259519e-06
12.0,3.01,10.0,-0.00793229988710814
12.0,3.01,11.0,0.0348255962439713
12.0,3.01,12.0,-2.9847187574641774e-07
12.0,3.01,13.0,0.002765969970900284
12.0,3.01,14.0,0.030222386225973258
12.0,3.01,15.0,0.004004680493270907
12.0,3.01,16.0,0.0030763317121166867
12.0,3.01,17.0,-0.0006048823566739102
12.0,3.01,18.0,-0.004488034881518166
12.0,3.01,19.0,0.04265030927380381
12.0,3.01,20.0,-3.7224829099768815e-06
12.0,3.01,21.0,0.016915292365718836
12.0,4.01,0.0,0.08988435665431999
12.0,4.01,1.0,-6.526425529011265e-07
12.0,4.01,2.0,0.03210260894193806
12.0,4.01,3.0,3.306945871925981e-06
12.0,4.01,4.0,-0.00983816103769003
12.0,4.01,5.0,-0.0011887743033362208
12.0,4.01,6.0,0.00730154965059196
12.0,4.01,7.0,0.00646756958752534
12.0,4.01,8.0,-0.012825704165839696
12.0,4.01,9.0,-4.824103402149633e-06
12.0,4.01,10.0,-0.014298056945359267
12.0,4.01,11.0,0.047064426078334165
12.0,4.01,12.0,-2.9847192536203453e-07
12.0,4.01,13.0,0.004483921253141843
12.0,4.01,14.0,0.04144455319128057
12.0,4.01,15.0,0.004012285112574676
12.0,4.01,16.0,0.003634657032285271
12.0,4.01,17.0,5.564123609368837e-05
12.0,4.01,18.0,-0.006835111139470024
12.0,4.01,19.0,0.05787501860052663
12.0,4.01,20.0,-3.722481940800225e-06
12.0,4.01,21.0,0.03267690465674306
12.0,5.01,0.0,0.11892407076129817
12.0,5.01,1.0,-6.526425500975822e-07
12.0,5.01,2.0,0.036139805756893795
12.0,5.01,3.0,1.9167385891405023e-07
12.0,5.01,4.0,-0.012816532659788049
12.0,5.01,5.0,-0.0023741601704429516
12.0,5.01,6.0,0.009761416152126001
12.0,5.01,7.0,0.006431127073174225
12.0,5.01,8.0,-0.016615424990083533
12.0,5.01,9.0,-4.824074288950755e-06
12.0,5.01,10.0,-0.020524566125636745
12.0,5.01,11.0,0.05308491600326182
12.0,5.01,12.0,-2.9847194157528593e-07
12.0,5.01,13.0,0.005008271156775712
12.0,5.01,14.0,0.05317277168490908
12.0,5.01,15.0,0.002964881729488611
12.0,5.01,16.0,0.0032147379770881557
12.0,5.01,17.0,0.0013125934222483655
12.0,5.01,18.0,-0.009123275023483368
12.0,5.01,19.0,0.07112530463712358
12.0,5.01,20.0,-3.722480997582147e-06
12.0,5.01,21.0,0.0456000799315636
12.0,6.01,0.0,0.14732881116621205
12.0,6.01,1.0,-6.526425463810959e-07
12.0,6.01,2.0,0.03866072258794073
12.0,6.01,3.0,-6.310573229887422e-08
12.0,6.01,4.0,-0.016515150194105654
12.0,6.01,5.0,-0.004051239230512038
12.0,6.01,6.0,0.012336643749537524
12.0,6.01,7.0,0.005929166990741502
12.0,6.01,8.0,-0.02018092314929118
12.0,6.01,9.0,-4.82401435957528e-06
12.0,6.01,10.0,-0.026646605486166125
12.0,6.01,11.0,0.05531685320294644
12.0,6.01,12.0,-2.984719466132421e-07
12.0,6.01,13.0,0.004949622148060662
12.0,6.01,14.0,0.06474380659931309
12.0,6.01,15.0,0.0012451348715290522
12.0,6.01,16.0,0.0023046688400309434
12.0,6.01,17.0,0.002915610053856082
12.0,6.01,18.0,-0.011250906911577596
12.0,6.01,19.0,0.08265521415230842
12.0,6.01,20.0,-3.7224797534032534e-06
12.0,6.01,21.0,0.05756338664405007
12.0,7.01,0.0,0.17509861186066447
12.0,7.01,1.0,-6.526425417743961e-07
12.0,7.01,2.0,0.04033404328887935
12.0,7.01,3.0,4.2367187076385305e-06
12.0,7.01,4.0,-0.020454234928245163
12.0,7.01,5.0,-0.00593378703693434
12.0,7.01,6.0,0.014930704331191091
12.0,7.01,7.0,0.005157147762721637
12.0,7.01,8.0,-0.023627099931460033
12.0,7.01,9.0,-4.8238909418752e-06
12.0,7.01,10.0,-0.032712479544474954
12.0,7.01,11.0,0.05598452794279363
12.0,7.01,12.0,-2.984719481365528e-07
12.0,7.01,13.0,0.004669527523972761
12.0,7.01,14.0,0.07607039092234658
12.0,7.01,15.0,-0.0007560941014986833
12.0,7.01,16.0,0.001206686085166997
12.0,7.01,17.0,0.004662525847319195
12.0,7.01,18.0,-0.013264011271670706
12.0,7.01,19.0,0.09323029931534094
12.0,7.01,20.0,-3.722478081284278e-06
12.0,7.01,21.0,0.06908981854016802
12.0,8.01,0.0,0.20229337262761612
12.0,8.01,1.0,-6.526425362609012e-07
12.0,8.01,2.0,0.041538802328104474
12.0,8.01,3.0,-5.487649086861741e-08
12.0,8.01,4.0,-0.024459722894710156
12.0,8.01,5.0,-0.007890809565764545
12.0,8.01,6.0,0.01748786862700702
12.0,8.01,7.0,0.004263341310327268
12.0,8.01,8.0,-0.0270300955572714
12.0,8.01,9.0,-4.8236380205377305e-06
12.0,8.01,10.0,-0.038723077990411275
12.0,8.01,11.0,0.05615903418921686
12.0,8.01,12.0,-2.984719485917827e-07
12.0,8.01,13.0,0.004314437161095586
12.0,8.01,14.0,0.08718466553624091
12.0,8.01,15.0,-0.002821416550360001
12.0,8.01,16.0,5.038415431374288e-05
12.0,8.01,17.0,0.006426454321317644
12.0,8.01,18.0,-0.015231684578581095
12.0,8.01,19.0,0.10333296551232402
12.0,8.01,20.0,-3.7224758918650907e-06
12.0,8.01,21.0,0.08034659455015573
12.0,9.01,0.0,0.22894678855234238
12.0,9.01,1.0,-6.526425297890093e-07
12.0,9.01,2.0,0.04246265279173489
12.0,9.01,3.0,-2.2639116337466098e-07
12.0,9.01,4.0,-0.028457407842647775
12.0,9.01,5.0,-0.009867576602861305
12.0,9.01,6.0,0.019987699811968018
12.0,9.01,7.0,0.0033277340675583467
12.0,9.01,8.0,-0.030411915112134397
12.0,9.01,9.0,-4.823123197436238e-06
12.0,9.01,10.0,-0.04466144949663606
12.0,9.01,11.0,0.05620150518586209
12.0,9.01,12.0,-2.9847194872781165e-07
12.0,9.01,13.0,0.003930032674906991
12.0,9.01,14.0,0.09809180805308312
12.0,9.01,15.0,-0.004870762499728176
12.0,9.01,16.0,-0.0011185241598176132
12.0,9.01,17.0,0.008152270747087166
12.0,9.01,18.0,-0.017186193269435074
12.0,9.01,19.0,0.11315235744944824
12.0,9.01,20.0,-3.722473085374472e-06
12.0,9.01,21.0,0.09139001784100802
12.0,10.01,0.0,0.2550733830261777
12.0,10.01,1.0,-6.526425222831392e-07
12.0,10.01,2.0,0.043199510024670595
12.0,10.01,3.0,6.842437626179273e-07
12.0,10.01,4.0,-0.03241357695835323
12.0,10.01,5.0,-0.011840081451655687
12.0,10.01,6.0,0.022426213139865148
12.0,10.01,7.0,0.0023850148482120193
12.0,10.01,8.0,-0.03377119890013178
12.0,10.01,9.0,-4.822083710102225e-06
12.0,10.01,10.0,-0.05051443254901214
12.0,10.01,11.0,0.05621151367540833
12.0,10.01,12.0,-2.984719487687775e-07
12.0,10.01,13.0,0.0035294621012212923
12.0,10.01,14.0,0.108789649324595
12.0,10.01,15.0,-0.0068831865650333945
12.0,10.01,16.0,-0.002286567463379796
12.0,10.01,17.0,0.00982330941467039
12.0,10.01,18.0,-0.019135146829919264
12.0,10.01,19.0,0.12275105381034385
12.0,10.01,20.0,-3.7224695383017646e-06
12.0,10.01,21.0,0.10223418791921615
13.0,0.01,0.0,0.0003738761674592639
13.0,0.01,1.0,-9.414975282496152e-07
13.0,0.01,2.0,-3.598459592740744e-05
13.0,0.01,3.0,0.00043310813159883055
13.0,0.01,4.0,-0.00015196786926358063
13.0,0.01,5.0,-8.671948391095197e-05
13.0,0.01,6.0,-2.0436806041567503e-11
13.0,0.01,7.0,-0.0005584567475206414
13.0,0.01,8.0,-1.6386021358280724e-11
13.0,0.01,9.0,-0.0001923136627091926
13.0,0.01,10.0,-0.0002129327163054029
13.0,0.01,11.0,-0.0001365140474888782
13.0,0.01,12.0,-2.0752429526660606e-14
13.0,0.01,13.0,-8.025930767324718e-05
13.0,0.01,14.0,-0.00076791358952355
13.0,0.01,15.0,-2.1114097833274496e-11
13.0,0.01,16.0,-0.0006963406490528845
13.0,0.01,17.0,-0.0004221401624472376
13.0,0.01,18.0,-5.1011361324704696e-06
13.0,0.01,19.0,-0.0006637296959906558
13.0,0.01,20.0,-0.00017590395008765247
13.0,0.01,21.0,-0.0001260746526119405
13.0,1.01,0.0,0.025635405084027785
13.0,1.01,1.0,-6.398254189639911e-08
13.0,1.01,2.0,0.0007086291610057874
13.0,1.01,3.0,0.008268258913507617
13.0,1.01,4.0,0.0025032954590123446
13.0,1.01,5.0,-0.004033274337719328
13.0,1.01,6.0,-2.0436799715588558e-11
13.0,1.01,7.0,0.0032759270787403594
13.0,1.01,8.0,-1.6385610331639875e-11
13.0,1.01,9.0,0.005345465115894704
13.0,1.01,10.0,0.006383588113343386
13.0,1.01,11.0,0.0005835449394833714
13.0,1.01,12.0,-2.075242952666057e-14
13.0,1.01,13.0,0.00504359259066306
13.0,1.01,14.0,0.001804471733723667
13.0,1.01,15.0,-2.1114097833278622e-11
13.0,1.01,16.0,0.004395033092885359
13.0,1.01,17.0,0.006068668090017493
13.0,1.01,18.0,-5.101262139420582e-06
13.0,1.01,19.0,-0.006265265845213364
13.0,1.01,20.0,0.0009561962286658218
13.0,1.01,21.0,0.00400705482314484
13.0,2.01,0.0,0.04960545338867825
13.0,2.01,1.0,2.7914530593907697e-08
13.0,2.01,2.0,0.0014152575117895028
13.0,2.01,3.0,0.015702346759436922
13.0,2.01,4.0,0.005022689664199387
13.0,2.01,5.0,-0.0077778325513089275
13.0,2.01,6.0,-2.043663174436019e-11
13.0,2.01,7.0,0.006914162274696323
13.0,2.01,8.0,-1.638227328379998e-11
13.0,2.01,9.0,0.010600380919818825
13.0,2.01,10.0,0.01264247177185196
13.0,2.01,11.0,0.0012670126679794613
13.0,2.01,12.0,-2.0752429526656416e-14
13.0,2.01,13.0,0.009905929676972791
13.0,2.01,14.0,0.004245821021145235
13.0,2.01,15.0,-2.1114097833279246e-11
13.0,2.01,16.0,0.009226625224162621
13.0,2.01,17.0,0.012227763921097201
13.0,2.01,18.0,-5.101289091601249e-06
13.0,2.01,19.0,-0.011579356583110989
13.0,2.01,20.0,0.002030365934566812
13.0,2.01,21.0,0.00792883068261907
13.0,3.01,0.0,0.07238059429600119
13.0,3.01,1.0,8.219966933601041e-07
13.0,3.01,2.0,0.0020866212151823688
13.0,3.01,3.0,0.022765077669449338
13.0,3.01,4.0,0.007416257615571242
13.0,3.01,5.0,-0.011334884388777583
13.0,3.01,6.0,-2.0432959793711385e-11
13.0,3.01,7.0,0.010366616218948521
13.0,3.01,8.0,-1.6354899066501468e-11
13.0,3.01,9.0,0.015593789065463798
13.0,3.01,10.0,0.01858558861966675
13.0,3.01,11.0,0.0019153472809256278
13.0,3.01,12.0,-2.075242952659697e-14
13.0,3.01,13.0,0.01453168792688192
13.0,3.01,14.0,0.006560193355280353
13.0,3.01,15.0,-2.1114097833279504e-11
13.0,3.01,16.0,0.013820834520826608
13.0,3.01,17.0,0.018081236404461853
13.0,3.01,18.0,-5.1012952251113794e-06
13.0,3.01,19.0,-0.016627217485681745
13.0,3.01,20.0,0.003050969872839253
13.0,3.01,21.0,0.011654918166120742
13.0,4.01,0.0,0.09405108876238372
13.0,4.01,1.0,1.9755002621815377e-07
13.0,4.01,2.0,0.002724952733566821
13.0,4.01,3.0,0.029482023597041038
13.0,4.01,4.0,0.009691738751692214
13.0,4.01,5.0,-0.014717789500355627
13.0,4.01,6.0,-2.0396039993157885e-11
13.0,4.01,7.0,0.013639916097181626
13.0,4.01,8.0,-1.626679868074356e-11
13.0,4.01,9.0,0.020344870468518517
13.0,4.01,10.0,0.024230396448241653
13.0,4.01,11.0,0.0025315708317640295
13.0,4.01,12.0,-2.0752429525490874e-14
13.0,4.01,13.0,0.018941645297910925
13.0,4.01,14.0,0.008751017958697926
13.0,4.01,15.0,-2.111409783327957e-11
13.0,4.01,16.0,0.018194860475396646
13.0,4.01,17.0,0.023650732862097845
13.0,4.01,18.0,-5.1012967093703884e-06
13.0,4.01,19.0,-0.02142491898314558
13.0,4.01,20.0,0.004022219885548413
13.0,4.01,21.0,0.015198403089235424
13.0,5.01,0.0,0.11469879144157763
13.0,5.01,1.0,2.861668798626683e-06
13.0,5.01,2.0,0.0033298823154694762
13.0,5.01,3.0,0.03586362357269497
13.0,5.01,4.0,0.011849279684021718
13.0,5.01,5.0,-0.017924167477574887
13.0,5.01,6.0,-1.931242062462994e-11
13.0,5.01,7.0,0.016659948319786788
13.0,5.01,8.0,-1.499025780516761e-11
13.0,5.01,9.0,0.024877818606342472
13.0,5.01,10.0,0.029524129025261803
13.0,5.01,11.0,0.0030994453408430545
13.0,5.01,12.0,-2.0752429445968668e-14
13.0,5.01,13.0,0.023254728961622617
13.0,5.01,14.0,0.01072578323793505
13.0,5.01,15.0,-2.111409783327958e-11
13.0,5.01,16.0,0.02241899231853639
13.0,5.01,17.0,0.028974765677129477
13.0,5.01,18.0,-5.101297091442166e-06
13.0,5.01,19.0,-0.02596989053382126
13.0,5.01,20.0,0.004948354695711893
13.0,5.01,21.0,0.01856377743102461
13.0,6.01,0.0,0.13435585541289763
13.0,6.01,1.0,3.240548137497616e-06
13.0,6.01,2.0,0.0039002830820016043
13.0,6.01,3.0,0.04194247300520047
13.0,6.01,4.0,0.013896642159134498
13.0,6.01,5.0,-0.020955127449606537
13.0,6.01,6.0,-9.365742908333131e-12
13.0,6.01,7.0,0.019444988853687062
13.0,6.01,8.0,-9.903248761369181e-12
13.0,6.01,9.0,0.02921567815333853
13.0,6.01,10.0,0.03448297333370076
13.0,6.01,11.0,0.0036045483450236615
13.0,6.01,12.0,-2.0752427805661296e-14
13.0,6.01,13.0,0.027528368099171363
13.0,6.01,14.0,0.012482768264853172
13.0,6.01,15.0,-2.1114097833279582e-11
13.0,6.01,16.0,0.02654547239650462
13.0,6.01,17.0,0.034077070949229515
13.0,6.01,18.0,-5.10129719514529e-06
13.0,6.01,19.0,-0.030313472976305822
13.0,6.01,20.0,0.005834288030579289
13.0,6.01,21.0,0.021758703813527458
13.0,7.01,0.0,0.1531484210807938
13.0,7.01,1.0,-5.178954343000447e-07
13.0,7.01,2.0,0.004460366036568256
13.0,7.01,3.0,0.04779684650954434
13.0,7.01,4.0,0.01588845075403844
13.0,7.01,5.0,-0.023921940200728242
13.0,7.01,6.0,-2.8551121304556814e-12
13.0,7.01,7.0,0.022467348295219347
13.0,7.01,8.0,-1.1851632287334605e-11
13.0,7.01,9.0,0.033318008308808295
13.0,7.01,10.0,0.03953771523452981
13.0,7.01,11.0,0.004178871465224054
13.0,7.01,12.0,-2.0752423266921436e-14
13.0,7.01,13.0,0.031126248772205656
13.0,7.01,14.0,0.014595364195998162
13.0,7.01,15.0,-2.111409783327959e-11
13.0,7.01,16.0,0.0302169825830364
13.0,7.01,17.0,0.038869048664243455
13.0,7.01,18.0,-5.101297224760006e-06
13.0,7.01,19.0,-0.03451518519961849
13.0,7.01,20.0,0.006673087163617537
13.0,7.01,21.0,0.02485043283593391
13.0,8.01,0.0,0.17111741701652433
13.0,8.01,1.0,-8.705171185959628e-07
13.0,8.01,2.0,0.004991059358764947
13.0,8.01,3.0,0.053360524383508426
13.0,8.01,4.0,0.017775259123569864
13.0,8.01,5.0,-0.02673366422649144
13.0,8.01,6.0,4.456226994490869e-11
13.0,8.01,7.0,0.02521032120116773
13.0,8.01,8.0,-8.095937327875215e-12
13.0,8.01,9.0,0.03724922358371252
13.0,8.01,10.0,0.04424579357560787
13.0,8.01,11.0,0.004702129717298498
13.0,8.01,12.0,-2.075235941019376e-14
13.0,8.01,13.0,0.03472561168473981
13.0,8.01,14.0,0.016451062070507616
13.0,8.01,15.0,-2.1114097833279588e-11
13.0,8.01,16.0,0.033809120955301974
13.0,8.01,17.0,0.043475566960732015
13.0,8.01,18.0,-5.101297233703852e-06
13.0,8.01,19.0,-0.0384887424577291
13.0,8.01,20.0,0.007476545929728698
13.0,8.01,21.0,0.027789855696200405
13.0,9.01,0.0,0.1883003185980912
13.0,9.01,1.0,-1.1038682600106093e-06
13.0,9.01,2.0,0.0054978420663828464
13.0,9.01,3.0,0.05868813969410709
13.0,9.01,4.0,0.01958333414476615
13.0,9.01,5.0,-0.02941827278900748
13.0,9.01,6.0,1.9034583929574318e-10
13.0,9.01,7.0,0.02782181326341271
13.0,9.01,8.0,-2.7741214720139514e-12
13.0,9.01,9.0,0.041016018833345436
13.0,9.01,10.0,0.04872806651584449
13.0,9.01,11.0,0.0051887137403924255
13.0,9.01,12.0,-2.075192981193342e-14
13.0,9.01,13.0,0.03821191326048928
13.0,9.01,14.0,0.018204850877718393
13.0,9.01,15.0,-2.111409783327959e-11
13.0,9.01,16.0,0.03727335248019381
13.0,9.01,17.0,0.047890440922315036
13.0,9.01,18.0,-5.101297236539377e-06
13.0,9.01,19.0,-0.04229438584133205
13.0,9.01,20.0,0.008245860691227513
13.0,9.01,21.0,0.03059644077140583
13.0,10.01,0.0,0.20472533505577017
13.0,10.01,1.0,-1.172319236544084e-06
13.0,10.01,2.0,0.005981922633110495
13.0,10.01,3.0,0.06380163347059552
13.0,10.01,4.0,0.021313510434355976
13.0,10.01,5.0,-0.03198572525909099
13.0,10.01,6.0,7.451702705045768e-10
13.0,10.01,7.0,0.030335012191748834
13.0,10.01,8.0,1.0152018290024244e-11
13.0,10.01,9.0,0.04462351266985537
13.0,10.01,10.0,0.053036852797629375
13.0,10.01,11.0,0.005653407193747462
13.0,10.01,12.0,-2.074861238731828e-14
13.0,10.01,13.0,0.04155031416194638
13.0,10.01,14.0,0.01988957693563287
13.0,10.01,15.0,-2.111409783327959e-11
13.0,10.01,16.0,0.040599346340633335
13.0,10.01,17.0,0.05211764729107499
13.0,10.01,18.0,-5.101297237490685e-06
13.0,10.01,19.0,-0.045964157568168795
13.0,10.01,20.0,0.008982873062737227
13.0,10.01,21.0,0.0332888695205536
14.0,0.01,0.0,-0.000316432775726028
14.0,0.01,1.0,7.623258809830169e-05
14.0,0.01,2.0,-2.1919213862899385e-06
14.0,0.01,3.0,-6.9815221397107e-07
14.0,0.01,4.0,-0.00022766501604271072
14.0,0.01,5.0,-0.00045353863365271696
14.0,0.01,6.0,-0.000129529965162134
14.0,0.01,7.0,-2.239725368624601e-05
14.0,0.01,8.0,-0.00011514767122373926
14.0,0.01,9.0,-0.000114865639691486
14.0,0.01,10.0,-5.593090948834145e-05
14.0,0.01,11.0,5.7216116103320225e-06
14.0,0.01,12.0,-0.00039987448565823036
14.0,0.01,13.0,-6.091861260471162e-10
14.0,0.01,14.0,-0.00024947300519850835
14.0,0.01,15.0,-3.2437292606800104e-11
14.0,0.01,16.0,-0.00019966203705107377
14.0,0.01,17.0,-0.0004730057736439088
14.0,0.01,18.0,-0.00014144167994034618
14.0,0.01,19.0,-0.00037095952661070353
14.0,0.01,20.0,2.052645242253681e-05
14.0,0.01,21.0,-0.00023342912161383733
14.0,1.01,0.0,0.03860310874128179
14.0,1.01,1.0,-0.00859131004461372
14.0,1.01,2.0,-2.1919206771441215e-06
14.0,1.01,3.0,1.8660339883110649e-07
14.0,1.01,4.0,-0.003572418520849552
14.0,1.01,5.0,0.019063490553052787
14.0,1.01,6.0,0.008652513429028758
14.0,1.01,7.0,0.001181374395172352
14.0,1.01,8.0,0.007062942186248797
14.0,1.01,9.0,-0.006090112218425536
14.0,1.01,10.0,-0.00046532815085746637
14.0,1.01,11.0,0.008635592305778345
14.0,1.01,12.0,0.006560000644182884
14.0,1.01,13.0,-6.091861260587329e-10
14.0,1.01,14.0,0.004383029130152594
14.0,1.01,15.0,-3.243729260702106e-11
14.0,1.01,16.0,0.00587394323507312
14.0,1.01,17.0,-0.0006373770700895624
14.0,1.01,18.0,0.003128122737709127
14.0,1.01,19.0,0.006050469685609072
14.0,1.01,20.0,-0.00046361445100548404
14.0,1.01,21.0,0.014307289374187238
14.0,2.01,0.0,0.11177616413038206
14.0,2.01,1.0,-0.024774052110578704
14.0,2.01,2.0,-2.1919066106335897e-06
14.0,2.01,3.0,-4.349862545712644e-07
14.0,2.01,4.0,-0.010096164069460734
14.0,2.01,5.0,0.05661679403697262
14.0,2.01,6.0,0.025289376479137843
14.0,2.01,7.0,0.0036542921991849497
14.0,2.01,8.0,0.02067713900709975
14.0,2.01,9.0,-0.0178253185799839
14.0,2.01,10.0,-0.0013973857228891523
14.0,2.01,11.0,0.025237457077497943
14.0,2.01,12.0,0.019689642212713326
14.0,2.01,13.0,-6.091861260734171e-10
14.0,2.01,14.0,0.013259941222531435
14.0,2.01,15.0,-3.2437292607132114e-11
14.0,2.01,16.0,0.017522223636891265
14.0,2.01,17.0,-0.0015838181399666189
14.0,2.01,18.0,0.009586626705110457
14.0,2.01,19.0,0.01895790541062703
14.0,2.01,20.0,-0.001605954671343085
14.0,2.01,21.0,0.042908741105492365
14.0,3.01,0.0,0.19392552468383967
14.0,3.01,1.0,-0.04299721371860177
14.0,3.01,2.0,-2.191702519877494e-06
14.0,3.01,3.0,-1.020267346905032e-06
14.0,3.01,4.0,-0.017372032591892683
14.0,3.01,5.0,0.098396300720764
14.0,3.01,6.0,0.04391102838187855
14.0,3.01,7.0,0.00634051580612105
14.0,3.01,8.0,0.035904084941224726
14.0,3.01,9.0,-0.030836410794205044
14.0,3.01,10.0,-0.002390446494738574
14.0,3.01,11.0,0.043732991986002195
14.0,3.01,12.0,0.03435835591337383
14.0,3.01,13.0,-6.091861260751724e-10
14.0,3.01,14.0,0.023121149751953285
14.0,3.01,15.0,-3.2437292607133574e-11
14.0,3.01,16.0,0.030484199263786316
14.0,3.01,17.0,-0.002445100795209401
14.0,3.01,18.0,0.016695394210756942
14.0,3.01,19.0,0.03306604047620043
14.0,3.01,20.0,-0.0027996817832635634
14.0,3.01,21.0,0.07449834879905237
14.0,4.01,0.0,0.2880783552593683
14.0,4.01,1.0,-0.06389727343160978
14.0,4.01,2.0,-2.1873714594497435e-06
14.0,4.01,3.0,-5.370458798368186e-07
14.0,4.01,4.0,-0.025600679983036057
14.0,4.01,5.0,0.14637067516205804
14.0,4.01,6.0,0.06527776613698516
14.0,4.01,7.0,0.009417441655321379
14.0,4.01,8.0,0.053357787036816165
14.0,4.01,9.0,-0.04567328045537036
14.0,4.01,10.0,-0.003494413848302555
14.0,4.01,11.0,0.06488171652726168
14.0,4.01,12.0,0.05130037601042123
14.0,4.01,13.0,-6.091861260753184e-10
14.0,4.01,14.0,0.03449518994545053
14.0,4.01,15.0,-3.243729260713358e-11
14.0,4.01,16.0,0.04539923733034901
14.0,4.01,17.0,-0.003200668868178218
14.0,4.01,18.0,0.02487102094713811
14.0,4.01,19.0,0.04933919621495908
14.0,4.01,20.0,-0.00415760608385593
14.0,4.01,21.0,0.11071040997211834
14.0,5.01,0.0,0.3971124142764418
14.0,5.01,1.0,-0.08811955920220965
14.0,5.01,2.0,-2.0435424889503083e-06
14.0,5.01,3.0,1.0415995108690135e-06
14.0,5.01,4.0,-0.035014232985962346
14.0,5.01,5.0,0.20201294861574404
14.0,5.01,6.0,0.09004381222885621
14.0,5.01,7.0,0.01297401177186569
14.0,5.01,8.0,0.07357585603592796
14.0,5.01,9.0,-0.06277002763044845
14.0,5.01,10.0,-0.004736304530206251
14.0,5.01,11.0,0.08931814680939984
14.0,5.01,12.0,0.0710621593877219
14.0,5.01,13.0,-6.09186126075327e-10
14.0,5.01,14.0,0.047740530879484044
14.0,5.01,15.0,-3.243729260713358e-11
14.0,5.01,16.0,0.06272636871436754
14.0,5.01,17.0,-0.0038241655588751033
14.0,5.01,18.0,0.0343654030368481
14.0,5.01,19.0,0.06827860407936959
14.0,5.01,20.0,-0.005723131225793293
14.0,5.01,21.0,0.15263299850935153
14.0,6.01,0.0,0.5248044860835845
14.0,6.01,1.0,-0.11656258031327943
14.0,6.01,2.0,6.092248655627657e-06
14.0,6.01,3.0,-7.955871456837211e-07
14.0,6.01,4.0,-0.04597562662197574
14.0,6.01,5.0,0.267113110090048
14.0,6.01,6.0,0.11902579228014754
14.0,6.01,7.0,0.01707426927735678
14.0,6.01,8.0,0.09730876955456443
14.0,6.01,9.0,-0.08268667170588018
14.0,6.01,10.0,-0.006151612091102793
14.0,6.01,11.0,0.11788797979550039
14.0,6.01,12.0,0.09437110816090358
14.0,6.01,13.0,-6.091861260753274e-10
14.0,6.01,14.0,0.06328295388962446
14.0,6.01,15.0,-3.243729260713358e-11
14.0,6.01,16.0,0.08297214835754274
14.0,6.01,17.0,-0.0043004906868325905
14.0,6.01,18.0,0.045459933097894034
14.0,6.01,19.0,0.09035487538797327
14.0,6.01,20.0,-0.007608134932538674
14.0,6.01,21.0,0.20147151646264672
14.0,7.01,0.0,0.6746159300817185
14.0,7.01,1.0,-0.15073216899747272
14.0,7.01,2.0,0.0008318318376508918
14.0,7.01,3.0,-1.4407867693365844e-06
14.0,7.01,4.0,-0.05936583018319713
14.0,7.01,5.0,0.3414407020751493
14.0,7.01,6.0,0.1525368973168687
14.0,7.01,7.0,0.021091715813918388
14.0,7.01,8.0,0.125923328468231
14.0,7.01,9.0,-0.10568503043114652
14.0,7.01,10.0,-0.007724190376170129
14.0,7.01,11.0,0.15164744137927152
14.0,7.01,12.0,0.12267208569930452
14.0,7.01,13.0,-6.091861260753274e-10
14.0,7.01,14.0,0.08133321280123207
14.0,7.01,15.0,-3.243729260713358e-11
14.0,7.01,16.0,0.10553488077241513
14.0,7.01,17.0,-0.0046372871193831305
14.0,7.01,18.0,0.05780740679010138
14.0,7.01,19.0,0.11391207511380885
14.0,7.01,20.0,-0.01074124405381574
14.0,7.01,21.0,0.2549799989797582
14.0,8.01,0.0,0.8412394203649388
14.0,8.01,1.0,-0.19532349658155887
14.0,8.01,2.0,0.05596507923249733
14.0,8.01,3.0,1.253019484004217e-06
14.0,8.01,4.0,-0.08084988354462097
14.0,8.01,5.0,0.4075789323932746
14.0,8.01,6.0,0.18904600686743545
14.0,8.01,7.0,0.016938365028039415
14.0,8.01,8.0,0.17181616009385092
14.0,8.01,9.0,-0.12923023418543975
14.0,8.01,10.0,-0.011147585459507656
14.0,8.01,11.0,0.18908208758479758
14.0,8.01,12.0,0.17612438236992792
14.0,8.01,13.0,-6.091861260753274e-10
14.0,8.01,14.0,0.10662329342403476
14.0,8.01,15.0,-3.243729260713358e-11
14.0,8.01,16.0,0.12321581830247497
14.0,8.01,17.0,-0.004910910105273762
14.0,8.01,18.0,0.073309993281434
14.0,8.01,19.0,0.12489614115369185
14.0,8.01,20.0,-0.03098140160538701
14.0,8.01,21.0,0.28325803405182604
14.0,9.01,0.0,0.985861481725889
14.0,9.01,1.0,-0.24235254862178693
14.0,9.01,2.0,0.1343395440305292
14.0,9.01,3.0,-1.343467492616688e-06
14.0,9.01,4.0,-0.11142390635553023
14.0,9.01,5.0,0.43594912343128334
14.0,9.01,6.0,0.21603139417196088
14.0,9.01,7.0,0.0012019059175150115
14.0,9.01,8.0,0.22943136474157955
14.0,9.01,9.0,-0.15398888740997202
14.0,9.01,10.0,-0.022218298568996542
14.0,9.01,11.0,0.21900366094639526
14.0,9.01,12.0,0.23690894308349772
14.0,9.01,13.0,-6.091861260753274e-10
14.0,9.01,14.0,0.12872841060084472
14.0,9.01,15.0,-3.243729260713358e-11
14.0,9.01,16.0,0.1211607137784575
14.0,9.01,17.0,-0.005023455395324776
14.0,9.01,18.0,0.09242214523349274
14.0,9.01,19.0,0.10542457275987349
14.0,9.01,20.0,-0.06646402184283509
14.0,9.01,21.0,0.285209528272254
14.0,10.01,0.0,0.9996823567528763
14.0,10.01,1.0,-0.24793824520925725
14.0,10.01,2.0,0.14167417192685777
14.0,10.01,3.0,-1.107882289555397e-06
14.0,10.01,4.0,-0.11611802816328484
14.0,10.01,5.0,0.4371978652450371
14.0,10.01,6.0,0.21778646644112337
14.0,10.01,7.0,-0.0013634478056554489
14.0,10.01,8.0,0.23570239412474914
14.0,10.01,9.0,-0.15787526392833087
14.0,10.01,10.0,-0.02475515207296236
14.0,10.01,11.0,0.22110982291766182
14.0,10.01,12.0,0.24213737891284323
14.0,10.01,13.0,-6.091861260753274e-10
14.0,10.01,14.0,0.12955717345467754
14.0,10.01,15.0,-3.243729260713358e-11
14.0,10.01,16.0,0.11867357989600846
14.0,10.01,17.0,-0.005029599251812806
14.0,10.01,18.0,0.09478555354073587
14.0,10.01,19.0,0.10065283620854382
14.0,10.01,20.0,-0.07149896217718132
14.0,10.01,21.0,0.28527886659761703
15.0,0.01,0.0,-0.01277704127450846
15.0,0.01,1.0,0.007906639108311467
15.0,0.01,2.0,-0.0003758819843553418
15.0,0.01,3.0,-0.003821487825402592
15.0,0.01,4.0,-0.006624741840315057
15.0,0.01,5.0,0.007151971944821561
15.0,0.01,6.0,-5.4217500037757495e-06
15.0,0.01,7.0,-0.0034594232440638075
15.0,0.01,8.0,0.014719793388939903
15.0,0.01,9.0,0.0006101763653195702
15.0,0.01,10.0,-0.012443550691664659
15.0,0.01,11.0,0.00466164717160749
15.0,0.01,12.0,-0.003325622437854975
15.0,0.01,13.0,-0.0011055427320409428
15.0,0.01,14.0,0.004630095045586868
15.0,0.01,15.0,0.0026659382250965313
15.0,0.01,16.0,-3.410721540467975e-05
15.0,0.01,17.0,-0.008449392657874463
15.0,0.01,18.0,0.00039295850062195936
15.0,0.01,19.0,-0.020996067587085443
15.0,0.01,20.0,-0.014732849478659632
15.0,0.01,21.0,-0.0017219400355730219
15.0,1.01,0.0,0.0066199918048799045
15.0,1.01,1.0,0.0024576857163337296
15.0,1.01,2.0,-0.008626453011767898
15.0,1.01,3.0,0.0022742405260510745
15.0,1.01,4.0,-0.007063372882641167
15.0,1.01,5.0,0.006272167788987135
15.0,1.01,6.0,-5.421740446325708e-06
15.0,1.01,7.0,-0.00329691233596677
15.0,1.01,8.0,0.007079699949881904
15.0,1.01,9.0,0.008289191728515055
15.0,1.01,10.0,-0.008910098959710046
15.0,1.01,11.0,-0.005367870965754289
15.0,1.01,12.0,0.0006507930447927288
15.0,1.01,13.0,2.53400297368922e-05
15.0,1.01,14.0,-0.0002517114430825862
15.0,1.01,15.0,0.000912335073573689
15.0,1.01,16.0,-3.410658200012043e-05
15.0,1.01,17.0,-0.00759904299052698
15.0,1.01,18.0,-0.004671755153252244
15.0,1.01,19.0,-0.010930234740415268
15.0,1.01,20.0,-0.0013389413935208372
15.0,1.01,21.0,-0.006723677585785848
15.0,2.01,0.0,0.031598849289593056
15.0,2.01,1.0,-0.001806266386006528
15.0,2.01,2.0,-0.016053566065274416
15.0,2.01,3.0,0.009072393754177732
15.0,2.01,4.0,-0.007290390632874677
15.0,2.01,5.0,0.0010696266359467993
15.0,2.01,6.0,-5.421695647993183e-06
15.0,2.01,7.0,-0.0030691995843163135
15.0,2.01,8.0,-0.006392727856388808
15.0,2.01,9.0,0.014629770848864299
15.0,2.01,10.0,0.003713492087431913
15.0,2.01,11.0,-0.012926629858683956
15.0,2.01,12.0,0.004435916080986695
15.0,2.01,13.0,0.0015404412327119643
15.0,2.01,14.0,-0.005437423410749209
15.0,2.01,15.0,-0.0028653357715063
15.0,2.01,16.0,-3.4104413324202505e-05
15.0,2.01,17.0,-0.004562964833746977
15.0,2.01,18.0,-0.006641100398243643
15.0,2.01,19.0,0.008125389741110933
15.0,2.01,20.0,0.017026877327847745
15.0,2.01,21.0,-0.009514369205461393
15.0,3.01,0.0,0.06175152317041885
15.0,3.01,1.0,-0.004373691369958236
15.0,3.01,2.0,-0.020845572839194693
15.0,3.01,3.0,0.0159051435500564
15.0,3.01,4.0,-0.0068677177390933375
15.0,3.01,5.0,-0.010156494120076937
15.0,3.01,6.0,-5.42141510528054e-06
15.0,3.01,7.0,-0.002785997140213445
15.0,3.01,8.0,-0.026017747815525807
15.0,3.01,9.0,0.017365977481116346
15.0,3.01,10.0,0.02839355876097005
15.0,3.01,11.0,-0.017229297313372367
15.0,3.01,12.0,0.007880804997063992
15.0,3.01,13.0,0.0035713460962054633
15.0,3.01,14.0,-0.010799976150785928
15.0,3.01,15.0,-0.009313293449641019
15.0,3.01,16.0,-3.4094344604934035e-05
15.0,3.01,17.0,0.002223727324852362
15.0,3.01,18.0,-0.003611533657336602
15.0,3.01,19.0,0.038073777167134004
15.0,3.01,20.0,0.04065488486872215
15.0,3.01,21.0,-0.008602063451243203
15.0,4.01,0.0,0.08981990207652615
15.0,4.01,1.0,-0.005384301767698434
15.0,4.01,2.0,-0.023568709041740576
15.0,4.01,3.0,0.02135545548843648
15.0,4.01,4.0,-0.004610866694343629
15.0,4.01,5.0,-0.023939274429473814
15.0,4.01,6.0,-5.419506235683905e-06
15.0,4.01,7.0,-0.0024262686859192265
15.0,4.01,8.0,-0.045651311310633526
15.0,4.01,9.0,0.017633981902808182
15.0,4.01,10.0,0.05625281063793069
15.0,4.01,11.0,-0.019310651607909936
15.0,4.01,12.0,0.011121811058166509
15.0,4.01,13.0,0.005785657258574273
15.0,4.01,14.0,-0.015693344400025067
15.0,4.01,15.0,-0.01663034070460226
15.0,4.01,16.0,-3.404109451081171e-05
15.0,4.01,17.0,0.011158976507510049
15.0,4.01,18.0,0.0020160565549004195
15.0,4.01,19.0,0.07232025341916387
15.0,4.01,20.0,0.06394811841914502
15.0,4.01,21.0,-0.004688377628445317
15.0,5.01,0.0,0.11083296464739212
15.0,5.01,1.0,-0.005668409008530714
15.0,5.01,2.0,-0.024428249427863258
15.0,5.01,3.0,0.02495158886104759
15.0,5.01,4.0,-0.001666909682003781
15.0,5.01,5.0,-0.03649859975333199
15.0,5.01,6.0,-5.408220916265583e-06
15.0,5.01,7.0,-0.0019316407408873496
15.0,5.01,8.0,-0.05985486601536071
15.0,5.01,9.0,0.016530369907711895
15.0,5.01,10.0,0.07877041866521904
15.0,5.01,11.0,-0.02030148466680732
15.0,5.01,12.0,0.014217419038131063
15.0,5.01,13.0,0.007818834834383198
15.0,5.01,14.0,-0.01945261217328295
15.0,5.01,15.0,-0.022782105733617497
15.0,5.01,16.0,-3.3775437042374724e-05
15.0,5.01,17.0,0.019853781711484303
15.0,5.01,18.0,0.007761049387053992
15.0,5.01,19.0,0.10091951591400389
15.0,5.01,20.0,0.08225932298002239
15.0,5.01,21.0,-0.0002710691551244815
15.0,6.01,0.0,0.12488247253609941
15.0,6.01,1.0,-0.005739397163013997
15.0,6.01,2.0,-0.024903940616876563
15.0,6.01,3.0,0.027024963279385972
15.0,6.01,4.0,0.0014284603702439946
15.0,6.01,5.0,-0.04630316787167903
15.0,6.01,6.0,-5.356199538437001e-06
15.0,6.01,7.0,-0.0012223576738356026
15.0,6.01,8.0,-0.06819647454976029
15.0,6.01,9.0,0.015499623774268445
15.0,6.01,10.0,0.09423854313272959
15.0,6.01,11.0,-0.02080534408748228
15.0,6.01,12.0,0.017068571116242097
15.0,6.01,13.0,0.009425218892716997
15.0,6.01,14.0,-0.021952569575891645
15.0,6.01,15.0,-0.027186056486930676
15.0,6.01,16.0,-3.265311378460797e-05
15.0,6.01,17.0,0.02697131883209314
15.0,6.01,18.0,0.012204771700154687
15.0,6.01,19.0,0.12186434076901659
15.0,6.01,20.0,0.0948704415476325
15.0,6.01,21.0,0.0035113848008553328
15.0,7.01,0.0,0.13415211541963035
15.0,7.01,1.0,-0.005757930498456633
15.0,7.01,2.0,-0.025778708309273923
15.0,7.01,3.0,0.02821522340235555
15.0,7.01,4.0,0.004317987295040293
15.0,7.01,5.0,-0.05355259290852275
15.0,7.01,6.0,-5.170229360769387e-06
15.0,7.01,7.0,-0.00022373706399780695
15.0,7.01,8.0,-0.0725276840090212
15.0,7.01,9.0,0.015209709234085877
15.0,7.01,10.0,0.10431644427097984
15.0,7.01,11.0,-0.02108679073054883
15.0,7.01,12.0,0.019621508265844488
15.0,7.01,13.0,0.010613590046522264
15.0,7.01,14.0,-0.023508452968260374
15.0,7.01,15.0,-0.030153305733174512
15.0,7.01,16.0,-2.874454625887074e-05
15.0,7.01,17.0,0.03231092443357833
15.0,7.01,18.0,0.015084883386804054
15.0,7.01,19.0,0.13678597609399207
15.0,7.01,20.0,0.10331957796914629
15.0,7.01,21.0,0.006326343108437216
15.0,8.01,0.0,0.14084489950505852
15.0,8.01,1.0,-0.005763373098004327
15.0,8.01,2.0,-0.026534005595756693
15.0,8.01,3.0,0.029090044736564735
15.0,8.01,4.0,0.006401379234146826
15.0,8.01,5.0,-0.059032019727571265
15.0,8.01,6.0,-4.632541104768453e-06
15.0,8.01,7.0,0.0011090726844594496
15.0,8.01,8.0,-0.07464359024584867
15.0,8.01,9.0,0.015263175505629
15.0,8.01,10.0,0.11094089829857783
15.0,8.01,11.0,-0.02125778552294595
15.0,8.01,12.0,0.021940357834519697
15.0,8.01,13.0,0.011521035011477804
15.0,8.01,14.0,-0.024539300104831796
15.0,8.01,15.0,-0.032186877203741665
15.0,8.01,16.0,-1.7309102432954117e-05
15.0,8.01,17.0,0.036311849081252706
15.0,8.01,18.0,0.016995528422465683
15.0,8.01,19.0,0.14683401183939687
15.0,8.01,20.0,0.10944966277920556
15.0,8.01,21.0,0.008143695805877815
15.0,9.01,0.0,0.14603731449757118
15.0,9.01,1.0,-0.005765200068029143
15.0,9.01,2.0,-0.027556149217135506
15.0,9.01,3.0,0.029856958589998428
15.0,9.01,4.0,0.008090436699365072
15.0,9.01,5.0,-0.06330347455257455
15.0,9.01,6.0,-3.314387856269616e-06
15.0,9.01,7.0,0.00278790265721456
15.0,9.01,8.0,-0.07566106806940719
15.0,9.01,9.0,0.015896109133894276
15.0,9.01,10.0,0.11562769069199366
15.0,9.01,11.0,-0.021368775433393786
15.0,9.01,12.0,0.024035499471199324
15.0,9.01,13.0,0.012238439488835628
15.0,9.01,14.0,-0.02526986056590294
15.0,9.01,15.0,-0.03366560117346459
15.0,9.01,16.0,1.1769328709623772e-05
15.0,9.01,17.0,0.03932079921721404
15.0,9.01,18.0,0.01806518754187983
15.0,9.01,19.0,0.1544050082234058
15.0,9.01,20.0,0.1142821732240549
15.0,9.01,21.0,0.009307128145976507
15.0,10.01,0.0,0.1503536465984992
15.0,10.01,1.0,-0.005765894956693437
15.0,10.01,2.0,-0.028630795387773245
15.0,10.01,3.0,0.030624835801489003
15.0,10.01,4.0,0.009454738734726159
15.0,10.01,5.0,-0.066812146678219
15.0,10.01,6.0,-4.6380692749416574e-07
15.0,10.01,7.0,0.004771220659406366
15.0,10.01,8.0,-0.07615311976397768
15.0,10.01,9.0,0.016884297133302084
15.0,10.01,10.0,0.11920432841336795
15.0,10.01,11.0,-0.02144395284286886
15.0,10.01,12.0,0.025955498708116906
15.0,10.01,13.0,0.012847765729083138
15.0,10.01,14.0,-0.025854332535033275
15.0,10.01,15.0,-0.03482935823699507
15.0,10.01,16.0,7.80474653399103e-05
15.0,10.01,17.0,0.041680234008715095
15.0,10.01,18.0,0.018619447086807323
15.0,10.01,19.0,0.1604200508419546
15.0,10.01,20.0,0.11842792880388578
15.0,10.01,21.0,0.010022777285820461
16.0,0.01,0.0,0.00027711746891717626
16.0,0.01,1.0,-4.271360246687999e-15
16.0,0.01,2.0,3.212825524367968e-05
16.0,0.01,3.0,0.00015406412436519412
16.0,0.01,4.0,-0.00020987671987011497
16.0,0.01,5.0,1.766808982234247e-05
16.0,0.01,6.0,8.670767849211503e-05
16.0,0.01,7.0,0.00027587917771287884
16.0,0.01,8.0,7.185544629352558e-05
16.0,0.01,9.0,0.0001495851778474666
16.0,0.01,10.0,6.757027013403257e-07
16.0,0.01,11.0,-0.00013306006661395475
16.0,0.01,12.0,0.00022279856824902744
16.0,0.01,13.0,-1.6519753659178797e-12
16.0,0.01,14.0,-4.012215429452204e-07
16.0,0.01,15.0,-1.8060443304360574e-14
16.0,0.01,16.0,7.91395652022242e-05
16.0,0.01,17.0,0.00019075188102618545
16.0,0.01,18.0,-6.453636344839189e-06
16.0,0.01,19.0,-1.1197719800859725e-07
16.0,0.01,20.0,0.00025120725266597477
16.0,0.01,21.0,-0.00011570220509883621
16.0,1.01,0.0,0.033353159062664284
16.0,1.01,1.0,-4.271360246687981e-15
16.0,1.01,2.0,-0.0017972799135202444
16.0,1.01,3.0,0.005579552190274062
16.0,1.01,4.0,-0.00020995950463073695
16.0,1.01,5.0,-0.0035363733058914604
16.0,1.01,6.0,0.00992988075986223
16.0,1.01,7.0,0.012369892020468398
16.0,1.01,8.0,-0.0029054488909830006
16.0,1.01,9.0,0.0008888215249445164
16.0,1.01,10.0,9.90471011684392e-07
16.0,1.01,11.0,-0.011333758920957504
16.0,1.01,12.0,0.015964679583930053
16.0,1.01,13.0,-1.6519753659179846e-12
16.0,1.01,14.0,-4.0122266258278324e-07
16.0,1.01,15.0,-1.8060443304360583e-14
16.0,1.01,16.0,0.009316471327355857
16.0,1.01,17.0,0.011753567562618805
16.0,1.01,18.0,-6.453702907730043e-06
16.0,1.01,19.0,-1.1197721853186452e-07
16.0,1.01,20.0,0.022402168489308427
16.0,1.01,21.0,-0.0001157462049547592
16.0,2.01,0.0,0.06520318132267641
16.0,2.01,1.0,-4.271360246686235e-15
16.0,2.01,2.0,-0.003558008935842516
16.0,2.01,3.0,0.010803499751360579
16.0,2.01,4.0,-0.0002099923040226323
16.0,2.01,5.0,-0.00695828547827454
16.0,2.01,6.0,0.01940681214994716
16.0,2.01,7.0,0.02401496873417147
16.0,2.01,8.0,-0.005772394450598614
16.0,2.01,9.0,0.0016006880338752527
16.0,2.01,10.0,-4.265557621685243e-07
16.0,2.01,11.0,-0.022118937817697068
16.0,2.01,12.0,0.031122573829254097
16.0,2.01,13.0,-1.6519753659180047e-12
16.0,2.01,14.0,-4.012228808048455e-07
16.0,2.01,15.0,-1.8060443304360583e-14
16.0,2.01,16.0,0.018210524121499816
16.0,2.01,17.0,0.022886953925781495
16.0,2.01,18.0,-6.453708595379248e-06
16.0,2.01,19.0,-1.1197722117387097e-07
16.0,2.01,20.0,0.043731645049989
16.0,2.01,21.0,-0.00011577236431728439
16.0,3.01,0.0,0.0958924176415468
16.0,3.01,1.0,-4.271360246621777e-15
16.0,3.01,2.0,-0.00525593630993032
16.0,3.01,3.0,0.015838181557721875
16.0,3.01,4.0,-0.0002100056156784205
16.0,3.01,5.0,-0.010255841403058491
16.0,3.01,6.0,0.028541071901260595
16.0,3.01,7.0,0.035236886755346974
16.0,3.01,8.0,-0.008534817922691243
16.0,3.01,9.0,0.0022868756655350375
16.0,3.01,10.0,1.4602464208307473e-06
16.0,3.01,11.0,-0.032511072135978224
16.0,3.01,12.0,0.04572880636909232
16.0,3.01,13.0,-1.6519753659180154e-12
16.0,3.01,14.0,-4.012229252053135e-07
16.0,3.01,15.0,-1.8060443304360583e-14
16.0,3.01,16.0,0.026782404691902795
16.0,3.01,17.0,0.03361642205394283
16.0,3.01,18.0,-6.453709111599447e-06
16.0,3.01,19.0,-1.1197722153486952e-07
16.0,3.01,20.0,0.06428457040549618
16.0,3.01,21.0,-0.00011578805303972615
16.0,4.01,0.0,0.12548701541286042
16.0,4.01,1.0,-4.2713602455824854e-15
16.0,4.01,2.0,-0.006890714423931188
16.0,4.01,3.0,0.020693598939964142
16.0,4.01,4.0,-0.0002100111535805698
16.0,4.01,5.0,-0.013433754946310383
16.0,4.01,6.0,0.03734668650831657
16.0,4.01,7.0,0.046057346342111616
16.0,4.01,8.0,-0.011198343922450796
16.0,4.01,9.0,0.0029496984432225704
16.0,4.01,10.0,-4.946872871456961e-07
16.0,4.01,11.0,-0.042529641045821666
16.0,4.01,12.0,0.05981245297949389
16.0,4.01,13.0,-1.6519753659180179e-12
16.0,4.01,14.0,-4.0122293462064983e-07
16.0,4.01,15.0,-1.8060443304360583e-14
16.0,4.01,16.0,0.03504751649337329
16.0,4.01,17.0,0.04396223290439849
16.0,4.01,18.0,-6.453709161377847e-06
16.0,4.01,19.0,-1.1197722158689582e-07
16.0,4.01,20.0,0.08410321994968822
16.0,4.01,21.0,-0.00011579756520731173
16.0,5.01,0.0,0.1540475983093473
16.0,5.01,1.0,-4.2713601810185536e-15
16.0,5.01,2.0,-0.008465806337386639
16.0,5.01,3.0,0.02538649176922464
16.0,5.01,4.0,-0.00021001351957544568
16.0,5.01,5.0,-0.016494894979316443
16.0,5.01,6.0,0.045848661155791115
16.0,5.01,7.0,0.05650162178205115
16.0,5.01,8.0,-0.01376710959992783
16.0,5.01,9.0,0.003594669898829228
16.0,5.01,10.0,1.238073522772513e-06
16.0,5.01,11.0,-0.05218605518165872
16.0,5.01,12.0,0.07340177506787621
16.0,5.01,13.0,-1.6519753659180199e-12
16.0,5.01,14.0,-4.012229367094836e-07
16.0,5.01,15.0,-1.8060443304360583e-14
16.0,5.01,16.0,0.04303048346311822
16.0,5.01,17.0,0.053953532790421754
16.0,5.01,18.0,-6.4537091664911785e-06
16.0,5.01,19.0,-1.1197722159501208e-07
16.0,5.01,20.0,0.10322984453997613
16.0,5.01,21.0,-0.00011580339382163337
16.0,6.01,0.0,0.1816611886336407
16.0,6.01,1.0,-4.2713592231910396e-15
16.0,6.01,2.0,-0.009968228424201253
16.0,6.01,3.0,0.02995302965019847
16.0,6.01,4.0,-0.00021001455549226589
16.0,6.01,5.0,-0.019424207825963574
16.0,6.01,6.0,0.0540701184894144
16.0,6.01,7.0,0.06659849469391493
16.0,6.01,8.0,-0.0162414371333814
16.0,6.01,9.0,0.004240934704735577
16.0,6.01,10.0,1.8761290433622202e-07
16.0,6.01,11.0,-0.06145501530205222
16.0,6.01,12.0,0.08652122125561318
16.0,6.01,13.0,-1.6519753659180207e-12
16.0,6.01,14.0,-4.012229371916141e-07
16.0,6.01,15.0,-1.8060443304360583e-14
16.0,6.01,16.0,0.050768603298657955
16.0,6.01,17.0,0.06363611273886538
16.0,6.01,18.0,-6.453709167045572e-06
16.0,6.01,19.0,-1.119772215963397e-07
16.0,6.01,20.0,0.1217168140670773
16.0,6.01,21.0,-0.00011580700900574486
16.0,7.01,0.0,0.20850699777284035
16.0,7.01,1.0,-4.271335991641739e-15
16.0,7.01,2.0,-0.011351495294352976
16.0,7.01,3.0,0.034516642831130484
16.0,7.01,4.0,-0.00021001502036719402
16.0,7.01,5.0,-0.02215094075236157
16.0,7.01,6.0,0.06207422539206342
16.0,7.01,7.0,0.07640350579366562
16.0,7.01,8.0,-0.018605543260708443
16.0,7.01,9.0,0.0049557777283203985
16.0,7.01,10.0,1.2180717681753544e-06
16.0,7.01,11.0,-0.07016148793669436
16.0,7.01,12.0,0.09918726812079742
16.0,7.01,13.0,-1.651975365918021e-12
16.0,7.01,14.0,-4.012229373072965e-07
16.0,7.01,15.0,-1.8060443304360583e-14
16.0,7.01,16.0,0.05837569322956948
16.0,7.01,17.0,0.07314951945684195
16.0,7.01,18.0,-6.453709167108798e-06
16.0,7.01,19.0,-1.1197722159656962e-07
16.0,7.01,20.0,0.13966498771256558
16.0,7.01,21.0,-0.00011580927933510313
16.0,8.01,0.0,0.23504902436667627
16.0,8.01,1.0,-4.270989858636683e-15
16.0,8.01,2.0,-0.012473136867641288
16.0,8.01,3.0,0.03942244335748474
16.0,8.01,4.0,-0.0002100152341747563
16.0,8.01,5.0,-0.024465124758089735
16.0,8.01,6.0,0.0700020931321913
16.0,8.01,7.0,0.08602736861090804
16.0,8.01,8.0,-0.020801788542720107
16.0,8.01,9.0,0.005919441103869549
16.0,8.01,10.0,3.5429445609898506e-07
16.0,8.01,11.0,-0.07771113204091816
16.0,8.01,12.0,0.11138960049174429
16.0,8.01,13.0,-1.6519753659180211e-12
16.0,8.01,14.0,-4.0122293733606054e-07
16.0,8.01,15.0,-1.8060443304360583e-14
16.0,8.01,16.0,0.06614643736163428
16.0,8.01,17.0,0.08286839223697795
16.0,8.01,18.0,-6.453709167116317e-06
16.0,8.01,19.0,-1.1197722159661178e-07
16.0,8.01,20.0,0.15730844001696687
16.0,8.01,21.0,-0.00011581072258801772
16.0,9.01,0.0,0.26211811003632524
16.0,9.01,1.0,-4.261013087803315e-15
16.0,9.01,2.0,-0.013108415121054928
16.0,9.01,3.0,0.04525275889434449
16.0,9.01,4.0,-0.0002100153353363892
16.0,9.01,5.0,-0.02603368346018914
16.0,9.01,6.0,0.0780999041133435
16.0,9.01,7.0,0.09564827528209419
16.0,9.01,8.0,-0.02273282461930029
16.0,9.01,9.0,0.007416087071839328
16.0,9.01,10.0,1.1005341015343137e-06
16.0,9.01,11.0,-0.08305621768261846
16.0,9.01,12.0,0.12310875049007736
16.0,9.01,13.0,-1.6519753659180211e-12
16.0,9.01,14.0,-4.012229373434416e-07
16.0,9.01,15.0,-1.8060443304360583e-14
16.0,9.01,16.0,0.07457625021294245
16.0,9.01,17.0,0.09343731414689344
16.0,9.01,18.0,-6.453709167117237e-06
16.0,9.01,19.0,-1.1197722159661997e-07
16.0,9.01,20.0,0.17505819346723062
16.0,9.01,21.0,-0.00011581164705874086
16.0,10.01,0.0,0.29037225848450476
16.0,10.01,1.0,-4.100704906222819e-15
16.0,10.01,2.0,-0.013163606355739932
16.0,10.01,3.0,0.0523259033528049
16.0,10.01,4.0,-0.0002100153851961737
16.0,10.01,5.0,-0.026726711430315714
16.0,10.01,6.0,0.08655378252129431
16.0,10.01,7.0,0.10543407865272209
16.0,10.01,8.0,-0.024372601609586667
16.0,10.01,9.0,0.009581736890295456
16.0,10.01,10.0,1.597593374235524e-07
16.0,10.01,11.0,-0.08576031508265117
16.0,10.01,12.0,0.1344455311118516
16.0,10.01,13.0,-1.6519753659180211e-12
16.0,10.01,14.0,-4.012229373453796e-07
16.0,10.01,15.0,-1.8060443304360583e-14
16.0,10.01,16.0,0.08396488462693147
16.0,10.01,17.0,0.10525108217942297
16.0,10.01,18.0,-6.453709167117349e-06
16.0,10.01,19.0,-1.1197722159662164e-07
16.0,10.01,20.0,0.19327381166293178
16.0,10.01,21.0,-0.0001158122369787855
17.0,0.01,0.0,0.0015071982643613535
17.0,0.01,1.0,-1.0172789509262039e-13
17.0,0.01,2.0,0.0005761327297073571
17.0,0.01,3.0,-3.5337659094038336e-09
17.0,0.01,4.0,-1.6312394358889564e-06
17.0,0.01,5.0,0.001454239542795742
17.0,0.01,6.0,0.000180549567608157
17.0,0.01,7.0,-0.002188476270654882
17.0,0.01,8.0,0.00020252027530293093
17.0,0.01,9.0,3.799347654814822e-05
17.0,0.01,10.0,-0.0002321054922610744
17.0,0.01,11.0,-0.00020048667745564686
17.0,0.01,12.0,0.0009283010878382292
17.0,0.01,13.0,-2.4033845310713118e-14
17.0,0.01,14.0,-9.11948713798981e-06
17.0,0.01,15.0,0.002272498585843455
17.0,0.01,16.0,0.0006529255000936596
17.0,0.01,17.0,0.0040417308346104575
17.0,0.01,18.0,0.0003411313608428501
17.0,0.01,19.0,0.001439758511496636
17.0,0.01,20.0,1.9055893477393226e-05
17.0,0.01,21.0,-0.0016209113181646015
17.0,1.01,0.0,0.011488282294345092
17.0,1.01,1.0,-1.0172789509262078e-13
17.0,1.01,2.0,0.00028295118083476734
17.0,1.01,3.0,-3.5337659110155798e-09
17.0,1.01,4.0,-1.6312449711518357e-06
17.0,1.01,5.0,0.0010363136480033702
17.0,1.01,6.0,-0.0015284953965822856
17.0,1.01,7.0,-0.0008578244520543177
17.0,1.01,8.0,-0.0009280944717345724
17.0,1.01,9.0,0.0012595738382698007
17.0,1.01,10.0,-0.0002322536309367945
17.0,1.01,11.0,-0.0006491817656033017
17.0,1.01,12.0,0.003802315961558944
17.0,1.01,13.0,-2.4033845310713547e-14
17.0,1.01,14.0,-0.001874476373052483
17.0,1.01,15.0,0.001516956288520964
17.0,1.01,16.0,0.0014438944707997892
17.0,1.01,17.0,0.0073070505271426445
17.0,1.01,18.0,0.0033525962315146818
17.0,1.01,19.0,0.0024201880803998432
17.0,1.01,20.0,0.0023766269217537217
17.0,1.01,21.0,-0.003284192780317538
17.0,2.01,0.0,0.021541036556037507
17.0,2.01,1.0,-1.0172789509262078e-13
17.0,2.01,2.0,0.000302400646327472
17.0,2.01,3.0,-3.5337659118475096e-09
17.0,2.01,4.0,-1.6312487876447517e-06
17.0,2.01,5.0,0.000639438584333317
17.0,2.01,6.0,-0.0032277795641555973
17.0,2.01,7.0,0.00034633468904929354
17.0,2.01,8.0,-0.0020053015393928786
17.0,2.01,9.0,0.002455098217696461
17.0,2.01,10.0,-0.00023239127818636384
17.0,2.01,11.0,-0.001172648270626242
17.0,2.01,12.0,0.006548551896546961
17.0,2.01,13.0,-2.403384531071355e-14
17.0,2.01,14.0,-0.0036698476612264316
17.0,2.01,15.0,0.0008714832157363031
17.0,2.01,16.0,0.0023484192688524863
17.0,2.01,17.0,0.010113127291911272
17.0,2.01,18.0,0.006257409525561308
17.0,2.01,19.0,0.0033439946873069504
17.0,2.01,20.0,0.004632648751068585
17.0,2.01,21.0,-0.004985807501266579
17.0,3.01,0.0,0.03133722248389942
17.0,3.01,1.0,-1.0172789509262081e-13
17.0,3.01,2.0,0.0001753105889158446
17.0,3.01,3.0,-3.5337659123363076e-09
17.0,3.01,4.0,-1.631251418901263e-06
17.0,3.01,5.0,0.0002854992013504587
17.0,3.01,6.0,-0.004818908217631479
17.0,3.01,7.0,0.0015650097685246112
17.0,3.01,8.0,-0.0030873424828876117
17.0,3.01,9.0,0.0037249198339679435
17.0,3.01,10.0,-0.00023251943857882174
17.0,3.01,11.0,-0.001657276017053344
17.0,3.01,12.0,0.009360354672437204
17.0,3.01,13.0,-2.4033845310713562e-14
17.0,3.01,14.0,-0.005387478971213224
17.0,3.01,15.0,0.00029882823716805007
17.0,3.01,16.0,0.003246972734130271
17.0,3.01,17.0,0.01331959660298243
17.0,3.01,18.0,0.00913891774512221
17.0,3.01,19.0,0.004323536399975514
17.0,3.01,20.0,0.006821431351963864
17.0,3.01,21.0,-0.006728510637036542
17.0,4.01,0.0,0.041080831633281994
17.0,4.01,1.0,-1.017278950926208e-13
17.0,4.01,2.0,0.00010941822706589388
17.0,4.01,3.0,-3.5337659126073437e-09
17.0,4.01,4.0,-1.631253224657206e-06
17.0,4.01,5.0,-1.787343933165597e-05
17.0,4.01,6.0,-0.006331391433232969
17.0,4.01,7.0,0.0027276190524025967
17.0,4.01,8.0,-0.004153575091195849
17.0,4.01,9.0,0.005031884003385001
17.0,4.01,10.0,-0.00023263850056763096
17.0,4.01,11.0,-0.002170137840729891
17.0,4.01,12.0,0.012169369720821721
17.0,4.01,13.0,-2.4033845310713553e-14
17.0,4.01,14.0,-0.006999826410720928
17.0,4.01,15.0,-0.00016002910548377353
17.0,4.01,16.0,0.0042079929961272855
17.0,4.01,17.0,0.016557167184001242
17.0,4.01,18.0,0.011954626353052833
17.0,4.01,19.0,0.0053140370993505215
17.0,4.01,20.0,0.008919245000260825
17.0,4.01,21.0,-0.00854552274881945
17.0,5.01,0.0,0.05075002316721719
17.0,5.01,1.0,-1.017278950926208e-13
17.0,5.01,2.0,1.9171903708148363e-05
17.0,5.01,3.0,-3.533765912762116e-09
17.0,5.01,4.0,-1.6312544596291018e-06
17.0,5.01,5.0,-0.0002545943187481428
17.0,5.01,6.0,-0.0077402166616188095
17.0,5.01,7.0,0.0038626146076087275
17.0,5.01,8.0,-0.005220617526006319
17.0,5.01,9.0,0.006402841285110206
17.0,5.01,10.0,-0.00023274903368395689
17.0,5.01,11.0,-0.0027033891829670864
17.0,5.01,12.0,0.015031833627361046
17.0,5.01,13.0,-2.403384531071355e-14
17.0,5.01,14.0,-0.008485210181502643
17.0,5.01,15.0,-0.0004982706692879882
17.0,5.01,16.0,0.005217717343307948
17.0,5.01,17.0,0.01998688225373557
17.0,5.01,18.0,0.014721684671205604
17.0,5.01,19.0,0.006341367514884455
17.0,5.01,20.0,0.010932592445386094
17.0,5.01,21.0,-0.010461177142470371
17.0,6.01,0.0,0.06030605981650236
17.0,6.01,1.0,-1.017278950926208e-13
17.0,6.01,2.0,-0.0001932485112459137
17.0,6.01,3.0,-3.5337659128503578e-09
17.0,6.01,4.0,-1.6312552998616181e-06
17.0,6.01,5.0,-0.0004097238226977301
17.0,6.01,6.0,-0.009020116338393752
17.0,6.01,7.0,0.005003222783042993
17.0,6.01,8.0,-0.006306484816442096
17.0,6.01,9.0,0.007869465785592888
17.0,6.01,10.0,-0.00023285149273080522
17.0,6.01,11.0,-0.0032484149887310743
17.0,6.01,12.0,0.018010475813316967
17.0,6.01,13.0,-2.4033845310713547e-14
17.0,6.01,14.0,-0.009821698800613107
17.0,6.01,15.0,-0.000714173183732611
17.0,6.01,16.0,0.006257227513288222
17.0,6.01,17.0,0.023784172261294367
17.0,6.01,18.0,0.01746195968281078
17.0,6.01,19.0,0.007435195138206896
17.0,6.01,20.0,0.012871378646781062
17.0,6.01,21.0,-0.012498418328052666
17.0,7.01,0.0,0.07016817907390757
17.0,7.01,1.0,-1.0172789509262081e-13
17.0,7.01,2.0,-0.00013764652388081888
17.0,7.01,3.0,-3.5337659129003683e-09
17.0,7.01,4.0,-1.631255867768782e-06
17.0,7.01,5.0,-0.0004791421609532179
17.0,7.01,6.0,-0.01024435270385926
17.0,7.01,7.0,0.006022911449310608
17.0,7.01,8.0,-0.007379626451771176
17.0,7.01,9.0,0.00933640735898511
17.0,7.01,10.0,-0.00023294600540638225
17.0,7.01,11.0,-0.003915621065217312
17.0,7.01,12.0,0.02095706587565055
17.0,7.01,13.0,-2.4033845310713553e-14
17.0,7.01,14.0,-0.010990004680045752
17.0,7.01,15.0,-0.0007545855855861025
17.0,7.01,16.0,0.007444060103039329
17.0,7.01,17.0,0.027269284389519366
17.0,7.01,18.0,0.020099567150955622
17.0,7.01,19.0,0.008498018373331195
17.0,7.01,20.0,0.01470839411666136
17.0,7.01,21.0,-0.014697141280449966
17.0,8.01,0.0,0.08014094316588113
17.0,8.01,1.0,-1.0172789509262081e-13
17.0,8.01,2.0,-0.00011169169124580769
17.0,8.01,3.0,-3.5337659129286248e-09
17.0,8.01,4.0,-1.631256248773609e-06
17.0,8.01,5.0,-0.0004511139140913889
17.0,8.01,6.0,-0.011355993884607452
17.0,8.01,7.0,0.0070240116065219405
17.0,8.01,8.0,-0.008478362325616842
17.0,8.01,9.0,0.010878695038409936
17.0,8.01,10.0,-0.00023303301412053715
17.0,8.01,11.0,-0.004641060649647977
17.0,8.01,12.0,0.02401386066722422
17.0,8.01,13.0,-2.403384531071356e-14
17.0,8.01,14.0,-0.011981991186768121
17.0,8.01,15.0,-0.0006499765240482805
17.0,8.01,16.0,0.00869977793511345
17.0,8.01,17.0,0.03096037340719282
17.0,8.01,18.0,0.022700511864536865
17.0,8.01,19.0,0.009607974740218461
17.0,8.01,20.0,0.016476445023221556
17.0,8.01,21.0,-0.01706148997835162
17.0,9.01,0.0,0.09025367953100635
17.0,9.01,1.0,-1.0172789509262082e-13
17.0,9.01,2.0,-0.00014730040410970702
17.0,9.01,3.0,-3.5337659129445075e-09
17.0,9.01,4.0,-1.6312565021857168e-06
17.0,9.01,5.0,-0.00032244523681444065
17.0,9.01,6.0,-0.012356132194818348
17.0,9.01,7.0,0.00802357369418047
17.0,9.01,8.0,-0.00961292925117263
17.0,9.01,9.0,0.012505669325910906
17.0,9.01,10.0,-0.00023311278007079637
17.0,9.01,11.0,-0.005425133572605045
17.0,9.01,12.0,0.027209133642184635
17.0,9.01,13.0,-2.4033845310713562e-14
17.0,9.01,14.0,-0.012797851882027492
17.0,9.01,15.0,-0.00040728873918935427
17.0,9.01,16.0,0.01001714756561467
17.0,9.01,17.0,0.034904984322434385
17.0,9.01,18.0,0.0252820546297976
17.0,9.01,19.0,0.010775067760640133
17.0,9.01,20.0,0.018190837724460812
17.0,9.01,21.0,-0.01960033152870714
17.0,10.01,0.0,0.10056399283201714
17.0,10.01,1.0,-1.0172789509262082e-13
17.0,10.01,2.0,-0.0002391874376370673
17.0,10.01,3.0,-3.5337659129533876e-09
17.0,10.01,4.0,-1.6312566691292593e-06
17.0,10.01,5.0,-9.505954687466511e-05
17.0,10.01,6.0,-0.013257914031289814
17.0,10.01,7.0,0.009027402863203832
17.0,10.01,8.0,-0.010788657389860012
17.0,10.01,9.0,0.014214083130751953
17.0,10.01,10.0,-0.0002331855365820028
17.0,10.01,11.0,-0.006273238999259467
17.0,10.01,12.0,0.03054998303426598
17.0,10.01,13.0,-2.4033845310713562e-14
17.0,10.01,14.0,-0.013447493104455845
17.0,10.01,15.0,-3.5804154739679794e-05
17.0,10.01,16.0,0.011395805254392322
17.0,10.01,17.0,0.03908200260807204
17.0,10.01,18.0,0.02785596456786049
17.0,10.01,19.0,0.011998116876981602
17.0,10.01,20.0,0.01986685540361166
17.0,10.01,21.0,-0.022315109234200006
18.0,0.01,0.0,0.0006119252667655672
18.0,0.01,1.0,0.0008075858443486288
18.0,0.01,2.0,0.000925139222196586
18.0,0.01,3.0,0.0015158739132558607
18.0,0.01,4.0,-2.0112362837903748e-05
18.0,0.01,5.0,0.0006208308674003626
18.0,0.01,6.0,0.000394052704054737
18.0,0.01,7.0,0.00017176092011794708
18.0,0.01,8.0,0.0013335254551582743
18.0,0.01,9.0,-3.099697961234105e-05
18.0,0.01,10.0,2.3388320769396342e-05
18.0,0.01,11.0,-0.0019670617557241282
18.0,0.01,12.0,-0.0009878378217910988
18.0,0.01,13.0,-0.00017498333670906696
18.0,0.01,14.0,0.0001584472834443157
18.0,0.01,15.0,0.0008884151864675394
18.0,0.01,16.0,-0.0035435835149840366
18.0,0.01,17.0,0.0001918658395641537
18.0,0.01,18.0,-0.00012458457498832481
18.0,0.01,19.0,0.00012352228474765692
18.0,0.01,20.0,3.6101845769298535e-05
18.0,0.01,21.0,-0.0006185179278576369
18.0,1.01,0.0,0.0050949172434429785
18.0,1.01,1.0,2.76240756533902e-06
18.0,1.01,2.0,0.002397527473372435
18.0,1.01,3.0,0.002667155472604793
18.0,1.01,4.0,-2.01133466842368e-05
18.0,1.01,5.0,-9.695997278571372e-05
18.0,1.01,6.0,0.0007337691565994786
18.0,1.01,7.0,-0.0002534141336604373
18.0,1.01,8.0,0.002574222760885897
18.0,1.01,9.0,0.0008904212078764961
18.0,1.01,10.0,-0.0001555437933649373
18.0,1.01,11.0,-0.001288574064787093
18.0,1.01,12.0,-0.0006075392464763851
18.0,1.01,13.0,0.00017272391061422254
18.0,1.01,14.0,0.0016441023651775077
18.0,1.01,15.0,0.0011253546566740713
18.0,1.01,16.0,-0.004083553804536656
18.0,1.01,17.0,0.0007657008931314796
18.0,1.01,18.0,0.0004715634947902742
18.0,1.01,19.0,4.235952637537954e-05
18.0,1.01,20.0,0.00026134809912287116
18.0,1.01,21.0,-0.00025640769720916556
18.0,2.01,0.0,0.009393185499692078
18.0,2.01,1.0,-0.0007880928351341084
18.0,2.01,2.0,0.0038099849246083506
18.0,2.01,3.0,0.003707869719259349
18.0,2.01,4.0,-2.0114222815200512e-05
18.0,2.01,5.0,-0.0007984766845386057
18.0,2.01,6.0,0.0010546877480976102
18.0,2.01,7.0,-0.0006489353339739212
18.0,2.01,8.0,0.003755663684347793
18.0,2.01,9.0,0.001733468967255708
18.0,2.01,10.0,-0.0003691599727630446
18.0,2.01,11.0,-0.0006553007764543983
18.0,2.01,12.0,-0.00029796125612269186
18.0,2.01,13.0,0.0004580305837862536
18.0,2.01,14.0,0.003055113494422515
18.0,2.01,15.0,0.0013769429298410296
18.0,2.01,16.0,-0.00455515205711691
18.0,2.01,17.0,0.0012786181559737986
18.0,2.01,18.0,0.0010613700401847503
18.0,2.01,19.0,0.00013788808151643517
18.0,2.01,20.0,0.00043199725462823857
18.0,2.01,21.0,9.290862378565079e-05
18.0,3.01,0.0,0.013513879415380195
18.0,3.01,1.0,-0.0015555285928620308
18.0,3.01,2.0,0.0051551381057084456
18.0,3.01,3.0,0.004690864223564642
18.0,3.01,4.0,-2.0115007106109212e-05
18.0,3.01,5.0,-0.0014838178943609517
18.0,3.01,6.0,0.001358718663599795
18.0,3.01,7.0,-0.0010306070516141602
18.0,3.01,8.0,0.004878310212744069
18.0,3.01,9.0,0.0025472393212566113
18.0,3.01,10.0,-0.0005785855044886101
18.0,3.01,11.0,-2.4946394768632363e-05
18.0,3.01,12.0,3.0139551952579335e-05
18.0,3.01,13.0,0.000739756353025367
18.0,3.01,14.0,0.004394738188812933
18.0,3.01,15.0,0.001616742712486463
18.0,3.01,16.0,-0.004966863854542428
18.0,3.01,17.0,0.0017792077945381901
18.0,3.01,18.0,0.001641276309989349
18.0,3.01,19.0,0.00021347407749777725
18.0,3.01,20.0,0.0006161192821089456
18.0,3.01,21.0,0.00042703866854018613
18.0,4.01,0.0,0.01746583421201507
18.0,4.01,1.0,-0.0023005461500555206
18.0,4.01,2.0,0.006434841956114601
18.0,4.01,3.0,0.005611924926070336
18.0,4.01,4.0,-2.011571175491771e-05
18.0,4.01,5.0,-0.0021527277702221917
18.0,4.01,6.0,0.001650448997360554
18.0,4.01,7.0,-0.0013967429019916544
18.0,4.01,8.0,0.005946804004768463
18.0,4.01,9.0,0.003326273783699124
18.0,4.01,10.0,-0.0007861280864447928
18.0,4.01,11.0,0.0005944584729671021
18.0,4.01,12.0,0.00035217747242477504
18.0,4.01,13.0,0.0010081380683595043
18.0,4.01,14.0,0.005667967125620871
18.0,4.01,15.0,0.001832913324004759
18.0,4.01,16.0,-0.005326834964240401
18.0,4.01,17.0,0.002258933068765512
18.0,4.01,18.0,0.0022102904106496585
18.0,4.01,19.0,0.00030577007713433746
18.0,4.01,20.0,0.0007999958885156755
18.0,4.01,21.0,0.0007478183060663224
18.0,5.01,0.0,0.021256580589326737
18.0,5.01,1.0,-0.0030218002818199544
18.0,5.01,2.0,0.007655071189313162
18.0,5.01,3.0,0.0064816253718323336
18.0,5.01,4.0,-2.011634478949231e-05
18.0,5.01,5.0,-0.00280446352935481
18.0,5.01,6.0,0.0019280713504445102
18.0,5.01,7.0,-0.0017489741467010683
18.0,5.01,8.0,0.0069637959058985455
18.0,5.01,9.0,0.004075727882467239
18.0,5.01,10.0,-0.0009898859052613895
18.0,5.01,11.0,0.001204448467241187
18.0,5.01,12.0,0.0006797183733070478
18.0,5.01,13.0,0.0012691296853241246
18.0,5.01,14.0,0.00687920352899167
18.0,5.01,15.0,0.0020372527814501717
18.0,5.01,16.0,-0.00564100488927577
18.0,5.01,17.0,0.0027231427896902693
18.0,5.01,18.0,0.0027664972134873785
18.0,5.01,19.0,0.0003929109176535328
18.0,5.01,20.0,0.0009888591407266473
18.0,5.01,21.0,0.0010553368491287712
18.0,6.01,0.0,0.024894692480167166
18.0,6.01,1.0,-0.003719728027876082
18.0,6.01,2.0,0.008816941308252724
18.0,6.01,3.0,0.0073018122584185
18.0,6.01,4.0,-2.0116914820692424e-05
18.0,6.01,5.0,-0.00343904676333108
18.0,6.01,6.0,0.0021951392117065816
18.0,6.01,7.0,-0.002087640603690641
18.0,6.01,8.0,0.007932786861974378
18.0,6.01,9.0,0.004796438060080815
18.0,6.01,10.0,-0.0011882844060539521
18.0,6.01,11.0,0.0018039479631516142
18.0,6.01,12.0,0.0010047593312449143
18.0,6.01,13.0,0.0015219862283393643
18.0,6.01,14.0,0.008032460462046392
18.0,6.01,15.0,0.0022199606280755013
18.0,6.01,16.0,-0.005915765895346505
18.0,6.01,17.0,0.003170652740108984
18.0,6.01,18.0,0.003309397813156093
18.0,6.01,19.0,0.00048223443849437775
18.0,6.01,20.0,0.0011798661242421182
18.0,6.01,21.0,0.0013505742248632602
18.0,7.01,0.0,0.028387770021863615
18.0,7.01,1.0,-0.004394062514035152
18.0,7.01,2.0,0.00992452457688206
18.0,7.01,3.0,0.00808027496425065
18.0,7.01,4.0,-2.011742917041333e-05
18.0,7.01,5.0,-0.004056225267092012
18.0,7.01,6.0,0.0024516261250149274
18.0,7.01,7.0,-0.0024140514210745923
18.0,7.01,8.0,0.008856744774292047
18.0,7.01,9.0,0.005492710560661251
18.0,7.01,10.0,-0.0013793902260795243
18.0,7.01,11.0,0.002394620839606565
18.0,7.01,12.0,0.001334368648662626
18.0,7.01,13.0,0.0017713514533140434
18.0,7.01,14.0,0.00913133646016924
18.0,7.01,15.0,0.0023860707001972514
18.0,7.01,16.0,-0.006156351257392089
18.0,7.01,17.0,0.0036055877792938174
18.0,7.01,18.0,0.0038380701808942864
18.0,7.01,19.0,0.0005589828062228519
18.0,7.01,20.0,0.0013770965514361688
18.0,7.01,21.0,0.001633483555303808
18.0,8.01,0.0,0.031739277205543134
18.0,8.01,1.0,-0.005044030127943529
18.0,8.01,2.0,0.010987021649345369
18.0,8.01,3.0,0.008826209765384271
18.0,8.01,4.0,-2.0117896048587648e-05
18.0,8.01,5.0,-0.004655468444540754
18.0,8.01,6.0,0.0026912176586087466
18.0,8.01,7.0,-0.002728284865420691
18.0,8.01,8.0,0.00973999690120056
18.0,8.01,9.0,0.0061660408579511106
18.0,8.01,10.0,-0.0015656671063620509
18.0,8.01,11.0,0.002972022450211692
18.0,8.01,12.0,0.0016738178499554335
18.0,8.01,13.0,0.0020144969200106555
18.0,8.01,14.0,0.010180187180849912
18.0,8.01,15.0,0.002557817837783083
18.0,8.01,16.0,-0.006367177562866735
18.0,8.01,17.0,0.004030856028932911
18.0,8.01,18.0,0.0043523023334555155
18.0,8.01,19.0,0.0006107437873301147
18.0,8.01,20.0,0.0015793765904011658
18.0,8.01,21.0,0.0019047285940662628
18.0,9.01,0.0,0.034960491688489206
18.0,9.01,1.0,-0.005671356747916953
18.0,9.01,2.0,0.012000413422494527
18.0,9.01,3.0,0.009536995502166412
18.0,9.01,4.0,-2.011831779597117e-05
18.0,9.01,5.0,-0.005237617874888471
18.0,9.01,6.0,0.0029230806532664355
18.0,9.01,7.0,-0.0030314524665129294
18.0,9.01,8.0,0.010583668786768557
18.0,9.01,9.0,0.0068181256948471325
18.0,9.01,10.0,-0.001743423468406391
18.0,9.01,11.0,0.0035403668454201953
18.0,9.01,12.0,0.0020153297434055417
18.0,9.01,13.0,0.0022556613390483787
18.0,9.01,14.0,0.011181286973988014
18.0,9.01,15.0,0.0027108336683991374
18.0,9.01,16.0,-0.006552372331604432
18.0,9.01,17.0,0.004444817725614517
18.0,9.01,18.0,0.004851620821023958
18.0,9.01,19.0,0.0006489426640846618
18.0,9.01,20.0,0.0017868679624201966
18.0,9.01,21.0,0.00216478622814599
18.0,10.01,0.0,0.038048940557378244
18.0,10.01,1.0,-0.006279491272649904
18.0,10.01,2.0,0.013005370416604572
18.0,10.01,3.0,0.010194456118868864
18.0,10.01,4.0,-2.0118702431485793e-05
18.0,10.01,5.0,-0.005799347251117779
18.0,10.01,6.0,0.0031207608335092896
18.0,10.01,7.0,-0.003312176527616534
18.0,10.01,8.0,0.011395948409989448
18.0,10.01,9.0,0.007410810310297333
18.0,10.01,10.0,-0.0019548845416697824
18.0,10.01,11.0,0.0040531431690500885
18.0,10.01,12.0,0.0023304901493610697
18.0,10.01,13.0,0.0024497691712908887
18.0,10.01,14.0,0.012139085828420285
18.0,10.01,15.0,0.002974323419446978
18.0,10.01,16.0,-0.006715154617581347
18.0,10.01,17.0,0.004820853930799826
18.0,10.01,18.0,0.005336682937769016
18.0,10.01,19.0,0.0007716572681667477
18.0,10.01,20.0,0.001952000696622519
18.0,10.01,21.0,0.002410567497598548
19.0,0.01,0.0,0.0007456660433420026
19.0,0.01,1.0,-0.002106022612158892
19.0,0.01,2.0,-0.0016574221526198178
19.0,0.01,3.0,-1.0099770040271276e-06
19.0,0.01,4.0,0.0037657116142560954
19.0,0.01,5.0,-0.006974429188668169
19.0,0.01,6.0,0.010031982761999254
19.0,0.01,7.0,0.0021328428247872205
19.0,0.01,8.0,-0.004050277837774058
19.0,0.01,9.0,0.003973974155588866
19.0,0.01,10.0,-0.002498637110146007
19.0,0.01,11.0,-0.007978993563831915
19.0,0.01,12.0,-1.1483333379829023e-06
19.0,0.01,13.0,-0.0008130480490933234
19.0,0.01,14.0,-0.0009050722668732802
19.0,0.01,15.0,-3.916202795798757e-05
19.0,0.01,16.0,-0.002331672000207674
19.0,0.01,17.0,-8.415333166617173e-10
19.0,0.01,18.0,-0.003442717238176296
19.0,0.01,19.0,0.0024427482990417304
19.0,0.01,20.0,-0.0011764251341234572
19.0,0.01,21.0,-0.003108577806228717
19.0,1.01,0.0,0.009693384251255599
19.0,1.01,1.0,-0.0020694215435282104
19.0,1.01,2.0,-0.0017146429318080668
19.0,1.01,3.0,-1.0099766256883749e-06
19.0,1.01,4.0,0.012458469329020838
19.0,1.01,5.0,-0.008845368621584637
19.0,1.01,6.0,0.015773103078770282
19.0,1.01,7.0,0.007778896555589228
19.0,1.01,8.0,-0.004961688145073981
19.0,1.01,9.0,0.008513730567680594
19.0,1.01,10.0,-0.002507509778804636
19.0,1.01,11.0,-0.0114464400985273
19.0,1.01,12.0,-3.586063465848108e-07
19.0,1.01,13.0,-0.0014353131726123625
19.0,1.01,14.0,0.0030898200985020607
19.0,1.01,15.0,-3.916383063399854e-05
19.0,1.01,16.0,0.0014973321677302365
19.0,1.01,17.0,-8.4153331699055e-10
19.0,1.01,18.0,0.0011689339419875822
19.0,1.01,19.0,0.004236561397309213
19.0,1.01,20.0,-0.0013563999098162999
19.0,1.01,21.0,-0.0061859287671828175
19.0,2.01,0.0,0.018205928178218395
19.0,2.01,1.0,-0.002056939490933357
19.0,2.01,2.0,-0.001738700067724544
19.0,2.01,3.0,-1.0099761615903823e-06
19.0,2.01,4.0,0.020688157728793344
19.0,2.01,5.0,-0.010547066495543878
19.0,2.01,6.0,0.0211838654113107
19.0,2.01,7.0,0.013225600621688552
19.0,2.01,8.0,-0.0056008972450385976
19.0,2.01,9.0,0.012788043238754127
19.0,2.01,10.0,-0.002515338526246519
19.0,2.01,11.0,-0.014709641520546685
19.0,2.01,12.0,5.038248747100969e-07
19.0,2.01,13.0,-0.0019624826157278175
19.0,2.01,14.0,0.0069144367309956
19.0,2.01,15.0,-3.916507822922468e-05
19.0,2.01,16.0,0.0050999545880390795
19.0,2.01,17.0,-8.415333170996968e-10
19.0,2.01,18.0,0.005586443918762174
19.0,2.01,19.0,0.005909744501117309
19.0,2.01,20.0,-0.0015037276661804821
19.0,2.01,21.0,-0.009128836790563324
19.0,3.01,0.0,0.026349752711899155
19.0,3.01,1.0,-0.0020591108793413526
19.0,3.01,2.0,-0.0017489693822940675
19.0,3.01,3.0,-1.0099756020641645e-06
19.0,3.01,4.0,0.02850667205596591
19.0,3.01,5.0,-0.012086707171551608
19.0,3.01,6.0,0.0262687715220483
19.0,3.01,7.0,0.018469244292856818
19.0,3.01,8.0,-0.006037691128425651
19.0,3.01,9.0,0.016823046245127288
19.0,3.01,10.0,-0.002522152982169733
19.0,3.01,11.0,-0.017765687046599532
19.0,3.01,12.0,-1.4277399913890446e-06
19.0,3.01,13.0,-0.0024193331411865304
19.0,3.01,14.0,0.010600701927831288
19.0,3.01,15.0,-3.916594847027883e-05
19.0,3.01,16.0,0.008529644979596684
19.0,3.01,17.0,-8.415333171355987e-10
19.0,3.01,18.0,0.009839585613962087
19.0,3.01,19.0,0.007468674206264486
19.0,3.01,20.0,-0.0016198044501405384
19.0,3.01,21.0,-0.011932434515396405
19.0,4.01,0.0,0.034181045329217036
19.0,4.01,1.0,-0.002070591261251975
19.0,4.01,2.0,-0.001753433791791153
19.0,4.01,3.0,-1.0099749351081097e-06
19.0,4.01,4.0,0.03597422262058875
19.0,4.01,5.0,-0.013486958295150786
19.0,4.01,6.0,0.031066783914221425
19.0,4.01,7.0,0.023520308248945007
19.0,4.01,8.0,-0.006331044892781071
19.0,4.01,9.0,0.020652982828844174
19.0,4.01,10.0,-0.0025280802496691103
19.0,4.01,11.0,-0.02063312336622758
19.0,4.01,12.0,-5.837715405563862e-07
19.0,4.01,13.0,-0.002824386532497808
19.0,4.01,14.0,0.014168275484925587
19.0,4.01,15.0,-3.916656037776148e-05
19.0,4.01,16.0,0.011821135760619217
19.0,4.01,17.0,-8.415333171477918e-10
19.0,4.01,18.0,0.013951891286158868
19.0,4.01,19.0,0.008929529293668997
19.0,4.01,20.0,-0.0017076965289236773
19.0,4.01,21.0,-0.014606869448472871
19.0,5.01,0.0,0.04174190659546198
19.0,5.01,1.0,-0.002087784858845476
19.0,5.01,2.0,-0.0017554122242632033
19.0,5.01,3.0,-1.0099741478075042e-06
19.0,5.01,4.0,0.04314150925683047
19.0,5.01,5.0,-0.014772753607090267
19.0,5.01,6.0,0.03562232944399184
19.0,5.01,7.0,0.028394173044193463
19.0,5.01,8.0,-0.006525981965157981
19.0,5.01,9.0,0.024309576276793865
19.0,5.01,10.0,-0.002533264423486614
19.0,5.01,11.0,-0.023338622881892465
19.0,5.01,12.0,-1.2531684902513697e-06
19.0,5.01,13.0,-0.0031905632523271943
19.0,5.01,14.0,0.017629645178711413
19.0,5.01,15.0,-3.916699438673719e-05
19.0,5.01,16.0,0.014997578532413403
19.0,5.01,17.0,-8.415333171522206e-10
19.0,5.01,18.0,0.01793885914597837
19.0,5.01,19.0,0.010307737043498716
19.0,5.01,20.0,-0.0017718306446289217
19.0,5.01,21.0,-0.01716695176341048
19.0,6.01,0.0,0.04906228495716852
19.0,6.01,1.0,-0.0021087093713053895
19.0,6.01,2.0,-0.0017563059846683045
19.0,6.01,3.0,-1.0099732242560332e-06
19.0,6.01,4.0,0.05004936531272963
19.0,6.01,5.0,-0.01596682562866822
19.0,6.01,6.0,0.03997451399906486
19.0,6.01,7.0,0.03310605320123207
19.0,6.01,8.0,-0.006654799024705745
19.0,6.01,9.0,0.027818696239759133
19.0,6.01,10.0,-0.002537837239806291
19.0,6.01,11.0,-0.025906928861256867
19.0,6.01,12.0,-8.842633844671053e-07
19.0,6.01,13.0,-0.003527284386282775
19.0,6.01,14.0,0.020992524663928522
19.0,6.01,15.0,-3.9167304809568725e-05
19.0,6.01,16.0,0.018073043452772497
19.0,6.01,17.0,-8.415333171537674e-10
19.0,6.01,18.0,0.021811423895881477
19.0,6.01,19.0,0.011617948453924387
19.0,6.01,20.0,-0.0018167729893321383
19.0,6.01,21.0,-0.019626612486169606
19.0,7.01,0.0,0.05616307864173034
19.0,7.01,1.0,-0.0021319636806054754
19.0,7.01,2.0,-0.0017567174324025117
19.0,7.01,3.0,-1.0099721480759776e-06
19.0,7.01,4.0,0.056727551243075325
19.0,7.01,5.0,-0.017087377280017357
19.0,7.01,6.0,0.044153982472963746
19.0,7.01,7.0,0.0376692324552369
19.0,7.01,8.0,-0.006739764428199882
19.0,7.01,9.0,0.03120003747924266
19.0,7.01,10.0,-0.002541909582594219
19.0,7.01,11.0,-0.028359384433419774
19.0,7.01,12.0,-1.171310274793138e-06
19.0,7.01,13.0,-0.0038410677125057524
19.0,7.01,14.0,0.024262265403470533
19.0,7.01,15.0,-3.916752879425381e-05
19.0,7.01,16.0,0.021056916830544115
19.0,7.01,17.0,-8.415333171543148e-10
19.0,7.01,18.0,0.025576605576001388
19.0,7.01,19.0,0.012871128885917404
19.0,7.01,20.0,-0.0018468031589337491
19.0,7.01,21.0,-0.021997614639834268
19.0,8.01,0.0,0.06305924369104735
19.0,8.01,1.0,-0.0021567264719454526
19.0,8.01,2.0,-0.0017569102470199652
19.0,8.01,3.0,-1.009970902600268e-06
19.0,8.01,4.0,0.06319827693718943
19.0,8.01,5.0,-0.01814850885709679
19.0,8.01,6.0,0.04818379630919788
19.0,8.01,7.0,0.04209460647149035
19.0,8.01,8.0,-0.006795846892507172
19.0,8.01,9.0,0.03446824539056206
19.0,8.01,10.0,-0.00254556688064278
19.0,8.01,11.0,-0.030712589059114753
19.0,8.01,12.0,-7.097571307430504e-07
19.0,8.01,13.0,-0.004136646608164679
19.0,8.01,14.0,0.02744270309052916
19.0,8.01,15.0,-3.9167691570964835e-05
19.0,8.01,16.0,0.023955195201728785
19.0,8.01,17.0,-8.415333171545598e-10
19.0,8.01,18.0,0.029239643022904716
19.0,8.01,19.0,0.01407604084622574
19.0,8.01,20.0,-0.0018654933563930776
19.0,8.01,21.0,-0.024289140825407708
19.0,9.01,0.0,0.06976189023330548
19.0,9.01,1.0,-0.002182388974726862
19.0,9.01,2.0,-0.0017570022118115157
19.0,9.01,3.0,-1.0099694693794519e-06
19.0,9.01,4.0,0.0694775689552724
19.0,9.01,5.0,-0.01916065246753576
19.0,9.01,6.0,0.05208085889947657
19.0,9.01,7.0,0.046391051080550916
19.0,9.01,8.0,-0.006832966899651316
19.0,9.01,9.0,0.037634143159409966
19.0,9.01,10.0,-0.0025488793895866607
19.0,9.01,11.0,-0.03297956015127419
19.0,9.01,12.0,-7.501088214459658e-07
19.0,9.01,13.0,-0.004417328167610701
19.0,9.01,14.0,0.03053707032462149
19.0,9.01,15.0,-3.916781083042479e-05
19.0,9.01,16.0,0.026772408672954218
19.0,9.01,17.0,-8.415333171546542e-10
19.0,9.01,18.0,0.03280430879398877
19.0,9.01,19.0,0.015238748926558299
19.0,9.01,20.0,-0.00187575159942302
19.0,9.01,21.0,-0.026508263094486284
19.0,10.01,0.0,0.07627989835101107
19.0,10.01,1.0,-0.0022086118057882964
19.0,10.01,2.0,-0.0017570468189283873
19.0,10.01,3.0,-1.0099678296770408e-06
19.0,10.01,4.0,0.07557778071585214
19.0,10.01,5.0,-0.020131572536195325
19.0,10.01,6.0,0.055857721777661906
19.0,10.01,7.0,0.050565792596956705
19.0,10.01,8.0,-0.00685763679805997
19.0,10.01,9.0,0.04070586693771591
19.0,10.01,10.0,-0.0025519010617608626
19.0,10.01,11.0,-0.035170026223905054
19.0,10.01,12.0,-6.099318819264429e-07
19.0,10.01,13.0,-0.004685585393740893
19.0,10.01,14.0,0.033548163401965155
19.0,10.01,15.0,-3.916789884522769e-05
19.0,10.01,16.0,0.029511905669267202
19.0,10.01,17.0,-8.415333171546907e-10
19.0,10.01,18.0,0.036273938132752204
19.0,10.01,19.0,0.016363957699343734
19.0,10.01,20.0,-0.0018797860645103637
19.0,10.01,21.0,-0.028660275416564934
20.0,0.01,0.0,-0.0004590943736864639
20.0,0.01,1.0,-2.082422488590834e-06
20.0,0.01,2.0,-0.0002934221402437903
20.0,0.01,3.0,-9.001745228725488e-08
20.0,0.01,4.0,-2.9989332378415943e-09
20.0,0.01,5.0,-0.0005968225057557675
20.0,0.01,6.0,0.0002413322600499368
20.0,0.01,7.0,1.4420034238432633e-05
20.0,0.01,8.0,-0.0003837499722829339
20.0,0.01,9.0,1.46225210449491e-05
20.0,0.01,10.0,-5.443006362232383e-05
20.0,0.01,11.0,-0.00012818653925553147
20.0,0.01,12.0,-2.161836658496163e-05
20.0,0.01,13.0,-0.00011533559214482736
20.0,0.01,14.0,0.00013753452316053738
20.0,0.01,15.0,-1.1699935969167805e-07
20.0,0.01,16.0,-0.0014363049272804623
20.0,0.01,17.0,-3.991698769938289e-06
20.0,0.01,18.0,-6.17094847241706e-05
20.0,0.01,19.0,-3.228139489244719e-05
20.0,0.01,20.0,0.00017061421617473385
20.0,0.01,21.0,0.0007699333913026574
20.0,1.01,0.0,0.02056075598954904
20.0,1.01,1.0,-2.082423949119712e-06
20.0,1.01,2.0,0.0017780200881498953
20.0,1.01,3.0,-9.00174690933997e-08
20.0,1.01,4.0,-2.998935851305239e-09
20.0,1.01,5.0,0.0025274596705966157
20.0,1.01,6.0,-0.007283735053890628
20.0,1.01,7.0,-0.0034903099631155843
20.0,1.01,8.0,0.0006147191141754049
20.0,1.01,9.0,-0.00405455107021932
20.0,1.01,10.0,0.008466603928691169
20.0,1.01,11.0,-0.005504615442321309
20.0,1.01,12.0,-2.1622488510689207e-05
20.0,1.01,13.0,0.0002805357959335397
20.0,1.01,14.0,-0.001028224205016734
20.0,1.01,15.0,-1.1679220080188533e-07
20.0,1.01,16.0,-0.0006157458362987304
20.0,1.01,17.0,-3.991680276558606e-06
20.0,1.01,18.0,0.0011319550705836956
20.0,1.01,19.0,-0.0031819644799628843
20.0,1.01,20.0,-0.00037178475872181455
20.0,1.01,21.0,-0.0015783614840601812
20.0,2.01,0.0,0.04294251481118755
20.0,2.01,1.0,-2.0824256802560984e-06
20.0,2.01,2.0,0.003905559011155052
20.0,2.01,3.0,-9.001747788568596e-08
20.0,2.01,4.0,-2.998941310721789e-09
20.0,2.01,5.0,0.005976865216820837
20.0,2.01,6.0,-0.015457770858819775
20.0,2.01,7.0,-0.007059933250491687
20.0,2.01,8.0,0.001622155371779642
20.0,2.01,9.0,-0.008137844416600731
20.0,2.01,10.0,0.017281348142261427
20.0,2.01,11.0,-0.010844086750674192
20.0,2.01,12.0,-2.1623206967101046e-05
20.0,2.01,13.0,0.0004378166237810621
20.0,2.01,14.0,-0.002508274807481184
20.0,2.01,15.0,-1.172653428602004e-07
20.0,2.01,16.0,0.0012227675130480364
20.0,2.01,17.0,-3.991655715399751e-06
20.0,2.01,18.0,0.0021580751700270018
20.0,2.01,19.0,-0.006311979361060316
20.0,2.01,20.0,-0.0009278820484422898
20.0,2.01,21.0,-0.004199569825544869
20.0,3.01,0.0,0.06724661480346406
20.0,3.01,1.0,-2.0824276658708367e-06
20.0,3.01,2.0,0.006229335577847814
20.0,3.01,3.0,-9.001748372905527e-08
20.0,3.01,4.0,-2.9989437250327348e-09
20.0,3.01,5.0,0.010074141091676952
20.0,3.01,6.0,-0.024478377704486354
20.0,3.01,7.0,-0.01072237472446462
20.0,3.01,8.0,0.002632779030810394
20.0,3.01,9.0,-0.012283481149721026
20.0,3.01,10.0,0.026657544884103018
20.0,3.01,11.0,-0.01644471297150507
20.0,3.01,12.0,-2.162332650080863e-05
20.0,3.01,13.0,0.0009814143832365396
20.0,3.01,14.0,-0.004335455652744444
20.0,3.01,15.0,-1.1757421327706807e-07
20.0,3.01,16.0,0.004962361437658696
20.0,3.01,17.0,-3.991621375405755e-06
20.0,3.01,18.0,0.0034973140019991245
20.0,3.01,19.0,-0.00958908569862002
20.0,3.01,20.0,-0.0014913485709787573
20.0,3.01,21.0,-0.0075447647119562256
20.0,4.01,0.0,0.09418234302149497
20.0,4.01,1.0,-2.0824295255148453e-06
20.0,4.01,2.0,0.008891251472968723
20.0,4.01,3.0,-9.001748661716686e-08
20.0,4.01,4.0,-2.9989437218473677e-09
20.0,4.01,5.0,0.015139429007139993
20.0,4.01,6.0,-0.03465642639475239
20.0,4.01,7.0,-0.014509827628672187
20.0,4.01,8.0,0.003631170005577347
20.0,4.01,9.0,-0.016462473631479624
20.0,4.01,10.0,0.036935436112996434
20.0,4.01,11.0,-0.022502164010047676
20.0,4.01,12.0,-2.162334511324459e-05
20.0,4.01,13.0,0.002268361741863706
20.0,4.01,14.0,-0.0066530525718248995
20.0,4.01,15.0,-1.1620030061103023e-07
20.0,4.01,16.0,0.011420689528812616
20.0,4.01,17.0,-3.991568475253265e-06
20.0,4.01,18.0,0.005547040875594933
20.0,4.01,19.0,-0.013137735823831875
20.0,4.01,20.0,-0.0020598485894729526
20.0,4.01,21.0,-0.011973294326496325
20.0,5.01,0.0,0.12434439694776006
20.0,5.01,1.0,-2.0824315430632496e-06
20.0,5.01,2.0,0.011808513878985016
20.0,5.01,3.0,-9.001748802132715e-08
20.0,5.01,4.0,-2.998944142972806e-09
20.0,5.01,5.0,0.02122547691326676
20.0,5.01,6.0,-0.04628010840302503
20.0,5.01,7.0,-0.018516121170031527
20.0,5.01,8.0,0.004583392642356458
20.0,5.01,9.0,-0.020828139133475143
20.0,5.01,10.0,0.04800819351142785
20.0,5.01,11.0,-0.02892888057510065
20.0,5.01,12.0,-2.162334787747614e-05
20.0,5.01,13.0,0.0038245820090291593
20.0,5.01,14.0,-0.009595074017256788
20.0,5.01,15.0,-1.167537981771629e-07
20.0,5.01,16.0,0.020506703082965174
20.0,5.01,17.0,-3.991483126676891e-06
20.0,5.01,18.0,0.007823616269714395
20.0,5.01,19.0,-0.016842039010836835
20.0,5.01,20.0,-0.0026439138571856154
20.0,5.01,21.0,-0.017448299079030533
20.0,6.01,0.0,0.15736943686207433
20.0,6.01,1.0,-2.0824335000973e-06
20.0,6.01,2.0,0.015030040475598819
20.0,6.01,3.0,-9.001748854190536e-08
20.0,6.01,4.0,-2.9989436833033642e-09
20.0,6.01,5.0,0.02816367389467983
20.0,6.01,6.0,-0.059162656898982105
20.0,6.01,7.0,-0.022889656177395384
20.0,6.01,8.0,0.005512765966432166
20.0,6.01,9.0,-0.025557369850143286
20.0,6.01,10.0,0.06004012518394397
20.0,6.01,11.0,-0.035979396776561146
20.0,6.01,12.0,-2.1623348251232142e-05
20.0,6.01,13.0,0.00569662982780178
20.0,6.01,14.0,-0.012997529456369256
20.0,6.01,15.0,-1.1584925634010593e-07
20.0,6.01,16.0,0.031104277676441895
20.0,6.01,17.0,-3.991343455533894e-06
20.0,6.01,18.0,0.010478378821836554
20.0,6.01,19.0,-0.02083172495746774
20.0,6.01,20.0,-0.003247037255783354
20.0,6.01,21.0,-0.023754581469195235
20.0,7.01,0.0,0.19289454993649352
20.0,7.01,1.0,-2.0824355001657446e-06
20.0,7.01,2.0,0.018415636961507678
20.0,7.01,3.0,-9.001748894073753e-08
20.0,7.01,4.0,-2.9989443351165973e-09
20.0,7.01,5.0,0.03558052134782713
20.0,7.01,6.0,-0.07300513470258374
20.0,7.01,7.0,-0.027685233530267486
20.0,7.01,8.0,0.0064414560690417705
20.0,7.01,9.0,-0.03074881394241985
20.0,7.01,10.0,0.07273034872685974
20.0,7.01,11.0,-0.04359097313134899
20.0,7.01,12.0,-2.1623348338539555e-05
20.0,7.01,13.0,0.007458832962283779
20.0,7.01,14.0,-0.016685496366042635
20.0,7.01,15.0,-1.1645283021400479e-07
20.0,7.01,16.0,0.042190790339872185
20.0,7.01,17.0,-3.991119523562727e-06
20.0,7.01,18.0,0.013019454651073098
20.0,7.01,19.0,-0.025081416496719022
20.0,7.01,20.0,-0.003901682464329096
20.0,7.01,21.0,-0.030475552942604928
20.0,8.01,0.0,0.2303157473559858
20.0,8.01,1.0,-2.0824373176808276e-06
20.0,8.01,2.0,0.02213628269537421
20.0,8.01,3.0,-9.0017489082712e-08
20.0,8.01,4.0,-2.9989444074391257e-09
20.0,8.01,5.0,0.04329222541565175
20.0,8.01,6.0,-0.08745304363816342
20.0,8.01,7.0,-0.032797871375680715
20.0,8.01,8.0,0.007391657110393128
20.0,8.01,9.0,-0.03617279079541308
20.0,8.01,10.0,0.08669096922447048
20.0,8.01,11.0,-0.05181545026947865
20.0,8.01,12.0,-2.1623348352821743e-05
20.0,8.01,13.0,0.00958568442176655
20.0,8.01,14.0,-0.020519114022938684
20.0,8.01,15.0,-1.1771426105498653e-07
20.0,8.01,16.0,0.0533380284268626
20.0,8.01,17.0,-3.990764991588176e-06
20.0,8.01,18.0,0.016451385599165813
20.0,8.01,19.0,-0.029809557710445356
20.0,8.01,20.0,-0.0046541315088315886
20.0,8.01,21.0,-0.03740113154342575
20.0,9.01,0.0,0.2694255907724715
20.0,9.01,1.0,-2.0824392036008015e-06
20.0,9.01,2.0,0.02584113626016804
20.0,9.01,3.0,-9.001748912471076e-08
20.0,9.01,4.0,-2.9989444115043557e-09
20.0,9.01,5.0,0.051152776385101295
20.0,9.01,6.0,-0.10218394044899715
20.0,9.01,7.0,-0.038106296454304564
20.0,9.01,8.0,0.00825491655934173
20.0,9.01,9.0,-0.041729314873116485
20.0,9.01,10.0,0.10133760232039346
20.0,9.01,11.0,-0.060418391087060735
20.0,9.01,12.0,-2.1623348355105768e-05
20.0,9.01,13.0,0.011622657364370681
20.0,9.01,14.0,-0.02440339929619749
20.0,9.01,15.0,-1.1734342499321474e-07
20.0,9.01,16.0,0.06449241652962619
20.0,9.01,17.0,-3.990229325026163e-06
20.0,9.01,18.0,0.02022698271005588
20.0,9.01,19.0,-0.034890695034486705
20.0,9.01,20.0,-0.005630023417274732
20.0,9.01,21.0,-0.044255093316780056
20.0,10.01,0.0,0.3103911636848994
20.0,10.01,1.0,-2.0824407627961847e-06
20.0,10.01,2.0,0.029120568252163012
20.0,10.01,3.0,-9.001748914322465e-08
20.0,10.01,4.0,-2.998944414891979e-09
20.0,10.01,5.0,0.058610135063522556
20.0,10.01,6.0,-0.11615706082045008
20.0,10.01,7.0,-0.043376660947129025
20.0,10.01,8.0,0.008815989582670897
20.0,10.01,9.0,-0.04701016398357086
20.0,10.01,10.0,0.11600734912117183
20.0,10.01,11.0,-0.06914455841777614
20.0,10.01,12.0,-2.1623348356270397e-05
20.0,10.01,13.0,0.013510794158207273
20.0,10.01,14.0,-0.028070126785230118
20.0,10.01,15.0,-1.178480872956831e-07
20.0,10.01,16.0,0.07536269260770188
20.0,10.01,17.0,-3.989496349258301e-06
20.0,10.01,18.0,0.024567541418492933
20.0,10.01,19.0,-0.04032833999631952
20.0,10.01,20.0,-0.007016002473575434
20.0,10.01,21.0,-0.05050041541145281
21.0,0.01,0.0,0.0018439351345680421
21.0,0.01,1.0,-0.0018430410471519942
21.0,0.01,2.0,-0.0015847869986571617
21.0,0.01,3.0,-3.804538162281556e-10
21.0,0.01,4.0,-1.4278217620463296e-05
21.0,0.01,5.0,-0.0009241006204330215
21.0,0.01,6.0,-1.0016439285330568e-13
21.0,0.01,7.0,0.0008029892522574966
21.0,0.01,8.0,-0.0025760433323677723
21.0,0.01,9.0,0.0005915659772483539
21.0,0.01,10.0,0.0017421299506605314
21.0,0.01,11.0,2.9908014662405336e-05
21.0,0.01,12.0,-0.001032987482170733
21.0,0.01,13.0,-0.0009185324209294259
21.0,0.01,14.0,-0.002112728651321661
21.0,0.01,15.0,0.002337833834544223
21.0,0.01,16.0,0.003477967213663259
21.0,0.01,17.0,-0.003641772980901373
21.0,0.01,18.0,-0.0007918045719782774
21.0,0.01,19.0,-2.0545581546496428e-07
21.0,0.01,20.0,-0.0011646747557991395
21.0,0.01,21.0,1.2382097614980185e-06
21.0,1.01,0.0,0.0811488641911921
21.0,1.01,1.0,-0.021131962664370854
21.0,1.01,2.0,0.02156024757466729
21.0,1.01,3.0,-3.804538164792181e-10
21.0,1.01,4.0,-1.4280685274988109e-05
21.0,1.01,5.0,0.003485436704952216
21.0,1.01,6.0,-1.0016439285330907e-13
21.0,1.01,7.0,-0.02469024752124649
21.0,1.01,8.0,-0.024228343976280285
21.0,1.01,9.0,-0.028318928089149098
21.0,1.01,10.0,0.013957561101684987
21.0,1.01,11.0,-0.012655749253218052
21.0,1.01,12.0,-0.03393983788285759
21.0,1.01,13.0,-0.0009212660558274871
21.0,1.01,14.0,-0.011992664808091427
21.0,1.01,15.0,0.029367651534790262
21.0,1.01,16.0,0.011255133796113405
21.0,1.01,17.0,-0.006467241877786109
21.0,1.01,18.0,-0.01436685895245976
21.0,1.01,19.0,-2.0543905157420786e-07
21.0,1.01,20.0,0.026113824457569046
21.0,1.01,21.0,-1.2255832096567632e-06
21.0,2.01,0.0,0.15716701484989692
21.0,2.01,1.0,-0.037342797678719175
21.0,2.01,2.0,0.04505925629482205
21.0,2.01,3.0,-3.8045381653359006e-10
21.0,2.01,4.0,-1.4281910214639211e-05
21.0,2.01,5.0,0.010595740736059678
21.0,2.01,6.0,-1.001643928533091e-13
21.0,2.01,7.0,-0.052331299737837816
21.0,2.01,8.0,-0.04215148303176841
21.0,2.01,9.0,-0.05772460205049196
21.0,2.01,10.0,0.02334726191693061
21.0,2.01,11.0,-0.025652899441562738
21.0,2.01,12.0,-0.06618763853166962
21.0,2.01,13.0,-0.0009243311663399194
21.0,2.01,14.0,-0.01453282040460171
21.0,2.01,15.0,0.05115341298801507
21.0,2.01,16.0,0.017151234470798513
21.0,2.01,17.0,-0.007121219649548275
21.0,2.01,18.0,-0.026051930964900966
21.0,2.01,19.0,-2.0508781389388268e-07
21.0,2.01,20.0,0.054672024320261074
21.0,2.01,21.0,-5.456822630031161e-07
21.0,3.01,0.0,0.2334618992334841
21.0,3.01,1.0,-0.05296434693924987
21.0,3.01,2.0,0.06977468496251643
21.0,3.01,3.0,-3.8045381654413806e-10
21.0,3.01,4.0,-1.4282320360992239e-05
21.0,3.01,5.0,0.019846352843902737
21.0,3.01,6.0,-1.0016439285330826e-13
21.0,3.01,7.0,-0.08192434910094068
21.0,3.01,8.0,-0.05694814420769742
21.0,3.01,9.0,-0.08712150642319363
21.0,3.01,10.0,0.030833748732887592
21.0,3.01,11.0,-0.03790198711250575
21.0,3.01,12.0,-0.09904615672805625
21.0,3.01,13.0,-0.0009268737223549355
21.0,3.01,14.0,-0.01478447967581156
21.0,3.01,15.0,0.07100647831384882
21.0,3.01,16.0,0.02255347979503422
21.0,3.01,17.0,-0.007240959186185068
21.0,3.01,18.0,-0.03637334853391813
21.0,3.01,19.0,-1.981713442375951e-07
21.0,3.01,20.0,0.0836437327643994
21.0,3.01,21.0,1.9796131857946384e-07
21.0,4.01,0.0,0.31171888394693165
21.0,4.01,1.0,-0.06947625989119002
21.0,4.01,2.0,0.09732136697781296
21.0,4.01,3.0,-3.8045381654616993e-10
21.0,4.01,4.0,-1.4282424999032393e-05
21.0,4.01,5.0,0.03269880772518341
21.0,4.01,6.0,-1.001643928511987e-13
21.0,4.01,7.0,-0.1144218231031862
21.0,4.01,8.0,-0.06530122689941908
21.0,4.01,9.0,-0.11522998431351186
21.0,4.01,10.0,0.035601488979290774
21.0,4.01,11.0,-0.047260433364266885
21.0,4.01,12.0,-0.1332075878044686
21.0,4.01,13.0,-0.0009283849454788726
21.0,4.01,14.0,-0.014798345995519232
21.0,4.01,15.0,0.08975261671309265
21.0,4.01,16.0,0.028204364076033467
21.0,4.01,17.0,-0.007257803847075775
21.0,4.01,18.0,-0.044611298574122604
21.0,4.01,19.0,-8.338197543411536e-08
21.0,4.01,20.0,0.112473569358093
21.0,4.01,21.0,-7.540450180554484e-07
21.0,5.01,0.0,0.39404189399091044
21.0,5.01,1.0,-0.08734373921901374
21.0,5.01,2.0,0.12844315185890043
21.0,5.01,3.0,-3.8045381654644554e-10
21.0,5.01,4.0,-1.4282444025385335e-05
21.0,5.01,5.0,0.049508985991065624
21.0,5.01,6.0,-1.0016427360300189e-13
21.0,5.01,7.0,-0.1506366364140308
21.0,5.01,8.0,-0.06734804761698515
21.0,5.01,9.0,-0.14269245827847576
21.0,5.01,10.0,0.0377247435079639
21.0,5.01,11.0,-0.053844176562529045
21.0,5.01,12.0,-0.16959486841130228
21.0,5.01,13.0,-0.0009294104554879389
21.0,5.01,14.0,-0.014798827858982733
21.0,5.01,15.0,0.10797697405801693
21.0,5.01,16.0,0.034325950049311285
21.0,5.01,17.0,-0.0072593226604295855
21.0,5.01,18.0,-0.05092174157215415
21.0,5.01,19.0,1.5400898955437741e-06
21.0,5.01,20.0,0.1417675747786147
21.0,5.01,21.0,-9.095509439828667e-07
21.0,6.01,0.0,0.4832309549662343
21.0,6.01,1.0,-0.1059400281746492
21.0,6.01,2.0,0.1627146722196855
21.0,6.01,3.0,-3.804538165464757e-10
21.0,6.01,4.0,-1.4282446402348122e-05
21.0,6.01,5.0,0.06892054553726273
21.0,6.01,6.0,-8.196122085746196e-14
21.0,6.01,7.0,-0.19039541186424336
21.0,6.01,8.0,-0.06755919364952634
21.0,6.01,9.0,-0.17197453704357332
21.0,6.01,10.0,0.038868337483129095
21.0,6.01,11.0,-0.060065730232825465
21.0,6.01,12.0,-0.2091928612150049
21.0,6.01,13.0,-0.0009314944816137462
21.0,6.01,14.0,-0.014798838354044712
21.0,6.01,15.0,0.12731711302054333
21.0,6.01,16.0,0.04070583917181338
21.0,6.01,17.0,-0.007259404674732571
21.0,6.01,18.0,-0.056816281271466956
21.0,6.01,19.0,2.415071544902113e-05
21.0,6.01,20.0,0.17305409559582546
21.0,6.01,21.0,-8.103922982922138e-07
21.0,7.01,0.0,0.5821653640381947
21.0,7.01,1.0,-0.12116302055822616
21.0,7.01,2.0,0.19894167938113916
21.0,7.01,3.0,-3.804538165464801e-10
21.0,7.01,4.0,-1.4282446616571965e-05
21.0,7.01,5.0,0.08941480483060138
21.0,7.01,6.0,3.946173085274553e-09
21.0,7.01,7.0,-0.22684667395816574
21.0,7.01,8.0,-0.06757102206602142
21.0,7.01,9.0,-0.2058422028027556
21.0,7.01,10.0,0.03788445346276026
21.0,7.01,11.0,-0.06638142418531678
21.0,7.01,12.0,-0.250933241677347
21.0,7.01,13.0,-0.0009359229309569957
21.0,7.01,14.0,-0.014798838496140491
21.0,7.01,15.0,0.14921965605952553
21.0,7.01,16.0,0.047079480513549
21.0,7.01,17.0,-0.007259407576355078
21.0,7.01,18.0,-0.06238655162237808
21.0,7.01,19.0,0.0003312589040992995
21.0,7.01,20.0,0.20600824694644812
21.0,7.01,21.0,8.705726797246124e-08
21.0,8.01,0.0,0.6979579312135193
21.0,8.01,1.0,-0.12726607741860801
21.0,8.01,2.0,0.23762830180446154
21.0,8.01,3.0,-3.804538165464809e-10
21.0,8.01,4.0,-1.4282446630360965e-05
21.0,8.01,5.0,0.1093161885344558
21.0,8.01,6.0,7.02058077509913e-07
21.0,8.01,7.0,-0.23509145273149878
21.0,8.01,8.0,-0.06757141903703769
21.0,8.01,9.0,-0.2460452683637238
21.0,8.01,10.0,0.02989378479533085
21.0,8.01,11.0,-0.06989907786891908
21.0,8.01,12.0,-0.2803838737187608
21.0,8.01,13.0,-0.0009389720905552217
21.0,8.01,14.0,-0.014798838497223979
21.0,8.01,15.0,0.17833646592424973
21.0,8.01,16.0,0.05233275912477679
21.0,8.01,17.0,-0.007259407644297778
21.0,8.01,18.0,-0.06683886520821877
21.0,8.01,19.0,0.003016616996814011
21.0,8.01,20.0,0.239622330120277
21.0,8.01,21.0,-1.5341282560231137e-06
21.0,9.01,0.0,0.7673450737531873
21.0,9.01,1.0,-0.12811735802184732
21.0,9.01,2.0,0.2627138647264627
21.0,9.01,3.0,-3.8045381654648095e-10
21.0,9.01,4.0,-1.4282446630917378e-05
21.0,9.01,5.0,0.12410872702000209
21.0,9.01,6.0,9.463585334438642e-07
21.0,9.01,7.0,-0.23526884093733938
21.0,9.01,8.0,-0.06757142526904657
21.0,9.01,9.0,-0.2659091303323461
21.0,9.01,10.0,0.024021949576260623
21.0,9.01,11.0,-0.07210264700800689
21.0,9.01,12.0,-0.2836153317573692
21.0,9.01,13.0,-0.0009393966098596484
21.0,9.01,14.0,-0.014798838497227658
21.0,9.01,15.0,0.19897300070386886
21.0,9.01,16.0,0.05225803391637944
21.0,9.01,17.0,-0.007259407645251716
21.0,9.01,18.0,-0.06926101381013633
21.0,9.01,19.0,0.009478523430629023
21.0,9.01,20.0,0.2611383417033072
21.0,9.01,21.0,-1.5478982678943501e-06
21.0,10.01,0.0,0.7675269296292395
21.0,10.01,1.0,-0.12818539060793663
21.0,10.01,2.0,0.262127558938873
21.0,10.01,3.0,-3.8045381654648095e-10
21.0,10.01,4.0,-1.428244663095371e-05
21.0,10.01,5.0,0.12338046154106352
21.0,10.01,6.0,2.420998616159167e-06
21.0,10.01,7.0,-0.23527493502035285
21.0,10.01,8.0,-0.06757142543621267
21.0,10.01,9.0,-0.266285918233952
21.0,10.01,10.0,0.023512666502390603
21.0,10.01,11.0,-0.07245116915289712
21.0,10.01,12.0,-0.28371454786600786
21.0,10.01,13.0,-0.0009394335003595819
21.0,10.01,14.0,-0.014798838497227728
21.0,10.01,15.0,0.19861074174221766
21.0,10.01,16.0,0.05245253048321827
21.0,10.01,17.0,-0.007259407645285978
21.0,10.01,18.0,-0.06934094830448104
21.0,10.01,19.0,0.013399118489819919
21.0,10.01,20.0,0.2619135362800721
21.0,10.01,21.0,-1.5479287572210297e-06
22.0,0.01,0.0,-1.4549376952796371e-11
22.0,0.01,1.0,-0.0002731077420620731
22.0,0.01,2.0,-0.001589687731325215
22.0,0.01,3.0,-3.10250889089702e-07
22.0,0.01,4.0,0.0007065229235785064
22.0,0.01,5.0,-0.00017497407526212427
22.0,0.01,6.0,-0.0012398548166125956
22.0,0.01,7.0,-0.0012938945757399178
22.0,0.01,8.0,-0.004168908680934958
22.0,0.01,9.0,0.000300700228735018
22.0,0.01,10.0,-0.0012538808423967485
22.0,0.01,11.0,-0.0012164002164209986
22.0,0.01,12.0,-0.0019797190817616994
22.0,0.01,13.0,-0.0005181916762794225
22.0,0.01,14.0,-0.001678759099102367
22.0,0.01,15.0,-0.0005106172172839873
22.0,0.01,16.0,-0.0014424817531369927
22.0,0.01,17.0,0.0016776402634804954
22.0,0.01,18.0,-5.902065988495034e-06
22.0,0.01,19.0,-0.0012546759666955953
22.0,0.01,20.0,-0.0011031071829381012
22.0,0.01,21.0,-3.098133356177957e-05
22.0,1.01,0.0,-1.4549376952696203e-11
22.0,1.01,1.0,-0.00027310773934829946
22.0,1.01,2.0,-0.001589687731437403
22.0,1.01,3.0,-3.10250889089702e-07
22.0,1.01,4.0,0.0007065229234703985
22.0,1.01,5.0,-0.0001749740749237283
22.0,1.01,6.0,-0.0012398548157044331
22.0,1.01,7.0,-0.0012938945736357677
22.0,1.01,8.0,-0.004168908680944033
22.0,1.01,9.0,0.00030070022871855895
22.0,1.01,10.0,-0.0012538808432270288
22.0,1.01,11.0,-0.001216400216796587
22.0,1.01,12.0,-0.001979719082884357
22.0,1.01,13.0,-0.0005181916748051574
22.0,1.01,14.0,-0.0016787590999953195
22.0,1.01,15.0,-0.0005106172170952633
22.0,1.01,16.0,-0.0014424817550880986
22.0,1.01,17.0,0.0016776402629143372
22.0,1.01,18.0,-5.902065988495049e-06
22.0,1.01,19.0,-0.0012546759672326102
22.0,1.01,20.0,-0.001103107182519325
22.0,1.01,21.0,-3.098133356177968e-05
22.0,2.01,0.0,-1.4549376951770428e-11
22.0,2.01,1.0,-0.00027310773667904575
22.0,2.01,2.0,-0.0015896877315452057
22.0,2.01,3.0,-3.10250889089702e-07
22.0,2.01,4.0,0.0007065229234209658
22.0,2.01,5.0,-0.0001749740747017947
22.0,2.01,6.0,-0.0012398548149197552
22.0,2.01,7.0,-0.0012938945713232841
22.0,2.01,8.0,-0.004168908680955772
22.0,2.01,9.0,0.0003007002288253624
22.0,2.01,10.0,-0.0012538808441269755
22.0,2.01,11.0,-0.0012164002169567922
22.0,2.01,12.0,-0.0019797190835169065
22.0,2.01,13.0,-0.0005181916738578041
22.0,2.01,14.0,-0.0016787591009128633
22.0,2.01,15.0,-0.0005106172169290074
22.0,2.01,16.0,-0.0014424817570170556
22.0,2.01,17.0,0.0016776402625032216
22.0,2.01,18.0,-5.902065988495061e-06
22.0,2.01,19.0,-0.0012546759676926866
22.0,2.01,20.0,-0.0011031071823121574
22.0,2.01,21.0,-3.098133356177975e-05
22.0,3.01,0.0,-1.4549376937751382e-11
22.0,3.01,1.0,-0.0002731077342673638
22.0,3.01,2.0,-0.0015896877316413371
22.0,3.01,3.0,-3.10250889089702e-07
22.0,3.01,4.0,0.0007065229233964021
22.0,3.01,5.0,-0.00017497407454430958
22.0,3.01,6.0,-0.0012398548142396326
22.0,3.01,7.0,-0.0012938945691149395
22.0,3.01,8.0,-0.004168908680968538
22.0,3.01,9.0,0.0003007002289771299
22.0,3.01,10.0,-0.0012538808449820138
22.0,3.01,11.0,-0.001216400217045499
22.0,3.01,12.0,-0.001979719083917253
22.0,3.01,13.0,-0.0005181916732126535
22.0,3.01,14.0,-0.0016787591017523584
22.0,3.01,15.0,-0.0005106172167870238
22.0,3.01,16.0,-0.0014424817587843641
22.0,3.01,17.0,0.0016776402622007414
22.0,3.01,18.0,-5.902065988495073e-06
22.0,3.01,19.0,-0.001254675968068275
22.0,3.01,20.0,-0.0011031071822115712
22.0,3.01,21.0,-3.098133356177981e-05
22.0,4.01,0.0,-1.4549376595396591e-11
22.0,4.01,1.0,-0.00027310773213656825
22.0,4.01,2.0,-0.001589687731726075
22.0,4.01,3.0,-3.1025088908970196e-07
22.0,4.01,4.0,0.0007065229233847448
22.0,4.01,5.0,-0.00017497407442712554
22.0,4.01,6.0,-0.0012398548136511311
22.0,4.01,7.0,-0.001293894567098608
22.0,4.01,8.0,-0.004168908680982373
22.0,4.01,9.0,0.00030070022914097105
22.0,4.01,10.0,-0.0012538808457612793
22.0,4.01,11.0,-0.0012164002171013433
22.0,4.01,12.0,-0.0019797190841867596
22.0,4.01,13.0,-0.0005181916727536873
22.0,4.01,14.0,-0.001678759102499039
22.0,4.01,15.0,-0.0005106172166660511
22.0,4.01,16.0,-0.0014424817603631568
22.0,4.01,17.0,0.0016776402619716468
22.0,4.01,18.0,-5.902065988495085e-06
22.0,4.01,19.0,-0.001254675968376917
22.0,4.01,20.0,-0.001103107182168439
22.0,4.01,21.0,-3.0981333561779855e-05
22.0,5.01,0.0,-1.4549365875604933e-11
22.0,5.01,1.0,-0.0002731077302879914
22.0,5.01,2.0,-0.0015896877318000435
22.0,5.01,3.0,-3.1025088908970196e-07
22.0,5.01,4.0,0.0007065229233775561
22.0,5.01,5.0,-0.0001749740743338113
22.0,5.01,6.0,-0.0012398548131362375
22.0,5.01,7.0,-0.0012938945653082068
22.0,5.01,8.0,-0.004168908680998319
22.0,5.01,9.0,0.00030070022929998275
22.0,5.01,10.0,-0.0012538808464541418
22.0,5.01,11.0,-0.0012164002171604071
22.0,5.01,12.0,-0.001979719084398479
22.0,5.01,13.0,-0.00051819167240863
22.0,5.01,14.0,-0.001678759103146521
22.0,5.01,15.0,-0.0005106172165634387
22.0,5.01,16.0,-0.0014424817617555985
22.0,5.01,17.0,0.0016776402617968145
22.0,5.01,18.0,-5.902065988495103e-06
22.0,5.01,19.0,-0.0012546759686269393
22.0,5.01,20.0,-0.0011031071821541727
22.0,5.01,21.0,-3.098133356177988e-05
22.0,6.01,0.0,-1.4549003110042403e-11
22.0,6.01,1.0,-0.00027310772868588407
22.0,6.01,2.0,-0.0015896877318657965
22.0,6.01,3.0,-3.1025088908970196e-07
22.0,6.01,4.0,0.0007065229233730597
22.0,6.01,5.0,-0.0001749740742566508
22.0,6.01,6.0,-0.0012398548126845155
22.0,6.01,7.0,-0.0012938945637288035
22.0,6.01,8.0,-0.004168908681019666
22.0,6.01,9.0,0.0003007002294483918
22.0,6.01,10.0,-0.001253880847067651
22.0,6.01,11.0,-0.0012164002172275756
22.0,6.01,12.0,-0.0019797190845797785
22.0,6.01,13.0,-0.0005181916721410662
22.0,6.01,14.0,-0.0016787591037085159
22.0,6.01,15.0,-0.0005106172164759948
22.0,6.01,16.0,-0.0014424817629832831
22.0,6.01,17.0,0.001677640261662977
22.0,6.01,18.0,-5.902065988495133e-06
22.0,6.01,19.0,-0.0012546759688319975
22.0,6.01,20.0,-0.0011031071821566152
22.0,6.01,21.0,-3.09813335617799e-05
22.0,7.01,0.0,-1.4536515040113559e-11
22.0,7.01,1.0,-0.0002731077273194771
22.0,7.01,2.0,-0.0015896877319182823
22.0,7.01,3.0,-3.1025088908970196e-07
22.0,7.01,4.0,0.0007065229233762238
22.0,7.01,5.0,-0.00017497407418468058
22.0,7.01,6.0,-0.001239854812291108
22.0,7.01,7.0,-0.0012938945623603426
22.0,7.01,8.0,-0.004168908681057006
22.0,7.01,9.0,0.00030070022957526255
22.0,7.01,10.0,-0.001253880847600669
22.0,7.01,11.0,-0.0012164002173078448
22.0,7.01,12.0,-0.0019797190847597457
22.0,7.01,13.0,-0.0005181916719206869
22.0,7.01,14.0,-0.0016787591041927952
22.0,7.01,15.0,-0.0005106172163946848
22.0,7.01,16.0,-0.0014424817640601995
22.0,7.01,17.0,0.0016776402615641672
22.0,7.01,18.0,-5.902065988495193e-06
22.0,7.01,19.0,-0.001254675969008856
22.0,7.01,20.0,-0.0011031071821620553
22.0,7.01,21.0,-3.098133356177989e-05
22.0,8.01,0.0,-1.4105331633835565e-11
22.0,8.01,1.0,-0.00027310772619726364
22.0,8.01,2.0,-0.001589687731749126
22.0,8.01,3.0,-3.10250889089702e-07
22.0,8.01,4.0,0.0007065229235207748
22.0,8.01,5.0,-0.00017497407400718368
22.0,8.01,6.0,-0.0012398548119151587
22.0,8.01,7.0,-0.0012938945608428898
22.0,8.01,8.0,-0.004168908681167248
22.0,8.01,9.0,0.0003007002296443462
22.0,8.01,10.0,-0.0012538808480292984
22.0,8.01,11.0,-0.0012164002172468935
22.0,8.01,12.0,-0.0019797190847578028
22.0,8.01,13.0,-0.0005181916718034474
22.0,8.01,14.0,-0.001678759104573213
22.0,8.01,15.0,-0.000510617216158582
22.0,8.01,16.0,-0.0014424817651063626
22.0,8.01,17.0,0.0016776402616621722
22.0,8.01,18.0,-5.9020659884953665e-06
22.0,8.01,19.0,-0.0012546759691808296
22.0,8.01,20.0,-0.0011031071820586935
22.0,8.01,21.0,-3.0981333561779774e-05
22.0,9.01,0.0,7.902589361690237e-13
22.0,9.01,1.0,-0.0002731077279432004
22.0,9.01,2.0,-0.0015896877254485547
22.0,9.01,3.0,-3.1025088908970223e-07
22.0,9.01,4.0,0.0007065229266895456
22.0,9.01,5.0,-0.00017497407025832135
22.0,9.01,6.0,-0.0012398548098604967
22.0,9.01,7.0,-0.0012938945504779031
22.0,9.01,8.0,-0.004168908681912765
22.0,9.01,9.0,0.0003007002289621974
22.0,9.01,10.0,-0.0012538808466680262
22.0,9.01,11.0,-0.0012164002131350715
22.0,9.01,12.0,-0.0019797190782242513
22.0,9.01,13.0,-0.0005181916721226365
22.0,9.01,14.0,-0.0016787591021611425
22.0,9.01,15.0,-0.0005106172119803826
22.0,9.01,16.0,-0.0014424817670188328
22.0,9.01,17.0,0.0016776402671755952
22.0,9.01,18.0,-5.902065988496315e-06
22.0,9.01,19.0,-0.0012546759687709352
22.0,9.01,20.0,-0.0011031071771543943
22.0,9.01,21.0,-3.098133356177888e-05
22.0,10.01,0.0,5.153862934665782e-10
22.0,10.01,1.0,-0.0002731078256928976
22.0,10.01,2.0,-0.0015896875451599651
22.0,10.01,3.0,-3.102508890897047e-07
22.0,10.01,4.0,0.0007065230036701342
22.0,10.01,5.0,-0.00017497395620008627
22.0,10.01,6.0,-0.001239854747355884
22.0,10.01,7.0,-0.0012938942746136828
22.0,10.01,8.0,-0.004168908692509099
22.0,10.01,9.0,0.0003007002194499453
22.0,10.01,10.0,-0.0012538807929732831
22.0,10.01,11.0,-0.001216400100813697
22.0,10.01,12.0,-0.0019797188547064914
22.0,10.01,13.0,-0.0005181916739253056
22.0,10.01,14.0,-0.001678759003702901
22.0,10.01,15.0,-0.0005106171076619953
22.0,10.01,16.0,-0.00144248177974865
22.0,10.01,17.0,0.0016776404468135386
22.0,10.01,18.0,-5.902065988506903e-06
22.0,10.01,19.0,-0.001254675945502215
22.0,10.01,20.0,-0.001103107008969706
22.0,10.01,21.0,-3.098133356176585e-05
23.0,0.01,0.0,0.0006049679199055247
23.0,0.01,1.0,-0.001481346436874087
23.0,0.01,2.0,-1.7624658427693306e-08
23.0,0.01,3.0,-0.0008487540173444663
23.0,0.01,4.0,4.5395254953580927e-07
23.0,0.01,5.0,0.001318836325594111
23.0,0.01,6.0,0.0005879108011990763
23.0,0.01,7.0,-0.0002761893923534514
23.0,0.01,8.0,-0.0005219695819818626
23.0,0.01,9.0,7.276624622576389e-05
23.0,0.01,10.0,-1.3806571490548908e-07
23.0,0.01,11.0,0.0021178254420369524
23.0,0.01,12.0,-0.001175166001183281
23.0,0.01,13.0,-0.0019363673962180805
23.0,0.01,14.0,-0.001407015045783444
23.0,0.01,15.0,-0.00014957605223164805
23.0,0.01,16.0,-0.003659837765241227
23.0,0.01,17.0,-0.002212680508452705
23.0,0.01,18.0,0.00040900393932213897
23.0,0.01,19.0,-0.002039054805190982
23.0,0.01,20.0,0.00077255062147389
23.0,0.01,21.0,-1.6545904857240755e-16
23.0,1.01,0.0,0.012780638148087858
23.0,1.01,1.0,-0.00013657798053545722
23.0,1.01,2.0,-1.7624658431889296e-08
23.0,1.01,3.0,0.008609378303486515
23.0,1.01,4.0,7.540016063195265e-07
23.0,1.01,5.0,-0.002649222442459631
23.0,1.01,6.0,0.0035357927324251026
23.0,1.01,7.0,-0.002926957771392999
23.0,1.01,8.0,0.0025752777005097482
23.0,1.01,9.0,-0.003872444493258409
23.0,1.01,10.0,-1.3806575295546424e-07
23.0,1.01,11.0,0.0003892966968948447
23.0,1.01,12.0,0.009565010469508084
23.0,1.01,13.0,-0.0020016023068754494
23.0,1.01,14.0,0.009961861602877042
23.0,1.01,15.0,0.0011689975343932013
23.0,1.01,16.0,-0.004197098193930866
23.0,1.01,17.0,-0.003974816021460256
23.0,1.01,18.0,0.0019198552420518211
23.0,1.01,19.0,-0.004200272958799017
23.0,1.01,20.0,0.007505312829755417
23.0,1.01,21.0,-1.6545904857240755e-16
23.0,2.01,0.0,0.02395834734033475
23.0,2.01,1.0,0.0011704479862948425
23.0,2.01,2.0,-1.7624658434952326e-08
23.0,2.01,3.0,0.017446157794522132
23.0,2.01,4.0,-1.4408454308849945e-07
23.0,2.01,5.0,-0.006427757858660607
23.0,2.01,6.0,0.006178182340171312
23.0,2.01,7.0,-0.005404246530874485
23.0,2.01,8.0,0.005443187487812584
23.0,2.01,9.0,-0.007644932575424812
23.0,2.01,10.0,-1.3806577243611895e-07
23.0,2.01,11.0,-0.00143111782240396
23.0,2.01,12.0,0.01956808961520795
23.0,2.01,13.0,-0.0020245288979471683
23.0,2.01,14.0,0.020544420210325987
23.0,2.01,15.0,0.0022892534795774244
23.0,2.01,16.0,-0.004363247665349621
23.0,2.01,17.0,-0.00550064939874105
23.0,2.01,18.0,0.003321602804391338
23.0,2.01,19.0,-0.006092672710078795
23.0,2.01,20.0,0.013725130467578298
23.0,2.01,21.0,-1.6545904857240755e-16
23.0,3.01,0.0,0.034281622473192636
23.0,3.01,1.0,0.0024015784544111907
23.0,3.01,2.0,-1.7624658437545454e-08
23.0,3.01,3.0,0.025657745929041742
23.0,3.01,4.0,8.715984349482272e-07
23.0,3.01,5.0,-0.009964445971559571
23.0,3.01,6.0,0.008600920970211978
23.0,3.01,7.0,-0.007703345412565704
23.0,3.01,8.0,0.008098474300609282
23.0,3.01,9.0,-0.011172538769958384
23.0,3.01,10.0,-1.380657827299487e-07
23.0,3.01,11.0,-0.0031904284506689556
23.0,3.01,12.0,0.028855334779937736
23.0,3.01,13.0,-0.0020329636888837153
23.0,3.01,14.0,0.030369337143983377
23.0,3.01,15.0,0.0032947619989621146
23.0,3.01,16.0,-0.004415511226893552
23.0,3.01,17.0,-0.006876414436410586
23.0,3.01,18.0,0.004614911715023554
23.0,3.01,19.0,-0.007809229893542019
23.0,3.01,20.0,0.019484066539665765
23.0,3.01,21.0,-1.6545904857240755e-16
23.0,4.01,0.0,0.043855421779137926
23.0,4.01,1.0,0.003551603366344247
23.0,4.01,2.0,-1.7624658439907793e-08
23.0,4.01,3.0,0.03328911123890399
23.0,4.01,4.0,2.6337516478029014e-06
23.0,4.01,5.0,-0.013260836789471861
23.0,4.01,6.0,0.010843018278692829
23.0,4.01,7.0,-0.00983774063712077
23.0,4.01,8.0,0.010562362797360059
23.0,4.01,9.0,-0.014455966337168225
23.0,4.01,10.0,-1.3806578834715162e-07
23.0,4.01,11.0,-0.004847961288462432
23.0,4.01,12.0,0.037484725418460596
23.0,4.01,13.0,-0.00203622719404007
23.0,4.01,14.0,0.039499034592688775
23.0,4.01,15.0,0.004217867262189812
23.0,4.01,16.0,-0.004432682910211923
23.0,4.01,17.0,-0.008139810088426028
23.0,4.01,18.0,0.005811299784014137
23.0,4.01,19.0,-0.009390371858207375
23.0,4.01,20.0,0.024830173700166935
23.0,4.01,21.0,-1.6545904857240755e-16
23.0,5.01,0.0,0.05276243479054091
23.0,5.01,1.0,0.004624601517502214
23.0,5.01,2.0,-1.762465844204554e-08
23.0,5.01,3.0,0.04039359958309696
23.0,5.01,4.0,5.409387002489895e-07
23.0,5.01,5.0,-0.016333803832967037
23.0,5.01,6.0,0.012927118453163633
23.0,5.01,7.0,-0.011823587733387708
23.0,5.01,8.0,0.012854272101481767
23.0,5.01,9.0,-0.017513921319462666
23.0,5.01,10.0,-1.3806579150837363e-07
23.0,5.01,11.0,-0.0063988201469508815
23.0,5.01,12.0,0.04551829851393818
23.0,5.01,13.0,-0.0020375548536007235
23.0,5.01,14.0,0.047999676322678875
23.0,5.01,15.0,0.005072893102539944
23.0,5.01,16.0,-0.004438626284876798
23.0,5.01,17.0,-0.009310246154292351
23.0,5.01,18.0,0.00692234075257199
23.0,5.01,19.0,-0.010856952471562403
23.0,5.01,20.0,0.029805758676572133
23.0,5.01,21.0,-1.6545904857240755e-16
23.0,6.01,0.0,0.06107166901015304
23.0,6.01,1.0,0.005626848510186355
23.0,6.01,2.0,-1.7624658443992877e-08
23.0,6.01,3.0,0.047022960337465
23.0,6.01,4.0,3.066954885406727e-07
23.0,6.01,5.0,-0.019202866652377
23.0,6.01,6.0,0.014871227517063601
23.0,6.01,7.0,-0.013675833904841145
23.0,6.01,8.0,0.01499233674782735
23.0,6.01,9.0,-0.020367371506054777
23.0,6.01,10.0,-1.3806579334052115e-07
23.0,6.01,11.0,-0.00784879798516984
23.0,6.01,12.0,0.05301484945601431
23.0,6.01,13.0,-0.002038121555011469
23.0,6.01,14.0,0.05593215725277079
23.0,6.01,15.0,0.005869667661063838
23.0,6.01,16.0,-0.004440796079016166
23.0,6.01,17.0,-0.01040007340435628
23.0,6.01,18.0,0.00795747531683072
23.0,6.01,19.0,-0.012223905818577463
23.0,6.01,20.0,0.03444818347704408
23.0,6.01,21.0,-1.6545904857240755e-16
23.0,7.01,0.0,0.06884196084772273
23.0,7.01,1.0,0.006564662373314545
23.0,7.01,2.0,-1.762465844579161e-08
23.0,7.01,3.0,0.05322291715757088
23.0,7.01,4.0,2.0696902184891464e-06
23.0,7.01,5.0,-0.02188680041905476
23.0,7.01,6.0,0.01668940162407556
23.0,7.01,7.0,-0.015407625180812984
23.0,7.01,8.0,0.016991725143330638
23.0,7.01,9.0,-0.023035847671956378
23.0,7.01,10.0,-1.3806579443237698e-07
23.0,7.01,11.0,-0.009205945845442237
23.0,7.01,12.0,0.0600260471396068
23.0,7.01,13.0,-0.002038374625930392
23.0,7.01,14.0,0.06335096466808976
23.0,7.01,15.0,0.006614622391020619
23.0,7.01,16.0,-0.004441630241026728
23.0,7.01,17.0,-0.011418289992985955
23.0,7.01,18.0,0.008924665271723906
23.0,7.01,19.0,-0.01350191070466722
23.0,7.01,20.0,0.03878984322553938
23.0,7.01,21.0,-1.6545904857240755e-16
23.0,8.01,0.0,0.07612420159210528
23.0,8.01,1.0,0.007443846003298837
23.0,8.01,2.0,-1.76246584474157e-08
23.0,8.01,3.0,0.059033241781560275
23.0,8.01,4.0,9.33927897512792e-07
23.0,8.01,5.0,-0.024402694152743265
23.0,8.01,6.0,0.0183929414840876
23.0,8.01,7.0,-0.017030428052636715
23.0,8.01,8.0,0.018865064988800695
23.0,8.01,9.0,-0.025536739051714885
23.0,8.01,10.0,-1.3806579509996943e-07
23.0,8.01,11.0,-0.010478232501920537
23.0,8.01,12.0,0.06659681547809349
23.0,8.01,13.0,-0.002038492510099138
23.0,8.01,14.0,0.07030432200530423
23.0,8.01,15.0,0.007312159229153292
23.0,8.01,16.0,-0.0044419670276615985
23.0,8.01,17.0,-0.012372052468320072
23.0,8.01,18.0,0.009830759452983506
23.0,8.01,19.0,-0.014699049882548193
23.0,8.01,20.0,0.04285883118726168
23.0,8.01,21.0,-1.6545904857240755e-16
23.0,9.01,0.0,0.08296314236197788
23.0,9.01,1.0,0.008269667845567485
23.0,9.01,2.0,-1.7624658448947216e-08
23.0,9.01,3.0,0.06448980233784302
23.0,9.01,4.0,-1.0190508928979852e-07
23.0,9.01,5.0,-0.02676567452217582
23.0,9.01,6.0,0.019992749143807775
23.0,9.01,7.0,-0.018554264300680065
23.0,9.01,8.0,0.020624238925929184
23.0,9.01,9.0,-0.027885350005994347
23.0,9.01,10.0,-1.380657955181425e-07
23.0,9.01,11.0,-0.011673247054481153
23.0,9.01,12.0,0.07276764370353683
23.0,9.01,13.0,-0.0020385496046790848
23.0,9.01,14.0,0.07683451981621003
23.0,9.01,15.0,0.007967135498955613
23.0,9.01,16.0,-0.004442109357596163
23.0,9.01,17.0,-0.013267497896347541
23.0,9.01,18.0,0.010681424938986425
23.0,9.01,19.0,-0.015823241242164915
23.0,9.01,20.0,0.046680168237951014
23.0,9.01,21.0,-1.6545904857240755e-16
23.0,10.01,0.0,0.08939812939584996
23.0,10.01,1.0,0.009046813483692684
23.0,10.01,2.0,-1.762465845035314e-08
23.0,10.01,3.0,0.06962404207469675
23.0,10.01,4.0,-1.4155295695059932e-07
23.0,10.01,5.0,-0.028989198826920956
23.0,10.01,6.0,0.02149815274488137
23.0,10.01,7.0,-0.01998794287135218
23.0,10.01,8.0,0.022279496942049837
23.0,10.01,9.0,-0.030095192371341173
23.0,10.01,10.0,-1.3806579578593107e-07
23.0,10.01,11.0,-0.012797763856232769
23.0,10.01,12.0,0.07857404207493701
23.0,10.01,13.0,-0.0020385782834981213
23.0,10.01,14.0,0.08297897099297535
23.0,10.01,15.0,0.008583496418891945
23.0,10.01,16.0,-0.0044421721405847915
23.0,10.01,17.0,-0.014109903232320642
23.0,10.01,18.0,0.011481636358846248
23.0,10.01,19.0,-0.016881127226146125
23.0,10.01,20.0,0.050275841526054035
23.0,10.01,21.0,-1.6545904857240755e-16
24.0,0.01,0.0,-1.6151812336943426e-13
24.0,0.01,1.0,0.00011594719079344173
24.0,0.01,2.0,-1.1280708181898177e-11
24.0,0.01,3.0,-0.0011969604955503893
24.0,0.01,4.0,-5.737935584150729e-10
24.0,0.01,5.0,-1.0490160239439464e-05
24.0,0.01,6.0,1.879080804489952e-05
24.0,0.01,7.0,-0.0001809161954049454
24.0,0.01,8.0,-1.1382538736421747e-19
24.0,0.01,9.0,8.566053607150792e-05
24.0,0.01,10.0,-1.4658441401603875e-36
24.0,0.01,11.0,-6.523421546267486e-19
24.0,0.01,12.0,0.00015351654071393828
24.0,0.01,13.0,8.519872186407706e-05
24.0,0.01,14.0,-9.559738492459502e-05
24.0,0.01,15.0,-5.672849330729634e-08
24.0,0.01,16.0,2.464897915888109e-06
24.0,0.01,17.0,-0.00010950290189282175
24.0,0.01,18.0,-3.684304154334251e-07
24.0,0.01,19.0,-3.654331454165377e-05
24.0,0.01,20.0,-3.837627025667466e-12
24.0,0.01,21.0,-7.539647376445863e-18
24.0,1.01,0.0,-1.6151812336943426e-13
24.0,1.01,1.0,0.00011594719079344173
24.0,1.01,2.0,-1.1280708181898177e-11
24.0,1.01,3.0,-0.0011969604955503893
24.0,1.01,4.0,-5.737935584150729e-10
24.0,1.01,5.0,-1.0490160239439464e-05
24.0,1.01,6.0,1.879080804489952e-05
24.0,1.01,7.0,-0.0001809161954049454
24.0,1.01,8.0,-1.1382538736421747e-19
24.0,1.01,9.0,8.566053607150792e-05
24.0,1.01,10.0,-1.4658441401603875e-36
24.0,1.01,11.0,-6.523421546267486e-19
24.0,1.01,12.0,0.00015351654071393828
24.0,1.01,13.0,8.519872186407706e-05
24.0,1.01,14.0,-9.559738492459502e-05
24.0,1.01,15.0,-5.672849330729634e-08
24.0,1.01,16.0,2.464897915888109e-06
24.0,1.01,17.0,-0.00010950290189282175
24.0,1.01,18.0,-3.684304154334251e-07
24.0,1.01,19.0,-3.654331454165377e-05
24.0,1.01,20.0,-3.837627025667466e-12
24.0,1.01,21.0,-7.539647376445863e-18
24.0,2.01,0.0,-1.6151812336943426e-13
24.0,2.01,1.0,0.00011594719079344173
24.0,2.01,2.0,-1.1280708181898177e-11
24.0,2.01,3.0,-0.0011969604955503893
24.0,2.01,4.0,-5.737935584150729e-10
24.0,2.01,5.0,-1.0490160239439464e-05
24.0,2.01,6.0,1.879080804489952e-05
24.0,2.01,7.0,-0.0001809161954049454
24.0,2.01,8.0,-1.1382538736421747e-19
24.0,2.01,9.0,8.566053607150792e-05
24.0,2.01,10.0,-1.4658441401603875e-36
24.0,2.01,11.0,-6.523421546267486e-19
24.0,2.01,12.0,0.00015351654071393828
24.0,2.01,13.0,8.519872186407706e-05
24.0,2.01,14.0,-9.559738492459502e-05
24.0,2.01,15.0,-5.672849330729634e-08
24.0,2.01,16.0,2.464897915888109e-06
24.0,2.01,17.0,-0.00010950290189282175
24.0,2.01,18.0,-3.684304154334251e-07
24.0,2.01,19.0,-3.654331454165377e-05
24.0,2.01,20.0,-3.837627025667466e-12
24.0,2.01,21.0,-7.539647376445863e-18
24.0,3.01,0.0,-1.6151812336943426e-13
24.0,3.01,1.0,0.00011594719079344173
24.0,3.01,2.0,-1.1280708181898177e-11
24.0,3.01,3.0,-0.0011969604955503893
24.0,3.01,4.0,-5.737935584150729e-10
24.0,3.01,5.0,-1.0490160239439464e-05
24.0,3.01,6.0,1.879080804489952e-05
24.0,3.01,7.0,-0.0001809161954049454
24.0,3.01,8.0,-1.1382538736421747e-19
24.0,3.01,9.0,8.566053607150792e-05
24.0,3.01,10.0,-1.4658441401603875e-36
24.0,3.01,11.0,-6.523421546267486e-19
24.0,3.01,12.0,0.00015351654071393828
24.0,3.01,13.0,8.519872186407706e-05
24.0,3.01,14.0,-9.559738492459502e-05
24.0,3.01,15.0,-5.672849330729634e-08
24.0,3.01,16.0,2.464897915888109e-06
24.0,3.01,17.0,-0.00010950290189282175
24.0,3.01,18.0,-3.684304154334251e-07
24.0,3.01,19.0,-3.654331454165377e-05
24.0,3.01,20.0,-3.837627025667466e-12
24.0,3.01,21.0,-7.539647376445863e-18
24.0,4.01,0.0,-1.6151812336943426e-13
24.0,4.01,1.0,0.00011594719079344173
24.0,4.01,2.0,-1.1280708181898177e-11
24.0,4.01,3.0,-0.0011969604955503893
24.0,4.01,4.0,-5.737935584150729e-10
24.0,4.01,5.0,-1.0490160239439464e-05
24.0,4.01,6.0,1.879080804489952e-05
24.0,4.01,7.0,-0.0001809161954049454
24.0,4.01,8.0,-1.1382538736421747e-19
24.0,4.01,9.0,8.566053607150792e-05
24.0,4.01,10.0,-1.4658441401603875e-36
24.0,4.01,11.0,-6.523421546267486e-19
24.0,4.01,12.0,0.00015351654071393828
24.0,4.01,13.0,8.519872186407706e-05
24.0,4.01,14.0,-9.559738492459502e-05
24.0,4.01,15.0,-5.672849330729634e-08
24.0,4.01,16.0,2.464897915888109e-06
24.0,4.01,17.0,-0.00010950290189282175
24.0,4.01,18.0,-3.684304154334251e-07
24.0,4.01,19.0,-3.654331454165377e-05
24.0,4.01,20.0,-3.837627025667466e-12
24.0,4.01,21.0,-7.539647376445863e-18
24.0,5.01,0.0,-1.6151812336943426e-13
24.0,5.01,1.0,0.00011594719079344173
24.0,5.01,2.0,-1.1280708181898177e-11
24.0,5.01,3.0,-0.0011969604955503893
24.0,5.01,4.0,-5.737935584150729e-10
24.0,5.01,5.0,-1.0490160239439464e-05
24.0,5.01,6.0,1.879080804489952e-05
24.0,5.01,7.0,-0.0001809161954049454
24.0,5.01,8.0,-1.1382538736421747e-19
24.0,5.01,9.0,8.566053607150792e-05
24.0,5.01,10.0,-1.4658441401603875e-36
24.0,5.01,11.0,-6.523421546267486e-19
24.0,5.01,12.0,0.00015351654071393828
24.0,5.01,13.0,8.519872186407706e-05
24.0,5.01,14.0,-9.559738492459502e-05
24.0,5.01,15.0,-5.672849330729634e-08
24.0,5.01,16.0,2.464897915888109e-06
24.0,5.01,17.0,-0.00010950290189282175
24.0,5.01,18.0,-3.684304154334251e-07
24.0,5.01,19.0,-3.654331454165377e-05
24.0,5.01,20.0,-3.837627025667466e-12
24.0,5.01,21.0,-7.539647376445863e-18
24.0,6.01,0.0,-1.6151812336943426e-13
24.0,6.01,1.0,0.00011594719079344173
24.0,6.01,2.0,-1.1280708181898177e-11
24.0,6.01,3.0,-0.0011969604955503893
24.0,6.01,4.0,-5.737935584150729e-10
24.0,6.01,5.0,-1.0490160239439464e-05
24.0,6.01,6.0,1.879080804489952e-05
24.0,6.01,7.0,-0.0001809161954049454
24.0,6.01,8.0,-1.1382538736421747e-19
24.0,6.01,9.0,8.566053607150792e-05
24.0,6.01,10.0,-1.4658441401603875e-36
24.0,6.01,11.0,-6.523421546267486e-19
24.0,6.01,12.0,0.00015351654071393828
24.0,6.01,13.0,8.519872186407706e-05
24.0,6.01,14.0,-9.559738492459502e-05
24.0,6.01,15.0,-5.672849330729634e-08
24.0,6.01,16.0,2.464897915888109e-06
24.0,6.01,17.0,-0.00010950290189282175
24.0,6.01,18.0,-3.684304154334251e-07
24.0,6.01,19.0,-3.654331454165377e-05
24.0,6.01,20.0,-3.837627025667466e-12
24.0,6.01,21.0,-7.539647376445863e-18
24.0,7.01,0.0,-1.6151812336943426e-13
24.0,7.01,1.0,0.00011594719079344173
24.0,7.01,2.0,-1.1280708181898177e-11
24.0,7.01,3.0,-0.0011969604955503893
24.0,7.01,4.0,-5.737935584150729e-10
24.0,7.01,5.0,-1.0490160239439464e-05
24.0,7.01,6.0,1.879080804489952e-05
24.0,7.01,7.0,-0.0001809161954049454
24.0,7.01,8.0,-1.1382538736421747e-19
24.0,7.01,9.0,8.566053607150792e-05
24.0,7.01,10.0,-1.4658441401603875e-36
24.0,7.01,11.0,-6.523421546267486e-19
24.0,7.01,12.0,0.00015351654071393828
24.0,7.01,13.0,8.519872186407706e-05
24.0,7.01,14.0,-9.559738492459502e-05
24.0,7.01,15.0,-5.672849330729634e-08
24.0,7.01,16.0,2.464897915888109e-06
24.0,7.01,17.0,-0.00010950290189282175
24.0,7.01,18.0,-3.684304154334251e-07
24.0,7.01,19.0,-3.654331454165377e-05
24.0,7.01,20.0,-3.837627025667466e-12
24.0,7.01,21.0,-7.539647376445863e-18
24.0,8.01,0.0,-1.6151812336943426e-13
24.0,8.01,1.0,0.00011594719079344173
24.0,8.01,2.0,-1.1280708181898177e-11
24.0,8.01,3.0,-0.0011969604955503893
24.0,8.01,4.0,-5.737935584150729e-10
24.0,8.01,5.0,-1.0490160239439464e-05
24.0,8.01,6.0,1.879080804489952e-05
24.0,8.01,7.0,-0.0001809161954049454
24.0,8.01,8.0,-1.1382538736421747e-19
24.0,8.01,9.0,8.566053607150792e-05
24.0,8.01,10.0,-1.4658441401603875e-36
24.0,8.01,11.0,-6.523421546267486e-19
24.0,8.01,12.0,0.00015351654071393828
24.0,8.01,13.0,8.519872186407706e-05
24.0,8.01,14.0,-9.559738492459502e-05
24.0,8.01,15.0,-5.672849330729634e-08
24.0,8.01,16.0,2.464897915888109e-06
24.0,8.01,17.0,-0.00010950290189282175
24.0,8.01,18.0,-3.684304154334251e-07
24.0,8.01,19.0,-3.654331454165377e-05
24.0,8.01,20.0,-3.837627025667466e-12
24.0,8.01,21.0,-7.539647376445863e-18
24.0,9.01,0.0,-1.6151812336943426e-13
24.0,9.01,1.0,0.00011594719079344173
24.0,9.01,2.0,-1.1280708181898177e-11
24.0,9.01,3.0,-0.0011969604955503893
24.0,9.01,4.0,-5.737935584150729e-10
24.0,9.01,5.0,-1.0490160239439464e-05
24.0,9.01,6.0,1.879080804489952e-05
24.0,9.01,7.0,-0.0001809161954049454
24.0,9.01,8.0,-1.1382538736421747e-19
24.0,9.01,9.0,8.566053607150792e-05
24.0,9.01,10.0,-1.4658441401603875e-36
24.0,9.01,11.0,-6.523421546267486e-19
24.0,9.01,12.0,0.00015351654071393828
24.0,9.01,13.0,8.519872186407706e-05
24.0,9.01,14.0,-9.559738492459502e-05
24.0,9.01,15.0,-5.672849330729634e-08
24.0,9.01,16.0,2.464897915888109e-06
24.0,9.01,17.0,-0.00010950290189282175
24.0,9.01,18.0,-3.684304154334251e-07
24.0,9.01,19.0,-3.654331454165377e-05
24.0,9.01,20.0,-3.837627025667466e-12
24.0,9.01,21.0,-7.539647376445863e-18
24.0,10.01,0.0,-1.6151812336943426e-13
24.0,10.01,1.0,0.00011594719079344173
24.0,10.01,2.0,-1.1280708181898177e-11
24.0,10.01,3.0,-0.0011969604955503893
24.0,10.01,4.0,-5.737935584150729e-10
24.0,10.01,5.0,-1.0490160239439464e-05
24.0,10.01,6.0,1.879080804489952e-05
24.0,10.01,7.0,-0.0001809161954049454
24.0,10.01,8.0,-1.1382538736421747e-19
24.0,10.01,9.0,8.566053607150792e-05
24.0,10.01,10.0,-1.4658441401603875e-36
24.0,10.01,11.0,-6.523421546267486e-19
24.0,10.01,12.0,0.00015351654071393828
24.0,10.01,13.0,8.519872186407706e-05
24.0,10.01,14.0,-9.559738492459502e-05
24.0,10.01,15.0,-5.672849330729634e-08
24.0,10.01,16.0,2.464897915888109e-06
24.0,10.01,17.0,-0.00010950290189282175
24.0,10.01,18.0,-3.684304154334251e-07
24.0,10.01,19.0,-3.654331454165377e-05
24.0,10.01,20.0,-3.837627025667466e-12
24.0,10.01,21.0,-7.539647376445863e-18
