Net_ID,Var,Factor,intervention_effect
0.0,0.01,0.0,0.0005473128399667848
0.0,0.01,1.0,4.15741892563215e-05
0.0,0.01,2.0,-1.4268783680382313e-05
0.0,0.01,3.0,1.3878746207840464e-09
0.0,0.01,4.0,-0.0004169674133102097
0.0,0.01,5.0,-2.1286245805097407e-09
0.0,0.01,6.0,0.00020330403204166236
0.0,0.01,7.0,-0.001338056803005687
0.0,0.01,8.0,1.3878746207840464e-09
0.0,0.01,9.0,-7.009101327986641e-05
0.0,0.01,10.0,-3.650136226926448e-06
0.0,0.01,11.0,1.3878746207840464e-09
0.0,0.01,12.0,-0.0005006343882523745
0.0,0.01,13.0,-0.0001716788174620787
0.0,0.01,14.0,-0.0003292865561070335
0.0,0.01,15.0,-3.585228475488922e-07
0.0,0.01,16.0,-5.030049436605122e-05
0.0,0.01,17.0,-0.003100339195805569
0.0,0.01,18.0,-0.0003582488990417354
0.0,0.01,19.0,4.5365247221124116e-05
0.0,0.01,20.0,-0.0002469835435757739
0.0,0.01,21.0,1.792113096810155e-09
0.0,1.01,0.0,0.0005473083727052241
0.0,1.01,1.0,4.157390442205422e-05
0.0,1.01,2.0,-1.4268727621169486e-05
0.0,1.01,3.0,1.3878746207840464e-09
0.0,1.01,4.0,-0.00041696761178938724
0.0,1.01,5.0,-2.1286245805097407e-09
0.0,1.01,6.0,0.0002033019995341112
0.0,1.01,7.0,-0.001338056802973752
0.0,1.01,8.0,1.3878746207840464e-09
0.0,1.01,9.0,-7.009101328014301e-05
0.0,1.01,10.0,-3.6498471262524923e-06
0.0,1.01,11.0,1.3878746207840464e-09
0.0,1.01,12.0,-0.0005006316644654007
0.0,1.01,13.0,-0.00017167763720501994
0.0,1.01,14.0,-0.0003292840670024999
0.0,1.01,15.0,-3.585280669848867e-07
0.0,1.01,16.0,-5.0300538314063115e-05
0.0,1.01,17.0,-0.003100339194811023
0.0,1.01,18.0,-0.0003582471910716367
0.0,1.01,19.0,4.536500820839784e-05
0.0,1.01,20.0,-0.00024698220659891135
0.0,1.01,21.0,1.792113096810155e-09
0.0,2.01,0.0,0.0005473039054031403
0.0,2.01,1.0,4.157361958451178e-05
0.0,2.01,2.0,-1.4268671560735413e-05
0.0,2.01,3.0,1.3878746207840464e-09
0.0,2.01,4.0,-0.000416967810267177
0.0,2.01,5.0,-2.1286245805097407e-09
0.0,2.01,6.0,0.00020329996700668707
0.0,2.01,7.0,-0.0013380568029418168
0.0,2.01,8.0,1.3878746207840464e-09
0.0,2.01,9.0,-7.00910132804196e-05
0.0,2.01,10.0,-3.64955802298339e-06
0.0,2.01,11.0,1.3878746207840464e-09
0.0,2.01,12.0,-0.0005006289406551123
0.0,2.01,13.0,-0.00017167645693630385
0.0,2.01,14.0,-0.0003292815778686009
0.0,2.01,15.0,-3.585332863376145e-07
0.0,2.01,16.0,-5.0300582260354165e-05
0.0,2.01,17.0,-0.0031003391938164678
0.0,2.01,18.0,-0.0003582454830858284
0.0,2.01,19.0,4.5364769191702514e-05
0.0,2.01,20.0,-0.00024698086961039145
0.0,2.01,21.0,1.792113096810155e-09
0.0,3.01,0.0,0.000547299438188209
0.0,3.01,1.0,4.157333474941183e-05
0.0,3.01,2.0,-1.426861549835845e-05
0.0,3.01,3.0,1.3878746207840464e-09
0.0,3.01,4.0,-0.0004169680087208194
0.0,3.01,5.0,-2.128624580509741e-09
0.0,3.01,6.0,0.00020329793450923894
0.0,3.01,7.0,-0.0013380568029098825
0.0,3.01,8.0,1.3878746207840464e-09
0.0,3.01,9.0,-7.00910132806962e-05
0.0,3.01,10.0,-3.649268925459692e-06
0.0,3.01,11.0,1.3878746207840464e-09
0.0,3.01,12.0,-0.0005006262169052755
0.0,3.01,13.0,-0.00017167527668657256
0.0,3.01,14.0,-0.0003292790887504671
0.0,3.01,15.0,-3.585385051074752e-07
0.0,3.01,16.0,-5.030062619765241e-05
0.0,3.01,17.0,-0.003100339192821939
0.0,3.01,18.0,-0.00035824377513443695
0.0,3.01,19.0,4.53645301720651e-05
0.0,3.01,20.0,-0.000246979532651348
0.0,3.01,21.0,1.792113096810155e-09
0.0,4.01,0.0,0.0005472949709577346
0.0,4.01,1.0,4.157304991159183e-05
0.0,4.01,2.0,-1.4268559434038597e-05
0.0,4.01,3.0,1.3878746207840464e-09
0.0,4.01,4.0,-0.0004169682071653025
0.0,4.01,5.0,-2.128624580509741e-09
0.0,4.01,6.0,0.0002032959020007441
0.0,4.01,7.0,-0.0013380568028779486
0.0,4.01,8.0,1.3878746207840464e-09
0.0,4.01,9.0,-7.009101328097279e-05
0.0,4.01,10.0,-3.6489798272004714e-06
0.0,4.01,11.0,1.3878746207840464e-09
0.0,4.01,12.0,-0.000500623493151775
0.0,4.01,13.0,-0.000171674096430402
0.0,4.01,14.0,-0.00032927659960507727
0.0,4.01,15.0,-3.585437236275357e-07
0.0,4.01,16.0,-5.030067012889994e-05
0.0,4.01,17.0,-0.003100339191827411
0.0,4.01,18.0,-0.00035824206717521845
0.0,4.01,19.0,4.536429114698759e-05
0.0,4.01,20.0,-0.0002469781956891959
0.0,4.01,21.0,1.792113096810155e-09
0.0,5.01,0.0,0.0005472905037654519
0.0,5.01,1.0,4.157276507454899e-05
0.0,5.01,2.0,-1.4268503368386476e-05
0.0,5.01,3.0,1.3878746207840464e-09
0.0,5.01,4.0,-0.00041696840559696247
0.0,5.01,5.0,-2.128624580509741e-09
0.0,5.01,6.0,0.00020329386950423967
0.0,5.01,7.0,-0.001338056802846015
0.0,5.01,8.0,1.3878746207840464e-09
0.0,5.01,9.0,-7.009101328124937e-05
0.0,5.01,10.0,-3.6486907314253747e-06
0.0,5.01,11.0,1.3878746207840464e-09
0.0,5.01,12.0,-0.0005006207694250309
0.0,5.01,13.0,-0.00017167291618197522
0.0,5.01,14.0,-0.00032927411046357324
0.0,5.01,15.0,-3.5854894192555165e-07
0.0,5.01,16.0,-5.0300714057593954e-05
0.0,5.01,17.0,-0.003100339190832894
0.0,5.01,18.0,-0.00035824035923104347
0.0,5.01,19.0,4.5364052120133724e-05
0.0,5.01,20.0,-0.0002469768587404775
0.0,5.01,21.0,1.792113096810155e-09
0.0,6.01,0.0,0.0005472860365743903
0.0,6.01,1.0,4.1572480235341214e-05
0.0,6.01,2.0,-1.426844730106902e-05
0.0,6.01,3.0,1.3878746207840464e-09
0.0,6.01,4.0,-0.0004169686040159659
0.0,6.01,5.0,-2.1286245805097415e-09
0.0,6.01,6.0,0.00020329183700268372
0.0,6.01,7.0,-0.0013380568028140817
0.0,6.01,8.0,1.3878746207840464e-09
0.0,6.01,9.0,-7.009101328152596e-05
0.0,6.01,10.0,-3.6484016359417115e-06
0.0,6.01,11.0,1.3878746207840464e-09
0.0,6.01,12.0,-0.0005006180457051146
0.0,6.01,13.0,-0.00017167173593099494
0.0,6.01,14.0,-0.00032927162129936516
0.0,6.01,15.0,-3.5855415980723393e-07
0.0,6.01,16.0,-5.0300757977461696e-05
0.0,6.01,17.0,-0.0031003391898383813
0.0,6.01,18.0,-0.0003582386512873681
0.0,6.01,19.0,4.5363813087534455e-05
0.0,6.01,20.0,-0.0002469755217942571
0.0,6.01,21.0,1.792113096810155e-09
0.0,7.01,0.0,0.000547281569414082
0.0,7.01,1.0,4.157219539530077e-05
0.0,7.01,2.0,-1.4268391230753963e-05
0.0,7.01,3.0,1.3878746207840464e-09
0.0,7.01,4.0,-0.00041696880241592904
0.0,7.01,5.0,-2.1286245805097415e-09
0.0,7.01,6.0,0.00020328980450712297
0.0,7.01,7.0,-0.0013380568027821491
0.0,7.01,8.0,1.3878746207840464e-09
0.0,7.01,9.0,-7.009101328180255e-05
0.0,7.01,10.0,-3.648112542636861e-06
0.0,7.01,11.0,1.3878746207840464e-09
0.0,7.01,12.0,-0.0005006153220115661
0.0,7.01,13.0,-0.0001716705556844833
0.0,7.01,14.0,-0.0003292691321223895
0.0,7.01,15.0,-3.5855937730033816e-07
0.0,7.01,16.0,-5.030080188905828e-05
0.0,7.01,17.0,-0.003100339188843881
0.0,7.01,18.0,-0.0003582369433551835
0.0,7.01,19.0,4.536357404946734e-05
0.0,7.01,20.0,-0.0002469741848601381
0.0,7.01,21.0,1.792113096810155e-09
0.0,8.01,0.0,0.0005472771022886347
0.0,8.01,1.0,4.1571910556037484e-05
0.0,8.01,2.0,-1.4268335159661749e-05
0.0,8.01,3.0,1.3878746207840464e-09
0.0,8.01,4.0,-0.0004169690008062332
0.0,8.01,5.0,-2.1286245805097415e-09
0.0,8.01,6.0,0.00020328777202416326
0.0,8.01,7.0,-0.001338056802750217
0.0,8.01,8.0,1.3878746207840464e-09
0.0,8.01,9.0,-7.009101328207915e-05
0.0,8.01,10.0,-3.647823451732868e-06
0.0,8.01,11.0,1.3878746207840464e-09
0.0,8.01,12.0,-0.0005006125983430532
0.0,8.01,13.0,-0.00017166937544529914
0.0,8.01,14.0,-0.0003292666429505764
0.0,8.01,15.0,-3.585645944326199e-07
0.0,8.01,16.0,-5.0300845796602545e-05
0.0,8.01,17.0,-0.003100339187849391
0.0,8.01,18.0,-0.00035823523543593305
0.0,8.01,19.0,4.536333501001244e-05
0.0,8.01,20.0,-0.00024697284793789853
0.0,8.01,21.0,1.792113096810155e-09
0.0,9.01,0.0,0.0005472726351768431
0.0,9.01,1.0,4.157162571555295e-05
0.0,9.01,2.0,-1.4268279086238067e-05
0.0,9.01,3.0,1.3878746207840464e-09
0.0,9.01,4.0,-0.0004169691991821045
0.0,9.01,5.0,-2.1286245805097415e-09
0.0,9.01,6.0,0.00020328573954025986
0.0,9.01,7.0,-0.001338056802718285
0.0,9.01,8.0,1.3878746207840464e-09
0.0,9.01,9.0,-7.009101328235573e-05
0.0,9.01,10.0,-3.6475343617586864e-06
0.0,9.01,11.0,1.3878746207840464e-09
0.0,9.01,12.0,-0.0005006098746874743
0.0,9.01,13.0,-0.00017166819520678112
0.0,9.01,14.0,-0.00032926415376327567
0.0,9.01,15.0,-3.5856981131510146e-07
0.0,9.01,16.0,-5.030088969842916e-05
0.0,9.01,17.0,-0.0031003391868549084
0.0,9.01,18.0,-0.0003582335275222892
0.0,9.01,19.0,4.536309596567256e-05
0.0,9.01,20.0,-0.0002469715110219872
0.0,9.01,21.0,1.792113096810155e-09
0.0,10.01,0.0,0.0005472681680831482
0.0,10.01,1.0,4.157134087473535e-05
0.0,10.01,2.0,-1.4268223012203762e-05
0.0,10.01,3.0,1.3878746207840464e-09
0.0,10.01,4.0,-0.0004169693975485389
0.0,10.01,5.0,-2.128624580509742e-09
0.0,10.01,6.0,0.00020328370706046428
0.0,10.01,7.0,-0.0013380568026863536
0.0,10.01,8.0,1.3878746207840464e-09
0.0,10.01,9.0,-7.009101328263232e-05
0.0,10.01,10.0,-3.6472452730473837e-06
0.0,10.01,11.0,1.3878746207840464e-09
0.0,10.01,12.0,-0.000500607151047161
0.0,10.01,13.0,-0.00017166701497123293
0.0,10.01,14.0,-0.0003292616645712565
0.0,10.01,15.0,-3.5857502794778284e-07
0.0,10.01,16.0,-5.030093359670307e-05
0.0,10.01,17.0,-0.003100339185860433
0.0,10.01,18.0,-0.000358231819614252
0.0,10.01,19.0,4.5362856919001215e-05
0.0,10.01,20.0,-0.0002469701741129038
0.0,10.01,21.0,1.792113096810155e-09
1.0,0.01,0.0,0.0014817564775810865
1.0,0.01,1.0,2.6868231252641372e-06
1.0,0.01,2.0,2.5467365090514615e-05
1.0,0.01,3.0,8.930037820320536e-10
1.0,0.01,4.0,-0.0018359889225787775
1.0,0.01,5.0,-0.0034373896049784483
1.0,0.01,6.0,0.0001982108301786245
1.0,0.01,7.0,-0.0020501752740658546
1.0,0.01,8.0,8.930037820320536e-10
1.0,0.01,9.0,-0.00018176205281641988
1.0,0.01,10.0,-0.0005435362645085096
1.0,0.01,11.0,8.930037820320536e-10
1.0,0.01,12.0,-0.0006202585842561836
1.0,0.01,13.0,7.122802954340202e-06
1.0,0.01,14.0,0.000763141104291154
1.0,0.01,15.0,5.544722485872899e-07
1.0,0.01,16.0,-0.0006636464760819971
1.0,0.01,17.0,-0.004451224286735746
1.0,0.01,18.0,-0.00039416551517151843
1.0,0.01,19.0,-0.0002671299357037138
1.0,0.01,20.0,-0.0008000875407985775
1.0,0.01,21.0,1.1687918133329589e-09
1.0,1.01,0.0,0.008338105977397259
1.0,1.01,1.0,1.263130393641676e-05
1.0,1.01,2.0,0.00016218600385067838
1.0,1.01,3.0,8.930037820320536e-10
1.0,1.01,4.0,-0.005523015819875861
1.0,1.01,5.0,-0.004162684628979535
1.0,1.01,6.0,-0.0007975002525110741
1.0,1.01,7.0,-0.0018531141068662549
1.0,1.01,8.0,8.930037820320536e-10
1.0,1.01,9.0,-0.0010557831020670538
1.0,1.01,10.0,-0.00046414493679430846
1.0,1.01,11.0,8.930037820320536e-10
1.0,1.01,12.0,-0.0022168065372791257
1.0,1.01,13.0,4.135122963452864e-05
1.0,1.01,14.0,0.004768109740301896
1.0,1.01,15.0,2.8377123062472975e-06
1.0,1.01,16.0,-0.004562553540516934
1.0,1.01,17.0,-0.004671656579928209
1.0,1.01,18.0,-0.0022439925570068575
1.0,1.01,19.0,-0.0016723846980967738
1.0,1.01,20.0,-0.0028761060755111423
1.0,1.01,21.0,1.1687918133329589e-09
1.0,2.01,0.0,0.015173059903602348
1.0,2.01,1.0,2.3289446954288806e-05
1.0,2.01,2.0,0.0002855823908873012
1.0,2.01,3.0,8.930037820320536e-10
1.0,2.01,4.0,-0.00908168261291335
1.0,2.01,5.0,-0.004838793802842446
1.0,2.01,6.0,-0.001772079638574231
1.0,2.01,7.0,-0.0016278975244509164
1.0,2.01,8.0,8.930037820320536e-10
1.0,2.01,9.0,-0.0018839017090863386
1.0,2.01,10.0,-0.0003460849937145516
1.0,2.01,11.0,8.930037820320536e-10
1.0,2.01,12.0,-0.0030320616871121753
1.0,2.01,13.0,7.377532332741854e-05
1.0,2.01,14.0,0.008058736033510927
1.0,2.01,15.0,4.8447604802104305e-06
1.0,2.01,16.0,-0.00830646405775512
1.0,2.01,17.0,-0.004878935901687646
1.0,2.01,18.0,-0.0046770831272173186
1.0,2.01,19.0,-0.002926653386038619
1.0,2.01,20.0,-0.004338664263624725
1.0,2.01,21.0,1.1687918133329589e-09
1.0,3.01,0.0,0.021803942047985136
1.0,3.01,1.0,3.3078783917617205e-05
1.0,3.01,2.0,0.0004104232282113318
1.0,3.01,3.0,8.930037820320536e-10
1.0,3.01,4.0,-0.012441369971493414
1.0,3.01,5.0,-0.005546845063867024
1.0,3.01,6.0,-0.0026861422308618876
1.0,3.01,7.0,-0.0014551037386281718
1.0,3.01,8.0,8.930037820320536e-10
1.0,3.01,9.0,-0.002700769036681039
1.0,3.01,10.0,-0.00028717955157767094
1.0,3.01,11.0,8.930037820320536e-10
1.0,3.01,12.0,-0.004344267440560656
1.0,3.01,13.0,0.00010576237742138117
1.0,3.01,14.0,0.011598293071218402
1.0,3.01,15.0,6.970152107266259e-06
1.0,3.01,16.0,-0.011850372874642967
1.0,3.01,17.0,-0.005099491041096135
1.0,3.01,18.0,-0.0067017423699323175
1.0,3.01,19.0,-0.004224672288787423
1.0,3.01,20.0,-0.0060698435343777835
1.0,3.01,21.0,1.1687918133329589e-09
1.0,4.01,0.0,0.02820176128402735
1.0,4.01,1.0,4.248542158302726e-05
1.0,4.01,2.0,0.0005348922367396924
1.0,4.01,3.0,8.930037820320536e-10
1.0,4.01,4.0,-0.015575806525482946
1.0,4.01,5.0,-0.006261070573632649
1.0,4.01,6.0,-0.003537176150296195
1.0,4.01,7.0,-0.0012987572124891072
1.0,4.01,8.0,8.930037820320536e-10
1.0,4.01,9.0,-0.0035048175604794063
1.0,4.01,10.0,-0.00023078014566602079
1.0,4.01,11.0,8.930037820320536e-10
1.0,4.01,12.0,-0.005608595488572066
1.0,4.01,13.0,0.00013725820491264362
1.0,4.01,14.0,0.015176032312729626
1.0,4.01,15.0,9.047287487379263e-06
1.0,4.01,16.0,-0.015352117923345787
1.0,4.01,17.0,-0.005322635100500914
1.0,4.01,18.0,-0.00853108659916374
1.0,4.01,19.0,-0.005491596333528415
1.0,4.01,20.0,-0.007738695068985557
1.0,4.01,21.0,1.1687918133329589e-09
1.0,5.01,0.0,0.03442989984216782
1.0,5.01,1.0,5.1849569559225817e-05
1.0,5.01,2.0,0.0006551867587275273
1.0,5.01,3.0,8.930037820320536e-10
1.0,5.01,4.0,-0.01844925953188985
1.0,5.01,5.0,-0.006970669817314354
1.0,5.01,6.0,-0.004324821892476682
1.0,5.01,7.0,-0.00115005485256435
1.0,5.01,8.0,8.930037820320536e-10
1.0,5.01,9.0,-0.0042868009116487915
1.0,5.01,10.0,-0.00016899034318371142
1.0,5.01,11.0,8.930037820320536e-10
1.0,5.01,12.0,-0.006642680125241163
1.0,5.01,13.0,0.00016788959203425935
1.0,5.01,14.0,0.018551276407394568
1.0,5.01,15.0,1.1003124655378782e-05
1.0,5.01,16.0,-0.018764555202348016
1.0,5.01,17.0,-0.0055438654100983375
1.0,5.01,18.0,-0.010348653696673593
1.0,5.01,19.0,-0.006684080051875235
1.0,5.01,20.0,-0.009198900308957147
1.0,5.01,21.0,1.1687917855773833e-09
1.0,6.01,0.0,0.04056954611784852
1.0,6.01,1.0,6.109454268848902e-05
1.0,6.01,2.0,0.0007695599221219651
1.0,6.01,3.0,8.930037820320536e-10
1.0,6.01,4.0,-0.021019099460073083
1.0,6.01,5.0,-0.007688289671705387
1.0,6.01,6.0,-0.00504091359416875
1.0,6.01,7.0,-0.0010270508502122216
1.0,6.01,8.0,8.930037820320536e-10
1.0,6.01,9.0,-0.005040417227771737
1.0,6.01,10.0,-0.00013035363285981982
1.0,6.01,11.0,8.930037820320536e-10
1.0,6.01,12.0,-0.007605373190806453
1.0,6.01,13.0,0.00019739888348913048
1.0,6.01,14.0,0.02169897106590124
1.0,6.01,15.0,1.2906819232300082e-05
1.0,6.01,16.0,-0.021957799736417816
1.0,6.01,17.0,-0.005768404883351964
1.0,6.01,18.0,-0.012153939748283438
1.0,6.01,19.0,-0.007816346576013156
1.0,6.01,20.0,-0.010506450496077568
1.0,6.01,21.0,1.1687917855773833e-09
1.0,7.01,0.0,0.046618217013054075
1.0,7.01,1.0,7.008792429902266e-05
1.0,7.01,2.0,0.0008786610059430822
1.0,7.01,3.0,8.930037820320536e-10
1.0,7.01,4.0,-0.023253978539460783
1.0,7.01,5.0,-0.00841628760195779
1.0,7.01,6.0,-0.005677946406151546
1.0,7.01,7.0,-0.0009334844524992586
1.0,7.01,8.0,8.930037820320536e-10
1.0,7.01,9.0,-0.005766821508796649
1.0,7.01,10.0,-0.00011973309898941076
1.0,7.01,11.0,8.930037820320536e-10
1.0,7.01,12.0,-0.008554162272482235
1.0,7.01,13.0,0.00022582708903876036
1.0,7.01,14.0,0.024690549207028456
1.0,7.01,15.0,1.4801593835933602e-05
1.0,7.01,16.0,-0.02492966064811991
1.0,7.01,17.0,-0.005996030258142356
1.0,7.01,18.0,-0.013888035109027197
1.0,7.01,19.0,-0.0089032370321116
1.0,7.01,20.0,-0.01169463353332112
1.0,7.01,21.0,1.1687918133329589e-09
1.0,8.01,0.0,0.05244057617998199
1.0,8.01,1.0,7.87323798784878e-05
1.0,8.01,2.0,0.000986859052352601
1.0,8.01,3.0,8.930037820320536e-10
1.0,8.01,4.0,-0.02514025945431511
1.0,8.01,5.0,-0.00915216377421231
1.0,8.01,6.0,-0.006228174013986454
1.0,8.01,7.0,-0.0008588399626228566
1.0,8.01,8.0,8.930037820320536e-10
1.0,8.01,9.0,-0.006478837312009905
1.0,8.01,10.0,-0.00011471811819657729
1.0,8.01,11.0,8.930037820320536e-10
1.0,8.01,12.0,-0.009416128474284857
1.0,8.01,13.0,0.00025370244818798127
1.0,8.01,14.0,0.027688477784695853
1.0,8.01,15.0,1.6640367152875868e-05
1.0,8.01,16.0,-0.0278274731434332
1.0,8.01,17.0,-0.006223747593732813
1.0,8.01,18.0,-0.015433860624698037
1.0,8.01,19.0,-0.009950885867725606
1.0,8.01,20.0,-0.01276230041276305
1.0,8.01,21.0,1.1687918133329589e-09
1.0,9.01,0.0,0.058098728683034284
1.0,9.01,1.0,8.709853135241419e-05
1.0,9.01,2.0,0.0010919119178729175
1.0,9.01,3.0,8.930037820320536e-10
1.0,9.01,4.0,-0.026686090876189936
1.0,9.01,5.0,-0.009895199077042748
1.0,9.01,6.0,-0.006696357580279255
1.0,9.01,7.0,-0.0008066143502129808
1.0,9.01,8.0,8.930037820320536e-10
1.0,9.01,9.0,-0.007169954219558711
1.0,9.01,10.0,-0.0001241470995813898
1.0,9.01,11.0,8.930037820320536e-10
1.0,9.01,12.0,-0.010207643094070351
1.0,9.01,13.0,0.0002807585645853983
1.0,9.01,14.0,0.03059942242064756
1.0,9.01,15.0,1.8437941102289468e-05
1.0,9.01,16.0,-0.030581974331023415
1.0,9.01,17.0,-0.0064519400402975255
1.0,9.01,18.0,-0.016857676092158935
1.0,9.01,19.0,-0.010951609670006968
1.0,9.01,20.0,-0.013699245340337063
1.0,9.01,21.0,1.1687918133329589e-09
1.0,10.01,0.0,0.06350817160522049
1.0,10.01,1.0,9.528769744288068e-05
1.0,10.01,2.0,0.001195621510646977
1.0,10.01,3.0,8.930037820320536e-10
1.0,10.01,4.0,-0.027917520341981382
1.0,10.01,5.0,-0.010637770193162026
1.0,10.01,6.0,-0.00708848101200471
1.0,10.01,7.0,-0.0007641088892647308
1.0,10.01,8.0,8.930037820320536e-10
1.0,10.01,9.0,-0.007846534391946908
1.0,10.01,10.0,-0.00012732662606323997
1.0,10.01,11.0,8.930037820320536e-10
1.0,10.01,12.0,-0.010820398322738956
1.0,10.01,13.0,0.00030726037042339005
1.0,10.01,14.0,0.033428127025921295
1.0,10.01,15.0,2.0112204672739775e-05
1.0,10.01,16.0,-0.03329269863225834
1.0,10.01,17.0,-0.006677144244010934
1.0,10.01,18.0,-0.018154836812917796
1.0,10.01,19.0,-0.011890836617540201
1.0,10.01,20.0,-0.014471942285635031
1.0,10.01,21.0,1.1687917855773833e-09
2.0,0.01,0.0,0.0010812729753114647
2.0,0.01,1.0,7.628328144937413e-06
2.0,0.01,2.0,0.00028378077055812856
2.0,0.01,3.0,6.98975155533077e-10
2.0,0.01,4.0,0.0008594419354183147
2.0,0.01,5.0,-0.001178786950995235
2.0,0.01,6.0,0.0004698241947963533
2.0,0.01,7.0,-7.970397507218618e-08
2.0,0.01,8.0,6.98975155533077e-10
2.0,0.01,9.0,-8.549808668845138e-05
2.0,0.01,10.0,-0.0004787420570199208
2.0,0.01,11.0,6.98975155533077e-10
2.0,0.01,12.0,0.0003440847635034494
2.0,0.01,13.0,0.00011162845254078513
2.0,0.01,14.0,-0.000725905528258542
2.0,0.01,15.0,7.136274255137298e-07
2.0,0.01,16.0,0.0004464283796128399
2.0,0.01,17.0,-3.3961624242419455e-06
2.0,0.01,18.0,0.0009810605208072642
2.0,0.01,19.0,0.00016149812670179786
2.0,0.01,20.0,0.00042848212491436444
2.0,0.01,21.0,1.0970886143990555e-09
2.0,1.01,0.0,0.007576798648883609
2.0,1.01,1.0,4.473892357603759e-05
2.0,1.01,2.0,0.0015732506295949023
2.0,1.01,3.0,6.98975155533077e-10
2.0,1.01,4.0,0.0024671788878851686
2.0,1.01,5.0,-0.0019729702169357377
2.0,1.01,6.0,0.0015242558595117695
2.0,1.01,7.0,-7.970397511052127e-08
2.0,1.01,8.0,6.98975155533077e-10
2.0,1.01,9.0,-0.0005103497471552476
2.0,1.01,10.0,-0.0008696659141899654
2.0,1.01,11.0,6.98975155533077e-10
2.0,1.01,12.0,0.00012613450129056458
2.0,1.01,13.0,0.0006519181694847331
2.0,1.01,14.0,-0.000726843402163797
2.0,1.01,15.0,2.9388464707624795e-06
2.0,1.01,16.0,0.0024846583308233416
2.0,1.01,17.0,-3.3961630425203287e-06
2.0,1.01,18.0,0.0029374290537751424
2.0,1.01,19.0,0.0008194394335589994
2.0,1.01,20.0,0.0011114068114310705
2.0,1.01,21.0,1.0970886143990555e-09
2.0,2.01,0.0,0.013205589698892739
2.0,2.01,1.0,7.528512105881013e-05
2.0,2.01,2.0,0.0031689166133569424
2.0,2.01,3.0,6.98975155533077e-10
2.0,2.01,4.0,0.004792690026537483
2.0,2.01,5.0,-0.002729366738416228
2.0,2.01,6.0,0.0017199498794733814
2.0,2.01,7.0,-7.970397512620684e-08
2.0,2.01,8.0,6.98975155533077e-10
2.0,2.01,9.0,-0.0009903981507570214
2.0,2.01,10.0,-0.0010881722082161926
2.0,2.01,11.0,6.98975155533077e-10
2.0,2.01,12.0,0.0012569307813698471
2.0,2.01,13.0,0.0012350370802227395
2.0,2.01,14.0,-0.0007276005049745717
2.0,2.01,15.0,5.2410384022982814e-06
2.0,2.01,16.0,0.004020081800164332
2.0,2.01,17.0,-3.396163477369752e-06
2.0,2.01,18.0,0.0035067511641447835
2.0,2.01,19.0,0.0008676380741269307
2.0,2.01,20.0,0.0031835254863673557
2.0,2.01,21.0,1.0970886143990555e-09
2.0,3.01,0.0,0.018756762953860973
2.0,3.01,1.0,0.00010649076651358946
2.0,3.01,2.0,0.004565972973270549
2.0,3.01,3.0,6.98975155533077e-10
2.0,3.01,4.0,0.00671010938929717
2.0,3.01,5.0,-0.0034554457123497986
2.0,3.01,6.0,0.002292537545437623
2.0,3.01,7.0,-7.970397514018463e-08
2.0,3.01,8.0,6.98975155533077e-10
2.0,3.01,9.0,-0.0014256013042151794
2.0,3.01,10.0,-0.0013508489306032767
2.0,3.01,11.0,6.98975155533077e-10
2.0,3.01,12.0,0.0019365996786291917
2.0,3.01,13.0,0.0017717417791942303
2.0,3.01,14.0,-0.0007282149585053756
2.0,3.01,15.0,7.358862513989761e-06
2.0,3.01,16.0,0.005761677434757528
2.0,3.01,17.0,-3.3961638090584513e-06
2.0,3.01,18.0,0.004363074924848109
2.0,3.01,19.0,0.001042734801828371
2.0,3.01,20.0,0.004686900622980161
2.0,3.01,21.0,1.0970886143990555e-09
2.0,4.01,0.0,0.024238171126908403
2.0,4.01,1.0,0.00013700014241202485
2.0,4.01,2.0,0.005843490942767815
2.0,4.01,3.0,6.98975155533077e-10
2.0,4.01,4.0,0.00844951026508789
2.0,4.01,5.0,-0.004151640856692243
2.0,4.01,6.0,0.0028493502841531737
2.0,4.01,7.0,-7.970397514923114e-08
2.0,4.01,8.0,6.98975155533077e-10
2.0,4.01,9.0,-0.0018274888168945957
2.0,4.01,10.0,-0.0016334367464060084
2.0,4.01,11.0,6.98975155533077e-10
2.0,4.01,12.0,0.002239734016645456
2.0,4.01,13.0,0.002271695744526875
2.0,4.01,14.0,-0.0007287167210886112
2.0,4.01,15.0,9.39122976637008e-06
2.0,4.01,16.0,0.007330745174597086
2.0,4.01,17.0,-3.3961640587120706e-06
2.0,4.01,18.0,0.005624673070645403
2.0,4.01,19.0,0.0014200027941372317
2.0,4.01,20.0,0.005840700778403818
2.0,4.01,21.0,1.0970886143990555e-09
2.0,5.01,0.0,0.029618933467672193
2.0,5.01,1.0,0.0001654903766393767
2.0,5.01,2.0,0.0070849282846696116
2.0,5.01,3.0,6.98975155533077e-10
2.0,5.01,4.0,0.010251094404506333
2.0,5.01,5.0,-0.00481872908859516
2.0,5.01,6.0,0.003021544501875917
2.0,5.01,7.0,-7.970397515337674e-08
2.0,5.01,8.0,6.98975155533077e-10
2.0,5.01,9.0,-0.0022090502470197004
2.0,5.01,10.0,-0.0019054315426693946
2.0,5.01,11.0,6.98975155533077e-10
2.0,5.01,12.0,0.002359931353893452
2.0,5.01,13.0,0.0027467172826715347
2.0,5.01,14.0,-0.0007291287783487165
2.0,5.01,15.0,1.1428441078348284e-05
2.0,5.01,16.0,0.008450315398619956
2.0,5.01,17.0,-3.396164244508967e-06
2.0,5.01,18.0,0.007298258134016078
2.0,5.01,19.0,0.002026217126878005
2.0,5.01,20.0,0.006935408160065437
2.0,5.01,21.0,1.0970886143990555e-09
2.0,6.01,0.0,0.03456936583620729
2.0,6.01,1.0,0.00019203549212098991
2.0,6.01,2.0,0.008356167169599582
2.0,6.01,3.0,6.98975155533077e-10
2.0,6.01,4.0,0.012114884712136509
2.0,6.01,5.0,-0.005458944793534957
2.0,6.01,6.0,0.003164235593192677
2.0,6.01,7.0,-7.970397515762324e-08
2.0,6.01,8.0,6.98975155533077e-10
2.0,6.01,9.0,-0.0025951539077055386
2.0,6.01,10.0,-0.0021245200254901286
2.0,6.01,11.0,6.98975155533077e-10
2.0,6.01,12.0,0.0029411046150098485
2.0,6.01,13.0,0.0032214593999884134
2.0,6.01,14.0,-0.0007294695570222653
2.0,6.01,15.0,1.3378931722041187e-05
2.0,6.01,16.0,0.009637604844974668
2.0,6.01,17.0,-3.3961643897810254e-06
2.0,6.01,18.0,0.008304658061068615
2.0,6.01,19.0,0.0023239940099500367
2.0,6.01,20.0,0.008373113785341835
2.0,6.01,21.0,1.0970886143990555e-09
2.0,7.01,0.0,0.03908380400105638
2.0,7.01,1.0,0.00021912925538425387
2.0,7.01,2.0,0.009545083882338046
2.0,7.01,3.0,6.98975155533077e-10
2.0,7.01,4.0,0.013617059333074777
2.0,7.01,5.0,-0.0060763026262974675
2.0,7.01,6.0,0.00404925774786119
2.0,7.01,7.0,-7.970397516243982e-08
2.0,7.01,8.0,6.98975155533077e-10
2.0,7.01,9.0,-0.002973734517696641
2.0,7.01,10.0,-0.0023343305252938318
2.0,7.01,11.0,6.98975155533077e-10
2.0,7.01,12.0,0.00383057455043323
2.0,7.01,13.0,0.0036865740875992037
2.0,7.01,14.0,-0.0007297531085475782
2.0,7.01,15.0,1.5078652175398721e-05
2.0,7.01,16.0,0.011563291019066058
2.0,7.01,17.0,-3.3961645056552144e-06
2.0,7.01,18.0,0.008366469204075022
2.0,7.01,19.0,0.002129878703554744
2.0,7.01,20.0,0.009761267970294252
2.0,7.01,21.0,1.0970886143990555e-09
2.0,8.01,0.0,0.04367364324794887
2.0,8.01,1.0,0.0002441101423692471
2.0,8.01,2.0,0.010691902940379527
2.0,8.01,3.0,6.98975155533077e-10
2.0,8.01,4.0,0.015260787920381769
2.0,8.01,5.0,-0.006668431457287089
2.0,8.01,6.0,0.004297153640038076
2.0,8.01,7.0,-7.970397516582311e-08
2.0,8.01,8.0,6.98975155533077e-10
2.0,8.01,9.0,-0.003326052002908808
2.0,8.01,10.0,-0.0025464692393037114
2.0,8.01,11.0,6.98975155533077e-10
2.0,8.01,12.0,0.004307976562374527
2.0,8.01,13.0,0.004121291404299621
2.0,8.01,14.0,-0.0007299895748663836
2.0,8.01,15.0,1.6852852624316128e-05
2.0,8.01,16.0,0.012747954558260166
2.0,8.01,17.0,-3.39616459480639e-06
2.0,8.01,18.0,0.009291512607073726
2.0,8.01,19.0,0.0023918935129101926
2.0,8.01,20.0,0.011000153179788474
2.0,8.01,21.0,1.0970886143990555e-09
2.0,9.01,0.0,0.04800594041651485
2.0,9.01,1.0,0.0002682582120925314
2.0,9.01,2.0,0.01180567225767154
2.0,9.01,3.0,6.98975155533077e-10
2.0,9.01,4.0,0.01681711462681512
2.0,9.01,5.0,-0.0072387575284832036
2.0,9.01,6.0,0.00468087621950336
2.0,9.01,7.0,-7.970397516738684e-08
2.0,9.01,8.0,6.98975155533077e-10
2.0,9.01,9.0,-0.0036702758162509563
2.0,9.01,10.0,-0.002743642494752535
2.0,9.01,11.0,6.98975155533077e-10
2.0,9.01,12.0,0.0049234183613984794
2.0,9.01,13.0,0.004544896856957165
2.0,9.01,14.0,-0.0007301881882661813
2.0,9.01,15.0,1.8530767440294582e-05
2.0,9.01,16.0,0.014061024842841552
2.0,9.01,17.0,-3.3961646634433375e-06
2.0,9.01,18.0,0.009904746978613543
2.0,9.01,19.0,0.0025074430133185666
2.0,9.01,20.0,0.012267800336777213
2.0,9.01,21.0,1.0970886143990555e-09
2.0,10.01,0.0,0.05221665706842382
2.0,10.01,1.0,0.0002920028919746742
2.0,10.01,2.0,0.012845374612469651
2.0,10.01,3.0,6.98975155533077e-10
2.0,10.01,4.0,0.018230414874786383
2.0,10.01,5.0,-0.007788418493041373
2.0,10.01,6.0,0.005148589474595955
2.0,10.01,7.0,-7.970397516911538e-08
2.0,10.01,8.0,6.98975155533077e-10
2.0,10.01,9.0,-0.0039956858357621805
2.0,10.01,10.0,-0.002947695870168965
2.0,10.01,11.0,6.98975155533077e-10
2.0,10.01,12.0,0.005391528266492529
2.0,10.01,13.0,0.0049472437377098555
2.0,10.01,14.0,-0.0007303557477369946
2.0,10.01,15.0,2.0123287682610735e-05
2.0,10.01,16.0,0.015387630575019351
2.0,10.01,17.0,-3.3961647188118255e-06
2.0,10.01,18.0,0.010587819945660049
2.0,10.01,19.0,0.0026534070927984876
2.0,10.01,20.0,0.01335165626219087
2.0,10.01,21.0,1.0970886143990555e-09
3.0,0.01,0.0,0.014623593238995758
3.0,0.01,1.0,0.00025783686395580707
3.0,0.01,2.0,0.003370365087785543
3.0,0.01,3.0,7.034272886397019e-10
3.0,0.01,4.0,-0.0038179584167039593
3.0,0.01,5.0,-0.007028457850461141
3.0,0.01,6.0,0.0001498079110082151
3.0,0.01,7.0,-0.00797315943919688
3.0,0.01,8.0,7.034272886397019e-10
3.0,0.01,9.0,0.00021456066335798218
3.0,0.01,10.0,-0.0012047749754244552
3.0,0.01,11.0,7.034272886397019e-10
3.0,0.01,12.0,2.642393510995933e-05
3.0,0.01,13.0,0.0015694887919179557
3.0,0.01,14.0,-1.527477635643557e-05
3.0,0.01,15.0,3.7586528821992315e-05
3.0,0.01,16.0,0.0012461168986585003
3.0,0.01,17.0,-0.012370647218748945
3.0,0.01,18.0,0.0018266321790030848
3.0,0.01,19.0,-0.0058763487954704985
3.0,0.01,20.0,0.007522518094917552
3.0,0.01,21.0,8.909586957095428e-10
3.0,1.01,0.0,0.014607830794390986
3.0,1.01,1.0,0.0002460608672981146
3.0,1.01,2.0,0.003867108086943183
3.0,1.01,3.0,7.034272886397019e-10
3.0,1.01,4.0,-0.003732669581863801
3.0,1.01,5.0,-0.0070577138750305465
3.0,1.01,6.0,-6.544917650580517e-05
3.0,1.01,7.0,-0.008072175951676808
3.0,1.01,8.0,7.034272886397019e-10
3.0,1.01,9.0,0.00018497690476304562
3.0,1.01,10.0,-0.0012077719885756066
3.0,1.01,11.0,7.034272886397019e-10
3.0,1.01,12.0,2.3576882148129696e-05
3.0,1.01,13.0,0.0016664219308351047
3.0,1.01,14.0,-1.527478203276287e-05
3.0,1.01,15.0,4.142148274616231e-05
3.0,1.01,16.0,0.00110988495530151
3.0,1.01,17.0,-0.012569807746619418
3.0,1.01,18.0,0.0018357653681011776
3.0,1.01,19.0,-0.006125209904012274
3.0,1.01,20.0,0.008311817938933874
3.0,1.01,21.0,8.909586957095428e-10
3.0,2.01,0.0,0.014753573929234376
3.0,2.01,1.0,0.00024241403762481628
3.0,2.01,2.0,0.004157580094751423
3.0,2.01,3.0,7.034272886397019e-10
3.0,2.01,4.0,-0.0037223311318709262
3.0,2.01,5.0,-0.007085949195952531
3.0,2.01,6.0,-0.00019071619944971419
3.0,2.01,7.0,-0.008163425526976631
3.0,2.01,8.0,7.034272886397019e-10
3.0,2.01,9.0,0.0001714413116352953
3.0,2.01,10.0,-0.0012109267943057334
3.0,2.01,11.0,7.034272886397019e-10
3.0,2.01,12.0,1.720871921670475e-05
3.0,2.01,13.0,0.0017338496279837856
3.0,2.01,14.0,-1.527478720094594e-05
3.0,2.01,15.0,4.386884996965268e-05
3.0,2.01,16.0,0.001025793097674088
3.0,2.01,17.0,-0.012757351988798515
3.0,2.01,18.0,0.0018434400129650197
3.0,2.01,19.0,-0.006317062536717655
3.0,2.01,20.0,0.008827633514962296
3.0,2.01,21.0,8.909586957095428e-10
3.0,3.01,0.0,0.015603596809962705
3.0,3.01,1.0,0.00026951272609571086
3.0,3.01,2.0,0.0037869625136021656
3.0,3.01,3.0,7.034272886397019e-10
3.0,3.01,4.0,-0.00397367091739631
3.0,3.01,5.0,-0.007112803151083671
3.0,3.01,6.0,2.361516534371555e-05
3.0,3.01,7.0,-0.0082341830495897
3.0,3.01,8.0,7.034272886397019e-10
3.0,3.01,9.0,0.00021597228991424022
3.0,3.01,10.0,-0.0012148657048995926
3.0,3.01,11.0,7.034272886397019e-10
3.0,3.01,12.0,-4.554192667927115e-06
3.0,3.01,13.0,0.0017098631223650407
3.0,3.01,14.0,-1.5274792125114294e-05
3.0,3.01,15.0,4.138396878708428e-05
3.0,3.01,16.0,0.0011186777084873922
3.0,3.01,17.0,-0.01292000266660252
3.0,3.01,18.0,0.0018449445971698009
3.0,3.01,19.0,-0.0064178744914131225
3.0,3.01,20.0,0.00829195505190461
3.0,3.01,21.0,8.909586957095428e-10
3.0,4.01,0.0,0.015574211434867258
3.0,4.01,1.0,0.0002584136239782153
3.0,4.01,2.0,0.0042249031622458855
3.0,4.01,3.0,7.034272886397019e-10
3.0,4.01,4.0,-0.003899406861367305
3.0,4.01,5.0,-0.007139110427825373
3.0,4.01,6.0,-0.00017839945477293728
3.0,4.01,7.0,-0.00832549366433502
3.0,4.01,8.0,7.034272886397019e-10
3.0,4.01,9.0,0.00018883183872722697
3.0,4.01,10.0,-0.001217542965972318
3.0,4.01,11.0,7.034272886397019e-10
3.0,4.01,12.0,-6.823777035341871e-06
3.0,4.01,13.0,0.0017954142005978946
3.0,4.01,14.0,-1.5274796822509088e-05
3.0,4.01,15.0,4.491628944219839e-05
3.0,4.01,16.0,0.000995192712755666
3.0,4.01,17.0,-0.013104164531897732
3.0,4.01,18.0,0.0018534696898210024
3.0,4.01,19.0,-0.006622528447481069
3.0,4.01,20.0,0.009031285025965397
3.0,4.01,21.0,8.909586957095428e-10
3.0,5.01,0.0,0.01615314359993103
3.0,5.01,1.0,0.0002743312348835736
3.0,5.01,2.0,0.004087699367389563
3.0,5.01,3.0,7.034272886397019e-10
3.0,5.01,4.0,-0.00405390958346552
3.0,5.01,5.0,-0.007164264734405854
3.0,5.01,6.0,-8.231432521665916e-05
3.0,5.01,7.0,-0.008399171423077945
3.0,5.01,8.0,7.034272886397019e-10
3.0,5.01,9.0,0.00021254699646525155
3.0,5.01,10.0,-0.0012209175209152712
3.0,5.01,11.0,7.034272886397019e-10
3.0,5.01,12.0,-2.260665163766884e-05
3.0,5.01,13.0,0.001801963368410292
3.0,5.01,14.0,-1.5274801334151263e-05
3.0,5.01,15.0,4.4109879884485226e-05
3.0,5.01,16.0,0.0010265836114889404
3.0,5.01,17.0,-0.013267281194673353
3.0,5.01,18.0,0.0018565907945025384
3.0,5.01,19.0,-0.006751652013290921
3.0,5.01,20.0,0.008847928434978725
3.0,5.01,21.0,8.909586957095428e-10
3.0,6.01,0.0,0.01640605154432362
3.0,6.01,1.0,0.00027626513612954984
3.0,6.01,2.0,0.0042363742093824985
3.0,6.01,3.0,7.034272886397019e-10
3.0,6.01,4.0,-0.004089830271624517
3.0,6.01,5.0,-0.007188512581973191
3.0,6.01,6.0,-0.00013674921059542156
3.0,6.01,7.0,-0.008478036217309637
3.0,6.01,8.0,7.034272886397019e-10
3.0,6.01,9.0,0.00021030268969901567
3.0,6.01,10.0,-0.001223757940273601
3.0,6.01,11.0,7.034272886397019e-10
3.0,6.01,12.0,-3.1016403331390885e-05
3.0,6.01,13.0,0.0018463972200346845
3.0,6.01,14.0,-1.5274805676488395e-05
3.0,6.01,15.0,4.545933275798553e-05
3.0,6.01,16.0,0.0009809145869337788
3.0,6.01,17.0,-0.013433355262082013
3.0,6.01,18.0,0.0018621532147373165
3.0,6.01,19.0,-0.006909525711751852
3.0,6.01,20.0,0.009123668710663724
3.0,6.01,21.0,8.909586957095428e-10
3.0,7.01,0.0,0.016654425315418164
3.0,7.01,1.0,0.0002783154006131272
3.0,7.01,2.0,0.004375755585052432
3.0,7.01,3.0,7.034272886397019e-10
3.0,7.01,4.0,-0.004126745969972256
3.0,7.01,5.0,-0.007211889381930284
3.0,7.01,6.0,-0.00018774714620217736
3.0,7.01,7.0,-0.008554676415672952
3.0,7.01,8.0,7.034272886397019e-10
3.0,7.01,9.0,0.00020849216566601325
3.0,7.01,10.0,-0.0012264991261390634
3.0,7.01,11.0,7.034272886397019e-10
3.0,7.01,12.0,-3.927139278001035e-05
3.0,7.01,13.0,0.0018887430883271217
3.0,7.01,14.0,-1.527480985282186e-05
3.0,7.01,15.0,4.673902894700155e-05
3.0,7.01,16.0,0.0009377230365824052
3.0,7.01,17.0,-0.013595062913167904
3.0,7.01,18.0,0.001867486522786288
3.0,7.01,19.0,-0.007060982794724779
3.0,7.01,20.0,0.009384448696351688
3.0,7.01,21.0,8.909587234651184e-10
3.0,8.01,0.0,0.016903060864073338
3.0,8.01,1.0,0.0002806797266026728
3.0,8.01,2.0,0.004502349832468999
3.0,8.01,3.0,7.034272886397019e-10
3.0,8.01,4.0,-0.004166298233731491
3.0,8.01,5.0,-0.007234448612307338
3.0,8.01,6.0,-0.00023321131718012644
3.0,8.01,7.0,-0.008629148595024394
3.0,8.01,8.0,7.034272886397019e-10
3.0,8.01,9.0,0.00020746701151896918
3.0,8.01,10.0,-0.001229152917262527
3.0,8.01,11.0,7.034272886397019e-10
3.0,8.01,12.0,-4.748422427525156e-05
3.0,8.01,13.0,0.0019285811193155422
3.0,8.01,14.0,-1.527481387118066e-05
3.0,8.01,15.0,4.792015890628387e-05
3.0,8.01,16.0,0.000898007226699804
3.0,8.01,17.0,-0.013752636575649221
3.0,8.01,18.0,0.001872562121652488
3.0,8.01,19.0,-0.007206176039830925
3.0,8.01,20.0,0.009624028600377144
3.0,8.01,21.0,8.909586957095428e-10
3.0,9.01,0.0,0.01715466190757109
3.0,9.01,1.0,0.0002834631135782417
3.0,9.01,2.0,0.0046145062465583475
3.0,9.01,3.0,7.034272886397019e-10
3.0,9.01,4.0,-0.004209326885613318
3.0,9.01,5.0,-0.007256235235250886
3.0,9.01,6.0,-0.0002720231836866871
3.0,9.01,7.0,-0.008701518785041384
3.0,9.01,8.0,7.034272886397019e-10
3.0,9.01,9.0,0.000207407015011013
3.0,9.01,10.0,-0.0012317277474176158
3.0,9.01,11.0,7.034272886397019e-10
3.0,9.01,12.0,-5.571579145782768e-05
3.0,9.01,13.0,0.001965733179291662
3.0,9.01,14.0,-1.527481773972835e-05
3.0,9.01,15.0,4.898765759503432e-05
3.0,9.01,16.0,0.0008622649057685172
3.0,9.01,17.0,-0.013906271725727785
3.0,9.01,18.0,0.0018773671599133512
3.0,9.01,19.0,-0.0073454314677312005
3.0,9.01,20.0,0.009839229176198727
3.0,9.01,21.0,8.909587234651184e-10
3.0,10.01,0.0,0.017878406655742585
3.0,10.01,1.0,0.0003079775993983236
3.0,10.01,2.0,0.004276141297379243
3.0,10.01,3.0,7.034272886397019e-10
3.0,10.01,4.0,-0.00443418038134169
3.0,10.01,5.0,-0.007277569268115884
3.0,10.01,6.0,-7.178510164917995e-05
3.0,10.01,7.0,-0.008762775688900909
3.0,10.01,8.0,7.034272886397019e-10
3.0,10.01,9.0,0.0002478794035732923
3.0,10.01,10.0,-0.001234900272745365
3.0,10.01,11.0,7.034272886397019e-10
3.0,10.01,12.0,-7.495064356699555e-05
3.0,10.01,13.0,0.0019421142096559818
3.0,10.01,14.0,-1.5274821323543952e-05
3.0,10.01,15.0,4.657604985935926e-05
3.0,10.01,16.0,0.0009489426548974778
3.0,10.01,17.0,-0.01405019823885634
3.0,10.01,18.0,0.0018778528714236964
3.0,10.01,19.0,-0.007437169840492419
3.0,10.01,20.0,0.009318112976966497
3.0,10.01,21.0,8.909586957095428e-10
4.0,0.01,0.0,0.00031271624565676337
4.0,0.01,1.0,2.2124615287721916e-05
4.0,0.01,2.0,0.0001016871642866013
4.0,0.01,3.0,6.608777969319135e-10
4.0,0.01,4.0,-0.00013396915014890487
4.0,0.01,5.0,-0.00010872532515551758
4.0,0.01,6.0,6.002325010079357e-06
4.0,0.01,7.0,-4.615218623027495e-05
4.0,0.01,8.0,6.608777969319135e-10
4.0,0.01,9.0,-1.5044951853532273e-05
4.0,0.01,10.0,-2.0330470599599915e-05
4.0,0.01,11.0,6.608777969319135e-10
4.0,0.01,12.0,-3.5127769487885985e-05
4.0,0.01,13.0,0.0001105641666953594
4.0,0.01,14.0,7.896375853524984e-05
4.0,0.01,15.0,6.597460465329608e-06
4.0,0.01,16.0,0.00010704344213063877
4.0,0.01,17.0,2.4216545560729053e-05
4.0,0.01,18.0,1.247999028120006e-06
4.0,0.01,19.0,8.829296545453946e-05
4.0,0.01,20.0,4.319786117135127e-05
4.0,0.01,21.0,9.203635631394036e-10
4.0,1.01,0.0,0.029806050216673485
4.0,1.01,1.0,0.0022012005925947653
4.0,1.01,2.0,0.007980952495151294
4.0,1.01,3.0,6.608777969319135e-10
4.0,1.01,4.0,-0.004392094284886239
4.0,1.01,5.0,-0.008002702721698868
4.0,1.01,6.0,0.0006037309562824666
4.0,1.01,7.0,-0.001178151103734093
4.0,1.01,8.0,6.608777969319135e-10
4.0,1.01,9.0,-0.0012027942027572625
4.0,1.01,10.0,-0.0022597409523774925
4.0,1.01,11.0,6.608777969319135e-10
4.0,1.01,12.0,-0.003571321662704019
4.0,1.01,13.0,0.008986291307964245
4.0,1.01,14.0,0.009055724794641257
4.0,1.01,15.0,0.0004891368623585746
4.0,1.01,16.0,0.0055613853877795605
4.0,1.01,17.0,-0.0058807552784272965
4.0,1.01,18.0,-0.0015179997945942159
4.0,1.01,19.0,0.0032511290996001807
4.0,1.01,20.0,0.0013163857329401285
4.0,1.01,21.0,9.203635631394036e-10
4.0,2.01,0.0,0.05615194654358513
4.0,2.01,1.0,0.0041523156372125225
4.0,2.01,2.0,0.014979256250205242
4.0,2.01,3.0,6.608777969319135e-10
4.0,2.01,4.0,-0.007825153913130989
4.0,2.01,5.0,-0.014960948206879265
4.0,2.01,6.0,0.0011271896505214984
4.0,2.01,7.0,-0.0020524541832113163
4.0,2.01,8.0,6.608777969319135e-10
4.0,2.01,9.0,-0.0022580031755756735
4.0,2.01,10.0,-0.004274865096522945
4.0,2.01,11.0,6.608777969319135e-10
4.0,2.01,12.0,-0.006757185519257081
4.0,2.01,13.0,0.016876674733351693
4.0,2.01,14.0,0.0171718210973682
4.0,2.01,15.0,0.0009177404271710765
4.0,2.01,16.0,0.010237188641157968
4.0,2.01,17.0,-0.01155521029274753
4.0,2.01,18.0,-0.0029556101981145777
4.0,2.01,19.0,0.005829674793173811
4.0,2.01,20.0,0.0023277462006613403
4.0,2.01,21.0,9.203635631394036e-10
4.0,3.01,0.0,0.07971293881983177
4.0,3.01,1.0,0.005890394193753035
4.0,3.01,2.0,0.021274495438303953
4.0,3.01,3.0,6.608777969319135e-10
4.0,3.01,4.0,-0.011695802452429072
4.0,3.01,5.0,-0.021329525197750915
4.0,3.01,6.0,0.0016188650458567877
4.0,3.01,7.0,-0.0030987178767755696
4.0,3.01,8.0,6.608777969319135e-10
4.0,3.01,9.0,-0.0032071104253028893
4.0,3.01,10.0,-0.006035249620806371
4.0,3.01,11.0,6.608777969319135e-10
4.0,3.01,12.0,-0.009541120299580527
4.0,3.01,13.0,0.023968819339659442
4.0,3.01,14.0,0.024168156238562888
4.0,3.01,15.0,0.00130293299779774
4.0,3.01,16.0,0.014818956930318039
4.0,3.01,17.0,-0.015769715032552145
4.0,3.01,18.0,-0.004065729817904595
4.0,3.01,19.0,0.008686085596002036
4.0,3.01,20.0,0.0035014674971459714
4.0,3.01,21.0,9.203635631394036e-10
4.0,4.01,0.0,0.10066586031087288
4.0,4.01,1.0,0.007435371719086203
4.0,4.01,2.0,0.026832615331667142
4.0,4.01,3.0,6.608777969319135e-10
4.0,4.01,4.0,-0.014554132399273112
4.0,4.01,5.0,-0.02685449917428638
4.0,4.01,6.0,0.002031595598696201
4.0,4.01,7.0,-0.003833021080187793
4.0,4.01,8.0,6.608777969319135e-10
4.0,4.01,9.0,-0.004045816036596928
4.0,4.01,10.0,-0.007616856587962156
4.0,4.01,11.0,6.608777969319135e-10
4.0,4.01,12.0,-0.012052469809307756
4.0,4.01,13.0,0.030238294330058313
4.0,4.01,14.0,0.03056662221953957
4.0,4.01,15.0,0.0016418030010390827
4.0,4.01,16.0,0.01859217850004513
4.0,4.01,17.0,-0.020127889094487206
4.0,4.01,18.0,-0.005180022549921448
4.0,4.01,19.0,0.010811853690270268
4.0,4.01,20.0,0.004346506162110797
4.0,4.01,21.0,9.203635631394036e-10
4.0,5.01,0.0,0.1177323746331439
4.0,5.01,1.0,0.0086852793196317
4.0,5.01,2.0,0.031345043299219943
4.0,5.01,3.0,6.608777969319135e-10
4.0,5.01,4.0,-0.01690122865342092
4.0,5.01,5.0,-0.03131437623760541
4.0,5.01,6.0,0.0023591399157625315
4.0,5.01,7.0,-0.004433651369837699
4.0,5.01,8.0,6.608777969319135e-10
4.0,5.01,9.0,-0.004727543983914478
4.0,5.01,10.0,-0.008885131187428813
4.0,5.01,11.0,6.608777969319135e-10
4.0,5.01,12.0,-0.014078495608786545
4.0,5.01,13.0,0.035332403155599656
4.0,5.01,14.0,0.035751894148872504
4.0,5.01,15.0,0.0019150577141813507
4.0,5.01,16.0,0.021666883920117952
4.0,5.01,17.0,-0.023630184127216347
4.0,5.01,18.0,-0.006079433830815828
4.0,5.01,19.0,0.012540129738331851
4.0,5.01,20.0,0.005040704288575559
4.0,5.01,21.0,9.203635631394036e-10
4.0,6.01,0.0,0.12756726460495516
4.0,6.01,1.0,0.009412644151020999
4.0,6.01,2.0,0.033960701502225854
4.0,6.01,3.0,6.608777969319135e-10
4.0,6.01,4.0,-0.018332060821478313
4.0,6.01,5.0,-0.03393267698493181
4.0,6.01,6.0,0.0025598287749063475
4.0,6.01,7.0,-0.004806269015899145
4.0,6.01,8.0,6.608777969319135e-10
4.0,6.01,9.0,-0.005121922925520356
4.0,6.01,10.0,-0.009629486666507592
4.0,6.01,11.0,6.608777969319135e-10
4.0,6.01,12.0,-0.015255096832207743
4.0,6.01,13.0,0.03828107996152974
4.0,6.01,14.0,0.038726880106905115
4.0,6.01,15.0,0.0020752013007364623
4.0,6.01,16.0,0.02348596429816363
4.0,6.01,17.0,-0.025590840068456355
4.0,6.01,18.0,-0.006583526029878106
4.0,6.01,19.0,0.013609082981514531
4.0,6.01,20.0,0.005468686595112793
4.0,6.01,21.0,9.203635631394036e-10
4.0,7.01,0.0,0.1304861292043883
4.0,7.01,1.0,0.009643106675321145
4.0,7.01,2.0,0.03476721119117809
4.0,7.01,3.0,6.608777969319135e-10
4.0,7.01,4.0,-0.018699235927657487
4.0,7.01,5.0,-0.034786567921814754
4.0,7.01,6.0,0.0026332222292066443
4.0,7.01,7.0,-0.004911129263156455
4.0,7.01,8.0,6.608777969319135e-10
4.0,7.01,9.0,-0.005241982531893036
4.0,7.01,10.0,-0.009888356957777983
4.0,7.01,11.0,6.608777969319135e-10
4.0,7.01,12.0,-0.015641430715966742
4.0,7.01,13.0,0.03918194563083993
4.0,7.01,14.0,0.039673820586716285
4.0,7.01,15.0,0.002128052080121734
4.0,7.01,16.0,0.024012951572644714
4.0,7.01,17.0,-0.026278600818208875
4.0,7.01,18.0,-0.006752331862757921
4.0,7.01,19.0,0.013910884763048192
4.0,7.01,20.0,0.005576838054609123
4.0,7.01,21.0,9.203635631394036e-10
4.0,8.01,0.0,0.13094271802515312
4.0,8.01,1.0,0.009683851846520708
4.0,8.01,2.0,0.03490293832530278
4.0,8.01,3.0,6.608777969319135e-10
4.0,8.01,4.0,-0.01888394130697746
4.0,8.01,5.0,-0.0349679642423496
4.0,8.01,6.0,0.0026586595679737313
4.0,8.01,7.0,-0.004967736645169363
4.0,8.01,8.0,6.608777969319135e-10
4.0,8.01,9.0,-0.005261668284523374
4.0,8.01,10.0,-0.009937629926764613
4.0,8.01,11.0,6.608777969319135e-10
4.0,8.01,12.0,-0.015702825621923266
4.0,8.01,13.0,0.03933072500195989
4.0,8.01,14.0,0.03978016231633105
4.0,8.01,15.0,0.002138142655170955
4.0,8.01,16.0,0.024162154628663446
4.0,8.01,17.0,-0.026285149205972524
4.0,8.01,18.0,-0.0067536375443497665
4.0,8.01,19.0,0.014059417363668836
4.0,8.01,20.0,0.00563607812263317
4.0,8.01,21.0,9.203635631394036e-10
4.0,9.01,0.0,0.1309923123301142
4.0,9.01,1.0,0.009689003364890092
4.0,9.01,2.0,0.034919111561843796
4.0,9.01,3.0,6.608777969319135e-10
4.0,9.01,4.0,-0.018768720596186117
4.0,9.01,5.0,-0.0349742790356173
4.0,9.01,6.0,0.0026561171715009935
4.0,9.01,7.0,-0.0049367668604904935
4.0,9.01,8.0,6.608777969319135e-10
4.0,9.01,9.0,-0.005263929155652325
4.0,9.01,10.0,-0.009950310499720477
4.0,9.01,11.0,6.608777969319135e-10
4.0,9.01,12.0,-0.015720375662167732
4.0,9.01,13.0,0.0393479895500215
4.0,9.01,14.0,0.03984877170566911
4.0,9.01,15.0,0.002139548150178139
4.0,9.01,16.0,0.024116344089670783
4.0,9.01,17.0,-0.026408029679580503
4.0,9.01,18.0,-0.006780473492552841
4.0,9.01,19.0,0.013982469686353305
4.0,9.01,20.0,0.005600028108372568
4.0,9.01,21.0,9.203635631394036e-10
4.0,10.01,0.0,0.13099686888913997
4.0,10.01,1.0,0.009689563443991966
4.0,10.01,2.0,0.03492076462607885
4.0,10.01,3.0,6.608777969319135e-10
4.0,10.01,4.0,-0.018817424716657594
4.0,10.01,5.0,-0.03498569570449102
4.0,10.01,6.0,0.002659879808635912
4.0,10.01,7.0,-0.0049515608764863495
4.0,10.01,8.0,6.608777969319135e-10
4.0,10.01,9.0,-0.0052641494513351594
4.0,10.01,10.0,-0.009950468985327005
4.0,10.01,11.0,6.608777969319135e-10
4.0,10.01,12.0,-0.01571782413720274
4.0,10.01,13.0,0.0393496948173257
4.0,10.01,14.0,0.039830896890643425
4.0,10.01,15.0,0.0021397187856373734
4.0,10.01,16.0,0.02414048111064604
4.0,10.01,17.0,-0.026366462872061958
4.0,10.01,18.0,-0.0067707174765755385
4.0,10.01,19.0,0.014017860558408868
4.0,10.01,20.0,0.005615795454520345
4.0,10.01,21.0,9.203635631394036e-10
5.0,0.01,0.0,0.0005615985471711937
5.0,0.01,1.0,5.557075676038137e-06
5.0,0.01,2.0,-7.966316821594877e-06
5.0,0.01,3.0,8.242249383005884e-10
5.0,0.01,4.0,-3.2742400973839736e-06
5.0,0.01,5.0,-1.5254997236520976e-11
5.0,0.01,6.0,-9.869759560710012e-05
5.0,0.01,7.0,-0.002611769719624085
5.0,0.01,8.0,8.242249383005884e-10
5.0,0.01,9.0,6.24656824213532e-06
5.0,0.01,10.0,7.274599549092486e-06
5.0,0.01,11.0,8.242249383005884e-10
5.0,0.01,12.0,-4.310857698466841e-05
5.0,0.01,13.0,1.640647962725117e-05
5.0,0.01,14.0,7.607060631342755e-05
5.0,0.01,15.0,6.263735433109652e-07
5.0,0.01,16.0,-0.00011016202046426615
5.0,0.01,17.0,-0.0009139087030472504
5.0,0.01,18.0,-5.689693713145649e-05
5.0,0.01,19.0,0.00011336033857833883
5.0,0.01,20.0,-7.004790064790711e-05
5.0,0.01,21.0,1.1998637639010212e-09
5.0,1.01,0.0,0.0005615985496937315
5.0,1.01,1.0,5.557075699907932e-06
5.0,1.01,2.0,-7.966317911889398e-06
5.0,1.01,3.0,8.242249383005884e-10
5.0,1.01,4.0,-3.274238355110981e-06
5.0,1.01,5.0,-1.5254997236520976e-11
5.0,1.01,6.0,-9.869759643199583e-05
5.0,1.01,7.0,-0.002611769719624258
5.0,1.01,8.0,8.242249383005884e-10
5.0,1.01,9.0,6.246568329426605e-06
5.0,1.01,10.0,7.274599534506931e-06
5.0,1.01,11.0,8.242249383005884e-10
5.0,1.01,12.0,-4.310857715983385e-05
5.0,1.01,13.0,1.6406479161346077e-05
5.0,1.01,14.0,7.607060627795592e-05
5.0,1.01,15.0,6.263735344846921e-07
5.0,1.01,16.0,-0.00011016202305563771
5.0,1.01,17.0,-0.0009139087040149763
5.0,1.01,18.0,-5.6896937279560245e-05
5.0,1.01,19.0,0.00011336033972386694
5.0,1.01,20.0,-7.004790174341968e-05
5.0,1.01,21.0,1.1998637639010212e-09
5.0,2.01,0.0,0.0005615985521757461
5.0,2.01,1.0,5.557075723361393e-06
5.0,2.01,2.0,-7.966318984642395e-06
5.0,2.01,3.0,8.242249383005884e-10
5.0,2.01,4.0,-3.2742366382620958e-06
5.0,2.01,5.0,-1.5254997236520976e-11
5.0,2.01,6.0,-9.869759724451255e-05
5.0,2.01,7.0,-0.0026117697196244476
5.0,2.01,8.0,8.242249383005884e-10
5.0,2.01,9.0,6.246568415302356e-06
5.0,2.01,10.0,7.274599520171177e-06
5.0,2.01,11.0,8.242249383005884e-10
5.0,2.01,12.0,-4.310857733214046e-05
5.0,2.01,13.0,1.640647870293499e-05
5.0,2.01,14.0,7.607060624326145e-05
5.0,2.01,15.0,6.26373525797197e-07
5.0,2.01,16.0,-0.00011016202560565347
5.0,2.01,17.0,-0.0009139087049682137
5.0,2.01,18.0,-5.689693742683133e-05
5.0,2.01,19.0,0.00011336034085079882
5.0,2.01,20.0,-7.004790282150175e-05
5.0,2.01,21.0,1.1998637639010212e-09
5.0,3.01,0.0,0.0005615985547717806
5.0,3.01,1.0,5.557075747925078e-06
5.0,3.01,2.0,-7.966320106855829e-06
5.0,3.01,3.0,8.242249383005884e-10
5.0,3.01,4.0,-3.2742348462511117e-06
5.0,3.01,5.0,-1.5254997236520976e-11
5.0,3.01,6.0,-9.869759809277845e-05
5.0,3.01,7.0,-0.0026117697196245885
5.0,3.01,8.0,8.242249383005884e-10
5.0,3.01,9.0,6.246568505091643e-06
5.0,3.01,10.0,7.2745995051970436e-06
5.0,3.01,11.0,8.242249383005884e-10
5.0,3.01,12.0,-4.3108577512357416e-05
5.0,3.01,13.0,1.6406478223429666e-05
5.0,3.01,14.0,7.607060620665185e-05
5.0,3.01,15.0,6.263735166933682e-07
5.0,3.01,16.0,-0.00011016202827218713
5.0,3.01,17.0,-0.0009139087059630846
5.0,3.01,18.0,-5.6896937579042905e-05
5.0,3.01,19.0,0.00011336034202913403
5.0,3.01,20.0,-7.004790394832261e-05
5.0,3.01,21.0,1.1998637639010212e-09
5.0,4.01,0.0,0.0005615985571870707
5.0,4.01,1.0,5.557075770767916e-06
5.0,4.01,2.0,-7.966321150465472e-06
5.0,4.01,3.0,8.242249383005884e-10
5.0,4.01,4.0,-3.2742331768087496e-06
5.0,4.01,5.0,-1.5254997236520976e-11
5.0,4.01,6.0,-9.869759888314622e-05
5.0,4.01,7.0,-0.0026117697196248067
5.0,4.01,8.0,8.242249383005884e-10
5.0,4.01,9.0,6.246568588719192e-06
5.0,4.01,10.0,7.274599491249867e-06
5.0,4.01,11.0,8.242249383005884e-10
5.0,4.01,12.0,-4.310857767997334e-05
5.0,4.01,13.0,1.6406477777397566e-05
5.0,4.01,14.0,7.607060617279005e-05
5.0,4.01,15.0,6.263735082556732e-07
5.0,4.01,16.0,-0.00011016203075314701
5.0,4.01,17.0,-0.0009139087068896767
5.0,4.01,18.0,-5.6896937721706564e-05
5.0,4.01,19.0,0.00011336034312592336
5.0,4.01,20.0,-7.00479049971503e-05
5.0,4.01,21.0,1.1998637639010212e-09
5.0,5.01,0.0,0.0005615985596465478
5.0,5.01,1.0,5.557075793999333e-06
5.0,5.01,2.0,-7.96632221361504e-06
5.0,5.01,3.0,8.242249383005884e-10
5.0,5.01,4.0,-3.274231476391165e-06
5.0,5.01,5.0,-1.5254997236520976e-11
5.0,5.01,6.0,-9.869759968783587e-05
5.0,5.01,7.0,-0.0026117697196250057
5.0,5.01,8.0,8.242249383005884e-10
5.0,5.01,9.0,6.246568673845543e-06
5.0,5.01,10.0,7.27459947705289e-06
5.0,5.01,11.0,8.242249383005884e-10
5.0,5.01,12.0,-4.310857785069788e-05
5.0,5.01,13.0,1.6406477323094304e-05
5.0,5.01,14.0,7.607060613826211e-05
5.0,5.01,15.0,6.263734996514447e-07
5.0,5.01,16.0,-0.00011016203327990359
5.0,5.01,17.0,-0.0009139087078337549
5.0,5.01,18.0,-5.689693786703476e-05
5.0,5.01,19.0,0.00011336034424286323
5.0,5.01,20.0,-7.004790606529587e-05
5.0,5.01,21.0,1.1998637639010212e-09
5.0,6.01,0.0,0.0005615985621993946
5.0,6.01,1.0,5.557075818118928e-06
5.0,6.01,2.0,-7.966323316899171e-06
5.0,6.01,3.0,8.242249383005884e-10
5.0,6.01,4.0,-3.2742297128018905e-06
5.0,6.01,5.0,-1.5254997236520976e-11
5.0,6.01,6.0,-9.869760052266807e-05
5.0,6.01,7.0,-0.0026117697196251658
5.0,6.01,8.0,8.242249383005884e-10
5.0,6.01,9.0,6.246568762136029e-06
5.0,6.01,10.0,7.274599462328557e-06
5.0,6.01,11.0,8.242249383005884e-10
5.0,6.01,12.0,-4.310857802788948e-05
5.0,6.01,13.0,1.6406476851665852e-05
5.0,6.01,14.0,7.607060610245742e-05
5.0,6.01,15.0,6.263734907141494e-07
5.0,6.01,16.0,-0.00011016203590230589
5.0,6.01,17.0,-0.0009139087088132491
5.0,6.01,18.0,-5.6896938017581e-05
5.0,6.01,19.0,0.00011336034540182505
5.0,6.01,20.0,-7.004790717385356e-05
5.0,6.01,21.0,1.1998637639010212e-09
5.0,7.01,0.0,0.0005615985646792998
5.0,7.01,1.0,5.55707584157239e-06
5.0,7.01,2.0,-7.966324388875012e-06
5.0,7.01,3.0,8.242249383005884e-10
5.0,7.01,4.0,-3.2742279989506073e-06
5.0,7.01,5.0,-1.5254997236520976e-11
5.0,7.01,6.0,-9.86976013337415e-05
5.0,7.01,7.0,-0.0026117697196253557
5.0,7.01,8.0,8.242249383005884e-10
5.0,7.01,9.0,6.246568847956269e-06
5.0,7.01,10.0,7.27459944800668e-06
5.0,7.01,11.0,8.242249383005884e-10
5.0,7.01,12.0,-4.310857820008507e-05
5.0,7.01,13.0,1.6406476393560077e-05
5.0,7.01,14.0,7.607060606756866e-05
5.0,7.01,15.0,6.263734820266542e-07
5.0,7.01,16.0,-0.00011016203844982364
5.0,7.01,17.0,-0.0009139087097645437
5.0,7.01,18.0,-5.6896938163963906e-05
5.0,7.01,19.0,0.00011336034652792426
5.0,7.01,20.0,-7.004790825049234e-05
5.0,7.01,21.0,1.1998637639010212e-09
5.0,8.01,0.0,0.0005615985671759693
5.0,8.01,1.0,5.55707586522014e-06
5.0,8.01,2.0,-7.96632546790077e-06
5.0,8.01,3.0,8.242249383005884e-10
5.0,8.01,4.0,-3.274226273664027e-06
5.0,8.01,5.0,-1.5254997236520976e-11
5.0,8.01,6.0,-9.869760215047707e-05
5.0,8.01,7.0,-0.0026117697196255405
5.0,8.01,8.0,8.242249383005884e-10
5.0,8.01,9.0,6.2465689343593755e-06
5.0,8.01,10.0,7.274599433573781e-06
5.0,8.01,11.0,8.242249383005884e-10
5.0,8.01,12.0,-4.310857837339088e-05
5.0,8.01,13.0,1.640647593251221e-05
5.0,8.01,14.0,7.607060603254112e-05
5.0,8.01,15.0,6.263734733114035e-07
5.0,8.01,16.0,-0.00011016204101449434
5.0,8.01,17.0,-0.0009139087107222776
5.0,8.01,18.0,-5.6896938310957434e-05
5.0,8.01,19.0,0.00011336034766129544
5.0,8.01,20.0,-7.004790933473615e-05
5.0,8.01,21.0,1.1998637639010212e-09
5.0,9.01,0.0,0.0005615985698066428
5.0,9.01,1.0,5.55707589006138e-06
5.0,9.01,2.0,-7.96632660493568e-06
5.0,9.01,3.0,8.242249383005884e-10
5.0,9.01,4.0,-3.274224457339159e-06
5.0,9.01,5.0,-1.5254997236520976e-11
5.0,9.01,6.0,-9.869760301062236e-05
5.0,9.01,7.0,-0.002611769719625667
5.0,9.01,8.0,8.242249383005884e-10
5.0,9.01,9.0,6.246569025342152e-06
5.0,9.01,10.0,7.274599418419236e-06
5.0,9.01,11.0,8.242249383005884e-10
5.0,9.01,12.0,-4.310857855596706e-05
5.0,9.01,13.0,1.6406475446623103e-05
5.0,9.01,14.0,7.607060599554294e-05
5.0,9.01,15.0,6.263734640965524e-07
5.0,9.01,16.0,-0.00011016204371694371
5.0,9.01,17.0,-0.0009139087117309708
5.0,9.01,18.0,-5.689693846550048e-05
5.0,9.01,19.0,0.00011336034885561785
5.0,9.01,20.0,-7.00479104769336e-05
5.0,9.01,21.0,1.1998637639010212e-09
5.0,10.01,0.0,0.0005615985723079753
5.0,10.01,1.0,5.557075913709131e-06
5.0,10.01,2.0,-7.966327686237396e-06
5.0,10.01,3.0,8.242249383005884e-10
5.0,10.01,4.0,-3.27422272972111e-06
5.0,10.01,5.0,-1.5254997236520976e-11
5.0,10.01,6.0,-9.869760382807957e-05
5.0,10.01,7.0,-0.002611769719625849
5.0,10.01,8.0,8.242249383005884e-10
5.0,10.01,9.0,6.246569111911793e-06
5.0,10.01,10.0,7.2745994039585815e-06
5.0,10.01,11.0,8.242249383005884e-10
5.0,10.01,12.0,-4.3108578729633695e-05
5.0,10.01,13.0,1.6406474984659303e-05
5.0,10.01,14.0,7.607060596034887e-05
5.0,10.01,15.0,6.263734553813016e-07
5.0,10.01,16.0,-0.00011016204628661042
5.0,10.01,17.0,-0.0009139087126902035
5.0,10.01,18.0,-5.689693861260503e-05
5.0,10.01,19.0,0.00011336034999143152
5.0,10.01,20.0,-7.004791156295376e-05
5.0,10.01,21.0,1.1998637639010212e-09
6.0,0.01,0.0,-4.652836138263616e-06
6.0,0.01,1.0,-2.845368197668119e-06
6.0,0.01,2.0,5.6144432994287286e-05
6.0,0.01,3.0,2.5063475184161632e-09
6.0,0.01,4.0,-4.2572375564875475e-05
6.0,0.01,5.0,-2.2416078239610506e-09
6.0,0.01,6.0,-0.00021365046954552325
6.0,0.01,7.0,-0.00018861425813292837
6.0,0.01,8.0,2.5063475184161632e-09
6.0,0.01,9.0,-3.849889727649408e-05
6.0,0.01,10.0,-6.223103689584342e-07
6.0,0.01,11.0,2.5063475184161632e-09
6.0,0.01,12.0,-0.00012879992579573063
6.0,0.01,13.0,-3.925126898174369e-06
6.0,0.01,14.0,-1.4178402182080293e-09
6.0,0.01,15.0,4.927885244032648e-07
6.0,0.01,16.0,-2.4517080273483982e-05
6.0,0.01,17.0,-5.571088722369777e-05
6.0,0.01,18.0,0.00041377951688648107
6.0,0.01,19.0,0.00010097543908715867
6.0,0.01,20.0,-0.00010841493294888593
6.0,0.01,21.0,3.7340888159320684e-09
6.0,1.01,0.0,-4.652833608620455e-06
6.0,1.01,1.0,-2.845368182680108e-06
6.0,1.01,2.0,5.614443131451985e-05
6.0,1.01,3.0,2.5063475184161632e-09
6.0,1.01,4.0,-4.257237849575324e-05
6.0,1.01,5.0,-2.2416078239610506e-09
6.0,1.01,6.0,-0.00021365046353588601
6.0,1.01,7.0,-0.0001886142585295278
6.0,1.01,8.0,2.5063475184161632e-09
6.0,1.01,9.0,-3.8498897159906786e-05
6.0,1.01,10.0,-6.223107762715063e-07
6.0,1.01,11.0,2.5063475184161632e-09
6.0,1.01,12.0,-0.0001287999360319314
6.0,1.01,13.0,-3.9251271214402195e-06
6.0,1.01,14.0,-1.4178402182080293e-09
6.0,1.01,15.0,4.927885331462711e-07
6.0,1.01,16.0,-2.4517076742447408e-05
6.0,1.01,17.0,-5.571088691599946e-05
6.0,1.01,18.0,0.0004137795264677613
6.0,1.01,19.0,0.00010097544148940374
6.0,1.01,20.0,-0.00010841494669561191
6.0,1.01,21.0,3.7340888159320684e-09
6.0,2.01,0.0,-4.652831081974895e-06
6.0,2.01,1.0,-2.845368167636586e-06
6.0,2.01,2.0,5.6144429636306725e-05
6.0,2.01,3.0,2.5063475184161632e-09
6.0,2.01,4.0,-4.257238142318931e-05
6.0,2.01,5.0,-2.2416078239610506e-09
6.0,2.01,6.0,-0.00021365045752941292
6.0,2.01,7.0,-0.00018861425892571781
6.0,2.01,8.0,2.5063475184161632e-09
6.0,2.01,9.0,-3.849889704347215e-05
6.0,2.01,10.0,-6.223111831543671e-07
6.0,2.01,11.0,2.5063475184161632e-09
6.0,2.01,12.0,-0.00012879994625558666
6.0,2.01,13.0,-3.925127344511781e-06
6.0,2.01,14.0,-1.4178402182080293e-09
6.0,2.01,15.0,4.927885418892775e-07
6.0,2.01,16.0,-2.451707321482477e-05
6.0,2.01,17.0,-5.571088660866197e-05
6.0,2.01,18.0,0.0004137795360326657
6.0,2.01,19.0,0.00010097544388754098
6.0,2.01,20.0,-0.00010841496042657273
6.0,2.01,21.0,3.7340888159320684e-09
6.0,3.01,0.0,-4.65282855455218e-06
6.0,3.01,1.0,-2.845368152593064e-06
6.0,3.01,2.0,5.6144427957871557e-05
6.0,3.01,3.0,2.5063475184161632e-09
6.0,3.01,4.0,-4.2572384351291515e-05
6.0,3.01,5.0,-2.2416078239610506e-09
6.0,3.01,6.0,-0.0002136504515237725
6.0,3.01,7.0,-0.00018861425932196335
6.0,3.01,8.0,2.5063475184161632e-09
6.0,3.01,9.0,-3.849889692700281e-05
6.0,3.01,10.0,-6.22311590092739e-07
6.0,3.01,11.0,2.5063475184161632e-09
6.0,3.01,12.0,-0.00012879995648190645
6.0,3.01,13.0,-3.925127567666609e-06
6.0,3.01,14.0,-1.4178402182080293e-09
6.0,3.01,15.0,4.927885505767726e-07
6.0,3.01,16.0,-2.4517069686813553e-05
6.0,3.01,17.0,-5.571088630126897e-05
6.0,3.01,18.0,0.00041377954560256613
6.0,3.01,19.0,0.00010097544628684396
6.0,3.01,20.0,-0.00010841497416047563
6.0,3.01,21.0,3.7340888159320684e-09
6.0,4.01,0.0,-4.652826027129464e-06
6.0,4.01,1.0,-2.845368137549542e-06
6.0,4.01,2.0,5.614442627943639e-05
6.0,4.01,3.0,2.5063475184161632e-09
6.0,4.01,4.0,-4.257238727950474e-05
6.0,4.01,5.0,-2.2416078239610506e-09
6.0,4.01,6.0,-0.00021365044551691081
6.0,4.01,7.0,-0.00018861425971824358
6.0,4.01,8.0,2.5063475184161632e-09
6.0,4.01,9.0,-3.849889681053348e-05
6.0,4.01,10.0,-6.223119970727442e-07
6.0,4.01,11.0,2.5063475184161632e-09
6.0,4.01,12.0,-0.00012879996670861482
6.0,4.01,13.0,-3.925127790793681e-06
6.0,4.01,14.0,-1.4178402182080293e-09
6.0,4.01,15.0,4.927885593197789e-07
6.0,4.01,16.0,-2.451706615841376e-05
6.0,4.01,17.0,-5.571088599387597e-05
6.0,4.01,18.0,0.0004137795551716339
6.0,4.01,19.0,0.0001009754486859249
6.0,4.01,20.0,-0.0001084149878952112
6.0,4.01,21.0,3.7340888159320684e-09
6.0,5.01,0.0,-4.652823499484704e-06
6.0,5.01,1.0,-2.84536812250602e-06
6.0,5.01,2.0,5.614442460111224e-05
6.0,5.01,3.0,2.5063475184161632e-09
6.0,5.01,4.0,-4.25723902078845e-05
6.0,5.01,5.0,-2.2416078239610506e-09
6.0,5.01,6.0,-0.00021365043951115936
6.0,5.01,7.0,-0.0001886142601145377
6.0,5.01,8.0,2.5063475184161632e-09
6.0,5.01,9.0,-3.849889669407108e-05
6.0,5.01,10.0,-6.223124040527495e-07
6.0,5.01,11.0,2.5063475184161632e-09
6.0,5.01,12.0,-0.00012879997693615586
6.0,5.01,13.0,-3.925128013920753e-06
6.0,5.01,14.0,-1.4178402182080293e-09
6.0,5.01,15.0,4.927885680072741e-07
6.0,5.01,16.0,-2.451706263015274e-05
6.0,5.01,17.0,-5.5710885686455214e-05
6.0,5.01,18.0,0.0004137795647433662
6.0,5.01,19.0,0.00010097545108556094
6.0,5.01,20.0,-0.00010841500163044637
6.0,5.01,21.0,3.7340888159320684e-09
6.0,6.01,0.0,-4.6528209728391445e-06
6.0,6.01,1.0,-2.845368107462498e-06
6.0,6.01,2.0,5.614442292301014e-05
6.0,6.01,3.0,2.5063475184161632e-09
6.0,6.01,4.0,-4.257239313515404e-05
6.0,6.01,5.0,-2.2416078239610506e-09
6.0,6.01,6.0,-0.00021365043350568547
6.0,6.01,7.0,-0.00018861426051068608
6.0,6.01,8.0,2.5063475184161632e-09
6.0,6.01,9.0,-3.8498896577629504e-05
6.0,6.01,10.0,-6.223128108939768e-07
6.0,6.01,11.0,2.5063475184161632e-09
6.0,6.01,12.0,-0.00012879998715942254
6.0,6.01,13.0,-3.925128236992315e-06
6.0,6.01,14.0,-1.4178402182080293e-09
6.0,6.01,15.0,4.927885767225249e-07
6.0,6.01,16.0,-2.451705910280766e-05
6.0,6.01,17.0,-5.5710885379117725e-05
6.0,6.01,18.0,0.0004137795743087702
6.0,6.01,19.0,0.0001009754534837537
6.0,6.01,20.0,-0.00010841501536090759
6.0,6.01,21.0,3.7340888159320684e-09
6.0,7.01,0.0,-4.65281844497234e-06
6.0,7.01,1.0,-2.8453680924744873e-06
6.0,7.01,2.0,5.614442124401986e-05
6.0,7.01,3.0,2.5063475184161632e-09
6.0,7.01,4.0,-4.257239606386687e-05
6.0,7.01,5.0,-2.2416078239610506e-09
6.0,7.01,6.0,-0.00021365042749804664
6.0,7.01,7.0,-0.0001886142609070357
6.0,7.01,8.0,2.5063475184161632e-09
6.0,7.01,9.0,-3.8498896461139354e-05
6.0,7.01,10.0,-6.22313217943371e-07
6.0,7.01,11.0,2.5063475184161632e-09
6.0,7.01,12.0,-0.00012879999738790726
6.0,7.01,13.0,-3.9251284601471426e-06
6.0,7.01,14.0,-1.4178402182080293e-09
6.0,7.01,15.0,4.927885854932867e-07
6.0,7.01,16.0,-2.4517055573908264e-05
6.0,7.01,17.0,-5.5710885071669214e-05
6.0,7.01,18.0,0.0004137795838799474
6.0,7.01,19.0,0.00010097545588338974
6.0,7.01,20.0,-0.0001084150290978636
6.0,7.01,21.0,3.7340888159320684e-09
6.0,8.01,0.0,-4.652815918215758e-06
6.0,8.01,1.0,-2.8453680774309653e-06
6.0,8.01,2.0,5.614441956558469e-05
6.0,8.01,3.0,2.5063475184161632e-09
6.0,8.01,4.0,-4.257239899135845e-05
6.0,8.01,5.0,-2.2416078239610506e-09
6.0,8.01,6.0,-0.00021365042149362745
6.0,8.01,7.0,-0.00018861426130319797
6.0,8.01,8.0,2.5063475184161632e-09
6.0,8.01,9.0,-3.8498896344704714e-05
6.0,8.01,10.0,-6.223136247984762e-07
6.0,8.01,11.0,2.5063475184161632e-09
6.0,8.01,12.0,-0.00012880000761206212
6.0,8.01,13.0,-3.925128683246459e-06
6.0,8.01,14.0,-1.4178402182080293e-09
6.0,8.01,15.0,4.927885941807819e-07
6.0,8.01,16.0,-2.4517052046590937e-05
6.0,8.01,17.0,-5.571088476435948e-05
6.0,8.01,18.0,0.0004137795934477384
6.0,8.01,19.0,0.00010097545828219312
6.0,8.01,20.0,-0.00010841504282915748
6.0,8.01,21.0,3.7340888159320684e-09
6.0,9.01,0.0,-4.6528133896828194e-06
6.0,9.01,1.0,-2.8453680623874433e-06
6.0,9.01,2.0,5.614441788692748e-05
6.0,9.01,3.0,2.5063475184161632e-09
6.0,9.01,4.0,-4.257240192101497e-05
6.0,9.01,5.0,-2.2416078239610506e-09
6.0,9.01,6.0,-0.00021365041548504493
6.0,9.01,7.0,-0.00018861426169965168
6.0,9.01,8.0,2.5063475184161632e-09
6.0,9.01,9.0,-3.849889622817293e-05
6.0,9.01,10.0,-6.223140319588927e-07
6.0,9.01,11.0,2.5063475184161632e-09
6.0,9.01,12.0,-0.00012880001784393302
6.0,9.01,13.0,-3.9251289064567985e-06
6.0,9.01,14.0,-1.4178402182080293e-09
6.0,9.01,15.0,4.927886029237882e-07
6.0,9.01,16.0,-2.4517048516747852e-05
6.0,9.01,17.0,-5.571088445679995e-05
6.0,9.01,18.0,0.00041377960302324546
6.0,9.01,19.0,0.00010097546068293939
6.0,9.01,20.0,-0.0001084150565701103
6.0,9.01,21.0,3.7340888159320684e-09
6.0,10.01,0.0,-4.652810861482948e-06
6.0,10.01,1.0,-2.8453680474549436e-06
6.0,10.01,2.0,5.614441620804822e-05
6.0,10.01,3.0,2.5063475184161632e-09
6.0,10.01,4.0,-4.257240484989433e-05
6.0,10.01,5.0,-2.2416078239610506e-09
6.0,10.01,6.0,-0.00021365040947773917
6.0,10.01,7.0,-0.00018861426209601517
6.0,10.01,8.0,2.5063475184161632e-09
6.0,10.01,9.0,-3.849889611168972e-05
6.0,10.01,10.0,-6.223144390082869e-07
6.0,10.01,11.0,2.5063475184161632e-09
6.0,10.01,12.0,-0.00012880002807308388
6.0,10.01,13.0,-3.925129129639382e-06
6.0,10.01,14.0,-1.4178402182080293e-09
6.0,10.01,15.0,4.92788611639039e-07
6.0,10.01,16.0,-2.451704498776519e-05
6.0,10.01,17.0,-5.571088414932368e-05
6.0,10.01,18.0,0.00041377961259592144
6.0,10.01,19.0,0.00010097546308296401
6.0,10.01,20.0,-0.00010841507030801001
6.0,10.01,21.0,3.7340888159320684e-09
7.0,0.01,0.0,-0.0006836283309056279
7.0,0.01,1.0,-0.00013916466746372036
7.0,0.01,2.0,0.0002572967583442942
7.0,0.01,3.0,7.579301075644196e-10
7.0,0.01,4.0,-0.0028490056761485377
7.0,0.01,5.0,-0.0003373235945153541
7.0,0.01,6.0,-0.0006088641036072207
7.0,0.01,7.0,-0.00048318559106352854
7.0,0.01,8.0,7.579301075644196e-10
7.0,0.01,9.0,-0.0001340041242803569
7.0,0.01,10.0,-7.311776752472188e-05
7.0,0.01,11.0,7.579301075644196e-10
7.0,0.01,12.0,-7.450617910419177e-05
7.0,0.01,13.0,0.00010634063134445926
7.0,0.01,14.0,0.0006390431186824724
7.0,0.01,15.0,4.820786611070549e-05
7.0,0.01,16.0,-0.0001517513893991157
7.0,0.01,17.0,-0.0005327926371706815
7.0,0.01,18.0,-0.0007107387506474772
7.0,0.01,19.0,-0.0004149361614707303
7.0,0.01,20.0,-0.00019134693299066585
7.0,0.01,21.0,7.98174137894847e-10
7.0,1.01,0.0,0.00825100810883006
7.0,1.01,1.0,0.00035339058315014826
7.0,1.01,2.0,0.0023116828113840526
7.0,1.01,3.0,7.579301075644196e-10
7.0,1.01,4.0,-0.0030663993397888564
7.0,1.01,5.0,-0.004318960708439214
7.0,1.01,6.0,0.0010410438347246975
7.0,1.01,7.0,-0.005568608872505987
7.0,1.01,8.0,7.579301075644196e-10
7.0,1.01,9.0,-0.0007764286549591382
7.0,1.01,10.0,-0.000871270849918615
7.0,1.01,11.0,7.579301075644196e-10
7.0,1.01,12.0,0.0017841656338114242
7.0,1.01,13.0,0.001931889357042249
7.0,1.01,14.0,-0.00014253723738966162
7.0,1.01,15.0,0.00021825338390882298
7.0,1.01,16.0,-0.0013151707369709192
7.0,1.01,17.0,-0.00420842449375608
7.0,1.01,18.0,0.0001430486219471394
7.0,1.01,19.0,-0.003073160439508893
7.0,1.01,20.0,0.0008487183288735656
7.0,1.01,21.0,7.98174137894847e-10
7.0,2.01,0.0,0.016162019094029922
7.0,2.01,1.0,0.0007998306792962873
7.0,2.01,2.0,0.004079644738079369
7.0,2.01,3.0,7.579301075644196e-10
7.0,2.01,4.0,-0.0031593651911621373
7.0,2.01,5.0,-0.007821611805029723
7.0,2.01,6.0,0.0025092318286082937
7.0,2.01,7.0,-0.010030334173784197
7.0,2.01,8.0,7.579301075644196e-10
7.0,2.01,9.0,-0.00132205505485114
7.0,2.01,10.0,-0.001576598810541896
7.0,2.01,11.0,7.579301075644196e-10
7.0,2.01,12.0,0.003436562385074393
7.0,2.01,13.0,0.0035167914098466757
7.0,2.01,14.0,-0.0008464366941140916
7.0,2.01,15.0,0.00036294511537404706
7.0,2.01,16.0,-0.002324142070708954
7.0,2.01,17.0,-0.007441928622798022
7.0,2.01,18.0,0.0009305327102059335
7.0,2.01,19.0,-0.005377284108846525
7.0,2.01,20.0,0.0017597539186866573
7.0,2.01,21.0,7.98174137894847e-10
7.0,3.01,0.0,0.02312375599480443
7.0,3.01,1.0,0.0011739541438079426
7.0,3.01,2.0,0.005689339032836416
7.0,3.01,3.0,7.579301075644196e-10
7.0,3.01,4.0,-0.0032016629055640114
7.0,3.01,5.0,-0.010928920298793929
7.0,3.01,6.0,0.0038664817201023993
7.0,3.01,7.0,-0.013995289351262555
7.0,3.01,8.0,7.579301075644196e-10
7.0,3.01,9.0,-0.0018260804491351534
7.0,3.01,10.0,-0.0022019483885088176
7.0,3.01,11.0,7.579301075644196e-10
7.0,3.01,12.0,0.004914773135456227
7.0,3.01,13.0,0.0049412036724242325
7.0,3.01,14.0,-0.0014789234972902021
7.0,3.01,15.0,0.0005019438931412601
7.0,3.01,16.0,-0.0032149712818834025
7.0,3.01,17.0,-0.010306008407218875
7.0,3.01,18.0,0.0016168467118404806
7.0,3.01,19.0,-0.0074242755160536245
7.0,3.01,20.0,0.002616909136738621
7.0,3.01,21.0,7.98174137894847e-10
7.0,4.01,0.0,0.02932899777122744
7.0,4.01,1.0,0.0015047290569158989
7.0,4.01,2.0,0.007122303473176772
7.0,4.01,3.0,7.579301075644196e-10
7.0,4.01,4.0,-0.0032220726599038046
7.0,4.01,5.0,-0.013699476833742778
7.0,4.01,6.0,0.005085525329125373
7.0,4.01,7.0,-0.017529300476227305
7.0,4.01,8.0,7.579301075644196e-10
7.0,4.01,9.0,-0.002275036304998923
7.0,4.01,10.0,-0.002760500639176655
7.0,4.01,11.0,7.579301075644196e-10
7.0,4.01,12.0,0.006239436851455296
7.0,4.01,13.0,0.006208121334984662
7.0,4.01,14.0,-0.0020456373560672064
7.0,4.01,15.0,0.0006264441650652153
7.0,4.01,16.0,-0.004004662161846473
7.0,4.01,17.0,-0.012860824806253002
7.0,4.01,18.0,0.0022321051334558417
7.0,4.01,19.0,-0.009242019779342164
7.0,4.01,20.0,0.0033868209629626667
7.0,4.01,21.0,7.98174137894847e-10
7.0,5.01,0.0,0.03487951547864321
7.0,5.01,1.0,0.0017911194492375437
7.0,5.01,2.0,0.00842141178798983
7.0,5.01,3.0,7.579301075644196e-10
7.0,5.01,4.0,-0.0032324685766800206
7.0,5.01,5.0,-0.016183435080216482
7.0,5.01,6.0,0.006202844512083916
7.0,5.01,7.0,-0.020698472274165783
7.0,5.01,8.0,7.579301075644196e-10
7.0,5.01,9.0,-0.0026839278124966004
7.0,5.01,10.0,-0.00326151118416082
7.0,5.01,11.0,7.579301075644196e-10
7.0,5.01,12.0,0.00743224667736779
7.0,5.01,13.0,0.007349870480431453
7.0,5.01,14.0,-0.002555449582585065
7.0,5.01,15.0,0.000744633463407085
7.0,5.01,16.0,-0.004710785917949253
7.0,5.01,17.0,-0.015151358145676919
7.0,5.01,18.0,0.0027711025014341417
7.0,5.01,19.0,-0.010872178418156991
7.0,5.01,20.0,0.004105797629773644
7.0,5.01,21.0,7.98174137894847e-10
7.0,6.01,0.0,0.03996645271558119
7.0,6.01,1.0,0.002096304895443324
7.0,6.01,2.0,0.009490896689468953
7.0,6.01,3.0,7.579301075644196e-10
7.0,6.01,4.0,-0.003238028905610806
7.0,6.01,5.0,-0.018417107387041193
7.0,6.01,6.0,0.0071233564276046435
7.0,6.01,7.0,-0.02353052969069422
7.0,6.01,8.0,7.579301075644196e-10
7.0,6.01,9.0,-0.00300283796842693
7.0,6.01,10.0,-0.003715285872682994
7.0,6.01,11.0,7.579301075644196e-10
7.0,6.01,12.0,0.0085001365932941
7.0,6.01,13.0,0.008328559888132692
7.0,6.01,14.0,-0.003012226314150629
7.0,6.01,15.0,0.0008265636804786758
7.0,6.01,16.0,-0.005338452392920606
7.0,6.01,17.0,-0.017218617359352567
7.0,6.01,18.0,0.0033130999015001383
7.0,6.01,19.0,-0.012300607375849648
7.0,6.01,20.0,0.004660823321413876
7.0,6.01,21.0,7.98174137894847e-10
7.0,7.01,0.0,0.0445711133433373
7.0,7.01,1.0,0.002371206055387709
7.0,7.01,2.0,0.010458372982523279
7.0,7.01,3.0,7.579301075644196e-10
7.0,7.01,4.0,-0.0032411365905886617
7.0,7.01,5.0,-0.020440475466141347
7.0,7.01,6.0,0.0079630012557243
7.0,7.01,7.0,-0.02609581949748936
7.0,7.01,8.0,7.579301075644196e-10
7.0,7.01,9.0,-0.0032917370890231945
7.0,7.01,10.0,-0.004126490537477656
7.0,7.01,11.0,7.579301075644196e-10
7.0,7.01,12.0,0.009468868080168252
7.0,7.01,13.0,0.009214168526114341
7.0,7.01,14.0,-0.003426136386008624
7.0,7.01,15.0,0.0009023862005619332
7.0,7.01,16.0,-0.005905378806684097
7.0,7.01,17.0,-0.019090992192576428
7.0,7.01,18.0,0.0038017414410412287
7.0,7.01,19.0,-0.01359214305693393
7.0,7.01,20.0,0.005169005654440673
7.0,7.01,21.0,7.98174137894847e-10
7.0,8.01,0.0,0.04900875956991668
7.0,8.01,1.0,0.0027665256680028394
7.0,8.01,2.0,0.011033797412538404
7.0,8.01,3.0,7.579301075644196e-10
7.0,8.01,4.0,-0.003242942391233665
7.0,8.01,5.0,-0.022267199906013613
7.0,8.01,6.0,0.008470919855404824
7.0,8.01,7.0,-0.028364175518383203
7.0,8.01,8.0,7.579301075644196e-10
7.0,8.01,9.0,-0.0034110736615977078
7.0,8.01,10.0,-0.004505125479873556
7.0,8.01,11.0,7.579301075644196e-10
7.0,8.01,12.0,0.010318181803635279
7.0,8.01,13.0,0.009874090550047065
7.0,8.01,14.0,-0.0037935490418271045
7.0,8.01,15.0,0.0008986648145684339
7.0,8.01,16.0,-0.006399991838080862
7.0,8.01,17.0,-0.020796288254412737
7.0,8.01,18.0,0.004416246125642342
7.0,8.01,19.0,-0.014656722615680379
7.0,8.01,20.0,0.00533183123693598
7.0,8.01,21.0,7.98174137894847e-10
7.0,9.01,0.0,0.0524138856403773
7.0,9.01,1.0,0.0027465746742376673
7.0,9.01,2.0,0.01234551331760636
7.0,9.01,3.0,7.579301075644196e-10
7.0,9.01,4.0,-0.0032440330572103644
7.0,9.01,5.0,-0.02397345454709092
7.0,9.01,6.0,0.009608605054141572
7.0,9.01,7.0,-0.03060642861764365
7.0,9.01,8.0,7.579301075644196e-10
7.0,9.01,9.0,-0.0038916781223223007
7.0,9.01,10.0,-0.004840145038606719
7.0,9.01,11.0,7.579301075644196e-10
7.0,9.01,12.0,0.011181951363241849
7.0,9.01,13.0,0.010850990802429794
7.0,9.01,14.0,-0.004152685070297202
7.0,9.01,15.0,0.0010868317807133654
7.0,9.01,16.0,-0.006902135020231223
7.0,9.01,17.0,-0.022350759592395048
7.0,9.01,18.0,0.004532374806704098
7.0,9.01,19.0,-0.01590840314678088
7.0,9.01,20.0,0.006265308595588381
7.0,9.01,21.0,7.98174137894847e-10
7.0,10.01,0.0,0.05609424699594878
7.0,10.01,1.0,0.0030702076205948448
7.0,10.01,2.0,0.012852398591049197
7.0,10.01,3.0,7.579301075644196e-10
7.0,10.01,4.0,-0.0032447094163186676
7.0,10.01,5.0,-0.02550667762929853
7.0,10.01,6.0,0.010050950653950397
7.0,10.01,7.0,-0.03251568813541954
7.0,10.01,8.0,7.579301075644196e-10
7.0,10.01,9.0,-0.004001715720371779
7.0,10.01,10.0,-0.005157210285001157
7.0,10.01,11.0,7.579301075644196e-10
7.0,10.01,12.0,0.011896850443721976
7.0,10.01,13.0,0.01141605650541877
7.0,10.01,14.0,-0.004461406590025543
7.0,10.01,15.0,0.0010868332330408736
7.0,10.01,16.0,-0.007317375762444678
7.0,10.01,17.0,-0.02378005965610752
7.0,10.01,18.0,0.005043359672013692
7.0,10.01,19.0,-0.0168067341862497
7.0,10.01,20.0,0.006419351230926129
7.0,10.01,21.0,7.98174137894847e-10
8.0,0.01,0.0,0.00021472214613216245
8.0,0.01,1.0,1.1274053506871162e-06
8.0,0.01,2.0,8.417084821144005e-05
8.0,0.01,3.0,8.065153267455827e-10
8.0,0.01,4.0,0.00010284367821183915
8.0,0.01,5.0,-2.3684416829483634e-05
8.0,0.01,6.0,6.266773215801713e-06
8.0,0.01,7.0,-2.3551515198949602e-05
8.0,0.01,8.0,8.065153267455827e-10
8.0,0.01,9.0,-6.549362099209782e-05
8.0,0.01,10.0,-7.4651960075555746e-06
8.0,0.01,11.0,8.065153267455827e-10
8.0,0.01,12.0,-3.8287826511912426e-05
8.0,0.01,13.0,2.1820050802395796e-05
8.0,0.01,14.0,7.92727792778003e-05
8.0,0.01,15.0,3.0218254437608394e-07
8.0,0.01,16.0,-6.801316472440644e-05
8.0,0.01,17.0,-5.0260782985034336e-05
8.0,0.01,18.0,-2.557436750183495e-05
8.0,0.01,19.0,-1.8893426262822643e-05
8.0,0.01,20.0,8.540098249354422e-05
8.0,0.01,21.0,8.993784328392707e-10
8.0,1.01,0.0,0.021875576526601437
8.0,1.01,1.0,0.0006697191166521455
8.0,1.01,2.0,0.003822812603524628
8.0,1.01,3.0,8.065153267455827e-10
8.0,1.01,4.0,-0.00015317934387065746
8.0,1.01,5.0,-0.002779824815280607
8.0,1.01,6.0,0.0008459629540610025
8.0,1.01,7.0,-0.0033725800948589124
8.0,1.01,8.0,8.065153267455827e-10
8.0,1.01,9.0,-0.004197542356794828
8.0,1.01,10.0,-0.0009453903013057763
8.0,1.01,11.0,8.065153267455827e-10
8.0,1.01,12.0,0.00010130995102075602
8.0,1.01,13.0,0.0023428941717759666
8.0,1.01,14.0,0.004920704366097206
8.0,1.01,15.0,1.673892614556527e-05
8.0,1.01,16.0,-0.0006893666691154543
8.0,1.01,17.0,-0.004361200214232724
8.0,1.01,18.0,4.6693103322226204e-05
8.0,1.01,19.0,0.00026380545223858576
8.0,1.01,20.0,0.0048282628517306025
8.0,1.01,21.0,8.99378405083695e-10
8.0,2.01,0.0,0.0413229671311931
8.0,2.01,1.0,0.0011826990964171058
8.0,2.01,2.0,0.008991302751303443
8.0,2.01,3.0,8.065153267455827e-10
8.0,2.01,4.0,0.00026367719258674205
8.0,2.01,5.0,-0.005549748495761092
8.0,2.01,6.0,0.001574523887411472
8.0,2.01,7.0,-0.0067152422958034474
8.0,2.01,8.0,8.065153267455827e-10
8.0,2.01,9.0,-0.008218245080638557
8.0,2.01,10.0,-0.0017925111674632066
8.0,2.01,11.0,8.065153267455827e-10
8.0,2.01,12.0,0.00014624393570342176
8.0,2.01,13.0,0.0048608564022595835
8.0,2.01,14.0,0.010039141278232938
8.0,2.01,15.0,3.6623859654583146e-05
8.0,2.01,16.0,-0.0015436641793450945
8.0,2.01,17.0,-0.008675948682477397
8.0,2.01,18.0,-2.5872063533438627e-05
8.0,2.01,19.0,0.0003712085784105812
8.0,2.01,20.0,0.012043124604274313
8.0,2.01,21.0,8.993784328392707e-10
8.0,3.01,0.0,0.05987554629447667
8.0,3.01,1.0,0.0017103230456036456
8.0,3.01,2.0,0.013432770747521416
8.0,3.01,3.0,8.065153267455827e-10
8.0,3.01,4.0,-0.00035176854072604957
8.0,3.01,5.0,-0.008170902971921828
8.0,3.01,6.0,0.0022462612570886
8.0,3.01,7.0,-0.009923984126782442
8.0,3.01,8.0,8.065153267455827e-10
8.0,3.01,9.0,-0.012070233289653544
8.0,3.01,10.0,-0.0025867979118500972
8.0,3.01,11.0,8.065153267455827e-10
8.0,3.01,12.0,0.0005459226921703808
8.0,3.01,13.0,0.007252915628118056
8.0,3.01,14.0,0.01456041224404378
8.0,3.01,15.0,5.399352329155116e-05
8.0,3.01,16.0,-0.0018119308232137088
8.0,3.01,17.0,-0.01265431167050024
8.0,3.01,18.0,0.00010092691106261542
8.0,3.01,19.0,0.0006649834593517867
8.0,3.01,20.0,0.018495501653963964
8.0,3.01,21.0,8.993784328392707e-10
8.0,4.01,0.0,0.07819187891418178
8.0,4.01,1.0,0.002231940911861574
8.0,4.01,2.0,0.017583290911413696
8.0,4.01,3.0,8.065153267455827e-10
8.0,4.01,4.0,-0.00048655138220476957
8.0,4.01,5.0,-0.010678314812539502
8.0,4.01,6.0,0.0029328808102436765
8.0,4.01,7.0,-0.012971476646776559
8.0,4.01,8.0,8.065153267455827e-10
8.0,4.01,9.0,-0.01575189717540184
8.0,4.01,10.0,-0.0033786675145122957
8.0,4.01,11.0,8.065153267455827e-10
8.0,4.01,12.0,0.0007283417249269175
8.0,4.01,13.0,0.009483784393870598
8.0,4.01,14.0,0.01901929946241157
8.0,4.01,15.0,7.064917991086994e-05
8.0,4.01,16.0,-0.0023474936336385366
8.0,4.01,17.0,-0.01653286646571278
8.0,4.01,18.0,0.0001385061798522269
8.0,4.01,19.0,0.0008735093655549142
8.0,4.01,20.0,0.02424848947980962
8.0,4.01,21.0,8.993784328392707e-10
8.0,5.01,0.0,0.09579400541552252
8.0,5.01,1.0,0.002731488168970231
8.0,5.01,2.0,0.021599986359442047
8.0,5.01,3.0,8.065153267455827e-10
8.0,5.01,4.0,-0.0006524120203678652
8.0,5.01,5.0,-0.013090914146517238
8.0,5.01,6.0,0.0035907463183613153
8.0,5.01,7.0,-0.015906011300478556
8.0,5.01,8.0,8.065153267455827e-10
8.0,5.01,9.0,-0.019281108432393085
8.0,5.01,10.0,-0.004138911569333242
8.0,5.01,11.0,8.065153267455827e-10
8.0,5.01,12.0,0.0009209261974304772
8.0,5.01,13.0,0.01163514322444087
8.0,5.01,14.0,0.023296957011670588
8.0,5.01,15.0,8.675169212002398e-05
8.0,5.01,16.0,-0.002839378441432977
8.0,5.01,17.0,-0.02026059320260007
8.0,5.01,18.0,0.00018249954024762705
8.0,5.01,19.0,0.001081204031299715
8.0,5.01,20.0,0.029852446255323295
8.0,5.01,21.0,8.993784328392707e-10
8.0,6.01,0.0,0.11273329330267545
8.0,6.01,1.0,0.0032138521028052813
8.0,6.01,2.0,0.025439755782373397
8.0,6.01,3.0,8.065153267455827e-10
8.0,6.01,4.0,-0.0009339148371330097
8.0,6.01,5.0,-0.015413427298262658
8.0,6.01,6.0,0.004220413574350268
8.0,6.01,7.0,-0.018735012534740636
8.0,6.01,8.0,8.065153267455827e-10
8.0,6.01,9.0,-0.022657773063077914
8.0,6.01,10.0,-0.004868422571040004
8.0,6.01,11.0,8.065153267455827e-10
8.0,6.01,12.0,0.0011482416560438524
8.0,6.01,13.0,0.013709159199546656
8.0,6.01,14.0,0.0273645977689006
8.0,6.01,15.0,0.0001021752619464189
8.0,6.01,16.0,-0.0032515728317381587
8.0,6.01,17.0,-0.023836290500769047
8.0,6.01,18.0,0.0002501667677201058
8.0,6.01,19.0,0.0013060535056384492
8.0,6.01,20.0,0.03525158648174953
8.0,6.01,21.0,8.99378405083695e-10
8.0,7.01,0.0,0.12908667439118604
8.0,7.01,1.0,0.0036822498436221984
8.0,7.01,2.0,0.029093627861719096
8.0,7.01,3.0,8.065153267455827e-10
8.0,7.01,4.0,-0.001270006828584913
8.0,7.01,5.0,-0.01765162684111958
8.0,7.01,6.0,0.004828817494953813
8.0,7.01,7.0,-0.02146167021483783
8.0,7.01,8.0,8.065153267455827e-10
8.0,7.01,9.0,-0.025875788006531092
8.0,7.01,10.0,-0.0055720437377739795
8.0,7.01,11.0,8.065153267455827e-10
8.0,7.01,12.0,0.0013837102356985265
8.0,7.01,13.0,0.015704051993228246
8.0,7.01,14.0,0.03124419847073595
8.0,7.01,15.0,0.00011693287170960742
8.0,7.01,16.0,-0.0036232200201995746
8.0,7.01,17.0,-0.027276975685212007
8.0,7.01,18.0,0.0003301227648856986
8.0,7.01,19.0,0.0015380117296091844
8.0,7.01,20.0,0.04039055151041493
8.0,7.01,21.0,8.99378405083695e-10
8.0,8.01,0.0,0.14490959253959756
8.0,8.01,1.0,0.004144074139071918
8.0,8.01,2.0,0.0324641564048076
8.0,8.01,3.0,8.065153267455827e-10
8.0,8.01,4.0,-0.001693710103687296
8.0,8.01,5.0,-0.019812015459692314
8.0,8.01,6.0,0.00541860123293772
8.0,8.01,7.0,-0.024092160413147184
8.0,8.01,8.0,8.065153267455827e-10
8.0,8.01,9.0,-0.02892593165676795
8.0,8.01,10.0,-0.006251101141775378
8.0,8.01,11.0,8.065153267455827e-10
8.0,8.01,12.0,0.0016374113531698875
8.0,8.01,13.0,0.017618154996451613
8.0,8.01,14.0,0.034922404982245386
8.0,8.01,15.0,0.0001307938337759551
8.0,8.01,16.0,-0.003936930252407322
8.0,8.01,17.0,-0.030586292040466784
8.0,8.01,18.0,0.00042817436496062067
8.0,8.01,19.0,0.0017872220512832049
8.0,8.01,20.0,0.045069310143431573
8.0,8.01,21.0,8.99378405083695e-10
8.0,9.01,0.0,0.16051581333663223
8.0,9.01,1.0,0.0045923978070687155
8.0,9.01,2.0,0.03604201257276496
8.0,9.01,3.0,8.065153267455827e-10
8.0,9.01,4.0,-0.0006901001733740642
8.0,9.01,5.0,-0.021914997624072466
8.0,9.01,6.0,0.006067124637363919
8.0,9.01,7.0,-0.026610911824998557
8.0,9.01,8.0,8.065153267455827e-10
8.0,9.01,9.0,-0.031789722076071864
8.0,9.01,10.0,-0.006956918649029364
8.0,9.01,11.0,8.065153267455827e-10
8.0,9.01,12.0,0.0014068579732262887
8.0,9.01,13.0,0.019423773763505958
8.0,9.01,14.0,0.03910852003057577
8.0,9.01,15.0,0.000144707882644729
8.0,9.01,16.0,-0.004906573564458755
8.0,9.01,17.0,-0.03394929526342924
8.0,9.01,18.0,0.000286753319266253
8.0,9.01,19.0,0.0017550096190268316
8.0,9.01,20.0,0.04962710303959711
8.0,9.01,21.0,8.993784328392707e-10
8.0,10.01,0.0,0.17521807678622336
8.0,10.01,1.0,0.0050155591277873945
8.0,10.01,2.0,0.03924759432203356
8.0,10.01,3.0,8.065153267455827e-10
8.0,10.01,4.0,-0.0012874804895288139
8.0,10.01,5.0,-0.023936845320293235
8.0,10.01,6.0,0.0066038518175959016
8.0,10.01,7.0,-0.029082876145418213
8.0,10.01,8.0,8.065153267455827e-10
8.0,10.01,9.0,-0.03445760156592009
8.0,10.01,10.0,-0.007581093035079478
8.0,10.01,11.0,8.065153267455827e-10
8.0,10.01,12.0,0.0017434451810602325
8.0,10.01,13.0,0.021237404860353082
8.0,10.01,14.0,0.042462304076512136
8.0,10.01,15.0,0.00015791746142237995
8.0,10.01,16.0,-0.0050581077112401285
8.0,10.01,17.0,-0.037021569495935686
8.0,10.01,18.0,0.00041573186270182916
8.0,10.01,19.0,0.002034353845946274
8.0,10.01,20.0,0.05420288538339013
8.0,10.01,21.0,8.99378405083695e-10
9.0,0.01,0.0,0.00038484365417612576
9.0,0.01,1.0,1.8835328575439458e-06
9.0,0.01,2.0,0.00026273111920938064
9.0,0.01,3.0,7.355680786691465e-10
9.0,0.01,4.0,5.588515592180876e-05
9.0,0.01,5.0,-0.0005862125529743356
9.0,0.01,6.0,0.00013714201718534325
9.0,0.01,7.0,-0.0007242498655538748
9.0,0.01,8.0,7.355680786691465e-10
9.0,0.01,9.0,-2.1744934848926655e-07
9.0,0.01,10.0,-0.00023689942294627397
9.0,0.01,11.0,7.355680786691465e-10
9.0,0.01,12.0,0.00015432419717315016
9.0,0.01,13.0,1.955253676533264e-05
9.0,0.01,14.0,0.0004322671143284773
9.0,0.01,15.0,1.529666783239847e-07
9.0,0.01,16.0,0.00043706618704097977
9.0,0.01,17.0,-0.00019672927742195312
9.0,0.01,18.0,6.886446532972101e-05
9.0,0.01,19.0,-0.00011776634223942262
9.0,0.01,20.0,0.0005555656171187806
9.0,0.01,21.0,1.1668623567384628e-09
9.0,1.01,0.0,0.008274335934471133
9.0,1.01,1.0,2.5597088458867434e-05
9.0,1.01,2.0,0.0024599519586148144
9.0,1.01,3.0,7.355680786691465e-10
9.0,1.01,4.0,0.0014050234506866044
9.0,1.01,5.0,-0.0019093142123196363
9.0,1.01,6.0,0.0007720924347162095
9.0,1.01,7.0,-0.0035003141527236714
9.0,1.01,8.0,7.355680786691465e-10
9.0,1.01,9.0,-2.1744935781793115e-07
9.0,1.01,10.0,-0.000677805868583542
9.0,1.01,11.0,7.355680786691465e-10
9.0,1.01,12.0,0.0006842109493370163
9.0,1.01,13.0,0.0002409495918987148
9.0,1.01,14.0,0.004324473323980338
9.0,1.01,15.0,1.2807438400930238e-06
9.0,1.01,16.0,0.004476163800597122
9.0,1.01,17.0,-0.0007394062019829006
9.0,1.01,18.0,0.002328073606963743
9.0,1.01,19.0,0.0013658545637380004
9.0,1.01,20.0,0.0021785602071364707
9.0,1.01,21.0,1.1668623567384628e-09
9.0,2.01,0.0,0.015751813168924933
9.0,2.01,1.0,4.790557689401953e-05
9.0,2.01,2.0,0.004604991517087265
9.0,2.01,3.0,7.355680786691465e-10
9.0,2.01,4.0,0.0027909282393225876
9.0,2.01,5.0,-0.0031616191263072607
9.0,2.01,6.0,0.0013248530959049654
9.0,2.01,7.0,-0.006134554625492103
9.0,2.01,8.0,7.355680786691465e-10
9.0,2.01,9.0,-2.174493623059203e-07
9.0,2.01,10.0,-0.001098257084635068
9.0,2.01,11.0,7.355680786691465e-10
9.0,2.01,12.0,0.0011494031331097387
9.0,2.01,13.0,0.0004513638227417738
9.0,2.01,14.0,0.008179268621213709
9.0,2.01,15.0,2.3602039612158343e-06
9.0,2.01,16.0,0.008387181189007942
9.0,2.01,17.0,-0.0012581753111568506
9.0,2.01,18.0,0.004344733084699515
9.0,2.01,19.0,0.0024188933650629574
9.0,2.01,20.0,0.004089896736682919
9.0,2.01,21.0,1.1668623567384628e-09
9.0,3.01,0.0,0.02278819210396066
9.0,3.01,1.0,6.88361740816823e-05
9.0,3.01,2.0,0.006726539875736126
9.0,3.01,3.0,7.355680786691465e-10
9.0,3.01,4.0,0.004097671026479066
9.0,3.01,5.0,-0.00434773502626145
9.0,3.01,6.0,0.001834121965482327
9.0,3.01,7.0,-0.008645102783978287
9.0,3.01,8.0,7.355680786691465e-10
9.0,3.01,9.0,-2.174493644297178e-07
9.0,3.01,10.0,-0.0014955718642036264
9.0,3.01,11.0,7.355680786691465e-10
9.0,3.01,12.0,0.0016254172135507505
9.0,3.01,13.0,0.0006528782885461271
9.0,3.01,14.0,0.011974109587220116
9.0,3.01,15.0,3.3975346484804714e-06
9.0,3.01,16.0,0.01223602559033865
9.0,3.01,17.0,-0.001747370675012322
9.0,3.01,18.0,0.006128853921374411
9.0,3.01,19.0,0.0031869443824750765
9.0,3.01,20.0,0.006230006102256991
9.0,3.01,21.0,1.1668623567384628e-09
9.0,4.01,0.0,0.029513638195626024
9.0,4.01,1.0,8.88232712672743e-05
9.0,4.01,2.0,0.008713137551572991
9.0,4.01,3.0,7.355680786691465e-10
9.0,4.01,4.0,0.005375143629587575
9.0,4.01,5.0,-0.005476915886921112
9.0,4.01,6.0,0.0023111101936379996
9.0,4.01,7.0,-0.011028368631442825
9.0,4.01,8.0,7.355680786691465e-10
9.0,4.01,9.0,-2.174493655545658e-07
9.0,4.01,10.0,-0.0018750950912476416
9.0,4.01,11.0,7.355680786691465e-10
9.0,4.01,12.0,0.0020509434755880407
9.0,4.01,13.0,0.0008435505385578634
9.0,4.01,14.0,0.01555065879849199
9.0,4.01,15.0,4.380555883698456e-06
9.0,4.01,16.0,0.015840882315246718
9.0,4.01,17.0,-0.0022153809772480493
9.0,4.01,18.0,0.00786906150302924
9.0,4.01,19.0,0.003951481572808169
9.0,4.01,20.0,0.008189365474569943
9.0,4.01,21.0,1.1668623567384628e-09
9.0,5.01,0.0,0.035901133110947336
9.0,5.01,1.0,0.00010777566475594913
9.0,5.01,2.0,0.010628651671460987
9.0,5.01,3.0,7.355680786691465e-10
9.0,5.01,4.0,0.006592247642286719
9.0,5.01,5.0,-0.006550711589178984
9.0,5.01,6.0,0.0027589927807609715
9.0,5.01,7.0,-0.013298920387089103
9.0,5.01,8.0,7.355680786691465e-10
9.0,5.01,9.0,-2.1744936610212738e-07
9.0,5.01,10.0,-0.0022356334170000602
9.0,5.01,11.0,7.355680786691465e-10
9.0,5.01,12.0,0.0024663179307814476
9.0,5.01,13.0,0.0010254235715781157
9.0,5.01,14.0,0.018995406418870875
9.0,5.01,15.0,5.319529967323655e-06
9.0,5.01,16.0,0.019301851191291353
9.0,5.01,17.0,-0.002659675114909485
9.0,5.01,18.0,0.00948943233930577
9.0,5.01,19.0,0.004620294126811808
9.0,5.01,20.0,0.01013090160980945
9.0,5.01,21.0,1.1668623567384628e-09
9.0,6.01,0.0,0.042108944762342615
9.0,6.01,1.0,0.00012621221654521286
9.0,6.01,2.0,0.012322502932415158
9.0,6.01,3.0,7.355680786691465e-10
9.0,6.01,4.0,0.007836375904634818
9.0,6.01,5.0,-0.0075797093018404454
9.0,6.01,6.0,0.0031799945824079745
9.0,6.01,7.0,-0.015450825495519835
9.0,6.01,8.0,7.355680786691465e-10
9.0,6.01,9.0,-2.1744936642263403e-07
9.0,6.01,10.0,-0.00258539480451056
9.0,6.01,11.0,7.355680786691465e-10
9.0,6.01,12.0,0.0027696706528454462
9.0,6.01,13.0,0.0011956302766352456
9.0,6.01,14.0,0.022111787022107254
9.0,6.01,15.0,6.199125412470474e-06
9.0,6.01,16.0,0.02241299137120567
9.0,6.01,17.0,-0.00309300544776471
9.0,6.01,18.0,0.011218551561496648
9.0,6.01,19.0,0.0054661622783434005
9.0,6.01,20.0,0.011642057477112555
9.0,6.01,21.0,1.1668623567384628e-09
9.0,7.01,0.0,0.048011393170299566
9.0,7.01,1.0,0.00014369052477947175
9.0,7.01,2.0,0.013977247766793377
9.0,7.01,3.0,7.355680786691465e-10
9.0,7.01,4.0,0.00902918259431551
9.0,7.01,5.0,-0.008559528986663956
9.0,7.01,6.0,0.0035701125272867285
9.0,7.01,7.0,-0.017507447978801105
9.0,7.01,8.0,7.355680786691465e-10
9.0,7.01,9.0,-2.1744936658269308e-07
9.0,7.01,10.0,-0.002917855080032866
9.0,7.01,11.0,7.355680786691465e-10
9.0,7.01,12.0,0.003072737901626099
9.0,7.01,13.0,0.001358653574011659
9.0,7.01,14.0,0.025150985415448468
9.0,7.01,15.0,7.043469747058939e-06
9.0,7.01,16.0,0.025430959541711484
9.0,7.01,17.0,-0.0035045832420303874
9.0,7.01,18.0,0.012813753810371642
9.0,7.01,19.0,0.006183476028869206
9.0,7.01,20.0,0.013203656415660014
9.0,7.01,21.0,1.1668623289828872e-09
9.0,8.01,0.0,0.05377853845594549
9.0,8.01,1.0,0.0001609169805859012
9.0,8.01,2.0,0.015361462655211489
9.0,8.01,3.0,7.355680786691465e-10
9.0,8.01,4.0,0.010219554161968292
9.0,8.01,5.0,-0.009503403123604225
9.0,8.01,6.0,0.003955540797160817
9.0,8.01,7.0,-0.01945788500149717
9.0,8.01,8.0,7.355680786691465e-10
9.0,8.01,9.0,-2.1744936669090938e-07
9.0,8.01,10.0,-0.0032437067520358354
9.0,8.01,11.0,7.355680786691465e-10
9.0,8.01,12.0,0.0032469969814616917
9.0,8.01,13.0,0.001510206224681565
9.0,8.01,14.0,0.0277807074903072
9.0,8.01,15.0,7.827737429522141e-06
9.0,8.01,16.0,0.028101472204253408
9.0,8.01,17.0,-0.003910135214600444
9.0,8.01,18.0,0.014581642652378712
9.0,8.01,19.0,0.007179532613353579
9.0,8.01,20.0,0.01425151456990903
9.0,8.01,21.0,1.1668623289828872e-09
9.0,9.01,0.0,0.05858859841272834
9.0,9.01,1.0,0.00017561248466868573
9.0,9.01,2.0,0.017289955201523266
9.0,9.01,3.0,7.355680786691465e-10
9.0,9.01,4.0,0.010730405742852223
9.0,9.01,5.0,-0.010381100590148351
9.0,9.01,6.0,0.0044506278995062876
9.0,9.01,7.0,-0.021381045789591338
9.0,9.01,8.0,7.355680786691465e-10
9.0,9.01,9.0,-2.1744936676351834e-07
9.0,9.01,10.0,-0.003521093457133001
9.0,9.01,11.0,7.355680786691465e-10
9.0,9.01,12.0,0.003957046274347731
9.0,9.01,13.0,0.0016713935802351032
9.0,9.01,14.0,0.030913950442894467
9.0,9.01,15.0,8.637705292885434e-06
9.0,9.01,16.0,0.03152520838935913
9.0,9.01,17.0,-0.004241473915191765
9.0,9.01,18.0,0.015435904311944193
9.0,9.01,19.0,0.007534762162831998
9.0,9.01,20.0,0.016493595097289537
9.0,9.01,21.0,1.1668623567384628e-09
9.0,10.01,0.0,0.06355918406587224
9.0,10.01,1.0,0.0001905052485404457
9.0,10.01,2.0,0.018850597812413716
9.0,10.01,3.0,7.355680786691465e-10
9.0,10.01,4.0,0.011570156069164228
9.0,10.01,5.0,-0.011232862016983078
9.0,10.01,6.0,0.004846263897915815
9.0,10.01,7.0,-0.023192218058255124
9.0,10.01,8.0,7.355680786691465e-10
9.0,10.01,9.0,-2.1744936680983603e-07
9.0,10.01,10.0,-0.0038037548300255963
9.0,10.01,11.0,7.355680786691465e-10
9.0,10.01,12.0,0.004357559123207233
9.0,10.01,13.0,0.001817551300324044
9.0,10.01,14.0,0.0336479944118927
9.0,10.01,15.0,9.385240409831574e-06
9.0,10.01,16.0,0.03437464646050703
9.0,10.01,17.0,-0.004587384817607829
9.0,10.01,18.0,0.016659695625660054
9.0,10.01,19.0,0.008108663448419595
9.0,10.01,20.0,0.018085503878907838
9.0,10.01,21.0,1.1668623567384628e-09
10.0,0.01,0.0,0.00019705542002890208
10.0,0.01,1.0,1.3208548441112633e-06
10.0,0.01,2.0,7.617739843718274e-05
10.0,0.01,3.0,7.68768854131352e-10
10.0,0.01,4.0,0.00018422861988631745
10.0,0.01,5.0,-0.00037308079043994746
10.0,0.01,6.0,-9.130612762275891e-05
10.0,0.01,7.0,-0.0002807094623187567
10.0,0.01,8.0,7.68768854131352e-10
10.0,0.01,9.0,-4.1076418691970984e-05
10.0,0.01,10.0,-0.0006020674231062423
10.0,0.01,11.0,7.68768854131352e-10
10.0,0.01,12.0,-0.0005097665433360099
10.0,0.01,13.0,8.065061526596473e-05
10.0,0.01,14.0,0.00012208755896436774
10.0,0.01,15.0,1.1696902816327182e-06
10.0,0.01,16.0,8.44416477049359e-05
10.0,0.01,17.0,-0.0006172432941725509
10.0,0.01,18.0,0.00014305817048887448
10.0,0.01,19.0,-4.2849125594157655e-05
10.0,0.01,20.0,0.00011653744384870768
10.0,0.01,21.0,9.852883509076094e-10
10.0,1.01,0.0,0.017314331432620733
10.0,1.01,1.0,0.00012023308929215437
10.0,1.01,2.0,0.002196674224918427
10.0,1.01,3.0,7.68768854131352e-10
10.0,1.01,4.0,0.004078554457565442
10.0,1.01,5.0,-0.00200556441898371
10.0,1.01,6.0,0.0007531283269925915
10.0,1.01,7.0,-0.0009458544363540877
10.0,1.01,8.0,7.68768854131352e-10
10.0,1.01,9.0,-0.0017227312341798473
10.0,1.01,10.0,-0.0012632473242787275
10.0,1.01,11.0,7.68768854131352e-10
10.0,1.01,12.0,0.0018203058457427201
10.0,1.01,13.0,0.0029977384747251756
10.0,1.01,14.0,0.0018018973612605738
10.0,1.01,15.0,2.7501132656287952e-05
10.0,1.01,16.0,0.007748624197796539
10.0,1.01,17.0,-0.0031026438741350304
10.0,1.01,18.0,0.002017550065453677
10.0,1.01,19.0,-0.0012062226991267633
10.0,1.01,20.0,0.004352576400756369
10.0,1.01,21.0,9.852883509076094e-10
10.0,2.01,0.0,0.0338781235891813
10.0,2.01,1.0,0.00024340873021014287
10.0,2.01,2.0,0.00409322839538151
10.0,2.01,3.0,7.68768854131352e-10
10.0,2.01,4.0,0.0082643745964055
10.0,2.01,5.0,-0.0036021337457846775
10.0,2.01,6.0,0.0013741802515772061
10.0,2.01,7.0,-0.0016049293373163465
10.0,2.01,8.0,7.68768854131352e-10
10.0,2.01,9.0,-0.0033377153460411313
10.0,2.01,10.0,-0.0019211663606690868
10.0,2.01,11.0,7.68768854131352e-10
10.0,2.01,12.0,0.0034769308871668847
10.0,2.01,13.0,0.005741532185340348
10.0,2.01,14.0,0.0034535551276444476
10.0,2.01,15.0,4.887959147456544e-05
10.0,2.01,16.0,0.01443600606088502
10.0,2.01,17.0,-0.00563304100991234
10.0,2.01,18.0,0.004331240882486875
10.0,2.01,19.0,-0.0022824599649403365
10.0,2.01,20.0,0.008136846406366305
10.0,2.01,21.0,9.852883509076094e-10
10.0,3.01,0.0,0.04982573005117896
10.0,3.01,1.0,0.0003519679955447663
10.0,3.01,2.0,0.006128015411950183
10.0,3.01,3.0,7.68768854131352e-10
10.0,3.01,4.0,0.012166654975676816
10.0,3.01,5.0,-0.005139565639275798
10.0,3.01,6.0,0.002075579305992614
10.0,3.01,7.0,-0.002244888645874743
10.0,3.01,8.0,7.68768854131352e-10
10.0,3.01,9.0,-0.004914406912307906
10.0,3.01,10.0,-0.0025459503000108893
10.0,3.01,11.0,7.68768854131352e-10
10.0,3.01,12.0,0.005467808925451401
10.0,3.01,13.0,0.00849357567680148
10.0,3.01,14.0,0.005054841014194872
10.0,3.01,15.0,7.480916220156675e-05
10.0,3.01,16.0,0.02161540477968915
10.0,3.01,17.0,-0.008024179014456387
10.0,3.01,18.0,0.0060087881222100625
10.0,3.01,19.0,-0.0033742423946939992
10.0,3.01,20.0,0.012187074941540421
10.0,3.01,21.0,9.852883509076094e-10
10.0,4.01,0.0,0.06522310790177044
10.0,4.01,1.0,0.0004572898725151986
10.0,4.01,2.0,0.008096760597795627
10.0,4.01,3.0,7.68768854131352e-10
10.0,4.01,4.0,0.015958956397497115
10.0,4.01,5.0,-0.006639993158239849
10.0,4.01,6.0,0.0027931129964420265
10.0,4.01,7.0,-0.00287891134864951
10.0,4.01,8.0,7.68768854131352e-10
10.0,4.01,9.0,-0.00644119125658571
10.0,4.01,10.0,-0.0031576482133221125
10.0,4.01,11.0,7.68768854131352e-10
10.0,4.01,12.0,0.00721111751552217
10.0,4.01,13.0,0.011160028701591884
10.0,4.01,14.0,0.00660936550177349
10.0,4.01,15.0,9.967956652401355e-05
10.0,4.01,16.0,0.028577301184840254
10.0,4.01,17.0,-0.010377457957678735
10.0,4.01,18.0,0.0077053014604266945
10.0,4.01,19.0,-0.004434281903498788
10.0,4.01,20.0,0.01609788088539066
10.0,4.01,21.0,9.852883509076094e-10
10.0,5.01,0.0,0.0800967624140867
10.0,5.01,1.0,0.0005593531294867948
10.0,5.01,2.0,0.010002992990753967
10.0,5.01,3.0,7.68768854131352e-10
10.0,5.01,4.0,0.01959471843129046
10.0,5.01,5.0,-0.008102853733749735
10.0,5.01,6.0,0.00353748756433947
10.0,5.01,7.0,-0.003504047877588068
10.0,5.01,8.0,7.68768854131352e-10
10.0,5.01,9.0,-0.007920786179798578
10.0,5.01,10.0,-0.0037544640513303244
10.0,5.01,11.0,7.68768854131352e-10
10.0,5.01,12.0,0.008761368240690681
10.0,5.01,13.0,0.013747752092102994
10.0,5.01,14.0,0.008114854124092352
10.0,5.01,15.0,0.00012353634731757102
10.0,5.01,16.0,0.03535919983468838
10.0,5.01,17.0,-0.01267917843399928
10.0,5.01,18.0,0.009424650680417979
10.0,5.01,19.0,-0.00546473074927592
10.0,5.01,20.0,0.019874807785605075
10.0,5.01,21.0,9.852883509076094e-10
10.0,6.01,0.0,0.09456040835839807
10.0,6.01,1.0,0.0006608871713375541
10.0,6.01,2.0,0.011794583589468777
10.0,6.01,3.0,7.68768854131352e-10
10.0,6.01,4.0,0.023294285181447383
10.0,6.01,5.0,-0.009507351866779715
10.0,6.01,6.0,0.004098457025904667
10.0,6.01,7.0,-0.0040926019912523315
10.0,6.01,8.0,7.68768854131352e-10
10.0,6.01,9.0,-0.009348325634523952
10.0,6.01,10.0,-0.004327314075698703
10.0,6.01,11.0,7.68768854131352e-10
10.0,6.01,12.0,0.010321324145631028
10.0,6.01,13.0,0.016219998317876905
10.0,6.01,14.0,0.009580789990827038
10.0,6.01,15.0,0.0001454851125362311
10.0,6.01,16.0,0.0416295167147267
10.0,6.01,17.0,-0.01489720365348704
10.0,6.01,18.0,0.011143538493181004
10.0,6.01,19.0,-0.0064387890888985555
10.0,6.01,20.0,0.023438459976171166
10.0,6.01,21.0,9.852883509076094e-10
10.0,7.01,0.0,0.10858429035381056
10.0,7.01,1.0,0.0007594770521916205
10.0,7.01,2.0,0.013526903758257547
10.0,7.01,3.0,7.68768854131352e-10
10.0,7.01,4.0,0.026979153040645798
10.0,7.01,5.0,-0.010865929993335618
10.0,7.01,6.0,0.004569392635596969
10.0,7.01,7.0,-0.0046597576948751995
10.0,7.01,8.0,7.68768854131352e-10
10.0,7.01,9.0,-0.010731278568745423
10.0,7.01,10.0,-0.00488079529981985
10.0,7.01,11.0,7.68768854131352e-10
10.0,7.01,12.0,0.011839468515483231
10.0,7.01,13.0,0.018612413536947592
10.0,7.01,14.0,0.011009842415874299
10.0,7.01,15.0,0.0001666962127942484
10.0,7.01,16.0,0.047643145869114445
10.0,7.01,17.0,-0.01704801772432632
10.0,7.01,18.0,0.012797097271389946
10.0,7.01,19.0,-0.007377140799644244
10.0,7.01,20.0,0.026888235619421386
10.0,7.01,21.0,9.852883509076094e-10
10.0,8.01,0.0,0.12211184001705377
10.0,8.01,1.0,0.0008521179763929798
10.0,8.01,2.0,0.015266288707551812
10.0,8.01,3.0,7.68768854131352e-10
10.0,8.01,4.0,0.03007980592105819
10.0,8.01,5.0,-0.01219731091114698
10.0,8.01,6.0,0.00537976734681006
10.0,8.01,7.0,-0.005228597170372717
10.0,8.01,8.0,7.68768854131352e-10
10.0,8.01,9.0,-0.012078260842872501
10.0,8.01,10.0,-0.005421424441307766
10.0,8.01,11.0,7.68768854131352e-10
10.0,8.01,12.0,0.013310393681588983
10.0,8.01,13.0,0.020971588633535265
10.0,8.01,14.0,0.012360950284712097
10.0,8.01,15.0,0.00018850183907548335
10.0,8.01,16.0,0.053931849284160505
10.0,8.01,17.0,-0.019125859154531313
10.0,8.01,18.0,0.014356867641904247
10.0,8.01,19.0,-0.00832489238136544
10.0,8.01,20.0,0.03033351619957869
10.0,8.01,21.0,9.852883509076094e-10
10.0,9.01,0.0,0.13527527644785908
10.0,9.01,1.0,0.000944116874987716
10.0,9.01,2.0,0.016911137942218657
10.0,9.01,3.0,7.68768854131352e-10
10.0,9.01,4.0,0.03346652258143312
10.0,9.01,5.0,-0.013486644273590809
10.0,9.01,6.0,0.005906416984679919
10.0,9.01,7.0,-0.005776827108322391
10.0,9.01,8.0,7.68768854131352e-10
10.0,9.01,9.0,-0.013381026885349201
10.0,9.01,10.0,-0.00594654165049241
10.0,9.01,11.0,7.68768854131352e-10
10.0,9.01,12.0,0.0145968901292165
10.0,9.01,13.0,0.02323356957856787
10.0,9.01,14.0,0.013703358102009372
10.0,9.01,15.0,0.00020871344409612025
10.0,9.01,16.0,0.0596892798044979
10.0,9.01,17.0,-0.021171453808379648
10.0,9.01,18.0,0.01595980739379843
10.0,9.01,19.0,-0.009216141223744923
10.0,9.01,20.0,0.033595743439086834
10.0,9.01,21.0,9.852883509076094e-10
10.0,10.01,0.0,0.14804807975472278
10.0,10.01,1.0,0.0010328961744364984
10.0,10.01,2.0,0.01851636440009169
10.0,10.01,3.0,7.68768854131352e-10
10.0,10.01,4.0,0.036592326292587574
10.0,10.01,5.0,-0.014728573767934516
10.0,10.01,6.0,0.0064935137971454115
10.0,10.01,7.0,-0.0062968417258325304
10.0,10.01,8.0,7.68768854131352e-10
10.0,10.01,9.0,-0.01464567771539052
10.0,10.01,10.0,-0.006449493881286544
10.0,10.01,11.0,7.68768854131352e-10
10.0,10.01,12.0,0.016056889742886993
10.0,10.01,13.0,0.02543283156712961
10.0,10.01,14.0,0.014989744717928966
10.0,10.01,15.0,0.0002286016472428376
10.0,10.01,16.0,0.06537429922612181
10.0,10.01,17.0,-0.023118302284572262
10.0,10.01,18.0,0.01741968077157169
10.0,10.01,19.0,-0.010089098945470582
10.0,10.01,20.0,0.036789548899463176
10.0,10.01,21.0,9.852883509076094e-10
11.0,0.01,0.0,0.0004530820786367018
11.0,0.01,1.0,2.066824551000268e-05
11.0,0.01,2.0,9.587299705005048e-05
11.0,0.01,3.0,8.491140846000889e-10
11.0,0.01,4.0,0.0005347356295049843
11.0,0.01,5.0,-6.751811612566057e-05
11.0,0.01,6.0,0.0001766436684250694
11.0,0.01,7.0,-4.449737752604115e-06
11.0,0.01,8.0,8.491140846000889e-10
11.0,0.01,9.0,-4.2889340840984724e-05
11.0,0.01,10.0,-0.00015628707278529663
11.0,0.01,11.0,8.491140846000889e-10
11.0,0.01,12.0,0.0002800732656031424
11.0,0.01,13.0,0.00013261746876552793
11.0,0.01,14.0,-0.0024024966704746433
11.0,0.01,15.0,2.48238186739691e-06
11.0,0.01,16.0,1.3116518860295523e-05
11.0,0.01,17.0,-0.00038632970901704547
11.0,0.01,18.0,6.891628561128682e-05
11.0,0.01,19.0,-0.00048642187904904266
11.0,0.01,20.0,0.00038063880088490265
11.0,0.01,21.0,9.416977753140543e-10
11.0,1.01,0.0,0.00045456581271996477
11.0,1.01,1.0,2.06111822844135e-05
11.0,1.01,2.0,9.647390228428865e-05
11.0,1.01,3.0,8.491140846000889e-10
11.0,1.01,4.0,0.0005350845933683734
11.0,1.01,5.0,-6.751811668410026e-05
11.0,1.01,6.0,0.00017779187304284294
11.0,1.01,7.0,-4.449737729804091e-06
11.0,1.01,8.0,8.491140846000889e-10
11.0,1.01,9.0,-4.272330528012902e-05
11.0,1.01,10.0,-0.0001564217215877517
11.0,1.01,11.0,8.491140846000889e-10
11.0,1.01,12.0,0.0002803435815173505
11.0,1.01,13.0,0.00013283434368954739
11.0,1.01,14.0,-0.0024025622156053587
11.0,1.01,15.0,2.5410645247969654e-06
11.0,1.01,16.0,1.346337488622451e-05
11.0,1.01,17.0,-0.0003863297636366743
11.0,1.01,18.0,6.782286338491428e-05
11.0,1.01,19.0,-0.00048651433046853487
11.0,1.01,20.0,0.00038753230316390663
11.0,1.01,21.0,9.416977753140543e-10
11.0,2.01,0.0,0.0004492456509299636
11.0,2.01,1.0,1.9296408228952622e-05
11.0,2.01,2.0,0.00010138366629036666
11.0,2.01,3.0,8.491140846000889e-10
11.0,2.01,4.0,0.0005343404493872994
11.0,2.01,5.0,-6.75181168944363e-05
11.0,2.01,6.0,0.00018098665567184424
11.0,2.01,7.0,-4.449737737608901e-06
11.0,2.01,8.0,8.491140846000889e-10
11.0,2.01,9.0,-4.4915575324683266e-05
11.0,2.01,10.0,-0.0001558539628999378
11.0,2.01,11.0,8.491140846000889e-10
11.0,2.01,12.0,0.000283058508585482
11.0,2.01,13.0,0.00013732490237000627
11.0,2.01,14.0,-0.0024026565739549664
11.0,2.01,15.0,2.676217505076517e-06
11.0,2.01,16.0,1.3210471991542683e-05
11.0,2.01,17.0,-0.0003863298032428282
11.0,2.01,18.0,6.545890216941297e-05
11.0,2.01,19.0,-0.00048733397102576625
11.0,2.01,20.0,0.00040785220049965876
11.0,2.01,21.0,9.416977753140543e-10
11.0,3.01,0.0,0.00044393876497150764
11.0,3.01,1.0,1.7983378390318272e-05
11.0,3.01,2.0,0.000106280582366447
11.0,3.01,3.0,8.491140846000889e-10
11.0,3.01,4.0,0.0005335980164034027
11.0,3.01,5.0,-6.751811710189994e-05
11.0,3.01,6.0,0.00018417475409748807
11.0,3.01,7.0,-4.449737745273573e-06
11.0,3.01,8.0,8.491140846000889e-10
11.0,3.01,9.0,-4.7105718559536935e-05
11.0,3.01,10.0,-0.00015528721977724202
11.0,3.01,11.0,8.491140846000889e-10
11.0,3.01,12.0,0.0002857642370554525
11.0,3.01,13.0,0.00014180185588336114
11.0,3.01,14.0,-0.002402750894590808
11.0,3.01,15.0,2.8111382298079413e-06
11.0,3.01,16.0,1.29584412875694e-05
11.0,3.01,17.0,-0.0003863298427807385
11.0,3.01,18.0,6.309517320784996e-05
11.0,3.01,19.0,-0.00048815287327919066
11.0,3.01,20.0,0.00042814606511321074
11.0,3.01,21.0,9.416977753140543e-10
11.0,4.01,0.0,0.00043864117364655897
11.0,4.01,1.0,1.6670900446158488e-05
11.0,4.01,2.0,0.00011116900670787855
11.0,4.01,3.0,8.491140846000889e-10
11.0,4.01,4.0,0.0005328567743118628
11.0,4.01,5.0,-6.751811730568991e-05
11.0,4.01,6.0,0.00018735924786139613
11.0,4.01,7.0,-4.449737752751685e-06
11.0,4.01,8.0,8.491140846000889e-10
11.0,4.01,9.0,-4.929568435690923e-05
11.0,4.01,10.0,-0.00015472107106481725
11.0,4.01,11.0,8.491140846000889e-10
11.0,4.01,12.0,0.00028846304396321076
11.0,4.01,13.0,0.00014626899881825528
11.0,4.01,14.0,-0.002402845243670293
11.0,4.01,15.0,2.9459678327348193e-06
11.0,4.01,16.0,1.2707206433093532e-05
11.0,4.01,17.0,-0.00038632988225131604
11.0,4.01,18.0,6.072916418226049e-05
11.0,4.01,19.0,-0.0004889717517533032
11.0,4.01,20.0,0.00044843346848028043
11.0,4.01,21.0,9.416977753140543e-10
11.0,5.01,0.0,0.00043335444396719325
11.0,5.01,1.0,1.5359104770878984e-05
11.0,5.01,2.0,0.00011604827691802377
11.0,5.01,3.0,8.491140846000889e-10
11.0,5.01,4.0,0.0005321169837898265
11.0,5.01,5.0,-6.751811750478971e-05
11.0,5.01,6.0,0.0001905400059094009
11.0,5.01,7.0,-4.449737759985872e-06
11.0,5.01,8.0,8.491140846000889e-10
11.0,5.01,9.0,-5.148523732009802e-05
11.0,5.01,10.0,-0.00015415570058775752
11.0,5.01,11.0,8.491140846000889e-10
11.0,5.01,12.0,0.0002911544038319558
11.0,5.01,13.0,0.00015072550860134593
11.0,5.01,14.0,-0.002402939641301458
11.0,5.01,15.0,3.0807142116506814e-06
11.0,5.01,16.0,1.2456983718406311e-05
11.0,5.01,17.0,-0.00038632992165374907
11.0,5.01,18.0,5.8360716485461595e-05
11.0,5.01,19.0,-0.0004897904854634927
11.0,5.01,20.0,0.0004687129544539981
11.0,5.01,21.0,9.416977753140543e-10
11.0,6.01,0.0,0.0004280889371774954
11.0,6.01,1.0,1.405026728004688e-05
11.0,6.01,2.0,0.00012090946273818348
11.0,6.01,3.0,8.491140846000889e-10
11.0,6.01,4.0,0.0005313801114517624
11.0,6.01,5.0,-6.751811769783446e-05
11.0,6.01,6.0,0.0001937114962023423
11.0,6.01,7.0,-4.449737766909545e-06
11.0,6.01,8.0,8.491140846000889e-10
11.0,6.01,9.0,-5.3670646223857865e-05
11.0,6.01,10.0,-0.00015359224514664704
11.0,6.01,11.0,8.491140846000889e-10
11.0,6.01,12.0,0.0002938331710628239
11.0,6.01,13.0,0.00015516300320939092
11.0,6.01,14.0,-0.0024030340269152618
11.0,6.01,15.0,3.2151591469187224e-06
11.0,6.01,16.0,1.2208391052176415e-05
11.0,6.01,17.0,-0.00038632996098081313
11.0,6.01,18.0,5.599360905234052e-05
11.0,6.01,19.0,-0.000490607609652971
11.0,6.01,20.0,0.0004889476735426834
11.0,6.01,21.0,9.416977753140543e-10
11.0,7.01,0.0,0.0004228683611666728
11.0,7.01,1.0,1.2749946033202564e-05
11.0,7.01,2.0,0.00012573116161557207
11.0,7.01,3.0,8.491140846000889e-10
11.0,7.01,4.0,0.0005306494697514264
11.0,7.01,5.0,-6.751811788301043e-05
11.0,7.01,6.0,0.00019686003632729543
11.0,7.01,7.0,-4.449737773443316e-06
11.0,7.01,8.0,8.491140846000889e-10
11.0,7.01,9.0,-5.584280368209349e-05
11.0,7.01,10.0,-0.0001530332967124154
11.0,7.01,11.0,8.491140846000889e-10
11.0,7.01,12.0,0.0002964872565427157
11.0,7.01,13.0,0.00015956171382758289
11.0,7.01,14.0,-0.00240312821942598
11.0,7.01,15.0,3.34874260798923e-06
11.0,7.01,16.0,1.1962668603981985e-05
11.0,7.01,17.0,-0.0003863300002169941
11.0,7.01,18.0,5.3637644238435644e-05
11.0,7.01,19.0,-0.0004914195999672077
11.0,7.01,20.0,0.0005090478602276516
11.0,7.01,21.0,9.416977753140543e-10
11.0,8.01,0.0,0.0004177367548728883
11.0,8.01,1.0,1.1468748477377888e-05
11.0,8.01,2.0,0.0001304728078603823
11.0,8.01,3.0,8.491140846000889e-10
11.0,8.01,4.0,0.0005299311701389142
11.0,8.01,5.0,-6.751811805785353e-05
11.0,8.01,6.0,0.0001999593518441367
11.0,8.01,7.0,-4.449737779495795e-06
11.0,8.01,8.0,8.491140846000889e-10
11.0,8.01,9.0,-5.7984348067169345e-05
11.0,8.01,10.0,-0.0001524836682483821
11.0,8.01,11.0,8.491140846000889e-10
11.0,8.01,12.0,0.00029909391741106406
11.0,8.01,13.0,0.00016388442091835875
11.0,8.01,14.0,-0.0024032218496128303
11.0,8.01,15.0,3.4803747885059355e-06
11.0,8.01,16.0,1.172197433160771e-05
11.0,8.01,17.0,-0.00038633003933186025
11.0,8.01,18.0,5.1311977920409646e-05
11.0,8.01,19.0,-0.0004922197649877835
11.0,8.01,20.0,0.0005288422262972325
11.0,8.01,21.0,9.416977753140543e-10
11.0,9.01,0.0,0.00041276853811467173
11.0,9.01,1.0,1.0224911832612538e-05
11.0,9.01,2.0,0.00013506491039666502
11.0,9.01,3.0,8.491140846000889e-10
11.0,9.01,4.0,0.0005292354884378347
11.0,9.01,5.0,-6.751811821893841e-05
11.0,9.01,6.0,0.00020296404257807987
11.0,9.01,7.0,-4.449737784968391e-06
11.0,9.01,8.0,8.491140846000889e-10
11.0,9.01,9.0,-6.006547366618764e-05
11.0,9.01,10.0,-0.0001519514987564502
11.0,9.01,11.0,8.491140846000889e-10
11.0,9.01,12.0,0.0003016143516779979
11.0,9.01,13.0,0.00016806763121585133
11.0,9.01,14.0,-0.002403314260717245
11.0,9.01,15.0,3.6081585200187227e-06
11.0,9.01,16.0,1.1489787419632913e-05
11.0,9.01,17.0,-0.0003863300782690201
11.0,9.01,18.0,4.9050038037290467e-05
11.0,9.01,19.0,-0.0004929966312134104
11.0,9.01,20.0,0.000548036204644553
11.0,9.01,21.0,9.416977753140543e-10
11.0,10.01,0.0,0.0004080911237411833
11.0,10.01,1.0,9.049896892460163e-06
11.0,10.01,2.0,0.0001393875675753109
11.0,10.01,3.0,8.491140846000889e-10
11.0,10.01,4.0,0.0005285799037621774
11.0,10.01,5.0,-6.751811836141763e-05
11.0,10.01,6.0,0.00020579543504800624
11.0,10.01,7.0,-4.44973778975608e-06
11.0,10.01,8.0,8.491140846000889e-10
11.0,10.01,9.0,-6.203491747416856e-05
11.0,10.01,10.0,-0.000151450760153507
11.0,10.01,11.0,8.491140846000889e-10
11.0,10.01,12.0,0.00030398162244429927
11.0,10.01,13.0,0.00017200203565975736
11.0,10.01,14.0,-0.002403404298185226
11.0,10.01,15.0,3.72879856996855e-06
11.0,10.01,16.0,1.1271887651514989e-05
11.0,10.01,17.0,-0.00038633011692910593
11.0,10.01,18.0,4.690997465867097e-05
11.0,10.01,19.0,-0.0004937304097405726
11.0,10.01,20.0,0.0005661206298704369
11.0,10.01,21.0,9.416977753140543e-10
12.0,0.01,0.0,-9.968877103461171e-05
12.0,0.01,1.0,-8.625198255768352e-05
12.0,0.01,2.0,4.3646399534191804e-05
12.0,0.01,3.0,7.181143180101657e-10
12.0,0.01,4.0,-0.00020180500932098777
12.0,0.01,5.0,-3.426375876942889e-05
12.0,0.01,6.0,8.7708455152824e-05
12.0,0.01,7.0,-2.6439581623877162e-05
12.0,0.01,8.0,7.181143180101657e-10
12.0,0.01,9.0,-0.00011125877626644992
12.0,0.01,10.0,3.739809036645836e-06
12.0,0.01,11.0,7.181143180101657e-10
12.0,0.01,12.0,1.1698184058134276e-05
12.0,0.01,13.0,0.00017822297428987666
12.0,0.01,14.0,-3.269190462101834e-05
12.0,0.01,15.0,3.217536691049738e-05
12.0,0.01,16.0,0.0002080403658974439
12.0,0.01,17.0,-4.808229176384016e-05
12.0,0.01,18.0,-2.155807683518196e-05
12.0,0.01,19.0,-0.00028587485330142104
12.0,0.01,20.0,0.0002040250076713046
12.0,0.01,21.0,8.638774418034956e-10
12.0,1.01,0.0,0.01266992378742049
12.0,1.01,1.0,0.0007702302515482651
12.0,1.01,2.0,0.00136829517216433
12.0,1.01,3.0,7.181143180101657e-10
12.0,1.01,4.0,-0.0004537964079528445
12.0,1.01,5.0,-0.002448672654093445
12.0,1.01,6.0,0.0009195511255339905
12.0,1.01,7.0,-0.0004377180721475693
12.0,1.01,8.0,7.181143180101657e-10
12.0,1.01,9.0,-0.002143986582620834
12.0,1.01,10.0,-0.0005069828622815964
12.0,1.01,11.0,7.181143180101657e-10
12.0,1.01,12.0,0.00029374608003274183
12.0,1.01,13.0,0.0036581341593065475
12.0,1.01,14.0,0.0006812216638149085
12.0,1.01,15.0,0.0001957813907825512
12.0,1.01,16.0,0.003545648232860077
12.0,1.01,17.0,-0.002842320229151152
12.0,1.01,18.0,0.00011622405856676066
12.0,1.01,19.0,-0.0034904911006460593
12.0,1.01,20.0,0.002484626343119467
12.0,1.01,21.0,8.638774418034956e-10
12.0,2.01,0.0,0.024647319278658042
12.0,2.01,1.0,0.0015641399251239974
12.0,2.01,2.0,0.0026282359276718903
12.0,2.01,3.0,7.181143180101657e-10
12.0,2.01,4.0,-0.000893745546921676
12.0,2.01,5.0,-0.0047291370283085304
12.0,2.01,6.0,0.0019529827125464028
12.0,2.01,7.0,-0.0008293575281365928
12.0,2.01,8.0,7.181143180101657e-10
12.0,2.01,9.0,-0.004063078230031901
12.0,2.01,10.0,-0.0009833307218602705
12.0,2.01,11.0,7.181143180101657e-10
12.0,2.01,12.0,0.0005840244512444193
12.0,2.01,13.0,0.006981256402384672
12.0,2.01,14.0,0.0013472772209355
12.0,2.01,15.0,0.00035239711766724136
12.0,2.01,16.0,0.006735235154845809
12.0,2.01,17.0,-0.005480849117926984
12.0,2.01,18.0,0.0002475229257909439
12.0,2.01,19.0,-0.006543082542741496
12.0,2.01,20.0,0.004702469051356739
12.0,2.01,21.0,8.638774418034956e-10
12.0,3.01,0.0,0.036329350205459354
12.0,3.01,1.0,0.0024000399414300655
12.0,3.01,2.0,0.0037660573387819918
12.0,3.01,3.0,7.181143180101657e-10
12.0,3.01,4.0,-0.0004356071942561712
12.0,3.01,5.0,-0.006872865265367123
12.0,3.01,6.0,0.0019132849721656964
12.0,3.01,7.0,-0.001179021503291272
12.0,3.01,8.0,7.181143180101657e-10
12.0,3.01,9.0,-0.00586742857425631
12.0,3.01,10.0,-0.0014586031783509479
12.0,3.01,11.0,7.181143180101657e-10
12.0,3.01,12.0,0.0007519662634511703
12.0,3.01,13.0,0.009902311652109586
12.0,3.01,14.0,0.0020028096695462183
12.0,3.01,15.0,0.00048151411927183085
12.0,3.01,16.0,0.009514684172196752
12.0,3.01,17.0,-0.007961819335690679
12.0,3.01,18.0,0.0003663174726928342
12.0,3.01,19.0,-0.009293630908930872
12.0,3.01,20.0,0.006472232630207686
12.0,3.01,21.0,8.638774418034956e-10
12.0,4.01,0.0,0.04720183603084205
12.0,4.01,1.0,0.0031590212304269394
12.0,4.01,2.0,0.004869040848302114
12.0,4.01,3.0,7.181143180101657e-10
12.0,4.01,4.0,-0.0004577080863040761
12.0,4.01,5.0,-0.008908026605224773
12.0,4.01,6.0,0.0024314348514739015
12.0,4.01,7.0,-0.0015181930590556503
12.0,4.01,8.0,7.181143180101657e-10
12.0,4.01,9.0,-0.00757870569024538
12.0,4.01,10.0,-0.001895463205335457
12.0,4.01,11.0,7.181143180101657e-10
12.0,4.01,12.0,0.0009678146368006235
12.0,4.01,13.0,0.012769278666172446
12.0,4.01,14.0,0.002607390746639182
12.0,4.01,15.0,0.0006082779893397949
12.0,4.01,16.0,0.01225156748536993
12.0,4.01,17.0,-0.01031668052113563
12.0,4.01,18.0,0.0004871118733184576
12.0,4.01,19.0,-0.011956677517703296
12.0,4.01,20.0,0.008304498340653055
12.0,4.01,21.0,8.638774418034956e-10
12.0,5.01,0.0,0.05762622049212163
12.0,5.01,1.0,0.0038802675127639352
12.0,5.01,2.0,0.005900656984740932
12.0,5.01,3.0,7.181143180101657e-10
12.0,5.01,4.0,-4.27005694575433e-05
12.0,5.01,5.0,-0.010832702357403287
12.0,5.01,6.0,0.0024310995402659907
12.0,5.01,7.0,-0.0018370696601923975
12.0,5.01,8.0,7.181143180101657e-10
12.0,5.01,9.0,-0.009196888608277241
12.0,5.01,10.0,-0.0023201447106682427
12.0,5.01,11.0,7.181143180101657e-10
12.0,5.01,12.0,0.0011218489228384532
12.0,5.01,13.0,0.01542978256568317
12.0,5.01,14.0,0.0031957809386077216
12.0,5.01,15.0,0.0007318060327764497
12.0,5.01,16.0,0.01480170349074833
12.0,5.01,17.0,-0.012548304043729003
12.0,5.01,18.0,0.0005854732023316545
12.0,5.01,19.0,-0.014503290081688464
12.0,5.01,20.0,0.0099396670308885
12.0,5.01,21.0,8.638774418034956e-10
12.0,6.01,0.0,0.06727477471377241
12.0,6.01,1.0,0.004465412789654122
12.0,6.01,2.0,0.006921307632435231
12.0,6.01,3.0,7.181143180101657e-10
12.0,6.01,4.0,3.758342478066279e-05
12.0,6.01,5.0,-0.012666176554271477
12.0,6.01,6.0,0.002823646114020084
12.0,6.01,7.0,-0.0021614746897254955
12.0,6.01,8.0,7.181143180101657e-10
12.0,6.01,9.0,-0.010736533707305311
12.0,6.01,10.0,-0.002710073414342762
12.0,6.01,11.0,7.181143180101657e-10
12.0,6.01,12.0,0.0013178317531082062
12.0,6.01,13.0,0.018153218076780442
12.0,6.01,14.0,0.0037456842504993287
12.0,6.01,15.0,0.0008850865517149309
12.0,6.01,16.0,0.017452116653174754
12.0,6.01,17.0,-0.014678263034033523
12.0,6.01,18.0,0.0006642499942128843
12.0,6.01,19.0,-0.01705552483723119
12.0,6.01,20.0,0.011751836455876519
12.0,6.01,21.0,8.638774418034956e-10
12.0,7.01,0.0,0.0765755666038005
12.0,7.01,1.0,0.005095683249785432
12.0,7.01,2.0,0.007865533554673731
12.0,7.01,3.0,7.181143180101657e-10
12.0,7.01,4.0,0.00023717150894297934
12.0,7.01,5.0,-0.014405463897061752
12.0,7.01,6.0,0.003044275472686264
12.0,7.01,7.0,-0.0024546467612916456
12.0,7.01,8.0,7.181143180101657e-10
12.0,7.01,9.0,-0.012195577577528621
12.0,7.01,10.0,-0.003087537021897735
12.0,7.01,11.0,7.181143180101657e-10
12.0,7.01,12.0,0.0014800645953340075
12.0,7.01,13.0,0.02061531739514344
12.0,7.01,14.0,0.004271817631578044
12.0,7.01,15.0,0.0010024294369400666
12.0,7.01,16.0,0.019819177008010558
12.0,7.01,17.0,-0.016695138843133006
12.0,7.01,18.0,0.0007520073101009439
12.0,7.01,19.0,-0.019380238473182487
12.0,7.01,20.0,0.01331160262698139
12.0,7.01,21.0,8.638774418034956e-10
12.0,8.01,0.0,0.08546323185456295
12.0,8.01,1.0,0.005709771581636935
12.0,8.01,2.0,0.008757667420221299
12.0,8.01,3.0,7.181143180101657e-10
12.0,8.01,4.0,0.0005671195577746646
12.0,8.01,5.0,-0.016059785817399516
12.0,8.01,6.0,0.0031172445522693604
12.0,8.01,7.0,-0.002730643592638776
12.0,8.01,8.0,7.181143180101657e-10
12.0,8.01,9.0,-0.013581635793477265
12.0,8.01,10.0,-0.0034505918980673733
12.0,8.01,11.0,7.181143180101657e-10
12.0,8.01,12.0,0.001617145364526118
12.0,8.01,13.0,0.02292838366585037
12.0,8.01,14.0,0.004777003950405298
12.0,8.01,15.0,0.0011094348512445396
12.0,8.01,16.0,0.022041483325374145
12.0,8.01,17.0,-0.01861445398492803
12.0,8.01,18.0,0.0008327056808010713
12.0,8.01,19.0,-0.021584025598840317
12.0,8.01,20.0,0.014746147017238254
12.0,8.01,21.0,8.638774418034956e-10
12.0,9.01,0.0,0.09378784050774969
12.0,9.01,1.0,0.006230795760017616
12.0,9.01,2.0,0.00963357428862835
12.0,9.01,3.0,7.181143180101657e-10
12.0,9.01,4.0,0.0005292819145998884
12.0,9.01,5.0,-0.01763987687855563
12.0,9.01,6.0,0.0035689243010782468
12.0,9.01,7.0,-0.003006868354169856
12.0,9.01,8.0,7.181143180101657e-10
12.0,9.01,9.0,-0.014902877645212174
12.0,9.01,10.0,-0.0037854081592342825
12.0,9.01,11.0,7.181143180101657e-10
12.0,9.01,12.0,0.001796343464812139
12.0,9.01,13.0,0.02525219488256958
12.0,9.01,14.0,0.005245883852754402
12.0,9.01,15.0,0.0012327886211336847
12.0,9.01,16.0,0.02429199650235858
12.0,9.01,17.0,-0.020446953539973417
12.0,9.01,18.0,0.0009111386734594329
12.0,9.01,19.0,-0.023750732642664918
12.0,9.01,20.0,0.01629088750648816
12.0,9.01,21.0,8.638774695590712e-10
12.0,10.01,0.0,0.10176118918008281
12.0,10.01,1.0,0.006741881965591778
12.0,10.01,2.0,0.010464015850379177
12.0,10.01,3.0,7.181143180101657e-10
12.0,10.01,4.0,0.0005710268170373567
12.0,10.01,5.0,-0.01914711064853296
12.0,10.01,6.0,0.00393135520317911
12.0,10.01,7.0,-0.0032677070937711383
12.0,10.01,8.0,7.181143180101657e-10
12.0,10.01,9.0,-0.01616068402192331
12.0,10.01,10.0,-0.004107408632596593
12.0,10.01,11.0,7.181143180101657e-10
12.0,10.01,12.0,0.001959454016155132
12.0,10.01,13.0,0.02744453733250135
12.0,10.01,14.0,0.00569133489884259
12.0,10.01,15.0,0.0013454067427183247
12.0,10.01,16.0,0.02641100150656328
12.0,10.01,17.0,-0.022194385122906723
12.0,10.01,18.0,0.000991072944420246
12.0,10.01,19.0,-0.025796952841377258
12.0,10.01,20.0,0.01772867342331519
12.0,10.01,21.0,8.638774418034956e-10
13.0,0.01,0.0,0.0004787078113950294
13.0,0.01,1.0,7.356960750964925e-06
13.0,0.01,2.0,4.2780005424236656e-07
13.0,0.01,3.0,6.8085836968379e-10
13.0,0.01,4.0,0.00021377461437410705
13.0,0.01,5.0,-5.379673046215783e-05
13.0,0.01,6.0,-4.540452424384167e-05
13.0,0.01,7.0,-4.7386931396137255e-05
13.0,0.01,8.0,6.8085836968379e-10
13.0,0.01,9.0,-8.786997276299946e-06
13.0,0.01,10.0,-3.3828253868634084e-05
13.0,0.01,11.0,6.8085836968379e-10
13.0,0.01,12.0,-0.00010234106596454517
13.0,0.01,13.0,2.0905917451324862e-05
13.0,0.01,14.0,5.040536493211567e-05
13.0,0.01,15.0,4.1861723004688045e-08
13.0,0.01,16.0,-0.0004681361531297945
13.0,0.01,17.0,-7.15447337395203e-05
13.0,0.01,18.0,0.0001026581917411562
13.0,0.01,19.0,6.117171247793651e-06
13.0,0.01,20.0,-6.618273594616308e-05
13.0,0.01,21.0,9.512466925265528e-10
13.0,1.01,0.0,0.030981669591682137
13.0,1.01,1.0,0.00043042973752269176
13.0,1.01,2.0,8.139353961930662e-05
13.0,1.01,3.0,6.8085836968379e-10
13.0,1.01,4.0,-0.007554999864423373
13.0,1.01,5.0,-0.007927958066356683
13.0,1.01,6.0,-0.00175072705244117
13.0,1.01,7.0,-0.004207697367041602
13.0,1.01,8.0,6.8085836968379e-10
13.0,1.01,9.0,-0.0035282760927413115
13.0,1.01,10.0,-0.0020734920848818894
13.0,1.01,11.0,6.8085836968379e-10
13.0,1.01,12.0,-0.003149368780217515
13.0,1.01,13.0,0.004562065251954628
13.0,1.01,14.0,0.007958691076029312
13.0,1.01,15.0,7.230580552020083e-06
13.0,1.01,16.0,0.006449451904580017
13.0,1.01,17.0,-0.007811033919266824
13.0,1.01,18.0,0.003087310375447627
13.0,1.01,19.0,-0.0040098228430044125
13.0,1.01,20.0,0.004523230685967661
13.0,1.01,21.0,9.512466925265528e-10
13.0,2.01,0.0,0.05941464882429304
13.0,2.01,1.0,0.0008257137222978106
13.0,2.01,2.0,0.00015560538791070666
13.0,2.01,3.0,6.8085836968379e-10
13.0,2.01,4.0,-0.014310213942149097
13.0,2.01,5.0,-0.015161569457350393
13.0,2.01,6.0,-0.0033680307697701584
13.0,2.01,7.0,-0.008057176745985134
13.0,2.01,8.0,6.8085836968379e-10
13.0,2.01,9.0,-0.0067400224884572035
13.0,2.01,10.0,-0.003976112972622348
13.0,2.01,11.0,6.8085836968379e-10
13.0,2.01,12.0,-0.006070891051631139
13.0,2.01,13.0,0.008720271165583326
13.0,2.01,14.0,0.015220304187812561
13.0,2.01,15.0,1.3823713171767782e-05
13.0,2.01,16.0,0.012063760182156269
13.0,2.01,17.0,-0.014948793089174794
13.0,2.01,18.0,0.005946273731891161
13.0,2.01,19.0,-0.0076512503192030235
13.0,2.01,20.0,0.008598344938096913
13.0,2.01,21.0,9.512466925265528e-10
13.0,3.01,0.0,0.08582977973002526
13.0,3.01,1.0,0.0011934302512399686
13.0,3.01,2.0,0.00022421589443241685
13.0,3.01,3.0,6.8085836968379e-10
13.0,3.01,4.0,-0.02041406191406403
13.0,3.01,5.0,-0.02185642313006625
13.0,3.01,6.0,-0.004881531057612409
13.0,3.01,7.0,-0.01162780835429189
13.0,3.01,8.0,6.8085836968379e-10
13.0,3.01,9.0,-0.009706919646284645
13.0,3.01,10.0,-0.0057445176454334335
13.0,3.01,11.0,6.8085836968379e-10
13.0,3.01,12.0,-0.008810563673155775
13.0,3.01,13.0,0.012564347831965417
13.0,3.01,14.0,0.02194180136835122
13.0,3.01,15.0,1.9919849069627293e-05
13.0,3.01,16.0,0.016988317820799903
13.0,3.01,17.0,-0.021563804402407433
13.0,3.01,18.0,0.008636917728796073
13.0,3.01,19.0,-0.011004582515809186
13.0,3.01,20.0,0.01232043512681319
13.0,3.01,21.0,9.512466925265528e-10
13.0,4.01,0.0,0.11032134654636716
13.0,4.01,1.0,0.0015337881413493848
13.0,4.01,2.0,0.0002882184813459143
13.0,4.01,3.0,6.8085836968379e-10
13.0,4.01,4.0,-0.026285985776424103
13.0,4.01,5.0,-0.028092608477458925
13.0,4.01,6.0,-0.006268571787377553
13.0,4.01,7.0,-0.014944783678979112
13.0,4.01,8.0,6.8085836968379e-10
13.0,4.01,9.0,-0.012476943424224451
13.0,4.01,10.0,-0.007383083686695546
13.0,4.01,11.0,6.8085836968379e-10
13.0,4.01,12.0,-0.011314938490014609
13.0,4.01,13.0,0.01615046037832199
13.0,4.01,14.0,0.028199826529862082
13.0,4.01,15.0,2.5605923399618646e-05
13.0,4.01,16.0,0.02192042860541421
13.0,4.01,17.0,-0.027714677743734095
13.0,4.01,18.0,0.011087176434955437
13.0,4.01,19.0,-0.01414914831593267
13.0,4.01,20.0,0.01585407940054212
13.0,4.01,21.0,9.512466925265528e-10
13.0,5.01,0.0,0.13317799338403513
13.0,5.01,1.0,0.0018517212680033146
13.0,5.01,2.0,0.00034776367705760536
13.0,5.01,3.0,6.8085836968379e-10
13.0,5.01,4.0,-0.03166069900644841
13.0,5.01,5.0,-0.033898818979096496
13.0,5.01,6.0,-0.007572787961870275
13.0,5.01,7.0,-0.018036890437341135
13.0,5.01,8.0,6.8085836968379e-10
13.0,5.01,9.0,-0.015053082142735374
13.0,5.01,10.0,-0.008912747039135138
13.0,5.01,11.0,6.8085836968379e-10
13.0,5.01,12.0,-0.013672489025041423
13.0,5.01,13.0,0.019486696869233544
13.0,5.01,14.0,0.0340282287210355
13.0,5.01,15.0,3.089628198599259e-05
13.0,5.01,16.0,0.026342567108848303
13.0,5.01,17.0,-0.0334471567793638
13.0,5.01,18.0,0.01339558037214661
13.0,5.01,19.0,-0.017066780852749902
13.0,5.01,20.0,0.01911044744305951
13.0,5.01,21.0,9.512466925265528e-10
13.0,6.01,0.0,0.1545492904189525
13.0,6.01,1.0,0.0021492723855753293
13.0,6.01,2.0,0.0004033143572886033
13.0,6.01,3.0,6.8085836968379e-10
13.0,6.01,4.0,-0.03659787436480727
13.0,6.01,5.0,-0.0393198395243087
13.0,6.01,6.0,-0.008800113555625155
13.0,6.01,7.0,-0.02092693349740604
13.0,6.01,8.0,6.8085836968379e-10
13.0,6.01,9.0,-0.017456475740563582
13.0,6.01,10.0,-0.010343541975428472
13.0,6.01,11.0,6.8085836968379e-10
13.0,6.01,12.0,-0.015892803134626432
13.0,6.01,13.0,0.02259945930226645
13.0,6.01,14.0,0.03947304674048008
13.0,6.01,15.0,3.583171873153268e-05
13.0,6.01,16.0,0.03031635731396931
13.0,6.01,17.0,-0.03880335150428621
13.0,6.01,18.0,0.015575889767634354
13.0,6.01,19.0,-0.01978219854074767
13.0,6.01,20.0,0.02211859997303528
13.0,6.01,21.0,9.512466925265528e-10
13.0,7.01,0.0,0.17454041397115239
13.0,7.01,1.0,0.0024273631842250676
13.0,7.01,2.0,0.000455409105797
13.0,7.01,3.0,6.8085836968379e-10
13.0,7.01,4.0,-0.04130132004212461
13.0,7.01,5.0,-0.04440008311562807
13.0,7.01,6.0,-0.009939705178904468
13.0,7.01,7.0,-0.023632617146269713
13.0,7.01,8.0,6.8085836968379e-10
13.0,7.01,9.0,-0.01971067423161718
13.0,7.01,10.0,-0.011681602422238285
13.0,7.01,11.0,6.8085836968379e-10
13.0,7.01,12.0,-0.017952936529718966
13.0,7.01,13.0,0.025518462329836733
13.0,7.01,14.0,0.04457258719785617
13.0,7.01,15.0,4.046001745769412e-05
13.0,7.01,16.0,0.034186084351333634
13.0,7.01,17.0,-0.043818510836364344
13.0,7.01,18.0,0.017595928080225975
13.0,7.01,19.0,-0.022334996170610882
13.0,7.01,20.0,0.0249678463443041
13.0,7.01,21.0,9.512466925265528e-10
13.0,8.01,0.0,0.19329280700574025
13.0,8.01,1.0,0.002688130362576646
13.0,8.01,2.0,0.0005043148994719193
13.0,8.01,3.0,6.8085836968379e-10
13.0,8.01,4.0,-0.04574240954481906
13.0,8.01,5.0,-0.04916763369438665
13.0,8.01,6.0,-0.011006672073352264
13.0,8.01,7.0,-0.02617043763600088
13.0,8.01,8.0,6.8085836968379e-10
13.0,8.01,9.0,-0.021826779195280283
13.0,8.01,10.0,-0.012936458424373909
13.0,8.01,11.0,6.8085836968379e-10
13.0,8.01,12.0,-0.019880950153178784
13.0,8.01,13.0,0.028258595465238456
13.0,8.01,14.0,0.04935706482807639
13.0,8.01,15.0,4.480503589246454e-05
13.0,8.01,16.0,0.03787012223044195
13.0,8.01,17.0,-0.048523928933208005
13.0,8.01,18.0,0.019482549758142148
13.0,8.01,19.0,-0.024733791975689617
13.0,8.01,20.0,0.027653571734345295
13.0,8.01,21.0,9.512466925265528e-10
13.0,9.01,0.0,0.21091030377315478
13.0,9.01,1.0,0.0029328659359236786
13.0,9.01,2.0,0.000550359895739011
13.0,9.01,3.0,6.8085836968379e-10
13.0,9.01,4.0,-0.050004928194870624
13.0,9.01,5.0,-0.05365211034111919
13.0,9.01,6.0,-0.011999433197363796
13.0,9.01,7.0,-0.028554856294369796
13.0,9.01,8.0,6.8085836968379e-10
13.0,9.01,9.0,-0.023818605900435857
13.0,9.01,10.0,-0.014114767298114866
13.0,9.01,11.0,6.8085836968379e-10
13.0,9.01,12.0,-0.021674257644861666
13.0,9.01,13.0,0.03083794273933882
13.0,9.01,14.0,0.05385110571338092
13.0,9.01,15.0,4.889602392538217e-05
13.0,9.01,16.0,0.04150307910851436
13.0,9.01,17.0,-0.0529463873094376
13.0,9.01,18.0,0.021228718424117637
13.0,9.01,19.0,-0.026999310225910372
13.0,9.01,20.0,0.030219836639890252
13.0,9.01,21.0,9.512466925265528e-10
13.0,10.01,0.0,0.2275381303985451
13.0,10.01,1.0,0.0031645128907706044
13.0,10.01,2.0,0.0005935541598615091
13.0,10.01,3.0,6.8085836968379e-10
13.0,10.01,4.0,-0.05379936988218631
13.0,10.01,5.0,-0.05786983616131103
13.0,10.01,6.0,-0.012959559790594433
13.0,10.01,7.0,-0.030804648805544427
13.0,10.01,8.0,6.8085836968379e-10
13.0,10.01,9.0,-0.025688338102640235
13.0,10.01,10.0,-0.015228389405166659
13.0,10.01,11.0,6.8085836968379e-10
13.0,10.01,12.0,-0.02341106566216336
13.0,10.01,13.0,0.03325891798856162
13.0,10.01,14.0,0.058092420056922445
13.0,10.01,15.0,5.273337744432505e-05
13.0,10.01,16.0,0.04449872571548685
13.0,10.01,17.0,-0.05711496045345271
13.0,10.01,18.0,0.022941885555147173
13.0,10.01,19.0,-0.029107068629093347
13.0,10.01,20.0,0.032535320118618205
13.0,10.01,21.0,9.512466925265528e-10
14.0,0.01,0.0,0.0007079851261551084
14.0,0.01,1.0,2.232276488406404e-06
14.0,0.01,2.0,7.084675334381729e-05
14.0,0.01,3.0,8.006729723675221e-10
14.0,0.01,4.0,0.0006253894055594511
14.0,0.01,5.0,-0.0007322281913099554
14.0,0.01,6.0,8.745429156037376e-05
14.0,0.01,7.0,-0.0009773829956545993
14.0,0.01,8.0,8.006729723675221e-10
14.0,0.01,9.0,-0.00017234291339893182
14.0,0.01,10.0,-0.0001315685300233571
14.0,0.01,11.0,8.006729723675221e-10
14.0,0.01,12.0,0.00067198844709071
14.0,0.01,13.0,0.00037904187403875467
14.0,0.01,14.0,-0.0009088082605654933
14.0,0.01,15.0,9.209585483116456e-09
14.0,0.01,16.0,0.0008008197449249632
14.0,0.01,17.0,-0.0015190278091121966
14.0,0.01,18.0,0.0002765370855796756
14.0,0.01,19.0,-0.00017711626937495784
14.0,0.01,20.0,0.0006357970633741883
14.0,0.01,21.0,1.2783066272170629e-09
14.0,1.01,0.0,0.010933584528555751
14.0,1.01,1.0,2.6129798624957568e-05
14.0,1.01,2.0,0.0006694882942063496
14.0,1.01,3.0,8.006729723675221e-10
14.0,1.01,4.0,0.00373343416817995
14.0,1.01,5.0,-0.0012866231482862311
14.0,1.01,6.0,0.0007191208871697441
14.0,1.01,7.0,-0.0032638938312799376
14.0,1.01,8.0,8.006729723675221e-10
14.0,1.01,9.0,-0.0015802604441777501
14.0,1.01,10.0,-0.0003187448475243104
14.0,1.01,11.0,8.006729723675221e-10
14.0,1.01,12.0,0.0013550056187446313
14.0,1.01,13.0,0.003415746712801093
14.0,1.01,14.0,-0.0014048264559301214
14.0,1.01,15.0,7.538109245142088e-08
14.0,1.01,16.0,0.004491801590071787
14.0,1.01,17.0,-0.0029650816602250184
14.0,1.01,18.0,0.0013319066970876592
14.0,1.01,19.0,-0.0026488786216025823
14.0,1.01,20.0,0.0026236291242417997
14.0,1.01,21.0,1.2783066272170629e-09
14.0,2.01,0.0,0.020973396707709258
14.0,2.01,1.0,4.8808470246963775e-05
14.0,2.01,2.0,0.0012636224139635777
14.0,2.01,3.0,8.006729723675221e-10
14.0,2.01,4.0,0.006971783807008469
14.0,2.01,5.0,-0.0018352914434014017
14.0,2.01,6.0,0.0011810929423113903
14.0,2.01,7.0,-0.005517361312503154
14.0,2.01,8.0,8.006729723675221e-10
14.0,2.01,9.0,-0.002993484365528709
14.0,2.01,10.0,-0.000495881485082908
14.0,2.01,11.0,8.006729723675221e-10
14.0,2.01,12.0,0.0020381486918588654
14.0,2.01,13.0,0.006478038230687266
14.0,2.01,14.0,-0.0018886810648860823
14.0,2.01,15.0,1.4239765058765563e-07
14.0,2.01,16.0,0.007936069853186734
14.0,2.01,17.0,-0.004378807670227698
14.0,2.01,18.0,0.0024351027414871163
14.0,2.01,19.0,-0.005065526127853853
14.0,2.01,20.0,0.004603852290476329
14.0,2.01,21.0,1.2783066272170629e-09
14.0,3.01,0.0,0.03089790923802549
14.0,3.01,1.0,7.152190753625942e-05
14.0,3.01,2.0,0.0018405672530422135
14.0,3.01,3.0,8.006729723675221e-10
14.0,3.01,4.0,0.010216077805754398
14.0,3.01,5.0,-0.00237248923111634
14.0,3.01,6.0,0.0017140611773583392
14.0,3.01,7.0,-0.007721963345835511
14.0,3.01,8.0,8.006729723675221e-10
14.0,3.01,9.0,-0.004358003937737914
14.0,3.01,10.0,-0.000685676581142658
14.0,3.01,11.0,8.006729723675221e-10
14.0,3.01,12.0,0.0025368536390271146
14.0,3.01,13.0,0.009422227991075394
14.0,3.01,14.0,-0.0023618466116901507
14.0,3.01,15.0,2.0762254626660592e-07
14.0,3.01,16.0,0.011348203983152949
14.0,3.01,17.0,-0.005764248727776616
14.0,3.01,18.0,0.0033624551271584924
14.0,3.01,19.0,-0.007437862952869592
14.0,3.01,20.0,0.0064869486260695775
14.0,3.01,21.0,1.2783066272170629e-09
14.0,4.01,0.0,0.040561991599624814
14.0,4.01,1.0,9.307895024096569e-05
14.0,4.01,2.0,0.0024185899024368462
14.0,4.01,3.0,8.006729723675221e-10
14.0,4.01,4.0,0.013267150113332904
14.0,4.01,5.0,-0.0028970384545362188
14.0,4.01,6.0,0.0021096410719157466
14.0,4.01,7.0,-0.009896967956703355
14.0,4.01,8.0,8.006729723675221e-10
14.0,4.01,9.0,-0.005739695577974213
14.0,4.01,10.0,-0.000846722997186064
14.0,4.01,11.0,8.006729723675221e-10
14.0,4.01,12.0,0.0032937072601217365
14.0,4.01,13.0,0.01242492728426614
14.0,4.01,14.0,-0.002830047534327279
14.0,4.01,15.0,2.7312615413777053e-07
14.0,4.01,16.0,0.01466744598062264
14.0,4.01,17.0,-0.007108510104540819
14.0,4.01,18.0,0.0046262617473492584
14.0,4.01,19.0,-0.00977610392822393
14.0,4.01,20.0,0.008381585600575892
14.0,4.01,21.0,1.2783066272170629e-09
14.0,5.01,0.0,0.050137595469210816
14.0,5.01,1.0,0.00011463545281514831
14.0,5.01,2.0,0.002979584556895759
14.0,5.01,3.0,8.006729723675221e-10
14.0,5.01,4.0,0.016459754471930377
14.0,5.01,5.0,-0.003412472683995471
14.0,5.01,6.0,0.0025367906588307787
14.0,5.01,7.0,-0.0120256082174141
14.0,5.01,8.0,8.006729723675221e-10
14.0,5.01,9.0,-0.007074382809422242
14.0,5.01,10.0,-0.0010246073873055594
14.0,5.01,11.0,8.006729723675221e-10
14.0,5.01,12.0,0.00380348832594829
14.0,5.01,13.0,0.015312680002014745
14.0,5.01,14.0,-0.0032853677380140327
14.0,5.01,15.0,3.370745314534851e-07
14.0,5.01,16.0,0.01788083063543522
14.0,5.01,17.0,-0.008425612056817706
14.0,5.01,18.0,0.0056030773974890535
14.0,5.01,19.0,-0.012066426340022716
14.0,5.01,20.0,0.010210266217237252
14.0,5.01,21.0,1.2783066272170629e-09
14.0,6.01,0.0,0.059474478704973244
14.0,6.01,1.0,0.00013568487950693653
14.0,6.01,2.0,0.003537822189886769
14.0,6.01,3.0,8.006729723675221e-10
14.0,6.01,4.0,0.019365027805634538
14.0,6.01,5.0,-0.003910770243654098
14.0,6.01,6.0,0.0029541338772091086
14.0,6.01,7.0,-0.014119134418127302
14.0,6.01,8.0,8.006729723675221e-10
14.0,6.01,9.0,-0.008404671282569443
14.0,6.01,10.0,-0.0011796650737364855
14.0,6.01,11.0,8.006729723675221e-10
14.0,6.01,12.0,0.004555527490292699
14.0,6.01,13.0,0.018200917186077137
14.0,6.01,14.0,-0.0037378352794954946
14.0,6.01,15.0,3.9987317521084087e-07
14.0,6.01,16.0,0.02113092484868695
14.0,6.01,17.0,-0.009701616356438604
14.0,6.01,18.0,0.00678185730286307
14.0,6.01,19.0,-0.014333292501336387
14.0,6.01,20.0,0.012066174313283995
14.0,6.01,21.0,1.2783066272170629e-09
14.0,7.01,0.0,0.06865669727340729
14.0,7.01,1.0,0.0001564908595226011
14.0,7.01,2.0,0.004086561916391368
14.0,7.01,3.0,8.006729723675221e-10
14.0,7.01,4.0,0.022139836289892578
14.0,7.01,5.0,-0.004395574562862603
14.0,7.01,6.0,0.0034049759562420068
14.0,7.01,7.0,-0.016173052889330825
14.0,7.01,8.0,8.006729723675221e-10
14.0,7.01,9.0,-0.009710438000234578
14.0,7.01,10.0,-0.0013310368232407055
14.0,7.01,11.0,8.006729723675221e-10
14.0,7.01,12.0,0.0053171308484937785
14.0,7.01,13.0,0.021034633358422983
14.0,7.01,14.0,-0.0041843864656859985
14.0,7.01,15.0,4.6146870213981117e-07
14.0,7.01,16.0,0.024389509275329013
14.0,7.01,17.0,-0.010942342064984054
14.0,7.01,18.0,0.008003645607710719
14.0,7.01,19.0,-0.016569387661760228
14.0,7.01,20.0,0.013860770018800983
14.0,7.01,21.0,1.2783066272170629e-09
14.0,8.01,0.0,0.07771789554664399
14.0,8.01,1.0,0.0001770191652509523
14.0,8.01,2.0,0.004624616545203214
14.0,8.01,3.0,8.006729723675221e-10
14.0,8.01,4.0,0.024971730225551325
14.0,8.01,5.0,-0.004870004417122389
14.0,8.01,6.0,0.0038399885644899157
14.0,8.01,7.0,-0.018188025243959925
14.0,8.01,8.0,8.006729723675221e-10
14.0,8.01,9.0,-0.010990111760599663
14.0,8.01,10.0,-0.0014863252579522673
14.0,8.01,11.0,8.006729723675221e-10
14.0,8.01,12.0,0.005981034743220093
14.0,8.01,13.0,0.023808206010824562
14.0,8.01,14.0,-0.004620761665817152
14.0,8.01,15.0,5.221032700897243e-07
14.0,8.01,16.0,0.02754637511676239
14.0,8.01,17.0,-0.012149629528491707
14.0,8.01,18.0,0.009091564942707742
14.0,8.01,19.0,-0.01876591110747232
14.0,8.01,20.0,0.015630839810443498
14.0,8.01,21.0,1.2783066272170629e-09
14.0,9.01,0.0,0.08664172582844254
14.0,9.01,1.0,0.00019724892736686095
14.0,9.01,2.0,0.005153990632565747
14.0,9.01,3.0,8.006729723675221e-10
14.0,9.01,4.0,0.02776551341426159
14.0,9.01,5.0,-0.005332348875593168
14.0,9.01,6.0,0.004271718181862616
14.0,9.01,7.0,-0.020165678490585384
14.0,9.01,8.0,8.006729723675221e-10
14.0,9.01,9.0,-0.012248906666669418
14.0,9.01,10.0,-0.0016398358218702724
14.0,9.01,11.0,8.006729723675221e-10
14.0,9.01,12.0,0.00662219592492308
14.0,9.01,13.0,0.02653568567712966
14.0,9.01,14.0,-0.0050495758804374805
14.0,9.01,15.0,5.817989547907132e-07
14.0,9.01,16.0,0.03065194178457864
14.0,9.01,17.0,-0.013320564837846958
14.0,9.01,18.0,0.010151314800318278
14.0,9.01,19.0,-0.020929715588948704
14.0,9.01,20.0,0.017369796700632045
14.0,9.01,21.0,1.2783066272170629e-09
14.0,10.01,0.0,0.09546481539951879
14.0,10.01,1.0,0.000217265707865677
14.0,10.01,2.0,0.005672498913446872
14.0,10.01,3.0,8.006729723675221e-10
14.0,10.01,4.0,0.030693213374575312
14.0,10.01,5.0,-0.005785484752846674
14.0,10.01,6.0,0.004683097956987459
14.0,10.01,7.0,-0.02210560255061473
14.0,10.01,8.0,8.006729723675221e-10
14.0,10.01,9.0,-0.0134809462248687
14.0,10.01,10.0,-0.0018018826222494927
14.0,10.01,11.0,8.006729723675221e-10
14.0,10.01,12.0,0.0070990681549378265
14.0,10.01,13.0,0.029199117980027223
14.0,10.01,14.0,-0.0054675211207776235
14.0,10.01,15.0,6.405848400337089e-07
14.0,10.01,16.0,0.03363935047876676
14.0,10.01,17.0,-0.014457062938058037
14.0,10.01,18.0,0.01100908261126865
14.0,10.01,19.0,-0.023056755546291732
14.0,10.01,20.0,0.019085358534982666
14.0,10.01,21.0,1.2783065994614873e-09
15.0,0.01,0.0,0.0006483101642775768
15.0,0.01,1.0,8.004425850677288e-05
15.0,0.01,2.0,2.331484104617365e-05
15.0,0.01,3.0,7.084499653586818e-10
15.0,0.01,4.0,0.0005647165376931884
15.0,0.01,5.0,-0.0010516945128552918
15.0,0.01,6.0,0.00029388663374185775
15.0,0.01,7.0,-3.5444167071906447e-08
15.0,0.01,8.0,7.084499653586818e-10
15.0,0.01,9.0,-1.75273663489961e-05
15.0,0.01,10.0,-0.0035354504312241665
15.0,0.01,11.0,7.084499653586818e-10
15.0,0.01,12.0,0.0009592291041393697
15.0,0.01,13.0,5.9724994875276494e-05
15.0,0.01,14.0,-0.0005724290892366451
15.0,0.01,15.0,-6.161367690271646e-06
15.0,0.01,16.0,0.0010073169473910903
15.0,0.01,17.0,-0.0002586618439586741
15.0,0.01,18.0,0.0012120922558880864
15.0,0.01,19.0,0.000122759032173958
15.0,0.01,20.0,0.0003038490568739727
15.0,0.01,21.0,1.0224952551318722e-09
15.0,1.01,0.0,0.013844022273042933
15.0,1.01,1.0,0.0009171374391879206
15.0,1.01,2.0,0.0009401865217403271
15.0,1.01,3.0,7.084499653586818e-10
15.0,1.01,4.0,-0.0019394130717613756
15.0,1.01,5.0,-0.00584119148050577
15.0,1.01,6.0,-0.000172518948509226
15.0,1.01,7.0,-3.5444167198646074e-08
15.0,1.01,8.0,7.084499653586818e-10
15.0,1.01,9.0,-0.0014652239745170104
15.0,1.01,10.0,-0.004449229383140995
15.0,1.01,11.0,7.084499653586818e-10
15.0,1.01,12.0,0.0022380542997118003
15.0,1.01,13.0,0.0035432559581271006
15.0,1.01,14.0,0.0005669889279584506
15.0,1.01,15.0,0.0002891215736981201
15.0,1.01,16.0,-0.00018878413092482393
15.0,1.01,17.0,-0.0024689851071937885
15.0,1.01,18.0,0.0025487684110561126
15.0,1.01,19.0,-0.004417707951186345
15.0,1.01,20.0,0.002111925422571881
15.0,1.01,21.0,1.0224952551318722e-09
15.0,2.01,0.0,0.025595947945523112
15.0,2.01,1.0,0.001636799789920762
15.0,2.01,2.0,0.001783323108589363
15.0,2.01,3.0,7.084499653586818e-10
15.0,2.01,4.0,-0.004241335955900483
15.0,2.01,5.0,-0.010177547618365465
15.0,2.01,6.0,-0.0005211420322556171
15.0,2.01,7.0,-3.5444167240014865e-08
15.0,2.01,8.0,7.084499653586818e-10
15.0,2.01,9.0,-0.0028095136196032156
15.0,2.01,10.0,-0.0052532269387914644
15.0,2.01,11.0,7.084499653586818e-10
15.0,2.01,12.0,0.003578588142164274
15.0,2.01,13.0,0.006769550296743476
15.0,2.01,14.0,0.0015949007550929636
15.0,2.01,15.0,0.0005719877703954102
15.0,2.01,16.0,-0.001642743991005835
15.0,2.01,17.0,-0.0043721069222233955
15.0,2.01,18.0,0.0034529821163320484
15.0,2.01,19.0,-0.008019819551809193
15.0,2.01,20.0,0.004124039751819186
15.0,2.01,21.0,1.0224952551318722e-09
15.0,3.01,0.0,0.03628675405759796
15.0,3.01,1.0,0.0023035027588604318
15.0,3.01,2.0,0.002540804111669459
15.0,3.01,3.0,7.084499653586818e-10
15.0,3.01,4.0,-0.006329949410251112
15.0,3.01,5.0,-0.014097986395920345
15.0,3.01,6.0,-0.0008406628323950338
15.0,3.01,7.0,-3.544416725699604e-08
15.0,3.01,8.0,7.084499653586818e-10
15.0,3.01,9.0,-0.0040111488403687945
15.0,3.01,10.0,-0.005967384802064697
15.0,3.01,11.0,7.084499653586818e-10
15.0,3.01,12.0,0.004781572707532766
15.0,3.01,13.0,0.00965951024436068
15.0,3.01,14.0,0.002525887247059405
15.0,3.01,15.0,0.000820251117258558
15.0,3.01,16.0,-0.002896968831966551
15.0,3.01,17.0,-0.00608405011887414
15.0,3.01,18.0,0.004327546566046836
15.0,3.01,19.0,-0.011359171760083497
15.0,3.01,20.0,0.005852499421658108
15.0,3.01,21.0,1.0224952551318722e-09
15.0,4.01,0.0,0.04609025214361606
15.0,4.01,1.0,0.002929836121733753
15.0,4.01,2.0,0.0032204295078333
15.0,4.01,3.0,7.084499653586818e-10
15.0,4.01,4.0,-0.0081950968992206
15.0,4.01,5.0,-0.017648944816575626
15.0,4.01,6.0,-0.001180125742436866
15.0,4.01,7.0,-3.544416726600735e-08
15.0,4.01,8.0,7.084499653586818e-10
15.0,4.01,9.0,-0.005081931354078972
15.0,4.01,10.0,-0.006605879616036377
15.0,4.01,11.0,7.084499653586818e-10
15.0,4.01,12.0,0.005748866108888695
15.0,4.01,13.0,0.01223824197482093
15.0,4.01,14.0,0.003374198620718652
15.0,4.01,15.0,0.0010360696656754598
15.0,4.01,16.0,-0.0038102208012384953
15.0,4.01,17.0,-0.007701040141571636
15.0,4.01,18.0,0.0052936193175401325
15.0,4.01,19.0,-0.014696272162201707
15.0,4.01,20.0,0.0072047010637287245
15.0,4.01,21.0,1.0224952551318722e-09
15.0,5.01,0.0,0.05501850246934192
15.0,5.01,1.0,0.0034955309529309253
15.0,5.01,2.0,0.003844961433051741
15.0,5.01,3.0,7.084499653586818e-10
15.0,5.01,4.0,-0.00991968215358563
15.0,5.01,5.0,-0.020896220297137738
15.0,5.01,6.0,-0.0014717587811020616
15.0,5.01,7.0,-3.5444167270778506e-08
15.0,5.01,8.0,7.084499653586818e-10
15.0,5.01,9.0,-0.00606795847590888
15.0,5.01,10.0,-0.007176115302973678
15.0,5.01,11.0,7.084499653586818e-10
15.0,5.01,12.0,0.006679034069313583
15.0,5.01,13.0,0.014613519138096387
15.0,5.01,14.0,0.004150195475134379
15.0,5.01,15.0,0.0012368710209464118
15.0,5.01,16.0,-0.004751070282370318
15.0,5.01,17.0,-0.009151283246643993
15.0,5.01,18.0,0.00610348199977595
15.0,5.01,19.0,-0.017641699661314347
15.0,5.01,20.0,0.008513176111454968
15.0,5.01,21.0,1.0224952551318722e-09
15.0,6.01,0.0,0.06325152386973609
15.0,6.01,1.0,0.00402462252399699
15.0,6.01,2.0,0.004413112220639059
15.0,6.01,3.0,7.084499653586818e-10
15.0,6.01,4.0,-0.0114657962467124
15.0,6.01,5.0,-0.023866410449755265
15.0,6.01,6.0,-0.0017775613448336447
15.0,6.01,7.0,-3.5444167272954164e-08
15.0,6.01,8.0,7.084499653586818e-10
15.0,6.01,9.0,-0.006961717269650641
15.0,6.01,10.0,-0.007690756538901973
15.0,6.01,11.0,7.084499653586818e-10
15.0,6.01,12.0,0.007431378487501417
15.0,6.01,13.0,0.01676651211340019
15.0,6.01,14.0,0.004862791725388699
15.0,6.01,15.0,0.0014161707362540799
15.0,6.01,16.0,-0.005440979500924814
15.0,6.01,17.0,-0.010534508306323742
15.0,6.01,18.0,0.006974273905896111
15.0,6.01,19.0,-0.02056572516954791
15.0,6.01,20.0,0.009568588253032861
15.0,6.01,21.0,1.0224952551318722e-09
15.0,7.01,0.0,0.07085784350739288
15.0,7.01,1.0,0.004518411571359349
15.0,7.01,2.0,0.004932774395669137
15.0,7.01,3.0,7.084499653586818e-10
15.0,7.01,4.0,-0.012851298810891199
15.0,7.01,5.0,-0.02659222699195414
15.0,7.01,6.0,-0.002103664214614831
15.0,7.01,7.0,-3.5444167274216554e-08
15.0,7.01,8.0,7.084499653586818e-10
15.0,7.01,9.0,-0.007777035287974521
15.0,7.01,10.0,-0.00815684329858738
15.0,7.01,11.0,7.084499653586818e-10
15.0,7.01,12.0,0.008013447436831411
15.0,7.01,13.0,0.018730207395369403
15.0,7.01,14.0,0.005520335431754737
15.0,7.01,15.0,0.0015781111035482187
15.0,7.01,16.0,-0.00592055915471279
15.0,7.01,17.0,-0.011871392464841868
15.0,7.01,18.0,0.00788914419527853
15.0,7.01,19.0,-0.023478073041003467
15.0,7.01,20.0,0.01040723624724793
15.0,7.01,21.0,1.0224952551318722e-09
15.0,8.01,0.0,0.0777914421197341
15.0,8.01,1.0,0.004950611129966143
15.0,8.01,2.0,0.005424886851984223
15.0,8.01,3.0,7.084499653586818e-10
15.0,8.01,4.0,-0.014232886571013847
15.0,8.01,5.0,-0.02913072065025933
15.0,8.01,6.0,-0.0022926087512864513
15.0,8.01,7.0,-3.5444167274900136e-08
15.0,8.01,8.0,7.084499653586818e-10
15.0,8.01,9.0,-0.008557324853786658
15.0,8.01,10.0,-0.008576078642662873
15.0,8.01,11.0,7.084499653586818e-10
15.0,8.01,12.0,0.00884253735046292
15.0,8.01,13.0,0.020608602865455905
15.0,8.01,14.0,0.006125784432417326
15.0,8.01,15.0,0.0017393150950139047
15.0,8.01,16.0,-0.00681491618401775
15.0,8.01,17.0,-0.012945632212550573
15.0,8.01,18.0,0.008392172747598292
15.0,8.01,19.0,-0.025544623782751463
15.0,8.01,20.0,0.0115835019497591
15.0,8.01,21.0,1.0224952551318722e-09
15.0,9.01,0.0,0.08423082761139133
15.0,9.01,1.0,0.005354713610950246
15.0,9.01,2.0,0.005879229401559161
15.0,9.01,3.0,7.084499653586818e-10
15.0,9.01,4.0,-0.015505833058622298
15.0,9.01,5.0,-0.031479255346551216
15.0,9.01,6.0,-0.0024779133283326926
15.0,9.01,7.0,-3.544416727529972e-08
15.0,9.01,8.0,7.084499653586818e-10
15.0,9.01,9.0,-0.009276457980553043
15.0,9.01,10.0,-0.008957819912102916
15.0,9.01,11.0,7.084499653586818e-10
15.0,9.01,12.0,0.00958323015794027
15.0,9.01,13.0,0.022340303306235598
15.0,9.01,14.0,0.0066870898161819625
15.0,9.01,15.0,0.001886968946740314
15.0,9.01,16.0,-0.007597952620674309
15.0,9.01,17.0,-0.013953766860271555
15.0,9.01,18.0,0.008893646343501094
15.0,9.01,19.0,-0.027522805468724543
15.0,9.01,20.0,0.012628243702098918
15.0,9.01,21.0,1.0224952551318722e-09
15.0,10.01,0.0,0.09028984139360885
15.0,10.01,1.0,0.005749298320560092
15.0,10.01,2.0,0.006292311370833192
15.0,10.01,3.0,7.084499653586818e-10
15.0,10.01,4.0,-0.01658299297909105
15.0,10.01,5.0,-0.033645075193180635
15.0,10.01,6.0,-0.0027557546814467315
15.0,10.01,7.0,-3.5444167275523175e-08
15.0,10.01,8.0,7.084499653586818e-10
15.0,10.01,9.0,-0.009924492355114167
15.0,10.01,10.0,-0.00930994351624648
15.0,10.01,11.0,7.084499653586818e-10
15.0,10.01,12.0,0.009998451054759605
15.0,10.01,13.0,0.023899708654358753
15.0,10.01,14.0,0.007210454164779986
15.0,10.01,15.0,0.0020152406642501564
15.0,10.01,16.0,-0.00788939057142779
15.0,10.01,17.0,-0.0150442035577113
15.0,10.01,18.0,0.009682209062574776
15.0,10.01,19.0,-0.029934460876129387
15.0,10.01,20.0,0.01324897489195409
15.0,10.01,21.0,1.0224952551318722e-09
16.0,0.01,0.0,0.0002720107114294601
16.0,0.01,1.0,6.927422377678294e-07
16.0,0.01,2.0,-2.370186405695196e-05
16.0,0.01,3.0,8.289906816560944e-10
16.0,0.01,4.0,-0.0001331362028772487
16.0,0.01,5.0,-2.0521507323735902e-10
16.0,0.01,6.0,3.344030619534255e-05
16.0,0.01,7.0,8.286915596372735e-07
16.0,0.01,8.0,8.289906816560944e-10
16.0,0.01,9.0,2.23042607198215e-06
16.0,0.01,10.0,-1.1038945399638456e-05
16.0,0.01,11.0,8.289906816560944e-10
16.0,0.01,12.0,-0.00018518597128619474
16.0,0.01,13.0,-3.646044024252504e-06
16.0,0.01,14.0,5.144009356819468e-06
16.0,0.01,15.0,-1.9536582568369099e-07
16.0,0.01,16.0,-0.00029460569312200757
16.0,0.01,17.0,6.984774530424676e-05
16.0,0.01,18.0,0.00036428537700305963
16.0,0.01,19.0,0.000395387316314888
16.0,0.01,20.0,-9.998671824423822e-05
16.0,0.01,21.0,1.184053327607515e-09
16.0,1.01,0.0,0.0002720107381097847
16.0,1.01,1.0,6.927422513125503e-07
16.0,1.01,2.0,-2.370186555025744e-05
16.0,1.01,3.0,8.289906816560944e-10
16.0,1.01,4.0,-0.00013313616318899602
16.0,1.01,5.0,-2.05215073237359e-10
16.0,1.01,6.0,3.344023699325405e-05
16.0,1.01,7.0,8.286922271033559e-07
16.0,1.01,8.0,8.289906816560944e-10
16.0,1.01,9.0,2.230427598601259e-06
16.0,1.01,10.0,-1.103894607104583e-05
16.0,1.01,11.0,8.289906816560944e-10
16.0,1.01,12.0,-0.0001851859878056472
16.0,1.01,13.0,-3.646044298477591e-06
16.0,1.01,14.0,5.144010359697804e-06
16.0,1.01,15.0,-1.953658236297784e-07
16.0,1.01,16.0,-0.00029460575442474823
16.0,1.01,17.0,6.984774012239181e-05
16.0,1.01,18.0,0.00036428537920585313
16.0,1.01,19.0,0.0003953873668089969
16.0,1.01,20.0,-9.998672725852753e-05
16.0,1.01,21.0,1.184053327607515e-09
16.0,2.01,0.0,0.0002720107647904424
16.0,2.01,1.0,6.927422649127823e-07
16.0,2.01,2.0,-2.3701867043646185e-05
16.0,2.01,3.0,8.289906816560944e-10
16.0,2.01,4.0,-0.00013313612350041026
16.0,2.01,5.0,-2.0521507323735897e-10
16.0,2.01,6.0,3.3440167790388386e-05
16.0,2.01,7.0,8.286928945694383e-07
16.0,2.01,8.0,8.289906816560944e-10
16.0,2.01,9.0,2.2304291252273067e-06
16.0,2.01,10.0,-1.103894674248096e-05
16.0,2.01,11.0,8.289906816560944e-10
16.0,2.01,12.0,-0.00018518600432537724
16.0,2.01,13.0,-3.646044572702678e-06
16.0,2.01,14.0,5.1440113625900175e-06
16.0,2.01,15.0,-1.9536582163137695e-07
16.0,2.01,16.0,-0.0002946058157284881
16.0,2.01,17.0,6.984773494056462e-05
16.0,2.01,18.0,0.00036428538140920175
16.0,2.01,19.0,0.000395387417304105
16.0,2.01,20.0,-9.998673627292787e-05
16.0,2.01,21.0,1.184053327607515e-09
16.0,3.01,0.0,0.00027201079146887963
16.0,3.01,1.0,6.927422784019921e-07
16.0,3.01,2.0,-2.3701868536812887e-05
16.0,3.01,3.0,8.289906816560944e-10
16.0,3.01,4.0,-0.00013313608381160247
16.0,3.01,5.0,-2.0521507323735894e-10
16.0,3.01,6.0,3.344009858785579e-05
16.0,3.01,7.0,8.286935620077651e-07
16.0,3.01,8.0,8.289906816560944e-10
16.0,3.01,9.0,2.2304306517423322e-06
16.0,3.01,10.0,-1.1038947413805067e-05
16.0,3.01,11.0,8.289906816560944e-10
16.0,3.01,12.0,-0.00018518602084355296
16.0,3.01,13.0,-3.6460448469555207e-06
16.0,3.01,14.0,5.144012365440598e-06
16.0,3.01,15.0,-1.9536581957746435e-07
16.0,3.01,16.0,-0.00029460587702978547
16.0,3.01,17.0,6.984772975829334e-05
16.0,3.01,18.0,0.0003642853836098858
16.0,3.01,19.0,0.0003953874677957714
16.0,3.01,20.0,-9.998674528655105e-05
16.0,3.01,21.0,1.184053327607515e-09
16.0,4.01,0.0,0.00027201081814876016
16.0,4.01,1.0,6.927422920022241e-07
16.0,4.01,2.0,-2.3701870030007344e-05
16.0,4.01,3.0,8.289906816560944e-10
16.0,4.01,4.0,-0.00013313604411968605
16.0,4.01,5.0,-2.052150732373589e-10
16.0,4.01,6.0,3.344002938054924e-05
16.0,4.01,7.0,8.286942294738475e-07
16.0,4.01,8.0,8.289906816560944e-10
16.0,4.01,9.0,2.23043217830593e-06
16.0,4.01,10.0,-1.1038948085184686e-05
16.0,4.01,11.0,8.289906816560944e-10
16.0,4.01,12.0,-0.00018518603736267236
16.0,4.01,13.0,-3.6460451211806078e-06
16.0,4.01,14.0,5.1440133683328115e-06
16.0,4.01,15.0,-1.9536581755130733e-07
16.0,4.01,16.0,-0.0002946059383347466
16.0,4.01,17.0,6.984772457549471e-05
16.0,4.01,18.0,0.0003642853858100148
16.0,4.01,19.0,0.00039538751829026886
16.0,4.01,20.0,-9.998675430061832e-05
16.0,4.01,21.0,1.184053327607515e-09
16.0,5.01,0.0,0.0002720108448290848
16.0,5.01,1.0,6.927423055191895e-07
16.0,5.01,2.0,-2.370187152334058e-05
16.0,5.01,3.0,8.289906816560944e-10
16.0,5.01,4.0,-0.00013313600443087825
16.0,5.01,5.0,-2.0521507323735887e-10
16.0,5.01,6.0,3.343996017768358e-05
16.0,5.01,7.0,8.286948969399299e-07
16.0,5.01,8.0,8.289906816560944e-10
16.0,5.01,9.0,2.230433704931978e-06
16.0,5.01,10.0,-1.1038948756564304e-05
16.0,5.01,11.0,8.289906816560944e-10
16.0,5.01,12.0,-0.0001851860538820138
16.0,5.01,13.0,-3.646045395461206e-06
16.0,5.01,14.0,5.144014371225025e-06
16.0,5.01,15.0,-1.9536581549739473e-07
16.0,5.01,16.0,-0.00029460599963815337
16.0,5.01,17.0,6.984771939358425e-05
16.0,5.01,18.0,0.0003642853880126973
16.0,5.01,19.0,0.0003953875687849884
16.0,5.01,20.0,-9.998676331490763e-05
16.0,5.01,21.0,1.184053327607515e-09
16.0,6.01,0.0,0.0002720108715094094
16.0,6.01,1.0,6.92742319091666e-07
16.0,6.01,2.0,-2.3701873016673813e-05
16.0,6.01,3.0,8.289906816560944e-10
16.0,6.01,4.0,-0.00013313596474162637
16.0,6.01,5.0,-2.0521507323735884e-10
16.0,6.01,6.0,3.343989097415179e-05
16.0,6.01,7.0,8.286955643921345e-07
16.0,6.01,8.0,8.289906816560944e-10
16.0,6.01,9.0,2.23043523153027e-06
16.0,6.01,10.0,-1.1038949427999434e-05
16.0,6.01,11.0,8.289906816560944e-10
16.0,6.01,12.0,-0.0001851860704015218
16.0,6.01,13.0,-3.6460456697140486e-06
16.0,6.01,14.0,5.144015374117239e-06
16.0,6.01,15.0,-1.9536581347123771e-07
16.0,6.01,16.0,-0.0002946060609417822
16.0,6.01,17.0,6.984771421159053e-05
16.0,6.01,18.0,0.0003642853902151577
16.0,6.01,19.0,0.00039538761927948585
16.0,6.01,20.0,-9.998677232919695e-05
16.0,6.01,21.0,1.184053327607515e-09
16.0,7.01,0.0,0.0002720108981881797
16.0,7.01,1.0,6.927423326086313e-07
16.0,7.01,2.0,-2.370187450981276e-05
16.0,7.01,3.0,8.289906816560944e-10
16.0,7.01,4.0,-0.00013313592504826666
16.0,7.01,5.0,-2.0521507323735881e-10
16.0,7.01,6.0,3.343982176506888e-05
16.0,7.01,7.0,8.286962318443392e-07
16.0,7.01,8.0,8.289906816560944e-10
16.0,7.01,9.0,2.2304367580452955e-06
16.0,7.01,10.0,-1.1038950099295786e-05
16.0,7.01,11.0,8.289906816560944e-10
16.0,7.01,12.0,-0.00018518608691986405
16.0,7.01,13.0,-3.64604594391138e-06
16.0,7.01,14.0,5.1440163770233305e-06
16.0,7.01,15.0,-1.9536581141732512e-07
16.0,7.01,16.0,-0.0002946061222465213
16.0,7.01,17.0,6.984770902829229e-05
16.0,7.01,18.0,0.0003642853924133993
16.0,7.01,19.0,0.0003953876697733727
16.0,7.01,20.0,-9.998678134287564e-05
16.0,7.01,21.0,1.184053327607515e-09
16.0,8.01,0.0,0.0002720109248695035
16.0,8.01,1.0,6.927423461811077e-07
16.0,8.01,2.0,-2.370187600322926e-05
16.0,8.01,3.0,8.289906816560944e-10
16.0,8.01,4.0,-0.0001331358853611242
16.0,8.01,5.0,-2.052150732373588e-10
16.0,8.01,6.0,3.343975256420162e-05
16.0,8.01,7.0,8.286968993381771e-07
16.0,8.01,8.0,8.289906816560944e-10
16.0,8.01,9.0,2.2304382847337934e-06
16.0,8.01,10.0,-1.1038950770730915e-05
16.0,8.01,11.0,8.289906816560944e-10
16.0,8.01,12.0,-0.00018518610343998265
16.0,8.01,13.0,-3.646046218219734e-06
16.0,8.01,14.0,5.144017379901666e-06
16.0,8.01,15.0,-1.953658093911681e-07
16.0,8.01,16.0,-0.0002946061835501501
16.0,8.01,17.0,6.984770384693695e-05
16.0,8.01,18.0,0.0003642853946181912
16.0,8.01,19.0,0.0003953877202685363
16.0,8.01,20.0,-9.998679035760905e-05
16.0,8.01,21.0,1.184053327607515e-09
16.0,9.01,0.0,0.0002720109515477187
16.0,9.01,1.0,6.927423597535842e-07
16.0,9.01,2.0,-2.3701877496368207e-05
16.0,9.01,3.0,8.289906816560944e-10
16.0,9.01,4.0,-0.00013313584567020698
16.0,9.01,5.0,-2.0521507323735876e-10
16.0,9.01,6.0,3.3439683358782446e-05
16.0,9.01,7.0,8.286975667626262e-07
16.0,9.01,8.0,8.289906816560944e-10
16.0,9.01,9.0,2.2304398112210633e-06
16.0,9.01,10.0,-1.1038951442055023e-05
16.0,9.01,11.0,8.289906816560944e-10
16.0,9.01,12.0,-0.00018518611995793632
16.0,9.01,13.0,-3.646046492444821e-06
16.0,9.01,14.0,5.1440183827661246e-06
16.0,9.01,15.0,-1.9536580739276665e-07
16.0,9.01,16.0,-0.00029460624485233566
16.0,9.01,17.0,6.984769866411056e-05
16.0,9.01,18.0,0.00036428539681709893
16.0,9.01,19.0,0.0003953877707606468
16.0,9.01,20.0,-9.99867993710657e-05
16.0,9.01,21.0,1.184053327607515e-09
16.0,10.01,0.0,0.0002720109782289315
16.0,10.01,1.0,6.927423732983051e-07
16.0,10.01,2.0,-2.3701878989784708e-05
16.0,10.01,3.0,8.289906816560944e-10
16.0,10.01,4.0,-0.00013313580598373065
16.0,10.01,5.0,-2.052150732373587e-10
16.0,10.01,6.0,3.343961415913643e-05
16.0,10.01,7.0,8.286982342287086e-07
16.0,10.01,8.0,8.289906816560944e-10
16.0,10.01,9.0,2.2304413378956833e-06
16.0,10.01,10.0,-1.1038952113517908e-05
16.0,10.01,11.0,8.289906816560944e-10
16.0,10.01,12.0,-0.00018518613647822146
16.0,10.01,13.0,-3.6460467666976637e-06
16.0,10.01,14.0,5.1440193856444605e-06
16.0,10.01,15.0,-1.9536580531109848e-07
16.0,10.01,16.0,-0.0002946063061550763
16.0,10.01,17.0,6.984769348292175e-05
16.0,10.01,18.0,0.00036428539902255697
16.0,10.01,19.0,0.0003953878212556994
16.0,10.01,20.0,-9.998680838568808e-05
16.0,10.01,21.0,1.184053327607515e-09
17.0,0.01,0.0,0.0013596828236627223
17.0,0.01,1.0,-2.8520349253713384e-05
17.0,0.01,2.0,2.423410531471326e-06
17.0,0.01,3.0,8.952683316909571e-10
17.0,0.01,4.0,-0.0014607398199607963
17.0,0.01,5.0,-0.00012705364360224056
17.0,0.01,6.0,-0.00011333435958388316
17.0,0.01,7.0,-8.305982827815009e-05
17.0,0.01,8.0,8.952683316909571e-10
17.0,0.01,9.0,-1.0334679258594548e-05
17.0,0.01,10.0,-6.008459721575099e-05
17.0,0.01,11.0,8.952683316909571e-10
17.0,0.01,12.0,-3.499795679653972e-05
17.0,0.01,13.0,3.409417272132176e-05
17.0,0.01,14.0,-1.1681309473239294e-05
17.0,0.01,15.0,5.115196923277665e-05
17.0,0.01,16.0,-0.000491559133936767
17.0,0.01,17.0,-0.005391097954568896
17.0,0.01,18.0,-0.000250097958618245
17.0,0.01,19.0,-0.0011951723101702866
17.0,0.01,20.0,-0.00024079707624685698
17.0,0.01,21.0,1.1498437479939838e-09
17.0,1.01,0.0,0.0013597268543944496
17.0,1.01,1.0,-2.8475823986684468e-05
17.0,1.01,2.0,2.441785035112165e-06
17.0,1.01,3.0,8.952683316909571e-10
17.0,1.01,4.0,-0.0014607681566456143
17.0,1.01,5.0,-0.0001270536488217649
17.0,1.01,6.0,-0.00011328361138296383
17.0,1.01,7.0,-8.305982958746782e-05
17.0,1.01,8.0,8.952683316909571e-10
17.0,1.01,9.0,-1.0334724693444874e-05
17.0,1.01,10.0,-6.008042331316632e-05
17.0,1.01,11.0,8.952683316909571e-10
17.0,1.01,12.0,-3.497583828507289e-05
17.0,1.01,13.0,3.409468129803028e-05
17.0,1.01,14.0,-1.1681309504913218e-05
17.0,1.01,15.0,5.109287693733089e-05
17.0,1.01,16.0,-0.0004915753502074127
17.0,1.01,17.0,-0.005391181233957154
17.0,1.01,18.0,-0.0002503215609393483
17.0,1.01,19.0,-0.0011952197296432043
17.0,1.01,20.0,-0.000240348321444539
17.0,1.01,21.0,1.1498437479939838e-09
17.0,2.01,0.0,0.00135977093036177
17.0,2.01,1.0,-2.843116295436765e-05
17.0,2.01,2.0,2.4602152188801796e-06
17.0,2.01,3.0,8.952683316909571e-10
17.0,2.01,4.0,-0.001460796457992103
17.0,2.01,5.0,-0.0001270536540405455
17.0,2.01,6.0,-0.00011323269956786675
17.0,2.01,7.0,-8.30598308965044e-05
17.0,2.01,8.0,8.952683316909571e-10
17.0,2.01,9.0,-1.0334769598857596e-05
17.0,2.01,10.0,-6.0076240263856606e-05
17.0,2.01,11.0,8.952683316909571e-10
17.0,2.01,12.0,-3.495364615083152e-05
17.0,2.01,13.0,3.409518909744391e-05
17.0,2.01,14.0,-1.1681309536578398e-05
17.0,2.01,15.0,5.10336017828239e-05
17.0,2.01,16.0,-0.0004915915681560079
17.0,2.01,17.0,-0.005391264507799874
17.0,2.01,18.0,-0.0002505458138120642
17.0,2.01,19.0,-0.0011952671722135627
17.0,2.01,20.0,-0.00023989820454073385
17.0,2.01,21.0,1.1498437479939838e-09
17.0,3.01,0.0,0.001359815051547364
17.0,3.01,1.0,-2.8386366262511675e-05
17.0,3.01,2.0,2.478701043584497e-06
17.0,3.01,3.0,8.952683316909571e-10
17.0,3.01,4.0,-0.0014608247240266992
17.0,3.01,5.0,-0.00012705365925858315
17.0,3.01,6.0,-0.00011318162426621203
17.0,3.01,7.0,-8.305983220526011e-05
17.0,3.01,8.0,8.952683316909571e-10
17.0,3.01,9.0,-1.0334813975360069e-05
17.0,3.01,10.0,-6.007204807585709e-05
17.0,3.01,11.0,8.952683316909571e-10
17.0,3.01,12.0,-3.4931380448632865e-05
17.0,3.01,13.0,3.409569612031205e-05
17.0,3.01,14.0,-1.1681309568234845e-05
17.0,3.01,15.0,5.097414389898525e-05
17.0,3.01,16.0,-0.0004916077877820946
17.0,3.01,17.0,-0.005391347776103379
17.0,3.01,18.0,-0.0002507707168054041
17.0,3.01,19.0,-0.001195314637864403
17.0,3.01,20.0,-0.00023944672670289657
17.0,3.01,21.0,1.1498437479939838e-09
17.0,4.01,0.0,0.00135985921793369
17.0,4.01,1.0,-2.8341434018808176e-05
17.0,4.01,2.0,2.4972424689795325e-06
17.0,4.01,3.0,8.952683316909571e-10
17.0,4.01,4.0,-0.001460852954776326
17.0,4.01,5.0,-0.0001270536644758785
17.0,4.01,6.0,-0.00011313038560734068
17.0,4.01,7.0,-8.305983351373529e-05
17.0,4.01,8.0,8.952683316909571e-10
17.0,4.01,9.0,-1.0334857823313115e-05
17.0,4.01,10.0,-6.006784675728627e-05
17.0,4.01,11.0,8.952683316909571e-10
17.0,4.01,12.0,-3.490904123462646e-05
17.0,4.01,13.0,3.409620236749511e-05
17.0,4.01,14.0,-1.1681309599882571e-05
17.0,4.01,15.0,5.0914503418320045e-05
17.0,4.01,16.0,-0.0004916240090851315
17.0,4.01,17.0,-0.005391431038873965
17.0,4.01,18.0,-0.00025099626947677756
17.0,4.01,19.0,-0.001195362126578281
17.0,4.01,20.0,-0.00023899388912579367
17.0,4.01,21.0,1.1498437479939838e-09
17.0,5.01,0.0,0.0013599034295018742
17.0,5.01,1.0,-2.8296366332447587e-05
17.0,5.01,2.0,2.515839454209079e-06
17.0,5.01,3.0,8.952683316909571e-10
17.0,5.01,4.0,-0.001460881150268059
17.0,5.01,5.0,-0.00012705366969243225
17.0,5.01,6.0,-0.0001130789837232582
17.0,5.01,7.0,-8.305983482193022e-05
17.0,5.01,8.0,8.952683316909571e-10
17.0,5.01,9.0,-1.0334901143271846e-05
17.0,5.01,10.0,-6.006363631642919e-05
17.0,5.01,11.0,8.952683316909571e-10
17.0,5.01,12.0,-3.48866285655447e-05
17.0,5.01,13.0,3.4096707839853524e-05
17.0,5.01,14.0,-1.1681309631521586e-05
17.0,5.01,15.0,5.085468047560937e-05
17.0,5.01,16.0,-0.0004916402320644664
17.0,5.01,17.0,-0.005391514296117892
17.0,5.01,18.0,-0.0002512224713769329
17.0,5.01,19.0,-0.0011954096383372803
17.0,5.01,20.0,-0.0002385396930154049
17.0,5.01,21.0,1.1498437479939838e-09
17.0,6.01,0.0,0.0013599476862321547
17.0,6.01,1.0,-2.8251163315562433e-05
17.0,6.01,2.0,2.534491957306706e-06
17.0,6.01,3.0,8.952683316909571e-10
17.0,6.01,4.0,-0.0014609093105297233
17.0,6.01,5.0,-0.0001270536749082451
17.0,6.01,6.0,-0.00011302741874885669
17.0,6.01,7.0,-8.30598361298452e-05
17.0,6.01,8.0,8.952683316909571e-10
17.0,6.01,9.0,-1.033494393562484e-05
17.0,6.01,10.0,-6.005941676164028e-05
17.0,6.01,11.0,8.952683316909571e-10
17.0,6.01,12.0,-3.4864142499757556e-05
17.0,6.01,13.0,3.409721253813669e-05
17.0,6.01,14.0,-1.1681309663151904e-05
17.0,6.01,15.0,5.079467520918701e-05
17.0,6.01,16.0,-0.0004916564567194193
17.0,6.01,17.0,-0.005391597547841418
17.0,6.01,18.0,-0.00025144932204335113
17.0,6.01,19.0,-0.0011954571731230823
17.0,6.01,20.0,-0.0002380841396065203
17.0,6.01,21.0,1.1498437479939838e-09
17.0,7.01,0.0,0.0013599919881038813
17.0,7.01,1.0,-2.8205825081006886e-05
17.0,7.01,2.0,2.5531999356953605e-06
17.0,7.01,3.0,8.952683316909571e-10
17.0,7.01,4.0,-0.0014609374355893795
17.0,7.01,5.0,-0.0001270536801233178
17.0,7.01,6.0,-0.00011297569082008296
17.0,7.01,7.0,-8.305983743748057e-05
17.0,7.01,8.0,8.952683316909571e-10
17.0,7.01,9.0,-1.0334986200871699e-05
17.0,7.01,10.0,-6.005518810139887e-05
17.0,7.01,11.0,8.952683316909571e-10
17.0,7.01,12.0,-3.484158309613461e-05
17.0,7.01,13.0,3.409771646331605e-05
17.0,7.01,14.0,-1.1681309694773534e-05
17.0,7.01,15.0,5.073448775855249e-05
17.0,7.01,16.0,-0.0004916726830492268
17.0,7.01,17.0,-0.005391680794050743
17.0,7.01,18.0,-0.00025167682100885047
17.0,7.01,19.0,-0.0011955047309170908
17.0,7.01,20.0,-0.00023762723014397746
17.0,7.01,21.0,1.1498437479939838e-09
17.0,8.01,0.0,0.001360036335096071
17.0,8.01,1.0,-2.8160351744188628e-05
17.0,8.01,2.0,2.5719633462983893e-06
17.0,8.01,3.0,8.952683316909571e-10
17.0,8.01,4.0,-0.00146096552547538
17.0,8.01,5.0,-0.000127053685337651
17.0,8.01,6.0,-0.00011292380007599245
17.0,8.01,7.0,-8.305983874483661e-05
17.0,8.01,8.0,8.952683316909571e-10
17.0,8.01,9.0,-1.0335027939539776e-05
17.0,8.01,10.0,-6.005095034426755e-05
17.0,8.01,11.0,8.952683316909571e-10
17.0,8.01,12.0,-3.48189504148777e-05
17.0,8.01,13.0,3.4098219616057746e-05
17.0,8.01,14.0,-1.168130972638649e-05
17.0,8.01,15.0,5.0674118266480495e-05
17.0,8.01,16.0,-0.0004916889110530287
17.0,8.01,17.0,-0.005391764034752048
17.0,8.01,18.0,-0.00025190496779486926
17.0,8.01,19.0,-0.0011955523117000988
17.0,8.01,20.0,-0.00023716896589565106
17.0,8.01,21.0,1.1498437479939838e-09
17.0,9.01,0.0,0.001360080727186297
17.0,9.01,1.0,-2.8114743422125166e-05
17.0,9.01,2.0,2.5907821447068713e-06
17.0,9.01,3.0,8.952683316909571e-10
17.0,9.01,4.0,-0.0014609935802166324
17.0,9.01,5.0,-0.0001270536905512454
17.0,9.01,6.0,-0.00011287174665775002
17.0,9.01,7.0,-8.305984005191364e-05
17.0,9.01,8.0,8.952683316909571e-10
17.0,9.01,9.0,-1.0335069152073162e-05
17.0,9.01,10.0,-6.0046703498947696e-05
17.0,9.01,11.0,8.952683316909571e-10
17.0,9.01,12.0,-3.4796244516965835e-05
17.0,9.01,13.0,3.4098721997333215e-05
17.0,9.01,14.0,-1.1681309757990781e-05
17.0,9.01,15.0,5.0613566878132676e-05
17.0,9.01,16.0,-0.0004917051407299228
17.0,9.01,17.0,-0.005391847269951501
17.0,9.01,18.0,-0.00025213376191490777
17.0,9.01,19.0,-0.001195599915452733
17.0,9.01,20.0,-0.00023670934814656874
17.0,9.01,21.0,1.1498437479939838e-09
17.0,10.01,0.0,0.0013601251643512446
17.0,10.01,1.0,-2.806900023433201e-05
17.0,10.01,2.0,2.6096562861788186e-06
17.0,10.01,3.0,8.952683316909571e-10
17.0,10.01,4.0,-0.0014610215998424048
17.0,10.01,5.0,-0.0001270536957641018
17.0,10.01,6.0,-0.00011281953070901851
17.0,10.01,7.0,-8.305984135871198e-05
17.0,10.01,8.0,8.952683316909571e-10
17.0,10.01,9.0,-1.0335109838971457e-05
17.0,10.01,10.0,-6.00424475742517e-05
17.0,10.01,11.0,8.952683316909571e-10
17.0,10.01,12.0,-3.477346546479354e-05
17.0,10.01,13.0,3.4099223607919615e-05
17.0,10.01,14.0,-1.1681309789586421e-05
17.0,10.01,15.0,5.0552833741779324e-05
17.0,10.01,16.0,-0.0004917213720788682
17.0,10.01,17.0,-0.005391930499655223
17.0,10.01,18.0,-0.00025236320287047587
17.0,10.01,19.0,-0.0011956475421548984
17.0,10.01,20.0,-0.000236248378205961
17.0,10.01,21.0,1.1498437479939838e-09
18.0,0.01,0.0,5.68285491081566e-05
18.0,0.01,1.0,5.851576432902572e-06
18.0,0.01,2.0,3.86371585914258e-06
18.0,0.01,3.0,6.420181331012742e-10
18.0,0.01,4.0,4.350652129070376e-05
18.0,0.01,5.0,-7.55798712845214e-15
18.0,0.01,6.0,3.713923455717083e-06
18.0,0.01,7.0,8.168417585274756e-06
18.0,0.01,8.0,6.420181331012742e-10
18.0,0.01,9.0,-3.6846860160255623e-07
18.0,0.01,10.0,-3.2213933873898037e-06
18.0,0.01,11.0,6.420181331012742e-10
18.0,0.01,12.0,7.686765079450986e-06
18.0,0.01,13.0,3.0199769843308744e-05
18.0,0.01,14.0,-1.2799983859834993e-07
18.0,0.01,15.0,2.1360611006937535e-06
18.0,0.01,16.0,2.383461699340117e-05
18.0,0.01,17.0,-2.724778122846106e-12
18.0,0.01,18.0,2.134514181517666e-05
18.0,0.01,19.0,2.0174032228870153e-05
18.0,0.01,20.0,4.479522026290539e-05
18.0,0.01,21.0,1.2067869203935544e-09
18.0,1.01,0.0,5.68285491081566e-05
18.0,1.01,1.0,5.851576432930328e-06
18.0,1.01,2.0,3.86371585914258e-06
18.0,1.01,3.0,6.420181331012742e-10
18.0,1.01,4.0,4.350652129070376e-05
18.0,1.01,5.0,-7.55798712845214e-15
18.0,1.01,6.0,3.713923455717083e-06
18.0,1.01,7.0,8.168417585274756e-06
18.0,1.01,8.0,6.420181331012742e-10
18.0,1.01,9.0,-3.6846860157480066e-07
18.0,1.01,10.0,-3.2213933873898037e-06
18.0,1.01,11.0,6.420181331012742e-10
18.0,1.01,12.0,7.686765079450986e-06
18.0,1.01,13.0,3.019976984319772e-05
18.0,1.01,14.0,-1.2799983859836602e-07
18.0,1.01,15.0,2.136061100665998e-06
18.0,1.01,16.0,2.3834616993290147e-05
18.0,1.01,17.0,-2.724778122846106e-12
18.0,1.01,18.0,2.1345141815065638e-05
18.0,1.01,19.0,2.0174032228870153e-05
18.0,1.01,20.0,4.4795220262794366e-05
18.0,1.01,21.0,1.2067869203935544e-09
18.0,2.01,0.0,5.68285491081566e-05
18.0,2.01,1.0,5.851576432902572e-06
18.0,2.01,2.0,3.86371585914258e-06
18.0,2.01,3.0,6.420181331012742e-10
18.0,2.01,4.0,4.350652129081478e-05
18.0,2.01,5.0,-7.55798712845214e-15
18.0,2.01,6.0,3.713923455772594e-06
18.0,2.01,7.0,8.168417585274756e-06
18.0,2.01,8.0,6.420181331012742e-10
18.0,2.01,9.0,-3.6846860160255623e-07
18.0,2.01,10.0,-3.2213933873898037e-06
18.0,2.01,11.0,6.420181331012742e-10
18.0,2.01,12.0,7.686765079395474e-06
18.0,2.01,13.0,3.019976984319772e-05
18.0,2.01,14.0,-1.2799983859837957e-07
18.0,2.01,15.0,2.136061100665998e-06
18.0,2.01,16.0,2.383461699340117e-05
18.0,2.01,17.0,-2.724778122846106e-12
18.0,2.01,18.0,2.134514181517666e-05
18.0,2.01,19.0,2.0174032228981176e-05
18.0,2.01,20.0,4.479522026301641e-05
18.0,2.01,21.0,1.2067869203935544e-09
18.0,3.01,0.0,5.682854910804558e-05
18.0,3.01,1.0,5.8515764328748165e-06
18.0,3.01,2.0,3.86371585914258e-06
18.0,3.01,3.0,6.420181331012742e-10
18.0,3.01,4.0,4.350652129070376e-05
18.0,3.01,5.0,-7.55798712845214e-15
18.0,3.01,6.0,3.713923455717083e-06
18.0,3.01,7.0,8.168417585219245e-06
18.0,3.01,8.0,6.420181331012742e-10
18.0,3.01,9.0,-3.6846860160255623e-07
18.0,3.01,10.0,-3.2213933873898037e-06
18.0,3.01,11.0,6.420181331012742e-10
18.0,3.01,12.0,7.686765079450986e-06
18.0,3.01,13.0,3.0199769843308744e-05
18.0,3.01,14.0,-1.2799983859848926e-07
18.0,3.01,15.0,2.1360611006937535e-06
18.0,3.01,16.0,2.3834616993290147e-05
18.0,3.01,17.0,-2.724778122846106e-12
18.0,3.01,18.0,2.1345141815065638e-05
18.0,3.01,19.0,2.0174032228870153e-05
18.0,3.01,20.0,4.4795220262794366e-05
18.0,3.01,21.0,1.2067869203935544e-09
18.0,4.01,0.0,5.68285491081566e-05
18.0,4.01,1.0,5.851576432902572e-06
18.0,4.01,2.0,3.863715859198091e-06
18.0,4.01,3.0,6.420181331012742e-10
18.0,4.01,4.0,4.350652129070376e-05
18.0,4.01,5.0,-7.55798712845214e-15
18.0,4.01,6.0,3.713923455717083e-06
18.0,4.01,7.0,8.168417585274756e-06
18.0,4.01,8.0,6.420181331012742e-10
18.0,4.01,9.0,-3.6846860160255623e-07
18.0,4.01,10.0,-3.2213933873898037e-06
18.0,4.01,11.0,6.420181331012742e-10
18.0,4.01,12.0,7.686765079450986e-06
18.0,4.01,13.0,3.0199769843308744e-05
18.0,4.01,14.0,-1.2799983859861124e-07
18.0,4.01,15.0,2.1360611006937535e-06
18.0,4.01,16.0,2.383461699340117e-05
18.0,4.01,17.0,-2.724778122846106e-12
18.0,4.01,18.0,2.1345141815065638e-05
18.0,4.01,19.0,2.0174032228870153e-05
18.0,4.01,20.0,4.479522026290539e-05
18.0,4.01,21.0,1.2067869203935544e-09
18.0,5.01,0.0,5.68285491081566e-05
18.0,5.01,1.0,5.851576432902572e-06
18.0,5.01,2.0,3.863715859198091e-06
18.0,5.01,3.0,6.420181331012742e-10
18.0,5.01,4.0,4.350652129070376e-05
18.0,5.01,5.0,-7.55798712845214e-15
18.0,5.01,6.0,3.713923455717083e-06
18.0,5.01,7.0,8.168417585274756e-06
18.0,5.01,8.0,6.420181331012742e-10
18.0,5.01,9.0,-3.6846860160255623e-07
18.0,5.01,10.0,-3.221393387375926e-06
18.0,5.01,11.0,6.420181331012742e-10
18.0,5.01,12.0,7.686765079450986e-06
18.0,5.01,13.0,3.0199769843308744e-05
18.0,5.01,14.0,-1.2799983859863876e-07
18.0,5.01,15.0,2.1360611006937535e-06
18.0,5.01,16.0,2.383461699340117e-05
18.0,5.01,17.0,-2.724778122846106e-12
18.0,5.01,18.0,2.1345141815065638e-05
18.0,5.01,19.0,2.0174032228870153e-05
18.0,5.01,20.0,4.4795220262794366e-05
18.0,5.01,21.0,1.2067869203935544e-09
18.0,6.01,0.0,5.68285491081566e-05
18.0,6.01,1.0,5.8515764328748165e-06
18.0,6.01,2.0,3.86371585914258e-06
18.0,6.01,3.0,6.420181331012742e-10
18.0,6.01,4.0,4.350652129070376e-05
18.0,6.01,5.0,-7.55798712845214e-15
18.0,6.01,6.0,3.713923455772594e-06
18.0,6.01,7.0,8.168417585274756e-06
18.0,6.01,8.0,6.420181331012742e-10
18.0,6.01,9.0,-3.6846860160255623e-07
18.0,6.01,10.0,-3.2213933873898037e-06
18.0,6.01,11.0,6.420181331012742e-10
18.0,6.01,12.0,7.686765079395474e-06
18.0,6.01,13.0,3.0199769843308744e-05
18.0,6.01,14.0,-1.279998385985981e-07
18.0,6.01,15.0,2.1360611006937535e-06
18.0,6.01,16.0,2.383461699340117e-05
18.0,6.01,17.0,-2.724778122846106e-12
18.0,6.01,18.0,2.1345141815065638e-05
18.0,6.01,19.0,2.0174032228870153e-05
18.0,6.01,20.0,4.479522026290539e-05
18.0,6.01,21.0,1.2067869203935544e-09
18.0,7.01,0.0,5.68285491081566e-05
18.0,7.01,1.0,5.851576432902572e-06
18.0,7.01,2.0,3.86371585914258e-06
18.0,7.01,3.0,6.420181331012742e-10
18.0,7.01,4.0,4.350652129070376e-05
18.0,7.01,5.0,-7.55798712845214e-15
18.0,7.01,6.0,3.713923455717083e-06
18.0,7.01,7.0,8.168417585302512e-06
18.0,7.01,8.0,6.420181331012742e-10
18.0,7.01,9.0,-3.6846860160255623e-07
18.0,7.01,10.0,-3.2213933873898037e-06
18.0,7.01,11.0,6.420181331012742e-10
18.0,7.01,12.0,7.686765079506497e-06
18.0,7.01,13.0,3.0199769843308744e-05
18.0,7.01,14.0,-1.279998385985494e-07
18.0,7.01,15.0,2.1360611006937535e-06
18.0,7.01,16.0,2.3834616993290147e-05
18.0,7.01,17.0,-2.724778122846106e-12
18.0,7.01,18.0,2.1345141815065638e-05
18.0,7.01,19.0,2.0174032228870153e-05
18.0,7.01,20.0,4.479522026290539e-05
18.0,7.01,21.0,1.2067869203935544e-09
18.0,8.01,0.0,5.682854910826762e-05
18.0,8.01,1.0,5.851576432902572e-06
18.0,8.01,2.0,3.863715859087069e-06
18.0,8.01,3.0,6.420181331012742e-10
18.0,8.01,4.0,4.350652129059274e-05
18.0,8.01,5.0,-7.55798712845214e-15
18.0,8.01,6.0,3.713923455717083e-06
18.0,8.01,7.0,8.168417585274756e-06
18.0,8.01,8.0,6.420181331012742e-10
18.0,8.01,9.0,-3.6846860157480066e-07
18.0,8.01,10.0,-3.2213933873898037e-06
18.0,8.01,11.0,6.420181331012742e-10
18.0,8.01,12.0,7.686765079450986e-06
18.0,8.01,13.0,3.019976984319772e-05
18.0,8.01,14.0,-1.279998385986197e-07
18.0,8.01,15.0,2.1360611006937535e-06
18.0,8.01,16.0,2.3834616993290147e-05
18.0,8.01,17.0,-2.724778122846106e-12
18.0,8.01,18.0,2.1345141815065638e-05
18.0,8.01,19.0,2.0174032228870153e-05
18.0,8.01,20.0,4.4795220262794366e-05
18.0,8.01,21.0,1.2067869203935544e-09
18.0,9.01,0.0,5.68285491081566e-05
18.0,9.01,1.0,5.851576432902572e-06
18.0,9.01,2.0,3.86371585914258e-06
18.0,9.01,3.0,6.420181331012742e-10
18.0,9.01,4.0,4.350652129070376e-05
18.0,9.01,5.0,-7.55798712845214e-15
18.0,9.01,6.0,3.713923455717083e-06
18.0,9.01,7.0,8.168417585274756e-06
18.0,9.01,8.0,6.420181331012742e-10
18.0,9.01,9.0,-3.6846860160255623e-07
18.0,9.01,10.0,-3.221393387375926e-06
18.0,9.01,11.0,6.420181331012742e-10
18.0,9.01,12.0,7.686765079395474e-06
18.0,9.01,13.0,3.0199769843308744e-05
18.0,9.01,14.0,-1.2799983859857354e-07
18.0,9.01,15.0,2.1360611006937535e-06
18.0,9.01,16.0,2.383461699340117e-05
18.0,9.01,17.0,-2.724778122846106e-12
18.0,9.01,18.0,2.1345141815065638e-05
18.0,9.01,19.0,2.0174032228870153e-05
18.0,9.01,20.0,4.479522026290539e-05
18.0,9.01,21.0,1.2067869203935544e-09
18.0,10.01,0.0,5.68285491081566e-05
18.0,10.01,1.0,5.851576432902572e-06
18.0,10.01,2.0,3.86371585914258e-06
18.0,10.01,3.0,6.420181331012742e-10
18.0,10.01,4.0,4.350652129070376e-05
18.0,10.01,5.0,-7.55798712845214e-15
18.0,10.01,6.0,3.713923455717083e-06
18.0,10.01,7.0,8.168417585274756e-06
18.0,10.01,8.0,6.420181331012742e-10
18.0,10.01,9.0,-3.6846860160255623e-07
18.0,10.01,10.0,-3.2213933873898037e-06
18.0,10.01,11.0,6.420181331012742e-10
18.0,10.01,12.0,7.686765079450986e-06
18.0,10.01,13.0,3.019976984319772e-05
18.0,10.01,14.0,-1.2799983859879335e-07
18.0,10.01,15.0,2.136061100665998e-06
18.0,10.01,16.0,2.383461699340117e-05
18.0,10.01,17.0,-2.724778122846106e-12
18.0,10.01,18.0,2.1345141815065638e-05
18.0,10.01,19.0,2.0174032228870153e-05
18.0,10.01,20.0,4.479522026290539e-05
18.0,10.01,21.0,1.2067869203935544e-09
19.0,0.01,0.0,0.00014518627587783994
19.0,0.01,1.0,3.11004675901394e-07
19.0,0.01,2.0,5.701354859388719e-06
19.0,0.01,3.0,8.030839881989493e-10
19.0,0.01,4.0,-0.0001323773546030027
19.0,0.01,5.0,-5.2162963012941654e-05
19.0,0.01,6.0,-7.705536972407723e-06
19.0,0.01,7.0,-4.939858251770679e-05
19.0,0.01,8.0,8.030839881989493e-10
19.0,0.01,9.0,-5.605378096382174e-05
19.0,0.01,10.0,-1.0901429122717188e-05
19.0,0.01,11.0,8.030839881989493e-10
19.0,0.01,12.0,-9.35994594139511e-06
19.0,0.01,13.0,5.03877207061465e-06
19.0,0.01,14.0,-9.860492014556198e-08
19.0,0.01,15.0,9.089111074889189e-09
19.0,0.01,16.0,-4.651019681659041e-05
19.0,0.01,17.0,-6.854309584222729e-05
19.0,0.01,18.0,-6.547018763619628e-05
19.0,0.01,19.0,-3.1395862103933414e-05
19.0,0.01,20.0,6.280789530421771e-05
19.0,0.01,21.0,1.3516174568461992e-09
19.0,1.01,0.0,0.020252161537245517
19.0,1.01,1.0,4.6806957369971425e-05
19.0,1.01,2.0,0.00039202354223261127
19.0,1.01,3.0,8.030839881989493e-10
19.0,1.01,4.0,-0.009904436212339468
19.0,1.01,5.0,-0.004620660097315987
19.0,1.01,6.0,-0.0011757486767492997
19.0,1.01,7.0,-0.004044966451050652
19.0,1.01,8.0,8.030839881989493e-10
19.0,1.01,9.0,-0.004633731836049676
19.0,1.01,10.0,-0.0010002819535474272
19.0,1.01,11.0,8.030839881989493e-10
19.0,1.01,12.0,-0.0014764757907596293
19.0,1.01,13.0,0.00039812127400493114
19.0,1.01,14.0,-9.860492764796746e-08
19.0,1.01,15.0,5.779016175599949e-07
19.0,1.01,16.0,-0.004129250387733818
19.0,1.01,17.0,-0.006169496472584912
19.0,1.01,18.0,-0.004566907334743131
19.0,1.01,19.0,-0.004150257119366951
19.0,1.01,20.0,0.0005342609639757967
19.0,1.01,21.0,1.3516174846017748e-09
19.0,2.01,0.0,0.03941230394016754
19.0,2.01,1.0,9.121528303829285e-05
19.0,2.01,2.0,0.0007500972511263748
19.0,2.01,3.0,8.030839881989493e-10
19.0,2.01,4.0,-0.01891149848898352
19.0,2.01,5.0,-0.008911146761860111
19.0,2.01,6.0,-0.002323008186331854
19.0,2.01,7.0,-0.007762251813660748
19.0,2.01,8.0,8.030839881989493e-10
19.0,2.01,9.0,-0.008917786914940037
19.0,2.01,10.0,-0.0019350158673400175
19.0,2.01,11.0,8.030839881989493e-10
19.0,2.01,12.0,-0.0027901640323696186
19.0,2.01,13.0,0.00076512166877582
19.0,2.01,14.0,-9.86049307035441e-08
19.0,2.01,15.0,1.1067450952639835e-06
19.0,2.01,16.0,-0.007967515683281218
19.0,2.01,17.0,-0.011922627255345097
19.0,2.01,18.0,-0.009448074007039287
19.0,2.01,19.0,-0.008119478392002
19.0,2.01,20.0,0.001264585258060058
19.0,2.01,21.0,1.3516174846017748e-09
19.0,3.01,0.0,0.0575494204790139
19.0,3.01,1.0,0.0001332794242066282
19.0,3.01,2.0,0.001086609938302674
19.0,3.01,3.0,8.030839881989493e-10
19.0,3.01,4.0,-0.027374131773539284
19.0,3.01,5.0,-0.012958850085870693
19.0,3.01,6.0,-0.003413733352088444
19.0,3.01,7.0,-0.011260938391604358
19.0,3.01,8.0,8.030839881989493e-10
19.0,3.01,9.0,-0.012954642322016333
19.0,3.01,10.0,-0.0028176653392677498
19.0,3.01,11.0,8.030839881989493e-10
19.0,3.01,12.0,-0.004019407456112234
19.0,3.01,13.0,0.0011106886803992355
19.0,3.01,14.0,-9.860493213041592e-08
19.0,3.01,15.0,1.6041251398868361e-06
19.0,3.01,16.0,-0.01158795251177594
19.0,3.01,17.0,-0.01735139412465525
19.0,3.01,18.0,-0.014150093571732247
19.0,3.01,19.0,-0.011879901475360333
19.0,3.01,20.0,0.0019968478741989593
19.0,3.01,21.0,1.3516174846017748e-09
19.0,4.01,0.0,0.0747099680852531
19.0,4.01,1.0,0.00017308822533887436
19.0,4.01,2.0,0.0014043852492327258
19.0,4.01,3.0,8.030839881989493e-10
19.0,4.01,4.0,-0.03537020730810156
19.0,4.01,5.0,-0.01678564221397158
19.0,4.01,6.0,-0.004445382061664338
19.0,4.01,7.0,-0.01456687912620011
19.0,4.01,8.0,8.030839881989493e-10
19.0,4.01,9.0,-0.01676983063036684
19.0,4.01,10.0,-0.0036521475758740096
19.0,4.01,11.0,8.030839881989493e-10
19.0,4.01,12.0,-0.005180129299826863
19.0,4.01,13.0,0.0014371884177447614
19.0,4.01,14.0,-9.860493290652634e-08
19.0,4.01,15.0,2.0738627241334573e-06
19.0,4.01,16.0,-0.015010094231002358
19.0,4.01,17.0,-0.022482326159597082
19.0,4.01,18.0,-0.018600666800432653
19.0,4.01,19.0,-0.01543533791738716
19.0,4.01,20.0,0.0026915315031508236
19.0,4.01,21.0,1.3516174846017748e-09
19.0,5.01,0.0,0.090897518166208
19.0,5.01,1.0,0.0002105882098451528
19.0,5.01,2.0,0.001707204644499083
19.0,5.01,3.0,8.030839881989493e-10
19.0,5.01,4.0,-0.04298501713951641
19.0,5.01,5.0,-0.02041178453852799
19.0,5.01,6.0,-0.005412976574239586
19.0,5.01,7.0,-0.017709976203852562
19.0,5.01,8.0,8.030839881989493e-10
19.0,5.01,9.0,-0.02039038371376839
19.0,5.01,10.0,-0.004442021621115316
19.0,5.01,11.0,8.030839881989493e-10
19.0,5.01,12.0,-0.0062937724525598815
19.0,5.01,13.0,0.0017474380211886797
19.0,5.01,14.0,-9.860493332439646e-08
19.0,5.01,15.0,2.521213319034432e-06
19.0,5.01,16.0,-0.018253662823530137
19.0,5.01,17.0,-0.027343757442132882
19.0,5.01,18.0,-0.0226901820866946
19.0,5.01,19.0,-0.018786618200386518
19.0,5.01,20.0,0.0032872848875513117
19.0,5.01,21.0,1.3516174568461992e-09
19.0,6.01,0.0,0.10629801709623415
19.0,6.01,1.0,0.0002463092237518505
19.0,6.01,2.0,0.001992765722636458
19.0,6.01,3.0,8.030839881989493e-10
19.0,6.01,4.0,-0.05017555632891796
19.0,6.01,5.0,-0.023848584375650794
19.0,6.01,6.0,-0.006337528747888316
19.0,6.01,7.0,-0.02068076082117601
19.0,6.01,8.0,8.030839881989493e-10
19.0,6.01,9.0,-0.023817559050135106
19.0,6.01,10.0,-0.005191272387814805
19.0,6.01,11.0,8.030839881989493e-10
19.0,6.01,12.0,-0.007339751326465943
19.0,6.01,13.0,0.002040732114707261
19.0,6.01,14.0,-9.860493354128838e-08
19.0,6.01,15.0,2.943338983985022e-06
19.0,6.01,16.0,-0.021326851653854922
19.0,6.01,17.0,-0.03195093576630703
19.0,6.01,18.0,-0.02665973921092496
19.0,6.01,19.0,-0.021975996231023753
19.0,6.01,20.0,0.003892910247367598
19.0,6.01,21.0,1.3516174568461992e-09
19.0,7.01,0.0,0.120908149919635
19.0,7.01,1.0,0.00028017691045012505
19.0,7.01,2.0,0.0022643857315699234
19.0,7.01,3.0,8.030839881989493e-10
19.0,7.01,4.0,-0.05701503477760919
19.0,7.01,5.0,-0.02711251692508007
19.0,7.01,6.0,-0.007212983006840562
19.0,7.01,7.0,-0.023505092489835594
19.0,7.01,8.0,8.030839881989493e-10
19.0,7.01,9.0,-0.027073748305016687
19.0,7.01,10.0,-0.005902651247482349
19.0,7.01,11.0,8.030839881989493e-10
19.0,7.01,12.0,-0.008338680174188623
19.0,7.01,13.0,0.0023194839939525147
19.0,7.01,14.0,-9.860493366122739e-08
19.0,7.01,15.0,3.3448349247289233e-06
19.0,7.01,16.0,-0.024245718756021883
19.0,7.01,17.0,-0.036326387297089674
19.0,7.01,18.0,-0.030389935381139155
19.0,7.01,19.0,-0.025000739831581215
19.0,7.01,20.0,0.0044390908247752825
19.0,7.01,21.0,1.3516174568461992e-09
19.0,8.01,0.0,0.1348130453138741
19.0,8.01,1.0,0.00031243029889060914
19.0,8.01,2.0,0.0025221877225111156
19.0,8.01,3.0,8.030839881989493e-10
19.0,8.01,4.0,-0.06351125555236029
19.0,8.01,5.0,-0.030215660631616403
19.0,8.01,6.0,-0.00804698287582506
19.0,8.01,7.0,-0.026188002813540084
19.0,8.01,8.0,8.030839881989493e-10
19.0,8.01,9.0,-0.030168418809021172
19.0,8.01,10.0,-0.0065790998043327165
19.0,8.01,11.0,8.030839881989493e-10
19.0,8.01,12.0,-0.009285227291283032
19.0,8.01,13.0,0.0025842762134956065
19.0,8.01,14.0,-9.860493372814856e-08
19.0,8.01,15.0,3.7259336695405487e-06
19.0,8.01,16.0,-0.027020377213146235
19.0,8.01,17.0,-0.04048571821610353
19.0,8.01,18.0,-0.0339627150141254
19.0,8.01,19.0,-0.027878926353467587
19.0,8.01,20.0,0.004970772646347099
19.0,8.01,21.0,1.3516174568461992e-09
19.0,9.01,0.0,0.14805569231804833
19.0,9.01,1.0,0.0003431758900708515
19.0,9.01,2.0,0.002767307763507809
19.0,9.01,3.0,8.030839881989493e-10
19.0,9.01,4.0,-0.06969053538817943
19.0,9.01,5.0,-0.03316966643123323
19.0,9.01,6.0,-0.00884270028919168
19.0,9.01,7.0,-0.028739477275566083
19.0,9.01,8.0,8.030839881989493e-10
19.0,9.01,9.0,-0.0331139958958374
19.0,9.01,10.0,-0.007223010769633914
19.0,9.01,11.0,8.030839881989493e-10
19.0,9.01,12.0,-0.010179713388887068
19.0,9.01,13.0,0.0028362112580953003
19.0,9.01,14.0,-9.86049337594373e-08
19.0,9.01,15.0,4.088071250463177e-06
19.0,9.01,16.0,-0.029661685587510936
19.0,9.01,17.0,-0.0444447463068591
19.0,9.01,18.0,-0.03740782410312593
19.0,9.01,19.0,-0.030620582802371482
19.0,9.01,20.0,0.0055172982354195765
19.0,9.01,21.0,1.3516174568461992e-09
19.0,10.01,0.0,0.16068028414768637
19.0,10.01,1.0,0.0003724679940914355
19.0,10.01,2.0,0.0030009963223114056
19.0,10.01,3.0,8.030839881989493e-10
19.0,10.01,4.0,-0.0755861069961361
19.0,10.01,5.0,-0.03598538478303752
19.0,10.01,6.0,-0.009599040308328727
19.0,10.01,7.0,-0.031173860408433368
19.0,10.01,8.0,8.030839881989493e-10
19.0,10.01,9.0,-0.035921787702966834
19.0,10.01,10.0,-0.007836823918010882
19.0,10.01,11.0,8.030839881989493e-10
19.0,10.01,12.0,-0.011039973957223392
19.0,10.01,13.0,0.0030763481381241298
19.0,10.01,14.0,-9.860493378901442e-08
19.0,10.01,15.0,4.433545129967076e-06
19.0,10.01,16.0,-0.03217896481173757
19.0,10.01,17.0,-0.0482182294239718
19.0,10.01,18.0,-0.04063643259965044
19.0,10.01,19.0,-0.03323150384519458
19.0,10.01,20.0,0.005983557106722659
19.0,10.01,21.0,1.3516174568461992e-09
20.0,0.01,0.0,-0.00018592827548086222
20.0,0.01,1.0,-8.355263870440943e-06
20.0,0.01,2.0,0.000700342859927594
20.0,0.01,3.0,7.29052290759924e-10
20.0,0.01,4.0,-0.00011392899424161884
20.0,0.01,5.0,2.9058250956975895e-05
20.0,0.01,6.0,3.782449105355079e-05
20.0,0.01,7.0,-6.899702802856678e-05
20.0,0.01,8.0,7.29052290759924e-10
20.0,0.01,9.0,-9.436124943762447e-05
20.0,0.01,10.0,-3.0110171690161947e-05
20.0,0.01,11.0,7.29052290759924e-10
20.0,0.01,12.0,4.4634172358892776e-05
20.0,0.01,13.0,3.453492121699431e-05
20.0,0.01,14.0,-3.7483426239158296e-09
20.0,0.01,15.0,1.5020193848691576e-06
20.0,0.01,16.0,0.0004521385438773784
20.0,0.01,17.0,2.973270755102231e-06
20.0,0.01,18.0,5.2194624504897646e-05
20.0,0.01,19.0,-3.877914378386249e-05
20.0,0.01,20.0,5.14764756499031e-05
20.0,0.01,21.0,1.290737489112459e-09
20.0,1.01,0.0,0.03312929464518494
20.0,1.01,1.0,0.00044516290590806973
20.0,1.01,2.0,0.01200666060799438
20.0,1.01,3.0,7.29052290759924e-10
20.0,1.01,4.0,0.0012642839803667094
20.0,1.01,5.0,-0.002488324654286639
20.0,1.01,6.0,-0.0006174538368241556
20.0,1.01,7.0,-0.002651123246590198
20.0,1.01,8.0,7.29052290759924e-10
20.0,1.01,9.0,-0.004579941423676126
20.0,1.01,10.0,-0.001208035677578545
20.0,1.01,11.0,7.29052290759924e-10
20.0,1.01,12.0,0.0010783541333115043
20.0,1.01,13.0,0.0015401737499404211
20.0,1.01,14.0,-3.74834263002923e-09
20.0,1.01,15.0,3.871666019827913e-05
20.0,1.01,16.0,0.0035905341199232166
20.0,1.01,17.0,-0.002308292757291497
20.0,1.01,18.0,0.0015265198368594746
20.0,1.01,19.0,-0.0005810405895656512
20.0,1.01,20.0,0.0012394043518008657
20.0,1.01,21.0,1.290737489112459e-09
20.0,2.01,0.0,0.0659492114988432
20.0,2.01,1.0,0.0008946618497504555
20.0,2.01,2.0,0.022812758296398228
20.0,2.01,3.0,7.29052290759924e-10
20.0,2.01,4.0,0.0026587325779110493
20.0,2.01,5.0,-0.004974401113831767
20.0,2.01,6.0,-0.0012781162730939322
20.0,2.01,7.0,-0.005158714462178776
20.0,2.01,8.0,7.29052290759924e-10
20.0,2.01,9.0,-0.00894416948177039
20.0,2.01,10.0,-0.0023512760574417313
20.0,2.01,11.0,7.29052290759924e-10
20.0,2.01,12.0,0.0020745321112420056
20.0,2.01,13.0,0.0030038020437194723
20.0,2.01,14.0,-3.748342631592495e-09
20.0,2.01,15.0,7.458733135853879e-05
20.0,2.01,16.0,0.006481020470931409
20.0,2.01,17.0,-0.004569871049693697
20.0,2.01,18.0,0.002954194035084845
20.0,2.01,19.0,-0.0010959538596989893
20.0,2.01,20.0,0.0023831366121089825
20.0,2.01,21.0,1.290737489112459e-09
20.0,3.01,0.0,0.09774161562326394
20.0,3.01,1.0,0.001326527309296499
20.0,3.01,2.0,0.03375314446975475
20.0,3.01,3.0,7.29052290759924e-10
20.0,3.01,4.0,0.003974011859887994
20.0,3.01,5.0,-0.007369455151021803
20.0,3.01,6.0,-0.0019025801139797016
20.0,3.01,7.0,-0.007628759013782488
20.0,3.01,8.0,7.29052290759924e-10
20.0,3.01,9.0,-0.013239357206585228
20.0,3.01,10.0,-0.0034830567581530525
20.0,3.01,11.0,7.29052290759924e-10
20.0,3.01,12.0,0.0030660890573250554
20.0,3.01,13.0,0.004447647253972314
20.0,3.01,14.0,-3.74834263200124e-09
20.0,3.01,15.0,0.00011035497060077337
20.0,3.01,16.0,0.009525742732943265
20.0,3.01,17.0,-0.006805267602899789
20.0,3.01,18.0,0.004372270687794555
20.0,3.01,19.0,-0.0016196581884828087
20.0,3.01,20.0,0.003518588717921156
20.0,3.01,21.0,1.290737489112459e-09
20.0,4.01,0.0,0.12912265536831896
20.0,4.01,1.0,0.0017552220233449378
20.0,4.01,2.0,0.044164681197277955
20.0,4.01,3.0,7.29052290759924e-10
20.0,4.01,4.0,0.005268734790778495
20.0,4.01,5.0,-0.009748879012197564
20.0,4.01,6.0,-0.002529571291888022
20.0,4.01,7.0,-0.010040141473538267
20.0,4.01,8.0,7.29052290759924e-10
20.0,4.01,9.0,-0.017418549484099474
20.0,4.01,10.0,-0.0045769518599770576
20.0,4.01,11.0,7.29052290759924e-10
20.0,4.01,12.0,0.004026732936721372
20.0,4.01,13.0,0.005850482732538159
20.0,4.01,14.0,-3.748342632178282e-09
20.0,4.01,15.0,0.00014484307964229837
20.0,4.01,16.0,0.01235414069109908
20.0,4.01,17.0,-0.00892948498918722
20.0,4.01,18.0,0.005750698760681461
20.0,4.01,19.0,-0.0021134699377248767
20.0,4.01,20.0,0.004622296058502895
20.0,4.01,21.0,1.290737489112459e-09
20.0,5.01,0.0,0.16000761108321043
20.0,5.01,1.0,0.0021792098304053154
20.0,5.01,2.0,0.05415555823153778
20.0,5.01,3.0,7.29052290759924e-10
20.0,5.01,4.0,0.00655070412476888
20.0,5.01,5.0,-0.012099344537948503
20.0,5.01,6.0,-0.00315441068027128
20.0,5.01,7.0,-0.01239520111618575
20.0,5.01,8.0,7.29052290759924e-10
20.0,5.01,9.0,-0.021497209908003023
20.0,5.01,10.0,-0.005639544662264212
20.0,5.01,11.0,7.29052290759924e-10
20.0,5.01,12.0,0.004958854068378732
20.0,5.01,13.0,0.007217110086167322
20.0,5.01,14.0,-3.748342632238971e-09
20.0,5.01,15.0,0.00017822558368310593
20.0,5.01,16.0,0.015015420022504777
20.0,5.01,17.0,-0.010980689779808595
20.0,5.01,18.0,0.007089446979445135
20.0,5.01,19.0,-0.0025860616262562697
20.0,5.01,20.0,0.005696047578738983
20.0,5.01,21.0,1.290737489112459e-09
20.0,6.01,0.0,0.19017407374996848
20.0,6.01,1.0,0.0025923667134917783
20.0,6.01,2.0,0.06402903115626724
20.0,6.01,3.0,7.29052290759924e-10
20.0,6.01,4.0,0.007753572923635266
20.0,6.01,5.0,-0.01439901947999786
20.0,6.01,6.0,-0.0037585027801058657
20.0,6.01,7.0,-0.014715706400123485
20.0,6.01,8.0,7.29052290759924e-10
20.0,6.01,9.0,-0.02549613970191078
20.0,6.01,10.0,-0.0066790249438512805
20.0,6.01,11.0,7.29052290759924e-10
20.0,6.01,12.0,0.005880278591583438
20.0,6.01,13.0,0.00855779183613875
20.0,6.01,14.0,-3.748342632259974e-09
20.0,6.01,15.0,0.00021108466019170713
20.0,6.01,16.0,0.01770826420199556
20.0,6.01,17.0,-0.012938042609695444
20.0,6.01,18.0,0.008412634512057093
20.0,6.01,19.0,-0.0030512236260599734
20.0,6.01,20.0,0.006760183714814683
20.0,6.01,21.0,1.290737489112459e-09
20.0,7.01,0.0,0.21976207945433363
20.0,7.01,1.0,0.002998171125519089
20.0,7.01,2.0,0.07363663749506866
20.0,7.01,3.0,7.29052290759924e-10
20.0,7.01,4.0,0.008878589282259597
20.0,7.01,5.0,-0.016669458592950603
20.0,7.01,6.0,-0.004349411759391242
20.0,7.01,7.0,-0.017002427873410553
20.0,7.01,8.0,7.29052290759924e-10
20.0,7.01,9.0,-0.02940923870443854
20.0,7.01,10.0,-0.007687962782672669
20.0,7.01,11.0,7.29052290759924e-10
20.0,7.01,12.0,0.0067870031516383544
20.0,7.01,13.0,0.009868730891391397
20.0,7.01,14.0,-3.748342632267627e-09
20.0,7.01,15.0,0.00024316623063913578
20.0,7.01,16.0,0.020367785210533118
20.0,7.01,17.0,-0.01476462705676701
20.0,7.01,18.0,0.009713656531555093
20.0,7.01,19.0,-0.003500571957550408
20.0,7.01,20.0,0.007815193548761201
20.0,7.01,21.0,1.290737489112459e-09
20.0,8.01,0.0,0.24882771994378589
20.0,8.01,1.0,0.003398444574730708
20.0,8.01,2.0,0.0828953783032012
20.0,8.01,3.0,7.29052290759924e-10
20.0,8.01,4.0,0.01000514988637291
20.0,8.01,5.0,-0.01890824881792741
20.0,8.01,6.0,-0.00493471738325485
20.0,8.01,7.0,-0.01923540556297873
20.0,8.01,8.0,7.29052290759924e-10
20.0,8.01,9.0,-0.03323665481453353
20.0,8.01,10.0,-0.008670383787945185
20.0,8.01,11.0,7.29052290759924e-10
20.0,8.01,12.0,0.007668369178229634
20.0,8.01,13.0,0.011148916081249849
20.0,8.01,14.0,-3.74834263227026e-09
20.0,8.01,15.0,0.00027433376412427934
20.0,8.01,16.0,0.022900870383009864
20.0,8.01,17.0,-0.016550987552637564
20.0,8.01,18.0,0.010973279865669427
20.0,8.01,19.0,-0.00393520273797307
20.0,8.01,20.0,0.008846425409086756
20.0,8.01,21.0,1.290737489112459e-09
20.0,9.01,0.0,0.2772625926525268
20.0,9.01,1.0,0.003790237605574065
20.0,9.01,2.0,0.0919698115655222
20.0,9.01,3.0,7.29052290759924e-10
20.0,9.01,4.0,0.011197222061885392
20.0,9.01,5.0,-0.021083754331729987
20.0,9.01,6.0,-0.00551172661431748
20.0,9.01,7.0,-0.021399530635465014
20.0,9.01,8.0,7.29052290759924e-10
20.0,9.01,9.0,-0.03698890826701136
20.0,9.01,10.0,-0.009642003629007884
20.0,9.01,11.0,7.29052290759924e-10
20.0,9.01,12.0,0.008522157103389938
20.0,9.01,13.0,0.012404012386010244
20.0,9.01,14.0,-3.748342632270234e-09
20.0,9.01,15.0,0.00030486748132188546
20.0,9.01,16.0,0.02531796847364204
20.0,9.01,17.0,-0.018424920981795323
20.0,9.01,18.0,0.012189926769654413
20.0,9.01,19.0,-0.004367429331967543
20.0,9.01,20.0,0.009839427378730614
20.0,9.01,21.0,1.290737489112459e-09
20.0,10.01,0.0,0.30499246661097995
20.0,10.01,1.0,0.004170997372574925
20.0,10.01,2.0,0.1010214948737117
20.0,10.01,3.0,7.29052290759924e-10
20.0,10.01,4.0,0.012506864000944806
20.0,10.01,5.0,-0.023165432354592203
20.0,10.01,6.0,-0.006078337965569669
20.0,10.01,7.0,-0.023481105574664762
20.0,10.01,8.0,7.29052290759924e-10
20.0,10.01,9.0,-0.040673639550592985
20.0,10.01,10.0,-0.010618268974567385
20.0,10.01,11.0,7.29052290759924e-10
20.0,10.01,12.0,0.009347017711610756
20.0,10.01,13.0,0.013638850322967327
20.0,10.01,14.0,-3.748342632267186e-09
20.0,10.01,15.0,0.0003350358935144404
20.0,10.01,16.0,0.027625132645815842
20.0,10.01,17.0,-0.02050337674004632
20.0,10.01,18.0,0.013368804837939507
20.0,10.01,19.0,-0.004807069059177799
20.0,10.01,20.0,0.010777011228851108
20.0,10.01,21.0,1.290737489112459e-09
21.0,0.01,0.0,0.0007180563833359965
21.0,0.01,1.0,8.648223397528243e-05
21.0,0.01,2.0,-8.647421173152425e-05
21.0,0.01,3.0,8.191530231904665e-10
21.0,0.01,4.0,-0.00014236630299552244
21.0,0.01,5.0,-0.00024275699160392072
21.0,0.01,6.0,1.3529291633007645e-05
21.0,0.01,7.0,-2.4512508026014457e-05
21.0,0.01,8.0,8.191530231904665e-10
21.0,0.01,9.0,7.075586548999091e-05
21.0,0.01,10.0,4.171201863806262e-05
21.0,0.01,11.0,8.191530231904665e-10
21.0,0.01,12.0,2.1373565012750007e-05
21.0,0.01,13.0,-7.088895669696282e-05
21.0,0.01,14.0,-0.0011271455180945807
21.0,0.01,15.0,-1.4315383115554026e-05
21.0,0.01,16.0,-5.074723958897742e-05
21.0,0.01,17.0,-7.0227149537305245e-06
21.0,0.01,18.0,0.00010176024556962648
21.0,0.01,19.0,-0.00022436505628983805
21.0,0.01,20.0,-0.00045019428322790045
21.0,0.01,21.0,1.1521634757372112e-09
21.0,1.01,0.0,0.04652030511907984
21.0,1.01,1.0,0.0018773622862731654
21.0,1.01,2.0,0.0026902706642162877
21.0,1.01,3.0,8.191530231904665e-10
21.0,1.01,4.0,-0.010476945018886685
21.0,1.01,5.0,-0.002584889312236771
21.0,1.01,6.0,-0.0032041962041323147
21.0,1.01,7.0,-0.006435756383937563
21.0,1.01,8.0,8.191530231904665e-10
21.0,1.01,9.0,-0.0024648344045896387
21.0,1.01,10.0,-2.7604891462446046e-05
21.0,1.01,11.0,8.191530231904665e-10
21.0,1.01,12.0,-0.006535171441640786
21.0,1.01,13.0,0.011779583887315814
21.0,1.01,14.0,-0.015220024596845119
21.0,1.01,15.0,0.0002731684359161546
21.0,1.01,16.0,-0.017555941125763114
21.0,1.01,17.0,-0.005124574646315577
21.0,1.01,18.0,-0.002311123367146506
21.0,1.01,19.0,-0.01845722838005817
21.0,1.01,20.0,0.015799075705612953
21.0,1.01,21.0,1.1521635034927868e-09
21.0,2.01,0.0,0.0929259886376953
21.0,2.01,1.0,0.0037216247866146412
21.0,2.01,2.0,0.0054172498092490695
21.0,2.01,3.0,8.191530231904665e-10
21.0,2.01,4.0,-0.021991735503166354
21.0,2.01,5.0,-0.004916223601968861
21.0,2.01,6.0,-0.0068417608440841104
21.0,2.01,7.0,-0.012785381937938683
21.0,2.01,8.0,8.191530231904665e-10
21.0,2.01,9.0,-0.004951434706626345
21.0,2.01,10.0,-4.17792437832909e-05
21.0,2.01,11.0,8.191530231904665e-10
21.0,2.01,12.0,-0.013618110689043172
21.0,2.01,13.0,0.02357036077250582
21.0,2.01,14.0,-0.018745360363114572
21.0,2.01,15.0,0.0005532719220334159
21.0,2.01,16.0,-0.03516268201039226
21.0,2.01,17.0,-0.010178215737104396
21.0,2.01,18.0,-0.005894302694316095
21.0,2.01,19.0,-0.0353726782240457
21.0,2.01,20.0,0.03137582923740356
21.0,2.01,21.0,1.1521635034927868e-09
21.0,3.01,0.0,0.13862536708607698
21.0,3.01,1.0,0.005525282631946682
21.0,3.01,2.0,0.008160004985684643
21.0,3.01,3.0,8.191530231904665e-10
21.0,3.01,4.0,-0.033707476626264554
21.0,3.01,5.0,-0.007198082840597142
21.0,3.01,6.0,-0.010595818367243354
21.0,3.01,7.0,-0.019095580958163244
21.0,3.01,8.0,8.191530231904665e-10
21.0,3.01,9.0,-0.007460753284730698
21.0,3.01,10.0,-3.984708206186682e-05
21.0,3.01,11.0,8.191530231904665e-10
21.0,3.01,12.0,-0.020788890170793273
21.0,3.01,13.0,0.035379365755372816
21.0,3.01,14.0,-0.019013625454667553
21.0,3.01,15.0,0.0008352195054485145
21.0,3.01,16.0,-0.0526916419965512
21.0,3.01,17.0,-0.01518830723890785
21.0,3.01,18.0,-0.009825922674949639
21.0,3.01,19.0,-0.051753258071694605
21.0,3.01,20.0,0.047038576168583646
21.0,3.01,21.0,1.1521635034927868e-09
21.0,4.01,0.0,0.18425546795811792
21.0,4.01,1.0,0.0073470138169053345
21.0,4.01,2.0,0.010801645069168253
21.0,4.01,3.0,8.191530231904665e-10
21.0,4.01,4.0,-0.045319434583721396
21.0,4.01,5.0,-0.009437660962819838
21.0,4.01,6.0,-0.014298104433378866
21.0,4.01,7.0,-0.025258061750089628
21.0,4.01,8.0,8.191530231904665e-10
21.0,4.01,9.0,-0.009862005740085389
21.0,4.01,10.0,-3.8989576340159315e-05
21.0,4.01,11.0,8.191530231904665e-10
21.0,4.01,12.0,-0.02790680163732434
21.0,4.01,13.0,0.046825662720154426
21.0,4.01,14.0,-0.019026243270361686
21.0,4.01,15.0,0.0011068083883330748
21.0,4.01,16.0,-0.06991438208308819
21.0,4.01,17.0,-0.020091499400763407
21.0,4.01,18.0,-0.013742597280560861
21.0,4.01,19.0,-0.06781352045637516
21.0,4.01,20.0,0.061921389059287124
21.0,4.01,21.0,1.1521635034927868e-09
21.0,5.01,0.0,0.2287147206734585
21.0,5.01,1.0,0.009102422741481653
21.0,5.01,2.0,0.013461342293073775
21.0,5.01,3.0,8.191530231904665e-10
21.0,5.01,4.0,-0.05674166381524631
21.0,5.01,5.0,-0.011654237604313111
21.0,5.01,6.0,-0.017956456930086434
21.0,5.01,7.0,-0.0313797109395339
21.0,5.01,8.0,8.191530231904665e-10
21.0,5.01,9.0,-0.012291537947648229
21.0,5.01,10.0,-3.53606403786233e-05
21.0,5.01,11.0,8.191530231904665e-10
21.0,5.01,12.0,-0.034893616039734676
21.0,5.01,13.0,0.05829139418978779
21.0,5.01,14.0,-0.019026774518643083
21.0,5.01,15.0,0.001380372949073283
21.0,5.01,16.0,-0.08693448035024345
21.0,5.01,17.0,-0.02495222725957366
21.0,5.01,18.0,-0.017601527943928802
21.0,5.01,19.0,-0.08367607586448464
21.0,5.01,20.0,0.07709364385015827
21.0,5.01,21.0,1.1521635034927868e-09
21.0,6.01,0.0,0.2727723876912163
21.0,6.01,1.0,0.01084872147633753
21.0,6.01,2.0,0.016062607331563117
21.0,6.01,3.0,8.191530231904665e-10
21.0,6.01,4.0,-0.06799126407719602
21.0,6.01,5.0,-0.013843038054471568
21.0,6.01,6.0,-0.021546281311709437
21.0,6.01,7.0,-0.037402396293363754
21.0,6.01,8.0,8.191530231904665e-10
21.0,6.01,9.0,-0.014662326045813051
21.0,6.01,10.0,-3.582302805998916e-05
21.0,6.01,11.0,8.191530231904665e-10
21.0,6.01,12.0,-0.0417790107365037
21.0,6.01,13.0,0.06952240180559582
21.0,6.01,14.0,-0.019026796391259728
21.0,6.01,15.0,0.0016481366227176497
21.0,6.01,16.0,-0.10367492336141983
21.0,6.01,17.0,-0.029739615105761175
21.0,6.01,18.0,-0.02137497633122344
21.0,6.01,19.0,-0.09927618968202931
21.0,6.01,20.0,0.09185908278442917
21.0,6.01,21.0,1.1521635034927868e-09
21.0,7.01,0.0,0.3166245503382397
21.0,7.01,1.0,0.012598736402631483
21.0,7.01,2.0,0.018618249183099456
21.0,7.01,3.0,8.191530231904665e-10
21.0,7.01,4.0,-0.07890384889045063
21.0,7.01,5.0,-0.01603739484648342
21.0,7.01,6.0,-0.024984399833436255
21.0,7.01,7.0,-0.04337911944321296
21.0,7.01,8.0,8.191530231904665e-10
21.0,7.01,9.0,-0.016987980805766023
21.0,7.01,10.0,-5.247560242041538e-05
21.0,7.01,11.0,8.191530231904665e-10
21.0,7.01,12.0,-0.048495814027562256
21.0,7.01,13.0,0.0805680018045778
21.0,7.01,14.0,-0.01902679729690588
21.0,7.01,15.0,0.0019113501076490624
21.0,7.01,16.0,-0.11974837742488582
21.0,7.01,17.0,-0.03450000859862026
21.0,7.01,18.0,-0.024900942422199535
21.0,7.01,19.0,-0.1144325815790907
21.0,7.01,20.0,0.10634381048599062
21.0,7.01,21.0,1.1521635034927868e-09
21.0,8.01,0.0,0.3606865871513791
21.0,8.01,1.0,0.014327135390495072
21.0,8.01,2.0,0.02127107962633973
21.0,8.01,3.0,8.191530231904665e-10
21.0,8.01,4.0,-0.08864000487518678
21.0,8.01,5.0,-0.0183918607736987
21.0,8.01,6.0,-0.02790906138231547
21.0,8.01,7.0,-0.04955690525457129
21.0,8.01,8.0,8.191530231904665e-10
21.0,8.01,9.0,-0.019404518402714177
21.0,8.01,10.0,-0.00011753707957506965
21.0,8.01,11.0,8.191530231904665e-10
21.0,8.01,12.0,-0.05472290218506427
21.0,8.01,13.0,0.09197627653017987
21.0,8.01,14.0,-0.019026797334750878
21.0,8.01,15.0,0.002185919557308791
21.0,8.01,16.0,-0.13238060745305064
21.0,8.01,17.0,-0.03942577919028081
21.0,8.01,18.0,-0.02753013940542237
21.0,8.01,19.0,-0.128132373817385
21.0,8.01,20.0,0.12191535735269748
21.0,8.01,21.0,1.1521635034927868e-09
21.0,9.01,0.0,0.4079533863440072
21.0,9.01,1.0,0.016293495086992904
21.0,9.01,2.0,0.023856504734663886
21.0,9.01,3.0,8.191530231904665e-10
21.0,9.01,4.0,-0.09572810707891324
21.0,9.01,5.0,-0.020976642920356947
21.0,9.01,6.0,-0.029716304284693434
21.0,9.01,7.0,-0.05603837621216523
21.0,9.01,8.0,8.191530231904665e-10
21.0,9.01,9.0,-0.021769095759837626
21.0,9.01,10.0,-0.00030071101277967527
21.0,9.01,11.0,8.191530231904665e-10
21.0,9.01,12.0,-0.06015641636642771
21.0,9.01,13.0,0.10328472843345704
21.0,9.01,14.0,-0.01902679733713065
21.0,9.01,15.0,0.0024473130488975314
21.0,9.01,16.0,-0.137538465548222
21.0,9.01,17.0,-0.044646156909019574
21.0,9.01,18.0,-0.0284148096990402
21.0,9.01,19.0,-0.13797317507581827
21.0,9.01,20.0,0.13733132688718996
21.0,9.01,21.0,1.1521635034927868e-09
21.0,10.01,0.0,0.4552674729033595
21.0,10.01,1.0,0.018139735522512912
21.0,10.01,2.0,0.026711687435255593
21.0,10.01,3.0,8.191530231904665e-10
21.0,10.01,4.0,-0.10008818780004519
21.0,10.01,5.0,-0.02387049174086825
21.0,10.01,6.0,-0.03044283115239632
21.0,10.01,7.0,-0.0629107556139352
21.0,10.01,8.0,8.191530231904665e-10
21.0,10.01,9.0,-0.024374568042103056
21.0,10.01,10.0,-0.0005571391879248822
21.0,10.01,11.0,8.191530231904665e-10
21.0,10.01,12.0,-0.06460983225406104
21.0,10.01,13.0,0.1155843505736312
21.0,10.01,14.0,-0.01902679733734743
21.0,10.01,15.0,0.002741446195163033
21.0,10.01,16.0,-0.13840520383651325
21.0,10.01,17.0,-0.050160849901930454
21.0,10.01,18.0,-0.027910387158676705
21.0,10.01,19.0,-0.14255693537212155
21.0,10.01,20.0,0.15554038725649444
21.0,10.01,21.0,1.1521635034927868e-09
22.0,0.01,0.0,-3.3077610874676644e-05
22.0,0.01,1.0,-2.3184593117009378e-06
22.0,0.01,2.0,4.666349644039114e-05
22.0,0.01,3.0,6.876123004317947e-10
22.0,0.01,4.0,2.349599244999556e-06
22.0,0.01,5.0,-1.5611235716695833e-05
22.0,0.01,6.0,6.729271155914152e-06
22.0,0.01,7.0,-1.81960971250561e-05
22.0,0.01,8.0,6.876123004317947e-10
22.0,0.01,9.0,-7.682337066605704e-06
22.0,0.01,10.0,-6.685359096175736e-06
22.0,0.01,11.0,6.876123004317947e-10
22.0,0.01,12.0,-5.274880791605874e-07
22.0,0.01,13.0,1.247963012573905e-05
22.0,0.01,14.0,3.751570718496522e-05
22.0,0.01,15.0,5.338220131767546e-07
22.0,0.01,16.0,1.0806159738308008e-05
22.0,0.01,17.0,-9.749544308532143e-06
22.0,0.01,18.0,1.428866661920547e-05
22.0,0.01,19.0,-1.5434068202313522e-05
22.0,0.01,20.0,1.7791264802224926e-06
22.0,0.01,21.0,9.160734115720714e-10
22.0,1.01,0.0,-3.292917637764958e-05
22.0,1.01,1.0,-2.307507324050828e-06
22.0,1.01,2.0,4.652140608013555e-05
22.0,1.01,3.0,6.876123004317947e-10
22.0,1.01,4.0,2.3389308145271848e-06
22.0,1.01,5.0,-1.5611235717823776e-05
22.0,1.01,6.0,6.726252469224647e-06
22.0,1.01,7.0,-1.8148590642641516e-05
22.0,1.01,8.0,6.876123004317947e-10
22.0,1.01,9.0,-7.671273763665276e-06
22.0,1.01,10.0,-6.685250654003827e-06
22.0,1.01,11.0,6.876123004317947e-10
22.0,1.01,12.0,-5.220047900322822e-07
22.0,1.01,13.0,1.2445874377375876e-05
22.0,1.01,14.0,3.7407901727182225e-05
22.0,1.01,15.0,5.325817905299512e-07
22.0,1.01,16.0,1.0762687139009852e-05
22.0,1.01,17.0,-9.74715563240025e-06
22.0,1.01,18.0,1.42580727159336e-05
22.0,1.01,19.0,-1.538516972832138e-05
22.0,1.01,20.0,1.7774248318447317e-06
22.0,1.01,21.0,9.160734115720714e-10
22.0,2.01,0.0,-3.277665436063337e-05
22.0,2.01,1.0,-2.2962537594706234e-06
22.0,2.01,2.0,4.637544484725753e-05
22.0,2.01,3.0,6.876123004317947e-10
22.0,2.01,4.0,2.3279756160565768e-06
22.0,2.01,5.0,-1.5611235718857912e-05
22.0,2.01,6.0,6.723155058674379e-06
22.0,2.01,7.0,-1.8099782571556755e-05
22.0,2.01,8.0,6.876123004317947e-10
22.0,2.01,9.0,-7.659909275065102e-06
22.0,2.01,10.0,-6.6851393130673564e-06
22.0,2.01,11.0,6.876123004317947e-10
22.0,2.01,12.0,-5.163651277118042e-07
22.0,2.01,13.0,1.2411204768525419e-05
22.0,2.01,14.0,3.7297170899897036e-05
22.0,2.01,15.0,5.313064923573307e-07
22.0,2.01,16.0,1.071803188595899e-05
22.0,2.01,17.0,-9.744706214162568e-06
22.0,2.01,18.0,1.4226654890925339e-05
22.0,2.01,19.0,-1.533490893196321e-05
22.0,2.01,20.0,1.7756801761747987e-06
22.0,2.01,21.0,9.160734115720714e-10
22.0,3.01,0.0,-3.261998234338481e-05
22.0,3.01,1.0,-2.284694010756816e-06
22.0,3.01,2.0,4.622555396194272e-05
22.0,3.01,3.0,6.876123004317947e-10
22.0,3.01,4.0,2.316729216911284e-06
22.0,3.01,5.0,-1.5611235719796106e-05
22.0,3.01,6.0,6.719977687558165e-06
22.0,3.01,7.0,-1.804965310886475e-05
22.0,3.01,8.0,6.876123004317947e-10
22.0,3.01,9.0,-7.64823913691759e-06
22.0,3.01,10.0,-6.6850250289296476e-06
22.0,3.01,11.0,6.876123004317947e-10
22.0,3.01,12.0,-5.105667240101752e-07
22.0,3.01,13.0,1.2375607466641458e-05
22.0,3.01,14.0,3.71834702918572e-05
22.0,3.01,15.0,5.299955855020411e-07
22.0,3.01,16.0,1.0672175984993704e-05
22.0,3.01,17.0,-9.742195202347426e-06
22.0,3.01,18.0,1.4194400550116004e-05
22.0,3.01,19.0,-1.528326514899092e-05
22.0,3.01,20.0,1.7738918745846544e-06
22.0,3.01,21.0,9.160734115720714e-10
22.0,4.01,0.0,-3.2459095987591446e-05
22.0,4.01,1.0,-2.272823333759888e-06
22.0,4.01,2.0,4.60716729026589e-05
22.0,4.01,3.0,6.876123004317947e-10
22.0,4.01,4.0,2.305187052742408e-06
22.0,4.01,5.0,-1.5611235720636153e-05
22.0,4.01,6.0,6.716719082255906e-06
22.0,4.01,7.0,-1.7998181865153118e-05
22.0,4.01,8.0,6.876123004317947e-10
22.0,4.01,9.0,-7.636258754231684e-06
22.0,4.01,10.0,-6.684907755905023e-06
22.0,4.01,11.0,6.876123004317947e-10
22.0,4.01,12.0,-5.046071403780328e-07
22.0,4.01,13.0,1.2339068230005079e-05
22.0,4.01,14.0,3.7066754176362515e-05
22.0,4.01,15.0,5.286485209587966e-07
22.0,4.01,16.0,1.0625100908989715e-05
22.0,4.01,17.0,-9.739621720891711e-06
22.0,4.01,18.0,1.4161296725823114e-05
22.0,4.01,19.0,-1.5230217103479049e-05
22.0,4.01,20.0,1.7720592699332904e-06
22.0,4.01,21.0,9.160734115720714e-10
22.0,5.01,0.0,-3.229392906245465e-05
22.0,5.01,1.0,-2.2606368449418213e-06
22.0,5.01,2.0,4.591373937340437e-05
22.0,5.01,3.0,6.876123004317947e-10
22.0,5.01,4.0,2.2933444244754853e-06
22.0,5.01,5.0,-1.5611235721375782e-05
22.0,5.01,6.0,6.7133779312333886e-06
22.0,5.01,7.0,-1.7945347852987847e-05
22.0,5.01,8.0,6.876123004317947e-10
22.0,5.01,9.0,-7.623963398831202e-06
22.0,5.01,10.0,-6.684787447031049e-06
22.0,5.01,11.0,6.876123004317947e-10
22.0,5.01,12.0,-4.984838669341851e-07
22.0,5.01,13.0,1.2301572400175154e-05
22.0,5.01,14.0,3.694697548550785e-05
22.0,5.01,15.0,5.272647337906111e-07
22.0,5.01,16.0,1.0576787587202041e-05
22.0,5.01,17.0,-9.736984869113119e-06
22.0,5.01,18.0,1.4127330068863797e-05
22.0,5.01,19.0,-1.5175742896111899e-05
22.0,5.01,20.0,1.7701816858173292e-06
22.0,5.01,21.0,9.160734115720714e-10
22.0,6.01,0.0,-3.212441333733107e-05
22.0,6.01,1.0,-2.2481295137155577e-06
22.0,6.01,2.0,4.5751689203843426e-05
22.0,6.01,3.0,6.876123004317947e-10
22.0,6.01,4.0,2.2811964910940397e-06
22.0,6.01,5.0,-1.5611235722012656e-05
22.0,6.01,6.0,6.7099528832936794e-06
22.0,6.01,7.0,-1.7891129453273535e-05
22.0,6.01,8.0,6.876123004317947e-10
22.0,6.01,9.0,-7.6113482014722456e-06
22.0,6.01,10.0,-6.6846640537909785e-06
22.0,6.01,11.0,6.876123004317947e-10
22.0,6.01,12.0,-4.92194318024719e-07
22.0,6.01,13.0,1.2263104878063036e-05
22.0,6.01,14.0,3.6824085735687184e-05
22.0,6.01,15.0,5.258436417965306e-07
22.0,6.01,16.0,1.0527216375122439e-05
22.0,6.01,17.0,-9.734283720044812e-06
22.0,6.01,18.0,1.409248682820996e-05
22.0,6.01,19.0,-1.5119819968767434e-05
22.0,6.01,20.0,1.7682584259881562e-06
22.0,6.01,21.0,9.160734115720714e-10
22.0,7.01,0.0,-3.1950478478259825e-05
22.0,7.01,1.0,-2.2352961546179273e-06
22.0,7.01,2.0,4.558545625321653e-05
22.0,7.01,3.0,6.876123004317947e-10
22.0,7.01,4.0,2.268738262756198e-06
22.0,7.01,5.0,-1.5611235722544362e-05
22.0,7.01,6.0,6.706442545523217e-06
22.0,7.01,7.0,-1.7835504384111633e-05
22.0,7.01,8.0,6.876123004317947e-10
22.0,7.01,9.0,-7.5984081445296114e-06
22.0,7.01,10.0,-6.684537526335799e-06
22.0,7.01,11.0,6.876123004317947e-10
22.0,7.01,12.0,-4.857358287813085e-07
22.0,7.01,13.0,1.2223650101617078e-05
22.0,7.01,14.0,3.669803495359725e-05
22.0,7.01,15.0,5.243846450952994e-07
22.0,7.01,16.0,1.047636702516952e-05
22.0,7.01,17.0,-9.731517318867233e-06
22.0,7.01,18.0,1.4056752829727515e-05
22.0,7.01,19.0,-1.5062425070988539e-05
22.0,7.01,20.0,1.7662887728808752e-06
22.0,7.01,21.0,9.160734115720714e-10
22.0,8.01,0.0,-3.177205205107114e-05
22.0,8.01,1.0,-2.2221314274206705e-06
22.0,8.01,2.0,4.541497241200565e-05
22.0,8.01,3.0,6.876123004317947e-10
22.0,8.01,4.0,2.255964599684468e-06
22.0,8.01,5.0,-1.5611235722968414e-05
22.0,8.01,6.0,6.702845482736697e-06
22.0,8.01,7.0,-1.777844969896858e-05
22.0,8.01,8.0,6.876123004317947e-10
22.0,8.01,9.0,-7.5851380630515e-06
22.0,8.01,10.0,-6.684407813123405e-06
22.0,8.01,11.0,6.876123004317947e-10
22.0,8.01,12.0,-4.791056548159034e-07
22.0,8.01,13.0,1.2183192046599789e-05
22.0,8.01,14.0,3.6568771679346135e-05
22.0,8.01,15.0,5.228871257645373e-07
22.0,8.01,16.0,1.0424218686466702e-05
22.0,8.01,17.0,-9.728684683879552e-06
22.0,8.01,18.0,1.4020113476120866e-05
22.0,8.01,19.0,-1.5003534260038531e-05
22.0,8.01,20.0,1.7642719880028856e-06
22.0,8.01,21.0,9.160734115720714e-10
22.0,9.01,0.0,-3.158905933908773e-05
22.0,9.01,1.0,-2.2086298240853175e-06
22.0,9.01,2.0,4.524016743223669e-05
22.0,9.01,3.0,6.876123004317947e-10
22.0,9.01,4.0,2.2428702004528844e-06
22.0,9.01,5.0,-1.5611235723282246e-05
22.0,9.01,6.0,6.699160214646005e-06
22.0,9.01,7.0,-1.77199417314422e-05
22.0,9.01,8.0,6.876123004317947e-10
22.0,9.01,9.0,-7.57153263099275e-06
22.0,9.01,10.0,-6.684274861251671e-06
22.0,9.01,11.0,6.876123004317947e-10
22.0,9.01,12.0,-4.7230096555939127e-07
22.0,9.01,13.0,1.2141714186231223e-05
22.0,9.01,14.0,3.64362428369458e-05
22.0,9.01,15.0,5.213504466194951e-07
22.0,9.01,16.0,1.037074985354991e-05
22.0,9.01,17.0,-9.725784803196746e-06
22.0,9.01,18.0,1.398255371137802e-05
22.0,9.01,19.0,-1.4943122842170364e-05
22.0,9.01,20.0,1.7622073097689483e-06
22.0,9.01,21.0,9.160734115720714e-10
22.0,10.01,0.0,-3.1401423305821297e-05
22.0,10.01,1.0,-2.1947856655990527e-06
22.0,10.01,2.0,4.50609688923409e-05
22.0,10.01,3.0,6.876123004317947e-10
22.0,10.01,4.0,2.22944959860083e-06
22.0,10.01,5.0,-1.561123572348321e-05
22.0,10.01,6.0,6.695385214472438e-06
22.0,10.01,7.0,-1.7659956082605177e-05
22.0,10.01,8.0,6.876123004317947e-10
22.0,10.01,9.0,-7.557586359355217e-06
22.0,10.01,10.0,-6.684138615958846e-06
22.0,10.01,11.0,6.876123004317947e-10
22.0,10.01,12.0,-4.653188427905519e-07
22.0,10.01,13.0,1.2099199483084355e-05
22.0,10.01,14.0,3.630039370827731e-05
22.0,10.01,15.0,5.197739504358978e-07
22.0,10.01,16.0,1.0315938355376364e-05
22.0,10.01,17.0,-9.722816634860632e-06
22.0,10.01,18.0,1.3944058012499427e-05
22.0,10.01,19.0,-1.4881165359137416e-05
22.0,10.01,20.0,1.7600939535566962e-06
22.0,10.01,21.0,9.160734115720714e-10
23.0,0.01,0.0,0.003728565756306257
23.0,0.01,1.0,0.00015509778966138477
23.0,0.01,2.0,0.00014276594236004025
23.0,0.01,3.0,1.0172416520237704e-09
23.0,0.01,4.0,-0.0017676771025277316
23.0,0.01,5.0,-0.003954723529100646
23.0,0.01,6.0,0.001104343244197642
23.0,0.01,7.0,-0.005492415410987522
23.0,0.01,8.0,1.0172416520237704e-09
23.0,0.01,9.0,-0.00048050582596448344
23.0,0.01,10.0,-0.0010675140700760755
23.0,0.01,11.0,1.0172416520237704e-09
23.0,0.01,12.0,0.0005744457610590281
23.0,0.01,13.0,0.0008276349615308765
23.0,0.01,14.0,-3.5596428398594666e-10
23.0,0.01,15.0,2.5936745252086446e-06
23.0,0.01,16.0,-0.0014148179752302148
23.0,0.01,17.0,-0.002632036716240696
23.0,0.01,18.0,0.0005923987691341948
23.0,0.01,19.0,-0.00031521220554217577
23.0,0.01,20.0,8.105171113015341e-05
23.0,0.01,21.0,1.359334728112671e-09
23.0,1.01,0.0,0.003773996430625981
23.0,1.01,1.0,0.00015555432634989375
23.0,1.01,2.0,0.00014555003739480377
23.0,1.01,3.0,1.0172416520237704e-09
23.0,1.01,4.0,-0.0018063952110298764
23.0,1.01,5.0,-0.00395895143949977
23.0,1.01,6.0,0.0011046919335328809
23.0,1.01,7.0,-0.005559484077373292
23.0,1.01,8.0,1.0172416520237704e-09
23.0,1.01,9.0,-0.0004894093827146062
23.0,1.01,10.0,-0.001068311833056751
23.0,1.01,11.0,1.0172416520237704e-09
23.0,1.01,12.0,0.0005702879573100672
23.0,1.01,13.0,0.0008416091916874091
23.0,1.01,14.0,-3.55964283997931e-10
23.0,1.01,15.0,2.651301049955146e-06
23.0,1.01,16.0,-0.001448978868509837
23.0,1.01,17.0,-0.0026574848538071932
23.0,1.01,18.0,0.0005777983156319833
23.0,1.01,19.0,-0.00032684538158750387
23.0,1.01,20.0,7.98878099909639e-05
23.0,1.01,21.0,1.359334728112671e-09
23.0,2.01,0.0,0.003858799696998927
23.0,2.01,1.0,0.00016273569818642253
23.0,2.01,2.0,0.00014614113230923542
23.0,2.01,3.0,1.0172416520237704e-09
23.0,2.01,4.0,-0.001827717584863442
23.0,2.01,5.0,-0.003963085438670272
23.0,2.01,6.0,0.001104588398201406
23.0,2.01,7.0,-0.005620171204819155
23.0,2.01,8.0,1.0172416520237704e-09
23.0,2.01,9.0,-0.0004945529881198729
23.0,2.01,10.0,-0.0010690791536480115
23.0,2.01,11.0,1.0172416520237704e-09
23.0,2.01,12.0,0.0005664968923447811
23.0,2.01,13.0,0.0008467248448360831
23.0,2.01,14.0,-3.5596428399638175e-10
23.0,2.01,15.0,2.648342498329237e-06
23.0,2.01,16.0,-0.001477192847675446
23.0,2.01,17.0,-0.002680162732044966
23.0,2.01,18.0,0.0005552768952866161
23.0,2.01,19.0,-0.0003368941078761012
23.0,2.01,20.0,7.201241064291874e-05
23.0,2.01,21.0,1.359334728112671e-09
23.0,3.01,0.0,0.004408502033477257
23.0,3.01,1.0,0.00025088475670514976
23.0,3.01,2.0,0.0001200366374361217
23.0,3.01,3.0,1.0172416520237704e-09
23.0,3.01,4.0,-0.0016629596619206488
23.0,3.01,5.0,-0.00396699492136927
23.0,3.01,6.0,0.0010991957072866987
23.0,3.01,7.0,-0.005626619463274508
23.0,3.01,8.0,1.0172416520237704e-09
23.0,3.01,9.0,-0.00045788012054021054
23.0,3.01,10.0,-0.0010696870212071607
23.0,3.01,11.0,1.0172416520237704e-09
23.0,3.01,12.0,0.0005660769915984964
23.0,3.01,13.0,0.0007355286818007678
23.0,3.01,14.0,-3.5596428398586136e-10
23.0,3.01,15.0,1.9142898388391227e-06
23.0,3.01,16.0,-0.0014434149729243284
23.0,3.01,17.0,-0.002675028724971759
23.0,3.01,18.0,0.0004288147158245659
23.0,3.01,19.0,-0.0003300983105165023
23.0,3.01,20.0,-2.3278633984324948e-05
23.0,3.01,21.0,1.3593347558682467e-09
23.0,4.01,0.0,0.004317658445127104
23.0,4.01,1.0,0.00022751032737861054
23.0,4.01,2.0,0.00013056694233118393
23.0,4.01,3.0,1.0172416520237704e-09
23.0,4.01,4.0,-0.0017496574027621725
23.0,4.01,5.0,-0.003970948406797677
23.0,4.01,6.0,0.001101055829015346
23.0,4.01,7.0,-0.005701331590668664
23.0,4.01,8.0,1.0172416520237704e-09
23.0,4.01,9.0,-0.00047794278752236186
23.0,4.01,10.0,-0.001070463181240211
23.0,4.01,11.0,1.0172416520237704e-09
23.0,4.01,12.0,0.0005612447233005469
23.0,4.01,13.0,0.000784688542693035
23.0,4.01,14.0,-3.5596428400075945e-10
23.0,4.01,15.0,2.1835201848841024e-06
23.0,4.01,16.0,-0.001492420910714637
23.0,4.01,17.0,-0.0027063074921652858
23.0,4.01,18.0,0.00044711677216385803
23.0,4.01,19.0,-0.00034574761128816633
23.0,4.01,20.0,2.2911387366209013e-06
23.0,4.01,21.0,1.359334728112671e-09
23.0,5.01,0.0,0.004271795752702867
23.0,5.01,1.0,0.00021212471789305853
23.0,5.01,2.0,0.00013831159356278433
23.0,5.01,3.0,1.0172416520237704e-09
23.0,5.01,4.0,-0.0018185783559405144
23.0,5.01,5.0,-0.003974830479492013
23.0,5.01,6.0,0.0011023834715372938
23.0,5.01,7.0,-0.005773139394730481
23.0,5.01,8.0,1.0172416520237704e-09
23.0,5.01,9.0,-0.0004938403593537921
23.0,5.01,10.0,-0.001071217144160419
23.0,5.01,11.0,1.0172416520237704e-09
23.0,5.01,12.0,0.0005567941398051668
23.0,5.01,13.0,0.0008210771328353572
23.0,5.01,14.0,-3.5596428399794104e-10
23.0,5.01,15.0,2.376371221107787e-06
23.0,5.01,16.0,-0.0015350876619396325
23.0,5.01,17.0,-0.0027349704630442867
23.0,5.01,18.0,0.00045469151344434966
23.0,5.01,19.0,-0.0003595888356098531
23.0,5.01,20.0,1.860734625364069e-05
23.0,5.01,21.0,1.3593347558682467e-09
23.0,6.01,0.0,0.0044995937964180666
23.0,6.01,1.0,0.0002446766016002133
23.0,6.01,2.0,0.00013040056737301242
23.0,6.01,3.0,1.0172416520237704e-09
23.0,6.01,4.0,-0.0017774516089049675
23.0,6.01,5.0,-0.003978541770614539
23.0,6.01,6.0,0.0011006151267350661
23.0,6.01,7.0,-0.005811488745863715
23.0,6.01,8.0,1.0172416520237704e-09
23.0,6.01,9.0,-0.0004850702157782605
23.0,6.01,10.0,-0.00107186804310902
23.0,6.01,11.0,1.0172416520237704e-09
23.0,6.01,12.0,0.0005544006682237923
23.0,6.01,13.0,0.000789792426200725
23.0,6.01,14.0,-3.5596428399568346e-10
23.0,6.01,15.0,2.1385359261216763e-06
23.0,6.01,16.0,-0.0015408354548658854
23.0,6.01,17.0,-0.002746988055362845
23.0,6.01,18.0,0.00040159751981255765
23.0,6.01,19.0,-0.0003633993543351588
23.0,6.01,20.0,-1.5868804816965287e-05
23.0,6.01,21.0,1.3593347558682467e-09
23.0,7.01,0.0,0.004642050174187284
23.0,7.01,1.0,0.000262574129140436
23.0,7.01,2.0,0.00012715771341154092
23.0,7.01,3.0,1.0172416520237704e-09
23.0,7.01,4.0,-0.0017695776252435458
23.0,7.01,5.0,-0.003982203286019085
23.0,7.01,6.0,0.0010997711476400385
23.0,7.01,7.0,-0.005859551357108868
23.0,7.01,8.0,1.0172416520237704e-09
23.0,7.01,9.0,-0.0004836644184344485
23.0,7.01,10.0,-0.0010725293364959587
23.0,7.01,11.0,1.0172416520237704e-09
23.0,7.01,12.0,0.0005514742116083104
23.0,7.01,13.0,0.0007783030205674168
23.0,7.01,14.0,-3.559642839912397e-10
23.0,7.01,15.0,2.0305766892103616e-06
23.0,7.01,16.0,-0.001557176127556431
23.0,7.01,17.0,-0.0027636369597197202
23.0,7.01,18.0,0.0003670013934158889
23.0,7.01,19.0,-0.0003700025723625544
23.0,7.01,20.0,-3.5074816665758846e-05
23.0,7.01,21.0,1.3593347558682467e-09
23.0,8.01,0.0,0.0047046490047407685
23.0,8.01,1.0,0.00026663852791020126
23.0,8.01,2.0,0.00012841194645329956
23.0,8.01,3.0,1.0172416520237704e-09
23.0,8.01,4.0,-0.0017919713289275552
23.0,8.01,5.0,-0.003985796611206971
23.0,8.01,6.0,0.0010998203749546798
23.0,8.01,7.0,-0.005914874703125232
23.0,8.01,8.0,1.0172416520237704e-09
23.0,8.01,9.0,-0.0004891089281975902
23.0,8.01,10.0,-0.0010731986275370753
23.0,8.01,11.0,1.0172416520237704e-09
23.0,8.01,12.0,0.0005480632865434709
23.0,8.01,13.0,0.0007865293340955648
23.0,8.01,14.0,-3.559642839868026e-10
23.0,8.01,15.0,2.046100688518626e-06
23.0,8.01,16.0,-0.0015831590464160106
23.0,8.01,17.0,-0.002784362080519298
23.0,8.01,18.0,0.0003506547184554121
23.0,8.01,19.0,-0.00037919122416193995
23.0,8.01,20.0,-3.9292662851297955e-05
23.0,8.01,21.0,1.3593347558682467e-09
23.0,9.01,0.0,0.0046608787207291225
23.0,9.01,1.0,0.0002520698613617256
23.0,9.01,2.0,0.0001356170374474941
23.0,9.01,3.0,1.0172416520237704e-09
23.0,9.01,4.0,-0.001854651888144765
23.0,9.01,5.0,-0.003989327774219555
23.0,9.01,6.0,0.0011010469833214742
23.0,9.01,7.0,-0.005979612933877783
23.0,9.01,8.0,1.0172416520237704e-09
23.0,9.01,9.0,-0.0005036538769978005
23.0,9.01,10.0,-0.0010738844287769556
23.0,9.01,11.0,1.0172416520237704e-09
23.0,9.01,12.0,0.0005439752574745438
23.0,9.01,13.0,0.0008205530016043017
23.0,9.01,14.0,-3.559642839925109e-10
23.0,9.01,15.0,2.226690974799217e-06
23.0,9.01,16.0,-0.0016220874330674095
23.0,9.01,17.0,-0.00281045376702109
23.0,9.01,18.0,0.0003583900155343378
23.0,9.01,19.0,-0.00039185079471865114
23.0,9.01,20.0,-2.3905849816319158e-05
23.0,9.01,21.0,1.359334728112671e-09
23.0,10.01,0.0,0.004718308224962664
23.0,10.01,1.0,0.0002555302074185861
23.0,10.01,2.0,0.00013695118223616687
23.0,10.01,3.0,1.0172416520237704e-09
23.0,10.01,4.0,-0.0018769651785511265
23.0,10.01,5.0,-0.003992761774641879
23.0,10.01,6.0,0.0011011185008952262
23.0,10.01,7.0,-0.006033032411440195
23.0,10.01,8.0,1.0172416520237704e-09
23.0,10.01,9.0,-0.0005090606928858377
23.0,10.01,10.0,-0.001074524536978122
23.0,10.01,11.0,1.0172416520237704e-09
23.0,10.01,12.0,0.0005406906079980511
23.0,10.01,13.0,0.0008289991257119655
23.0,10.01,14.0,-3.559642839910724e-10
23.0,10.01,15.0,2.245474834433603e-06
23.0,10.01,16.0,-0.0016472375344729062
23.0,10.01,17.0,-0.0028304607076582167
23.0,10.01,18.0,0.0003432800442210726
23.0,10.01,19.0,-0.00040072277430844294
23.0,10.01,20.0,-2.7514515259230432e-05
23.0,10.01,21.0,1.359334728112671e-09
24.0,0.01,0.0,0.001118441500642775
24.0,0.01,1.0,8.699294557212855e-07
24.0,0.01,2.0,8.332637691443878e-05
24.0,0.01,3.0,7.363274434624145e-10
24.0,0.01,4.0,-0.0009683819019722373
24.0,0.01,5.0,-0.0045531211279281605
24.0,0.01,6.0,0.0010813456037011004
24.0,0.01,7.0,-2.089388074525146e-05
24.0,0.01,8.0,7.363274434624145e-10
24.0,0.01,9.0,-0.00012896905739906428
24.0,0.01,10.0,-0.0005270181131965535
24.0,0.01,11.0,7.363274434624145e-10
24.0,0.01,12.0,0.000495985136107796
24.0,0.01,13.0,1.056964310586217e-05
24.0,0.01,14.0,0.000345748851897823
24.0,0.01,15.0,9.347919652236136e-08
24.0,0.01,16.0,-0.00013649949380820092
24.0,0.01,17.0,-0.0021076106560021235
24.0,0.01,18.0,0.0013315758826007995
24.0,0.01,19.0,2.2340295329825732e-05
24.0,0.01,20.0,0.0002594159240193461
24.0,0.01,21.0,9.880746498769355e-10
24.0,1.01,0.0,0.0013708862470450667
24.0,1.01,1.0,1.0456798754665542e-06
24.0,1.01,2.0,0.00010138085613498049
24.0,1.01,3.0,7.363274434624145e-10
24.0,1.01,4.0,-0.0010589576066385442
24.0,1.01,5.0,-0.004574542659180211
24.0,1.01,6.0,0.0010600824528810282
24.0,1.01,7.0,-2.089389991885354e-05
24.0,1.01,8.0,7.363274434624145e-10
24.0,1.01,9.0,-0.00015626456004827483
24.0,1.01,10.0,-0.0005261542594635071
24.0,1.01,11.0,7.363274434624145e-10
24.0,1.01,12.0,0.00048348973474662826
24.0,1.01,13.0,1.281637405969871e-05
24.0,1.01,14.0,0.0004299999184576436
24.0,1.01,15.0,1.1107537717380822e-07
24.0,1.01,16.0,-0.00019988976674978343
24.0,1.01,17.0,-0.002189824611186386
24.0,1.01,18.0,0.0013250247070977772
24.0,1.01,19.0,-9.466594145279839e-05
24.0,1.01,20.0,0.00028085651044973403
24.0,1.01,21.0,9.880746498769355e-10
24.0,2.01,0.0,0.0016176492095321127
24.0,2.01,1.0,1.218036930844546e-06
24.0,2.01,2.0,0.00011910763068961883
24.0,2.01,3.0,7.363274434624145e-10
24.0,2.01,4.0,-0.0011750263810514916
24.0,2.01,5.0,-0.004595648412871697
24.0,2.01,6.0,0.0010466629166227537
24.0,2.01,7.0,-2.0893918422206896e-05
24.0,2.01,8.0,7.363274434624145e-10
24.0,2.01,9.0,-0.00018305063744392114
24.0,2.01,10.0,-0.0005249749522402009
24.0,2.01,11.0,7.363274434624145e-10
24.0,2.01,12.0,0.000474679653466592
24.0,2.01,13.0,1.5021195314157687e-05
24.0,2.01,14.0,0.00051080152037003
24.0,2.01,15.0,1.2835015256174032e-07
24.0,2.01,16.0,-0.00026146115449829366
24.0,2.01,17.0,-0.0022464728716996007
24.0,2.01,18.0,0.001315779301479636
24.0,2.01,19.0,-0.00020421367281386882
24.0,2.01,20.0,0.0003090969921315523
24.0,2.01,21.0,9.880746498769355e-10
24.0,3.01,0.0,0.0018593786572393967
24.0,3.01,1.0,1.3865677918889485e-06
24.0,3.01,2.0,0.00013638813485489232
24.0,3.01,3.0,7.363274434624145e-10
24.0,3.01,4.0,-0.0012535752210033335
24.0,3.01,5.0,-0.004616098330641211
24.0,3.01,6.0,0.0010236077953715839
24.0,3.01,7.0,-2.08939358486044e-05
24.0,3.01,8.0,7.363274434624145e-10
24.0,3.01,9.0,-0.00020919515090400687
24.0,3.01,10.0,-0.0005242248558345597
24.0,3.01,11.0,7.363274434624145e-10
24.0,3.01,12.0,0.0004614296939461082
24.0,3.01,13.0,1.7172882789129318e-05
24.0,3.01,14.0,0.000593008337518644
24.0,3.01,15.0,1.4523711838743125e-07
24.0,3.01,16.0,-0.0003225465818573747
24.0,3.01,17.0,-0.0023328948896482182
24.0,3.01,18.0,0.001310330603682186
24.0,3.01,19.0,-0.00031831560065104236
24.0,3.01,20.0,0.0003270875354188796
24.0,3.01,21.0,9.880746498769355e-10
24.0,4.01,0.0,0.0020962858709968613
24.0,4.01,1.0,1.5519775899419663e-06
24.0,4.01,2.0,0.00015333728368399635
24.0,4.01,3.0,7.363274434624145e-10
24.0,4.01,4.0,-0.0013337615545077064
24.0,4.01,5.0,-0.004636237719677806
24.0,4.01,6.0,0.0010020729162129038
24.0,4.01,7.0,-2.0893952559859487e-05
24.0,4.01,8.0,7.363274434624145e-10
24.0,4.01,9.0,-0.00023484488726735475
24.0,4.01,10.0,-0.0005234557039667104
24.0,4.01,11.0,7.363274434624145e-10
24.0,4.01,12.0,0.00044894691919367125
24.0,4.01,13.0,1.928373649021098e-05
24.0,4.01,14.0,0.0006730386201853136
24.0,4.01,15.0,1.618162996652739e-07
24.0,4.01,16.0,-0.0003823302432298392
24.0,4.01,17.0,-0.002415179573617199
24.0,4.01,18.0,0.001304628447622136
24.0,4.01,19.0,-0.00042937968703538054
24.0,4.01,20.0,0.0003457301136764457
24.0,4.01,21.0,9.880746498769355e-10
24.0,5.01,0.0,0.0023282846406982305
24.0,5.01,1.0,1.7136444660503791e-06
24.0,5.01,2.0,0.00016992888648814652
24.0,5.01,3.0,7.363274434624145e-10
24.0,5.01,4.0,-0.001411905729668761
24.0,5.01,5.0,-0.004655971154327503
24.0,5.01,6.0,0.0009805833882833848
24.0,5.01,7.0,-2.0893968583840606e-05
24.0,5.01,8.0,7.363274434624145e-10
24.0,5.01,9.0,-0.0002599394624213658
24.0,5.01,10.0,-0.0005226848130255035
24.0,5.01,11.0,7.363274434624145e-10
24.0,5.01,12.0,0.0004365052500645006
24.0,5.01,13.0,2.1349014202309835e-05
24.0,5.01,14.0,0.0007522637991597483
24.0,5.01,15.0,1.7801534721306744e-07
24.0,5.01,16.0,-0.00044097579894966654
24.0,5.01,17.0,-0.0024967614156333195
24.0,5.01,18.0,0.0012990217714622387
24.0,5.01,19.0,-0.0005384866052385862
24.0,5.01,20.0,0.0003636494577103355
24.0,5.01,21.0,9.880746498769355e-10
24.0,6.01,0.0,0.002556003089033587
24.0,6.01,1.0,1.8734619816329623e-06
24.0,6.01,2.0,0.00018621326982332098
24.0,6.01,3.0,7.363274434624145e-10
24.0,6.01,4.0,-0.0014701916284652894
24.0,6.01,5.0,-0.004675324409785848
24.0,6.01,6.0,0.0009553443265248873
24.0,6.01,7.0,-2.0893984014041434e-05
24.0,6.01,8.0,7.363274434624145e-10
24.0,6.01,9.0,-0.000284639393162478
24.0,6.01,10.0,-0.0005222230228704022
24.0,6.01,11.0,7.363274434624145e-10
24.0,6.01,12.0,0.0004224728666322175
24.0,6.01,13.0,2.338112443087126e-05
24.0,6.01,14.0,0.0008284385564311936
24.0,6.01,15.0,1.9403132966999692e-07
24.0,6.01,16.0,-0.0004987007882366334
24.0,6.01,17.0,-0.002590949297986589
24.0,6.01,18.0,0.0012957069170521085
24.0,6.01,19.0,-0.000648282339784978
24.0,6.01,20.0,0.0003769655792714155
24.0,6.01,21.0,9.880746498769355e-10
24.0,7.01,0.0,0.0027787427977801205
24.0,7.01,1.0,2.0293836365259388e-06
24.0,7.01,2.0,0.00020214580339483756
24.0,7.01,3.0,7.363274434624145e-10
24.0,7.01,4.0,-0.0015339097245439248
24.0,7.01,5.0,-0.004694283706158961
24.0,7.01,6.0,0.0009317764212231627
24.0,7.01,7.0,-2.0893998803984837e-05
24.0,7.01,8.0,7.363274434624145e-10
24.0,7.01,9.0,-0.0003087778871945779
24.0,7.01,10.0,-0.000521640382530511
24.0,7.01,11.0,7.363274434624145e-10
24.0,7.01,12.0,0.0004091885360487657
24.0,7.01,13.0,2.536721637702577e-05
24.0,7.01,14.0,0.0009046198128650831
24.0,7.01,15.0,2.096694487752071e-07
24.0,7.01,16.0,-0.0005552840312356144
24.0,7.01,17.0,-0.0026788056443847186
24.0,7.01,18.0,0.0012915812154077333
24.0,7.01,19.0,-0.0007551403370194554
24.0,7.01,20.0,0.0003912729666492032
24.0,7.01,21.0,9.880746498769355e-10
24.0,8.01,0.0,0.002996516119667114
24.0,8.01,1.0,2.181093815417645e-06
24.0,8.01,2.0,0.0002176633128135319
24.0,8.01,3.0,7.363274434624145e-10
24.0,8.01,4.0,-0.0015607911919672812
24.0,8.01,5.0,-0.00471272220656903
24.0,8.01,6.0,0.0008982419278960041
24.0,8.01,7.0,-2.08940129052908e-05
24.0,8.01,8.0,7.363274434624145e-10
24.0,8.01,9.0,-0.00033227107057676175
24.0,8.01,10.0,-0.0005214534993199793
24.0,8.01,11.0,7.363274434624145e-10
24.0,8.01,12.0,0.0003912199853132736
24.0,8.01,13.0,2.7300050912504314e-05
24.0,8.01,14.0,0.000983622918435255
24.0,8.01,15.0,2.2495686330392672e-07
24.0,8.01,16.0,-0.0006116269507437933
24.0,8.01,17.0,-0.0027977158553671444
24.0,8.01,18.0,0.0012909388209468298
24.0,8.01,19.0,-0.0008673788351640233
24.0,8.01,20.0,0.00039541160114964224
24.0,8.01,21.0,9.880746498769355e-10
24.0,9.01,0.0,0.0032107981437807798
24.0,9.01,1.0,2.332104339142216e-06
24.0,9.01,2.0,0.00023302896051846655
24.0,9.01,3.0,7.363274434624145e-10
24.0,9.01,4.0,-0.0016277971513984912
24.0,9.01,5.0,-0.004730991659329833
24.0,9.01,6.0,0.0008775247309326106
24.0,9.01,7.0,-2.0894026590368833e-05
24.0,9.01,8.0,7.363274434624145e-10
24.0,9.01,9.0,-0.00035559415711552966
24.0,9.01,10.0,-0.0005208470479861754
24.0,9.01,11.0,7.363274434624145e-10
24.0,9.01,12.0,0.0003794119904325932
24.0,9.01,13.0,2.9218720187629277e-05
24.0,9.01,14.0,0.0010554050845126423
24.0,9.01,15.0,2.4006804730247744e-07
24.0,9.01,16.0,-0.0006659210209623012
24.0,9.01,17.0,-0.002876149303144393
24.0,9.01,18.0,0.0012865465768450157
24.0,9.01,19.0,-0.0009687075454915539
24.0,9.01,20.0,0.00041091167006240825
24.0,9.01,21.0,9.880746498769355e-10
24.0,10.01,0.0,0.0034203184463148517
24.0,10.01,1.0,2.4791383418931723e-06
24.0,10.01,2.0,0.0002480389988167575
24.0,10.01,3.0,7.363274434624145e-10
24.0,10.01,4.0,-0.0016894900701687199
24.0,10.01,5.0,-0.004748883767429244
24.0,10.01,6.0,0.0008554795018054229
24.0,10.01,7.0,-2.0894039720930636e-05
24.0,10.01,8.0,7.363274434624145e-10
24.0,10.01,9.0,-0.000378342271222909
24.0,10.01,10.0,-0.0005202581515120486
24.0,10.01,11.0,7.363274434624145e-10
24.0,10.01,12.0,0.0003669368183991384
24.0,10.01,13.0,3.109015043945007e-05
24.0,10.01,14.0,0.0011277798417765675
24.0,10.01,15.0,2.548404921531855e-07
24.0,10.01,16.0,-0.0007193417033898031
24.0,10.01,17.0,-0.002958211973236591
24.0,10.01,18.0,0.001282413531047244
24.0,10.01,19.0,-0.001069416987390881
24.0,10.01,20.0,0.0004246242731594796
24.0,10.01,21.0,9.880746498769355e-10
