Net_ID,Var,Factor,intervention_effect
0.0,0.01,0.0,5.947903826375445e-05
0.0,0.01,1.0,2.963023372881679e-06
0.0,0.01,2.0,2.0770179262386e-05
0.0,0.01,3.0,9.090495717289926e-09
0.0,0.01,4.0,-0.003273764157533776
0.0,0.01,5.0,-0.009704320214030115
0.0,0.01,6.0,0.00012974723974185087
0.0,0.01,7.0,-0.011017092313890583
0.0,0.01,8.0,9.090495717289926e-09
0.0,0.01,9.0,-0.005032952440993273
0.0,0.01,10.0,-0.0032439896015546976
0.0,0.01,11.0,9.090495717289926e-09
0.0,0.01,12.0,0.0018579925590259672
0.0,0.01,13.0,1.5307256393648494e-05
0.0,0.01,14.0,0.0010321373574640746
0.0,0.01,15.0,1.5174878171819728e-06
0.0,0.01,16.0,0.0009895357172321484
0.0,0.01,17.0,-0.012582256946975597
0.0,0.01,18.0,0.0005975617875388917
0.0,0.01,19.0,-0.0012239076021359763
0.0,0.01,20.0,-0.0006526712781548261
0.0,0.01,21.0,1.3472200938169365e-08
0.0,0.51,0.0,5.947919769555554e-05
0.0,0.51,1.0,2.963026782099032e-06
0.0,0.51,2.0,2.0770240473533264e-05
0.0,0.51,3.0,9.090495717289926e-09
0.0,0.51,4.0,-0.003273740085189436
0.0,0.51,5.0,-0.009704332789127572
0.0,0.51,6.0,0.0001297441430923585
0.0,0.51,7.0,-0.011017107275550594
0.0,0.51,8.0,9.090495717289926e-09
0.0,0.51,9.0,-0.005032959384767476
0.0,0.51,10.0,-0.0032439780719507594
0.0,0.51,11.0,9.090495717289926e-09
0.0,0.51,12.0,0.0018580812851781703
0.0,0.51,13.0,1.5307297199451675e-05
0.0,0.51,14.0,0.0010321396828553708
0.0,0.51,15.0,1.5174943603368796e-06
0.0,0.51,16.0,0.0009894824172882455
0.0,0.51,17.0,-0.01258227811796829
0.0,0.51,18.0,0.0005974785380503667
0.0,0.51,19.0,-0.0012239163891399896
0.0,0.51,20.0,-0.0006526382637705996
0.0,0.51,21.0,1.3472200965924941e-08
0.0,1.01,0.0,5.9479294698738805e-05
0.0,1.01,1.0,2.963026435931493e-06
0.0,1.01,2.0,2.0770282028292897e-05
0.0,1.01,3.0,9.090495717289926e-09
0.0,1.01,4.0,-0.0032737136926090926
0.0,1.01,5.0,-0.009704343946336305
0.0,1.01,6.0,0.00012974039950103267
0.0,1.01,7.0,-0.011017120807685073
0.0,1.01,8.0,9.090495717289926e-09
0.0,1.01,9.0,-0.005032965720078928
0.0,1.01,10.0,-0.003243965382222991
0.0,1.01,11.0,9.090495717289926e-09
0.0,1.01,12.0,0.0018581734998764365
0.0,1.01,13.0,1.530732271853852e-05
0.0,1.01,14.0,0.0010321420127865077
0.0,1.01,15.0,1.5175001452094605e-06
0.0,1.01,16.0,0.0009894258418788882
0.0,1.01,17.0,-0.012582297315729624
0.0,1.01,18.0,0.0005973915077086556
0.0,1.01,19.0,-0.0012239251334856815
0.0,1.01,20.0,-0.0006526038026662961
0.0,1.01,21.0,1.3472200965924941e-08
0.0,1.51,0.0,5.947935380146152e-05
0.0,1.51,1.0,2.963023520097252e-06
0.0,1.51,2.0,2.0770311557005705e-05
0.0,1.51,3.0,9.090495717289926e-09
0.0,1.51,4.0,-0.003273684882377892
0.0,1.51,5.0,-0.009704353865327094
0.0,1.51,6.0,0.00012973594783299847
0.0,1.51,7.0,-0.011017133086347154
0.0,1.51,8.0,9.090495717289926e-09
0.0,1.51,9.0,-0.005032971521338192
0.0,1.51,10.0,-0.003243951549932872
0.0,1.51,11.0,9.090495717289926e-09
0.0,1.51,12.0,0.0018582694402765054
0.0,1.51,13.0,1.5307338718795194e-05
0.0,1.51,14.0,0.0010321443890704551
0.0,1.51,15.0,1.5175055139704519e-06
0.0,1.51,16.0,0.0009893657938355727
0.0,1.51,17.0,-0.012582314787884921
0.0,1.51,18.0,0.0005973005070252224
0.0,1.51,19.0,-0.0012239338458462368
0.0,1.51,20.0,-0.0006525678304153404
0.0,1.51,21.0,1.3472200938169365e-08
0.0,2.01,0.0,5.947938987649337e-05
0.0,2.01,1.0,2.963018780610671e-06
0.0,2.01,2.0,2.077033381409077e-05
0.0,2.01,3.0,9.090495717289926e-09
0.0,2.01,4.0,-0.0032736535323237836
0.0,2.01,5.0,-0.009704362694294984
0.0,2.01,6.0,0.00012973071588834317
0.0,2.01,7.0,-0.011017144259647886
0.0,2.01,8.0,9.090495717289926e-09
0.0,2.01,9.0,-0.005032976851597893
0.0,2.01,10.0,-0.003243936579414519
0.0,2.01,11.0,9.090495717289926e-09
0.0,2.01,12.0,0.0018583693526575407
0.0,2.01,13.0,1.5307348784132646e-05
0.0,2.01,14.0,0.0010321468507583365
0.0,2.01,15.0,1.5175106996001553e-06
0.0,2.01,16.0,0.0009893020475199021
0.0,2.01,17.0,-0.012582330742973734
0.0,2.01,18.0,0.0005972053288351153
0.0,2.01,19.0,-0.0012239425308914753
0.0,2.01,20.0,-0.0006525302796751564
0.0,2.01,21.0,1.3472200965924941e-08
0.0,2.51,0.0,5.9479411946061767e-05
0.0,2.51,1.0,2.963012680434751e-06
0.0,2.51,2.0,2.0770351773058415e-05
0.0,2.51,3.0,9.090495717289926e-09
0.0,2.51,4.0,-0.003273619495019142
0.0,2.51,5.0,-0.009704370556209978
0.0,2.51,6.0,0.0001297246194603141
0.0,2.51,7.0,-0.011017154452878673
0.0,2.51,8.0,9.090495717289926e-09
0.0,2.51,9.0,-0.00503298176459569
0.0,2.51,10.0,-0.0032439204634429897
0.0,2.51,11.0,9.090495717289926e-09
0.0,2.51,12.0,0.001858473494365298
0.0,2.51,13.0,1.530735514387871e-05
0.0,2.51,14.0,0.0010321494359396277
0.0,2.51,15.0,1.5175158642466435e-06
0.0,2.51,16.0,0.0009892343475049747
0.0,2.51,17.0,-0.012582345357659333
0.0,2.51,18.0,0.0005971057476332753
0.0,2.51,19.0,-0.0012239511878323617
0.0,2.51,20.0,-0.0006524910793687111
0.0,2.51,21.0,1.3472200938169365e-08
0.0,3.01,0.0,5.947942548600871e-05
0.0,3.01,1.0,2.9630055001228506e-06
0.0,3.01,2.0,2.0770367306632842e-05
0.0,3.01,3.0,9.090495717289926e-09
0.0,3.01,4.0,-0.0032735825965914955
0.0,3.01,5.0,-0.00970437755363248
0.0,3.01,6.0,0.00012971756105778498
0.0,3.01,7.0,-0.011017163772561893
0.0,3.01,8.0,9.090495717289926e-09
0.0,3.01,9.0,-0.0050329863063801605
0.0,3.01,10.0,-0.0032439031844459787
0.0,3.01,11.0,9.090495717289926e-09
0.0,3.01,12.0,0.0018585821356799093
0.0,3.01,13.0,1.5307359186478298e-05
0.0,3.01,14.0,0.0010321521831516411
0.0,3.01,15.0,1.5175211247053788e-06
0.0,3.01,16.0,0.0009891624064707338
0.0,3.01,17.0,-0.01258235878243341
0.0,3.01,18.0,0.0005970015187120037
0.0,3.01,19.0,-0.0012239598105641125
0.0,3.01,20.0,-0.0006524501541891325
0.0,3.01,21.0,1.3472200965924941e-08
0.0,3.51,0.0,5.947943382222931e-05
0.0,3.51,1.0,2.9629974008238413e-06
0.0,3.51,2.0,2.07703816063054e-05
0.0,3.51,3.0,9.090495717289926e-09
0.0,3.51,4.0,-0.003273542634825044
0.0,3.51,5.0,-0.009704383772454396
0.0,3.51,6.0,0.0001297094282404765
0.0,3.51,7.0,-0.011017172309676453
0.0,3.51,8.0,9.090495717289926e-09
0.0,3.51,9.0,-0.005032990516613848
0.0,3.51,10.0,-0.003243884715353723
0.0,3.51,11.0,9.090495717289926e-09
0.0,3.51,12.0,0.0018586955616395895
0.0,3.51,13.0,1.5307361777516793e-05
0.0,3.51,14.0,0.001032155132573792
0.0,3.51,15.0,1.5175265695166473e-06
0.0,3.51,16.0,0.0009890859022945175
0.0,3.51,17.0,-0.012582371146162865
0.0,3.51,18.0,0.0005968923770999224
0.0,3.51,19.0,-0.0012239683874910035
0.0,3.51,20.0,-0.0006524074243111633
0.0,3.51,21.0,1.3472200965924941e-08
0.0,4.01,0.0,5.947943897688379e-05
0.0,4.01,1.0,2.9629884644721827e-06
0.0,4.01,2.0,2.0770395445568468e-05
0.0,4.01,3.0,9.090495717289926e-09
0.0,4.01,4.0,-0.0032734993766189158
0.0,4.01,5.0,-0.009704389284828613
0.0,4.01,6.0,0.0001297000915744806
0.0,4.01,7.0,-0.011017180142243203
0.0,4.01,8.0,9.090495717289926e-09
0.0,4.01,9.0,-0.0050329944296246655
0.0,4.01,10.0,-0.0032438650201639663
0.0,4.01,11.0,9.090495717289926e-09
0.0,4.01,12.0,0.0018588140738231562
0.0,4.01,13.0,1.5307363457950363e-05
0.0,4.01,14.0,0.0010321583271070967
0.0,4.01,15.0,1.517532269845745e-06
0.0,4.01,16.0,0.0009890044744151893
0.0,4.01,17.0,-0.012582382559738703
0.0,4.01,18.0,0.000596778036329626
0.0,4.01,19.0,-0.0012239769010997104
0.0,4.01,20.0,-0.0006523628052484964
0.0,4.01,21.0,1.3472200965924941e-08
1.0,0.01,0.0,4.732655998873625e-06
1.0,0.01,1.0,1.019315428124612e-05
1.0,0.01,2.0,-1.3875882086900049e-05
1.0,0.01,3.0,7.276451885473989e-09
1.0,0.01,4.0,-9.926894485012827e-05
1.0,0.01,5.0,-7.370732426904661e-05
1.0,0.01,6.0,1.056586249936764e-06
1.0,0.01,7.0,-0.0008778461284297684
1.0,0.01,8.0,7.276451885473989e-09
1.0,0.01,9.0,3.367103253992809e-06
1.0,0.01,10.0,-5.9650019306911606e-05
1.0,0.01,11.0,7.276451885473989e-09
1.0,0.01,12.0,1.1792508841590443e-05
1.0,0.01,13.0,-6.396788982121482e-06
1.0,0.01,14.0,2.011866653228722e-05
1.0,0.01,15.0,-3.8537730248089375e-06
1.0,0.01,16.0,-8.358304929512173e-06
1.0,0.01,17.0,-0.00039646839351721586
1.0,0.01,18.0,2.6363029944631577e-06
1.0,0.01,19.0,1.5090198918210618e-05
1.0,0.01,20.0,1.5223381025997185e-05
1.0,0.01,21.0,1.0946689499302664e-08
1.0,0.51,0.0,4.7326339838171805e-06
1.0,0.51,1.0,1.0193110256295768e-05
1.0,0.51,2.0,-1.3875820944253547e-05
1.0,0.51,3.0,7.276451885473989e-09
1.0,0.51,4.0,-9.927329062264789e-05
1.0,0.51,5.0,-7.370732426897424e-05
1.0,0.51,6.0,1.0582488428889647e-06
1.0,0.51,7.0,-0.0008778460468028548
1.0,0.51,8.0,7.276451885473989e-09
1.0,0.51,9.0,3.367087656747092e-06
1.0,0.51,10.0,-5.964961388341128e-05
1.0,0.51,11.0,7.276451885473989e-09
1.0,0.51,12.0,1.1794880915350081e-05
1.0,0.51,13.0,-6.39675897684544e-06
1.0,0.51,14.0,2.0117358548010777e-05
1.0,0.51,15.0,-3.853756572858025e-06
1.0,0.51,16.0,-8.355379312152689e-06
1.0,0.51,17.0,-0.00039646756139409545
1.0,0.51,18.0,2.631797568097838e-06
1.0,0.51,19.0,1.509025451862378e-05
1.0,0.51,20.0,1.5226994596662102e-05
1.0,0.51,21.0,1.0946689499302664e-08
1.0,1.01,0.0,4.732611968427669e-06
1.0,1.01,1.0,1.0193066233676884e-05
1.0,1.01,2.0,-1.387575980371647e-05
1.0,1.01,3.0,7.276451885473989e-09
1.0,1.01,4.0,-9.927763643180487e-05
1.0,1.01,5.0,-7.370732426890187e-05
1.0,1.01,6.0,1.0599114490528194e-06
1.0,1.01,7.0,-0.0008778459651746506
1.0,1.01,8.0,7.276451885473989e-09
1.0,1.01,9.0,3.367072059418108e-06
1.0,1.01,10.0,-5.964920845352717e-05
1.0,1.01,11.0,7.276451885473989e-09
1.0,1.01,12.0,1.179725302052903e-05
1.0,1.01,13.0,-6.396728971347354e-06
1.0,1.01,14.0,2.0116050551660658e-05
1.0,1.01,15.0,-3.853740121961824e-06
1.0,1.01,16.0,-8.35245367480919e-06
1.0,1.01,17.0,-0.0003964667292626761
1.0,1.01,18.0,2.627292056578412e-06
1.0,1.01,19.0,1.5090310127030548e-05
1.0,1.01,20.0,1.5230608242267074e-05
1.0,1.01,21.0,1.0946689499302664e-08
1.0,1.51,0.0,4.73258995314918e-06
1.0,1.51,1.0,1.019302221344498e-05
1.0,1.51,2.0,-1.3875698665399838e-05
1.0,1.51,3.0,7.276451885473989e-09
1.0,1.51,4.0,-9.92819822656088e-05
1.0,1.51,5.0,-7.37073242688295e-05
1.0,1.51,6.0,1.0615740635433468e-06
1.0,1.51,7.0,-0.0008778458835453362
1.0,1.51,8.0,7.276451885473989e-09
1.0,1.51,9.0,3.367056462089124e-06
1.0,1.51,10.0,-5.964880301850828e-05
1.0,1.51,11.0,7.276451885473989e-09
1.0,1.51,12.0,1.1799625149744308e-05
1.0,1.51,13.0,-6.39669896596029e-06
1.0,1.51,14.0,2.0114742547094888e-05
1.0,1.51,15.0,-3.853723672231357e-06
1.0,1.51,16.0,-8.34952802625244e-06
1.0,1.51,17.0,-0.00039646589712535873
1.0,1.51,18.0,2.6227864743377793e-06
1.0,1.51,19.0,1.5090365742653766e-05
1.0,1.51,20.0,1.523422195126578e-05
1.0,1.51,21.0,1.0946689499302664e-08
1.0,2.01,0.0,4.7325679377596686e-06
1.0,2.01,1.0,1.0192978195433522e-05
1.0,2.01,2.0,-1.3875637528970586e-05
1.0,2.01,3.0,7.276451885473989e-09
1.0,2.01,4.0,-9.928632812850058e-05
1.0,2.01,5.0,-7.37073242687571e-05
1.0,2.01,6.0,1.0632366878038368e-06
1.0,2.01,7.0,-0.0008778458019148699
1.0,2.01,8.0,7.276451885473989e-09
1.0,2.01,9.0,3.3670408645936067e-06
1.0,2.01,10.0,-5.9648397577799495e-05
1.0,2.01,11.0,7.276451885473989e-09
1.0,2.01,12.0,1.180199730616005e-05
1.0,2.01,13.0,-6.396668960240159e-06
1.0,2.01,14.0,2.0113434532814667e-05
1.0,2.01,15.0,-3.8537072235556025e-06
1.0,2.01,16.0,-8.346602363096256e-06
1.0,2.01,17.0,-0.0003964650649812551
1.0,2.01,18.0,2.618280814381535e-06
1.0,2.01,19.0,1.5090421366603657e-05
1.0,2.01,20.0,1.5237835729209337e-05
1.0,2.01,21.0,1.0946689499302664e-08
1.0,2.51,0.0,4.7325459221481125e-06
1.0,2.51,1.0,1.0192934179586999e-05
1.0,2.51,2.0,-1.3875576394539735e-05
1.0,2.51,3.0,7.276451885473989e-09
1.0,2.51,4.0,-9.929067401892588e-05
1.0,2.51,5.0,-7.370732426868469e-05
1.0,2.51,6.0,1.0648993216122449e-06
1.0,2.51,7.0,-0.0008778457202832657
1.0,2.51,8.0,7.276451885473989e-09
1.0,2.51,9.0,3.367025267125845e-06
1.0,2.51,10.0,-5.964799213159511e-05
1.0,2.51,11.0,7.276451885473989e-09
1.0,2.51,12.0,1.1804369488666033e-05
1.0,2.51,13.0,-6.396638954353495e-06
1.0,2.51,14.0,2.0112126509264083e-05
1.0,2.51,15.0,-3.8536907759345596e-06
1.0,2.51,16.0,-8.343676685951262e-06
1.0,2.51,17.0,-0.0003964642328306289
1.0,2.51,18.0,2.6137750793742143e-06
1.0,2.51,19.0,1.5090476997325908e-05
1.0,2.51,20.0,1.5241449573211163e-05
1.0,2.51,21.0,1.0946689499302664e-08
1.0,3.01,0.0,4.732523906647579e-06
1.0,3.01,1.0,1.0192890166293989e-05
1.0,3.01,2.0,-1.3875515262440352e-05
1.0,3.01,3.0,7.276451885473989e-09
1.0,3.01,4.0,-9.929501994998535e-05
1.0,3.01,5.0,-7.370732426861228e-05
1.0,3.01,6.0,1.0665619696315076e-06
1.0,3.01,7.0,-0.0008778456386502598
1.0,3.01,8.0,7.276451885473989e-09
1.0,3.01,9.0,3.367009669547061e-06
1.0,3.01,10.0,-5.9647586678701625e-05
1.0,3.01,11.0,7.276451885473989e-09
1.0,3.01,12.0,1.1806741704534218e-05
1.0,3.01,13.0,-6.396608948466831e-06
1.0,3.01,14.0,2.0110818472390823e-05
1.0,3.01,15.0,-3.853674329534762e-06
1.0,3.01,16.0,-8.340750987045897e-06
1.0,3.01,17.0,-0.00039646340067100994
1.0,3.01,18.0,2.6092692555490515e-06
1.0,3.01,19.0,1.5090532637485055e-05
1.0,3.01,20.0,1.5245063496038824e-05
1.0,3.01,21.0,1.094668952705824e-08
1.0,3.51,0.0,4.7325018909250005e-06
1.0,3.51,1.0,1.0192846154888358e-05
1.0,3.51,2.0,-1.3875454132117326e-05
1.0,3.51,3.0,7.276451885473989e-09
1.0,3.51,4.0,-9.929936588248811e-05
1.0,3.51,5.0,-7.370732426853985e-05
1.0,3.51,6.0,1.0682246174287258e-06
1.0,3.51,7.0,-0.0008778455570166294
1.0,3.51,8.0,7.276451885473989e-09
1.0,3.51,9.0,3.3669940718572544e-06
1.0,3.51,10.0,-5.9647181222671763e-05
1.0,3.51,11.0,7.276451885473989e-09
1.0,3.51,12.0,1.180911393228179e-05
1.0,3.51,13.0,-6.396578942191589e-06
1.0,3.51,14.0,2.0109510434268563e-05
1.0,3.51,15.0,-3.853657884023143e-06
1.0,3.51,16.0,-8.337825291582224e-06
1.0,3.51,17.0,-0.00039646256850989214
1.0,3.51,18.0,2.6047633835402095e-06
1.0,3.51,19.0,1.5090588282973272e-05
1.0,3.51,20.0,1.5248677463164384e-05
1.0,3.51,21.0,1.094668952705824e-08
1.0,4.01,0.0,4.732479874980378e-06
1.0,4.01,1.0,1.0192802145980728e-05
1.0,4.01,2.0,-1.3875393003792702e-05
1.0,4.01,3.0,7.276451885473989e-09
1.0,4.01,4.0,-9.930371186417375e-05
1.0,4.01,5.0,-7.370732426846742e-05
1.0,4.01,6.0,1.0698872829895123e-06
1.0,4.01,7.0,-0.0008778454753814446
1.0,4.01,8.0,7.276451885473989e-09
1.0,4.01,9.0,3.366978474111937e-06
1.0,4.01,10.0,-5.964677575917565e-05
1.0,4.01,11.0,7.276451885473989e-09
1.0,4.01,12.0,1.1811486197776944e-05
1.0,4.01,13.0,-6.396548936027369e-06
1.0,4.01,14.0,2.010820238040889e-05
1.0,4.01,15.0,-3.853641439677258e-06
1.0,4.01,16.0,-8.334899568196441e-06
1.0,4.01,17.0,-0.0003964617363381856
1.0,4.01,18.0,2.600257414053786e-06
1.0,4.01,19.0,1.5090643937121229e-05
1.0,4.01,20.0,1.5252291515110983e-05
1.0,4.01,21.0,1.094668952705824e-08
2.0,0.01,0.0,6.099702750939073e-05
2.0,0.01,1.0,1.2961178939951967e-05
2.0,0.01,2.0,-2.535987036911269e-05
2.0,0.01,3.0,4.620152649348341e-09
2.0,0.01,4.0,-0.00023623933993155433
2.0,0.01,5.0,-3.866420746731486e-05
2.0,0.01,6.0,-1.6167023872248887e-05
2.0,0.01,7.0,-0.000387696380142466
2.0,0.01,8.0,4.620152649348341e-09
2.0,0.01,9.0,1.0793145909807067e-05
2.0,0.01,10.0,-2.058485885331196e-05
2.0,0.01,11.0,4.620152649348341e-09
2.0,0.01,12.0,1.9427264903448815e-06
2.0,0.01,13.0,-2.3369576694742822e-05
2.0,0.01,14.0,-0.001335274847655493
2.0,0.01,15.0,-3.3714747670332557e-06
2.0,0.01,16.0,-7.392020604435334e-05
2.0,0.01,17.0,-0.0007768324925390702
2.0,0.01,18.0,0.0002937177753368214
2.0,0.01,19.0,-0.00044999921713079205
2.0,0.01,20.0,0.00010988651579146858
2.0,0.01,21.0,8.046062982547397e-09
2.0,0.51,0.0,6.093447043187261e-05
2.0,0.51,1.0,1.2954793589259328e-05
2.0,0.51,2.0,-2.534510532931078e-05
2.0,0.51,3.0,4.620152649348341e-09
2.0,0.51,4.0,-0.00023623336506362058
2.0,0.51,5.0,-3.866420746737342e-05
2.0,0.51,6.0,-1.6168528213345024e-05
2.0,0.51,7.0,-0.0003876995922321713
2.0,0.51,8.0,4.620152649348341e-09
2.0,0.51,9.0,1.0786577255755825e-05
2.0,0.51,10.0,-2.0584521351840745e-05
2.0,0.51,11.0,4.620152649348341e-09
2.0,0.51,12.0,1.9471517174185493e-06
2.0,0.51,13.0,-2.3354557040500268e-05
2.0,0.51,14.0,-0.0013352748477078369
2.0,0.51,15.0,-3.3697699487467148e-06
2.0,0.51,16.0,-7.391873566520157e-05
2.0,0.51,17.0,-0.0007768346347065067
2.0,0.51,18.0,0.0002937147453762057
2.0,0.51,19.0,-0.0004500138190816072
2.0,0.51,20.0,0.00010989173520403739
2.0,0.51,21.0,8.046062982547397e-09
2.0,1.01,0.0,6.0871909464244034e-05
2.0,1.01,1.0,1.2948407747626067e-05
2.0,1.01,2.0,-2.5330339205875685e-05
2.0,1.01,3.0,4.620152649348341e-09
2.0,1.01,4.0,-0.00023622738973583246
2.0,1.01,5.0,-3.866420746743199e-05
2.0,1.01,6.0,-1.617003266873862e-05
2.0,1.01,7.0,-0.0003877028045511932
2.0,1.01,8.0,4.620152649348341e-09
2.0,1.01,9.0,1.0780008111305195e-05
2.0,1.01,10.0,-2.058418382452909e-05
2.0,1.01,11.0,4.620152649348341e-09
2.0,1.01,12.0,1.951577278835881e-06
2.0,1.01,13.0,-2.333953631949992e-05
2.0,1.01,14.0,-0.0013352748477601828
2.0,1.01,15.0,-3.3680649999534573e-06
2.0,1.01,16.0,-7.391726518579667e-05
2.0,1.01,17.0,-0.0007768367770232681
2.0,1.01,18.0,0.0002937117151814439
2.0,1.01,19.0,-0.00045002842210506433
2.0,1.01,20.0,0.00010989695499064034
2.0,1.01,21.0,8.046062982547397e-09
2.0,1.51,0.0,6.0809344610057714e-05
2.0,1.51,1.0,1.2942021415440763e-05
2.0,1.51,2.0,-2.531557199936252e-05
2.0,1.51,3.0,4.620152649348341e-09
2.0,1.51,4.0,-0.00023622141394830098
2.0,1.51,5.0,-3.866420746749056e-05
2.0,1.51,6.0,-1.617153723842968e-05
2.0,1.51,7.0,-0.0003877060170992541
2.0,1.51,8.0,4.620152649348341e-09
2.0,1.51,9.0,1.077343847662171e-05
2.0,1.51,10.0,-2.0583846271349238e-05
2.0,1.51,11.0,4.620152649348341e-09
2.0,1.51,12.0,1.9560031745413653e-06
2.0,1.51,13.0,-2.3324514532518936e-05
2.0,1.51,14.0,-0.0013352748478125307
2.0,1.51,15.0,-3.3663599204314387e-06
2.0,1.51,16.0,-7.391579460613862e-05
2.0,1.51,17.0,-0.0007768389194891673
2.0,1.51,18.0,0.00029370868475275813
2.0,1.51,19.0,-0.0004500430262004418
2.0,1.51,20.0,0.00010990217515061129
2.0,1.51,21.0,8.046062982547397e-09
2.0,2.01,0.0,6.0746775872422276e-05
2.0,2.01,1.0,1.293563459292546e-05
2.0,2.01,2.0,-2.5300803710603947e-05
2.0,2.01,3.0,4.620152649348341e-09
2.0,2.01,4.0,-0.00023621543770158127
2.0,2.01,5.0,-3.8664207467549137e-05
2.0,2.01,6.0,-1.6173041922307174e-05
2.0,2.01,7.0,-0.00038770922987627077
2.0,2.01,8.0,4.620152649348341e-09
2.0,2.01,9.0,1.0766868352052317e-05
2.0,2.01,10.0,-2.058350869241221e-05
2.0,2.01,11.0,4.620152649348341e-09
2.0,2.01,12.0,1.960429404479491e-06
2.0,2.01,13.0,-2.3309491680001404e-05
2.0,2.01,14.0,-0.0013352748478648803
2.0,2.01,15.0,-3.3646547104582147e-06
2.0,2.01,16.0,-7.391432392622743e-05
2.0,2.01,17.0,-0.0007768410621041416
2.0,2.01,18.0,0.00029370565409014837
2.0,2.01,19.0,-0.0004500576313672955
2.0,2.01,20.0,0.00010990739568428332
2.0,2.01,21.0,8.046062982547397e-09
2.0,2.51,0.0,6.068420324323309e-05
2.0,2.51,1.0,1.2929247279414025e-05
2.0,2.51,2.0,-2.528603433760157e-05
2.0,2.51,3.0,4.620152649348341e-09
2.0,2.51,4.0,-0.00023620946099489615
2.0,2.51,5.0,-3.866420746760772e-05
2.0,2.51,6.0,-1.6174546720704175e-05
2.0,2.51,7.0,-0.0003877124428826595
2.0,2.51,8.0,4.620152649348341e-09
2.0,2.51,9.0,1.0760297736847613e-05
2.0,2.51,10.0,-2.058317108760699e-05
2.0,2.51,11.0,4.620152649348341e-09
2.0,2.51,12.0,1.9648559688723033e-06
2.0,2.51,13.0,-2.329446776028199e-05
2.0,2.51,14.0,-0.001335274847917232
2.0,2.51,15.0,-3.3629493697007184e-06
2.0,2.51,16.0,-7.391285314595208e-05
2.0,2.51,17.0,-0.0007768432048685034
2.0,2.51,18.0,0.0002937026231930595
2.0,2.51,19.0,-0.0004500722376071242
2.0,2.51,20.0,0.00010991261659198948
2.0,2.51,21.0,8.046062982547397e-09
2.0,3.01,0.0,6.0621626730261724e-05
2.0,3.01,1.0,1.2922859475517079e-05
2.0,3.01,2.0,-2.5271263882242767e-05
2.0,3.01,3.0,4.620152649348341e-09
2.0,3.01,4.0,-0.00023620348382868972
2.0,3.01,5.0,-3.86642074676663e-05
2.0,3.01,6.0,-1.6176051633454147e-05
2.0,3.01,7.0,-0.0003877156561180317
2.0,3.01,8.0,4.620152649348341e-09
2.0,3.01,9.0,1.0753726631618221e-05
2.0,3.01,10.0,-2.0582833456961325e-05
2.0,3.01,11.0,4.620152649348341e-09
2.0,3.01,12.0,1.9692828673867346e-06
2.0,3.01,13.0,-2.3279442774970516e-05
2.0,3.01,14.0,-0.0013352748479695858
2.0,3.01,15.0,-3.3612438984920168e-06
2.0,3.01,16.0,-7.391138226553462e-05
2.0,3.01,17.0,-0.0007768453477819334
2.0,3.01,18.0,0.0002936995920623797
2.0,3.01,19.0,-0.0004500868449184847
2.0,3.01,20.0,0.00010991783787317466
2.0,3.01,21.0,8.046062982547397e-09
2.0,3.51,0.0,6.05590463291783e-05
2.0,3.51,1.0,1.2916471180957068e-05
2.0,3.51,2.0,-2.5256492343528336e-05
2.0,3.51,3.0,4.620152649348341e-09
2.0,3.51,4.0,-0.00023619750620262892
2.0,3.51,5.0,-3.8664207467724886e-05
2.0,3.51,6.0,-1.617755666044607e-05
2.0,3.51,7.0,-0.0003877188695825262
2.0,3.51,8.0,4.620152649348341e-09
2.0,3.51,9.0,1.074715503605883e-05
2.0,3.51,10.0,-2.0582495800502976e-05
2.0,3.51,11.0,4.620152649348341e-09
2.0,3.51,12.0,1.9737101004113633e-06
2.0,3.51,13.0,-2.3264416723234316e-05
2.0,3.51,14.0,-0.0013352748480219415
2.0,3.51,15.0,-3.359538296554554e-06
2.0,3.51,16.0,-7.390991128464197e-05
2.0,3.51,17.0,-0.0007768474908445844
2.0,3.51,18.0,0.0002936965606974429
2.0,3.51,19.0,-0.00045010145330220963
2.0,3.51,20.0,0.00010992305952806092
2.0,3.51,21.0,8.046062982547397e-09
2.0,4.01,0.0,6.0496462042536336e-05
2.0,4.01,1.0,1.2910082395845013e-05
2.0,4.01,2.0,-2.5241719721791345e-05
2.0,4.01,3.0,4.620152649348341e-09
2.0,4.01,4.0,-0.00023619152811715782
2.0,4.01,5.0,-3.866420746778348e-05
2.0,4.01,6.0,-1.617906180167994e-05
2.0,4.01,7.0,-0.00038772208327611524
2.0,4.01,8.0,4.620152649348341e-09
2.0,4.01,9.0,1.0740582950335975e-05
2.0,4.01,10.0,-2.058215811823194e-05
2.0,4.01,11.0,4.620152649348341e-09
2.0,4.01,12.0,1.9781376675576112e-06
2.0,4.01,13.0,-2.324938960551748e-05
2.0,4.01,14.0,-0.001335274848074299
2.0,4.01,15.0,-3.3578325641103746e-06
2.0,4.01,16.0,-7.390844020382925e-05
2.0,4.01,17.0,-0.0007768496340563869
2.0,4.01,18.0,0.00029369352909858204
2.0,4.01,19.0,-0.00045011606275763283
2.0,4.01,20.0,0.00010992828155675927
2.0,4.01,21.0,8.046062982547397e-09
3.0,0.01,0.0,-0.0005247055577463078
3.0,0.01,1.0,-2.0979858934677686e-05
3.0,0.01,2.0,0.00012220621852621072
3.0,0.01,3.0,4.386701779601765e-09
3.0,0.01,4.0,0.007689478653264192
3.0,0.01,5.0,-0.006172145906462728
3.0,0.01,6.0,0.0034070578052524114
3.0,0.01,7.0,-0.004997931873130926
3.0,0.01,8.0,4.386701779601765e-09
3.0,0.01,9.0,-7.069595400560624e-05
3.0,0.01,10.0,-0.0022947554040917417
3.0,0.01,11.0,4.386701779601765e-09
3.0,0.01,12.0,0.005206312566159221
3.0,0.01,13.0,0.00012543387613567214
3.0,0.01,14.0,-0.00697962179952824
3.0,0.01,15.0,4.182545132458415e-06
3.0,0.01,16.0,0.00465971849122504
3.0,0.01,17.0,-0.0025358022890399345
3.0,0.01,18.0,0.007904762851465907
3.0,0.01,19.0,0.00289481107839229
3.0,0.01,20.0,0.0023061651019746776
3.0,0.01,21.0,7.214888603224168e-09
3.0,0.51,0.0,6.740675968786025e-05
3.0,0.51,1.0,7.121614857552583e-06
3.0,0.51,2.0,-2.2882305343197018e-05
3.0,0.51,3.0,4.386701751846189e-09
3.0,0.51,4.0,0.007683656683764584
3.0,0.51,5.0,-0.006165169276405119
3.0,0.51,6.0,0.0034000423545325065
3.0,0.51,7.0,-0.004983495108450239
3.0,0.51,8.0,4.386701751846189e-09
3.0,0.51,9.0,1.2870365958816965e-05
3.0,0.51,10.0,-0.002296725382885667
3.0,0.51,11.0,4.386701751846189e-09
3.0,0.51,12.0,0.005184344530631657
3.0,0.51,13.0,-2.662327886876481e-05
3.0,0.51,14.0,-0.006979253752466086
3.0,0.51,15.0,-2.194617199968718e-06
3.0,0.51,16.0,0.0046603863706771165
3.0,0.51,17.0,-0.0024970710856312417
3.0,0.51,18.0,0.007910498636405028
3.0,0.51,19.0,0.002934050384043041
3.0,0.51,20.0,0.0022605520243574873
3.0,0.51,21.0,7.214888575468592e-09
3.0,1.01,0.0,0.00044588740320128384
3.0,1.01,1.0,2.4976403507903644e-05
3.0,1.01,2.0,-0.00011535380218874458
3.0,1.01,3.0,4.386701751846189e-09
3.0,1.01,4.0,0.0076798143662035745
3.0,1.01,5.0,-0.00616087745923978
3.0,1.01,6.0,0.003395462902193336
3.0,1.01,7.0,-0.004974462327802305
3.0,1.01,8.0,4.386701751846189e-09
3.0,1.01,9.0,6.610479844335049e-05
3.0,1.01,10.0,-0.0022979738437570174
3.0,1.01,11.0,4.386701751846189e-09
3.0,1.01,12.0,0.005170450278387917
3.0,1.01,13.0,-0.00012323881304721063
3.0,1.01,14.0,-0.006979027139333045
3.0,1.01,15.0,-6.1463566448094475e-06
3.0,1.01,16.0,0.004660690007518009
3.0,1.01,17.0,-0.0024725186894480333
3.0,1.01,18.0,0.007914059590036437
3.0,1.01,19.0,0.0029587459415242323
3.0,1.01,20.0,0.00223152202354604
3.0,1.01,21.0,7.214888575468592e-09
3.0,1.51,0.0,0.0006712497287385544
3.0,1.51,1.0,3.581407769115419e-05
3.0,1.51,2.0,-0.00017117078568218425
3.0,1.51,3.0,4.386701751846189e-09
3.0,1.51,4.0,0.00767735217129184
3.0,1.51,5.0,-0.00615846058382561
3.0,1.51,6.0,0.003392597442042844
3.0,1.51,7.0,-0.004969196391991344
3.0,1.51,8.0,4.386701751846189e-09
3.0,1.51,9.0,9.823554750260088e-05
3.0,1.51,10.0,-0.0022987338417753134
3.0,1.51,11.0,4.386701751846189e-09
3.0,1.51,12.0,0.005162064846901626
3.0,1.51,13.0,-0.0001811879486611767
3.0,1.51,14.0,-0.006978899689510416
3.0,1.51,15.0,-8.47553941796253e-06
3.0,1.51,16.0,0.004660732999433703
3.0,1.51,17.0,-0.0024579099602583254
3.0,1.51,18.0,0.007916155399528946
3.0,1.51,19.0,0.002973262999184212
3.0,1.51,20.0,0.0022140481198528184
3.0,1.51,21.0,7.214888575468592e-09
3.0,2.01,0.0,0.0007421892907808481
3.0,2.01,1.0,4.036940679041923e-05
3.0,2.01,2.0,-0.00019284981925260514
3.0,2.01,3.0,4.386701751846189e-09
3.0,2.01,4.0,0.007676197397476048
3.0,2.01,5.0,-0.0061577952833703695
3.0,2.01,6.0,0.003391320428657696
3.0,2.01,7.0,-0.004967438464608731
3.0,2.01,8.0,4.386701751846189e-09
3.0,2.01,9.0,0.00011078248923454548
3.0,2.01,10.0,-0.002299063275629426
3.0,2.01,11.0,4.386701751846189e-09
3.0,2.01,12.0,0.005158582076080553
3.0,2.01,13.0,-0.00020275326711899355
3.0,2.01,14.0,-0.006978865857921709
3.0,2.01,15.0,-9.422975570827496e-06
3.0,2.01,16.0,0.0046604590841374804
3.0,2.01,17.0,-0.0024527386201913803
3.0,2.01,18.0,0.007916995210698219
3.0,2.01,19.0,0.0029780773602992028
3.0,2.01,20.0,0.0022074035183357044
3.0,2.01,21.0,7.214888575468592e-09
3.0,2.51,0.0,0.0005742364159040392
3.0,2.51,1.0,3.62071992102142e-05
3.0,2.51,2.0,-0.00016528125213988165
3.0,2.51,3.0,4.386701751846189e-09
3.0,2.51,4.0,0.007677007660809365
3.0,2.51,5.0,-0.006159601735894228
3.0,2.51,6.0,0.003392343063945258
3.0,2.51,7.0,-0.004970674169558105
3.0,2.51,8.0,4.386701751846189e-09
3.0,2.51,9.0,9.5182948688044e-05
3.0,2.51,10.0,-0.0022988014736760043
3.0,2.51,11.0,4.386701751846189e-09
3.0,2.51,12.0,0.005161850877697938
3.0,2.51,13.0,-0.00017149162159640907
3.0,2.51,14.0,-0.006978965673670649
3.0,2.51,15.0,-8.567367678014026e-06
3.0,2.51,16.0,0.004659663365009781
3.0,2.51,17.0,-0.0024613484363623928
3.0,2.51,18.0,0.00791618520705839
3.0,2.51,19.0,0.002968711899235199
3.0,2.51,20.0,0.0022164494807715984
3.0,2.51,21.0,7.214888603224168e-09
3.0,3.01,0.0,-1.1034969522705218e-05
3.0,3.01,1.0,1.6414629003036474e-05
3.0,3.01,2.0,-4.903246748244605e-05
3.0,3.01,3.0,4.386701751846189e-09
3.0,3.01,4.0,0.007681554709281557
3.0,3.01,5.0,-0.0061655662207978496
3.0,3.01,6.0,0.0033976861619404164
3.0,3.01,7.0,-0.00498260601269835
3.0,3.01,8.0,4.386701751846189e-09
3.0,3.01,9.0,2.8782278606476197e-05
3.0,3.01,10.0,-0.002297479839326544
3.0,3.01,11.0,4.386701751846189e-09
3.0,3.01,12.0,0.005177130968206489
3.0,3.01,13.0,-4.6945969428890955e-05
3.0,3.01,14.0,-0.00697929045929023
3.0,3.01,15.0,-4.5979866940548675e-06
3.0,3.01,16.0,0.004658231314849881
3.0,3.01,17.0,-0.0024943251618937956
3.0,3.01,18.0,0.007912505075426624
3.0,3.01,19.0,0.0029347786784075236
3.0,3.01,20.0,0.0022534428678246954
3.0,3.01,21.0,7.214888603224168e-09
3.0,3.51,0.0,-0.001119234577871664
3.0,3.51,1.0,-2.75588195080001e-05
3.0,3.51,2.0,0.00019989320550339862
3.0,3.51,3.0,4.386701751846189e-09
3.0,3.51,4.0,0.007692200049390752
3.0,3.51,5.0,-0.006176853371343008
3.0,3.51,6.0,0.0034101352496589965
3.0,3.51,7.0,-0.005006702465461588
3.0,3.51,8.0,4.386701751846189e-09
3.0,3.51,9.0,-0.00011460565863147254
3.0,3.51,10.0,-0.0022945077587147866
3.0,3.51,11.0,4.386701751846189e-09
3.0,3.51,12.0,0.005210795227115317
3.0,3.51,13.0,0.00020919743784336697
3.0,3.51,14.0,-0.006979898269090206
3.0,3.51,15.0,4.074979010615376e-06
3.0,3.51,16.0,0.004657140521548531
3.0,3.51,17.0,-0.0025616555008834696
3.0,3.51,18.0,0.00790445167550935
3.0,3.51,19.0,0.0028681863491288873
3.0,3.51,20.0,0.002330931173478823
3.0,3.51,21.0,7.214888603224168e-09
3.0,4.01,0.0,-0.00031123662672050134
3.0,4.01,1.0,2.6558065893689253e-06
3.0,4.01,2.0,2.436009829209773e-05
3.0,4.01,3.0,4.386701751846189e-09
3.0,4.01,4.0,0.007685506322376634
3.0,4.01,5.0,-0.0061677917217571945
3.0,4.01,6.0,0.0034021887711153664
3.0,4.01,7.0,-0.004988460981869287
3.0,4.01,8.0,4.386701751846189e-09
3.0,4.01,9.0,-1.353859942837543e-05
3.0,4.01,10.0,-0.002296556105149894
3.0,4.01,11.0,4.386701751846189e-09
3.0,4.01,12.0,0.005187377642174473
3.0,4.01,13.0,2.505879347258766e-05
3.0,4.01,14.0,-0.006979415888297171
3.0,4.01,15.0,-2.232568500182275e-06
3.0,4.01,16.0,0.004659157483051901
3.0,4.01,17.0,-0.0025124742829971403
3.0,4.01,18.0,0.007910294071538093
3.0,4.01,19.0,0.002918353736063084
3.0,4.01,20.0,0.0022757691544869063
3.0,4.01,21.0,7.214888603224168e-09
4.0,0.01,0.0,1.8459241082791067e-05
4.0,0.01,1.0,3.757873833382108e-05
4.0,0.01,2.0,-8.794344742268922e-06
4.0,0.01,3.0,6.842982236410222e-09
4.0,0.01,4.0,-0.0005795200935327927
4.0,0.01,5.0,-2.5043049179347524e-06
4.0,0.01,6.0,-0.0002650235104167953
4.0,0.01,7.0,-0.000748331427865484
4.0,0.01,8.0,6.842982236410222e-09
4.0,0.01,9.0,4.322588104621605e-06
4.0,0.01,10.0,0.00012883385809714376
4.0,0.01,11.0,6.842982236410222e-09
4.0,0.01,12.0,-1.3735717070306741e-05
4.0,0.01,13.0,-3.3848695464577805e-05
4.0,0.01,14.0,7.24857382060351e-05
4.0,0.01,15.0,-2.9143441313661533e-05
4.0,0.01,16.0,-0.00042238354857637717
4.0,0.01,17.0,-0.0025875169158362382
4.0,0.01,18.0,-0.0006572105753349655
4.0,0.01,19.0,-0.0001846756189047838
4.0,0.01,20.0,6.122585283474535e-05
4.0,0.01,21.0,1.014795489306941e-08
4.0,0.51,0.0,1.845924102839014e-05
4.0,0.51,1.0,3.757873820692259e-05
4.0,0.51,2.0,-8.794344724838421e-06
4.0,0.51,3.0,6.842982236410222e-09
4.0,0.51,4.0,-0.0005795200949061385
4.0,0.51,5.0,-2.5043049179347397e-06
4.0,0.51,6.0,-0.0002650235097084175
4.0,0.51,7.0,-0.0007483314278427106
4.0,0.51,8.0,6.842982236410222e-09
4.0,0.51,9.0,4.322588089314405e-06
4.0,0.51,10.0,0.00012883385805589898
4.0,0.51,11.0,6.842982236410222e-09
4.0,0.51,12.0,-1.3735717237395306e-05
4.0,0.51,13.0,-3.384869536443569e-05
4.0,0.51,14.0,7.24857381179389e-05
4.0,0.51,15.0,-2.914344121129897e-05
4.0,0.51,16.0,-0.00042238354737411665
4.0,0.51,17.0,-0.002587516915787024
4.0,0.51,18.0,-0.0006572105748866575
4.0,0.51,19.0,-0.00018467561906182484
4.0,0.51,20.0,6.122585251200352e-05
4.0,0.51,21.0,1.014795489306941e-08
4.0,1.01,0.0,1.8459240974322277e-05
4.0,1.01,1.0,3.757873808007961e-05
4.0,1.01,2.0,-8.794344707518942e-06
4.0,1.01,3.0,6.842982236410222e-09
4.0,1.01,4.0,-0.0005795200962820379
4.0,1.01,5.0,-2.5043049179347274e-06
4.0,1.01,6.0,-0.00026502350899842986
4.0,1.01,7.0,-0.0007483314278198816
4.0,1.01,8.0,6.842982236410222e-09
4.0,1.01,9.0,4.322588074048839e-06
4.0,1.01,10.0,0.0001288338580147652
4.0,1.01,11.0,6.842982236410222e-09
4.0,1.01,12.0,-1.3735717403595693e-05
4.0,1.01,13.0,-3.384869526429357e-05
4.0,1.01,14.0,7.248573802962066e-05
4.0,1.01,15.0,-2.9143441108936408e-05
4.0,1.01,16.0,-0.0004223835461697467
4.0,1.01,17.0,-0.002587516915737779
4.0,1.01,18.0,-0.0006572105744389045
4.0,1.01,19.0,-0.00018467561921875486
4.0,1.01,20.0,6.122585218959475e-05
4.0,1.01,21.0,1.014795489306941e-08
4.0,1.51,0.0,1.845924091992135e-05
4.0,1.51,1.0,3.757873795323663e-05
4.0,1.51,2.0,-8.79434469008844e-06
4.0,1.51,3.0,6.842982236410222e-09
4.0,1.51,4.0,-0.0005795200976607129
4.0,1.51,5.0,-2.504304917934715e-06
4.0,1.51,6.0,-0.0002650235082868324
4.0,1.51,7.0,-0.000748331427797011
4.0,1.51,8.0,6.842982236410222e-09
4.0,1.51,9.0,4.322588058811028e-06
4.0,1.51,10.0,0.00012883385797374247
4.0,1.51,11.0,6.842982236410222e-09
4.0,1.51,12.0,-1.3735717568574835e-05
4.0,1.51,13.0,-3.384869516431799e-05
4.0,1.51,14.0,7.248573794110813e-05
4.0,1.51,15.0,-2.9143441006573845e-05
4.0,1.51,16.0,-0.0004223835449636004
4.0,1.51,17.0,-0.0025875169156884988
4.0,1.51,18.0,-0.0006572105739923728
4.0,1.51,19.0,-0.00018467561937551835
4.0,1.51,20.0,6.122585186796314e-05
4.0,1.51,21.0,1.014795489306941e-08
4.0,2.01,0.0,1.8459240865742466e-05
4.0,2.01,1.0,3.757873782639365e-05
4.0,2.01,2.0,-8.794344672657939e-06
4.0,2.01,3.0,6.842982236410222e-09
4.0,2.01,4.0,-0.0005795200990394989
4.0,2.01,5.0,-2.504304917934703e-06
4.0,2.01,6.0,-0.0002650235075750129
4.0,2.01,7.0,-0.0007483314277741265
4.0,2.01,8.0,6.842982236410222e-09
4.0,2.01,9.0,4.322588043559339e-06
4.0,2.01,10.0,0.00012883385793271973
4.0,2.01,11.0,6.842982236410222e-09
4.0,2.01,12.0,-1.3735717733387443e-05
4.0,2.01,13.0,-3.384869506423138e-05
4.0,2.01,14.0,7.248573785248458e-05
4.0,2.01,15.0,-2.9143440904266793e-05
4.0,2.01,16.0,-0.0004223835437572321
4.0,2.01,17.0,-0.0025875169156392083
4.0,2.01,18.0,-0.0006572105735457301
4.0,2.01,19.0,-0.0001846756195321153
4.0,2.01,20.0,6.122585154644256e-05
4.0,2.01,21.0,1.014795489306941e-08
4.0,2.51,0.0,1.8459240811341537e-05
4.0,2.51,1.0,3.757873769949516e-05
4.0,2.51,2.0,-8.794344655282949e-06
4.0,2.51,3.0,6.842982236410222e-09
4.0,2.51,4.0,-0.0005795201004169526
4.0,2.51,5.0,-2.50430491793469e-06
4.0,2.51,6.0,-0.0002650235068641926
4.0,2.51,7.0,-0.0007483314277512837
4.0,2.51,8.0,6.842982236410222e-09
4.0,2.51,9.0,4.322588028266017e-06
4.0,2.51,10.0,0.00012883385789164148
4.0,2.51,11.0,6.842982236410222e-09
4.0,2.51,12.0,-1.3735717898699651e-05
4.0,2.51,13.0,-3.3848694964089265e-05
4.0,2.51,14.0,7.24857377639998e-05
4.0,2.51,15.0,-2.914344080190423e-05
4.0,2.51,16.0,-0.0004223835425517519
4.0,2.51,17.0,-0.002587516915589942
4.0,2.51,18.0,-0.0006572105730986433
4.0,2.51,19.0,-0.0001846756196889343
4.0,2.51,20.0,6.12258512245889e-05
4.0,2.51,21.0,1.014795489306941e-08
4.0,3.01,0.0,1.8459240757162654e-05
4.0,3.01,1.0,3.757873757265218e-05
4.0,3.01,2.0,-8.794344637852447e-06
4.0,3.01,3.0,6.842982236410222e-09
4.0,3.01,4.0,-0.0005795201017889662
4.0,3.01,5.0,-2.504304917934678e-06
4.0,3.01,6.0,-0.000265023506156814
4.0,3.01,7.0,-0.0007483314277285102
4.0,3.01,8.0,6.842982236410222e-09
4.0,3.01,9.0,4.322588013014328e-06
4.0,3.01,10.0,0.00012883385785036894
4.0,3.01,11.0,6.842982236410222e-09
4.0,3.01,12.0,-1.3735718066731906e-05
4.0,3.01,13.0,-3.384869486405817e-05
4.0,3.01,14.0,7.248573767607014e-05
4.0,3.01,15.0,-2.9143440699486156e-05
4.0,3.01,16.0,-0.00042238354135060163
4.0,3.01,17.0,-0.0025875169155407385
4.0,3.01,18.0,-0.0006572105726497801
4.0,3.01,19.0,-0.0001846756198461419
4.0,3.01,20.0,6.122585090129196e-05
4.0,3.01,21.0,1.014795489306941e-08
4.0,3.51,0.0,1.8459240702872748e-05
4.0,3.51,1.0,3.7578737445809196e-05
4.0,3.51,2.0,-8.794344620477457e-06
4.0,3.51,3.0,6.842982236410222e-09
4.0,3.51,4.0,-0.0005795201031658648
4.0,3.51,5.0,-2.5043049179346655e-06
4.0,3.51,6.0,-0.00026502350544610476
4.0,3.51,7.0,-0.0007483314277056674
4.0,3.51,8.0,6.842982236410222e-09
4.0,3.51,9.0,4.322587997748761e-06
4.0,3.51,10.0,0.00012883385780926293
4.0,3.51,11.0,6.842982236410222e-09
4.0,3.51,12.0,-1.373571823232167e-05
4.0,3.51,13.0,-3.3848694763971565e-05
4.0,3.51,14.0,7.248573758766863e-05
4.0,3.51,15.0,-2.9143440597123593e-05
4.0,3.51,16.0,-0.00042238354014556556
4.0,3.51,17.0,-0.0025875169154914793
4.0,3.51,18.0,-0.0006572105722026933
4.0,3.51,19.0,-0.00018467562000290538
4.0,3.51,20.0,6.122585057932728e-05
4.0,3.51,21.0,1.014795489306941e-08
4.0,4.01,0.0,1.8459240648582842e-05
4.0,4.01,1.0,3.7578737318910704e-05
4.0,4.01,2.0,-8.794344603046955e-06
4.0,4.01,3.0,6.842982236410222e-09
4.0,4.01,4.0,-0.0005795201045446507
4.0,4.01,5.0,-2.5043049179346533e-06
4.0,4.01,6.0,-0.0002650235047343963
4.0,4.01,7.0,-0.0007483314276827968
4.0,4.01,8.0,6.842982236410222e-09
4.0,4.01,9.0,4.322587982483195e-06
4.0,4.01,10.0,0.00012883385776826795
4.0,4.01,11.0,6.842982236410222e-09
4.0,4.01,12.0,-1.3735718397189789e-05
4.0,4.01,13.0,-3.384869466388496e-05
4.0,4.01,14.0,7.248573749912834e-05
4.0,4.01,15.0,-2.914344049476103e-05
4.0,4.01,16.0,-0.0004223835389391972
4.0,4.01,17.0,-0.0025875169154421923
4.0,4.01,18.0,-0.0006572105717558285
4.0,4.01,19.0,-0.00018467562015966887
4.0,4.01,20.0,6.122585025780669e-05
4.0,4.01,21.0,1.014795489306941e-08
5.0,0.01,0.0,-0.0002460151119755283
5.0,0.01,1.0,-0.00013377314769352777
5.0,0.01,2.0,0.00023867082894513114
5.0,0.01,3.0,4.706919687347266e-08
5.0,0.01,4.0,8.016036394642434e-05
5.0,0.01,5.0,-3.4873546591314794e-07
5.0,0.01,6.0,-0.00012149241729597637
5.0,0.01,7.0,-0.00010656572909055473
5.0,0.01,8.0,4.706919687347266e-08
5.0,0.01,9.0,-3.894846579945155e-05
5.0,0.01,10.0,-2.122948431912408e-05
5.0,0.01,11.0,4.706919687347266e-08
5.0,0.01,12.0,-5.865715214559142e-05
5.0,0.01,13.0,0.00012380670483735923
5.0,0.01,14.0,1.5805407125840665e-05
5.0,0.01,15.0,0.00011812428959745436
5.0,0.01,16.0,9.064371267064608e-05
5.0,0.01,17.0,-0.00011328297525711739
5.0,0.01,18.0,8.769081673132284e-06
5.0,0.01,19.0,-0.00031091129194282807
5.0,0.01,20.0,1.9467133971495798e-05
5.0,0.01,21.0,7.219463160623718e-08
5.0,0.51,0.0,-0.0002460149324534644
5.0,0.51,1.0,-0.00013377304967715498
5.0,0.51,2.0,0.00023867057984627849
5.0,0.51,3.0,4.706919687347266e-08
5.0,0.51,4.0,8.016026696588963e-05
5.0,0.51,5.0,-3.4873546591315356e-07
5.0,0.51,6.0,-0.00012149232962144207
5.0,0.51,7.0,-0.00010656572251298291
5.0,0.51,8.0,4.706919687347266e-08
5.0,0.51,9.0,-3.894841975247976e-05
5.0,0.51,10.0,-2.1229487653637302e-05
5.0,0.51,11.0,4.706919687347266e-08
5.0,0.51,12.0,-5.865718009978593e-05
5.0,0.51,13.0,0.0001238065913078401
5.0,0.51,14.0,1.580539521264801e-05
5.0,0.51,15.0,0.00011812422354828822
5.0,0.51,16.0,9.064365292310583e-05
5.0,0.51,17.0,-0.00011328291425594106
5.0,0.51,18.0,8.769101271122182e-06
5.0,0.51,19.0,-0.0003109110364138967
5.0,0.51,20.0,1.946707049227392e-05
5.0,0.51,21.0,7.219463160623718e-08
5.0,1.01,0.0,-0.00024601475291219366
5.0,1.01,1.0,-0.00013377295165306613
5.0,1.01,2.0,0.00023867033073010635
5.0,1.01,3.0,4.706919687347266e-08
5.0,1.01,4.0,8.016016997791642e-05
5.0,1.01,5.0,-3.487354659131591e-07
5.0,1.01,6.0,-0.00012149224193969133
5.0,1.01,7.0,-0.00010656571593473108
5.0,1.01,8.0,4.706919687347266e-08
5.0,1.01,9.0,-3.8948373702371586e-05
5.0,1.01,10.0,-2.1229490988011746e-05
5.0,1.01,11.0,4.706919687347266e-08
5.0,1.01,12.0,-5.865720805314778e-05
5.0,1.01,13.0,0.00012380647776910614
5.0,1.01,14.0,1.5805383298372888e-05
5.0,1.01,15.0,0.00011812415749312688
5.0,1.01,16.0,9.064359317012549e-05
5.0,1.01,17.0,-0.00011328285325007403
5.0,1.01,18.0,8.769120869223102e-06
5.0,1.01,19.0,-0.0003109107808640932
5.0,1.01,20.0,1.946700700972137e-05
5.0,1.01,21.0,7.219463160623718e-08
5.0,1.51,0.0,-0.00024601457334161303
5.0,1.51,1.0,-0.0001337728536170424
5.0,1.51,2.0,0.00023867008158706682
5.0,1.51,3.0,4.706919687347266e-08
5.0,1.51,4.0,8.016007297806382e-05
5.0,1.51,5.0,-3.487354659131647e-07
5.0,1.51,6.0,-0.00012149215424683835
5.0,1.51,7.0,-0.00010656570935549392
5.0,1.51,8.0,4.706919687347266e-08
5.0,1.51,9.0,-3.894832764735068e-05
5.0,1.51,10.0,-2.1229494322344555e-05
5.0,1.51,11.0,4.706919687347266e-08
5.0,1.51,12.0,-5.8657236006454117e-05
5.0,1.51,13.0,0.00012380636421632785
5.0,1.51,14.0,1.5805371382404676e-05
5.0,1.51,15.0,0.00011812409142858415
5.0,1.51,16.0,9.064353340926257e-05
5.0,1.51,17.0,-0.00011328279223704607
5.0,1.51,18.0,8.769140468545267e-06
5.0,1.51,19.0,-0.0003109105252822597
5.0,1.51,20.0,1.9466943521395663e-05
5.0,1.51,21.0,7.219463160623718e-08
5.0,2.01,0.0,-0.00024601439381799484
5.0,2.01,1.0,-0.00013377275560017
5.0,2.01,2.0,0.000238669832487437
5.0,2.01,3.0,4.706919687347266e-08
5.0,2.01,4.0,8.015997599719604e-05
5.0,2.01,5.0,-3.4873546591317034e-07
5.0,2.01,6.0,-0.00012149206657197098
5.0,2.01,7.0,-0.00010656570277785271
5.0,2.01,8.0,4.706919687347266e-08
5.0,2.01,9.0,-3.894828160025399e-05
5.0,2.01,10.0,-2.1229497656760632e-05
5.0,2.01,11.0,4.706919687347266e-08
5.0,2.01,12.0,-5.86572639599825e-05
5.0,2.01,13.0,0.0001238062506861981
5.0,2.01,14.0,1.5805359469073244e-05
5.0,2.01,15.0,0.00011812402537891842
5.0,2.01,16.0,9.064347366105618e-05
5.0,2.01,17.0,-0.00011328273123553667
5.0,2.01,18.0,8.769160066091075e-06
5.0,2.01,19.0,-0.0003109102697520516
5.0,2.01,20.0,1.9466880041840717e-05
5.0,2.01,21.0,7.219463171725948e-08
5.0,2.51,0.0,-0.00024601421424463865
5.0,2.51,1.0,-0.000133772657562925
5.0,2.51,2.0,0.00023866958334239907
5.0,2.51,3.0,4.706919687347266e-08
5.0,2.51,4.0,8.015987899556709e-05
5.0,2.51,5.0,-3.487354659131759e-07
5.0,2.51,6.0,-0.00012149197887700858
5.0,2.51,7.0,-0.00010656569619854617
5.0,2.51,8.0,4.706919687347266e-08
5.0,2.51,9.0,-3.894823554485838e-05
5.0,2.51,10.0,-2.1229500991065686e-05
5.0,2.51,11.0,4.706919687347266e-08
5.0,2.51,12.0,-5.865729191278923e-05
5.0,2.51,13.0,0.00012380613713208755
5.0,2.51,14.0,1.5805347552882987e-05
5.0,2.51,15.0,0.00011812395931332098
5.0,2.51,16.0,9.064341390085939e-05
5.0,2.51,17.0,-0.00011328267022164829
5.0,2.51,18.0,8.769179664747107e-06
5.0,2.51,19.0,-0.00031091001416783115
5.0,2.51,20.0,1.94668165539591e-05
5.0,2.51,21.0,7.219463171725948e-08
5.0,3.01,0.0,-0.00024601403468560434
5.0,3.01,1.0,-0.00013377255953184175
5.0,3.01,2.0,0.00023866933421001768
5.0,3.01,3.0,4.706919687347266e-08
5.0,3.01,4.0,8.015978200104357e-05
5.0,3.01,5.0,-3.487354659131815e-07
5.0,3.01,6.0,-0.00012149189118881853
5.0,3.01,7.0,-0.00010656568961978086
5.0,3.01,8.0,4.706919687347266e-08
5.0,3.01,9.0,-3.894818949189138e-05
5.0,3.01,10.0,-2.1229504325551152e-05
5.0,3.01,11.0,4.706919687347266e-08
5.0,3.01,12.0,-5.865731986709477e-05
5.0,3.01,13.0,0.0001238060235849714
5.0,3.01,14.0,1.5805335637664175e-05
5.0,3.01,15.0,0.00011812389325260853
5.0,3.01,16.0,9.064335414277203e-05
5.0,3.01,17.0,-0.00011328260921181221
5.0,3.01,18.0,8.769199264402339e-06
5.0,3.01,19.0,-0.0003109097585989318
5.0,3.01,20.0,1.9466753067298725e-05
5.0,3.01,21.0,7.219463171725948e-08
5.0,3.51,0.0,-0.0002460138551640956
5.0,3.51,1.0,-0.00013377246151607958
5.0,3.51,2.0,0.00023866908511271934
5.0,3.51,3.0,4.706919687347266e-08
5.0,3.51,4.0,8.015968502206317e-05
5.0,3.51,5.0,-3.4873546591318707e-07
5.0,3.51,6.0,-0.00012149180351583855
5.0,3.51,7.0,-0.00010656568304211189
5.0,3.51,8.0,4.706919687347266e-08
5.0,3.51,9.0,-3.89481434452249e-05
5.0,3.51,10.0,-2.1229507659814573e-05
5.0,3.51,11.0,4.706919687347266e-08
5.0,3.51,12.0,-5.8657347819790484e-05
5.0,3.51,13.0,0.0001238059100560629
5.0,3.51,14.0,1.5805323724499276e-05
5.0,3.51,15.0,0.00011812382720388648
5.0,3.51,16.0,9.064329439389951e-05
5.0,3.51,17.0,-0.00011328254821105221
5.0,3.51,18.0,8.769218861504058e-06
5.0,3.51,19.0,-0.00031090950307111065
5.0,3.51,20.0,1.9466689588854003e-05
5.0,3.51,21.0,7.219463171725948e-08
5.0,4.01,0.0,-0.00024601367560250775
5.0,4.01,1.0,-0.00013377236348394161
5.0,4.01,2.0,0.0002386688359786726
5.0,4.01,3.0,4.706919687347266e-08
5.0,4.01,4.0,8.015958802576328e-05
5.0,4.01,5.0,-3.487354659131927e-07
5.0,4.01,6.0,-0.00012149171582620522
5.0,4.01,7.0,-0.00010656567646322168
5.0,4.01,8.0,4.706919687347266e-08
5.0,4.01,9.0,-3.894809739188321e-05
5.0,4.01,10.0,-2.122951099416126e-05
5.0,4.01,11.0,4.706919687347266e-08
5.0,4.01,12.0,-5.86573757729858e-05
5.0,4.01,13.0,0.0001238057965077255
5.0,4.01,14.0,1.5805311809030664e-05
5.0,4.01,15.0,0.00011812376114223033
5.0,4.01,16.0,9.064323463614521e-05
5.0,4.01,17.0,-0.00011328248720030021
5.0,4.01,18.0,8.769238460493156e-06
5.0,4.01,19.0,-0.0003109092474997688
5.0,4.01,20.0,1.9466626102415674e-05
5.0,4.01,21.0,7.219463171725948e-08
6.0,0.01,0.0,8.809034235390811e-08
6.0,0.01,1.0,-0.00015394224722492522
6.0,0.01,2.0,1.7919449091685635e-05
6.0,0.01,3.0,8.279316648929225e-09
6.0,0.01,4.0,-0.00022285583706105339
6.0,0.01,5.0,-1.6389063683488518e-05
6.0,0.01,6.0,-0.00022174125150664636
6.0,0.01,7.0,-5.320974337405526e-05
6.0,0.01,8.0,8.279316648929225e-09
6.0,0.01,9.0,-0.0001552787115619153
6.0,0.01,10.0,4.280755452529261e-06
6.0,0.01,11.0,8.279316648929225e-09
6.0,0.01,12.0,-2.8950147776984902e-05
6.0,0.01,13.0,-7.534834300382265e-07
6.0,0.01,14.0,-1.59733376232971e-05
6.0,0.01,15.0,0.0001349470744436143
6.0,0.01,16.0,-0.00010858384728107406
6.0,0.01,17.0,-8.263928966165124e-05
6.0,0.01,18.0,-9.107541422670451e-05
6.0,0.01,19.0,6.906882344182019e-05
6.0,0.01,20.0,-3.8889919355744595e-05
6.0,0.01,21.0,1.1745269035134953e-08
6.0,0.51,0.0,8.809034235390811e-08
6.0,0.51,1.0,-0.00015394224698678238
6.0,0.51,2.0,1.791944906293086e-05
6.0,0.51,3.0,8.279316648929225e-09
6.0,0.51,4.0,-0.00022285583702741363
6.0,0.51,5.0,-1.6389063683488518e-05
6.0,0.51,6.0,-0.0002217412512942607
6.0,0.51,7.0,-5.320974337374995e-05
6.0,0.51,8.0,8.279316648929225e-09
6.0,0.51,9.0,-0.00015527871156184592
6.0,0.51,10.0,4.280755450059015e-06
6.0,0.51,11.0,8.279316648929225e-09
6.0,0.51,12.0,-2.8950147792694558e-05
6.0,0.51,13.0,-7.534834301492488e-07
6.0,0.51,14.0,-1.5973337623297102e-05
6.0,0.51,15.0,0.0001349470742439962
6.0,0.51,16.0,-0.00010858384730372261
6.0,0.51,17.0,-8.263928967153222e-05
6.0,0.51,18.0,-9.107541425878996e-05
6.0,0.51,19.0,6.906882315815821e-05
6.0,0.51,20.0,-3.88899193597414e-05
6.0,0.51,21.0,1.1745269035134953e-08
6.0,1.01,0.0,8.809034235390811e-08
6.0,1.01,1.0,-0.00015394224674769585
6.0,1.01,2.0,1.791944903406506e-05
6.0,1.01,3.0,8.279316648929225e-09
6.0,1.01,4.0,-0.00022285583699366285
6.0,1.01,5.0,-1.638906368348852e-05
6.0,1.01,6.0,-0.00022174125108131992
6.0,1.01,7.0,-5.320974337344464e-05
6.0,1.01,8.0,8.279316648929225e-09
6.0,1.01,9.0,-0.00015527871156176265
6.0,1.01,10.0,4.280755447616524e-06
6.0,1.01,11.0,8.279316648929225e-09
6.0,1.01,12.0,-2.8950147808348703e-05
6.0,1.01,13.0,-7.534834300937376e-07
6.0,1.01,14.0,-1.5973337623297102e-05
6.0,1.01,15.0,0.00013494707404343442
6.0,1.01,16.0,-0.00010858384732725934
6.0,1.01,17.0,-8.26392896813577e-05
6.0,1.01,18.0,-9.107541429054233e-05
6.0,1.01,19.0,6.906882287494032e-05
6.0,1.01,20.0,-3.888991936407127e-05
6.0,1.01,21.0,1.1745269035134953e-08
6.0,1.51,0.0,8.809034235390811e-08
6.0,1.51,1.0,-0.0001539422465109408
6.0,1.51,2.0,1.791944900553233e-05
6.0,1.51,3.0,8.279316648929225e-09
6.0,1.51,4.0,-0.00022285583696024514
6.0,1.51,5.0,-1.638906368348852e-05
6.0,1.51,6.0,-0.00022174125087032204
6.0,1.51,7.0,-5.3209743373167084e-05
6.0,1.51,8.0,8.279316648929225e-09
6.0,1.51,9.0,-0.00015527871156167938
6.0,1.51,10.0,4.280755445174034e-06
6.0,1.51,11.0,8.279316648929225e-09
6.0,1.51,12.0,-2.8950147823947336e-05
6.0,1.51,13.0,-7.534834300937376e-07
6.0,1.51,14.0,-1.5973337623297105e-05
6.0,1.51,15.0,0.00013494707384492655
6.0,1.51,16.0,-0.00010858384734990789
6.0,1.51,17.0,-8.263928969118317e-05
6.0,1.51,18.0,-9.107541432207267e-05
6.0,1.51,19.0,6.906882259405389e-05
6.0,1.51,20.0,-3.8889919368290116e-05
6.0,1.51,21.0,1.1745269035134953e-08
6.0,2.01,0.0,8.809034235390811e-08
6.0,2.01,1.0,-0.00015394224627168773
6.0,2.01,2.0,1.7919448976777552e-05
6.0,2.01,3.0,8.279316648929225e-09
6.0,2.01,4.0,-0.00022285583692660538
6.0,2.01,5.0,-1.6389063683488525e-05
6.0,2.01,6.0,-0.00022174125065693717
6.0,2.01,7.0,-5.320974337286177e-05
6.0,2.01,8.0,8.279316648929225e-09
6.0,2.01,9.0,-0.00015527871156162387
6.0,2.01,10.0,4.280755442731543e-06
6.0,2.01,11.0,8.279316648929225e-09
6.0,2.01,12.0,-2.895014783949046e-05
6.0,2.01,13.0,-7.534834300937376e-07
6.0,2.01,14.0,-1.5973337623297105e-05
6.0,2.01,15.0,0.00013494707364419822
6.0,2.01,16.0,-0.00010858384737288951
6.0,2.01,17.0,-8.26392897010364e-05
6.0,2.01,18.0,-9.107541435393607e-05
6.0,2.01,19.0,6.906882230994782e-05
6.0,2.01,20.0,-3.888991937228692e-05
6.0,2.01,21.0,1.1745269035134953e-08
6.0,2.51,0.0,8.809034235390811e-08
6.0,2.51,1.0,-0.00015394224603465512
6.0,2.51,2.0,1.791944894824482e-05
6.0,2.51,3.0,8.279316648929225e-09
6.0,2.51,4.0,-0.0002228558368932987
6.0,2.51,5.0,-1.6389063683488528e-05
6.0,2.51,6.0,-0.00022174125044560622
6.0,2.51,7.0,-5.320974337255646e-05
6.0,2.51,8.0,8.279316648929225e-09
6.0,2.51,9.0,-0.0001552787115615406
6.0,2.51,10.0,4.280755440289052e-06
6.0,2.51,11.0,8.279316648929225e-09
6.0,2.51,12.0,-2.8950147854867048e-05
6.0,2.51,13.0,-7.534834300937376e-07
6.0,2.51,14.0,-1.5973337623297105e-05
6.0,2.51,15.0,0.00013494707344535728
6.0,2.51,16.0,-0.00010858384739587112
6.0,2.51,17.0,-8.263928971080636e-05
6.0,2.51,18.0,-9.107541438568845e-05
6.0,2.51,19.0,6.906882202917242e-05
6.0,2.51,20.0,-3.8889919376505766e-05
6.0,2.51,21.0,1.1745269035134953e-08
6.0,3.01,0.0,8.809034235390811e-08
6.0,3.01,1.0,-0.00015394224579651228
6.0,3.01,2.0,1.7919448919490044e-05
6.0,3.01,3.0,8.279316648929225e-09
6.0,3.01,4.0,-0.0002228558368595479
6.0,3.01,5.0,-1.6389063683488528e-05
6.0,3.01,6.0,-0.00022174125023327607
6.0,3.01,7.0,-5.320974337225115e-05
6.0,3.01,8.0,8.279316648929225e-09
6.0,3.01,9.0,-0.00015527871156147122
6.0,3.01,10.0,4.280755437846562e-06
6.0,3.01,11.0,8.279316648929225e-09
6.0,3.01,12.0,-2.895014787041017e-05
6.0,3.01,13.0,-7.534834300382265e-07
6.0,3.01,14.0,-1.597333762329711e-05
6.0,3.01,15.0,0.00013494707324551714
6.0,3.01,16.0,-0.00010858384741896376
6.0,3.01,17.0,-8.263928972068735e-05
6.0,3.01,18.0,-9.107541441777389e-05
6.0,3.01,19.0,6.90688217458435e-05
6.0,3.01,20.0,-3.8889919380724614e-05
6.0,3.01,21.0,1.1745269035134953e-08
6.0,3.51,0.0,8.809034235390811e-08
6.0,3.51,1.0,-0.00015394224555798086
6.0,3.51,2.0,1.7919448890735268e-05
6.0,3.51,3.0,8.279316648929225e-09
6.0,3.51,4.0,-0.00022285583682601917
6.0,3.51,5.0,-1.638906368348853e-05
6.0,3.51,6.0,-0.00022174125002055733
6.0,3.51,7.0,-5.3209743371973595e-05
6.0,3.51,8.0,8.279316648929225e-09
6.0,3.51,9.0,-0.00015527871156140183
6.0,3.51,10.0,4.28075543534856e-06
6.0,3.51,11.0,8.279316648929225e-09
6.0,3.51,12.0,-2.8950147886119826e-05
6.0,3.51,13.0,-7.534834300382265e-07
6.0,3.51,14.0,-1.597333762329711e-05
6.0,3.51,15.0,0.00013494707304551046
6.0,3.51,16.0,-0.00010858384744216742
6.0,3.51,17.0,-8.263928973054058e-05
6.0,3.51,18.0,-9.10754144491932e-05
6.0,3.51,19.0,6.90688214630697e-05
6.0,3.51,20.0,-3.888991938505448e-05
6.0,3.51,21.0,1.1745269035134953e-08
6.0,4.01,0.0,8.809034235390811e-08
6.0,4.01,1.0,-0.00015394224531933842
6.0,4.01,2.0,1.791944886198049e-05
6.0,4.01,3.0,8.279316648929225e-09
6.0,4.01,4.0,-0.00022285583679237941
6.0,4.01,5.0,-1.638906368348853e-05
6.0,4.01,6.0,-0.0002217412498078386
6.0,4.01,7.0,-5.320974337166828e-05
6.0,4.01,8.0,8.279316648929225e-09
6.0,4.01,9.0,-0.00015527871156133244
6.0,4.01,10.0,4.280755432933825e-06
6.0,4.01,11.0,8.279316648929225e-09
6.0,4.01,12.0,-2.8950147901496415e-05
6.0,4.01,13.0,-7.534834299827153e-07
6.0,4.01,14.0,-1.597333762329711e-05
6.0,4.01,15.0,0.00013494707284539276
6.0,4.01,16.0,-0.00010858384746481597
6.0,4.01,17.0,-8.263928974028278e-05
6.0,4.01,18.0,-9.107541448127865e-05
6.0,4.01,19.0,6.90688211798518e-05
6.0,4.01,20.0,-3.8889919389051286e-05
6.0,4.01,21.0,1.1745269035134953e-08
7.0,0.01,0.0,8.707742460423162e-07
7.0,0.01,1.0,0.00018277596009741437
7.0,0.01,2.0,1.5939201656656188e-05
7.0,0.01,3.0,5.003020508986822e-08
7.0,0.01,4.0,0.00018622815806768056
7.0,0.01,5.0,-6.421917108462128e-07
7.0,0.01,6.0,0.0006080549263154378
7.0,0.01,7.0,0.0001330238885844104
7.0,0.01,8.0,5.003020508986822e-08
7.0,0.01,9.0,1.3491745584348624e-06
7.0,0.01,10.0,0.00022819930640877173
7.0,0.01,11.0,5.003020508986822e-08
7.0,0.01,12.0,0.0014519988238688164
7.0,0.01,13.0,-2.603135523915334e-06
7.0,0.01,14.0,-5.258901424942675e-06
7.0,0.01,15.0,-0.00019834844017424524
7.0,0.01,16.0,-0.0011224366365553684
7.0,0.01,17.0,-6.115507242790419e-06
7.0,0.01,18.0,-0.0013471847865257347
7.0,0.01,19.0,4.9015257508472354e-05
7.0,0.01,20.0,0.0010083588335949578
7.0,0.01,21.0,7.065593926602887e-08
7.0,0.51,0.0,8.707742460423162e-07
7.0,0.51,1.0,0.00018277596009741437
7.0,0.51,2.0,1.5939201656878232e-05
7.0,0.51,3.0,5.003020508986822e-08
7.0,0.51,4.0,0.00018622815806867976
7.0,0.51,5.0,-6.421917108462128e-07
7.0,0.51,6.0,0.0006080549263144386
7.0,0.51,7.0,0.00013302388858432712
7.0,0.51,8.0,5.003020508986822e-08
7.0,0.51,9.0,1.3491745584071069e-06
7.0,0.51,10.0,0.0002281993064086607
7.0,0.51,11.0,5.003020508986822e-08
7.0,0.51,12.0,0.0014519988238678727
7.0,0.51,13.0,-2.603135523915334e-06
7.0,0.51,14.0,-5.25890142484553e-06
7.0,0.51,15.0,-0.00019834844017418973
7.0,0.51,16.0,-0.0011224366365559235
7.0,0.51,17.0,-6.115507242929197e-06
7.0,0.51,18.0,-0.0013471847865250686
7.0,0.51,19.0,4.901525750836133e-05
7.0,0.51,20.0,0.0010083588335941807
7.0,0.51,21.0,7.065593926602887e-08
7.0,1.01,0.0,8.707742460423162e-07
7.0,1.01,1.0,0.00018277596009735886
7.0,1.01,2.0,1.593920165676721e-05
7.0,1.01,3.0,5.003020508986822e-08
7.0,1.01,4.0,0.00018622815807056714
7.0,1.01,5.0,-6.421917108462128e-07
7.0,1.01,6.0,0.0006080549263128843
7.0,1.01,7.0,0.00013302388858432712
7.0,1.01,8.0,5.003020508986822e-08
7.0,1.01,9.0,1.3491745584071069e-06
7.0,1.01,10.0,0.0002281993064086052
7.0,1.01,11.0,5.003020508986822e-08
7.0,1.01,12.0,0.001451998823867151
7.0,1.01,13.0,-2.603135523915334e-06
7.0,1.01,14.0,-5.258901424734508e-06
7.0,1.01,15.0,-0.00019834844017418973
7.0,1.01,16.0,-0.0011224366365572558
7.0,1.01,17.0,-6.11550724309573e-06
7.0,1.01,18.0,-0.0013471847865244024
7.0,1.01,19.0,4.901525750825031e-05
7.0,1.01,20.0,0.0010083588335931815
7.0,1.01,21.0,7.065593926602887e-08
7.0,1.51,0.0,8.707742460423162e-07
7.0,1.51,1.0,0.00018277596009735886
7.0,1.51,2.0,1.5939201656878232e-05
7.0,1.51,3.0,5.003020508986822e-08
7.0,1.51,4.0,0.00018622815807112225
7.0,1.51,5.0,-6.421917108462128e-07
7.0,1.51,6.0,0.0006080549263122181
7.0,1.51,7.0,0.00013302388858424385
7.0,1.51,8.0,5.003020508986822e-08
7.0,1.51,9.0,1.3491745584348624e-06
7.0,1.51,10.0,0.00022819930640852193
7.0,1.51,11.0,5.003020508986822e-08
7.0,1.51,12.0,0.001451998823866374
7.0,1.51,13.0,-2.603135523915334e-06
7.0,1.51,14.0,-5.2589014246928745e-06
7.0,1.51,15.0,-0.00019834844017413422
7.0,1.51,16.0,-0.0011224366365573113
7.0,1.51,17.0,-6.115507243178997e-06
7.0,1.51,18.0,-0.0013471847865237363
7.0,1.51,19.0,4.9015257508222554e-05
7.0,1.51,20.0,0.0010083588335926263
7.0,1.51,21.0,7.065593926602887e-08
7.0,2.01,0.0,8.707742460423162e-07
7.0,2.01,1.0,0.00018277596009730335
7.0,2.01,2.0,1.5939201656878232e-05
7.0,2.01,3.0,5.003020508986822e-08
7.0,2.01,4.0,0.00018622815807145532
7.0,2.01,5.0,-6.421917108462128e-07
7.0,2.01,6.0,0.000608054926311663
7.0,2.01,7.0,0.00013302388858418834
7.0,2.01,8.0,5.003020508986822e-08
7.0,2.01,9.0,1.3491745584071069e-06
7.0,2.01,10.0,0.00022819930640843866
7.0,2.01,11.0,5.003020508986822e-08
7.0,2.01,12.0,0.0014519988238657078
7.0,2.01,13.0,-2.603135523915334e-06
7.0,2.01,14.0,-5.258901424665119e-06
7.0,2.01,15.0,-0.00019834844017413422
7.0,2.01,16.0,-0.0011224366365572003
7.0,2.01,17.0,-6.115507243248386e-06
7.0,2.01,18.0,-0.0013471847865234032
7.0,2.01,19.0,4.901525750813929e-05
7.0,2.01,20.0,0.0010083588335919602
7.0,2.01,21.0,7.065593926602887e-08
7.0,2.51,0.0,8.707742460423162e-07
7.0,2.51,1.0,0.00018277596009735886
7.0,2.51,2.0,1.593920165676721e-05
7.0,2.51,3.0,5.003020508986822e-08
7.0,2.51,4.0,0.00018622815807201043
7.0,2.51,5.0,-6.421917108462128e-07
7.0,2.51,6.0,0.0006080549263109969
7.0,2.51,7.0,0.00013302388858410508
7.0,2.51,8.0,5.003020508986822e-08
7.0,2.51,9.0,1.3491745584071069e-06
7.0,2.51,10.0,0.00022819930640829988
7.0,2.51,11.0,5.003020508986822e-08
7.0,2.51,12.0,0.0014519988238648751
7.0,2.51,13.0,-2.603135523915334e-06
7.0,2.51,14.0,-5.2589014246234855e-06
7.0,2.51,15.0,-0.00019834844017413422
7.0,2.51,16.0,-0.0011224366365570893
7.0,2.51,17.0,-6.115507243331653e-06
7.0,2.51,18.0,-0.001347184786522626
7.0,2.51,19.0,4.901525750800051e-05
7.0,2.51,20.0,0.001008358833591294
7.0,2.51,21.0,7.065593926602887e-08
7.0,3.01,0.0,8.707742460423162e-07
7.0,3.01,1.0,0.00018277596009730335
7.0,3.01,2.0,1.593920165676721e-05
7.0,3.01,3.0,5.003020508986822e-08
7.0,3.01,4.0,0.0001862281580753411
7.0,3.01,5.0,-6.421917108462128e-07
7.0,3.01,6.0,0.0006080549263083324
7.0,3.01,7.0,0.00013302388858410508
7.0,3.01,8.0,5.003020508986822e-08
7.0,3.01,9.0,1.3491745584071069e-06
7.0,3.01,10.0,0.00022819930640829988
7.0,3.01,11.0,5.003020508986822e-08
7.0,3.01,12.0,0.001451998823864209
7.0,3.01,13.0,-2.603135523915334e-06
7.0,3.01,14.0,-5.2589014244291965e-06
7.0,3.01,15.0,-0.00019834844017413422
7.0,3.01,16.0,-0.0011224366365601979
7.0,3.01,17.0,-6.115507243595331e-06
7.0,3.01,18.0,-0.001347184786522071
7.0,3.01,19.0,4.9015257507945e-05
7.0,3.01,20.0,0.0010083588335902949
7.0,3.01,21.0,7.065593926602887e-08
7.0,3.51,0.0,8.707742460423162e-07
7.0,3.51,1.0,0.00018277596009735886
7.0,3.51,2.0,1.5939201656656188e-05
7.0,3.51,3.0,5.003020508986822e-08
7.0,3.51,4.0,0.00018622815807423088
7.0,3.51,5.0,-6.421917108462128e-07
7.0,3.51,6.0,0.0006080549263086654
7.0,3.51,7.0,0.0001330238885840218
7.0,3.51,8.0,5.003020508986822e-08
7.0,3.51,9.0,1.3491745584071069e-06
7.0,3.51,10.0,0.00022819930640813335
7.0,3.51,11.0,5.003020508986822e-08
7.0,3.51,12.0,0.0014519988238631543
7.0,3.51,13.0,-2.603135523915334e-06
7.0,3.51,14.0,-5.258901424456952e-06
7.0,3.51,15.0,-0.00019834844017413422
7.0,3.51,16.0,-0.0011224366365584215
7.0,3.51,17.0,-6.115507243581453e-06
7.0,3.51,18.0,-0.0013471847865211828
7.0,3.51,19.0,4.901525750786173e-05
7.0,3.51,20.0,0.0010083588335897398
7.0,3.51,21.0,7.065593926602887e-08
7.0,4.01,0.0,8.707742460423162e-07
7.0,4.01,1.0,0.00018277596009730335
7.0,4.01,2.0,1.593920165676721e-05
7.0,4.01,3.0,5.003020508986822e-08
7.0,4.01,4.0,0.00018622815807500803
7.0,4.01,5.0,-6.421917108462128e-07
7.0,4.01,6.0,0.0006080549263078883
7.0,4.01,7.0,0.00013302388858393854
7.0,4.01,8.0,5.003020508986822e-08
7.0,4.01,9.0,1.3491745584348624e-06
7.0,4.01,10.0,0.00022819930640802233
7.0,4.01,11.0,5.003020508986822e-08
7.0,4.01,12.0,0.0014519988238623216
7.0,4.01,13.0,-2.603135523915334e-06
7.0,4.01,14.0,-5.258901424415319e-06
7.0,4.01,15.0,-0.00019834844017413422
7.0,4.01,16.0,-0.0011224366365587546
7.0,4.01,17.0,-6.115507243692475e-06
7.0,4.01,18.0,-0.0013471847865205167
7.0,4.01,19.0,4.9015257507833976e-05
7.0,4.01,20.0,0.0010083588335889626
7.0,4.01,21.0,7.065593926602887e-08
8.0,0.01,0.0,8.323131667986594e-06
8.0,0.01,1.0,-0.00025631645039497775
8.0,0.01,2.0,0.00011890981535456202
8.0,0.01,3.0,1.0464743460669723e-08
8.0,0.01,4.0,0.0006051421614429175
8.0,0.01,5.0,-0.0024537576019738844
8.0,0.01,6.0,0.0011745815469179632
8.0,0.01,7.0,-0.002743820590926413
8.0,0.01,8.0,1.0464743460669723e-08
8.0,0.01,9.0,-4.1060456144881297e-07
8.0,0.01,10.0,-0.0012819579984210683
8.0,0.01,11.0,1.0464743460669723e-08
8.0,0.01,12.0,0.0014100650779221846
8.0,0.01,13.0,-8.755039019536781e-06
8.0,0.01,14.0,-0.0021395890467568596
8.0,0.01,15.0,0.000216280435728744
8.0,0.01,16.0,0.0007212292405274767
8.0,0.01,17.0,-0.001759018925254846
8.0,0.01,18.0,0.0020101219189812003
8.0,0.01,19.0,0.001187616347725906
8.0,0.01,20.0,0.0007668218810737981
8.0,0.01,21.0,1.615815442557178e-08
8.0,0.51,0.0,8.22764327657044e-06
8.0,0.51,1.0,-0.0002566631081024062
8.0,0.51,2.0,0.00011923813804459726
8.0,0.51,3.0,1.0464743460669723e-08
8.0,0.51,4.0,0.0006055584806734515
8.0,0.51,5.0,-0.002453757606472091
8.0,0.51,6.0,0.0011740188534153928
8.0,0.51,7.0,-0.0027438420571954253
8.0,0.51,8.0,1.0464743460669723e-08
8.0,0.51,9.0,-4.369710461249454e-07
8.0,0.51,10.0,-0.001282000557217361
8.0,0.51,11.0,1.0464743460669723e-08
8.0,0.51,12.0,0.0014098342562025024
8.0,0.51,13.0,-8.6626949033497e-06
8.0,0.51,14.0,-0.002139574190339534
8.0,0.51,15.0,0.0002164884858140148
8.0,0.51,16.0,0.0007212642692948079
8.0,0.51,17.0,-0.0017590925512295658
8.0,0.51,18.0,0.0020103078022594145
8.0,0.51,19.0,0.0011871631569405072
8.0,0.51,20.0,0.0007665695248867399
8.0,0.51,21.0,1.615815442557178e-08
8.0,1.01,0.0,8.13135903943163e-06
8.0,1.01,1.0,-0.00025701227602553667
8.0,1.01,2.0,0.00011956896412490536
8.0,1.01,3.0,1.0464743460669723e-08
8.0,1.01,4.0,0.0006059774209317137
8.0,1.01,5.0,-0.0024537576109864524
8.0,1.01,6.0,0.001173452984560397
8.0,1.01,7.0,-0.0027438636440593467
8.0,1.01,8.0,1.0464743460669723e-08
8.0,1.01,9.0,-4.635551914544678e-07
8.0,1.01,10.0,-0.0012820432394456127
8.0,1.01,11.0,1.0464743460669723e-08
8.0,1.01,12.0,0.0014096028331571642
8.0,1.01,13.0,-8.569598808461087e-06
8.0,1.01,14.0,-0.0021395592510835976
8.0,1.01,15.0,0.00021669796212719916
8.0,1.01,16.0,0.00072129946227667
8.0,1.01,17.0,-0.0017591665533647494
8.0,1.01,18.0,0.0020104938976117648
8.0,1.01,19.0,0.0011867067716144764
8.0,1.01,20.0,0.0007663163310095422
8.0,1.01,21.0,1.615815442557178e-08
8.0,1.51,0.0,8.034274728285773e-06
8.0,1.51,1.0,-0.0002573639545805362
8.0,1.51,2.0,0.00011990229987124401
8.0,1.51,3.0,1.0464743460669723e-08
8.0,1.51,4.0,0.0006063989982257878
8.0,1.51,5.0,-0.0024537576155172014
8.0,1.51,6.0,0.0011728839437065153
8.0,1.51,7.0,-0.0027438853519833467
8.0,1.51,8.0,1.0464743460669723e-08
8.0,1.51,9.0,-4.90358140731173e-07
8.0,1.51,10.0,-0.001282086045457459
8.0,1.51,11.0,1.0464743460669723e-08
8.0,1.51,12.0,0.0014093708090558432
8.0,1.51,13.0,-8.475746949065943e-06
8.0,1.51,14.0,-0.002139544228488964
8.0,1.51,15.0,0.00021690886141106924
8.0,1.51,16.0,0.0007213348197064873
8.0,1.51,17.0,-0.001759240933527681
8.0,1.51,18.0,0.0020106801942126884
8.0,1.51,19.0,0.0011862471588327539
8.0,1.51,20.0,0.0007660622986209731
8.0,1.51,21.0,1.6158154453327356e-08
8.0,2.01,0.0,7.936386136719875e-06
8.0,2.01,1.0,-0.00025771814385644465
8.0,2.01,2.0,0.00012023815135298044
8.0,2.01,3.0,1.0464743460669723e-08
8.0,2.01,4.0,0.0006068232286180475
8.0,2.01,5.0,-0.002453757620064572
8.0,2.01,6.0,0.001172311734592868
8.0,2.01,7.0,-0.0027439071814283345
8.0,2.01,8.0,1.0464743460669723e-08
8.0,2.01,9.0,-5.173810311426275e-07
8.0,2.01,10.0,-0.0012821289756061172
8.0,2.01,11.0,1.0464743460669723e-08
8.0,2.01,12.0,0.0014091381841767614
8.0,2.01,13.0,-8.381135564339282e-06
8.0,2.01,14.0,-0.002139529122052272
8.0,2.01,15.0,0.00021712118015398962
8.0,2.01,16.0,0.0007213703417560668
8.0,2.01,17.0,-0.00175931569359003
8.0,2.01,18.0,0.0020108666810770837
8.0,2.01,19.0,0.0011857842854062217
8.0,2.01,20.0,0.000765807426912235
8.0,2.01,21.0,1.615815442557178e-08
8.0,2.51,0.0,7.837689083634025e-06
8.0,2.51,1.0,-0.00025807484363221667
8.0,2.51,2.0,0.0001205765244355339
8.0,2.51,3.0,1.0464743488425299e-08
8.0,2.51,4.0,0.0006072501282163856
8.0,2.51,5.0,-0.0024537576246288035
8.0,2.51,6.0,0.001171736361336273
8.0,2.51,7.0,-0.002743929132850001
8.0,2.51,8.0,1.0464743488425299e-08
8.0,2.51,9.0,-5.44624993298326e-07
8.0,2.51,10.0,-0.001282172030243306
8.0,2.51,11.0,1.0464743488425299e-08
8.0,2.51,12.0,0.0014089049588288938
8.0,2.51,13.0,-8.285760919268803e-06
8.0,2.51,14.0,-0.0021395139312676767
8.0,2.51,15.0,0.00021733491460240728
8.0,2.51,16.0,0.0007214060285534729
8.0,2.51,17.0,-0.0017593908354241183
8.0,2.51,18.0,0.0020110533470351077
8.0,2.51,19.0,0.001185318117875811
8.0,2.51,20.0,0.0007655517151103908
8.0,2.51,21.0,1.6158154453327356e-08
8.0,3.01,0.0,7.73817941046584e-06
8.0,3.01,1.0,-0.0002584340533575702
8.0,3.01,2.0,0.00012091742477515766
8.0,3.01,3.0,1.0464743488425299e-08
8.0,3.01,4.0,0.0006076797131718825
8.0,3.01,5.0,-0.002453757629210137
8.0,3.01,6.0,0.0011711578284636648
8.0,3.01,7.0,-0.002743951206699166
8.0,3.01,8.0,1.0464743488425299e-08
8.0,3.01,9.0,-5.7209115124357e-07
8.0,3.01,10.0,-0.001282215209720522
8.0,3.01,11.0,1.0464743488425299e-08
8.0,3.01,12.0,0.0014086711333475277
8.0,3.01,13.0,-8.18961930448836e-06
8.0,3.01,14.0,-0.002139498655626876
8.0,3.01,15.0,0.00021755006074664074
8.0,3.01,16.0,0.0007214418801887446
8.0,3.01,17.0,-0.0017594663609034888
8.0,3.01,18.0,0.0020112401807211855
8.0,3.01,19.0,0.0011848486224935173
8.0,3.01,20.0,0.0007652951624786963
8.0,3.01,21.0,1.6158154453327356e-08
8.0,3.51,0.0,7.637852982633753e-06
8.0,3.51,1.0,-0.00025879577214105165
8.0,3.51,2.0,0.00012126085780961304
8.0,3.51,3.0,1.0464743488425299e-08
8.0,3.51,4.0,0.0006081119996933504
8.0,3.51,5.0,-0.002453757633808817
8.0,3.51,6.0,0.0011705761409132043
8.0,3.51,7.0,-0.002743973403422445
8.0,3.51,8.0,1.0464743488425299e-08
8.0,3.51,9.0,-5.997806227370228e-07
8.0,3.51,10.0,-0.0012822585143921483
8.0,3.51,11.0,1.0464743488425299e-08
8.0,3.51,12.0,0.0014084367080767213
8.0,3.51,13.0,-8.092707036722047e-06
8.0,3.51,14.0,-0.0021394832946182926
8.0,3.51,15.0,0.000217766614310555
8.0,3.51,16.0,0.0007214778967050695
8.0,3.51,17.0,-0.0017595422719063336
8.0,3.51,18.0,0.002011427170591773
8.0,3.51,19.0,0.0011843757652004738
8.0,3.51,20.0,0.000765037768297061
8.0,3.51,21.0,1.615815442557178e-08
8.0,4.01,0.0,7.5367056943109745e-06
8.0,4.01,1.0,-0.0002591599987748494
8.0,4.01,2.0,0.00012160682876471984
8.0,4.01,3.0,1.0464743488425299e-08
8.0,4.01,4.0,0.0006085470040140262
8.0,4.01,5.0,-0.002453757638425092
8.0,4.01,6.0,0.0011699913040100762
8.0,4.01,7.0,-0.0027439957234600687
8.0,4.01,8.0,1.0464743488425299e-08
8.0,4.01,9.0,-6.276945177102755e-07
8.0,4.01,10.0,-0.0012823019446082107
8.0,4.01,11.0,1.0464743488425299e-08
8.0,4.01,12.0,0.0014082016834029987
8.0,4.01,13.0,-7.995020462725488e-06
8.0,4.01,14.0,-0.0021394678477285253
8.0,4.01,15.0,0.00021798457077565336
8.0,4.01,16.0,0.0007215140780978402
8.0,4.01,17.0,-0.0017596185703077638
8.0,4.01,18.0,0.0020116143049148105
8.0,4.01,19.0,0.0011838995117062767
8.0,4.01,20.0,0.0007647795318920236
8.0,4.01,21.0,1.6158154397816205e-08
9.0,0.01,0.0,-0.0003651555569648135
9.0,0.01,1.0,-0.0001098162259576263
9.0,0.01,2.0,0.00023087636001628553
9.0,0.01,3.0,5.491199356333354e-09
9.0,0.01,4.0,0.010450261385720694
9.0,0.01,5.0,-3.4744913098917326e-06
9.0,0.01,6.0,0.0020089376310634677
9.0,0.01,7.0,-7.200806511603597e-05
9.0,0.01,8.0,5.491199356333354e-09
9.0,0.01,9.0,-0.00014556703780826963
9.0,0.01,10.0,-0.0004657864352003993
9.0,0.01,11.0,5.491199356333354e-09
9.0,0.01,12.0,0.0024430718242539062
9.0,0.01,13.0,0.00015722303441079166
9.0,0.01,14.0,-0.0015025042313495385
9.0,0.01,15.0,4.039063741451132e-05
9.0,0.01,16.0,0.003692869289380618
9.0,0.01,17.0,0.0016753690791855014
9.0,0.01,18.0,0.004323821646822101
9.0,0.01,19.0,0.002972430795389669
9.0,0.01,20.0,0.0023377569993746627
9.0,0.01,21.0,7.74177807971732e-09
9.0,0.51,0.0,-0.00036515613772380995
9.0,0.51,1.0,-0.0001098163913546002
9.0,0.51,2.0,0.0002308767158526459
9.0,0.51,3.0,5.491199356333354e-09
9.0,0.51,4.0,0.010450261389974735
9.0,0.51,5.0,-3.4744913098914264e-06
9.0,0.51,6.0,0.002008937614925932
9.0,0.51,7.0,-7.200810073429431e-05
9.0,0.51,8.0,5.491199356333354e-09
9.0,0.51,9.0,-0.00014556725708070317
9.0,0.51,10.0,-0.00046578641670999565
9.0,0.51,11.0,5.491199356333354e-09
9.0,0.51,12.0,0.002443071973233457
9.0,0.51,13.0,0.00015722328274514474
9.0,0.51,14.0,-0.0015025041336437228
9.0,0.51,15.0,4.0390699544756714e-05
9.0,0.51,16.0,0.003692869343415728
9.0,0.51,17.0,0.0016753690322776627
9.0,0.51,18.0,0.004323821607824185
9.0,0.51,19.0,0.002972430498013323
9.0,0.51,20.0,0.00233775716681206
9.0,0.51,21.0,7.74177807971732e-09
9.0,1.01,0.0,-0.0003651567184932425
9.0,1.01,1.0,-0.0001098165567546272
9.0,1.01,2.0,0.00023087707169522353
9.0,1.01,3.0,5.491199356333354e-09
9.0,1.01,4.0,0.010450261394228888
9.0,1.01,5.0,-3.4744913098911207e-06
9.0,1.01,6.0,0.002008937598788063
9.0,1.01,7.0,-7.200813635310777e-05
9.0,1.01,8.0,5.491199356333354e-09
9.0,1.01,9.0,-0.00014556747635730005
9.0,1.01,10.0,-0.00046578639821925893
9.0,1.01,11.0,5.491199356333354e-09
9.0,1.01,12.0,0.0024430721222157836
9.0,1.01,13.0,0.0001572235310838277
9.0,1.01,14.0,-0.0015025040359362696
9.0,1.01,15.0,4.039076167622335e-05
9.0,1.01,16.0,0.0036928693974517257
9.0,1.01,17.0,0.0016753689853690468
9.0,1.01,18.0,0.004323821568825825
9.0,1.01,19.0,0.0029724302006316483
9.0,1.01,20.0,0.002337757334252455
9.0,1.01,21.0,7.74177807971732e-09
9.0,1.51,0.0,-0.00036515729926034357
9.0,1.51,1.0,-0.00010981672215393257
9.0,1.51,2.0,0.00023087742753624685
9.0,1.51,3.0,5.491199356333354e-09
9.0,1.51,4.0,0.01045026139848293
9.0,1.51,5.0,-3.4744913098908145e-06
9.0,1.51,6.0,0.0020089375826501943
9.0,1.51,7.0,-7.20081719718102e-05
9.0,1.51,8.0,5.491199356333354e-09
9.0,1.51,9.0,-0.0001455676956327312
9.0,1.51,10.0,-0.0004657863797285777
9.0,1.51,11.0,5.491199356333354e-09
9.0,1.51,12.0,0.002443072271197333
9.0,1.51,13.0,0.00015722377942156696
9.0,1.51,14.0,-0.0015025039382291772
9.0,1.51,15.0,4.039082380730141e-05
9.0,1.51,16.0,0.0036928694514876126
9.0,1.51,17.0,0.0016753689384606252
9.0,1.51,18.0,0.004323821529827354
9.0,1.51,19.0,0.0029724299032514168
9.0,1.51,20.0,0.0023377575016921837
9.0,1.51,21.0,7.74177807971732e-09
9.0,2.01,0.0,-0.0003651578800083488
9.0,2.01,1.0,-0.00010981688754690966
9.0,2.01,2.0,0.00023087778336483566
9.0,2.01,3.0,5.491199356333354e-09
9.0,2.01,4.0,0.01045026140273686
9.0,2.01,5.0,-3.4744913098905083e-06
9.0,2.01,6.0,0.0020089375665131026
9.0,2.01,7.0,-7.20082075895967e-05
9.0,2.01,8.0,5.491199356333354e-09
9.0,2.01,9.0,-0.00014556791490005772
9.0,2.01,10.0,-0.00046578636123861816
9.0,2.01,11.0,5.491199356333354e-09
9.0,2.01,12.0,0.0024430724201734977
9.0,2.01,13.0,0.0001572240277507575
9.0,2.01,14.0,-0.0015025038405252211
9.0,2.01,15.0,4.039088593599249e-05
9.0,2.01,16.0,0.003692869505521723
9.0,2.01,17.0,0.0016753688915533138
9.0,2.01,18.0,0.004323821490830881
9.0,2.01,19.0,0.002972429605880955
9.0,2.01,20.0,0.0023377576691260282
9.0,2.01,21.0,7.74177807971732e-09
9.0,2.51,0.0,-0.0003651584607700098
9.0,2.51,1.0,-0.00010981705294405009
9.0,2.51,2.0,0.00023087813920164013
9.0,2.51,3.0,5.491199356333354e-09
9.0,2.51,4.0,0.01045026140699079
9.0,2.51,5.0,-3.4744913098902025e-06
9.0,2.51,6.0,0.002008937550375345
9.0,2.51,7.0,-7.20082432081326e-05
9.0,2.51,8.0,5.491199356333354e-09
9.0,2.51,9.0,-0.00014556813417276881
9.0,2.51,10.0,-0.00046578634274818675
9.0,2.51,11.0,5.491199356333354e-09
9.0,2.51,12.0,0.002443072569153104
9.0,2.51,13.0,0.00015722427608594325
9.0,2.51,14.0,-0.0015025037428190446
9.0,2.51,15.0,4.039094806645993e-05
9.0,2.51,16.0,0.003692869559556944
9.0,2.51,17.0,0.001675368844645142
9.0,2.51,18.0,0.004323821451832854
9.0,2.51,19.0,0.00297242930850361
9.0,2.51,20.0,0.0023377578365638696
9.0,2.51,21.0,7.74177807971732e-09
9.0,3.01,0.0,-0.000365159041517904
9.0,3.01,1.0,-0.00010981721833669411
9.0,3.01,2.0,0.00023087849502922975
9.0,3.01,3.0,5.491199356333354e-09
9.0,3.01,4.0,0.010450261411244721
9.0,3.01,5.0,-3.4744913098898963e-06
9.0,3.01,6.0,0.002008937534238364
9.0,3.01,7.0,-7.200827882589134e-05
9.0,3.01,8.0,5.491199356333354e-09
9.0,3.01,9.0,-0.00014556835343954022
9.0,3.01,10.0,-0.00046578632425825495
9.0,3.01,11.0,5.491199356333354e-09
9.0,3.01,12.0,0.0024430727181288803
9.0,3.01,13.0,0.00015722452441496726
9.0,3.01,14.0,-0.0015025036451151441
9.0,3.01,15.0,4.039101019503999e-05
9.0,3.01,16.0,0.0036928696135911654
9.0,3.01,17.0,0.0016753687977378862
9.0,3.01,18.0,0.00432382141283616
9.0,3.01,19.0,0.0029724290111337037
9.0,3.01,20.0,0.002337758003997381
9.0,3.01,21.0,7.74177807971732e-09
9.0,3.51,0.0,-0.000365159622254696
9.0,3.51,1.0,-0.00010981738372550787
9.0,3.51,2.0,0.0002308788508496029
9.0,3.51,3.0,5.491199356333354e-09
9.0,3.51,4.0,0.010450261415498652
9.0,3.51,5.0,-3.4744913098895905e-06
9.0,3.51,6.0,0.0020089375181016056
9.0,3.51,7.0,-7.200831444309497e-05
9.0,3.51,8.0,5.491199356333354e-09
9.0,3.51,9.0,-0.00014556857270153767
9.0,3.51,10.0,-0.0004657863057687117
9.0,3.51,11.0,5.491199356333354e-09
9.0,3.51,12.0,0.002443072867101437
9.0,3.51,13.0,0.00015722477273899527
9.0,3.51,14.0,-0.001502503547413131
9.0,3.51,15.0,4.039107232223227e-05
9.0,3.51,16.0,0.0036928696676241657
9.0,3.51,17.0,0.0016753687508313242
9.0,3.51,18.0,0.004323821373840242
9.0,3.51,19.0,0.0029724287137694594
9.0,3.51,20.0,0.002337758171427451
9.0,3.51,21.0,7.74177807971732e-09
9.0,4.01,0.0,-0.00036516020299370844
9.0,4.01,1.0,-0.00010981754911487673
9.0,4.01,2.0,0.00023087920667075323
9.0,4.01,3.0,5.491199356333354e-09
9.0,4.01,4.0,0.01045026141975236
9.0,4.01,5.0,-3.4744913098892843e-06
9.0,4.01,6.0,0.002008937501964736
9.0,4.01,7.0,-7.200835006046513e-05
9.0,4.01,8.0,5.491199356333354e-09
9.0,4.01,9.0,-0.00014556879196409023
9.0,4.01,10.0,-0.0004657862872791685
9.0,4.01,11.0,5.491199356333354e-09
9.0,4.01,12.0,0.0024430730160742153
9.0,4.01,13.0,0.00015722502106391145
9.0,4.01,14.0,-0.0015025034497106737
9.0,4.01,15.0,4.039113444959108e-05
9.0,4.01,16.0,0.003692869721657388
9.0,4.01,17.0,0.0016753687039244847
9.0,4.01,18.0,0.004323821334844324
9.0,4.01,19.0,0.002972428416404216
9.0,4.01,20.0,0.002337758338858076
9.0,4.01,21.0,7.74177807971732e-09
10.0,0.01,0.0,2.4608880865528704e-05
10.0,0.01,1.0,7.287322087023984e-05
10.0,0.01,2.0,-7.316244013633177e-05
10.0,0.01,3.0,1.0528313110214071e-08
10.0,0.01,4.0,-0.0025306946587865253
10.0,0.01,5.0,-2.6091450798971505e-06
10.0,0.01,6.0,-0.0006195164336036951
10.0,0.01,7.0,-0.007412859626605104
10.0,0.01,8.0,1.0528313110214071e-08
10.0,0.01,9.0,1.3931459296262494e-05
10.0,0.01,10.0,0.00011280779402988994
10.0,0.01,11.0,1.0528313110214071e-08
10.0,0.01,12.0,-0.0008584036159911546
10.0,0.01,13.0,-2.1668411955388933e-05
10.0,0.01,14.0,0.0005129956961533177
10.0,0.01,15.0,-3.231511363077644e-05
10.0,0.01,16.0,-0.0006285772723596539
10.0,0.01,17.0,-0.004908362172316407
10.0,0.01,18.0,-0.0010202153156315674
10.0,0.01,19.0,-0.000571204581364726
10.0,0.01,20.0,-0.0007608541563208782
10.0,0.01,21.0,1.657158804624359e-08
10.0,0.51,0.0,2.460887939848e-05
10.0,0.51,1.0,7.287321454663154e-05
10.0,0.51,2.0,-7.316243579780224e-05
10.0,0.51,3.0,1.0528313110214071e-08
10.0,0.51,4.0,-0.002530694658460231
10.0,0.51,5.0,-2.609145079897164e-06
10.0,0.51,6.0,-0.000619516437694756
10.0,0.51,7.0,-0.007412859626477462
10.0,0.51,8.0,1.0528313110214071e-08
10.0,0.51,9.0,1.393145853395561e-05
10.0,0.51,10.0,0.00011280779377478845
10.0,0.51,11.0,1.0528313110214071e-08
10.0,0.51,12.0,-0.0008584036187505029
10.0,0.51,13.0,-2.1668410766506607e-05
10.0,0.51,14.0,0.00051299569624913
10.0,0.51,15.0,-3.231511056567271e-05
10.0,0.51,16.0,-0.0006285772703203962
10.0,0.51,17.0,-0.004908362172303241
10.0,0.51,18.0,-0.0010202153103996414
10.0,0.51,19.0,-0.0005712045774949881
10.0,0.51,20.0,-0.000760854159077673
10.0,0.51,21.0,1.657158804624359e-08
10.0,1.01,0.0,2.4608877931986406e-05
10.0,1.01,1.0,7.287320822307874e-05
10.0,1.01,2.0,-7.316243145916168e-05
10.0,1.01,3.0,1.0528313110214071e-08
10.0,1.01,4.0,-0.0025306946581344913
10.0,1.01,5.0,-2.609145079897178e-06
10.0,1.01,6.0,-0.0006195164417857058
10.0,1.01,7.0,-0.0074128596263498174
10.0,1.01,8.0,1.0528313110214071e-08
10.0,1.01,9.0,1.3931457771593214e-05
10.0,1.01,10.0,0.00011280779351974246
10.0,1.01,11.0,1.0528313110214071e-08
10.0,1.01,12.0,-0.000858403621509185
10.0,1.01,13.0,-2.166840957756877e-05
10.0,1.01,14.0,0.0005129956963448451
10.0,1.01,15.0,-3.2315107500568985e-05
10.0,1.01,16.0,-0.0006285772682810276
10.0,1.01,17.0,-0.004908362172290008
10.0,1.01,18.0,-0.0010202153051678264
10.0,1.01,19.0,-0.0005712045736247506
10.0,1.01,20.0,-0.0007608541618341347
10.0,1.01,21.0,1.657158804624359e-08
10.0,1.51,0.0,2.4608876465270768e-05
10.0,1.51,1.0,7.287320189958146e-05
10.0,1.51,2.0,-7.316242712096521e-05
10.0,1.51,3.0,1.0528313110214071e-08
10.0,1.51,4.0,-0.00253069465780853
10.0,1.51,5.0,-2.609145079897192e-06
10.0,1.51,6.0,-0.0006195164458769886
10.0,1.51,7.0,-0.007412859626222166
10.0,1.51,8.0,1.0528313110214071e-08
10.0,1.51,9.0,1.3931457009314085e-05
10.0,1.51,10.0,0.00011280779326472423
10.0,1.51,11.0,1.0528313110214071e-08
10.0,1.51,12.0,-0.0008584036242682003
10.0,1.51,13.0,-2.1668408388741955e-05
10.0,1.51,14.0,0.0005129956964406018
10.0,1.51,15.0,-3.231510443552077e-05
10.0,1.51,16.0,-0.0006285772662425471
10.0,1.51,17.0,-0.004908362172276779
10.0,1.51,18.0,-0.0010202152999357894
10.0,1.51,19.0,-0.0005712045697532919
10.0,1.51,20.0,-0.0007608541645909295
10.0,1.51,21.0,1.657158804624359e-08
10.0,2.01,0.0,2.460887499855513e-05
10.0,2.01,1.0,7.287319557608418e-05
10.0,2.01,2.0,-7.316242278243568e-05
10.0,2.01,3.0,1.0528313110214071e-08
10.0,2.01,4.0,-0.0025306946574826794
10.0,2.01,5.0,-2.609145079897206e-06
10.0,2.01,6.0,-0.0006195164499679384
10.0,2.01,7.0,-0.007412859626094519
10.0,2.01,8.0,1.0528313110214071e-08
10.0,2.01,9.0,1.3931456246923934e-05
10.0,2.01,10.0,0.00011280779300965049
10.0,2.01,11.0,1.0528313110214071e-08
10.0,2.01,12.0,-0.0008584036270274376
10.0,2.01,13.0,-2.166840719980412e-05
10.0,2.01,14.0,0.0005129956965363724
10.0,2.01,15.0,-3.2315101370472554e-05
10.0,2.01,16.0,-0.0006285772642032894
10.0,2.01,17.0,-0.0049083621722635674
10.0,2.01,18.0,-0.0010202152947038634
10.0,2.01,19.0,-0.000571204565882999
10.0,2.01,20.0,-0.0007608541673477243
10.0,2.01,21.0,1.657158804624359e-08
10.0,2.51,0.0,2.460887353172847e-05
10.0,2.51,1.0,7.287318925242037e-05
10.0,2.51,2.0,-7.316241844390614e-05
10.0,2.51,3.0,1.0528313110214071e-08
10.0,2.51,4.0,-0.002530694657156496
10.0,2.51,5.0,-2.60914507989722e-06
10.0,2.51,6.0,-0.0006195164540587772
10.0,2.51,7.0,-0.007412859625966875
10.0,2.51,8.0,1.0528313110214071e-08
10.0,2.51,9.0,1.3931455484589295e-05
10.0,2.51,10.0,0.000112807792754549
10.0,2.51,11.0,1.0528313110214071e-08
10.0,2.51,12.0,-0.0008584036297867859
10.0,2.51,13.0,-2.1668406010921792e-05
10.0,2.51,14.0,0.0005129956966321431
10.0,2.51,15.0,-3.231509830531332e-05
10.0,2.51,16.0,-0.0006285772621638097
10.0,2.51,17.0,-0.004908362172250377
10.0,2.51,18.0,-0.0010202152894720484
10.0,2.51,19.0,-0.0005712045620134831
10.0,2.51,20.0,-0.0007608541701045191
10.0,2.51,21.0,1.657158804624359e-08
10.0,3.01,0.0,2.4608872065012832e-05
10.0,3.01,1.0,7.287318292881206e-05
10.0,3.01,2.0,-7.316241410526558e-05
10.0,3.01,3.0,1.0528313110214071e-08
10.0,3.01,4.0,-0.0025306946568302013
10.0,3.01,5.0,-2.6091450798972335e-06
10.0,3.01,6.0,-0.000619516458149616
10.0,3.01,7.0,-0.007412859625839227
10.0,3.01,8.0,1.0528313110214071e-08
10.0,3.01,9.0,1.3931454722199144e-05
10.0,3.01,10.0,0.00011280779249947526
10.0,3.01,11.0,1.0528313110214071e-08
10.0,3.01,12.0,-0.0008584036325459121
10.0,3.01,13.0,-2.1668404821872933e-05
10.0,3.01,14.0,0.0005129956967279137
10.0,3.01,15.0,-3.23150952402651e-05
10.0,3.01,16.0,-0.00062857726012433
10.0,3.01,17.0,-0.004908362172237151
10.0,3.01,18.0,-0.0010202152842403445
10.0,3.01,19.0,-0.0005712045581440228
10.0,3.01,20.0,-0.0007608541728609808
10.0,3.01,21.0,1.657158804624359e-08
10.0,3.51,0.0,2.4608870598408217e-05
10.0,3.51,1.0,7.287317660514825e-05
10.0,3.51,2.0,-7.316240976673605e-05
10.0,3.51,3.0,1.0528313110214071e-08
10.0,3.51,4.0,-0.002530694656503907
10.0,3.51,5.0,-2.6091450798972475e-06
10.0,3.51,6.0,-0.0006195164622406768
10.0,3.51,7.0,-0.0074128596257115814
10.0,3.51,8.0,1.0528313110214071e-08
10.0,3.51,9.0,1.393145395989226e-05
10.0,3.51,10.0,0.00011280779224431825
10.0,3.51,11.0,1.0528313110214071e-08
10.0,3.51,12.0,-0.0008584036353058155
10.0,3.51,13.0,-2.166840363310163e-05
10.0,3.51,14.0,0.000512995696823712
10.0,3.51,15.0,-3.231509217505035e-05
10.0,3.51,16.0,-0.0006285772580850724
10.0,3.51,17.0,-0.004908362172223967
10.0,3.51,18.0,-0.0010202152790079744
10.0,3.51,19.0,-0.0005712045542740629
10.0,3.51,20.0,-0.0007608541756179976
10.0,3.51,21.0,1.657158804624359e-08
10.0,4.01,0.0,2.4608869131581557e-05
10.0,4.01,1.0,7.287317028153995e-05
10.0,4.01,2.0,-7.316240542809549e-05
10.0,4.01,3.0,1.0528313110214071e-08
10.0,4.01,4.0,-0.0025306946561783894
10.0,4.01,5.0,-2.6091450798972614e-06
10.0,4.01,6.0,-0.0006195164663322927
10.0,4.01,7.0,-0.00741285962558392
10.0,4.01,8.0,1.0528313110214071e-08
10.0,4.01,9.0,1.3931453197529864e-05
10.0,4.01,10.0,0.00011280779198938329
10.0,4.01,11.0,1.0528313110214071e-08
10.0,4.01,12.0,-0.0008584036380638871
10.0,4.01,13.0,-2.1668402444219304e-05
10.0,4.01,14.0,0.0005129956969194271
10.0,4.01,15.0,-3.2315089109946626e-05
10.0,4.01,16.0,-0.000628577256047258
10.0,4.01,17.0,-0.004908362172210714
10.0,4.01,18.0,-0.0010202152737758263
10.0,4.01,19.0,-0.0005712045504016605
10.0,4.01,20.0,-0.0007608541783745704
10.0,4.01,21.0,1.657158804624359e-08
11.0,0.01,0.0,2.5568386152752254e-07
11.0,0.01,1.0,0.00010563071651031875
11.0,0.01,2.0,-9.933385992255683e-05
11.0,0.01,3.0,1.0722117027572864e-08
11.0,0.01,4.0,0.000882085007671618
11.0,0.01,5.0,-0.0019171739361364404
11.0,0.01,6.0,0.0008791882424317166
11.0,0.01,7.0,-0.001387937467166811
11.0,0.01,8.0,1.0722117027572864e-08
11.0,0.01,9.0,8.920085215635698e-06
11.0,0.01,10.0,-0.0007723458436828812
11.0,0.01,11.0,1.0722117027572864e-08
11.0,0.01,12.0,0.0011448896374805506
11.0,0.01,13.0,-1.1365661406748107e-05
11.0,0.01,14.0,-0.0014339679769287406
11.0,0.01,15.0,-6.648758570532154e-05
11.0,0.01,16.0,0.000587623044901342
11.0,0.01,17.0,-0.0008570665783873832
11.0,0.01,18.0,0.0020084108524484057
11.0,0.01,19.0,0.0003298636126678467
11.0,0.01,20.0,0.0016657941232393059
11.0,0.01,21.0,1.6135510400028252e-08
11.0,0.51,0.0,2.5568357275851383e-07
11.0,0.51,1.0,0.00010562984094880656
11.0,0.51,2.0,-9.933309294618553e-05
11.0,0.51,3.0,1.0722117027572864e-08
11.0,0.51,4.0,0.0008820916165390713
11.0,0.51,5.0,-0.0019171758166402764
11.0,0.51,6.0,0.000879181564019671
11.0,0.51,7.0,-0.0013879386700145768
11.0,0.51,8.0,1.0722117027572864e-08
11.0,0.51,9.0,8.92005837102583e-06
11.0,0.51,10.0,-0.0007723465058854795
11.0,0.51,11.0,1.0722117027572864e-08
11.0,0.51,12.0,0.00114487607275221
11.0,0.51,13.0,-1.136562711073763e-05
11.0,0.51,14.0,-0.0014339677802756093
11.0,0.51,15.0,-6.648699287681303e-05
11.0,0.51,16.0,0.0005876170332019259
11.0,0.51,17.0,-0.0008570694759413022
11.0,0.51,18.0,0.002008421491861534
11.0,0.51,19.0,0.0003298676026620151
11.0,0.51,20.0,0.001665792790745968
11.0,0.51,21.0,1.6135510400028252e-08
11.0,1.01,0.0,2.5568115302743166e-07
11.0,1.01,1.0,0.00010562833029270635
11.0,1.01,2.0,-9.933176382714848e-05
11.0,1.01,3.0,1.0722117027572864e-08
11.0,1.01,4.0,0.0008821004594002924
11.0,1.01,5.0,-0.0019171782196366893
11.0,1.01,6.0,0.0008791722858341178
11.0,1.01,7.0,-0.0013879401294412674
11.0,1.01,8.0,1.0722117027572864e-08
11.0,1.01,9.0,8.919995744927078e-06
11.0,1.01,10.0,-0.0007723473571314976
11.0,1.01,11.0,1.0722117027572864e-08
11.0,1.01,12.0,0.0011448584551710383
11.0,1.01,13.0,-1.1365546162878104e-05
11.0,1.01,14.0,-0.0014339675190066098
11.0,1.01,15.0,-6.648598284564322e-05
11.0,1.01,16.0,0.0005876091610403922
11.0,1.01,17.0,-0.000857073303150796
11.0,1.01,18.0,0.002008435468141223
11.0,1.01,19.0,0.0003298728883554536
11.0,1.01,20.0,0.001665791029370256
11.0,1.01,21.0,1.6135510400028252e-08
11.0,1.51,0.0,2.556573999168421e-07
11.0,1.51,1.0,0.0001056252597446683
11.0,1.51,2.0,-9.932904302556445e-05
11.0,1.51,3.0,1.0722117027572864e-08
11.0,1.51,4.0,0.0008821125532753049
11.0,1.51,5.0,-0.0019171810307634374
11.0,1.51,6.0,0.0008791584788945817
11.0,1.51,7.0,-0.0013879413210204916
11.0,1.51,8.0,1.0722117027572864e-08
11.0,1.51,9.0,8.9197947491515e-06
11.0,1.51,10.0,-0.0007723482901098033
11.0,1.51,11.0,1.0722117027572864e-08
11.0,1.51,12.0,0.0011448377391152786
11.0,1.51,13.0,-1.1365279320829647e-05
11.0,1.51,14.0,-0.001433967173017435
11.0,1.51,15.0,-6.648398443609427e-05
11.0,1.51,16.0,0.0005875986931204724
11.0,1.51,17.0,-0.0008570782893689288
11.0,1.51,18.0,0.0020084528454153983
11.0,1.51,19.0,0.00032987985326782265
11.0,1.51,20.0,0.0016657887958312356
11.0,1.51,21.0,1.6135510400028252e-08
11.0,2.01,0.0,2.5540284864788987e-07
11.0,2.01,1.0,0.0001056173590657794
11.0,2.01,2.0,-9.93219531070233e-05
11.0,2.01,3.0,1.0722117027572864e-08
11.0,2.01,4.0,0.000882130157253469
11.0,2.01,5.0,-0.0019171835353643807
11.0,2.01,6.0,0.0008791351217529164
11.0,2.01,7.0,-0.0013879406364541436
11.0,2.01,8.0,1.0722117027572864e-08
11.0,2.01,9.0,8.918875030183848e-06
11.0,2.01,10.0,-0.0007723488490351538
11.0,2.01,11.0,1.0722117027572864e-08
11.0,2.01,12.0,0.0011448195630492375
11.0,2.01,13.0,-1.1364005754521678e-05
11.0,2.01,14.0,-0.0014339667090309538
11.0,2.01,15.0,-6.647911684809493e-05
11.0,2.01,16.0,0.0005875844638599803
11.0,2.01,17.0,-0.0008570846610654326
11.0,2.01,18.0,0.002008471803013445
11.0,2.01,19.0,0.00032988886184931454
11.0,2.01,20.0,0.0016657861945099661
11.0,2.01,21.0,1.6135510400028252e-08
11.0,2.51,0.0,2.525887671245286e-07
11.0,2.51,1.0,0.00010559019960809657
11.0,2.51,2.0,-9.929700449540224e-05
11.0,2.51,3.0,1.0722117027572864e-08
11.0,2.51,4.0,0.0008821620031204125
11.0,2.51,5.0,-0.0019171831430052216
11.0,2.51,6.0,0.0008790847758022857
11.0,2.51,7.0,-0.0013879345206305183
11.0,2.51,8.0,1.0722117027572864e-08
11.0,2.51,9.0,8.913301422386333e-06
11.0,2.51,10.0,-0.0007723474986385814
11.0,2.51,11.0,1.0722117027572864e-08
11.0,2.51,12.0,0.0011448235804570883
11.0,2.51,13.0,-1.1355916456290416e-05
11.0,2.51,14.0,-0.0014339659903589014
11.0,2.51,15.0,-6.646386712721997e-05
11.0,2.51,16.0,0.0005875635575539051
11.0,2.51,17.0,-0.0008570932698944989
11.0,2.51,18.0,0.002008485598664733
11.0,2.51,19.0,0.0003298999464906305
11.0,2.51,20.0,0.0016657835938299614
11.0,2.51,21.0,1.6135510400028252e-08
11.0,3.01,0.0,2.2175703273674685e-07
11.0,3.01,1.0,0.00010546752869511344
11.0,3.01,2.0,-9.917993457064789e-05
11.0,3.01,3.0,1.0722117027572864e-08
11.0,3.01,4.0,0.0008822544217198525
11.0,3.01,5.0,-0.0019171716285445034
11.0,3.01,6.0,0.0008789325031471895
11.0,3.01,7.0,-0.0013879237932966637
11.0,3.01,8.0,1.0722117027572864e-08
11.0,3.01,9.0,8.873552658189565e-06
11.0,3.01,10.0,-0.0007723389782086365
11.0,3.01,11.0,1.0722117027572864e-08
11.0,3.01,12.0,0.0011449122938143597
11.0,3.01,13.0,-1.1295688137513693e-05
11.0,3.01,14.0,-0.0014339641969985384
11.0,3.01,15.0,-6.640291189491387e-05
11.0,3.01,16.0,0.0005875246358819641
11.0,3.01,17.0,-0.0008571116507202214
11.0,3.01,18.0,0.002008477706611389
11.0,3.01,19.0,0.00032990825988676864
11.0,3.01,20.0,0.001665781491392404
11.0,3.01,21.0,1.6135510400028252e-08
11.0,3.51,0.0,-1.0420184515247399e-07
11.0,3.51,1.0,0.00010479623752979172
11.0,3.51,2.0,-9.850528001398295e-05
11.0,3.51,3.0,1.0722117027572864e-08
11.0,3.51,4.0,0.0008826747009389457
11.0,3.51,5.0,-0.0019171251742063078
11.0,3.51,6.0,0.0008783149133230195
11.0,3.51,7.0,-0.0013880004531177104
11.0,3.51,8.0,1.0722117027572864e-08
11.0,3.51,9.0,8.569260952384639e-06
11.0,3.51,10.0,-0.0007723004339912631
11.0,3.51,11.0,1.0722117027572864e-08
11.0,3.51,12.0,0.0011453174288346135
11.0,3.51,13.0,-1.0817427067877361e-05
11.0,3.51,14.0,-0.0014339568090983232
11.0,3.51,15.0,-6.61102825852411e-05
11.0,3.51,16.0,0.0005874177317261586
11.0,3.51,17.0,-0.0008571994769343005
11.0,3.51,18.0,0.002008415200007052
11.0,3.51,19.0,0.00032984323170531793
11.0,3.51,20.0,0.0016657835488737005
11.0,3.51,21.0,1.6135510427783828e-08
11.0,4.01,0.0,-3.366373201529882e-06
11.0,4.01,1.0,0.00010071970944508513
11.0,4.01,2.0,-9.415400202361646e-05
11.0,4.01,3.0,1.0722116999817288e-08
11.0,4.01,4.0,0.0008850183513797738
11.0,4.01,5.0,-0.0019169908690720855
11.0,4.01,6.0,0.0008753080621703435
11.0,4.01,7.0,-0.001389074729569617
11.0,4.01,8.0,1.0722116999817288e-08
11.0,4.01,9.0,6.2030186617489935e-06
11.0,4.01,10.0,-0.0007720828422306814
11.0,4.01,11.0,1.0722116999817288e-08
11.0,4.01,12.0,0.0011473743535447278
11.0,4.01,13.0,-6.988852995160055e-06
11.0,4.01,14.0,-0.0014339227629400764
11.0,4.01,15.0,-6.45438540968768e-05
11.0,4.01,16.0,0.0005869724214798699
11.0,4.01,17.0,-0.0008578003857797056
11.0,4.01,18.0,0.0020081343966923404
11.0,4.01,19.0,0.0003289286997046892
11.0,4.01,20.0,0.0016658756355714122
11.0,4.01,21.0,1.6135510427783828e-08
12.0,0.01,0.0,0.00033812215420425673
12.0,0.01,1.0,7.843264998264043e-05
12.0,0.01,2.0,-0.00013190322865053172
12.0,0.01,3.0,4.708803097441816e-09
12.0,0.01,4.0,0.002547479867219593
12.0,0.01,5.0,-0.0006836663970430988
12.0,0.01,6.0,0.0009826931014847995
12.0,0.01,7.0,-0.0038754035971743164
12.0,0.01,8.0,4.708803097441816e-09
12.0,0.01,9.0,6.467492615025439e-05
12.0,0.01,10.0,-0.0009388743065303073
12.0,0.01,11.0,4.708803097441816e-09
12.0,0.01,12.0,0.0016851084748182865
12.0,0.01,13.0,-0.0001583185428459255
12.0,0.01,14.0,-0.006695982347778922
12.0,0.01,15.0,-1.3948292448051625e-05
12.0,0.01,16.0,0.0007700674255057827
12.0,0.01,17.0,-0.0033061694625291307
12.0,0.01,18.0,0.003925919053009652
12.0,0.01,19.0,-0.0007078732220753003
12.0,0.01,20.0,0.0016929237939211639
12.0,0.01,21.0,7.385561190398349e-09
12.0,0.51,0.0,0.00033761549576216687
12.0,0.51,1.0,7.833234215059992e-05
12.0,0.51,2.0,-0.00013172651589055118
12.0,0.51,3.0,4.708803097441816e-09
12.0,0.51,4.0,0.0025475056177297617
12.0,0.51,5.0,-0.0006836663971627731
12.0,0.51,6.0,0.000982706173049408
12.0,0.51,7.0,-0.003875420967485138
12.0,0.51,8.0,4.708803097441816e-09
12.0,0.51,9.0,6.458776442713754e-05
12.0,0.51,10.0,-0.0009388656068268775
12.0,0.51,11.0,4.708803097441816e-09
12.0,0.51,12.0,0.0016851868500071254
12.0,0.51,13.0,-0.00015810095703955307
12.0,0.51,14.0,-0.00669598229522076
12.0,0.51,15.0,-1.3931369343078703e-05
12.0,0.51,16.0,0.000770117418348315
12.0,0.51,17.0,-0.0033061836997356833
12.0,0.51,18.0,0.003925887183584775
12.0,0.51,19.0,-0.0007079628184444575
12.0,0.51,20.0,0.0016929758422326024
12.0,0.51,21.0,7.385561190398349e-09
12.0,1.01,0.0,0.00033710773556605567
12.0,1.01,1.0,7.823178759680527e-05
12.0,1.01,2.0,-0.0001315493717349847
12.0,1.01,3.0,4.708803097441816e-09
12.0,1.01,4.0,0.0025475314301612872
12.0,1.01,5.0,-0.0006836663972828877
12.0,1.01,6.0,0.0009827192772290383
12.0,1.01,7.0,-0.0038754383809804227
12.0,1.01,8.0,4.708803097441816e-09
12.0,1.01,9.0,6.450038796132485e-05
12.0,1.01,10.0,-0.0009388568857394974
12.0,1.01,11.0,4.708803097441816e-09
12.0,1.01,12.0,0.0016852654159859592
12.0,1.01,13.0,-0.0001578828540387267
12.0,1.01,14.0,-0.0066959822424216605
12.0,1.01,15.0,-1.3914405165960098e-05
12.0,1.01,16.0,0.0007701675313800393
12.0,1.01,17.0,-0.003306197972353528
12.0,1.01,18.0,0.003925855235948128
12.0,1.01,19.0,-0.000708052632407169
12.0,1.01,20.0,0.001693028014213671
12.0,1.01,21.0,7.385561190398349e-09
12.0,1.51,0.0,0.0003365988729409075
12.0,1.51,1.0,7.81309861162538e-05
12.0,1.51,2.0,-0.0001313717958327798
12.0,1.51,3.0,4.708803097441816e-09
12.0,1.51,4.0,0.0025475573045634636
12.0,1.51,5.0,-0.0006836663974034429
12.0,1.51,6.0,0.00098273241405189
12.0,1.51,7.0,-0.003875455837695281
12.0,1.51,8.0,4.708803097441816e-09
12.0,1.51,9.0,6.441279657629084e-05
12.0,1.51,10.0,-0.0009388481432502926
12.0,1.51,11.0,4.708803097441816e-09
12.0,1.51,12.0,0.001685344172911163
12.0,1.51,13.0,-0.00015766423344604208
12.0,1.51,14.0,-0.006695982189381254
12.0,1.51,15.0,-1.3897399882389916e-05
12.0,1.51,16.0,0.0007702177646949915
12.0,1.51,17.0,-0.0033062122804107183
12.0,1.51,18.0,0.003925823210034984
12.0,1.51,19.0,-0.0007081426641376565
12.0,1.51,20.0,0.0016930803099607372
12.0,1.51,21.0,7.385561190398349e-09
12.0,2.01,0.0,0.00033608890721081863
12.0,2.01,1.0,7.802993750349874e-05
12.0,2.01,2.0,-0.00013119378783243985
12.0,2.01,3.0,4.708803097441816e-09
12.0,2.01,4.0,0.0025475832409849186
12.0,2.01,5.0,-0.0006836663975244395
12.0,2.01,6.0,0.0009827455835454968
12.0,2.01,7.0,-0.0038754733376648726
12.0,2.01,8.0,4.708803097441816e-09
12.0,2.01,9.0,6.432499009537129e-05
12.0,2.01,10.0,-0.000938839379341444
12.0,2.01,11.0,4.708803097441816e-09
12.0,2.01,12.0,0.0016854231209392223
12.0,2.01,13.0,-0.00015744509486359526
12.0,2.01,14.0,-0.0066959821360991585
12.0,2.01,15.0,-1.3880353458117778e-05
12.0,2.01,16.0,0.0007702681183869853
12.0,2.01,17.0,-0.0033062266239354127
12.0,2.01,18.0,0.00392579110578084
12.0,2.01,19.0,-0.0007082329138105581
12.0,2.01,20.0,0.001693132729569835
12.0,2.01,21.0,7.385561190398349e-09
12.0,2.51,0.0,0.000335577837698553
12.0,2.51,1.0,7.792864155264922e-05
12.0,2.51,2.0,-0.00013101534738169107
12.0,2.51,3.0,4.708803097441816e-09
12.0,2.51,4.0,0.002547609239475057
12.0,2.51,5.0,-0.0006836663976458778
12.0,2.51,6.0,0.0009827587857381692
12.0,2.51,7.0,-0.0038754908809244537
12.0,2.51,8.0,4.708803097441816e-09
12.0,2.51,9.0,6.423696834131909e-05
12.0,2.51,10.0,-0.0009388305939949659
12.0,2.51,11.0,4.708803097441816e-09
12.0,2.51,12.0,0.001685502260227456
12.0,2.51,13.0,-0.0001572254378924831
12.0,2.51,14.0,-0.006695982082575007
12.0,2.51,15.0,-1.3863265858837792e-05
12.0,2.51,16.0,0.0007703185925505007
12.0,2.51,17.0,-0.003306241002955783
12.0,2.51,18.0,0.003925758923119971
12.0,2.51,19.0,-0.000708323381600845
12.0,2.51,20.0,0.0016931852731377761
12.0,2.51,21.0,7.385561190398349e-09
12.0,3.01,0.0,0.0003350656637267635
12.0,3.01,1.0,7.782709805764787e-05
12.0,3.01,2.0,-0.00013083647412781563
12.0,3.01,3.0,4.708803097441816e-09
12.0,3.01,4.0,0.002547635300082729
12.0,3.01,5.0,-0.0006836663977677584
12.0,3.01,6.0,0.0009827720206575519
12.0,3.01,7.0,-0.0038755084675092463
12.0,3.01,8.0,4.708803097441816e-09
12.0,3.01,9.0,6.41487311367761e-05
12.0,3.01,10.0,-0.0009388217871929838
12.0,3.01,11.0,4.708803097441816e-09
12.0,3.01,12.0,0.0016855815909330163
12.0,3.01,13.0,-0.0001570052621333029
12.0,3.01,14.0,-0.006695982028808414
12.0,3.01,15.0,-1.3846137050244067e-05
12.0,3.01,16.0,0.0007703691872794627
12.0,3.01,17.0,-0.0033062554175000147
12.0,3.01,18.0,0.003925726661987317
12.0,3.01,19.0,-0.000708414067683738
12.0,3.01,20.0,0.0016932379407608167
12.0,3.01,21.0,7.385561190398349e-09
12.0,3.51,0.0,0.00033455238461543857
12.0,3.51,1.0,7.772530681160461e-05
12.0,3.51,2.0,-0.0001306571677167634
12.0,3.51,3.0,4.708803097441816e-09
12.0,3.51,4.0,0.002547661422857228
12.0,3.51,5.0,-0.0006836663978900818
12.0,3.51,6.0,0.0009827852883320665
12.0,3.51,7.0,-0.0038755260974546596
12.0,3.51,8.0,4.708803097441816e-09
12.0,3.51,9.0,6.406027830371808e-05
12.0,3.51,10.0,-0.0009388129589175398
12.0,3.51,11.0,4.708803097441816e-09
12.0,3.51,12.0,0.0016856611132136101
12.0,3.51,13.0,-0.0001567845671857082
12.0,3.51,14.0,-0.006695981974799016
12.0,3.51,15.0,-1.3828966997697645e-05
12.0,3.51,16.0,0.0007704199026689063
12.0,3.51,17.0,-0.0033062698675963495
12.0,3.51,18.0,0.003925694322317375
12.0,3.51,19.0,-0.0007085049722350412
12.0,3.51,20.0,0.0016932907325364344
12.0,3.51,21.0,7.385561190398349e-09
12.0,4.01,0.0,0.0003340379996850107
12.0,4.01,1.0,7.762326760746285e-05
12.0,4.01,2.0,-0.00013047742779448424
12.0,4.01,3.0,4.708803097441816e-09
12.0,4.01,4.0,0.0025476876078480704
12.0,4.01,5.0,-0.0006836663980128482
12.0,4.01,6.0,0.0009827985887895796
12.0,4.01,7.0,-0.003875543770796075
12.0,4.01,8.0,4.708803097441816e-09
12.0,4.01,9.0,6.397160966398197e-05
12.0,4.01,10.0,-0.000938804109150454
12.0,4.01,11.0,4.708803097441816e-09
12.0,4.01,12.0,0.0016857408272272223
12.0,4.01,13.0,-0.00015656335264857546
12.0,4.01,14.0,-0.006695981920546426
12.0,4.01,15.0,-1.3811755666837122e-05
12.0,4.01,16.0,0.0007704707388132004
12.0,4.01,17.0,-0.0033062843532731395
12.0,4.01,18.0,0.003925661904044975
12.0,4.01,19.0,-0.0007085960954307247
12.0,4.01,20.0,0.0016933436485613296
12.0,4.01,21.0,7.385561190398349e-09
13.0,0.01,0.0,1.3566143353127558e-07
13.0,0.01,1.0,2.4053951335312185e-05
13.0,0.01,2.0,-3.935141892896787e-06
13.0,0.01,3.0,7.806015583922132e-09
13.0,0.01,4.0,0.0013204141204475883
13.0,0.01,5.0,-0.003654808669514023
13.0,0.01,6.0,0.0014284911328641958
13.0,0.01,7.0,-0.005522856539665971
13.0,0.01,8.0,7.806015583922132e-09
13.0,0.01,9.0,4.4515813427126183e-07
13.0,0.01,10.0,-0.0010791425852016978
13.0,0.01,11.0,7.806015583922132e-09
13.0,0.01,12.0,0.001661690256891668
13.0,0.01,13.0,-9.96282868870324e-07
13.0,0.01,14.0,-0.00031300572172845986
13.0,0.01,15.0,-1.6062064721378277e-05
13.0,0.01,16.0,0.0011080226921789116
13.0,0.01,17.0,-0.002435651158770452
13.0,0.01,18.0,0.0026240341363897857
13.0,0.01,19.0,0.0005744990106695824
13.0,0.01,20.0,0.0011388650689955204
13.0,0.01,21.0,1.2791752213026086e-08
13.0,0.51,0.0,1.3566142764709355e-07
13.0,0.51,1.0,2.4053246031940922e-05
13.0,0.51,2.0,-3.9350949674332725e-06
13.0,0.51,3.0,7.806015583922132e-09
13.0,0.51,4.0,0.0013204135372080206
13.0,0.51,5.0,-0.003654808695185252
13.0,0.51,6.0,0.0014284907590939033
13.0,0.51,7.0,-0.005522856555849852
13.0,0.51,8.0,7.806015583922132e-09
13.0,0.51,9.0,4.451575391362095e-07
13.0,0.51,10.0,-0.0010791426064037102
13.0,0.51,11.0,7.806015583922132e-09
13.0,0.51,12.0,0.00166169012584505
13.0,0.51,13.0,-9.962813825592498e-07
13.0,0.51,14.0,-0.00031300576277598635
13.0,0.51,15.0,-1.6061571141590125e-05
13.0,0.51,16.0,0.0011080227866915315
13.0,0.51,17.0,-0.002435651124335636
13.0,0.51,18.0,0.002624034658984198
13.0,0.51,19.0,0.0005744998215967412
13.0,0.51,20.0,0.0011388650019946711
13.0,0.51,21.0,1.2791752240781662e-08
13.0,1.01,0.0,1.3566141088272587e-07
13.0,1.01,1.0,2.4052382939176997e-05
13.0,1.01,2.0,-3.935036595681396e-06
13.0,1.01,3.0,7.806015583922132e-09
13.0,1.01,4.0,0.0013204130850564821
13.0,1.01,5.0,-0.003654808729635306
13.0,1.01,6.0,0.0014284902355033435
13.0,1.01,7.0,-0.005522856573023732
13.0,1.01,8.0,7.806015583922132e-09
13.0,1.01,9.0,4.451566725793832e-07
13.0,1.01,10.0,-0.001079142650937892
13.0,1.01,11.0,7.806015583922132e-09
13.0,1.01,12.0,0.0016616898305344963
13.0,1.01,13.0,-9.962792183459968e-07
13.0,1.01,14.0,-0.0003130057923916296
13.0,1.01,15.0,-1.6060967346798183e-05
13.0,1.01,16.0,0.0011080229962950883
13.0,1.01,17.0,-0.002435651116232798
13.0,1.01,18.0,0.0026240351965802766
13.0,1.01,19.0,0.0005745005420350058
13.0,1.01,20.0,0.0011388649162952236
13.0,1.01,21.0,1.2791752213026086e-08
13.0,1.51,0.0,1.3566135459441853e-07
13.0,1.51,1.0,2.4051303761707388e-05
13.0,1.51,2.0,-3.934961840701412e-06
13.0,1.51,3.0,7.806015583922132e-09
13.0,1.51,4.0,0.0013204128206852905
13.0,1.51,5.0,-0.0036548087756774345
13.0,1.51,6.0,0.0014284895080265425
13.0,1.51,7.0,-0.005522856591818795
13.0,1.51,8.0,7.806015583922132e-09
13.0,1.51,9.0,4.4515530786548574e-07
13.0,1.51,10.0,-0.0010791427264203457
13.0,1.51,11.0,7.806015583922132e-09
13.0,1.51,12.0,0.0016616893169560942
13.0,1.51,13.0,-9.962758106829561e-07
13.0,1.51,14.0,-0.000313005805830352
13.0,1.51,15.0,-1.606021279787484e-05
13.0,1.51,16.0,0.0011080233644826798
13.0,1.51,17.0,-0.002435651144126333
13.0,1.51,18.0,0.0026240357440131534
13.0,1.51,19.0,0.0005745011264025601
13.0,1.51,20.0,0.0011388648071075647
13.0,1.51,21.0,1.2791752240781662e-08
13.0,2.01,0.0,1.3566114853702516e-07
13.0,2.01,1.0,2.4049917799862097e-05
13.0,2.01,2.0,-3.934862247811921e-06
13.0,2.01,3.0,7.806015583922132e-09
13.0,2.01,4.0,0.0013204128151874661
13.0,2.01,5.0,-0.0036548088368858617
13.0,2.01,6.0,0.0014284884992433744
13.0,2.01,7.0,-0.005522856613008803
13.0,2.01,8.0,7.806015583922132e-09
13.0,2.01,9.0,4.4515292127456085e-07
13.0,2.01,10.0,-0.0010791428427217586
13.0,2.01,11.0,7.806015583922132e-09
13.0,2.01,12.0,0.001661688514103421
13.0,2.01,13.0,-9.962698538368286e-07
13.0,2.01,14.0,-0.00031300579695053843
13.0,2.01,15.0,-1.6059244646038362e-05
13.0,2.01,16.0,0.0011080239530321112
13.0,2.01,17.0,-0.0024356512202033664
13.0,2.01,18.0,0.002624036295402754
13.0,2.01,19.0,0.0005745015180862456
13.0,2.01,20.0,0.0011388646679649783
13.0,2.01,21.0,1.2791752213026086e-08
13.0,2.51,0.0,1.3566032608380851e-07
13.0,2.51,1.0,2.4048076065763535e-05
13.0,2.51,2.0,-3.934721926612816e-06
13.0,2.51,3.0,7.806015583922132e-09
13.0,2.51,4.0,0.0013204131576882716
13.0,2.51,5.0,-0.003654808918031535
13.0,2.51,6.0,0.001428487093375841
13.0,2.51,7.0,-0.005522856637629636
13.0,2.51,8.0,7.806015583922132e-09
13.0,2.51,9.0,4.4514815372709293e-07
13.0,2.51,10.0,-0.0010791430132672808
13.0,2.51,11.0,7.806015583922132e-09
13.0,2.51,12.0,0.0016616873239555519
13.0,2.51,13.0,-9.96257961571878e-07
13.0,2.51,14.0,-0.0003130057576297418
13.0,2.51,15.0,-1.6057960275261962e-05
13.0,2.51,16.0,0.0011080248551564864
13.0,2.51,17.0,-0.0024356513602653285
13.0,2.51,18.0,0.0026240368457406404
13.0,2.51,19.0,0.0005745016468086672
13.0,2.51,20.0,0.0011388644893833844
13.0,2.51,21.0,1.2791752240781662e-08
13.0,3.01,0.0,1.3565682399629964e-07
13.0,3.01,1.0,2.4045517084125834e-05
13.0,3.01,2.0,-3.934507402880705e-06
13.0,3.01,3.0,7.806015583922132e-09
13.0,3.01,4.0,0.0013204139619025224
13.0,3.01,5.0,-0.0036548090261327715
13.0,3.01,6.0,0.0014284851061387438
13.0,3.01,7.0,-0.005522856667297814
13.0,3.01,8.0,7.806015583922132e-09
13.0,3.01,9.0,4.4513705485527133e-07
13.0,3.01,10.0,-0.001079143257842391
13.0,3.01,11.0,7.806015583922132e-09
13.0,3.01,12.0,0.0016616855999546098
13.0,3.01,13.0,-9.962303028077102e-07
13.0,3.01,14.0,-0.00031300567654976574
13.0,3.01,15.0,-1.6056181419477067e-05
13.0,3.01,16.0,0.0011080262219007597
13.0,3.01,17.0,-0.0024356515861583272
13.0,3.01,18.0,0.0026240373960678687
13.0,3.01,19.0,0.0005745014250243541
13.0,3.01,20.0,0.0011388642556787731
13.0,3.01,21.0,1.2791752240781662e-08
13.0,3.51,0.0,1.3564118561681937e-07
13.0,3.51,1.0,2.4041744209279958e-05
13.0,3.51,2.0,-3.9341385200675205e-06
13.0,3.51,3.0,7.806015583922132e-09
13.0,3.51,4.0,0.0013204153802178764
13.0,3.51,5.0,-0.003654809173196924
13.0,3.51,6.0,0.0014284822185909318
13.0,3.51,7.0,-0.005522856705143499
13.0,3.51,8.0,7.806015583922132e-09
13.0,3.51,9.0,4.4510693031352133e-07
13.0,3.51,10.0,-0.0010791436085809125
13.0,3.51,11.0,7.806015583922132e-09
13.0,3.51,12.0,0.0016616831000453303
13.0,3.51,13.0,-9.961553232851195e-07
13.0,3.51,14.0,-0.0003130055363056161
13.0,3.51,15.0,-1.605357510686689e-05
13.0,3.51,16.0,0.0011080283148718895
13.0,3.51,17.0,-0.0024356519314748526
13.0,3.51,18.0,0.0026240379693215354
13.0,3.51,19.0,0.0005745007458833884
13.0,3.51,20.0,0.0011388639374694254
13.0,3.51,21.0,1.2791752240781662e-08
13.0,4.01,0.0,1.3556910805068156e-07
13.0,4.01,1.0,2.403572451353808e-05
13.0,4.01,2.0,-3.933397056177235e-06
13.0,4.01,3.0,7.806015583922132e-09
13.0,4.01,4.0,0.0013204176379995047
13.0,4.01,5.0,-0.0036548093838515427
13.0,4.01,6.0,0.0014284778198568882
13.0,4.01,7.0,-0.005522856758764683
13.0,4.01,8.0,7.806015583922132e-09
13.0,4.01,9.0,4.450135471789629e-07
13.0,4.01,10.0,-0.0010791441218005182
13.0,4.01,11.0,7.806015583922132e-09
13.0,4.01,12.0,0.0016616793875455782
13.0,4.01,13.0,-9.959232150635877e-07
13.0,4.01,14.0,-0.0003130053057462112
13.0,4.01,15.0,-1.6049466654621813e-05
13.0,4.01,16.0,0.0011080316084373099
13.0,4.01,17.0,-0.002435652455103021
13.0,4.01,18.0,0.00262403865631311
13.0,4.01,19.0,0.0005744994962226802
13.0,4.01,20.0,0.001138863475541152
13.0,4.01,21.0,1.2791752240781662e-08
14.0,0.01,0.0,7.383517419667918e-05
14.0,0.01,1.0,3.7365202204542314e-07
14.0,0.01,2.0,-3.536504956003217e-05
14.0,0.01,3.0,1.413304112629632e-07
14.0,0.01,4.0,-0.002758204818671617
14.0,0.01,5.0,-1.9581813217126178e-06
14.0,0.01,6.0,-0.0010217086253613283
14.0,0.01,7.0,-0.0017059842806652903
14.0,0.01,8.0,1.413304112629632e-07
14.0,0.01,9.0,-0.001005935635224539
14.0,0.01,10.0,0.00036331086731482276
14.0,0.01,11.0,1.413304112629632e-07
14.0,0.01,12.0,-0.0011135213810231637
14.0,0.01,13.0,-1.846664408627907e-05
14.0,0.01,14.0,0.0004991493587662987
14.0,0.01,15.0,4.761532364061516e-06
14.0,0.01,16.0,-0.0007299443986915621
14.0,0.01,17.0,-0.006169065737641763
14.0,0.01,18.0,-0.001476473124459865
14.0,0.01,19.0,-0.0009187193971591512
14.0,0.01,20.0,-0.000919844594765018
14.0,0.01,21.0,2.205620070472314e-07
14.0,0.51,0.0,7.383038367991812e-05
14.0,0.51,1.0,3.7250151696532896e-07
14.0,0.51,2.0,-3.536073913024129e-05
14.0,0.51,3.0,1.413304112629632e-07
14.0,0.51,4.0,-0.002758202144665378
14.0,0.51,5.0,-1.958181321712197e-06
14.0,0.51,6.0,-0.0010217105178794705
14.0,0.51,7.0,-0.0017059848016835744
14.0,0.51,8.0,1.413304112629632e-07
14.0,0.51,9.0,-0.0010059357972461297
14.0,0.51,10.0,0.00036331064394953816
14.0,0.51,11.0,1.413304112629632e-07
14.0,0.51,12.0,-0.0011135238979852469
14.0,0.51,13.0,-1.8465283368573893e-05
14.0,0.51,14.0,0.0004991495346424041
14.0,0.51,15.0,4.762075907327468e-06
14.0,0.51,16.0,-0.0007299433030231728
14.0,0.51,17.0,-0.006169065796590743
14.0,0.51,18.0,-0.0014764733666825514
14.0,0.51,19.0,-0.0009187232360453601
14.0,0.51,20.0,-0.0009198435758052126
14.0,0.51,21.0,2.205620070472314e-07
14.0,1.01,0.0,7.3825593098098e-05
14.0,1.01,1.0,3.713509960645567e-07
14.0,1.01,2.0,-3.535642864171962e-05
14.0,1.01,3.0,1.413304112629632e-07
14.0,1.01,4.0,-0.0027581994706230573
14.0,1.01,5.0,-1.9581813217117762e-06
14.0,1.01,6.0,-0.0010217124104220376
14.0,1.01,7.0,-0.0017059853227092553
14.0,1.01,8.0,1.413304112629632e-07
14.0,1.01,9.0,-0.001005935959270128
14.0,1.01,10.0,0.0003633104205809645
14.0,1.01,11.0,1.413304112629632e-07
14.0,1.01,12.0,-0.0011135264149827462
14.0,1.01,13.0,-1.84639226323835e-05
14.0,1.01,14.0,0.0004991497105207993
14.0,1.01,15.0,4.762619458087425e-06
14.0,1.01,16.0,-0.0007299422073391293
14.0,1.01,17.0,-0.00616906585554036
14.0,1.01,18.0,-0.0014764736089083463
14.0,1.01,19.0,-0.0009187270749851928
14.0,1.01,20.0,-0.0009198425568315294
14.0,1.01,21.0,2.205620070472314e-07
14.0,1.51,0.0,7.382080245410538e-05
14.0,1.51,1.0,3.70200460342307e-07
14.0,1.51,2.0,-3.5352118097353724e-05
14.0,1.51,3.0,1.413304112629632e-07
14.0,1.51,4.0,-0.0027581967965462084
14.0,1.51,5.0,-1.9581813217113553e-06
14.0,1.51,6.0,-0.0010217143029880305
14.0,1.51,7.0,-0.0017059858437419445
14.0,1.51,8.0,1.413304112629632e-07
14.0,1.51,9.0,-0.001005936121296444
14.0,1.51,10.0,0.00036331019720922675
14.0,1.51,11.0,1.413304112629632e-07
14.0,1.51,12.0,-0.0011135289320132191
14.0,1.51,13.0,-1.846256187848505e-05
14.0,1.51,14.0,0.0004991498864013177
14.0,1.51,15.0,4.763163015841787e-06
14.0,1.51,16.0,-0.0007299411116397647
14.0,1.51,17.0,-0.0061690659144905974
14.0,1.51,18.0,-0.0014764738511364728
14.0,1.51,19.0,-0.0009187309139762623
14.0,1.51,20.0,-0.0009198415378450786
14.0,1.51,21.0,2.205620070472314e-07
14.0,2.01,0.0,7.381601174494268e-05
14.0,2.01,1.0,3.6904990902142387e-07
14.0,2.01,2.0,-3.5347807494368055e-05
14.0,2.01,3.0,1.413304112629632e-07
14.0,2.01,4.0,-0.0027581941224334994
14.0,2.01,5.0,-1.9581813217109343e-06
14.0,2.01,6.0,-0.0010217161955783371
14.0,2.01,7.0,-0.001705986364781975
14.0,2.01,8.0,1.413304112629632e-07
14.0,2.01,9.0,-0.0010059362833251817
14.0,2.01,10.0,0.0003633099738342416
14.0,2.01,11.0,1.413304112629632e-07
14.0,2.01,12.0,-0.001113531449078664
14.0,2.01,13.0,-1.84612011061569e-05
14.0,2.01,14.0,0.0004991500622840844
14.0,2.01,15.0,4.7637065810346435e-06
14.0,2.01,16.0,-0.000729940015924524
14.0,2.01,17.0,-0.0061690659734414625
14.0,2.01,18.0,-0.0014764740933677079
14.0,2.01,19.0,-0.0009187347530205114
14.0,2.01,20.0,-0.00091984051884475
14.0,2.01,21.0,2.205620070472314e-07
14.0,2.51,0.0,7.38112209717201e-05
14.0,2.51,1.0,3.678993422129295e-07
14.0,2.51,2.0,-3.534349683353977e-05
14.0,2.51,3.0,1.413304112629632e-07
14.0,2.51,4.0,-0.00275819144828493
14.0,2.51,5.0,-1.9581813217105133e-06
14.0,2.51,6.0,-0.0010217180881928467
14.0,2.51,7.0,-0.0017059868858293192
14.0,2.51,8.0,1.413304112629632e-07
14.0,2.51,9.0,-0.0010059364453563202
14.0,2.51,10.0,0.0003633097504559951
14.0,2.51,11.0,1.413304112629632e-07
14.0,2.51,12.0,-0.001113533966178526
14.0,2.51,13.0,-1.845984031556558e-05
14.0,2.51,14.0,0.0004991502381690993
14.0,2.51,15.0,4.7642501533884385e-06
14.0,2.51,16.0,-0.000729938920193629
14.0,2.51,17.0,-0.006169066032393016
14.0,2.51,18.0,-0.0014764743356013854
14.0,2.51,19.0,-0.0009187385921179958
14.0,2.51,20.0,-0.0009198394998310988
14.0,2.51,21.0,2.205620070472314e-07
14.0,3.01,0.0,7.38064301351038e-05
14.0,3.01,1.0,3.667487602498909e-07
14.0,3.01,2.0,-3.533918611586806e-05
14.0,3.01,3.0,1.413304112629632e-07
14.0,3.01,4.0,-0.0027581887741015
14.0,3.01,5.0,-1.9581813217100923e-06
14.0,3.01,6.0,-0.001021719980831115
14.0,3.01,7.0,-0.001705987406883755
14.0,3.01,8.0,1.413304112629632e-07
14.0,3.01,9.0,-0.0010059366073898249
14.0,3.01,10.0,0.0003633095270746123
14.0,3.01,11.0,1.413304112629632e-07
14.0,3.01,12.0,-0.0011135364833122496
14.0,3.01,13.0,-1.8458479507099668e-05
14.0,3.01,14.0,0.0004991504140562375
14.0,3.01,15.0,4.7647937330697054e-06
14.0,3.01,16.0,-0.0007299378244472465
14.0,3.01,17.0,-0.006169066091345163
14.0,3.01,18.0,-0.0014764745778382826
14.0,3.01,19.0,-0.0009187424312672166
14.0,3.01,20.0,-0.0009198384808039028
14.0,3.01,21.0,2.205620070472314e-07
14.0,3.51,0.0,7.380163923464966e-05
14.0,3.51,1.0,3.6559816302128567e-07
14.0,3.51,2.0,-3.533487534057578e-05
14.0,3.51,3.0,1.413304112629632e-07
14.0,3.51,4.0,-0.0027581860998826535
14.0,3.51,5.0,-1.9581813217096714e-06
14.0,3.51,6.0,-0.0010217218734932532
14.0,3.51,7.0,-0.0017059879279454765
14.0,3.51,8.0,1.413304112629632e-07
14.0,3.51,9.0,-0.0010059367694256888
14.0,3.51,10.0,0.0003633093036899959
14.0,3.51,11.0,1.413304112629632e-07
14.0,3.51,12.0,-0.0011135390004801682
14.0,3.51,13.0,-1.8457118680315077e-05
14.0,3.51,14.0,0.0004991505899455961
14.0,3.51,15.0,4.765337319911911e-06
14.0,3.51,16.0,-0.0007299367286852654
14.0,3.51,17.0,-0.006169066150297978
14.0,3.51,18.0,-0.0014764748200775113
14.0,3.51,19.0,-0.0009187462704688398
14.0,3.51,20.0,-0.0009198374617634952
14.0,3.51,21.0,2.205620070472314e-07
14.0,4.01,0.0,7.379684827091282e-05
14.0,4.01,1.0,3.644475504716027e-07
14.0,4.01,2.0,-3.533056450821803e-05
14.0,4.01,3.0,1.413304112629632e-07
14.0,4.01,4.0,-0.002758183425628502
14.0,4.01,5.0,-1.95818132170925e-06
14.0,4.01,6.0,-0.001021723766179039
14.0,4.01,7.0,-0.0017059884490143729
14.0,4.01,8.0,1.413304112629632e-07
14.0,4.01,9.0,-0.0010059369314639327
14.0,4.01,10.0,0.0003633090803021599
14.0,4.01,11.0,1.413304112629632e-07
14.0,4.01,12.0,-0.0011135415176820596
14.0,4.01,13.0,-1.8455757835600384e-05
14.0,4.01,14.0,0.0004991507658371752
14.0,4.01,15.0,4.765880913915055e-06
14.0,4.01,16.0,-0.0007299356329081852
14.0,4.01,17.0,-0.006169066209251395
14.0,4.01,18.0,-0.0014764750623196266
14.0,4.01,19.0,-0.0009187501097230877
14.0,4.01,20.0,-0.0009198364427093209
14.0,4.01,21.0,2.205620070472314e-07
15.0,0.01,0.0,0.0005830578090301186
15.0,0.01,1.0,6.385130520925042e-05
15.0,0.01,2.0,-0.0002722318825196801
15.0,0.01,3.0,5.324200386125355e-09
15.0,0.01,4.0,-0.0007435742703504333
15.0,0.01,5.0,-0.0073704580346358305
15.0,0.01,6.0,0.001073966411763383
15.0,0.01,7.0,-1.9066436742457026e-05
15.0,0.01,8.0,5.324200386125355e-09
15.0,0.01,9.0,-0.00036663861623590505
15.0,0.01,10.0,-0.0020641740233671713
15.0,0.01,11.0,5.324200386125355e-09
15.0,0.01,12.0,0.00038064797228276603
15.0,0.01,13.0,-0.00011516366470787354
15.0,0.01,14.0,7.402719350468878e-05
15.0,0.01,15.0,-8.549820055936408e-06
15.0,0.01,16.0,0.0007088103336053697
15.0,0.01,17.0,-0.00825561824097687
15.0,0.01,18.0,0.0011507871205711506
15.0,0.01,19.0,0.00017994623683892375
15.0,0.01,20.0,0.00019938691352183735
15.0,0.01,21.0,8.992610600611073e-09
15.0,0.51,0.0,0.0006184717732280465
15.0,0.51,1.0,6.788093433585107e-05
15.0,0.51,2.0,-0.0002892576312444328
15.0,0.51,3.0,5.324200386125355e-09
15.0,0.51,4.0,-0.0007472792764865455
15.0,0.51,5.0,-0.007370425383943674
15.0,0.51,6.0,0.0010753868977440018
15.0,0.51,7.0,-1.906643672897396e-05
15.0,0.51,8.0,5.324200386125355e-09
15.0,0.51,9.0,-0.0003653437783446012
15.0,0.51,10.0,-0.002064219131735434
15.0,0.51,11.0,5.324200386125355e-09
15.0,0.51,12.0,0.0003801725396330724
15.0,0.51,13.0,-0.0001223211923579437
15.0,0.51,14.0,7.367149912622384e-05
15.0,0.51,15.0,-9.08027688334423e-06
15.0,0.51,16.0,0.0007129300685291273
15.0,0.51,17.0,-0.008255539855634457
15.0,0.51,18.0,0.0011505611882787203
15.0,0.51,19.0,0.00018813600707334732
15.0,0.51,20.0,0.0001935036029294679
15.0,0.51,21.0,8.992610600611073e-09
15.0,1.01,0.0,0.000650777557605231
15.0,1.01,1.0,7.154574524859125e-05
15.0,1.01,2.0,-0.0003047545997556522
15.0,1.01,3.0,5.324200386125355e-09
15.0,1.01,4.0,-0.0007506623055875128
15.0,1.01,5.0,-0.007370396028427584
15.0,1.01,6.0,0.0010766678094685789
15.0,1.01,7.0,-1.9066436715812032e-05
15.0,1.01,8.0,5.324200386125355e-09
15.0,1.01,9.0,-0.00036417113776640586
15.0,1.01,10.0,-0.0020642609258198774
15.0,1.01,11.0,5.324200386125355e-09
15.0,1.01,12.0,0.0003797274352163038
15.0,1.01,13.0,-0.000128841176442962
15.0,1.01,14.0,7.3348459228878e-05
15.0,1.01,15.0,-9.560670763131274e-06
15.0,1.01,16.0,0.0007166728595694449
15.0,1.01,17.0,-0.008255469015300866
15.0,1.01,18.0,0.0011503561270672646
15.0,1.01,19.0,0.00019559989144996015
15.0,1.01,20.0,0.0001881429000691881
15.0,1.01,21.0,8.992610656122224e-09
15.0,1.51,0.0,0.0006801467393966476
15.0,1.51,1.0,7.487066671801879e-05
15.0,1.51,2.0,-0.00031882181056741565
15.0,1.51,3.0,5.324200386125355e-09
15.0,1.51,4.0,-0.0007537448094836474
15.0,1.51,5.0,-0.007370369789834798
15.0,1.51,6.0,0.0010778194256428897
15.0,1.51,7.0,-1.9066436702957992e-05
15.0,1.51,8.0,5.324200386125355e-09
15.0,1.51,9.0,-0.00036311325217124046
15.0,1.51,10.0,-0.0020642995110761175
15.0,1.51,11.0,5.324200386125355e-09
15.0,1.51,12.0,0.00037931206608499135
15.0,1.51,13.0,-0.00013476300370279803
15.0,1.51,14.0,7.305597549843446e-05
15.0,1.51,15.0,-9.994672363122792e-06
15.0,1.51,16.0,0.0007200632938477725
15.0,1.51,17.0,-0.008255405270629276
15.0,1.51,18.0,0.0011501700773147716
15.0,1.51,19.0,0.00020238216987222835
15.0,1.51,20.0,0.0001832732454192243
15.0,1.51,21.0,8.992610656122224e-09
15.0,2.01,0.0,0.000706708194173955
15.0,2.01,1.0,7.787614681165067e-05
15.0,2.01,2.0,-0.00033153901521854046
15.0,2.01,3.0,5.324200386125355e-09
15.0,2.01,4.0,-0.0007565442985554283
15.0,2.01,5.0,-0.007370346532156618
15.0,2.01,6.0,0.001078850381244445
15.0,2.01,7.0,-1.9066436690404537e-05
15.0,2.01,8.0,5.324200386125355e-09
15.0,2.01,9.0,-0.00036216423096996353
15.0,2.01,10.0,-0.0020643349560916235
15.0,2.01,11.0,5.324200386125355e-09
15.0,2.01,12.0,0.0003789262785478531
15.0,2.01,13.0,-0.00014011784176515274
15.0,2.01,14.0,7.279235088362979e-05
15.0,2.01,15.0,-1.0385341814966864e-05
15.0,2.01,16.0,0.0007231213023840555
15.0,2.01,17.0,-0.008255348265783693
15.0,2.01,18.0,0.0011500014957306348
15.0,2.01,19.0,0.00020851791645390416
15.0,2.01,20.0,0.0001788698082496598
15.0,2.01,21.0,8.992610656122224e-09
15.0,2.51,0.0,0.0006646513537159615
15.0,2.51,1.0,7.231649125294393e-05
15.0,2.51,2.0,-0.0003095484091638623
15.0,2.51,3.0,5.324200386125355e-09
15.0,2.51,4.0,-0.0007508618065418249
15.0,2.51,5.0,-0.007370255196669929
15.0,2.51,6.0,0.0010771510637805903
15.0,2.51,7.0,-1.9066436837492537e-05
15.0,2.51,8.0,5.324200386125355e-09
15.0,2.51,9.0,-0.0003635329774248977
15.0,2.51,10.0,-0.0020642158579718406
15.0,2.51,11.0,5.324200386125355e-09
15.0,2.51,12.0,0.00037975498474340785
15.0,2.51,13.0,-0.00013125545228320767
15.0,2.51,14.0,7.32422094441576e-05
15.0,2.51,15.0,-9.725161702112128e-06
15.0,2.51,16.0,0.0007179254541391789
15.0,2.51,17.0,-0.008255180398481663
15.0,2.51,18.0,0.001150172792278803
15.0,2.51,19.0,0.00019781633960824774
15.0,2.51,20.0,0.00018601256684969147
15.0,2.51,21.0,8.992610656122224e-09
15.0,3.01,0.0,0.000691701342181994
15.0,3.01,1.0,7.545809218606481e-05
15.0,3.01,2.0,-0.0003226900950702438
15.0,3.01,3.0,5.324200386125355e-09
15.0,3.01,4.0,-0.0007538098776138646
15.0,3.01,5.0,-0.007370231051985814
15.0,3.01,6.0,0.0010782433253692103
15.0,3.01,7.0,-1.906643682385146e-05
15.0,3.01,8.0,5.324200386125355e-09
15.0,3.01,9.0,-0.0003625701981577398
15.0,3.01,10.0,-0.002064253426574819
15.0,3.01,11.0,5.324200386125355e-09
15.0,3.01,12.0,0.00037937598234949466
15.0,3.01,13.0,-0.00013674167418836758
15.0,3.01,14.0,7.296681205687383e-05
15.0,3.01,15.0,-1.013424367729554e-05
15.0,3.01,16.0,0.0007211063712998511
15.0,3.01,17.0,-0.008255119940050529
15.0,3.01,18.0,0.0011500134041255716
15.0,3.01,19.0,0.00020411883268273145
15.0,3.01,20.0,0.0001815290905603506
15.0,3.01,21.0,8.992610656122224e-09
15.0,3.51,0.0,0.0007155136940042439
15.0,3.51,1.0,7.824972671693908e-05
15.0,3.51,2.0,-0.0003343383349457829
15.0,3.51,3.0,5.324200386125355e-09
15.0,3.51,4.0,-0.0007564450256829502
15.0,3.51,5.0,-0.00737021026084488
15.0,3.51,6.0,0.001079204685918933
15.0,3.51,7.0,-1.9066436810524695e-05
15.0,3.51,8.0,5.324200386125355e-09
15.0,3.51,9.0,-0.0003617281371451758
15.0,3.51,10.0,-0.0020642874190356097
15.0,3.51,11.0,5.324200386125355e-09
15.0,3.51,12.0,0.0003790315472209649
15.0,3.51,13.0,-0.00014159540148328542
15.0,3.51,14.0,7.272335339827962e-05
15.0,3.51,15.0,-1.0496313546437541e-05
15.0,3.51,16.0,0.0007239196129021908
15.0,3.51,17.0,-0.008255066965716604
15.0,3.51,18.0,0.001149872567561716
15.0,3.51,19.0,0.0002097022716570085
15.0,3.51,20.0,0.00017756521730138974
15.0,3.51,21.0,8.992610656122224e-09
15.0,4.01,0.0,0.0007360195022868554
15.0,4.01,1.0,8.069482037598164e-05
15.0,4.01,2.0,-0.00034449540539449597
15.0,4.01,3.0,5.324200386125355e-09
15.0,4.01,4.0,-0.0007587692615801389
15.0,4.01,5.0,-0.0073701928710908846
15.0,4.01,6.0,0.001080038278205575
15.0,4.01,7.0,-1.9066436797541577e-05
15.0,4.01,8.0,5.324200386125355e-09
15.0,4.01,9.0,-0.0003610073163992783
15.0,4.01,10.0,-0.0020643176744668257
15.0,4.01,11.0,5.324200386125355e-09
15.0,4.01,12.0,0.0003787244852191396
15.0,4.01,13.0,-0.00014581322985590672
15.0,4.01,14.0,7.251173241772102e-05
15.0,4.01,15.0,-1.0812309277630217e-05
15.0,4.01,16.0,0.0007263666999608454
15.0,4.01,17.0,-0.008255021501943585
15.0,4.01,18.0,0.0011497497074351992
15.0,4.01,19.0,0.0002145630317307301
15.0,4.01,20.0,0.00017412467154731548
15.0,4.01,21.0,8.992610656122224e-09
16.0,0.01,0.0,-7.805016127315767e-05
16.0,0.01,1.0,-9.353830762848236e-05
16.0,0.01,2.0,8.569294122395821e-05
16.0,0.01,3.0,1.7314224415310164e-08
16.0,0.01,4.0,-0.0002486810764095182
16.0,0.01,5.0,-7.381034398959018e-08
16.0,0.01,6.0,-0.0001735150029222865
16.0,0.01,7.0,-0.003302426813273404
16.0,0.01,8.0,1.7314224415310164e-08
16.0,0.01,9.0,-2.768129832073085e-05
16.0,0.01,10.0,1.4620894395633854e-05
16.0,0.01,11.0,1.7314224415310164e-08
16.0,0.01,12.0,-9.835779786376841e-05
16.0,0.01,13.0,5.009880772061104e-05
16.0,0.01,14.0,-5.131618213249922e-06
16.0,0.01,15.0,6.449052650620013e-05
16.0,0.01,16.0,-4.706973501411582e-06
16.0,0.01,17.0,-0.0018021727321565345
16.0,0.01,18.0,-7.590026436732344e-05
16.0,0.01,19.0,-0.00012054783190973417
16.0,0.01,20.0,-8.420452897439645e-05
16.0,0.01,21.0,2.4266442189002646e-08
16.0,0.51,0.0,-7.805016977047163e-05
16.0,0.51,1.0,-9.353831517222577e-05
16.0,0.51,2.0,8.56929458644684e-05
16.0,0.51,3.0,1.7314224415310164e-08
16.0,0.51,4.0,-0.000248681074905277
16.0,0.51,5.0,-7.381034398959026e-08
16.0,0.51,6.0,-0.0001735150091966009
16.0,0.51,7.0,-0.0033024268135370266
16.0,0.51,8.0,1.7314224415310164e-08
16.0,0.51,9.0,-2.7681298373716245e-05
16.0,0.51,10.0,1.4620894320221955e-05
16.0,0.51,11.0,1.7314224415310164e-08
16.0,0.51,12.0,-9.835779895778218e-05
16.0,0.51,13.0,5.0098810272625194e-05
16.0,0.51,14.0,-5.131617978257341e-06
16.0,0.51,15.0,6.449053388285497e-05
16.0,0.51,16.0,-4.706971601597942e-06
16.0,0.51,17.0,-0.001802172732021573
16.0,0.51,18.0,-7.590026227710656e-05
16.0,0.51,19.0,-0.0001205478295831508
16.0,0.51,20.0,-8.42045303242056e-05
16.0,0.51,21.0,2.4266442189002646e-08
16.0,1.01,0.0,-7.805017826734151e-05
16.0,1.01,1.0,-9.353832271563611e-05
16.0,1.01,2.0,8.569295050453452e-05
16.0,1.01,3.0,1.7314224415310164e-08
16.0,1.01,4.0,-0.0002486810734012579
16.0,1.01,5.0,-7.381034398959034e-08
16.0,1.01,6.0,-0.00017351501547069326
16.0,1.01,7.0,-0.0033024268138006282
16.0,1.01,8.0,1.7314224415310164e-08
16.0,1.01,9.0,-2.768129842656286e-05
16.0,1.01,10.0,1.4620894244782301e-05
16.0,1.01,11.0,1.7314224415310164e-08
16.0,1.01,12.0,-9.835780005135186e-05
16.0,1.01,13.0,5.009881282425077e-05
16.0,1.01,14.0,-5.131617743292516e-06
16.0,1.01,15.0,6.449054125928777e-05
16.0,1.01,16.0,-4.706969701895325e-06
16.0,1.01,17.0,-0.0018021727318865075
16.0,1.01,18.0,-7.590026018666762e-05
16.0,1.01,19.0,-0.00012054782725628987
16.0,1.01,20.0,-8.420453167379272e-05
16.0,1.01,21.0,2.4266442189002646e-08
16.0,1.51,0.0,-7.805018676365627e-05
16.0,1.51,1.0,-9.353833025871339e-05
16.0,1.51,2.0,8.569295514404551e-05
16.0,1.51,3.0,1.7314224415310164e-08
16.0,1.51,4.0,-0.0002486810718979049
16.0,1.51,5.0,-7.381034398959043e-08
16.0,1.51,6.0,-0.00017351502174456357
16.0,1.51,7.0,-0.003302426814064209
16.0,1.51,8.0,1.7314224415310164e-08
16.0,1.51,9.0,-2.7681298479242944e-05
16.0,1.51,10.0,1.4620894169342646e-05
16.0,1.51,11.0,1.7314224415310164e-08
16.0,1.51,12.0,-9.835780114531012e-05
16.0,1.51,13.0,5.0098815375709815e-05
16.0,1.51,14.0,-5.131617508313813e-06
16.0,1.51,15.0,6.449054863572057e-05
16.0,1.51,16.0,-4.70696780230373e-06
16.0,1.51,17.0,-0.0018021727317514558
16.0,1.51,18.0,-7.590025809645073e-05
16.0,1.51,19.0,-0.00012054782492937344
16.0,1.51,20.0,-8.420453302371289e-05
16.0,1.51,21.0,2.4266442189002646e-08
16.0,2.01,0.0,-7.805019526063717e-05
16.0,2.01,1.0,-9.353833780229026e-05
16.0,2.01,2.0,8.569295978433367e-05
16.0,2.01,3.0,1.7314224415310164e-08
16.0,2.01,4.0,-0.0002486810703935527
16.0,2.01,5.0,-7.381034398959051e-08
16.0,2.01,6.0,-0.00017351502801887797
16.0,2.01,7.0,-0.0033024268143278072
16.0,2.01,8.0,1.7314224415310164e-08
16.0,2.01,9.0,-2.768129853214507e-05
16.0,2.01,10.0,1.4620894093930747e-05
16.0,2.01,11.0,1.7314224415310164e-08
16.0,2.01,12.0,-9.835780223921287e-05
16.0,2.01,13.0,5.0098817927501926e-05
16.0,2.01,14.0,-5.131617273348987e-06
16.0,2.01,15.0,6.449055601243092e-05
16.0,2.01,16.0,-4.706965902823157e-06
16.0,2.01,17.0,-0.0018021727316164318
16.0,2.01,18.0,-7.590025600578976e-05
16.0,2.01,19.0,-0.00012054782260223496
16.0,2.01,20.0,-8.420453437352204e-05
16.0,2.01,21.0,2.4266442189002646e-08
16.0,2.51,0.0,-7.805020375784011e-05
16.0,2.51,1.0,-9.353834534614469e-05
16.0,2.51,2.0,8.569296442484386e-05
16.0,2.51,3.0,1.7314224415310164e-08
16.0,2.51,4.0,-0.0002486810688897556
16.0,2.51,5.0,-7.38103439895906e-08
16.0,2.51,6.0,-0.00017351503429319237
16.0,2.51,7.0,-0.0033024268145914124
16.0,2.51,8.0,1.7314224415310164e-08
16.0,2.51,9.0,-2.7681298585185976e-05
16.0,2.51,10.0,1.4620894018518849e-05
16.0,2.51,11.0,1.7314224415310164e-08
16.0,2.51,12.0,-9.83578033330601e-05
16.0,2.51,13.0,5.009882047946057e-05
16.0,2.51,14.0,-5.131617038356406e-06
16.0,2.51,15.0,6.449056338919679e-05
16.0,2.51,16.0,-4.706964002898495e-06
16.0,2.51,17.0,-0.0018021727314814565
16.0,2.51,18.0,-7.590025391568389e-05
16.0,2.51,19.0,-0.00012054782027576261
16.0,2.51,20.0,-8.420453572322018e-05
16.0,2.51,21.0,2.4266442189002646e-08
16.0,3.01,0.0,-7.805021225448794e-05
16.0,3.01,1.0,-9.353835288944401e-05
16.0,3.01,2.0,8.569296906479895e-05
16.0,3.01,3.0,1.7314224415310164e-08
16.0,3.01,4.0,-0.00024868106738551443
16.0,3.01,5.0,-7.381034398959068e-08
16.0,3.01,6.0,-0.0001735150405676178
16.0,3.01,7.0,-0.003302426814855021
16.0,3.01,8.0,1.7314224415310164e-08
16.0,3.01,9.0,-2.7681298638004836e-05
16.0,3.01,10.0,1.4620893943051438e-05
16.0,3.01,11.0,1.7314224415310164e-08
16.0,3.01,12.0,-9.835780442707387e-05
16.0,3.01,13.0,5.009882303103064e-05
16.0,3.01,14.0,-5.131616803363825e-06
16.0,3.01,15.0,6.44905707656851e-05
16.0,3.01,16.0,-4.706962103417922e-06
16.0,3.01,17.0,-0.0018021727313464256
16.0,3.01,18.0,-7.590025182524496e-05
16.0,3.01,19.0,-0.00012054781794873515
16.0,3.01,20.0,-8.420453707314035e-05
16.0,3.01,21.0,2.4266442189002646e-08
16.0,3.51,0.0,-7.805022075124679e-05
16.0,3.51,1.0,-9.353836043296537e-05
16.0,3.51,2.0,8.569297370475404e-05
16.0,3.51,3.0,1.7314224415310164e-08
16.0,3.51,4.0,-0.0002486810658814953
16.0,3.51,5.0,-7.381034398959076e-08
16.0,3.51,6.0,-0.00017351504684182117
16.0,3.51,7.0,-0.0033024268151186087
16.0,3.51,8.0,1.7314224415310164e-08
16.0,3.51,9.0,-2.7681298690851452e-05
16.0,3.51,10.0,1.4620893867584028e-05
16.0,3.51,11.0,1.7314224415310164e-08
16.0,3.51,12.0,-9.835780552114315e-05
16.0,3.51,13.0,5.0098825582711726e-05
16.0,3.51,14.0,-5.131616568385122e-06
16.0,3.51,15.0,6.449057814228443e-05
16.0,3.51,16.0,-4.706960203715305e-06
16.0,3.51,17.0,-0.0018021727312114086
16.0,3.51,18.0,-7.590024973480602e-05
16.0,3.51,19.0,-0.00012054781562181871
16.0,3.51,20.0,-8.420453842306053e-05
16.0,3.51,21.0,2.4266442189002646e-08
16.0,4.01,0.0,-7.805022924867178e-05
16.0,4.01,1.0,-9.353836797687531e-05
16.0,4.01,2.0,8.569297834537526e-05
16.0,4.01,3.0,1.7314224415310164e-08
16.0,4.01,4.0,-0.0002486810643770321
16.0,4.01,5.0,-7.381034398959085e-08
16.0,4.01,6.0,-0.00017351505311635762
16.0,4.01,7.0,-0.0033024268153822277
16.0,4.01,8.0,1.7314224415310164e-08
16.0,4.01,9.0,-2.7681298743892357e-05
16.0,4.01,10.0,1.4620893792144374e-05
16.0,4.01,11.0,1.7314224415310164e-08
16.0,4.01,12.0,-9.835780661493487e-05
16.0,4.01,13.0,5.009882813478139e-05
16.0,4.01,14.0,-5.1316163333786635e-06
16.0,4.01,15.0,6.44905855191058e-05
16.0,4.01,16.0,-4.706958303790643e-06
16.0,4.01,17.0,-0.0018021727310764263
16.0,4.01,18.0,-7.590024764403402e-05
16.0,4.01,19.0,-0.00012054781329517983
16.0,4.01,20.0,-8.420453977286968e-05
16.0,4.01,21.0,2.4266442189002646e-08
17.0,0.01,0.0,-0.00019058508143088293
17.0,0.01,1.0,-2.691266014837046e-05
17.0,0.01,2.0,6.548221462210346e-05
17.0,0.01,3.0,4.845626039307049e-09
17.0,0.01,4.0,0.0007198601088205248
17.0,0.01,5.0,-1.3164752196290623e-07
17.0,0.01,6.0,0.0002825638552281795
17.0,0.01,7.0,-0.002400165137460719
17.0,0.01,8.0,4.845626039307049e-09
17.0,0.01,9.0,-3.118881618885405e-05
17.0,0.01,10.0,-6.0039848083004443e-05
17.0,0.01,11.0,4.845626039307049e-09
17.0,0.01,12.0,0.0004945415173846501
17.0,0.01,13.0,6.149509264086195e-05
17.0,0.01,14.0,-0.004034880411399493
17.0,0.01,15.0,2.343879624333578e-06
17.0,0.01,16.0,0.0002747880902189692
17.0,0.01,17.0,-0.0018415832117671949
17.0,0.01,18.0,0.001325098001888847
17.0,0.01,19.0,-0.000661900291403339
17.0,0.01,20.0,0.0005814508495713966
17.0,0.01,21.0,7.48507630876638e-09
17.0,0.51,0.0,-0.00019058507111213707
17.0,0.51,1.0,-2.6912658712130444e-05
17.0,0.51,2.0,6.548221141089439e-05
17.0,0.51,3.0,4.845626039307049e-09
17.0,0.51,4.0,0.0007198601083940881
17.0,0.51,5.0,-1.3164752196290623e-07
17.0,0.51,6.0,0.00028256385483560464
17.0,0.51,7.0,-0.0024001651372681787
17.0,0.51,8.0,4.845626039307049e-09
17.0,0.51,9.0,-3.118881479804991e-05
17.0,0.51,10.0,-6.003984815480812e-05
17.0,0.51,11.0,4.845626039307049e-09
17.0,0.51,12.0,0.0004945415163358224
17.0,0.51,13.0,6.14950895318489e-05
17.0,0.51,14.0,-0.004034880411401986
17.0,0.51,15.0,2.3438794953256625e-06
17.0,0.51,16.0,0.00027478809068159915
17.0,0.51,17.0,-0.0018415832115182829
17.0,0.51,18.0,0.001325098002073477
17.0,0.51,19.0,-0.0006619002899216353
17.0,0.51,20.0,0.0005814508481085667
17.0,0.51,21.0,7.48507630876638e-09
17.0,1.01,0.0,-0.00019058506079261406
17.0,1.01,1.0,-2.6912657275834917e-05
17.0,1.01,2.0,6.548220819957429e-05
17.0,1.01,3.0,4.845626039307049e-09
17.0,1.01,4.0,0.0007198601079674294
17.0,1.01,5.0,-1.3164752196290623e-07
17.0,1.01,6.0,0.0002825638544431408
17.0,1.01,7.0,-0.0024001651370756313
17.0,1.01,8.0,4.845626039307049e-09
17.0,1.01,9.0,-3.118881340713475e-05
17.0,1.01,10.0,-6.003984822655628e-05
17.0,1.01,11.0,4.845626039307049e-09
17.0,1.01,12.0,0.0004945415152870503
17.0,1.01,13.0,6.149508642266932e-05
17.0,1.01,14.0,-0.004034880411404477
17.0,1.01,15.0,2.3438793663732582e-06
17.0,1.01,16.0,0.0002747880911443956
17.0,1.01,17.0,-0.0018415832112693223
17.0,1.01,18.0,0.0013250980022582182
17.0,1.01,19.0,-0.0006619002884398761
17.0,1.01,20.0,0.0005814508466457369
17.0,1.01,21.0,7.48507630876638e-09
17.0,1.51,0.0,-0.00019058505047298002
17.0,1.51,1.0,-2.691265583948388e-05
17.0,1.51,2.0,6.548220498814317e-05
17.0,1.51,3.0,4.845626039307049e-09
17.0,1.51,4.0,0.0007198601075411037
17.0,1.51,5.0,-1.3164752196290623e-07
17.0,1.51,6.0,0.0002825638540504549
17.0,1.51,7.0,-0.002400165136883077
17.0,1.51,8.0,4.845626039307049e-09
17.0,1.51,9.0,-3.1188812016191836e-05
17.0,1.51,10.0,-6.00398482983322e-05
17.0,1.51,11.0,4.845626039307049e-09
17.0,1.51,12.0,0.0004945415142382781
17.0,1.51,13.0,6.149508331354525e-05
17.0,1.51,14.0,-0.004034880411406969
17.0,1.51,15.0,2.343879237420854e-06
17.0,1.51,16.0,0.00027478809160691453
17.0,1.51,17.0,-0.0018415832110203548
17.0,1.51,18.0,0.0013250980024429593
17.0,1.51,19.0,-0.0006619002869579504
17.0,1.51,20.0,0.000581450845182796
17.0,1.51,21.0,7.48507630876638e-09
17.0,2.01,0.0,-0.00019058504015423416
17.0,2.01,1.0,-2.6912654403410396e-05
17.0,2.01,2.0,6.548220177704511e-05
17.0,2.01,3.0,4.845626039307049e-09
17.0,2.01,4.0,0.0007198601071145561
17.0,2.01,5.0,-1.3164752196290623e-07
17.0,2.01,6.0,0.0002825638536579911
17.0,2.01,7.0,-0.0024001651366905505
17.0,2.01,8.0,4.845626039307049e-09
17.0,2.01,9.0,-3.118881062541545e-05
17.0,2.01,10.0,-6.003984837010812e-05
17.0,2.01,11.0,4.845626039307049e-09
17.0,2.01,12.0,0.0004945415131895614
17.0,2.01,13.0,6.149508020469874e-05
17.0,2.01,14.0,-0.004034880411409461
17.0,2.01,15.0,2.3438791084129385e-06
17.0,2.01,16.0,0.0002747880920696555
17.0,2.01,17.0,-0.001841583210771422
17.0,2.01,18.0,0.0013250980026275894
17.0,2.01,19.0,-0.0006619002854763023
17.0,2.01,20.0,0.0005814508437198551
17.0,2.01,21.0,7.48507630876638e-09
17.0,2.51,0.0,-0.0001905850298354883
17.0,2.51,1.0,-2.691265296705936e-05
17.0,2.51,2.0,6.548219856572501e-05
17.0,2.51,3.0,4.845626039307049e-09
17.0,2.51,4.0,0.0007198601066880084
17.0,2.51,5.0,-1.3164752196290623e-07
17.0,2.51,6.0,0.00028256385326552724
17.0,2.51,7.0,-0.002400165136498003
17.0,2.51,8.0,4.845626039307049e-09
17.0,2.51,9.0,-3.118880923458356e-05
17.0,2.51,10.0,-6.0039848441884036e-05
17.0,2.51,11.0,4.845626039307049e-09
17.0,2.51,12.0,0.0004945415121408447
17.0,2.51,13.0,6.149507709568569e-05
17.0,2.51,14.0,-0.004034880411411954
17.0,2.51,15.0,2.343878979405023e-06
17.0,2.51,16.0,0.00027478809253245196
17.0,2.51,17.0,-0.0018415832105224822
17.0,2.51,18.0,0.0013250980028124415
17.0,2.51,19.0,-0.0006619002839946542
17.0,2.51,20.0,0.0005814508422570253
17.0,2.51,21.0,7.48507630876638e-09
17.0,3.01,0.0,-0.00019058501951663143
17.0,3.01,1.0,-2.6912651530874854e-05
17.0,3.01,2.0,6.548219535473798e-05
17.0,3.01,3.0,4.845626039307049e-09
17.0,3.01,4.0,0.0007198601062616827
17.0,3.01,5.0,-1.3164752196290623e-07
17.0,3.01,6.0,0.0002825638528729524
17.0,3.01,7.0,-0.0024001651363054835
17.0,3.01,8.0,4.845626039307049e-09
17.0,3.01,9.0,-3.1188807843807176e-05
17.0,3.01,10.0,-6.0039848513659955e-05
17.0,3.01,11.0,4.845626039307049e-09
17.0,3.01,12.0,0.000494541511092017
17.0,3.01,13.0,6.149507398678367e-05
17.0,3.01,14.0,-0.004034880411414445
17.0,3.01,15.0,2.3438788504526187e-06
17.0,3.01,16.0,0.00027478809299497087
17.0,3.01,17.0,-0.0018415832102735702
17.0,3.01,18.0,0.0013250980029969606
17.0,3.01,19.0,-0.0006619002825130615
17.0,3.01,20.0,0.0005814508407941954
17.0,3.01,21.0,7.48507630876638e-09
17.0,3.51,0.0,-0.00019058500919744148
17.0,3.51,1.0,-2.691265009469035e-05
17.0,3.51,2.0,6.548219214330686e-05
17.0,3.51,3.0,4.845626039307049e-09
17.0,3.51,4.0,0.000719860105835024
17.0,3.51,5.0,-1.3164752196290623e-07
17.0,3.51,6.0,0.0002825638524803775
17.0,3.51,7.0,-0.002400165136112936
17.0,3.51,8.0,4.845626039307049e-09
17.0,3.51,9.0,-3.118880645291977e-05
17.0,3.51,10.0,-6.003984858540812e-05
17.0,3.51,11.0,4.845626039307049e-09
17.0,3.51,12.0,0.0004945415100433004
17.0,3.51,13.0,6.149507087777062e-05
17.0,3.51,14.0,-0.004034880411416938
17.0,3.51,15.0,2.3438787215002144e-06
17.0,3.51,16.0,0.00027478809345787836
17.0,3.51,17.0,-0.0018415832100246235
17.0,3.51,18.0,0.0013250980031817017
17.0,3.51,19.0,-0.0006619002810311914
17.0,3.51,20.0,0.0005814508393312545
17.0,3.51,21.0,7.48507630876638e-09
17.0,4.01,0.0,-0.00019058499887791847
17.0,4.01,1.0,-2.691264865833931e-05
17.0,4.01,2.0,6.548218893209778e-05
17.0,4.01,3.0,4.845626039307049e-09
17.0,4.01,4.0,0.0007198601054084763
17.0,4.01,5.0,-1.3164752196290623e-07
17.0,4.01,6.0,0.00028256385208780266
17.0,4.01,7.0,-0.0024001651359203888
17.0,4.01,8.0,4.845626039307049e-09
17.0,4.01,9.0,-3.118880506206012e-05
17.0,4.01,10.0,-6.0039848657184036e-05
17.0,4.01,11.0,4.845626039307049e-09
17.0,4.01,12.0,0.0004945415089944727
17.0,4.01,13.0,6.149506776864655e-05
17.0,4.01,14.0,-0.00403488041141943
17.0,4.01,15.0,2.34387859254781e-06
17.0,4.01,16.0,0.00027478809392039727
17.0,4.01,17.0,-0.0018415832097756699
17.0,4.01,18.0,0.0013250980033663318
17.0,4.01,19.0,-0.0006619002795494877
17.0,4.01,20.0,0.0005814508378682026
17.0,4.01,21.0,7.48507630876638e-09
18.0,0.01,0.0,-6.218640319299862e-05
18.0,0.01,1.0,-3.020097639860886e-06
18.0,0.01,2.0,1.118976416503159e-05
18.0,0.01,3.0,4.257954905328987e-09
18.0,0.01,4.0,0.006311599886845043
18.0,0.01,5.0,-1.3098601146364277e-09
18.0,0.01,6.0,0.00199800782550974
18.0,0.01,7.0,-0.0007035609476563065
18.0,0.01,8.0,4.257954905328987e-09
18.0,0.01,9.0,-8.379722032159087e-06
18.0,0.01,10.0,-0.0003462347489716078
18.0,0.01,11.0,4.257954905328987e-09
18.0,0.01,12.0,0.0016786531790830006
18.0,0.01,13.0,1.7166769232024315e-05
18.0,0.01,14.0,-2.0320260414264503e-06
18.0,0.01,15.0,2.10100653152967e-07
18.0,0.01,16.0,0.0013936684566002722
18.0,0.01,17.0,0.0011340988723113066
18.0,0.01,18.0,0.002102864503981894
18.0,0.01,19.0,0.002988400474738695
18.0,0.01,20.0,0.0016316477621076686
18.0,0.01,21.0,7.895417097891766e-09
18.0,0.51,0.0,-6.218640311506096e-05
18.0,0.51,1.0,-3.0200976334215923e-06
18.0,0.51,2.0,1.1189764158814341e-05
18.0,0.51,3.0,4.257954905328987e-09
18.0,0.51,4.0,0.006311599886839048
18.0,0.51,5.0,-1.3098601146364277e-09
18.0,0.51,6.0,0.0019980078255066314
18.0,0.51,7.0,-0.0007035609476598731
18.0,0.51,8.0,4.257954905328987e-09
18.0,0.51,9.0,-8.379722026025105e-06
18.0,0.51,10.0,-0.0003462347489712192
18.0,0.51,11.0,4.257954905328987e-09
18.0,0.51,12.0,0.0016786531790756731
18.0,0.51,13.0,1.716676922214333e-05
18.0,0.51,14.0,-2.0320260414264503e-06
18.0,0.51,15.0,2.1010065331950045e-07
18.0,0.51,16.0,0.0013936684565956092
18.0,0.51,17.0,0.0011340988723092527
18.0,0.51,18.0,0.0021028645039804506
18.0,0.51,19.0,0.0029884004747420256
18.0,0.51,20.0,0.0016316477621158842
18.0,0.51,21.0,7.895417097891766e-09
18.0,1.01,0.0,-6.218640303889966e-05
18.0,1.01,1.0,-3.0200976269822988e-06
18.0,1.01,2.0,1.1189764152708115e-05
18.0,1.01,3.0,4.257954905328987e-09
18.0,1.01,4.0,0.0063115998868330525
18.0,1.01,5.0,-1.3098601146364277e-09
18.0,1.01,6.0,0.0019980078255035227
18.0,1.01,7.0,-0.0007035609476635785
18.0,1.01,8.0,4.257954905328987e-09
18.0,1.01,9.0,-8.379722020196434e-06
18.0,1.01,10.0,-0.00034623474897074735
18.0,1.01,11.0,4.257954905328987e-09
18.0,1.01,12.0,0.0016786531790683457
18.0,1.01,13.0,1.7166769212817456e-05
18.0,1.01,14.0,-2.0320260414264503e-06
18.0,1.01,15.0,2.1010065354154506e-07
18.0,1.01,16.0,0.0013936684565911683
18.0,1.01,17.0,0.0011340988723071987
18.0,1.01,18.0,0.0021028645039791183
18.0,1.01,19.0,0.0029884004747452453
18.0,1.01,20.0,0.001631647762124544
18.0,1.01,21.0,7.895417097891766e-09
18.0,1.51,0.0,-6.21864029634045e-05
18.0,1.51,1.0,-3.0200976205985164e-06
18.0,1.51,2.0,1.1189764146823933e-05
18.0,1.51,3.0,4.257954905328987e-09
18.0,1.51,4.0,0.006311599886827279
18.0,1.51,5.0,-1.3098601146364277e-09
18.0,1.51,6.0,0.001998007825500636
18.0,1.51,7.0,-0.0007035609476673116
18.0,1.51,8.0,4.257954905328987e-09
18.0,1.51,9.0,-8.379722014395519e-06
18.0,1.51,10.0,-0.000346234748970331
18.0,1.51,11.0,4.257954905328987e-09
18.0,1.51,12.0,0.0016786531790609627
18.0,1.51,13.0,1.7166769203602605e-05
18.0,1.51,14.0,-2.0320260414264503e-06
18.0,1.51,15.0,2.101006537080785e-07
18.0,1.51,16.0,0.0013936684565866164
18.0,1.51,17.0,0.0011340988723051448
18.0,1.51,18.0,0.002102864503977564
18.0,1.51,19.0,0.002988400474748132
18.0,1.51,20.0,0.0016316477621334258
18.0,1.51,21.0,7.895417097891766e-09
18.0,2.01,0.0,-6.218640288491173e-05
18.0,2.01,1.0,-3.020097614159223e-06
18.0,2.01,2.0,1.118976414038464e-05
18.0,2.01,3.0,4.257954905328987e-09
18.0,2.01,4.0,0.006311599886821284
18.0,2.01,5.0,-1.3098601146364277e-09
18.0,2.01,6.0,0.0019980078254975275
18.0,2.01,7.0,-0.0007035609476708921
18.0,2.01,8.0,4.257954905328987e-09
18.0,2.01,9.0,-8.379722008261536e-06
18.0,2.01,10.0,-0.0003462347489699147
18.0,2.01,11.0,4.257954905328987e-09
18.0,2.01,12.0,0.0016786531790536907
18.0,2.01,13.0,1.7166769193610598e-05
18.0,2.01,14.0,-2.0320260414264503e-06
18.0,2.01,15.0,2.1010065393012312e-07
18.0,2.01,16.0,0.0013936684565820645
18.0,2.01,17.0,0.001134098872303202
18.0,2.01,18.0,0.0021028645039763427
18.0,2.01,19.0,0.0029884004747516846
18.0,2.01,20.0,0.0016316477621417524
18.0,2.01,21.0,7.895417097891766e-09
18.0,2.51,0.0,-6.218640280575283e-05
18.0,2.51,1.0,-3.020097607664418e-06
18.0,2.51,2.0,1.1189764133834323e-05
18.0,2.51,3.0,4.257954905328987e-09
18.0,2.51,4.0,0.006311599886815178
18.0,2.51,5.0,-1.3098601146364277e-09
18.0,2.51,6.0,0.001998007825494308
18.0,2.51,7.0,-0.000703560947674417
18.0,2.51,8.0,4.257954905328987e-09
18.0,2.51,9.0,-8.379722001988776e-06
18.0,2.51,10.0,-0.00034623474896949835
18.0,2.51,11.0,4.257954905328987e-09
18.0,2.51,12.0,0.0016786531790461412
18.0,2.51,13.0,1.7166769183396546e-05
18.0,2.51,14.0,-2.0320260414264503e-06
18.0,2.51,15.0,2.1010065409665657e-07
18.0,2.51,16.0,0.0013936684565775126
18.0,2.51,17.0,0.001134098872301259
18.0,2.51,18.0,0.0021028645039748994
18.0,2.51,19.0,0.0029884004747554593
18.0,2.51,20.0,0.001631647762149968
18.0,2.51,21.0,7.895417097891766e-09
18.0,3.01,0.0,-6.218640273059073e-05
18.0,3.01,1.0,-3.020097601336147e-06
18.0,3.01,2.0,1.1189764128061164e-05
18.0,3.01,3.0,4.257954905328987e-09
18.0,3.01,4.0,0.006311599886809294
18.0,3.01,5.0,-1.3098601146364277e-09
18.0,3.01,6.0,0.0019980078254914213
18.0,3.01,7.0,-0.0007035609476781501
18.0,3.01,8.0,4.257954905328987e-09
18.0,3.01,9.0,-8.379721996243372e-06
18.0,3.01,10.0,-0.000346234748969082
18.0,3.01,11.0,4.257954905328987e-09
18.0,3.01,12.0,0.0016786531790388137
18.0,3.01,13.0,1.716676917440374e-05
18.0,3.01,14.0,-2.0320260414264507e-06
18.0,3.01,15.0,2.1010065420767887e-07
18.0,3.01,16.0,0.0013936684565729607
18.0,3.01,17.0,0.0011340988722991496
18.0,3.01,18.0,0.002102864503973345
18.0,3.01,19.0,0.002988400474758346
18.0,3.01,20.0,0.0016316477621588499
18.0,3.01,21.0,7.895417097891766e-09
18.0,3.51,0.0,-6.218640265465147e-05
18.0,3.51,1.0,-3.0200975948968534e-06
18.0,3.51,2.0,1.1189764122176982e-05
18.0,3.51,3.0,4.257954905328987e-09
18.0,3.51,4.0,0.0063115998868032985
18.0,3.51,5.0,-1.3098601146364277e-09
18.0,3.51,6.0,0.0019980078254882017
18.0,3.51,7.0,-0.0007035609476818833
18.0,3.51,8.0,4.257954905328987e-09
18.0,3.51,9.0,-8.379721990414701e-06
18.0,3.51,10.0,-0.0003462347489686657
18.0,3.51,11.0,4.257954905328987e-09
18.0,3.51,12.0,0.0016786531790314307
18.0,3.51,13.0,1.7166769165077866e-05
18.0,3.51,14.0,-2.0320260414264507e-06
18.0,3.51,15.0,2.1010065448523463e-07
18.0,3.51,16.0,0.0013936684565685198
18.0,3.51,17.0,0.0011340988722970402
18.0,3.51,18.0,0.002102864503972013
18.0,3.51,19.0,0.0029884004747613435
18.0,3.51,20.0,0.0016316477621673986
18.0,3.51,21.0,7.895417097891766e-09
18.0,4.01,0.0,-6.218640257527053e-05
18.0,4.01,1.0,-3.0200975884020487e-06
18.0,4.01,2.0,1.1189764115515644e-05
18.0,4.01,3.0,4.257954905328987e-09
18.0,4.01,4.0,0.006311599886797303
18.0,4.01,5.0,-1.3098601146364277e-09
18.0,4.01,6.0,0.001998007825485204
18.0,4.01,7.0,-0.0007035609476853805
18.0,4.01,8.0,4.257954905328987e-09
18.0,4.01,9.0,-8.379721984169697e-06
18.0,4.01,10.0,-0.00034623474896824935
18.0,4.01,11.0,4.257954905328987e-09
18.0,4.01,12.0,0.0016786531790241033
18.0,4.01,13.0,1.7166769154752792e-05
18.0,4.01,14.0,-2.0320260414264507e-06
18.0,4.01,15.0,2.1010065459625693e-07
18.0,4.01,16.0,0.0013936684565638569
18.0,4.01,17.0,0.0011340988722950973
18.0,4.01,18.0,0.0021028645039706806
18.0,4.01,19.0,0.0029884004747652293
18.0,4.01,20.0,0.0016316477621756142
18.0,4.01,21.0,7.895417097891766e-09
19.0,0.01,0.0,4.925200252081652e-07
19.0,0.01,1.0,5.4933334575568704e-05
19.0,0.01,2.0,-3.30702122123272e-05
19.0,0.01,3.0,1.2793527209842281e-08
19.0,0.01,4.0,-0.0024563604185189325
19.0,0.01,5.0,-0.004808016012577708
19.0,0.01,6.0,0.000753764530694756
19.0,0.01,7.0,-0.009573231176244694
19.0,0.01,8.0,1.2793527209842281e-08
19.0,0.01,9.0,-0.00038222388017727926
19.0,0.01,10.0,-0.0010604052509632922
19.0,0.01,11.0,1.2793527209842281e-08
19.0,0.01,12.0,0.0005771896261550502
19.0,0.01,13.0,-1.5848735370749267e-06
19.0,0.01,14.0,-2.366244597632618e-05
19.0,0.01,15.0,-4.1946158346184426e-05
19.0,0.01,16.0,0.0006588972554013028
19.0,0.01,17.0,-0.006829177184773584
19.0,0.01,18.0,0.0012637272541984323
19.0,0.01,19.0,-0.00010433619317667953
19.0,0.01,20.0,-0.00018616628170620153
19.0,0.01,21.0,2.1254290882843918e-08
19.0,0.51,0.0,4.925200253191875e-07
19.0,0.51,1.0,5.4933326566974916e-05
19.0,0.51,2.0,-3.307020794995896e-05
19.0,0.51,3.0,1.2793527209842281e-08
19.0,0.51,4.0,-0.0024563602257241524
19.0,0.51,5.0,-0.004808016012752522
19.0,0.51,6.0,0.0007537643156941831
19.0,0.51,7.0,-0.009573231178972161
19.0,0.51,8.0,1.2793527209842281e-08
19.0,0.51,9.0,-0.00038222388046291883
19.0,0.51,10.0,-0.0010604052377438666
19.0,0.51,11.0,1.2793527209842281e-08
19.0,0.51,12.0,0.0005771896203483617
19.0,0.51,13.0,-1.5848735286372317e-06
19.0,0.51,14.0,-2.3662445976327812e-05
19.0,0.51,15.0,-4.194615204178298e-05
19.0,0.51,16.0,0.000658897054259866
19.0,0.51,17.0,-0.00682917718581056
19.0,0.51,18.0,0.0012637273745618183
19.0,0.51,19.0,-0.00010433608236370961
19.0,0.51,20.0,-0.0001861663138854608
19.0,0.51,21.0,2.1254290882843918e-08
19.0,1.01,0.0,4.925200253191875e-07
19.0,1.01,1.0,5.493331850686678e-05
19.0,1.01,2.0,-3.307020366016822e-05
19.0,1.01,3.0,1.2793527209842281e-08
19.0,1.01,4.0,-0.0024563600316308554
19.0,1.01,5.0,-0.004808016012926388
19.0,1.01,6.0,0.0007537640993858785
19.0,1.01,7.0,-0.0095732311816814
19.0,1.01,8.0,1.2793527209842281e-08
19.0,1.01,9.0,-0.0003822238807468237
19.0,1.01,10.0,-0.0010604052244002626
19.0,1.01,11.0,1.2793527209842281e-08
19.0,1.01,12.0,0.0005771896147913624
19.0,1.01,13.0,-1.5848735200330033e-06
19.0,1.01,14.0,-2.3662445976329442e-05
19.0,1.01,15.0,-4.194614569702493e-05
19.0,1.01,16.0,0.0006588968518488891
19.0,1.01,17.0,-0.0068291771868429
19.0,1.01,18.0,0.0012637274953392064
19.0,1.01,19.0,-0.00010433597102871284
19.0,1.01,20.0,-0.00018616634612433902
19.0,1.01,21.0,2.1254290882843918e-08
19.0,1.51,0.0,4.925200253191875e-07
19.0,1.51,1.0,5.4933310395188784e-05
19.0,1.51,2.0,-3.307019934273292e-05
19.0,1.51,3.0,1.2793527209842281e-08
19.0,1.51,4.0,-0.0024563598362239425
19.0,1.51,5.0,-0.004808016013099311
19.0,1.51,6.0,0.0007537638817544101
19.0,1.51,7.0,-0.009573231184372435
19.0,1.51,8.0,1.2793527209842281e-08
19.0,1.51,9.0,-0.0003822238810290285
19.0,1.51,10.0,-0.0010604052109310924
19.0,1.51,11.0,1.2793527209842281e-08
19.0,1.51,12.0,0.000577189609487605
19.0,1.51,13.0,-1.5848735115397972e-06
19.0,1.51,14.0,-2.3662445976331062e-05
19.0,1.51,15.0,-4.194613931135516e-05
19.0,1.51,16.0,0.0006588966481540504
19.0,1.51,17.0,-0.006829177187870631
19.0,1.51,18.0,0.0012637276165345934
19.0,1.51,19.0,-0.00010433585916641563
19.0,1.51,20.0,-0.0001861663784236134
19.0,1.51,21.0,2.1254290882843918e-08
19.0,2.01,0.0,4.925200253191875e-07
19.0,2.01,1.0,5.493330223099724e-05
19.0,2.01,2.0,-3.307019499720898e-05
19.0,2.01,3.0,1.2793527209842281e-08
19.0,2.01,4.0,-0.0024563596394965304
19.0,2.01,5.0,-0.004808016013271294
19.0,2.01,6.0,0.0007537636627937827
19.0,2.01,7.0,-0.009573231187045332
19.0,2.01,8.0,1.2793527209842281e-08
19.0,2.01,9.0,-0.00038222388130952634
19.0,2.01,10.0,-0.0010604051973351347
19.0,2.01,11.0,1.2793527209842281e-08
19.0,2.01,12.0,0.0005771896044417524
19.0,2.01,13.0,-1.5848735028800576e-06
19.0,2.01,14.0,-2.3662445976332678e-05
19.0,2.01,15.0,-4.1946132884607135e-05
19.0,2.01,16.0,0.0006588964431683553
19.0,2.01,17.0,-0.006829177188893781
19.0,2.01,18.0,0.0012637277381463141
19.0,2.01,19.0,-0.00010433574677604085
19.0,2.01,20.0,-0.00018616641078172957
19.0,2.01,21.0,2.1254290882843918e-08
19.0,2.51,0.0,4.925200253191875e-07
19.0,2.51,1.0,5.4933294014347656e-05
19.0,2.51,2.0,-3.307019062426253e-05
19.0,2.51,3.0,1.2793527209842281e-08
19.0,2.51,4.0,-0.0024563594414368506
19.0,2.51,5.0,-0.004808016013442341
19.0,2.51,6.0,0.0007537634424932271
19.0,2.51,7.0,-0.009573231189700146
19.0,2.51,8.0,1.2793527209842281e-08
19.0,2.51,9.0,-0.0003822238815883172
19.0,2.51,10.0,-0.0010604051836110018
19.0,2.51,11.0,1.2793527209842281e-08
19.0,2.51,12.0,0.0005771895996589671
19.0,2.51,13.0,-1.5848734941092957e-06
19.0,2.51,14.0,-2.3662445976334287e-05
19.0,2.51,15.0,-4.194612641644779e-05
19.0,2.51,16.0,0.0006588962368815343
19.0,2.51,17.0,-0.006829177189912378
19.0,2.51,18.0,0.0012637278601741464
19.0,2.51,19.0,-0.00010433563385481293
19.0,2.51,20.0,-0.00018616644319813247
19.0,2.51,21.0,2.1254290882843918e-08
19.0,3.01,0.0,4.925200253191875e-07
19.0,3.01,1.0,5.4933285744296345e-05
19.0,3.01,2.0,-3.307018622233926e-05
19.0,3.01,3.0,1.2793527209842281e-08
19.0,3.01,4.0,-0.002456359242038242
19.0,3.01,5.0,-0.004808016013612456
19.0,3.01,6.0,0.000753763220845971
19.0,3.01,7.0,-0.009573231192336919
19.0,3.01,8.0,1.2793527209842281e-08
19.0,3.01,9.0,-0.0003822238818654358
19.0,3.01,10.0,-0.0010604051697576111
19.0,3.01,11.0,1.2793527209842281e-08
19.0,3.01,12.0,0.0005771895951426909
19.0,3.01,13.0,-1.5848734852275115e-06
19.0,3.01,14.0,-2.366244597633589e-05
19.0,3.01,15.0,-4.194611990626651e-05
19.0,3.01,16.0,0.0006588960292859269
19.0,3.01,17.0,-0.006829177190926446
19.0,3.01,18.0,0.0012637279826194225
19.0,3.01,19.0,-0.00010433552040023386
19.0,3.01,20.0,-0.00018616647567215594
19.0,3.01,21.0,2.1254290882843918e-08
19.0,3.51,0.0,4.925200254302098e-07
19.0,3.51,1.0,5.493327742051024e-05
19.0,3.51,2.0,-3.307018179199428e-05
19.0,3.51,3.0,1.2793527209842281e-08
19.0,3.51,4.0,-0.00245635904129049
19.0,3.51,5.0,-0.004808016013781644
19.0,3.51,6.0,0.0007537629978414673
19.0,3.51,7.0,-0.009573231194955713
19.0,3.51,8.0,1.2793527209842281e-08
19.0,3.51,9.0,-0.00038222388214090297
19.0,3.51,10.0,-0.0010604051557736305
19.0,3.51,11.0,1.2793527209842281e-08
19.0,3.51,12.0,0.0005771895908969205
19.0,3.51,13.0,-1.5848734764012384e-06
19.0,3.51,14.0,-2.3662445976337482e-05
19.0,3.51,15.0,-4.194611335384124e-05
19.0,3.51,16.0,0.0006588958203720408
19.0,3.51,17.0,-0.0068291771919360145
19.0,3.51,18.0,0.0012637281054825866
19.0,3.51,19.0,-0.00010433540640958361
19.0,3.51,20.0,-0.00018616650820357794
19.0,3.51,21.0,2.1254290882843918e-08
19.0,4.01,0.0,4.925200253191875e-07
19.0,4.01,1.0,5.493326904237872e-05
19.0,4.01,2.0,-3.307017733256146e-05
19.0,4.01,3.0,1.2793527209842281e-08
19.0,4.01,4.0,-0.002456358839181494
19.0,4.01,5.0,-0.004808016013949909
19.0,4.01,6.0,0.0007537627734693908
19.0,4.01,7.0,-0.009573231197556556
19.0,4.01,8.0,1.2793527209842281e-08
19.0,4.01,9.0,-0.0003822238824146909
19.0,4.01,10.0,-0.001060405141657672
19.0,4.01,11.0,1.2793527209842281e-08
19.0,4.01,12.0,0.0005771895869269295
19.0,4.01,13.0,-1.584873467408432e-06
19.0,4.01,14.0,-2.366244597633907e-05
19.0,4.01,15.0,-4.1946106758672386e-05
19.0,4.01,16.0,0.000658895610128496
19.0,4.01,17.0,-0.006829177192941107
19.0,4.01,18.0,0.0012637282287639717
19.0,4.01,19.0,-0.0001043352918800311
19.0,4.01,20.0,-0.0001861665407910662
19.0,4.01,21.0,2.1254290882843918e-08
20.0,0.01,0.0,0.0006742480832746534
20.0,0.01,1.0,7.827430440704441e-05
20.0,0.01,2.0,-0.00014157819755766798
20.0,0.01,3.0,4.62939478418356e-09
20.0,0.01,4.0,-0.002362996370508408
20.0,0.01,5.0,-0.00033784538898905286
20.0,0.01,6.0,-0.00038101791371136784
20.0,0.01,7.0,-0.00734720522776496
20.0,0.01,8.0,4.62939478418356e-09
20.0,0.01,9.0,3.439354735874922e-05
20.0,0.01,10.0,-0.00016732237419464502
20.0,0.01,11.0,4.62939478418356e-09
20.0,0.01,12.0,-0.0005912048880207244
20.0,0.01,13.0,-0.0001805568813496583
20.0,0.01,14.0,0.00012292733924554322
20.0,0.01,15.0,-2.006483004257653e-05
20.0,0.01,16.0,-0.000717498311947562
20.0,0.01,17.0,-0.007726336149032608
20.0,0.01,18.0,-0.0007404806610120662
20.0,0.01,19.0,-0.0005473380618260526
20.0,0.01,20.0,-0.0005936592854032252
20.0,0.01,21.0,6.079597325570063e-09
20.0,0.51,0.0,0.0006746395919758896
20.0,0.51,1.0,7.831497731392023e-05
20.0,0.51,2.0,-0.00014165459034176653
20.0,0.51,3.0,4.62939478418356e-09
20.0,0.51,4.0,-0.0023630270333583336
20.0,0.51,5.0,-0.00033784538896010027
20.0,0.51,6.0,-0.0003810065033436061
20.0,0.51,7.0,-0.007347202592329561
20.0,0.51,8.0,4.62939478418356e-09
20.0,0.51,9.0,3.441880127279251e-05
20.0,0.51,10.0,-0.00016732426375137832
20.0,0.51,11.0,4.62939478418356e-09
20.0,0.51,12.0,-0.0005912252464103096
20.0,0.51,13.0,-0.00018065654869275916
20.0,0.51,14.0,0.0001229312658625331
20.0,0.51,15.0,-2.0074832507321894e-05
20.0,0.51,16.0,-0.0007175015946649932
20.0,0.51,17.0,-0.007726334706171081
20.0,0.51,18.0,-0.0007404684313884191
20.0,0.51,19.0,-0.0005472246694084304
20.0,0.51,20.0,-0.0005937005665492823
20.0,0.51,21.0,6.079597325570063e-09
20.0,1.01,0.0,0.0006750309055295611
20.0,1.01,1.0,7.835563070412999e-05
20.0,1.01,2.0,-0.00014173094580982593
20.0,1.01,3.0,4.62939478418356e-09
20.0,1.01,4.0,-0.0023630576815970583
20.0,1.01,5.0,-0.000337845388931159
20.0,1.01,6.0,-0.00038099509859312874
20.0,1.01,7.0,-0.007347199958324798
20.0,1.01,8.0,4.62939478418356e-09
20.0,1.01,9.0,3.4444042439282785e-05
20.0,1.01,10.0,-0.00016732615239309356
20.0,1.01,11.0,4.62939478418356e-09
20.0,1.01,12.0,-0.0005912455950269346
20.0,1.01,13.0,-0.00018075616703494557
20.0,1.01,14.0,0.00012293519047162915
20.0,1.01,15.0,-2.0084830127387043e-05
20.0,1.01,16.0,-0.000717504875752506
20.0,1.01,17.0,-0.00772633326414412
20.0,1.01,18.0,-0.0007404562076285259
20.0,1.01,19.0,-0.0005471113325015708
20.0,1.01,20.0,-0.0005937418271534378
20.0,1.01,21.0,6.079597325570063e-09
20.0,1.51,0.0,0.0006754220239874043
20.0,1.51,1.0,7.83962645807268e-05
20.0,1.51,2.0,-0.00014180726396928467
20.0,1.51,3.0,4.62939478418356e-09
20.0,1.51,4.0,-0.0023630883152276905
20.0,1.51,5.0,-0.0003378453889022291
20.0,1.51,6.0,-0.0003809836994599358
20.0,1.51,7.0,-0.007347197325751179
20.0,1.51,8.0,4.62939478418356e-09
20.0,1.51,9.0,3.4469270860926216e-05
20.0,1.51,10.0,-0.00016732804011965197
20.0,1.51,11.0,4.62939478418356e-09
20.0,1.51,12.0,-0.0005912659338728199
20.0,1.51,13.0,-0.00018085573638715324
20.0,1.51,14.0,0.00012293911307342809
20.0,1.51,15.0,-2.0094822903105047e-05
20.0,1.51,16.0,-0.0007175081552115437
20.0,1.51,17.0,-0.007726331822952409
20.0,1.51,18.0,-0.0007404439897320536
20.0,1.51,19.0,-0.0005469980510946493
20.0,1.51,20.0,-0.0005937830672209099
20.0,1.51,21.0,6.079597325570063e-09
20.0,2.01,0.0,0.0006758129475029628
20.0,2.01,1.0,7.843687896119667e-05
20.0,2.01,2.0,-0.00014188354485200616
20.0,2.01,3.0,4.62939478418356e-09
20.0,2.01,4.0,-0.0023631189342621095
20.0,2.01,5.0,-0.00033784538887331053
20.0,2.01,6.0,-0.0003809723059379211
20.0,2.01,7.0,-0.007347194694606299
20.0,2.01,8.0,4.62939478418356e-09
20.0,2.01,9.0,3.4494486548561354e-05
20.0,2.01,10.0,-0.00016732992693216375
20.0,2.01,11.0,4.62939478418356e-09
20.0,2.01,12.0,-0.0005912862629557925
20.0,2.01,13.0,-0.00018095525679001634
20.0,2.01,14.0,0.0001229430336694426
20.0,2.01,15.0,-2.0104810839194354e-05
20.0,2.01,16.0,-0.0007175114330419952
20.0,2.01,17.0,-0.0077263303825940086
20.0,2.01,18.0,-0.0007404317776930069
20.0,2.01,19.0,-0.000546884825139593
20.0,2.01,20.0,-0.0005938242867674637
20.0,2.01,21.0,6.079597325570063e-09
20.0,2.51,0.0,0.0006762036761374102
20.0,2.51,1.0,7.847747385009152e-05
20.0,2.51,2.0,-0.0001419597884679824
20.0,2.51,3.0,4.62939478418356e-09
20.0,2.51,4.0,-0.0023631495387047563
20.0,2.51,5.0,-0.0003378453888444033
20.0,2.51,6.0,-0.00038096091802664045
20.0,2.51,7.0,-0.007347192064890389
20.0,2.51,8.0,4.62939478418356e-09
20.0,2.51,9.0,3.4519689505727036e-05
20.0,2.51,10.0,-0.00016733181283065668
20.0,2.51,11.0,4.62939478418356e-09
20.0,2.51,12.0,-0.0005913065822788499
20.0,2.51,13.0,-0.00018105472825752367
20.0,2.51,14.0,0.00012294695226035268
20.0,2.51,15.0,-2.0114793936654163e-05
20.0,2.51,16.0,-0.0007175147092451928
20.0,2.51,17.0,-0.007726328943069337
20.0,2.51,18.0,-0.0007404195715103867
20.0,2.51,19.0,-0.0005467716546222467
20.0,2.51,20.0,-0.0005938654857998715
20.0,2.51,21.0,6.079597325570063e-09
20.0,3.01,0.0,0.0006765942100100952
20.0,3.01,1.0,7.851804926017891e-05
20.0,3.01,2.0,-0.0001420359948406391
20.0,3.01,3.0,4.62939478418356e-09
20.0,3.01,4.0,-0.0023631801285640686
20.0,3.01,5.0,-0.00033784538881550743
20.0,3.01,6.0,-0.00038094953572176404
20.0,3.01,7.0,-0.007347189436602043
20.0,3.01,8.0,4.62939478418356e-09
20.0,3.01,9.0,3.454487974052789e-05
20.0,3.01,10.0,-0.0001673336978159634
20.0,3.01,11.0,4.62939478418356e-09
20.0,3.01,12.0,-0.000591326891847932
20.0,3.01,13.0,-0.00018115415082020636
20.0,3.01,14.0,0.00012295086884736572
20.0,3.01,15.0,-2.0124772198537588e-05
20.0,3.01,16.0,-0.0007175179838220247
20.0,3.01,17.0,-0.0077263275043773505
20.0,3.01,18.0,-0.0007404073711801962
20.0,3.01,19.0,-0.0005466585395069168
20.0,3.01,20.0,-0.0005939066643305679
20.0,3.01,21.0,6.079597325570063e-09
20.0,3.51,0.0,0.0006769845491929605
20.0,3.51,1.0,7.85586051971765e-05
20.0,3.51,2.0,-0.00014211216398263282
20.0,3.51,3.0,4.62939478418356e-09
20.0,3.51,4.0,-0.0023632107038452643
20.0,3.51,5.0,-0.0003378453887866229
20.0,3.51,6.0,-0.0003809381590220706
20.0,3.51,7.0,-0.007347186809741177
20.0,3.51,8.0,4.62939478418356e-09
20.0,3.51,9.0,3.457005725730766e-05
20.0,3.51,10.0,-0.0001673355818881117
20.0,3.51,11.0,4.62939478418356e-09
20.0,3.51,12.0,-0.0005913471916661472
20.0,3.51,13.0,-0.00018125352449499532
20.0,3.51,14.0,0.000122954783431245
20.0,3.51,15.0,-2.0134745626398942e-05
20.0,3.51,16.0,-0.000717521256773046
20.0,3.51,17.0,-0.007726326066518182
20.0,3.51,18.0,-0.0007403951767007699
20.0,3.51,19.0,-0.0005465454797752844
20.0,3.51,20.0,-0.0005939478223667694
20.0,3.51,21.0,6.079597325570063e-09
20.0,4.01,0.0,0.0006773746937764891
20.0,4.01,1.0,7.859914166991055e-05
20.0,4.01,2.0,-0.00014218829591061688
20.0,4.01,3.0,4.62939478418356e-09
20.0,4.01,4.0,-0.002363241264554783
20.0,4.01,5.0,-0.00033784538875774965
20.0,4.01,6.0,-0.00038092678792489565
20.0,4.01,7.0,-0.007347184184307208
20.0,4.01,8.0,4.62939478418356e-09
20.0,4.01,9.0,3.459522206195054e-05
20.0,4.01,10.0,-0.00016733746504760116
20.0,4.01,11.0,4.62939478418356e-09
20.0,4.01,12.0,-0.0005913674817381587
20.0,4.01,13.0,-0.00018135284930426154
20.0,4.01,14.0,0.00012295869601290643
20.0,4.01,15.0,-2.0144714222347648e-05
20.0,4.01,16.0,-0.000717524528099589
20.0,4.01,17.0,-0.0077263246294915384
20.0,4.01,18.0,-0.0007403829880697765
20.0,4.01,19.0,-0.0005464324754026473
20.0,4.01,20.0,-0.0005939889599182457
20.0,4.01,21.0,6.079597325570063e-09
21.0,0.01,0.0,4.821788448516884e-07
21.0,0.01,1.0,-0.00016603736405573777
21.0,0.01,2.0,-0.00013353916390002052
21.0,0.01,3.0,1.1880776557005035e-08
21.0,0.01,4.0,0.0016543172406183748
21.0,0.01,5.0,-0.007898563424038248
21.0,0.01,6.0,0.002186425401454195
21.0,0.01,7.0,-0.006475685667013231
21.0,0.01,8.0,1.1880776557005035e-08
21.0,0.01,9.0,-7.129167858832552e-08
21.0,0.01,10.0,-0.0034241025782960344
21.0,0.01,11.0,1.1880776557005035e-08
21.0,0.01,12.0,0.0037194872860578654
21.0,0.01,13.0,-1.4530319827066318e-05
21.0,0.01,14.0,-2.5402170949450374e-05
21.0,0.01,15.0,0.00012335381225170305
21.0,0.01,16.0,0.0018856253907941212
21.0,0.01,17.0,-0.005725295901375688
21.0,0.01,18.0,0.0061787822101657675
21.0,0.01,19.0,0.0012590333574540313
21.0,0.01,20.0,0.009038799456976387
21.0,0.01,21.0,1.685258896322317e-08
21.0,0.51,0.0,4.821788346376366e-07
21.0,0.51,1.0,-0.0001660371021358631
21.0,0.51,2.0,-0.00013353896341150584
21.0,0.51,3.0,1.1880776557005035e-08
21.0,0.51,4.0,0.001654317140033612
21.0,0.51,5.0,-0.007898563425328377
21.0,0.51,6.0,0.0021864255206316408
21.0,0.51,7.0,-0.006475685662442304
21.0,0.51,8.0,1.1880776557005035e-08
21.0,0.51,9.0,-7.129355159007922e-08
21.0,0.51,10.0,-0.0034241025499946176
21.0,0.51,11.0,1.1880776557005035e-08
21.0,0.51,12.0,0.003719487413758882
21.0,0.51,13.0,-1.4530309434102051e-05
21.0,0.51,14.0,-2.5402170949436344e-05
21.0,0.51,15.0,0.00012335349178860255
21.0,0.51,16.0,0.0018856251122727485
21.0,0.51,17.0,-0.005725295884581635
21.0,0.51,18.0,0.006178782254463999
21.0,0.51,19.0,0.001259033766651152
21.0,0.51,20.0,0.009038799458639057
21.0,0.51,21.0,1.685258896322317e-08
21.0,1.01,0.0,4.821788235354063e-07
21.0,1.01,1.0,-0.0001660368273367907
21.0,1.01,2.0,-0.00013353875430144324
21.0,1.01,3.0,1.1880776557005035e-08
21.0,1.01,4.0,0.001654317038063402
21.0,1.01,5.0,-0.00789856342660167
21.0,1.01,6.0,0.002186425644501888
21.0,1.01,7.0,-0.006475685657654676
21.0,1.01,8.0,1.1880776557005035e-08
21.0,1.01,9.0,-7.12954704717994e-08
21.0,1.01,10.0,-0.0034241025208135156
21.0,1.01,11.0,1.1880776557005035e-08
21.0,1.01,12.0,0.0037194875455913157
21.0,1.01,13.0,-1.4530298786730178e-05
21.0,1.01,14.0,-2.540217094942225e-05
21.0,1.01,15.0,0.00012335315945827263
21.0,1.01,16.0,0.0018856248260811226
21.0,1.01,17.0,-0.005725295867342467
21.0,1.01,18.0,0.006178782298722929
21.0,1.01,19.0,0.0012590341826934082
21.0,1.01,20.0,0.009038799460279079
21.0,1.01,21.0,1.685258896322317e-08
21.0,1.51,0.0,4.821788121001092e-07
21.0,1.51,1.0,-0.00016603653915053807
21.0,1.51,2.0,-0.00013353853624209489
21.0,1.51,3.0,1.188077652924946e-08
21.0,1.51,4.0,0.0016543169346804332
21.0,1.51,5.0,-0.00789856342785803
21.0,1.51,6.0,0.002186425773247791
21.0,1.51,7.0,-0.00647568565264274
21.0,1.51,8.0,1.188077652924946e-08
21.0,1.51,9.0,-7.129743642697584e-08
21.0,1.51,10.0,-0.003424102490723363
21.0,1.51,11.0,1.188077652924946e-08
21.0,1.51,12.0,0.0037194876817001066
21.0,1.51,13.0,-1.4530287878122827e-05
21.0,1.51,14.0,-2.5402170949408094e-05
21.0,1.51,15.0,0.0001233528148262275
21.0,1.51,16.0,0.0018856245319823772
21.0,1.51,17.0,-0.005725295849644416
21.0,1.51,18.0,0.006178782342918576
21.0,1.51,19.0,0.001259034605727738
21.0,1.51,20.0,0.009038799461896785
21.0,1.51,21.0,1.6852588990978745e-08
21.0,2.01,0.0,4.821787999986782e-07
21.0,2.01,1.0,-0.00016603623704480874
21.0,2.01,2.0,-0.00013353830888673812
21.0,2.01,3.0,1.1880776557005035e-08
21.0,2.01,4.0,0.0016543168298553956
21.0,2.01,5.0,-0.007898563429097357
21.0,2.01,6.0,0.0021864259070635272
21.0,2.01,7.0,-0.006475685647398796
21.0,2.01,8.0,1.1880776557005035e-08
21.0,2.01,9.0,-7.129945109318747e-08
21.0,2.01,10.0,-0.003424102459693712
21.0,2.01,11.0,1.1880776557005035e-08
21.0,2.01,12.0,0.0037194878222358008
21.0,2.01,13.0,-1.453027669962026e-05
21.0,2.01,14.0,-2.5402170949393874e-05
21.0,2.01,15.0,0.00012335245743722023
21.0,2.01,16.0,0.001885624229732874
21.0,2.01,17.0,-0.005725295831473368
21.0,2.01,18.0,0.00617878238702374
21.0,2.01,19.0,0.0012590350359026892
21.0,2.01,20.0,0.00903879946349162
21.0,2.01,21.0,1.6852588935467594e-08
21.0,2.51,0.0,4.821787872311134e-07
21.0,2.51,1.0,-0.0001660359204748718
21.0,2.51,2.0,-0.0001335380718826551
21.0,2.51,3.0,1.188077652924946e-08
21.0,2.51,4.0,0.0016543167235587575
21.0,2.51,5.0,-0.007898563430319552
21.0,2.51,6.0,0.0021864260461454954
21.0,2.51,7.0,-0.006475685641914891
21.0,2.51,8.0,1.188077652924946e-08
21.0,2.51,9.0,-7.130151602474655e-08
21.0,2.51,10.0,-0.0034241024276928655
21.0,2.51,11.0,1.188077652924946e-08
21.0,2.51,12.0,0.003719487967356494
21.0,2.51,13.0,-1.4530265241785578e-05
21.0,2.51,14.0,-2.5402170949379603e-05
21.0,2.51,15.0,0.00012335208682523469
21.0,2.51,16.0,0.0018856239190790935
21.0,2.51,17.0,-0.005725295812814626
21.0,2.51,18.0,0.006178782431011887
21.0,2.51,19.0,0.001259035473373915
21.0,2.51,20.0,0.009038799465064584
21.0,2.51,21.0,1.6852588990978745e-08
21.0,3.01,0.0,4.821787739084371e-07
21.0,3.01,1.0,-0.0001660355888733478
21.0,3.01,2.0,-0.00013353782486213994
21.0,3.01,3.0,1.1880776557005035e-08
21.0,3.01,4.0,0.0016543166157596545
21.0,3.01,5.0,-0.007898563431524487
21.0,3.01,6.0,0.0021864261906991977
21.0,3.01,7.0,-0.006475685636182532
21.0,3.01,8.0,1.1880776557005035e-08
21.0,3.01,9.0,-7.130363291474318e-08
21.0,3.01,10.0,-0.0034241023946879334
21.0,3.01,11.0,1.1880776557005035e-08
21.0,3.01,12.0,0.0037194881172242233
21.0,3.01,13.0,-1.4530253496070067e-05
21.0,3.01,14.0,-2.5402170949365278e-05
21.0,3.01,15.0,0.00012335170250576954
21.0,3.01,16.0,0.0018856235997604665
21.0,3.01,17.0,-0.005725295793652788
21.0,3.01,18.0,0.006178782474854594
21.0,3.01,19.0,0.001259035918300233
21.0,3.01,20.0,0.009038799466615566
21.0,3.01,21.0,1.6852588935467594e-08
21.0,3.51,0.0,4.82178759919627e-07
21.0,3.51,1.0,-0.0001660352416528732
21.0,3.51,2.0,-0.00013353756744494127
21.0,3.51,3.0,1.1880776557005035e-08
21.0,3.51,4.0,0.0016543165064263343
21.0,3.51,5.0,-0.007898563432712048
21.0,3.51,6.0,0.0021864263409385742
21.0,3.51,7.0,-0.006475685630193295
21.0,3.51,8.0,1.1880776557005035e-08
21.0,3.51,9.0,-7.130580345626747e-08
21.0,3.51,10.0,-0.003424102360645692
21.0,3.51,11.0,1.1880776557005035e-08
21.0,3.51,12.0,0.003719488272005411
21.0,3.51,13.0,-1.4530241452870296e-05
21.0,3.51,14.0,-2.5402170949350905e-05
21.0,3.51,15.0,0.00012335130397767013
21.0,3.51,16.0,0.0018856232715103172
21.0,3.51,17.0,-0.0057252957739725024
21.0,3.51,18.0,0.006178782518521109
21.0,3.51,19.0,0.001259036370842126
21.0,3.51,20.0,0.009038799468144787
21.0,3.51,21.0,1.685258896322317e-08
21.0,4.01,0.0,4.821787449316162e-07
21.0,4.01,1.0,-0.000166034878208543
21.0,4.01,2.0,-0.00013353729923804014
21.0,4.01,3.0,1.1880776557005035e-08
21.0,4.01,4.0,0.0016543163955262674
21.0,4.01,5.0,-0.00789856343388209
21.0,4.01,6.0,0.002186426497083338
21.0,4.01,7.0,-0.0064756856239380906
21.0,4.01,8.0,1.1880776557005035e-08
21.0,4.01,9.0,-7.130802937016512e-08
21.0,4.01,10.0,-0.0034241023255306424
21.0,4.01,11.0,1.1880776557005035e-08
21.0,4.01,12.0,0.0037194884318753063
21.0,4.01,13.0,-1.4530229102416303e-05
21.0,4.01,14.0,-2.540217094933649e-05
21.0,4.01,15.0,0.00012335089072451622
21.0,4.01,16.0,0.0018856229340493136
21.0,4.01,17.0,-0.005725295753757201
21.0,4.01,18.0,0.006178782561980567
21.0,4.01,19.0,0.0012590368311691247
21.0,4.01,20.0,0.00903879946965258
21.0,4.01,21.0,1.6852588935467594e-08
22.0,0.01,0.0,0.00012510873631554897
22.0,0.01,1.0,7.173375391639203e-05
22.0,0.01,2.0,-8.61938096586301e-05
22.0,0.01,3.0,9.215801899387088e-09
22.0,0.01,4.0,-0.0008525408155294345
22.0,0.01,5.0,-0.0011877877269078454
22.0,0.01,6.0,0.0008307403873145658
22.0,0.01,7.0,-0.0011309461766095819
22.0,0.01,8.0,9.215801899387088e-09
22.0,0.01,9.0,4.857885650480509e-05
22.0,0.01,10.0,-0.0005730275591074585
22.0,0.01,11.0,9.215801899387088e-09
22.0,0.01,12.0,0.0009398801611279484
22.0,0.01,13.0,-0.00013957956201587907
22.0,0.01,14.0,-0.00016949094058466008
22.0,0.01,15.0,-4.277324272339289e-05
22.0,0.01,16.0,0.0009451808613329393
22.0,0.01,17.0,-0.0018081757963223782
22.0,0.01,18.0,0.0004318018213775865
22.0,0.01,19.0,0.00017492219172327017
22.0,0.01,20.0,0.0005546071480241332
22.0,0.01,21.0,1.4797152253498425e-08
22.0,0.51,0.0,0.00012525495671544817
22.0,0.51,1.0,7.181036083492298e-05
22.0,0.51,2.0,-8.629025861361939e-05
22.0,0.51,3.0,9.215801899387088e-09
22.0,0.51,4.0,-0.0008531744787718676
22.0,0.51,5.0,-0.0011877877242747097
22.0,0.51,6.0,0.0008308913541591467
22.0,0.51,7.0,-0.0011308794709138648
22.0,0.51,8.0,9.215801899387088e-09
22.0,0.51,9.0,4.863343166386369e-05
22.0,0.51,10.0,-0.0005729789771067861
22.0,0.51,11.0,9.215801899387088e-09
22.0,0.51,12.0,0.0009402033661867204
22.0,0.51,13.0,-0.00013973773278097568
22.0,0.51,14.0,-0.00016960901379978188
22.0,0.51,15.0,-4.281756890650579e-05
22.0,0.51,16.0,0.0009456440189115622
22.0,0.51,17.0,-0.0018081031450251778
22.0,0.51,18.0,0.0004316142504505738
22.0,0.51,19.0,0.00017500518796226272
22.0,0.51,20.0,0.0005548118145718428
22.0,0.51,21.0,1.4797152253498425e-08
22.0,1.01,0.0,0.00012540098599833627
22.0,1.01,1.0,7.188685946951656e-05
22.0,1.01,2.0,-8.638657468518218e-05
22.0,1.01,3.0,9.215801899387088e-09
22.0,1.01,4.0,-0.0008538076589573729
22.0,1.01,5.0,-0.001187787721643374
22.0,1.01,6.0,0.0008310419801723645
22.0,1.01,7.0,-0.0011308128024748454
22.0,1.01,8.0,9.215801899387088e-09
22.0,1.01,9.0,4.8687936339220084e-05
22.0,1.01,10.0,-0.0005729303678651543
22.0,1.01,11.0,9.215801899387088e-09
22.0,1.01,12.0,0.0009405266982758786
22.0,1.01,13.0,-0.00013989568601108227
22.0,1.01,14.0,-0.00016972697474335052
22.0,1.01,15.0,-4.286182874257971e-05
22.0,1.01,16.0,0.0009461068138327255
22.0,1.01,17.0,-0.0018080305103306132
22.0,1.01,18.0,0.00043142644939575536
22.0,1.01,19.0,0.00017508810558419796
22.0,1.01,20.0,0.0005550164719422268
22.0,1.01,21.0,1.4797152253498425e-08
22.0,1.51,0.0,0.00012554682717158538
22.0,1.51,1.0,7.196325140351734e-05
22.0,1.51,2.0,-8.648275986389287e-05
22.0,1.51,3.0,9.215801871631513e-09
22.0,1.51,4.0,-0.0008544403681812751
22.0,1.51,5.0,-0.0011877877190137884
22.0,1.51,6.0,0.0008311922707291419
22.0,1.51,7.0,-0.0011307461702428079
22.0,1.51,8.0,9.215801871631513e-09
22.0,1.51,9.0,4.874237164745332e-05
22.0,1.51,10.0,-0.0005728817309932632
22.0,1.51,11.0,9.215801871631513e-09
22.0,1.51,12.0,0.0009408501608528796
22.0,1.51,13.0,-0.00014005342493700335
22.0,1.51,14.0,-0.00016984482568085935
22.0,1.51,15.0,-4.2906023150490746e-05
22.0,1.51,16.0,0.0009465692548946136
22.0,1.51,17.0,-0.0018079578910563249
22.0,1.51,18.0,0.000431238417261115
22.0,1.51,19.0,0.00017517094541025235
22.0,1.51,20.0,0.0005552211225886561
22.0,1.51,21.0,1.4797152253498425e-08
22.0,2.01,0.0,0.0001256924828589856
22.0,2.01,1.0,7.20395380237604e-05
22.0,2.01,2.0,-8.657881589207994e-05
22.0,2.01,3.0,9.215801871631513e-09
22.0,2.01,4.0,-0.000855072616766539
22.0,2.01,5.0,-0.0011877877163859064
22.0,2.01,6.0,0.0008313422307735241
22.0,2.01,7.0,-0.0011306795733534714
22.0,2.01,8.0,9.215801871631513e-09
22.0,2.01,9.0,4.8796738560397124e-05
22.0,2.01,10.0,-0.0005728330662390646
22.0,2.01,11.0,9.215801871631513e-09
22.0,2.01,12.0,0.0009411737564465894
22.0,2.01,13.0,-0.00014021095238403447
22.0,2.01,14.0,-0.0001699625685836481
22.0,2.01,15.0,-4.295015293853677e-05
22.0,2.01,16.0,0.0009470313496357519
22.0,2.01,17.0,-0.0018078852862327688
22.0,2.01,18.0,0.000431050153679724
22.0,2.01,19.0,0.00017525370808518792
22.0,2.01,20.0,0.000555425768429707
22.0,2.01,21.0,1.4797152253498425e-08
22.0,2.51,0.0,0.00012583795610365822
22.0,2.51,1.0,7.211572093079877e-05
22.0,2.51,2.0,-8.667474478246673e-05
22.0,2.51,3.0,9.215801871631513e-09
22.0,2.51,4.0,-0.0008557044169943406
22.0,2.51,5.0,-0.001187787713759677
22.0,2.51,6.0,0.0008314918656878723
22.0,2.51,7.0,-0.0011306130107334444
22.0,2.51,8.0,9.215801871631513e-09
22.0,2.51,9.0,4.88510382088414e-05
22.0,2.51,10.0,-0.0005727843731912763
22.0,2.51,11.0,9.215801871631513e-09
22.0,2.51,12.0,0.0009414974886522431
22.0,2.51,13.0,-0.0001403682716200616
22.0,2.51,14.0,-0.00017008020574116323
22.0,2.51,15.0,-4.299421903419809e-05
22.0,2.51,16.0,0.000947493106977837
22.0,2.51,17.0,-0.0018078126946503292
22.0,2.51,18.0,0.00043086165759198547
22.0,2.51,19.0,0.00017533639445238558
22.0,2.51,20.0,0.0005556304119880284
22.0,2.51,21.0,1.4797152253498425e-08
22.0,3.01,0.0,0.00012598325369550523
22.0,3.01,1.0,7.219180363671196e-05
22.0,3.01,2.0,-8.677055097694453e-05
22.0,3.01,3.0,9.215801871631513e-09
22.0,3.01,4.0,-0.0008563357986344222
22.0,3.01,5.0,-0.0011877877111350003
22.0,3.01,6.0,0.0008316411850491923
22.0,3.01,7.0,-0.001130546479494482
22.0,3.01,8.0,9.215801871631513e-09
22.0,3.01,9.0,4.890527312842452e-05
22.0,3.01,10.0,-0.0005727356500317415
22.0,3.01,11.0,9.215801871631513e-09
22.0,3.01,12.0,0.0009418213706242073
22.0,3.01,13.0,-0.0001405253898755232
22.0,3.01,14.0,-0.00017019774254886655
22.0,3.01,15.0,-4.303822344320363e-05
22.0,3.01,16.0,0.0009479545484409879
22.0,3.01,17.0,-0.0018077401129644038
22.0,3.01,18.0,0.000430672922086095
22.0,3.01,19.0,0.00017541900714762582
22.0,3.01,20.0,0.0005558350614159879
22.0,3.01,21.0,1.4797152253498425e-08
22.0,3.51,0.0,0.00012612837521364106
22.0,3.51,1.0,7.226778597319017e-05
22.0,3.51,2.0,-8.686623424108975e-05
22.0,3.51,3.0,9.215801871631513e-09
22.0,3.51,4.0,-0.0008569667578423035
22.0,3.51,5.0,-0.00118778770851187
22.0,3.51,6.0,0.000831790190325532
22.0,3.51,7.0,-0.0011304799802328847
22.0,3.51,8.0,9.215801871631513e-09
22.0,3.51,9.0,4.8959443151253e-05
22.0,3.51,10.0,-0.0005726868976338728
22.0,3.51,11.0,9.215801871631513e-09
22.0,3.51,12.0,0.0009421453972185412
22.0,3.51,13.0,-0.0001406823067522378
22.0,3.51,14.0,-0.00017031517843457689
22.0,3.51,15.0,-4.308216609461013e-05
22.0,3.51,16.0,0.0009484156713294167
22.0,3.51,17.0,-0.0018076675419256005
22.0,3.51,18.0,0.0004304839514347458
22.0,3.51,19.0,0.00017550154536616347
22.0,3.51,20.0,0.0005560397140806916
22.0,3.51,21.0,1.4797152225742849e-08
22.0,4.01,0.0,0.00012627332290016113
22.0,4.01,1.0,7.23436691305035e-05
22.0,4.01,2.0,-8.696179606798582e-05
22.0,4.01,3.0,9.215801871631513e-09
22.0,4.01,4.0,-0.0008575973032046713
22.0,4.01,5.0,-0.0011877877058902452
22.0,4.01,6.0,0.0008319388859615584
22.0,4.01,7.0,-0.0011304135122548464
22.0,4.01,8.0,9.215801871631513e-09
22.0,4.01,9.0,4.901354910782918e-05
22.0,4.01,10.0,-0.0005726381158698279
22.0,4.01,11.0,9.215801871631513e-09
22.0,4.01,12.0,0.0009424695700925856
22.0,4.01,13.0,-0.00014083902466871523
22.0,4.01,14.0,-0.00017043251503739976
22.0,4.01,15.0,-4.312604768391681e-05
22.0,4.01,16.0,0.0009488764819047257
22.0,4.01,17.0,-0.0018075949807666997
22.0,4.01,18.0,0.0004302947457512918
22.0,4.01,19.0,0.0001755840095816752
22.0,4.01,20.0,0.0005562443713579279
22.0,4.01,21.0,1.4797152253498425e-08
23.0,0.01,0.0,4.274111573998596e-06
23.0,0.01,1.0,0.00018225523705217572
23.0,0.01,2.0,-0.00012188605944218889
23.0,0.01,3.0,1.2598645293682154e-08
23.0,0.01,4.0,-0.0005845825354620082
23.0,0.01,5.0,-8.510459506042133e-06
23.0,0.01,6.0,-0.00014143767970475896
23.0,0.01,7.0,-0.00035195092129008954
23.0,0.01,8.0,1.2598645293682154e-08
23.0,0.01,9.0,9.687911517841652e-06
23.0,0.01,10.0,4.701907553086859e-05
23.0,0.01,11.0,1.2598645293682154e-08
23.0,0.01,12.0,-0.00021637116657757804
23.0,0.01,13.0,-2.6910483390762963e-05
23.0,0.01,14.0,-4.550778157128344e-07
23.0,0.01,15.0,-0.00010401614153243699
23.0,0.01,16.0,-0.0002315960927591898
23.0,0.01,17.0,-0.0011484573263528253
23.0,0.01,18.0,-0.0003103284116359184
23.0,0.01,19.0,-0.00022540702441936622
23.0,0.01,20.0,-0.00025484279532173026
23.0,0.01,21.0,1.9794548167251236e-08
23.0,0.51,0.0,4.274111573332462e-06
23.0,0.51,1.0,0.00018225523656101306
23.0,0.51,2.0,-0.00012188605915341988
23.0,0.51,3.0,1.2598645293682154e-08
23.0,0.51,4.0,-0.0005845825348469447
23.0,0.51,5.0,-8.510459506042162e-06
23.0,0.51,6.0,-0.00014143768073215934
23.0,0.51,7.0,-0.00035195092128459393
23.0,0.51,8.0,1.2598645293682154e-08
23.0,0.51,9.0,9.68791151534365e-06
23.0,0.51,10.0,4.70190754968125e-05
23.0,0.51,11.0,1.2598645293682154e-08
23.0,0.51,12.0,-0.00021637116709338766
23.0,0.51,13.0,-2.6910483383713046e-05
23.0,0.51,14.0,-4.550778157128344e-07
23.0,0.51,15.0,-0.00010401614121879899
23.0,0.51,16.0,-0.000231596093743347
23.0,0.51,17.0,-0.0011484573263883732
23.0,0.51,18.0,-0.00031032841092337726
23.0,0.51,19.0,-0.00022540702385365208
23.0,0.51,20.0,-0.0002548427957060895
23.0,0.51,21.0,1.9794548167251236e-08
23.0,1.01,0.0,4.274111572888373e-06
23.0,1.01,1.0,0.00018225523606979488
23.0,1.01,2.0,-0.00012188605886453985
23.0,1.01,3.0,1.2598645293682154e-08
23.0,1.01,4.0,-0.0005845825342319921
23.0,1.01,5.0,-8.51045950604219e-06
23.0,1.01,6.0,-0.00014143768175933769
23.0,1.01,7.0,-0.0003519509212785432
23.0,1.01,8.0,1.2598645293682154e-08
23.0,1.01,9.0,9.687911512845648e-06
23.0,1.01,10.0,4.7019075463172744e-05
23.0,1.01,11.0,1.2598645293682154e-08
23.0,1.01,12.0,-0.00021637116760597763
23.0,1.01,13.0,-2.691048337660762e-05
23.0,1.01,14.0,-4.550778157128344e-07
23.0,1.01,15.0,-0.00010401614090516098
23.0,1.01,16.0,-0.000231596094726505
23.0,1.01,17.0,-0.0011484573264237408
23.0,1.01,18.0,-0.00031032841021350066
23.0,1.01,19.0,-0.0002254070232892147
23.0,1.01,20.0,-0.0002548427960894495
23.0,1.01,21.0,1.9794548167251236e-08
23.0,1.51,0.0,4.2741115724442835e-06
23.0,1.51,1.0,0.00018225523557924284
23.0,1.51,2.0,-0.00012188605857621493
23.0,1.51,3.0,1.2598645293682154e-08
23.0,1.51,4.0,-0.0005845825336158184
23.0,1.51,5.0,-8.510459506042216e-06
23.0,1.51,6.0,-0.00014143768278795932
23.0,1.51,7.0,-0.00035195092127071614
23.0,1.51,8.0,1.2598645293682154e-08
23.0,1.51,9.0,9.687911510347647e-06
23.0,1.51,10.0,4.7019075430726476e-05
23.0,1.51,11.0,1.2598645293682154e-08
23.0,1.51,12.0,-0.00021637116811051849
23.0,1.51,13.0,-2.691048336944668e-05
23.0,1.51,14.0,-4.550778157128344e-07
23.0,1.51,15.0,-0.00010401614059202258
23.0,1.51,16.0,-0.00023159609570905237
23.0,1.51,17.0,-0.001148457326458685
23.0,1.51,18.0,-0.00031032840951050744
23.0,1.51,19.0,-0.00022540702272716429
23.0,1.51,20.0,-0.000254842796470367
23.0,1.51,21.0,1.9794548167251236e-08
23.0,2.01,0.0,4.274111571889172e-06
23.0,2.01,1.0,0.00018225523508691444
23.0,2.01,2.0,-0.00012188605828677979
23.0,2.01,3.0,1.2598645293682154e-08
23.0,2.01,4.0,-0.0005845825330026422
23.0,2.01,5.0,-8.510459506042244e-06
23.0,2.01,6.0,-0.00014143768381358335
23.0,2.01,7.0,-0.00035195092126771854
23.0,2.01,8.0,1.2598645293682154e-08
23.0,2.01,9.0,9.6879115078774e-06
23.0,2.01,10.0,4.7019075394977294e-05
23.0,2.01,11.0,1.2598645293682154e-08
23.0,2.01,12.0,-0.00021637116863787442
23.0,2.01,13.0,-2.6910483362396764e-05
23.0,2.01,14.0,-4.550778157128344e-07
23.0,2.01,15.0,-0.00010401614027777395
23.0,2.01,16.0,-0.00023159609669404224
23.0,2.01,17.0,-0.001148457326494809
23.0,2.01,18.0,-0.00031032840878819634
23.0,2.01,19.0,-0.00022540702215784192
23.0,2.01,20.0,-0.00025484279685838995
23.0,2.01,21.0,1.9794548167251236e-08
23.0,2.51,0.0,4.274111571223038e-06
23.0,2.51,1.0,0.00018225523459647341
23.0,2.51,2.0,-0.00012188605799845487
23.0,2.51,3.0,1.2598645293682154e-08
23.0,2.51,4.0,-0.0005845825323866904
23.0,2.51,5.0,-8.510459506042272e-06
23.0,2.51,6.0,-0.00014143768484198294
23.0,2.51,7.0,-0.000351950921260058
23.0,2.51,8.0,1.2598645293682154e-08
23.0,2.51,9.0,9.687911505379398e-06
23.0,2.51,10.0,4.701907536236449e-05
23.0,2.51,11.0,1.2598645293682154e-08
23.0,2.51,12.0,-0.0002163711691435255
23.0,2.51,13.0,-2.6910483355291337e-05
23.0,2.51,14.0,-4.550778157128344e-07
23.0,2.51,15.0,-0.00010401613996463555
23.0,2.51,16.0,-0.00023159609767681166
23.0,2.51,17.0,-0.0011484573265298434
23.0,2.51,18.0,-0.00031032840808431494
23.0,2.51,19.0,-0.00022540702159556947
23.0,2.51,20.0,-0.00025484279723964054
23.0,2.51,21.0,1.9794548167251236e-08
23.0,3.01,0.0,4.274111570667927e-06
23.0,3.01,1.0,0.00018225523410569933
23.0,3.01,2.0,-0.00012188605770979688
23.0,3.01,3.0,1.2598645293682154e-08
23.0,3.01,4.0,-0.0005845825317706277
23.0,3.01,5.0,-8.5104595060423e-06
23.0,3.01,6.0,-0.00014143768587038252
23.0,3.01,7.0,-0.00035195092125289706
23.0,3.01,8.0,1.2598645293682154e-08
23.0,3.01,9.0,9.687911502881397e-06
23.0,3.01,10.0,4.7019075329474136e-05
23.0,3.01,11.0,1.2598645293682154e-08
23.0,3.01,12.0,-0.00021637116965106395
23.0,3.01,13.0,-2.691048334824142e-05
23.0,3.01,14.0,-4.550778157128344e-07
23.0,3.01,15.0,-0.00010401613965133061
23.0,3.01,16.0,-0.00023159609865991415
23.0,3.01,17.0,-0.0011484573265649403
23.0,3.01,18.0,-0.0003103284073786572
23.0,3.01,19.0,-0.00022540702103246435
23.0,3.01,20.0,-0.00025484279762144624
23.0,3.01,21.0,1.9794548167251236e-08
23.0,3.51,0.0,4.27411157033486e-06
23.0,3.51,1.0,0.00018225523361431462
23.0,3.51,2.0,-0.00012188605742080583
23.0,3.51,3.0,1.2598645293682154e-08
23.0,3.51,4.0,-0.0005845825311556752
23.0,3.51,5.0,-8.510459506042327e-06
23.0,3.51,6.0,-0.0001414376868977829
23.0,3.51,7.0,-0.00035195092124695737
23.0,3.51,8.0,1.2598645293682154e-08
23.0,3.51,9.0,9.687911500438906e-06
23.0,3.51,10.0,4.7019075295723356e-05
23.0,3.51,11.0,1.2598645293682154e-08
23.0,3.51,12.0,-0.0002163711701645421
23.0,3.51,13.0,-2.6910483341135993e-05
23.0,3.51,14.0,-4.550778157128344e-07
23.0,3.51,15.0,-0.00010401613933763709
23.0,3.51,16.0,-0.0002315960996432942
23.0,3.51,17.0,-0.0011484573266003634
23.0,3.51,18.0,-0.0003103284066678924
23.0,3.51,19.0,-0.00022540702046763839
23.0,3.51,20.0,-0.0002548427980051393
23.0,3.51,21.0,1.9794548167251236e-08
23.0,4.01,0.0,4.274111569557704e-06
23.0,4.01,1.0,0.0001822552331229299
23.0,4.01,2.0,-0.0001218860571319258
23.0,4.01,3.0,1.2598645293682154e-08
23.0,4.01,4.0,-0.0005845825305413888
23.0,4.01,5.0,-8.510459506042354e-06
23.0,4.01,6.0,-0.00014143768792451716
23.0,4.01,7.0,-0.00035195092124196137
23.0,4.01,8.0,1.2598645293682154e-08
23.0,4.01,9.0,9.687911497913149e-06
23.0,4.01,10.0,4.70190752613342e-05
23.0,4.01,11.0,1.2598645293682154e-08
23.0,4.01,12.0,-0.00021637117068257217
23.0,4.01,13.0,-2.6910483334030566e-05
23.0,4.01,14.0,-4.550778157128344e-07
23.0,4.01,15.0,-0.00010401613902388807
23.0,4.01,16.0,-0.00023159610062722935
23.0,4.01,17.0,-0.0011484573266359946
23.0,4.01,18.0,-0.0003103284059535749
23.0,4.01,19.0,-0.0002254070199012581
23.0,4.01,20.0,-0.00025484279839016466
23.0,4.01,21.0,1.9794548167251236e-08
24.0,0.01,0.0,-9.54218620002889e-05
24.0,0.01,1.0,-0.000151822947527247
24.0,0.01,2.0,8.492225779321849e-05
24.0,0.01,3.0,8.14196499110409e-09
24.0,0.01,4.0,0.00088374568491556
24.0,0.01,5.0,-0.005710219418702967
24.0,0.01,6.0,0.0021504981753548424
24.0,0.01,7.0,-0.000691610886292256
24.0,0.01,8.0,8.14196499110409e-09
24.0,0.01,9.0,-2.3706085469282767e-05
24.0,0.01,10.0,-0.0014534582403154528
24.0,0.01,11.0,8.14196499110409e-09
24.0,0.01,12.0,0.00163395182111864
24.0,0.01,13.0,7.057888862255224e-05
24.0,0.01,14.0,-8.505829997407233e-05
24.0,0.01,15.0,8.926486373489473e-05
24.0,0.01,16.0,0.0012560365640404414
24.0,0.01,17.0,-0.00708211862661951
24.0,0.01,18.0,0.0019634850384566693
24.0,0.01,19.0,0.0007624949783708312
24.0,0.01,20.0,0.0006171233101286422
24.0,0.01,21.0,1.3198024756411186e-08
24.0,0.51,0.0,-0.00010365219562935568
24.0,0.51,1.0,-0.00016459549386843575
24.0,0.51,2.0,9.303173340446946e-05
24.0,0.51,3.0,8.14196499110409e-09
24.0,0.51,4.0,0.0008979874079474426
24.0,0.51,5.0,-0.0057102256373824
24.0,0.51,6.0,0.002142095560770496
24.0,0.51,7.0,-0.0006916109214190891
24.0,0.51,8.0,8.14196499110409e-09
24.0,0.51,9.0,-2.5849499845131962e-05
24.0,0.51,10.0,-0.0014545086386830441
24.0,0.51,11.0,8.14196499110409e-09
24.0,0.51,12.0,0.0016254834135764895
24.0,0.51,13.0,7.70343172151744e-05
24.0,0.51,14.0,-8.340980766419204e-05
24.0,0.51,15.0,9.639760353608029e-05
24.0,0.51,16.0,0.0012486882558060963
24.0,0.51,17.0,-0.007082359473026831
24.0,0.51,18.0,0.0019689417481575378
24.0,0.51,19.0,0.0007548845088163336
24.0,0.51,20.0,0.0006139373206667242
24.0,0.51,21.0,1.3198024811922338e-08
24.0,1.01,0.0,-0.00011291091340326354
24.0,1.01,1.0,-0.0001816277764852825
24.0,1.01,2.0,0.00010437301968768686
24.0,1.01,3.0,8.141965018859665e-09
24.0,1.01,4.0,0.0009191220964455127
24.0,1.01,5.0,-0.005710233586688016
24.0,1.01,6.0,0.0021291364844409078
24.0,1.01,7.0,-0.0006916109523413935
24.0,1.01,8.0,8.141965018859665e-09
24.0,1.01,9.0,-2.7916336893391014e-05
24.0,1.01,10.0,-0.001456185149952549
24.0,1.01,11.0,8.141965018859665e-09
24.0,1.01,12.0,0.0016115114975068234
24.0,1.01,13.0,8.415950272416817e-05
24.0,1.01,14.0,-8.063671327038224e-05
24.0,1.01,15.0,0.00010775387383804569
24.0,1.01,16.0,0.0012372604974386636
24.0,1.01,17.0,-0.007082665805209835
24.0,1.01,18.0,0.0019748013277793852
24.0,1.01,19.0,0.0007439014593728088
24.0,1.01,20.0,0.0006074982963303333
24.0,1.01,21.0,1.3198024784166762e-08
24.0,1.51,0.0,-0.00012201398513778106
24.0,1.51,1.0,-0.00019560564845039208
24.0,1.51,2.0,0.00011340485781041743
24.0,1.51,3.0,8.141965018859665e-09
24.0,1.51,4.0,0.0009355519552565195
24.0,1.51,5.0,-0.005710240702231257
24.0,1.51,6.0,0.0021193309589302434
24.0,1.51,7.0,-0.0006916109879615378
24.0,1.51,8.0,8.141965018859665e-09
24.0,1.51,9.0,-3.0253464522428386e-05
24.0,1.51,10.0,-0.0014573767819844596
24.0,1.51,11.0,8.141965018859665e-09
24.0,1.51,12.0,0.0016017499599135232
24.0,1.51,13.0,9.127133262937237e-05
24.0,1.51,14.0,-7.871687589650067e-05
24.0,1.51,15.0,0.00011566749468849835
24.0,1.51,16.0,0.0012285631418031961
24.0,1.51,17.0,-0.007082939566701821
24.0,1.51,18.0,0.001980917660408199
24.0,1.51,19.0,0.0007354117348845057
24.0,1.51,20.0,0.0006036537452910329
24.0,1.51,21.0,1.3198024811922338e-08
24.0,2.01,0.0,-0.00013158680331859518
24.0,2.01,1.0,-0.00021028606894230029
24.0,2.01,2.0,0.00012290521981073166
24.0,2.01,3.0,8.14196499110409e-09
24.0,2.01,4.0,0.0009528231530661069
24.0,2.01,5.0,-0.005710248212908418
24.0,2.01,6.0,0.002109077022236505
24.0,2.01,7.0,-0.0006916110250962534
24.0,2.01,8.0,8.14196499110409e-09
24.0,2.01,9.0,-3.2714549342671706e-05
24.0,2.01,10.0,-0.0014586286469978893
24.0,2.01,11.0,8.14196499110409e-09
24.0,2.01,12.0,0.0015914985772465529
24.0,2.01,13.0,9.874367126044836e-05
24.0,2.01,14.0,-7.670345468502315e-05
24.0,2.01,15.0,0.0001239449138826787
24.0,2.01,16.0,0.0012194364808496005
24.0,2.01,17.0,-0.007083227722812398
24.0,2.01,18.0,0.001987331408275117
24.0,2.01,19.0,0.000726470665811052
24.0,2.01,20.0,0.0005996322259655962
24.0,2.01,21.0,1.3198024784166762e-08
24.0,2.51,0.0,-0.00014164522884108077
24.0,2.51,1.0,-0.0002256856590840406
24.0,2.51,2.0,0.0001328899932671046
24.0,2.51,3.0,8.14196499110409e-09
24.0,2.51,4.0,0.0009709665002599621
24.0,2.51,5.0,-0.005710256132440204
24.0,2.51,6.0,0.002098361872815535
24.0,2.51,7.0,-0.0006916110638124275
24.0,2.51,8.0,8.14196499110409e-09
24.0,2.51,9.0,-3.5304056768686864e-05
24.0,2.51,10.0,-0.0014599424977044806
24.0,2.51,11.0,8.14196499110409e-09
24.0,2.51,12.0,0.0015807419338820794
24.0,2.51,13.0,0.00010658813540043166
24.0,2.51,14.0,-7.459340111062862e-05
24.0,2.51,15.0,0.0001325926131798827
24.0,2.51,16.0,0.001209863736986616
24.0,2.51,17.0,-0.007083530770481039
24.0,2.51,18.0,0.0019940516881747916
24.0,2.51,19.0,0.0007170631111797499
24.0,2.51,20.0,0.0005954285434094375
24.0,2.51,21.0,1.3198024784166762e-08
24.0,3.01,0.0,-0.00015220534190929502
24.0,3.01,1.0,-0.00024182123946825396
24.0,3.01,2.0,0.0001433753126797166
24.0,3.01,3.0,8.141965018859665e-09
24.0,3.01,4.0,0.0009900134475522293
24.0,3.01,5.0,-0.005710264474758127
24.0,3.01,6.0,0.0020871724920289436
24.0,3.01,7.0,-0.0006916111041777667
24.0,3.01,8.0,8.141965018859665e-09
24.0,3.01,9.0,-3.80265398203794e-05
24.0,3.01,10.0,-0.001461320091927315
24.0,3.01,11.0,8.141965018859665e-09
24.0,3.01,12.0,0.0015694644932321977
24.0,3.01,13.0,0.00011481648312605675
24.0,3.01,14.0,-7.238363101683132e-05
24.0,3.01,15.0,0.00014161709400539735
24.0,3.01,16.0,0.0011998278253583794
24.0,3.01,17.0,-0.007083849214426575
24.0,3.01,18.0,0.0020010876738270067
24.0,3.01,19.0,0.0007071736529942751
24.0,3.01,20.0,0.0005910374877351465
24.0,3.01,21.0,1.3198024811922338e-08
24.0,3.51,0.0,-0.0001632834391978033
24.0,3.51,1.0,-0.0002587098286844225
24.0,3.51,2.0,0.00015437756012570691
24.0,3.51,3.0,8.14196499110409e-09
24.0,3.51,4.0,0.001009996089313292
24.0,3.51,5.0,-0.005710273254004984
24.0,3.51,6.0,0.0020754956465878216
24.0,3.51,7.0,-0.0006916111462607657
24.0,3.51,8.0,8.14196499110409e-09
24.0,3.51,9.0,-4.0886640272214114e-05
24.0,3.51,10.0,-0.001462763191498656
24.0,3.51,11.0,8.14196499110409e-09
24.0,3.51,12.0,0.0015576506057402018
24.0,3.51,13.0,0.00012344061239488724
24.0,3.51,14.0,-7.007102552608613e-05
24.0,3.51,15.0,0.00015102487582069335
24.0,3.51,16.0,0.001189311354526934
24.0,3.51,17.0,-0.007084183567114563
24.0,3.51,18.0,0.0020084485909435124
24.0,3.51,19.0,0.0006967865942316132
24.0,3.51,20.0,0.0005864538379098949
24.0,3.51,21.0,1.3198024784166762e-08
24.0,4.01,0.0,-0.00017489603055775849
24.0,4.01,1.0,-0.00027636864100910596
24.0,4.01,2.0,0.0001659133655833589
24.0,4.01,3.0,8.141965018859665e-09
24.0,4.01,4.0,0.0010309471660607805
24.0,4.01,5.0,-0.005710282484535051
24.0,4.01,6.0,0.0020633178915254735
24.0,4.01,7.0,-0.0006916111901306726
24.0,4.01,8.0,8.141965018859665e-09
24.0,4.01,9.0,-4.3889089735377196e-05
24.0,4.01,10.0,-0.0014642735611108126
24.0,4.01,11.0,8.141965018859665e-09
24.0,4.01,12.0,0.0015452845173287155
24.0,4.01,13.0,0.00013247255937748337
24.0,4.01,14.0,-6.765243201928284e-05
24.0,4.01,15.0,0.00016082249412718852
24.0,4.01,16.0,0.0011782966274601625
24.0,4.01,17.0,-0.007084534348712099
24.0,4.01,18.0,0.002016143712076257
24.0,4.01,19.0,0.0006858859572140275
24.0,4.01,20.0,0.00058167236564588
24.0,4.01,21.0,1.3198024756411186e-08
