Net_ID,Var,Factor,intervention_effect
0.0,0.01,0.0,0.01102523231360042
0.0,0.01,1.0,0.00022332897833016174
0.0,0.01,2.0,0.0016939849662177542
0.0,0.01,3.0,-1.936426152759907e-07
0.0,0.01,4.0,-0.0007435996104713238
0.0,0.01,5.0,-0.0022742067891316636
0.0,0.01,6.0,2.495795745388607e-05
0.0,0.01,7.0,-0.0020840378089097833
0.0,0.01,8.0,-4.967204877387443e-06
0.0,0.01,9.0,-0.0013964536020248663
0.0,0.01,10.0,-0.00031876698702221207
0.0,0.01,11.0,5.699314090112928e-09
0.0,0.01,12.0,6.482904680860102e-06
0.0,0.01,13.0,0.0016403396860514563
0.0,0.01,14.0,3.81422060880543e-05
0.0,0.01,15.0,3.1641387288602885e-05
0.0,0.01,16.0,-2.3933721210456227e-05
0.0,0.01,17.0,-0.0024063546415838966
0.0,0.01,18.0,0.000201478893720769
0.0,0.01,19.0,-0.0019673321170571856
0.0,0.01,20.0,0.0018215955020534635
0.0,0.01,21.0,-1.0327391817832599e-06
0.0,1.01,0.0,0.011936124172960416
0.0,1.01,1.0,0.00024529428917879903
0.0,1.01,2.0,0.0017307329033109387
0.0,1.01,3.0,-1.9358997872809258e-07
0.0,1.01,4.0,-0.0007230434751305803
0.0,1.01,5.0,-0.0024144716483791018
0.0,1.01,6.0,-1.6219205450807017e-05
0.0,1.01,7.0,-0.0021995280896927316
0.0,1.01,8.0,-4.968616004852322e-06
0.0,1.01,9.0,-0.0014476481734128077
0.0,1.01,10.0,-0.0003513292159730286
0.0,1.01,11.0,5.686950493855036e-09
0.0,1.01,12.0,-1.1704947535579047e-05
0.0,1.01,13.0,0.001717023350399055
0.0,1.01,14.0,4.6443097741794004e-05
0.0,1.01,15.0,3.326194891668799e-05
0.0,1.01,16.0,-7.366997282187704e-05
0.0,1.01,17.0,-0.0025612097135723627
0.0,1.01,18.0,0.0002214338328326293
0.0,1.01,19.0,-0.0020336526501585905
0.0,1.01,20.0,0.001581677075630894
0.0,1.01,21.0,-1.0330305770522852e-06
0.0,2.01,0.0,0.012698179273888277
0.0,2.01,1.0,0.00026117967416464105
0.0,2.01,2.0,0.0018566763639109585
0.0,2.01,3.0,-1.9343986973341387e-07
0.0,2.01,4.0,-0.0008652414098330174
0.0,2.01,5.0,-0.0025811320953421923
0.0,2.01,6.0,1.2887288058649471e-05
0.0,2.01,7.0,-0.0023543076379216876
0.0,2.01,8.0,-4.970488191619049e-06
0.0,2.01,9.0,-0.0015567903432099628
0.0,2.01,10.0,-0.00036919718732542073
0.0,2.01,11.0,5.659937199475884e-09
0.0,2.01,12.0,1.80181816461511e-06
0.0,2.01,13.0,0.001839409695626154
0.0,2.01,14.0,5.112214388690306e-05
0.0,2.01,15.0,3.5645698447842045e-05
0.0,2.01,16.0,-4.454442252233015e-05
0.0,2.01,17.0,-0.0027303635689896466
0.0,2.01,18.0,0.00023918950591542143
0.0,2.01,19.0,-0.0021567603651556078
0.0,2.01,20.0,0.0017464906917455392
0.0,2.01,21.0,-1.0334110847332045e-06
0.0,3.01,0.0,0.013473779097655347
0.0,3.01,1.0,0.0002748033884004686
0.0,3.01,2.0,0.002031784200370701
0.0,3.01,3.0,-1.9351647492782398e-07
0.0,3.01,4.0,-0.0009102085648612368
0.0,3.01,5.0,-0.002766616515593928
0.0,3.01,6.0,2.3874297476966788e-05
0.0,3.01,7.0,-0.002533313148543853
0.0,3.01,8.0,-4.971420738991705e-06
0.0,3.01,9.0,-0.0016941137838588916
0.0,3.01,10.0,-0.0003901948490248608
0.0,3.01,11.0,5.687058823866664e-09
0.0,3.01,12.0,5.113785450594488e-06
0.0,3.01,13.0,0.00198590281547667
0.0,3.01,14.0,5.881886566577038e-05
0.0,3.01,15.0,3.869024778749286e-05
0.0,3.01,16.0,-3.701939209227456e-05
0.0,3.01,17.0,-0.0029268219780354265
0.0,3.01,18.0,0.0002486995077463361
0.0,3.01,19.0,-0.0023682066188452366
0.0,3.01,20.0,0.0020323553936099636
0.0,3.01,21.0,-1.0336091778306855e-06
0.0,4.01,0.0,0.014679730413603598
0.0,4.01,1.0,0.00030154503318646775
0.0,4.01,2.0,0.002105730562282082
0.0,4.01,3.0,-1.9314549061510977e-07
0.0,4.01,4.0,-0.0009656351476203806
0.0,4.01,5.0,-0.002955848984712961
0.0,4.01,6.0,5.260969834219864e-07
0.0,4.01,7.0,-0.002692483114838551
0.0,4.01,8.0,-4.965176487486955e-06
0.0,4.01,9.0,-0.001773068821210172
0.0,4.01,10.0,-0.0004269469362685463
0.0,4.01,11.0,5.6333618048132195e-09
0.0,4.01,12.0,-4.6825443701103975e-06
0.0,4.01,13.0,0.0020991815365017097
0.0,4.01,14.0,6.841804441296007e-05
0.0,4.01,15.0,4.11289163657208e-05
0.0,4.01,16.0,-6.72934929961122e-05
0.0,4.01,17.0,-0.0031311392301026225
0.0,4.01,18.0,0.0002732757992209567
0.0,4.01,19.0,-0.002460971238719578
0.0,4.01,20.0,0.0019040276718686466
0.0,4.01,21.0,-1.0323034792814045e-06
0.0,5.01,0.0,0.016427181054940565
0.0,5.01,1.0,0.0003371893462122688
0.0,5.01,2.0,0.002111877806063367
0.0,5.01,3.0,-1.928876082746278e-07
0.0,5.01,4.0,-0.0007814518786195546
0.0,5.01,5.0,-0.0031429375617871985
0.0,5.01,6.0,-0.00011885913570536255
0.0,5.01,7.0,-0.0028284363905307086
0.0,5.01,8.0,-4.956513564739751e-06
0.0,5.01,9.0,-0.0017901201810175127
0.0,5.01,10.0,-0.0004899622297968032
0.0,5.01,11.0,5.616981046951963e-09
0.0,5.01,12.0,-5.634252024341868e-05
0.0,5.01,13.0,0.002185536634902313
0.0,5.01,14.0,8.463230580888631e-05
0.0,5.01,15.0,4.3607723287708566e-05
0.0,5.01,16.0,-0.00020649609292422433
0.0,5.01,17.0,-0.003360903018140002
0.0,5.01,18.0,0.0002981213723066978
0.0,5.01,19.0,-0.0025484509597850646
0.0,5.01,20.0,0.0014179186418768475
0.0,5.01,21.0,-1.0305070316796172e-06
1.0,0.01,0.0,0.010603565565792783
1.0,0.01,1.0,0.00020474249285415413
1.0,0.01,2.0,0.0018808012934482532
1.0,0.01,3.0,-1.9356679686888256e-07
1.0,0.01,4.0,-0.000762938779605371
1.0,0.01,5.0,-0.0022877467659095374
1.0,0.01,6.0,9.853378755803055e-05
1.0,0.01,7.0,-0.0021619770401009875
1.0,0.01,8.0,-4.966286827813582e-06
1.0,0.01,9.0,-0.0015052204619288856
1.0,0.01,10.0,-0.000295847146370265
1.0,0.01,11.0,5.688701773531868e-09
1.0,0.01,12.0,5.323545249696915e-05
1.0,0.01,13.0,0.0016684200425323426
1.0,0.01,14.0,9.701988332042055e-06
1.0,0.01,15.0,3.324232070990585e-05
1.0,0.01,16.0,7.919362488195691e-05
1.0,0.01,17.0,-0.002412422876089379
1.0,0.01,18.0,0.0001842064291328882
1.0,0.01,19.0,-0.0022213355224905418
1.0,0.01,20.0,0.0026123150212999935
1.0,0.01,21.0,-1.0427909337418217e-06
1.0,1.01,0.0,0.011468679532576798
1.0,1.01,1.0,0.00022556010913649116
1.0,1.01,2.0,0.0019271109563198663
1.0,1.01,3.0,-1.9350942105644808e-07
1.0,1.01,4.0,-0.0007123650662726466
1.0,1.01,5.0,-0.0024303786495181723
1.0,1.01,6.0,4.8722096215647603e-05
1.0,1.01,7.0,-0.0022855018480157085
1.0,1.01,8.0,-4.967665369608187e-06
1.0,1.01,9.0,-0.001568562386040695
1.0,1.01,10.0,-0.0003283151657517136
1.0,1.01,11.0,5.67561279918305e-09
1.0,1.01,12.0,3.260246060202143e-05
1.0,1.01,13.0,0.0017482258556620889
1.0,1.01,14.0,1.729365015544493e-05
1.0,1.01,15.0,3.492298141137551e-05
1.0,1.01,16.0,2.1469760736192445e-05
1.0,1.01,17.0,-0.0025703035230163346
1.0,1.01,18.0,0.0002033905421372495
1.0,1.01,19.0,-0.002310944916132762
1.0,1.01,20.0,0.0023575475645004063
1.0,1.01,21.0,-1.0430783726200765e-06
1.0,2.01,0.0,0.01248414461668157
1.0,2.01,1.0,0.0002523679952870783
1.0,2.01,2.0,0.0019426911496618904
1.0,2.01,3.0,-1.9338212883801553e-07
1.0,2.01,4.0,-0.0008056265339489999
1.0,2.01,5.0,-0.0025853303410349193
1.0,2.01,6.0,2.9342626261086302e-05
1.0,2.01,7.0,-0.002412516536964726
1.0,2.01,8.0,-4.969682705274758e-06
1.0,2.01,9.0,-0.0016206465308246931
1.0,2.01,10.0,-0.0003608767543288316
1.0,2.01,11.0,5.6530829600776045e-09
1.0,2.01,12.0,2.7930472032894338e-05
1.0,2.01,13.0,0.0018260153579330307
1.0,2.01,14.0,2.2452890639831913e-05
1.0,2.01,15.0,3.634813217152921e-05
1.0,2.01,16.0,-2.9088780391095526e-06
1.0,2.01,17.0,-0.002731155799696988
1.0,2.01,18.0,0.00023715490498435465
1.0,2.01,19.0,-0.002318294807898136
1.0,2.01,20.0,0.0020257801180354473
1.0,2.01,21.0,-1.0434959457072956e-06
1.0,3.01,0.0,0.013680916724864933
1.0,3.01,1.0,0.000282664045739095
1.0,3.01,2.0,0.0019493798230446058
1.0,3.01,3.0,-1.9347138334457892e-07
1.0,3.01,4.0,-0.0008851721844132521
1.0,3.01,5.0,-0.0027514201979678687
1.0,3.01,6.0,-1.458075798044245e-06
1.0,3.01,7.0,-0.0025430877582058586
1.0,3.01,8.0,-4.970929447449535e-06
1.0,3.01,9.0,-0.0016610970322409047
1.0,3.01,10.0,-0.00039942206823240234
1.0,3.01,11.0,5.681832851434088e-09
1.0,3.01,12.0,1.8770285545116616e-05
1.0,3.01,13.0,0.0019051287377754578
1.0,3.01,14.0,2.898508046249998e-05
1.0,3.01,15.0,3.798319892205082e-05
1.0,3.01,16.0,-4.005768512466146e-05
1.0,3.01,17.0,-0.002907526883161718
1.0,3.01,18.0,0.0002726812858969141
1.0,3.01,19.0,-0.002314005078661807
1.0,3.01,20.0,0.0016780750507254805
1.0,3.01,21.0,-1.0437616443925712e-06
1.0,4.01,0.0,0.01483599979823802
1.0,4.01,1.0,0.0003070004881944033
1.0,4.01,2.0,0.00204449011980673
1.0,4.01,3.0,-1.931653093728558e-07
1.0,4.01,4.0,-0.0009376321925808062
1.0,4.01,5.0,-0.002942019234008192
1.0,4.01,6.0,-1.9079568745417053e-05
1.0,4.01,7.0,-0.0027101537359781047
1.0,4.01,8.0,-4.965154153838136e-06
1.0,4.01,9.0,-0.0017520479189299665
1.0,4.01,10.0,-0.0004338618971824193
1.0,4.01,11.0,5.640047165411666e-09
1.0,4.01,12.0,1.3648772688917843e-05
1.0,4.01,13.0,0.002024052844256552
1.0,4.01,14.0,3.676975314838987e-05
1.0,4.01,15.0,4.061512685743507e-05
1.0,4.01,16.0,-6.245123575721045e-05
1.0,4.01,17.0,-0.003112097060919708
1.0,4.01,18.0,0.00029603585854162673
1.0,4.01,19.0,-0.0024313741562540514
1.0,4.01,20.0,0.001646073387003455
1.0,4.01,21.0,-1.0425452943996216e-06
1.0,5.01,0.0,0.016679366653780003
1.0,5.01,1.0,0.0003465371201282208
1.0,5.01,2.0,0.0020041795981690647
1.0,5.01,3.0,-1.928713472126864e-07
1.0,5.01,4.0,-0.0008765419787017947
1.0,5.01,5.0,-0.0031197839123620758
1.0,5.01,6.0,-0.00012189627648978574
1.0,5.01,7.0,-0.002829142786146266
1.0,5.01,8.0,-4.956420633556169e-06
1.0,5.01,9.0,-0.0017382521511649651
1.0,5.01,10.0,-0.0004956357594200211
1.0,5.01,11.0,5.613492434775047e-09
1.0,5.01,12.0,-2.3513083739767904e-05
1.0,5.01,13.0,0.0020929618982955533
1.0,5.01,14.0,4.8945911142357634e-05
1.0,5.01,15.0,4.266840021920071e-05
1.0,5.01,16.0,-0.0001794359491136266
1.0,5.01,17.0,-0.003321397773206447
1.0,5.01,18.0,0.00033456690615205065
1.0,5.01,19.0,-0.0024047535145908516
1.0,5.01,20.0,0.0010921523273822453
1.0,5.01,21.0,-1.0407122619793263e-06
2.0,0.01,0.0,0.010518160993547077
2.0,0.01,1.0,0.0002040853815549193
2.0,0.01,2.0,0.001956011524099188
2.0,0.01,3.0,-1.9358980958561478e-07
2.0,0.01,4.0,-0.0008492239047150352
2.0,0.01,5.0,-0.0023103297844040693
2.0,0.01,6.0,0.00013681017320310573
2.0,0.01,7.0,-0.0021618532856302886
2.0,0.01,8.0,-4.96687116875727e-06
2.0,0.01,9.0,-0.0015298548389575117
2.0,0.01,10.0,-0.00029332319518293737
2.0,0.01,11.0,5.690460672114206e-09
2.0,0.01,12.0,5.495513753314696e-05
2.0,0.01,13.0,0.0017247206676032634
2.0,0.01,14.0,-3.0068721011480837e-06
2.0,0.01,15.0,3.478389398064996e-05
2.0,0.01,16.0,0.00012875958580421676
2.0,0.01,17.0,-0.0023760791130342795
2.0,0.01,18.0,0.00018045076830716655
2.0,0.01,19.0,-0.002190139040455563
2.0,0.01,20.0,0.0027799894284410986
2.0,0.01,21.0,-1.0452002245642245e-06
2.0,1.01,0.0,0.011901832193452866
2.0,1.01,1.0,0.0002471014753199774
2.0,1.01,2.0,0.001788946257461066
2.0,1.01,3.0,-1.935353609039403e-07
2.0,1.01,4.0,-0.000719080406550554
2.0,1.01,5.0,-0.002435445659314875
2.0,1.01,6.0,-2.166595967689755e-06
2.0,1.01,7.0,-0.002228188597307307
2.0,1.01,8.0,-4.968248830165833e-06
2.0,1.01,9.0,-0.0014837919002021194
2.0,1.01,10.0,-0.00035390269531621055
2.0,1.01,11.0,5.678258863106578e-09
2.0,1.01,12.0,-2.097352633123606e-06
2.0,1.01,13.0,0.0017258388382198897
2.0,1.01,14.0,7.878464784040473e-06
2.0,1.01,15.0,3.462033273367304e-05
2.0,1.01,16.0,-3.937139089932318e-05
2.0,1.01,17.0,-0.0025201434890441132
2.0,1.01,18.0,0.00022653093553856585
2.0,1.01,19.0,-0.0020458414635169397
2.0,1.01,20.0,0.0016326986121842912
2.0,1.01,21.0,-1.0454883870580911e-06
2.0,2.01,0.0,0.012721834208311744
2.0,2.01,1.0,0.0002649271016866017
2.0,2.01,2.0,0.0018996138461142564
2.0,2.01,3.0,-1.9369786792566845e-07
2.0,2.01,4.0,-0.0008217729348099501
2.0,2.01,5.0,-0.0026006205601444843
2.0,2.01,6.0,1.1669040761941307e-05
2.0,2.01,7.0,-0.0023784863017513314
2.0,2.01,8.0,-4.971122794822369e-06
2.0,2.01,9.0,-0.0015833019902920797
2.0,2.01,10.0,-0.00037622467596937215
2.0,2.01,11.0,5.7177621387571875e-09
2.0,2.01,12.0,4.63830137045762e-06
2.0,2.01,13.0,0.0018403769843330642
2.0,2.01,14.0,1.2457432925723488e-05
2.0,2.01,15.0,3.69816994001404e-05
2.0,2.01,16.0,-2.6394499457349507e-05
2.0,2.01,17.0,-0.002686648207549644
2.0,2.01,18.0,0.0002462188765750273
2.0,2.01,19.0,-0.002159212704138991
2.0,2.01,20.0,0.0017097153655854513
2.0,2.01,21.0,-1.0460953597246636e-06
2.0,3.01,0.0,0.013723690781347941
2.0,3.01,1.0,0.0002873003133956331
2.0,3.01,2.0,0.0019945874997222557
2.0,3.01,3.0,-1.9344375884466913e-07
2.0,3.01,4.0,-0.000883967607981706
2.0,3.01,5.0,-0.0027788446474654033
2.0,3.01,6.0,2.664945262020879e-06
2.0,3.01,7.0,-0.002534106503476019
2.0,3.01,8.0,-4.970956590924502e-06
2.0,3.01,9.0,-0.001673424675642965
2.0,3.01,10.0,-0.00040649271749088056
2.0,3.01,11.0,5.674792330490064e-09
2.0,3.01,12.0,1.0824069932580116e-06
2.0,3.01,13.0,0.001954944685191057
2.0,3.01,14.0,1.9341437220946056e-05
2.0,3.01,15.0,3.944054071079728e-05
2.0,3.01,16.0,-4.026448727811882e-05
2.0,3.01,17.0,-0.0028718038193160794
2.0,3.01,18.0,0.0002671036722778908
2.0,3.01,19.0,-0.0022662726575155556
2.0,3.01,20.0,0.0016919190041246868
2.0,3.01,21.0,-1.0460543883317186e-06
2.0,4.01,0.0,0.014859718868616367
2.0,4.01,1.0,0.00031095065300751346
2.0,4.01,2.0,0.0021060805032304675
2.0,4.01,3.0,-1.9312490717737774e-07
2.0,4.01,4.0,-0.0009269887748574734
2.0,4.01,5.0,-0.002974397147071303
2.0,4.01,6.0,-1.4103729974512813e-05
2.0,4.01,7.0,-0.002705860400405685
2.0,4.01,8.0,-4.9649490891229275e-06
2.0,4.01,9.0,-0.001774342251226635
2.0,4.01,10.0,-0.00044054165824841673
2.0,4.01,11.0,5.631991165100381e-09
2.0,4.01,12.0,-6.136687824565001e-06
2.0,4.01,13.0,0.0020828172129337685
2.0,4.01,14.0,2.7963499260298674e-05
2.0,4.01,15.0,4.2298186796768666e-05
2.0,4.01,16.0,-6.323628282867144e-05
2.0,4.01,17.0,-0.003078209136844895
2.0,4.01,18.0,0.0002866162221639712
2.0,4.01,19.0,-0.0024023785085682814
2.0,4.01,20.0,0.001700459355528816
2.0,4.01,21.0,-1.0447847265393495e-06
2.0,5.01,0.0,0.0167050142643953
2.0,5.01,1.0,0.0003494324665851145
2.0,5.01,2.0,0.002086270885955699
2.0,5.01,3.0,-1.9285909787225552e-07
2.0,5.01,4.0,-0.0007412128368652904
2.0,5.01,5.0,-0.0031577611755806284
2.0,5.01,6.0,-0.00014231123641339494
2.0,5.01,7.0,-0.0028309423469076167
2.0,5.01,8.0,-4.956379380985365e-06
2.0,5.01,9.0,-0.0017738533805063683
2.0,5.01,10.0,-0.0005067259409604619
2.0,5.01,11.0,5.612898409945721e-09
2.0,5.01,12.0,-5.856618512814493e-05
2.0,5.01,13.0,0.0021598074911460263
2.0,5.01,14.0,4.2807988230322835e-05
2.0,5.01,15.0,4.47011784629886e-05
2.0,5.01,16.0,-0.00021778763707969162
2.0,5.01,17.0,-0.0033010154497208205
2.0,5.01,18.0,0.0003144550399233059
2.0,5.01,19.0,-0.0024440940518098975
2.0,5.01,20.0,0.0011594357160583102
2.0,5.01,21.0,-1.0429855958060674e-06
3.0,0.01,0.0,0.010737285768103288
3.0,0.01,1.0,0.00021848089823445216
3.0,0.01,2.0,0.0016823491799693446
3.0,0.01,3.0,-1.936285400905291e-07
3.0,0.01,4.0,-0.000728706872758389
3.0,0.01,5.0,-0.002258964255765619
3.0,0.01,6.0,3.344974169156023e-05
3.0,0.01,7.0,-0.0021078302738335997
3.0,0.01,8.0,-4.966848677054325e-06
3.0,0.01,9.0,-0.001394912754489358
3.0,0.01,10.0,-0.00031536862109671215
3.0,0.01,11.0,5.6983595758675065e-09
3.0,0.01,12.0,1.5217330192773826e-05
3.0,0.01,13.0,0.0015901986269807322
3.0,0.01,14.0,8.48318656671565e-05
3.0,0.01,15.0,3.1880835862738155e-05
3.0,0.01,16.0,-3.8914418542423945e-05
3.0,0.01,17.0,-0.002363113059441091
3.0,0.01,18.0,0.00017763332029049894
3.0,0.01,19.0,-0.0019677649394460595
3.0,0.01,20.0,0.0018858190083614335
3.0,0.01,21.0,-1.0322647585048195e-06
3.0,1.01,0.0,0.011663272395044388
3.0,1.01,1.0,0.00024174068936555493
3.0,1.01,2.0,0.001706383426439806
3.0,1.01,3.0,-1.9357490933791244e-07
3.0,1.01,4.0,-0.0007112668120958787
3.0,1.01,5.0,-0.002399535260078328
3.0,1.01,6.0,-1.1386702410021154e-05
3.0,1.01,7.0,-0.0022237406241906177
3.0,1.01,8.0,-4.968292182098988e-06
3.0,1.01,9.0,-0.0014414517615697064
3.0,1.01,10.0,-0.0003492419582130646
3.0,1.01,11.0,5.685658235887736e-09
3.0,1.01,12.0,-3.307377010319801e-06
3.0,1.01,13.0,0.0016611723401235012
3.0,1.01,14.0,9.513398211737772e-05
3.0,1.01,15.0,3.3402420023601054e-05
3.0,1.01,16.0,-9.217754660695299e-05
3.0,1.01,17.0,-0.0025160729979980534
3.0,1.01,18.0,0.00019824159207862402
3.0,1.01,19.0,-0.002017818094213031
3.0,1.01,20.0,0.0015899155306299262
3.0,1.01,21.0,-1.0325626151053147e-06
3.0,2.01,0.0,0.012440557171795485
3.0,2.01,1.0,0.00025846117399044855
3.0,2.01,2.0,0.00182292849920207
3.0,2.01,3.0,-1.9343129648019541e-07
3.0,2.01,4.0,-0.0008417439933863236
3.0,2.01,5.0,-0.0025659830383729237
3.0,2.01,6.0,1.3161987893917093e-05
3.0,2.01,7.0,-0.0023793431521099417
3.0,2.01,8.0,-4.970266716232408e-06
3.0,2.01,9.0,-0.0015461863521471497
3.0,2.01,10.0,-0.00036879496705455317
3.0,2.01,11.0,5.659655230583205e-09
3.0,2.01,12.0,8.486612470270938e-06
3.0,2.01,13.0,0.0017772724011541063
3.0,2.01,14.0,0.00010222406123944205
3.0,2.01,15.0,3.5756523583549416e-05
3.0,2.01,16.0,-7.039873157582699e-05
3.0,2.01,17.0,-0.0026839745023491818
3.0,2.01,18.0,0.00021601927057590675
3.0,2.01,19.0,-0.0021353172066824744
3.0,2.01,20.0,0.0017132657425154574
3.0,2.01,21.0,-1.0329648643947476e-06
3.0,3.01,0.0,0.01325285901622586
3.0,3.01,1.0,0.00027358570355276446
3.0,3.01,2.0,0.0019824594151036656
3.0,3.01,3.0,-1.9354080524336403e-07
3.0,3.01,4.0,-0.0008758724666433904
3.0,3.01,5.0,-0.0027505135870859315
3.0,3.01,6.0,1.6924562030673496e-05
3.0,3.01,7.0,-0.0025571651002535556
3.0,3.01,8.0,-4.971397508289621e-06
3.0,3.01,9.0,-0.0016743254749515546
3.0,3.01,10.0,-0.00039239149069786317
3.0,3.01,11.0,5.693404483975151e-09
3.0,3.01,12.0,9.224905329646704e-06
3.0,3.01,13.0,0.0019143720728711233
3.0,3.01,14.0,0.00011275507062229184
3.0,3.01,15.0,3.873861383102417e-05
3.0,3.01,16.0,-7.327822884467539e-05
3.0,3.01,17.0,-0.0028785299461803193
3.0,3.01,18.0,0.00022583513893792428
3.0,3.01,19.0,-0.0023333798982501097
3.0,3.01,20.0,0.0019374161480303353
3.0,3.01,21.0,-1.033204952261002e-06
3.0,4.01,0.0,0.014464358225960483
3.0,4.01,1.0,0.00030116358115878095
3.0,4.01,2.0,0.002049770493418146
3.0,4.01,3.0,-1.93190012209854e-07
3.0,4.01,4.0,-0.000941510519291866
3.0,4.01,5.0,-0.0029415120580317394
3.0,4.01,6.0,-5.814157503614137e-06
3.0,4.01,7.0,-0.0027191758532936483
3.0,4.01,8.0,-4.965218904452728e-06
3.0,4.01,9.0,-0.0017505419666208888
3.0,4.01,10.0,-0.0004297489784769737
3.0,4.01,11.0,5.64331453789535e-09
3.0,4.01,12.0,8.083517222812198e-07
3.0,4.01,13.0,0.002023737384689722
3.0,4.01,14.0,0.00012500137779976328
3.0,4.01,15.0,4.115756643237323e-05
3.0,4.01,16.0,-0.00010337631875090292
3.0,4.01,17.0,-0.0030815896431448248
3.0,4.01,18.0,0.00025003594765291015
3.0,4.01,19.0,-0.002414135423128516
3.0,4.01,20.0,0.0017923956197172242
3.0,4.01,21.0,-1.031913211213542e-06
3.0,5.01,0.0,0.01624670453393029
3.0,5.01,1.0,0.0003391258895075189
3.0,5.01,2.0,0.002033595753634432
3.0,5.01,3.0,-1.9287947324031496e-07
3.0,5.01,4.0,-0.0008198383238194884
3.0,5.01,5.0,-0.0031284543170597146
3.0,5.01,6.0,-0.00011537646562925774
3.0,5.01,7.0,-0.0028522952210680574
3.0,5.01,8.0,-4.956351526030911e-06
3.0,5.01,9.0,-0.001756142268018679
3.0,5.01,10.0,-0.000492499364192156
3.0,5.01,11.0,5.614600145920079e-09
3.0,5.01,12.0,-4.305179679128801e-05
3.0,5.01,13.0,0.002101420679402166
3.0,5.01,14.0,0.0001430014249488784
3.0,5.01,15.0,4.347588107475597e-05
3.0,5.01,16.0,-0.00022879297049849256
3.0,5.01,17.0,-0.0033030939246175423
3.0,5.01,18.0,0.00027842786991433277
3.0,5.01,19.0,-0.0024487960600839687
3.0,5.01,20.0,0.0012680527044325873
3.0,5.01,21.0,-1.0300729363921235e-06
4.0,0.01,0.0,0.010800205204942182
4.0,0.01,1.0,0.00021898050997556928
4.0,0.01,2.0,0.0017193974371251253
4.0,0.01,3.0,-1.9360823927394577e-07
4.0,0.01,4.0,-0.0006985800315569279
4.0,0.01,5.0,-0.0022606021980142166
4.0,0.01,6.0,3.848872687750582e-05
4.0,0.01,7.0,-0.002074494298099916
4.0,0.01,8.0,-4.966928391796077e-06
4.0,0.01,9.0,-0.0014232201820189305
4.0,0.01,10.0,-0.0003216337038676187
4.0,0.01,11.0,5.693662680217315e-09
4.0,0.01,12.0,2.4832382183065382e-05
4.0,0.01,13.0,0.001593923377062656
4.0,0.01,14.0,2.8870217117005215e-05
4.0,0.01,15.0,3.174980883882683e-05
4.0,0.01,16.0,1.5598760402801837e-06
4.0,0.01,17.0,-0.002376882813969333
4.0,0.01,18.0,0.0001984817695061536
4.0,0.01,19.0,-0.0019689263083533803
4.0,0.01,20.0,0.0019323674645716493
4.0,0.01,21.0,-1.020507231469514e-06
4.0,1.01,0.0,0.011733327067439236
4.0,1.01,1.0,0.00024265338837936579
4.0,1.01,2.0,0.0017393206773800851
4.0,1.01,3.0,-1.9355332431247874e-07
4.0,1.01,4.0,-0.0006817770140837287
4.0,1.01,5.0,-0.0024002947687911252
4.0,1.01,6.0,-7.167063764579318e-06
4.0,1.01,7.0,-0.0021864023955742162
4.0,1.01,8.0,-4.968281179032474e-06
4.0,1.01,9.0,-0.001469052733238052
4.0,1.01,10.0,-0.0003564162200653809
4.0,1.01,11.0,5.681518380762363e-09
4.0,1.01,12.0,6.179457808674904e-06
4.0,1.01,13.0,0.0016635608328249285
4.0,1.01,14.0,3.6873951587509946e-05
4.0,1.01,15.0,3.3214942961837246e-05
4.0,1.01,16.0,-5.204180751722243e-05
4.0,1.01,17.0,-0.0025292555250670534
4.0,1.01,18.0,0.00022139165509865721
4.0,1.01,19.0,-0.002011781315018668
4.0,1.01,20.0,0.0016251352440042055
4.0,1.01,21.0,-1.020783389871216e-06
4.0,2.01,0.0,0.012525508844645539
4.0,2.01,1.0,0.00025991187032559093
4.0,2.01,2.0,0.0018511870370825911
4.0,2.01,3.0,-1.9341298447550503e-07
4.0,2.01,4.0,-0.0008075882638556853
4.0,2.01,5.0,-0.002564904030660592
4.0,2.01,6.0,1.501320157648589e-05
4.0,2.01,7.0,-0.002336511641349681
4.0,2.01,8.0,-4.9700593235807444e-06
4.0,2.01,9.0,-0.0015716123054663744
4.0,2.01,10.0,-0.0003770175590511182
4.0,2.01,11.0,5.65715740918904e-09
4.0,2.01,12.0,1.7685023493696495e-05
4.0,2.01,13.0,0.0017766622381180375
4.0,2.01,14.0,4.174407959779691e-05
4.0,2.01,15.0,3.549635448509003e-05
4.0,2.01,16.0,-3.057375103782123e-05
4.0,2.01,17.0,-0.002696503170159001
4.0,2.01,18.0,0.00024092001209644054
4.0,2.01,19.0,-0.0021215208963912824
4.0,2.01,20.0,0.0017237350861241674
4.0,2.01,21.0,-1.0211414519789574e-06
4.0,3.01,0.0,0.013516207906237865
4.0,3.01,1.0,0.00028176299147569805
4.0,3.01,2.0,0.0019436260739532085
4.0,3.01,3.0,-1.934675351589199e-07
4.0,3.01,4.0,-0.0008500345884372429
4.0,3.01,5.0,-0.002739734056495219
4.0,3.01,6.0,1.361728647564231e-06
4.0,3.01,7.0,-0.002488426551544465
4.0,3.01,8.0,-4.970696717926382e-06
4.0,3.01,9.0,-0.0016598158666866758
4.0,3.01,10.0,-0.0004082948233358197
4.0,3.01,11.0,5.679935299873762e-09
4.0,3.01,12.0,1.29882266134973e-05
4.0,3.01,13.0,0.001886635108327983
4.0,3.01,14.0,4.963184501981244e-05
4.0,3.01,15.0,3.78860664332209e-05
4.0,3.01,16.0,-4.9206506305798925e-05
4.0,3.01,17.0,-0.002882608867598252
4.0,3.01,18.0,0.00026133737820627223
4.0,3.01,19.0,-0.0022313850660128365
4.0,3.01,20.0,0.0017000148695183182
4.0,3.01,21.0,-1.0212758470296013e-06
4.0,4.01,0.0,0.014610238033558764
4.0,4.01,1.0,0.0003043663320039247
4.0,4.01,2.0,0.0020596514701031743
4.0,4.01,3.0,-1.931410421873725e-07
4.0,4.01,4.0,-0.0008974427481626135
4.0,4.01,5.0,-0.0029343199503491374
4.0,4.01,6.0,-1.154159160166035e-05
4.0,4.01,7.0,-0.002660319655187454
4.0,4.01,8.0,-4.964542522994941e-06
4.0,4.01,9.0,-0.001765076500263224
4.0,4.01,10.0,-0.0004414310003129085
4.0,4.01,11.0,5.635681588067598e-09
4.0,4.01,12.0,8.163619389933707e-06
4.0,4.01,13.0,0.0020134136051114526
4.0,4.01,14.0,5.900557293618547e-05
4.0,4.01,15.0,4.0686470581294265e-05
4.0,4.01,16.0,-6.71407811470015e-05
4.0,4.01,17.0,-0.003090631368704258
4.0,4.01,18.0,0.00028010071068823583
4.0,4.01,19.0,-0.0023732196859869714
4.0,4.01,20.0,0.0017356387431176068
4.0,4.01,21.0,-1.0200054190445673e-06
4.0,5.01,0.0,0.016415268483514822
4.0,5.01,1.0,0.0003424643204732736
4.0,5.01,2.0,0.0020385362257189232
4.0,5.01,3.0,-1.928622931912649e-07
4.0,5.01,4.0,-0.0007574599501684043
4.0,5.01,5.0,-0.00311784280882324
4.0,5.01,6.0,-0.00012837109570440486
4.0,5.01,7.0,-0.0027859257554264383
4.0,5.01,8.0,-4.9560210664337245e-06
4.0,5.01,9.0,-0.001766574940997162
4.0,5.01,10.0,-0.0005066678411482783
4.0,5.01,11.0,5.613749215482855e-09
4.0,5.01,12.0,-3.868922484306925e-05
4.0,5.01,13.0,0.0020889056123464533
4.0,5.01,14.0,7.390944108316005e-05
4.0,5.01,15.0,4.295873276567719e-05
4.0,5.01,16.0,-0.00020083487842520453
4.0,5.01,17.0,-0.0033106210612710157
4.0,5.01,18.0,0.00031079561919322707
4.0,5.01,19.0,-0.0024044854280198535
4.0,5.01,20.0,0.0012070896257491692
4.0,5.01,21.0,-1.0182580604534142e-06
5.0,0.01,0.0,0.010562989891447883
5.0,0.01,1.0,0.00020478883013835825
5.0,0.01,2.0,0.0018567359175740705
5.0,0.01,3.0,-1.9359786243566823e-07
5.0,0.01,4.0,-0.0007999096097368597
5.0,0.01,5.0,-0.0023057506896456137
5.0,0.01,6.0,0.00011372456574154644
5.0,0.01,7.0,-0.002143881499571204
5.0,0.01,8.0,-4.9668764334348525e-06
5.0,0.01,9.0,-0.0014902903208456886
5.0,0.01,10.0,-0.00030614433020892395
5.0,0.01,11.0,5.692599613915661e-09
5.0,0.01,12.0,5.8115038167744215e-05
5.0,0.01,13.0,0.0016856565841439908
5.0,0.01,14.0,3.9263822464094544e-06
5.0,0.01,15.0,3.379879729140112e-05
5.0,0.01,16.0,7.35937289948474e-05
5.0,0.01,17.0,-0.0024194759760597373
5.0,0.01,18.0,0.00018360120785149148
5.0,0.01,19.0,-0.00216842305980669
5.0,0.01,20.0,0.0026694754655627317
5.0,0.01,21.0,-1.0147543861582786e-06
5.0,1.01,0.0,0.011855359930408649
5.0,1.01,1.0,0.0002433678808734241
5.0,1.01,2.0,0.0017347540068171075
5.0,1.01,3.0,-1.9354189598197458e-07
5.0,1.01,4.0,-0.0007159223955343075
5.0,1.01,5.0,-0.0024335894408826775
5.0,1.01,6.0,-3.300780147208471e-06
5.0,1.01,7.0,-0.002220615457941194
5.0,1.01,8.0,-4.968260408175218e-06
5.0,1.01,9.0,-0.0014611222978142824
5.0,1.01,10.0,-0.00036215335197736787
5.0,1.01,11.0,5.6800918690758095e-09
5.0,1.01,12.0,1.251334466970122e-05
5.0,1.01,13.0,0.0017017389512402337
5.0,1.01,14.0,1.3727189109705162e-05
5.0,1.01,15.0,3.39789063596857e-05
5.0,1.01,16.0,-5.684070553413356e-05
5.0,1.01,17.0,-0.0025669799072547544
5.0,1.01,18.0,0.00022669180182563475
5.0,1.01,19.0,-0.002058639453149602
5.0,1.01,20.0,0.0016692346910656686
5.0,1.01,21.0,-1.0150353289828384e-06
5.0,2.01,0.0,0.012668980665620166
5.0,2.01,1.0,0.0002611209164024575
5.0,2.01,2.0,0.0018425383904317472
5.0,2.01,3.0,-1.9340434330439304e-07
5.0,2.01,4.0,-0.0008404308673898297
5.0,2.01,5.0,-0.0026001478578939474
5.0,2.01,6.0,1.6825223984051618e-05
5.0,2.01,7.0,-0.0023719396695547623
5.0,2.01,8.0,-4.970174768498259e-06
5.0,2.01,9.0,-0.0015606534324978383
5.0,2.01,10.0,-0.0003840126930747534
5.0,2.01,11.0,5.656054111180531e-09
5.0,2.01,12.0,2.304468880640065e-05
5.0,2.01,13.0,0.001815823323396859
5.0,2.01,14.0,1.811398670376052e-05
5.0,2.01,15.0,3.6280825050319376e-05
5.0,2.01,16.0,-3.80847684802732e-05
5.0,2.01,17.0,-0.002736771116478437
5.0,2.01,18.0,0.0002469928697922674
5.0,2.01,19.0,-0.002168057903068288
5.0,2.01,20.0,0.0017517071825871589
5.0,2.01,21.0,-1.0154195227152218e-06
5.0,3.01,0.0,0.013674579378674667
5.0,3.01,1.0,0.0002831683236944882
5.0,3.01,2.0,0.0019345790955738185
5.0,3.01,3.0,-1.9345559809647028e-07
5.0,3.01,4.0,-0.0008868150252067664
5.0,3.01,5.0,-0.0027772738232246658
5.0,3.01,6.0,3.1612391942492657e-06
5.0,3.01,7.0,-0.0025261305770127307
5.0,3.01,8.0,-4.971058672489925e-06
5.0,3.01,9.0,-0.0016475052377936394
5.0,3.01,10.0,-0.0004158898345137385
5.0,3.01,11.0,5.6776479073761266e-09
5.0,3.01,12.0,1.884394856291327e-05
5.0,3.01,13.0,0.0019281082750697842
5.0,3.01,14.0,2.5276750819432092e-05
5.0,3.01,15.0,3.871791344986497e-05
5.0,3.01,16.0,-5.6917338066564405e-05
5.0,3.01,17.0,-0.0029258510291987477
5.0,3.01,18.0,0.000267916741396923
5.0,3.01,19.0,-0.002278868121667166
5.0,3.01,20.0,0.001724958978067348
5.0,3.01,21.0,-1.0156033440344991e-06
5.0,4.01,0.0,0.014802445524213281
5.0,4.01,1.0,0.00030643226071241925
5.0,4.01,2.0,0.0020450023843513465
5.0,4.01,3.0,-1.9313279800425853e-07
5.0,4.01,4.0,-0.0009350535580383013
5.0,4.01,5.0,-0.0029736293962335097
5.0,4.01,6.0,-1.220551407105086e-05
5.0,4.01,7.0,-0.002698715303110444
5.0,4.01,8.0,-4.965007202262228e-06
5.0,4.01,9.0,-0.0017479564666514902
5.0,4.01,10.0,-0.00045046011265820196
5.0,4.01,11.0,5.633982710917529e-09
5.0,4.01,12.0,1.3671597808323499e-05
5.0,4.01,13.0,0.0020554701955857457
5.0,4.01,14.0,3.3938254398978296e-05
5.0,4.01,15.0,4.154176331072623e-05
5.0,4.01,16.0,-7.788617200582548e-05
5.0,4.01,17.0,-0.0031367127525848693
5.0,4.01,18.0,0.00028765615870668393
5.0,4.01,19.0,-0.002416947623426202
5.0,4.01,20.0,0.0017404731010665087
5.0,4.01,21.0,-1.0143613764779236e-06
5.0,5.01,0.0,0.016645673022050445
5.0,5.01,1.0,0.0003448144882214621
5.0,5.01,2.0,0.0020242468769017252
5.0,5.01,3.0,-1.9286015880137786e-07
5.0,5.01,4.0,-0.0007836455997591862
5.0,5.01,5.0,-0.003157060065074088
5.0,5.01,6.0,-0.0001353717692590961
5.0,5.01,7.0,-0.002824354797803047
5.0,5.01,8.0,-4.956331901000144e-06
5.0,5.01,9.0,-0.0017442218241660035
5.0,5.01,10.0,-0.000517455125722377
5.0,5.01,11.0,5.613470938081733e-09
5.0,5.01,12.0,-3.361584790220751e-05
5.0,5.01,13.0,0.002131379022057539
5.0,5.01,14.0,4.8253489764157886e-05
5.0,5.01,15.0,4.3865103040621745e-05
5.0,5.01,16.0,-0.00021715006864825304
5.0,5.01,17.0,-0.003360957092013117
5.0,5.01,18.0,0.0003183471045750119
5.0,5.01,19.0,-0.002446239320861021
5.0,5.01,20.0,0.0011885901239542807
5.0,5.01,21.0,-1.0125927896453835e-06
6.0,0.01,0.0,0.011130425941336841
6.0,0.01,1.0,0.00022445217732794398
6.0,0.01,2.0,0.0017509163238625391
6.0,0.01,3.0,-1.936284944603628e-07
6.0,0.01,4.0,-0.0007377133333647534
6.0,0.01,5.0,-0.0022880211770022613
6.0,0.01,6.0,1.6848338192820833e-05
6.0,0.01,7.0,-0.002113504836516872
6.0,0.01,8.0,-4.966994362996802e-06
6.0,0.01,9.0,-0.0014148645580961128
6.0,0.01,10.0,-0.00032870819907521165
6.0,0.01,11.0,5.697725583009294e-09
6.0,0.01,12.0,9.934301655412092e-06
6.0,0.01,13.0,0.0016378079798569367
6.0,0.01,14.0,7.637322348046094e-05
6.0,0.01,15.0,3.1688612873823074e-05
6.0,0.01,16.0,-5.7929030651104885e-05
6.0,0.01,17.0,-0.002375526908087622
6.0,0.01,18.0,0.00018840777003192866
6.0,0.01,19.0,-0.002035220325096676
6.0,0.01,20.0,0.0018393615809070285
6.0,0.01,21.0,-1.039080031600692e-06
6.0,1.01,0.0,0.012052591886580255
6.0,1.01,1.0,0.00024686648281871393
6.0,1.01,2.0,0.001782522662875874
6.0,1.01,3.0,-1.9357418686027916e-07
6.0,1.01,4.0,-0.0007276211089362605
6.0,1.01,5.0,-0.0024284593259041864
6.0,1.01,6.0,-2.4583414418077876e-05
6.0,1.01,7.0,-0.0022285871126806744
6.0,1.01,8.0,-4.968374468845849e-06
6.0,1.01,9.0,-0.001464424421101368
6.0,1.01,10.0,-0.0003619449755466464
6.0,1.01,11.0,5.685609774652711e-09
6.0,1.01,12.0,-6.910048609087838e-06
6.0,1.01,13.0,0.0017128327406724375
6.0,1.01,14.0,8.612189227742012e-05
6.0,1.01,15.0,3.32585701266902e-05
6.0,1.01,16.0,-0.00010680906108584409
6.0,1.01,17.0,-0.002526738232904585
6.0,1.01,18.0,0.00020849474922532418
6.0,1.01,19.0,-0.0020926078323149633
6.0,1.01,20.0,0.0015834079621999675
6.0,1.01,21.0,-1.0393670762109952e-06
6.0,2.01,0.0,0.012822262967632447
6.0,2.01,1.0,0.0002628942508328125
6.0,2.01,2.0,0.0019096919527649137
6.0,2.01,3.0,-1.9342846811765124e-07
6.0,2.01,4.0,-0.0008680720080418425
6.0,2.01,5.0,-0.0025948946203795814
6.0,2.01,6.0,4.4751379042473616e-06
6.0,2.01,7.0,-0.0023841320821866296
6.0,2.01,8.0,-4.9702914396987374e-06
6.0,2.01,9.0,-0.0015732006278724453
6.0,2.01,10.0,-0.0003805025139173024
6.0,2.01,11.0,5.660179838717916e-09
6.0,2.01,12.0,6.831515281691125e-06
6.0,2.01,13.0,0.0018334589652220512
6.0,2.01,14.0,9.256750949687004e-05
6.0,2.01,15.0,3.561788403524946e-05
6.0,2.01,16.0,-8.055910861354265e-05
6.0,2.01,17.0,-0.002692303692222009
6.0,2.01,18.0,0.0002258951807182219
6.0,2.01,19.0,-0.002219657322596491
6.0,2.01,20.0,0.0017412161803379567
6.0,2.01,21.0,-1.0397598892986082e-06
6.0,3.01,0.0,0.013644501152708766
6.0,3.01,1.0,0.0002780095556260409
6.0,3.01,2.0,0.002074188215775874
6.0,3.01,3.0,-1.9347025816129904e-07
6.0,3.01,4.0,-0.0009042987886469511
6.0,3.01,5.0,-0.0027779911132422147
6.0,3.01,6.0,8.256304167064688e-06
6.0,3.01,7.0,-0.002559373990968894
6.0,3.01,8.0,-4.971303000277094e-06
6.0,3.01,9.0,-0.0017014240320331608
6.0,3.01,10.0,-0.0004042546854322038
6.0,3.01,11.0,5.679867978725106e-09
6.0,3.01,12.0,7.64885619025657e-06
6.0,3.01,13.0,0.001972315649133971
6.0,3.01,14.0,0.00010260774002100737
6.0,3.01,15.0,3.852711615331961e-05
6.0,3.01,16.0,-8.333654864728368e-05
6.0,3.01,17.0,-0.002883989563544867
6.0,3.01,18.0,0.00023596992988053622
6.0,3.01,19.0,-0.0024210198012346584
6.0,3.01,20.0,0.00196773711709064
6.0,3.01,21.0,-1.039974736882776e-06
6.0,4.01,0.0,0.014867997909917774
6.0,4.01,1.0,0.00030495306508393494
6.0,4.01,2.0,0.002145179935637842
6.0,4.01,3.0,-1.9312124985293444e-07
6.0,4.01,4.0,-0.0009621833072250285
6.0,4.01,5.0,-0.0029665468011747242
6.0,4.01,6.0,-1.6981786544967292e-05
6.0,4.01,7.0,-0.002717513646616543
6.0,4.01,8.0,-4.96528891386766e-06
6.0,4.01,9.0,-0.0017778979486879898
6.0,4.01,10.0,-0.0004421621959948552
6.0,4.01,11.0,5.6306636575520486e-09
6.0,4.01,12.0,-1.5243516638674404e-06
6.0,4.01,13.0,0.0020834491529123367
6.0,4.01,14.0,0.00011433621540519329
6.0,4.01,15.0,4.0936142674405374e-05
6.0,4.01,16.0,-0.00011586451587292101
6.0,4.01,17.0,-0.0030833505447832726
6.0,4.01,18.0,0.0002599620989029716
6.0,4.01,19.0,-0.002509218971661953
6.0,4.01,20.0,0.0018325809888724565
6.0,4.01,21.0,-1.0387101489484074e-06
6.0,5.01,0.0,0.016622215810544794
6.0,5.01,1.0,0.0003405475132519098
6.0,5.01,2.0,0.0021477233792824846
6.0,5.01,3.0,-1.9288352037794e-07
6.0,5.01,4.0,-0.0008044373893124068
6.0,5.01,5.0,-0.0031530817986289705
6.0,5.01,6.0,-0.0001344175641943557
6.0,5.01,7.0,-0.0028516403188407202
6.0,5.01,8.0,-4.9566801837985786e-06
6.0,5.01,9.0,-0.0017935780799531176
6.0,5.01,10.0,-0.0005054974432513459
6.0,5.01,11.0,5.617612930386429e-09
6.0,5.01,12.0,-4.887582875168217e-05
6.0,5.01,13.0,0.002169328217218963
6.0,5.01,14.0,0.0001324350908102137
6.0,5.01,15.0,4.337488667942313e-05
6.0,5.01,16.0,-0.00024866112036120436
6.0,5.01,17.0,-0.0033059799390049993
6.0,5.01,18.0,0.000284739528606498
6.0,5.01,19.0,-0.0025775098851018585
6.0,5.01,20.0,0.001358793810219694
6.0,5.01,21.0,-1.0369141326682652e-06
7.0,0.01,0.0,0.010770851332545406
7.0,0.01,1.0,0.00021615250904985506
7.0,0.01,2.0,0.0017211681352470865
7.0,0.01,3.0,-1.9365093788248355e-07
7.0,0.01,4.0,-0.0007034743678013267
7.0,0.01,5.0,-0.0022752617382829354
7.0,0.01,6.0,4.029714765024783e-05
7.0,0.01,7.0,-0.0020480652692329293
7.0,0.01,8.0,-4.9676488647620864e-06
7.0,0.01,9.0,-0.0013820565951874753
7.0,0.01,10.0,-0.00031777731597787406
7.0,0.01,11.0,5.699826430283217e-09
7.0,0.01,12.0,2.3731988634173584e-05
7.0,0.01,13.0,0.0015932816745485023
7.0,0.01,14.0,1.4440670547205547e-05
7.0,0.01,15.0,3.14122878259937e-05
7.0,0.01,16.0,-7.938201155632818e-06
7.0,0.01,17.0,-0.002340665693130864
7.0,0.01,18.0,0.00020648721764709999
7.0,0.01,19.0,-0.0020091021849754087
7.0,0.01,20.0,0.001909882768580451
7.0,0.01,21.0,-1.0174509113003438e-06
7.0,1.01,0.0,0.011705004012587117
7.0,1.01,1.0,0.00023935752221249107
7.0,1.01,2.0,0.0017433418374828147
7.0,1.01,3.0,-1.935943301362153e-07
7.0,1.01,4.0,-0.0006825251823736611
7.0,1.01,5.0,-0.002417335706146634
7.0,1.01,6.0,-5.298905512762797e-06
7.0,1.01,7.0,-0.0021601214880456188
7.0,1.01,8.0,-4.969007521560265e-06
7.0,1.01,9.0,-0.0014271713910989081
7.0,1.01,10.0,-0.0003524181693247419
7.0,1.01,11.0,5.687296869560932e-09
7.0,1.01,12.0,4.478349867303999e-06
7.0,1.01,13.0,0.0016642655851983879
7.0,1.01,14.0,2.21562841000722e-05
7.0,1.01,15.0,3.290756863115474e-05
7.0,1.01,16.0,-6.492302374133674e-05
7.0,1.01,17.0,-0.0024928883885342867
7.0,1.01,18.0,0.00023009791764277976
7.0,1.01,19.0,-0.0020576285895402835
7.0,1.01,20.0,0.0016060110667470706
7.0,1.01,21.0,-1.0177271045630487e-06
7.0,2.01,0.0,0.012478313548956899
7.0,2.01,1.0,0.00025566503217830383
7.0,2.01,2.0,0.0018659211865370562
7.0,2.01,3.0,-1.9344840698765076e-07
7.0,2.01,4.0,-0.0008174359651708096
7.0,2.01,5.0,-0.0025860594096905054
7.0,2.01,6.0,2.1987407531454117e-05
7.0,2.01,7.0,-0.0023127989567397478
7.0,2.01,8.0,-4.970864297827726e-06
7.0,2.01,9.0,-0.0015331722300449546
7.0,2.01,10.0,-0.0003715798788030966
7.0,2.01,11.0,5.6616916571661235e-09
7.0,2.01,12.0,1.794448628691936e-05
7.0,2.01,13.0,0.0017823053374432518
7.0,2.01,14.0,2.6393057443410695e-05
7.0,2.01,15.0,3.526326494245058e-05
7.0,2.01,16.0,-3.7386368261449476e-05
7.0,2.01,17.0,-0.002659802490646679
7.0,2.01,18.0,0.00024938297640544893
7.0,2.01,19.0,-0.002180607433907078
7.0,2.01,20.0,0.0017413543254710118
7.0,2.01,21.0,-1.0180992571773295e-06
7.0,3.01,0.0,0.013467759876978014
7.0,3.01,1.0,0.0002771924748998511
7.0,3.01,2.0,0.0019621646746894594
7.0,3.01,3.0,-1.9351332669614862e-07
7.0,3.01,4.0,-0.0008613068020825176
7.0,3.01,5.0,-0.0027645917455337843
7.0,3.01,6.0,9.738991937013886e-06
7.0,3.01,7.0,-0.002465565268927078
7.0,3.01,8.0,-4.9717769391235955e-06
7.0,3.01,9.0,-0.0016211989894324152
7.0,3.01,10.0,-0.00040248348426924485
7.0,3.01,11.0,5.686515036629203e-09
7.0,3.01,12.0,1.342951958591132e-05
7.0,3.01,13.0,0.0018946591419981285
7.0,3.01,14.0,3.380578885636698e-05
7.0,3.01,15.0,3.767736387702558e-05
7.0,3.01,16.0,-5.625387329194487e-05
7.0,3.01,17.0,-0.0028457787159846953
7.0,3.01,18.0,0.0002704653020367265
7.0,3.01,19.0,-0.002297376605263135
7.0,3.01,20.0,0.0017241965037492202
7.0,3.01,21.0,-1.0182899860267103e-06
7.0,4.01,0.0,0.014520754547339032
7.0,4.01,1.0,0.00029843621114658547
7.0,4.01,2.0,0.0020951074538079206
7.0,4.01,3.0,-1.931739624927431e-07
7.0,4.01,4.0,-0.0009186370589991388
7.0,4.01,5.0,-0.002965776163606368
7.0,4.01,6.0,4.325727283371883e-06
7.0,4.01,7.0,-0.002643211098731585
7.0,4.01,8.0,-4.965682194130183e-06
7.0,4.01,9.0,-0.0017345377041336207
7.0,4.01,10.0,-0.00043342340837904114
7.0,4.01,11.0,5.639407010815667e-09
7.0,4.01,12.0,1.1220393295402475e-05
7.0,4.01,13.0,0.002029408888626044
7.0,4.01,14.0,4.24243722243825e-05
7.0,4.01,15.0,4.058519198435473e-05
7.0,4.01,16.0,-6.741541531385398e-05
7.0,4.01,17.0,-0.003055103657993996
7.0,4.01,18.0,0.00028857518583086383
7.0,4.01,19.0,-0.0024600440604017892
7.0,4.01,20.0,0.0018130161434639636
7.0,4.01,21.0,-1.0170347909954636e-06
7.0,5.01,0.0,0.016277910246450866
7.0,5.01,1.0,0.0003355371197633905
7.0,5.01,2.0,0.002084701009236578
7.0,5.01,3.0,-1.9288255941052324e-07
7.0,5.01,4.0,-0.0008205092960558713
7.0,5.01,5.0,-0.00315707824845686
7.0,5.01,6.0,-9.467382061162377e-05
7.0,5.01,7.0,-0.0027759498303861485
7.0,5.01,8.0,-4.956958592455818e-06
7.0,5.01,9.0,-0.0017457811382800281
7.0,5.01,10.0,-0.0004949358396691417
7.0,5.01,11.0,5.614967976685925e-09
7.0,5.01,12.0,-2.8720976244456242e-05
7.0,5.01,13.0,0.002111720546629614
7.0,5.01,14.0,5.5805149550260114e-05
7.0,5.01,15.0,4.2906388598690226e-05
7.0,5.01,16.0,-0.00018775771812878927
7.0,5.01,17.0,-0.0032752388574941727
7.0,5.01,18.0,0.00032206302743326143
7.0,5.01,19.0,-0.00249209536119277
7.0,5.01,20.0,0.0013289217711688894
7.0,5.01,21.0,-1.0152508705396635e-06
8.0,0.01,0.0,0.010923202444248492
8.0,0.01,1.0,0.00022523036512098193
8.0,0.01,2.0,0.0016863481181481066
8.0,0.01,3.0,-1.9362434788838812e-07
8.0,0.01,4.0,-0.0007417342446767727
8.0,0.01,5.0,-0.0022743460385943465
8.0,0.01,6.0,3.456886350095001e-05
8.0,0.01,7.0,-0.002090479820749891
8.0,0.01,8.0,-4.967026636215621e-06
8.0,0.01,9.0,-0.0014028281200068327
8.0,0.01,10.0,-0.00031835853019579474
8.0,0.01,11.0,5.6966004136072e-09
8.0,0.01,12.0,1.4464874218717005e-05
8.0,0.01,13.0,0.001596973425875281
8.0,0.01,14.0,7.171734812459751e-05
8.0,0.01,15.0,3.2371980437456704e-05
8.0,0.01,16.0,4.821596313320242e-07
8.0,0.01,17.0,-0.0023874239088425564
8.0,0.01,18.0,0.00019496541033883763
8.0,0.01,19.0,-0.001995525665699327
8.0,0.01,20.0,0.0018658420846979773
8.0,0.01,21.0,-1.0201011383104142e-06
8.0,1.01,0.0,0.011838182438118072
8.0,1.01,1.0,0.00024796620109054923
8.0,1.01,2.0,0.0017193582279537156
8.0,1.01,3.0,-1.9356931846292724e-07
8.0,1.01,4.0,-0.0007285200305812145
8.0,1.01,5.0,-0.0024158908212393304
8.0,1.01,6.0,-5.012601153875362e-06
8.0,1.01,7.0,-0.002206951576172206
8.0,1.01,8.0,-4.968450277538505e-06
8.0,1.01,9.0,-0.0014540383447566585
8.0,1.01,10.0,-0.00035125076583797377
8.0,1.01,11.0,5.684233125857752e-09
8.0,1.01,12.0,-3.0123515317725946e-06
8.0,1.01,13.0,0.0016716784294925069
8.0,1.01,14.0,8.153339689240258e-05
8.0,1.01,15.0,3.399861505960777e-05
8.0,1.01,16.0,-4.861552612522857e-05
8.0,1.01,17.0,-0.0025417565624907684
8.0,1.01,18.0,0.0002160172956455486
8.0,1.01,19.0,-0.002054340571856772
8.0,1.01,20.0,0.0016090704960579072
8.0,1.01,21.0,-1.0203915802864394e-06
8.0,2.01,0.0,0.01261498735841271
8.0,2.01,1.0,0.0002646567612745454
8.0,2.01,2.0,0.0018400307629836132
8.0,2.01,3.0,-1.9342369066144283e-07
8.0,2.01,4.0,-0.0008650459005275501
8.0,2.01,5.0,-0.0025831543977188343
8.0,2.01,6.0,2.186860072656005e-05
8.0,2.01,7.0,-0.0023616869083902536
8.0,2.01,8.0,-4.970412543513214e-06
8.0,2.01,9.0,-0.0015611229420001982
8.0,2.01,10.0,-0.0003701801242833591
8.0,2.01,11.0,5.6583241980767696e-09
8.0,2.01,12.0,1.0065886133864277e-05
8.0,2.01,13.0,0.0017894236516250717
8.0,2.01,14.0,8.813770581721225e-05
8.0,2.01,15.0,3.641309739962906e-05
8.0,2.01,16.0,-2.102047630292425e-05
8.0,2.01,17.0,-0.0027104999731416557
8.0,2.01,18.0,0.00023442294196163171
8.0,2.01,19.0,-0.00217664926531258
8.0,2.01,20.0,0.0017511435806645825
8.0,2.01,21.0,-1.020786559058351e-06
8.0,3.01,0.0,0.013434304088652649
8.0,3.01,1.0,0.00028005820647289403
8.0,3.01,2.0,0.0020005481117919555
8.0,3.01,3.0,-1.9349182191208403e-07
8.0,3.01,4.0,-0.0009028970782131718
8.0,3.01,5.0,-0.0027681325882906588
8.0,3.01,6.0,2.6891407344964424e-05
8.0,3.01,7.0,-0.0025375260284257184
8.0,3.01,8.0,-4.971369821027416e-06
8.0,3.01,9.0,-0.0016900019070264782
8.0,3.01,10.0,-0.00039352601388692454
8.0,3.01,11.0,5.683551698720812e-09
8.0,3.01,12.0,1.131156930547772e-05
8.0,3.01,13.0,0.0019268615225371544
8.0,3.01,14.0,9.815970539684554e-05
8.0,3.01,15.0,3.9430715603638866e-05
8.0,3.01,16.0,-1.8365533305475523e-05
8.0,3.01,17.0,-0.002906159519934143
8.0,3.01,18.0,0.0002450647493421054
8.0,3.01,19.0,-0.002377522862696768
8.0,3.01,20.0,0.0019832239684396957
8.0,3.01,21.0,-1.0209870231758789e-06
8.0,4.01,0.0,0.014664879045277579
8.0,4.01,1.0,0.0003080082652660021
8.0,4.01,2.0,0.0020676081892054277
8.0,4.01,3.0,-1.9314126867286951e-07
8.0,4.01,4.0,-0.0009608246576358614
8.0,4.01,5.0,-0.0029584241422498797
8.0,4.01,6.0,2.792720415700778e-06
8.0,4.01,7.0,-0.002696419449204457
8.0,4.01,8.0,-4.9651358414587454e-06
8.0,4.01,9.0,-0.0017657467751196754
8.0,4.01,10.0,-0.00043146805986443715
8.0,4.01,11.0,5.634231484141772e-09
8.0,4.01,12.0,1.5191663743086004e-06
8.0,4.01,13.0,0.002035966726101568
8.0,4.01,14.0,0.0001100390525381259
8.0,4.01,15.0,4.189567406800987e-05
8.0,4.01,16.0,-5.038596821110852e-05
8.0,4.01,17.0,-0.003109861221550922
8.0,4.01,18.0,0.0002707778801106786
8.0,4.01,19.0,-0.002460634508545556
8.0,4.01,20.0,0.0018324140977767356
8.0,4.01,21.0,-1.0197000332723416e-06
8.0,5.01,0.0,0.016450354791249566
8.0,5.01,1.0,0.00034551427970819226
8.0,5.01,2.0,0.0020609914853764177
8.0,5.01,3.0,-1.92872288307111e-07
8.0,5.01,4.0,-0.000803842335389271
8.0,5.01,5.0,-0.0031456775426642464
8.0,5.01,6.0,-0.00011153902021515671
8.0,5.01,7.0,-0.0028299532514223236
8.0,5.01,8.0,-4.956376179213184e-06
8.0,5.01,9.0,-0.0017764901394628219
8.0,5.01,10.0,-0.0004952845347789281
8.0,5.01,11.0,5.6152642952111975e-09
8.0,5.01,12.0,-4.753951585159677e-05
8.0,5.01,13.0,0.0021174460010742746
8.0,5.01,14.0,0.00012821396185964257
8.0,5.01,15.0,4.434512007094049e-05
8.0,5.01,16.0,-0.00018704404391262086
8.0,5.01,17.0,-0.0033360610794568174
8.0,5.01,18.0,0.00029861236676123615
8.0,5.01,19.0,-0.002516924736188475
8.0,5.01,20.0,0.0013201791282336783
8.0,5.01,21.0,-1.017905179728773e-06
9.0,0.01,0.0,0.010648561762966247
9.0,0.01,1.0,0.00020954327028158137
9.0,0.01,2.0,0.0018838140589479413
9.0,0.01,3.0,-1.9358870657903982e-07
9.0,0.01,4.0,-0.0008782176019699328
9.0,0.01,5.0,-0.002299668154347942
9.0,0.01,6.0,0.0001279542929376043
9.0,0.01,7.0,-0.002190296372124312
9.0,0.01,8.0,-4.967113401380119e-06
9.0,0.01,9.0,-0.0015210172178191095
9.0,0.01,10.0,-0.00029819262152902537
9.0,0.01,11.0,5.6905871403944985e-09
9.0,0.01,12.0,5.8867379831017974e-05
9.0,0.01,13.0,0.0016992690793230236
9.0,0.01,14.0,4.872093405948463e-05
9.0,0.01,15.0,3.3821706644593386e-05
9.0,0.01,16.0,0.00011266975364149223
9.0,0.01,17.0,-0.002428620523638278
9.0,0.01,18.0,0.0001806633182768469
9.0,0.01,19.0,-0.0021899985016977097
9.0,0.01,20.0,0.0027683395644818587
9.0,0.01,21.0,-1.0222245661328788e-06
9.0,1.01,0.0,0.011959686040456496
9.0,1.01,1.0,0.0002489244228343901
9.0,1.01,2.0,0.0017576573848817612
9.0,1.01,3.0,-1.9353401797816971e-07
9.0,1.01,4.0,-0.0007365137147624101
9.0,1.01,5.0,-0.002425302233580104
9.0,1.01,6.0,-3.6998273079125177e-06
9.0,1.01,7.0,-0.0022680004119641217
9.0,1.01,8.0,-4.968483527746648e-06
9.0,1.01,9.0,-0.0014916960668836798
9.0,1.01,10.0,-0.00035612170135918
9.0,1.01,11.0,5.677821560134966e-09
9.0,1.01,12.0,4.227993010919029e-06
9.0,1.01,13.0,0.0017129264916072584
9.0,1.01,14.0,6.160170391555919e-05
9.0,1.01,15.0,3.400446737032714e-05
9.0,1.01,16.0,-4.532200924961538e-05
9.0,1.01,17.0,-0.0025776106431686374
9.0,1.01,18.0,0.00022062768914218878
9.0,1.01,19.0,-0.0020965467889045297
9.0,1.01,20.0,0.001726204790098551
9.0,1.01,21.0,-1.022504464986973e-06
9.0,2.01,0.0,0.012785505667409658
9.0,2.01,1.0,0.0002670969550634117
9.0,2.01,2.0,0.0018611601106618414
9.0,2.01,3.0,-1.9368902925975817e-07
9.0,2.01,4.0,-0.0008360859696890377
9.0,2.01,5.0,-0.002587369150491417
9.0,2.01,6.0,7.571735804623447e-06
9.0,2.01,7.0,-0.002417996156860225
9.0,2.01,8.0,-4.971350775428984e-06
9.0,2.01,9.0,-0.0015881843171604848
9.0,2.01,10.0,-0.000378961595476901
9.0,2.01,11.0,5.715006065609707e-09
9.0,2.01,12.0,1.070110047340922e-05
9.0,2.01,13.0,0.001823577322677461
9.0,2.01,14.0,6.814517620701288e-05
9.0,2.01,15.0,3.626691335605059e-05
9.0,2.01,16.0,-3.55801195413008e-05
9.0,2.01,17.0,-0.00274576119898165
9.0,2.01,18.0,0.00024046388124598916
9.0,2.01,19.0,-0.002207580999815051
9.0,2.01,20.0,0.0017859600338314685
9.0,2.01,21.0,-1.0230963054524977e-06
9.0,3.01,0.0,0.013786161632582061
9.0,3.01,1.0,0.00028962268092203036
9.0,3.01,2.0,0.0019512612299796284
9.0,3.01,3.0,-1.9345944497761725e-07
9.0,3.01,4.0,-0.0008993794525362642
9.0,3.01,5.0,-0.0027623032552637344
9.0,3.01,6.0,-1.9611529349927714e-06
9.0,3.01,7.0,-0.002574027466555634
9.0,3.01,8.0,-4.971389191574249e-06
9.0,3.01,9.0,-0.0016762164865613272
9.0,3.01,10.0,-0.0004093717955392928
9.0,3.01,11.0,5.676374661978123e-09
9.0,3.01,12.0,7.677373774578333e-06
9.0,3.01,13.0,0.0019349706551710921
9.0,3.01,14.0,7.712604748001672e-05
9.0,3.01,15.0,3.863500935598341e-05
9.0,3.01,16.0,-5.0159787665371436e-05
9.0,3.01,17.0,-0.002932374517420691
9.0,3.01,18.0,0.0002614726961318037
9.0,3.01,19.0,-0.0023137647789994165
9.0,3.01,20.0,0.0017587033912363492
9.0,3.01,21.0,-1.023098824853852e-06
9.0,4.01,0.0,0.014910658778050756
9.0,4.01,1.0,0.000313192037140142
9.0,4.01,2.0,0.0020594419658280794
9.0,4.01,3.0,-1.9315838331590562e-07
9.0,4.01,4.0,-0.0009479951860837943
9.0,4.01,5.0,-0.0029544966522068034
9.0,4.01,6.0,-1.7272552300551247e-05
9.0,4.01,7.0,-0.0027468602337650527
9.0,4.01,8.0,-4.965525994993225e-06
9.0,4.01,9.0,-0.0017762544425885818
9.0,4.01,10.0,-0.0004430410998723655
9.0,4.01,11.0,5.636331512626214e-09
9.0,4.01,12.0,1.7334606538799147e-06
9.0,4.01,13.0,0.00206026515655916
9.0,4.01,14.0,8.803447021148159e-05
9.0,4.01,15.0,4.139881397857703e-05
9.0,4.01,16.0,-7.151758976237099e-05
9.0,4.01,17.0,-0.0031401708576751924
9.0,4.01,18.0,0.0002809542621268202
9.0,4.01,19.0,-0.0024503259504192187
9.0,4.01,20.0,0.0017707576037163664
9.0,4.01,21.0,-1.021886841312547e-06
9.0,5.01,0.0,0.016763169388373522
9.0,5.01,1.0,0.00035270123364306016
9.0,5.01,2.0,0.0020300404163076657
9.0,5.01,3.0,-1.9286947719465708e-07
9.0,5.01,4.0,-0.0007985236796299033
9.0,5.01,5.0,-0.003133143236774008
9.0,5.01,6.0,-0.0001377847766385054
9.0,5.01,7.0,-0.0028704455295513742
9.0,5.01,8.0,-4.956824286250772e-06
9.0,5.01,9.0,-0.001768299844124327
9.0,5.01,10.0,-0.0005091385197036891
9.0,5.01,11.0,5.611391545867761e-09
9.0,5.01,12.0,-4.664710694549101e-05
9.0,5.01,13.0,0.002131874820099522
9.0,5.01,14.0,0.00010482856090272136
9.0,5.01,15.0,4.361685606074639e-05
9.0,5.01,16.0,-0.00021641692842078175
9.0,5.01,17.0,-0.0033598144101775612
9.0,5.01,18.0,0.00031230951163707665
9.0,5.01,19.0,-0.002470929588536952
9.0,5.01,20.0,0.0011982668101858107
9.0,5.01,21.0,-1.0200992807962717e-06
10.0,0.01,0.0,0.010583784876162072
10.0,0.01,1.0,0.0002063318717865359
10.0,0.01,2.0,0.0018443352851316153
10.0,0.01,3.0,-1.936196749319219e-07
10.0,0.01,4.0,-0.0007785796307028803
10.0,0.01,5.0,-0.0022915088247243004
10.0,0.01,6.0,0.00010628577998644806
10.0,0.01,7.0,-0.0021221695926808837
10.0,0.01,8.0,-4.967460585938999e-06
10.0,0.01,9.0,-0.001488498322168047
10.0,0.01,10.0,-0.00029885422459180466
10.0,0.01,11.0,5.694817312162925e-09
10.0,0.01,12.0,5.284903938579388e-05
10.0,0.01,13.0,0.0016814810360971377
10.0,0.01,14.0,4.564116146063557e-06
10.0,0.01,15.0,3.330314708499538e-05
10.0,0.01,16.0,8.518442303095952e-05
10.0,0.01,17.0,-0.002357996002601226
10.0,0.01,18.0,0.00019419485718952245
10.0,0.01,19.0,-0.0021662625187544027
10.0,0.01,20.0,0.0025560989088467823
10.0,0.01,21.0,-1.0329839316980394e-06
10.0,1.01,0.0,0.01181110560814047
10.0,1.01,1.0,0.00024215343124428523
10.0,1.01,2.0,0.0017454902108128278
10.0,1.01,3.0,-1.935629832250374e-07
10.0,1.01,4.0,-0.0006895691517478375
10.0,1.01,5.0,-0.002420941041709382
10.0,1.01,6.0,8.196521006365032e-08
10.0,1.01,7.0,-0.0022032283763898097
10.0,1.01,8.0,-4.9687748216106775e-06
10.0,1.01,9.0,-0.0014734067846939591
10.0,1.01,10.0,-0.00035057024119178326
10.0,1.01,11.0,5.6819238480887435e-09
10.0,1.01,12.0,9.17215672874283e-06
10.0,1.01,13.0,0.0017063988540468866
10.0,1.01,14.0,1.4115535833934822e-05
10.0,1.01,15.0,3.3703428711714944e-05
10.0,1.01,16.0,-3.7117861870938906e-05
10.0,1.01,17.0,-0.002503395207351572
10.0,1.01,18.0,0.00023297632830718285
10.0,1.01,19.0,-0.0020940906731384823
10.0,1.01,20.0,0.001674761894182586
10.0,1.01,21.0,-1.0332550718084033e-06
10.0,2.01,0.0,0.012614757290431267
10.0,2.01,1.0,0.0002596847520340839
10.0,2.01,2.0,0.0018538043364541013
10.0,2.01,3.0,-1.9342366597285832e-07
10.0,2.01,4.0,-0.0008113524041234998
10.0,2.01,5.0,-0.0025859892902865556
10.0,2.01,6.0,2.0248794732002917e-05
10.0,2.01,7.0,-0.002352935579845561
10.0,2.01,8.0,-4.970553441840941e-06
10.0,2.01,9.0,-0.0015738489387942534
10.0,2.01,10.0,-0.0003714481716174389
10.0,2.01,11.0,5.657545820714205e-09
10.0,2.01,12.0,1.964858850078688e-05
10.0,2.01,13.0,0.0018204742075111635
10.0,2.01,14.0,1.830461023528268e-05
10.0,2.01,15.0,3.59783971721761e-05
10.0,2.01,16.0,-1.7127072722000758e-05
10.0,2.01,17.0,-0.002668168396970441
10.0,2.01,18.0,0.0002535568925922105
10.0,2.01,19.0,-0.0022063317686379924
10.0,2.01,20.0,0.0017579616804996867
10.0,2.01,21.0,-1.0336176894942817e-06
10.0,3.01,0.0,0.013614881642924903
10.0,3.01,1.0,0.0002818049869004746
10.0,3.01,2.0,0.0019431699167619665
10.0,3.01,3.0,-1.9349178798089284e-07
10.0,3.01,4.0,-0.0008574930855812513
10.0,3.01,5.0,-0.00276114015022709
10.0,3.01,6.0,7.276680135837044e-06
10.0,3.01,7.0,-0.0025041585554010926
10.0,3.01,8.0,-4.9714504654838065e-06
10.0,3.01,9.0,-0.0016598477212315943
10.0,3.01,10.0,-0.00040236354762240856
10.0,3.01,11.0,5.682829137820811e-09
10.0,3.01,12.0,1.520519322967262e-05
10.0,3.01,13.0,0.0019314813647564877
10.0,3.01,14.0,2.519364765656007e-05
10.0,3.01,15.0,3.835690557431326e-05
10.0,3.01,16.0,-3.471217879080779e-05
10.0,3.01,17.0,-0.002851191869907857
10.0,3.01,18.0,0.0002753233948120659
10.0,3.01,19.0,-0.0023159671898014267
10.0,3.01,20.0,0.0017226774522184907
10.0,3.01,21.0,-1.0338079814709022e-06
10.0,4.01,0.0,0.0147133141854906
10.0,4.01,1.0,0.00030455311698071585
10.0,4.01,2.0,0.0020575325739684014
10.0,4.01,3.0,-1.931787315528899e-07
10.0,4.01,4.0,-0.000911808727352359
10.0,4.01,5.0,-0.0029566402490092125
10.0,4.01,6.0,-3.742157794250911e-06
10.0,4.01,7.0,-0.0026761646010209916
10.0,4.01,8.0,-4.965594789553551e-06
10.0,4.01,9.0,-0.0017638338818067867
10.0,4.01,10.0,-0.00043482690439533567
10.0,4.01,11.0,5.640684919150374e-09
10.0,4.01,12.0,1.117317675652929e-05
10.0,4.01,13.0,0.0020603965231729693
10.0,4.01,14.0,3.3460281160017924e-05
10.0,4.01,15.0,4.115764998406657e-05
10.0,4.01,16.0,-5.0112075306030235e-05
10.0,4.01,17.0,-0.0030560332380959038
10.0,4.01,18.0,0.00029536035111690784
10.0,4.01,19.0,-0.0024585688702056796
10.0,4.01,20.0,0.0017554787667605765
10.0,4.01,21.0,-1.0325842128566798e-06
10.0,5.01,0.0,0.01648954642122058
10.0,5.01,1.0,0.00034225134973014937
10.0,5.01,2.0,0.002042450995795697
10.0,5.01,3.0,-1.9287616989660528e-07
10.0,5.01,4.0,-0.0008168767030335422
10.0,5.01,5.0,-0.0031414179709154944
10.0,5.01,6.0,-0.00010378496377366764
10.0,5.01,7.0,-0.002803099543061599
10.0,5.01,8.0,-4.957020973195281e-06
10.0,5.01,9.0,-0.001768671897684898
10.0,5.01,10.0,-0.0004962204008037152
10.0,5.01,11.0,5.612689604750365e-09
10.0,5.01,12.0,-2.7837456868767818e-05
10.0,5.01,13.0,0.002139770134816532
10.0,5.01,14.0,4.6073444266346575e-05
10.0,5.01,15.0,4.343348231701516e-05
10.0,5.01,16.0,-0.00016609723797789133
10.0,5.01,17.0,-0.003270389229244941
10.0,5.01,18.0,0.000329312684420352
10.0,5.01,19.0,-0.002480497772293422
10.0,5.01,20.0,0.0012580745813002836
10.0,5.01,21.0,-1.0308037506623347e-06
11.0,0.01,0.0,0.010797496403413986
11.0,0.01,1.0,0.0002292551522014019
11.0,0.01,2.0,0.0017072987361568814
11.0,0.01,3.0,-1.936479207820252e-07
11.0,0.01,4.0,-0.0007088488870706788
11.0,0.01,5.0,-0.0022654869715940246
11.0,0.01,6.0,4.0090480064480793e-05
11.0,0.01,7.0,-0.0020527771162914543
11.0,0.01,8.0,-4.967345521030009e-06
11.0,0.01,9.0,-0.001392475869716886
11.0,0.01,10.0,-0.00032246484885178894
11.0,0.01,11.0,5.700920596707348e-09
11.0,0.01,12.0,1.1655148046463282e-05
11.0,0.01,13.0,0.001666230535712132
11.0,0.01,14.0,4.9042285589322165e-05
11.0,0.01,15.0,3.340134065700495e-05
11.0,0.01,16.0,-6.531995252578859e-06
11.0,0.01,17.0,-0.0023691314206375907
11.0,0.01,18.0,0.0001938201329021172
11.0,0.01,19.0,-0.001987199076231516
11.0,0.01,20.0,0.0018836967481946076
11.0,0.01,21.0,-1.0151773651989604e-06
11.0,1.01,0.0,0.0117315650244465
11.0,1.01,1.0,0.00025421675204415073
11.0,1.01,2.0,0.0017296834571514097
11.0,1.01,3.0,-1.9359421066234006e-07
11.0,1.01,4.0,-0.0006846558066065378
11.0,1.01,5.0,-0.0024056862185728722
11.0,1.01,6.0,-5.978493797353934e-06
11.0,1.01,7.0,-0.00216382987067798
11.0,1.01,8.0,-4.968702281768489e-06
11.0,1.01,9.0,-0.0014370272474160672
11.0,1.01,10.0,-0.0003577799875656429
11.0,1.01,11.0,5.688402693326822e-09
11.0,1.01,12.0,-8.901383415332864e-06
11.0,1.01,13.0,0.0017384425459513742
11.0,1.01,14.0,5.817308990200415e-05
11.0,1.01,15.0,3.494516466115427e-05
11.0,1.01,16.0,-6.107234060270805e-05
11.0,1.01,17.0,-0.0025223913281759297
11.0,1.01,18.0,0.00021567118150575548
11.0,1.01,19.0,-0.002037346947744989
11.0,1.01,20.0,0.00157902918015701
11.0,1.01,21.0,-1.0154526062788882e-06
11.0,2.01,0.0,0.012496350608804607
11.0,2.01,1.0,0.00027124111455320565
11.0,2.01,2.0,0.001853249220333253
11.0,2.01,3.0,-1.9344685929512107e-07
11.0,2.01,4.0,-0.0008236320558032695
11.0,2.01,5.0,-0.002573289491072134
11.0,2.01,6.0,2.310236549085687e-05
11.0,2.01,7.0,-0.002316991626913595
11.0,2.01,8.0,-4.970502243260844e-06
11.0,2.01,9.0,-0.001544852282928888
11.0,2.01,10.0,-0.0003767022387293206
11.0,2.01,11.0,5.662198057643231e-09
11.0,2.01,12.0,4.559421993788337e-06
11.0,2.01,13.0,0.0018624114623480847
11.0,2.01,14.0,6.367819175415179e-05
11.0,2.01,15.0,3.7438060563652065e-05
11.0,2.01,16.0,-3.2582618201271174e-05
11.0,2.01,17.0,-0.0026907112435096137
11.0,2.01,18.0,0.00023427238986584165
11.0,2.01,19.0,-0.0021604832192181345
11.0,2.01,20.0,0.0017259209464515757
11.0,2.01,21.0,-1.01581202022194e-06
11.0,3.01,0.0,0.013302151043017907
11.0,3.01,1.0,0.0002865997195247716
11.0,3.01,2.0,0.0020186740506469847
11.0,3.01,3.0,-1.9351416158386314e-07
11.0,3.01,4.0,-0.0008568076726847007
11.0,3.01,5.0,-0.0027587770603525047
11.0,3.01,6.0,2.8654472140343668e-05
11.0,3.01,7.0,-0.002491560697117118
11.0,3.01,8.0,-4.9714228019526185e-06
11.0,3.01,9.0,-0.0016751699738538905
11.0,3.01,10.0,-0.0004001898604307774
11.0,3.01,11.0,5.687338086590721e-09
11.0,3.01,12.0,5.497306330926044e-06
11.0,3.01,13.0,0.0020078019255205803
11.0,3.01,14.0,7.260495681934986e-05
11.0,3.01,15.0,4.0593067279326434e-05
11.0,3.01,16.0,-3.0956426308847984e-05
11.0,3.01,17.0,-0.002886017845709174
11.0,3.01,18.0,0.0002443296229332481
11.0,3.01,19.0,-0.0023639819530349437
11.0,3.01,20.0,0.0019628378237334654
11.0,3.01,21.0,-1.0160040816720173e-06
11.0,4.01,0.0,0.014500404463566596
11.0,4.01,1.0,0.00031530862756654066
11.0,4.01,2.0,0.002091872148021534
11.0,4.01,3.0,-1.9315857884005805e-07
11.0,4.01,4.0,-0.0009225695240103748
11.0,4.01,5.0,-0.0029505224126619573
11.0,4.01,6.0,8.907321554507686e-06
11.0,4.01,7.0,-0.002650035574796983
11.0,4.01,8.0,-4.96536400587666e-06
11.0,4.01,9.0,-0.0017540980311396004
11.0,4.01,10.0,-0.00043787103918080383
11.0,4.01,11.0,5.636488178972776e-09
11.0,4.01,12.0,-2.967438272633016e-06
11.0,4.01,13.0,0.0021233939953978487
11.0,4.01,14.0,8.29996041318351e-05
11.0,4.01,15.0,4.3129896033847204e-05
11.0,4.01,16.0,-5.709948283288968e-05
11.0,4.01,17.0,-0.0030897629476783067
11.0,4.01,18.0,0.0002697128566137852
11.0,4.01,19.0,-0.0024518064873770284
11.0,4.01,20.0,0.0018357988691511395
11.0,4.01,21.0,-1.0147585656761215e-06
11.0,5.01,0.0,0.016234943407707148
11.0,5.01,1.0,0.00035403036108566655
11.0,5.01,2.0,0.0020920110826601612
11.0,5.01,3.0,-1.928894483721466e-07
11.0,5.01,4.0,-0.0007901611113366735
11.0,5.01,5.0,-0.003139857736805987
11.0,5.01,6.0,-9.66385936924663e-05
11.0,5.01,7.0,-0.0027841003674031195
11.0,5.01,8.0,-4.956786084399367e-06
11.0,5.01,9.0,-0.0017699849119048594
11.0,5.01,10.0,-0.0005008151097068425
11.0,5.01,11.0,5.616743084524423e-09
11.0,5.01,12.0,-4.830249646151086e-05
11.0,5.01,13.0,0.002209371298809576
11.0,5.01,14.0,9.913592039480223e-05
11.0,5.01,15.0,4.5637113325960876e-05
11.0,5.01,16.0,-0.00017910026635015175
11.0,5.01,17.0,-0.0033145007597972925
11.0,5.01,18.0,0.0002975285650859416
11.0,5.01,19.0,-0.002508938872219868
11.0,5.01,20.0,0.0013618754736168803
11.0,5.01,21.0,-1.0130091514515271e-06
12.0,0.01,0.0,0.010499377907770446
12.0,0.01,1.0,0.0002036012279606203
12.0,0.01,2.0,0.001921171143146383
12.0,0.01,3.0,-1.9357551225840375e-07
12.0,0.01,4.0,-0.0008191889243202577
12.0,0.01,5.0,-0.0023034351541937753
12.0,0.01,6.0,0.00013923002482529867
12.0,0.01,7.0,-0.002142939181411563
12.0,0.01,8.0,-4.9673713352141324e-06
12.0,0.01,9.0,-0.0015078999073584454
12.0,0.01,10.0,-0.00029411405128654255
12.0,0.01,11.0,5.6888540267419074e-09
12.0,0.01,12.0,5.49332556255e-05
12.0,0.01,13.0,0.0016817590105550617
12.0,0.01,14.0,7.661876057259848e-05
12.0,0.01,15.0,3.393556092279315e-05
12.0,0.01,16.0,0.0001204984704371026
12.0,0.01,17.0,-0.002402723219733921
12.0,0.01,18.0,0.0001698202287575279
12.0,0.01,19.0,-0.0021959246979597613
12.0,0.01,20.0,0.002879207482035684
12.0,0.01,21.0,-1.0295344770594461e-06
12.0,1.01,0.0,0.01186233139393289
12.0,1.01,1.0,0.00024546375752776406
12.0,1.01,2.0,0.0017645358592816573
12.0,1.01,3.0,-1.935224008819958e-07
12.0,1.01,4.0,-0.0007081447581050448
12.0,1.01,5.0,-0.0024289550610880756
12.0,1.01,6.0,5.8138859720391345e-06
12.0,1.01,7.0,-0.002212631923357994
12.0,1.01,8.0,-4.968741914079811e-06
12.0,1.01,9.0,-0.0014640924495084862
12.0,1.01,10.0,-0.0003540508932438624
12.0,1.01,11.0,5.676295544709831e-09
12.0,1.01,12.0,1.501203858722544e-07
12.0,1.01,13.0,0.0016872947967025986
12.0,1.01,14.0,9.007762494587374e-05
12.0,1.01,15.0,3.386988097717203e-05
12.0,1.01,16.0,-3.280252065585021e-05
12.0,1.01,17.0,-0.0025479496996424073
12.0,1.01,18.0,0.00021710136868802188
12.0,1.01,19.0,-0.0020588644804729883
12.0,1.01,20.0,0.0017148791091468052
12.0,1.01,21.0,-1.0298165361022349e-06
12.0,2.01,0.0,0.01269029939370292
12.0,2.01,1.0,0.0002635089667621937
12.0,2.01,2.0,0.0018700556158594006
12.0,2.01,3.0,-1.9367295478467383e-07
12.0,2.01,4.0,-0.0008046709004653207
12.0,2.01,5.0,-0.0025930967786170628
12.0,2.01,6.0,1.8255437011061026e-05
12.0,2.01,7.0,-0.002360626629275081
12.0,2.01,8.0,-4.971558340075011e-06
12.0,2.01,9.0,-0.0015598911450646347
12.0,2.01,10.0,-0.00037699088905335243
12.0,2.01,11.0,5.712479420050265e-09
12.0,2.01,12.0,6.4370461847207405e-06
12.0,2.01,13.0,0.0017977704449778087
12.0,2.01,14.0,9.792288646351399e-05
12.0,2.01,15.0,3.616064324338253e-05
12.0,2.01,16.0,-2.2060589545347398e-05
12.0,2.01,17.0,-0.002716273072284961
12.0,2.01,18.0,0.00023688753484052416
12.0,2.01,19.0,-0.0021705871498691742
12.0,2.01,20.0,0.001778667230594333
12.0,2.01,21.0,-1.0304020763851618e-06
12.0,3.01,0.0,0.01369016813870283
12.0,3.01,1.0,0.00028578920630958904
12.0,3.01,2.0,0.001963489561407905
12.0,3.01,3.0,-1.9345297853912147e-07
12.0,3.01,4.0,-0.0008693164895470784
12.0,3.01,5.0,-0.0027709665016340673
12.0,3.01,6.0,1.0820907668906976e-05
12.0,3.01,7.0,-0.002515462023935766
12.0,3.01,8.0,-4.971624930821816e-06
12.0,3.01,9.0,-0.0016483403314299094
12.0,3.01,10.0,-0.0004072952504516336
12.0,3.01,11.0,5.675781650227307e-09
12.0,3.01,12.0,3.708977718952511e-06
12.0,3.01,13.0,0.0019099715321533317
12.0,3.01,14.0,0.00010827093290505935
12.0,3.01,15.0,3.856851245759296e-05
12.0,3.01,16.0,-3.3679326927771314e-05
12.0,3.01,17.0,-0.0029033221841469475
12.0,3.01,18.0,0.00025809692948958185
12.0,3.01,19.0,-0.0022775599993303253
12.0,3.01,20.0,0.0017598745353902268
12.0,3.01,21.0,-1.0304108391812061e-06
12.0,4.01,0.0,0.0148249187786893
12.0,4.01,1.0,0.0003094988201062798
12.0,4.01,2.0,0.0020722578311083706
12.0,4.01,3.0,-1.9315784603735064e-07
12.0,4.01,4.0,-0.0009178728625530153
12.0,4.01,5.0,-0.002966309563905853
12.0,4.01,6.0,-4.087931509133558e-06
12.0,4.01,7.0,-0.002686211605043537
12.0,4.01,8.0,-4.965897617829895e-06
12.0,4.01,9.0,-0.0017468535964929033
12.0,4.01,10.0,-0.00044142326247847974
12.0,4.01,11.0,5.63658640595488e-09
12.0,4.01,12.0,-2.618627734374268e-06
12.0,4.01,13.0,0.0020349455061650645
12.0,4.01,14.0,0.00012081348247637569
12.0,4.01,15.0,4.135226981938356e-05
12.0,4.01,16.0,-5.375529996665129e-05
12.0,4.01,17.0,-0.0031116988804129053
12.0,4.01,18.0,0.00027814839091813703
12.0,4.01,19.0,-0.0024110209448551245
12.0,4.01,20.0,0.0017672314725096228
12.0,4.01,21.0,-1.029218550413491e-06
12.0,5.01,0.0,0.016669199509455113
12.0,5.01,1.0,0.00034853064606110706
12.0,5.01,2.0,0.002046167409210542
12.0,5.01,3.0,-1.9286846884847275e-07
12.0,5.01,4.0,-0.0007856223104050764
12.0,5.01,5.0,-0.003149451604372286
12.0,5.01,6.0,-0.00012073937997558737
12.0,5.01,7.0,-0.002810790741855751
12.0,5.01,8.0,-4.957356095514065e-06
12.0,5.01,9.0,-0.001741225152937842
12.0,5.01,10.0,-0.0005069096955681585
12.0,5.01,11.0,5.610853864856935e-09
12.0,5.01,12.0,-4.950824432498058e-05
12.0,5.01,13.0,0.002109573162825784
12.0,5.01,14.0,0.0001390278880881654
12.0,5.01,15.0,4.3626325868226234e-05
12.0,5.01,16.0,-0.00018852017606107996
12.0,5.01,17.0,-0.0033317006782902364
12.0,5.01,18.0,0.0003110258802639654
12.0,5.01,19.0,-0.002427110868740423
12.0,5.01,20.0,0.001204858478712878
12.0,5.01,21.0,-1.027451364876697e-06
13.0,0.01,0.0,0.010498053863307044
13.0,0.01,1.0,0.0002035294418302469
13.0,0.01,2.0,0.00186629606091554
13.0,0.01,3.0,-1.9359639574778598e-07
13.0,0.01,4.0,-0.0007723912295630186
13.0,0.01,5.0,-0.002290252222626868
13.0,0.01,6.0,0.00011227304070204891
13.0,0.01,7.0,-0.0021247302393408996
13.0,0.01,8.0,-4.9672547223142405e-06
13.0,0.01,9.0,-0.0014967500749286655
13.0,0.01,10.0,-0.0002992577455835921
13.0,0.01,11.0,5.6907929479876884e-09
13.0,0.01,12.0,5.233973356899568e-05
13.0,0.01,13.0,0.001654747671687079
13.0,0.01,14.0,1.3603670380654687e-05
13.0,0.01,15.0,3.358196576461192e-05
13.0,0.01,16.0,9.868020472381112e-05
13.0,0.01,17.0,-0.002382620658328005
13.0,0.01,18.0,0.00018776856164703926
13.0,0.01,19.0,-0.0021453520406822246
13.0,0.01,20.0,0.002668942535178298
13.0,0.01,21.0,-1.0278777536620876e-06
13.0,1.01,0.0,0.011398575357371876
13.0,1.01,1.0,0.00022557716626087077
13.0,1.01,2.0,0.0019012304475802266
13.0,1.01,3.0,-1.935408319164722e-07
13.0,1.01,4.0,-0.0007090071163423084
13.0,1.01,5.0,-0.0024330747667491853
13.0,1.01,6.0,5.551318514235293e-05
13.0,1.01,7.0,-0.0022440400808515226
13.0,1.01,8.0,-4.968634099336566e-06
13.0,1.01,9.0,-0.001554279050466456
13.0,1.01,10.0,-0.0003343362972270669
13.0,1.01,11.0,5.678052750202056e-09
13.0,1.01,12.0,2.8292401511254006e-05
13.0,1.01,13.0,0.0017301367481458718
13.0,1.01,14.0,2.2195288664948742e-05
13.0,1.01,15.0,3.519056047737723e-05
13.0,1.01,16.0,3.333483859868647e-05
13.0,1.01,17.0,-0.0025396962399311523
13.0,1.01,18.0,0.0002085396717153576
13.0,1.01,19.0,-0.002220690896600541
13.0,1.01,20.0,0.00235263505672767
13.0,1.01,21.0,-1.0281611523832446e-06
13.0,2.01,0.0,0.012596547872068542
13.0,2.01,1.0,0.00025930411373953355
13.0,2.01,2.0,0.0018487626119951805
13.0,2.01,3.0,-1.9370545287222818e-07
13.0,2.01,4.0,-0.0007930629433886005
13.0,2.01,5.0,-0.002582074332457329
13.0,2.01,6.0,1.2620485804304415e-05
13.0,2.01,7.0,-0.002350037212862033
13.0,2.01,8.0,-4.971538925611918e-06
13.0,2.01,9.0,-0.001567769837542643
13.0,2.01,10.0,-0.00037623792092922326
13.0,2.01,11.0,5.717695289453317e-09
13.0,2.01,12.0,1.4491429491725327e-05
13.0,2.01,13.0,0.0017819828925177417
13.0,2.01,14.0,2.8460609130656622e-05
13.0,2.01,15.0,3.6077681567020514e-05
13.0,2.01,16.0,-1.7913416444137464e-05
13.0,2.01,17.0,-0.002694688698568773
13.0,2.01,18.0,0.00025212265396931666
13.0,2.01,19.0,-0.002145202673068003
13.0,2.01,20.0,0.0017358729784711646
13.0,2.01,21.0,-1.0287646767248582e-06
13.0,3.01,0.0,0.013597225803068658
13.0,3.01,1.0,0.0002816072641076417
13.0,3.01,2.0,0.0019380089394953615
13.0,3.01,3.0,-1.934779167017675e-07
13.0,3.01,4.0,-0.000860454090209628
13.0,3.01,5.0,-0.0027590976438742892
13.0,3.01,6.0,4.681913922333081e-06
13.0,3.01,7.0,-0.002503457794970354
13.0,3.01,8.0,-4.971545535290001e-06
13.0,3.01,9.0,-0.0016552983953586897
13.0,3.01,10.0,-0.00040668490834960824
13.0,3.01,11.0,5.679893819166004e-09
13.0,3.01,12.0,1.2344641167894022e-05
13.0,3.01,13.0,0.0018921504115884669
13.0,3.01,14.0,3.5616421811816845e-05
13.0,3.01,15.0,3.8450086477875844e-05
13.0,3.01,16.0,-2.934961067274644e-05
13.0,3.01,17.0,-0.0028800086447778317
13.0,3.01,18.0,0.0002745667551181663
13.0,3.01,19.0,-0.0022456170732187974
13.0,3.01,20.0,0.001703416759295695
13.0,3.01,21.0,-1.0287607164205514e-06
13.0,4.01,0.0,0.01472367328535884
13.0,4.01,1.0,0.0003050314394839604
13.0,4.01,2.0,0.0020457037380240406
13.0,4.01,3.0,-1.9317641015981213e-07
13.0,4.01,4.0,-0.000910724616375036
13.0,4.01,5.0,-0.0029541455559392166
13.0,4.01,6.0,-1.0260952827356729e-05
13.0,4.01,7.0,-0.0026739015212535466
13.0,4.01,8.0,-4.965600764246514e-06
13.0,4.01,9.0,-0.001754840391263307
13.0,4.01,10.0,-0.0004406751843996082
13.0,4.01,11.0,5.640294301056947e-09
13.0,4.01,12.0,6.784578956364751e-06
13.0,4.01,13.0,0.002016284119825129
13.0,4.01,14.0,4.4634866794387995e-05
13.0,4.01,15.0,4.1225781571105347e-05
13.0,4.01,16.0,-4.851144070194824e-05
13.0,4.01,17.0,-0.003087219407060457
13.0,4.01,18.0,0.0002955078875784001
13.0,4.01,19.0,-0.0023765900811469343
13.0,4.01,20.0,0.001708625049306245
13.0,4.01,21.0,-1.0275250635349842e-06
13.0,5.01,0.0,0.016542082928665436
13.0,5.01,1.0,0.0003432001924628114
13.0,5.01,2.0,0.002024025619248526
13.0,5.01,3.0,-1.9287034232207123e-07
13.0,5.01,4.0,-0.000792649563636838
13.0,5.01,5.0,-0.003137695075156696
13.0,5.01,6.0,-0.00012170651307857883
13.0,5.01,7.0,-0.0028000318863899143
13.0,5.01,8.0,-4.956809700883136e-06
13.0,5.01,9.0,-0.0017541085544076906
13.0,5.01,10.0,-0.0005047110581709591
13.0,5.01,11.0,5.6120697117245655e-09
13.0,5.01,12.0,-3.631391438924103e-05
13.0,5.01,13.0,0.00209203209267117
13.0,5.01,14.0,5.846293242547235e-05
13.0,5.01,15.0,4.351097080809718e-05
13.0,5.01,16.0,-0.00017559327019034399
13.0,5.01,17.0,-0.0033051385900425834
13.0,5.01,18.0,0.00033022800981538647
13.0,5.01,19.0,-0.002391981944320165
13.0,5.01,20.0,0.0011706795025093197
13.0,5.01,21.0,-1.0257085615583694e-06
14.0,0.01,0.0,0.011087592895860032
14.0,0.01,1.0,0.00022325079044160923
14.0,0.01,2.0,0.001748195714726064
14.0,0.01,3.0,-1.9363521759629965e-07
14.0,0.01,4.0,-0.0007760599681442271
14.0,0.01,5.0,-0.002298907055345245
14.0,0.01,6.0,2.704196889591337e-05
14.0,0.01,7.0,-0.0021203981937875094
14.0,0.01,8.0,-4.967385755325071e-06
14.0,0.01,9.0,-0.0014072929495665965
14.0,0.01,10.0,-0.0003250832601603415
14.0,0.01,11.0,5.698070293380653e-09
14.0,0.01,12.0,1.1140954102761835e-05
14.0,0.01,13.0,0.0016396505540394735
14.0,0.01,14.0,4.9609066414602054e-05
14.0,0.01,15.0,3.2693621694473984e-05
14.0,0.01,16.0,-4.12290145563321e-05
14.0,0.01,17.0,-0.0023986492114692337
14.0,0.01,18.0,0.00018136116199374275
14.0,0.01,19.0,-0.0020364836556659993
14.0,0.01,20.0,0.0018884292156910454
14.0,0.01,21.0,-1.0233067485598824e-06
14.0,1.01,0.0,0.012023169370452558
14.0,1.01,1.0,0.0002461083326382174
14.0,1.01,2.0,0.0017765265261434071
14.0,1.01,3.0,-1.935804466446367e-07
14.0,1.01,4.0,-0.0007485829747309602
14.0,1.01,5.0,-0.0024399198349495804
14.0,1.01,6.0,-2.183131962563145e-05
14.0,1.01,7.0,-0.0022354258112325387
14.0,1.01,8.0,-4.968731053683895e-06
14.0,1.01,9.0,-0.0014544382710796333
14.0,1.01,10.0,-0.0003593397671362575
14.0,1.01,11.0,5.685265480614987e-09
14.0,1.01,12.0,-8.644323678225208e-06
14.0,1.01,13.0,0.0017131769425387244
14.0,1.01,14.0,5.868907466548973e-05
14.0,1.01,15.0,3.427776237738267e-05
14.0,1.01,16.0,-9.795062886497341e-05
14.0,1.01,17.0,-0.0025527142200337527
14.0,1.01,18.0,0.00020090796046770554
14.0,1.01,19.0,-0.002093570842325365
14.0,1.01,20.0,0.0016016310274432621
14.0,1.01,21.0,-1.0235817458070784e-06
14.0,2.01,0.0,0.012808066867055379
14.0,2.01,1.0,0.00026270890898039134
14.0,2.01,2.0,0.0018981597185041554
14.0,2.01,3.0,-1.9343246872305375e-07
14.0,2.01,4.0,-0.000885999292714712
14.0,2.01,5.0,-0.0026072053343282747
14.0,2.01,6.0,3.863860289998744e-06
14.0,2.01,7.0,-0.002390340068228719
14.0,2.01,8.0,-4.9705752045367535e-06
14.0,2.01,9.0,-0.0015597045260557496
14.0,2.01,10.0,-0.00037896822303373767
14.0,2.01,11.0,5.658724266943693e-09
14.0,2.01,12.0,3.140909476728737e-06
14.0,2.01,13.0,0.0018320600784842433
14.0,2.01,14.0,6.413823862517348e-05
14.0,2.01,15.0,3.666915154848516e-05
14.0,2.01,16.0,-7.493586910006789e-05
14.0,2.01,17.0,-0.002720405790333988
14.0,2.01,18.0,0.0002184166850524305
14.0,2.01,19.0,-0.0022168378171196768
14.0,2.01,20.0,0.001736292557700192
14.0,2.01,21.0,-1.023953387774279e-06
14.0,3.01,0.0,0.013620409337746886
14.0,3.01,1.0,0.000277500205989184
14.0,3.01,2.0,0.0020658584974355687
14.0,3.01,3.0,-1.9350805098572454e-07
14.0,3.01,4.0,-0.0009284796509127502
14.0,3.01,5.0,-0.002792598007958183
14.0,3.01,6.0,1.0231256818205026e-05
14.0,3.01,7.0,-0.0025680979065300646
14.0,3.01,8.0,-4.971714007699635e-06
14.0,3.01,9.0,-0.0016901183355109706
14.0,3.01,10.0,-0.0004020511221426437
14.0,3.01,11.0,5.6851750529496314e-09
14.0,3.01,12.0,4.8024669871693515e-06
14.0,3.01,13.0,0.001972932584829279
14.0,3.01,14.0,7.265855454294257e-05
14.0,3.01,15.0,3.970189869208218e-05
14.0,3.01,16.0,-7.45098764129426e-05
14.0,3.01,17.0,-0.002915023557985119
14.0,3.01,18.0,0.00022773662408825945
14.0,3.01,19.0,-0.002421687615675905
14.0,3.01,20.0,0.0019777762994965253
14.0,3.01,21.0,-1.0241920319065123e-06
14.0,4.01,0.0,0.014841532907770127
14.0,4.01,1.0,0.00030458847617473306
14.0,4.01,2.0,0.0021381347157035657
14.0,4.01,3.0,-1.931596383814016e-07
14.0,4.01,4.0,-0.0009866795417709517
14.0,4.01,5.0,-0.0029832993625073245
14.0,4.01,6.0,-1.5600821563377387e-05
14.0,4.01,7.0,-0.002728282773695745
14.0,4.01,8.0,-4.965848889051938e-06
14.0,4.01,9.0,-0.0017668452665227097
14.0,4.01,10.0,-0.00043980460073994587
14.0,4.01,11.0,5.635301683626359e-09
14.0,4.01,12.0,-4.839372412246412e-06
14.0,4.01,13.0,0.0020849996189328257
14.0,4.01,14.0,8.304332489939004e-05
14.0,4.01,15.0,4.217773238769651e-05
14.0,4.01,16.0,-0.00010728731155873472
14.0,4.01,17.0,-0.003117946602639046
14.0,4.01,18.0,0.0002509294932280248
14.0,4.01,19.0,-0.0025112012563520136
14.0,4.01,20.0,0.0018404719879150933
14.0,4.01,21.0,-1.0229768024616614e-06
14.0,5.01,0.0,0.016591908980621572
14.0,5.01,1.0,0.0003404399437592631
14.0,5.01,2.0,0.0021420835833420027
14.0,5.01,3.0,-1.9288642737202988e-07
14.0,5.01,4.0,-0.0008344772649444554
14.0,5.01,5.0,-0.0031720317183538127
14.0,5.01,6.0,-0.00013144881477933357
14.0,5.01,7.0,-0.0028650603218836057
14.0,5.01,8.0,-4.9572131533212604e-06
14.0,5.01,9.0,-0.0017833151391522528
14.0,5.01,10.0,-0.0005019316234896043
14.0,5.01,11.0,5.614179968138622e-09
14.0,5.01,12.0,-5.066008380555376e-05
14.0,5.01,13.0,0.0021718283446183484
14.0,5.01,14.0,9.932715680881221e-05
14.0,5.01,15.0,4.467953372545852e-05
14.0,5.01,16.0,-0.00023776687783022554
14.0,5.01,17.0,-0.003344169244695258
14.0,5.01,18.0,0.00027494114785389656
14.0,5.01,19.0,-0.0025765118734893955
14.0,5.01,20.0,0.001363712629215419
14.0,5.01,21.0,-1.0212015146005005e-06
15.0,0.01,0.0,0.010916432168382784
15.0,0.01,1.0,0.00022093033660694483
15.0,0.01,2.0,0.0017196426941942233
15.0,0.01,3.0,-1.9364090669826695e-07
15.0,0.01,4.0,-0.0007457434439984145
15.0,0.01,5.0,-0.0022811447455527434
15.0,0.01,6.0,3.427627256913368e-05
15.0,0.01,7.0,-0.002081917675148731
15.0,0.01,8.0,-4.967754066803609e-06
15.0,0.01,9.0,-0.0014024342515531474
15.0,0.01,10.0,-0.00031993458818135867
15.0,0.01,11.0,5.698081145810718e-09
15.0,0.01,12.0,2.0161516487204878e-05
15.0,0.01,13.0,0.001601836865158801
15.0,0.01,14.0,6.221859177452799e-05
15.0,0.01,15.0,3.236816038286461e-05
15.0,0.01,16.0,-3.351837082787856e-05
15.0,0.01,17.0,-0.0023655773542794883
15.0,0.01,18.0,0.00019665079848779632
15.0,0.01,19.0,-0.0019827966068225455
15.0,0.01,20.0,0.0019048755064155487
15.0,0.01,21.0,-1.0239992871696746e-06
15.0,1.01,0.0,0.011851000479862095
15.0,1.01,1.0,0.00024428651124042133
15.0,1.01,2.0,0.0017429189738759066
15.0,1.01,3.0,-1.9358428481053291e-07
15.0,1.01,4.0,-0.0007306283558771165
15.0,1.01,5.0,-0.0024217338713692083
15.0,1.01,6.0,-1.1346349864604921e-05
15.0,1.01,7.0,-0.0021948750167834485
15.0,1.01,8.0,-4.969098850102216e-06
15.0,1.01,9.0,-0.00144827291298269
15.0,1.01,10.0,-0.00035421953400816
15.0,1.01,11.0,5.685226470153459e-09
15.0,1.01,12.0,2.0487954160708366e-06
15.0,1.01,13.0,0.0016730064057568772
15.0,1.01,14.0,7.16323065824559e-05
15.0,1.01,15.0,3.3893292135378505e-05
15.0,1.01,16.0,-8.719824835679013e-05
15.0,1.01,17.0,-0.002517270312749356
15.0,1.01,18.0,0.00021914912841558554
15.0,1.01,19.0,-0.0020296981850336793
15.0,1.01,20.0,0.0016049726382870166
15.0,1.01,21.0,-1.0242742771171542e-06
15.0,2.01,0.0,0.012632219236301423
15.0,2.01,1.0,0.0002609442712746268
15.0,2.01,2.0,0.0018619759970049388
15.0,2.01,3.0,-1.934398482922317e-07
15.0,2.01,4.0,-0.0008622041968775473
15.0,2.01,5.0,-0.0025885542505855313
15.0,2.01,6.0,1.3889148200663115e-05
15.0,2.01,7.0,-0.002347496537954824
15.0,2.01,8.0,-4.9709069512710036e-06
15.0,2.01,9.0,-0.0015531734982295597
15.0,2.01,10.0,-0.00037376228207580686
15.0,2.01,11.0,5.659635857191425e-09
15.0,2.01,12.0,1.4273056719221744e-05
15.0,2.01,13.0,0.0017893514673492927
15.0,2.01,14.0,7.785704884338135e-05
15.0,2.01,15.0,3.627316860430052e-05
15.0,2.01,16.0,-6.458892107874536e-05
15.0,2.01,17.0,-0.0026840718019171816
15.0,2.01,18.0,0.00023776692766994123
15.0,2.01,19.0,-0.0021488629156573014
15.0,2.01,20.0,0.0017314553874225869
15.0,2.01,21.0,-1.0246391096979668e-06
15.0,3.01,0.0,0.013461610674570745
15.0,3.01,1.0,0.00027653676906505553
15.0,3.01,2.0,0.002019524877119927
15.0,3.01,3.0,-1.9352547379891671e-07
15.0,3.01,4.0,-0.000897820949814776
15.0,3.01,5.0,-0.002772821504583717
15.0,3.01,6.0,1.6648502648985986e-05
15.0,3.01,7.0,-0.0025204061698370916
15.0,3.01,8.0,-4.9718610282759035e-06
15.0,3.01,9.0,-0.0016784698247717666
15.0,3.01,10.0,-0.0003978635642541417
15.0,3.01,11.0,5.688657919722395e-09
15.0,3.01,12.0,1.493520591519526e-05
15.0,3.01,13.0,0.0019245848490205275
15.0,3.01,14.0,8.734943974138959e-05
15.0,3.01,15.0,3.923680309941835e-05
15.0,3.01,16.0,-6.792305698632983e-05
15.0,3.01,17.0,-0.0028767842592748866
15.0,3.01,18.0,0.0002491825827171945
15.0,3.01,19.0,-0.002341412743518234
15.0,3.01,20.0,0.0019407812632915022
15.0,3.01,21.0,-1.0248401437484844e-06
15.0,4.01,0.0,0.014671571503392933
15.0,4.01,1.0,0.0003037302647138085
15.0,4.01,2.0,0.0020909776249288803
15.0,4.01,3.0,-1.9318296329284834e-07
15.0,4.01,4.0,-0.0009649932566350716
15.0,4.01,5.0,-0.0029638547963146827
15.0,4.01,6.0,-5.372212067089599e-06
15.0,4.01,7.0,-0.0026794469723319114
15.0,4.01,8.0,-4.965831886007133e-06
15.0,4.01,9.0,-0.0017561104737410238
15.0,4.01,10.0,-0.00043511837546805765
15.0,4.01,11.0,5.640412387153404e-09
15.0,4.01,12.0,7.412895303621214e-06
15.0,4.01,13.0,0.002035425395940149
15.0,4.01,14.0,9.842462264754437e-05
15.0,4.01,15.0,4.169856997975063e-05
15.0,4.01,16.0,-9.702554925594686e-05
15.0,4.01,17.0,-0.0030781574114033816
15.0,4.01,18.0,0.00027473368578212476
15.0,4.01,19.0,-0.002425107452641184
15.0,4.01,20.0,0.0018095276080423717
15.0,4.01,21.0,-1.0235902472288672e-06
15.0,5.01,0.0,0.01643515648667726
15.0,5.01,1.0,0.00034064548881251877
15.0,5.01,2.0,0.0020840604052472234
15.0,5.01,3.0,-1.92882842878217e-07
15.0,5.01,4.0,-0.0008404852079886282
15.0,5.01,5.0,-0.0031508557255662123
15.0,5.01,6.0,-0.00011487253641334627
15.0,5.01,7.0,-0.002811986016347384
15.0,5.01,8.0,-4.957168520114408e-06
15.0,5.01,9.0,-0.0017672448147690034
15.0,5.01,10.0,-0.0004975481156588857
15.0,5.01,11.0,5.613735351572835e-09
15.0,5.01,12.0,-3.531764616859778e-05
15.0,5.01,13.0,0.002117515722703772
15.0,5.01,14.0,0.00011510101052335936
15.0,5.01,15.0,4.4102366737047705e-05
15.0,5.01,16.0,-0.000221885485924056
15.0,5.01,17.0,-0.0032984425918879817
15.0,5.01,18.0,0.0003046174156489667
15.0,5.01,19.0,-0.002468548265160686
15.0,5.01,20.0,0.001319104095088397
15.0,5.01,21.0,-1.021807266604613e-06
16.0,0.01,0.0,0.010800644521840597
16.0,0.01,1.0,0.00021845346104190644
16.0,0.01,2.0,0.0017209768893487465
16.0,0.01,3.0,-1.936244498901285e-07
16.0,0.01,4.0,-0.0007226421755417989
16.0,0.01,5.0,-0.0022573739635587536
16.0,0.01,6.0,4.696854461466726e-05
16.0,0.01,7.0,-0.002090782490400789
16.0,0.01,8.0,-4.96677338985424e-06
16.0,0.01,9.0,-0.0013873984151083762
16.0,0.01,10.0,-0.00031887837404870334
16.0,0.01,11.0,5.69846318743128e-09
16.0,0.01,12.0,1.1056984253604574e-05
16.0,0.01,13.0,0.0016248294492625937
16.0,0.01,14.0,4.9884749908281345e-05
16.0,0.01,15.0,3.163214872045628e-05
16.0,0.01,16.0,-1.2540096316515648e-05
16.0,0.01,17.0,-0.0023493816812056867
16.0,0.01,18.0,0.00019206483274311625
16.0,0.01,19.0,-0.00199052784224929
16.0,0.01,20.0,0.001923442005924536
16.0,0.01,21.0,-1.0390084533573596e-06
16.0,1.01,0.0,0.011736910544509427
16.0,1.01,1.0,0.00024225442186470714
16.0,1.01,2.0,0.0017388194691684844
16.0,1.01,3.0,-1.9356963343319933e-07
16.0,1.01,4.0,-0.0007015967640540688
16.0,1.01,5.0,-0.0023960106055505165
16.0,1.01,6.0,4.0349028918029717e-07
16.0,1.01,7.0,-0.0022030607574205496
16.0,1.01,8.0,-4.968147792140665e-06
16.0,1.01,9.0,-0.001429242740185771
16.0,1.01,10.0,-0.0003538519836623344
16.0,1.01,11.0,5.685789658538276e-09
16.0,1.01,12.0,-9.258522670224645e-06
16.0,1.01,13.0,0.0016942465392295325
16.0,1.01,14.0,5.8973551091925924e-05
16.0,1.01,15.0,3.3072122714028485e-05
16.0,1.01,16.0,-6.933410497089731e-05
16.0,1.01,17.0,-0.002499858984111314
16.0,1.01,18.0,0.00021518037634629672
16.0,1.01,19.0,-0.0020338401937195494
16.0,1.01,20.0,0.0016016342659282978
16.0,1.01,21.0,-1.039293905019667e-06
16.0,2.01,0.0,0.012515599640331443
16.0,2.01,1.0,0.00025904615099331396
16.0,2.01,2.0,0.0018546858606269256
16.0,2.01,3.0,-1.9342638327146666e-07
16.0,2.01,4.0,-0.0008316936506334582
16.0,2.01,5.0,-0.002560676641787135
16.0,2.01,6.0,2.5204838466352797e-05
16.0,2.01,7.0,-0.0023554587837785745
16.0,2.01,8.0,-4.970020688575827e-06
16.0,2.01,9.0,-0.001531403093491257
16.0,2.01,10.0,-0.0003737023812170892
16.0,2.01,11.0,5.660247562322418e-09
16.0,2.01,12.0,1.8628864565661818e-06
16.0,2.01,13.0,0.001810991164378023
16.0,2.01,14.0,6.473986058369574e-05
16.0,2.01,15.0,3.536961537366212e-05
16.0,2.01,16.0,-4.5827076485871476e-05
16.0,2.01,17.0,-0.0026650553495469465
16.0,2.01,18.0,0.00023367462394474625
16.0,2.01,19.0,-0.0021491274612459588
16.0,2.01,20.0,0.0017165635030576554
16.0,2.01,21.0,-1.0396776475574132e-06
16.0,3.01,0.0,0.013495492873655035
16.0,3.01,1.0,0.00028056247908325727
16.0,3.01,2.0,0.0019497203316388712
16.0,3.01,3.0,-1.9351042232496063e-07
16.0,3.01,4.0,-0.0008743457802696253
16.0,3.01,5.0,-0.00273515536267091
16.0,3.01,6.0,1.3077672360584103e-05
16.0,3.01,7.0,-0.0025093542224862153
16.0,3.01,8.0,-4.971052191445058e-06
16.0,3.01,9.0,-0.0016181601155181025
16.0,3.01,10.0,-0.0004044413954614745
16.0,3.01,11.0,5.6886012844703515e-09
16.0,3.01,12.0,-3.723062123067722e-06
16.0,3.01,13.0,0.0019236944812631163
16.0,3.01,14.0,7.376299224057942e-05
16.0,3.01,15.0,3.776290960702533e-05
16.0,3.01,16.0,-6.472839736432201e-05
16.0,3.01,17.0,-0.002849073947742739
16.0,3.01,18.0,0.00025345766827258864
16.0,3.01,19.0,-0.0022639299063186846
16.0,3.01,20.0,0.0016994949671670923
16.0,3.01,21.0,-1.0398977744185967e-06
16.0,4.01,0.0,0.014541661593091004
16.0,4.01,1.0,0.0003018296986637692
16.0,4.01,2.0,0.002079236041971133
16.0,4.01,3.0,-1.9316755536791241e-07
16.0,4.01,4.0,-0.0009291374228213578
16.0,4.01,5.0,-0.0029312469893074955
16.0,4.01,6.0,7.038379035984033e-06
16.0,4.01,7.0,-0.0026873634049721373
16.0,4.01,8.0,-4.965047632921049e-06
16.0,4.01,9.0,-0.001729077325358791
16.0,4.01,10.0,-0.0004353475901465731
16.0,4.01,11.0,5.639908234877922e-09
16.0,4.01,12.0,-7.479088408646195e-06
16.0,4.01,13.0,0.0020581648461654722
16.0,4.01,14.0,8.42185427290601e-05
16.0,4.01,15.0,4.0636141031683004e-05
16.0,4.01,16.0,-7.723854981267486e-05
16.0,4.01,17.0,-0.0030557719836899616
16.0,4.01,18.0,0.0002703357780056148
16.0,4.01,19.0,-0.0024220672510701924
16.0,4.01,20.0,0.0017815074178816892
16.0,4.01,21.0,-1.0386344531654323e-06
16.0,5.01,0.0,0.01629654845619266
16.0,5.01,1.0,0.00033905568567987876
16.0,5.01,2.0,0.0020674500288793696
16.0,5.01,3.0,-1.9287740822548916e-07
16.0,5.01,4.0,-0.0008071614302330721
16.0,5.01,5.0,-0.003116016198782004
16.0,5.01,6.0,-9.858826456332626e-05
16.0,5.01,7.0,-0.0028192901512940627
16.0,5.01,8.0,-4.956404038851392e-06
16.0,5.01,9.0,-0.0017357011158765367
16.0,5.01,10.0,-0.0004977841549522188
16.0,5.01,11.0,5.61477037086533e-09
16.0,5.01,12.0,-5.161433183004105e-05
16.0,5.01,13.0,0.002138271915687051
16.0,5.01,14.0,0.00010011536526648851
16.0,5.01,15.0,4.29357909740441e-05
16.0,5.01,16.0,-0.00020256171640620213
16.0,5.01,17.0,-0.0032738292923516765
16.0,5.01,18.0,0.0003011067694451697
16.0,5.01,19.0,-0.002460907861748629
16.0,5.01,20.0,0.0012819734320035914
16.0,5.01,21.0,-1.0368292756579578e-06
17.0,0.01,0.0,0.011217754056178197
17.0,0.01,1.0,0.0002287056587446934
17.0,0.01,2.0,0.0017759010461644298
17.0,0.01,3.0,-1.9364980774483342e-07
17.0,0.01,4.0,-0.0007261768841418381
17.0,0.01,5.0,-0.002311043943655236
17.0,0.01,6.0,2.975391050596965e-05
17.0,0.01,7.0,-0.0021731035081221928
17.0,0.01,8.0,-4.967387615469054e-06
17.0,0.01,9.0,-0.0014530831935967992
17.0,0.01,10.0,-0.00032619077961199006
17.0,0.01,11.0,5.700016320053791e-09
17.0,0.01,12.0,1.7109280024879547e-05
17.0,0.01,13.0,0.0016583991180539603
17.0,0.01,14.0,5.859345921871428e-06
17.0,0.01,15.0,3.285872287339675e-05
17.0,0.01,16.0,-3.0579054071777634e-05
17.0,0.01,17.0,-0.0024398120821278596
17.0,0.01,18.0,0.00020402238524472316
17.0,0.01,19.0,-0.0020607874616910826
17.0,0.01,20.0,0.001919274461899767
17.0,0.01,21.0,-1.0374923683775794e-06
17.0,1.01,0.0,0.01216379177697624
17.0,1.01,1.0,0.00025236051520785563
17.0,1.01,2.0,0.0018011829525010348
17.0,1.01,3.0,-1.9359316129341497e-07
17.0,1.01,4.0,-0.0007050470938244069
17.0,1.01,5.0,-0.0024519638805380467
17.0,1.01,6.0,-1.6536867561256496e-05
17.0,1.01,7.0,-0.0022898148544661934
17.0,1.01,8.0,-4.968736115232297e-06
17.0,1.01,9.0,-0.00150063595924535
17.0,1.01,10.0,-0.00036069647066150345
17.0,1.01,11.0,5.687376986029946e-09
17.0,1.01,12.0,-1.8246777074570897e-06
17.0,1.01,13.0,0.0017313854123814643
17.0,1.01,14.0,1.2966228033636784e-05
17.0,1.01,15.0,3.441030249444477e-05
17.0,1.01,16.0,-8.560168056215289e-05
17.0,1.01,17.0,-0.002594776368173915
17.0,1.01,18.0,0.00022535039363660858
17.0,1.01,19.0,-0.0021138771447968274
17.0,1.01,20.0,0.0016254263763112453
17.0,1.01,21.0,-1.0377719327214763e-06
17.0,2.01,0.0,0.012941677713313449
17.0,2.01,1.0,0.0002688612209152952
17.0,2.01,2.0,0.0019280076277121694
17.0,2.01,3.0,-1.9344519645858593e-07
17.0,2.01,4.0,-0.0008447863606573236
17.0,2.01,5.0,-0.0026195857242447967
17.0,2.01,6.0,1.2300459865000057e-05
17.0,2.01,7.0,-0.0024488440827965807
17.0,2.01,8.0,-4.970568734684322e-06
17.0,2.01,9.0,-0.0016112055772606326
17.0,2.01,10.0,-0.00037923218304680706
17.0,2.01,11.0,5.661376450971645e-09
17.0,2.01,12.0,1.185481419016532e-05
17.0,2.01,13.0,0.0018525664587466517
17.0,2.01,14.0,1.640091983810127e-05
17.0,2.01,15.0,3.682871424323664e-05
17.0,2.01,16.0,-5.778296458280874e-05
17.0,2.01,17.0,-0.0027643970191476297
17.0,2.01,18.0,0.0002441578893035423
17.0,2.01,19.0,-0.002240015044746635
17.0,2.01,20.0,0.0017765323305902747
17.0,2.01,21.0,-1.0381461781061585e-06
17.0,3.01,0.0,0.013772433989071353
17.0,3.01,1.0,0.0002843943013435546
17.0,3.01,2.0,0.0020922654636861826
17.0,3.01,3.0,-1.9350507807214257e-07
17.0,3.01,4.0,-0.0008790534461539656
17.0,3.01,5.0,-0.0028038402683100844
17.0,3.01,6.0,1.6103255354171786e-05
17.0,3.01,7.0,-0.002627862499637451
17.0,3.01,8.0,-4.971492466379623e-06
17.0,3.01,9.0,-0.0017414048011802907
17.0,3.01,10.0,-0.0004029587844999738
17.0,3.01,11.0,5.68507364795412e-09
17.0,3.01,12.0,1.2697627346458518e-05
17.0,3.01,13.0,0.0019921215280081506
17.0,3.01,14.0,2.291220916063319e-05
17.0,3.01,15.0,3.981841571405742e-05
17.0,3.01,16.0,-5.9363227407516206e-05
17.0,3.01,17.0,-0.002960778056127336
17.0,3.01,18.0,0.0002549495220108833
17.0,3.01,19.0,-0.002441024506756151
17.0,3.01,20.0,0.0020009312752619635
17.0,3.01,21.0,-1.0383428543370155e-06
17.0,4.01,0.0,0.014996060232577602
17.0,4.01,1.0,0.0003119855021137541
17.0,4.01,2.0,0.0021650258881879547
17.0,4.01,3.0,-1.9315799233698971e-07
17.0,4.01,4.0,-0.0009436472672324503
17.0,4.01,5.0,-0.002994455088204215
17.0,4.01,6.0,-6.128852897802073e-06
17.0,4.01,7.0,-0.0027910854384003148
17.0,4.01,8.0,-4.965484540639387e-06
17.0,4.01,9.0,-0.0018207084487337766
17.0,4.01,10.0,-0.00044023508768548103
17.0,4.01,11.0,5.636225777760906e-09
17.0,4.01,12.0,4.752409233033106e-06
17.0,4.01,13.0,0.002104862008857372
17.0,4.01,14.0,3.072675052228496e-05
17.0,4.01,15.0,4.2283783865310065e-05
17.0,4.01,16.0,-8.835615159474841e-05
17.0,4.01,17.0,-0.003164897286851348
17.0,4.01,18.0,0.00028018954251615713
17.0,4.01,19.0,-0.0025285034450906463
17.0,4.01,20.0,0.0018703369606741793
17.0,4.01,21.0,-1.0370810529514163e-06
17.0,5.01,0.0,0.016776092223577344
17.0,5.01,1.0,0.00034941618384268236
17.0,5.01,2.0,0.0021581802461652644
17.0,5.01,3.0,-1.9288412110574082e-07
17.0,5.01,4.0,-0.0008165145572140986
17.0,5.01,5.0,-0.0031811362609282523
17.0,5.01,6.0,-0.00011528547779920961
17.0,5.01,7.0,-0.002926248544737775
17.0,5.01,8.0,-4.956904146598273e-06
17.0,5.01,9.0,-0.0018313997128508175
17.0,5.01,10.0,-0.0005028690233462862
17.0,5.01,11.0,5.61551813382799e-09
17.0,5.01,12.0,-3.85242156129284e-05
17.0,5.01,13.0,0.002188040575437644
17.0,5.01,14.0,4.376696924184714e-05
17.0,5.01,15.0,4.468522568314148e-05
17.0,5.01,16.0,-0.00021435751511894585
17.0,5.01,17.0,-0.0033884872292157947
17.0,5.01,18.0,0.0003081599625042175
17.0,5.01,19.0,-0.002575115607903078
17.0,5.01,20.0,0.0013815714291376402
17.0,5.01,21.0,-1.0352925389756074e-06
18.0,0.01,0.0,0.010501290905641114
18.0,0.01,1.0,0.0002029816593754341
18.0,0.01,2.0,0.0019218969352813309
18.0,0.01,3.0,-1.9358996883322988e-07
18.0,0.01,4.0,-0.0007211159562243163
18.0,0.01,5.0,-0.0022977628279671064
18.0,0.01,6.0,0.00012429055008295053
18.0,0.01,7.0,-0.0021420648081120763
18.0,0.01,8.0,-4.967176367970394e-06
18.0,0.01,9.0,-0.0014992686394223742
18.0,0.01,10.0,-0.00029997415783045156
18.0,0.01,11.0,5.690366303157113e-09
18.0,0.01,12.0,6.221821316584886e-05
18.0,0.01,13.0,0.0017186149560456943
18.0,0.01,14.0,3.135483298229158e-05
18.0,0.01,15.0,3.50488325023407e-05
18.0,0.01,16.0,8.296372684096776e-05
18.0,0.01,17.0,-0.002407345737391431
18.0,0.01,18.0,0.00018932497835347228
18.0,0.01,19.0,-0.0022059703336588243
18.0,0.01,20.0,0.0028020966089870036
18.0,0.01,21.0,-1.0228570517245572e-06
18.0,1.01,0.0,0.011510354978156001
18.0,1.01,1.0,0.00023058182933657911
18.0,1.01,2.0,0.0019084083647726846
18.0,1.01,3.0,-1.935355695426022e-07
18.0,1.01,4.0,-0.0006632684383474641
18.0,1.01,5.0,-0.002436606730611676
18.0,1.01,6.0,5.6373206863746805e-05
18.0,1.01,7.0,-0.002248712330710251
18.0,1.01,8.0,-4.968558597773232e-06
18.0,1.01,9.0,-0.001529895222998373
18.0,1.01,10.0,-0.0003404007684026378
18.0,1.01,11.0,5.677848705087918e-09
18.0,1.01,12.0,3.399166502238149e-05
18.0,1.01,13.0,0.0017775409988212143
18.0,1.01,14.0,4.049419477170774e-05
18.0,1.01,15.0,3.621282415953997e-05
18.0,1.01,16.0,6.242595542771401e-06
18.0,1.01,17.0,-0.002561069902834265
18.0,1.01,18.0,0.00021797242808585526
18.0,1.01,19.0,-0.0022293077677531525
18.0,1.01,20.0,0.0022821114589264835
18.0,1.01,21.0,-1.0231398611393328e-06
18.0,2.01,0.0,0.012670866112240553
18.0,2.01,1.0,0.0002635424632956851
18.0,2.01,2.0,0.0018697350828182913
18.0,2.01,3.0,-1.9371115404787087e-07
18.0,2.01,4.0,-0.0007648117976494784
18.0,2.01,5.0,-0.002587481210288109
18.0,2.01,6.0,2.6000054624608637e-05
18.0,2.01,7.0,-0.002358392062527387
18.0,2.01,8.0,-4.971466631011057e-06
18.0,2.01,9.0,-0.0015490515426407059
18.0,2.01,10.0,-0.0003796477157346212
18.0,2.01,11.0,5.719978934948244e-09
18.0,2.01,12.0,2.535583933599428e-05
18.0,2.01,13.0,0.0018357293814832698
18.0,2.01,14.0,4.667792258808423e-05
18.0,2.01,15.0,3.721237873625938e-05
18.0,2.01,16.0,-2.894451313045776e-05
18.0,2.01,17.0,-0.002717557561536549
18.0,2.01,18.0,0.00026021608141402197
18.0,2.01,19.0,-0.002171737295014242
18.0,2.01,20.0,0.0017430281970367556
18.0,2.01,21.0,-1.023741470013162e-06
18.0,3.01,0.0,0.013670094503394403
18.0,3.01,1.0,0.0002860390540422586
18.0,3.01,2.0,0.001961364083653494
18.0,3.01,3.0,-1.934697732020041e-07
18.0,3.01,4.0,-0.0008327977326599845
18.0,3.01,5.0,-0.002764691441315803
18.0,3.01,6.0,2.0543421967500475e-05
18.0,3.01,7.0,-0.0025122570456951876
18.0,3.01,8.0,-4.971361632945259e-06
18.0,3.01,9.0,-0.001635621173505214
18.0,3.01,10.0,-0.0004099315135910886
18.0,3.01,11.0,5.679326578467148e-09
18.0,3.01,12.0,2.457245137360564e-05
18.0,3.01,13.0,0.0019493853849907594
18.0,3.01,14.0,5.4284846502251904e-05
18.0,3.01,15.0,3.965945128538151e-05
18.0,3.01,16.0,-3.852752233585166e-05
18.0,3.01,17.0,-0.0029040096518737346
18.0,3.01,18.0,0.00028308349261213506
18.0,3.01,19.0,-0.0022756910934708663
18.0,3.01,20.0,0.001720856862521214
18.0,3.01,21.0,-1.0237142265279164e-06
18.0,4.01,0.0,0.014812772252536854
18.0,4.01,1.0,0.0003102147465511018
18.0,4.01,2.0,0.0020656423550533543
18.0,4.01,3.0,-1.9316361217491806e-07
18.0,4.01,4.0,-0.0008827301910556695
18.0,4.01,5.0,-0.0029590608147579273
18.0,4.01,6.0,6.333030556859853e-06
18.0,4.01,7.0,-0.002681141945822807
18.0,4.01,8.0,-4.96540380174465e-06
18.0,4.01,9.0,-0.0017303307869072082
18.0,4.01,10.0,-0.00044453378554848433
18.0,4.01,11.0,5.638766495397185e-09
18.0,4.01,12.0,1.979353645170656e-05
18.0,4.01,13.0,0.0020749534938955816
18.0,4.01,14.0,6.385764756237228e-05
18.0,4.01,15.0,4.247744114099783e-05
18.0,4.01,16.0,-5.8012887161340565e-05
18.0,4.01,17.0,-0.003111677541847893
18.0,4.01,18.0,0.0003053668656382291
18.0,4.01,19.0,-0.002403321397591529
18.0,4.01,20.0,0.001713942368337773
18.0,4.01,21.0,-1.0224819634030435e-06
18.0,5.01,0.0,0.016643858779329945
18.0,5.01,1.0,0.00034938284750210546
18.0,5.01,2.0,0.002040027431051028
18.0,5.01,3.0,-1.9286689817432645e-07
18.0,5.01,4.0,-0.0007767383836446151
18.0,5.01,5.0,-0.0031422575054196183
18.0,5.01,6.0,-9.926072086113846e-05
18.0,5.01,7.0,-0.002804443000400003
18.0,5.01,8.0,-4.956745796681761e-06
18.0,5.01,9.0,-0.0017233972111990736
18.0,5.01,10.0,-0.0005086417279782096
18.0,5.01,11.0,5.612378783936833e-09
18.0,5.01,12.0,-2.080860166370213e-05
18.0,5.01,13.0,0.002150331371362918
18.0,5.01,14.0,7.808449329703426e-05
18.0,5.01,15.0,4.4770552426035004e-05
18.0,5.01,16.0,-0.0001766145354658022
18.0,5.01,17.0,-0.0033288457140360633
18.0,5.01,18.0,0.0003416337598423358
18.0,5.01,19.0,-0.0024170845675786645
18.0,5.01,20.0,0.0011741896394386053
18.0,5.01,21.0,-1.0207019634778103e-06
19.0,0.01,0.0,0.010706144508222937
19.0,0.01,1.0,0.0002161323640601509
19.0,0.01,2.0,0.0016904667930555117
19.0,0.01,3.0,-1.9362302472458737e-07
19.0,0.01,4.0,-0.0007403042292615791
19.0,0.01,5.0,-0.002283048580267802
19.0,0.01,6.0,4.99598483212349e-05
19.0,0.01,7.0,-0.0020904208623554466
19.0,0.01,8.0,-4.967197932879974e-06
19.0,0.01,9.0,-0.0013980058671448359
19.0,0.01,10.0,-0.0003215686955272967
19.0,0.01,11.0,5.697193355969077e-09
19.0,0.01,12.0,3.056765440034859e-05
19.0,0.01,13.0,0.0015890623324585074
19.0,0.01,14.0,5.636723970163515e-05
19.0,0.01,15.0,3.2161581037304376e-05
19.0,0.01,16.0,1.789058783285835e-05
19.0,0.01,17.0,-0.002344486891664818
19.0,0.01,18.0,0.00019635155331867993
19.0,0.01,19.0,-0.001983449872367371
19.0,0.01,20.0,0.0019514411016440802
19.0,0.01,21.0,-1.0262915009218165e-06
19.0,1.01,0.0,0.011646134245507422
19.0,1.01,1.0,0.00023965881314197413
19.0,1.01,2.0,0.0017125482920090085
19.0,1.01,3.0,-1.9356884743693126e-07
19.0,1.01,4.0,-0.0007124836589523786
19.0,1.01,5.0,-0.002426274049694546
19.0,1.01,6.0,7.416402214022177e-07
19.0,1.01,7.0,-0.002205705216928311
19.0,1.01,8.0,-4.968604774439889e-06
19.0,1.01,9.0,-0.0014440538254261726
19.0,1.01,10.0,-0.00035696231715698357
19.0,1.01,11.0,5.68467184436372e-09
19.0,1.01,12.0,1.1341336224740539e-05
19.0,1.01,13.0,0.0016598540433611364
19.0,1.01,14.0,6.60478574161516e-05
19.0,1.01,15.0,3.368858782448747e-05
19.0,1.01,16.0,-4.3220312083203094e-05
19.0,1.01,17.0,-0.002498378445226143
19.0,1.01,18.0,0.00021913208475654589
19.0,1.01,19.0,-0.002029012487701265
19.0,1.01,20.0,0.0016373434112172958
19.0,1.01,21.0,-1.0265800693409766e-06
19.0,2.01,0.0,0.012439131867069908
19.0,2.01,1.0,0.00025674893370539187
19.0,2.01,2.0,0.0018275986285472556
19.0,2.01,3.0,-1.9342462083404843e-07
19.0,2.01,4.0,-0.0008428657501805548
19.0,2.01,5.0,-0.002596137313265509
19.0,2.01,6.0,2.472396523517384e-05
19.0,2.01,7.0,-0.0023608478629466023
19.0,2.01,8.0,-4.970537610164694e-06
19.0,2.01,9.0,-0.001548207569915111
19.0,2.01,10.0,-0.0003779442256627852
19.0,2.01,11.0,5.658955082310513e-09
19.0,2.01,12.0,2.3091443262290845e-05
19.0,2.01,13.0,0.0017758375432970486
19.0,2.01,14.0,7.230054275025183e-05
19.0,2.01,15.0,3.6063587635734584e-05
19.0,2.01,16.0,-1.8826987160103226e-05
19.0,2.01,17.0,-0.0026667244679074997
19.0,2.01,18.0,0.00023882656794768642
19.0,2.01,19.0,-0.0021465488785310516
19.0,2.01,20.0,0.001747305506361263
19.0,2.01,21.0,-1.0269714323385415e-06
19.0,3.01,0.0,0.013434454264952156
19.0,3.01,1.0,0.00027852632672006883
19.0,3.01,2.0,0.0019230847814923901
19.0,3.01,3.0,-1.9349997415485376e-07
19.0,3.01,4.0,-0.0008855593882244883
19.0,3.01,5.0,-0.002776730415002482
19.0,3.01,6.0,1.1503539319501765e-05
19.0,3.01,7.0,-0.0025182235720813406
19.0,3.01,8.0,-4.971580151370836e-06
19.0,3.01,9.0,-0.0016380727568518771
19.0,3.01,10.0,-0.0004096397438769217
19.0,3.01,11.0,5.6855908314723536e-09
19.0,3.01,12.0,1.8913226341094047e-05
19.0,3.01,13.0,0.0018886556587817405
19.0,3.01,14.0,8.189771807094737e-05
19.0,3.01,15.0,3.854896621299786e-05
19.0,3.01,16.0,-3.8147119729103895e-05
19.0,3.01,17.0,-0.002854824365906866
19.0,3.01,18.0,0.00025938206127060215
19.0,3.01,19.0,-0.002262292303380764
19.0,3.01,20.0,0.0017291951875991196
19.0,3.01,21.0,-1.0271909028081172e-06
19.0,4.01,0.0,0.014497504589775723
19.0,4.01,1.0,0.00030007667468137655
19.0,4.01,2.0,0.0020537882637343685
19.0,4.01,3.0,-1.931628800244667e-07
19.0,4.01,4.0,-0.0009422632089892136
19.0,4.01,5.0,-0.002980111427311513
19.0,4.01,6.0,5.177018088164953e-06
19.0,4.01,7.0,-0.0027007356532642857
19.0,4.01,8.0,-4.965469723561267e-06
19.0,4.01,9.0,-0.0017529809224346715
19.0,4.01,10.0,-0.0004415548080847209
19.0,4.01,11.0,5.6386136593200575e-09
19.0,4.01,12.0,1.6938892135942574e-05
19.0,4.01,13.0,0.002023619783991182
19.0,4.01,14.0,9.295436734479967e-05
19.0,4.01,15.0,4.1542993383839044e-05
19.0,4.01,16.0,-4.9322026258513674e-05
19.0,4.01,17.0,-0.0030664236031061054
19.0,4.01,18.0,0.0002770693623634912
19.0,4.01,19.0,-0.0024236008103772355
19.0,4.01,20.0,0.0018155786463480705
19.0,4.01,21.0,-1.02592156803194e-06
19.0,5.01,0.0,0.016285250143275642
19.0,5.01,1.0,0.00033774470098327236
19.0,5.01,2.0,0.0020434280539224914
19.0,5.01,3.0,-1.928734912060026e-07
19.0,5.01,4.0,-0.0008088598635820898
19.0,5.01,5.0,-0.0031723243531806555
19.0,5.01,6.0,-0.0001070873796523153
19.0,5.01,7.0,-0.0028363036685731535
19.0,5.01,8.0,-4.95662524827023e-06
19.0,5.01,9.0,-0.001763022780058715
19.0,5.01,10.0,-0.000505530061292836
19.0,5.01,11.0,5.61421752143243e-09
19.0,5.01,12.0,-2.5742529663280722e-05
19.0,5.01,13.0,0.0021050582842313537
19.0,5.01,14.0,0.00010991953102423152
19.0,5.01,15.0,4.395163545840852e-05
19.0,5.01,16.0,-0.00018515766312254822
19.0,5.01,17.0,-0.003291398425656608
19.0,5.01,18.0,0.00030756382731403353
19.0,5.01,19.0,-0.0024593588001196043
19.0,5.01,20.0,0.0013050564024544853
19.0,5.01,21.0,-1.0240972698749573e-06
20.0,0.01,0.0,0.010931710095044012
20.0,0.01,1.0,0.00021635208396858507
20.0,0.01,2.0,0.0017204544394128218
20.0,0.01,3.0,-1.9362969180813927e-07
20.0,0.01,4.0,-0.0007353128605796511
20.0,0.01,5.0,-0.00227278605985487
20.0,0.01,6.0,3.581605209734828e-05
20.0,0.01,7.0,-0.002101944909841391
20.0,0.01,8.0,-4.967171017583594e-06
20.0,0.01,9.0,-0.0014127976798468667
20.0,0.01,10.0,-0.00031875697088001864
20.0,0.01,11.0,5.698020305588969e-09
20.0,0.01,12.0,1.8641008504322043e-05
20.0,0.01,13.0,0.001621606865821218
20.0,0.01,14.0,2.998238381015511e-05
20.0,0.01,15.0,3.075402026701812e-05
20.0,0.01,16.0,-9.214206703911376e-06
20.0,0.01,17.0,-0.0024096543209483345
20.0,0.01,18.0,0.00019664697806892617
20.0,0.01,19.0,-0.0020266000593592848
20.0,0.01,20.0,0.0019668364719324094
20.0,0.01,21.0,-1.0046236009197962e-06
20.0,1.01,0.0,0.011866207657791783
20.0,1.01,1.0,0.00023940158032390024
20.0,1.01,2.0,0.0017418232634794917
20.0,1.01,3.0,-1.9357361476235457e-07
20.0,1.01,4.0,-0.0007217994148225326
20.0,1.01,5.0,-0.002412095594138658
20.0,1.01,6.0,-1.0372245084655507e-05
20.0,1.01,7.0,-0.0022145858668622675
20.0,1.01,8.0,-4.968552416037553e-06
20.0,1.01,9.0,-0.0014574456320428641
20.0,1.01,10.0,-0.00035277677462680623
20.0,1.01,11.0,5.684953854889763e-09
20.0,1.01,12.0,2.56697143763418e-07
20.0,1.01,13.0,0.0016920243112244493
20.0,1.01,14.0,3.789339772850009e-05
20.0,1.01,15.0,3.218025539103442e-05
20.0,1.01,16.0,-6.367491108172363e-05
20.0,1.01,17.0,-0.0025630417374862963
20.0,1.01,18.0,0.00022010724386115066
20.0,1.01,19.0,-0.0020698097069065113
20.0,1.01,20.0,0.001651130144991575
20.0,1.01,21.0,-1.004900774370654e-06
20.0,2.01,0.0,0.012651381735143463
20.0,2.01,1.0,0.00025590729492774855
20.0,2.01,2.0,0.0018570221758159589
20.0,2.01,3.0,-1.934312390122761e-07
20.0,2.01,4.0,-0.000849648048517837
20.0,2.01,5.0,-0.002576657382183184
20.0,2.01,6.0,1.3325733702551634e-05
20.0,2.01,7.0,-0.002366599291941218
20.0,2.01,8.0,-4.9704279597787004e-06
20.0,2.01,9.0,-0.001560538767726577
20.0,2.01,10.0,-0.0003726141587730436
20.0,2.01,11.0,5.6593887215461436e-09
20.0,2.01,12.0,1.1436457184405002e-05
20.0,2.01,13.0,0.0018076542645716065
20.0,2.01,14.0,4.266037235881731e-05
20.0,2.01,15.0,3.441088619665633e-05
20.0,2.01,16.0,-4.1235734854427886e-05
20.0,2.01,17.0,-0.0027314525608906765
20.0,2.01,18.0,0.00023886256301225428
20.0,2.01,19.0,-0.002187778734390966
20.0,2.01,20.0,0.0017658279116187225
20.0,2.01,21.0,-1.0052724788156553e-06
20.0,3.01,0.0,0.013486062734135662
20.0,3.01,1.0,0.0002714150003364779
20.0,3.01,2.0,0.0020094221511063326
20.0,3.01,3.0,-1.935345532028121e-07
20.0,3.01,4.0,-0.0008824498551197046
20.0,3.01,5.0,-0.002758143215926767
20.0,3.01,6.0,1.4396098972413451e-05
20.0,3.01,7.0,-0.0025384962228204577
20.0,3.01,8.0,-4.971448237578446e-06
20.0,3.01,9.0,-0.0016834041658201349
20.0,3.01,10.0,-0.0003969426049089675
20.0,3.01,11.0,5.691868767976338e-09
20.0,3.01,12.0,1.1285571625802016e-05
20.0,3.01,13.0,0.0019419977542149969
20.0,3.01,14.0,5.040828532205249e-05
20.0,3.01,15.0,3.718476627843914e-05
20.0,3.01,16.0,-4.416670126750066e-05
20.0,3.01,17.0,-0.002925881093935545
20.0,3.01,18.0,0.0002502323586395794
20.0,3.01,19.0,-0.0023789982005779087
20.0,3.01,20.0,0.0019646093643978513
20.0,3.01,21.0,-1.0054835313522137e-06
20.0,4.01,0.0,0.014696579075266447
20.0,4.01,1.0,0.00029823133995859896
20.0,4.01,2.0,0.002077321607586058
20.0,4.01,3.0,-1.9319737012968297e-07
20.0,4.01,4.0,-0.0009535234848894181
20.0,4.01,5.0,-0.0029467597170639986
20.0,4.01,6.0,-7.4498781627574395e-06
20.0,4.01,7.0,-0.002696349003173115
20.0,4.01,8.0,-4.96534564537604e-06
20.0,4.01,9.0,-0.001758528187765257
20.0,4.01,10.0,-0.00043386438883002976
20.0,4.01,11.0,5.6445205454114245e-09
20.0,4.01,12.0,3.6552923922961167e-06
20.0,4.01,13.0,0.0020516553105227597
20.0,4.01,14.0,5.948982227144822e-05
20.0,4.01,15.0,3.9486948007969036e-05
20.0,4.01,16.0,-7.249089506566886e-05
20.0,4.01,17.0,-0.003128643826044733
20.0,4.01,18.0,0.00027656010874618775
20.0,4.01,19.0,-0.00245704315087919
20.0,4.01,20.0,0.001822107580733645
20.0,4.01,21.0,-1.0042422170508658e-06
20.0,5.01,0.0,0.016474842543346857
20.0,5.01,1.0,0.0003353504666668561
20.0,5.01,2.0,0.0020591104955375306
20.0,5.01,3.0,-1.9288047216348136e-07
20.0,5.01,4.0,-0.0008589125721342183
20.0,5.01,5.0,-0.0031305599537258116
20.0,5.01,6.0,-0.00011239951258440462
20.0,5.01,7.0,-0.0028238549961636383
20.0,5.01,8.0,-4.95656542163353e-06
20.0,5.01,9.0,-0.0017612099174272589
20.0,5.01,10.0,-0.0004952402104735909
20.0,5.01,11.0,5.613968248607826e-09
20.0,5.01,12.0,-3.624326460704985e-05
20.0,5.01,13.0,0.0021289778522872727
20.0,5.01,14.0,7.328376500794626e-05
20.0,5.01,15.0,4.1655110219321334e-05
20.0,5.01,16.0,-0.00019303986956753505
20.0,5.01,17.0,-0.0033471681753937665
20.0,5.01,18.0,0.0003099820868139036
20.0,5.01,19.0,-0.0024734990339859153
20.0,5.01,20.0,0.0013011178688223657
20.0,5.01,21.0,-1.0024685717369142e-06
21.0,0.01,0.0,0.01062218125876535
21.0,0.01,1.0,0.00021687360785893617
21.0,0.01,2.0,0.0016527157679822602
21.0,0.01,3.0,-1.9365990355790785e-07
21.0,0.01,4.0,-0.0007049271441984528
21.0,0.01,5.0,-0.002250233124319573
21.0,0.01,6.0,4.76442775398378e-05
21.0,0.01,7.0,-0.002043106088051916
21.0,0.01,8.0,-4.9673663909469146e-06
21.0,0.01,9.0,-0.0013484153398394538
21.0,0.01,10.0,-0.0003169389136991607
21.0,0.01,11.0,5.703002112222855e-09
21.0,0.01,12.0,2.409970262692851e-05
21.0,0.01,13.0,0.0015866072504758244
21.0,0.01,14.0,2.6102536010381983e-05
21.0,0.01,15.0,3.116549181027273e-05
21.0,0.01,16.0,-3.3417136524105384e-05
21.0,0.01,17.0,-0.0023497777721440544
21.0,0.01,18.0,0.00019836748481963373
21.0,0.01,19.0,-0.0019397106541329534
21.0,0.01,20.0,0.0018737083269001475
21.0,0.01,21.0,-1.0309967163613099e-06
21.0,1.01,0.0,0.01154442868560035
21.0,1.01,1.0,0.0002399703701910505
21.0,1.01,2.0,0.001678710166349906
21.0,1.01,3.0,-1.9360588086880792e-07
21.0,1.01,4.0,-0.0006751422499349236
21.0,1.01,5.0,-0.002391420575552375
21.0,1.01,6.0,2.543729410608986e-06
21.0,1.01,7.0,-0.0021565980396030526
21.0,1.01,8.0,-4.96870525951848e-06
21.0,1.01,9.0,-0.001393400988178306
21.0,1.01,10.0,-0.0003516968321658487
21.0,1.01,11.0,5.690606791342034e-09
21.0,1.01,12.0,4.275361561167923e-06
21.0,1.01,13.0,0.0016582959898124028
21.0,1.01,14.0,3.4590421686964135e-05
21.0,1.01,15.0,3.269666596797394e-05
21.0,1.01,16.0,-9.016067687772633e-05
21.0,1.01,17.0,-0.002504071677615849
21.0,1.01,18.0,0.00021918688446331824
21.0,1.01,19.0,-0.0019947015486095343
21.0,1.01,20.0,0.0015798845738079215
21.0,1.01,21.0,-1.031272438584141e-06
21.0,2.01,0.0,0.01229872066706117
21.0,2.01,1.0,0.0002560234995516719
21.0,2.01,2.0,0.0018021192849294598
21.0,2.01,3.0,-1.9345417406890775e-07
21.0,2.01,4.0,-0.0008179091500995495
21.0,2.01,5.0,-0.0025601193089391516
21.0,2.01,6.0,3.285643376316205e-05
21.0,2.01,7.0,-0.0023114839409692223
21.0,2.01,8.0,-4.970461561518147e-06
21.0,2.01,9.0,-0.0015004282736074959
21.0,2.01,10.0,-0.00037004126925210823
21.0,2.01,11.0,5.663575497472095e-09
21.0,2.01,12.0,1.9231739730313224e-05
21.0,2.01,13.0,0.0017787066634399051
21.0,2.01,14.0,3.92545346885112e-05
21.0,2.01,15.0,3.508131200526121e-05
21.0,2.01,16.0,-6.173642347639952e-05
21.0,2.01,17.0,-0.0026730445239199763
21.0,2.01,18.0,0.00023786436229361607
21.0,2.01,19.0,-0.0021184984930115447
21.0,2.01,20.0,0.0017369563353902273
21.0,2.01,21.0,-1.0316278659106004e-06
21.0,3.01,0.0,0.013272495316789423
21.0,3.01,1.0,0.00027747210076409234
21.0,3.01,2.0,0.0018992095071569404
21.0,3.01,3.0,-1.9352787401782923e-07
21.0,3.01,4.0,-0.0008594881643564922
21.0,3.01,5.0,-0.002738450171009113
21.0,3.01,6.0,2.1970571389751115e-05
21.0,3.01,7.0,-0.0024664959953321908
21.0,3.01,8.0,-4.9713241555005006e-06
21.0,3.01,9.0,-0.0015889085211586995
21.0,3.01,10.0,-0.00040081269806108155
21.0,3.01,11.0,5.690268201075099e-09
21.0,3.01,12.0,1.4907037941075396e-05
21.0,3.01,13.0,0.001892606280534198
21.0,3.01,14.0,4.7412228973725545e-05
21.0,3.01,15.0,3.752203378863672e-05
21.0,3.01,16.0,-8.103212295740292e-05
21.0,3.01,17.0,-0.002861711198926614
21.0,3.01,18.0,0.0002574313040623333
21.0,3.01,19.0,-0.002237803148512685
21.0,3.01,20.0,0.0017284496465191923
21.0,3.01,21.0,-1.031811127039095e-06
21.0,4.01,0.0,0.014262389427655786
21.0,4.01,1.0,0.0002971767795839908
21.0,4.01,2.0,0.0020464506447687714
21.0,4.01,3.0,-1.931665569165908e-07
21.0,4.01,4.0,-0.0009208454262203403
21.0,4.01,5.0,-0.002941782846287072
21.0,4.01,6.0,2.412416043712229e-05
21.0,4.01,7.0,-0.0026517579700654492
21.0,4.01,8.0,-4.965169648929457e-06
21.0,4.01,9.0,-0.0017125237548600292
21.0,4.01,10.0,-0.0004294738932442699
21.0,4.01,11.0,5.638285449638403e-09
21.0,4.01,12.0,1.532226192613173e-05
21.0,4.01,13.0,0.002035379451067354
21.0,4.01,14.0,5.6595762632769e-05
21.0,4.01,15.0,4.056966129042938e-05
21.0,4.01,16.0,-8.659434346885986e-05
21.0,4.01,17.0,-0.0030754817564277587
21.0,4.01,18.0,0.00027274597889462293
21.0,4.01,19.0,-0.002417938592819746
21.0,4.01,20.0,0.001881519689205191
21.0,4.01,21.0,-1.0305258723586341e-06
21.0,5.01,0.0,0.015977834126328472
21.0,5.01,1.0,0.0003338767412207344
21.0,5.01,2.0,0.002048692717865841
21.0,5.01,3.0,-1.9289120523069414e-07
21.0,5.01,4.0,-0.00079327766427012
21.0,5.01,5.0,-0.0031348321629217774
21.0,5.01,6.0,-7.620269392799583e-05
21.0,5.01,7.0,-0.002791295180837705
21.0,5.01,8.0,-4.95655325239569e-06
21.0,5.01,9.0,-0.0017302735768453814
21.0,5.01,10.0,-0.0004913612710715221
21.0,5.01,11.0,5.617157919357574e-09
21.0,5.01,12.0,-2.7620955289686666e-05
21.0,5.01,13.0,0.002121309646582664
21.0,5.01,14.0,7.151167665229302e-05
21.0,5.01,15.0,4.2985841048046036e-05
21.0,5.01,16.0,-0.00020855364667404785
21.0,5.01,17.0,-0.0033025703075512947
21.0,5.01,18.0,0.0003005039362486417
21.0,5.01,19.0,-0.0024751399170789834
21.0,5.01,20.0,0.0014051022885605557
21.0,5.01,21.0,-1.0287409203391107e-06
22.0,0.01,0.0,0.010962482037835342
22.0,0.01,1.0,0.00021849303790680286
22.0,0.01,2.0,0.001746911581776922
22.0,0.01,3.0,-1.9360465107476355e-07
22.0,0.01,4.0,-0.0007420427880474034
22.0,0.01,5.0,-0.0023025162341345218
22.0,0.01,6.0,3.8681057078604475e-05
22.0,0.01,7.0,-0.0021040963211525487
22.0,0.01,8.0,-4.966712446895227e-06
22.0,0.01,9.0,-0.0014457304801208382
22.0,0.01,10.0,-0.00032538075635685226
22.0,0.01,11.0,5.693650356741742e-09
22.0,0.01,12.0,2.016117892722491e-05
22.0,0.01,13.0,0.00163879288984764
22.0,0.01,14.0,7.641848149714248e-05
22.0,0.01,15.0,3.215667480471751e-05
22.0,0.01,16.0,-3.34596456934011e-05
22.0,0.01,17.0,-0.002404493084945017
22.0,0.01,18.0,0.00018208646463999112
22.0,0.01,19.0,-0.0020378127964314485
22.0,0.01,20.0,0.0019535016777055825
22.0,0.01,21.0,-1.0091322310556983e-06
22.0,1.01,0.0,0.011914209050187807
22.0,1.01,1.0,0.0002424815900724797
22.0,1.01,2.0,0.0017644703164987896
22.0,1.01,3.0,-1.9354819502659382e-07
22.0,1.01,4.0,-0.0007390073299894384
22.0,1.01,5.0,-0.002444578702020528
22.0,1.01,6.0,-4.022529378200357e-06
22.0,1.01,7.0,-0.002216564406454874
22.0,1.01,8.0,-4.968151800531506e-06
22.0,1.01,9.0,-0.0014907209012817724
22.0,1.01,10.0,-0.00036020816442849934
22.0,1.01,11.0,5.68089122965354e-09
22.0,1.01,12.0,2.9316519507271988e-06
22.0,1.01,13.0,0.0017091862392378254
22.0,1.01,14.0,8.608090185785455e-05
22.0,1.01,15.0,3.3599306916154426e-05
22.0,1.01,16.0,-8.487704343385083e-05
22.0,1.01,17.0,-0.0025578017203596315
22.0,1.01,18.0,0.0002054519766241103
22.0,1.01,19.0,-0.002077013024139207
22.0,1.01,20.0,0.001631025644118378
22.0,1.01,21.0,-1.0094227995971483e-06
22.0,2.01,0.0,0.012728067688424605
22.0,2.01,1.0,0.00025999749977664854
22.0,2.01,2.0,0.0018749624011601407
22.0,2.01,3.0,-1.934120281571472e-07
22.0,2.01,4.0,-0.0008624199849215919
22.0,2.01,5.0,-0.002611831948984525
22.0,2.01,6.0,1.607547557619382e-05
22.0,2.01,7.0,-0.0023677697794979857
22.0,2.01,8.0,-4.970172327818656e-06
22.0,2.01,9.0,-0.001592829169300175
22.0,2.01,10.0,-0.0003817977212186019
22.0,2.01,11.0,5.6569027379049786e-09
22.0,2.01,12.0,1.2921662897819042e-05
22.0,2.01,13.0,0.001824029857081716
22.0,2.01,14.0,9.30624266548899e-05
22.0,2.01,15.0,3.5887173671839134e-05
22.0,2.01,16.0,-6.804673895705049e-05
22.0,2.01,17.0,-0.0027268302121060545
22.0,2.01,18.0,0.00022428584071812474
22.0,2.01,19.0,-0.0021892408756383763
22.0,2.01,20.0,0.0017174739204248168
22.0,2.01,21.0,-1.0098265043334553e-06
22.0,3.01,0.0,0.013605303625623844
22.0,3.01,1.0,0.0002769359733126031
22.0,3.01,2.0,0.002019259263238593
22.0,3.01,3.0,-1.9349225621745347e-07
22.0,3.01,4.0,-0.0008974511953740438
22.0,3.01,5.0,-0.002796003193615601
22.0,3.01,6.0,1.4338854079476437e-05
22.0,3.01,7.0,-0.0025377094772857933
22.0,3.01,8.0,-4.971201568344796e-06
22.0,3.01,9.0,-0.0017123430711596943
22.0,3.01,10.0,-0.00040818136530473836
22.0,3.01,11.0,5.684644283077134e-09
22.0,3.01,12.0,1.1917786784804152e-05
22.0,3.01,13.0,0.0019564461608218287
22.0,3.01,14.0,0.00010326823866911583
22.0,3.01,15.0,3.871503782858221e-05
22.0,3.01,16.0,-7.645257822341822e-05
22.0,3.01,17.0,-0.0029213646971976287
22.0,3.01,18.0,0.00023659893552516187
22.0,3.01,19.0,-0.002368499101910726
22.0,3.01,20.0,0.0018737573941476904
22.0,3.01,21.0,-1.010039589605105e-06
22.0,4.01,0.0,0.014862270163034097
22.0,4.01,1.0,0.00030492495450085144
22.0,4.01,2.0,0.002081544285440995
22.0,4.01,3.0,-1.931650621678216e-07
22.0,4.01,4.0,-0.0009654057282536543
22.0,4.01,5.0,-0.0029873128737445825
22.0,4.01,6.0,-9.783284190600927e-06
22.0,4.01,7.0,-0.002693832811156871
22.0,4.01,8.0,-4.965059499442703e-06
22.0,4.01,9.0,-0.0017851802501341607
22.0,4.01,10.0,-0.00044737683871842737
22.0,4.01,11.0,5.64007227032981e-09
22.0,4.01,12.0,3.400761171251654e-06
22.0,4.01,13.0,0.0020650945002259335
22.0,4.01,14.0,0.00011506549209971267
22.0,4.01,15.0,4.1094334318231285e-05
22.0,4.01,16.0,-0.00010862394216082372
22.0,4.01,17.0,-0.003124513468502302
22.0,4.01,18.0,0.0002625602593802623
22.0,4.01,19.0,-0.00244178873916423
22.0,4.01,20.0,0.001713179977119117
22.0,4.01,21.0,-1.0087855868423645e-06
22.0,5.01,0.0,0.016726004311523823
22.0,5.01,1.0,0.0003439666691592569
22.0,5.01,2.0,0.0020500851108848916
22.0,5.01,3.0,-1.9286429898957014e-07
22.0,5.01,4.0,-0.0008553058260959978
22.0,5.01,5.0,-0.0031714020776461016
22.0,5.01,6.0,-0.00012128968526803341
22.0,5.01,7.0,-0.0028149789586602025
22.0,5.01,8.0,-4.95620121573892e-06
22.0,5.01,9.0,-0.0017774959332173268
22.0,5.01,10.0,-0.000513176640923596
22.0,5.01,11.0,5.613681769434109e-09
22.0,5.01,12.0,-3.982096919410982e-05
22.0,5.01,13.0,0.0021381986516702534
22.0,5.01,14.0,0.00013232986904452432
22.0,5.01,15.0,4.3295948989316435e-05
22.0,5.01,16.0,-0.0002371732100298063
22.0,5.01,17.0,-0.0033430880557561993
22.0,5.01,18.0,0.0002952078485727039
22.0,5.01,19.0,-0.002450995056920424
22.0,5.01,20.0,0.001154241730571326
22.0,5.01,21.0,-1.0069887343422401e-06
23.0,0.01,0.0,0.011163173038158392
23.0,0.01,1.0,0.00022614828537720344
23.0,0.01,2.0,0.0017319904488886095
23.0,0.01,3.0,-1.936378755951207e-07
23.0,0.01,4.0,-0.0007541428604005973
23.0,0.01,5.0,-0.0023245842699259195
23.0,0.01,6.0,3.5235161738977894e-05
23.0,0.01,7.0,-0.0021122106709863253
23.0,0.01,8.0,-4.967279219163234e-06
23.0,0.01,9.0,-0.0014395944279548545
23.0,0.01,10.0,-0.0003247752168968332
23.0,0.01,11.0,5.698914132268307e-09
23.0,0.01,12.0,2.1174364458337314e-05
23.0,0.01,13.0,0.001657599748965205
23.0,0.01,14.0,3.4083694674190423e-05
23.0,0.01,15.0,3.268025906573435e-05
23.0,0.01,16.0,-6.0999084495194644e-06
23.0,0.01,17.0,-0.0024432872431162794
23.0,0.01,18.0,0.00020619748234323998
23.0,0.01,19.0,-0.0020176191583298753
23.0,0.01,20.0,0.001899554272853099
23.0,0.01,21.0,-1.0416205762364683e-06
23.0,1.01,0.0,0.012103602206262498
23.0,1.01,1.0,0.00024915467599678776
23.0,1.01,2.0,0.0017637916116515773
23.0,1.01,3.0,-1.9358421680937266e-07
23.0,1.01,4.0,-0.0007284659349766076
23.0,1.01,5.0,-0.002468321951460836
23.0,1.01,6.0,-1.1019584187976772e-05
23.0,1.01,7.0,-0.0022278845849262874
23.0,1.01,8.0,-4.968677815027356e-06
23.0,1.01,9.0,-0.0014902464850271302
23.0,1.01,10.0,-0.0003588611458525959
23.0,1.01,11.0,5.686217025013818e-09
23.0,1.01,12.0,2.577825458732752e-06
23.0,1.01,13.0,0.0017335038736146224
23.0,1.01,14.0,4.257135288566333e-05
23.0,1.01,15.0,3.43005607611746e-05
23.0,1.01,16.0,-6.039178871497519e-05
23.0,1.01,17.0,-0.0026010806804318
23.0,1.01,18.0,0.00022750890251968525
23.0,1.01,19.0,-0.0020793811910106985
23.0,1.01,20.0,0.0016283476277614284
23.0,1.01,21.0,-1.0419117321969207e-06
23.0,2.01,0.0,0.012892007924063309
23.0,2.01,1.0,0.00026576697954858175
23.0,2.01,2.0,0.0018886233008731934
23.0,2.01,3.0,-1.9343645998870507e-07
23.0,2.01,4.0,-0.0008666062643696293
23.0,2.01,5.0,-0.0026390233063745827
23.0,2.01,6.0,1.6691350597120014e-05
23.0,2.01,7.0,-0.0023842367681660703
23.0,2.01,8.0,-4.9705862764995445e-06
23.0,2.01,9.0,-0.0016005321837158915
23.0,2.01,10.0,-0.00037812251509544703
23.0,2.01,11.0,5.659636440058513e-09
23.0,2.01,12.0,1.5658165613136044e-05
23.0,2.01,13.0,0.0018558664871026198
23.0,2.01,14.0,4.743794653282868e-05
23.0,2.01,15.0,3.6738005636513527e-05
23.0,2.01,16.0,-3.326231706546334e-05
23.0,2.01,17.0,-0.002773710825730427
23.0,2.01,18.0,0.0002461179199458319
23.0,2.01,19.0,-0.002203756152043823
23.0,2.01,20.0,0.0017770098360881392
23.0,2.01,21.0,-1.0423033846851393e-06
23.0,3.01,0.0,0.013707524360975554
23.0,3.01,1.0,0.0002805382069459572
23.0,3.01,2.0,0.0020595070224843637
23.0,3.01,3.0,-1.9351183952465156e-07
23.0,3.01,4.0,-0.0009088142260276766
23.0,3.01,5.0,-0.002828442913163115
23.0,3.01,6.0,2.4988707451878422e-05
23.0,3.01,7.0,-0.0025640072898058253
23.0,3.01,8.0,-4.9717094278700635e-06
23.0,3.01,9.0,-0.0017368614056291198
23.0,3.01,10.0,-0.0004009173405531974
23.0,3.01,11.0,5.686181400732515e-09
23.0,3.01,12.0,1.8571660488492236e-05
23.0,3.01,13.0,0.0020009221605394867
23.0,3.01,14.0,5.531748119344537e-05
23.0,3.01,15.0,3.982341920287513e-05
23.0,3.01,16.0,-2.7944146262004477e-05
23.0,3.01,17.0,-0.002973752064691901
23.0,3.01,18.0,0.00025680004893521846
23.0,3.01,19.0,-0.002412124390188397
23.0,3.01,20.0,0.0020366068248107716
23.0,3.01,21.0,-1.0425430669036562e-06
23.0,4.01,0.0,0.01493949157068819
23.0,4.01,1.0,0.0003079462537560751
23.0,4.01,2.0,0.002134744974773617
23.0,4.01,3.0,-1.93153711955385e-07
23.0,4.01,4.0,-0.0009670715710975442
23.0,4.01,5.0,-0.0030231722495186603
23.0,4.01,6.0,1.2301317740548434e-06
23.0,4.01,7.0,-0.002725408561880638
23.0,4.01,8.0,-4.96571079515451e-06
23.0,4.01,9.0,-0.001818348312680046
23.0,4.01,10.0,-0.00043860784124194474
23.0,4.01,11.0,5.634757688222081e-09
23.0,4.01,12.0,1.0145614487200305e-05
23.0,4.01,13.0,0.0021161287080651847
23.0,4.01,14.0,6.498602500132344e-05
23.0,4.01,15.0,4.2341380501534354e-05
23.0,4.01,16.0,-5.8142994491083844e-05
23.0,4.01,17.0,-0.003182297915969093
23.0,4.01,18.0,0.00028228274542804743
23.0,4.01,19.0,-0.00250547517225036
23.0,4.01,20.0,0.00190819920464802
23.0,4.01,21.0,-1.0412779143931239e-06
23.0,5.01,0.0,0.01671524104994193
23.0,5.01,1.0,0.0003444921454015537
23.0,5.01,2.0,0.0021403579579574727
23.0,5.01,3.0,-1.9288590559496388e-07
23.0,5.01,4.0,-0.000808417220933777
23.0,5.01,5.0,-0.003215849914049093
23.0,5.01,6.0,-0.00011481298990417832
23.0,5.01,7.0,-0.0028624818394567264
23.0,5.01,8.0,-4.957012148532058e-06
23.0,5.01,9.0,-0.0018368869865877102
23.0,5.01,10.0,-0.0005015591297737321
23.0,5.01,11.0,5.615623896448874e-09
23.0,5.01,12.0,-3.570021054891126e-05
23.0,5.01,13.0,0.002204889018582318
23.0,5.01,14.0,8.065865743573514e-05
23.0,5.01,15.0,4.4876472515525956e-05
23.0,5.01,16.0,-0.0001906423142967184
23.0,5.01,17.0,-0.0034143427649426378
23.0,5.01,18.0,0.0003096281415797264
23.0,5.01,19.0,-0.0025813875327035385
23.0,5.01,20.0,0.0014328341426640967
23.0,5.01,21.0,-1.0394580065298253e-06
24.0,0.01,0.0,0.01064286884702259
24.0,0.01,1.0,0.00021027134442538897
24.0,0.01,2.0,0.0017785887204564976
24.0,0.01,3.0,-1.9363271491767975e-07
24.0,0.01,4.0,-0.0007303787995919797
24.0,0.01,5.0,-0.0022772374626991304
24.0,0.01,6.0,7.834748093771271e-05
24.0,0.01,7.0,-0.0020838423565760766
24.0,0.01,8.0,-4.967278824756505e-06
24.0,0.01,9.0,-0.001451620180801555
24.0,0.01,10.0,-0.0003070823868154826
24.0,0.01,11.0,5.697901567236485e-09
24.0,0.01,12.0,4.598305912259515e-05
24.0,0.01,13.0,0.001620061835280906
24.0,0.01,14.0,4.4804271521536876e-05
24.0,0.01,15.0,3.275661191726176e-05
24.0,0.01,16.0,3.351318080857535e-05
24.0,0.01,17.0,-0.0023487156501670464
24.0,0.01,18.0,0.00018713848439164127
24.0,0.01,19.0,-0.0021084349002569724
24.0,0.01,20.0,0.0023210891826033753
24.0,0.01,21.0,-1.0325743615702265e-06
24.0,1.01,0.0,0.011307823369896108
24.0,1.01,1.0,0.0002218055646454331
24.0,1.01,2.0,0.001914384201335606
24.0,1.01,3.0,-1.9357409375420076e-07
24.0,1.01,4.0,-0.0006822991843981607
24.0,1.01,5.0,-0.0024285344955369964
24.0,1.01,6.0,6.000683828127906e-05
24.0,1.01,7.0,-0.0022276984088166196
24.0,1.01,8.0,-4.968566542924713e-06
24.0,1.01,9.0,-0.0015606931729789664
24.0,1.01,10.0,-0.0003294856160140913
24.0,1.01,11.0,5.684666792848958e-09
24.0,1.01,12.0,3.696639162747983e-05
24.0,1.01,13.0,0.0017321006508525527
24.0,1.01,14.0,5.362518783576936e-05
24.0,1.01,15.0,3.529307487928901e-05
24.0,1.01,16.0,8.536924612390084e-06
24.0,1.01,17.0,-0.002511328622230552
24.0,1.01,18.0,0.0001923383693681613
24.0,1.01,19.0,-0.0023046525486358216
24.0,1.01,20.0,0.002467688146945035
24.0,1.01,21.0,-1.0328396866099432e-06
24.0,2.01,0.0,0.012530486763180027
24.0,2.01,1.0,0.00025761422499775977
24.0,2.01,2.0,0.0018440845273470785
24.0,2.01,3.0,-1.934357266863973e-07
24.0,2.01,4.0,-0.0008011203296908187
24.0,2.01,5.0,-0.00257750508014587
24.0,2.01,6.0,2.1900807576136216e-05
24.0,2.01,7.0,-0.002328620560272443
24.0,2.01,8.0,-4.97036582537691e-06
24.0,2.01,9.0,-0.0015669718065659255
24.0,2.01,10.0,-0.00037149004086167725
24.0,2.01,11.0,5.660316437783308e-09
24.0,2.01,12.0,2.6477692257942387e-05
24.0,2.01,13.0,0.0017781615313403054
24.0,2.01,14.0,6.038988183459243e-05
24.0,2.01,15.0,3.5940050205685026e-05
24.0,2.01,16.0,-3.78676618222884e-05
24.0,2.01,17.0,-0.002661206155321505
24.0,2.01,18.0,0.00023842912792268467
24.0,2.01,19.0,-0.00219805149053387
24.0,2.01,20.0,0.001778511387787618
24.0,2.01,21.0,-1.0332063616336207e-06
24.0,3.01,0.0,0.013535921164617992
24.0,3.01,1.0,0.0002801741525424728
24.0,3.01,2.0,0.0019281066742173891
24.0,3.01,3.0,-1.935238909678283e-07
24.0,3.01,4.0,-0.0008545274357837918
24.0,3.01,5.0,-0.002752404818440801
24.0,3.01,6.0,9.772991957590627e-06
24.0,3.01,7.0,-0.0024776366031443176
24.0,3.01,8.0,-4.971466482907305e-06
24.0,3.01,9.0,-0.001650441515756107
24.0,3.01,10.0,-0.0004027063078900217
24.0,3.01,11.0,5.689484577908743e-09
24.0,3.01,12.0,2.321190582757482e-05
24.0,3.01,13.0,0.001885304164529672
24.0,3.01,14.0,6.886265543933068e-05
24.0,3.01,15.0,3.8270626874378766e-05
24.0,3.01,16.0,-5.595626946514054e-05
24.0,3.01,17.0,-0.002843249615058635
24.0,3.01,18.0,0.00026053340089177146
24.0,3.01,19.0,-0.0022979155432686915
24.0,3.01,20.0,0.0017247797878879312
24.0,3.01,21.0,-1.0334393756583626e-06
24.0,4.01,0.0,0.014613745182948557
24.0,4.01,1.0,0.0003025520847281249
24.0,4.01,2.0,0.0020461611260423895
24.0,4.01,3.0,-1.9321766789315298e-07
24.0,4.01,4.0,-0.0009151638377256077
24.0,4.01,5.0,-0.0029492595314404846
24.0,4.01,6.0,1.956358485044607e-06
24.0,4.01,7.0,-0.0026505477834339874
24.0,4.01,8.0,-4.9657438268360665e-06
24.0,4.01,9.0,-0.0017573930068801036
24.0,4.01,10.0,-0.0004345389732503535
24.0,4.01,11.0,5.648176509831515e-09
24.0,4.01,12.0,2.111488710676568e-05
24.0,4.01,13.0,0.002013627832561149
24.0,4.01,14.0,7.898403723849423e-05
24.0,4.01,15.0,4.1095636105881184e-05
24.0,4.01,16.0,-6.944715179219019e-05
24.0,4.01,17.0,-0.003048732963934181
24.0,4.01,18.0,0.00027955203096310943
24.0,4.01,19.0,-0.002442657954389249
24.0,4.01,20.0,0.0017736633279124558
24.0,4.01,21.0,-1.032243299559088e-06
24.0,5.01,0.0,0.01631155681155172
24.0,5.01,1.0,0.0003389666529630686
24.0,5.01,2.0,0.002044287792654087
24.0,5.01,3.0,-1.928907640974531e-07
24.0,5.01,4.0,-0.00088877021876127
24.0,5.01,5.0,-0.0031387890129730284
24.0,5.01,6.0,-7.372976318498203e-05
24.0,5.01,7.0,-0.002785449279813945
24.0,5.01,8.0,-4.95704306507222e-06
24.0,5.01,9.0,-0.001777343133944953
24.0,5.01,10.0,-0.0004908519485560259
24.0,5.01,11.0,5.614315970459138e-09
24.0,5.01,12.0,-5.615923687307678e-06
24.0,5.01,13.0,0.002098960151593804
24.0,5.01,14.0,9.20241032133784e-05
24.0,5.01,15.0,4.341551526763909e-05
24.0,5.01,16.0,-0.00015963397941848312
24.0,5.01,17.0,-0.0032597394384014794
24.0,5.01,18.0,0.00031501634472055895
24.0,5.01,19.0,-0.002456495985540097
24.0,5.01,20.0,0.0013503886822217037
24.0,5.01,21.0,-1.0304359368829008e-06
