Net_ID,Var,Factor,intervention_effect
0.0,1.0,0.0,0.0565934569168966
0.0,1.0,1.0,0.17691918437016985
0.0,1.0,2.0,-0.0174021939906404
0.0,1.0,3.0,0.020652866571831546
0.0,1.0,4.0,0.008925749663331595
0.0,1.0,5.0,-1.5408947509972305e-10
0.0,1.0,6.0,-6.050426786571448e-08
0.0,1.0,7.0,-0.06413131301269526
0.0,1.0,8.0,-0.02700694705180514
0.0,1.0,9.0,-0.00107700694408433
0.0,1.0,10.0,-0.009889124443956177
0.0,1.0,11.0,-0.01948201097911441
0.0,1.0,12.0,-0.007015790337134897
0.0,1.0,13.0,-6.219123446519616e-11
0.0,1.0,14.0,-0.009147071683176855
0.0,1.0,15.0,-0.004275299289628583
0.0,1.0,16.0,0.003942566537350367
0.0,1.0,17.0,-0.021145230126262515
0.0,1.0,18.0,0.03834024029535421
0.0,1.0,19.0,-0.010461621025385393
0.0,1.0,20.0,-0.0015178102080878962
0.0,2.0,0.0,0.04175577512603945
0.0,2.0,1.0,-0.018123232600889633
0.0,2.0,2.0,-0.13060625672986542
0.0,2.0,3.0,0.023555256877679814
0.0,2.0,4.0,0.03395640170759007
0.0,2.0,5.0,-1.540893152508101e-10
0.0,2.0,6.0,-9.42001198329701e-07
0.0,2.0,7.0,0.02353621604123196
0.0,2.0,8.0,0.011547772311907747
0.0,2.0,9.0,0.020825007958072156
0.0,2.0,10.0,0.03507733911027133
0.0,2.0,11.0,-0.00988364665418788
0.0,2.0,12.0,-0.009473725241023245
0.0,2.0,13.0,-6.219123444978881e-11
0.0,2.0,14.0,-0.05451797521642099
0.0,2.0,15.0,-0.006931800765829044
0.0,2.0,16.0,-0.05198371508606281
0.0,2.0,17.0,-0.07556211771778518
0.0,2.0,18.0,0.043476186909356854
0.0,2.0,19.0,0.08733588581295038
0.0,2.0,20.0,-0.0015546337185362977
0.0,3.0,0.0,-0.012571717304671215
0.0,3.0,1.0,-0.03299279049821646
0.0,3.0,2.0,0.01858208828097782
0.0,3.0,3.0,0.18971822402729344
0.0,3.0,4.0,0.05578611033130265
0.0,3.0,5.0,-1.5408954048728608e-10
0.0,3.0,6.0,-1.8355076324824952e-07
0.0,3.0,7.0,0.07034375423535094
0.0,3.0,8.0,-0.01069291496636568
0.0,3.0,9.0,0.02450882558402126
0.0,3.0,10.0,0.03430929019254081
0.0,3.0,11.0,-0.027880775831774438
0.0,3.0,12.0,0.03236016507249506
0.0,3.0,13.0,-6.219123447757946e-11
0.0,3.0,14.0,-0.0016208736411144342
0.0,3.0,15.0,-0.008309107296960782
0.0,3.0,16.0,0.002046781519814189
0.0,3.0,17.0,-0.09567862367985094
0.0,3.0,18.0,0.027904011834147258
0.0,3.0,19.0,0.07971851412912645
0.0,3.0,20.0,-0.0015350193337809784
0.0,4.0,0.0,0.013302176136819166
0.0,4.0,1.0,0.011613328886921737
0.0,4.0,2.0,-0.05716069197195982
0.0,4.0,3.0,-0.004165449665991888
0.0,4.0,4.0,0.22592114724080314
0.0,4.0,5.0,-1.5408954104079378e-10
0.0,4.0,6.0,-6.573589945684419e-07
0.0,4.0,7.0,0.03372171757283532
0.0,4.0,8.0,0.014163692840138041
0.0,4.0,9.0,-0.001046468446103871
0.0,4.0,10.0,0.03268826578410544
0.0,4.0,11.0,0.040273611986902255
0.0,4.0,12.0,0.061352019471738906
0.0,4.0,13.0,-6.219123449287129e-11
0.0,4.0,14.0,0.0031209341843994043
0.0,4.0,15.0,-0.01184528662076648
0.0,4.0,16.0,0.05770705009325294
0.0,4.0,17.0,0.058623640096603424
0.0,4.0,18.0,-0.004504684155302217
0.0,4.0,19.0,0.07098624991689206
0.0,4.0,20.0,-0.001550202664477624
0.0,5.0,0.0,0.0007118370750129333
0.0,5.0,1.0,-0.00012662541011318473
0.0,5.0,2.0,-0.0005959534718692205
0.0,5.0,3.0,6.837442422266693e-05
0.0,5.0,4.0,-0.00055022549346051
0.0,5.0,5.0,1.4498169385102024e-07
0.0,5.0,6.0,9.298804777997861e-07
0.0,5.0,7.0,-0.00035286510465820653
0.0,5.0,8.0,0.0007489862553455781
0.0,5.0,9.0,-2.989080631973784e-05
0.0,5.0,10.0,-6.876291407376112e-05
0.0,5.0,11.0,-0.0004249840101119978
0.0,5.0,12.0,-0.0003750868282876296
0.0,5.0,13.0,-6.21912344747578e-11
0.0,5.0,14.0,-6.940948961814408e-05
0.0,5.0,15.0,-6.37541365744558e-05
0.0,5.0,16.0,-0.0002340726733616183
0.0,5.0,17.0,-2.4482764011346525e-05
0.0,5.0,18.0,-0.000703487622069357
0.0,5.0,19.0,-0.0003862242398167126
0.0,5.0,20.0,-0.001481415950150308
0.0,6.0,0.0,0.0007117457828884621
0.0,6.0,1.0,-0.000126621701892482
0.0,6.0,2.0,-0.0005958252936193176
0.0,6.0,3.0,6.826471972751214e-05
0.0,6.0,4.0,-0.0005497922567490043
0.0,6.0,5.0,-1.5408953902290976e-10
0.0,6.0,6.0,2.1387652607409183e-07
0.0,6.0,7.0,-0.00035279424660783487
0.0,6.0,8.0,0.0007489714266575437
0.0,6.0,9.0,-3.022883583264635e-05
0.0,6.0,10.0,-6.815694672213102e-05
0.0,6.0,11.0,-0.0004250840586178528
0.0,6.0,12.0,-0.00037575088629987485
0.0,6.0,13.0,-6.219123448030988e-11
0.0,6.0,14.0,-6.926318986069657e-05
0.0,6.0,15.0,-6.376379902679058e-05
0.0,6.0,16.0,-0.0002346354064384215
0.0,6.0,17.0,-2.4438473239685177e-05
0.0,6.0,18.0,-0.0007034793558203523
0.0,6.0,19.0,-0.00038660696660275384
0.0,6.0,20.0,-0.0014814159246964843
0.0,7.0,0.0,0.016631397952077576
0.0,7.0,1.0,0.04314397902267028
0.0,7.0,2.0,-0.0023850202512649687
0.0,7.0,3.0,0.01368488537019838
0.0,7.0,4.0,0.0459660150351906
0.0,7.0,5.0,-1.5408954045882295e-10
0.0,7.0,6.0,1.6069995819628527e-06
0.0,7.0,7.0,0.20500567763163852
0.0,7.0,8.0,-0.007541287387357404
0.0,7.0,9.0,0.028268419386166227
0.0,7.0,10.0,0.06848581217550487
0.0,7.0,11.0,-0.004210872943296223
0.0,7.0,12.0,0.04817239580817195
0.0,7.0,13.0,-6.219123444417867e-11
0.0,7.0,14.0,-0.01947896054924078
0.0,7.0,15.0,-0.019074777470933363
0.0,7.0,16.0,-0.01127646572396046
0.0,7.0,17.0,-0.05864551841166024
0.0,7.0,18.0,0.03805259328494125
0.0,7.0,19.0,0.09013146971425734
0.0,7.0,20.0,-0.0015524099562407559
0.0,8.0,0.0,0.011458689501390118
0.0,8.0,1.0,-0.004425890920322001
0.0,8.0,2.0,-0.06317285164840733
0.0,8.0,3.0,-0.04570209978269277
0.0,8.0,4.0,-0.058458464595805615
0.0,8.0,5.0,-1.5408949631829967e-10
0.0,8.0,6.0,-5.570016879491959e-09
0.0,8.0,7.0,-0.007293621495288116
0.0,8.0,8.0,0.21311782511979255
0.0,8.0,9.0,0.004260104245547319
0.0,8.0,10.0,-0.00013056926216903353
0.0,8.0,11.0,-0.0030316544859275985
0.0,8.0,12.0,-0.029526989415014915
0.0,8.0,13.0,-6.21912344891109e-11
0.0,8.0,14.0,-0.041955546011692074
0.0,8.0,15.0,0.01888758273784861
0.0,8.0,16.0,-0.09261548215052251
0.0,8.0,17.0,0.038536713781696985
0.0,8.0,18.0,0.002021859351204053
0.0,8.0,19.0,0.0011055431069167954
0.0,8.0,20.0,0.036745325088620356
0.0,9.0,0.0,0.00573687564110098
0.0,9.0,1.0,-0.004394390002559728
0.0,9.0,2.0,0.017508748427402215
0.0,9.0,3.0,0.00029635736456670725
0.0,9.0,4.0,-0.0290638027701301
0.0,9.0,5.0,-1.5408954071182578e-10
0.0,9.0,6.0,5.190706345552577e-07
0.0,9.0,7.0,0.001200011813517865
0.0,9.0,8.0,-0.006059974279196981
0.0,9.0,9.0,-0.19041782355850895
0.0,9.0,10.0,0.02388350834444508
0.0,9.0,11.0,-0.0119431465107971
0.0,9.0,12.0,-0.0074376031376608975
0.0,9.0,13.0,-6.219123212332013e-11
0.0,9.0,14.0,-0.010892326527591478
0.0,9.0,15.0,-0.011669622250894183
0.0,9.0,16.0,-0.011374637099468954
0.0,9.0,17.0,-0.03775108982157599
0.0,9.0,18.0,0.04841466774310836
0.0,9.0,19.0,-0.0003321926299768574
0.0,9.0,20.0,-0.0014751975885745983
0.0,10.0,0.0,-0.004957450756186921
0.0,10.0,1.0,0.015979476957336397
0.0,10.0,2.0,0.03800475895306771
0.0,10.0,3.0,-0.015027337126908902
0.0,10.0,4.0,0.052103563573420275
0.0,10.0,5.0,-1.5408954099353713e-10
0.0,10.0,6.0,8.93432287565131e-07
0.0,10.0,7.0,0.07063748099009753
0.0,10.0,8.0,-0.00920476445864975
0.0,10.0,9.0,0.06832576162881812
0.0,10.0,10.0,0.23804064374001965
0.0,10.0,11.0,0.013681694375736117
0.0,10.0,12.0,0.031268180880152596
0.0,10.0,13.0,-6.21912342595753e-11
0.0,10.0,14.0,-0.020438174192718983
0.0,10.0,15.0,-0.019124831955418226
0.0,10.0,16.0,0.01365774307967249
0.0,10.0,17.0,-0.011855636044981632
0.0,10.0,18.0,0.014977166970476227
0.0,10.0,19.0,0.10323329442571727
0.0,10.0,20.0,-0.0015570328510020625
0.0,11.0,0.0,0.012287952392335322
0.0,11.0,1.0,0.007573786356702916
0.0,11.0,2.0,0.010200286727842567
0.0,11.0,3.0,0.011464058079518419
0.0,11.0,4.0,-0.05070974070321421
0.0,11.0,5.0,-1.5408946367939083e-10
0.0,11.0,6.0,1.3952500167570346e-06
0.0,11.0,7.0,-0.012864942563259207
0.0,11.0,8.0,-0.0022764104947723893
0.0,11.0,9.0,0.007423955638233448
0.0,11.0,10.0,-0.018665375558166164
0.0,11.0,11.0,-0.11388147487764083
0.0,11.0,12.0,-0.007770165313015165
0.0,11.0,13.0,-6.219123437338116e-11
0.0,11.0,14.0,0.0016448498902142672
0.0,11.0,15.0,0.008990828381596021
0.0,11.0,16.0,-0.011698851377626163
0.0,11.0,17.0,-0.012790434447010446
0.0,11.0,18.0,-0.005536872320341488
0.0,11.0,19.0,-0.05161915996000621
0.0,11.0,20.0,-0.0013975830242048371
0.0,12.0,0.0,-0.009601260424476232
0.0,12.0,1.0,-0.00922486435433198
0.0,12.0,2.0,0.000708999198386101
0.0,12.0,3.0,0.010894909681473247
0.0,12.0,4.0,-0.027278950604235463
0.0,12.0,5.0,-1.54089464591427e-10
0.0,12.0,6.0,-6.448705380525743e-07
0.0,12.0,7.0,-0.020460062678203217
0.0,12.0,8.0,0.002232637500298014
0.0,12.0,9.0,0.038079420607741526
0.0,12.0,10.0,-0.01451263941910419
0.0,12.0,11.0,-0.03159078763221032
0.0,12.0,12.0,0.19935862114443975
0.0,12.0,13.0,-6.219123417365131e-11
0.0,12.0,14.0,-0.01857554536968467
0.0,12.0,15.0,0.048978809364498686
0.0,12.0,16.0,-0.06921878580704444
0.0,12.0,17.0,-0.010273830253163752
0.0,12.0,18.0,-0.0024691729666762516
0.0,12.0,19.0,-0.012058785018845941
0.0,12.0,20.0,-0.0015537995094711797
0.0,13.0,0.0,0.0007118196206854499
0.0,13.0,1.0,-0.00012658756807068516
0.0,13.0,2.0,-0.0005959489027600184
0.0,13.0,3.0,6.837978408558154e-05
0.0,13.0,4.0,-0.0005502532230143853
0.0,13.0,5.0,-1.5408953887096055e-10
0.0,13.0,6.0,9.298823860096166e-07
0.0,13.0,7.0,-0.0003528538622882271
0.0,13.0,8.0,0.0007489740038574277
0.0,13.0,9.0,-2.988622129473928e-05
0.0,13.0,10.0,-6.877034297181339e-05
0.0,13.0,11.0,-0.0004249739698977406
0.0,13.0,12.0,-0.00037509467210461445
0.0,13.0,13.0,8.37760636339843e-10
0.0,13.0,14.0,-6.94085844699377e-05
0.0,13.0,15.0,-6.374321760304821e-05
0.0,13.0,16.0,-0.00023407717128531846
0.0,13.0,17.0,-2.448721924597219e-05
0.0,13.0,18.0,-0.0007034947383186968
0.0,13.0,19.0,-0.0003862505549109274
0.0,13.0,20.0,-0.0014814159491820286
0.0,14.0,0.0,0.03327218353228084
0.0,14.0,1.0,-0.04768503044089438
0.0,14.0,2.0,-0.0032442599337132727
0.0,14.0,3.0,0.03570029303957986
0.0,14.0,4.0,0.037055949999927784
0.0,14.0,5.0,-1.5408793011528865e-10
0.0,14.0,6.0,-1.3499142358161972e-08
0.0,14.0,7.0,0.024359663936018516
0.0,14.0,8.0,-0.0017996856799726013
0.0,14.0,9.0,0.018617260314368195
0.0,14.0,10.0,0.02095931318172839
0.0,14.0,11.0,-0.01701319730949838
0.0,14.0,12.0,0.012426372375004158
0.0,14.0,13.0,-6.219123378231196e-11
0.0,14.0,14.0,-0.18685836842602271
0.0,14.0,15.0,-0.013234931271844616
0.0,14.0,16.0,-0.04789915556669033
0.0,14.0,17.0,-0.08486081160030556
0.0,14.0,18.0,0.07677420855026773
0.0,14.0,19.0,0.052075784404555736
0.0,14.0,20.0,-0.0015164921652895977
0.0,15.0,0.0,0.007986563557449089
0.0,15.0,1.0,-0.001708243875119475
0.0,15.0,2.0,-0.004720684825070515
0.0,15.0,3.0,-0.0020468215971327364
0.0,15.0,4.0,0.0036039756570691583
0.0,15.0,5.0,-1.5408953913505808e-10
0.0,15.0,6.0,7.734806657023014e-07
0.0,15.0,7.0,-0.00474454298760546
0.0,15.0,8.0,0.0006658808745165015
0.0,15.0,9.0,-0.0048414613098967385
0.0,15.0,10.0,0.0005813880729942378
0.0,15.0,11.0,-0.0006275426375825094
0.0,15.0,12.0,-0.004599896448567287
0.0,15.0,13.0,-6.21912344431049e-11
0.0,15.0,14.0,-0.001124369261243402
0.0,15.0,15.0,-0.01981493148385499
0.0,15.0,16.0,0.001065618483720776
0.0,15.0,17.0,-0.006241199206631742
0.0,15.0,18.0,0.0018390553528569373
0.0,15.0,19.0,-0.0005218704122610385
0.0,15.0,20.0,-0.0015077984942237228
0.0,16.0,0.0,-0.011873602611338796
0.0,16.0,1.0,0.0283421445161032
0.0,16.0,2.0,0.025879296633244425
0.0,16.0,3.0,-0.02249817599256468
0.0,16.0,4.0,0.016772659508041965
0.0,16.0,5.0,-1.5408954104349013e-10
0.0,16.0,6.0,-1.4238475912814485e-07
0.0,16.0,7.0,-0.019084168869637208
0.0,16.0,8.0,0.0024145340104922627
0.0,16.0,9.0,-0.04183287870908098
0.0,16.0,10.0,-0.015180918816486977
0.0,16.0,11.0,0.020745947984834992
0.0,16.0,12.0,0.0017637658848891902
0.0,16.0,13.0,-6.219123449211011e-11
0.0,16.0,14.0,0.08985149111413501
0.0,16.0,15.0,-0.019723024096155874
0.0,16.0,16.0,0.25085774602512845
0.0,16.0,17.0,0.11104231121609787
0.0,16.0,18.0,-0.035008489696240104
0.0,16.0,19.0,-0.05053072475554754
0.0,16.0,20.0,-0.0009551019057285388
0.0,17.0,0.0,0.011835515602885094
0.0,17.0,1.0,0.018662702083360655
0.0,17.0,2.0,-0.006795099531218388
0.0,17.0,3.0,0.004397722927861419
0.0,17.0,4.0,-0.09596036673878527
0.0,17.0,5.0,-1.5408954094754307e-10
0.0,17.0,6.0,-4.791117571517641e-07
0.0,17.0,7.0,-0.027566386282964372
0.0,17.0,8.0,0.03379878245282321
0.0,17.0,9.0,-0.03438824517637565
0.0,17.0,10.0,-0.027307280474813234
0.0,17.0,11.0,-0.01862192940333844
0.0,17.0,12.0,-0.0336925992666689
0.0,17.0,13.0,-6.219123444557915e-11
0.0,17.0,14.0,0.011404179446453222
0.0,17.0,15.0,0.0027375716955702206
0.0,17.0,16.0,0.0021193644354594587
0.0,17.0,17.0,0.21132761420990648
0.0,17.0,18.0,-0.03700114551255869
0.0,17.0,19.0,-0.09238468505953823
0.0,17.0,20.0,-0.0008997393916028935
0.0,18.0,0.0,0.017809319932010015
0.0,18.0,1.0,-0.024211403920559565
0.0,18.0,2.0,-0.01947617814133641
0.0,18.0,3.0,0.016400260134878164
0.0,18.0,4.0,0.07401380553568548
0.0,18.0,5.0,-1.5408919968453755e-10
0.0,18.0,6.0,-3.033306956940895e-09
0.0,18.0,7.0,0.01667242135577418
0.0,18.0,8.0,-0.010500267371678772
0.0,18.0,9.0,0.02149533342572038
0.0,18.0,10.0,0.002844101339767535
0.0,18.0,11.0,-0.022749543687381565
0.0,18.0,12.0,0.02090213751683917
0.0,18.0,13.0,-6.219123449034314e-11
0.0,18.0,14.0,-0.06523556892161733
0.0,18.0,15.0,-0.01194824985232987
0.0,18.0,16.0,-0.06448402902002182
0.0,18.0,17.0,-0.1316882104877876
0.0,18.0,18.0,0.2529503786526951
0.0,18.0,19.0,0.035702474222221725
0.0,18.0,20.0,-0.0014043370421937028
0.0,19.0,0.0,0.008540201145787962
0.0,19.0,1.0,-0.008050647197971439
0.0,19.0,2.0,0.003907680743348602
0.0,19.0,3.0,0.04148428315262723
0.0,19.0,4.0,-0.07769262882074324
0.0,19.0,5.0,-1.5339847581428204e-10
0.0,19.0,6.0,-1.4022704713915103e-06
0.0,19.0,7.0,-0.022206370062611447
0.0,19.0,8.0,0.010633890268621576
0.0,19.0,9.0,-0.021167015174746034
0.0,19.0,10.0,-0.0832525919180721
0.0,19.0,11.0,-0.03021184315346083
0.0,19.0,12.0,-0.02275485498925911
0.0,19.0,13.0,-6.219123445993454e-11
0.0,19.0,14.0,0.014317041592723845
0.0,19.0,15.0,0.016250421731880585
0.0,19.0,16.0,-0.009809525221868065
0.0,19.0,17.0,0.015249979870783026
0.0,19.0,18.0,-0.03367882244803224
0.0,19.0,19.0,-0.2520251166532406
0.0,19.0,20.0,4.737562706528869e-05
0.0,20.0,0.0,0.0007500634408821316
0.0,20.0,1.0,-0.00013752089611543394
0.0,20.0,2.0,-0.0006296088774353781
0.0,20.0,3.0,7.480617614788465e-05
0.0,20.0,4.0,-0.000563396796694704
0.0,20.0,5.0,-1.5408953774470891e-10
0.0,20.0,6.0,-1.3344725068767995e-07
0.0,20.0,7.0,-0.0003654707465057805
0.0,20.0,8.0,0.0007845196504159199
0.0,20.0,9.0,-2.6003109994204854e-05
0.0,20.0,10.0,-6.878949531019529e-05
0.0,20.0,11.0,-0.0004488124301030155
0.0,20.0,12.0,-0.00038903267217110793
0.0,20.0,13.0,-6.21912344160502e-11
0.0,20.0,14.0,-8.478714904042173e-05
0.0,20.0,15.0,-6.710655201693297e-05
0.0,20.0,16.0,-0.00025637702977820975
0.0,20.0,17.0,-4.6696066914320156e-05
0.0,20.0,18.0,-0.0007049599435815374
0.0,20.0,19.0,-0.0003952207859468926
0.0,20.0,20.0,-0.0015577232724547844
1.0,1.0,0.0,0.09030548609776662
1.0,1.0,1.0,0.16411592704798125
1.0,1.0,2.0,-0.032109876940296544
1.0,1.0,3.0,0.04306812037197609
1.0,1.0,4.0,-0.00838467195091852
1.0,1.0,5.0,0.05030403065608946
1.0,1.0,6.0,-1.6035743466499368e-07
1.0,1.0,7.0,-0.001945944440820413
1.0,1.0,8.0,-0.029990539096184786
1.0,1.0,9.0,0.024348585457275862
1.0,1.0,10.0,0.014854488070569216
1.0,1.0,11.0,-0.08334418120585105
1.0,1.0,12.0,0.016348526508273176
1.0,1.0,13.0,-9.623096872071251e-09
1.0,1.0,14.0,-0.05506088588951273
1.0,1.0,15.0,-7.441665151216672e-07
1.0,1.0,16.0,-0.07806811658992552
1.0,1.0,17.0,-0.03628564636474664
1.0,1.0,18.0,0.05244289562410476
1.0,1.0,19.0,-0.01215981718470549
1.0,1.0,20.0,-6.556567794348922e-07
1.0,2.0,0.0,0.0875343753479021
1.0,2.0,1.0,-0.0008763511014624819
1.0,2.0,2.0,-0.23758513967592843
1.0,2.0,3.0,0.04927003455804509
1.0,2.0,4.0,-0.04125936370842409
1.0,2.0,5.0,0.027681144708825156
1.0,2.0,6.0,-1.603773102613191e-07
1.0,2.0,7.0,-0.009202342620999726
1.0,2.0,8.0,0.03457062190391756
1.0,2.0,9.0,0.004215108048493094
1.0,2.0,10.0,0.03069674420292068
1.0,2.0,11.0,-0.047824575322896495
1.0,2.0,12.0,-0.07345454672556992
1.0,2.0,13.0,-9.623096940843456e-09
1.0,2.0,14.0,-0.06558781583575762
1.0,2.0,15.0,-7.441569436564517e-07
1.0,2.0,16.0,-0.12558405241730652
1.0,2.0,17.0,-0.07258242745054805
1.0,2.0,18.0,0.03668164793853029
1.0,2.0,19.0,0.025932469359823296
1.0,2.0,20.0,-8.052695437392908e-07
1.0,3.0,0.0,0.0502224193928123
1.0,3.0,1.0,-0.0008769719058732489
1.0,3.0,2.0,-0.05222264828646195
1.0,3.0,3.0,0.23775804483247914
1.0,3.0,4.0,-0.044422289900875045
1.0,3.0,5.0,0.07243941209138954
1.0,3.0,6.0,-1.5353815884206642e-07
1.0,3.0,7.0,0.07218520550652013
1.0,3.0,8.0,0.016787364226385257
1.0,3.0,9.0,0.03826639063171239
1.0,3.0,10.0,0.017390958865958095
1.0,3.0,11.0,-0.13595859470499294
1.0,3.0,12.0,0.009606789853531805
1.0,3.0,13.0,-9.623095650701892e-09
1.0,3.0,14.0,-0.0807884429730441
1.0,3.0,15.0,-7.437354321389538e-07
1.0,3.0,16.0,-0.17564685451991813
1.0,3.0,17.0,-0.11723382396390265
1.0,3.0,18.0,0.051716805466478
1.0,3.0,19.0,0.018173358198215972
1.0,3.0,20.0,-8.080577726913614e-07
1.0,4.0,0.0,-0.010510051752875671
1.0,4.0,1.0,-0.0008344690925936831
1.0,4.0,2.0,0.014229872249352515
1.0,4.0,3.0,-0.010283859022548136
1.0,4.0,4.0,0.10665633735584068
1.0,4.0,5.0,-0.012562460495019634
1.0,4.0,6.0,-1.6039964703935924e-07
1.0,4.0,7.0,0.006026987049708332
1.0,4.0,8.0,-0.0008174243452328533
1.0,4.0,9.0,-0.00885740016174344
1.0,4.0,10.0,0.0043118880184789266
1.0,4.0,11.0,0.04581967209002291
1.0,4.0,12.0,0.005401964828114225
1.0,4.0,13.0,-9.623097145058534e-09
1.0,4.0,14.0,0.01198688343309777
1.0,4.0,15.0,-7.44177743276628e-07
1.0,4.0,16.0,0.04483991277591409
1.0,4.0,17.0,0.00957655853994438
1.0,4.0,18.0,-0.0003887145490824584
1.0,4.0,19.0,0.015347117688802814
1.0,4.0,20.0,-7.912252942197537e-07
1.0,5.0,0.0,0.022211121318509552
1.0,5.0,1.0,-0.0008766775964578896
1.0,5.0,2.0,-0.002353333232808952
1.0,5.0,3.0,0.0013259834505533752
1.0,5.0,4.0,0.043448630452736614
1.0,5.0,5.0,0.21068713258998145
1.0,5.0,6.0,-1.5393324332740549e-07
1.0,5.0,7.0,0.024179043984194626
1.0,5.0,8.0,0.02473046275525588
1.0,5.0,9.0,0.0024623853502858672
1.0,5.0,10.0,0.01127122276678083
1.0,5.0,11.0,-0.040484291959060364
1.0,5.0,12.0,0.004269300102557938
1.0,5.0,13.0,-9.623097097747563e-09
1.0,5.0,14.0,-0.005486325029737935
1.0,5.0,15.0,-7.441857905069431e-07
1.0,5.0,16.0,-0.0015463155519037097
1.0,5.0,17.0,-0.004821717802854453
1.0,5.0,18.0,0.0283841683559945
1.0,5.0,19.0,0.01654873256507905
1.0,5.0,20.0,-8.087398330976518e-07
1.0,6.0,0.0,-0.00016059002387047716
1.0,6.0,1.0,-0.0008448109842125121
1.0,6.0,2.0,0.0005090764445667695
1.0,6.0,3.0,-3.0213607051687852e-05
1.0,6.0,4.0,-0.00017595443290818746
1.0,6.0,5.0,-0.00012312970712707871
1.0,6.0,6.0,-1.6027061309840193e-07
1.0,6.0,7.0,0.00027820143383772145
1.0,6.0,8.0,0.0004250532547017266
1.0,6.0,9.0,1.989329560667108e-05
1.0,6.0,10.0,-0.0004574011593013738
1.0,6.0,11.0,-7.35818632572327e-05
1.0,6.0,12.0,-0.0005112801164900427
1.0,6.0,13.0,-9.62309679890263e-09
1.0,6.0,14.0,8.989439208079153e-05
1.0,6.0,15.0,-7.441267348886755e-07
1.0,6.0,16.0,-0.0005678335881225682
1.0,6.0,17.0,6.201146373219224e-05
1.0,6.0,18.0,-0.0003567118623626908
1.0,6.0,19.0,0.0003521477939718576
1.0,6.0,20.0,-7.489541685811652e-07
1.0,7.0,0.0,0.020636743759311682
1.0,7.0,1.0,-0.0008734842504379007
1.0,7.0,2.0,-0.027793845689308205
1.0,7.0,3.0,0.03524095219805014
1.0,7.0,4.0,-0.020453233457029096
1.0,7.0,5.0,0.03900103795179438
1.0,7.0,6.0,-1.6039952232253418e-07
1.0,7.0,7.0,0.22342034081929524
1.0,7.0,8.0,0.04431706580034189
1.0,7.0,9.0,0.028871235113340443
1.0,7.0,10.0,0.014905419605115378
1.0,7.0,11.0,-0.06218824557145841
1.0,7.0,12.0,0.05212565782077416
1.0,7.0,13.0,-9.623096291758621e-09
1.0,7.0,14.0,-0.028941545742183716
1.0,7.0,15.0,-7.441860796124241e-07
1.0,7.0,16.0,-0.06708634029513494
1.0,7.0,17.0,-0.04748748689335805
1.0,7.0,18.0,0.025158584071512113
1.0,7.0,19.0,0.01907979695206663
1.0,7.0,20.0,-8.079620029840089e-07
1.0,8.0,0.0,0.006979248192597209
1.0,8.0,1.0,-0.0008768708406465466
1.0,8.0,2.0,-0.037394720508688584
1.0,8.0,3.0,-0.02358174007048651
1.0,8.0,4.0,-0.09340953532239316
1.0,8.0,5.0,-0.01165222887716455
1.0,8.0,6.0,-1.6039847824633496e-07
1.0,8.0,7.0,-0.01587965069397651
1.0,8.0,8.0,0.20697416196939483
1.0,8.0,9.0,0.010937377245565372
1.0,8.0,10.0,-0.003978587223335106
1.0,8.0,11.0,-0.027742420290418512
1.0,8.0,12.0,0.009090115572232604
1.0,8.0,13.0,-9.623090787725646e-09
1.0,8.0,14.0,0.0038337162366883226
1.0,8.0,15.0,-7.432904050037511e-07
1.0,8.0,16.0,-0.030731761052063045
1.0,8.0,17.0,0.060678133284848335
1.0,8.0,18.0,-0.021422703337948462
1.0,8.0,19.0,-0.014903263088799523
1.0,8.0,20.0,-8.090711347252656e-07
1.0,9.0,0.0,-0.014306151827184588
1.0,9.0,1.0,-0.0007736805614480542
1.0,9.0,2.0,0.05541815739083844
1.0,9.0,3.0,-0.013482488873474904
1.0,9.0,4.0,-0.020964227893474185
1.0,9.0,5.0,-0.025883314571759353
1.0,9.0,6.0,-1.6039844453097602e-07
1.0,9.0,7.0,-0.005234458640542117
1.0,9.0,8.0,-0.007868828774834129
1.0,9.0,9.0,-0.15813663371330466
1.0,9.0,10.0,0.0028985898337644533
1.0,9.0,11.0,0.018313895118948653
1.0,9.0,12.0,0.015008983385976782
1.0,9.0,13.0,-9.623097115248103e-09
1.0,9.0,14.0,0.024459708967110416
1.0,9.0,15.0,-7.441857472069121e-07
1.0,9.0,16.0,0.07059849261172907
1.0,9.0,17.0,0.02127824338946535
1.0,9.0,18.0,-0.013168589672108433
1.0,9.0,19.0,-0.0052841163588719375
1.0,9.0,20.0,-7.927858466187544e-07
1.0,10.0,0.0,-0.0046798800600234
1.0,10.0,1.0,-0.0008365150842331084
1.0,10.0,2.0,0.02970039520181611
1.0,10.0,3.0,-0.015283512656531759
1.0,10.0,4.0,0.032719466999203806
1.0,10.0,5.0,0.011855087536067122
1.0,10.0,6.0,-1.6039981747702442e-07
1.0,10.0,7.0,0.03210966860145731
1.0,10.0,8.0,-0.005476427435657155
1.0,10.0,9.0,0.03793348712185776
1.0,10.0,10.0,0.22106076394956442
1.0,10.0,11.0,0.012825173432723824
1.0,10.0,12.0,0.01569116182605046
1.0,10.0,13.0,-9.623096469810064e-09
1.0,10.0,14.0,-0.01337871135276368
1.0,10.0,15.0,-7.441794613703234e-07
1.0,10.0,16.0,-0.008406486591641227
1.0,10.0,17.0,-0.015953316938526724
1.0,10.0,18.0,0.026428844088546177
1.0,10.0,19.0,0.06385758883367143
1.0,10.0,20.0,-1.3295149390297074e-07
1.0,11.0,0.0,0.012114614951007907
1.0,11.0,1.0,-0.0008017069034362167
1.0,11.0,2.0,-0.009760149506949645
1.0,11.0,3.0,0.012976400251900153
1.0,11.0,4.0,-0.04884339385018144
1.0,11.0,5.0,0.030613233808964302
1.0,11.0,6.0,-1.6010514096973223e-07
1.0,11.0,7.0,-0.004830879777444508
1.0,11.0,8.0,0.011593830564981714
1.0,11.0,9.0,0.03494413405979907
1.0,11.0,10.0,-0.013100676031597813
1.0,11.0,11.0,-0.2338818177831574
1.0,11.0,12.0,0.014764474610590883
1.0,11.0,13.0,-9.623093494862166e-09
1.0,11.0,14.0,-0.0014727124551173337
1.0,11.0,15.0,-6.134275312228338e-07
1.0,11.0,16.0,-0.005401633080803492
1.0,11.0,17.0,0.0017116510769946136
1.0,11.0,18.0,-0.008868622143339583
1.0,11.0,19.0,-0.03785125585247662
1.0,11.0,20.0,-8.088101543492488e-07
1.0,12.0,0.0,0.03149541355106694
1.0,12.0,1.0,-0.0008749569144696118
1.0,12.0,2.0,-0.0570590622310897
1.0,12.0,3.0,0.022414580024245415
1.0,12.0,4.0,-0.053233074787494616
1.0,12.0,5.0,0.07447810830492552
1.0,12.0,6.0,-1.6027583539421632e-07
1.0,12.0,7.0,0.04885568460345824
1.0,12.0,8.0,0.06464321544286676
1.0,12.0,9.0,0.08279114025741327
1.0,12.0,10.0,-0.000933300368589074
1.0,12.0,11.0,-0.1565346166719729
1.0,12.0,12.0,0.20975631634206893
1.0,12.0,13.0,-9.623081365595456e-09
1.0,12.0,14.0,-0.030790765513024745
1.0,12.0,15.0,-7.318332055708215e-07
1.0,12.0,16.0,-0.10330059384089246
1.0,12.0,17.0,-0.018203181163207405
1.0,12.0,18.0,0.011675466047754046
1.0,12.0,19.0,-0.01403232687881062
1.0,12.0,20.0,-8.087265083311593e-07
1.0,13.0,0.0,-0.00016047914403777286
1.0,13.0,1.0,-0.000844810983593832
1.0,13.0,2.0,0.0005093847819750419
1.0,13.0,3.0,-3.0178873132918893e-05
1.0,13.0,4.0,-0.00017590087338148486
1.0,13.0,5.0,-0.0001231503697320946
1.0,13.0,6.0,-1.6039856514593495e-07
1.0,13.0,7.0,0.0002782988486775273
1.0,13.0,8.0,0.0004250977453659627
1.0,13.0,9.0,1.9923417324818615e-05
1.0,13.0,10.0,-0.00045765795619834293
1.0,13.0,11.0,-7.369450028466007e-05
1.0,13.0,12.0,-0.0005115135959514738
1.0,13.0,13.0,1.358483390628385e-07
1.0,13.0,14.0,8.988909326211603e-05
1.0,13.0,15.0,-7.441267348512721e-07
1.0,13.0,16.0,-0.0005681515668957138
1.0,13.0,17.0,6.202273758784682e-05
1.0,13.0,18.0,-0.00035679184350362325
1.0,13.0,19.0,0.000352402972582766
1.0,13.0,20.0,-7.488972408231291e-07
1.0,14.0,0.0,0.04419236793694625
1.0,14.0,1.0,-0.0008702722715294248
1.0,14.0,2.0,-0.02704162095322521
1.0,14.0,3.0,0.040022802075858274
1.0,14.0,4.0,-0.02839195181177867
1.0,14.0,5.0,0.0383572487456173
1.0,14.0,6.0,-1.6024165852581075e-07
1.0,14.0,7.0,0.019755884747115926
1.0,14.0,8.0,0.0092576856638079
1.0,14.0,9.0,0.015546551273071224
1.0,14.0,10.0,0.004085667139150595
1.0,14.0,11.0,-0.06002662756832999
1.0,14.0,12.0,-0.0002545972279333619
1.0,14.0,13.0,-9.623096432930183e-09
1.0,14.0,14.0,-0.09536122861091562
1.0,14.0,15.0,-7.441799456045976e-07
1.0,14.0,16.0,-0.07607811744151621
1.0,14.0,17.0,-0.03052321997069421
1.0,14.0,18.0,0.018145994183052794
1.0,14.0,19.0,-0.015747212039281755
1.0,14.0,20.0,-8.082612453504141e-07
1.0,15.0,0.0,-0.00015770872525400215
1.0,15.0,1.0,-0.0008448109835786255
1.0,15.0,2.0,0.0005175237130343735
1.0,15.0,3.0,-2.9438110696000663e-05
1.0,15.0,4.0,-0.00017407021575832626
1.0,15.0,5.0,-0.00012343456328706148
1.0,15.0,6.0,-1.603985651017329e-07
1.0,15.0,7.0,0.00028168914628723396
1.0,15.0,8.0,0.0004261057933732798
1.0,15.0,9.0,2.0689921225863772e-05
1.0,15.0,10.0,-0.00046346515212269956
1.0,15.0,11.0,-7.64294327734727e-05
1.0,15.0,12.0,-0.0005178256316051844
1.0,15.0,13.0,-9.62309679856486e-09
1.0,15.0,14.0,9.00339011439405e-05
1.0,15.0,15.0,-7.441729283472952e-07
1.0,15.0,16.0,-0.000577461920281297
1.0,15.0,17.0,6.234562527338006e-05
1.0,15.0,18.0,-0.0003589559360983041
1.0,15.0,19.0,0.0003578348987098856
1.0,15.0,20.0,-7.479292748727802e-07
1.0,16.0,0.0,-0.07309815646425588
1.0,16.0,1.0,-0.00045645227940686644
1.0,16.0,2.0,0.12437490291138037
1.0,16.0,3.0,-0.05676961841951612
1.0,16.0,4.0,0.10523719683505539
1.0,16.0,5.0,-0.061307783718798
1.0,16.0,6.0,-1.6039982341653102e-07
1.0,16.0,7.0,-0.005697178551554993
1.0,16.0,8.0,-0.006383769565291811
1.0,16.0,9.0,-0.047332804994002275
1.0,16.0,10.0,-0.00860829923050166
1.0,16.0,11.0,0.14669659314992983
1.0,16.0,12.0,0.030356055006891647
1.0,16.0,13.0,-9.62309715737318e-09
1.0,16.0,14.0,0.09669997199691677
1.0,16.0,15.0,-7.441861828314176e-07
1.0,16.0,16.0,0.3386491610232228
1.0,16.0,17.0,0.080616718968473
1.0,16.0,18.0,-0.03301695026185281
1.0,16.0,19.0,0.017232715264599352
1.0,16.0,20.0,-8.031264932227269e-07
1.0,17.0,0.0,-0.02385036396225343
1.0,17.0,1.0,0.034240074577146076
1.0,17.0,2.0,0.02166381156006597
1.0,17.0,3.0,-0.020713842287894524
1.0,17.0,4.0,-0.022344673936486648
1.0,17.0,5.0,-0.08616130305127659
1.0,17.0,6.0,-1.6039981651306578e-07
1.0,17.0,7.0,-0.02237120147477456
1.0,17.0,8.0,-0.016112851699125956
1.0,17.0,9.0,-0.01018907816584505
1.0,17.0,10.0,-0.005801283791520118
1.0,17.0,11.0,0.0573159532030888
1.0,17.0,12.0,0.0031845078069308586
1.0,17.0,13.0,-9.623094920610876e-09
1.0,17.0,14.0,0.05596026385709982
1.0,17.0,15.0,-7.440118716385842e-07
1.0,17.0,16.0,0.09389419308282193
1.0,17.0,17.0,0.23166439890465204
1.0,17.0,18.0,-0.06846224145782126
1.0,17.0,19.0,-0.005530004802824728
1.0,17.0,20.0,-8.085350428369228e-07
1.0,18.0,0.0,0.04110359684672593
1.0,18.0,1.0,-0.000872951945605371
1.0,18.0,2.0,-0.05125444757587144
1.0,18.0,3.0,0.045833534901991976
1.0,18.0,4.0,-0.01976786851756962
1.0,18.0,5.0,0.04442077811418338
1.0,18.0,6.0,-1.5966270881026612e-07
1.0,18.0,7.0,0.011542536693159078
1.0,18.0,8.0,0.014003658110720754
1.0,18.0,9.0,0.024431722035074543
1.0,18.0,10.0,-0.018901059730726755
1.0,18.0,11.0,-0.12212565340334591
1.0,18.0,12.0,-0.004071110114531318
1.0,18.0,13.0,-9.623097155284978e-09
1.0,18.0,14.0,-0.06409150918959275
1.0,18.0,15.0,-7.441411050947667e-07
1.0,18.0,16.0,-0.12760281541396895
1.0,18.0,17.0,-0.05303926831450356
1.0,18.0,18.0,0.2076045836634684
1.0,18.0,19.0,-0.05758357204674125
1.0,18.0,20.0,-8.090720370220115e-07
1.0,19.0,0.0,-0.004116705995187653
1.0,19.0,1.0,-0.0007379540795258852
1.0,19.0,2.0,0.01891697810444709
1.0,19.0,3.0,-0.0629809808740028
1.0,19.0,4.0,0.08172626526583215
1.0,19.0,5.0,-0.005100189822860146
1.0,19.0,6.0,-1.6039982339989879e-07
1.0,19.0,7.0,0.0012067641140339203
1.0,19.0,8.0,-0.025159472667756505
1.0,19.0,9.0,-0.0011930401144165381
1.0,19.0,10.0,0.08013525629903129
1.0,19.0,11.0,0.08171830702832578
1.0,19.0,12.0,-0.001565910374214552
1.0,19.0,13.0,-9.623097118982535e-09
1.0,19.0,14.0,-0.0035592344335953346
1.0,19.0,15.0,-7.441854226046432e-07
1.0,19.0,16.0,0.015878536260299336
1.0,19.0,17.0,-0.020464389013948564
1.0,19.0,18.0,0.07227318670464195
1.0,19.0,19.0,0.21914945760779714
1.0,19.0,20.0,1.4176142530095517e-06
1.0,20.0,0.0,-0.00037112390335614087
1.0,20.0,1.0,-0.0008448101881874479
1.0,20.0,2.0,-0.00010218520574617473
1.0,20.0,3.0,-8.566408276690363e-05
1.0,20.0,4.0,-0.0003048761830761748
1.0,20.0,5.0,-9.833712081946944e-05
1.0,20.0,6.0,-1.6039857934344384e-07
1.0,20.0,7.0,2.7288409149395232e-05
1.0,20.0,8.0,0.0003474356507221499
1.0,20.0,9.0,-3.8383519205348327e-05
1.0,20.0,10.0,-2.0443702580363876e-05
1.0,20.0,11.0,0.00012482069714953026
1.0,20.0,12.0,-4.851253455384619e-05
1.0,20.0,13.0,-9.62309686786683e-09
1.0,20.0,14.0,7.998868398489956e-05
1.0,20.0,15.0,-7.441265503960896e-07
1.0,20.0,16.0,0.00011459837146532426
1.0,20.0,17.0,3.8051934702021395e-05
1.0,20.0,18.0,-0.00019807396107845987
1.0,20.0,19.0,-5.241557883328696e-05
1.0,20.0,20.0,7.118943552320913e-07
2.0,1.0,0.0,0.017701705243716198
2.0,1.0,1.0,0.18684759348100585
2.0,1.0,2.0,0.005898377410107736
2.0,1.0,3.0,0.006185824713301438
2.0,1.0,4.0,-0.0025179738815473973
2.0,1.0,5.0,-0.002248248014708132
2.0,1.0,6.0,0.023203643171705812
2.0,1.0,7.0,-0.04012300144977374
2.0,1.0,8.0,-0.033417293493228854
2.0,1.0,9.0,-0.008260981897798197
2.0,1.0,10.0,0.00547441770336371
2.0,1.0,11.0,0.005222517297122489
2.0,1.0,12.0,-0.000904855316464892
2.0,1.0,13.0,-1.3191754838583376e-09
2.0,1.0,14.0,0.02315759796220361
2.0,1.0,15.0,-0.0034290448487611057
2.0,1.0,16.0,0.014641457664574586
2.0,1.0,17.0,0.016105068212831364
2.0,1.0,18.0,-0.0016093019116175632
2.0,1.0,19.0,-0.010859232984249512
2.0,1.0,20.0,-2.668337499126754e-06
2.0,2.0,0.0,0.03698992626644845
2.0,2.0,1.0,-0.0035350094480038363
2.0,2.0,2.0,-0.18246616334204568
2.0,2.0,3.0,0.05187533511004078
2.0,2.0,4.0,0.03943979260503727
2.0,2.0,5.0,-0.006516000465968341
2.0,2.0,6.0,0.022511727181295307
2.0,2.0,7.0,0.002297940301339202
2.0,2.0,8.0,0.005989108885689855
2.0,2.0,9.0,0.001169985210226196
2.0,2.0,10.0,0.017538537585728542
2.0,2.0,11.0,-0.004011495288838832
2.0,2.0,12.0,-0.027941914783350008
2.0,2.0,13.0,-1.3191126760186366e-09
2.0,2.0,14.0,-0.032009731189200544
2.0,2.0,15.0,0.0034867835447468954
2.0,2.0,16.0,-0.04301818922780554
2.0,2.0,17.0,-0.038890642388768215
2.0,2.0,18.0,0.03442148411417019
2.0,2.0,19.0,0.06453767559646173
2.0,2.0,20.0,-2.668347179554257e-06
2.0,3.0,0.0,-0.012498194776005417
2.0,3.0,1.0,-0.00367256596806041
2.0,3.0,2.0,0.019007020532500446
2.0,3.0,3.0,0.16826087117402283
2.0,3.0,4.0,0.059666088299202835
2.0,3.0,5.0,0.0028836547710804905
2.0,3.0,6.0,0.018277931807566192
2.0,3.0,7.0,0.020197912626169517
2.0,3.0,8.0,-0.00759913296555588
2.0,3.0,9.0,-0.0025583425533060866
2.0,3.0,10.0,0.014044578491547999
2.0,3.0,11.0,0.0008758997110270977
2.0,3.0,12.0,0.007419782146997678
2.0,3.0,13.0,-1.3191754743015593e-09
2.0,3.0,14.0,0.010167441096353924
2.0,3.0,15.0,-0.0077962073343618155
2.0,3.0,16.0,0.038153356118004966
2.0,3.0,17.0,-0.036237370372628086
2.0,3.0,18.0,0.020489486597474193
2.0,3.0,19.0,0.06247423066070612
2.0,3.0,20.0,-2.668375530102074e-06
2.0,4.0,0.0,-0.001294164310361945
2.0,4.0,1.0,-0.0030037644847957087
2.0,4.0,2.0,-0.03186678673217089
2.0,4.0,3.0,-0.006742912927886091
2.0,4.0,4.0,0.22074613554269484
2.0,4.0,5.0,0.013290579401391
2.0,4.0,6.0,-0.003630400645742456
2.0,4.0,7.0,0.00963054229511473
2.0,4.0,8.0,0.0037635888149652325
2.0,4.0,9.0,2.5664138548847637e-05
2.0,4.0,10.0,0.011849470809189022
2.0,4.0,11.0,0.019215277051465335
2.0,4.0,12.0,0.02974746351356844
2.0,4.0,13.0,-1.3190681887701978e-09
2.0,4.0,14.0,-0.00011030503517253654
2.0,4.0,15.0,-0.009314284405231708
2.0,4.0,16.0,0.025437959191399573
2.0,4.0,17.0,0.014552379204410604
2.0,4.0,18.0,-0.0003032137827100913
2.0,4.0,19.0,0.052766990567642336
2.0,4.0,20.0,-2.6683053786360935e-06
2.0,5.0,0.0,0.005527664984661784
2.0,5.0,1.0,-0.003652752565907242
2.0,5.0,2.0,0.00662561564573752
2.0,5.0,3.0,-0.027165590931872458
2.0,5.0,4.0,0.014596504889465511
2.0,5.0,5.0,0.18406802211821188
2.0,5.0,6.0,0.040889380496938334
2.0,5.0,7.0,0.004780227992680186
2.0,5.0,8.0,0.012710153937942323
2.0,5.0,9.0,-0.050494967048949596
2.0,5.0,10.0,0.025753338884553723
2.0,5.0,11.0,-0.026525338329837625
2.0,5.0,12.0,0.014909718757984747
2.0,5.0,13.0,-1.3191754817886889e-09
2.0,5.0,14.0,0.0013421921010766114
2.0,5.0,15.0,-0.010407600467463314
2.0,5.0,16.0,0.00597875160259409
2.0,5.0,17.0,0.06410385947268077
2.0,5.0,18.0,-0.0027784388214123837
2.0,5.0,19.0,0.04337037991009829
2.0,5.0,20.0,-2.6683793367998496e-06
2.0,6.0,0.0,0.0030704249364859326
2.0,6.0,1.0,-0.0031140787951719133
2.0,6.0,2.0,-0.0024402155081759136
2.0,6.0,3.0,0.002427098600873104
2.0,6.0,4.0,-0.0006591789014503968
2.0,6.0,5.0,0.001629758454828767
2.0,6.0,6.0,-0.011325151701852826
2.0,6.0,7.0,-0.0021958584309254847
2.0,6.0,8.0,0.0017902464854745032
2.0,6.0,9.0,0.00291414826207316
2.0,6.0,10.0,-0.0009120301229016414
2.0,6.0,11.0,-0.00430652745738877
2.0,6.0,12.0,0.003982712252891152
2.0,6.0,13.0,-1.3191752979507878e-09
2.0,6.0,14.0,-0.0009020906684513996
2.0,6.0,15.0,-0.0003884175243410552
2.0,6.0,16.0,-0.002043697796307975
2.0,6.0,17.0,0.000648315325309512
2.0,6.0,18.0,-0.004409184251416167
2.0,6.0,19.0,0.0009136738699507818
2.0,6.0,20.0,-2.6683689143606343e-06
2.0,7.0,0.0,0.010817771148291633
2.0,7.0,1.0,-0.0022970891216535765
2.0,7.0,2.0,-0.015465964335711596
2.0,7.0,3.0,-0.0007334952125757771
2.0,7.0,4.0,0.03909645335791867
2.0,7.0,5.0,0.018539676994996923
2.0,7.0,6.0,-0.011186543017656994
2.0,7.0,7.0,0.18686761579129896
2.0,7.0,8.0,0.0013858987207794118
2.0,7.0,9.0,0.01596223406289307
2.0,7.0,10.0,-0.010932581164760757
2.0,7.0,11.0,-0.01723397094028324
2.0,7.0,12.0,0.05061107537996462
2.0,7.0,13.0,-1.3191754805539237e-09
2.0,7.0,14.0,-0.0119987589468393
2.0,7.0,15.0,-0.007168503865711228
2.0,7.0,16.0,-0.029872546703842984
2.0,7.0,17.0,-0.0762278183499785
2.0,7.0,18.0,0.04484124500368032
2.0,7.0,19.0,0.049006756684941144
2.0,7.0,20.0,-2.6683771318344375e-06
2.0,8.0,0.0,0.012541354626911388
2.0,8.0,1.0,-0.0036715178907811554
2.0,8.0,2.0,-0.05812815213697489
2.0,8.0,3.0,-0.03837184971052612
2.0,8.0,4.0,-0.04045681263849599
2.0,8.0,5.0,-0.005300217438078736
2.0,8.0,6.0,0.013707408885558792
2.0,8.0,7.0,-0.003508501522602514
2.0,8.0,8.0,0.2044315740956577
2.0,8.0,9.0,0.0016361821736823878
2.0,8.0,10.0,-0.0005713315907930339
2.0,8.0,11.0,-0.007803140080173784
2.0,8.0,12.0,-0.004471636251677569
2.0,8.0,13.0,-1.3191754347403908e-09
2.0,8.0,14.0,-0.016890994817108262
2.0,8.0,15.0,0.01892137559686858
2.0,8.0,16.0,-0.06228441774293275
2.0,8.0,17.0,0.03311187469607707
2.0,8.0,18.0,-0.010843714814612077
2.0,8.0,19.0,-0.006651407645685281
2.0,8.0,20.0,-2.6683090366432505e-06
2.0,9.0,0.0,-0.003310851622166322
2.0,9.0,1.0,-0.0026191585547362837
2.0,9.0,2.0,0.013451511544470246
2.0,9.0,3.0,-0.0036911502603780982
2.0,9.0,4.0,-0.018941412215469633
2.0,9.0,5.0,-0.02093662128276047
2.0,9.0,6.0,0.0042103037206488135
2.0,9.0,7.0,0.0058356410252857205
2.0,9.0,8.0,-0.001813231697114559
2.0,9.0,9.0,-0.06854192952655214
2.0,9.0,10.0,0.01568925367662427
2.0,9.0,11.0,0.00865445878957724
2.0,9.0,12.0,-0.007903852706916903
2.0,9.0,13.0,-1.3191754462260906e-09
2.0,9.0,14.0,-0.003237901802904966
2.0,9.0,15.0,-0.002866877904370027
2.0,9.0,16.0,0.0038119613953420117
2.0,9.0,17.0,-0.0033391638715093985
2.0,9.0,18.0,-0.0038699828811521522
2.0,9.0,19.0,-0.008149455388414606
2.0,9.0,20.0,-2.6683674873550555e-06
2.0,10.0,0.0,0.0051093764633993455
2.0,10.0,1.0,-0.002496107646130832
2.0,10.0,2.0,0.04463855776420814
2.0,10.0,3.0,-0.008395953437187853
2.0,10.0,4.0,0.011031441847777934
2.0,10.0,5.0,0.025023990496897908
2.0,10.0,6.0,-0.009844348749842746
2.0,10.0,7.0,0.030777304038164255
2.0,10.0,8.0,-0.001531942202751005
2.0,10.0,9.0,0.041143373382647966
2.0,10.0,10.0,0.1884142580559141
2.0,10.0,11.0,-0.010360851162606502
2.0,10.0,12.0,0.023668920085961442
2.0,10.0,13.0,-1.3191754817698324e-09
2.0,10.0,14.0,-0.044488642974560594
2.0,10.0,15.0,0.001434827532609928
2.0,10.0,16.0,-0.005253514102808277
2.0,10.0,17.0,0.017900268188982382
2.0,10.0,18.0,0.0034431536754104992
2.0,10.0,19.0,0.01221279846082246
2.0,10.0,20.0,-2.6683889410225397e-06
2.0,11.0,0.0,0.026055653944422025
2.0,11.0,1.0,-0.003547581044816365
2.0,11.0,2.0,0.013573603821152608
2.0,11.0,3.0,0.001921770097059336
2.0,11.0,4.0,-0.04115532252970333
2.0,11.0,5.0,0.016521305554362264
2.0,11.0,6.0,0.048073921417517734
2.0,11.0,7.0,-0.014844694074948067
2.0,11.0,8.0,0.010386047104875028
2.0,11.0,9.0,-0.010378084859664079
2.0,11.0,10.0,-0.003444267412223645
2.0,11.0,11.0,-0.11052482308489611
2.0,11.0,12.0,0.009214151637125023
2.0,11.0,13.0,-1.319175476101944e-09
2.0,11.0,14.0,0.0037589119529858883
2.0,11.0,15.0,0.008171563961729892
2.0,11.0,16.0,-0.0007487401998943488
2.0,11.0,17.0,0.022474642585337934
2.0,11.0,18.0,-0.012847241299102757
2.0,11.0,19.0,-0.04784507998382348
2.0,11.0,20.0,-2.6681510238092553e-06
2.0,12.0,0.0,0.008160607213634152
2.0,12.0,1.0,-0.0035509916090766327
2.0,12.0,2.0,-0.011099220559760065
2.0,12.0,3.0,-0.00548243295208696
2.0,12.0,4.0,-0.006349181688560357
2.0,12.0,5.0,0.029387552966821218
2.0,12.0,6.0,0.03571520210519566
2.0,12.0,7.0,-0.018612145382725237
2.0,12.0,8.0,0.027843809382285048
2.0,12.0,9.0,0.034519576893843495
2.0,12.0,10.0,-0.00617717694469877
2.0,12.0,11.0,-0.04372234214839342
2.0,12.0,12.0,0.20241546868270188
2.0,12.0,13.0,-1.3191754846250147e-09
2.0,12.0,14.0,-0.010093739523231823
2.0,12.0,15.0,0.024879354894249854
2.0,12.0,16.0,-0.059157710119253526
2.0,12.0,17.0,0.017604590917459584
2.0,12.0,18.0,-0.006119138710621233
2.0,12.0,19.0,-0.00454016927777845
2.0,12.0,20.0,-2.6683759854291693e-06
2.0,13.0,0.0,-0.0028941811619046243
2.0,13.0,1.0,-0.0029762926347223213
2.0,13.0,2.0,0.001922894284205473
2.0,13.0,3.0,-0.0034128295394150188
2.0,13.0,4.0,-0.001280899518060985
2.0,13.0,5.0,-0.0027984612632447337
2.0,13.0,6.0,0.00547439673673728
2.0,13.0,7.0,0.0032498584247846185
2.0,13.0,8.0,4.702531907194163e-05
2.0,13.0,9.0,-0.0026884287648093336
2.0,13.0,10.0,0.0007636767403457201
2.0,13.0,11.0,0.005302132653950589
2.0,13.0,12.0,-0.00427238459308793
2.0,13.0,13.0,1.615709017630115e-06
2.0,13.0,14.0,-0.0006519886318940987
2.0,13.0,15.0,-0.0015687704360574442
2.0,13.0,16.0,0.0005062580079819856
2.0,13.0,17.0,0.0013845069999993687
2.0,13.0,18.0,-0.004645714110813699
2.0,13.0,19.0,0.0014738157463058954
2.0,13.0,20.0,-2.668360930489258e-06
2.0,14.0,0.0,0.017496124825587905
2.0,14.0,1.0,-0.00284454531126554
2.0,14.0,2.0,0.007157243187596224
2.0,14.0,3.0,0.006743864044401041
2.0,14.0,4.0,0.00907537490057786
2.0,14.0,5.0,0.011303777785703961
2.0,14.0,6.0,0.04220419487582325
2.0,14.0,7.0,-0.006477467104229306
2.0,14.0,8.0,-0.003759541299207851
2.0,14.0,9.0,-0.014584486586238898
2.0,14.0,10.0,0.008354876424110202
2.0,14.0,11.0,0.0034895321941957047
2.0,14.0,12.0,-0.016349435794389355
2.0,14.0,13.0,-1.3191754625925884e-09
2.0,14.0,14.0,-0.09742088055634084
2.0,14.0,15.0,-0.005126687510003328
2.0,14.0,16.0,-0.01919795581501549
2.0,14.0,17.0,-0.0021650037835223013
2.0,14.0,18.0,0.030475443440829027
2.0,14.0,19.0,0.007231485108485813
2.0,14.0,20.0,-2.668268678028429e-06
2.0,15.0,0.0,-4.471872484954065e-05
2.0,15.0,1.0,-0.0029945845429039846
2.0,15.0,2.0,0.0002694490902138691
2.0,15.0,3.0,-0.002070629501708582
2.0,15.0,4.0,-0.00265488581629314
2.0,15.0,5.0,-0.003941758833488851
2.0,15.0,6.0,0.004453195060562744
2.0,15.0,7.0,0.0013092138670581233
2.0,15.0,8.0,0.00016093241835227895
2.0,15.0,9.0,-0.0035141688588262443
2.0,15.0,10.0,0.0006304360692223065
2.0,15.0,11.0,0.004520629511107682
2.0,15.0,12.0,-0.006695632025428999
2.0,15.0,13.0,-1.3191743292066988e-09
2.0,15.0,14.0,-0.0010007654339546368
2.0,15.0,15.0,-0.010416366983897586
2.0,15.0,16.0,0.00011417350799558523
2.0,15.0,17.0,-0.00013061288955096284
2.0,15.0,18.0,-0.00446774958496611
2.0,15.0,19.0,-0.0007389113712107376
2.0,15.0,20.0,-2.6683593016436762e-06
2.0,16.0,0.0,-0.03940015617426593
2.0,16.0,1.0,-0.0017961128905819676
2.0,16.0,2.0,0.037288846079276516
2.0,16.0,3.0,-0.03170473883955228
2.0,16.0,4.0,-0.005052280896138739
2.0,16.0,5.0,-0.03252548197689964
2.0,16.0,6.0,-0.010340409201137263
2.0,16.0,7.0,0.02275997589967249
2.0,16.0,8.0,0.0128817492481485
2.0,16.0,9.0,-0.022336387929825098
2.0,16.0,10.0,-0.0005122865066125581
2.0,16.0,11.0,0.07179123023621223
2.0,16.0,12.0,-0.013389680252806402
2.0,16.0,13.0,-1.3191754672695319e-09
2.0,16.0,14.0,0.05017417432485029
2.0,16.0,15.0,-0.010412060777818352
2.0,16.0,16.0,0.22355093747929788
2.0,16.0,17.0,0.04058018686525788
2.0,16.0,18.0,-0.015562879550343902
2.0,16.0,19.0,-0.006467389340423124
2.0,16.0,20.0,-2.6682859654786077e-06
2.0,17.0,0.0,-0.010671386656607051
2.0,17.0,1.0,-0.0020657250348896207
2.0,17.0,2.0,0.0024832939956889177
2.0,17.0,3.0,0.0014848210792469813
2.0,17.0,4.0,-0.057508796045043664
2.0,17.0,5.0,-0.03641142060232022
2.0,17.0,6.0,-0.00027084827218877387
2.0,17.0,7.0,0.007274483323044589
2.0,17.0,8.0,0.00940380150172028
2.0,17.0,9.0,-0.0184261225454741
2.0,17.0,10.0,-0.007774349553005266
2.0,17.0,11.0,0.01360405781321243
2.0,17.0,12.0,-0.0162834067500785
2.0,17.0,13.0,-1.3191754840898232e-09
2.0,17.0,14.0,0.033228832858318694
2.0,17.0,15.0,-0.000694588365811653
2.0,17.0,16.0,0.03135068587585432
2.0,17.0,17.0,0.19979092542473875
2.0,17.0,18.0,-0.01596944888727012
2.0,17.0,19.0,-0.04730758241546307
2.0,17.0,20.0,-2.6683132641816053e-06
2.0,18.0,0.0,0.002583817006566208
2.0,18.0,1.0,-0.0034340528240642634
2.0,18.0,2.0,-0.005907249491405198
2.0,18.0,3.0,0.00486754755610358
2.0,18.0,4.0,0.032321021957798735
2.0,18.0,5.0,0.008199884235015165
2.0,18.0,6.0,0.032357779786370604
2.0,18.0,7.0,0.0030544395647850164
2.0,18.0,8.0,0.006586762549271256
2.0,18.0,9.0,-0.007015876486956792
2.0,18.0,10.0,-0.010197563576565483
2.0,18.0,11.0,-0.010816405270045876
2.0,18.0,12.0,-0.004013301525705892
2.0,18.0,13.0,-1.319175368030628e-09
2.0,18.0,14.0,0.0037956263016566405
2.0,18.0,15.0,-0.00366658111206455
2.0,18.0,16.0,-0.025863107854399825
2.0,18.0,17.0,-0.04717062333772848
2.0,18.0,18.0,0.20724538810048063
2.0,18.0,19.0,-0.04133582544352221
2.0,18.0,20.0,-1.7373092754556736e-06
2.0,19.0,0.0,0.003599820037122947
2.0,19.0,1.0,-0.0036238619265309626
2.0,19.0,2.0,0.009259702084963323
2.0,19.0,3.0,0.034248793754999535
2.0,19.0,4.0,-0.08708522581557143
2.0,19.0,5.0,-0.009243247583550218
2.0,19.0,6.0,0.05934440592814282
2.0,19.0,7.0,0.0017934488000867221
2.0,19.0,8.0,0.03208175223949673
2.0,19.0,9.0,-0.03106333820581423
2.0,19.0,10.0,-0.039903179487627505
2.0,19.0,11.0,-0.008716658570907282
2.0,19.0,12.0,-0.033202680658656336
2.0,19.0,13.0,-1.3191754703795035e-09
2.0,19.0,14.0,0.01478076336649406
2.0,19.0,15.0,-0.001851416422101529
2.0,19.0,16.0,0.0039860308432517755
2.0,19.0,17.0,0.01764953596437041
2.0,19.0,18.0,-0.015930738176945416
2.0,19.0,19.0,-0.2138342746796501
2.0,19.0,20.0,-2.3097976636780617e-06
2.0,20.0,0.0,-0.0029155417101904835
2.0,20.0,1.0,-0.002976298889819737
2.0,20.0,2.0,0.0018813479061181027
2.0,20.0,3.0,-0.0034216615307754994
2.0,20.0,4.0,-0.001250161064098143
2.0,20.0,5.0,-0.002819362163818284
2.0,20.0,6.0,0.005474488329550135
2.0,20.0,7.0,0.0032333857733705673
2.0,20.0,8.0,4.2808139247944854e-05
2.0,20.0,9.0,-0.002694998524280623
2.0,20.0,10.0,0.0008352203017532589
2.0,20.0,11.0,0.005290354529482663
2.0,20.0,12.0,-0.004265296726686907
2.0,20.0,13.0,-1.319175484809163e-09
2.0,20.0,14.0,-0.0006425030458501041
2.0,20.0,15.0,-0.0015683495036418246
2.0,20.0,16.0,0.0005972191142805672
2.0,20.0,17.0,0.001255352224823203
2.0,20.0,18.0,-0.004647836882658867
2.0,20.0,19.0,0.0013954431907288178
2.0,20.0,20.0,-2.656430115254607e-06
3.0,1.0,0.0,0.03956108532083541
3.0,1.0,1.0,0.18338027900479473
3.0,1.0,2.0,-0.02092258096216293
3.0,1.0,3.0,0.0074413348574009636
3.0,1.0,4.0,0.011740036329009773
3.0,1.0,5.0,0.023037156411699178
3.0,1.0,6.0,0.032366734469952474
3.0,1.0,7.0,-0.026199923409174167
3.0,1.0,8.0,-0.00807761965152104
3.0,1.0,9.0,-0.00048600088374516233
3.0,1.0,10.0,0.00953003481558723
3.0,1.0,11.0,-0.02591437403944019
3.0,1.0,12.0,0.03415272585386511
3.0,1.0,13.0,-7.996134148496464e-08
3.0,1.0,14.0,-0.039037401624566107
3.0,1.0,15.0,-4.154338131607895e-09
3.0,1.0,16.0,-0.02907011176615515
3.0,1.0,17.0,-0.011577768533597377
3.0,1.0,18.0,0.055261213226507955
3.0,1.0,19.0,0.00018372074832595509
3.0,1.0,20.0,-1.107460050774294e-08
3.0,2.0,0.0,0.04722575731688616
3.0,2.0,1.0,-0.010813940115471187
3.0,2.0,2.0,-0.18071992403559417
3.0,2.0,3.0,0.012599062188690183
3.0,2.0,4.0,-0.0011937072900796153
3.0,2.0,5.0,-0.007781439937117579
3.0,2.0,6.0,0.00503448377841995
3.0,2.0,7.0,-0.002953511757935026
3.0,2.0,8.0,0.025194895939763567
3.0,2.0,9.0,-0.0004822387238711983
3.0,2.0,10.0,0.02012079988104898
3.0,2.0,11.0,-0.016733715741732547
3.0,2.0,12.0,-0.03271261363101116
3.0,2.0,13.0,-7.996134708726908e-08
3.0,2.0,14.0,-0.04074492406683428
3.0,2.0,15.0,-4.277512209062425e-09
3.0,2.0,16.0,-0.06870957101607889
3.0,2.0,17.0,-0.030461260400786644
3.0,2.0,18.0,0.01617227927168699
3.0,2.0,19.0,0.03698765869646037
3.0,2.0,20.0,-1.1074599965126695e-08
3.0,3.0,0.0,-0.005162628992899931
3.0,3.0,1.0,-0.014554391985865766
3.0,3.0,2.0,0.021967794897426174
3.0,3.0,3.0,0.17691858146057277
3.0,3.0,4.0,0.06591923916092401
3.0,3.0,5.0,-0.008763446166981465
3.0,3.0,6.0,0.001862106935872074
3.0,3.0,7.0,0.03443051378680645
3.0,3.0,8.0,-0.003807263460475635
3.0,3.0,9.0,-0.0004946473700880166
3.0,3.0,10.0,0.026997108391250246
3.0,3.0,11.0,0.022846601674821276
3.0,3.0,12.0,0.018789151116945596
3.0,3.0,13.0,-7.996134696560274e-08
3.0,3.0,14.0,-0.0013068529389187108
3.0,3.0,15.0,-3.882913637876382e-09
3.0,3.0,16.0,0.00818202621623254
3.0,3.0,17.0,-0.056871639013015035
3.0,3.0,18.0,0.023037516787818624
3.0,3.0,19.0,0.08274217042039678
3.0,3.0,20.0,-1.1074601225402518e-08
3.0,4.0,0.0,-0.02239804265410661
3.0,4.0,1.0,-0.006935219163303252
3.0,4.0,2.0,-0.018569663090337335
3.0,4.0,3.0,-0.022717213259668162
3.0,4.0,4.0,0.22026964397414062
3.0,4.0,5.0,-0.004175061518001788
3.0,4.0,6.0,-0.0021637822884846896
3.0,4.0,7.0,-0.027092299708950683
3.0,4.0,8.0,0.014278206227642865
3.0,4.0,9.0,-0.0005101209251021121
3.0,4.0,10.0,0.011068833715705995
3.0,4.0,11.0,0.0810665862146302
3.0,4.0,12.0,0.009547183569258016
3.0,4.0,13.0,-7.996135046743583e-08
3.0,4.0,14.0,0.020974436735915362
3.0,4.0,15.0,1.3604699900333418e-07
3.0,4.0,16.0,0.09989578480232719
3.0,4.0,17.0,0.03534218353480728
3.0,4.0,18.0,-0.0052480274191118725
3.0,4.0,19.0,0.032022254951583395
3.0,4.0,20.0,-1.1074601118980806e-08
3.0,5.0,0.0,-0.003496133125420242
3.0,5.0,1.0,-0.01339604720376555
3.0,5.0,2.0,0.0010915895743584259
3.0,5.0,3.0,-0.032032596577424535
3.0,5.0,4.0,0.056264033164692306
3.0,5.0,5.0,0.18512991010941432
3.0,5.0,6.0,0.05342001418432934
3.0,5.0,7.0,0.004914513619398278
3.0,5.0,8.0,0.018265520654219408
3.0,5.0,9.0,-0.0005094302014351144
3.0,5.0,10.0,0.0364680950171451
3.0,5.0,11.0,0.0013627500090772626
3.0,5.0,12.0,-0.04553876326173417
3.0,5.0,13.0,-7.996134805105049e-08
3.0,5.0,14.0,-0.0014774443084973818
3.0,5.0,15.0,-4.302944422257551e-09
3.0,5.0,16.0,0.038236114697881574
3.0,5.0,17.0,0.03642526209687841
3.0,5.0,18.0,-0.01738122992634064
3.0,5.0,19.0,0.04204496149053294
3.0,5.0,20.0,-1.1074593964319339e-08
3.0,6.0,0.0,0.0002762795744387092
3.0,6.0,1.0,-0.004659490477484042
3.0,6.0,2.0,-0.0003069181461831938
3.0,6.0,3.0,0.001395884576844711
3.0,6.0,4.0,-0.0009194745475693544
3.0,6.0,5.0,-0.0006260716967300961
3.0,6.0,6.0,-0.0061148755693413775
3.0,6.0,7.0,0.00010261106960451905
3.0,6.0,8.0,0.0005854595534313806
3.0,6.0,9.0,-0.0005021230517443329
3.0,6.0,10.0,-0.0019484864965243487
3.0,6.0,11.0,0.000552222076466713
3.0,6.0,12.0,7.314273035682883e-05
3.0,6.0,13.0,-7.996118139543563e-08
3.0,6.0,14.0,0.001189808376771885
3.0,6.0,15.0,-4.331941203016982e-09
3.0,6.0,16.0,-0.00020490133217943018
3.0,6.0,17.0,-3.9092343980473565e-05
3.0,6.0,18.0,-0.0015072302482955768
3.0,6.0,19.0,-2.8026058479402316e-05
3.0,6.0,20.0,-1.1074588364637226e-08
3.0,7.0,0.0,0.021072562367034586
3.0,7.0,1.0,0.03337972618105634
3.0,7.0,2.0,-0.01565610688169833
3.0,7.0,3.0,0.01063545465062414
3.0,7.0,4.0,0.0270627593575411
3.0,7.0,5.0,0.007938791556263564
3.0,7.0,6.0,-0.006107835393752304
3.0,7.0,7.0,0.19944644964385552
3.0,7.0,8.0,0.012162948822088487
3.0,7.0,9.0,-0.0003001173679970863
3.0,7.0,10.0,0.012032969128192406
3.0,7.0,11.0,-0.003329430111577769
3.0,7.0,12.0,0.07595700496666541
3.0,7.0,13.0,-7.99613472822043e-08
3.0,7.0,14.0,-0.022897718667938865
3.0,7.0,15.0,8.648497542993732e-07
3.0,7.0,16.0,-0.04220312220973044
3.0,7.0,17.0,-0.07189314763856773
3.0,7.0,18.0,0.03746642292677099
3.0,7.0,19.0,0.06816303565991566
3.0,7.0,20.0,-1.1074601378077575e-08
3.0,8.0,0.0,0.027955556461783604
3.0,8.0,1.0,-0.014751488547864107
3.0,8.0,2.0,-0.07711588909951163
3.0,8.0,3.0,-0.02885261938887749
3.0,8.0,4.0,-0.056030264594016166
3.0,8.0,5.0,0.0009196064371863044
3.0,8.0,6.0,0.007843808461507368
3.0,8.0,7.0,0.0005083867672946163
3.0,8.0,8.0,0.2026867640866807
3.0,8.0,9.0,-0.0004961186734829105
3.0,8.0,10.0,0.002172861762450795
3.0,8.0,11.0,-0.03420742537279564
3.0,8.0,12.0,-0.03680605102416923
3.0,8.0,13.0,-7.996135186063811e-08
3.0,8.0,14.0,-0.03593957031894924
3.0,8.0,15.0,-4.3362134055104515e-09
3.0,8.0,16.0,-0.0832464080651093
3.0,8.0,17.0,0.03860659266356953
3.0,8.0,18.0,-0.008924530871282366
3.0,8.0,19.0,-0.014011228522594621
3.0,8.0,20.0,-1.107397227171535e-08
3.0,9.0,0.0,-0.0005257492484949666
3.0,9.0,1.0,-0.007975707047817459
3.0,9.0,2.0,0.04148122784574432
3.0,9.0,3.0,-0.011369495467609056
3.0,9.0,4.0,0.067102246553707
3.0,9.0,5.0,0.059037254682489326
3.0,9.0,6.0,-0.00221434836154317
3.0,9.0,7.0,-0.009642949928607165
3.0,9.0,8.0,0.0023905666912573398
3.0,9.0,9.0,0.15969505727224942
3.0,9.0,10.0,0.008775636878498694
3.0,9.0,11.0,0.016150027085589158
3.0,9.0,12.0,-0.0008636698958222055
3.0,9.0,13.0,-7.996104872956086e-08
3.0,9.0,14.0,0.01808644761388739
3.0,9.0,15.0,-4.327135449318582e-09
3.0,9.0,16.0,0.03348331503873747
3.0,9.0,17.0,0.023259708580920857
3.0,9.0,18.0,-0.01891233102548226
3.0,9.0,19.0,0.01295558458607493
3.0,9.0,20.0,-1.1074600458960192e-08
3.0,10.0,0.0,0.011703429153711475
3.0,10.0,1.0,-0.000817196439769385
3.0,10.0,2.0,0.023681198488549382
3.0,10.0,3.0,-0.008210404254162307
3.0,10.0,4.0,0.02214818468916957
3.0,10.0,5.0,0.004362848276093928
3.0,10.0,6.0,-0.00591666759911436
3.0,10.0,7.0,0.03520621674010663
3.0,10.0,8.0,-0.005727019303861353
3.0,10.0,9.0,-0.000458350320097264
3.0,10.0,10.0,0.22470022335376538
3.0,10.0,11.0,0.014857394129624002
3.0,10.0,12.0,0.017104921584041338
3.0,10.0,13.0,-7.996132269932783e-08
3.0,10.0,14.0,-0.04088434791602357
3.0,10.0,15.0,7.050978365942087e-07
3.0,10.0,16.0,-0.005782825964786631
3.0,10.0,17.0,-0.024525362155832953
3.0,10.0,18.0,0.02423163721762725
3.0,10.0,19.0,0.078801365645214
3.0,10.0,20.0,-1.1074601134424963e-08
3.0,11.0,0.0,0.062101690827337075
3.0,11.0,1.0,0.0019268062452351097
3.0,11.0,2.0,-0.0011455728813669075
3.0,11.0,3.0,0.012351708067687095
3.0,11.0,4.0,-0.04848533296649982
3.0,11.0,5.0,0.012584196543302895
3.0,11.0,6.0,0.05564518307252757
3.0,11.0,7.0,0.0002769591699673876
3.0,11.0,8.0,0.004008515866420509
3.0,11.0,9.0,-0.00047926311893257013
3.0,11.0,10.0,0.01214527528124043
3.0,11.0,11.0,-0.2587541563800333
3.0,11.0,12.0,0.020820964052163937
3.0,11.0,13.0,-7.996129686303848e-08
3.0,11.0,14.0,-0.024165694091424442
3.0,11.0,15.0,-4.336214495515265e-09
3.0,11.0,16.0,-0.07094275479226464
3.0,11.0,17.0,-0.0186926453759394
3.0,11.0,18.0,-0.0005875771465926605
3.0,11.0,19.0,-0.04042233796925265
3.0,11.0,20.0,-1.1074599915263835e-08
3.0,12.0,0.0,0.024379983041688702
3.0,12.0,1.0,-0.00727081621406319
3.0,12.0,2.0,-0.029646303735188756
3.0,12.0,3.0,-0.0017742558979814138
3.0,12.0,4.0,-0.010818401635062536
3.0,12.0,5.0,0.029257006939848784
3.0,12.0,6.0,0.007928840506331684
3.0,12.0,7.0,0.030429049003849157
3.0,12.0,8.0,0.049609282775060715
3.0,12.0,9.0,0.002315246022014835
3.0,12.0,10.0,0.008557302481776885
3.0,12.0,11.0,-0.04143340963155079
3.0,12.0,12.0,0.19688977471171282
3.0,12.0,13.0,-7.996134641837121e-08
3.0,12.0,14.0,-0.029053483784162854
3.0,12.0,15.0,-2.973429005820152e-09
3.0,12.0,16.0,-0.0763941031657025
3.0,12.0,17.0,-0.006772961781540493
3.0,12.0,18.0,0.003108619172579652
3.0,12.0,19.0,0.012204188608769151
3.0,12.0,20.0,-1.1074601080588301e-08
3.0,13.0,0.0,-0.001364251685121387
3.0,13.0,1.0,-0.003557595213956412
3.0,13.0,2.0,0.0013219087046890121
3.0,13.0,3.0,-0.0014993752727193305
3.0,13.0,4.0,0.0009044482338258497
3.0,13.0,5.0,-0.0011737208433719726
3.0,13.0,6.0,0.0034918787444979593
3.0,13.0,7.0,0.0023187746142830853
3.0,13.0,8.0,-0.00033596288105644523
3.0,13.0,9.0,-0.0005044395705840608
3.0,13.0,10.0,0.0011385354098454314
3.0,13.0,11.0,0.0012653775637593845
3.0,13.0,12.0,-0.0012520271019065554
3.0,13.0,13.0,0.0026907124910550578
3.0,13.0,14.0,0.0009660647725924926
3.0,13.0,15.0,-4.309473054812434e-09
3.0,13.0,16.0,0.0009800310843225413
3.0,13.0,17.0,-0.0002925018057551021
3.0,13.0,18.0,-0.0007615513047330713
3.0,13.0,19.0,0.0006299151121897939
3.0,13.0,20.0,-1.1074598986156452e-08
3.0,14.0,0.0,0.01113247910518722
3.0,14.0,1.0,-0.006744576528907311
3.0,14.0,2.0,2.0530633646237417e-05
3.0,14.0,3.0,0.004441504743757971
3.0,14.0,4.0,0.007727390900481024
3.0,14.0,5.0,0.012659861343530754
3.0,14.0,6.0,0.010752823884833219
3.0,14.0,7.0,0.0068266927182070655
3.0,14.0,8.0,0.0005767443125785227
3.0,14.0,9.0,-0.0005017394273480861
3.0,14.0,10.0,0.008299442623448172
3.0,14.0,11.0,-0.0039554513598854535
3.0,14.0,12.0,-0.0035753953139903982
3.0,14.0,13.0,-7.996127322598514e-08
3.0,14.0,14.0,-0.04103462944020066
3.0,14.0,15.0,-4.27820436486057e-09
3.0,14.0,16.0,-0.010157444517821523
3.0,14.0,17.0,-0.006731964208888608
3.0,14.0,18.0,0.0064171169400072114
3.0,14.0,19.0,0.01125362888108683
3.0,14.0,20.0,-1.1074595730684022e-08
3.0,15.0,0.0,-0.001954574920984664
3.0,15.0,1.0,-0.003555820083208731
3.0,15.0,2.0,0.0012093480025219538
3.0,15.0,3.0,-0.0015227495328942464
3.0,15.0,4.0,0.0001458572413911563
3.0,15.0,5.0,-0.0011212271947704522
3.0,15.0,6.0,0.0035213653244217788
3.0,15.0,7.0,0.0022426851557321575
3.0,15.0,8.0,-0.0002072715343903464
3.0,15.0,9.0,-0.0005044427924156083
3.0,15.0,10.0,0.0011136060023145822
3.0,15.0,11.0,0.0010757813982710251
3.0,15.0,12.0,-0.0013075121086103814
3.0,15.0,13.0,-7.996131221653838e-08
3.0,15.0,14.0,0.000750906116150675
3.0,15.0,15.0,1.0654073602725356e-06
3.0,15.0,16.0,0.0011194359258517306
3.0,15.0,17.0,7.215583529443514e-05
3.0,15.0,18.0,-0.0009447702660644874
3.0,15.0,19.0,0.0005156019311485238
3.0,15.0,20.0,-1.1074599650428358e-08
3.0,16.0,0.0,-0.06089298859760464
3.0,16.0,1.0,0.006812530456830817
3.0,16.0,2.0,0.055922921077466714
3.0,16.0,3.0,-0.032337319487079436
3.0,16.0,4.0,0.02351736184719122
3.0,16.0,5.0,-0.03141690866732913
3.0,16.0,6.0,-0.0044210794248215135
3.0,16.0,7.0,-0.006277513428396629
3.0,16.0,8.0,0.013017683218708886
3.0,16.0,9.0,-0.0005106779320331312
3.0,16.0,10.0,-0.014475703623735181
3.0,16.0,11.0,0.07729840636080215
3.0,16.0,12.0,0.004955571185509822
3.0,16.0,13.0,-7.996077392634465e-08
3.0,16.0,14.0,0.10343489629082439
3.0,16.0,15.0,-4.1635738156787485e-09
3.0,16.0,16.0,0.27136934432835813
3.0,16.0,17.0,0.05006363960466653
3.0,16.0,18.0,-0.02443286571396705
3.0,16.0,19.0,-0.02448517515797044
3.0,16.0,20.0,-1.107438982005322e-08
3.0,17.0,0.0,0.002221833414418173
3.0,17.0,1.0,0.03495754672737589
3.0,17.0,2.0,0.0010900529773411327
3.0,17.0,3.0,0.010968092622479997
3.0,17.0,4.0,-0.05672780620032447
3.0,17.0,5.0,-0.002711550094191939
3.0,17.0,6.0,0.01149383494188701
3.0,17.0,7.0,0.0069036903431287655
3.0,17.0,8.0,-0.00045930587456111116
3.0,17.0,9.0,-0.0005105937570502915
3.0,17.0,10.0,-0.007075913995337246
3.0,17.0,11.0,-0.013042804013472686
3.0,17.0,12.0,0.001969585809565494
3.0,17.0,13.0,-7.996046286730823e-08
3.0,17.0,14.0,-0.001863102402288687
3.0,17.0,15.0,-4.33621280294996e-09
3.0,17.0,16.0,0.04158154801352976
3.0,17.0,17.0,0.20628276931486844
3.0,17.0,18.0,-0.03743563702768972
3.0,17.0,19.0,-0.04221582277204072
3.0,17.0,20.0,-1.1074595432821207e-08
3.0,18.0,0.0,-0.0086834541864248
3.0,18.0,1.0,-0.007680740580094965
3.0,18.0,2.0,-0.006907255684924146
3.0,18.0,3.0,-0.0009316987572363933
3.0,18.0,4.0,0.01748519172184937
3.0,18.0,5.0,4.6108691075325003e-05
3.0,18.0,6.0,0.02195136958205178
3.0,18.0,7.0,-0.004157955853660966
3.0,18.0,8.0,0.0020624923377426108
3.0,18.0,9.0,-0.0005010615591217553
3.0,18.0,10.0,-0.03582810835170103
3.0,18.0,11.0,-0.014823924524176524
3.0,18.0,12.0,-0.005806058983359286
3.0,18.0,13.0,-7.996135112575471e-08
3.0,18.0,14.0,0.018714365698076087
3.0,18.0,15.0,-3.6817601724301136e-09
3.0,18.0,16.0,-0.01938021411128854
3.0,18.0,17.0,-0.02775026972582567
3.0,18.0,18.0,0.19398123034169845
3.0,18.0,19.0,-0.036541893041260654
3.0,18.0,20.0,-1.1063090860722745e-08
3.0,19.0,0.0,0.0069789284508654514
3.0,19.0,1.0,0.00043221488181332743
3.0,19.0,2.0,0.00601759133980298
3.0,19.0,3.0,-0.05324400349574715
3.0,19.0,4.0,0.038766387236679134
3.0,19.0,5.0,-0.03578721473307117
3.0,19.0,6.0,-0.006102155546552758
3.0,19.0,7.0,-0.0014847114733414074
3.0,19.0,8.0,-0.018769850823542808
3.0,19.0,9.0,-0.000498417185876464
3.0,19.0,10.0,0.07461942518705733
3.0,19.0,11.0,0.058127316048562194
3.0,19.0,12.0,0.006156182451789005
3.0,19.0,13.0,-7.99613499784569e-08
3.0,19.0,14.0,-0.01965725720919716
3.0,19.0,15.0,6.334146536404153e-08
3.0,19.0,16.0,0.007896984616775793
3.0,19.0,17.0,-0.03148232437797216
3.0,19.0,18.0,0.05120521202349182
3.0,19.0,19.0,0.21503973541032628
3.0,19.0,20.0,-1.1074601343525748e-08
3.0,20.0,0.0,-0.001871007475734876
3.0,20.0,1.0,-0.003556237460677394
3.0,20.0,2.0,0.0012613579367400651
3.0,20.0,3.0,-0.0015268624138871367
3.0,20.0,4.0,0.00021299950566655568
3.0,20.0,5.0,-0.0011743846051864848
3.0,20.0,6.0,0.0035229918335956878
3.0,20.0,7.0,0.0022476492599213596
3.0,20.0,8.0,-0.0001885580347045085
3.0,20.0,9.0,-0.0005044433740908274
3.0,20.0,10.0,0.0011041970703803416
3.0,20.0,11.0,0.0011547869330815197
3.0,20.0,12.0,-0.001322267814890754
3.0,20.0,13.0,-7.996130484017377e-08
3.0,20.0,14.0,0.0007539376689131433
3.0,20.0,15.0,-4.322535019710387e-09
3.0,20.0,16.0,0.0010036409598355167
3.0,20.0,17.0,9.368641445839376e-05
3.0,20.0,18.0,-0.000943335815595886
3.0,20.0,19.0,0.0005059409515787427
3.0,20.0,20.0,2.0680469430515035e-06
4.0,1.0,0.0,0.019102291485918965
4.0,1.0,1.0,0.19535865974926775
4.0,1.0,2.0,-0.012164366211348199
4.0,1.0,3.0,0.007479857881512286
4.0,1.0,4.0,0.02396212117650498
4.0,1.0,5.0,0.006356507549043433
4.0,1.0,6.0,0.013863116991783574
4.0,1.0,7.0,-0.03268423406081017
4.0,1.0,8.0,-0.05000327679549514
4.0,1.0,9.0,-0.0013404427189127321
4.0,1.0,10.0,0.006514858801444756
4.0,1.0,11.0,-0.009313268663393631
4.0,1.0,12.0,0.018098540290493292
4.0,1.0,13.0,-1.1507212911894818e-07
4.0,1.0,14.0,-6.338149918740098e-07
4.0,1.0,15.0,-0.003041740755794664
4.0,1.0,16.0,0.0078111149645158084
4.0,1.0,17.0,-0.008713816314634915
4.0,1.0,18.0,0.01962786265150938
4.0,1.0,19.0,0.000751205059753457
4.0,1.0,20.0,-2.2199807941203036e-10
4.0,2.0,0.0,0.04194873900796309
4.0,2.0,1.0,-0.008524941504537836
4.0,2.0,2.0,-0.15998745288641747
4.0,2.0,3.0,0.05323381695126522
4.0,2.0,4.0,0.005420376541160565
4.0,2.0,5.0,0.016598354495034634
4.0,2.0,6.0,0.02270039455553443
4.0,2.0,7.0,-0.0025525990559527867
4.0,2.0,8.0,0.0216660252139598
4.0,2.0,9.0,-0.0055806290644998535
4.0,2.0,10.0,0.01267085986756289
4.0,2.0,11.0,-0.02472097343280996
4.0,2.0,12.0,-0.015140640331177013
4.0,2.0,13.0,3.3613450465476585e-06
4.0,2.0,14.0,-6.338162550693893e-07
4.0,2.0,15.0,-0.01128044813257395
4.0,2.0,16.0,-0.01832746238898597
4.0,2.0,17.0,-0.008514629063476109
4.0,2.0,18.0,-0.0039147718851659085
4.0,2.0,19.0,0.0007644846081289458
4.0,2.0,20.0,-2.219979740553916e-10
4.0,3.0,0.0,0.0012508006384606418
4.0,3.0,1.0,-0.018558108861824338
4.0,3.0,2.0,0.0005997323636681429
4.0,3.0,3.0,0.2151744364706109
4.0,3.0,4.0,0.055076124081864464
4.0,3.0,5.0,0.017871095148959626
4.0,3.0,6.0,0.017766651503268248
4.0,3.0,7.0,0.07015017493600906
4.0,3.0,8.0,-0.0054544704733394955
4.0,3.0,9.0,0.006102871418280503
4.0,3.0,10.0,0.007915394726116798
4.0,3.0,11.0,-0.03995964026883017
4.0,3.0,12.0,0.04021556788220204
4.0,3.0,13.0,-5.091456844435282e-07
4.0,3.0,14.0,-6.338163227674302e-07
4.0,3.0,15.0,-0.0003979498262784986
4.0,3.0,16.0,-0.016604233069986818
4.0,3.0,17.0,-0.036634703395623414
4.0,3.0,18.0,-0.0015692064427193474
4.0,3.0,19.0,0.0007644817866967468
4.0,3.0,20.0,-2.2199810568559505e-10
4.0,4.0,0.0,6.227593246477259e-06
4.0,4.0,1.0,0.0010864292072814974
4.0,4.0,2.0,-0.009708856211869177
4.0,4.0,3.0,0.011400257575801598
4.0,4.0,4.0,0.06452505603020897
4.0,4.0,5.0,-0.002152206125595163
4.0,4.0,6.0,0.00039490347776954815
4.0,4.0,7.0,0.00866523252257545
4.0,4.0,8.0,0.007045461167455858
4.0,4.0,9.0,0.0010932549463215369
4.0,4.0,10.0,0.0003420543216634542
4.0,4.0,11.0,0.008688951752607643
4.0,4.0,12.0,0.020250971706865406
4.0,4.0,13.0,2.7426910177823937e-06
4.0,4.0,14.0,-6.338144303665374e-07
4.0,4.0,15.0,0.012810529766992318
4.0,4.0,16.0,0.013423602393974832
4.0,4.0,17.0,0.01749024910825231
4.0,4.0,18.0,-0.0044602607099851095
4.0,4.0,19.0,0.0007638052324397959
4.0,4.0,20.0,-2.2199810558856472e-10
4.0,5.0,0.0,0.009955395930966504
4.0,5.0,1.0,-0.009984792506738512
4.0,5.0,2.0,-0.022321700297738084
4.0,5.0,3.0,-0.05414389746286219
4.0,5.0,4.0,0.010730014065773452
4.0,5.0,5.0,0.16509717498703957
4.0,5.0,6.0,0.04023058465266323
4.0,5.0,7.0,-0.05565763775238752
4.0,5.0,8.0,0.03872142960680128
4.0,5.0,9.0,-0.04687838488890819
4.0,5.0,10.0,0.012030545767154344
4.0,5.0,11.0,-0.0369019969001968
4.0,5.0,12.0,-0.04760381563104299
4.0,5.0,13.0,7.32907029322566e-07
4.0,5.0,14.0,-6.338117014822688e-07
4.0,5.0,15.0,-0.0633801816955073
4.0,5.0,16.0,0.03460020627396204
4.0,5.0,17.0,0.09148133364125383
4.0,5.0,18.0,-0.009020379235873555
4.0,5.0,19.0,0.0005479462522882672
4.0,5.0,20.0,-2.219981117311011e-10
4.0,6.0,0.0,0.006484829051800395
4.0,6.0,1.0,-0.0004279802321521392
4.0,6.0,2.0,-0.0016619536459633877
4.0,6.0,3.0,0.014973959220581978
4.0,6.0,4.0,0.002104271179661721
4.0,6.0,5.0,0.007407884088709557
4.0,6.0,6.0,-0.03976271033918235
4.0,6.0,7.0,-0.00256939873466544
4.0,6.0,8.0,0.0011171263548238886
4.0,6.0,9.0,0.012593481332081602
4.0,6.0,10.0,-0.009619193300913209
4.0,6.0,11.0,-0.007478118814222057
4.0,6.0,12.0,0.004426981838115851
4.0,6.0,13.0,-5.986818893389053e-07
4.0,6.0,14.0,-6.338139618654082e-07
4.0,6.0,15.0,0.014221053519213878
4.0,6.0,16.0,-0.008539653713378559
4.0,6.0,17.0,0.0015123564396399836
4.0,6.0,18.0,0.0028224431207534047
4.0,6.0,19.0,0.0007588849284448917
4.0,6.0,20.0,-2.2199749228817205e-10
4.0,7.0,0.0,0.013306884380767686
4.0,7.0,1.0,0.008023907479937087
4.0,7.0,2.0,-0.0035141458562735206
4.0,7.0,3.0,0.06087382830434035
4.0,7.0,4.0,0.03434719366631822
4.0,7.0,5.0,0.027928939251696955
4.0,7.0,6.0,-0.029827855336872003
4.0,7.0,7.0,0.2029614464832677
4.0,7.0,8.0,-0.031506322787617044
4.0,7.0,9.0,0.025104950510704993
4.0,7.0,10.0,0.004335071014094138
4.0,7.0,11.0,-0.035254197382593305
4.0,7.0,12.0,0.08900216270559613
4.0,7.0,13.0,-6.886880522440524e-07
4.0,7.0,14.0,-6.338158221086608e-07
4.0,7.0,15.0,-0.0060346088708198575
4.0,7.0,16.0,-0.029608699106490444
4.0,7.0,17.0,-0.059800577766613267
4.0,7.0,18.0,0.010137155451022405
4.0,7.0,19.0,0.0007644637005846944
4.0,7.0,20.0,-2.2199809226454006e-10
4.0,8.0,0.0,0.00469517948170578
4.0,8.0,1.0,-0.0003072710571996595
4.0,8.0,2.0,-0.008859761008732897
4.0,8.0,3.0,-0.04645410483386936
4.0,8.0,4.0,-0.08799000274309099
4.0,8.0,5.0,0.0004294258747810642
4.0,8.0,6.0,0.006038417583099462
4.0,8.0,7.0,-0.019887205033789157
4.0,8.0,8.0,0.1972126789725721
4.0,8.0,9.0,0.0026509660537852864
4.0,8.0,10.0,0.0007967393660032185
4.0,8.0,11.0,-0.019382417940835478
4.0,8.0,12.0,-0.01371292501347765
4.0,8.0,13.0,2.1466877967221146e-08
4.0,8.0,14.0,-6.338139088302946e-07
4.0,8.0,15.0,-0.0067398619798897386
4.0,8.0,16.0,-0.06385832750012643
4.0,8.0,17.0,0.015253808339363795
4.0,8.0,18.0,-0.005204087980418102
4.0,8.0,19.0,0.000509356311832021
4.0,8.0,20.0,-2.2199811265537802e-10
4.0,9.0,0.0,0.005563389539818275
4.0,9.0,1.0,-0.004483920041508042
4.0,9.0,2.0,0.02753964099672307
4.0,9.0,3.0,0.027213447090086718
4.0,9.0,4.0,0.027032337115767247
4.0,9.0,5.0,0.058946611708212
4.0,9.0,6.0,0.02707897543423017
4.0,9.0,7.0,0.013664205349113723
4.0,9.0,8.0,-0.0032658556130021055
4.0,9.0,9.0,0.20816485191611653
4.0,9.0,10.0,-0.009218468606135843
4.0,9.0,11.0,-0.04874146334670351
4.0,9.0,12.0,0.03459455067831818
4.0,9.0,13.0,-6.89901469084353e-07
4.0,9.0,14.0,-6.338149505287119e-07
4.0,9.0,15.0,0.06123036344369431
4.0,9.0,16.0,-0.08440992681334408
4.0,9.0,17.0,0.010040257375705408
4.0,9.0,18.0,-0.016265237953922596
4.0,9.0,19.0,0.0007623059703720791
4.0,9.0,20.0,-2.2199811276412663e-10
4.0,10.0,0.0,-0.00626244720142094
4.0,10.0,1.0,0.0029784811145118495
4.0,10.0,2.0,0.03956792793117678
4.0,10.0,3.0,-0.011932841083229284
4.0,10.0,4.0,0.0008427175034473322
4.0,10.0,5.0,-0.0005797101134352861
4.0,10.0,6.0,-0.012434337588293164
4.0,10.0,7.0,0.013988501247838181
4.0,10.0,8.0,-0.008550246596531724
4.0,10.0,9.0,0.021989630345672778
4.0,10.0,10.0,0.19496847691838737
4.0,10.0,11.0,0.0028711903883437973
4.0,10.0,12.0,0.007625391006078619
4.0,10.0,13.0,-5.868060901988375e-07
4.0,10.0,14.0,-6.338163748880903e-07
4.0,10.0,15.0,-0.005691363356996715
4.0,10.0,16.0,-0.0030250254091028217
4.0,10.0,17.0,-0.0004267307973384593
4.0,10.0,18.0,-0.0022180506596738217
4.0,10.0,19.0,0.000764493138425304
4.0,10.0,20.0,-2.2199401473441735e-10
4.0,11.0,0.0,0.01948662316758981
4.0,11.0,1.0,0.016443672334910467
4.0,11.0,2.0,0.00943102465998144
4.0,11.0,3.0,-0.017248231195000407
4.0,11.0,4.0,-0.03090400633145185
4.0,11.0,5.0,0.045305027647442486
4.0,11.0,6.0,0.05696065746109957
4.0,11.0,7.0,-0.03947106079264345
4.0,11.0,8.0,0.004148590721343909
4.0,11.0,9.0,-0.00021831071894951037
4.0,11.0,10.0,0.006459769887393607
4.0,11.0,11.0,-0.22304315642305889
4.0,11.0,12.0,0.003904569627687038
4.0,11.0,13.0,-1.828982672937588e-08
4.0,11.0,14.0,-6.338142549324894e-07
4.0,11.0,15.0,-0.0056813014315381105
4.0,11.0,16.0,-0.016464419816669518
4.0,11.0,17.0,0.02037763959338712
4.0,11.0,18.0,-0.008071353055656946
4.0,11.0,19.0,-0.034161034615211805
4.0,11.0,20.0,-2.219980767978821e-10
4.0,12.0,0.0,-0.0016328566376037912
4.0,12.0,1.0,-0.0013362808257244285
4.0,12.0,2.0,0.017830453130938423
4.0,12.0,3.0,0.005513717070078639
4.0,12.0,4.0,-0.026876166309329208
4.0,12.0,5.0,0.0331930138808727
4.0,12.0,6.0,0.027609684718602714
4.0,12.0,7.0,0.01261314046910239
4.0,12.0,8.0,0.019462127839424276
4.0,12.0,9.0,0.034722964968460696
4.0,12.0,10.0,0.004194630038956704
4.0,12.0,11.0,-0.061671220748760636
4.0,12.0,12.0,0.21684368247644437
4.0,12.0,13.0,1.4557095217929554e-06
4.0,12.0,14.0,-6.33815244306502e-07
4.0,12.0,15.0,0.03049155459262204
4.0,12.0,16.0,-0.09747624712957437
4.0,12.0,17.0,-0.012091528453151423
4.0,12.0,18.0,-0.006238773347513004
4.0,12.0,19.0,0.0007396487671623708
4.0,12.0,20.0,-2.2197884352378672e-10
4.0,13.0,0.0,-0.00040209027317281154
4.0,13.0,1.0,-0.000392110030613492
4.0,13.0,2.0,0.00035746527248561866
4.0,13.0,3.0,0.0005989090018607701
4.0,13.0,4.0,0.00010312598105766124
4.0,13.0,5.0,-0.0001860043623218427
4.0,13.0,6.0,-0.0002040984272674573
4.0,13.0,7.0,0.0009001541346806974
4.0,13.0,8.0,3.170963470225385e-05
4.0,13.0,9.0,0.00022416016205029088
4.0,13.0,10.0,-3.566169876778602e-05
4.0,13.0,11.0,0.0009054679177682989
4.0,13.0,12.0,0.0006538311013105647
4.0,13.0,13.0,-1.7659394511087925e-07
4.0,13.0,14.0,-6.338143217596263e-07
4.0,13.0,15.0,0.0010596442911332549
4.0,13.0,16.0,2.8503565038584533e-05
4.0,13.0,17.0,-7.696758807762549e-05
4.0,13.0,18.0,-0.0023002536937419098
4.0,13.0,19.0,0.0007552992490057475
4.0,13.0,20.0,-2.219981129438466e-10
4.0,14.0,0.0,-0.00040222580579143963
4.0,14.0,1.0,-0.0003920661124892644
4.0,14.0,2.0,0.0003574850500965565
4.0,14.0,3.0,0.0006009498343766406
4.0,14.0,4.0,0.00010277588244655966
4.0,14.0,5.0,-0.00018599088356462123
4.0,14.0,6.0,-0.00020410900540410865
4.0,14.0,7.0,0.0008989654206374986
4.0,14.0,8.0,3.126654249432925e-05
4.0,14.0,9.0,0.00022415428550706662
4.0,14.0,10.0,-3.549676019487524e-05
4.0,14.0,11.0,0.000905242533774886
4.0,14.0,12.0,0.0006559019206224814
4.0,14.0,13.0,-2.0338606356367944e-07
4.0,14.0,14.0,-6.337018943795768e-07
4.0,14.0,15.0,0.0010588052237429646
4.0,14.0,16.0,3.0650190482539585e-05
4.0,14.0,17.0,-7.725779257089505e-05
4.0,14.0,18.0,-0.0023002551127650588
4.0,14.0,19.0,0.0007552991518103847
4.0,14.0,20.0,-2.219981035838451e-10
4.0,15.0,0.0,0.04022632699475187
4.0,15.0,1.0,0.0022915200123938897
4.0,15.0,2.0,-0.06034953523632865
4.0,15.0,3.0,-0.10388493930140091
4.0,15.0,4.0,-0.04414833007997909
4.0,15.0,5.0,-0.041530231085994906
4.0,15.0,6.0,-0.03804634072119512
4.0,15.0,7.0,-0.10283061531788917
4.0,15.0,8.0,0.003557682964362957
4.0,15.0,9.0,-0.030905976792549444
4.0,15.0,10.0,-0.019179923576362
4.0,15.0,11.0,0.031093386025919156
4.0,15.0,12.0,-0.1223938237915197
4.0,15.0,13.0,-6.871854427637026e-07
4.0,15.0,14.0,-6.33809355434024e-07
4.0,15.0,15.0,-0.20236850968557768
4.0,15.0,16.0,0.03721786914491826
4.0,15.0,17.0,-0.007646914086634593
4.0,15.0,18.0,0.006168159834350335
4.0,15.0,19.0,-0.05490595280263699
4.0,15.0,20.0,-2.2199071322429162e-10
4.0,16.0,0.0,-0.002503906077486323
4.0,16.0,1.0,0.004423006754274372
4.0,16.0,2.0,-0.0200974778723009
4.0,16.0,3.0,0.010092227924872577
4.0,16.0,4.0,0.05593488580629469
4.0,16.0,5.0,-0.03160830460423458
4.0,16.0,6.0,-0.031089946981121677
4.0,16.0,7.0,0.013335915476871296
4.0,16.0,8.0,0.0328862740790046
4.0,16.0,9.0,-0.018020376840856223
4.0,16.0,10.0,-0.006057956499231687
4.0,16.0,11.0,0.08352352066731378
4.0,16.0,12.0,0.01207128623551268
4.0,16.0,13.0,-6.72476144272676e-07
4.0,16.0,14.0,-6.338074445058355e-07
4.0,16.0,15.0,0.004251320269581249
4.0,16.0,16.0,0.21790993017700883
4.0,16.0,17.0,0.058986254132237737
4.0,16.0,18.0,-0.00446044355404796
4.0,16.0,19.0,0.0007643813584912174
4.0,16.0,20.0,-2.219980721136038e-10
4.0,17.0,0.0,-0.000988689565749462
4.0,17.0,1.0,0.03068117847900012
4.0,17.0,2.0,0.007519213078950038
4.0,17.0,3.0,0.0011692963660957512
4.0,17.0,4.0,-0.0672859352178875
4.0,17.0,5.0,-0.03833094871041996
4.0,17.0,6.0,-0.0072039088769772774
4.0,17.0,7.0,0.0027015524692589055
4.0,17.0,8.0,0.008011073519797601
4.0,17.0,9.0,-0.002878809453289416
4.0,17.0,10.0,-0.0024257514898109456
4.0,17.0,11.0,0.0070407087911348865
4.0,17.0,12.0,-0.0031707023925450217
4.0,17.0,13.0,-6.885084618456946e-07
4.0,17.0,14.0,-6.338111976982216e-07
4.0,17.0,15.0,0.006810015805664704
4.0,17.0,16.0,-0.01783412994613326
4.0,17.0,17.0,0.16713755801031616
4.0,17.0,18.0,-0.015369512630870873
4.0,17.0,19.0,0.0007181377843383796
4.0,17.0,20.0,-2.2199810034780367e-10
4.0,18.0,0.0,0.022886991381318333
4.0,18.0,1.0,0.003328694797805773
4.0,18.0,2.0,-0.023339089719140893
4.0,18.0,3.0,-0.03418097631817624
4.0,18.0,4.0,0.017741771633760117
4.0,18.0,5.0,0.0037749570224729218
4.0,18.0,6.0,-0.0091207805734994
4.0,18.0,7.0,-0.04640587238695931
4.0,18.0,8.0,0.002482343775565915
4.0,18.0,9.0,-0.0030989776768242383
4.0,18.0,10.0,0.006185924529567122
4.0,18.0,11.0,-0.05462072191760864
4.0,18.0,12.0,-0.031679783666358596
4.0,18.0,13.0,3.404223260451988e-06
4.0,18.0,14.0,-6.337883881329308e-07
4.0,18.0,15.0,-0.0678951240074171
4.0,18.0,16.0,-0.007749471493008309
4.0,18.0,17.0,-0.004933528138471421
4.0,18.0,18.0,0.20074321554097926
4.0,18.0,19.0,-0.0294036109864233
4.0,18.0,20.0,-2.219981129273694e-10
4.0,19.0,0.0,0.008163208019812768
4.0,19.0,1.0,0.0032118779435266268
4.0,19.0,2.0,-0.00034472781301606026
4.0,19.0,3.0,-0.004403542393620896
4.0,19.0,4.0,-0.0745932337054056
4.0,19.0,5.0,0.029352772961752316
4.0,19.0,6.0,0.0523817966861682
4.0,19.0,7.0,-0.019769640623088502
4.0,19.0,8.0,0.0026464505052011533
4.0,19.0,9.0,-0.025250675873922185
4.0,19.0,10.0,-0.04334990444298514
4.0,19.0,11.0,-0.05538922457243067
4.0,19.0,12.0,-0.02836270830498422
4.0,19.0,13.0,-5.211652338154808e-07
4.0,19.0,14.0,-6.338114913514901e-07
4.0,19.0,15.0,-0.03074655046374586
4.0,19.0,16.0,-0.007594752833062324
4.0,19.0,17.0,0.03811766415301637
4.0,19.0,18.0,-0.008713293860969853
4.0,19.0,19.0,-0.22307783748564702
4.0,19.0,20.0,-2.219981110841247e-10
4.0,20.0,0.0,-0.00040205311040630853
4.0,20.0,1.0,-0.00039210344594235724
4.0,20.0,2.0,0.00035729939571835234
4.0,20.0,3.0,0.0005992191107431211
4.0,20.0,4.0,0.00010313198210976093
4.0,20.0,5.0,-0.0001860208942329189
4.0,20.0,6.0,-0.0002041186827494365
4.0,20.0,7.0,0.0008994454118157469
4.0,20.0,8.0,3.1931272822999235e-05
4.0,20.0,9.0,0.00022414390492322966
4.0,20.0,10.0,-3.562884483088169e-05
4.0,20.0,11.0,0.000905313111620315
4.0,20.0,12.0,0.000654197663606082
4.0,20.0,13.0,-6.901593674349932e-07
4.0,20.0,14.0,-6.338142910355041e-07
4.0,20.0,15.0,0.0010594571304031741
4.0,20.0,16.0,2.8736213173341518e-05
4.0,20.0,17.0,-7.71943616958426e-05
4.0,20.0,18.0,-0.0023002507553655134
4.0,20.0,19.0,0.0007552991602821635
4.0,20.0,20.0,2.9944387934402107e-06
5.0,1.0,0.0,0.03158056034818424
5.0,1.0,1.0,0.19279462172621784
5.0,1.0,2.0,-0.002120591581430603
5.0,1.0,3.0,0.01276623645500341
5.0,1.0,4.0,0.022094227448371195
5.0,1.0,5.0,0.02504467232788267
5.0,1.0,6.0,-9.120794914952886e-12
5.0,1.0,7.0,-0.05282709724955162
5.0,1.0,8.0,-0.029327408016040557
5.0,1.0,9.0,0.01350005110318686
5.0,1.0,10.0,0.005621827330899665
5.0,1.0,11.0,-0.023228730941086684
5.0,1.0,12.0,0.029771391362238664
5.0,1.0,13.0,-4.5822161513982483e-07
5.0,1.0,14.0,-0.006064236734934142
5.0,1.0,15.0,-0.002067834049616135
5.0,1.0,16.0,-0.0008103417665120682
5.0,1.0,17.0,0.002043115270583644
5.0,1.0,18.0,0.04231150093572017
5.0,1.0,19.0,-0.023010957150378375
5.0,1.0,20.0,-8.358978254854499e-09
5.0,2.0,0.0,0.01592844349117517
5.0,2.0,1.0,-0.005185389442590824
5.0,2.0,2.0,-0.1681687444591513
5.0,2.0,3.0,0.005362804511483937
5.0,2.0,4.0,-0.003597360571298891
5.0,2.0,5.0,-0.019534463318007393
5.0,2.0,6.0,-9.120795045436711e-12
5.0,2.0,7.0,0.00493196791416331
5.0,2.0,8.0,0.03377895428374586
5.0,2.0,9.0,-0.015398360386492782
5.0,2.0,10.0,0.00942885331648935
5.0,2.0,11.0,0.008028268240796554
5.0,2.0,12.0,-0.05924266730982486
5.0,2.0,13.0,-4.5822299869971857e-07
5.0,2.0,14.0,-0.006151963188838651
5.0,2.0,15.0,-0.014245957063261622
5.0,2.0,16.0,-0.0197107094412331
5.0,2.0,17.0,-0.004087856610418973
5.0,2.0,18.0,0.00793899894976327
5.0,2.0,19.0,0.03615368192285384
5.0,2.0,20.0,-8.35897150262051e-09
5.0,3.0,0.0,-0.009584762370640793
5.0,3.0,1.0,-0.014075023668823884
5.0,3.0,2.0,-0.010229932245151147
5.0,3.0,3.0,0.17693473480400046
5.0,3.0,4.0,0.07474501218594953
5.0,3.0,5.0,-0.00913395403824243
5.0,3.0,6.0,-9.120795123860888e-12
5.0,3.0,7.0,0.036046252953943175
5.0,3.0,8.0,0.02944891483861531
5.0,3.0,9.0,-0.002860841743994147
5.0,3.0,10.0,0.006840556237144413
5.0,3.0,11.0,0.014994156665955494
5.0,3.0,12.0,0.014412482809244398
5.0,3.0,13.0,-4.582228297613972e-07
5.0,3.0,14.0,0.0005974860872430734
5.0,3.0,15.0,-0.012365134840329181
5.0,3.0,16.0,0.013986757238086067
5.0,3.0,17.0,-0.05608210826896857
5.0,3.0,18.0,0.01891865830296549
5.0,3.0,19.0,0.06845695658235473
5.0,3.0,20.0,-8.358978281520175e-09
5.0,4.0,0.0,-0.014173823785711859
5.0,4.0,1.0,0.008556916828028158
5.0,4.0,2.0,-0.016798500303664754
5.0,4.0,3.0,-0.026383775508141458
5.0,4.0,4.0,0.180815558363152
5.0,4.0,5.0,-0.03711050675135671
5.0,4.0,6.0,-9.120795286100182e-12
5.0,4.0,7.0,-0.001646034173933053
5.0,4.0,8.0,0.011330684448314587
5.0,4.0,9.0,-0.01747246528674168
5.0,4.0,10.0,0.0046246566672263345
5.0,4.0,11.0,0.08667413079639541
5.0,4.0,12.0,0.0314958041118113
5.0,4.0,13.0,-4.5822306383545705e-07
5.0,4.0,14.0,-0.0029509123451497386
5.0,4.0,15.0,-0.018824606970178417
5.0,4.0,16.0,0.07754434695665247
5.0,4.0,17.0,0.034433712984473494
5.0,4.0,18.0,0.0072200132558152
5.0,4.0,19.0,0.06972680888084537
5.0,4.0,20.0,-8.358978444216981e-09
5.0,5.0,0.0,0.003002892067162505
5.0,5.0,1.0,-0.01140956024499798
5.0,5.0,2.0,0.0015503314526971457
5.0,5.0,3.0,-0.016852473293830217
5.0,5.0,4.0,0.07577364769000738
5.0,5.0,5.0,0.18566561338219875
5.0,5.0,6.0,-9.12079527228912e-12
5.0,5.0,7.0,-0.0296241921172945
5.0,5.0,8.0,-0.01593662479578732
5.0,5.0,9.0,0.02521843514235167
5.0,5.0,10.0,0.01137032733768506
5.0,5.0,11.0,-0.010411666571604361
5.0,5.0,12.0,0.03650076579509742
5.0,5.0,13.0,-4.5822218381673634e-07
5.0,5.0,14.0,-0.004430108604201519
5.0,5.0,15.0,-0.020497919890093808
5.0,5.0,16.0,0.027688255480258328
5.0,5.0,17.0,0.03829396837180314
5.0,5.0,18.0,-8.970859966278555e-05
5.0,5.0,19.0,0.04754595780716364
5.0,5.0,20.0,-8.358978465471377e-09
5.0,6.0,0.0,0.0020219270734686823
5.0,6.0,1.0,-0.0007412037099822355
5.0,6.0,2.0,-0.0006189980713606769
5.0,6.0,3.0,2.387282918181466e-06
5.0,6.0,4.0,0.0037754149075339694
5.0,6.0,5.0,0.006168138430365767
5.0,6.0,6.0,1.4171464069493763e-06
5.0,6.0,7.0,-0.001242202993629482
5.0,6.0,8.0,-0.00019838891628626287
5.0,6.0,9.0,0.0005860370084139199
5.0,6.0,10.0,0.0011468629633861749
5.0,6.0,11.0,-0.000960840890276482
5.0,6.0,12.0,0.0014845403694399018
5.0,6.0,13.0,-4.582208298403448e-07
5.0,6.0,14.0,-0.00435207878045147
5.0,6.0,15.0,-0.00333637874204859
5.0,6.0,16.0,-0.0003269224671552662
5.0,6.0,17.0,0.00022305530453089334
5.0,6.0,18.0,0.0015425227276779363
5.0,6.0,19.0,0.0017389425459619634
5.0,6.0,20.0,-8.358978101705355e-09
5.0,7.0,0.0,0.007003440171128916
5.0,7.0,1.0,0.01965443867505695
5.0,7.0,2.0,-0.024594401430185875
5.0,7.0,3.0,-0.0017014297318250216
5.0,7.0,4.0,0.012362559203165313
5.0,7.0,5.0,-0.011669930778741289
5.0,7.0,6.0,-9.120670921246846e-12
5.0,7.0,7.0,0.18921292730423467
5.0,7.0,8.0,0.05417465912394809
5.0,7.0,9.0,-0.01332295416928686
5.0,7.0,10.0,0.01142593038337314
5.0,7.0,11.0,0.005230392046157106
5.0,7.0,12.0,-0.00464267942776192
5.0,7.0,13.0,-4.582219091769533e-07
5.0,7.0,14.0,-0.005438976064739517
5.0,7.0,15.0,-0.05505902192518269
5.0,7.0,16.0,-0.02290604208608804
5.0,7.0,17.0,-0.05173446834455504
5.0,7.0,18.0,0.028674089418201626
5.0,7.0,19.0,0.07099365190535212
5.0,7.0,20.0,-8.358978263967292e-09
5.0,8.0,0.0,0.002157279604549228
5.0,8.0,1.0,-0.027750861007128216
5.0,8.0,2.0,-0.02629174856866326
5.0,8.0,3.0,-0.034329394425356055
5.0,8.0,4.0,-0.03974033953695333
5.0,8.0,5.0,-0.0012355992620880774
5.0,8.0,6.0,-9.120795457468134e-12
5.0,8.0,7.0,0.003613817953653925
5.0,8.0,8.0,0.19252540438836657
5.0,8.0,9.0,0.00045836079117728135
5.0,8.0,10.0,0.0006977766782066963
5.0,8.0,11.0,-0.008090619472885974
5.0,8.0,12.0,-0.03145817063972489
5.0,8.0,13.0,-4.582217341409241e-07
5.0,8.0,14.0,-0.005903500646327839
5.0,8.0,15.0,0.006750649784398086
5.0,8.0,16.0,-0.05275991664489499
5.0,8.0,17.0,0.05057981939961119
5.0,8.0,18.0,-0.01639824863008446
5.0,8.0,19.0,-0.00823922899557683
5.0,8.0,20.0,-8.35895768839603e-09
5.0,9.0,0.0,0.03120798731305932
5.0,9.0,1.0,-0.003995124042896009
5.0,9.0,2.0,-0.002045932235849285
5.0,9.0,3.0,0.016331042394140433
5.0,9.0,4.0,-0.07212892670499416
5.0,9.0,5.0,-0.0335125680915519
5.0,9.0,6.0,-9.120767324792973e-12
5.0,9.0,7.0,-0.012202541128795319
5.0,9.0,8.0,-0.0037226967856274773
5.0,9.0,9.0,-0.2205438201568431
5.0,9.0,10.0,-0.021674718686243377
5.0,9.0,11.0,-0.03403119146839806
5.0,9.0,12.0,-0.021067279378756965
5.0,9.0,13.0,-4.582229290315074e-07
5.0,9.0,14.0,-0.00174589754457918
5.0,9.0,15.0,-0.044110825925285604
5.0,9.0,16.0,-0.008457631022140588
5.0,9.0,17.0,-0.02109503391950928
5.0,9.0,18.0,0.013721311834847566
5.0,9.0,19.0,-0.049749040717048665
5.0,9.0,20.0,-8.358977893327869e-09
5.0,10.0,0.0,-0.014253058726579282
5.0,10.0,1.0,0.0009844465589598644
5.0,10.0,2.0,0.03695426352975395
5.0,10.0,3.0,-0.025509609662685395
5.0,10.0,4.0,0.03519002182861575
5.0,10.0,5.0,0.009908809944144163
5.0,10.0,6.0,-9.118619089610231e-12
5.0,10.0,7.0,0.05123755126984822
5.0,10.0,8.0,0.01364375784208205
5.0,10.0,9.0,0.06419616603170453
5.0,10.0,10.0,0.21387511915017188
5.0,10.0,11.0,0.017850415349430382
5.0,10.0,12.0,0.020149605503464785
5.0,10.0,13.0,-4.582115151216304e-07
5.0,10.0,14.0,-0.006191650236562168
5.0,10.0,15.0,-0.018259156613305585
5.0,10.0,16.0,-0.0037049279251076817
5.0,10.0,17.0,-0.02934138738463599
5.0,10.0,18.0,0.014776805071901683
5.0,10.0,19.0,0.07542541384582935
5.0,10.0,20.0,-8.358977272689143e-09
5.0,11.0,0.0,0.02328164704005528
5.0,11.0,1.0,-0.008817674947411286
5.0,11.0,2.0,0.005361488320129365
5.0,11.0,3.0,0.01364516922704219
5.0,11.0,4.0,0.022130815762986145
5.0,11.0,5.0,0.07079663600539185
5.0,11.0,6.0,-9.120754968765986e-12
5.0,11.0,7.0,-0.041300534109508735
5.0,11.0,8.0,-0.007925038314232108
5.0,11.0,9.0,0.0729481994168037
5.0,11.0,10.0,0.011785018756456878
5.0,11.0,11.0,-0.22625014505032007
5.0,11.0,12.0,0.06083072324027794
5.0,11.0,13.0,-4.582186338505656e-07
5.0,11.0,14.0,-0.005507645112116997
5.0,11.0,15.0,0.05024021182506358
5.0,11.0,16.0,-0.03381381927968541
5.0,11.0,17.0,0.016029933475548583
5.0,11.0,18.0,-0.011910844160255701
5.0,11.0,19.0,-0.02493528585506022
5.0,11.0,20.0,-8.358978130323657e-09
5.0,12.0,0.0,-0.0066360110214826185
5.0,12.0,1.0,-0.0064910737816912395
5.0,12.0,2.0,-0.008870568914675803
5.0,12.0,3.0,-0.0028496432130249577
5.0,12.0,4.0,-0.001494806768260526
5.0,12.0,5.0,-0.0016268316713085595
5.0,12.0,6.0,-9.120795475640039e-12
5.0,12.0,7.0,0.0022479722142239034
5.0,12.0,8.0,0.04306558488802015
5.0,12.0,9.0,0.06793625804857789
5.0,12.0,10.0,0.005575287165065057
5.0,12.0,11.0,-0.035501007147436925
5.0,12.0,12.0,0.20357477291473475
5.0,12.0,13.0,-4.58219636617425e-07
5.0,12.0,14.0,-0.00591330570479063
5.0,12.0,15.0,0.052311545556901096
5.0,12.0,16.0,-0.07671715135875024
5.0,12.0,17.0,0.006908213428201457
5.0,12.0,18.0,-0.006671326201133643
5.0,12.0,19.0,-0.00034049260826729544
5.0,12.0,20.0,-8.358978542404021e-09
5.0,13.0,0.0,0.0020280078960328296
5.0,13.0,1.0,-0.0007410129214351496
5.0,13.0,2.0,-0.0006276729923717916
5.0,13.0,3.0,9.223078701187104e-07
5.0,13.0,4.0,0.003759182478908163
5.0,13.0,5.0,0.006171378876815979
5.0,13.0,6.0,-9.120795454780343e-12
5.0,13.0,7.0,-0.0012490913759185263
5.0,13.0,8.0,-0.00021026000618404317
5.0,13.0,9.0,0.0005806203907728347
5.0,13.0,10.0,0.0011379260237074362
5.0,13.0,11.0,-0.0009132337348248254
5.0,13.0,12.0,0.0015546285163525186
5.0,13.0,13.0,3.156919368763444e-07
5.0,13.0,14.0,-0.004352137417452853
5.0,13.0,15.0,-0.003330371692478032
5.0,13.0,16.0,-0.0002579101763057201
5.0,13.0,17.0,0.0002220819823990708
5.0,13.0,18.0,0.001541876312053797
5.0,13.0,19.0,0.0017383639989895228
5.0,13.0,20.0,-8.358978114761915e-09
5.0,14.0,0.0,0.002912806749981789
5.0,14.0,1.0,-0.0007564678613793119
5.0,14.0,2.0,-0.0007571361143420829
5.0,14.0,3.0,0.0003635834179779446
5.0,14.0,4.0,0.004343305590342239
5.0,14.0,5.0,0.007298292195203823
5.0,14.0,6.0,-9.120787146245302e-12
5.0,14.0,7.0,-0.0013750619412804532
5.0,14.0,8.0,-0.00021676602482501028
5.0,14.0,9.0,0.0008693166314046041
5.0,14.0,10.0,0.0012036815131653
5.0,14.0,11.0,-0.001488986123443281
5.0,14.0,12.0,0.0016866119131481172
5.0,14.0,13.0,-4.5822013318233135e-07
5.0,14.0,14.0,-0.006192411814554628
5.0,14.0,15.0,-0.004355057394161477
5.0,14.0,16.0,-0.0008190677672864632
5.0,14.0,17.0,-8.818840423109597e-05
5.0,14.0,18.0,0.002178550963702286
5.0,14.0,19.0,0.0018163740930413619
5.0,14.0,20.0,-8.358973813628481e-09
5.0,15.0,0.0,0.02395761924754361
5.0,15.0,1.0,-0.004770392374136276
5.0,15.0,2.0,-0.005641139771752568
5.0,15.0,3.0,-0.002986904053917841
5.0,15.0,4.0,-0.00981629575911025
5.0,15.0,5.0,0.0011182284904718148
5.0,15.0,6.0,-9.120794917605967e-12
5.0,15.0,7.0,-0.02115009729073672
5.0,15.0,8.0,-0.0052331766612549735
5.0,15.0,9.0,-0.024777943595868795
5.0,15.0,10.0,0.0032679536551978305
5.0,15.0,11.0,-0.009738410022262334
5.0,15.0,12.0,-0.007445781901802229
5.0,15.0,13.0,-4.582081705169057e-07
5.0,15.0,14.0,-0.004534622802803514
5.0,15.0,15.0,-0.09745868746062643
5.0,15.0,16.0,-0.0010925531129648558
5.0,15.0,17.0,-0.005042952840648117
5.0,15.0,18.0,0.0014956160707713662
5.0,15.0,19.0,-0.01265051622021951
5.0,15.0,20.0,-8.358977771426235e-09
5.0,16.0,0.0,-0.007207311083177098
5.0,16.0,1.0,0.005296777028407473
5.0,16.0,2.0,0.022993401038423705
5.0,16.0,3.0,-0.013406165896459453
5.0,16.0,4.0,0.016977022898220784
5.0,16.0,5.0,-0.027574450194864597
5.0,16.0,6.0,-9.120795027524109e-12
5.0,16.0,7.0,-0.007108731893004483
5.0,16.0,8.0,-0.004487740234379978
5.0,16.0,9.0,-0.032784279102201386
5.0,16.0,10.0,-0.004304499831103592
5.0,16.0,11.0,0.037005538885062916
5.0,16.0,12.0,0.0021197357441911646
5.0,16.0,13.0,-4.582214920539974e-07
5.0,16.0,14.0,0.030944941435351925
5.0,16.0,15.0,-0.039043124106147915
5.0,16.0,16.0,0.2332332557931902
5.0,16.0,17.0,0.03134459667558655
5.0,16.0,18.0,-0.010634813026898338
5.0,16.0,19.0,0.003550365139757816
5.0,16.0,20.0,-8.358977645872576e-09
5.0,17.0,0.0,0.005182740297692917
5.0,17.0,1.0,0.057277433417318696
5.0,17.0,2.0,0.04618925990009601
5.0,17.0,3.0,0.011510082917502176
5.0,17.0,4.0,-0.029772159377545182
5.0,17.0,5.0,-0.03041168571642808
5.0,17.0,6.0,-9.120795435906222e-12
5.0,17.0,7.0,-0.005223307448045972
5.0,17.0,8.0,-0.04960121841301514
5.0,17.0,9.0,-0.00014656215146724438
5.0,17.0,10.0,0.0006216539602615923
5.0,17.0,11.0,-0.0004570621464463076
5.0,17.0,12.0,0.01077199081000213
5.0,17.0,13.0,-4.581993161189897e-07
5.0,17.0,14.0,-0.00539127525013924
5.0,17.0,15.0,-0.0007553404101875161
5.0,17.0,16.0,0.03955968321294301
5.0,17.0,17.0,0.1832300044223158
5.0,17.0,18.0,-0.026153488601775132
5.0,17.0,19.0,-0.01731284992390325
5.0,17.0,20.0,-8.358978356948873e-09
5.0,18.0,0.0,0.021291222655824532
5.0,18.0,1.0,-0.009951645206776091
5.0,18.0,2.0,-0.013165196333852186
5.0,18.0,3.0,0.01929421586186207
5.0,18.0,4.0,0.046374540896932714
5.0,18.0,5.0,0.03502868826875272
5.0,18.0,6.0,-9.120794137858258e-12
5.0,18.0,7.0,-0.024424052194719076
5.0,18.0,8.0,-0.0017278686002432098
5.0,18.0,9.0,0.008068039070581734
5.0,18.0,10.0,-0.013102736239432256
5.0,18.0,11.0,-0.05580850180781871
5.0,18.0,12.0,0.021592071126234014
5.0,18.0,13.0,-4.5822294789078954e-07
5.0,18.0,14.0,-0.0009212661306005447
5.0,18.0,15.0,-0.02152255112575585
5.0,18.0,16.0,-0.025445569102209187
5.0,18.0,17.0,-0.0050264756391679155
5.0,18.0,18.0,0.18965557937428662
5.0,18.0,19.0,-0.06321425352482846
5.0,18.0,20.0,-8.358973384776994e-09
5.0,19.0,0.0,0.033041746335050914
5.0,19.0,1.0,0.004495193321436483
5.0,19.0,2.0,0.01250454598107259
5.0,19.0,3.0,0.0637691058333286
5.0,19.0,4.0,-0.002735413298542877
5.0,19.0,5.0,0.06652461960494202
5.0,19.0,6.0,-9.120713419745892e-12
5.0,19.0,7.0,-0.014977510923022075
5.0,19.0,8.0,-0.024088411213486316
5.0,19.0,9.0,0.010503447834135038
5.0,19.0,10.0,-0.015931886131797413
5.0,19.0,11.0,-0.04269754945674942
5.0,19.0,12.0,0.01726504312930105
5.0,19.0,13.0,-4.5820768590216817e-07
5.0,19.0,14.0,-0.002465372551229909
5.0,19.0,15.0,-0.004601527701323729
5.0,19.0,16.0,0.012476578884600631
5.0,19.0,17.0,0.0404132117737063
5.0,19.0,18.0,-0.03427548188429186
5.0,19.0,19.0,-0.18531076027516125
5.0,19.0,20.0,-8.358977963521845e-09
5.0,20.0,0.0,0.00202099007129522
5.0,20.0,1.0,-0.0007408000536355819
5.0,20.0,2.0,-0.0006173728638391995
5.0,20.0,3.0,2.4857208230921746e-06
5.0,20.0,4.0,0.0037776159218267935
5.0,20.0,5.0,0.0061666607275101745
5.0,20.0,6.0,-9.120795467904677e-12
5.0,20.0,7.0,-0.0012416467077834004
5.0,20.0,8.0,-0.00019659588186149435
5.0,20.0,9.0,0.0005853778535879761
5.0,20.0,10.0,0.0011497346923107221
5.0,20.0,11.0,-0.0009687798453519858
5.0,20.0,12.0,0.0014726738532421235
5.0,20.0,13.0,-4.5822083976509125e-07
5.0,20.0,14.0,-0.004352000939808497
5.0,20.0,15.0,-0.0033381288939388493
5.0,20.0,16.0,-0.0003378899997280582
5.0,20.0,17.0,0.0002232791959774147
5.0,20.0,18.0,0.001542658911451139
5.0,20.0,19.0,0.0017383022926861225
5.0,20.0,20.0,4.347281938430187e-07
6.0,1.0,0.0,0.03332604079281701
6.0,1.0,1.0,0.18504403302712108
6.0,1.0,2.0,-0.0250754327696662
6.0,1.0,3.0,0.0018509418412357426
6.0,1.0,4.0,0.01049525673023366
6.0,1.0,5.0,-6.169837554922512e-05
6.0,1.0,6.0,5.845133094176248e-07
6.0,1.0,7.0,-0.057174453330611524
6.0,1.0,8.0,-7.295873941695269e-08
6.0,1.0,9.0,0.008620577226489887
6.0,1.0,10.0,0.0007977753461353432
6.0,1.0,11.0,-0.01739855069825974
6.0,1.0,12.0,0.02655800491264637
6.0,1.0,13.0,-2.3406721158240918e-08
6.0,1.0,14.0,-0.017220721211483617
6.0,1.0,15.0,-0.0027088941781238385
6.0,1.0,16.0,-0.008097702723521893
6.0,1.0,17.0,-0.015836713210010595
6.0,1.0,18.0,0.03990367500509026
6.0,1.0,19.0,-0.020172732648601976
6.0,1.0,20.0,-2.4297787076908162e-09
6.0,2.0,0.0,0.04782742706954457
6.0,2.0,1.0,-0.021984622718649163
6.0,2.0,2.0,-0.17016292593058469
6.0,2.0,3.0,0.038114005345976254
6.0,2.0,4.0,0.026728246784180287
6.0,2.0,5.0,-6.324165001368128e-05
6.0,2.0,6.0,4.0648536856256245e-07
6.0,2.0,7.0,-0.0003871612484886433
6.0,2.0,8.0,-3.500114842099966e-08
6.0,2.0,9.0,-0.0007008454821861299
6.0,2.0,10.0,0.01756164487042866
6.0,2.0,11.0,0.0035119462152581327
6.0,2.0,12.0,-0.028368512932018308
6.0,2.0,13.0,-2.340672185127082e-08
6.0,2.0,14.0,-0.03983749923946779
6.0,2.0,15.0,-0.016415535504218565
6.0,2.0,16.0,-0.013590545374652485
6.0,2.0,17.0,-0.02982414437804823
6.0,2.0,18.0,0.025437310688395248
6.0,2.0,19.0,0.06639286035348824
6.0,2.0,20.0,-2.4297787457942716e-09
6.0,3.0,0.0,-0.03135636772275238
6.0,3.0,1.0,-0.05427530087305637
6.0,3.0,2.0,-0.012831680286202019
6.0,3.0,3.0,0.18665657427861204
6.0,3.0,4.0,0.0701354232370549
6.0,3.0,5.0,-6.329360629596224e-05
6.0,3.0,6.0,9.133946704178e-08
6.0,3.0,7.0,0.08301894365984802
6.0,3.0,8.0,-7.29047531063299e-08
6.0,3.0,9.0,0.006007089511701466
6.0,3.0,10.0,0.028294723264578603
6.0,3.0,11.0,0.016631298962781427
6.0,3.0,12.0,0.002869122436194471
6.0,3.0,13.0,-2.3406722083994656e-08
6.0,3.0,14.0,0.043841185947454786
6.0,3.0,15.0,-0.008119689836045912
6.0,3.0,16.0,-0.006811624431884156
6.0,3.0,17.0,-0.08892120333501134
6.0,3.0,18.0,0.031826419977457304
6.0,3.0,19.0,0.13345690994748605
6.0,3.0,20.0,-2.429778801740903e-09
6.0,4.0,0.0,0.016567491551656544
6.0,4.0,1.0,0.011979738174558482
6.0,4.0,2.0,-0.030393602236630346
6.0,4.0,3.0,-0.00872116468402026
6.0,4.0,4.0,0.21183539904328574
6.0,4.0,5.0,-6.329129425764364e-05
6.0,4.0,6.0,1.2709204331628962e-06
6.0,4.0,7.0,-0.008496822508771762
6.0,4.0,8.0,-7.295096232412553e-08
6.0,4.0,9.0,-0.015043263962243272
6.0,4.0,10.0,0.008267197426666262
6.0,4.0,11.0,0.04624507027638414
6.0,4.0,12.0,-0.02146483548226613
6.0,4.0,13.0,-2.340672200891533e-08
6.0,4.0,14.0,-0.008454595790140698
6.0,4.0,15.0,-0.04300636854579257
6.0,4.0,16.0,0.02702151834064459
6.0,4.0,17.0,0.02226231948883102
6.0,4.0,18.0,0.013158418453599358
6.0,4.0,19.0,0.047176297471393513
6.0,4.0,20.0,-2.429778787213773e-09
6.0,5.0,0.0,1.735498488267262e-05
6.0,5.0,1.0,9.7682976432506e-06
6.0,5.0,2.0,-4.708677358494784e-06
6.0,5.0,3.0,-1.7471367763643997e-06
6.0,5.0,4.0,1.5011742729664768e-05
6.0,5.0,5.0,-6.329487135992758e-05
6.0,5.0,6.0,2.7824078432106605e-06
6.0,5.0,7.0,-1.162452725594898e-05
6.0,5.0,8.0,-7.295303370307561e-08
6.0,5.0,9.0,-8.613890343830977e-06
6.0,5.0,10.0,-1.0667965029353965e-05
6.0,5.0,11.0,1.1001635082108496e-05
6.0,5.0,12.0,-2.4200942539520653e-05
6.0,5.0,13.0,-2.3406721703928084e-08
6.0,5.0,14.0,7.901108574764892e-06
6.0,5.0,15.0,-2.487386961236293e-06
6.0,5.0,16.0,-4.5731793225645134e-06
6.0,5.0,17.0,-3.176400086105091e-05
6.0,5.0,18.0,4.3060366392011495e-06
6.0,5.0,19.0,-1.271210439723891e-05
6.0,5.0,20.0,-2.4297787775679238e-09
6.0,6.0,0.0,1.6948953371453968e-05
6.0,6.0,1.0,9.567466496496202e-06
6.0,6.0,2.0,-4.10670504516486e-06
6.0,6.0,3.0,-1.409088898507438e-06
6.0,6.0,4.0,1.4763175702037223e-05
6.0,6.0,5.0,-6.303005348229175e-05
6.0,6.0,6.0,9.240619542785154e-07
6.0,6.0,7.0,-1.1473046341692328e-05
6.0,6.0,8.0,-7.295306808563421e-08
6.0,6.0,9.0,-8.973269866971445e-06
6.0,6.0,10.0,-9.402085919374414e-06
6.0,6.0,11.0,1.097431323648923e-05
6.0,6.0,12.0,-2.4530445600634554e-05
6.0,6.0,13.0,-2.3406721992595615e-08
6.0,6.0,14.0,7.896568419235583e-06
6.0,6.0,15.0,-3.1810743559568255e-06
6.0,6.0,16.0,-4.751103096056752e-06
6.0,6.0,17.0,-3.1639146044176725e-05
6.0,6.0,18.0,4.136612871685763e-06
6.0,6.0,19.0,-1.250007934050501e-05
6.0,6.0,20.0,-2.4297787991385827e-09
6.0,7.0,0.0,-0.004118119866054926
6.0,7.0,1.0,-0.008105767815746207
6.0,7.0,2.0,-0.011605938575411395
6.0,7.0,3.0,0.045310913769830485
6.0,7.0,4.0,0.04593023639387084
6.0,7.0,5.0,-6.328799304468227e-05
6.0,7.0,6.0,7.381037245061107e-07
6.0,7.0,7.0,0.22199501221964152
6.0,7.0,8.0,-7.295675515288955e-08
6.0,7.0,9.0,0.012146587969493236
6.0,7.0,10.0,0.03667848865664258
6.0,7.0,11.0,0.012314311013943313
6.0,7.0,12.0,0.03127309063874484
6.0,7.0,13.0,-2.3406722060111592e-08
6.0,7.0,14.0,0.0071348330429139295
6.0,7.0,15.0,-0.035947200230426635
6.0,7.0,16.0,-0.006117220978753279
6.0,7.0,17.0,-0.06262470162929346
6.0,7.0,18.0,0.031056176722309425
6.0,7.0,19.0,0.08978558622173649
6.0,7.0,20.0,-2.429778804986905e-09
6.0,8.0,0.0,0.002758492691379677
6.0,8.0,1.0,-0.0058182318738913
6.0,8.0,2.0,-0.012190631785833905
6.0,8.0,3.0,-0.005115989987498126
6.0,8.0,4.0,-0.03190496347900729
6.0,8.0,5.0,-6.302520377509333e-05
6.0,8.0,6.0,2.1498312004348572e-06
6.0,8.0,7.0,-0.001499417051279428
6.0,8.0,8.0,0.09350293988354251
6.0,8.0,9.0,0.0012220488294696213
6.0,8.0,10.0,-0.0013196380712103828
6.0,8.0,11.0,-0.0052560485719971295
6.0,8.0,12.0,-0.003612865011831723
6.0,8.0,13.0,-2.3406721749131403e-08
6.0,8.0,14.0,-0.005358392236932352
6.0,8.0,15.0,0.004348212751271674
6.0,8.0,16.0,-0.008396136245477692
6.0,8.0,17.0,0.024551856933923047
6.0,8.0,18.0,-0.005562482546248582
6.0,8.0,19.0,-0.008029161506225568
6.0,8.0,20.0,-2.4297787623431894e-09
6.0,9.0,0.0,0.020779215475074164
6.0,9.0,1.0,-0.0042002699768975554
6.0,9.0,2.0,-0.004394504733307991
6.0,9.0,3.0,0.0003788160272216179
6.0,9.0,4.0,-0.015228689258656614
6.0,9.0,5.0,-6.322516045918873e-05
6.0,9.0,6.0,2.4525001371112497e-07
6.0,9.0,7.0,-0.013413359101612676
6.0,9.0,8.0,-7.29467304126345e-08
6.0,9.0,9.0,-0.1165523031288292
6.0,9.0,10.0,-0.01000827198654819
6.0,9.0,11.0,-0.008593013476606737
6.0,9.0,12.0,-0.013298651735039635
6.0,9.0,13.0,-2.3406720602983756e-08
6.0,9.0,14.0,0.00265923577501348
6.0,9.0,15.0,-0.02208167064878569
6.0,9.0,16.0,0.0027398730416974826
6.0,9.0,17.0,-0.0066942826789302134
6.0,9.0,18.0,0.0111193307648908
6.0,9.0,19.0,-0.017233777172864895
6.0,9.0,20.0,-2.4297786774877517e-09
6.0,10.0,0.0,-0.011251334018044845
6.0,10.0,1.0,0.01087611092672007
6.0,10.0,2.0,0.03384084668659354
6.0,10.0,3.0,0.01177400647881699
6.0,10.0,4.0,0.010880202472563938
6.0,10.0,5.0,-6.315746230839387e-05
6.0,10.0,6.0,5.39824878378229e-07
6.0,10.0,7.0,0.0702930079527766
6.0,10.0,8.0,-7.295861198516596e-08
6.0,10.0,9.0,0.046699772173734236
6.0,10.0,10.0,0.21609228940951408
6.0,10.0,11.0,0.006349605563880811
6.0,10.0,12.0,0.0290707289959638
6.0,10.0,13.0,-2.340672149465492e-08
6.0,10.0,14.0,-0.028138498125760233
6.0,10.0,15.0,0.01771441070780569
6.0,10.0,16.0,-0.0030862375226425875
6.0,10.0,17.0,0.02393477534507822
6.0,10.0,18.0,0.006964798742038675
6.0,10.0,19.0,0.043228010717350274
6.0,10.0,20.0,-2.4297788032147455e-09
6.0,11.0,0.0,-0.003499339785470512
6.0,11.0,1.0,-0.015521849993902118
6.0,11.0,2.0,0.009355073491026988
6.0,11.0,3.0,0.013146964399358751
6.0,11.0,4.0,-0.025959476878912313
6.0,11.0,5.0,-4.1355869468444934e-05
6.0,11.0,6.0,2.668028760826247e-07
6.0,11.0,7.0,0.02083531864966759
6.0,11.0,8.0,-7.294810773400788e-08
6.0,11.0,9.0,0.017098812789313786
6.0,11.0,10.0,-0.004780780023432518
6.0,11.0,11.0,-0.21419955968235724
6.0,11.0,12.0,0.06437090285503211
6.0,11.0,13.0,-2.3406721079031376e-08
6.0,11.0,14.0,0.007630592273521919
6.0,11.0,15.0,0.013765398899013126
6.0,11.0,16.0,0.008970991158366748
6.0,11.0,17.0,0.00576074930351142
6.0,11.0,18.0,-0.017954242385307462
6.0,11.0,19.0,-0.03924179218119661
6.0,11.0,20.0,-2.42977877419746e-09
6.0,12.0,0.0,-0.007202207854457993
6.0,12.0,1.0,-0.0025092231986726526
6.0,12.0,2.0,-0.0013995110476423267
6.0,12.0,3.0,0.002757311768251891
6.0,12.0,4.0,0.0019440246980613196
6.0,12.0,5.0,-6.326674426657864e-05
6.0,12.0,6.0,6.086165547740348e-07
6.0,12.0,7.0,0.0089121233781278
6.0,12.0,8.0,-7.289046112187729e-08
6.0,12.0,9.0,0.05484113771830258
6.0,12.0,10.0,0.00476620412929063
6.0,12.0,11.0,-0.020513366052635318
6.0,12.0,12.0,0.21099415323582582
6.0,12.0,13.0,-2.3406721387409838e-08
6.0,12.0,14.0,-0.00442362974593262
6.0,12.0,15.0,0.008714733962228355
6.0,12.0,16.0,-0.018684397692075083
6.0,12.0,17.0,-0.0018775300032389114
6.0,12.0,18.0,-0.005311717724994114
6.0,12.0,19.0,0.005129034361321394
6.0,12.0,20.0,-2.429778783421645e-09
6.0,13.0,0.0,1.705201387106059e-05
6.0,13.0,1.0,9.653722780389451e-06
6.0,13.0,2.0,-4.246503170796112e-06
6.0,13.0,3.0,-1.3153513596098065e-06
6.0,13.0,4.0,1.456428787227626e-05
6.0,13.0,5.0,-6.303001895989255e-05
6.0,13.0,6.0,8.035570056968848e-07
6.0,13.0,7.0,-1.2071044898920302e-05
6.0,13.0,8.0,-7.295303136994808e-08
6.0,13.0,9.0,-8.91279217078711e-06
6.0,13.0,10.0,-9.661513923786558e-06
6.0,13.0,11.0,1.1005879912540095e-05
6.0,13.0,12.0,-2.4264476334190377e-05
6.0,13.0,13.0,1.4047446875530808e-06
6.0,13.0,14.0,7.673266249536015e-06
6.0,13.0,15.0,-3.053769670052775e-06
6.0,13.0,16.0,-4.521958306580309e-06
6.0,13.0,17.0,-3.160419084277666e-05
6.0,13.0,18.0,4.223637551925563e-06
6.0,13.0,19.0,-1.2370726814148192e-05
6.0,13.0,20.0,-2.4297787771579776e-09
6.0,14.0,0.0,0.05085676016829671
6.0,14.0,1.0,-0.028270719964600108
6.0,14.0,2.0,-0.005952067152086182
6.0,14.0,3.0,0.019580254554837695
6.0,14.0,4.0,0.015081547669334228
6.0,14.0,5.0,-5.1090861196459496e-05
6.0,14.0,6.0,2.4536376529040955e-07
6.0,14.0,7.0,-0.012916025091731481
6.0,14.0,8.0,-7.29160963400948e-08
6.0,14.0,9.0,-0.006024848195851501
6.0,14.0,10.0,0.008599131763188161
6.0,14.0,11.0,-0.0060124858709116324
6.0,14.0,12.0,-0.02488819471371423
6.0,14.0,13.0,-2.340672156864988e-08
6.0,14.0,14.0,-0.12826361242517
6.0,14.0,15.0,-0.038776943179485074
6.0,14.0,16.0,-0.0021331979098512255
6.0,14.0,17.0,-0.02636747185541828
6.0,14.0,18.0,0.026585094293847478
6.0,14.0,19.0,0.012731476503745842
6.0,14.0,20.0,-2.429778760035759e-09
6.0,15.0,0.0,0.05916035485302501
6.0,15.0,1.0,4.340034923012992e-05
6.0,15.0,2.0,-0.01909086994041484
6.0,15.0,3.0,-0.024567865170883524
6.0,15.0,4.0,-0.03289257940390666
6.0,15.0,5.0,-6.255517280064852e-05
6.0,15.0,6.0,1.346527675658252e-06
6.0,15.0,7.0,-0.06304635112865292
6.0,15.0,8.0,-7.29409057385312e-08
6.0,15.0,9.0,-0.04008190417058577
6.0,15.0,10.0,-0.01487060420527564
6.0,15.0,11.0,-0.01091460446651904
6.0,15.0,12.0,-0.10145012606253823
6.0,15.0,13.0,-2.3406710424981863e-08
6.0,15.0,14.0,-0.007315325526440847
6.0,15.0,15.0,-0.1845991601107544
6.0,15.0,16.0,0.010837285906442617
6.0,15.0,17.0,0.008370175247294387
6.0,15.0,18.0,-0.012531524029065683
6.0,15.0,19.0,-0.06964983749298026
6.0,15.0,20.0,-2.4297787711750204e-09
6.0,16.0,0.0,0.0010644284723792252
6.0,16.0,1.0,0.031333265392955736
6.0,16.0,2.0,0.038932033185711507
6.0,16.0,3.0,-0.025225042298310824
6.0,16.0,4.0,0.012055439804178003
6.0,16.0,5.0,-6.328346043535008e-05
6.0,16.0,6.0,6.989399893651057e-07
6.0,16.0,7.0,-0.027233671608552945
6.0,16.0,8.0,-7.2958710831768e-08
6.0,16.0,9.0,-0.0741872623872324
6.0,16.0,10.0,-0.015828295736525888
6.0,16.0,11.0,0.04243025103802289
6.0,16.0,12.0,-0.027323711556776153
6.0,16.0,13.0,-2.3406721961806484e-08
6.0,16.0,14.0,0.04383232668727921
6.0,16.0,15.0,-0.04486072581853631
6.0,16.0,16.0,0.21252854175631541
6.0,16.0,17.0,0.0578105638615863
6.0,16.0,18.0,-0.013276161553413102
6.0,16.0,19.0,-0.03866564601953615
6.0,16.0,20.0,-2.429778791706369e-09
6.0,17.0,0.0,0.010564621521077622
6.0,17.0,1.0,0.0644515254423632
6.0,17.0,2.0,0.016953124473736703
6.0,17.0,3.0,0.007596038907144442
6.0,17.0,4.0,-0.07922992550869923
6.0,17.0,5.0,-6.319756610900654e-05
6.0,17.0,6.0,-1.3570092105113573e-07
6.0,17.0,7.0,-0.022324073885261836
6.0,17.0,8.0,-7.295883388092328e-08
6.0,17.0,9.0,0.005516508197124306
6.0,17.0,10.0,-0.013095923087001249
6.0,17.0,11.0,-0.020961969861685192
6.0,17.0,12.0,0.017522082145189466
6.0,17.0,13.0,-2.3406716168946132e-08
6.0,17.0,14.0,-0.01723080243167828
6.0,17.0,15.0,0.015169588817422142
6.0,17.0,16.0,-0.0013323926726137025
6.0,17.0,17.0,0.1979144457092395
6.0,17.0,18.0,-0.03852162562921255
6.0,17.0,19.0,-0.05057537153911995
6.0,17.0,20.0,-2.429778767667392e-09
6.0,18.0,0.0,0.011284279786786061
6.0,18.0,1.0,-0.01173767372847788
6.0,18.0,2.0,-0.012419252110254464
6.0,18.0,3.0,0.014854991799254091
6.0,18.0,4.0,0.038745643786051054
6.0,18.0,5.0,-5.7346639668606e-05
6.0,18.0,6.0,1.576832698082203e-06
6.0,18.0,7.0,0.0078054324564326705
6.0,18.0,8.0,-7.293164424206218e-08
6.0,18.0,9.0,0.009643323382151112
6.0,18.0,10.0,0.015726479555294604
6.0,18.0,11.0,-0.04366495361125261
6.0,18.0,12.0,0.001653139856993724
6.0,18.0,13.0,-2.340672000880969e-08
6.0,18.0,14.0,0.004710891909852466
6.0,18.0,15.0,-0.022916796818235496
6.0,18.0,16.0,-0.024173972881396555
6.0,18.0,17.0,-0.017976408922716278
6.0,18.0,18.0,0.18319977898203882
6.0,18.0,19.0,-0.06386385172827214
6.0,18.0,20.0,-2.429777866091343e-09
6.0,19.0,0.0,0.012725739239223127
6.0,19.0,1.0,0.0010210558695277067
6.0,19.0,2.0,0.008324373072267993
6.0,19.0,3.0,0.03975437522598263
6.0,19.0,4.0,-0.06347305771360978
6.0,19.0,5.0,0.0007948582655892694
6.0,19.0,6.0,-1.5066311993187183e-07
6.0,19.0,7.0,-0.0029783060351057378
6.0,19.0,8.0,-7.295275614749225e-08
6.0,19.0,9.0,-0.0011454174875845102
6.0,19.0,10.0,-0.0352905439294271
6.0,19.0,11.0,-0.04723284443742681
6.0,19.0,12.0,0.0161635510563391
6.0,19.0,13.0,-2.3406719067725428e-08
6.0,19.0,14.0,0.010987949881319597
6.0,19.0,15.0,0.015422300932071753
6.0,19.0,16.0,0.0028824873692546715
6.0,19.0,17.0,0.03342985649521156
6.0,19.0,18.0,-0.05762163360475772
6.0,19.0,19.0,-0.19604102915605387
6.0,19.0,20.0,-2.4297787095622735e-09
6.0,20.0,0.0,1.7165529869883622e-05
6.0,20.0,1.0,9.689976942894862e-06
6.0,20.0,2.0,-4.588125619098271e-06
6.0,20.0,3.0,-1.4723308717212724e-06
6.0,20.0,4.0,1.4935711312724642e-05
6.0,20.0,5.0,-6.303001877323181e-05
6.0,20.0,6.0,1.7344037788959752e-06
6.0,20.0,7.0,-1.1946700477494243e-05
6.0,20.0,8.0,-7.295303104977606e-08
6.0,20.0,9.0,-8.802022996620695e-06
6.0,20.0,10.0,-1.0115245154707075e-05
6.0,20.0,11.0,1.03212421854737e-05
6.0,20.0,12.0,-2.4356423814542172e-05
6.0,20.0,13.0,-2.3406721686046652e-08
6.0,20.0,14.0,7.913569494838457e-06
6.0,20.0,15.0,-2.8601183493515148e-06
6.0,20.0,16.0,-4.74001396588708e-06
6.0,20.0,17.0,-3.161063979266465e-05
6.0,20.0,18.0,4.197076519912857e-06
6.0,20.0,19.0,-1.246885704098144e-05
6.0,20.0,20.0,1.1703870055957312e-06
7.0,1.0,0.0,0.027973788096982588
7.0,1.0,1.0,0.19106046040524777
7.0,1.0,2.0,0.004534977103023363
7.0,1.0,3.0,-0.004563315609092344
7.0,1.0,4.0,0.02064572010575494
7.0,1.0,5.0,0.0127518541104093
7.0,1.0,6.0,-4.010702716734796e-11
7.0,1.0,7.0,-0.053572286477313324
7.0,1.0,8.0,-0.01647950191648414
7.0,1.0,9.0,0.009498134628460969
7.0,1.0,10.0,0.015955095130063435
7.0,1.0,11.0,-0.01496065330071334
7.0,1.0,12.0,0.03732725788449576
7.0,1.0,13.0,-0.012654736875048103
7.0,1.0,14.0,0.019327036889877885
7.0,1.0,15.0,0.000998053323384096
7.0,1.0,16.0,0.007452909672850061
7.0,1.0,17.0,-0.003833346403731286
7.0,1.0,18.0,0.04516699514937411
7.0,1.0,19.0,-0.01968007102238012
7.0,1.0,20.0,-7.200289733273742e-07
7.0,2.0,0.0,0.08715844502983261
7.0,2.0,1.0,-0.051226436225772325
7.0,2.0,2.0,-0.16507378955605473
7.0,2.0,3.0,0.07315607617185654
7.0,2.0,4.0,0.003904930503908055
7.0,2.0,5.0,0.02932325472277658
7.0,2.0,6.0,-4.010702199324491e-11
7.0,2.0,7.0,-0.008058981065402537
7.0,2.0,8.0,0.04799723997086453
7.0,2.0,9.0,0.039803067521255106
7.0,2.0,10.0,0.03967472074192313
7.0,2.0,11.0,-0.03765163360224227
7.0,2.0,12.0,-0.018663557064876102
7.0,2.0,13.0,-0.03570999778011995
7.0,2.0,14.0,-0.09738884106867389
7.0,2.0,15.0,-0.040242666540141706
7.0,2.0,16.0,-0.09475158782778192
7.0,2.0,17.0,-0.042587777867942045
7.0,2.0,18.0,0.02811979836621381
7.0,2.0,19.0,0.03581153696484518
7.0,2.0,20.0,-7.200311902404811e-07
7.0,3.0,0.0,0.007467138208525015
7.0,3.0,1.0,-0.07485967037087773
7.0,3.0,2.0,-0.020413126016192246
7.0,3.0,3.0,0.20788782415170237
7.0,3.0,4.0,0.03291212359798168
7.0,3.0,5.0,-0.00412762537888442
7.0,3.0,6.0,-4.010702327723661e-11
7.0,3.0,7.0,0.06037101012049406
7.0,3.0,8.0,0.019225662480588816
7.0,3.0,9.0,0.029881442555761098
7.0,3.0,10.0,0.008446208353647733
7.0,3.0,11.0,-0.043768226957837685
7.0,3.0,12.0,0.01221281145011427
7.0,3.0,13.0,-0.0003202641681526036
7.0,3.0,14.0,-0.008731083309611087
7.0,3.0,15.0,0.000508853997001818
7.0,3.0,16.0,-0.05964421486588911
7.0,3.0,17.0,-0.03556320044879635
7.0,3.0,18.0,0.012191188763922167
7.0,3.0,19.0,0.07268236337120026
7.0,3.0,20.0,-7.200304925757234e-07
7.0,4.0,0.0,0.023328283635009495
7.0,4.0,1.0,0.0009913169336236288
7.0,4.0,2.0,-0.04488825943363407
7.0,4.0,3.0,0.012968970986501793
7.0,4.0,4.0,0.19645284703849086
7.0,4.0,5.0,0.02673290886142632
7.0,4.0,6.0,-4.0107026675420125e-11
7.0,4.0,7.0,0.00502927850403323
7.0,4.0,8.0,0.02164342627814874
7.0,4.0,9.0,-0.0029428700916618172
7.0,4.0,10.0,0.01383813714456994
7.0,4.0,11.0,0.006133934722857809
7.0,4.0,12.0,0.059295546345657035
7.0,4.0,13.0,-0.02820331267886755
7.0,4.0,14.0,-0.021227531019249513
7.0,4.0,15.0,-0.029155979198736026
7.0,4.0,16.0,0.017782447018988456
7.0,4.0,17.0,0.03685412607920846
7.0,4.0,18.0,0.01870608819759484
7.0,4.0,19.0,0.036859635399626
7.0,4.0,20.0,-7.200315184442655e-07
7.0,5.0,0.0,0.06734754910976731
7.0,5.0,1.0,-0.038800358870772295
7.0,5.0,2.0,-0.019727879933407688
7.0,5.0,3.0,0.01875801023515089
7.0,5.0,4.0,0.03205817321190152
7.0,5.0,5.0,0.194949301451245
7.0,5.0,6.0,-4.010698785849756e-11
7.0,5.0,7.0,-0.009902478234218248
7.0,5.0,8.0,0.02244419609471953
7.0,5.0,9.0,0.02246461886201387
7.0,5.0,10.0,0.02835308352763055
7.0,5.0,11.0,-0.044120988518990316
7.0,5.0,12.0,-0.010445429747125645
7.0,5.0,13.0,-0.0025179910791742893
7.0,5.0,14.0,-0.018080381993781425
7.0,5.0,15.0,-0.07555573076687097
7.0,5.0,16.0,-0.009261935041963376
7.0,5.0,17.0,0.008920879485962485
7.0,5.0,18.0,0.02127268238032587
7.0,5.0,19.0,0.01326945246421729
7.0,5.0,20.0,-7.200301369565936e-07
7.0,6.0,0.0,0.00042501236916253626
7.0,6.0,1.0,-0.0009317020901079553
7.0,6.0,2.0,0.00036005648827544534
7.0,6.0,3.0,-0.00046065097774944386
7.0,6.0,4.0,-0.0005573324778280764
7.0,6.0,5.0,0.0002235862176673542
7.0,6.0,6.0,1.307913394217901e-06
7.0,6.0,7.0,0.0011403661340819715
7.0,6.0,8.0,0.0016569660303572126
7.0,6.0,9.0,0.0024594434780650376
7.0,6.0,10.0,0.0003002550450261765
7.0,6.0,11.0,-0.0024100282376646118
7.0,6.0,12.0,0.0008709901849349722
7.0,6.0,13.0,0.002406518694308031
7.0,6.0,14.0,0.0004179005319612794
7.0,6.0,15.0,0.0015067921017651587
7.0,6.0,16.0,-0.00030019259488500705
7.0,6.0,17.0,0.0002665176484537013
7.0,6.0,18.0,-0.000994904226685217
7.0,6.0,19.0,0.00029797121575103613
7.0,6.0,20.0,-7.200287518528869e-07
7.0,7.0,0.0,0.029575354050561997
7.0,7.0,1.0,-0.006817325011923919
7.0,7.0,2.0,-0.02358499798117497
7.0,7.0,3.0,0.04315663392494612
7.0,7.0,4.0,0.008810514871096298
7.0,7.0,5.0,0.00437666777003673
7.0,7.0,6.0,-4.010702762061542e-11
7.0,7.0,7.0,0.18545288253302217
7.0,7.0,8.0,0.030290557934629044
7.0,7.0,9.0,0.011047537824772732
7.0,7.0,10.0,-0.004589515428031765
7.0,7.0,11.0,-0.028633040486561952
7.0,7.0,12.0,0.0342833142005427
7.0,7.0,13.0,-0.007124941600180457
7.0,7.0,14.0,-0.014339128897240289
7.0,7.0,15.0,-0.0406063662088984
7.0,7.0,16.0,-0.045727310150195155
7.0,7.0,17.0,-0.04459553960942364
7.0,7.0,18.0,0.02127548190396608
7.0,7.0,19.0,0.029770268664950583
7.0,7.0,20.0,-7.200282889837432e-07
7.0,8.0,0.0,-0.007734937978252476
7.0,8.0,1.0,-0.013448451060833672
7.0,8.0,2.0,0.011708488502680997
7.0,8.0,3.0,-0.05652781524359754
7.0,8.0,4.0,-0.11003313775819945
7.0,8.0,5.0,-0.013995895310927403
7.0,8.0,6.0,-4.010702716635021e-11
7.0,8.0,7.0,-0.011754315596164688
7.0,8.0,8.0,0.18660547019935078
7.0,8.0,9.0,0.011709951085253897
7.0,8.0,10.0,-0.0075540341016699375
7.0,8.0,11.0,8.218411025587291e-05
7.0,8.0,12.0,-0.018309656638034855
7.0,8.0,13.0,0.020897117661753235
7.0,8.0,14.0,-0.004359341237239495
7.0,8.0,15.0,0.023290300714190332
7.0,8.0,16.0,-0.027807291885011853
7.0,8.0,17.0,0.042183488330382934
7.0,8.0,18.0,-0.03049345501616821
7.0,8.0,19.0,-0.033766945966936246
7.0,8.0,20.0,-7.185436362404793e-07
7.0,9.0,0.0,0.007010938675115819
7.0,9.0,1.0,-0.006212148897936601
7.0,9.0,2.0,-0.007657232780366535
7.0,9.0,3.0,0.004310619862468168
7.0,9.0,4.0,-0.026045622519291767
7.0,9.0,5.0,-0.018779940569960157
7.0,9.0,6.0,-4.0107018290008846e-11
7.0,9.0,7.0,-0.012515885130829185
7.0,9.0,8.0,0.008753307761522541
7.0,9.0,9.0,-0.08527527870503053
7.0,9.0,10.0,-0.002354264895113145
7.0,9.0,11.0,-0.0003924432368582684
7.0,9.0,12.0,-0.015945276449497336
7.0,9.0,13.0,-0.02320725259508616
7.0,9.0,14.0,-0.011503871476259447
7.0,9.0,15.0,-0.018062855725358373
7.0,9.0,16.0,-0.00699249859031148
7.0,9.0,17.0,-0.010553827779248237
7.0,9.0,18.0,0.008475713523752454
7.0,9.0,19.0,-0.013940263741972103
7.0,9.0,20.0,-7.200246424133281e-07
7.0,10.0,0.0,0.04638938803165904
7.0,10.0,1.0,-0.0253831106653081
7.0,10.0,2.0,0.0054481087506703385
7.0,10.0,3.0,0.043664293944724764
7.0,10.0,4.0,0.039909508102435765
7.0,10.0,5.0,0.02912161215216294
7.0,10.0,6.0,-4.010702464123489e-11
7.0,10.0,7.0,0.05462767622068876
7.0,10.0,8.0,0.009146361636672228
7.0,10.0,9.0,0.07181930023826184
7.0,10.0,10.0,0.21929965169062138
7.0,10.0,11.0,-0.028591615195528268
7.0,10.0,12.0,0.013493176282351527
7.0,10.0,13.0,0.02599388757482169
7.0,10.0,14.0,-0.06473824855892049
7.0,10.0,15.0,-0.044546767543443305
7.0,10.0,16.0,-0.0551380691145581
7.0,10.0,17.0,-0.0451718236378455
7.0,10.0,18.0,0.019828178476099106
7.0,10.0,19.0,0.03259790597982093
7.0,10.0,20.0,-7.200317488818559e-07
7.0,11.0,0.0,0.010578784374264183
7.0,11.0,1.0,-0.0041100767022654305
7.0,11.0,2.0,0.004299398546581706
7.0,11.0,3.0,0.0025950972364481018
7.0,11.0,4.0,-0.001366824938265343
7.0,11.0,5.0,-0.0012862625732783517
7.0,11.0,6.0,-4.0107017664533014e-11
7.0,11.0,7.0,0.003192957239345706
7.0,11.0,8.0,0.0019670328660120473
7.0,11.0,9.0,0.014850821118284993
7.0,11.0,10.0,0.0032186283335819965
7.0,11.0,11.0,-0.045028517817676535
7.0,11.0,12.0,0.006505985198539288
7.0,11.0,13.0,0.007697896108560719
7.0,11.0,14.0,0.0011406386365674648
7.0,11.0,15.0,0.013701907114643641
7.0,11.0,16.0,-0.005739760784076897
7.0,11.0,17.0,-0.0007994120586541364
7.0,11.0,18.0,-0.004806114896512198
7.0,11.0,19.0,-0.0014067963026448416
7.0,11.0,20.0,-7.20028921593362e-07
7.0,12.0,0.0,0.0071442169774731945
7.0,12.0,1.0,-0.007190436605403722
7.0,12.0,2.0,0.008652808886157631
7.0,12.0,3.0,-0.00938819052367243
7.0,12.0,4.0,-0.0042298311332360505
7.0,12.0,5.0,0.029301757661344158
7.0,12.0,6.0,-4.010702496217928e-11
7.0,12.0,7.0,-0.02378035303536863
7.0,12.0,8.0,0.024424232512346385
7.0,12.0,9.0,0.04810926316190882
7.0,12.0,10.0,0.007494815485580397
7.0,12.0,11.0,-0.04415853265324413
7.0,12.0,12.0,0.20787196788587015
7.0,12.0,13.0,0.018631273454586712
7.0,12.0,14.0,-0.0037493297711955476
7.0,12.0,15.0,0.0427124365753353
7.0,12.0,16.0,-0.033229763388624045
7.0,12.0,17.0,0.020784692748411326
7.0,12.0,18.0,-0.008090705574612361
7.0,12.0,19.0,0.0036719965137055333
7.0,12.0,20.0,-7.200316129658285e-07
7.0,13.0,0.0,-0.005356665811939859
7.0,13.0,1.0,0.004642593079813781
7.0,13.0,2.0,-0.010605399830764556
7.0,13.0,3.0,-0.011289332978020428
7.0,13.0,4.0,0.0702053542043578
7.0,13.0,5.0,0.0024911063617185647
7.0,13.0,6.0,-4.01070274156384e-11
7.0,13.0,7.0,0.06133238729635221
7.0,13.0,8.0,-0.030389764754389686
7.0,13.0,9.0,-0.008636138803135102
7.0,13.0,10.0,-0.006683219484477587
7.0,13.0,11.0,0.011056872518589826
7.0,13.0,12.0,0.03141494329195965
7.0,13.0,13.0,0.18316276923644578
7.0,13.0,14.0,0.07312355826488054
7.0,13.0,15.0,0.002629243244500312
7.0,13.0,16.0,0.028176448073615967
7.0,13.0,17.0,-0.029498023035195664
7.0,13.0,18.0,-0.007271552685778865
7.0,13.0,19.0,0.021329600966139783
7.0,13.0,20.0,-7.200312863611638e-07
7.0,14.0,0.0,0.10447286966325181
7.0,14.0,1.0,-0.05917342758653575
7.0,14.0,2.0,-0.0411720729639741
7.0,14.0,3.0,0.09718517112816327
7.0,14.0,4.0,0.0407340905596163
7.0,14.0,5.0,0.04507883788910311
7.0,14.0,6.0,-4.010701317140638e-11
7.0,14.0,7.0,-0.0010722772195426722
7.0,14.0,8.0,0.022676367897394377
7.0,14.0,9.0,0.043557705096036556
7.0,14.0,10.0,0.04667242348605105
7.0,14.0,11.0,-0.04278062634199206
7.0,14.0,12.0,-0.00892831861845289
7.0,14.0,13.0,0.009886269071935877
7.0,14.0,14.0,-0.17232466003762695
7.0,14.0,15.0,-0.07121732174298048
7.0,14.0,16.0,-0.1148035772479995
7.0,14.0,17.0,-0.0668888181673995
7.0,14.0,18.0,0.0465639866327775
7.0,14.0,19.0,0.039035773847481914
7.0,14.0,20.0,-7.200309392583624e-07
7.0,15.0,0.0,0.05592058670465522
7.0,15.0,1.0,-0.036349806278097044
7.0,15.0,2.0,-0.035315547993368335
7.0,15.0,3.0,0.025496457397770123
7.0,15.0,4.0,-0.015006733423351348
7.0,15.0,5.0,-2.139851428414885e-05
7.0,15.0,6.0,-4.0107027157477275e-11
7.0,15.0,7.0,-0.021977863431728473
7.0,15.0,8.0,0.01904133656010084
7.0,15.0,9.0,-0.014394967022034522
7.0,15.0,10.0,0.017391424355777008
7.0,15.0,11.0,-0.014810554031233821
7.0,15.0,12.0,-0.040755786584218856
7.0,15.0,13.0,-0.006755343212826621
7.0,15.0,14.0,-0.031886354986396026
7.0,15.0,15.0,-0.12869124496661077
7.0,15.0,16.0,-0.04365195235681929
7.0,15.0,17.0,-0.061011660036675186
7.0,15.0,18.0,-0.00016354926431291772
7.0,15.0,19.0,-0.024590276660605037
7.0,15.0,20.0,-7.200300353468213e-07
7.0,16.0,0.0,-0.07233836304036922
7.0,16.0,1.0,0.048210072465749695
7.0,16.0,2.0,0.05238600602122667
7.0,16.0,3.0,-0.06387232002013149
7.0,16.0,4.0,-0.021327224258357202
7.0,16.0,5.0,-0.03774848943509587
7.0,16.0,6.0,-4.010702648116919e-11
7.0,16.0,7.0,-0.007648037992479123
7.0,16.0,8.0,-0.010066298360960138
7.0,16.0,9.0,-0.08394288432557881
7.0,16.0,10.0,-0.035055703557743345
7.0,16.0,11.0,0.07736617036513774
7.0,16.0,12.0,-0.003091155040263971
7.0,16.0,13.0,-0.00545934842104253
7.0,16.0,14.0,0.09442704313004294
7.0,16.0,15.0,0.013318727549158582
7.0,16.0,16.0,0.2865058882319904
7.0,16.0,17.0,0.06580208210848781
7.0,16.0,18.0,-0.025086754737290273
7.0,16.0,19.0,-0.0353304582659682
7.0,16.0,20.0,-7.199987220277726e-07
7.0,17.0,0.0,-0.0550256350657764
7.0,17.0,1.0,0.09973037624281465
7.0,17.0,2.0,0.06109616418585204
7.0,17.0,3.0,-0.03954882508027521
7.0,17.0,4.0,-0.07251848918499992
7.0,17.0,5.0,-0.06210686012557026
7.0,17.0,6.0,-4.010702617223873e-11
7.0,17.0,7.0,-0.015104630662577861
7.0,17.0,8.0,-0.043827832114942504
7.0,17.0,9.0,-0.051856993780540754
7.0,17.0,10.0,-0.0310004456049911
7.0,17.0,11.0,0.04250770445328462
7.0,17.0,12.0,-0.003088085389591877
7.0,17.0,13.0,0.017988069058715327
7.0,17.0,14.0,0.07203872613255236
7.0,17.0,15.0,0.04494534496977151
7.0,17.0,16.0,0.13710779956042907
7.0,17.0,17.0,0.22018117710663482
7.0,17.0,18.0,-0.05297531535519734
7.0,17.0,19.0,-0.05376326621254657
7.0,17.0,20.0,-7.200257528264193e-07
7.0,18.0,0.0,0.02995053962572103
7.0,18.0,1.0,-0.020832808355164628
7.0,18.0,2.0,-0.02460911833329757
7.0,18.0,3.0,0.012389974237277113
7.0,18.0,4.0,0.035230032375582976
7.0,18.0,5.0,0.01842607639421001
7.0,18.0,6.0,-4.0107027527838574e-11
7.0,18.0,7.0,-0.016318834240659358
7.0,18.0,8.0,0.027588032912651335
7.0,18.0,9.0,-0.0005944021584982639
7.0,18.0,10.0,0.013999261575571853
7.0,18.0,11.0,-0.018487261972566987
7.0,18.0,12.0,-0.005068109714829738
7.0,18.0,13.0,-0.04450003615589832
7.0,18.0,14.0,-0.014083806345644462
7.0,18.0,15.0,-0.060150305613473745
7.0,18.0,16.0,-0.018385346016745907
7.0,18.0,17.0,-0.014458170965265804
7.0,18.0,18.0,0.18113052936521662
7.0,18.0,19.0,-0.05623228092094895
7.0,18.0,20.0,-7.191360206918217e-07
7.0,19.0,0.0,0.005298364321655313
7.0,19.0,1.0,-0.006294902237584651
7.0,19.0,2.0,0.020447613671524312
7.0,19.0,3.0,0.011111032287915434
7.0,19.0,4.0,-0.07121347308512305
7.0,19.0,5.0,0.03043296931532094
7.0,19.0,6.0,-4.009903273416916e-11
7.0,19.0,7.0,0.0013469594303652244
7.0,19.0,8.0,0.004273041203726499
7.0,19.0,9.0,0.008514176196964526
7.0,19.0,10.0,-0.030171053616414034
7.0,19.0,11.0,-0.035233705446922364
7.0,19.0,12.0,-0.013841743343194213
7.0,19.0,13.0,0.02841075577063095
7.0,19.0,14.0,0.018562220771958654
7.0,19.0,15.0,0.02996029517964857
7.0,19.0,16.0,0.005019930882461887
7.0,19.0,17.0,0.020366941807670624
7.0,19.0,18.0,-0.0858040968094333
7.0,19.0,19.0,-0.18514369020493682
7.0,19.0,20.0,-7.200221535651773e-07
7.0,20.0,0.0,0.0004206033701864842
7.0,20.0,1.0,-0.0009325160011952188
7.0,20.0,2.0,0.0003510619246313851
7.0,20.0,3.0,-0.0004644239108347603
7.0,20.0,4.0,-0.0005756345233187687
7.0,20.0,5.0,0.00022274008876796425
7.0,20.0,6.0,-4.01070270368331e-11
7.0,20.0,7.0,0.0011476034650647615
7.0,20.0,8.0,0.0016558512535984338
7.0,20.0,9.0,0.0024619769134912456
7.0,20.0,10.0,0.0003101520992451201
7.0,20.0,11.0,-0.0024094953293250787
7.0,20.0,12.0,0.0008939491605946537
7.0,20.0,13.0,0.002405550198841422
7.0,20.0,14.0,0.0004156716508157132
7.0,20.0,15.0,0.0015051250606896716
7.0,20.0,16.0,-0.00026805073903457544
7.0,20.0,17.0,0.0002626721488071526
7.0,20.0,18.0,-0.00099736260882749
7.0,20.0,19.0,0.0003017487551291165
7.0,20.0,20.0,2.129702014336866e-07
8.0,1.0,0.0,0.0374883528444761
8.0,1.0,1.0,0.18287122632682595
8.0,1.0,2.0,0.012282732743617103
8.0,1.0,3.0,0.010469348959996044
8.0,1.0,4.0,0.027326698137755123
8.0,1.0,5.0,0.028811956837251854
8.0,1.0,6.0,-1.739858493328879e-06
8.0,1.0,7.0,-0.051031593268430264
8.0,1.0,8.0,-0.050970316135654926
8.0,1.0,9.0,0.009265316270964497
8.0,1.0,10.0,0.02254754626258554
8.0,1.0,11.0,-0.013816856386693388
8.0,1.0,12.0,0.03924026688087895
8.0,1.0,13.0,-7.56153648486762e-13
8.0,1.0,14.0,-0.00632088643868718
8.0,1.0,15.0,-3.3786335733656206e-05
8.0,1.0,16.0,-0.004493923551770029
8.0,1.0,17.0,-0.032286340382323295
8.0,1.0,18.0,0.035990560153192075
8.0,1.0,19.0,0.0008703296048843123
8.0,1.0,20.0,-1.3328399147557252e-11
8.0,2.0,0.0,0.014917948992472035
8.0,2.0,1.0,-0.009154779720459888
8.0,2.0,2.0,-0.13765252093558702
8.0,2.0,3.0,0.005063080909354756
8.0,2.0,4.0,0.009568752826218385
8.0,2.0,5.0,0.00046750335935477616
8.0,2.0,6.0,-1.5301938430275694e-06
8.0,2.0,7.0,0.007875973755197885
8.0,2.0,8.0,0.02311408674238992
8.0,2.0,9.0,6.807769237807126e-05
8.0,2.0,10.0,0.005013826533987353
8.0,2.0,11.0,0.019862277404087303
8.0,2.0,12.0,-0.028192233941048805
8.0,2.0,13.0,-7.561536484869966e-13
8.0,2.0,14.0,-0.010312885299672742
8.0,2.0,15.0,-3.3824553772325576e-05
8.0,2.0,16.0,-0.007701447244014115
8.0,2.0,17.0,-0.024686122179583634
8.0,2.0,18.0,0.008049523707766237
8.0,2.0,19.0,0.052729511632122694
8.0,2.0,20.0,-1.3328399147514893e-11
8.0,3.0,0.0,-0.01720362826361746
8.0,3.0,1.0,-0.04273769940479606
8.0,3.0,2.0,-0.054472178247199174
8.0,3.0,3.0,0.1897110564461642
8.0,3.0,4.0,0.055402343287050404
8.0,3.0,5.0,-0.019295466095164
8.0,3.0,6.0,-1.5274759101310896e-06
8.0,3.0,7.0,0.08560674340504398
8.0,3.0,8.0,0.036139249339948956
8.0,3.0,9.0,-0.0006928812175337473
8.0,3.0,10.0,-0.017543992958864385
8.0,3.0,11.0,0.03595587597460048
8.0,3.0,12.0,0.005983387747577784
8.0,3.0,13.0,-7.56153648485983e-13
8.0,3.0,14.0,0.0003862091655871813
8.0,3.0,15.0,-3.3830476834717266e-05
8.0,3.0,16.0,-0.0229941436955447
8.0,3.0,17.0,-0.04354827787662895
8.0,3.0,18.0,0.005511005741183378
8.0,3.0,19.0,0.11670916521988972
8.0,3.0,20.0,-1.3328399147559734e-11
8.0,4.0,0.0,-0.025892581418698823
8.0,4.0,1.0,0.03508549240735884
8.0,4.0,2.0,-0.03186421252778898
8.0,4.0,3.0,-0.01547436151690279
8.0,4.0,4.0,0.22549716115024376
8.0,4.0,5.0,-0.020105751985663195
8.0,4.0,6.0,-1.836137111112656e-06
8.0,4.0,7.0,0.03344484508662737
8.0,4.0,8.0,0.0028145045628466744
8.0,4.0,9.0,0.00917769997295051
8.0,4.0,10.0,-0.01292316783772035
8.0,4.0,11.0,0.11313553156300094
8.0,4.0,12.0,0.027632091483789145
8.0,4.0,13.0,-7.561536484869187e-13
8.0,4.0,14.0,-0.0031560979854252554
8.0,4.0,15.0,-3.383281921979996e-05
8.0,4.0,16.0,0.017326164657366916
8.0,4.0,17.0,0.004135731692151562
8.0,4.0,18.0,0.009715803937277528
8.0,4.0,19.0,0.1001747096610286
8.0,4.0,20.0,-1.332839914762513e-11
8.0,5.0,0.0,0.0038088492937229934
8.0,5.0,1.0,0.0011567110001687586
8.0,5.0,2.0,-0.0006076926594699161
8.0,5.0,3.0,0.002242771137210886
8.0,5.0,4.0,-0.0057675738870207605
8.0,5.0,5.0,-0.021110195956078662
8.0,5.0,6.0,2.3274932525554307e-07
8.0,5.0,7.0,0.0007727512483602927
8.0,5.0,8.0,0.003248635195333409
8.0,5.0,9.0,-0.0008880965139959063
8.0,5.0,10.0,0.0011277842289427742
8.0,5.0,11.0,-0.004379844762452234
8.0,5.0,12.0,0.0021193355349843346
8.0,5.0,13.0,-7.561536484868428e-13
8.0,5.0,14.0,-0.005286911582791027
8.0,5.0,15.0,-3.377264560384704e-05
8.0,5.0,16.0,-0.0033247329964387062
8.0,5.0,17.0,-0.005098899909940141
8.0,5.0,18.0,-0.0005166448679540525
8.0,5.0,19.0,-0.007480371798053054
8.0,5.0,20.0,-1.3328399147363325e-11
8.0,6.0,0.0,0.0008612044127487839
8.0,6.0,1.0,-0.001536190337018517
8.0,6.0,2.0,-0.0005814426687434648
8.0,6.0,3.0,0.0005681384814164026
8.0,6.0,4.0,0.00045378262359119237
8.0,6.0,5.0,0.0021096056826019755
8.0,6.0,6.0,-1.6627856342693073e-06
8.0,6.0,7.0,0.0012961393095124452
8.0,6.0,8.0,0.0010793475241029707
8.0,6.0,9.0,8.184239390757186e-05
8.0,6.0,10.0,0.0002148673690309244
8.0,6.0,11.0,-0.0006570801145471261
8.0,6.0,12.0,-0.00036769969284528026
8.0,6.0,13.0,-7.561536484870468e-13
8.0,6.0,14.0,-0.005268954464766336
8.0,6.0,15.0,-3.379429748487507e-05
8.0,6.0,16.0,-0.0015135926700712843
8.0,6.0,17.0,-0.0012832837315835954
8.0,6.0,18.0,0.0015813636242461848
8.0,6.0,19.0,0.0007601683685042326
8.0,6.0,20.0,-1.3328399147499668e-11
8.0,7.0,0.0,0.0006125340536389245
8.0,7.0,1.0,0.013009130089634363
8.0,7.0,2.0,-0.02955457016498468
8.0,7.0,3.0,0.04817419133497655
8.0,7.0,4.0,0.018309713052103493
8.0,7.0,5.0,-0.0037083033448135558
8.0,7.0,6.0,-1.581567865298419e-06
8.0,7.0,7.0,0.2109318901791601
8.0,7.0,8.0,0.021031975982229723
8.0,7.0,9.0,0.0002866993425465758
8.0,7.0,10.0,-0.03170800911728594
8.0,7.0,11.0,0.011000067922902201
8.0,7.0,12.0,0.06078111379108431
8.0,7.0,13.0,-7.561536484870321e-13
8.0,7.0,14.0,-0.00313260596236329
8.0,7.0,15.0,-3.383282135021087e-05
8.0,7.0,16.0,-0.027654858950334205
8.0,7.0,17.0,-0.04313686528434491
8.0,7.0,18.0,0.012567043502938136
8.0,7.0,19.0,0.062278826419018385
8.0,7.0,20.0,-1.3328399147517572e-11
8.0,8.0,0.0,0.011000361836250305
8.0,8.0,1.0,-0.031756511721241776
8.0,8.0,2.0,-0.02492114992061903
8.0,8.0,3.0,-0.06513412792243876
8.0,8.0,4.0,-0.07630588795198168
8.0,8.0,5.0,0.008885939055563848
8.0,8.0,6.0,6.417898948239779e-07
8.0,8.0,7.0,-0.02494483637148348
8.0,8.0,8.0,0.20399912679994464
8.0,8.0,9.0,-0.004435148330479005
8.0,8.0,10.0,0.006527088053722263
8.0,8.0,11.0,-0.02821537697486376
8.0,8.0,12.0,-0.04530450368974692
8.0,8.0,13.0,-7.561536484869002e-13
8.0,8.0,14.0,-0.008343524423183282
8.0,8.0,15.0,-3.357669666072451e-05
8.0,8.0,16.0,-0.002023778276948607
8.0,8.0,17.0,0.0615204469228605
8.0,8.0,18.0,-0.014435183340613278
8.0,8.0,19.0,-0.044848019707647624
8.0,8.0,20.0,-1.3328399132994088e-11
8.0,9.0,0.0,0.008937324457697654
8.0,9.0,1.0,0.004836673247791329
8.0,9.0,2.0,-0.023987348133785447
8.0,9.0,3.0,0.0018916903378938532
8.0,9.0,4.0,-0.018897730037196858
8.0,9.0,5.0,-0.01879652061335373
8.0,9.0,6.0,-7.374459186759677e-07
8.0,9.0,7.0,0.0011862328061120753
8.0,9.0,8.0,0.004328752049102075
8.0,9.0,9.0,-0.19692979547167663
8.0,9.0,10.0,0.017449068621795016
8.0,9.0,11.0,0.011123638641967193
8.0,9.0,12.0,-0.004583698940021919
8.0,9.0,13.0,-7.561536484272978e-13
8.0,9.0,14.0,-0.0029942906919908363
8.0,9.0,15.0,-3.383141384411606e-05
8.0,9.0,16.0,0.025820103027110797
8.0,9.0,17.0,0.000814182901628123
8.0,9.0,18.0,-0.03198895346273056
8.0,9.0,19.0,0.011216097181861118
8.0,9.0,20.0,-1.3328399147059724e-11
8.0,10.0,0.0,-0.014554374374494097
8.0,10.0,1.0,0.007646848309801002
8.0,10.0,2.0,0.07100694452946929
8.0,10.0,3.0,-0.005137143341588352
8.0,10.0,4.0,0.007953989993786603
8.0,10.0,5.0,-0.00447795765899409
8.0,10.0,6.0,1.3218639603023612e-06
8.0,10.0,7.0,0.03167653441290602
8.0,10.0,8.0,-0.007890876007362949
8.0,10.0,9.0,0.04888964030702836
8.0,10.0,10.0,0.1872277542196802
8.0,10.0,11.0,0.007277155741378105
8.0,10.0,12.0,0.025550072648129807
8.0,10.0,13.0,-7.561536484870396e-13
8.0,10.0,14.0,-0.011185400130373974
8.0,10.0,15.0,-3.38203317331369e-05
8.0,10.0,16.0,-0.018511419230472503
8.0,10.0,17.0,-0.012868265821833758
8.0,10.0,18.0,0.014525644810780503
8.0,10.0,19.0,0.02445666932129742
8.0,10.0,20.0,-1.332839914764592e-11
8.0,11.0,0.0,0.055463629348988214
8.0,11.0,1.0,-0.05531990083796942
8.0,11.0,2.0,0.009876561381551546
8.0,11.0,3.0,0.00860058070728642
8.0,11.0,4.0,-0.031106165900866012
8.0,11.0,5.0,0.03588696243112591
8.0,11.0,6.0,-2.577575940068199e-07
8.0,11.0,7.0,-0.02742777133886809
8.0,11.0,8.0,0.01825795396627186
8.0,11.0,9.0,-0.017547876741203478
8.0,11.0,10.0,0.023134563467408387
8.0,11.0,11.0,-0.23015251178613944
8.0,11.0,12.0,-0.004122292994348353
8.0,11.0,13.0,-7.5615364534416e-13
8.0,11.0,14.0,-0.0019129291447590579
8.0,11.0,15.0,-2.6995360761803326e-05
8.0,11.0,16.0,0.05025599486835142
8.0,11.0,17.0,0.025418598361499456
8.0,11.0,18.0,-0.01265585190750712
8.0,11.0,19.0,-0.049323535257332574
8.0,11.0,20.0,-1.3328399141414099e-11
8.0,12.0,0.0,0.008936793700326712
8.0,12.0,1.0,-0.025200802458818283
8.0,12.0,2.0,-0.007196555247464181
8.0,12.0,3.0,-0.018398322174040443
8.0,12.0,4.0,-0.02764353481153503
8.0,12.0,5.0,0.034908664711753884
8.0,12.0,6.0,-1.6306340175220016e-06
8.0,12.0,7.0,-0.010891047748473548
8.0,12.0,8.0,0.06148348537392016
8.0,12.0,9.0,0.01992444051013531
8.0,12.0,10.0,0.0030664906700100802
8.0,12.0,11.0,-0.0410218325129732
8.0,12.0,12.0,0.18104001156261212
8.0,12.0,13.0,-7.561536484863733e-13
8.0,12.0,14.0,-0.009347569400242759
8.0,12.0,15.0,-3.0230006425649777e-05
8.0,12.0,16.0,-0.041075642936228285
8.0,12.0,17.0,0.015040528131828108
8.0,12.0,18.0,0.002510320351150702
8.0,12.0,19.0,-0.015216961470496115
8.0,12.0,20.0,-1.3328399147428973e-11
8.0,13.0,0.0,0.0008613768359784779
8.0,13.0,1.0,-0.0015362288829106618
8.0,13.0,2.0,-0.000581608234182629
8.0,13.0,3.0,0.0005682755270436934
8.0,13.0,4.0,0.0004535471646970324
8.0,13.0,5.0,0.0021095969420430565
8.0,13.0,6.0,-7.176919175455139e-08
8.0,13.0,7.0,0.0012959006990060917
8.0,13.0,8.0,0.0010793196474743957
8.0,13.0,9.0,8.194844144759905e-05
8.0,13.0,10.0,0.00021447313030820148
8.0,13.0,11.0,-0.0006570670397173517
8.0,13.0,12.0,-0.00036714047222391466
8.0,13.0,13.0,-7.560907180956692e-13
8.0,13.0,14.0,-0.005268956642090217
8.0,13.0,15.0,-3.3794295996750583e-05
8.0,13.0,16.0,-0.0015134277236687477
8.0,13.0,17.0,-0.001283269880573354
8.0,13.0,18.0,0.0015813010811943085
8.0,13.0,19.0,0.0007602205410175422
8.0,13.0,20.0,-1.332839914739416e-11
8.0,14.0,0.0,0.001913694451992659
8.0,14.0,1.0,-0.0026310112378616912
8.0,14.0,2.0,-0.0010006151974567001
8.0,14.0,3.0,0.0015452924932394807
8.0,14.0,4.0,0.0007998113198168788
8.0,14.0,5.0,0.003026637841579173
8.0,14.0,6.0,1.900818430434731e-07
8.0,14.0,7.0,0.0026784540057844253
8.0,14.0,8.0,0.001603520923940907
8.0,14.0,9.0,0.00016519156096270193
8.0,14.0,10.0,0.0004601533456699003
8.0,14.0,11.0,-0.0014686652295530234
8.0,14.0,12.0,-0.00031809440089874963
8.0,14.0,13.0,-7.561536484867873e-13
8.0,14.0,14.0,-0.011195404721136283
8.0,14.0,15.0,-3.380383730715501e-05
8.0,14.0,16.0,-0.0031577703332684726
8.0,14.0,17.0,-0.002651350703968325
8.0,14.0,18.0,0.0031262227128988074
8.0,14.0,19.0,0.0011849349730423953
8.0,14.0,20.0,-1.332839914737362e-11
8.0,15.0,0.0,0.0008614796393409674
8.0,15.0,1.0,-0.0015362710951766223
8.0,15.0,2.0,-0.0005816736631331088
8.0,15.0,3.0,0.0005683459368609756
8.0,15.0,4.0,0.0004534587293802961
8.0,15.0,5.0,0.0021096093206600143
8.0,15.0,6.0,6.353137213213886e-07
8.0,15.0,7.0,0.0012958024336324203
8.0,15.0,8.0,0.0010792970801728058
8.0,15.0,9.0,8.1968978026703e-05
8.0,15.0,10.0,0.00021434123643121472
8.0,15.0,11.0,-0.0006570826482578118
8.0,15.0,12.0,-0.0003669429974106908
8.0,15.0,13.0,-7.561536484869116e-13
8.0,15.0,14.0,-0.005269020178817971
8.0,15.0,15.0,-3.383292998782999e-05
8.0,15.0,16.0,-0.0015133768456384034
8.0,15.0,17.0,-0.0012833029607315985
8.0,15.0,18.0,0.0015812891865293888
8.0,15.0,19.0,0.0007602321669275547
8.0,15.0,20.0,-1.3328399147416276e-11
8.0,16.0,0.0,-0.02794489931346765
8.0,16.0,1.0,0.039033566791839086
8.0,16.0,2.0,0.01626767571710111
8.0,16.0,3.0,-0.014873231731313802
8.0,16.0,4.0,0.052447931263932435
8.0,16.0,5.0,-0.017785757593540005
8.0,16.0,6.0,-1.4780222013075657e-06
8.0,16.0,7.0,-0.0006699980831600949
8.0,16.0,8.0,-0.01077449078379824
8.0,16.0,9.0,-0.002995200672408299
8.0,16.0,10.0,-0.009713248113426776
8.0,16.0,11.0,0.08413324577806602
8.0,16.0,12.0,0.011944296533689558
8.0,16.0,13.0,-7.561536484870272e-13
8.0,16.0,14.0,0.04878957088431026
8.0,16.0,15.0,-3.3832912585569e-05
8.0,16.0,16.0,0.21607698633362887
8.0,16.0,17.0,0.0464791256553435
8.0,16.0,18.0,-0.013650764128752158
8.0,16.0,19.0,0.02387851873844471
8.0,16.0,20.0,-1.3328399147632888e-11
8.0,17.0,0.0,0.006741418500771673
8.0,17.0,1.0,0.058341631809715494
8.0,17.0,2.0,0.018518801301906473
8.0,17.0,3.0,0.0031783261824798736
8.0,17.0,4.0,-0.03110990750713083
8.0,17.0,5.0,-0.017601254202097537
8.0,17.0,6.0,-7.62700889899393e-07
8.0,17.0,7.0,-0.02174775120671807
8.0,17.0,8.0,-0.024019732909930484
8.0,17.0,9.0,0.0026008390061962594
8.0,17.0,10.0,0.0032148879833143185
8.0,17.0,11.0,0.0007273712727284831
8.0,17.0,12.0,0.011974790998491691
8.0,17.0,13.0,-7.561536484868823e-13
8.0,17.0,14.0,0.018413842166669404
8.0,17.0,15.0,-3.373613071347851e-05
8.0,17.0,16.0,0.04926413085017595
8.0,17.0,17.0,0.20478007254921696
8.0,17.0,18.0,-0.030994235208950616
8.0,17.0,19.0,-0.015261586744322875
8.0,17.0,20.0,-1.3328399147560975e-11
8.0,18.0,0.0,0.012320712573352544
8.0,18.0,1.0,-0.029730665489191732
8.0,18.0,2.0,-0.004606103992245619
8.0,18.0,3.0,0.010893577808626598
8.0,18.0,4.0,0.03283944621987267
8.0,18.0,5.0,0.027057798633457506
8.0,18.0,6.0,-1.2333104778381346e-06
8.0,18.0,7.0,0.00924577722620179
8.0,18.0,8.0,0.011429033172566674
8.0,18.0,9.0,0.0001982653456164274
8.0,18.0,10.0,0.01662873276428478
8.0,18.0,11.0,-0.04854056987390576
8.0,18.0,12.0,-0.0005025219602963205
8.0,18.0,13.0,-7.561536484586984e-13
8.0,18.0,14.0,-0.01115457282257126
8.0,18.0,15.0,-3.383289911275253e-05
8.0,18.0,16.0,-0.008818667818265902
8.0,18.0,17.0,-0.0398175530269204
8.0,18.0,18.0,0.20613112260099628
8.0,18.0,19.0,-0.032679095436486505
8.0,18.0,20.0,-1.3328399140304097e-11
8.0,19.0,0.0,0.02946828925048664
8.0,19.0,1.0,-0.03539281414678899
8.0,19.0,2.0,-0.0014635181617488058
8.0,19.0,3.0,0.047976918569300836
8.0,19.0,4.0,-0.010794250057235
8.0,19.0,5.0,0.07336204212992432
8.0,19.0,6.0,-1.1469306853247467e-06
8.0,19.0,7.0,0.001995517857651119
8.0,19.0,8.0,0.004017900646511925
8.0,19.0,9.0,-0.004798449333611732
8.0,19.0,10.0,0.006881627808567825
8.0,19.0,11.0,-0.08692356223846348
8.0,19.0,12.0,-0.008424091290153146
8.0,19.0,13.0,-7.561536361526326e-13
8.0,19.0,14.0,0.0013363443670435671
8.0,19.0,15.0,-3.3716859246983034e-05
8.0,19.0,16.0,0.027562061421964212
8.0,19.0,17.0,0.04104622962244006
8.0,19.0,18.0,-0.014173490447455167
8.0,19.0,19.0,-0.17955195445471106
8.0,19.0,20.0,-1.3328399127953342e-11
8.0,20.0,0.0,0.0008613768359775065
8.0,20.0,1.0,-0.001536228882909163
8.0,20.0,2.0,-0.0005816082341814632
8.0,20.0,3.0,0.0005682755270425
8.0,20.0,4.0,0.00045354716469847567
8.0,20.0,5.0,0.0021095969420535966
8.0,20.0,6.0,-7.176919202615039e-08
8.0,20.0,7.0,0.00129590069900537
8.0,20.0,8.0,0.0010793196474725986
8.0,20.0,9.0,8.194844144823743e-05
8.0,20.0,10.0,0.00021447313030809045
8.0,20.0,11.0,-0.0006570670397154643
8.0,20.0,12.0,-0.00036714047222491386
8.0,20.0,13.0,-7.561536484867932e-13
8.0,20.0,14.0,-0.005268956642092
8.0,20.0,15.0,-3.379429599675049e-05
8.0,20.0,16.0,-0.00151342772366575
8.0,20.0,17.0,-0.0012832698805617312
8.0,20.0,18.0,0.001581301081194364
8.0,20.0,19.0,0.0007602205410208729
8.0,20.0,20.0,-1.3328333344616214e-11
9.0,1.0,0.0,0.026385687464513252
9.0,1.0,1.0,0.1903060427410005
9.0,1.0,2.0,-0.007677070553404208
9.0,1.0,3.0,-0.002376042300697878
9.0,1.0,4.0,0.021570223413498568
9.0,1.0,5.0,-0.0020890922671471523
9.0,1.0,6.0,-1.5071348270038254e-11
9.0,1.0,7.0,-0.07509412319110173
9.0,1.0,8.0,-0.03624693885724744
9.0,1.0,9.0,7.991731334529295e-05
9.0,1.0,10.0,-0.0004017095704739182
9.0,1.0,11.0,-0.011930152382997883
9.0,1.0,12.0,0.015440747054077886
9.0,1.0,13.0,-0.006761961917696466
9.0,1.0,14.0,0.018079129731151715
9.0,1.0,15.0,-1.2558070325276578e-09
9.0,1.0,16.0,0.0124186596814303
9.0,1.0,17.0,0.009518253029706575
9.0,1.0,18.0,0.04418457691590284
9.0,1.0,19.0,-0.025957799548457783
9.0,1.0,20.0,-7.989365349057193e-07
9.0,2.0,0.0,0.0022085833018704593
9.0,2.0,1.0,-0.006212076259336157
9.0,2.0,2.0,-0.013052713170409092
9.0,2.0,3.0,0.0035403711041173125
9.0,2.0,4.0,-0.004892818867968218
9.0,2.0,5.0,0.0033719212776145147
9.0,2.0,6.0,-1.507130576355684e-11
9.0,2.0,7.0,0.0007164071702755181
9.0,2.0,8.0,0.005388974146419229
9.0,2.0,9.0,0.0007296624202564189
9.0,2.0,10.0,0.0002668588837043684
9.0,2.0,11.0,-0.004345116546438488
9.0,2.0,12.0,-0.006042403927244477
9.0,2.0,13.0,-0.009468674705827835
9.0,2.0,14.0,-0.008632287626881507
9.0,2.0,15.0,-1.255805633787229e-09
9.0,2.0,16.0,-0.007295762744224388
9.0,2.0,17.0,0.0006200620696591719
9.0,2.0,18.0,0.0003436128941838451
9.0,2.0,19.0,0.0021028545189814007
9.0,2.0,20.0,-7.955016052056857e-07
9.0,3.0,0.0,0.020371447188550718
9.0,3.0,1.0,-0.023767438101082474
9.0,3.0,2.0,-0.012865937639614803
9.0,3.0,3.0,0.2105887458857969
9.0,3.0,4.0,0.04952708667496153
9.0,3.0,5.0,0.01744813206423068
9.0,3.0,6.0,-1.5071347884039058e-11
9.0,3.0,7.0,0.05871218814617207
9.0,3.0,8.0,0.015710021077444097
9.0,3.0,9.0,0.004539919749938948
9.0,3.0,10.0,0.00941435890637915
9.0,3.0,11.0,-0.06648904773411349
9.0,3.0,12.0,0.03890151390809532
9.0,3.0,13.0,-0.014129020401416677
9.0,3.0,14.0,-0.03932859615126778
9.0,3.0,15.0,-1.255807021454948e-09
9.0,3.0,16.0,0.002219183528430424
9.0,3.0,17.0,-0.01796329672137495
9.0,3.0,18.0,0.009457431626838916
9.0,3.0,19.0,0.0599364978662944
9.0,3.0,20.0,-5.8440566724912e-07
9.0,4.0,0.0,0.0005908194929361565
9.0,4.0,1.0,-0.0024767042029687596
9.0,4.0,2.0,-0.012975862869796776
9.0,4.0,3.0,-0.007496984904565074
9.0,4.0,4.0,0.16727820764674328
9.0,4.0,5.0,0.008914893330131873
9.0,4.0,6.0,-1.5071342964272492e-11
9.0,4.0,7.0,0.01319993811139275
9.0,4.0,8.0,0.01216205879263943
9.0,4.0,9.0,-0.00022726776200460153
9.0,4.0,10.0,0.004247119172014147
9.0,4.0,11.0,0.04877721638390864
9.0,4.0,12.0,0.03015282331906466
9.0,4.0,13.0,-0.015228460489745783
9.0,4.0,14.0,-0.004056405473022794
9.0,4.0,15.0,-1.2558070157895175e-09
9.0,4.0,16.0,0.02672958859958685
9.0,4.0,17.0,0.0098818492704901
9.0,4.0,18.0,0.002806297529742832
9.0,4.0,19.0,0.051373909916843985
9.0,4.0,20.0,1.5972593930837558e-07
9.0,5.0,0.0,0.02067627182066145
9.0,5.0,1.0,0.046131230213166965
9.0,5.0,2.0,0.008385392286777042
9.0,5.0,3.0,-0.0003235948464652971
9.0,5.0,4.0,-0.03536314421314812
9.0,5.0,5.0,-0.1890750216958533
9.0,5.0,6.0,-1.507035039136301e-11
9.0,5.0,7.0,-0.018689167405687435
9.0,5.0,8.0,-0.020110626192710684
9.0,5.0,9.0,0.0018250600421561985
9.0,5.0,10.0,-0.0002042908923850506
9.0,5.0,11.0,0.023675621884233222
9.0,5.0,12.0,-0.004703953157458529
9.0,5.0,13.0,0.002622744402849337
9.0,5.0,14.0,0.0004900621168668143
9.0,5.0,15.0,-1.255806961259231e-09
9.0,5.0,16.0,-0.0017613316959048664
9.0,5.0,17.0,-0.05059503903138084
9.0,5.0,18.0,-0.0002130405027959137
9.0,5.0,19.0,0.006891273995942915
9.0,5.0,20.0,-7.853138873657812e-07
9.0,6.0,0.0,-9.977542737704681e-05
9.0,6.0,1.0,-0.0044446457381102505
9.0,6.0,2.0,-0.003639377070004777
9.0,6.0,3.0,0.0016362851580024595
9.0,6.0,4.0,-0.005745180629701974
9.0,6.0,5.0,0.0012090531866295884
9.0,6.0,6.0,4.6033607618282863e-07
9.0,6.0,7.0,0.0006966513608613611
9.0,6.0,8.0,0.004283565252287035
9.0,6.0,9.0,0.0006112186556237881
9.0,6.0,10.0,-0.00013761916074900293
9.0,6.0,11.0,-0.0031173231226448994
9.0,6.0,12.0,-0.003199937407033726
9.0,6.0,13.0,-0.006761990598931523
9.0,6.0,14.0,-0.005037186878565539
9.0,6.0,15.0,-1.255807037076456e-09
9.0,6.0,16.0,-0.004525325142787251
9.0,6.0,17.0,0.002060881636666012
9.0,6.0,18.0,-0.0006358479550402224
9.0,6.0,19.0,-0.0015546577722355126
9.0,6.0,20.0,-7.995782695241815e-07
9.0,7.0,0.0,0.023368992638983344
9.0,7.0,1.0,0.015814407435505176
9.0,7.0,2.0,-0.010932741074057103
9.0,7.0,3.0,0.02924670981874064
9.0,7.0,4.0,0.03493677627771985
9.0,7.0,5.0,0.02260154828458444
9.0,7.0,6.0,-1.5071308022330043e-11
9.0,7.0,7.0,0.2095715057171646
9.0,7.0,8.0,0.02076923067051316
9.0,7.0,9.0,0.01982849033152098
9.0,7.0,10.0,0.023989581767865864
9.0,7.0,11.0,-0.023518280071739617
9.0,7.0,12.0,0.10517948703591085
9.0,7.0,13.0,-0.014522619593246768
9.0,7.0,14.0,-0.019063327402392846
9.0,7.0,15.0,-1.2558070420616882e-09
9.0,7.0,16.0,-0.03316813501363047
9.0,7.0,17.0,-0.055648123586084605
9.0,7.0,18.0,0.02655842242741578
9.0,7.0,19.0,0.09336014600455889
9.0,7.0,20.0,-7.295092702262675e-07
9.0,8.0,0.0,-0.004900587673897616
9.0,8.0,1.0,-0.022338939711935145
9.0,8.0,2.0,-0.006469958088635355
9.0,8.0,3.0,-0.031202516033055128
9.0,8.0,4.0,-0.1675211176367183
9.0,8.0,5.0,-0.00974223505114366
9.0,8.0,6.0,-1.5071348293726603e-11
9.0,8.0,7.0,-0.018471936361754954
9.0,8.0,8.0,0.2074057072981304
9.0,8.0,9.0,0.012824457596902025
9.0,8.0,10.0,-0.0077226045945466
9.0,8.0,11.0,-0.051650522930479836
9.0,8.0,12.0,-0.06800087689170359
9.0,8.0,13.0,-0.014855495933198144
9.0,8.0,14.0,-0.012819230726204514
9.0,8.0,15.0,-1.2558060544199025e-09
9.0,8.0,16.0,-0.10817103323589616
9.0,8.0,17.0,0.042183413758852345
9.0,8.0,18.0,-0.017909756383452838
9.0,8.0,19.0,-0.07449054495528085
9.0,8.0,20.0,-7.995864401000026e-07
9.0,9.0,0.0,0.014275305711839492
9.0,9.0,1.0,-0.01766070922224399
9.0,9.0,2.0,-0.011924279012876994
9.0,9.0,3.0,0.003022334894001971
9.0,9.0,4.0,0.027943259540628484
9.0,9.0,5.0,0.07101659735258514
9.0,9.0,6.0,-1.5071348186905985e-11
9.0,9.0,7.0,0.00713250525870604
9.0,9.0,8.0,0.004830644570122285
9.0,9.0,9.0,0.20366826311365127
9.0,9.0,10.0,0.0044389396351440236
9.0,9.0,11.0,-0.014662042664299074
9.0,9.0,12.0,0.003333686638910871
9.0,9.0,13.0,0.024160452797991158
9.0,9.0,14.0,-0.0019608068836622153
9.0,9.0,15.0,-1.2558064726828543e-09
9.0,9.0,16.0,-0.019845762057406624
9.0,9.0,17.0,0.008724403976159534
9.0,9.0,18.0,-0.0028688014646254395
9.0,9.0,19.0,0.007687772436444695
9.0,9.0,20.0,-7.990752635690126e-07
9.0,10.0,0.0,0.0073511998567709624
9.0,10.0,1.0,0.0057372912415717785
9.0,10.0,2.0,0.03935824276599967
9.0,10.0,3.0,-0.007143917556928475
9.0,10.0,4.0,0.024362916424109593
9.0,10.0,5.0,0.010490600803060524
9.0,10.0,6.0,-1.5071097218183843e-11
9.0,10.0,7.0,0.060774859142272986
9.0,10.0,8.0,0.005116816855698779
9.0,10.0,9.0,0.04219608482153918
9.0,10.0,10.0,0.21052530026058625
9.0,10.0,11.0,0.007577275025373975
9.0,10.0,12.0,0.04347242756945541
9.0,10.0,13.0,-0.002329132790874334
9.0,10.0,14.0,-0.015440322626711633
9.0,10.0,15.0,-1.2558069748519517e-09
9.0,10.0,16.0,-0.005664645144094593
9.0,10.0,17.0,-0.0017309280508776004
9.0,10.0,18.0,0.009256910910101487
9.0,10.0,19.0,0.0737008338357118
9.0,10.0,20.0,5.160819653546979e-07
9.0,11.0,0.0,0.026221518022704282
9.0,11.0,1.0,-0.007099249350427415
9.0,11.0,2.0,0.0008509924937809416
9.0,11.0,3.0,0.016125780564399478
9.0,11.0,4.0,-0.03909816761375584
9.0,11.0,5.0,0.0029746210576240273
9.0,11.0,6.0,-1.5071347813929536e-11
9.0,11.0,7.0,0.0010333059598136851
9.0,11.0,8.0,0.00856171520764469
9.0,11.0,9.0,0.004025933990593311
9.0,11.0,10.0,-0.003666930890221798
9.0,11.0,11.0,-0.23378052541713568
9.0,11.0,12.0,0.029468370111364772
9.0,11.0,13.0,0.0002881311181276089
9.0,11.0,14.0,-0.004323440585964344
9.0,11.0,15.0,-1.2558065631231443e-09
9.0,11.0,16.0,-0.006105509134902376
9.0,11.0,17.0,0.011685825760578195
9.0,11.0,18.0,-0.007331331858831058
9.0,11.0,19.0,-0.06324151274673151
9.0,11.0,20.0,-7.991459143269429e-07
9.0,12.0,0.0,0.007871558670091094
9.0,12.0,1.0,-0.012146899541415544
9.0,12.0,2.0,-0.009275407531873208
9.0,12.0,3.0,0.002382696950063795
9.0,12.0,4.0,-0.04871894503766294
9.0,12.0,5.0,0.012941754640918735
9.0,12.0,6.0,-1.5071348328524625e-11
9.0,12.0,7.0,0.013285771485198078
9.0,12.0,8.0,0.051240589753268784
9.0,12.0,9.0,0.036653404664153996
9.0,12.0,10.0,2.0170681755693476e-05
9.0,12.0,11.0,-0.06272870820227716
9.0,12.0,12.0,0.1942081501582542
9.0,12.0,13.0,-0.010596047299911274
9.0,12.0,14.0,-0.014682176869669557
9.0,12.0,15.0,-1.2558070033581638e-09
9.0,12.0,16.0,-0.07299114459707334
9.0,12.0,17.0,0.010126733891429152
9.0,12.0,18.0,-0.003385604899665745
9.0,12.0,19.0,-0.022337322914529723
9.0,12.0,20.0,-7.469484345756562e-07
9.0,13.0,0.0,0.028066319313199306
9.0,13.0,1.0,0.006720631677084012
9.0,13.0,2.0,-0.009495185661221355
9.0,13.0,3.0,-0.00958461822941778
9.0,13.0,4.0,0.10411921588542727
9.0,13.0,5.0,0.006847400550255095
9.0,13.0,6.0,-1.5070774917646784e-11
9.0,13.0,7.0,0.021852951184909847
9.0,13.0,8.0,-0.03353028456459352
9.0,13.0,9.0,-0.005052059750756718
9.0,13.0,10.0,0.006978955424497557
9.0,13.0,11.0,0.03478825191382562
9.0,13.0,12.0,0.029853591832140702
9.0,13.0,13.0,0.18815367698174368
9.0,13.0,14.0,0.04674774172153578
9.0,13.0,15.0,-1.2558070321578915e-09
9.0,13.0,16.0,0.03726281568415424
9.0,13.0,17.0,-0.06629846483464073
9.0,13.0,18.0,0.006473443664651052
9.0,13.0,19.0,0.06766228086377268
9.0,13.0,20.0,-5.206816064237593e-07
9.0,14.0,0.0,0.004476187969025602
9.0,14.0,1.0,-0.013116396448768075
9.0,14.0,2.0,-0.007237233130325266
9.0,14.0,3.0,0.01749651445517808
9.0,14.0,4.0,-0.005045911697505345
9.0,14.0,5.0,0.017028771613673277
9.0,14.0,6.0,-1.5071341909592867e-11
9.0,14.0,7.0,0.007352601801044051
9.0,14.0,8.0,0.009148801974091625
9.0,14.0,9.0,0.0037930349384437817
9.0,14.0,10.0,0.0011553933065781563
9.0,14.0,11.0,-0.018815205168336596
9.0,14.0,12.0,-0.0009201863482666273
9.0,14.0,13.0,-0.012939209921730085
9.0,14.0,14.0,-0.05858769623407945
9.0,14.0,15.0,-1.2558064242166012e-09
9.0,14.0,16.0,-0.020277762210439976
9.0,14.0,17.0,0.0050774745551822875
9.0,14.0,18.0,0.006664653003127297
9.0,14.0,19.0,-0.005475960954752779
9.0,14.0,20.0,-7.9777048478552e-07
9.0,15.0,0.0,-9.885429427031189e-05
9.0,15.0,1.0,-0.004444654629562148
9.0,15.0,2.0,-0.00363939474575716
9.0,15.0,3.0,0.0016356811386857573
9.0,15.0,4.0,-0.005744762344624177
9.0,15.0,5.0,0.0012087567196419902
9.0,15.0,6.0,-1.5071348316618067e-11
9.0,15.0,7.0,0.0006967165600126612
9.0,15.0,8.0,0.004283603369502474
9.0,15.0,9.0,0.0006110589188489945
9.0,15.0,10.0,-0.00013743202378174724
9.0,15.0,11.0,-0.003117398848169861
9.0,15.0,12.0,-0.0032008479646177257
9.0,15.0,13.0,-0.006761990562339015
9.0,15.0,14.0,-0.005037187177945129
9.0,15.0,15.0,1.4168926021721482e-06
9.0,15.0,16.0,-0.004525894904620631
9.0,15.0,17.0,0.0020606772141467944
9.0,15.0,18.0,-0.000635805627763178
9.0,15.0,19.0,-0.00155540378311525
9.0,15.0,20.0,-7.99511246112294e-07
9.0,16.0,0.0,-0.015723540667746005
9.0,16.0,1.0,0.014854882062651932
9.0,16.0,2.0,0.03717626286720106
9.0,16.0,3.0,-0.020993697953562124
9.0,16.0,4.0,0.06210526408918415
9.0,16.0,5.0,-0.02547397061819598
9.0,16.0,6.0,-1.5071302936080444e-11
9.0,16.0,7.0,0.003944905986800695
9.0,16.0,8.0,-0.017085792171363797
9.0,16.0,9.0,-0.04158322315599208
9.0,16.0,10.0,0.00011826526015829009
9.0,16.0,11.0,0.09341456487392963
9.0,16.0,12.0,0.015332009196453389
9.0,16.0,13.0,0.03501086956855793
9.0,16.0,14.0,0.04477712897670869
9.0,16.0,15.0,-1.2557855425486488e-09
9.0,16.0,16.0,0.23700795829592392
9.0,16.0,17.0,-0.008555856889690683
9.0,16.0,18.0,-0.002997916606033338
9.0,16.0,19.0,0.026606926966010414
9.0,16.0,20.0,-7.350822158420793e-07
9.0,17.0,0.0,-0.000720947207863698
9.0,17.0,1.0,0.0586085690016141
9.0,17.0,2.0,0.00902880402952477
9.0,17.0,3.0,0.007841120047697131
9.0,17.0,4.0,-0.08201363805109207
9.0,17.0,5.0,-0.06178324564069665
9.0,17.0,6.0,-1.507134834893317e-11
9.0,17.0,7.0,-0.024452332463853088
9.0,17.0,8.0,0.0006892667760837051
9.0,17.0,9.0,0.0033538752556397655
9.0,17.0,10.0,-0.013173993610758217
9.0,17.0,11.0,-0.011111791220978717
9.0,17.0,12.0,-0.013011355612367326
9.0,17.0,13.0,0.030040547360048242
9.0,17.0,14.0,0.030467766275974466
9.0,17.0,15.0,-1.2558069205790952e-09
9.0,17.0,16.0,0.019609285805493704
9.0,17.0,17.0,0.21121851760191143
9.0,17.0,18.0,-0.045336590500550195
9.0,17.0,19.0,-0.10270941613645135
9.0,17.0,20.0,-7.995864377358083e-07
9.0,18.0,0.0,0.0066671404800943135
9.0,18.0,1.0,-0.0146907994505139
9.0,18.0,2.0,-0.012065850138317862
9.0,18.0,3.0,0.006601829641478152
9.0,18.0,4.0,0.06255603320916092
9.0,18.0,5.0,0.022892153530497922
9.0,18.0,6.0,-1.5071348084983146e-11
9.0,18.0,7.0,0.018150402773990798
9.0,18.0,8.0,0.013253301811682869
9.0,18.0,9.0,0.014606792952355896
9.0,18.0,10.0,0.026713024481485992
9.0,18.0,11.0,-0.05042381934392662
9.0,18.0,12.0,0.022416085403688835
9.0,18.0,13.0,-0.015985836541829078
9.0,18.0,14.0,-0.011456345916400566
9.0,18.0,15.0,-1.2558069876900841e-09
9.0,18.0,16.0,-0.0497631039664479
9.0,18.0,17.0,-0.030383407852699496
9.0,18.0,18.0,0.2066826229529401
9.0,18.0,19.0,0.0007461644459928474
9.0,18.0,20.0,-7.994838612960265e-07
9.0,19.0,0.0,0.02892970773174497
9.0,19.0,1.0,-0.007580204123331692
9.0,19.0,2.0,-0.008691706072304827
9.0,19.0,3.0,-0.04788872254124389
9.0,19.0,4.0,0.08383366706838657
9.0,19.0,5.0,0.001975583740110476
9.0,19.0,6.0,-1.5071339556628843e-11
9.0,19.0,7.0,-0.008573979781892893
9.0,19.0,8.0,-0.005985293991503625
9.0,19.0,9.0,-0.0005292446162408482
9.0,19.0,10.0,0.017740541809206922
9.0,19.0,11.0,0.06594189876843182
9.0,19.0,12.0,0.0003268511977340127
9.0,19.0,13.0,-0.015045349003249343
9.0,19.0,14.0,-0.005310817928014001
9.0,19.0,15.0,-1.255807040835507e-09
9.0,19.0,16.0,0.007458952193008184
9.0,19.0,17.0,-0.05602661482691694
9.0,19.0,18.0,0.025817285418999594
9.0,19.0,19.0,0.24299132441533722
9.0,19.0,20.0,1.2133929711474821e-06
9.0,20.0,0.0,-9.970450392038366e-05
9.0,20.0,1.0,-0.004444658410447864
9.0,20.0,2.0,-0.0036395082102928036
9.0,20.0,3.0,0.001636202324812125
9.0,20.0,4.0,-0.005745160760661561
9.0,20.0,5.0,0.0012090616650483887
9.0,20.0,6.0,-1.507134835746099e-11
9.0,20.0,7.0,0.0006965355880685642
9.0,20.0,8.0,0.004283594227119228
9.0,20.0,9.0,0.0006111649386068702
9.0,20.0,10.0,-0.0001374512511398418
9.0,20.0,11.0,-0.0031174894288918953
9.0,20.0,12.0,-0.0032001390471357305
9.0,20.0,13.0,-0.006762074427407333
9.0,20.0,14.0,-0.005037219471728929
9.0,20.0,15.0,-1.2558070416875852e-09
9.0,20.0,16.0,-0.004525393210382145
9.0,20.0,17.0,0.0020608553724751344
9.0,20.0,18.0,-0.0006357912257483195
9.0,20.0,19.0,-0.001554740161586965
9.0,20.0,20.0,-9.748020547715229e-08
10.0,1.0,0.0,0.06276334833911049
10.0,1.0,1.0,0.18380448782360767
10.0,1.0,2.0,-0.01937823198126587
10.0,1.0,3.0,0.01568095547591372
10.0,1.0,4.0,-5.848647020845199e-05
10.0,1.0,5.0,0.03941241554803991
10.0,1.0,6.0,-9.380424613761305e-07
10.0,1.0,7.0,-0.09329151845284692
10.0,1.0,8.0,-0.02895158911940121
10.0,1.0,9.0,0.009704614553539465
10.0,1.0,10.0,0.0183345586044128
10.0,1.0,11.0,-0.04768829488715004
10.0,1.0,12.0,0.01714239611022972
10.0,1.0,13.0,-0.02882698995398235
10.0,1.0,14.0,-0.047706745521752414
10.0,1.0,15.0,-0.0009465425020732755
10.0,1.0,16.0,-0.025508650108701736
10.0,1.0,17.0,-0.023721006526565613
10.0,1.0,18.0,0.09306987034548789
10.0,1.0,19.0,-0.028539163057669126
10.0,1.0,20.0,-8.793918269456856e-11
10.0,2.0,0.0,0.05695026228255187
10.0,2.0,1.0,-0.035656548005891714
10.0,2.0,2.0,-0.15137571613682546
10.0,2.0,3.0,0.025009959241253932
10.0,2.0,4.0,-0.01964966070775831
10.0,2.0,5.0,0.027057711830382095
10.0,2.0,6.0,-9.324607703540631e-07
10.0,2.0,7.0,-0.01528387972255063
10.0,2.0,8.0,0.04978948026013978
10.0,2.0,9.0,0.0006811649664528463
10.0,2.0,10.0,0.019407622951003956
10.0,2.0,11.0,-0.025409057456534656
10.0,2.0,12.0,-0.02054462553382469
10.0,2.0,13.0,-0.037596461505781845
10.0,2.0,14.0,-0.07303625131729619
10.0,2.0,15.0,-0.000945662942499744
10.0,2.0,16.0,-0.04178237764785464
10.0,2.0,17.0,-0.004362134086188185
10.0,2.0,18.0,-0.0014082189966916625
10.0,2.0,19.0,0.024910988232749287
10.0,2.0,20.0,-8.793918051842399e-11
10.0,3.0,0.0,0.005243314825083445
10.0,3.0,1.0,-0.04836450168230622
10.0,3.0,2.0,0.0003119834503964303
10.0,3.0,3.0,0.19496960856006307
10.0,3.0,4.0,0.011430353505081259
10.0,3.0,5.0,0.0017040712086875132
10.0,3.0,6.0,-9.228272641331782e-07
10.0,3.0,7.0,0.028006753576400145
10.0,3.0,8.0,0.018070313774568608
10.0,3.0,9.0,0.0034340717682532773
10.0,3.0,10.0,0.006074508174680304
10.0,3.0,11.0,-0.04003608145354198
10.0,3.0,12.0,0.010485963054787162
10.0,3.0,13.0,-0.0025353385971574813
10.0,3.0,14.0,-0.011554352246362809
10.0,3.0,15.0,-0.0006034295924813236
10.0,3.0,16.0,-0.024821591484505356
10.0,3.0,17.0,-0.00598990521842091
10.0,3.0,18.0,-0.01599928041365331
10.0,3.0,19.0,0.038954830921026584
10.0,3.0,20.0,-8.793918349721587e-11
10.0,4.0,0.0,-0.01560462005606017
10.0,4.0,1.0,0.00014511986540190203
10.0,4.0,2.0,-0.03643405798196803
10.0,4.0,3.0,-0.006570051151290474
10.0,4.0,4.0,0.21018406187726835
10.0,4.0,5.0,-0.013753801975985386
10.0,4.0,6.0,1.9658745943643966e-06
10.0,4.0,7.0,0.019703909996303892
10.0,4.0,8.0,0.029484535917449192
10.0,4.0,9.0,0.004491703101110467
10.0,4.0,10.0,0.0004444259411305884
10.0,4.0,11.0,0.08705900455336574
10.0,4.0,12.0,0.05157575637319495
10.0,4.0,13.0,-0.03598373473448595
10.0,4.0,14.0,0.006483121229257205
10.0,4.0,15.0,-0.0009573056320946238
10.0,4.0,16.0,0.07325673546610412
10.0,4.0,17.0,0.05151226262351405
10.0,4.0,18.0,0.0008496868218803855
10.0,4.0,19.0,0.028453531115533393
10.0,4.0,20.0,-8.793918356373381e-11
10.0,5.0,0.0,0.011256168401010597
10.0,5.0,1.0,0.003326886886647354
10.0,5.0,2.0,0.006841680740751616
10.0,5.0,3.0,0.012352548828041016
10.0,5.0,4.0,-0.0260312750119005
10.0,5.0,5.0,-0.11886941521889853
10.0,5.0,6.0,-4.1849877301839755e-07
10.0,5.0,7.0,0.004098100814749817
10.0,5.0,8.0,-0.0073005164009027484
10.0,5.0,9.0,-0.001972960420434683
10.0,5.0,10.0,-0.0027322901865127758
10.0,5.0,11.0,0.0031860080718819073
10.0,5.0,12.0,-0.01921205376021662
10.0,5.0,13.0,0.0013802901811854548
10.0,5.0,14.0,-0.0060215460270845456
10.0,5.0,15.0,0.014330596640655573
10.0,5.0,16.0,-0.012175747015417016
10.0,5.0,17.0,-0.03327872141372629
10.0,5.0,18.0,0.0021179926882708144
10.0,5.0,19.0,-0.021426966438678696
10.0,5.0,20.0,-8.793918345001e-11
10.0,6.0,0.0,0.00011687817070116235
10.0,6.0,1.0,4.920404886972485e-05
10.0,6.0,2.0,-0.00010308588461077628
10.0,6.0,3.0,-0.00017816082493518626
10.0,6.0,4.0,2.1132247523980574e-05
10.0,6.0,5.0,-0.00016246013472784315
10.0,6.0,6.0,-2.366256418598597e-07
10.0,6.0,7.0,-8.779458211144453e-05
10.0,6.0,8.0,-3.722977084241741e-05
10.0,6.0,9.0,-0.00013424174958637236
10.0,6.0,10.0,3.1960526437391223e-05
10.0,6.0,11.0,0.00012496753243262937
10.0,6.0,12.0,3.852942503435042e-06
10.0,6.0,13.0,0.0002457005027383871
10.0,6.0,14.0,-2.5953264051359337e-05
10.0,6.0,15.0,-0.0005854971652163751
10.0,6.0,16.0,1.700901381207487e-05
10.0,6.0,17.0,-0.00031850249038201106
10.0,6.0,18.0,2.94640519986622e-05
10.0,6.0,19.0,-1.2326632380155189e-05
10.0,6.0,20.0,-8.793918362453061e-11
10.0,7.0,0.0,0.006332151905369704
10.0,7.0,1.0,-0.0010080161176753838
10.0,7.0,2.0,-0.009081024947602379
10.0,7.0,3.0,0.024437303709671426
10.0,7.0,4.0,0.012743879599909524
10.0,7.0,5.0,-0.001934172448894711
10.0,7.0,6.0,6.839880123503924e-07
10.0,7.0,7.0,0.19521091862803014
10.0,7.0,8.0,0.015289461957521441
10.0,7.0,9.0,0.013184056119388804
10.0,7.0,10.0,-0.010571310098121622
10.0,7.0,11.0,0.003143677166911274
10.0,7.0,12.0,0.06588619024333137
10.0,7.0,13.0,-0.009895288056698558
10.0,7.0,14.0,-0.014929611112632135
10.0,7.0,15.0,-0.0009580600733923032
10.0,7.0,16.0,-0.017989571460901188
10.0,7.0,17.0,-0.029524963142046112
10.0,7.0,18.0,0.009996013196624354
10.0,7.0,19.0,0.05699662359228641
10.0,7.0,20.0,-8.793918360167268e-11
10.0,8.0,0.0,-3.3256214405585904e-05
10.0,8.0,1.0,-0.05508718075160432
10.0,8.0,2.0,-0.011501078477306942
10.0,8.0,3.0,-0.04513009816853583
10.0,8.0,4.0,-0.0981237061627025
10.0,8.0,5.0,0.005216624824497751
10.0,8.0,6.0,-9.378597607917928e-07
10.0,8.0,7.0,-0.010220597307486562
10.0,8.0,8.0,0.20833580000642293
10.0,8.0,9.0,-0.009443598068000991
10.0,8.0,10.0,-0.004701021321483423
10.0,8.0,11.0,-0.03277966588771081
10.0,8.0,12.0,-0.026939024414201873
10.0,8.0,13.0,-0.03323647037107614
10.0,8.0,14.0,-0.006702214151986852
10.0,8.0,15.0,0.008305871863915255
10.0,8.0,16.0,-0.05699522181608241
10.0,8.0,17.0,0.05408525744360815
10.0,8.0,18.0,-0.03104742690106968
10.0,8.0,19.0,-0.028342258899070938
10.0,8.0,20.0,-8.79391806118444e-11
10.0,9.0,0.0,0.01768875919427601
10.0,9.0,1.0,0.0002086837702391653
10.0,9.0,2.0,0.0040776657250460036
10.0,9.0,3.0,0.004233254901476524
10.0,9.0,4.0,-0.03205451572741158
10.0,9.0,5.0,-0.04171603973501749
10.0,9.0,6.0,6.967714516945155e-07
10.0,9.0,7.0,-0.007824280490723673
10.0,9.0,8.0,-0.00320767580043628
10.0,9.0,9.0,-0.19318369505548608
10.0,9.0,10.0,-0.0046220550443576425
10.0,9.0,11.0,-0.007177689691581557
10.0,9.0,12.0,-0.016104986520482034
10.0,9.0,13.0,-0.0050015130048091175
10.0,9.0,14.0,0.00017064294222890464
10.0,9.0,15.0,-0.0005788457476506768
10.0,9.0,16.0,9.850625494856047e-05
10.0,9.0,17.0,-0.010738591085042548
10.0,9.0,18.0,-0.009192543023361338
10.0,9.0,19.0,-0.01244154845076989
10.0,9.0,20.0,-8.793918251688989e-11
10.0,10.0,0.0,-0.013085158739121416
10.0,10.0,1.0,0.0038248509116302065
10.0,10.0,2.0,0.02914322227883842
10.0,10.0,3.0,-0.007546846380626304
10.0,10.0,4.0,0.024575658098377917
10.0,10.0,5.0,-0.0020555195847179603
10.0,10.0,6.0,-4.887800624874215e-07
10.0,10.0,7.0,0.04306016900263704
10.0,10.0,8.0,-0.00274242410210504
10.0,10.0,9.0,0.042700928030136864
10.0,10.0,10.0,0.2029282406313384
10.0,10.0,11.0,0.02373599082467298
10.0,10.0,12.0,0.020154771938241278
10.0,10.0,13.0,0.005489329872943156
10.0,10.0,14.0,-0.006804345319874949
10.0,10.0,15.0,-0.0007771762649319432
10.0,10.0,16.0,0.002253616693632776
10.0,10.0,17.0,-0.017835885678139984
10.0,10.0,18.0,0.011202345806307912
10.0,10.0,19.0,0.04532800749809951
10.0,10.0,20.0,-8.793918363124175e-11
10.0,11.0,0.0,0.0591253200338448
10.0,11.0,1.0,-0.017173558117395932
10.0,11.0,2.0,0.011968044881868728
10.0,11.0,3.0,0.00756861445951873
10.0,11.0,4.0,-0.06799820542591273
10.0,11.0,5.0,0.05416193304779805
10.0,11.0,6.0,-9.380485341042338e-07
10.0,11.0,7.0,-0.0592618067633362
10.0,11.0,8.0,0.01105075629022409
10.0,11.0,9.0,0.010679328901082974
10.0,11.0,10.0,0.017017811602951627
10.0,11.0,11.0,-0.2572122013049033
10.0,11.0,12.0,0.006997768768365109
10.0,11.0,13.0,0.0035858575671900636
10.0,11.0,14.0,-0.005953293247826619
10.0,11.0,15.0,0.027484922822963127
10.0,11.0,16.0,-0.04608907031354681
10.0,11.0,17.0,0.0014208714147501134
10.0,11.0,18.0,-0.009274367440187226
10.0,11.0,19.0,-0.015178184546692675
10.0,11.0,20.0,-8.793918340208209e-11
10.0,12.0,0.0,0.00880587261144869
10.0,12.0,1.0,-0.02718843420003393
10.0,12.0,2.0,-0.009851411585500708
10.0,12.0,3.0,-0.018412029038309935
10.0,12.0,4.0,-0.04292182823954005
10.0,12.0,5.0,0.023650217200767695
10.0,12.0,6.0,-9.357208931252769e-07
10.0,12.0,7.0,-0.020687035201541
10.0,12.0,8.0,0.08259164909598794
10.0,12.0,9.0,0.03571046336285852
10.0,12.0,10.0,0.003743050290996086
10.0,12.0,11.0,-0.04906639902995574
10.0,12.0,12.0,0.18872968545336932
10.0,12.0,13.0,-0.015212370030517848
10.0,12.0,14.0,-0.013664887726712871
10.0,12.0,15.0,-0.0007407348117022733
10.0,12.0,16.0,-0.05434743738973813
10.0,12.0,17.0,0.01563584242275773
10.0,12.0,18.0,-0.011325782582001231
10.0,12.0,19.0,-0.010250099408541824
10.0,12.0,20.0,-8.793917590774208e-11
10.0,13.0,0.0,0.002302794255031243
10.0,13.0,1.0,0.02526373130147233
10.0,13.0,2.0,-0.013079086296815895
10.0,13.0,3.0,0.01026578423521679
10.0,13.0,4.0,0.09075491605628794
10.0,13.0,5.0,-0.008017047223767615
10.0,13.0,6.0,7.665328539668752e-07
10.0,13.0,7.0,0.0722192986557535
10.0,13.0,8.0,-0.019277588508145135
10.0,13.0,9.0,0.01462141814757728
10.0,13.0,10.0,0.0013819619809489758
10.0,13.0,11.0,0.03664031499380099
10.0,13.0,12.0,0.04628383553038512
10.0,13.0,13.0,0.18380618482630642
10.0,13.0,14.0,0.01854041583562549
10.0,13.0,15.0,-0.0009526178299834482
10.0,13.0,16.0,0.021643017414455068
10.0,13.0,17.0,-0.06096491496483619
10.0,13.0,18.0,0.024903045396155454
10.0,13.0,19.0,0.045270432121330195
10.0,13.0,20.0,-8.793918363089868e-11
10.0,14.0,0.0,0.05839098495726164
10.0,14.0,1.0,-0.042867147606895036
10.0,14.0,2.0,-0.01178560092933803
10.0,14.0,3.0,0.025507251451864693
10.0,14.0,4.0,-0.014434988089096712
10.0,14.0,5.0,0.07044217738012691
10.0,14.0,6.0,-9.380493794632785e-07
10.0,14.0,7.0,-0.021518499005438507
10.0,14.0,8.0,0.02367038781241186
10.0,14.0,9.0,0.005130796787941427
10.0,14.0,10.0,0.013955236127306703
10.0,14.0,11.0,-0.053467668877316576
10.0,14.0,12.0,-0.003011128995318302
10.0,14.0,13.0,-0.02950389122817426
10.0,14.0,14.0,-0.22997100352087763
10.0,14.0,15.0,-0.0009581837995085384
10.0,14.0,16.0,-0.0753371187108226
10.0,14.0,17.0,-0.010686298748832646
10.0,14.0,18.0,0.023186422055664513
10.0,14.0,19.0,-0.005045691212214876
10.0,14.0,20.0,-8.793918306217634e-11
10.0,15.0,0.0,0.00019973127636585541
10.0,15.0,1.0,5.2471132615236615e-05
10.0,15.0,2.0,-0.0001690461004522359
10.0,15.0,3.0,-0.0002892025754104577
10.0,15.0,4.0,2.284789160666989e-05
10.0,15.0,5.0,-0.0002359939570616698
10.0,15.0,6.0,6.955677394973859e-07
10.0,15.0,7.0,-0.00015613006374787242
10.0,15.0,8.0,-2.9989919665782128e-05
10.0,15.0,9.0,-0.00020943979394608125
10.0,15.0,10.0,5.254223120948476e-05
10.0,15.0,11.0,0.00015581241833545478
10.0,15.0,12.0,-2.9260558463917175e-05
10.0,15.0,13.0,0.00036201741336871346
10.0,15.0,14.0,-6.097647449465615e-05
10.0,15.0,15.0,-0.0009581891388229035
10.0,15.0,16.0,2.4310492580115195e-06
10.0,15.0,17.0,-0.0005052912972172696
10.0,15.0,18.0,4.2354617979578624e-05
10.0,15.0,19.0,-1.946137986708063e-05
10.0,15.0,20.0,-8.793918180584728e-11
10.0,16.0,0.0,-0.0482282527983222
10.0,16.0,1.0,0.04218570384106482
10.0,16.0,2.0,0.0528688896682126
10.0,16.0,3.0,-0.013033035849971453
10.0,16.0,4.0,0.05092698356114811
10.0,16.0,5.0,-0.04165353459288436
10.0,16.0,6.0,-4.693518852437214e-08
10.0,16.0,7.0,0.029931924551154176
10.0,16.0,8.0,-0.02979776967323544
10.0,16.0,9.0,-0.0077917360053811335
10.0,16.0,10.0,-0.01724994682879394
10.0,16.0,11.0,0.08092611114016102
10.0,16.0,12.0,0.018200178906869813
10.0,16.0,13.0,0.0425186957729271
10.0,16.0,14.0,0.10082134032599033
10.0,16.0,15.0,-0.0009195958365054074
10.0,16.0,16.0,0.264195852101363
10.0,16.0,17.0,0.06363465348962244
10.0,16.0,18.0,0.00044068650346060223
10.0,16.0,19.0,-0.014026209915617538
10.0,16.0,20.0,-8.793918362776486e-11
10.0,17.0,0.0,0.00637215853465839
10.0,17.0,1.0,0.044501171262383704
10.0,17.0,2.0,0.007361265866494798
10.0,17.0,3.0,0.015568290993123651
10.0,17.0,4.0,-0.03995945352929775
10.0,17.0,5.0,-0.002839045436729276
10.0,17.0,6.0,-9.328638653574165e-07
10.0,17.0,7.0,-0.01720252514438414
10.0,17.0,8.0,-0.04065173766557435
10.0,17.0,9.0,-0.021591252419012247
10.0,17.0,10.0,-0.010224802363489105
10.0,17.0,11.0,-0.0291584223109721
10.0,17.0,12.0,-0.005134154244077371
10.0,17.0,13.0,0.018239116692557428
10.0,17.0,14.0,0.03748063584949607
10.0,17.0,15.0,0.0018852966172670607
10.0,17.0,16.0,0.03253467401989274
10.0,17.0,17.0,0.1911903250309177
10.0,17.0,18.0,0.005774920508652359
10.0,17.0,19.0,-0.06043618039592136
10.0,17.0,20.0,-8.793918355076345e-11
10.0,18.0,0.0,0.01669803243002463
10.0,18.0,1.0,-0.027933945618658515
10.0,18.0,2.0,-0.0074192131066151135
10.0,18.0,3.0,0.0064042929601040854
10.0,18.0,4.0,-0.018077315678883044
10.0,18.0,5.0,0.029459553271802094
10.0,18.0,6.0,-9.377538545158488e-07
10.0,18.0,7.0,-0.024310453220310696
10.0,18.0,8.0,0.02017519607932107
10.0,18.0,9.0,0.002763342499452176
10.0,18.0,10.0,-0.0037511109303552947
10.0,18.0,11.0,-0.05576275427100624
10.0,18.0,12.0,-0.005452464338945917
10.0,18.0,13.0,-0.040295981934208074
10.0,18.0,14.0,-0.04189588745247355
10.0,18.0,15.0,-0.0009562539589982156
10.0,18.0,16.0,-0.05106097081430938
10.0,18.0,17.0,-0.04283166314929587
10.0,18.0,18.0,0.18751149027092542
10.0,18.0,19.0,-0.04239460119623556
10.0,18.0,20.0,-8.793834421574964e-11
10.0,19.0,0.0,-0.013353499276697434
10.0,19.0,1.0,0.010668559698208263
10.0,19.0,2.0,-0.0029419807965118117
10.0,19.0,3.0,-0.03647304778411298
10.0,19.0,4.0,0.05178946335546997
10.0,19.0,5.0,-0.053486361857178505
10.0,19.0,6.0,2.5158115211384385e-07
10.0,19.0,7.0,0.025549443351524426
10.0,19.0,8.0,0.0055157053420483715
10.0,19.0,9.0,0.006740835943489815
10.0,19.0,10.0,0.03677871614570438
10.0,19.0,11.0,0.10334761563510059
10.0,19.0,12.0,0.002872838487861129
10.0,19.0,13.0,-0.009157310747190936
10.0,19.0,14.0,-0.0033639942129827793
10.0,19.0,15.0,-0.0009267380394126323
10.0,19.0,16.0,0.021357324211970896
10.0,19.0,17.0,-0.00927856291284579
10.0,19.0,18.0,0.0322990000055762
10.0,19.0,19.0,0.20113640315063708
10.0,19.0,20.0,-8.793918361906402e-11
10.0,20.0,0.0,0.00011687200857263269
10.0,20.0,1.0,4.9212647165980394e-05
10.0,20.0,2.0,-0.00010312309549498355
10.0,20.0,3.0,-0.0001781355780010041
10.0,20.0,4.0,2.1024755997300915e-05
10.0,20.0,5.0,-0.00016246747666708028
10.0,20.0,6.0,-5.397765455493386e-07
10.0,20.0,7.0,-8.779737564063028e-05
10.0,20.0,8.0,-3.724915059000189e-05
10.0,20.0,9.0,-0.00013420370952255123
10.0,20.0,10.0,3.174460804716839e-05
10.0,20.0,11.0,0.0001248731992076202
10.0,20.0,12.0,3.964466841144265e-06
10.0,20.0,13.0,0.00024568929080747565
10.0,20.0,14.0,-2.59963304584665e-05
10.0,20.0,15.0,-0.0005854970790170542
10.0,20.0,16.0,1.7167287226338424e-05
10.0,20.0,17.0,-0.0003185763706409772
10.0,20.0,18.0,2.9456294857649334e-05
10.0,20.0,19.0,-1.2217731609531768e-05
10.0,20.0,20.0,1.9880859757960118e-07
11.0,1.0,0.0,0.030663416258037368
11.0,1.0,1.0,0.18306133311749204
11.0,1.0,2.0,-9.658617969417888e-06
11.0,1.0,3.0,0.01650207268573295
11.0,1.0,4.0,0.0003462664563578244
11.0,1.0,5.0,0.004558045869331923
11.0,1.0,6.0,-2.7227842574932852e-11
11.0,1.0,7.0,-0.06127058583244116
11.0,1.0,8.0,-0.056152600728166656
11.0,1.0,9.0,0.0037629383874442646
11.0,1.0,10.0,-0.011645150536332416
11.0,1.0,11.0,-0.03171211659142169
11.0,1.0,12.0,0.023184802688909767
11.0,1.0,13.0,-2.7668643733594953e-08
11.0,1.0,14.0,-0.007312825208574975
11.0,1.0,15.0,-4.803410660138318e-06
11.0,1.0,16.0,-0.01024177259113479
11.0,1.0,17.0,-0.023102921855163164
11.0,1.0,18.0,0.033814252995695016
11.0,1.0,19.0,-0.022675409340196073
11.0,1.0,20.0,-1.4126094734940088e-07
11.0,2.0,0.0,0.002237144947603631
11.0,2.0,1.0,-0.0065937958393817355
11.0,2.0,2.0,-0.006765345338190895
11.0,2.0,3.0,0.003526709075331369
11.0,2.0,4.0,0.0003384479508727889
11.0,2.0,5.0,0.0010442075621990843
11.0,2.0,6.0,-2.7227832692994396e-11
11.0,2.0,7.0,0.002581538484388801
11.0,2.0,8.0,0.0033292790281086587
11.0,2.0,9.0,0.00021246844819425292
11.0,2.0,10.0,0.0015955984740257945
11.0,2.0,11.0,-0.001886606566761817
11.0,2.0,12.0,-0.0024599603917910273
11.0,2.0,13.0,-2.7668638814151593e-08
11.0,2.0,14.0,-0.007488096374822197
11.0,2.0,15.0,-4.803211121611934e-06
11.0,2.0,16.0,-0.005838356856677218
11.0,2.0,17.0,-0.0058966306845042345
11.0,2.0,18.0,0.0031204943715181233
11.0,2.0,19.0,0.004965476477428843
11.0,2.0,20.0,-1.4126072383325287e-07
11.0,3.0,0.0,0.024716540406609644
11.0,3.0,1.0,-0.013982402784689079
11.0,3.0,2.0,0.002043798387232192
11.0,3.0,3.0,0.20542576316203387
11.0,3.0,4.0,0.00035833987495204056
11.0,3.0,5.0,0.0030013750706581743
11.0,3.0,6.0,-2.7227842772646625e-11
11.0,3.0,7.0,0.05668598130107452
11.0,3.0,8.0,0.025274231176282913
11.0,3.0,9.0,0.017365483701341305
11.0,3.0,10.0,0.028754333938574073
11.0,3.0,11.0,-0.05991192193155784
11.0,3.0,12.0,0.025713739439005345
11.0,3.0,13.0,-2.76686449924809e-08
11.0,3.0,14.0,-0.026971583105638474
11.0,3.0,15.0,-4.8029314780890116e-06
11.0,3.0,16.0,-0.05983697259752874
11.0,3.0,17.0,-0.025750032026706022
11.0,3.0,18.0,0.026767205009764483
11.0,3.0,19.0,0.08400469494584739
11.0,3.0,20.0,-1.412612162392723e-07
11.0,4.0,0.0,0.0014832052206008584
11.0,4.0,1.0,-0.006340312141122979
11.0,4.0,2.0,-0.004851494731090102
11.0,4.0,3.0,0.002764016868341712
11.0,4.0,4.0,0.0003601800566324087
11.0,4.0,5.0,0.0010542365937947495
11.0,4.0,6.0,-2.7227842466732736e-11
11.0,4.0,7.0,0.002209634232620522
11.0,4.0,8.0,0.003087389599900625
11.0,4.0,9.0,0.00011678269306791833
11.0,4.0,10.0,0.001546055508146238
11.0,4.0,11.0,-0.001478620526452451
11.0,4.0,12.0,-0.0016168104376624304
11.0,4.0,13.0,-2.7668644133736318e-08
11.0,4.0,14.0,-0.006466386765069273
11.0,4.0,15.0,-4.803210394039901e-06
11.0,4.0,16.0,-0.004423246746984688
11.0,4.0,17.0,-0.004948700463727942
11.0,4.0,18.0,0.002556689093520137
11.0,4.0,19.0,0.004076215122539972
11.0,4.0,20.0,-1.4126085453313528e-07
11.0,5.0,0.0,0.009518523045764948
11.0,5.0,1.0,0.01750146600686982
11.0,5.0,2.0,-0.003928081725497785
11.0,5.0,3.0,0.013481838632868781
11.0,5.0,4.0,-0.009220133249847717
11.0,5.0,5.0,-0.1511606513183445
11.0,5.0,6.0,-2.7227829957897392e-11
11.0,5.0,7.0,0.02163292545413814
11.0,5.0,8.0,-0.00025886396158174285
11.0,5.0,9.0,-0.007357936116842961
11.0,5.0,10.0,0.008133990466357988
11.0,5.0,11.0,0.022732369744029784
11.0,5.0,12.0,0.012374001927481115
11.0,5.0,13.0,-2.766864405414661e-08
11.0,5.0,14.0,-0.01105135193143409
11.0,5.0,15.0,-4.776110915753533e-06
11.0,5.0,16.0,-0.009432621851883094
11.0,5.0,17.0,-0.022441416397382098
11.0,5.0,18.0,-0.0035929216608411862
11.0,5.0,19.0,-0.00831043218984373
11.0,5.0,20.0,-1.4126097198901183e-07
11.0,6.0,0.0,0.0015101940538307934
11.0,6.0,1.0,-0.006344702028122585
11.0,6.0,2.0,-0.004845788165869608
11.0,6.0,3.0,0.0026614335254900867
11.0,6.0,4.0,0.00033804663364322973
11.0,6.0,5.0,0.00106084220149269
11.0,6.0,6.0,1.107874720175282e-06
11.0,6.0,7.0,0.0023307869987694574
11.0,6.0,8.0,0.0030766917405116168
11.0,6.0,9.0,0.0001856607492358442
11.0,6.0,10.0,0.0013997187871327421
11.0,6.0,11.0,-0.0014957995694276083
11.0,6.0,12.0,-0.0018092758048973145
11.0,6.0,13.0,-2.7668644371827502e-08
11.0,6.0,14.0,-0.006468842345897743
11.0,6.0,15.0,-4.803211041175263e-06
11.0,6.0,16.0,-0.004667553949255332
11.0,6.0,17.0,-0.004946233472875195
11.0,6.0,18.0,0.0025494965191479313
11.0,6.0,19.0,0.004076681635958868
11.0,6.0,20.0,-1.4126086190473236e-07
11.0,7.0,0.0,0.024799430329695005
11.0,7.0,1.0,-0.0018618127396151998
11.0,7.0,2.0,-0.0032616083087435768
11.0,7.0,3.0,0.03446597165322535
11.0,7.0,4.0,0.00035879963729834596
11.0,7.0,5.0,0.010043038517285052
11.0,7.0,6.0,-2.7227842766239694e-11
11.0,7.0,7.0,0.22426288448343126
11.0,7.0,8.0,0.05097510192550672
11.0,7.0,9.0,0.045928130703084574
11.0,7.0,10.0,0.07541365108684583
11.0,7.0,11.0,-0.03115817321273305
11.0,7.0,12.0,0.08676310531100423
11.0,7.0,13.0,-2.7668645123604302e-08
11.0,7.0,14.0,-0.025802643726185855
11.0,7.0,15.0,-4.803522305753699e-06
11.0,7.0,16.0,-0.06060351414687537
11.0,7.0,17.0,-0.02576710181472547
11.0,7.0,18.0,0.03561232026189842
11.0,7.0,19.0,0.10994941914487366
11.0,7.0,20.0,-1.4126124272549935e-07
11.0,8.0,0.0,-0.010002707766427199
11.0,8.0,1.0,-0.0005070391348802709
11.0,8.0,2.0,-0.00672895035116889
11.0,8.0,3.0,-0.04960959888400818
11.0,8.0,4.0,-0.058028472256959285
11.0,8.0,5.0,0.0023354597093688256
11.0,8.0,6.0,-2.7227842763015415e-11
11.0,8.0,7.0,-0.013640944733396193
11.0,8.0,8.0,0.209033798062164
11.0,8.0,9.0,0.015543549328813439
11.0,8.0,10.0,-0.011864392489570164
11.0,8.0,11.0,-0.015581456965916202
11.0,8.0,12.0,0.01761454655303968
11.0,8.0,13.0,-2.7668645194310894e-08
11.0,8.0,14.0,-0.0014706269975883653
11.0,8.0,15.0,-4.800744126621629e-06
11.0,8.0,16.0,-0.05808137402134139
11.0,8.0,17.0,0.05584978833299298
11.0,8.0,18.0,-0.024561020675377604
11.0,8.0,19.0,-0.05323159672496136
11.0,8.0,20.0,-1.41256086033504e-07
11.0,9.0,0.0,0.02911411782612572
11.0,9.0,1.0,-0.0053499454208080135
11.0,9.0,2.0,-0.0030197639771839006
11.0,9.0,3.0,0.011802237095940082
11.0,9.0,4.0,-0.003044403484600333
11.0,9.0,5.0,-0.02010381614457088
11.0,9.0,6.0,-2.7227842432485326e-11
11.0,9.0,7.0,0.0053428347140373755
11.0,9.0,8.0,0.00014890231543480958
11.0,9.0,9.0,-0.20186131365950974
11.0,9.0,10.0,0.01982702809872272
11.0,9.0,11.0,0.0030018241306896953
11.0,9.0,12.0,-0.0008432272765527271
11.0,9.0,13.0,-2.766864480284296e-08
11.0,9.0,14.0,-0.007098498458250467
11.0,9.0,15.0,-4.803532245360191e-06
11.0,9.0,16.0,0.017839819355167763
11.0,9.0,17.0,-0.013796733187418322
11.0,9.0,18.0,-0.006820735190865984
11.0,9.0,19.0,0.010365866873132012
11.0,9.0,20.0,-1.41260931454765e-07
11.0,10.0,0.0,0.00047468546639128917
11.0,10.0,1.0,-0.006128296389804199
11.0,10.0,2.0,0.028695083389751776
11.0,10.0,3.0,-0.005063051823017695
11.0,10.0,4.0,0.0003590191052211811
11.0,10.0,5.0,0.01444067800970128
11.0,10.0,6.0,-2.7227820777337337e-11
11.0,10.0,7.0,0.0484063660240395
11.0,10.0,8.0,0.01474920855464884
11.0,10.0,9.0,0.0480003522207976
11.0,10.0,10.0,0.21600765198110994
11.0,10.0,11.0,-0.004892707578928068
11.0,10.0,12.0,0.02480736245207593
11.0,10.0,13.0,-2.7668642764342318e-08
11.0,10.0,14.0,-0.028227585030984118
11.0,10.0,15.0,-4.802618896962872e-06
11.0,10.0,16.0,-0.021200054245678723
11.0,10.0,17.0,-0.009811692855788756
11.0,10.0,18.0,0.02047788170930359
11.0,10.0,19.0,0.05218450743647063
11.0,10.0,20.0,-1.4126123136853827e-07
11.0,11.0,0.0,0.01473848230602115
11.0,11.0,1.0,-0.0003170854256161447
11.0,11.0,2.0,-0.004521715303847448
11.0,11.0,3.0,0.013499836773936569
11.0,11.0,4.0,-0.028482949559154314
11.0,11.0,5.0,-0.006692670561471659
11.0,11.0,6.0,-2.722784183672108e-11
11.0,11.0,7.0,-0.00973822064381924
11.0,11.0,8.0,0.00043207817641460755
11.0,11.0,9.0,-0.004802718894508035
11.0,11.0,10.0,-0.003191071947352908
11.0,11.0,11.0,-0.14153637077649478
11.0,11.0,12.0,0.004564498760938784
11.0,11.0,13.0,-2.766864367268201e-08
11.0,11.0,14.0,-0.00936326344483062
11.0,11.0,15.0,-4.749127719026305e-06
11.0,11.0,16.0,-0.024860402952987082
11.0,11.0,17.0,-0.003330300151560238
11.0,11.0,18.0,-0.006581784200896973
11.0,11.0,19.0,-0.04479829034537497
11.0,11.0,20.0,-1.4126072396616195e-07
11.0,12.0,0.0,0.00023228625718296758
11.0,12.0,1.0,-0.0076811971366048774
11.0,12.0,2.0,-0.0063775271507133975
11.0,12.0,3.0,-3.9172421870792284e-05
11.0,12.0,4.0,-0.0002092064591528997
11.0,12.0,5.0,0.017311870970378285
11.0,12.0,6.0,-2.7227842721682334e-11
11.0,12.0,7.0,0.014460017786247586
11.0,12.0,8.0,0.042717219260475725
11.0,12.0,9.0,0.07449156133119353
11.0,12.0,10.0,-0.0011901862043760536
11.0,12.0,11.0,-0.07723370404241223
11.0,12.0,12.0,0.2151077852183732
11.0,12.0,13.0,-2.7668644226899778e-08
11.0,12.0,14.0,-0.018426571717921107
11.0,12.0,15.0,-4.802879319519905e-06
11.0,12.0,16.0,-0.0780076016604152
11.0,12.0,17.0,-0.0063221355842886726
11.0,12.0,18.0,0.007383289695618966
11.0,12.0,19.0,-0.011423593260077136
11.0,12.0,20.0,-1.4126124557860008e-07
11.0,13.0,0.0,0.0014931014583422497
11.0,13.0,1.0,-0.006343409978440934
11.0,13.0,2.0,-0.00484606174582261
11.0,13.0,3.0,0.0027387676675218464
11.0,13.0,4.0,0.00033804430912676153
11.0,13.0,5.0,0.0010594826477484665
11.0,13.0,6.0,-2.722784256293621e-11
11.0,13.0,7.0,0.002244205192355214
11.0,13.0,8.0,0.003080402644634203
11.0,13.0,9.0,0.0001350902750770211
11.0,13.0,10.0,0.001508699246089873
11.0,13.0,11.0,-0.0014900768806597464
11.0,13.0,12.0,-0.0016703832914624073
11.0,13.0,13.0,3.5372081458268434e-05
11.0,13.0,14.0,-0.006470279597722815
11.0,13.0,15.0,-4.803209671720634e-06
11.0,13.0,16.0,-0.004496500621597677
11.0,13.0,17.0,-0.004955302148808547
11.0,13.0,18.0,0.0025578774756869205
11.0,13.0,19.0,0.004073957403441741
11.0,13.0,20.0,-1.4126085636509165e-07
11.0,14.0,0.0,0.002991051464247496
11.0,14.0,1.0,-0.007107450696285933
11.0,14.0,2.0,-0.004945908367702065
11.0,14.0,3.0,0.007850698484024532
11.0,14.0,4.0,0.000337466135502118
11.0,14.0,5.0,0.005886113834220136
11.0,14.0,6.0,-2.72276951138172e-11
11.0,14.0,7.0,0.002378709331168377
11.0,14.0,8.0,0.004002064803912825
11.0,14.0,9.0,0.0014665028872808683
11.0,14.0,10.0,0.0014049600593377676
11.0,14.0,11.0,-0.006974615461289302
11.0,14.0,12.0,-0.00162687087637986
11.0,14.0,13.0,-2.766858648562916e-08
11.0,14.0,14.0,-0.02945370171434001
11.0,14.0,15.0,-4.803421053913048e-06
11.0,14.0,16.0,-0.011663414192465416
11.0,14.0,17.0,-0.006570225630443325
11.0,14.0,18.0,0.006915010468224125
11.0,14.0,19.0,0.0027728766156130957
11.0,14.0,20.0,-1.412604790036241e-07
11.0,15.0,0.0,0.001486614083104909
11.0,15.0,1.0,-0.00634398092824663
11.0,15.0,2.0,-0.004846152349567026
11.0,15.0,3.0,0.0027427885444504807
11.0,15.0,4.0,0.0003380413393192505
11.0,15.0,5.0,0.0010589727046108888
11.0,15.0,6.0,-2.7227842670230698e-11
11.0,15.0,7.0,0.0022302482028319914
11.0,15.0,8.0,0.0030856492181751266
11.0,15.0,9.0,0.0001292936207751283
11.0,15.0,10.0,0.0015169659030764837
11.0,15.0,11.0,-0.001487680879411507
11.0,15.0,12.0,-0.0016589105670242743
11.0,15.0,13.0,-2.7668644409675545e-08
11.0,15.0,14.0,-0.006470253090322429
11.0,15.0,15.0,-4.741892346591169e-06
11.0,15.0,16.0,-0.004478142013432884
11.0,15.0,17.0,-0.004952193272141501
11.0,15.0,18.0,0.002555799153563243
11.0,15.0,19.0,0.004070576866254005
11.0,15.0,20.0,-1.4126086329496418e-07
11.0,16.0,0.0,-0.01051417717596187
11.0,16.0,1.0,0.0070712462443348854
11.0,16.0,2.0,0.021724572616519756
11.0,16.0,3.0,-0.014575094949885847
11.0,16.0,4.0,0.0003601688342168563
11.0,16.0,5.0,-0.012217346778213428
11.0,16.0,6.0,-2.72278331180937e-11
11.0,16.0,7.0,0.0040197145897502284
11.0,16.0,8.0,-0.029780304816941924
11.0,16.0,9.0,-0.033680190834035395
11.0,16.0,10.0,0.0012130683364450778
11.0,16.0,11.0,0.06491428263473939
11.0,16.0,12.0,-0.0018096339281872265
11.0,16.0,13.0,-2.7668638577712328e-08
11.0,16.0,14.0,0.05806564436742631
11.0,16.0,15.0,-4.803574278332316e-06
11.0,16.0,16.0,0.2433258692857153
11.0,16.0,17.0,0.03789044049519197
11.0,16.0,18.0,-0.020685004410975177
11.0,16.0,19.0,0.0055937866982948
11.0,16.0,20.0,-1.4125629424129326e-07
11.0,17.0,0.0,-0.007612611852883977
11.0,17.0,1.0,0.08704621132329046
11.0,17.0,2.0,0.002529840646240759
11.0,17.0,3.0,0.0025756710747971145
11.0,17.0,4.0,-0.008802248206407515
11.0,17.0,5.0,-0.02827112122144025
11.0,17.0,6.0,-2.7227842430654617e-11
11.0,17.0,7.0,-0.020401850018611778
11.0,17.0,8.0,-0.026611785173142333
11.0,17.0,9.0,0.0024222750786878355
11.0,17.0,10.0,-0.01518698257815454
11.0,17.0,11.0,0.01463779906168633
11.0,17.0,12.0,0.01081998908965226
11.0,17.0,13.0,-2.766863421397456e-08
11.0,17.0,14.0,0.04796240089136186
11.0,17.0,15.0,-4.7916180806303835e-06
11.0,17.0,16.0,0.06985043941884284
11.0,17.0,17.0,0.2245447501861746
11.0,17.0,18.0,-0.0754672503080574
11.0,17.0,19.0,-0.08166284013678371
11.0,17.0,20.0,-1.4126066133921168e-07
11.0,18.0,0.0,0.005876630101398828
11.0,18.0,1.0,-0.00869084313962888
11.0,18.0,2.0,-0.006240678068312517
11.0,18.0,3.0,0.007401180049733613
11.0,18.0,4.0,0.00032977347800566825
11.0,18.0,5.0,0.0010585314355473774
11.0,18.0,6.0,-2.7227842700022768e-11
11.0,18.0,7.0,-0.002451698090292581
11.0,18.0,8.0,0.011095390327726662
11.0,18.0,9.0,0.007840343529811833
11.0,18.0,10.0,-0.0035642424268699235
11.0,18.0,11.0,-0.06774704614155001
11.0,18.0,12.0,0.003966365969020613
11.0,18.0,13.0,-2.7668645121131635e-08
11.0,18.0,14.0,-0.01567927664179142
11.0,18.0,15.0,-4.803587438664092e-06
11.0,18.0,16.0,-0.08105929740304091
11.0,18.0,17.0,-0.022629108878416963
11.0,18.0,18.0,0.20464364319234402
11.0,18.0,19.0,-0.020156842714220025
11.0,18.0,20.0,-1.4123205729414609e-07
11.0,19.0,0.0,0.025698108609715997
11.0,19.0,1.0,-0.010458599820143598
11.0,19.0,2.0,-0.004875308441723707
11.0,19.0,3.0,-0.01156275367498616
11.0,19.0,4.0,0.00036011735548791
11.0,19.0,5.0,0.0008182416693787165
11.0,19.0,6.0,-2.7227830963764863e-11
11.0,19.0,7.0,-0.0005620174861983851
11.0,19.0,8.0,0.01160966147122304
11.0,19.0,9.0,0.004052344874267894
11.0,19.0,10.0,0.01950541136536843
11.0,19.0,11.0,0.019191574233359376
11.0,19.0,12.0,-0.004751971338083305
11.0,19.0,13.0,-2.766864473491943e-08
11.0,19.0,14.0,-0.012042463477890553
11.0,19.0,15.0,-4.803529546388337e-06
11.0,19.0,16.0,-0.015152697653936453
11.0,19.0,17.0,-0.024859621832742276
11.0,19.0,18.0,0.03246093643499803
11.0,19.0,19.0,0.13084552419796913
11.0,19.0,20.0,-1.412611982919452e-07
11.0,20.0,0.0,0.0014902764514658218
11.0,20.0,1.0,-0.006344090812844675
11.0,20.0,2.0,-0.00484610070191901
11.0,20.0,3.0,0.0027321758754829117
11.0,20.0,4.0,0.0003380420333519707
11.0,20.0,5.0,0.0010592192748518081
11.0,20.0,6.0,-2.7227842593093938e-11
11.0,20.0,7.0,0.0022452521131425818
11.0,20.0,8.0,0.0030845610073398644
11.0,20.0,9.0,0.00013723128786302663
11.0,20.0,10.0,0.0015005737840527722
11.0,20.0,11.0,-0.001488837147501254
11.0,20.0,12.0,-0.0016777515107810337
11.0,20.0,13.0,-2.7668644255539252e-08
11.0,20.0,14.0,-0.006470087561833024
11.0,20.0,15.0,-4.803209941651706e-06
11.0,20.0,16.0,-0.004503359523983064
11.0,20.0,17.0,-0.004951338847445575
11.0,20.0,18.0,0.002554928611212537
11.0,20.0,19.0,0.004071483273487275
11.0,20.0,20.0,4.4312039736979613e-07
12.0,1.0,0.0,0.06466391373980629
12.0,1.0,1.0,0.1882143570060983
12.0,1.0,2.0,-0.009392907257501484
12.0,1.0,3.0,0.005448504046541208
12.0,1.0,4.0,0.034192053625835106
12.0,1.0,5.0,0.035420452522462675
12.0,1.0,6.0,-4.5278431009504014e-12
12.0,1.0,7.0,-0.03958109883883107
12.0,1.0,8.0,-0.03487880860494012
12.0,1.0,9.0,0.03379674184730891
12.0,1.0,10.0,0.010089198901382712
12.0,1.0,11.0,-0.00031819757429708313
12.0,1.0,12.0,0.0782356074813998
12.0,1.0,13.0,-0.001737226992222188
12.0,1.0,14.0,-0.00608167229031978
12.0,1.0,15.0,-0.008771630194321395
12.0,1.0,16.0,-0.042631963044317656
12.0,1.0,17.0,-0.0198085199501587
12.0,1.0,18.0,0.026166824613908568
12.0,1.0,19.0,0.00801796728507409
12.0,1.0,20.0,-1.3184469208925248e-09
12.0,2.0,0.0,0.0056010594026773
12.0,2.0,1.0,-0.010690552518650049
12.0,2.0,2.0,-0.09167471291446544
12.0,2.0,3.0,0.004822914130860778
12.0,2.0,4.0,0.020478070597247044
12.0,2.0,5.0,0.017543586820002233
12.0,2.0,6.0,-4.527843112828672e-12
12.0,2.0,7.0,0.003500668835949794
12.0,2.0,8.0,0.022733527417690608
12.0,2.0,9.0,-0.005890820398687102
12.0,2.0,10.0,0.007143514847824606
12.0,2.0,11.0,-0.00031636153717269736
12.0,2.0,12.0,-0.027053666995859704
12.0,2.0,13.0,-0.0018768208896354094
12.0,2.0,14.0,-0.006852818243202204
12.0,2.0,15.0,-0.005096019725152223
12.0,2.0,16.0,-0.0029014483050067708
12.0,2.0,17.0,-0.030621036930569168
12.0,2.0,18.0,0.005657589451928985
12.0,2.0,19.0,0.041026485911256017
12.0,2.0,20.0,-1.318446945024812e-09
12.0,3.0,0.0,-0.005052170366308728
12.0,3.0,1.0,-0.017620329572943984
12.0,3.0,2.0,-0.03302929306748962
12.0,3.0,3.0,0.19239300032010923
12.0,3.0,4.0,0.10329072227713854
12.0,3.0,5.0,0.026234011189226025
12.0,3.0,6.0,-4.5278429947796364e-12
12.0,3.0,7.0,0.045402050093518054
12.0,3.0,8.0,0.024145299907166448
12.0,3.0,9.0,0.006249653684851364
12.0,3.0,10.0,0.01554161669212728
12.0,3.0,11.0,-0.00031820778930705904
12.0,3.0,12.0,0.00878319190970045
12.0,3.0,13.0,-0.001879479013478721
12.0,3.0,14.0,-0.005611430363365592
12.0,3.0,15.0,-0.015292263746572443
12.0,3.0,16.0,0.00909265822115235
12.0,3.0,17.0,-0.05695989752627406
12.0,3.0,18.0,0.00954627532054314
12.0,3.0,19.0,0.07495792792834921
12.0,3.0,20.0,-1.318447030337362e-09
12.0,4.0,0.0,-0.00048789380964536777
12.0,4.0,1.0,0.0012319576528003438
12.0,4.0,2.0,-0.02847313072030387
12.0,4.0,3.0,-0.011721676182904317
12.0,4.0,4.0,0.21649227945124294
12.0,4.0,5.0,0.03483831763186995
12.0,4.0,6.0,-4.527843129250937e-12
12.0,4.0,7.0,0.0025113561161257403
12.0,4.0,8.0,0.010287077589011345
12.0,4.0,9.0,0.01082835451184283
12.0,4.0,10.0,0.010495894843641662
12.0,4.0,11.0,-0.00031459757463982337
12.0,4.0,12.0,0.041235724815185504
12.0,4.0,13.0,-0.0018831478103012592
12.0,4.0,14.0,-0.004902656211747472
12.0,4.0,15.0,-0.01518811130800779
12.0,4.0,16.0,0.03110335288395366
12.0,4.0,17.0,0.028930349641566266
12.0,4.0,18.0,0.005147600421207765
12.0,4.0,19.0,0.05906135004204205
12.0,4.0,20.0,-1.318446105111413e-09
12.0,5.0,0.0,0.02396447545720315
12.0,5.0,1.0,0.01818461121876666
12.0,5.0,2.0,-0.002154006441492398
12.0,5.0,3.0,0.013047043986621154
12.0,5.0,4.0,-0.032595967021257
12.0,5.0,5.0,-0.16913222001903117
12.0,5.0,6.0,-4.527843132416614e-12
12.0,5.0,7.0,-0.006526634413292903
12.0,5.0,8.0,-0.003402058644025152
12.0,5.0,9.0,0.028118703293072977
12.0,5.0,10.0,0.0046903619240677985
12.0,5.0,11.0,-0.00029168803246697845
12.0,5.0,12.0,0.03646972458263864
12.0,5.0,13.0,-0.0015868766432129955
12.0,5.0,14.0,-0.006085244680114281
12.0,5.0,15.0,0.047161204422546066
12.0,5.0,16.0,-0.04190852730815425
12.0,5.0,17.0,-0.04633557281431422
12.0,5.0,18.0,0.009872110489461211
12.0,5.0,19.0,-0.004314617094642315
12.0,5.0,20.0,-1.3184470752006805e-09
12.0,6.0,0.0,4.673104110169968e-05
12.0,6.0,1.0,-0.0008904560119887411
12.0,6.0,2.0,-0.00040320774423642514
12.0,6.0,3.0,0.0013233765575486334
12.0,6.0,4.0,-3.394293819580785e-05
12.0,6.0,5.0,0.0010783018781265752
12.0,6.0,6.0,7.407371533064075e-07
12.0,6.0,7.0,-0.0004576703584175945
12.0,6.0,8.0,0.00014866227553772537
12.0,6.0,9.0,-0.00031333804378430585
12.0,6.0,10.0,-3.167506727508318e-05
12.0,6.0,11.0,-0.0003169218150927558
12.0,6.0,12.0,-0.0008185799182165443
12.0,6.0,13.0,-0.0017624315189107985
12.0,6.0,14.0,-0.004479405613199698
12.0,6.0,15.0,-0.00035367056454055357
12.0,6.0,16.0,-0.0004269767524862078
12.0,6.0,17.0,0.00021661563776637083
12.0,6.0,18.0,0.0004078266656136059
12.0,6.0,19.0,0.00015667680214004331
12.0,6.0,20.0,-1.318446942137889e-09
12.0,7.0,0.0,0.007774617572435888
12.0,7.0,1.0,-0.010187296484158243
12.0,7.0,2.0,-0.02535703969815102
12.0,7.0,3.0,0.02835723000955087
12.0,7.0,4.0,0.03754847435328068
12.0,7.0,5.0,0.010725541976850772
12.0,7.0,6.0,-4.52784312973727e-12
12.0,7.0,7.0,0.20737977193460938
12.0,7.0,8.0,0.043810795888186815
12.0,7.0,9.0,0.004283559405064197
12.0,7.0,10.0,0.023286824560344588
12.0,7.0,11.0,-0.00031776872758673886
12.0,7.0,12.0,0.012148451332219867
12.0,7.0,13.0,-0.0018668714421714756
12.0,7.0,14.0,-0.006484802167194387
12.0,7.0,15.0,-0.0476600041104657
12.0,7.0,16.0,-0.017470704173704388
12.0,7.0,17.0,-0.06330094229924466
12.0,7.0,18.0,0.00868600356459806
12.0,7.0,19.0,0.051343206803238006
12.0,7.0,20.0,-1.3184470641887358e-09
12.0,8.0,0.0,0.00282374379633038
12.0,8.0,1.0,-0.012840052216668861
12.0,8.0,2.0,-0.05318389877007108
12.0,8.0,3.0,-0.03632474284601822
12.0,8.0,4.0,-0.0762636608397711
12.0,8.0,5.0,-0.0053005667047166805
12.0,8.0,6.0,-4.527843129957458e-12
12.0,8.0,7.0,-0.007673557365927175
12.0,8.0,8.0,0.20964953914950712
12.0,8.0,9.0,-0.009196498631174777
12.0,8.0,10.0,-0.0018136307435472343
12.0,8.0,11.0,-0.00031444951148078254
12.0,8.0,12.0,-0.032121299976357154
12.0,8.0,13.0,-0.0018828621013515135
12.0,8.0,14.0,-0.006533518724944323
12.0,8.0,15.0,0.004981029085321276
12.0,8.0,16.0,-0.014214582576807466
12.0,8.0,17.0,-0.005122963166325656
12.0,8.0,18.0,-0.0011135368831911435
12.0,8.0,19.0,-0.007108111136160167
12.0,8.0,20.0,-1.3184470823884075e-09
12.0,9.0,0.0,0.0566653074267017
12.0,9.0,1.0,0.00290514976068185
12.0,9.0,2.0,0.026145960536843982
12.0,9.0,3.0,-0.0063677218511680456
12.0,9.0,4.0,-0.037465929283459376
12.0,9.0,5.0,-0.06154122881120533
12.0,9.0,6.0,-4.527842444177085e-12
12.0,9.0,7.0,-0.019344787108905748
12.0,9.0,8.0,-0.009662393817793657
12.0,9.0,9.0,-0.24115032262457967
12.0,9.0,10.0,-0.020572929793380546
12.0,9.0,11.0,-0.0003134791651126947
12.0,9.0,12.0,-0.014770582279439892
12.0,9.0,13.0,-0.00188266827873766
12.0,9.0,14.0,0.013050068433258235
12.0,9.0,15.0,-0.07595109468705497
12.0,9.0,16.0,0.06054917697511719
12.0,9.0,17.0,-0.02960177779997153
12.0,9.0,18.0,0.0002648421614973029
12.0,9.0,19.0,-0.047624880602952446
12.0,9.0,20.0,-1.3184444637064657e-09
12.0,10.0,0.0,-0.03606325261376561
12.0,10.0,1.0,0.001968874246843954
12.0,10.0,2.0,0.008196219105522345
12.0,10.0,3.0,0.0001431387360608105
12.0,10.0,4.0,0.027396203259713814
12.0,10.0,5.0,0.029487193723472194
12.0,10.0,6.0,-4.081174995865566e-12
12.0,10.0,7.0,0.05275648085302331
12.0,10.0,8.0,0.007426742186256136
12.0,10.0,9.0,0.12227567119666455
12.0,10.0,10.0,0.22170503877565262
12.0,10.0,11.0,-0.0003171364189065748
12.0,10.0,12.0,0.028681160515580673
12.0,10.0,13.0,-0.0010342967559528755
12.0,10.0,14.0,-0.006968442127003153
12.0,10.0,15.0,0.06438733832747567
12.0,10.0,16.0,-0.03599931848910881
12.0,10.0,17.0,0.02195015301586417
12.0,10.0,18.0,0.006489109526268827
12.0,10.0,19.0,0.0772249321765962
12.0,10.0,20.0,-1.3047615339365428e-09
12.0,11.0,0.0,-6.024138394075673e-05
12.0,11.0,1.0,-0.0008765147504965452
12.0,11.0,2.0,-0.0003406366484599438
12.0,11.0,3.0,0.0012975215218492542
12.0,11.0,4.0,0.0002015975465308184
12.0,11.0,5.0,0.0012009028426144819
12.0,11.0,6.0,-4.527842727662232e-12
12.0,11.0,7.0,-0.0006790253544895486
12.0,11.0,8.0,0.00016097308972025381
12.0,11.0,9.0,-0.0013685543909371933
12.0,11.0,10.0,0.0006646093031266176
12.0,11.0,11.0,-0.00031808108280181814
12.0,11.0,12.0,-0.0009850189862530834
12.0,11.0,13.0,-0.001762258256886179
12.0,11.0,14.0,-0.0044771297258762825
12.0,11.0,15.0,-0.000423120334719862
12.0,11.0,16.0,-0.001088235018349648
12.0,11.0,17.0,-0.00043162185678952136
12.0,11.0,18.0,0.00041584145175486975
12.0,11.0,19.0,-0.0003727474563189892
12.0,11.0,20.0,-1.318399416884482e-09
12.0,12.0,0.0,-0.018326461654267434
12.0,12.0,1.0,-0.007600135182806235
12.0,12.0,2.0,-0.03891812190819725
12.0,12.0,3.0,-0.0010731020078934006
12.0,12.0,4.0,0.0059012552575374855
12.0,12.0,5.0,0.03322262503985096
12.0,12.0,6.0,-4.527843131684855e-12
12.0,12.0,7.0,0.005112079896278043
12.0,12.0,8.0,0.030036886699396054
12.0,12.0,9.0,0.08330137814871491
12.0,12.0,10.0,0.0076893172733043524
12.0,12.0,11.0,-0.0003182109168718567
12.0,12.0,12.0,0.18890898246463217
12.0,12.0,13.0,-0.0016677976989821236
12.0,12.0,14.0,-0.006896893140423013
12.0,12.0,15.0,0.017204308742510777
12.0,12.0,16.0,-0.08551834696405641
12.0,12.0,17.0,-0.0006497517039453227
12.0,12.0,18.0,0.000532791326063986
12.0,12.0,19.0,0.02459543707906542
12.0,12.0,20.0,-1.3184432814145752e-09
12.0,13.0,0.0,0.0012906717846470073
12.0,13.0,1.0,-0.009732364820807356
12.0,13.0,2.0,-0.01609098325358513
12.0,13.0,3.0,0.0013871756690147785
12.0,13.0,4.0,0.07298077378376755
12.0,13.0,5.0,0.020264397178043625
12.0,13.0,6.0,-4.5278430969852425e-12
12.0,13.0,7.0,0.04294715491951501
12.0,13.0,8.0,0.014749448757188158
12.0,13.0,9.0,0.006458281704296687
12.0,13.0,10.0,0.010008261119700435
12.0,13.0,11.0,-0.00031714035197692817
12.0,13.0,12.0,0.009726092779915985
12.0,13.0,13.0,0.15388440802745618
12.0,13.0,14.0,-0.005239322719846928
12.0,13.0,15.0,-0.013667129170875814
12.0,13.0,16.0,-0.0059503700300195805
12.0,13.0,17.0,-0.03938490244846371
12.0,13.0,18.0,0.013514481730719174
12.0,13.0,19.0,0.03457607832693532
12.0,13.0,20.0,-1.3184470041331111e-09
12.0,14.0,0.0,0.0001096228491453688
12.0,14.0,1.0,-0.0010561155982831867
12.0,14.0,2.0,-0.0007226877835437295
12.0,14.0,3.0,0.001901692310797426
12.0,14.0,4.0,0.0009065759560786812
12.0,14.0,5.0,0.0019365456479082388
12.0,14.0,6.0,-4.527842422277167e-12
12.0,14.0,7.0,-0.0007177267709120305
12.0,14.0,8.0,0.000276172413047282
12.0,14.0,9.0,-0.0016630966618606524
12.0,14.0,10.0,0.0008297728544198746
12.0,14.0,11.0,-0.00031700964992887774
12.0,14.0,12.0,-0.0012500717162289843
12.0,14.0,13.0,-0.001768274250681813
12.0,14.0,14.0,-0.0069693635523719434
12.0,14.0,15.0,-0.0006437092186892812
12.0,14.0,16.0,-0.001453878667647679
12.0,14.0,17.0,-0.0007973175065695837
12.0,14.0,18.0,0.0008046522738325845
12.0,14.0,19.0,-5.098054243202199e-05
12.0,14.0,20.0,-1.318437338270111e-09
12.0,15.0,0.0,0.07110172821697947
12.0,15.0,1.0,-0.0037002907428236274
12.0,15.0,2.0,-0.0015424014874189096
12.0,15.0,3.0,-0.020375901845720273
12.0,15.0,4.0,-0.0033964997591221513
12.0,15.0,5.0,-0.04699027581942039
12.0,15.0,6.0,-4.5278431219773035e-12
12.0,15.0,7.0,-0.031887649888080266
12.0,15.0,8.0,-0.007244939437101763
12.0,15.0,9.0,-0.08713773293552479
12.0,15.0,10.0,-0.012242294434800183
12.0,15.0,11.0,-0.0003123463736550948
12.0,15.0,12.0,-0.059494280001981203
12.0,15.0,13.0,-0.0017450656376493357
12.0,15.0,14.0,-0.0015621339077315647
12.0,15.0,15.0,-0.22544010178880483
12.0,15.0,16.0,0.026901578840397566
12.0,15.0,17.0,-0.06059205974550547
12.0,15.0,18.0,-0.002079406122677388
12.0,15.0,19.0,-0.0646533374422672
12.0,15.0,20.0,-1.3184465709001602e-09
12.0,16.0,0.0,0.011385840087032528
12.0,16.0,1.0,0.0165046707187217
12.0,16.0,2.0,0.08737007172740135
12.0,16.0,3.0,-0.027427771934305345
12.0,16.0,4.0,-0.02200010947728992
12.0,16.0,5.0,-0.050069763541974066
12.0,16.0,6.0,-4.527843101343083e-12
12.0,16.0,7.0,-0.011006244065377646
12.0,16.0,8.0,-0.01913419380964143
12.0,16.0,9.0,-0.036313328496542674
12.0,16.0,10.0,-0.013035246598001038
12.0,16.0,11.0,-0.00024300381158204998
12.0,16.0,12.0,0.021430128260596593
12.0,16.0,13.0,-0.0006240321743132585
12.0,16.0,14.0,0.07588953198433152
12.0,16.0,15.0,-0.035494108290161114
12.0,16.0,16.0,0.22867263549031225
12.0,16.0,17.0,0.031761675607858475
12.0,16.0,18.0,-0.015231931584227004
12.0,16.0,19.0,-0.060574720904931434
12.0,16.0,20.0,-1.3184449091849887e-09
12.0,17.0,0.0,0.029000306929657188
12.0,17.0,1.0,0.054260106321733254
12.0,17.0,2.0,0.018016240869751912
12.0,17.0,3.0,0.01674881550467927
12.0,17.0,4.0,-0.07067224701463204
12.0,17.0,5.0,-0.04347675823745922
12.0,17.0,6.0,-4.527843123773664e-12
12.0,17.0,7.0,-0.0148637859265697
12.0,17.0,8.0,-0.03173259622045907
12.0,17.0,9.0,-0.010410519909444749
12.0,17.0,10.0,-0.0096359884449152
12.0,17.0,11.0,-0.0003173376638608736
12.0,17.0,12.0,0.01343065323233611
12.0,17.0,13.0,0.00017662726980184683
12.0,17.0,14.0,0.003915974490335976
12.0,17.0,15.0,-0.00446810429297273
12.0,17.0,16.0,0.034536217310818684
12.0,17.0,17.0,0.18368134381130485
12.0,17.0,18.0,-0.00898902959773297
12.0,17.0,19.0,-0.06245120791587555
12.0,17.0,20.0,-1.3184470643368644e-09
12.0,18.0,0.0,-0.005039004769853528
12.0,18.0,1.0,-0.008531470723311462
12.0,18.0,2.0,-0.034695503131234505
12.0,18.0,3.0,0.010034569367470741
12.0,18.0,4.0,0.03850728905085854
12.0,18.0,5.0,0.021171018368829786
12.0,18.0,6.0,-4.5278428623569966e-12
12.0,18.0,7.0,0.009462425559004894
12.0,18.0,8.0,0.010245854982575589
12.0,18.0,9.0,0.018985849950019396
12.0,18.0,10.0,0.02544225260888755
12.0,18.0,11.0,-0.0003181921210970764
12.0,18.0,12.0,-0.0045742749472104105
12.0,18.0,13.0,-0.0018835423486970257
12.0,18.0,14.0,-0.0069049923036234315
12.0,18.0,15.0,0.0009775060093621946
12.0,18.0,16.0,-0.07978734281328459
12.0,18.0,17.0,-0.019252047406491946
12.0,18.0,18.0,0.1989646046188863
12.0,18.0,19.0,-0.007181052401941446
12.0,18.0,20.0,-1.3184470662043497e-09
12.0,19.0,0.0,0.008384512996758686
12.0,19.0,1.0,-0.0014693243043986115
12.0,19.0,2.0,0.008180446882012748
12.0,19.0,3.0,0.05103567144346613
12.0,19.0,4.0,-0.06177380259045062
12.0,19.0,5.0,-0.00786170962880356
12.0,19.0,6.0,-4.527840787552264e-12
12.0,19.0,7.0,-0.0007211287885086626
12.0,19.0,8.0,-0.005014798150474911
12.0,19.0,9.0,-0.029940646566728624
12.0,19.0,10.0,-0.039745564744758766
12.0,19.0,11.0,-0.0003181931463454341
12.0,19.0,12.0,-0.017565722438293907
12.0,19.0,13.0,-0.0010752033684699254
12.0,19.0,14.0,0.005607227050637473
12.0,19.0,15.0,-0.01447154636024875
12.0,19.0,16.0,0.023920482073414517
12.0,19.0,17.0,0.029661997148612396
12.0,19.0,18.0,-0.029150628101516418
12.0,19.0,19.0,-0.22568158581530062
12.0,19.0,20.0,-1.3184470835436218e-09
12.0,20.0,0.0,3.0203216339730332e-05
12.0,20.0,1.0,-0.0008898121684008907
12.0,20.0,2.0,-0.0003978432618828437
12.0,20.0,3.0,0.001309922586323592
12.0,20.0,4.0,1.314768712912251e-05
12.0,20.0,5.0,0.0010894500557085962
12.0,20.0,6.0,-4.52784313460925e-12
12.0,20.0,7.0,-0.0004907355806358926
12.0,20.0,8.0,0.0001507635469143731
12.0,20.0,9.0,-0.0004980315416141523
12.0,20.0,10.0,8.162002222611431e-05
12.0,20.0,11.0,-0.0003169215647764607
12.0,20.0,12.0,-0.0008509233780513159
12.0,20.0,13.0,-0.001762418829084307
12.0,20.0,14.0,-0.004479382654723891
12.0,20.0,15.0,-0.00034556232186777613
12.0,20.0,16.0,-0.000525669290376396
12.0,20.0,17.0,0.00010456080811294122
12.0,20.0,18.0,0.0004102569999112765
12.0,20.0,19.0,5.8902814809580484e-05
12.0,20.0,20.0,2.5808628403692844e-07
13.0,1.0,0.0,0.029085358560784313
13.0,1.0,1.0,0.17160762353872938
13.0,1.0,2.0,-0.00981037667340362
13.0,1.0,3.0,0.009327170999890277
13.0,1.0,4.0,0.043984772874985256
13.0,1.0,5.0,0.01891221112319689
13.0,1.0,6.0,-5.754128096280112e-12
13.0,1.0,7.0,-0.038573209462862634
13.0,1.0,8.0,-0.04034770976116228
13.0,1.0,9.0,0.01742117349060132
13.0,1.0,10.0,0.0031292137920023166
13.0,1.0,11.0,-0.00024066598082224408
13.0,1.0,12.0,0.07212034146644097
13.0,1.0,13.0,-2.3641197342660394e-09
13.0,1.0,14.0,-0.005247318001155514
13.0,1.0,15.0,-0.0018979504159905292
13.0,1.0,16.0,-0.016789361967798788
13.0,1.0,17.0,-0.057125150401906466
13.0,1.0,18.0,0.056320420022819895
13.0,1.0,19.0,0.008878492801379312
13.0,1.0,20.0,-1.0208092679453075e-06
13.0,2.0,0.0,0.01939898429328979
13.0,2.0,1.0,-0.0022838758814164046
13.0,2.0,2.0,-0.14035314703473387
13.0,2.0,3.0,0.01722859713827013
13.0,2.0,4.0,0.007203900575799338
13.0,2.0,5.0,-0.013731201545352192
13.0,2.0,6.0,-5.754128011743556e-12
13.0,2.0,7.0,0.004998703641124674
13.0,2.0,8.0,0.028544643300651817
13.0,2.0,9.0,-0.009314020796217376
13.0,2.0,10.0,0.0035409534732401826
13.0,2.0,11.0,-0.00023951412467024832
13.0,2.0,12.0,-0.039530117439095847
13.0,2.0,13.0,-2.3641197337466026e-09
13.0,2.0,14.0,-0.014117173306284758
13.0,2.0,15.0,-0.003400446320860201
13.0,2.0,16.0,-0.023475817114958053
13.0,2.0,17.0,-0.04042900812635611
13.0,2.0,18.0,0.012476826559540355
13.0,2.0,19.0,0.04027365529360449
13.0,2.0,20.0,-1.0208128561120822e-06
13.0,3.0,0.0,0.004139497708598006
13.0,3.0,1.0,-0.0023278016185751126
13.0,3.0,2.0,-0.005073467812171245
13.0,3.0,3.0,0.19871899649603791
13.0,3.0,4.0,0.044901955353259915
13.0,3.0,5.0,-0.007102991023759574
13.0,3.0,6.0,-5.7541280946033925e-12
13.0,3.0,7.0,0.03326776271737178
13.0,3.0,8.0,0.022163142864287055
13.0,3.0,9.0,0.00822516604582657
13.0,3.0,10.0,0.005955050895368019
13.0,3.0,11.0,-0.00024068371540645342
13.0,3.0,12.0,0.009405121569673436
13.0,3.0,13.0,-2.36411973574959e-09
13.0,3.0,14.0,-0.0072909800147107975
13.0,3.0,15.0,-0.00412279665379503
13.0,3.0,16.0,-0.049935531072331396
13.0,3.0,17.0,-0.06848560550465393
13.0,3.0,18.0,0.018182621277887
13.0,3.0,19.0,0.05496336370043442
13.0,3.0,20.0,-1.0208064216788697e-06
13.0,4.0,0.0,0.007996730753836001
13.0,4.0,1.0,-0.002089416086328397
13.0,4.0,2.0,-0.0480357768143911
13.0,4.0,3.0,-0.0047645097243210754
13.0,4.0,4.0,0.18859153963697328
13.0,4.0,5.0,-0.033709629939589515
13.0,4.0,6.0,-5.754128079072464e-12
13.0,4.0,7.0,-0.014760143385699448
13.0,4.0,8.0,0.0269253354654983
13.0,4.0,9.0,-0.008043181938092836
13.0,4.0,10.0,-0.0006859202382732965
13.0,4.0,11.0,-0.0002115420911167705
13.0,4.0,12.0,0.015462615333839302
13.0,4.0,13.0,-2.364119742438602e-09
13.0,4.0,14.0,0.0030788038188607966
13.0,4.0,15.0,-0.011771752116077089
13.0,4.0,16.0,0.02398192818858902
13.0,4.0,17.0,0.03153895053145306
13.0,4.0,18.0,-0.002370313772605978
13.0,4.0,19.0,0.03842810104312444
13.0,4.0,20.0,-1.0208133786809072e-06
13.0,5.0,0.0,0.00021877878179327181
13.0,5.0,1.0,-0.001758321686250772
13.0,5.0,2.0,0.0010907215113047097
13.0,5.0,3.0,0.0006686042157078576
13.0,5.0,4.0,-0.00856097673700229
13.0,5.0,5.0,-0.047090279571095114
13.0,5.0,6.0,-5.754125206669117e-12
13.0,5.0,7.0,0.005181777460947973
13.0,5.0,8.0,0.0038915993243598124
13.0,5.0,9.0,-0.009004495598182838
13.0,5.0,10.0,-0.0001282815514787039
13.0,5.0,11.0,-0.00023938423783800296
13.0,5.0,12.0,-0.0022671089921320053
13.0,5.0,13.0,-2.3641194089662744e-09
13.0,5.0,14.0,-0.00023888815622023774
13.0,5.0,15.0,0.0020186308921597285
13.0,5.0,16.0,0.0004998199890462462
13.0,5.0,17.0,0.0005984071796685808
13.0,5.0,18.0,-0.004524147848147725
13.0,5.0,19.0,-0.012776145940320505
13.0,5.0,20.0,-1.020773571515665e-06
13.0,6.0,0.0,-0.00029384271275045837
13.0,6.0,1.0,-0.0020934069273906924
13.0,6.0,2.0,0.0002470720922511105
13.0,6.0,3.0,-4.382390800661273e-05
13.0,6.0,4.0,-0.0004266939101897904
13.0,6.0,5.0,0.00012034723621984211
13.0,6.0,6.0,2.907058294320555e-06
13.0,6.0,7.0,0.000535060657442521
13.0,6.0,8.0,0.0006320254225075927
13.0,6.0,9.0,-0.00010023869967645815
13.0,6.0,10.0,-2.9012698795016778e-05
13.0,6.0,11.0,-0.00023984792774679807
13.0,6.0,12.0,-0.0010304445411327134
13.0,6.0,13.0,-2.3641197307836264e-09
13.0,6.0,14.0,-3.8057428202072086e-05
13.0,6.0,15.0,6.441263327919278e-05
13.0,6.0,16.0,0.0001825497554266975
13.0,6.0,17.0,0.0007306439717327251
13.0,6.0,18.0,-0.0008314599400778139
13.0,6.0,19.0,-0.00019917517822276576
13.0,6.0,20.0,-1.020789956466405e-06
13.0,7.0,0.0,0.015061355855322867
13.0,7.0,1.0,-0.0018894945810017615
13.0,7.0,2.0,-0.02417576580928378
13.0,7.0,3.0,0.0029488061188490122
13.0,7.0,4.0,0.014420815499661455
13.0,7.0,5.0,-0.009409359862845065
13.0,7.0,6.0,-5.754099082343002e-12
13.0,7.0,7.0,0.19264414338356156
13.0,7.0,8.0,0.057616905224527615
13.0,7.0,9.0,0.009617999758997686
13.0,7.0,10.0,0.024879055049986942
13.0,7.0,11.0,-0.00024052292494894584
13.0,7.0,12.0,0.01823299548523294
13.0,7.0,13.0,-2.3641197278704224e-09
13.0,7.0,14.0,-0.0197755935548104
13.0,7.0,15.0,-0.03870521761984652
13.0,7.0,16.0,-0.058674671013744684
13.0,7.0,17.0,-0.09054912553965408
13.0,7.0,18.0,0.024934901217638306
13.0,7.0,19.0,0.06833101378512707
13.0,7.0,20.0,-1.0208119760000812e-06
13.0,8.0,0.0,0.005193052966909584
13.0,8.0,1.0,-0.0023283671418474644
13.0,8.0,2.0,-0.064997710950757
13.0,8.0,3.0,-0.027991577004135404
13.0,8.0,4.0,-0.048780240380140616
13.0,8.0,5.0,0.010315591480409989
13.0,8.0,6.0,-5.75412811281536e-12
13.0,8.0,7.0,0.006394258418821325
13.0,8.0,8.0,0.2155481751529752
13.0,8.0,9.0,0.027322337530634094
13.0,8.0,10.0,0.002828555833475188
13.0,8.0,11.0,-0.00024012351433113507
13.0,8.0,12.0,-0.04133053113188173
13.0,8.0,13.0,-2.364119744707804e-09
13.0,8.0,14.0,-0.012338551681292387
13.0,8.0,15.0,0.018193083031418422
13.0,8.0,16.0,-0.0999157481688473
13.0,8.0,17.0,-0.030570562089291764
13.0,8.0,18.0,0.007008942202968854
13.0,8.0,19.0,0.012929070416417665
13.0,8.0,20.0,-1.0184371423951488e-06
13.0,9.0,0.0,0.007069770202144332
13.0,9.0,1.0,-0.0017183349683460346
13.0,9.0,2.0,0.01505343669195644
13.0,9.0,3.0,-0.002924849985502409
13.0,9.0,4.0,-0.07204458237439804
13.0,9.0,5.0,-0.02252452576841391
13.0,9.0,6.0,-5.754128107643237e-12
13.0,9.0,7.0,-0.0011707191274352435
13.0,9.0,8.0,-0.018885411439051036
13.0,9.0,9.0,-0.22304922672359806
13.0,9.0,10.0,-0.007966210651136396
13.0,9.0,11.0,-0.00024009293144300255
13.0,9.0,12.0,-0.0126438518351486
13.0,9.0,13.0,-2.3641197438368413e-09
13.0,9.0,14.0,0.0041058256587106975
13.0,9.0,15.0,-0.01773735988105829
13.0,9.0,16.0,0.04647575446366531
13.0,9.0,17.0,0.003473434231308803
13.0,9.0,18.0,-0.0010780915732309104
13.0,9.0,19.0,-0.03596798516668509
13.0,9.0,20.0,-1.0207525453025364e-06
13.0,10.0,0.0,0.010919000125695966
13.0,10.0,1.0,-0.002145906562230853
13.0,10.0,2.0,0.030021729112815865
13.0,10.0,3.0,-0.010243418300229123
13.0,10.0,4.0,0.03461489597183054
13.0,10.0,5.0,-0.005145270785766487
13.0,10.0,6.0,-4.520122936366765e-12
13.0,10.0,7.0,0.049164995283752955
13.0,10.0,8.0,0.022108341413877686
13.0,10.0,9.0,0.07280031818310481
13.0,10.0,10.0,0.21109074662100535
13.0,10.0,11.0,-0.0002400601656400457
13.0,10.0,12.0,0.015045256384736083
13.0,10.0,13.0,-2.3641196559200127e-09
13.0,10.0,14.0,-0.03558647882099956
13.0,10.0,15.0,-0.03787412490208948
13.0,10.0,16.0,-0.04141283850492489
13.0,10.0,17.0,-0.053829795027448335
13.0,10.0,18.0,0.020024617125835892
13.0,10.0,19.0,0.0769253212236124
13.0,10.0,20.0,-1.0208133013689118e-06
13.0,11.0,0.0,-0.00032202640280654116
13.0,11.0,1.0,-0.0020935790604437593
13.0,11.0,2.0,0.00018023909326170262
13.0,11.0,3.0,-9.444874675534898e-05
13.0,11.0,4.0,-0.000669273837602069
13.0,11.0,5.0,0.00013394655762843932
13.0,11.0,6.0,-5.754127876259244e-12
13.0,11.0,7.0,0.0005423164511614009
13.0,11.0,8.0,0.0005097316490385306
13.0,11.0,9.0,-9.759914768692202e-05
13.0,11.0,10.0,-3.286938934027317e-05
13.0,11.0,11.0,-0.00024068749696098534
13.0,11.0,12.0,-0.0008960903427069344
13.0,11.0,13.0,-2.364119695961729e-09
13.0,11.0,14.0,-3.8368231835811395e-05
13.0,11.0,15.0,6.0745611109136455e-05
13.0,11.0,16.0,0.00022993873876125948
13.0,11.0,17.0,0.0007774887005860265
13.0,11.0,18.0,-0.0008396485936549153
13.0,11.0,19.0,-7.764865653347996e-06
13.0,11.0,20.0,-1.020789605756225e-06
13.0,12.0,0.0,-0.0025562387009041565
13.0,12.0,1.0,-0.002322990801888719
13.0,12.0,2.0,-0.03253145585387432
13.0,12.0,3.0,-0.008003289737823771
13.0,12.0,4.0,0.0003071661846353324
13.0,12.0,5.0,0.024750712266055748
13.0,12.0,6.0,-5.754128112806609e-12
13.0,12.0,7.0,-0.026427376570341804
13.0,12.0,8.0,0.0843005074118019
13.0,12.0,9.0,0.07371953065865064
13.0,12.0,10.0,-0.00019101270030918993
13.0,12.0,11.0,-0.0002406875671172309
13.0,12.0,12.0,0.18315914212816725
13.0,12.0,13.0,-2.364119733991791e-09
13.0,12.0,14.0,-0.005126557162969725
13.0,12.0,15.0,0.024680151393872446
13.0,12.0,16.0,-0.06616893608460989
13.0,12.0,17.0,-0.006614270869599981
13.0,12.0,18.0,0.0016727249905370695
13.0,12.0,19.0,0.012820351745307046
13.0,12.0,20.0,-1.0208076234726997e-06
13.0,13.0,0.0,-0.00030786361647583416
13.0,13.0,1.0,-0.0020934322461783677
13.0,13.0,2.0,0.0002766742493700569
13.0,13.0,3.0,-5.623707249147181e-05
13.0,13.0,4.0,-0.0003375656367966551
13.0,13.0,5.0,0.0001319038044755097
13.0,13.0,6.0,-5.754128105646735e-12
13.0,13.0,7.0,0.0005358160570503312
13.0,13.0,8.0,0.0005758566528089037
13.0,13.0,9.0,-0.00018435567683702803
13.0,13.0,10.0,-1.8541734957522316e-05
13.0,13.0,11.0,-0.00023984780365611977
13.0,13.0,12.0,-0.0010507974993309022
13.0,13.0,13.0,2.060599087683998e-06
13.0,13.0,14.0,-3.875892334624653e-05
13.0,13.0,15.0,5.148361828852255e-05
13.0,13.0,16.0,1.671348939658035e-05
13.0,13.0,17.0,0.0008076409616679658
13.0,13.0,18.0,-0.000831696998399814
13.0,13.0,19.0,-0.00014578007941778992
13.0,13.0,20.0,-1.0207898931583658e-06
13.0,14.0,0.0,0.009779628196775747
13.0,14.0,1.0,-0.002177106473294062
13.0,14.0,2.0,-0.0016319432445097426
13.0,14.0,3.0,0.005374524534188574
13.0,14.0,4.0,0.0031996923815343914
13.0,14.0,5.0,0.008658004660625974
13.0,14.0,6.0,-5.754127499900641e-12
13.0,14.0,7.0,-0.004302941904236232
13.0,14.0,8.0,-7.621109230004919e-05
13.0,14.0,9.0,0.001239258048518016
13.0,14.0,10.0,0.0010921832210242788
13.0,14.0,11.0,-0.0002402427381133282
13.0,14.0,12.0,-0.0026659330396444636
13.0,14.0,13.0,-2.3641194460408403e-09
13.0,14.0,14.0,-0.038767799976514646
13.0,14.0,15.0,-0.007853909315123142
13.0,14.0,16.0,-0.0064302078080124
13.0,14.0,17.0,-0.007205342621657396
13.0,14.0,18.0,0.005818003075653916
13.0,14.0,19.0,0.005140308151116435
13.0,14.0,20.0,-1.0207961357683718e-06
13.0,15.0,0.0,0.026555049808372533
13.0,15.0,1.0,-0.0016684860166196812
13.0,15.0,2.0,0.009485946990937966
13.0,15.0,3.0,-0.04384269522665113
13.0,15.0,4.0,-0.03782242284183435
13.0,15.0,5.0,-0.010577832075917726
13.0,15.0,6.0,-5.75412780259964e-12
13.0,15.0,7.0,-0.042744286416434296
13.0,15.0,8.0,-0.03732239960895198
13.0,15.0,9.0,-0.05208629198565104
13.0,15.0,10.0,-0.0041494127163757
13.0,15.0,11.0,-0.00023885356680986884
13.0,15.0,12.0,-0.036808498079277496
13.0,15.0,13.0,-2.3641140369746756e-09
13.0,15.0,14.0,-0.003276993345418734
13.0,15.0,15.0,-0.1608592948549241
13.0,15.0,16.0,0.024931845435658795
13.0,15.0,17.0,-0.022225251239428256
13.0,15.0,18.0,-0.0030285546124333984
13.0,15.0,19.0,-0.05482345263866517
13.0,15.0,20.0,-1.0208133289803097e-06
13.0,16.0,0.0,-0.004946015145690208
13.0,16.0,1.0,0.008476388669112538
13.0,16.0,2.0,0.08375104254136403
13.0,16.0,3.0,-0.019018137306603566
13.0,16.0,4.0,-0.020012692432059054
13.0,16.0,5.0,-0.02148887058744081
13.0,16.0,6.0,-5.75412806866217e-12
13.0,16.0,7.0,-0.013936469604564558
13.0,16.0,8.0,-0.06218215061612098
13.0,16.0,9.0,-0.09516700592528185
13.0,16.0,10.0,-0.0077651907143974075
13.0,16.0,11.0,-0.0001930278955532681
13.0,16.0,12.0,0.01637709389473002
13.0,16.0,13.0,-2.364119720065621e-09
13.0,16.0,14.0,0.030713703565529667
13.0,16.0,15.0,-0.045392419861237154
13.0,16.0,16.0,0.2837693199815557
13.0,16.0,17.0,0.10440092643754412
13.0,16.0,18.0,-0.026362912960028434
13.0,16.0,19.0,-0.06679767979223494
13.0,16.0,20.0,-1.0208116588706336e-06
13.0,17.0,0.0,-0.013275123563940672
13.0,17.0,1.0,0.016307948261065026
13.0,17.0,2.0,0.030610903224184943
13.0,17.0,3.0,-0.006846072022752392
13.0,17.0,4.0,-0.0708811956028399
13.0,17.0,5.0,-0.021463740238010433
13.0,17.0,6.0,-5.75412811267368e-12
13.0,17.0,7.0,0.007364034541502501
13.0,17.0,8.0,-0.0066780403829002355
13.0,17.0,9.0,0.007740263163582672
13.0,17.0,10.0,-0.004246647521438052
13.0,17.0,11.0,-0.00023846653891438914
13.0,17.0,12.0,0.00246789983477963
13.0,17.0,13.0,-2.364119515220245e-09
13.0,17.0,14.0,0.041495523160027754
13.0,17.0,15.0,0.007053506612565208
13.0,17.0,16.0,0.08349667464265675
13.0,17.0,17.0,0.2382761203078833
13.0,17.0,18.0,-0.052627776680105834
13.0,17.0,19.0,-0.0784382335495839
13.0,17.0,20.0,-1.0206184306236585e-06
13.0,18.0,0.0,0.005381682643509023
13.0,18.0,1.0,-0.002275938293387768
13.0,18.0,2.0,-0.02656775036009333
13.0,18.0,3.0,-0.0038307833921126244
13.0,18.0,4.0,0.05455343479058061
13.0,18.0,5.0,0.019321924120901744
13.0,18.0,6.0,-5.754128105008874e-12
13.0,18.0,7.0,-0.007647822901917595
13.0,18.0,8.0,0.000686467959488235
13.0,18.0,9.0,0.014484829059913745
13.0,18.0,10.0,0.011858076090764502
13.0,18.0,11.0,-0.00024065454616408128
13.0,18.0,12.0,-0.0033051845299699734
13.0,18.0,13.0,-2.364119742771976e-09
13.0,18.0,14.0,-0.0015896891326690962
13.0,18.0,15.0,-0.026441685948416144
13.0,18.0,16.0,-0.06597642272613868
13.0,18.0,17.0,-0.06604488775471443
13.0,18.0,18.0,0.20706772049742594
13.0,18.0,19.0,-0.027868948517062897
13.0,18.0,20.0,-1.0207238551934116e-06
13.0,19.0,0.0,0.01095302038247098
13.0,19.0,1.0,-0.002241735421228977
13.0,19.0,2.0,-0.023419784069140887
13.0,19.0,3.0,-0.009552222720633663
13.0,19.0,4.0,0.025387666981622092
13.0,19.0,5.0,-0.04655303607509056
13.0,19.0,6.0,-5.754099258065737e-12
13.0,19.0,7.0,7.141078212491436e-05
13.0,19.0,8.0,0.046357948892968515
13.0,19.0,9.0,-0.0037354942902445842
13.0,19.0,10.0,0.00481681905606296
13.0,19.0,11.0,-0.0002365289446920494
13.0,19.0,12.0,-0.007301455632090614
13.0,19.0,13.0,-2.3641197327564236e-09
13.0,19.0,14.0,-0.0058360188516755895
13.0,19.0,15.0,-0.001248659574955846
13.0,19.0,16.0,-0.027467902550251555
13.0,19.0,17.0,-0.027868248460300116
13.0,19.0,18.0,0.029241873778055427
13.0,19.0,19.0,0.19731285909422802
13.0,19.0,20.0,-1.0208125605911274e-06
13.0,20.0,0.0,-0.0003159928725813832
13.0,20.0,1.0,-0.002093446997190586
13.0,20.0,2.0,0.00025585047023743424
13.0,20.0,3.0,-7.045114440901168e-05
13.0,20.0,4.0,-0.0004126317096631027
13.0,20.0,5.0,0.00013514765102214804
13.0,20.0,6.0,-5.754128098705758e-12
13.0,20.0,7.0,0.0005381769635379174
13.0,20.0,8.0,0.0005372963489026217
13.0,20.0,9.0,-0.00017827612359266887
13.0,20.0,10.0,-2.0420362976336648e-05
13.0,20.0,11.0,-0.00023984769858673396
13.0,20.0,12.0,-0.0010114115496933085
13.0,20.0,13.0,-2.364119727741742e-09
13.0,20.0,14.0,-3.881415240845898e-05
13.0,20.0,15.0,5.18132882659228e-05
13.0,20.0,16.0,4.083797797244104e-05
13.0,20.0,17.0,0.0008136123406140561
13.0,20.0,18.0,-0.0008341923693999942
13.0,20.0,19.0,-9.097852368833426e-05
13.0,20.0,20.0,-1.0203692152904123e-06
14.0,1.0,0.0,0.03434545849459314
14.0,1.0,1.0,0.18519530910818904
14.0,1.0,2.0,-0.011842986087344132
14.0,1.0,3.0,0.004767253263622456
14.0,1.0,4.0,0.03380971626320761
14.0,1.0,5.0,0.02555313468284269
14.0,1.0,6.0,-4.089658329320349e-11
14.0,1.0,7.0,-0.011172573613046383
14.0,1.0,8.0,-0.01977323583904113
14.0,1.0,9.0,0.008370765414004486
14.0,1.0,10.0,0.0019075082853012848
14.0,1.0,11.0,-0.029507875849381464
14.0,1.0,12.0,0.06807995225584279
14.0,1.0,13.0,-6.531860494027239e-08
14.0,1.0,14.0,0.0028354844871650055
14.0,1.0,15.0,-0.0012996396017469353
14.0,1.0,16.0,-0.015195415027571046
14.0,1.0,17.0,-0.034009997854149154
14.0,1.0,18.0,0.07440665245035674
14.0,1.0,19.0,-0.000330016414236467
14.0,1.0,20.0,-1.1758533369333046e-09
14.0,2.0,0.0,0.024968262291615473
14.0,2.0,1.0,-0.00971933087868744
14.0,2.0,2.0,-0.06901740502213771
14.0,2.0,3.0,0.00838766443137115
14.0,2.0,4.0,-0.001381724498461967
14.0,2.0,5.0,0.00889604330987992
14.0,2.0,6.0,-4.089657918618328e-11
14.0,2.0,7.0,-0.0011977474865362825
14.0,2.0,8.0,0.01593406791857188
14.0,2.0,9.0,0.0060954071877404314
14.0,2.0,10.0,0.006040262633223659
14.0,2.0,11.0,-0.013153729429678473
14.0,2.0,12.0,-0.018182017443205134
14.0,2.0,13.0,-6.531859726589304e-08
14.0,2.0,14.0,-0.010953074413918924
14.0,2.0,15.0,0.0028196755628320247
14.0,2.0,16.0,-0.02279435995056389
14.0,2.0,17.0,-0.0073082942428707165
14.0,2.0,18.0,0.0034623850700497005
14.0,2.0,19.0,0.019118089836797192
14.0,2.0,20.0,-1.1758532883292945e-09
14.0,3.0,0.0,-0.004916068516094885
14.0,3.0,1.0,-0.03997738396408594
14.0,3.0,2.0,-0.021823551229282534
14.0,3.0,3.0,0.1902139127425203
14.0,3.0,4.0,0.06446910197928646
14.0,3.0,5.0,-0.00532222170174429
14.0,3.0,6.0,-4.089655928102603e-11
14.0,3.0,7.0,0.04857107865113386
14.0,3.0,8.0,0.028792413903115044
14.0,3.0,9.0,0.009333661333777471
14.0,3.0,10.0,0.007816936151226084
14.0,3.0,11.0,-0.03226293635809586
14.0,3.0,12.0,0.014463773296287397
14.0,3.0,13.0,-6.531860535117707e-08
14.0,3.0,14.0,0.0009499986282404775
14.0,3.0,15.0,-0.004281035624238219
14.0,3.0,16.0,-0.03625572957908052
14.0,3.0,17.0,-0.029043211412717873
14.0,3.0,18.0,0.0031818970022239462
14.0,3.0,19.0,0.09238855891788289
14.0,3.0,20.0,-1.1758533357268104e-09
14.0,4.0,0.0,0.015576769318572714
14.0,4.0,1.0,0.014381880351444234
14.0,4.0,2.0,-0.04158586238920617
14.0,4.0,3.0,-0.009461589570671197
14.0,4.0,4.0,0.19586476890478144
14.0,4.0,5.0,-0.02685322950786158
14.0,4.0,6.0,-4.089658410742248e-11
14.0,4.0,7.0,-0.00354419782106713
14.0,4.0,8.0,0.019308749500205474
14.0,4.0,9.0,-0.016045772102780624
14.0,4.0,10.0,0.0020427211965788894
14.0,4.0,11.0,0.027020351357308355
14.0,4.0,12.0,0.03805378237623097
14.0,4.0,13.0,-6.531860505112066e-08
14.0,4.0,14.0,0.002613274861431175
14.0,4.0,15.0,-0.02644818036093447
14.0,4.0,16.0,0.06095513247469608
14.0,4.0,17.0,0.050998163713345646
14.0,4.0,18.0,-0.0014569522511080901
14.0,4.0,19.0,0.02385142026608711
14.0,4.0,20.0,-1.1758533135642699e-09
14.0,5.0,0.0,0.0006988879437457851
14.0,5.0,1.0,0.013779328838258317
14.0,5.0,2.0,0.0030533453791803944
14.0,5.0,3.0,0.003526523257477321
14.0,5.0,4.0,-0.006108670945601968
14.0,5.0,5.0,-0.1030965480282751
14.0,5.0,6.0,-4.0896582553786195e-11
14.0,5.0,7.0,-0.01355588523072948
14.0,5.0,8.0,0.009023841620998868
14.0,5.0,9.0,0.000300026236280046
14.0,5.0,10.0,-0.002859118366160651
14.0,5.0,11.0,0.019208188610898597
14.0,5.0,12.0,-0.032341916086123634
14.0,5.0,13.0,-6.531859563169092e-08
14.0,5.0,14.0,-0.0017755653604806451
14.0,5.0,15.0,0.012368160752446816
14.0,5.0,16.0,-0.0011095743756687204
14.0,5.0,17.0,-0.022743729319816774
14.0,5.0,18.0,0.011625397845490701
14.0,5.0,19.0,-0.02915974633496332
14.0,5.0,20.0,-1.1758533333665589e-09
14.0,6.0,0.0,0.0002425968168836834
14.0,6.0,1.0,-0.0007627532437387979
14.0,6.0,2.0,0.0005260719147504034
14.0,6.0,3.0,0.001038981646565268
14.0,6.0,4.0,-0.00026744966416636373
14.0,6.0,5.0,0.0018057038512751533
14.0,6.0,6.0,9.617786411307707e-10
14.0,6.0,7.0,0.0015082043104570897
14.0,6.0,8.0,0.0002808471996652573
14.0,6.0,9.0,0.0015448582553641982
14.0,6.0,10.0,0.00012503992053497504
14.0,6.0,11.0,-0.004550003400932638
14.0,6.0,12.0,0.0022042230015104636
14.0,6.0,13.0,-6.53185911012042e-08
14.0,6.0,14.0,-0.0016650044715676923
14.0,6.0,15.0,0.0014188161451269138
14.0,6.0,16.0,-0.002367982725571205
14.0,6.0,17.0,-0.0005493417150560509
14.0,6.0,18.0,0.0007025971387082941
14.0,6.0,19.0,0.0011145708467342752
14.0,6.0,20.0,-1.1758533346482124e-09
14.0,7.0,0.0,0.026924785008010765
14.0,7.0,1.0,0.02884753883579004
14.0,7.0,2.0,-0.02872052331246095
14.0,7.0,3.0,0.02443256301432789
14.0,7.0,4.0,0.006359523142338119
14.0,7.0,5.0,0.00944594527278815
14.0,7.0,6.0,-4.089658398710999e-11
14.0,7.0,7.0,0.18789967253921452
14.0,7.0,8.0,0.032940095682874315
14.0,7.0,9.0,-0.001247110950982691
14.0,7.0,10.0,-0.02455224319459126
14.0,7.0,11.0,-0.02520135362854482
14.0,7.0,12.0,0.029162674699195534
14.0,7.0,13.0,-6.531860499108344e-08
14.0,7.0,14.0,-0.0015012186928577628
14.0,7.0,15.0,-0.05293872247741437
14.0,7.0,16.0,-0.03794287634988841
14.0,7.0,17.0,-0.05877546990928395
14.0,7.0,18.0,0.02610580121132669
14.0,7.0,19.0,0.0366242258529883
14.0,7.0,20.0,-1.1758533367878377e-09
14.0,8.0,0.0,0.0077573673016227696
14.0,8.0,1.0,-0.03456935002956653
14.0,8.0,2.0,-0.03787169342862361
14.0,8.0,3.0,-0.0257803589526025
14.0,8.0,4.0,-0.08705372880723772
14.0,8.0,5.0,0.005241345295894026
14.0,8.0,6.0,-4.089658108143325e-11
14.0,8.0,7.0,-0.005192110063887062
14.0,8.0,8.0,0.19149286888067643
14.0,8.0,9.0,0.018786667230065474
14.0,8.0,10.0,0.004258473523733597
14.0,8.0,11.0,-0.0058383526658325954
14.0,8.0,12.0,-0.06649251011973306
14.0,8.0,13.0,-6.531860579343342e-08
14.0,8.0,14.0,-0.009622881380948942
14.0,8.0,15.0,0.025254461078754814
14.0,8.0,16.0,-0.08366670911911955
14.0,8.0,17.0,0.028850146402212007
14.0,8.0,18.0,-0.015603276033606298
14.0,8.0,19.0,-0.01481815998900915
14.0,8.0,20.0,-1.1758533330392712e-09
14.0,9.0,0.0,0.004575752199935695
14.0,9.0,1.0,0.002326900525790321
14.0,9.0,2.0,-0.002202912886194827
14.0,9.0,3.0,-0.0010280093061998674
14.0,9.0,4.0,-0.02171686984867227
14.0,9.0,5.0,-0.02065656893110869
14.0,9.0,6.0,-4.089657626799122e-11
14.0,9.0,7.0,-0.00866973489277717
14.0,9.0,8.0,0.0003423784101250493
14.0,9.0,9.0,-0.0717761179185853
14.0,9.0,10.0,-0.015381250227555987
14.0,9.0,11.0,0.003609581390470254
14.0,9.0,12.0,-0.01664220807497596
14.0,9.0,13.0,-6.531857609620477e-08
14.0,9.0,14.0,0.002163899442758889
14.0,9.0,15.0,-0.006074180345956803
14.0,9.0,16.0,0.019659324797597966
14.0,9.0,17.0,0.0006504347228839524
14.0,9.0,18.0,-0.007161368038890781
14.0,9.0,19.0,-0.012725664241090895
14.0,9.0,20.0,-1.175853334073681e-09
14.0,10.0,0.0,-0.0053045738891186744
14.0,10.0,1.0,-4.390535575730936e-05
14.0,10.0,2.0,0.04387942780407181
14.0,10.0,3.0,-0.009122874378317991
14.0,10.0,4.0,0.01839588849163587
14.0,10.0,5.0,0.013443279359802413
14.0,10.0,6.0,-4.08965845498801e-11
14.0,10.0,7.0,0.022279421461821686
14.0,10.0,8.0,-0.002420539512898806
14.0,10.0,9.0,0.03669163989057107
14.0,10.0,10.0,0.2059724790079177
14.0,10.0,11.0,-0.0011961773793262298
14.0,10.0,12.0,0.01708499749297593
14.0,10.0,13.0,-6.531859857613171e-08
14.0,10.0,14.0,-0.02473543158066209
14.0,10.0,15.0,-0.041995898484084415
14.0,10.0,16.0,-0.011615173462966089
14.0,10.0,17.0,-0.03633936692283818
14.0,10.0,18.0,0.019190138855085512
14.0,10.0,19.0,0.021401402834554606
14.0,10.0,20.0,-1.1758501998991403e-09
14.0,11.0,0.0,0.002016626320209408
14.0,11.0,1.0,-0.0032598481818762876
14.0,11.0,2.0,0.002420906137148515
14.0,11.0,3.0,0.0031459787640093495
14.0,11.0,4.0,-0.0058795083677828375
14.0,11.0,5.0,0.005966244424091369
14.0,11.0,6.0,-4.089657314093225e-11
14.0,11.0,7.0,0.006284330722882175
14.0,11.0,8.0,0.0013255971089625174
14.0,11.0,9.0,0.003948109235570818
14.0,11.0,10.0,0.0004480658867551668
14.0,11.0,11.0,-0.03247490217102068
14.0,11.0,12.0,0.008357646724021617
14.0,11.0,13.0,-6.531857409766783e-08
14.0,11.0,14.0,-0.0022364192424846156
14.0,11.0,15.0,0.008432545414479714
14.0,11.0,16.0,-0.012136572700760073
14.0,11.0,17.0,-0.0033263272848187975
14.0,11.0,18.0,0.0008354655713541936
14.0,11.0,19.0,0.004190701564093957
14.0,11.0,20.0,-1.175853123538118e-09
14.0,12.0,0.0,0.0009077115077701647
14.0,12.0,1.0,-0.01385555117649652
14.0,12.0,2.0,-0.006492886211048113
14.0,12.0,3.0,-5.763161882971213e-05
14.0,12.0,4.0,-0.018219497374949323
14.0,12.0,5.0,0.023939086223626962
14.0,12.0,6.0,-4.0896582031918134e-11
14.0,12.0,7.0,0.012449977876744539
14.0,12.0,8.0,0.03888197863186632
14.0,12.0,9.0,0.030200157841548336
14.0,12.0,10.0,0.006162746279287756
14.0,12.0,11.0,-0.03202919547300334
14.0,12.0,12.0,0.2024376790724362
14.0,12.0,13.0,-6.531860397548488e-08
14.0,12.0,14.0,-0.007647596742647526
14.0,12.0,15.0,0.017346556853818362
14.0,12.0,16.0,-0.07243272926556565
14.0,12.0,17.0,-0.0077546846249555434
14.0,12.0,18.0,0.0016408537368776815
14.0,12.0,19.0,0.01090461557404776
14.0,12.0,20.0,-1.1758533368057718e-09
14.0,13.0,0.0,0.00024266757586424714
14.0,13.0,1.0,-0.0007627504311273625
14.0,13.0,2.0,0.0005260140089661802
14.0,13.0,3.0,0.0010389966486515079
14.0,13.0,4.0,-0.00026788938424460174
14.0,13.0,5.0,0.0018056966271785824
14.0,13.0,6.0,-4.089658301048036e-11
14.0,13.0,7.0,0.0015082200805098256
14.0,13.0,8.0,0.00028076770360091485
14.0,13.0,9.0,0.0015448603931227656
14.0,13.0,10.0,0.00012488362962592703
14.0,13.0,11.0,-0.004549980116890104
14.0,13.0,12.0,0.002204599639123006
14.0,13.0,13.0,-2.6646973146915636e-09
14.0,13.0,14.0,-0.0016650141932741426
14.0,13.0,15.0,0.0014188047120053116
14.0,13.0,16.0,-0.0023674112077896603
14.0,13.0,17.0,-0.0005492727322045643
14.0,13.0,18.0,0.000702585295222144
14.0,13.0,19.0,0.0011148752119227723
14.0,13.0,20.0,-1.1758533346419144e-09
14.0,14.0,0.0,0.007420397194259548
14.0,14.0,1.0,-0.003690890609122352
14.0,14.0,2.0,-0.001210769934154629
14.0,14.0,3.0,0.007400642076124175
14.0,14.0,4.0,0.0010425842446109002
14.0,14.0,5.0,0.008040671619672174
14.0,14.0,6.0,-4.089656316048634e-11
14.0,14.0,7.0,0.0008627013187298138
14.0,14.0,8.0,0.000521148769283275
14.0,14.0,9.0,0.0025125582309854094
14.0,14.0,10.0,0.00021060349931539823
14.0,14.0,11.0,-0.013343034936775945
14.0,14.0,12.0,0.003357472569500475
14.0,14.0,13.0,-6.531856066295111e-08
14.0,14.0,14.0,-0.02488174183041714
14.0,14.0,15.0,-0.0017329245578949076
14.0,14.0,16.0,-0.01074139877620478
14.0,14.0,17.0,-0.002510855688042768
14.0,14.0,18.0,0.005680527012879882
14.0,14.0,19.0,-0.0027969646763301714
14.0,14.0,20.0,-1.1758530672247512e-09
14.0,15.0,0.0,0.02618314350422174
14.0,15.0,1.0,-0.0042106018196801515
14.0,15.0,2.0,-0.011939535578172428
14.0,15.0,3.0,-0.011981943822591823
14.0,15.0,4.0,-0.015011948269003317
14.0,15.0,5.0,-0.004790893409495678
14.0,15.0,6.0,-4.089658277176966e-11
14.0,15.0,7.0,-0.022151426382608808
14.0,15.0,8.0,-0.0018351080398474051
14.0,15.0,9.0,-0.012701618024467724
14.0,15.0,10.0,-0.000922043169029052
14.0,15.0,11.0,-0.005665705976066946
14.0,15.0,12.0,-0.030704595990278305
14.0,15.0,13.0,-6.531855181940998e-08
14.0,15.0,14.0,-0.004683672117099212
14.0,15.0,15.0,-0.06515619677448262
14.0,15.0,16.0,0.001339753115253861
14.0,15.0,17.0,-0.006965045907293299
14.0,15.0,18.0,-0.002979127040173321
14.0,15.0,19.0,-0.025455039731399065
14.0,15.0,20.0,-1.1758533278820512e-09
14.0,16.0,0.0,0.006118866259079925
14.0,16.0,1.0,0.02329689596755513
14.0,16.0,2.0,0.0010128187063155603
14.0,16.0,3.0,-0.016481474310166916
14.0,16.0,4.0,0.01560677688799117
14.0,16.0,5.0,-0.04862326483799658
14.0,16.0,6.0,-4.08965844759368e-11
14.0,16.0,7.0,-0.02693263986417141
14.0,16.0,8.0,0.0016557943364164385
14.0,16.0,9.0,-0.06085705303184552
14.0,16.0,10.0,-0.01263464144320392
14.0,16.0,11.0,0.06280605751457985
14.0,16.0,12.0,-0.030060407420257618
14.0,16.0,13.0,-6.531788577423673e-08
14.0,16.0,14.0,0.021282667648025437
14.0,16.0,15.0,-0.04601082385854188
14.0,16.0,16.0,0.25910772289066675
14.0,16.0,17.0,0.07170349379952168
14.0,16.0,18.0,-0.017950118555879635
14.0,16.0,19.0,-0.03869339482419154
14.0,16.0,20.0,-1.1758530342379621e-09
14.0,17.0,0.0,0.011378852632503156
14.0,17.0,1.0,0.05039506096180735
14.0,17.0,2.0,-0.011406727550837686
14.0,17.0,3.0,0.010201883014072405
14.0,17.0,4.0,-0.03571112345595839
14.0,17.0,5.0,-0.059654972699861475
14.0,17.0,6.0,-4.089657850688345e-11
14.0,17.0,7.0,-0.011725366845749319
14.0,17.0,8.0,-0.02568122814870448
14.0,17.0,9.0,-0.019310260228609245
14.0,17.0,10.0,-0.0068488346921058985
14.0,17.0,11.0,0.0034671736568231346
14.0,17.0,12.0,-0.01684358442370426
14.0,17.0,13.0,-6.531794338562393e-08
14.0,17.0,14.0,0.025074091517883333
14.0,17.0,15.0,0.011214895400284808
14.0,17.0,16.0,0.04415999898032208
14.0,17.0,17.0,0.19125281159017915
14.0,17.0,18.0,-0.02671259644917366
14.0,17.0,19.0,-0.04465211542333103
14.0,17.0,20.0,-1.1758533372213926e-09
14.0,18.0,0.0,0.01224059939866784
14.0,18.0,1.0,-0.011552720162618033
14.0,18.0,2.0,-0.01437680277846385
14.0,18.0,3.0,-0.002809604929082943
14.0,18.0,4.0,0.053845137663519504
14.0,18.0,5.0,0.01255203193708565
14.0,18.0,6.0,-4.089658436788344e-11
14.0,18.0,7.0,0.0026521927346443985
14.0,18.0,8.0,0.008695078800953132
14.0,18.0,9.0,-0.0026442287047307306
14.0,18.0,10.0,-0.015865596372125867
14.0,18.0,11.0,-0.02646432602179198
14.0,18.0,12.0,0.015167247414498042
14.0,18.0,13.0,-6.531860579384795e-08
14.0,18.0,14.0,0.031908001721413115
14.0,18.0,15.0,-0.01400317064319033
14.0,18.0,16.0,-0.006093096313492474
14.0,18.0,17.0,-0.02458394404607883
14.0,18.0,18.0,0.18593610187917928
14.0,18.0,19.0,-0.03833487905503463
14.0,18.0,20.0,-1.1758533066841068e-09
14.0,19.0,0.0,0.027702630578113008
14.0,19.0,1.0,-0.007588705236855231
14.0,19.0,2.0,-0.0009496093404398886
14.0,19.0,3.0,0.0411016144795629
14.0,19.0,4.0,-0.025780379879445814
14.0,19.0,5.0,0.03345153337377697
14.0,19.0,6.0,-4.08843332937907e-11
14.0,19.0,7.0,0.006716225898553058
14.0,19.0,8.0,-0.015004255101750213
14.0,19.0,9.0,-0.001852508399431782
14.0,19.0,10.0,-0.02459595363403666
14.0,19.0,11.0,-0.03240492943141888
14.0,19.0,12.0,0.01103724600139866
14.0,19.0,13.0,-6.531746725960787e-08
14.0,19.0,14.0,0.006518412126931092
14.0,19.0,15.0,0.012789932505919477
14.0,19.0,16.0,-0.006889848209234772
14.0,19.0,17.0,0.03237802351985597
14.0,19.0,18.0,-0.03439326357717799
14.0,19.0,19.0,-0.17620182719659522
14.0,19.0,20.0,-1.1758533319833237e-09
14.0,20.0,0.0,0.00022325553376909002
14.0,20.0,1.0,-0.0007581199752241391
14.0,20.0,2.0,0.0005407161904704277
14.0,20.0,3.0,0.0010347928948648
14.0,20.0,4.0,-4.3750252956331614e-05
14.0,20.0,5.0,0.0018010389515805136
14.0,20.0,6.0,-4.089658314897473e-11
14.0,20.0,7.0,0.0014890961401604341
14.0,20.0,8.0,0.0003247167202758694
14.0,20.0,9.0,0.0015279054573480721
14.0,20.0,10.0,0.0001901355461924048
14.0,20.0,11.0,-0.004548013741462201
14.0,20.0,12.0,0.0020077810912147442
14.0,20.0,13.0,-6.531859114575749e-08
14.0,20.0,14.0,-0.0016628267680855735
14.0,20.0,15.0,0.0014104678322464648
14.0,20.0,16.0,-0.0026469567670782124
14.0,20.0,17.0,-0.0005501096946463613
14.0,20.0,18.0,0.000709576333455933
14.0,20.0,19.0,0.0009801905100090824
14.0,20.0,20.0,2.686540969230627e-06
15.0,1.0,0.0,0.035823054480444816
15.0,1.0,1.0,0.18965013818184226
15.0,1.0,2.0,0.0016303854006869956
15.0,1.0,3.0,-0.009918008864042427
15.0,1.0,4.0,-0.007307138951254233
15.0,1.0,5.0,0.012108050664052517
15.0,1.0,6.0,-6.0389566149057094e-12
15.0,1.0,7.0,-0.04768148488945563
15.0,1.0,8.0,-0.0009217624504256764
15.0,1.0,9.0,0.004582804168768051
15.0,1.0,10.0,-0.00447555063566174
15.0,1.0,11.0,-0.03634289196285262
15.0,1.0,12.0,0.004032385688533091
15.0,1.0,13.0,-0.004072261659179288
15.0,1.0,14.0,-2.7136088514446544e-05
15.0,1.0,15.0,-0.0047349489638419395
15.0,1.0,16.0,-0.009819448003058007
15.0,1.0,17.0,-0.0023556645622793693
15.0,1.0,18.0,0.05543567007173953
15.0,1.0,19.0,-0.02867768479866073
15.0,1.0,20.0,-2.771303279873507e-08
15.0,2.0,0.0,0.03569817779250911
15.0,2.0,1.0,-0.017145886011174203
15.0,2.0,2.0,-0.212466095326978
15.0,2.0,3.0,0.03790658047918771
15.0,2.0,4.0,-0.02385448029013615
15.0,2.0,5.0,0.029244500040340043
15.0,2.0,6.0,-6.038956648323988e-12
15.0,2.0,7.0,-0.009460103827218652
15.0,2.0,8.0,0.020634587284436123
15.0,2.0,9.0,0.006733489351892885
15.0,2.0,10.0,0.006959247427773985
15.0,2.0,11.0,-0.03829154281364955
15.0,2.0,12.0,-0.03822101840994768
15.0,2.0,13.0,-0.037869841478060925
15.0,2.0,14.0,-2.7138853004326736e-05
15.0,2.0,15.0,-0.001988987046276508
15.0,2.0,16.0,-0.04761853985441278
15.0,2.0,17.0,0.02338974195841692
15.0,2.0,18.0,-0.010887897914252626
15.0,2.0,19.0,-0.0012984812035927717
15.0,2.0,20.0,-2.7712990070214775e-08
15.0,3.0,0.0,0.004100553015053104
15.0,3.0,1.0,-0.024482225403300962
15.0,3.0,2.0,-0.014775553222958787
15.0,3.0,3.0,0.2113402337427926
15.0,3.0,4.0,0.07245404927975996
15.0,3.0,5.0,-0.015611061138612659
15.0,3.0,6.0,-6.0389544241427735e-12
15.0,3.0,7.0,0.02346538715831467
15.0,3.0,8.0,-0.00034628904116427734
15.0,3.0,9.0,0.004375688125324351
15.0,3.0,10.0,0.012046458888261058
15.0,3.0,11.0,-0.0325920170689718
15.0,3.0,12.0,0.02198184132540787
15.0,3.0,13.0,-0.007555357384425032
15.0,3.0,14.0,-2.7138404507281217e-05
15.0,3.0,15.0,0.0038199371344279087
15.0,3.0,16.0,0.014729671280025225
15.0,3.0,17.0,-0.011828384029063277
15.0,3.0,18.0,-0.00365195374879132
15.0,3.0,19.0,0.054697015018059125
15.0,3.0,20.0,-2.7713051985966125e-08
15.0,4.0,0.0,-0.008577515466276775
15.0,4.0,1.0,0.009547490110633248
15.0,4.0,2.0,-0.013698227982437639
15.0,4.0,3.0,-0.003060998572943674
15.0,4.0,4.0,0.11543136321135838
15.0,4.0,5.0,-0.013138367504798992
15.0,4.0,6.0,-6.038956855939668e-12
15.0,4.0,7.0,-0.01874432708295823
15.0,4.0,8.0,-0.0005651721360836299
15.0,4.0,9.0,-0.004283945136426881
15.0,4.0,10.0,-0.004481147171566557
15.0,4.0,11.0,0.03084696370674711
15.0,4.0,12.0,0.0040045943210655355
15.0,4.0,13.0,-0.025054995495545872
15.0,4.0,14.0,-2.71381882003927e-05
15.0,4.0,15.0,0.009292801027606462
15.0,4.0,16.0,0.014065157654876481
15.0,4.0,17.0,0.0461389299424968
15.0,4.0,18.0,-0.007677665745264253
15.0,4.0,19.0,0.0025003977681519185
15.0,4.0,20.0,-2.7713038148247306e-08
15.0,5.0,0.0,0.03236310899126721
15.0,5.0,1.0,-0.024013304510549414
15.0,5.0,2.0,-0.00719136297718917
15.0,5.0,3.0,-0.008992013103671537
15.0,5.0,4.0,-0.006714891901378084
15.0,5.0,5.0,0.19004281471729212
15.0,5.0,6.0,-6.038956816087495e-12
15.0,5.0,7.0,0.0003331120792534892
15.0,5.0,8.0,-0.0008844075440300177
15.0,5.0,9.0,0.007412524875627102
15.0,5.0,10.0,0.004827584255182815
15.0,5.0,11.0,-0.04380668000605514
15.0,5.0,12.0,-0.0205755546278813
15.0,5.0,13.0,0.014682899649482661
15.0,5.0,14.0,-2.7136166538485296e-05
15.0,5.0,15.0,-0.053965413263863476
15.0,5.0,16.0,0.004367750816574811
15.0,5.0,17.0,0.02240841244852204
15.0,5.0,18.0,-0.013588815484828421
15.0,5.0,19.0,-0.01417809141878823
15.0,5.0,20.0,-2.771304300397481e-08
15.0,6.0,0.0,0.00015782407542191956
15.0,6.0,1.0,-0.0008787464479720723
15.0,6.0,2.0,0.0004375554005571769
15.0,6.0,3.0,0.0001931406775268485
15.0,6.0,4.0,0.0008188539342572909
15.0,6.0,5.0,-0.00018871773539486103
15.0,6.0,6.0,2.44864844743327e-07
15.0,6.0,7.0,0.0005223016658637003
15.0,6.0,8.0,-0.0007754745771555533
15.0,6.0,9.0,-6.268414009436007e-05
15.0,6.0,10.0,-9.155490417644963e-05
15.0,6.0,11.0,0.0007314913276111334
15.0,6.0,12.0,0.0001200059229762851
15.0,6.0,13.0,0.00038119739527314733
15.0,6.0,14.0,-2.7133719712928952e-05
15.0,6.0,15.0,-5.630711930640353e-05
15.0,6.0,16.0,-0.00027532382885597784
15.0,6.0,17.0,1.1593525083453127e-05
15.0,6.0,18.0,-0.00021281575916438922
15.0,6.0,19.0,0.0004554267984907545
15.0,6.0,20.0,-2.771304644080663e-08
15.0,7.0,0.0,0.02727477835054809
15.0,7.0,1.0,-0.00707036626404103
15.0,7.0,2.0,-0.01227443752768173
15.0,7.0,3.0,0.060695667894350824
15.0,7.0,4.0,0.06659910974779237
15.0,7.0,5.0,-0.009471053120939238
15.0,7.0,6.0,-6.0389568951842964e-12
15.0,7.0,7.0,0.19807822221886015
15.0,7.0,8.0,-0.0005799396738875096
15.0,7.0,9.0,0.010890930160961543
15.0,7.0,10.0,0.04502865627166974
15.0,7.0,11.0,-0.008860009907047994
15.0,7.0,12.0,0.06639323139902953
15.0,7.0,13.0,0.009933932830335945
15.0,7.0,14.0,-2.7121322298297276e-05
15.0,7.0,15.0,-0.04754492747060901
15.0,7.0,16.0,-0.01741752635995608
15.0,7.0,17.0,-0.08557285329912379
15.0,7.0,18.0,0.017239255773243214
15.0,7.0,19.0,0.08595658248143923
15.0,7.0,20.0,-2.7713056304070772e-08
15.0,8.0,0.0,0.005177966623194669
15.0,8.0,1.0,-0.02273715159748509
15.0,8.0,2.0,-0.04738508372850789
15.0,8.0,3.0,-0.04124815024496331
15.0,8.0,4.0,-0.0725308679282366
15.0,8.0,5.0,0.01544779469406865
15.0,8.0,6.0,-6.038956879591363e-12
15.0,8.0,7.0,-0.0017123418039010074
15.0,8.0,8.0,0.20250822897044787
15.0,8.0,9.0,0.006288515058851724
15.0,8.0,10.0,-0.0020925492391900002
15.0,8.0,11.0,-0.019764612082273703
15.0,8.0,12.0,-0.03927631740634052
15.0,8.0,13.0,-0.0232339705736085
15.0,8.0,14.0,-2.7137707517497973e-05
15.0,8.0,15.0,0.003708139169185831
15.0,8.0,16.0,-0.05744443489898787
15.0,8.0,17.0,0.009943194766310892
15.0,8.0,18.0,-0.008867320595280954
15.0,8.0,19.0,-0.0197309569652957
15.0,8.0,20.0,-2.7712735098218727e-08
15.0,9.0,0.0,0.02583379517404183
15.0,9.0,1.0,-0.011352523895801346
15.0,9.0,2.0,0.016605079600961248
15.0,9.0,3.0,0.013619043475983361
15.0,9.0,4.0,0.10447677703019076
15.0,9.0,5.0,0.06455584755506544
15.0,9.0,6.0,-6.038956482962913e-12
15.0,9.0,7.0,0.02336132257419188
15.0,9.0,8.0,-0.0009088149413830237
15.0,9.0,9.0,0.2240258290974709
15.0,9.0,10.0,0.036300968290830626
15.0,9.0,11.0,-0.012530234296366127
15.0,9.0,12.0,0.028782374178811576
15.0,9.0,13.0,0.05780103977333921
15.0,9.0,14.0,-2.712818455650708e-05
15.0,9.0,15.0,0.010072350990950968
15.0,9.0,16.0,-0.003687759650961908
15.0,9.0,17.0,-0.0033656465639897992
15.0,9.0,18.0,0.01933342788681807
15.0,9.0,19.0,0.02676013215907025
15.0,9.0,20.0,-2.7713054177113417e-08
15.0,10.0,0.0,-0.0040686247456232505
15.0,10.0,1.0,0.005647021103183717
15.0,10.0,2.0,0.05298482161678325
15.0,10.0,3.0,0.0030939618100759847
15.0,10.0,4.0,0.04715457578368776
15.0,10.0,5.0,-0.00912060231366077
15.0,10.0,6.0,-6.038436298472404e-12
15.0,10.0,7.0,0.045926186669835306
15.0,10.0,8.0,-0.000901208169181982
15.0,10.0,9.0,0.028728102513507076
15.0,10.0,10.0,0.21778159640975003
15.0,10.0,11.0,0.023763347874405705
15.0,10.0,12.0,0.02773915816456729
15.0,10.0,13.0,0.020418272099959722
15.0,10.0,14.0,-2.713670419463968e-05
15.0,10.0,15.0,-0.0013384988922148233
15.0,10.0,16.0,0.008014476106767199
15.0,10.0,17.0,-0.016836023482044604
15.0,10.0,18.0,0.009444547581216323
15.0,10.0,19.0,0.06685083068459563
15.0,10.0,20.0,-2.771305641439758e-08
15.0,11.0,0.0,0.036571312469062034
15.0,11.0,1.0,-0.00918984534542304
15.0,11.0,2.0,0.014797920487701677
15.0,11.0,3.0,0.02011299272635203
15.0,11.0,4.0,-0.05206379767797098
15.0,11.0,5.0,-0.002018734751611767
15.0,11.0,6.0,-6.038947410121744e-12
15.0,11.0,7.0,0.017374969468919338
15.0,11.0,8.0,-0.00040887992751288075
15.0,11.0,9.0,0.03362500114409056
15.0,11.0,10.0,0.0044211250108313616
15.0,11.0,11.0,-0.2451304519561271
15.0,11.0,12.0,0.05772509775121781
15.0,11.0,13.0,0.011351744499272065
15.0,11.0,14.0,-2.712554460198236e-05
15.0,11.0,15.0,0.018578821187240413
15.0,11.0,16.0,-0.00695699490874635
15.0,11.0,17.0,-0.023787590369526934
15.0,11.0,18.0,0.005186376804821528
15.0,11.0,19.0,-0.05710466058483321
15.0,11.0,20.0,-2.77130524751989e-08
15.0,12.0,0.0,0.013680962916303163
15.0,12.0,1.0,-0.005446426795035295
15.0,12.0,2.0,-0.003595700123568829
15.0,12.0,3.0,0.002606210402033904
15.0,12.0,4.0,0.005510772625970883
15.0,12.0,5.0,0.008610149963553027
15.0,12.0,6.0,-6.0389569216260714e-12
15.0,12.0,7.0,0.00047011232643409673
15.0,12.0,8.0,0.013848737845072333
15.0,12.0,9.0,0.05996579428704177
15.0,12.0,10.0,0.007851612572187805
15.0,12.0,11.0,-0.0445318300016902
15.0,12.0,12.0,0.2091295661305349
15.0,12.0,13.0,0.013402057511692336
15.0,12.0,14.0,-2.7134139748730123e-05
15.0,12.0,15.0,0.005913618217911393
15.0,12.0,16.0,-0.03653562805675892
15.0,12.0,17.0,-0.004508341204121191
15.0,12.0,18.0,0.005301290716515944
15.0,12.0,19.0,-0.00734123342911186
15.0,12.0,20.0,-2.7713056464662915e-08
15.0,13.0,0.0,0.03757445366242612
15.0,13.0,1.0,0.0008325740802894201
15.0,13.0,2.0,-0.012852014124845712
15.0,13.0,3.0,0.0231157263183826
15.0,13.0,4.0,0.0876421125688448
15.0,13.0,5.0,0.009977750136259511
15.0,13.0,6.0,-6.038956869609347e-12
15.0,13.0,7.0,0.06286450605361349
15.0,13.0,8.0,-0.000926524422329133
15.0,13.0,9.0,0.008362425016419317
15.0,13.0,10.0,0.02246749253566782
15.0,13.0,11.0,-0.010503375519403613
15.0,13.0,12.0,0.025654656524196573
15.0,13.0,13.0,0.19382822875603206
15.0,13.0,14.0,-2.6030264209435925e-05
15.0,13.0,15.0,-0.02532794410971534
15.0,13.0,16.0,-0.01657493330578197
15.0,13.0,17.0,-0.09730805494543768
15.0,13.0,18.0,0.032666272276978554
15.0,13.0,19.0,0.04789231102320024
15.0,13.0,20.0,-2.7713053093071416e-08
15.0,14.0,0.0,0.0001116785968886258
15.0,14.0,1.0,-0.00087670926092576
15.0,14.0,2.0,0.0003697406334449427
15.0,14.0,3.0,0.00022038196826490442
15.0,14.0,4.0,0.0008047799300425762
15.0,14.0,5.0,-0.0001760678404651994
15.0,14.0,6.0,-6.038956893095831e-12
15.0,14.0,7.0,0.0005038903068756984
15.0,14.0,8.0,-0.000775465432780091
15.0,14.0,9.0,-5.742660186719428e-05
15.0,14.0,10.0,-4.032755065053184e-05
15.0,14.0,11.0,0.0006534585999652953
15.0,14.0,12.0,0.00014426327628352942
15.0,14.0,13.0,0.0003830036828537525
15.0,14.0,14.0,-2.713097364904914e-05
15.0,14.0,15.0,-6.823793394072908e-05
15.0,14.0,16.0,-0.00016664240696873112
15.0,14.0,17.0,-4.013322320634005e-05
15.0,14.0,18.0,-0.00021464105021788
15.0,14.0,19.0,0.00045020961398489767
15.0,14.0,20.0,-2.7713045515957466e-08
15.0,15.0,0.0,0.08325265544639437
15.0,15.0,1.0,0.008229164963363077
15.0,15.0,2.0,-0.03793465392363726
15.0,15.0,3.0,-0.05505769980008668
15.0,15.0,4.0,-0.06540580236436011
15.0,15.0,5.0,-0.022363423881018224
15.0,15.0,6.0,-6.038953731770672e-12
15.0,15.0,7.0,-0.053322644960155555
15.0,15.0,8.0,-0.0008570586384752182
15.0,15.0,9.0,-0.07929804340329503
15.0,15.0,10.0,-0.009807249415123898
15.0,15.0,11.0,-0.011864931882187568
15.0,15.0,12.0,-0.10294685268232798
15.0,15.0,13.0,0.014575220512077894
15.0,15.0,14.0,-2.7131467135341356e-05
15.0,15.0,15.0,-0.18967033005303138
15.0,15.0,16.0,-0.006848008329367716
15.0,15.0,17.0,-0.020625587108753174
15.0,15.0,18.0,0.0004083351292609033
15.0,15.0,19.0,-0.06639465136448441
15.0,15.0,20.0,-2.7712920494242605e-08
15.0,16.0,0.0,-0.021664655118976056
15.0,16.0,1.0,0.01787822411515096
15.0,16.0,2.0,0.03947895704781745
15.0,16.0,3.0,-0.026893578283473996
15.0,16.0,4.0,0.03535042580909786
15.0,16.0,5.0,-0.027632769305168475
15.0,16.0,6.0,-6.038956877616347e-12
15.0,16.0,7.0,-0.019184394044682987
15.0,16.0,8.0,-0.0009215492681365613
15.0,16.0,9.0,-0.06782072306256785
15.0,16.0,10.0,-0.013491503509791225
15.0,16.0,11.0,0.11220480482598377
15.0,16.0,12.0,-0.025155500660598573
15.0,16.0,13.0,-0.00995213464411937
15.0,16.0,14.0,-2.7107340475838275e-05
15.0,16.0,15.0,-0.022505425068677337
15.0,16.0,16.0,0.21929851289238245
15.0,16.0,17.0,0.02673649413363588
15.0,16.0,18.0,-0.005812647128046779
15.0,16.0,19.0,0.0078319491336023
15.0,16.0,20.0,-2.7712633324408864e-08
15.0,17.0,0.0,0.0036894451321305144
15.0,17.0,1.0,0.054509523218525355
15.0,17.0,2.0,0.009158549620409073
15.0,17.0,3.0,0.0012498612449611257
15.0,17.0,4.0,-0.07281387579895338
15.0,17.0,5.0,-0.023008354748244197
15.0,17.0,6.0,-6.0389567429397934e-12
15.0,17.0,7.0,-0.004767783487849342
15.0,17.0,8.0,-0.0009146908430600974
15.0,17.0,9.0,-0.0114786277533096
15.0,17.0,10.0,-0.008779652670196092
15.0,17.0,11.0,-0.004499473550072575
15.0,17.0,12.0,-0.0012509439192960325
15.0,17.0,13.0,0.005545138625110108
15.0,17.0,14.0,-2.7138839813805473e-05
15.0,17.0,15.0,0.004970614287679642
15.0,17.0,16.0,0.024498077459944367
15.0,17.0,17.0,0.18088090503445475
15.0,17.0,18.0,-0.019681925403543767
15.0,17.0,19.0,-0.05360255871001329
15.0,17.0,20.0,-2.7713034325604358e-08
15.0,18.0,0.0,0.025531538061404013
15.0,18.0,1.0,-0.005552378584881935
15.0,18.0,2.0,-0.01359726233711342
15.0,18.0,3.0,-0.003989854068604581
15.0,18.0,4.0,-0.0037862508219342894
15.0,18.0,5.0,-0.0026436407259469996
15.0,18.0,6.0,-6.038956756875094e-12
15.0,18.0,7.0,-0.015095316363319317
15.0,18.0,8.0,-0.0001281367674248919
15.0,18.0,9.0,0.0021614940822241024
15.0,18.0,10.0,-0.007773349637274607
15.0,18.0,11.0,-0.08733188242555404
15.0,18.0,12.0,-0.0007843875683445356
15.0,18.0,13.0,-0.01920479269872471
15.0,18.0,14.0,-2.7138779165121105e-05
15.0,18.0,15.0,-0.024739593945227206
15.0,18.0,16.0,-0.030368451781819794
15.0,18.0,17.0,-0.0033322302531932357
15.0,18.0,18.0,0.19761242153759462
15.0,18.0,19.0,-0.04634181382732172
15.0,18.0,20.0,-2.7712759544375112e-08
15.0,19.0,0.0,-0.009929568994890642
15.0,19.0,1.0,0.010835912179992326
15.0,19.0,2.0,-0.001544399060717766
15.0,19.0,3.0,-0.00907968321529784
15.0,19.0,4.0,0.08306583925567146
15.0,19.0,5.0,-0.03790195575791247
15.0,19.0,6.0,-6.037905334123146e-12
15.0,19.0,7.0,0.000777972155657003
15.0,19.0,8.0,-0.0008673386870526772
15.0,19.0,9.0,-0.005543742468143875
15.0,19.0,10.0,0.03134045176190969
15.0,19.0,11.0,0.08579408443917663
15.0,19.0,12.0,-0.0028760094775683864
15.0,19.0,13.0,0.011701143454438984
15.0,19.0,14.0,-2.7132214655487237e-05
15.0,19.0,15.0,0.004224904041902705
15.0,19.0,16.0,0.0013873893192647424
15.0,19.0,17.0,-0.01293904902928772
15.0,19.0,18.0,0.008987846570061853
15.0,19.0,19.0,0.23661862382695842
15.0,19.0,20.0,-2.7713055164804357e-08
15.0,20.0,0.0,0.00015908246826645822
15.0,20.0,1.0,-0.0008788198316889359
15.0,20.0,2.0,0.0004394944872065931
15.0,20.0,3.0,0.00019228766384443707
15.0,20.0,4.0,0.0008192691733501789
15.0,20.0,5.0,-0.00018908882718571274
15.0,20.0,6.0,-6.038956923231436e-12
15.0,20.0,7.0,0.0005228591241954184
15.0,20.0,8.0,-0.0007754743365676864
15.0,20.0,9.0,-6.28590596452594e-05
15.0,20.0,10.0,-9.28916871414387e-05
15.0,20.0,11.0,0.0007337290507019589
15.0,20.0,12.0,0.00011919504842189399
15.0,20.0,13.0,0.00038109857528469127
15.0,20.0,14.0,-2.713371975679156e-05
15.0,20.0,15.0,-5.6014819230121304e-05
15.0,20.0,16.0,-0.00027852345958734315
15.0,20.0,17.0,1.3039857172936209e-05
15.0,20.0,18.0,-0.0002127694375628278
15.0,20.0,19.0,0.00045544256224117063
15.0,20.0,20.0,1.5688879212796e-07
16.0,1.0,0.0,0.08025189594107651
16.0,1.0,1.0,0.18190534193273536
16.0,1.0,2.0,0.007522024634838309
16.0,1.0,3.0,0.021320035373805335
16.0,1.0,4.0,2.1653287274325805e-08
16.0,1.0,5.0,0.032788870495939426
16.0,1.0,6.0,-6.874825138626374e-10
16.0,1.0,7.0,-0.02924226833951124
16.0,1.0,8.0,-0.04746752827797573
16.0,1.0,9.0,0.009218888852788959
16.0,1.0,10.0,0.007871324186596418
16.0,1.0,11.0,-0.04010624038579169
16.0,1.0,12.0,0.03288037174651698
16.0,1.0,13.0,-2.42679576942179e-08
16.0,1.0,14.0,-0.014253383510823184
16.0,1.0,15.0,-1.17584851561754e-08
16.0,1.0,16.0,-0.008887682697080401
16.0,1.0,17.0,-0.0002328186556949062
16.0,1.0,18.0,0.038220776895006525
16.0,1.0,19.0,-0.0007867232505081034
16.0,1.0,20.0,-3.1463833228471e-05
16.0,2.0,0.0,0.04395025882572712
16.0,2.0,1.0,-0.0018124762167585765
16.0,2.0,2.0,-0.12499065327897381
16.0,2.0,3.0,0.029651544857503986
16.0,2.0,4.0,2.1653293935663953e-08
16.0,2.0,5.0,0.000824782576463845
16.0,2.0,6.0,-6.874824132132687e-10
16.0,2.0,7.0,-0.007809726835612499
16.0,2.0,8.0,0.0057487530369889905
16.0,2.0,9.0,0.008023099597341016
16.0,2.0,10.0,0.025358414511538085
16.0,2.0,11.0,-0.01209220039133252
16.0,2.0,12.0,-0.017137138542612895
16.0,2.0,13.0,-2.426790609931566e-08
16.0,2.0,14.0,-0.02237923010495196
16.0,2.0,15.0,-1.1758472620432313e-08
16.0,2.0,16.0,-0.03280652639646153
16.0,2.0,17.0,-0.00023107523083660536
16.0,2.0,18.0,0.010944988800840327
16.0,2.0,19.0,0.061450074524403875
16.0,2.0,20.0,-3.1373392865219515e-05
16.0,3.0,0.0,-0.010995654726989518
16.0,3.0,1.0,-0.001978170567618809
16.0,3.0,2.0,0.004470433368809312
16.0,3.0,3.0,0.1960897251106167
16.0,3.0,4.0,2.1653299042689866e-08
16.0,3.0,5.0,-0.011878187928003825
16.0,3.0,6.0,-6.874824814586008e-10
16.0,3.0,7.0,0.04087655290786564
16.0,3.0,8.0,0.013442645972430056
16.0,3.0,9.0,0.0004653481113155722
16.0,3.0,10.0,0.01309918010494271
16.0,3.0,11.0,-0.006875854906012779
16.0,3.0,12.0,0.009171565820581873
16.0,3.0,13.0,-2.426795781104125e-08
16.0,3.0,14.0,0.013760484602078557
16.0,3.0,15.0,-1.1758481171770036e-08
16.0,3.0,16.0,0.009743050296995959
16.0,3.0,17.0,-0.00023283634939024768
16.0,3.0,18.0,0.004016124489292339
16.0,3.0,19.0,0.050611613013457624
16.0,3.0,20.0,-3.146306747760991e-05
16.0,4.0,0.0,-0.0006121859257912088
16.0,4.0,1.0,-0.0017121340895111504
16.0,4.0,2.0,-0.0002686228034913529
16.0,4.0,3.0,-8.864864551133556e-05
16.0,4.0,4.0,-0.0002091259881148444
16.0,4.0,5.0,7.925684916326725e-05
16.0,4.0,6.0,-6.874824449341515e-10
16.0,4.0,7.0,9.353637276324211e-05
16.0,4.0,8.0,0.0004195830990403743
16.0,4.0,9.0,-0.0002497266244771701
16.0,4.0,10.0,0.0003181189390301098
16.0,4.0,11.0,0.000713629694248985
16.0,4.0,12.0,0.00037826845331478953
16.0,4.0,13.0,-2.4267957282565382e-08
16.0,4.0,14.0,-0.00032841704889481627
16.0,4.0,15.0,-1.1758469279090531e-08
16.0,4.0,16.0,5.768973069320005e-05
16.0,4.0,17.0,-0.00022337044058039104
16.0,4.0,18.0,-0.0001607105831920308
16.0,4.0,19.0,-6.297502967100854e-06
16.0,4.0,20.0,-3.145481173704268e-05
16.0,5.0,0.0,0.00234511732960091
16.0,5.0,1.0,-0.0019250345517873942
16.0,5.0,2.0,0.0007901418758688439
16.0,5.0,3.0,-0.011248142328714017
16.0,5.0,4.0,2.165329837655605e-08
16.0,5.0,5.0,0.19733104266618906
16.0,5.0,6.0,-6.874825160125113e-10
16.0,5.0,7.0,-0.03434782527568725
16.0,5.0,8.0,-0.00924352026733824
16.0,5.0,9.0,0.014849301283115984
16.0,5.0,10.0,0.0025249215137486125
16.0,5.0,11.0,-0.04104362347639762
16.0,5.0,12.0,0.02101036074791013
16.0,5.0,13.0,-2.4267957752374467e-08
16.0,5.0,14.0,-0.0032599165059925203
16.0,5.0,15.0,-1.1758487324737447e-08
16.0,5.0,16.0,-0.003689434139247494
16.0,5.0,17.0,0.015917369855800716
16.0,5.0,18.0,0.016511177389444187
16.0,5.0,19.0,0.020475912244912964
16.0,5.0,20.0,-3.145865949859526e-05
16.0,6.0,0.0,-0.0005065097014922415
16.0,6.0,1.0,-0.0017121126464898512
16.0,6.0,2.0,-0.00014679308735027208
16.0,6.0,3.0,-7.512528670758356e-05
16.0,6.0,4.0,2.1653282278322195e-08
16.0,6.0,5.0,-7.15126924482612e-05
16.0,6.0,6.0,9.881252346785479e-07
16.0,6.0,7.0,0.000208383046465907
16.0,6.0,8.0,0.0004649312623169338
16.0,6.0,9.0,9.654022498237214e-05
16.0,6.0,10.0,-0.00027299086728049815
16.0,6.0,11.0,9.443185599811166e-05
16.0,6.0,12.0,-0.00019483453783619709
16.0,6.0,13.0,-2.4267958037387454e-08
16.0,6.0,14.0,-0.00037073265788969967
16.0,6.0,15.0,-1.1758470306883158e-08
16.0,6.0,16.0,4.9101931145489885e-06
16.0,6.0,17.0,-0.00022337474615197748
16.0,6.0,18.0,-0.0002046996938696033
16.0,6.0,19.0,0.00026130310825678293
16.0,6.0,20.0,-3.145491951985782e-05
16.0,7.0,0.0,-9.296428014266e-05
16.0,7.0,1.0,-0.0016624716951206312
16.0,7.0,2.0,-0.006236553731758326
16.0,7.0,3.0,0.05283351748042861
16.0,7.0,4.0,2.1653295823043095e-08
16.0,7.0,5.0,-0.0028208821577914156
16.0,7.0,6.0,-6.874825218465238e-10
16.0,7.0,7.0,0.22076660323548403
16.0,7.0,8.0,0.06435679091614019
16.0,7.0,9.0,0.017659000280823067
16.0,7.0,10.0,0.012334622789367033
16.0,7.0,11.0,-0.010050619701808428
16.0,7.0,12.0,0.04534198118231697
16.0,7.0,13.0,-2.4267958052862065e-08
16.0,7.0,14.0,-0.00538244736427073
16.0,7.0,15.0,-1.1758487698859055e-08
16.0,7.0,16.0,-0.023120165896368672
16.0,7.0,17.0,-0.00023283668236218546
16.0,7.0,18.0,0.005735621142234942
16.0,7.0,19.0,0.04096691119739071
16.0,7.0,20.0,-3.1456181788147156e-05
16.0,8.0,0.0,0.010305084870192216
16.0,8.0,1.0,-0.001966472989277822
16.0,8.0,2.0,-0.020003331456418208
16.0,8.0,3.0,-0.021030433081510813
16.0,8.0,4.0,2.1652839077290764e-08
16.0,8.0,5.0,0.0028081192639981545
16.0,8.0,6.0,-6.874824894628495e-10
16.0,8.0,7.0,-0.008596702746296939
16.0,8.0,8.0,0.19791376304336764
16.0,8.0,9.0,0.008897749700990248
16.0,8.0,10.0,0.001754748869280287
16.0,8.0,11.0,-0.007174207167195856
16.0,8.0,12.0,-0.01182268071458753
16.0,8.0,13.0,-2.4267912353506846e-08
16.0,8.0,14.0,-0.013263070971563824
16.0,8.0,15.0,-1.1758437297012587e-08
16.0,8.0,16.0,-0.038285235064610124
16.0,8.0,17.0,0.009083862992636317
16.0,8.0,18.0,-0.00099117615780292
16.0,8.0,19.0,0.0016454561372939436
16.0,8.0,20.0,-2.9407001420699467e-05
16.0,9.0,0.0,0.004343055491275338
16.0,9.0,1.0,-0.0017104611911621156
16.0,9.0,2.0,0.02429582127160898
16.0,9.0,3.0,-0.003222316847516893
16.0,9.0,4.0,2.16493240001725e-08
16.0,9.0,5.0,-0.0009620045226396701
16.0,9.0,6.0,-6.874823887163756e-10
16.0,9.0,7.0,0.0011010919289733412
16.0,9.0,8.0,-0.002488100356934808
16.0,9.0,9.0,-0.1736640328375951
16.0,9.0,10.0,0.015628058918692123
16.0,9.0,11.0,0.0037780591697024746
16.0,9.0,12.0,0.002340043746248799
16.0,9.0,13.0,-2.4267907837092085e-08
16.0,9.0,14.0,0.005538567391550148
16.0,9.0,15.0,-1.1758485625651362e-08
16.0,9.0,16.0,0.03163217599651691
16.0,9.0,17.0,-0.00022882631334280443
16.0,9.0,18.0,-0.0005697567329272235
16.0,9.0,19.0,-0.005105023936336162
16.0,9.0,20.0,-3.146634558183849e-05
16.0,10.0,0.0,-0.0004231012198487871
16.0,10.0,1.0,-0.0008871084566328001
16.0,10.0,2.0,0.03709048170531659
16.0,10.0,3.0,0.0004883683478368039
16.0,10.0,4.0,2.1653294823842373e-08
16.0,10.0,5.0,0.009185401440900853
16.0,10.0,6.0,-6.866456813812837e-10
16.0,10.0,7.0,0.04381258526836597
16.0,10.0,8.0,0.010714953662937066
16.0,10.0,9.0,0.046498328010350004
16.0,10.0,10.0,0.21168153575254334
16.0,10.0,11.0,-0.0020801024991980444
16.0,10.0,12.0,0.0161627780304045
16.0,10.0,13.0,-2.4267955355858223e-08
16.0,10.0,14.0,-0.04332163688585606
16.0,10.0,15.0,-1.1758480521691102e-08
16.0,10.0,16.0,-0.024787338267828307
16.0,10.0,17.0,-0.00023283626387123968
16.0,10.0,18.0,0.013424895087805172
16.0,10.0,19.0,0.05666533349709635
16.0,10.0,20.0,-3.1472012492469407e-05
16.0,11.0,0.0,0.0034166237487447404
16.0,11.0,1.0,-0.0019294655812260946
16.0,11.0,2.0,-0.00011714750200901569
16.0,11.0,3.0,0.0032788904899546945
16.0,11.0,4.0,2.1495583757413783e-08
16.0,11.0,5.0,0.008907629930123229
16.0,11.0,6.0,-6.874820209745605e-10
16.0,11.0,7.0,0.00859874448392045
16.0,11.0,8.0,0.012796817754829881
16.0,11.0,9.0,-0.011313724219666144
16.0,11.0,10.0,-0.0002444136704321531
16.0,11.0,11.0,-0.21063146255823456
16.0,11.0,12.0,0.05171093825209222
16.0,11.0,13.0,-2.426793301573393e-08
16.0,11.0,14.0,0.0006877534958684081
16.0,11.0,15.0,-1.1758280358604079e-08
16.0,11.0,16.0,0.0028690359495231466
16.0,11.0,17.0,-0.00021998717651272237
16.0,11.0,18.0,-0.0007309965390578932
16.0,11.0,19.0,-0.009621844435671711
16.0,11.0,20.0,-3.146390488086024e-05
16.0,12.0,0.0,0.006817068362544754
16.0,12.0,1.0,-0.0018499599947520212
16.0,12.0,2.0,-0.01821111399485492
16.0,12.0,3.0,0.011034073241465131
16.0,12.0,4.0,2.1653243087449425e-08
16.0,12.0,5.0,0.007783683113006479
16.0,12.0,6.0,-6.874825154228454e-10
16.0,12.0,7.0,0.04348481544536366
16.0,12.0,8.0,0.059646283014293394
16.0,12.0,9.0,0.06348899564699662
16.0,12.0,10.0,-0.0010465197531971393
16.0,12.0,11.0,-0.04373071861579597
16.0,12.0,12.0,0.21480963594359498
16.0,12.0,13.0,-2.4267957815509543e-08
16.0,12.0,14.0,-0.016932457371366505
16.0,12.0,15.0,-1.1758477952075311e-08
16.0,12.0,16.0,-0.06914483775294339
16.0,12.0,17.0,-0.00022767310211976418
16.0,12.0,18.0,0.003752774802986969
16.0,12.0,19.0,0.012649813146021316
16.0,12.0,20.0,-3.1471230339396046e-05
16.0,13.0,0.0,-0.0005762161975982338
16.0,13.0,1.0,-0.0017121312446303721
16.0,13.0,2.0,-0.00021736852007664398
16.0,13.0,3.0,-9.007345705697167e-05
16.0,13.0,4.0,2.1653281279121472e-08
16.0,13.0,5.0,1.4157800379832608e-05
16.0,13.0,6.0,-6.87482451160222e-10
16.0,13.0,7.0,0.0001349572487301942
16.0,13.0,8.0,0.000440877839617132
16.0,13.0,9.0,-0.00022960685539363812
16.0,13.0,10.0,0.00020537780877538658
16.0,13.0,11.0,0.0005710585027012272
16.0,13.0,12.0,0.00010434190397351495
16.0,13.0,13.0,8.29074651341816e-07
16.0,13.0,14.0,-0.00032028708117606136
16.0,13.0,15.0,-1.1758469341590798e-08
16.0,13.0,16.0,-0.0003145543610728607
16.0,13.0,17.0,-0.00022336988222798452
16.0,13.0,18.0,-0.00016105927710932666
16.0,13.0,19.0,2.4571954091001658e-05
16.0,13.0,20.0,-3.145482552230347e-05
16.0,14.0,0.0,0.021918166162251396
16.0,14.0,1.0,-0.0011842309904460742
16.0,14.0,2.0,-0.002183930950392751
16.0,14.0,3.0,0.012288409341155049
16.0,14.0,4.0,2.1653163262413955e-08
16.0,14.0,5.0,0.01940236048375027
16.0,14.0,6.0,-6.874769074890242e-10
16.0,14.0,7.0,-0.0030654761901188626
16.0,14.0,8.0,-0.0014316782123652977
16.0,14.0,9.0,0.008434127141979997
16.0,14.0,10.0,0.0032267204554713436
16.0,14.0,11.0,-0.01668119540458146
16.0,14.0,12.0,0.00504468568062566
16.0,14.0,13.0,-2.4267715888158717e-08
16.0,14.0,14.0,-0.05110672279678374
16.0,14.0,15.0,-1.1758421994355947e-08
16.0,14.0,16.0,-0.02465768773575705
16.0,14.0,17.0,-0.00022944707158600676
16.0,14.0,18.0,0.008450789187407909
16.0,14.0,19.0,0.006598099895000709
16.0,14.0,20.0,-3.1455537574591324e-05
16.0,15.0,0.0,-0.0005081153603314625
16.0,15.0,1.0,-0.0017121142626292743
16.0,15.0,2.0,-0.0001482246592527242
16.0,15.0,3.0,-7.589675470096036e-05
16.0,15.0,4.0,2.1653281279121472e-08
16.0,15.0,5.0,-7.040233802158014e-05
16.0,15.0,6.0,-6.874825043578869e-10
16.0,15.0,7.0,0.0002070705148745633
16.0,15.0,8.0,0.0004649089854461552
16.0,15.0,9.0,9.021468330686067e-05
16.0,15.0,10.0,-0.0002605020128029212
16.0,15.0,11.0,0.000102111522606807
16.0,15.0,12.0,-0.00019327187971829307
16.0,15.0,13.0,-2.4267957724841886e-08
16.0,15.0,14.0,-0.0003691867447609548
16.0,15.0,15.0,4.88178063871933e-07
16.0,15.0,16.0,-4.7380976514466155e-06
16.0,15.0,17.0,-0.00022337405050551658
16.0,15.0,18.0,-0.0002035532044035726
16.0,15.0,19.0,0.00025572373431226314
16.0,15.0,20.0,-3.145487871123029e-05
16.0,16.0,0.0,-0.030483722439304417
16.0,16.0,1.0,-0.0018364680548929883
16.0,16.0,2.0,0.029328188528335214
16.0,16.0,3.0,-0.01901942410845281
16.0,16.0,4.0,2.165329882064526e-08
16.0,16.0,5.0,-0.02314623838786045
16.0,16.0,6.0,-6.874728630955771e-10
16.0,16.0,7.0,0.0038047961827173404
16.0,16.0,8.0,-0.005631411635853123
16.0,16.0,9.0,-0.06265833067906974
16.0,16.0,10.0,-0.003669618541088049
16.0,16.0,11.0,0.059552733791482626
16.0,16.0,12.0,-0.010766927922154057
16.0,16.0,13.0,-2.4267955985439244e-08
16.0,16.0,14.0,0.059331731476679334
16.0,16.0,15.0,-1.1758487338659518e-08
16.0,16.0,16.0,0.24337635221614362
16.0,16.0,17.0,-0.00014316854390673567
16.0,16.0,18.0,-0.011279818374142575
16.0,16.0,19.0,-0.015597747798248407
16.0,16.0,20.0,-3.1458306580526166e-05
16.0,17.0,0.0,-0.014419663597081994
16.0,17.0,1.0,-0.0008629090569554671
16.0,17.0,2.0,0.021649216450334713
16.0,17.0,3.0,-0.004688999877792643
16.0,17.0,4.0,2.165199586290356e-08
16.0,17.0,5.0,-0.051634309789580446
16.0,17.0,6.0,-6.874823732526835e-10
16.0,17.0,7.0,0.010150592485364776
16.0,17.0,8.0,0.01745476961741238
16.0,17.0,9.0,0.013141147001043935
16.0,17.0,10.0,-0.005697504989224611
16.0,17.0,11.0,0.025628068058916154
16.0,17.0,12.0,-0.006228292127717694
16.0,17.0,13.0,-2.4267957373788975e-08
16.0,17.0,14.0,0.016001589382503234
16.0,17.0,15.0,-1.1758384575187586e-08
16.0,17.0,16.0,0.048941180106752635
16.0,17.0,17.0,0.18786342769229247
16.0,17.0,18.0,-0.07504946988502212
16.0,17.0,19.0,-0.03495225630780163
16.0,17.0,20.0,-3.146697708709734e-05
16.0,18.0,0.0,0.006059829588645926
16.0,18.0,1.0,-0.0018154179687911514
16.0,18.0,2.0,-0.010032278010317502
16.0,18.0,3.0,0.008718248697188014
16.0,18.0,4.0,2.165328438774594e-08
16.0,18.0,5.0,0.007031597251464072
16.0,18.0,6.0,-6.874825152702908e-10
16.0,18.0,7.0,-0.00738091813817951
16.0,18.0,8.0,-9.528532262827183e-05
16.0,18.0,9.0,-0.00112088766588736
16.0,18.0,10.0,-0.036801168010128116
16.0,18.0,11.0,-0.029467527176937347
16.0,18.0,12.0,0.004291718219013363
16.0,18.0,13.0,-2.4267957833536575e-08
16.0,18.0,14.0,-0.0016850715393116056
16.0,18.0,15.0,-1.1758487354701254e-08
16.0,18.0,16.0,-0.025186730997623252
16.0,18.0,17.0,-0.0002326146616789028
16.0,18.0,18.0,0.194643747648499
16.0,18.0,19.0,-0.04151149073321314
16.0,18.0,20.0,3.190150468042552e-05
16.0,19.0,0.0,0.007110984347729776
16.0,19.0,1.0,-0.0019340380138470979
16.0,19.0,2.0,-0.008426182242876668
16.0,19.0,3.0,0.031079506272463864
16.0,19.0,4.0,2.157611467268339e-08
16.0,19.0,5.0,0.019950335490129423
16.0,19.0,6.0,-6.874825093335081e-10
16.0,19.0,7.0,-0.011814595526789748
16.0,19.0,8.0,-0.0040462388144676675
16.0,19.0,9.0,-0.014159267647988527
16.0,19.0,10.0,-0.057133924060247865
16.0,19.0,11.0,-0.030485427928702458
16.0,19.0,12.0,0.005203124738722087
16.0,19.0,13.0,-2.4267958070080944e-08
16.0,19.0,14.0,0.01802599467464308
16.0,19.0,15.0,-1.1758461024592988e-08
16.0,19.0,16.0,0.01512512556848744
16.0,19.0,17.0,0.0023919410590834125
16.0,19.0,18.0,-0.02959378406696178
16.0,19.0,19.0,-0.20181028341360907
16.0,19.0,20.0,-3.12783520903088e-05
16.0,20.0,0.0,-0.0005294053959996603
16.0,20.0,1.0,-0.0017121184474908867
16.0,20.0,2.0,-0.00017394535471820793
16.0,20.0,3.0,-8.464480886971604e-05
16.0,20.0,4.0,2.1653280168898448e-08
16.0,20.0,5.0,-4.6257261788695825e-05
16.0,20.0,6.0,-6.874823831065616e-10
16.0,20.0,7.0,0.00018703418867475896
16.0,20.0,8.0,0.0004668639730904256
16.0,20.0,9.0,-1.9110548872047772e-05
16.0,20.0,10.0,-4.2365478923667155e-05
16.0,20.0,11.0,0.00023203569581714545
16.0,20.0,12.0,-0.000178164452282914
16.0,20.0,13.0,-2.4267956748112177e-08
16.0,20.0,14.0,-0.0003462434650169169
16.0,20.0,15.0,-1.175846887018437e-08
16.0,20.0,16.0,-0.00020729424336607405
16.0,20.0,17.0,-0.00022337181538774426
16.0,20.0,18.0,-0.00018233310684115378
16.0,20.0,19.0,0.00015864452178382393
16.0,20.0,20.0,-2.9929309594770045e-05
17.0,1.0,0.0,0.06353204849453015
17.0,1.0,1.0,0.1873615604811625
17.0,1.0,2.0,-0.0028195066648610857
17.0,1.0,3.0,0.021922132775819392
17.0,1.0,4.0,-0.014022486731714467
17.0,1.0,5.0,-4.163775885413924e-07
17.0,1.0,6.0,-6.366141778745285e-07
17.0,1.0,7.0,-0.041870582388335686
17.0,1.0,8.0,-0.019511651152463387
17.0,1.0,9.0,0.009260996195469828
17.0,1.0,10.0,-0.00625682883876566
17.0,1.0,11.0,-0.0820614207940577
17.0,1.0,12.0,0.056455193577290064
17.0,1.0,13.0,-9.425478078313553e-05
17.0,1.0,14.0,-0.02611392888764652
17.0,1.0,15.0,-0.011582226934367057
17.0,1.0,16.0,-0.07194005885184795
17.0,1.0,17.0,-0.015008361017477545
17.0,1.0,18.0,0.05552755193478487
17.0,1.0,19.0,-0.04732168681070226
17.0,1.0,20.0,-2.5308861788443167e-09
17.0,2.0,0.0,0.0037799940144288002
17.0,2.0,1.0,-0.0037493236004286223
17.0,2.0,2.0,-0.01370761795731142
17.0,2.0,3.0,0.002092760452596154
17.0,2.0,4.0,0.0011761414879779553
17.0,2.0,5.0,-4.164208917294127e-07
17.0,2.0,6.0,-4.2777817786194866e-07
17.0,2.0,7.0,0.0009183017482016775
17.0,2.0,8.0,0.008172058918577425
17.0,2.0,9.0,0.000837568880847045
17.0,2.0,10.0,0.0030846297574336212
17.0,2.0,11.0,-0.0008846967562977648
17.0,2.0,12.0,-0.004845411659217036
17.0,2.0,13.0,-9.42399082813268e-05
17.0,2.0,14.0,-0.0033888876960034703
17.0,2.0,15.0,-0.0014076466879247296
17.0,2.0,16.0,-0.005580467633513608
17.0,2.0,17.0,0.00046630820470683343
17.0,2.0,18.0,0.0010548060620821365
17.0,2.0,19.0,0.006361828550538906
17.0,2.0,20.0,-2.530886129395982e-09
17.0,3.0,0.0,0.014353671068770113
17.0,3.0,1.0,-0.00911397559018648
17.0,3.0,2.0,-0.013571181285401275
17.0,3.0,3.0,0.20663540250175316
17.0,3.0,4.0,0.09061996678676276
17.0,3.0,5.0,-4.164227810300664e-07
17.0,3.0,6.0,-1.7874205919061972e-06
17.0,3.0,7.0,0.04749235434290147
17.0,3.0,8.0,0.003037142468001887
17.0,3.0,9.0,0.013808477143303494
17.0,3.0,10.0,0.034646807376231936
17.0,3.0,11.0,-0.031949300311919004
17.0,3.0,12.0,0.03049717208573205
17.0,3.0,13.0,-9.425135028498754e-05
17.0,3.0,14.0,0.004049485190058419
17.0,3.0,15.0,0.0051953101984850425
17.0,3.0,16.0,-0.025830272866016357
17.0,3.0,17.0,-0.024840536261925672
17.0,3.0,18.0,0.02392337266436484
17.0,3.0,19.0,0.07356144572951329
17.0,3.0,20.0,-2.5308861786721213e-09
17.0,4.0,0.0,-0.0122205290059747
17.0,4.0,1.0,0.00797726374668864
17.0,4.0,2.0,-0.01251862861711001
17.0,4.0,3.0,-0.008185086491743931
17.0,4.0,4.0,0.11545231207911688
17.0,4.0,5.0,-4.1642369317768413e-07
17.0,4.0,6.0,-1.6812956770242076e-06
17.0,4.0,7.0,0.0068453181106644945
17.0,4.0,8.0,0.004512990752825491
17.0,4.0,9.0,-0.003633794659798961
17.0,4.0,10.0,0.011948244515495698
17.0,4.0,11.0,0.05831472254014658
17.0,4.0,12.0,0.006656544222223504
17.0,4.0,13.0,-9.425684532188981e-05
17.0,4.0,14.0,0.011397046292732624
17.0,4.0,15.0,0.00840033493605874
17.0,4.0,16.0,0.059467225322709094
17.0,4.0,17.0,0.0413178067409109
17.0,4.0,18.0,-0.00021408514621085173
17.0,4.0,19.0,0.045146496449058215
17.0,4.0,20.0,-2.5308860649805785e-09
17.0,5.0,0.0,0.001881691131292773
17.0,5.0,1.0,-0.003306971872755138
17.0,5.0,2.0,-0.007663083714846945
17.0,5.0,3.0,0.0006953707119002339
17.0,5.0,4.0,-0.00037992543516818245
17.0,5.0,5.0,-4.164237401507622e-07
17.0,5.0,6.0,-7.795937801334075e-07
17.0,5.0,7.0,0.0006605630212069835
17.0,5.0,8.0,0.007272867515576563
17.0,5.0,9.0,0.00048660601402072956
17.0,5.0,10.0,0.0016499192858333567
17.0,5.0,11.0,-0.0006222238690888338
17.0,5.0,12.0,-0.0032837042077466516
17.0,5.0,13.0,-9.422770006935115e-05
17.0,5.0,14.0,-0.0019480279265846195
17.0,5.0,15.0,-0.0006174808346590954
17.0,5.0,16.0,-0.0038360570735697097
17.0,5.0,17.0,0.0010424536868215983
17.0,5.0,18.0,-0.00016837694878524267
17.0,5.0,19.0,0.00339261971661986
17.0,5.0,20.0,-2.5308861293493042e-09
17.0,6.0,0.0,0.0018812286124723632
17.0,6.0,1.0,-0.0033069232681758043
17.0,6.0,2.0,-0.0076630815248373025
17.0,6.0,3.0,0.0006953197268632638
17.0,6.0,4.0,-0.0003799709362620751
17.0,6.0,5.0,-4.1642099266649996e-07
17.0,6.0,6.0,-2.151700124672915e-06
17.0,6.0,7.0,0.0006607160928215061
17.0,6.0,8.0,0.007272901129504718
17.0,6.0,9.0,0.0004864398054860719
17.0,6.0,10.0,0.0016500351015507064
17.0,6.0,11.0,-0.00062234948036477
17.0,6.0,12.0,-0.0032840921325231753
17.0,6.0,13.0,-9.422770593768865e-05
17.0,6.0,14.0,-0.0019480124756133949
17.0,6.0,15.0,-0.0006176772233459638
17.0,6.0,16.0,-0.003836253287676339
17.0,6.0,17.0,0.0010424557100350285
17.0,6.0,18.0,-0.00016849864072021603
17.0,6.0,19.0,0.003392685888809366
17.0,6.0,20.0,-2.5308861321098446e-09
17.0,7.0,0.0,0.04219318631798685
17.0,7.0,1.0,0.04243519813647528
17.0,7.0,2.0,-0.013150989004771735
17.0,7.0,3.0,0.06084721430647644
17.0,7.0,4.0,0.059276228414929855
17.0,7.0,5.0,-4.1641825673078005e-07
17.0,7.0,6.0,-1.475486142769889e-06
17.0,7.0,7.0,0.1962945139875262
17.0,7.0,8.0,-0.0436311635779769
17.0,7.0,9.0,0.026694358614587438
17.0,7.0,10.0,0.06080545879617116
17.0,7.0,11.0,-0.04186859372528512
17.0,7.0,12.0,0.06822192135922689
17.0,7.0,13.0,-9.422814095183563e-05
17.0,7.0,14.0,-0.035529896882938825
17.0,7.0,15.0,-0.05067931115307878
17.0,7.0,16.0,-0.05597519982420285
17.0,7.0,17.0,-0.09467352231604803
17.0,7.0,18.0,0.06252605404093992
17.0,7.0,19.0,0.04734763433974676
17.0,7.0,20.0,-2.5308861830703527e-09
17.0,8.0,0.0,-0.012862908280017182
17.0,8.0,1.0,-0.07259922491101548
17.0,8.0,2.0,-0.013610293595669261
17.0,8.0,3.0,-0.037185389850361295
17.0,8.0,4.0,-0.04979291270014563
17.0,8.0,5.0,-4.164218276718083e-07
17.0,8.0,6.0,-1.1205521647126355e-06
17.0,8.0,7.0,0.005454050776696945
17.0,8.0,8.0,0.23803251763649722
17.0,8.0,9.0,0.001865850427645116
17.0,8.0,10.0,-0.004282607289760376
17.0,8.0,11.0,-0.0051044114182393074
17.0,8.0,12.0,-0.028541060426352932
17.0,8.0,13.0,-9.425017749771175e-05
17.0,8.0,14.0,0.0011825500086850294
17.0,8.0,15.0,0.013214791459999431
17.0,8.0,16.0,-0.05128177781309673
17.0,8.0,17.0,0.06596175145660521
17.0,8.0,18.0,-0.04291023312422351
17.0,8.0,19.0,-0.00682923140016789
17.0,8.0,20.0,-2.5308830775489298e-09
17.0,9.0,0.0,0.008297133367468124
17.0,9.0,1.0,-0.003058395150299903
17.0,9.0,2.0,-0.013338297060251672
17.0,9.0,3.0,0.02172823652356748
17.0,9.0,4.0,0.04077989891317502
17.0,9.0,5.0,-4.160940719280261e-07
17.0,9.0,6.0,-1.601178851934135e-06
17.0,9.0,7.0,0.013600633200832685
17.0,9.0,8.0,0.012688903341268369
17.0,9.0,9.0,0.2165981611587257
17.0,9.0,10.0,0.019105765460569968
17.0,9.0,11.0,-0.010413014498460771
17.0,9.0,12.0,0.011763665060579742
17.0,9.0,13.0,-9.424905957041361e-05
17.0,9.0,14.0,-0.007420859408626343
17.0,9.0,15.0,0.05513813721190172
17.0,9.0,16.0,-0.03369343886842757
17.0,9.0,17.0,0.012004998531077782
17.0,9.0,18.0,0.02326878518984038
17.0,9.0,19.0,0.027237911180511665
17.0,9.0,20.0,-2.5308860978634753e-09
17.0,10.0,0.0,0.02675390559219204
17.0,10.0,1.0,0.0019416195457128138
17.0,10.0,2.0,-0.01089221017663597
17.0,10.0,3.0,0.009467452245511654
17.0,10.0,4.0,0.043263464730229684
17.0,10.0,5.0,-4.164214555307977e-07
17.0,10.0,6.0,-1.4111507948121417e-06
17.0,10.0,7.0,0.03181120642370486
17.0,10.0,8.0,-0.00024852366802263076
17.0,10.0,9.0,0.04346052146297072
17.0,10.0,10.0,0.22995069576813087
17.0,10.0,11.0,-0.0007217701311256208
17.0,10.0,12.0,0.009621290055984055
17.0,10.0,13.0,-9.421802141671397e-05
17.0,10.0,14.0,-0.05359091163723162
17.0,10.0,15.0,-0.051257139379751904
17.0,10.0,16.0,-0.021096648620810732
17.0,10.0,17.0,-0.03474218166678189
17.0,10.0,18.0,0.04191523250150897
17.0,10.0,19.0,0.058179737925677766
17.0,10.0,20.0,-2.5308861829841534e-09
17.0,11.0,0.0,0.07293629248067596
17.0,11.0,1.0,-0.05192286755735158
17.0,11.0,2.0,-0.01077045779749795
17.0,11.0,3.0,0.026347801007761296
17.0,11.0,4.0,-0.06659338360106615
17.0,11.0,5.0,-4.135830449836432e-07
17.0,11.0,6.0,-2.5419521528917246e-06
17.0,11.0,7.0,-0.027443562967075924
17.0,11.0,8.0,0.0643857803655083
17.0,11.0,9.0,-0.0050263952659435895
17.0,11.0,10.0,-0.01000050785856521
17.0,11.0,11.0,-0.31223063151837516
17.0,11.0,12.0,0.05226728271803199
17.0,11.0,13.0,-9.421982837290903e-05
17.0,11.0,14.0,-0.019679991685228104
17.0,11.0,15.0,0.019108857539924445
17.0,11.0,16.0,-0.14899013676139405
17.0,11.0,17.0,0.003941989230099641
17.0,11.0,18.0,-0.03255789880305973
17.0,11.0,19.0,-0.07195728198830387
17.0,11.0,20.0,-2.530886154842184e-09
17.0,12.0,0.0,0.02363561802404085
17.0,12.0,1.0,-0.03662611607745496
17.0,12.0,2.0,-0.012856506803510406
17.0,12.0,3.0,0.007651673715802887
17.0,12.0,4.0,-0.03880513036355493
17.0,12.0,5.0,-4.164130638137734e-07
17.0,12.0,6.0,4.598431875759988e-07
17.0,12.0,7.0,-0.02080058938597862
17.0,12.0,8.0,0.07206605769131558
17.0,12.0,9.0,0.04206908103549592
17.0,12.0,10.0,-0.004727149119703955
17.0,12.0,11.0,-0.10064559215827751
17.0,12.0,12.0,0.20369294799814264
17.0,12.0,13.0,-9.42283954889499e-05
17.0,12.0,14.0,-0.02186200273788673
17.0,12.0,15.0,0.019257642262696717
17.0,12.0,16.0,-0.14612292863191212
17.0,12.0,17.0,0.012860985167248928
17.0,12.0,18.0,-0.013135565558353934
17.0,12.0,19.0,-0.025273121989446756
17.0,12.0,20.0,-2.5308861816556563e-09
17.0,13.0,0.0,0.0018821033281939403
17.0,13.0,1.0,-0.0033071905213694908
17.0,13.0,2.0,-0.0076631943942589075
17.0,13.0,3.0,0.0006954182061742475
17.0,13.0,4.0,-0.00038009131718219624
17.0,13.0,5.0,-4.164209866516169e-07
17.0,13.0,6.0,5.55631237073317e-07
17.0,13.0,7.0,0.0006604337598468402
17.0,13.0,8.0,0.007273155339159572
17.0,13.0,9.0,0.00048675137909959254
17.0,13.0,10.0,0.0016498017887542904
17.0,13.0,11.0,-0.0006222306299682456
17.0,13.0,12.0,-0.003283479956496138
17.0,13.0,13.0,-9.426750734927301e-05
17.0,13.0,14.0,-0.0019480827348003077
17.0,13.0,15.0,-0.0006173035858444142
17.0,13.0,16.0,-0.003836080017271093
17.0,13.0,17.0,0.0010425060599155156
17.0,13.0,18.0,-0.00016837382427664638
17.0,13.0,19.0,0.0033925083477607254
17.0,13.0,20.0,-2.5308861301749136e-09
17.0,14.0,0.0,0.028591247736909242
17.0,14.0,1.0,-0.014159868486363164
17.0,14.0,2.0,-0.012807050720032319
17.0,14.0,3.0,0.026036743739048296
17.0,14.0,4.0,0.00010777904922742998
17.0,14.0,5.0,-4.163924103286785e-07
17.0,14.0,6.0,-1.7786402010609983e-06
17.0,14.0,7.0,-0.0058844848311742914
17.0,14.0,8.0,0.019014956422354047
17.0,14.0,9.0,-0.0020648054876093724
17.0,14.0,10.0,-0.000753032060947123
17.0,14.0,11.0,-0.03406412480845117
17.0,14.0,12.0,-0.0015011899539608131
17.0,14.0,13.0,-9.425217577601774e-05
17.0,14.0,14.0,-0.08844553075705902
17.0,14.0,15.0,-0.037627309449864116
17.0,14.0,16.0,-0.033823853456013686
17.0,14.0,17.0,-0.008653650293805104
17.0,14.0,18.0,0.012553922225620073
17.0,14.0,19.0,-0.02135194781785743
17.0,14.0,20.0,-2.5308861505916216e-09
17.0,15.0,0.0,0.028781488870871452
17.0,15.0,1.0,-0.01627214434382762
17.0,15.0,2.0,-0.013680171778498985
17.0,15.0,3.0,-0.05112362279270316
17.0,15.0,4.0,-0.01683091315615659
17.0,15.0,5.0,-4.1642358287964307e-07
17.0,15.0,6.0,-2.1561542364133354e-06
17.0,15.0,7.0,-0.042591656591805416
17.0,15.0,8.0,0.0212445061103572
17.0,15.0,9.0,-0.03057200011202646
17.0,15.0,10.0,-0.018970068458915357
17.0,15.0,11.0,-0.006022462235519499
17.0,15.0,12.0,-0.02869639557511594
17.0,15.0,13.0,-8.330270737338595e-05
17.0,15.0,14.0,-0.0035080685681994628
17.0,15.0,15.0,-0.1767589723345176
17.0,15.0,16.0,0.004591423439022191
17.0,15.0,17.0,-0.009389860020994567
17.0,15.0,18.0,-0.019616615075705696
17.0,15.0,19.0,-0.056543376201403706
17.0,15.0,20.0,-2.530886175365161e-09
17.0,16.0,0.0,-0.04202267624507955
17.0,16.0,1.0,0.025930592051872592
17.0,16.0,2.0,0.015216588082390604
17.0,16.0,3.0,-0.040032775635875345
17.0,16.0,4.0,0.04972518628215461
17.0,16.0,5.0,-4.1642373419272785e-07
17.0,16.0,6.0,-1.959094081450394e-06
17.0,16.0,7.0,0.0036369232828659948
17.0,16.0,8.0,-0.03189005586592557
17.0,16.0,9.0,-0.050196988415651386
17.0,16.0,10.0,-0.0013141165900605323
17.0,16.0,11.0,0.15002923119497114
17.0,16.0,12.0,-0.02231559380913417
17.0,16.0,13.0,-9.419704543790385e-05
17.0,16.0,14.0,0.05283686775691773
17.0,16.0,15.0,-0.03233261960237027
17.0,16.0,16.0,0.30006498566169715
17.0,16.0,17.0,0.02239910201602313
17.0,16.0,18.0,-0.007093748287888141
17.0,16.0,19.0,0.030143313879194444
17.0,16.0,20.0,-2.530885763297728e-09
17.0,17.0,0.0,-0.01893526508320048
17.0,17.0,1.0,0.013879705809919513
17.0,17.0,2.0,0.011678334382460884
17.0,17.0,3.0,-0.021320687875021893
17.0,17.0,4.0,-0.0590061945311271
17.0,17.0,5.0,-4.1642373345297364e-07
17.0,17.0,6.0,-2.1388839032363604e-06
17.0,17.0,7.0,-0.0003786458937108106
17.0,17.0,8.0,0.0334897861345295
17.0,17.0,9.0,-0.027250503061109294
17.0,17.0,10.0,-0.011853500761267788
17.0,17.0,11.0,0.028644432010892174
17.0,17.0,12.0,-0.012661457694071787
17.0,17.0,13.0,-9.378027331682871e-05
17.0,17.0,14.0,0.04359301735940663
17.0,17.0,15.0,0.010529878801605358
17.0,17.0,16.0,0.05245324185245148
17.0,17.0,17.0,0.21689131602671285
17.0,17.0,18.0,-0.07460001340248751
17.0,17.0,19.0,-0.020439139545969764
17.0,17.0,20.0,-2.5308859337937654e-09
17.0,18.0,0.0,0.033519023011848836
17.0,18.0,1.0,-0.029819740114940818
17.0,18.0,2.0,-0.012949200028642392
17.0,18.0,3.0,0.019836353542780183
17.0,18.0,4.0,-0.030574377816326326
17.0,18.0,5.0,-4.1583864877536625e-07
17.0,18.0,6.0,-2.304274394316688e-06
17.0,18.0,7.0,-0.01536427353707795
17.0,18.0,8.0,0.031972085231636534
17.0,18.0,9.0,0.008434514534538529
17.0,18.0,10.0,-0.022721699265308426
17.0,18.0,11.0,-0.13371280659699347
17.0,18.0,12.0,0.015475025953444799
17.0,18.0,13.0,-9.426736021272512e-05
17.0,18.0,14.0,-0.021323006466843875
17.0,18.0,15.0,-0.013949211087001728
17.0,18.0,16.0,-0.13432102469587348
17.0,18.0,17.0,-0.036191672230653504
17.0,18.0,18.0,0.18005290524281486
17.0,18.0,19.0,-0.09825077044336394
17.0,18.0,20.0,-2.530886054163339e-09
17.0,19.0,0.0,0.00242179647689883
17.0,19.0,1.0,0.004328914521877197
17.0,19.0,2.0,-0.010845313046533404
17.0,19.0,3.0,-0.01908411144053429
17.0,19.0,4.0,0.05257127799277739
17.0,19.0,5.0,-4.164236987964211e-07
17.0,19.0,6.0,-1.2592782281009642e-06
17.0,19.0,7.0,0.004946609589280976
17.0,19.0,8.0,-0.00036638558917418546
17.0,19.0,9.0,0.009090283795573972
17.0,19.0,10.0,0.04250392200925901
17.0,19.0,11.0,0.05349646964438226
17.0,19.0,12.0,-0.006635905944488818
17.0,19.0,13.0,-9.4244166948222e-05
17.0,19.0,14.0,-0.009744175418113746
17.0,19.0,15.0,-0.014378073896022886
17.0,19.0,16.0,0.01909127394130461
17.0,19.0,17.0,-0.007293068761912658
17.0,19.0,18.0,0.042290584707254164
17.0,19.0,19.0,0.1341247955715531
17.0,19.0,20.0,-2.5308861821024186e-09
17.0,20.0,0.0,0.0018816910469888204
17.0,20.0,1.0,-0.003306971794168362
17.0,20.0,2.0,-0.007663084013633385
17.0,20.0,3.0,0.0006953707278546384
17.0,20.0,4.0,-0.00037992524254393256
17.0,20.0,5.0,-4.1642098485213933e-07
17.0,20.0,6.0,-7.800792299763093e-07
17.0,20.0,7.0,0.0006605630968649912
17.0,20.0,8.0,0.007272867450896454
17.0,20.0,9.0,0.0004866059707818171
17.0,20.0,10.0,0.0016499194335654055
17.0,20.0,11.0,-0.0006222237652215856
17.0,20.0,12.0,-0.0032837044051767794
17.0,20.0,13.0,-9.422770006182914e-05
17.0,20.0,14.0,-0.0019480279471017076
17.0,20.0,15.0,-0.0006174809424068506
17.0,20.0,16.0,-0.003836057067999721
17.0,20.0,17.0,0.0010424536561546294
17.0,20.0,18.0,-0.0001683768665617924
17.0,20.0,19.0,0.0033926200043311594
17.0,20.0,20.0,-2.5308861610103953e-09
18.0,1.0,0.0,0.08643427577600435
18.0,1.0,1.0,0.19896246847382004
18.0,1.0,2.0,-0.03487827214223593
18.0,1.0,3.0,0.007794261120896252
18.0,1.0,4.0,0.003555902071854411
18.0,1.0,5.0,0.02194500370343136
18.0,1.0,6.0,-1.1509839554092641e-08
18.0,1.0,7.0,-0.0005244128162069245
18.0,1.0,8.0,-0.005919230635660571
18.0,1.0,9.0,0.004466380561302139
18.0,1.0,10.0,0.02636093143955065
18.0,1.0,11.0,-0.04868570471852926
18.0,1.0,12.0,0.02353055534241777
18.0,1.0,13.0,-3.3759884530104164e-08
18.0,1.0,14.0,-0.008094663984461348
18.0,1.0,15.0,-0.02479883189224104
18.0,1.0,16.0,-0.013747173159220916
18.0,1.0,17.0,-0.014067351218686297
18.0,1.0,18.0,0.053387314468839986
18.0,1.0,19.0,0.0007768929719409456
18.0,1.0,20.0,-3.258700478000662e-11
18.0,2.0,0.0,0.07472867694408195
18.0,2.0,1.0,-0.006375888904585299
18.0,2.0,2.0,-0.22875716422973702
18.0,2.0,3.0,0.033542317487807824
18.0,2.0,4.0,0.017465569673079773
18.0,2.0,5.0,0.031239349706684655
18.0,2.0,6.0,-1.1514825961796402e-08
18.0,2.0,7.0,-0.0005162673253742064
18.0,2.0,8.0,-0.001249502626952016
18.0,2.0,9.0,0.013754651767289707
18.0,2.0,10.0,0.02671416439533525
18.0,2.0,11.0,-0.04659528944977309
18.0,2.0,12.0,-0.00737420098445174
18.0,2.0,13.0,-3.375989223844545e-08
18.0,2.0,14.0,-0.09709744818792954
18.0,2.0,15.0,-0.02152312893483932
18.0,2.0,16.0,-0.10205734591172244
18.0,2.0,17.0,-0.06386300553751548
18.0,2.0,18.0,0.029533654765515838
18.0,2.0,19.0,0.04638987334399358
18.0,2.0,20.0,-3.2587004756281014e-11
18.0,3.0,0.0,0.01214373656375009
18.0,3.0,1.0,-0.025943502591768686
18.0,3.0,2.0,-0.011340620620773345
18.0,3.0,3.0,0.1955525590194757
18.0,3.0,4.0,0.055188084361970646
18.0,3.0,5.0,0.0217526300401287
18.0,3.0,6.0,-1.1515176880163939e-08
18.0,3.0,7.0,0.0010646935172894693
18.0,3.0,8.0,-0.0016441209537039914
18.0,3.0,9.0,0.006625148273707072
18.0,3.0,10.0,0.007832466269172111
18.0,3.0,11.0,-0.05153626051357782
18.0,3.0,12.0,0.039180817302620796
18.0,3.0,13.0,-3.3759889832797335e-08
18.0,3.0,14.0,-0.03725275468518835
18.0,3.0,15.0,-0.008333795133650873
18.0,3.0,16.0,-0.029409552267354977
18.0,3.0,17.0,-0.05996094045397246
18.0,3.0,18.0,0.012940942130798105
18.0,3.0,19.0,0.030215010115464458
18.0,3.0,20.0,-3.258700477969398e-11
18.0,4.0,0.0,-0.009765670260811432
18.0,4.0,1.0,0.0021548807536784474
18.0,4.0,2.0,0.017158757236573008
18.0,4.0,3.0,-0.0072379557153251905
18.0,4.0,4.0,0.21185645342985449
18.0,4.0,5.0,-0.01805243705014027
18.0,4.0,6.0,9.108198167469915e-07
18.0,4.0,7.0,-0.0005235509251675577
18.0,4.0,8.0,0.00047895524144683094
18.0,4.0,9.0,-0.010997202466363359
18.0,4.0,10.0,0.0020688405356386053
18.0,4.0,11.0,0.06030099492119512
18.0,4.0,12.0,0.08959505796032718
18.0,4.0,13.0,-3.375989544108041e-08
18.0,4.0,14.0,0.02985646688678628
18.0,4.0,15.0,-0.023325146432802535
18.0,4.0,16.0,0.05274099816740008
18.0,4.0,17.0,0.05395377072120794
18.0,4.0,18.0,0.001567572725923505
18.0,4.0,19.0,0.038267861393091795
18.0,4.0,20.0,-3.258700473676348e-11
18.0,5.0,0.0,0.03903835263557712
18.0,5.0,1.0,-0.011849865333172734
18.0,5.0,2.0,-0.007482054057823206
18.0,5.0,3.0,-0.0074442464867903605
18.0,5.0,4.0,0.03622622390745167
18.0,5.0,5.0,0.20196554522841623
18.0,5.0,6.0,-1.149413939277378e-08
18.0,5.0,7.0,-0.0005241757354876671
18.0,5.0,8.0,-0.00392880867098278
18.0,5.0,9.0,0.008062640487399273
18.0,5.0,10.0,0.025760256599471232
18.0,5.0,11.0,-0.05166489657183873
18.0,5.0,12.0,0.019448053618353445
18.0,5.0,13.0,-3.375989148383405e-08
18.0,5.0,14.0,-0.020577038145462967
18.0,5.0,15.0,-0.06498036685786586
18.0,5.0,16.0,-0.018980592890459613
18.0,5.0,17.0,-0.05095628960415288
18.0,5.0,18.0,0.07091853777140605
18.0,5.0,19.0,0.0751551405896077
18.0,5.0,20.0,-3.2587004765688765e-11
18.0,6.0,0.0,-0.0022629036102065347
18.0,6.0,1.0,0.0005829169959192873
18.0,6.0,2.0,0.0024873184531282178
18.0,6.0,3.0,-0.001659303486500628
18.0,6.0,4.0,-3.04735057551353e-05
18.0,6.0,5.0,-0.0018293355537527811
18.0,6.0,6.0,5.281538159036436e-07
18.0,6.0,7.0,-0.0004983197866033766
18.0,6.0,8.0,-0.0025126166744175635
18.0,6.0,9.0,-0.0028142350131440744
18.0,6.0,10.0,-0.0008673050059616605
18.0,6.0,11.0,0.003171569836352306
18.0,6.0,12.0,-0.0010168055479347071
18.0,6.0,13.0,-3.375986982170273e-08
18.0,6.0,14.0,0.0029485120032354817
18.0,6.0,15.0,0.0010578195947768265
18.0,6.0,16.0,0.004214403879752249
18.0,6.0,17.0,0.002799997862750092
18.0,6.0,18.0,-0.0016662684955702223
18.0,6.0,19.0,-0.0010422436150099301
18.0,6.0,20.0,-3.25870047797586e-11
18.0,7.0,0.0,0.03896348883585918
18.0,7.0,1.0,0.027221372898857444
18.0,7.0,2.0,-0.032153640258474225
18.0,7.0,3.0,-0.005808290183812842
18.0,7.0,4.0,0.036027522920520694
18.0,7.0,5.0,0.01870432036279901
18.0,7.0,6.0,7.007726042437765e-07
18.0,7.0,7.0,0.13990123720572145
18.0,7.0,8.0,-0.001462457115371905
18.0,7.0,9.0,-0.0016798316217584534
18.0,7.0,10.0,0.0013585436732196365
18.0,7.0,11.0,-0.01896436470380064
18.0,7.0,12.0,0.04347381212788182
18.0,7.0,13.0,-3.375988772817661e-08
18.0,7.0,14.0,-0.027514131460998348
18.0,7.0,15.0,-0.04976750263884962
18.0,7.0,16.0,-0.033839848617753354
18.0,7.0,17.0,-0.09529477828371846
18.0,7.0,18.0,0.0339225870078102
18.0,7.0,19.0,0.06580218674805527
18.0,7.0,20.0,-3.258700478280588e-11
18.0,8.0,0.0,0.019393015421648258
18.0,8.0,1.0,-0.023975053734491204
18.0,8.0,2.0,-0.07345952140836798
18.0,8.0,3.0,0.0031394435824771867
18.0,8.0,4.0,-0.08660245798289745
18.0,8.0,5.0,0.006507498876540618
18.0,8.0,6.0,-1.151518159620758e-08
18.0,8.0,7.0,-0.00047164136510481034
18.0,8.0,8.0,0.20739423760144435
18.0,8.0,9.0,0.015801451441129166
18.0,8.0,10.0,0.001826594255586067
18.0,8.0,11.0,-0.054391489097954826
18.0,8.0,12.0,0.001235816966008385
18.0,8.0,13.0,-3.375989606574191e-08
18.0,8.0,14.0,-0.05040040288717018
18.0,8.0,15.0,0.00910335576484922
18.0,8.0,16.0,-0.08562760884190901
18.0,8.0,17.0,0.004013310032524475
18.0,8.0,18.0,-0.0046703179220532465
18.0,8.0,19.0,-0.021581653577203097
18.0,8.0,20.0,-3.258700477592567e-11
18.0,9.0,0.0,0.05550218333585058
18.0,9.0,1.0,-0.00271706854649972
18.0,9.0,2.0,-0.09098176457298662
18.0,9.0,3.0,0.020504776899532756
18.0,9.0,4.0,0.030282132962510255
18.0,9.0,5.0,0.0417928992284155
18.0,9.0,6.0,-1.1345935032110047e-08
18.0,9.0,7.0,-0.0005178264333808715
18.0,9.0,8.0,-0.003583294405740104
18.0,9.0,9.0,0.2254628512012758
18.0,9.0,10.0,0.02807122466523182
18.0,9.0,11.0,-0.07446981255093701
18.0,9.0,12.0,0.02512911578190724
18.0,9.0,13.0,-3.37595511713837e-08
18.0,9.0,14.0,-0.08800853656141755
18.0,9.0,15.0,-0.008792529350633183
18.0,9.0,16.0,-0.1358462686113736
18.0,9.0,17.0,-0.06167052997904324
18.0,9.0,18.0,0.07205568534649798
18.0,9.0,19.0,0.022073334909228248
18.0,9.0,20.0,-3.258700477089581e-11
18.0,10.0,0.0,-0.017489846673187537
18.0,10.0,1.0,-0.0015524241080149444
18.0,10.0,2.0,0.08287986465272446
18.0,10.0,3.0,-0.0072267448782626885
18.0,10.0,4.0,0.03097994850193997
18.0,10.0,5.0,0.004483146743593847
18.0,10.0,6.0,5.667656486501992e-07
18.0,10.0,7.0,-0.0004292497252799083
18.0,10.0,8.0,-0.004721510825376444
18.0,10.0,9.0,0.004631962746702318
18.0,10.0,10.0,0.20232289305886253
18.0,10.0,11.0,0.013424638040818448
18.0,10.0,12.0,0.02114375809038027
18.0,10.0,13.0,-3.375988578433135e-08
18.0,10.0,14.0,0.00017330689671057886
18.0,10.0,15.0,0.0051666652067764995
18.0,10.0,16.0,0.013329979989828655
18.0,10.0,17.0,-0.0406699980416923
18.0,10.0,18.0,0.014474992863759806
18.0,10.0,19.0,0.03955688946699876
18.0,10.0,20.0,-3.258700467014237e-11
18.0,11.0,0.0,0.02794035710797807
18.0,11.0,1.0,0.00489693857982482
18.0,11.0,2.0,-0.0013014633275550413
18.0,11.0,3.0,0.02434469783157514
18.0,11.0,4.0,-0.06938351287469924
18.0,11.0,5.0,0.02201871236635758
18.0,11.0,6.0,-1.1515181359868625e-08
18.0,11.0,7.0,-0.0005072910780373554
18.0,11.0,8.0,-0.0014671088510557788
18.0,11.0,9.0,0.02915164310886344
18.0,11.0,10.0,0.0004388530877789121
18.0,11.0,11.0,-0.2512382401956356
18.0,11.0,12.0,0.04469679250641989
18.0,11.0,13.0,-3.375969538681967e-08
18.0,11.0,14.0,-0.00039492082992376165
18.0,11.0,15.0,0.03528389584440067
18.0,11.0,16.0,0.001971046234459095
18.0,11.0,17.0,-0.001005513594312668
18.0,11.0,18.0,-0.0030157432082474345
18.0,11.0,19.0,-0.051413025482448194
18.0,11.0,20.0,-3.258700465146004e-11
18.0,12.0,0.0,0.02711404079998589
18.0,12.0,1.0,0.0009506867481349802
18.0,12.0,2.0,-0.023458665102821852
18.0,12.0,3.0,0.008713820171448639
18.0,12.0,4.0,-0.029705012055886604
18.0,12.0,5.0,0.011774974091929818
18.0,12.0,6.0,-1.1515136408805365e-08
18.0,12.0,7.0,-0.0005239788916151977
18.0,12.0,8.0,0.004168299356196975
18.0,12.0,9.0,0.0229445300313094
18.0,12.0,10.0,0.0052395366495328055
18.0,12.0,11.0,-0.09850726209128544
18.0,12.0,12.0,0.21011662175947388
18.0,12.0,13.0,-3.375984146655766e-08
18.0,12.0,14.0,-0.030751331624674527
18.0,12.0,15.0,-0.012116511983083347
18.0,12.0,16.0,-0.056401382903198405
18.0,12.0,17.0,-0.025559080910775023
18.0,12.0,18.0,0.004976270921417059
18.0,12.0,19.0,-0.0171127620219913
18.0,12.0,20.0,-3.2587004770362135e-11
18.0,13.0,0.0,-0.002186704448585014
18.0,13.0,1.0,0.0005830713884216465
18.0,13.0,2.0,0.002817237358046343
18.0,13.0,3.0,-0.0016536659083347775
18.0,13.0,4.0,2.960578608379727e-06
18.0,13.0,5.0,-0.001800406177014019
18.0,13.0,6.0,-8.30771926260824e-09
18.0,13.0,7.0,-0.0004983213417425938
18.0,13.0,8.0,-0.002512098400853098
18.0,13.0,9.0,-0.0028109986880428955
18.0,13.0,10.0,-0.0009488370413842651
18.0,13.0,11.0,0.0031591871662928206
18.0,13.0,12.0,-0.0011801774387775188
18.0,13.0,13.0,-3.319398181433351e-08
18.0,13.0,14.0,0.0030784649427130217
18.0,13.0,15.0,0.0010442077351679735
18.0,13.0,16.0,0.0038549382805190824
18.0,13.0,17.0,0.0028828565228632974
18.0,13.0,18.0,-0.00171169542126548
18.0,13.0,19.0,-0.0009029350840412675
18.0,13.0,20.0,-3.258700475292973e-11
18.0,14.0,0.0,0.07645586200393492
18.0,14.0,1.0,-0.003447228574011755
18.0,14.0,2.0,-0.037993089448783546
18.0,14.0,3.0,0.05391108674803969
18.0,14.0,4.0,-0.0007822191985319416
18.0,14.0,5.0,0.06717924911012296
18.0,14.0,6.0,-1.1515184822156179e-08
18.0,14.0,7.0,-0.0005176643056354133
18.0,14.0,8.0,-0.004768981890711759
18.0,14.0,9.0,0.019053066338566193
18.0,14.0,10.0,0.021914278853183866
18.0,14.0,11.0,-0.08295192135164017
18.0,14.0,12.0,0.011983692255587819
18.0,14.0,13.0,-3.375986776590672e-08
18.0,14.0,14.0,-0.2682203684672713
18.0,14.0,15.0,-0.040261266207975294
18.0,14.0,16.0,-0.1136290565895769
18.0,14.0,17.0,-0.07223079363045118
18.0,14.0,18.0,0.03486533786212331
18.0,14.0,19.0,-0.0018050093526006394
18.0,14.0,20.0,-3.2587004747658186e-11
18.0,15.0,0.0,0.03424548519241344
18.0,15.0,1.0,-0.0016077648842130789
18.0,15.0,2.0,-0.014697876773491991
18.0,15.0,3.0,-0.0068694562807774025
18.0,15.0,4.0,0.0008410930133950778
18.0,15.0,5.0,0.0010383289364703785
18.0,15.0,6.0,-4.1304518080373e-09
18.0,15.0,7.0,-0.0005241183900322159
18.0,15.0,8.0,-0.004521411332974416
18.0,15.0,9.0,-0.015102103366652122
18.0,15.0,10.0,0.0076331808783400845
18.0,15.0,11.0,0.0014345202476757635
18.0,15.0,12.0,-0.023408346201115315
18.0,15.0,13.0,-3.3759497878204985e-08
18.0,15.0,14.0,-0.008428044686086711
18.0,15.0,15.0,-0.12784221193544057
18.0,15.0,16.0,-0.0033999649158077405
18.0,15.0,17.0,-0.057638077402757115
18.0,15.0,18.0,-0.0019082870138350527
18.0,15.0,19.0,-0.001077848269015913
18.0,15.0,20.0,-3.258700461830946e-11
18.0,16.0,0.0,-0.06379859377240477
18.0,16.0,1.0,-0.0021384127728751
18.0,16.0,2.0,0.0836443578680024
18.0,16.0,3.0,-0.00772092227613007
18.0,16.0,4.0,0.03999082014366684
18.0,16.0,5.0,-0.05290259411739118
18.0,16.0,6.0,9.778000863077811e-07
18.0,16.0,7.0,-0.0004573628723618242
18.0,16.0,8.0,0.0027921878903375396
18.0,16.0,9.0,-0.027208490198194255
18.0,16.0,10.0,-0.019247892778092024
18.0,16.0,11.0,0.11686650771207402
18.0,16.0,12.0,-0.0030183120609422742
18.0,16.0,13.0,-3.375957500033084e-08
18.0,16.0,14.0,0.14443112832099503
18.0,16.0,15.0,0.007823454912078781
18.0,16.0,16.0,0.28394775890191915
18.0,16.0,17.0,0.0833496713547569
18.0,16.0,18.0,-0.030316870988818356
18.0,16.0,19.0,-0.004286112533114839
18.0,16.0,20.0,-3.2587004172764474e-11
18.0,17.0,0.0,-0.037175367522688324
18.0,17.0,1.0,0.014393680502454795
18.0,17.0,2.0,0.04463262479876351
18.0,17.0,3.0,0.011246783328352423
18.0,17.0,4.0,-0.08107616484303581
18.0,17.0,5.0,-0.06991059486276674
18.0,17.0,6.0,-1.1512844392582127e-08
18.0,17.0,7.0,-9.290046642810782e-05
18.0,17.0,8.0,0.012390046613568644
18.0,17.0,9.0,-0.006679899148162333
18.0,17.0,10.0,-0.026266903030826017
18.0,17.0,11.0,0.02232831439565619
18.0,17.0,12.0,-0.03346172665846198
18.0,17.0,13.0,-3.375905960845327e-08
18.0,17.0,14.0,0.06339261428664233
18.0,17.0,15.0,0.038655250871640456
18.0,17.0,16.0,0.07217348070564544
18.0,17.0,17.0,0.25032865559247386
18.0,17.0,18.0,-0.05347282126142455
18.0,17.0,19.0,-0.09558352205419557
18.0,17.0,20.0,-3.2587002379762815e-11
18.0,18.0,0.0,0.043073318157422824
18.0,18.0,1.0,-0.0029749980155054263
18.0,18.0,2.0,-0.028144706294367272
18.0,18.0,3.0,0.009403145316152954
18.0,18.0,4.0,0.03333517323729962
18.0,18.0,5.0,0.04477260057112434
18.0,18.0,6.0,-1.15150772208515e-08
18.0,18.0,7.0,-0.0005228083709355805
18.0,18.0,8.0,-0.004182462115520513
18.0,18.0,9.0,0.01674781692464337
18.0,18.0,10.0,0.031323870478439986
18.0,18.0,11.0,-0.10909441530762581
18.0,18.0,12.0,0.038911908412250784
18.0,18.0,13.0,-3.375989614056015e-08
18.0,18.0,14.0,-0.0653805846783922
18.0,18.0,15.0,-0.039351521189069566
18.0,18.0,16.0,-0.07803278001325697
18.0,18.0,17.0,-0.09844952351430455
18.0,18.0,18.0,0.21767430534157373
18.0,18.0,19.0,-0.005572557151419355
18.0,18.0,20.0,-3.2587004776065345e-11
18.0,19.0,0.0,0.01382221023519653
18.0,19.0,1.0,-0.0012977885558514632
18.0,19.0,2.0,0.0016899835747740122
18.0,19.0,3.0,-0.007827328785046297
18.0,19.0,4.0,0.11337150464635148
18.0,19.0,5.0,-0.021206561593480278
18.0,19.0,6.0,2.9565405684031366e-06
18.0,19.0,7.0,-0.0005205497483454351
18.0,19.0,8.0,-0.005686474005427418
18.0,19.0,9.0,-0.006441357836942479
18.0,19.0,10.0,0.039008503733079736
18.0,19.0,11.0,0.04354774852256382
18.0,19.0,12.0,0.04101883566004372
18.0,19.0,13.0,-3.375989604363904e-08
18.0,19.0,14.0,-0.017492063695445703
18.0,19.0,15.0,-0.023993025230662074
18.0,19.0,16.0,-0.012069278558643148
18.0,19.0,17.0,-0.06616810722968122
18.0,19.0,18.0,0.06610259194005824
18.0,19.0,19.0,0.23371404591853429
18.0,19.0,20.0,-3.258700255444244e-11
18.0,20.0,0.0,-0.0021883591437969196
18.0,20.0,1.0,0.0005830613219849727
18.0,20.0,2.0,0.00280901844404291
18.0,20.0,3.0,-0.001653722283144407
18.0,20.0,4.0,2.1806136006885524e-06
18.0,20.0,5.0,-0.0018009572607932955
18.0,20.0,6.0,-8.386157562283288e-09
18.0,20.0,7.0,-0.0004983213602561458
18.0,20.0,8.0,-0.0025121147997659568
18.0,20.0,9.0,-0.002810944362051579
18.0,20.0,10.0,-0.0009467434908370098
18.0,20.0,11.0,0.003159138496432068
18.0,20.0,12.0,-0.0011762584852579305
18.0,20.0,13.0,-3.3759868538426985e-08
18.0,20.0,14.0,0.0030752044419760094
18.0,20.0,15.0,0.001044486382308224
18.0,20.0,16.0,0.0038632095894812757
18.0,20.0,17.0,0.0028806466940806685
18.0,20.0,18.0,-0.0017104473285929345
18.0,20.0,19.0,-0.0009064423143121392
18.0,20.0,20.0,3.4574021521856326e-07
19.0,1.0,0.0,0.06521077840560921
19.0,1.0,1.0,0.19530811720094254
19.0,1.0,2.0,-0.00925546534095571
19.0,1.0,3.0,0.01886758715372136
19.0,1.0,4.0,0.025416398154750053
19.0,1.0,5.0,0.015641525721544175
19.0,1.0,6.0,-1.697133428650118e-13
19.0,1.0,7.0,-0.03131026431822259
19.0,1.0,8.0,-0.04102618637095223
19.0,1.0,9.0,0.0014388870333371107
19.0,1.0,10.0,0.018561007361360127
19.0,1.0,11.0,-0.0238771772450867
19.0,1.0,12.0,0.013766703634333188
19.0,1.0,13.0,-3.6867949444920814e-05
19.0,1.0,14.0,-0.00015785932136763917
19.0,1.0,15.0,0.0038049804623867672
19.0,1.0,16.0,-0.024840519719382337
19.0,1.0,17.0,-0.02974937680022674
19.0,1.0,18.0,0.05867616889237226
19.0,1.0,19.0,0.005916665274304567
19.0,1.0,20.0,2.4026813074308263e-06
19.0,2.0,0.0,0.003841674799052869
19.0,2.0,1.0,-0.0012465537589408937
19.0,2.0,2.0,-0.012025883663317197
19.0,2.0,3.0,0.002196736076041539
19.0,2.0,4.0,0.0015742125377584681
19.0,2.0,5.0,0.0011578231390866542
19.0,2.0,6.0,-1.697121831160448e-13
19.0,2.0,7.0,-0.0007007080079748373
19.0,2.0,8.0,-0.0005569861647985452
19.0,2.0,9.0,-0.0010614092204295211
19.0,2.0,10.0,0.002703561728106041
19.0,2.0,11.0,-0.0005790271515326295
19.0,2.0,12.0,-0.004590306655971432
19.0,2.0,13.0,-3.686436255394355e-05
19.0,2.0,14.0,-0.00015773826047822375
19.0,2.0,15.0,-0.0002355939220437253
19.0,2.0,16.0,-0.004128881058954814
19.0,2.0,17.0,-0.005160392020974569
19.0,2.0,18.0,0.0002519652220800972
19.0,2.0,19.0,0.004623698345376126
19.0,2.0,20.0,-2.1892945386507183e-07
19.0,3.0,0.0,-0.007371337731258587
19.0,3.0,1.0,-0.02142893897604558
19.0,3.0,2.0,-0.010907824035887964
19.0,3.0,3.0,0.18260587978586662
19.0,3.0,4.0,0.05586808747711158
19.0,3.0,5.0,-0.00846180043646838
19.0,3.0,6.0,-1.69713342467312e-13
19.0,3.0,7.0,0.018428749693029378
19.0,3.0,8.0,0.0016668477528924142
19.0,3.0,9.0,-0.0016745186190500194
19.0,3.0,10.0,0.015322179392571744
19.0,3.0,11.0,-0.022105787034374103
19.0,3.0,12.0,0.006358141678077411
19.0,3.0,13.0,-3.686858225131823e-05
19.0,3.0,14.0,-0.00015786903198505741
19.0,3.0,15.0,0.004694101042485646
19.0,3.0,16.0,-0.013488344572603395
19.0,3.0,17.0,-0.04406463822130627
19.0,3.0,18.0,0.001122329727433563
19.0,3.0,19.0,0.06840813609776142
19.0,3.0,20.0,9.42482890054384e-07
19.0,4.0,0.0,-0.0037699522614030034
19.0,4.0,1.0,0.013975176252468857
19.0,4.0,2.0,-0.01192744271309055
19.0,4.0,3.0,-0.014363044699810923
19.0,4.0,4.0,0.13779425170606474
19.0,4.0,5.0,-0.021783177494886424
19.0,4.0,6.0,-1.6971333886271725e-13
19.0,4.0,7.0,0.015007535802412209
19.0,4.0,8.0,-0.0018934098960575185
19.0,4.0,9.0,-0.0016155971510216915
19.0,4.0,10.0,0.008131100874544939
19.0,4.0,11.0,0.041761417718824245
19.0,4.0,12.0,-0.007246615144952312
19.0,4.0,13.0,-3.6871088596729684e-05
19.0,4.0,14.0,-0.00015768154424141635
19.0,4.0,15.0,-0.015711820551336145
19.0,4.0,16.0,0.007203422971064188
19.0,4.0,17.0,-0.013075246652730854
19.0,4.0,18.0,0.006465298428605687
19.0,4.0,19.0,0.039771686192248024
19.0,4.0,20.0,5.646338409327404e-07
19.0,5.0,0.0,0.00712681270869997
19.0,5.0,1.0,0.010936435581805737
19.0,5.0,2.0,0.0028348562058938005
19.0,5.0,3.0,0.01140416192116718
19.0,5.0,4.0,-0.007827263062070045
19.0,5.0,5.0,-0.06034300474726709
19.0,5.0,6.0,-1.6971321184181894e-13
19.0,5.0,7.0,-0.0017180319238403463
19.0,5.0,8.0,0.004789175871715928
19.0,5.0,9.0,0.008052554662595413
19.0,5.0,10.0,-0.0029368135157651354
19.0,5.0,11.0,0.004960994946437036
19.0,5.0,12.0,0.0033036232026671386
19.0,5.0,13.0,-3.685869367567715e-05
19.0,5.0,14.0,-0.0001576817277620193
19.0,5.0,15.0,0.01647387178316706
19.0,5.0,16.0,-0.005956347891964864
19.0,5.0,17.0,-0.010091177846998117
19.0,5.0,18.0,0.003100936976981661
19.0,5.0,19.0,-0.015962734062794248
19.0,5.0,20.0,2.01678834523107e-07
19.0,6.0,0.0,0.00010030922105375151
19.0,6.0,1.0,-0.0004474111013346299
19.0,6.0,2.0,-0.0007755832370199937
19.0,6.0,3.0,-0.0001877704159717053
19.0,6.0,4.0,7.551068072064737e-05
19.0,6.0,5.0,0.00030520367045484137
19.0,6.0,6.0,1.8007191067353887e-06
19.0,6.0,7.0,-3.1384851488791554e-05
19.0,6.0,8.0,2.0870787942606217e-06
19.0,6.0,9.0,-0.0001786901730349566
19.0,6.0,10.0,0.00017195812942027988
19.0,6.0,11.0,8.691520064207925e-05
19.0,6.0,12.0,-0.00047692468934792953
19.0,6.0,13.0,-3.686006736332413e-05
19.0,6.0,14.0,-0.00015766195421187008
19.0,6.0,15.0,-0.0003336229158295845
19.0,6.0,16.0,-0.00016822835801566516
19.0,6.0,17.0,-0.00022915026240297176
19.0,6.0,18.0,-0.00010534736645906317
19.0,6.0,19.0,0.00036178562629685107
19.0,6.0,20.0,-1.52727168484556e-07
19.0,7.0,0.0,0.004404044133790169
19.0,7.0,1.0,0.034709370655061286
19.0,7.0,2.0,-0.010295169836134946
19.0,7.0,3.0,0.00519445416211535
19.0,7.0,4.0,0.0357781930314468
19.0,7.0,5.0,-0.010010133756711073
19.0,7.0,6.0,-1.6971323332425322e-13
19.0,7.0,7.0,0.19137613151385507
19.0,7.0,8.0,-0.0035882256165930826
19.0,7.0,9.0,-0.00034466855120871
19.0,7.0,10.0,0.0024945686058972516
19.0,7.0,11.0,0.017168667985308084
19.0,7.0,12.0,0.054701273116958965
19.0,7.0,13.0,-3.6864853982403366e-05
19.0,7.0,14.0,-0.00015769912373105052
19.0,7.0,15.0,-0.04295384219419471
19.0,7.0,16.0,-0.011298969072129239
19.0,7.0,17.0,-0.05232882581163811
19.0,7.0,18.0,0.017499072569163665
19.0,7.0,19.0,0.06033062916234222
19.0,7.0,20.0,1.5246431343221594e-06
19.0,8.0,0.0,-0.014721559334367335
19.0,8.0,1.0,-0.0528482995342818
19.0,8.0,2.0,0.009019547098423246
19.0,8.0,3.0,-0.03244255466498665
19.0,8.0,4.0,-0.04940384312041701
19.0,8.0,5.0,0.005240128995996865
19.0,8.0,6.0,-1.697132673859234e-13
19.0,8.0,7.0,0.0027853340251493552
19.0,8.0,8.0,0.19959027413883215
19.0,8.0,9.0,0.00384159120971872
19.0,8.0,10.0,-0.009788064251089246
19.0,8.0,11.0,-0.0076129153923958914
19.0,8.0,12.0,-0.02675620276399099
19.0,8.0,13.0,-3.686959665403701e-05
19.0,8.0,14.0,-0.0001575511989336901
19.0,8.0,15.0,0.013261884005827479
19.0,8.0,16.0,-0.03695248229405895
19.0,8.0,17.0,0.027835261597504685
19.0,8.0,18.0,-0.017951558681444962
19.0,8.0,19.0,-0.023173136213436196
19.0,8.0,20.0,-4.045887644857776e-07
19.0,9.0,0.0,0.012615787127158218
19.0,9.0,1.0,-0.008344416640424818
19.0,9.0,2.0,-0.010271597512848368
19.0,9.0,3.0,0.022336251758848902
19.0,9.0,4.0,0.050719620066301485
19.0,9.0,5.0,0.030153720268266182
19.0,9.0,6.0,-1.697133194046579e-13
19.0,9.0,7.0,0.016687785508420594
19.0,9.0,8.0,4.3781165798784105e-05
19.0,9.0,9.0,0.20521364215977633
19.0,9.0,10.0,-0.007173809802417108
19.0,9.0,11.0,-0.008916911606410893
19.0,9.0,12.0,0.010632710632929726
19.0,9.0,13.0,-3.653637969528255e-05
19.0,9.0,14.0,-0.00015779170539087438
19.0,9.0,15.0,0.06471212416518046
19.0,9.0,16.0,-0.03912152484952658
19.0,9.0,17.0,-0.001704761519122161
19.0,9.0,18.0,0.027788546879318865
19.0,9.0,19.0,0.033829083468276844
19.0,9.0,20.0,-1.0184164369150202e-07
19.0,10.0,0.0,-0.02437438251945434
19.0,10.0,1.0,0.02020648990173804
19.0,10.0,2.0,0.054071266789595146
19.0,10.0,3.0,-0.02705571702152769
19.0,10.0,4.0,0.024500952770553752
19.0,10.0,5.0,-0.012140080335989963
19.0,10.0,6.0,-1.697133431355316e-13
19.0,10.0,7.0,0.060036639349826004
19.0,10.0,8.0,0.003085694046630505
19.0,10.0,9.0,0.04931201719648781
19.0,10.0,10.0,0.1955765649008374
19.0,10.0,11.0,0.031219403571256243
19.0,10.0,12.0,0.03360246371286954
19.0,10.0,13.0,-3.6705363609892495e-05
19.0,10.0,14.0,-0.00015784621455866018
19.0,10.0,15.0,-0.004511162732973209
19.0,10.0,16.0,0.014412444110827316
19.0,10.0,17.0,0.02160328371130088
19.0,10.0,18.0,0.012392807225721003
19.0,10.0,19.0,0.04812910460356912
19.0,10.0,20.0,4.4240077756544654e-07
19.0,11.0,0.0,0.023403518751950708
19.0,11.0,1.0,-0.055879983077693506
19.0,11.0,2.0,0.05085253384558586
19.0,11.0,3.0,0.031001551028467828
19.0,11.0,4.0,-0.10528888492642197
19.0,11.0,5.0,0.0218630674291624
19.0,11.0,6.0,-1.6971298337251897e-13
19.0,11.0,7.0,-0.058107031050868285
19.0,11.0,8.0,0.03348204901556981
19.0,11.0,9.0,0.025754632099868613
19.0,11.0,10.0,-0.006772923918325957
19.0,11.0,11.0,-0.2536310055746309
19.0,11.0,12.0,0.054403828038767726
19.0,11.0,13.0,-3.662562860343787e-05
19.0,11.0,14.0,-0.00015761257715621944
19.0,11.0,15.0,0.08619283946105097
19.0,11.0,16.0,-0.01586371834731981
19.0,11.0,17.0,0.05434407692624649
19.0,11.0,18.0,-0.02023960539685829
19.0,11.0,19.0,-0.06922668486231243
19.0,11.0,20.0,-1.4201218164740264e-07
19.0,12.0,0.0,0.00022689334683642648
19.0,12.0,1.0,-0.01462132222035567
19.0,12.0,2.0,0.0013175932880778937
19.0,12.0,3.0,0.0027021568177759275
19.0,12.0,4.0,-0.007405019989050965
19.0,12.0,5.0,-0.0050422342020578215
19.0,12.0,6.0,-1.697133427975147e-13
19.0,12.0,7.0,0.005315153650671978
19.0,12.0,8.0,0.05355970187462808
19.0,12.0,9.0,0.04302908907911873
19.0,12.0,10.0,-0.0042612527595420335
19.0,12.0,11.0,-0.009532409645894857
19.0,12.0,12.0,0.19927071039602703
19.0,12.0,13.0,-3.685821098083428e-05
19.0,12.0,14.0,-0.00015769795369949534
19.0,12.0,15.0,0.031666295839972464
19.0,12.0,16.0,-0.022299180673179486
19.0,12.0,17.0,0.006606727275059621
19.0,12.0,18.0,0.0008763489666442081
19.0,12.0,19.0,-0.0016353468465677423
19.0,12.0,20.0,5.076588520927379e-07
19.0,13.0,0.0,9.995455872569003e-05
19.0,13.0,1.0,-0.0004474437205068543
19.0,13.0,2.0,-0.0007753534188307959
19.0,13.0,3.0,-0.00018793205217346176
19.0,13.0,4.0,7.548944715729533e-05
19.0,13.0,5.0,0.0003051980625174214
19.0,13.0,6.0,-1.6971334272201284e-13
19.0,13.0,7.0,-3.151952095792332e-05
19.0,13.0,8.0,2.2790120915994194e-06
19.0,13.0,9.0,-0.00017885805247297437
19.0,13.0,10.0,0.0001727108028388713
19.0,13.0,11.0,8.739873893193195e-05
19.0,13.0,12.0,-0.0004769862566986749
19.0,13.0,13.0,-3.6870852272783676e-05
19.0,13.0,14.0,-0.00015766192183020982
19.0,13.0,15.0,-0.00033380192871450276
19.0,13.0,16.0,-0.00016819937677492458
19.0,13.0,17.0,-0.00022919392048015297
19.0,13.0,18.0,-0.00010538590914652146
19.0,13.0,19.0,0.00036137733333962974
19.0,13.0,20.0,-5.914861928213743e-08
19.0,14.0,0.0,0.00010029450676007912
19.0,14.0,1.0,-0.00044777983849804415
19.0,14.0,2.0,-0.0007762712872715974
19.0,14.0,3.0,-0.00018787015942228757
19.0,14.0,4.0,7.565851212665287e-05
19.0,14.0,5.0,0.0003054773909220432
19.0,14.0,6.0,-1.6971333831600199e-13
19.0,14.0,7.0,-3.150127832490801e-05
19.0,14.0,8.0,2.3615433184798196e-06
19.0,14.0,9.0,-0.00017898995581802635
19.0,14.0,10.0,0.00017302031426913445
19.0,14.0,11.0,8.705974187639409e-05
19.0,14.0,12.0,-0.00047751549303892693
19.0,14.0,13.0,-3.6860047729021706e-05
19.0,14.0,14.0,-0.00015787612568216502
19.0,14.0,15.0,-0.0003339895698980522
19.0,14.0,16.0,-0.00016847497825001057
19.0,14.0,17.0,-0.00022965487132894924
19.0,14.0,18.0,-0.00010534035742115755
19.0,14.0,19.0,0.0003617268942165408
19.0,14.0,20.0,2.391534938883702e-07
19.0,15.0,0.0,0.012357617865331877
19.0,15.0,1.0,-0.0017069271700001498
19.0,15.0,2.0,-0.01068681960099337
19.0,15.0,3.0,-0.0364835027412317
19.0,15.0,4.0,-0.012366965890108772
19.0,15.0,5.0,-0.00445271314939541
19.0,15.0,6.0,-1.6971333459158972e-13
19.0,15.0,7.0,-0.04266469633023079
19.0,15.0,8.0,-0.008262346352054417
19.0,15.0,9.0,-0.017422521112303857
19.0,15.0,10.0,0.00015055873889180393
19.0,15.0,11.0,-0.0003043288899711172
19.0,15.0,12.0,-0.03143948245754548
19.0,15.0,13.0,-3.685173232626226e-05
19.0,15.0,14.0,-0.00015747210794277774
19.0,15.0,15.0,-0.11757198022546773
19.0,15.0,16.0,-0.0019132531244142048
19.0,15.0,17.0,-0.023781178775905992
19.0,15.0,18.0,-0.00216639025561724
19.0,15.0,19.0,-0.03111904070939364
19.0,15.0,20.0,2.687783620575886e-06
19.0,16.0,0.0,-0.006670231274389232
19.0,16.0,1.0,0.009679308662433259
19.0,16.0,2.0,0.0016020546942599034
19.0,16.0,3.0,-0.03294580379256068
19.0,16.0,4.0,0.057183081784134115
19.0,16.0,5.0,-0.02591041894371246
19.0,16.0,6.0,-1.6971331570159323e-13
19.0,16.0,7.0,-0.00265257014595055
19.0,16.0,8.0,0.03077669347121184
19.0,16.0,9.0,-0.026587588037021492
19.0,16.0,10.0,-0.0020392881279256425
19.0,16.0,11.0,0.059645086399532476
19.0,16.0,12.0,-0.02448143609116002
19.0,16.0,13.0,-3.686474789762611e-05
19.0,16.0,14.0,-0.00015398151544127544
19.0,16.0,15.0,-0.06984398308005033
19.0,16.0,16.0,0.21270667216944594
19.0,16.0,17.0,0.034653837839218105
19.0,16.0,18.0,-0.0051924143794634114
19.0,16.0,19.0,-0.00939742088545148
19.0,16.0,20.0,4.3642768334848514e-07
19.0,17.0,0.0,0.02082887083856866
19.0,17.0,1.0,-0.007177709814202862
19.0,17.0,2.0,0.00047626365594258604
19.0,17.0,3.0,0.03226064587328942
19.0,17.0,4.0,-0.08576575589604085
19.0,17.0,5.0,-0.015551505214348407
19.0,17.0,6.0,-1.6971334327751844e-13
19.0,17.0,7.0,-0.015952724077249625
19.0,17.0,8.0,0.04287502165906101
19.0,17.0,9.0,0.04783559225543854
19.0,17.0,10.0,-0.014125778388488941
19.0,17.0,11.0,-0.03813797553290493
19.0,17.0,12.0,0.0003899419508318902
19.0,17.0,13.0,-3.674532463078388e-05
19.0,17.0,14.0,-0.00015786615270400254
19.0,17.0,15.0,0.03345314935880733
19.0,17.0,16.0,0.003861175755516255
19.0,17.0,17.0,0.22025291721912307
19.0,17.0,18.0,-0.02099536293050666
19.0,17.0,19.0,-0.07655391182140148
19.0,17.0,20.0,-4.045766260159023e-07
19.0,18.0,0.0,0.01216647211364666
19.0,18.0,1.0,-0.009871512003861826
19.0,18.0,2.0,-0.011510193305342826
19.0,18.0,3.0,0.014848805545162796
19.0,18.0,4.0,0.0537137937058314
19.0,18.0,5.0,0.005945339628307081
19.0,18.0,6.0,-1.6971333571275996e-13
19.0,18.0,7.0,-0.015361235673711615
19.0,18.0,8.0,-0.010014030836669963
19.0,18.0,9.0,-0.006701948132256885
19.0,18.0,10.0,-0.026241133067936406
19.0,18.0,11.0,-0.03524825779225221
19.0,18.0,12.0,-0.00043572082191337125
19.0,18.0,13.0,-3.687125688876793e-05
19.0,18.0,14.0,-0.00015777529843304252
19.0,18.0,15.0,0.001963534313854279
19.0,18.0,16.0,-0.052951235897688964
19.0,18.0,17.0,-0.03693236336210978
19.0,18.0,18.0,0.1986297520326717
19.0,18.0,19.0,-0.027491168557692958
19.0,18.0,20.0,1.1664097030872172e-06
19.0,19.0,0.0,0.04061399588148151
19.0,19.0,1.0,-0.04214520643426491
19.0,19.0,2.0,0.008254174747328641
19.0,19.0,3.0,0.0908234777051338
19.0,19.0,4.0,-0.0925252291337878
19.0,19.0,5.0,0.03944980725667231
19.0,19.0,6.0,-1.6971012294004036e-13
19.0,19.0,7.0,-0.043541777540493376
19.0,19.0,8.0,0.013863999336968524
19.0,19.0,9.0,0.0049735025887946704
19.0,19.0,10.0,-0.046325740808673355
19.0,19.0,11.0,-0.11799778416274109
19.0,19.0,12.0,0.011030585738863868
19.0,19.0,13.0,-3.684892649126812e-05
19.0,19.0,14.0,-0.00015781063837132258
19.0,19.0,15.0,0.03543206890133346
19.0,19.0,16.0,-0.012836416835085185
19.0,19.0,17.0,0.06290863241744774
19.0,19.0,18.0,-0.02791062545054465
19.0,19.0,19.0,-0.23591504032249222
19.0,19.0,20.0,-4.049922584567837e-07
19.0,20.0,0.0,0.00010027518182917361
19.0,20.0,1.0,-0.00044742116650237085
19.0,20.0,2.0,-0.0007755849479067645
19.0,20.0,3.0,-0.00018789275723588017
19.0,20.0,4.0,7.556946906239759e-05
19.0,20.0,5.0,0.0003052017464406989
19.0,20.0,6.0,-1.6971334384915379e-13
19.0,20.0,7.0,-3.156620958388867e-05
19.0,20.0,8.0,2.4514626456306754e-06
19.0,20.0,9.0,-0.00017889067295684402
19.0,20.0,10.0,0.0001726695154407043
19.0,20.0,11.0,8.714348629224045e-05
19.0,20.0,12.0,-0.0004770468699211716
19.0,20.0,13.0,-3.686007924597135e-05
19.0,20.0,14.0,-0.0001576620101113893
19.0,20.0,15.0,-0.00033381904102974813
19.0,20.0,16.0,-0.00016828378398192623
19.0,20.0,17.0,-0.00022929745857230843
19.0,20.0,18.0,-0.00010533905254181408
19.0,20.0,19.0,0.00036141712641979407
19.0,20.0,20.0,2.079212352120702e-06
20.0,1.0,0.0,0.05633341093007144
20.0,1.0,1.0,0.2001786626154766
20.0,1.0,2.0,-0.02006833971350991
20.0,1.0,3.0,0.027959647443844438
20.0,1.0,4.0,0.0636943322350072
20.0,1.0,5.0,-8.408366257138294e-07
20.0,1.0,6.0,-1.7368121816521618e-12
20.0,1.0,7.0,-0.0030942956702850744
20.0,1.0,8.0,-0.03748788848850164
20.0,1.0,9.0,0.05175506262036267
20.0,1.0,10.0,0.015713976221069847
20.0,1.0,11.0,-0.017849610990396836
20.0,1.0,12.0,0.09561841389385123
20.0,1.0,13.0,-2.9331707825841292e-05
20.0,1.0,14.0,0.0022218634898401
20.0,1.0,15.0,0.02242328931273571
20.0,1.0,16.0,-0.05033734502434806
20.0,1.0,17.0,-0.04157908759102952
20.0,1.0,18.0,0.06341892313509681
20.0,1.0,19.0,0.01938670138768761
20.0,1.0,20.0,-3.846799490843432e-07
20.0,2.0,0.0,0.057394423478380474
20.0,2.0,1.0,-0.01218672750090831
20.0,2.0,2.0,-0.21498803476267542
20.0,2.0,3.0,0.037722869828922756
20.0,2.0,4.0,0.01690149559240839
20.0,2.0,5.0,-8.417764921133085e-07
20.0,2.0,6.0,-1.736812066824167e-12
20.0,2.0,7.0,0.012923048508753282
20.0,2.0,8.0,0.04020462698635428
20.0,2.0,9.0,0.0175686875113788
20.0,2.0,10.0,0.024462919546741846
20.0,2.0,11.0,-0.022433639159000984
20.0,2.0,12.0,-0.017436976033325113
20.0,2.0,13.0,-2.9334078081199344e-05
20.0,2.0,14.0,-0.01605040634432264
20.0,2.0,15.0,0.012547266107225064
20.0,2.0,16.0,-0.0910362274083596
20.0,2.0,17.0,-0.0238493149260387
20.0,2.0,18.0,0.007779780733014607
20.0,2.0,19.0,0.06675231623818534
20.0,2.0,20.0,-1.062631637258626e-06
20.0,3.0,0.0,-0.0011192911640102443
20.0,3.0,1.0,-0.009926927532423704
20.0,3.0,2.0,-0.011360007506028807
20.0,3.0,3.0,0.20327871720059038
20.0,3.0,4.0,0.082862262333255
20.0,3.0,5.0,-8.418936656988015e-07
20.0,3.0,6.0,-1.7368122171425682e-12
20.0,3.0,7.0,0.06011823675342817
20.0,3.0,8.0,0.02036760578564624
20.0,3.0,9.0,0.018013690815596117
20.0,3.0,10.0,0.015732854988717015
20.0,3.0,11.0,0.018231934563392005
20.0,3.0,12.0,0.02671977582012297
20.0,3.0,13.0,-2.933309892454506e-05
20.0,3.0,14.0,0.0003217013399040708
20.0,3.0,15.0,0.011416581355011252
20.0,3.0,16.0,-0.0214856434346562
20.0,3.0,17.0,-0.011999815116436996
20.0,3.0,18.0,0.004012116606254085
20.0,3.0,19.0,0.0697309116469651
20.0,3.0,20.0,-1.7145607953839658e-07
20.0,4.0,0.0,-0.018538190913069297
20.0,4.0,1.0,-0.0029842509890796523
20.0,4.0,2.0,-0.03462926994901944
20.0,4.0,3.0,-0.005613465204540868
20.0,4.0,4.0,0.21023215650500915
20.0,4.0,5.0,-8.418996140765687e-07
20.0,4.0,6.0,-1.736812208954336e-12
20.0,4.0,7.0,-0.0030646558974901927
20.0,4.0,8.0,0.008233231160735446
20.0,4.0,9.0,-0.00033084496044635814
20.0,4.0,10.0,0.02267668082073593
20.0,4.0,11.0,0.11942236885175905
20.0,4.0,12.0,0.02329372013033043
20.0,4.0,13.0,-2.93340224102433e-05
20.0,4.0,14.0,-0.00985817942788269
20.0,4.0,15.0,0.015210296108535554
20.0,4.0,16.0,0.06170014307544075
20.0,4.0,17.0,0.08788792844330612
20.0,4.0,18.0,-0.0013963601542099358
20.0,4.0,19.0,0.0723646449924622
20.0,4.0,20.0,-1.3402574528767733e-06
20.0,5.0,0.0,0.002137238964731447
20.0,5.0,1.0,-0.001016382261129628
20.0,5.0,2.0,-0.0008012883242784485
20.0,5.0,3.0,0.000873531003703798
20.0,5.0,4.0,-2.8943444674522922e-05
20.0,5.0,5.0,-8.418995181499396e-07
20.0,5.0,6.0,-1.7368122190050144e-12
20.0,5.0,7.0,0.00039070227956503056
20.0,5.0,8.0,0.0005717041295565523
20.0,5.0,9.0,0.000124840419704203
20.0,5.0,10.0,-0.0003519091532714347
20.0,5.0,11.0,-0.0016149045165296805
20.0,5.0,12.0,-0.00042854704448913594
20.0,5.0,13.0,-2.9323615330361456e-05
20.0,5.0,14.0,-0.004359670262946426
20.0,5.0,15.0,-0.0005168758149208807
20.0,5.0,16.0,-0.002015096261349658
20.0,5.0,17.0,-0.0010804607929466026
20.0,5.0,18.0,0.0007859858706480982
20.0,5.0,19.0,-0.0012818283737696667
20.0,5.0,20.0,-1.6447969720006094e-07
20.0,6.0,0.0,0.002136551081713539
20.0,6.0,1.0,-0.0010163843511404314
20.0,6.0,2.0,-0.0008010539528610083
20.0,6.0,3.0,0.0008737714482146552
20.0,6.0,4.0,-2.9198690188803056e-05
20.0,6.0,5.0,-8.418685401802104e-07
20.0,6.0,6.0,7.265958109592714e-07
20.0,6.0,7.0,0.0003908394636523982
20.0,6.0,8.0,0.0005715141025140341
20.0,6.0,9.0,0.00012486171841608051
20.0,6.0,10.0,-0.0003520595408464944
20.0,6.0,11.0,-0.001613995788023126
20.0,6.0,12.0,-0.0004281836754797541
20.0,6.0,13.0,-2.9323616597059673e-05
20.0,6.0,14.0,-0.00435966915330796
20.0,6.0,15.0,-0.0005168505015121505
20.0,6.0,16.0,-0.0020153708495705414
20.0,6.0,17.0,-0.0010800590694940992
20.0,6.0,18.0,0.0007861436956534129
20.0,6.0,19.0,-0.0012816846804009074
20.0,6.0,20.0,-2.649854209005176e-06
20.0,7.0,0.0,0.02326664592379618
20.0,7.0,1.0,0.03890752021782847
20.0,7.0,2.0,-0.03249611204206146
20.0,7.0,3.0,0.0316702918131766
20.0,7.0,4.0,0.02573658834780579
20.0,7.0,5.0,-8.41838719024949e-07
20.0,7.0,6.0,-1.7367391671589828e-12
20.0,7.0,7.0,0.1969733834862415
20.0,7.0,8.0,0.03954404378199973
20.0,7.0,9.0,0.030207490641040835
20.0,7.0,10.0,-0.006997762663186968
20.0,7.0,11.0,-0.01144569714833743
20.0,7.0,12.0,0.06311716128896222
20.0,7.0,13.0,-2.9330982053912622e-05
20.0,7.0,14.0,-0.004947433596405714
20.0,7.0,15.0,-0.013978323675048754
20.0,7.0,16.0,-0.04869099213576328
20.0,7.0,17.0,-0.04329963748339699
20.0,7.0,18.0,0.020605688878835543
20.0,7.0,19.0,0.04338785775870002
20.0,7.0,20.0,-2.3173763799401126e-07
20.0,8.0,0.0,0.01029694189017355
20.0,8.0,1.0,-0.033529331949748366
20.0,8.0,2.0,-0.007532448599010866
20.0,8.0,3.0,-0.0303169978729409
20.0,8.0,4.0,-0.10699938659846098
20.0,8.0,5.0,-8.416372824899746e-07
20.0,8.0,6.0,-1.7368116895735442e-12
20.0,8.0,7.0,-0.005585477546127371
20.0,8.0,8.0,0.19520113538921674
20.0,8.0,9.0,-0.011090340335202037
20.0,8.0,10.0,-0.022570411741293595
20.0,8.0,11.0,-0.060035191258209886
20.0,8.0,12.0,-0.03690238953114611
20.0,8.0,13.0,-2.9331305971911328e-05
20.0,8.0,14.0,-0.010991615965182087
20.0,8.0,15.0,-0.00930571804023303
20.0,8.0,16.0,-0.032491957956585604
20.0,8.0,17.0,0.022093859986908382
20.0,8.0,18.0,-0.013307085610685193
20.0,8.0,19.0,-0.0694256111851077
20.0,8.0,20.0,-2.6462530586103683e-06
20.0,9.0,0.0,0.024281952840782745
20.0,9.0,1.0,-0.006866342016075652
20.0,9.0,2.0,-0.03225547391968206
20.0,9.0,3.0,-0.020975692917982208
20.0,9.0,4.0,-0.09278252564265654
20.0,9.0,5.0,-8.418979241015316e-07
20.0,9.0,6.0,-1.736812221284599e-12
20.0,9.0,7.0,-0.023852259124764796
20.0,9.0,8.0,0.0001672061205011538
20.0,9.0,9.0,-0.22822530960967047
20.0,9.0,10.0,-0.015046266754809023
20.0,9.0,11.0,-0.03602101495337828
20.0,9.0,12.0,-0.050576787416475644
20.0,9.0,13.0,-2.933351337641848e-05
20.0,9.0,14.0,-0.0005925796383396652
20.0,9.0,15.0,-0.07933068297987367
20.0,9.0,16.0,0.01288689638546442
20.0,9.0,17.0,-0.033748577617953635
20.0,9.0,18.0,-0.024984354927516814
20.0,9.0,19.0,-0.03974698204830607
20.0,9.0,20.0,-2.3696421384145056e-06
20.0,10.0,0.0,-0.007495135482490756
20.0,10.0,1.0,-0.0006045343881208518
20.0,10.0,2.0,0.04483756251448434
20.0,10.0,3.0,-0.028871069550582884
20.0,10.0,4.0,0.025855224394280896
20.0,10.0,5.0,-8.418977422174353e-07
20.0,10.0,6.0,-1.7368122240686332e-12
20.0,10.0,7.0,0.005486272471148634
20.0,10.0,8.0,-0.006619907430635605
20.0,10.0,9.0,0.026860300497518808
20.0,10.0,10.0,0.22334048409500828
20.0,10.0,11.0,0.029150897140329035
20.0,10.0,12.0,-0.00022283449983317993
20.0,10.0,13.0,-2.9221363820506206e-05
20.0,10.0,14.0,-0.01525016335319878
20.0,10.0,15.0,-0.02538226694821219
20.0,10.0,16.0,0.0123380928708966
20.0,10.0,17.0,-0.005837597939636452
20.0,10.0,18.0,0.010557566493975379
20.0,10.0,19.0,0.07171756380273775
20.0,10.0,20.0,-2.381726187246194e-06
20.0,11.0,0.0,0.0695226608683534
20.0,11.0,1.0,0.022177388081721074
20.0,11.0,2.0,-0.0036723708335973937
20.0,11.0,3.0,0.034524052425037255
20.0,11.0,4.0,-0.027364674796662825
20.0,11.0,5.0,-7.407301423354417e-07
20.0,11.0,6.0,-1.7368122202302979e-12
20.0,11.0,7.0,0.010483701582733568
20.0,11.0,8.0,0.008664517711872155
20.0,11.0,9.0,0.017963478907580932
20.0,11.0,10.0,-0.030854528706684037
20.0,11.0,11.0,-0.2563106500885131
20.0,11.0,12.0,0.036741547030555155
20.0,11.0,13.0,-2.929136051119537e-05
20.0,11.0,14.0,0.0029300416461416692
20.0,11.0,15.0,0.003296669401051361
20.0,11.0,16.0,-0.019312633369453824
20.0,11.0,17.0,-0.026411869881084793
20.0,11.0,18.0,0.003488517919202988
20.0,11.0,19.0,-0.10473367281797075
20.0,11.0,20.0,-2.4211651740509227e-06
20.0,12.0,0.0,0.0035334739526204084
20.0,12.0,1.0,-0.008829763280017652
20.0,12.0,2.0,0.007956344795279124
20.0,12.0,3.0,0.0070965395894654615
20.0,12.0,4.0,0.008166303802980335
20.0,12.0,5.0,-8.401275662957522e-07
20.0,12.0,6.0,-1.7368115773309958e-12
20.0,12.0,7.0,-0.0030900967084972197
20.0,12.0,8.0,0.049622495899695404
20.0,12.0,9.0,0.09560962716810867
20.0,12.0,10.0,-0.001001445895857822
20.0,12.0,11.0,-0.03087143284034577
20.0,12.0,12.0,0.21245376376870956
20.0,12.0,13.0,-2.9314037656924123e-05
20.0,12.0,14.0,-0.011085378734520443
20.0,12.0,15.0,0.03829735884183991
20.0,12.0,16.0,-0.053753365558529276
20.0,12.0,17.0,0.01326324072837981
20.0,12.0,18.0,0.008402945909828291
20.0,12.0,19.0,-0.012482821244344966
20.0,12.0,20.0,-1.6684233701696648e-06
20.0,13.0,0.0,0.003332755897519968
20.0,13.0,1.0,0.015310948734108563
20.0,13.0,2.0,-0.010304120503892233
20.0,13.0,3.0,0.010765905865937897
20.0,13.0,4.0,0.04897268401419019
20.0,13.0,5.0,-8.418713380214986e-07
20.0,13.0,6.0,-1.7368122175249934e-12
20.0,13.0,7.0,0.017471980640133916
20.0,13.0,8.0,-0.03559632001604954
20.0,13.0,9.0,0.009602004719757917
20.0,13.0,10.0,0.008915416636519735
20.0,13.0,11.0,0.01946728351377025
20.0,13.0,12.0,0.019424813998869028
20.0,13.0,13.0,0.12692807513865084
20.0,13.0,14.0,0.027443492111331853
20.0,13.0,15.0,0.008270077996919645
20.0,13.0,16.0,-0.0003596077339121928
20.0,13.0,17.0,-0.027460903201898257
20.0,13.0,18.0,0.011559715650814845
20.0,13.0,19.0,0.031468163566733764
20.0,13.0,20.0,-2.2537438159532055e-06
20.0,14.0,0.0,0.007331330093841543
20.0,14.0,1.0,-0.00269514073727007
20.0,14.0,2.0,-0.00258899555131642
20.0,14.0,3.0,0.0024509759476587234
20.0,14.0,4.0,0.0010086018772432759
20.0,14.0,5.0,-8.418438989630659e-07
20.0,14.0,6.0,-1.7368107703621603e-12
20.0,14.0,7.0,0.0011401027645943362
20.0,14.0,8.0,0.0013967643017916975
20.0,14.0,9.0,0.0007221274906893393
20.0,14.0,10.0,-0.00017654951496082205
20.0,14.0,11.0,-0.004307064059627552
20.0,14.0,12.0,-0.0010054598486129995
20.0,14.0,13.0,-2.93237296498838e-05
20.0,14.0,14.0,-0.016245577194484363
20.0,14.0,15.0,-0.0017943719557388105
20.0,14.0,16.0,-0.0066679648644138445
20.0,14.0,17.0,-0.0036072900854992596
20.0,14.0,18.0,0.0032352859418205426
20.0,14.0,19.0,-0.0020142772789218943
20.0,14.0,20.0,8.489582478468747e-07
20.0,15.0,0.0,0.020606523824105855
20.0,15.0,1.0,-0.015525764086797275
20.0,15.0,2.0,-0.0714836297926898
20.0,15.0,3.0,-0.07648932588786889
20.0,15.0,4.0,-0.042715600544002696
20.0,15.0,5.0,-8.418995454458249e-07
20.0,15.0,6.0,-1.7368119846001597e-12
20.0,15.0,7.0,-0.06999552858642633
20.0,15.0,8.0,-0.01210222391460887
20.0,15.0,9.0,-0.07278850684713498
20.0,15.0,10.0,-0.009088414004856271
20.0,15.0,11.0,-0.015522568833465922
20.0,15.0,12.0,-0.10613703079018205
20.0,15.0,13.0,-2.708498005318933e-05
20.0,15.0,14.0,-0.009749610777953253
20.0,15.0,15.0,-0.21457996525640327
20.0,15.0,16.0,-0.00210277861764957
20.0,15.0,17.0,-0.033803612384248505
20.0,15.0,18.0,-0.009782368162999336
20.0,15.0,19.0,-0.05144989562323865
20.0,15.0,20.0,-9.871190744571435e-07
20.0,16.0,0.0,-0.03675655804243072
20.0,16.0,1.0,-0.003816155844717624
20.0,16.0,2.0,0.019683089805191123
20.0,16.0,3.0,-0.04857245292149656
20.0,16.0,4.0,-0.03782756395858422
20.0,16.0,5.0,-8.41899592697713e-07
20.0,16.0,6.0,-1.7368119389135138e-12
20.0,16.0,7.0,-0.0324576510403638
20.0,16.0,8.0,0.006212784107903865
20.0,16.0,9.0,-0.07973086421115438
20.0,16.0,10.0,-0.008126238817270703
20.0,16.0,11.0,0.07015905745353479
20.0,16.0,12.0,-0.04665530735977386
20.0,16.0,13.0,-2.921064047308297e-05
20.0,16.0,14.0,0.04012403832362329
20.0,16.0,15.0,-0.07383437630167122
20.0,16.0,16.0,0.24608016184207943
20.0,16.0,17.0,0.03928964508491667
20.0,16.0,18.0,-0.02236048382658702
20.0,16.0,19.0,-0.020246479054804034
20.0,16.0,20.0,-1.2005599885687107e-06
20.0,17.0,0.0,-0.0006338779276297835
20.0,17.0,1.0,0.03802973243539124
20.0,17.0,2.0,0.0473652078327465
20.0,17.0,3.0,0.007227214239237556
20.0,17.0,4.0,-0.03169307093687335
20.0,17.0,5.0,-8.418993497461982e-07
20.0,17.0,6.0,-1.7368122099795712e-12
20.0,17.0,7.0,-0.005993361077239717
20.0,17.0,8.0,-0.042429576562582165
20.0,17.0,9.0,-0.018485761380077098
20.0,17.0,10.0,-0.03158611047673621
20.0,17.0,11.0,-0.011315600238247181
20.0,17.0,12.0,0.008310428284185822
20.0,17.0,13.0,-2.8642349572522074e-05
20.0,17.0,14.0,-0.00534391357889865
20.0,17.0,15.0,-0.02157156813563474
20.0,17.0,16.0,0.06377781973167679
20.0,17.0,17.0,0.19220996805522994
20.0,17.0,18.0,-0.010648872099750378
20.0,17.0,19.0,-0.09481407242100504
20.0,17.0,20.0,-8.227743401351065e-07
20.0,18.0,0.0,0.01903101550341857
20.0,18.0,1.0,-0.005884252684722695
20.0,18.0,2.0,-0.03190104799337104
20.0,18.0,3.0,0.02468297987688589
20.0,18.0,4.0,0.06867408922510487
20.0,18.0,5.0,-8.402751692401017e-07
20.0,18.0,6.0,-1.7367851618049081e-12
20.0,18.0,7.0,0.011530992778121418
20.0,18.0,8.0,0.01558354951696525
20.0,18.0,9.0,0.024081750130224733
20.0,18.0,10.0,0.0019182511272212155
20.0,18.0,11.0,-0.04649101668765154
20.0,18.0,12.0,0.021109435867815496
20.0,18.0,13.0,-2.9334050365774225e-05
20.0,18.0,14.0,-0.012683069596031493
20.0,18.0,15.0,0.019704138303860003
20.0,18.0,16.0,-0.060789881848243965
20.0,18.0,17.0,-0.04279301187692991
20.0,18.0,18.0,0.20489561463300618
20.0,18.0,19.0,-0.039971956186423796
20.0,18.0,20.0,-2.6502152460403616e-06
20.0,19.0,0.0,0.001798521681290799
20.0,19.0,1.0,-0.003353841577473808
20.0,19.0,2.0,-0.00023957064887752955
20.0,19.0,3.0,-0.013776045203490433
20.0,19.0,4.0,0.015803431221718678
20.0,19.0,5.0,-8.418977442254672e-07
20.0,19.0,6.0,-1.7368122139358856e-12
20.0,19.0,7.0,-0.0029861662218897966
20.0,19.0,8.0,0.00016144652807742466
20.0,19.0,9.0,0.002066295002680102
20.0,19.0,10.0,0.025252294003746956
20.0,19.0,11.0,0.020287756721604433
20.0,19.0,12.0,-0.0023582982724381085
20.0,19.0,13.0,-2.9329678487303426e-05
20.0,19.0,14.0,-0.007569392114443059
20.0,19.0,15.0,-0.002312075600404251
20.0,19.0,16.0,0.0007878293462872943
20.0,19.0,17.0,-0.001123420051885038
20.0,19.0,18.0,0.005310079309635313
20.0,19.0,19.0,0.0745451165405846
20.0,19.0,20.0,-1.7255502550142171e-06
20.0,20.0,0.0,0.0021365825090206847
20.0,20.0,1.0,-0.0010163868884668498
20.0,20.0,2.0,-0.0008009555875494456
20.0,20.0,3.0,0.0008737215577635238
20.0,20.0,4.0,-2.9129929888682682e-05
20.0,20.0,5.0,-8.418685962271507e-07
20.0,20.0,6.0,-1.73681222446133e-12
20.0,20.0,7.0,0.00039086893628711983
20.0,20.0,8.0,0.0005715505465681142
20.0,20.0,9.0,0.00012472983219194433
20.0,20.0,10.0,-0.0003518789341473427
20.0,20.0,11.0,-0.0016141226690848942
20.0,20.0,12.0,-0.0004284024152970134
20.0,20.0,13.0,-2.9323619766225022e-05
20.0,20.0,14.0,-0.004359668951277826
20.0,20.0,15.0,-0.0005169872023371436
20.0,20.0,16.0,-0.0020154866406024152
20.0,20.0,17.0,-0.0010802000727156424
20.0,20.0,18.0,0.0007861190614017188
20.0,20.0,19.0,-0.0012817180208970491
20.0,20.0,20.0,-2.2668594736784904e-06
21.0,1.0,0.0,0.0634241717219603
21.0,1.0,1.0,0.18162567404841246
21.0,1.0,2.0,-0.02878929208528208
21.0,1.0,3.0,0.0175117617068761
21.0,1.0,4.0,0.016496164824355564
21.0,1.0,5.0,0.02539560029292448
21.0,1.0,6.0,-1.953908054747917e-09
21.0,1.0,7.0,-0.05613272200212764
21.0,1.0,8.0,-0.044983681946056606
21.0,1.0,9.0,0.006626307217801747
21.0,1.0,10.0,-0.0036043661153606354
21.0,1.0,11.0,-0.03383515038792072
21.0,1.0,12.0,0.03581300681054156
21.0,1.0,13.0,-0.00014483364966881853
21.0,1.0,14.0,0.018514633520468504
21.0,1.0,15.0,-0.017271862560104545
21.0,1.0,16.0,-0.030796953415531347
21.0,1.0,17.0,-0.03599650912390395
21.0,1.0,18.0,0.053858275714659766
21.0,1.0,19.0,-0.008503228950788033
21.0,1.0,20.0,-5.50191046200062e-05
21.0,2.0,0.0,0.06436003682953503
21.0,2.0,1.0,-0.012651196863965729
21.0,2.0,2.0,-0.1889751409525402
21.0,2.0,3.0,0.014318122301228503
21.0,2.0,4.0,-0.009804037850508762
21.0,2.0,5.0,0.028420911288336834
21.0,2.0,6.0,-1.953955420998177e-09
21.0,2.0,7.0,0.007282182179426444
21.0,2.0,8.0,0.02371069994158108
21.0,2.0,9.0,0.014757512406978729
21.0,2.0,10.0,0.015004586072160653
21.0,2.0,11.0,-0.02738832161543149
21.0,2.0,12.0,-0.03794815456890971
21.0,2.0,13.0,-0.00014501145250300375
21.0,2.0,14.0,-0.03515572923133076
21.0,2.0,15.0,-0.01905735980647366
21.0,2.0,16.0,-0.08248950074828759
21.0,2.0,17.0,-0.04974809357846127
21.0,2.0,18.0,0.019608513993394742
21.0,2.0,19.0,0.01790344237850483
21.0,2.0,20.0,-5.483846543932567e-05
21.0,3.0,0.0,0.01571125651944988
21.0,3.0,1.0,-0.0223219669579552
21.0,3.0,2.0,-0.05044147925872794
21.0,3.0,3.0,0.19911320523683615
21.0,3.0,4.0,0.050831980169684154
21.0,3.0,5.0,0.011700774111736756
21.0,3.0,6.0,-1.953943627302423e-09
21.0,3.0,7.0,0.03126752315770984
21.0,3.0,8.0,0.014465782495918386
21.0,3.0,9.0,0.018659607636229508
21.0,3.0,10.0,0.009190165344411472
21.0,3.0,11.0,-0.039312823472200706
21.0,3.0,12.0,0.0023545070375062815
21.0,3.0,13.0,-0.0001448995258567448
21.0,3.0,14.0,-0.0045239558750071185
21.0,3.0,15.0,-0.0033467740074602514
21.0,3.0,16.0,-0.07217386440036355
21.0,3.0,17.0,-0.05910000850575309
21.0,3.0,18.0,0.017140130865507322
21.0,3.0,19.0,0.03902325676135121
21.0,3.0,20.0,-5.50005942432417e-05
21.0,4.0,0.0,-0.0010411776861567745
21.0,4.0,1.0,0.008496239325426654
21.0,4.0,2.0,-0.05312932135607534
21.0,4.0,3.0,-0.00666996684041693
21.0,4.0,4.0,0.20828247366549757
21.0,4.0,5.0,-0.028697525628227957
21.0,4.0,6.0,-1.9539580144223497e-09
21.0,4.0,7.0,0.00018516367447354853
21.0,4.0,8.0,0.0077899237600589505
21.0,4.0,9.0,-0.006206980562605019
21.0,4.0,10.0,0.007987287888160555
21.0,4.0,11.0,0.039071677867522386
21.0,4.0,12.0,0.01120682045555732
21.0,4.0,13.0,-0.00014501629623441046
21.0,4.0,14.0,0.003946424625501571
21.0,4.0,15.0,0.0046836643389700505
21.0,4.0,16.0,0.05141076917900489
21.0,4.0,17.0,0.023085299459148
21.0,4.0,18.0,0.0006037126277936913
21.0,4.0,19.0,0.0436150269341794
21.0,4.0,20.0,-5.5004831098698776e-05
21.0,5.0,0.0,0.023987628596110422
21.0,5.0,1.0,-0.04699850674834445
21.0,5.0,2.0,-0.02093657935033641
21.0,5.0,3.0,-0.01971489034728985
21.0,5.0,4.0,0.04403548237964228
21.0,5.0,5.0,0.19200819811359882
21.0,5.0,6.0,-1.9539107955035018e-09
21.0,5.0,7.0,0.0037771998536415274
21.0,5.0,8.0,0.02778843923543399
21.0,5.0,9.0,-0.017075500598285526
21.0,5.0,10.0,0.020650572772086317
21.0,5.0,11.0,-0.009174176440295223
21.0,5.0,12.0,-0.03459787132577641
21.0,5.0,13.0,-0.00014446420939415712
21.0,5.0,14.0,-0.009195500534648154
21.0,5.0,15.0,-0.08654559183217386
21.0,5.0,16.0,0.0136637358338354
21.0,5.0,17.0,-0.01312881497141477
21.0,5.0,18.0,-0.013647429477358242
21.0,5.0,19.0,0.052666315724459456
21.0,5.0,20.0,-5.5018367386667354e-05
21.0,6.0,0.0,-0.0003072284218799959
21.0,6.0,1.0,-6.92565960382363e-05
21.0,6.0,2.0,0.00032494010449568567
21.0,6.0,3.0,-8.060994250433384e-05
21.0,6.0,4.0,-0.0001847700941854935
21.0,6.0,5.0,-0.0002177680991660158
21.0,6.0,6.0,-1.7185038416487417e-09
21.0,6.0,7.0,0.00016202710512480678
21.0,6.0,8.0,0.00011820179405666598
21.0,6.0,9.0,-5.025511736089783e-06
21.0,6.0,10.0,0.00019938565172050726
21.0,6.0,11.0,0.00027833111641209496
21.0,6.0,12.0,9.791019549215685e-05
21.0,6.0,13.0,-0.00014465212816947896
21.0,6.0,14.0,-2.548005041255741e-05
21.0,6.0,15.0,0.0003133980834044148
21.0,6.0,16.0,0.0006981742762645071
21.0,6.0,17.0,0.0005011314533656108
21.0,6.0,18.0,-0.0009442945404188816
21.0,6.0,19.0,0.00020785066940520736
21.0,6.0,20.0,-5.487620865649356e-05
21.0,7.0,0.0,0.01738711285107794
21.0,7.0,1.0,0.026136339455456147
21.0,7.0,2.0,-0.01383974164232138
21.0,7.0,3.0,0.012915058097556997
21.0,7.0,4.0,0.03129950336528087
21.0,7.0,5.0,0.025336114757226996
21.0,7.0,6.0,-1.9539581144237543e-09
21.0,7.0,7.0,0.1870103632123263
21.0,7.0,8.0,-0.022709069964134174
21.0,7.0,9.0,0.015790417183021266
21.0,7.0,10.0,0.025455678533150172
21.0,7.0,11.0,-0.00742344127797151
21.0,7.0,12.0,0.028204232904934012
21.0,7.0,13.0,-0.00014434486591377734
21.0,7.0,14.0,-0.0017379386569162658
21.0,7.0,15.0,-0.02979106936791298
21.0,7.0,16.0,-0.031098526670509052
21.0,7.0,17.0,-0.09620962504900499
21.0,7.0,18.0,0.041618173982301936
21.0,7.0,19.0,0.06277068460878699
21.0,7.0,20.0,-5.502186866908425e-05
21.0,8.0,0.0,0.013383231177291482
21.0,8.0,1.0,-0.0018677384241296904
21.0,8.0,2.0,-0.022183965366204567
21.0,8.0,3.0,-0.03633300105801052
21.0,8.0,4.0,-0.06706939109437882
21.0,8.0,5.0,0.0069009454290023114
21.0,8.0,6.0,-1.953957524397632e-09
21.0,8.0,7.0,-0.010389716395106108
21.0,8.0,8.0,0.2090587922904522
21.0,8.0,9.0,0.010013879249653884
21.0,8.0,10.0,-0.0008752674523171411
21.0,8.0,11.0,-0.014150832202258462
21.0,8.0,12.0,0.016852761840370323
21.0,8.0,13.0,-0.0001450159488443483
21.0,8.0,14.0,-0.01482415677334975
21.0,8.0,15.0,0.005178814563936263
21.0,8.0,16.0,-0.050852681171852154
21.0,8.0,17.0,0.027439541122491917
21.0,8.0,18.0,-0.0066465843130054415
21.0,8.0,19.0,-0.021851792301364026
21.0,8.0,20.0,-2.583282222863517e-05
21.0,9.0,0.0,0.0013710363476986953
21.0,9.0,1.0,-0.007953896225151642
21.0,9.0,2.0,-0.011068272711791227
21.0,9.0,3.0,0.002455875710312444
21.0,9.0,4.0,0.046392997176523565
21.0,9.0,5.0,0.029379923943805272
21.0,9.0,6.0,-1.9539581128328605e-09
21.0,9.0,7.0,0.005194594284495702
21.0,9.0,8.0,0.008375671749815142
21.0,9.0,9.0,0.20629917671906767
21.0,9.0,10.0,-0.02001149001441549
21.0,9.0,11.0,-0.00018604172245503814
21.0,9.0,12.0,0.0009550944620171364
21.0,9.0,13.0,-0.0001114755040239231
21.0,9.0,14.0,-0.0005182443865690001
21.0,9.0,15.0,0.03461375984037768
21.0,9.0,16.0,-0.015199521540511629
21.0,9.0,17.0,0.0023430688594032745
21.0,9.0,18.0,0.03200287901394023
21.0,9.0,19.0,0.015593479972755175
21.0,9.0,20.0,-5.421028757688299e-05
21.0,10.0,0.0,-0.023813291203671982
21.0,10.0,1.0,0.011788952876352891
21.0,10.0,2.0,0.07145169155240566
21.0,10.0,3.0,-0.0037204396938007867
21.0,10.0,4.0,0.008334811936759001
21.0,10.0,5.0,-0.011131081466307563
21.0,10.0,6.0,-1.953958117448202e-09
21.0,10.0,7.0,0.032019925509802205
21.0,10.0,8.0,-0.007445128882505675
21.0,10.0,9.0,0.04482554736473657
21.0,10.0,10.0,0.19702162391609573
21.0,10.0,11.0,0.012082834036986484
21.0,10.0,12.0,0.022321706169395883
21.0,10.0,13.0,-0.0001384986326326141
21.0,10.0,14.0,0.007987900867923614
21.0,10.0,15.0,0.018136980112090972
21.0,10.0,16.0,0.02908123808610441
21.0,10.0,17.0,0.04630039148553422
21.0,10.0,18.0,-0.000989272640035753
21.0,10.0,19.0,0.01798103623087055
21.0,10.0,20.0,-5.501925979081733e-05
21.0,11.0,0.0,0.03217206300861278
21.0,11.0,1.0,-0.0002911434778100075
21.0,11.0,2.0,0.004738140653268608
21.0,11.0,3.0,0.00985669554515492
21.0,11.0,4.0,-0.027550349540283903
21.0,11.0,5.0,0.004410089806888923
21.0,11.0,6.0,-1.95392254580552e-09
21.0,11.0,7.0,-0.016178248165600623
21.0,11.0,8.0,0.0012120854631900296
21.0,11.0,9.0,0.00021547300904881106
21.0,11.0,10.0,0.0032064540295871358
21.0,11.0,11.0,-0.1418740745833261
21.0,11.0,12.0,0.02648278503952728
21.0,11.0,13.0,-0.0001444243531250056
21.0,11.0,14.0,-0.0018507056311908299
21.0,11.0,15.0,0.001995959259182556
21.0,11.0,16.0,-0.012525840477851102
21.0,11.0,17.0,-0.00116708953625283
21.0,11.0,18.0,-0.0031330926961183198
21.0,11.0,19.0,-0.021121243095697295
21.0,11.0,20.0,-5.496300434541438e-05
21.0,12.0,0.0,0.003535084353625345
21.0,12.0,1.0,-0.01160108631202076
21.0,12.0,2.0,-0.003529162193847385
21.0,12.0,3.0,-0.0020824239620167717
21.0,12.0,4.0,-0.022123660219178
21.0,12.0,5.0,0.009874005501490715
21.0,12.0,6.0,-1.953955508182501e-09
21.0,12.0,7.0,-0.04758584749723187
21.0,12.0,8.0,0.028178128433655844
21.0,12.0,9.0,0.028267944875172896
21.0,12.0,10.0,-0.008315998812932268
21.0,12.0,11.0,-0.030792910350870076
21.0,12.0,12.0,0.1975860349981748
21.0,12.0,13.0,-0.00014456294894898565
21.0,12.0,14.0,-0.008715888395774002
21.0,12.0,15.0,0.024722274232701014
21.0,12.0,16.0,-0.038655352588170766
21.0,12.0,17.0,0.022905989449168607
21.0,12.0,18.0,-0.0057616433749762
21.0,12.0,19.0,-0.016940911487410504
21.0,12.0,20.0,-5.502239771394086e-05
21.0,13.0,0.0,-0.0003111994882418756
21.0,13.0,1.0,-6.975600879174232e-05
21.0,13.0,2.0,0.0003028715860377007
21.0,13.0,3.0,-7.688982684275758e-05
21.0,13.0,4.0,-0.0002351060944594252
21.0,13.0,5.0,-0.0002156934138751454
21.0,13.0,6.0,-1.9539576468794167e-09
21.0,13.0,7.0,0.0001652839337164813
21.0,13.0,8.0,0.00011538838202986013
21.0,13.0,9.0,5.882191397188485e-06
21.0,13.0,10.0,0.0001831278895894073
21.0,13.0,11.0,0.0002766915264133807
21.0,13.0,12.0,0.00011349510160929555
21.0,13.0,13.0,-0.000145017736246923
21.0,13.0,14.0,-3.3358073711742264e-05
21.0,13.0,15.0,0.00031557348169319877
21.0,13.0,16.0,0.0007618292707629593
21.0,13.0,17.0,0.0005206258812857079
21.0,13.0,18.0,-0.0009447533470944708
21.0,13.0,19.0,0.00024153354813671868
21.0,13.0,20.0,-5.4876174699886936e-05
21.0,14.0,0.0,0.08031411490421214
21.0,14.0,1.0,-0.03746982186502945
21.0,14.0,2.0,-0.03148392493580349
21.0,14.0,3.0,0.03218375109793123
21.0,14.0,4.0,0.005431315427160688
21.0,14.0,5.0,0.06765145428064463
21.0,14.0,6.0,-1.953697287582421e-09
21.0,14.0,7.0,0.010886153919622138
21.0,14.0,8.0,0.013848270501341284
21.0,14.0,9.0,0.00822969239161353
21.0,14.0,10.0,0.010377512360592867
21.0,14.0,11.0,-0.04597190122874943
21.0,14.0,12.0,-0.013859169691006312
21.0,14.0,13.0,-0.00014487387142785024
21.0,14.0,14.0,-0.18338414004610915
21.0,14.0,15.0,-0.05089559349632605
21.0,14.0,16.0,-0.08094264304565607
21.0,14.0,17.0,-0.04970169229451327
21.0,14.0,18.0,0.038174303408315007
21.0,14.0,19.0,-0.013945923147738348
21.0,14.0,20.0,-5.499641516357562e-05
21.0,15.0,0.0,0.08141311939805451
21.0,15.0,1.0,-0.015862635004045944
21.0,15.0,2.0,-0.047208230231869874
21.0,15.0,3.0,-0.013605305011959362
21.0,15.0,4.0,-0.0023988555877841877
21.0,15.0,5.0,0.023980965047621774
21.0,15.0,6.0,-1.953923724502062e-09
21.0,15.0,7.0,-0.040311285099707536
21.0,15.0,8.0,0.002196394758216841
21.0,15.0,9.0,-0.04318515794538484
21.0,15.0,10.0,0.01390008275906024
21.0,15.0,11.0,-0.026762230715552934
21.0,15.0,12.0,-0.029973254214873568
21.0,15.0,13.0,-0.00013540220157455345
21.0,15.0,14.0,-0.013946644817481396
21.0,15.0,15.0,-0.22915270633583573
21.0,15.0,16.0,-0.023543959071344656
21.0,15.0,17.0,-0.07494822585673316
21.0,15.0,18.0,0.0051890054005493125
21.0,15.0,19.0,-0.028973965396292267
21.0,15.0,20.0,-5.502239821815416e-05
21.0,16.0,0.0,-0.03916489622753411
21.0,16.0,1.0,0.019543615428151716
21.0,16.0,2.0,0.051142849189668355
21.0,16.0,3.0,-0.012533059063068314
21.0,16.0,4.0,0.06604644185851416
21.0,16.0,5.0,-0.04726350043723087
21.0,16.0,6.0,-1.953957999614217e-09
21.0,16.0,7.0,-0.00604538718900835
21.0,16.0,8.0,-0.025123708775472972
21.0,16.0,9.0,-0.05532621276735279
21.0,16.0,10.0,7.916809874092268e-05
21.0,16.0,11.0,0.0493804586877625
21.0,16.0,12.0,0.01449897479723039
21.0,16.0,13.0,-0.0001450055823075856
21.0,16.0,14.0,0.05434708627639975
21.0,16.0,15.0,0.00011421251263621368
21.0,16.0,16.0,0.2753567369104375
21.0,16.0,17.0,0.0603951164834825
21.0,16.0,18.0,-0.025514341968484483
21.0,16.0,19.0,0.004376821666360442
21.0,16.0,20.0,-5.475336815852563e-05
21.0,17.0,0.0,-0.010261474306859322
21.0,17.0,1.0,0.02347707135273399
21.0,17.0,2.0,0.023595135285470553
21.0,17.0,3.0,0.007617564029550994
21.0,17.0,4.0,-0.05732041992765746
21.0,17.0,5.0,-0.05929742271657459
21.0,17.0,6.0,-1.9539577919086395e-09
21.0,17.0,7.0,-0.003711981078279858
21.0,17.0,8.0,0.0008873073213090943
21.0,17.0,9.0,-0.018596587790312175
21.0,17.0,10.0,-0.0036713220018003145
21.0,17.0,11.0,-0.0009977283533606496
21.0,17.0,12.0,0.013953103455172977
21.0,17.0,13.0,-0.0001444696423572469
21.0,17.0,14.0,0.013824350742194236
21.0,17.0,15.0,0.02866199226978161
21.0,17.0,16.0,0.040246883354965735
21.0,17.0,17.0,0.22243388117924395
21.0,17.0,18.0,-0.03652343070135504
21.0,17.0,19.0,-0.05528914757229253
21.0,17.0,20.0,-5.33352018154762e-05
21.0,18.0,0.0,0.04047898983208573
21.0,18.0,1.0,-0.013694822174486934
21.0,18.0,2.0,-0.0543086821683825
21.0,18.0,3.0,0.006972573035686491
21.0,18.0,4.0,0.0008936268239111422
21.0,18.0,5.0,0.029195294732247648
21.0,18.0,6.0,-1.9515907134804124e-09
21.0,18.0,7.0,-0.01715802069878769
21.0,18.0,8.0,0.005398145794276124
21.0,18.0,9.0,0.0010522332790965927
21.0,18.0,10.0,-0.04552283324119405
21.0,18.0,11.0,-0.043592881302892086
21.0,18.0,12.0,-0.013919574986812067
21.0,18.0,13.0,-0.00014501763178639606
21.0,18.0,14.0,-0.00511320465177012
21.0,18.0,15.0,-0.05487024236517518
21.0,18.0,16.0,-0.11241861142181181
21.0,18.0,17.0,-0.07480712052796135
21.0,18.0,18.0,0.20895751805053256
21.0,18.0,19.0,-0.04483850065667194
21.0,18.0,20.0,-5.485717039456785e-05
21.0,19.0,0.0,0.024544562914357138
21.0,19.0,1.0,-0.008442513584036387
21.0,19.0,2.0,-0.007529141168723885
21.0,19.0,3.0,0.039215171605035154
21.0,19.0,4.0,0.0047536031195019035
21.0,19.0,5.0,0.01758275094419566
21.0,19.0,6.0,-1.9534078402630146e-09
21.0,19.0,7.0,-0.0018211448937092978
21.0,19.0,8.0,-0.026115530639377077
21.0,19.0,9.0,-0.010523256592960273
21.0,19.0,10.0,-0.021781458718177493
21.0,19.0,11.0,-0.03685401507265115
21.0,19.0,12.0,-0.001670154164495563
21.0,19.0,13.0,-0.0001448328832539448
21.0,19.0,14.0,0.0004990402135008898
21.0,19.0,15.0,-0.006429918021830572
21.0,19.0,16.0,0.006844626683029653
21.0,19.0,17.0,0.012779516401085211
21.0,19.0,18.0,-0.028882528437397033
21.0,19.0,19.0,-0.19456655593883937
21.0,19.0,20.0,-4.71941581704669e-05
21.0,20.0,0.0,-0.0003068931598925462
21.0,20.0,1.0,-6.946013703788834e-05
21.0,20.0,2.0,0.00033337494173490967
21.0,20.0,3.0,-8.21604774435547e-05
21.0,20.0,4.0,-0.0001673036327466404
21.0,20.0,5.0,-0.00021830687221245648
21.0,20.0,6.0,-1.9539576760074003e-09
21.0,20.0,7.0,0.00016044661112146752
21.0,20.0,8.0,0.00011934523111618855
21.0,20.0,9.0,-8.621668846880981e-06
21.0,20.0,10.0,0.0002055744849603358
21.0,20.0,11.0,0.0002781284446613519
21.0,20.0,12.0,9.288176488619904e-05
21.0,20.0,13.0,-0.00014465219642442872
21.0,20.0,14.0,-2.2482556798403275e-05
21.0,20.0,15.0,0.00031305961475630584
21.0,20.0,16.0,0.0006783612912845127
21.0,20.0,17.0,0.000492498850880263
21.0,20.0,18.0,-0.000944541981689799
21.0,20.0,19.0,0.00019402839328774846
21.0,20.0,20.0,-5.502240456808155e-05
22.0,1.0,0.0,0.017003899199960162
22.0,1.0,1.0,0.20316545577356762
22.0,1.0,2.0,0.034630309542594356
22.0,1.0,3.0,-0.0001644749934777257
22.0,1.0,4.0,0.036027407366933994
22.0,1.0,5.0,0.005382156022529991
22.0,1.0,6.0,-8.895082954851279e-11
22.0,1.0,7.0,-1.6040689899757608e-07
22.0,1.0,8.0,-0.05921975620744757
22.0,1.0,9.0,0.006406098294640117
22.0,1.0,10.0,-5.287730076575237e-06
22.0,1.0,11.0,-0.0313257469275402
22.0,1.0,12.0,0.05840161837999036
22.0,1.0,13.0,-0.0006236316493366283
22.0,1.0,14.0,0.006436907011385523
22.0,1.0,15.0,-0.003567916282577764
22.0,1.0,16.0,-0.007654355445093075
22.0,1.0,17.0,-0.05356765982401093
22.0,1.0,18.0,0.08077414664612728
22.0,1.0,19.0,0.0066621415775942605
22.0,1.0,20.0,-3.0696300136286324e-06
22.0,2.0,0.0,0.08451241799762578
22.0,2.0,1.0,-0.004976002438455432
22.0,2.0,2.0,-0.207901302465371
22.0,2.0,3.0,0.004758124883364685
22.0,2.0,4.0,-0.005680408266620418
22.0,2.0,5.0,-0.011245821204849835
22.0,2.0,6.0,-8.895083145784617e-11
22.0,2.0,7.0,-1.604068078784681e-07
22.0,2.0,8.0,0.021505186579747343
22.0,2.0,9.0,0.0161462906696015
22.0,2.0,10.0,0.023206777694743497
22.0,2.0,11.0,-0.009464721946077337
22.0,2.0,12.0,-0.05362371804187516
22.0,2.0,13.0,-0.0006238390896877096
22.0,2.0,14.0,-0.05070280362305364
22.0,2.0,15.0,-0.022022308102787054
22.0,2.0,16.0,-0.05005391346189181
22.0,2.0,17.0,-0.001976130885581018
22.0,2.0,18.0,0.012058691766946239
22.0,2.0,19.0,0.028377432491708876
22.0,2.0,20.0,-3.069862219585934e-06
22.0,3.0,0.0,-0.01481189476537749
22.0,3.0,1.0,-0.0173861687783423
22.0,3.0,2.0,0.007792448353282327
22.0,3.0,3.0,0.14962819335779293
22.0,3.0,4.0,0.0494973240410117
22.0,3.0,5.0,-0.014643428941070999
22.0,3.0,6.0,-8.89508111599903e-11
22.0,3.0,7.0,-1.6040390946389228e-07
22.0,3.0,8.0,0.012340043038643944
22.0,3.0,9.0,-0.0009578528978332369
22.0,3.0,10.0,0.004189503783553539
22.0,3.0,11.0,-0.00947674833410117
22.0,3.0,12.0,0.020357101537853417
22.0,3.0,13.0,-0.0006152392162131859
22.0,3.0,14.0,0.026116054439791342
22.0,3.0,15.0,0.01693640559055941
22.0,3.0,16.0,0.016277811396610775
22.0,3.0,17.0,-0.007664877380526958
22.0,3.0,18.0,0.0008083195933513143
22.0,3.0,19.0,0.047863259028474325
22.0,3.0,20.0,-3.0698627220865334e-06
22.0,4.0,0.0,-0.008881082102771318
22.0,4.0,1.0,0.005273154810746798
22.0,4.0,2.0,-0.025464068948052754
22.0,4.0,3.0,-0.00017796052299625626
22.0,4.0,4.0,0.20954212963298857
22.0,4.0,5.0,-0.013302261411203109
22.0,4.0,6.0,-8.895083464121241e-11
22.0,4.0,7.0,-1.604068977428903e-07
22.0,4.0,8.0,0.01776606988362317
22.0,4.0,9.0,-0.011700629206978657
22.0,4.0,10.0,0.006009006164066688
22.0,4.0,11.0,0.04905181630344235
22.0,4.0,12.0,0.04990935237849076
22.0,4.0,13.0,-0.0006239510070900026
22.0,4.0,14.0,0.008875314107584353
22.0,4.0,15.0,-0.010159951600603456
22.0,4.0,16.0,0.04852637785362668
22.0,4.0,17.0,0.024775733737015082
22.0,4.0,18.0,0.0064203396644306465
22.0,4.0,19.0,0.04848741134119361
22.0,4.0,20.0,-3.0699223810483772e-06
22.0,5.0,0.0,0.015606071059028934
22.0,5.0,1.0,-0.041998506808663266
22.0,5.0,2.0,-0.018374859893360546
22.0,5.0,3.0,-0.00017525317381371973
22.0,5.0,4.0,0.048786990301050936
22.0,5.0,5.0,0.18710822066993904
22.0,5.0,6.0,-8.895068595776771e-11
22.0,5.0,7.0,-1.6040647748902714e-07
22.0,5.0,8.0,0.023988009847730835
22.0,5.0,9.0,-0.008837134002843212
22.0,5.0,10.0,0.006624242465682217
22.0,5.0,11.0,-0.014154718305002423
22.0,5.0,12.0,-0.013824622552517929
22.0,5.0,13.0,-0.0005928374109801512
22.0,5.0,14.0,0.0011888826724271717
22.0,5.0,15.0,-0.052523318197756776
22.0,5.0,16.0,0.01754145241686733
22.0,5.0,17.0,0.037457811329644264
22.0,5.0,18.0,-0.008239468286716928
22.0,5.0,19.0,0.012736336873321319
22.0,5.0,20.0,-3.0698984839622787e-06
22.0,6.0,0.0,0.0007374048162495511
22.0,6.0,1.0,-0.0005143371813663838
22.0,6.0,2.0,-0.00014056405003240457
22.0,6.0,3.0,-0.00017153209220906364
22.0,6.0,4.0,-0.0006915769525126514
22.0,6.0,5.0,0.0002443474792460376
22.0,6.0,6.0,3.0660985632122544e-09
22.0,6.0,7.0,-1.6040677268148119e-07
22.0,6.0,8.0,0.0001631941598846387
22.0,6.0,9.0,-0.0005085004805749672
22.0,6.0,10.0,0.00017745315796152683
22.0,6.0,11.0,-0.00013741119089127896
22.0,6.0,12.0,-0.0007548536582349663
22.0,6.0,13.0,-0.0006087295275581662
22.0,6.0,14.0,-0.00030386525642991935
22.0,6.0,15.0,-0.001231323539952263
22.0,6.0,16.0,-4.395516854538428e-05
22.0,6.0,17.0,0.00011571262179416175
22.0,6.0,18.0,-0.00039401989789059066
22.0,6.0,19.0,-0.0005068018305736111
22.0,6.0,20.0,-3.0698069341797647e-06
22.0,7.0,0.0,0.0007540420157097077
22.0,7.0,1.0,0.0004192561839274425
22.0,7.0,2.0,6.405241427653863e-05
22.0,7.0,3.0,-0.00017142956756179925
22.0,7.0,4.0,-0.00010624847242857172
22.0,7.0,5.0,7.023853675616754e-05
22.0,7.0,6.0,-8.895083131644463e-11
22.0,7.0,7.0,0.007654909549700248
22.0,7.0,8.0,8.762073578802432e-05
22.0,7.0,9.0,-0.00040726737250052283
22.0,7.0,10.0,0.0010919961492990016
22.0,7.0,11.0,3.353666653782561e-05
22.0,7.0,12.0,0.0009286375174796246
22.0,7.0,13.0,-0.0006087504628026843
22.0,7.0,14.0,-0.0004714863983207307
22.0,7.0,15.0,-0.001696335308853901
22.0,7.0,16.0,-0.00024333933174713884
22.0,7.0,17.0,-0.0014061128462915518
22.0,7.0,18.0,0.0002599501187227904
22.0,7.0,19.0,0.0015085345439731501
22.0,7.0,20.0,-3.0698079532235678e-06
22.0,8.0,0.0,0.018391916646220183
22.0,8.0,1.0,-0.04885783504738215
22.0,8.0,2.0,-0.05395676638372704
22.0,8.0,3.0,-0.00017895966307317825
22.0,8.0,4.0,-0.06211917461967431
22.0,8.0,5.0,-0.0024603265237066463
22.0,8.0,6.0,-8.895082768192879e-11
22.0,8.0,7.0,-1.6040443630151832e-07
22.0,8.0,8.0,0.20712089416620952
22.0,8.0,9.0,0.001099143568547109
22.0,8.0,10.0,0.00374414412180335
22.0,8.0,11.0,-0.00245766740544362
22.0,8.0,12.0,-0.06514593455041623
22.0,8.0,13.0,-0.0006125553878586242
22.0,8.0,14.0,-0.013946704190729603
22.0,8.0,15.0,-0.00384116026384744
22.0,8.0,16.0,-0.01672563819457895
22.0,8.0,17.0,0.0375892463111116
22.0,8.0,18.0,-0.023605973584971768
22.0,8.0,19.0,-0.012058310984076726
22.0,8.0,20.0,-3.0549954352758448e-06
22.0,9.0,0.0,0.008139343248829742
22.0,9.0,1.0,-0.001070564463314272
22.0,9.0,2.0,-0.005096206778488405
22.0,9.0,3.0,-0.0001721667676938325
22.0,9.0,4.0,0.059251431561448076
22.0,9.0,5.0,0.008366614240560052
22.0,9.0,6.0,-8.895083552531101e-11
22.0,9.0,7.0,-1.6040687139503472e-07
22.0,9.0,8.0,0.000865532733929808
22.0,9.0,9.0,0.205599057701733
22.0,9.0,10.0,-0.009433027605402988
22.0,9.0,11.0,0.0009304320246575903
22.0,9.0,12.0,0.017944283738820677
22.0,9.0,13.0,-0.0005921242830254057
22.0,9.0,14.0,-0.004005225372604476
22.0,9.0,15.0,0.0031225947529505624
22.0,9.0,16.0,-0.0230663013746365
22.0,9.0,17.0,0.006586332954125529
22.0,9.0,18.0,0.006214576469228988
22.0,9.0,19.0,0.01089808886748389
22.0,9.0,20.0,-3.069817835571458e-06
22.0,10.0,0.0,-0.009827993786989633
22.0,10.0,1.0,0.005096086554485554
22.0,10.0,2.0,0.07272469821203462
22.0,10.0,3.0,-0.0001790759206732625
22.0,10.0,4.0,0.035800834481541366
22.0,10.0,5.0,0.0021274428030691878
22.0,10.0,6.0,-8.895083554649963e-11
22.0,10.0,7.0,-1.6040523051879805e-07
22.0,10.0,8.0,-0.009900624254415014
22.0,10.0,9.0,0.05627046822905222
22.0,10.0,10.0,0.20071668039421414
22.0,10.0,11.0,0.009977748946110587
22.0,10.0,12.0,0.02411789848603335
22.0,10.0,13.0,-0.0006067904030115194
22.0,10.0,14.0,-0.03710329563467184
22.0,10.0,15.0,-0.011211668525614095
22.0,10.0,16.0,-0.000756949795858608
22.0,10.0,17.0,0.007030071642625202
22.0,10.0,18.0,0.01819614611880105
22.0,10.0,19.0,0.04881589218882987
22.0,10.0,20.0,-3.0699384009405594e-06
22.0,11.0,0.0,0.053722997063088876
22.0,11.0,1.0,-0.009948888429723635
22.0,11.0,2.0,0.018985498838622245
22.0,11.0,3.0,-0.00010791845706269077
22.0,11.0,4.0,-0.10926307484056219
22.0,11.0,5.0,-0.0157238442918044
22.0,11.0,6.0,-8.895080009957194e-11
22.0,11.0,7.0,-1.6040427719140002e-07
22.0,11.0,8.0,-0.0007384766845545676
22.0,11.0,9.0,0.0205488399358095
22.0,11.0,10.0,0.007479772025866527
22.0,11.0,11.0,-0.23021310566810183
22.0,11.0,12.0,0.022967208219737245
22.0,11.0,13.0,-0.0006027794167059369
22.0,11.0,14.0,-0.005935335200291186
22.0,11.0,15.0,0.04521916757490241
22.0,11.0,16.0,-0.022388453425224553
22.0,11.0,17.0,-0.008215247896547151
22.0,11.0,18.0,-0.008709723259544777
22.0,11.0,19.0,-0.03131934466482511
22.0,11.0,20.0,-3.069594114366231e-06
22.0,12.0,0.0,0.009763000186202006
22.0,12.0,1.0,-0.007178496377258488
22.0,12.0,2.0,-0.007871747746890118
22.0,12.0,3.0,-0.0001731188731770621
22.0,12.0,4.0,-0.024636562669700157
22.0,12.0,5.0,-0.020297736538478495
22.0,12.0,6.0,-8.895083237480558e-11
22.0,12.0,7.0,-1.6040689650108045e-07
22.0,12.0,8.0,0.034588796569268054
22.0,12.0,9.0,0.019177082088473366
22.0,12.0,10.0,0.000289786604424358
22.0,12.0,11.0,-0.02299317192528949
22.0,12.0,12.0,0.19185456936877243
22.0,12.0,13.0,-0.0006096221559061558
22.0,12.0,14.0,-0.006541855509732325
22.0,12.0,15.0,0.008839648524967908
22.0,12.0,16.0,-0.0182397114920112
22.0,12.0,17.0,0.0026607171655784745
22.0,12.0,18.0,-0.00418059044901159
22.0,12.0,19.0,-0.006228220348565405
22.0,12.0,20.0,-3.0699303326190857e-06
22.0,13.0,0.0,0.0007484813368951737
22.0,13.0,1.0,-0.0005156450729375053
22.0,13.0,2.0,-0.00010186330875869287
22.0,13.0,3.0,-0.00017151780954734124
22.0,13.0,4.0,-0.0006854815445321849
22.0,13.0,5.0,0.00025057661646503415
22.0,13.0,6.0,-8.895082316900224e-11
22.0,13.0,7.0,-1.604067316424131e-07
22.0,13.0,8.0,0.00017975743099046815
22.0,13.0,9.0,-0.0005077057177662152
22.0,13.0,10.0,0.00015530334907482013
22.0,13.0,11.0,-0.00016470902545662192
22.0,13.0,12.0,-0.0007959282586881278
22.0,13.0,13.0,-0.0006255535197729798
22.0,13.0,14.0,-0.00030867518381400005
22.0,13.0,15.0,-0.0012415816180929642
22.0,13.0,16.0,-9.042977349926762e-05
22.0,13.0,17.0,0.0001357121323068422
22.0,13.0,18.0,-0.0004022868377810407
22.0,13.0,19.0,-0.00047920084522257156
22.0,13.0,20.0,-3.0698043943105704e-06
22.0,14.0,0.0,0.07227351524635046
22.0,14.0,1.0,-0.007696277970161772
22.0,14.0,2.0,-0.008252293105171504
22.0,14.0,3.0,-7.382398965665654e-05
22.0,14.0,4.0,-0.004791474754187619
22.0,14.0,5.0,0.02871131235860537
22.0,14.0,6.0,-8.895068871837982e-11
22.0,14.0,7.0,-1.604068051883048e-07
22.0,14.0,8.0,-0.003185388073537576
22.0,14.0,9.0,0.010327557205082244
22.0,14.0,10.0,0.011576394668596002
22.0,14.0,11.0,-0.03226222045950389
22.0,14.0,12.0,-0.011335006089861932
22.0,14.0,13.0,-0.0006185897959105913
22.0,14.0,14.0,-0.15184627766504083
22.0,14.0,15.0,-0.05187684825946715
22.0,14.0,16.0,-0.04005252933144343
22.0,14.0,17.0,-0.008634727824075705
22.0,14.0,18.0,0.017429587821227555
22.0,14.0,19.0,-0.025589543792271074
22.0,14.0,20.0,-3.06980798774358e-06
22.0,15.0,0.0,0.013249727076902265
22.0,15.0,1.0,-0.0029100648707586774
22.0,15.0,2.0,-0.00491893646520461
22.0,15.0,3.0,-0.0001658236601177466
22.0,15.0,4.0,-0.004042872824843058
22.0,15.0,5.0,0.0025198349810464787
22.0,15.0,6.0,-8.895082577608647e-11
22.0,15.0,7.0,-1.6040677129078594e-07
22.0,15.0,8.0,-0.0003278579550134719
22.0,15.0,9.0,-0.005792774693360064
22.0,15.0,10.0,0.0018661672843859334
22.0,15.0,11.0,-0.003341338678409078
22.0,15.0,12.0,-0.015287708799749333
22.0,15.0,13.0,-0.0005339387902795235
22.0,15.0,14.0,-0.002178953697863084
22.0,15.0,15.0,-0.054706243669641
22.0,15.0,16.0,-0.0007752262016806899
22.0,15.0,17.0,-0.007680171058673524
22.0,15.0,18.0,-0.002228300920165155
22.0,15.0,19.0,-0.011740896882522667
22.0,15.0,20.0,-3.06988428261966e-06
22.0,16.0,0.0,-0.04138702642402434
22.0,16.0,1.0,-0.0051417504306341955
22.0,16.0,2.0,0.02648437670541856
22.0,16.0,3.0,-0.00017885145567753731
22.0,16.0,4.0,0.04187543062221355
22.0,16.0,5.0,-0.006516023880129354
22.0,16.0,6.0,-8.895083423587743e-11
22.0,16.0,7.0,-1.6040684594151723e-07
22.0,16.0,8.0,0.033683845376618865
22.0,16.0,9.0,-0.030752082031270587
22.0,16.0,10.0,-0.006830513308534403
22.0,16.0,11.0,0.06355408444383664
22.0,16.0,12.0,-0.008698646763951379
22.0,16.0,13.0,-0.0005353507957906247
22.0,16.0,14.0,0.0682811507605239
22.0,16.0,15.0,-0.046785227300341944
22.0,16.0,16.0,0.23717963384559182
22.0,16.0,17.0,0.01026762984108126
22.0,16.0,18.0,-0.014279999879582922
22.0,16.0,19.0,0.0021061077681547857
22.0,16.0,20.0,-3.06986182280863e-06
22.0,17.0,0.0,-0.009601179160318274
22.0,17.0,1.0,0.06543944530146292
22.0,17.0,2.0,0.0322850461990499
22.0,17.0,3.0,-0.00011861852321418073
22.0,17.0,4.0,-0.04882087982999084
22.0,17.0,5.0,-0.02521315218194628
22.0,17.0,6.0,-8.895082463743617e-11
22.0,17.0,7.0,-1.6040684607326317e-07
22.0,17.0,8.0,-0.04601307658693532
22.0,17.0,9.0,-0.010701441111871542
22.0,17.0,10.0,-0.008015283849450938
22.0,17.0,11.0,-0.0027975563808263493
22.0,17.0,12.0,0.009027933827339407
22.0,17.0,13.0,-0.000540884917450043
22.0,17.0,14.0,0.02222591117205333
22.0,17.0,15.0,0.009619051920340516
22.0,17.0,16.0,0.02916264304314886
22.0,17.0,17.0,0.18797341095251835
22.0,17.0,18.0,-0.0207727831467287
22.0,17.0,19.0,-0.04746592527522675
22.0,17.0,20.0,-3.069853998008071e-06
22.0,18.0,0.0,0.02525380309309712
22.0,18.0,1.0,-0.015337292619803093
22.0,18.0,2.0,-0.01819957303719924
22.0,18.0,3.0,-0.00016210350408416783
22.0,18.0,4.0,0.02860416323780446
22.0,18.0,5.0,-0.003968984930623323
22.0,18.0,6.0,-8.895082280048819e-11
22.0,18.0,7.0,-1.6040682832804675e-07
22.0,18.0,8.0,0.00969594339494212
22.0,18.0,9.0,0.0138774783354942
22.0,18.0,10.0,-0.006546559620772829
22.0,18.0,11.0,-0.0782768634358329
22.0,18.0,12.0,0.017980493741908243
22.0,18.0,13.0,-0.0006255454572232306
22.0,18.0,14.0,0.001338310746581528
22.0,18.0,15.0,0.00463170043750348
22.0,18.0,16.0,-0.03967827997887663
22.0,18.0,17.0,-0.03712193039183251
22.0,18.0,18.0,0.2004340680476702
22.0,18.0,19.0,0.003012426226391418
22.0,18.0,20.0,-2.549728950650947e-06
22.0,19.0,0.0,0.02140273905342148
22.0,19.0,1.0,0.0002477297847980897
22.0,19.0,2.0,0.010605290797108008
22.0,19.0,3.0,0.05021699565050879
22.0,19.0,4.0,-0.06757552763027552
22.0,19.0,5.0,0.034374824926970846
22.0,19.0,6.0,-8.868596964406375e-11
22.0,19.0,7.0,-1.604061281266807e-07
22.0,19.0,8.0,-0.011683530999989866
22.0,19.0,9.0,-0.009142142949671746
22.0,19.0,10.0,-0.0265277165358766
22.0,19.0,11.0,-0.06654084655080211
22.0,19.0,12.0,-0.007578503294657479
22.0,19.0,13.0,-0.00033997971686767104
22.0,19.0,14.0,0.015456996261983186
22.0,19.0,15.0,-0.0002514272903655426
22.0,19.0,16.0,0.009510657044907278
22.0,19.0,17.0,0.051227515414142555
22.0,19.0,18.0,-0.057567646878852186
22.0,19.0,19.0,-0.2218253684624788
22.0,19.0,20.0,-3.067770582877037e-06
22.0,20.0,0.0,0.0007393165562459142
22.0,20.0,1.0,-0.0005138266731382346
22.0,20.0,2.0,-9.849280129220483e-05
22.0,20.0,3.0,-0.00017153118361945847
22.0,20.0,4.0,-0.0006748315268233496
22.0,20.0,5.0,0.00024804691974673887
22.0,20.0,6.0,-8.895083130416988e-11
22.0,20.0,7.0,-1.6040677301575612e-07
22.0,20.0,8.0,0.00018059532785300036
22.0,20.0,9.0,-0.0005088027647204008
22.0,20.0,10.0,0.00015099149194142125
22.0,20.0,11.0,-0.00016243809771554485
22.0,20.0,12.0,-0.0007935219018950779
22.0,20.0,13.0,-0.0006087298097833034
22.0,20.0,14.0,-0.0003041795066143771
22.0,20.0,15.0,-0.0012345489543803198
22.0,20.0,16.0,-9.272834447127121e-05
22.0,20.0,17.0,0.00013457366024216544
22.0,20.0,18.0,-0.00039975872959102654
22.0,20.0,19.0,-0.00046970726041550837
22.0,20.0,20.0,-3.06950557418624e-06
23.0,1.0,0.0,0.0636801802787883
23.0,1.0,1.0,0.18440945992301822
23.0,1.0,2.0,-4.710733082702179e-05
23.0,1.0,3.0,0.02619624321380959
23.0,1.0,4.0,0.012425743327869498
23.0,1.0,5.0,-6.441934959857057e-05
23.0,1.0,6.0,-5.559578450371038e-09
23.0,1.0,7.0,-0.04819987872869737
23.0,1.0,8.0,-0.036067951165651785
23.0,1.0,9.0,-0.004104322231541946
23.0,1.0,10.0,0.0054880948978227595
23.0,1.0,11.0,-0.03039343470474265
23.0,1.0,12.0,0.010494384318373795
23.0,1.0,13.0,-0.0039533054317143
23.0,1.0,14.0,-0.02588049386956165
23.0,1.0,15.0,-0.016023881273751418
23.0,1.0,16.0,0.0033428697415280317
23.0,1.0,17.0,0.006085397753652577
23.0,1.0,18.0,0.02824681208049168
23.0,1.0,19.0,-0.025302781047939482
23.0,1.0,20.0,-0.00042731861944633124
23.0,2.0,0.0,-0.0006110766084419517
23.0,2.0,1.0,9.301856135586484e-05
23.0,2.0,2.0,-4.7376224380838774e-05
23.0,2.0,3.0,0.0006430781620850312
23.0,2.0,4.0,-0.0018581553888801228
23.0,2.0,5.0,-7.304394353821862e-05
23.0,2.0,6.0,-5.559758111754558e-09
23.0,2.0,7.0,-0.0010892819544490034
23.0,2.0,8.0,0.001159120239219824
23.0,2.0,9.0,0.0005761268201806835
23.0,2.0,10.0,-0.0002710834315464705
23.0,2.0,11.0,-0.0003392195129564013
23.0,2.0,12.0,-3.4445731667553936e-06
23.0,2.0,13.0,-0.003896833755430932
23.0,2.0,14.0,-0.002039742535733524
23.0,2.0,15.0,0.0021836248800603114
23.0,2.0,16.0,-0.0011214074598958068
23.0,2.0,17.0,0.0008317010705702899
23.0,2.0,18.0,0.00024682499786493617
23.0,2.0,19.0,0.0001432484942140988
23.0,2.0,20.0,-0.00043381578172125104
23.0,3.0,0.0,-0.003918052988614917
23.0,3.0,1.0,-0.04363060406678501
23.0,3.0,2.0,-4.7376725048385834e-05
23.0,3.0,3.0,0.18829956470738785
23.0,3.0,4.0,0.0485370803393399
23.0,3.0,5.0,-7.40849211068032e-05
23.0,3.0,6.0,-5.5597484953684444e-09
23.0,3.0,7.0,0.04643368155425172
23.0,3.0,8.0,0.021502555017384323
23.0,3.0,9.0,0.0019686946845490494
23.0,3.0,10.0,0.010167084532294313
23.0,3.0,11.0,-0.01734517861147017
23.0,3.0,12.0,0.02893273416342157
23.0,3.0,13.0,-0.00427608520322901
23.0,3.0,14.0,-0.013310281755907719
23.0,3.0,15.0,-0.005548971527728715
23.0,3.0,16.0,0.009698371206768419
23.0,3.0,17.0,-0.026337285901781665
23.0,3.0,18.0,0.0060971874247054275
23.0,3.0,19.0,0.06302617068935323
23.0,3.0,20.0,-0.00043740003700728754
23.0,4.0,0.0,0.004271289145182489
23.0,4.0,1.0,0.0069327040022118605
23.0,4.0,2.0,-4.737703853066585e-05
23.0,4.0,3.0,-0.019631685137511373
23.0,4.0,4.0,0.21153874636444292
23.0,4.0,5.0,-7.470539980113977e-05
23.0,4.0,6.0,-5.5597637181476956e-09
23.0,4.0,7.0,-0.0012232959205602106
23.0,4.0,8.0,0.02558988272226201
23.0,4.0,9.0,0.010102274928270288
23.0,4.0,10.0,0.0038844806786114683
23.0,4.0,11.0,0.049375674144407855
23.0,4.0,12.0,0.053082883738872266
23.0,4.0,13.0,-0.004479753056049853
23.0,4.0,14.0,0.012471369566281351
23.0,4.0,15.0,-0.025514443430853306
23.0,4.0,16.0,0.03297472485379582
23.0,4.0,17.0,0.023308511128166037
23.0,4.0,18.0,-0.00451098506382485
23.0,4.0,19.0,0.024634715565171827
23.0,4.0,20.0,-0.00030695514172665844
23.0,5.0,0.0,0.029176498430971087
23.0,5.0,1.0,-0.013349865530871474
23.0,5.0,2.0,-4.7354337153365835e-05
23.0,5.0,3.0,0.0022462450066572104
23.0,5.0,4.0,0.018969739031043265
23.0,5.0,5.0,0.16515314950279428
23.0,5.0,6.0,-5.559006912984473e-09
23.0,5.0,7.0,0.00019765520118175672
23.0,5.0,8.0,-0.017512010809279915
23.0,5.0,9.0,-0.0024733583516585445
23.0,5.0,10.0,0.006054381073766879
23.0,5.0,11.0,-0.029989633867552212
23.0,5.0,12.0,0.016534369360611423
23.0,5.0,13.0,-0.003708635849867756
23.0,5.0,14.0,0.005710046388723938
23.0,5.0,15.0,-0.02246118517756745
23.0,5.0,16.0,0.00861689637516977
23.0,5.0,17.0,0.013297862987038694
23.0,5.0,18.0,0.014117537994427262
23.0,5.0,19.0,0.005062418703486893
23.0,5.0,20.0,-0.0004347294573531619
23.0,6.0,0.0,-0.0006057897698268366
23.0,6.0,1.0,9.26007740978882e-05
23.0,6.0,2.0,-4.7345629909177534e-05
23.0,6.0,3.0,0.0006371403871197057
23.0,6.0,4.0,-0.0018777319976528428
23.0,6.0,5.0,-7.304414600048529e-05
23.0,6.0,6.0,-2.414943886674337e-09
23.0,6.0,7.0,-0.0010864168815114955
23.0,6.0,8.0,0.0011489004332049524
23.0,6.0,9.0,0.0005743820805666211
23.0,6.0,10.0,-0.00027289215921233456
23.0,6.0,11.0,-0.0003280815367013301
23.0,6.0,12.0,1.893722446294488e-05
23.0,6.0,13.0,-0.0038967355205430697
23.0,6.0,14.0,-0.0020420627176261363
23.0,6.0,15.0,0.002184567147476897
23.0,6.0,16.0,-0.0010986851016591692
23.0,6.0,17.0,0.000826507767084067
23.0,6.0,18.0,0.0002467127153155252
23.0,6.0,19.0,0.00013821831745386426
23.0,6.0,20.0,-0.0004338168750985604
23.0,7.0,0.0,0.025137571619836097
23.0,7.0,1.0,0.031024194995702782
23.0,7.0,2.0,-4.736616247466419e-05
23.0,7.0,3.0,0.01270789906497985
23.0,7.0,4.0,0.03647113636732835
23.0,7.0,5.0,-7.217769482509713e-05
23.0,7.0,6.0,-5.559764452566164e-09
23.0,7.0,7.0,0.17731863021305894
23.0,7.0,8.0,-0.009047856317364461
23.0,7.0,9.0,0.013276704993987337
23.0,7.0,10.0,0.016087776714568736
23.0,7.0,11.0,0.005202364859933917
23.0,7.0,12.0,0.056701687562155545
23.0,7.0,13.0,-0.003615606681569342
23.0,7.0,14.0,-0.022229057200548824
23.0,7.0,15.0,-0.034315875538000556
23.0,7.0,16.0,-0.013246718594575824
23.0,7.0,17.0,-0.04609525539298534
23.0,7.0,18.0,0.01903250666333138
23.0,7.0,19.0,0.03661474568897827
23.0,7.0,20.0,-0.00043814238584990284
23.0,8.0,0.0,-0.003778482873079636
23.0,8.0,1.0,0.014955046834692419
23.0,8.0,2.0,-4.737149599381835e-05
23.0,8.0,3.0,-0.020590089715331855
23.0,8.0,4.0,-0.12699903537877677
23.0,8.0,5.0,0.00011306022996589568
23.0,8.0,6.0,-5.55975288487948e-09
23.0,8.0,7.0,-0.008752385773030003
23.0,8.0,8.0,0.19223091283835445
23.0,8.0,9.0,0.01895881348170292
23.0,8.0,10.0,-0.0067382107051267015
23.0,8.0,11.0,-0.031532375354378195
23.0,8.0,12.0,0.002777074455623585
23.0,8.0,13.0,-0.0044740134308034986
23.0,8.0,14.0,-0.01920579602670569
23.0,8.0,15.0,0.03862216318020976
23.0,8.0,16.0,-0.08023209445381907
23.0,8.0,17.0,0.035809079453766574
23.0,8.0,18.0,0.002059177890648689
23.0,8.0,19.0,-0.023715336962774947
23.0,8.0,20.0,-0.0004292068016353371
23.0,9.0,0.0,-0.008105991158742998
23.0,9.0,1.0,-0.005120419338609426
23.0,9.0,2.0,-4.73743008841189e-05
23.0,9.0,3.0,0.008428201138610952
23.0,9.0,4.0,0.06983323891066606
23.0,9.0,5.0,-7.270250732089663e-05
23.0,9.0,6.0,-5.5597630698558556e-09
23.0,9.0,7.0,0.02221342222771029
23.0,9.0,8.0,0.0031491716099067424
23.0,9.0,9.0,0.22296712629851323
23.0,9.0,10.0,-0.016615952430516667
23.0,9.0,11.0,0.014814074197952776
23.0,9.0,12.0,0.028650391722056134
23.0,9.0,13.0,0.011324496073060334
23.0,9.0,14.0,-0.013772019094355395
23.0,9.0,15.0,0.03964713671268725
23.0,9.0,16.0,-0.05209227974228475
23.0,9.0,17.0,-0.02336839893471654
23.0,9.0,18.0,0.013694590759623496
23.0,9.0,19.0,0.030246620532986657
23.0,9.0,20.0,-0.00042761797423690944
23.0,10.0,0.0,0.011466359905932255
23.0,10.0,1.0,-8.57448500841268e-06
23.0,10.0,2.0,-4.5232670697617585e-05
23.0,10.0,3.0,0.007280274748425991
23.0,10.0,4.0,0.017873145775749055
23.0,10.0,5.0,-7.177371393532372e-05
23.0,10.0,6.0,-5.559764613243144e-09
23.0,10.0,7.0,0.007263486767421876
23.0,10.0,8.0,0.002014099237528044
23.0,10.0,9.0,0.03244939189103374
23.0,10.0,10.0,0.20233343749984067
23.0,10.0,11.0,0.003974994236034701
23.0,10.0,12.0,0.005719731715586762
23.0,10.0,13.0,-0.003817781320043613
23.0,10.0,14.0,-0.045882042843417285
23.0,10.0,15.0,-0.009221573585454446
23.0,10.0,16.0,-0.020304810580668575
23.0,10.0,17.0,0.00045603642487351825
23.0,10.0,18.0,0.01664812811816671
23.0,10.0,19.0,0.024058720243134712
23.0,10.0,20.0,-0.00043852636435979246
23.0,11.0,0.0,0.002391428659398509
23.0,11.0,1.0,0.0219607784747003
23.0,11.0,2.0,-4.5146471157568646e-05
23.0,11.0,3.0,0.03154169399783979
23.0,11.0,4.0,-0.09011812576875078
23.0,11.0,5.0,0.010588843894273175
23.0,11.0,6.0,-5.549864475315898e-09
23.0,11.0,7.0,0.011077704496903193
23.0,11.0,8.0,0.007515259629781418
23.0,11.0,9.0,-0.01814101493886744
23.0,11.0,10.0,-0.0033239988607780546
23.0,11.0,11.0,-0.24103103200287107
23.0,11.0,12.0,0.0448424853156672
23.0,11.0,13.0,-0.004254681819930439
23.0,11.0,14.0,0.003328376373869915
23.0,11.0,15.0,0.08304812168019368
23.0,11.0,16.0,0.016196722078984038
23.0,11.0,17.0,0.025454247192489815
23.0,11.0,18.0,-0.004084702129853665
23.0,11.0,19.0,-0.04006895811434519
23.0,11.0,20.0,-0.0004368631818969978
23.0,12.0,0.0,-0.009092524298160654
23.0,12.0,1.0,-0.0007159726823073309
23.0,12.0,2.0,-4.7357403764272404e-05
23.0,12.0,3.0,0.003800873633905827
23.0,12.0,4.0,-0.0312708580711345
23.0,12.0,5.0,0.013587167046726807
23.0,12.0,6.0,-5.559755477465281e-09
23.0,12.0,7.0,-0.003012411952889621
23.0,12.0,8.0,0.06504953175749525
23.0,12.0,9.0,0.06745141323704629
23.0,12.0,10.0,-0.007667102890684951
23.0,12.0,11.0,-0.02404830275987513
23.0,12.0,12.0,0.21170131297988531
23.0,12.0,13.0,-0.004250781120741582
23.0,12.0,14.0,-0.02299058407357228
23.0,12.0,15.0,0.05143045061382046
23.0,12.0,16.0,-0.0728576935158709
23.0,12.0,17.0,-0.000696078541277706
23.0,12.0,18.0,0.009699239642902133
23.0,12.0,19.0,0.005375516878680098
23.0,12.0,20.0,-0.0004385797149508895
23.0,13.0,0.0,0.0006120322659036725
23.0,13.0,1.0,-0.011054606037254354
23.0,13.0,2.0,-4.73641728650107e-05
23.0,13.0,3.0,-0.011154389471978665
23.0,13.0,4.0,0.08095621054360713
23.0,13.0,5.0,-7.467631460172262e-05
23.0,13.0,6.0,-5.55976455386691e-09
23.0,13.0,7.0,0.08150352920685659
23.0,13.0,8.0,-0.039199421669666
23.0,13.0,9.0,0.00417556423856566
23.0,13.0,10.0,0.008943331630344997
23.0,13.0,11.0,0.031341145189931974
23.0,13.0,12.0,0.03128793188665091
23.0,13.0,13.0,0.19042985097233564
23.0,13.0,14.0,0.06400291424122942
23.0,13.0,15.0,-0.01203351738556014
23.0,13.0,16.0,0.0283754608065237
23.0,13.0,17.0,-0.04742860329240611
23.0,13.0,18.0,0.000981861717704327
23.0,13.0,19.0,0.03779756508962551
23.0,13.0,20.0,-0.0004359426069800875
23.0,14.0,0.0,0.021525395792414748
23.0,14.0,1.0,-0.01349458522756597
23.0,14.0,2.0,-4.7365181636687534e-05
23.0,14.0,3.0,0.027840891229235998
23.0,14.0,4.0,0.002843073875197333
23.0,14.0,5.0,0.00014579382504748245
23.0,14.0,6.0,-5.55965027719106e-09
23.0,14.0,7.0,-0.014281249123983208
23.0,14.0,8.0,-0.004558961969901215
23.0,14.0,9.0,-0.002216748782624456
23.0,14.0,10.0,-0.0011052232110675408
23.0,14.0,11.0,-0.024854991754315714
23.0,14.0,12.0,-0.002385388246382125
23.0,14.0,13.0,-0.0043853324439822325
23.0,14.0,14.0,-0.10008839436166402
23.0,14.0,15.0,-0.021165605383686566
23.0,14.0,16.0,-0.02462224074043129
23.0,14.0,17.0,-0.01893252041156762
23.0,14.0,18.0,0.031400740710121375
23.0,14.0,19.0,-0.021321025568372565
23.0,14.0,20.0,-0.00041972059143313754
23.0,15.0,0.0,0.01453604737162928
23.0,15.0,1.0,-0.0013871583785899436
23.0,15.0,2.0,-4.7362121423109365e-05
23.0,15.0,3.0,-0.0051542046699678545
23.0,15.0,4.0,-0.010084514327255878
23.0,15.0,5.0,-7.376104021934218e-05
23.0,15.0,6.0,-5.559750773264171e-09
23.0,15.0,7.0,-0.019405309109371244
23.0,15.0,8.0,-0.004840951094097018
23.0,15.0,9.0,-0.01179823341213887
23.0,15.0,10.0,-0.0005358932209881262
23.0,15.0,11.0,-0.01115614446429214
23.0,15.0,12.0,-0.012052798015185606
23.0,15.0,13.0,-0.002772692138867462
23.0,15.0,14.0,0.0018116080518340016
23.0,15.0,15.0,-0.043299755399210445
23.0,15.0,16.0,0.006952120329996758
23.0,15.0,17.0,0.0031826993929947867
23.0,15.0,18.0,-0.0032193317825156276
23.0,15.0,19.0,-0.025353531757945413
23.0,15.0,20.0,-0.00043140703535575757
23.0,16.0,0.0,0.00019676399169032965
23.0,16.0,1.0,0.02741372195392746
23.0,16.0,2.0,-4.735214202583561e-05
23.0,16.0,3.0,-0.03552169950708503
23.0,16.0,4.0,-6.138879268624553e-05
23.0,16.0,5.0,-7.470725098756595e-05
23.0,16.0,6.0,-5.5597501022230094e-09
23.0,16.0,7.0,-0.014393838487650565
23.0,16.0,8.0,0.024721408729713984
23.0,16.0,9.0,-0.05145337065142119
23.0,16.0,10.0,0.004391441245872207
23.0,16.0,11.0,0.030095659025504373
23.0,16.0,12.0,-0.007801162367630954
23.0,16.0,13.0,-0.0025138300283677694
23.0,16.0,14.0,0.08841807384138387
23.0,16.0,15.0,-0.03338291274585697
23.0,16.0,16.0,0.23801909885952088
23.0,16.0,17.0,0.09518889109571502
23.0,16.0,18.0,-0.03767595839714851
23.0,16.0,19.0,-0.012374986601839888
23.0,16.0,20.0,-0.00042190478175203915
23.0,17.0,0.0,0.0023164572479901224
23.0,17.0,1.0,0.055996044816579736
23.0,17.0,2.0,-4.682027773130918e-05
23.0,17.0,3.0,-0.0014177361318931103
23.0,17.0,4.0,-0.06999337219336288
23.0,17.0,5.0,-7.449083855880764e-05
23.0,17.0,6.0,-5.559753765989993e-09
23.0,17.0,7.0,-0.0052837195856390295
23.0,17.0,8.0,0.006008360374489624
23.0,17.0,9.0,0.0006954307562150319
23.0,17.0,10.0,-0.0007547822199797105
23.0,17.0,11.0,-0.012649643542441968
23.0,17.0,12.0,-0.009036678032557866
23.0,17.0,13.0,-0.0005666767931165138
23.0,17.0,14.0,0.04155128612003531
23.0,17.0,15.0,0.020645845811165915
23.0,17.0,16.0,0.017155665621585103
23.0,17.0,17.0,0.22793018269425916
23.0,17.0,18.0,-0.035298160569125506
23.0,17.0,19.0,-0.020042547878657224
23.0,17.0,20.0,-0.00043735519938650064
23.0,18.0,0.0,-0.008212104434431988
23.0,18.0,1.0,-0.014753477712702717
23.0,18.0,2.0,-4.736958120260329e-05
23.0,18.0,3.0,0.020096080540072198
23.0,18.0,4.0,0.05007138843620518
23.0,18.0,5.0,-2.1353636404734016e-05
23.0,18.0,6.0,-5.5594308114621e-09
23.0,18.0,7.0,0.018452629137102702
23.0,18.0,8.0,-0.011513738758143627
23.0,18.0,9.0,0.015512165358595065
23.0,18.0,10.0,-0.022059290553355204
23.0,18.0,11.0,-0.049015947900405865
23.0,18.0,12.0,0.02992076952610867
23.0,18.0,13.0,-0.0044865664901295324
23.0,18.0,14.0,-0.016794826438379637
23.0,18.0,15.0,0.019029717735040634
23.0,18.0,16.0,-0.08281215256647029
23.0,18.0,17.0,-0.07470540953803104
23.0,18.0,18.0,0.21150500884890872
23.0,18.0,19.0,-0.04203252925763368
23.0,18.0,20.0,0.027354994293581486
23.0,19.0,0.0,0.008385796331191353
23.0,19.0,1.0,-0.012884430538488097
23.0,19.0,2.0,-4.7375770194411936e-05
23.0,19.0,3.0,-0.05090075629737148
23.0,19.0,4.0,0.09626529233338244
23.0,19.0,5.0,-7.471160359965571e-05
23.0,19.0,6.0,-5.5597645944674886e-09
23.0,19.0,7.0,-0.012736219076639396
23.0,19.0,8.0,0.024259921632827947
23.0,19.0,9.0,0.019284702799028164
23.0,19.0,10.0,0.03041582122644415
23.0,19.0,11.0,0.1062659473602639
23.0,19.0,12.0,-0.0007037484933775651
23.0,19.0,13.0,-0.003872179884272914
23.0,19.0,14.0,-0.02052430534540857
23.0,19.0,15.0,-0.03447929462903319
23.0,19.0,16.0,-0.02356566667053389
23.0,19.0,17.0,-0.06379509896730362
23.0,19.0,18.0,0.027049582296073293
23.0,19.0,19.0,0.21623296792140279
23.0,19.0,20.0,-0.00043857235155856267
23.0,20.0,0.0,-0.0006264519346566022
23.0,20.0,1.0,9.141264497050661e-05
23.0,20.0,2.0,-4.734571011506867e-05
23.0,20.0,3.0,0.0006523140514875514
23.0,20.0,4.0,-0.001867053671549046
23.0,20.0,5.0,-7.30419479446621e-05
23.0,20.0,6.0,-5.559756480713759e-09
23.0,20.0,7.0,-0.0010930450435856637
23.0,20.0,8.0,0.0011483808732606349
23.0,20.0,9.0,0.0005788501703036797
23.0,20.0,10.0,-0.00028069145006404117
23.0,20.0,11.0,-0.0003689624084396437
23.0,20.0,12.0,-6.051106472559908e-06
23.0,20.0,13.0,-0.0038982147198877246
23.0,20.0,14.0,-0.0020405473920507566
23.0,20.0,15.0,0.002182738487864176
23.0,20.0,16.0,-0.001135191018307058
23.0,20.0,17.0,0.000858788690756479
23.0,20.0,18.0,0.00024510414502215694
23.0,20.0,19.0,0.00017728898182844954
23.0,20.0,20.0,-0.00043859486731147605
24.0,1.0,0.0,0.03368118675427956
24.0,1.0,1.0,0.19227045077617805
24.0,1.0,2.0,-3.745550900909484e-05
24.0,1.0,3.0,-0.006266175586907265
24.0,1.0,4.0,0.00959080848392424
24.0,1.0,5.0,-3.510522113050926e-05
24.0,1.0,6.0,-1.4188503068147716e-07
24.0,1.0,7.0,-0.05957736703910392
24.0,1.0,8.0,-0.0010882144021578943
24.0,1.0,9.0,0.017200939899143675
24.0,1.0,10.0,0.010884269111412381
24.0,1.0,11.0,-0.014481432337689781
24.0,1.0,12.0,0.0534675898481545
24.0,1.0,13.0,-1.5483056472953594e-06
24.0,1.0,14.0,-0.004345111059224246
24.0,1.0,15.0,0.01361851496110808
24.0,1.0,16.0,-0.021705025198340555
24.0,1.0,17.0,0.004975515006106469
24.0,1.0,18.0,0.039956450221147105
24.0,1.0,19.0,0.001840930465754842
24.0,1.0,20.0,-5.8008238437519485e-08
24.0,2.0,0.0,0.0008608562220330795
24.0,2.0,1.0,-0.0030561090371376207
24.0,2.0,2.0,-3.651558937301786e-05
24.0,2.0,3.0,-0.0016204324314778723
24.0,2.0,4.0,0.008894879447993498
24.0,2.0,5.0,-3.532519171375945e-05
24.0,2.0,6.0,-1.4181188653134036e-07
24.0,2.0,7.0,0.0007063041962601657
24.0,2.0,8.0,0.0002638140038399295
24.0,2.0,9.0,-0.0008097392480164722
24.0,2.0,10.0,0.0005698061981936897
24.0,2.0,11.0,0.0038673589252988805
24.0,2.0,12.0,-0.0030770560948664705
24.0,2.0,13.0,-1.5483456484619066e-06
24.0,2.0,14.0,-0.0023825625818744423
24.0,2.0,15.0,-0.0029472619446782172
24.0,2.0,16.0,0.0005098106525157076
24.0,2.0,17.0,-0.0032660434991251125
24.0,2.0,18.0,0.0009973658835830679
24.0,2.0,19.0,0.007074667026493953
24.0,2.0,20.0,-5.800825385146893e-08
24.0,3.0,0.0,0.031483072420970926
24.0,3.0,1.0,-0.03870850269892657
24.0,3.0,2.0,-3.7464998333159975e-05
24.0,3.0,3.0,0.22431060759012197
24.0,3.0,4.0,0.01461855679158619
24.0,3.0,5.0,-3.397908010852492e-05
24.0,3.0,6.0,-1.4189358133681694e-07
24.0,3.0,7.0,0.06900615244849836
24.0,3.0,8.0,0.006289183817681537
24.0,3.0,9.0,-0.01806143765523288
24.0,3.0,10.0,-0.0073989845056043335
24.0,3.0,11.0,-0.08391523634361328
24.0,3.0,12.0,0.01682021971001421
24.0,3.0,13.0,-1.5483348033601302e-06
24.0,3.0,14.0,-0.02733621121368912
24.0,3.0,15.0,-0.014411521129569338
24.0,3.0,16.0,-0.007920757958737978
24.0,3.0,17.0,-0.048173709971317695
24.0,3.0,18.0,0.0020321601324754246
24.0,3.0,19.0,0.017205614162178473
24.0,3.0,20.0,-5.800814638104837e-08
24.0,4.0,0.0,0.0008178403824752323
24.0,4.0,1.0,-0.0022076881736868698
24.0,4.0,2.0,-3.746388179358973e-05
24.0,4.0,3.0,-0.0030906936665946808
24.0,4.0,4.0,0.01464468883102188
24.0,4.0,5.0,-3.534741195353562e-05
24.0,4.0,6.0,-1.3806081551795556e-07
24.0,4.0,7.0,0.00035847733952551475
24.0,4.0,8.0,9.928779674478472e-05
24.0,4.0,9.0,-0.0005020798349847366
24.0,4.0,10.0,0.0006244799515211508
24.0,4.0,11.0,0.006124471430888456
24.0,4.0,12.0,-0.0037488367552826474
24.0,4.0,13.0,-1.547796632193234e-06
24.0,4.0,14.0,-0.002003859861024724
24.0,4.0,15.0,-0.0037162881391233776
24.0,4.0,16.0,0.0011829303142011915
24.0,4.0,17.0,-0.0019217134653124537
24.0,4.0,18.0,0.0012926118394661623
24.0,4.0,19.0,0.009760769171168526
24.0,4.0,20.0,-5.8007977624413275e-08
24.0,5.0,0.0,0.03600339378967943
24.0,5.0,1.0,0.00503738363658307
24.0,5.0,2.0,-3.746289000577423e-05
24.0,5.0,3.0,-0.006918515921420697
24.0,5.0,4.0,0.014003544787931754
24.0,5.0,5.0,0.1505993670538281
24.0,5.0,6.0,-1.4109181827211045e-07
24.0,5.0,7.0,-0.00966510108293095
24.0,5.0,8.0,-0.04869876710842733
24.0,5.0,9.0,0.018270613614739917
24.0,5.0,10.0,0.005993696153129613
24.0,5.0,11.0,-0.011707887305382914
24.0,5.0,12.0,-0.02734101773096452
24.0,5.0,13.0,-1.5470701957746558e-06
24.0,5.0,14.0,0.001432537745321677
24.0,5.0,15.0,-0.030154407182604842
24.0,5.0,16.0,0.00320694343466682
24.0,5.0,17.0,0.02731847587200384
24.0,5.0,18.0,0.029283247549670183
24.0,5.0,19.0,0.015269726093024238
24.0,5.0,20.0,-5.8005005090372493e-08
24.0,6.0,0.0,0.0008592079809084385
24.0,6.0,1.0,-0.003055739223759353
24.0,6.0,2.0,-3.7463280291943434e-05
24.0,6.0,3.0,-0.0016205260443717673
24.0,6.0,4.0,0.008894621010224424
24.0,6.0,5.0,-3.5325218336291366e-05
24.0,6.0,6.0,2.121248008633029e-06
24.0,6.0,7.0,0.0007054954733780039
24.0,6.0,8.0,0.0002635296627973016
24.0,6.0,9.0,-0.0008090672746500771
24.0,6.0,10.0,0.0005699747315667247
24.0,6.0,11.0,0.003866320584872407
24.0,6.0,12.0,-0.003076710503925384
24.0,6.0,13.0,-1.548368099405396e-06
24.0,6.0,14.0,-0.002382198430395041
24.0,6.0,15.0,-0.0029471697247587525
24.0,6.0,16.0,0.0005098253994149649
24.0,6.0,17.0,-0.003265703985187461
24.0,6.0,18.0,0.0009972567813297806
24.0,6.0,19.0,0.007074495075463205
24.0,6.0,20.0,-5.8008279406526666e-08
24.0,7.0,0.0,0.03253426273182386
24.0,7.0,1.0,0.006787600145477836
24.0,7.0,2.0,-3.74650822321169e-05
24.0,7.0,3.0,0.0532025395597942
24.0,7.0,4.0,0.010365031164624505
24.0,7.0,5.0,-3.504197247304989e-05
24.0,7.0,6.0,-1.4154770188901488e-07
24.0,7.0,7.0,0.19527501059505173
24.0,7.0,8.0,-0.026782941801664517
24.0,7.0,9.0,-0.032280042688819344
24.0,7.0,10.0,-0.03524025211007287
24.0,7.0,11.0,-0.02497027074889696
24.0,7.0,12.0,-0.005776306268114567
24.0,7.0,13.0,-1.5483554641863052e-06
24.0,7.0,14.0,-0.004419343519565421
24.0,7.0,15.0,-0.06308264700022792
24.0,7.0,16.0,0.007363554431173147
24.0,7.0,17.0,-0.045106477404613696
24.0,7.0,18.0,0.0018759806711910465
24.0,7.0,19.0,-0.01886565764474546
24.0,7.0,20.0,-5.800797859627664e-08
24.0,8.0,0.0,-0.003913132196223523
24.0,8.0,1.0,-0.03866806905110984
24.0,8.0,2.0,-3.746550242501659e-05
24.0,8.0,3.0,0.004356429381337172
24.0,8.0,4.0,-0.027283724382567986
24.0,8.0,5.0,-3.530614960216616e-05
24.0,8.0,6.0,-1.4185239710685535e-07
24.0,8.0,7.0,0.015737503333877273
24.0,8.0,8.0,0.2161214089470743
24.0,8.0,9.0,0.012662252938613505
24.0,8.0,10.0,-0.0018545909430532914
24.0,8.0,11.0,-0.013528326459679552
24.0,8.0,12.0,0.04117886987595473
24.0,8.0,13.0,-1.5476639621971579e-06
24.0,8.0,14.0,-0.009572970264749996
24.0,8.0,15.0,0.011949897728135761
24.0,8.0,16.0,-0.038961757997045765
24.0,8.0,17.0,0.015288724099386447
24.0,8.0,18.0,-0.00716346708766713
24.0,8.0,19.0,-0.002879999313501358
24.0,8.0,20.0,-5.800827790571675e-08
24.0,9.0,0.0,0.00037029974539865007
24.0,9.0,1.0,-0.012020392084211944
24.0,9.0,2.0,-3.746548865753922e-05
24.0,9.0,3.0,0.008284500769758098
24.0,9.0,4.0,0.014644474834017207
24.0,9.0,5.0,-1.553135571254617e-05
24.0,9.0,6.0,-1.4107773531147986e-07
24.0,9.0,7.0,0.011154176082265627
24.0,9.0,8.0,0.008206694500628275
24.0,9.0,9.0,0.21503685197070543
24.0,9.0,10.0,0.013106779162197824
24.0,9.0,11.0,-0.0028688520247053817
24.0,9.0,12.0,0.010290996057293667
24.0,9.0,13.0,-1.5483678905423265e-06
24.0,9.0,14.0,-0.01365464871814025
24.0,9.0,15.0,0.026923464294079574
24.0,9.0,16.0,-0.04479637163153899
24.0,9.0,17.0,-0.028774368860531793
24.0,9.0,18.0,0.02233863173109965
24.0,9.0,19.0,0.01917331163923197
24.0,9.0,20.0,-5.800827807844595e-08
24.0,10.0,0.0,0.015534011970289974
24.0,10.0,1.0,-0.007739130140077391
24.0,10.0,2.0,-3.7174450007969704e-05
24.0,10.0,3.0,0.011481629466110373
24.0,10.0,4.0,0.014482702751929422
24.0,10.0,5.0,-3.465832859248908e-05
24.0,10.0,6.0,-2.3704235854787816e-08
24.0,10.0,7.0,0.04139444553104238
24.0,10.0,8.0,-0.00022084058596782974
24.0,10.0,9.0,0.04586575635107348
24.0,10.0,10.0,0.19965731561615818
24.0,10.0,11.0,-0.0013767672430652356
24.0,10.0,12.0,-0.003492364234494366
24.0,10.0,13.0,-1.5483635370147367e-06
24.0,10.0,14.0,-0.029560771411892405
24.0,10.0,15.0,-0.013128526661941503
24.0,10.0,16.0,-0.015640862382398313
24.0,10.0,17.0,-0.0384442232349079
24.0,10.0,18.0,0.013950874533130236
24.0,10.0,19.0,0.02809316499669723
24.0,10.0,20.0,-5.798135062389044e-08
24.0,11.0,0.0,0.05043486488136295
24.0,11.0,1.0,-0.025586385995157272
24.0,11.0,2.0,-3.745490552095588e-05
24.0,11.0,3.0,0.039421873989579824
24.0,11.0,4.0,-0.037788517217355766
24.0,11.0,5.0,5.75301947877883e-06
24.0,11.0,6.0,-1.4189359406105376e-07
24.0,11.0,7.0,-0.0017748808824497864
24.0,11.0,8.0,0.029628770671690008
24.0,11.0,9.0,-0.015180165463914375
24.0,11.0,10.0,0.0018140809928576807
24.0,11.0,11.0,-0.25026338779299817
24.0,11.0,12.0,0.09171491784440813
24.0,11.0,13.0,-1.5480736490174924e-06
24.0,11.0,14.0,-0.011234628103809763
24.0,11.0,15.0,0.04549667629429599
24.0,11.0,16.0,-0.014816538052474404
24.0,11.0,17.0,-0.015989277614179287
24.0,11.0,18.0,-0.009030452969297553
24.0,11.0,19.0,-0.04930794223190704
24.0,11.0,20.0,-5.800819322029537e-08
24.0,12.0,0.0,0.0018375427475386674
24.0,12.0,1.0,-0.02922276688086896
24.0,12.0,2.0,-3.7465474072102424e-05
24.0,12.0,3.0,0.016487420504068685
24.0,12.0,4.0,0.011968031515425026
24.0,12.0,5.0,-3.476730240414826e-05
24.0,12.0,6.0,-1.4189125180251236e-07
24.0,12.0,7.0,0.029604650083640188
24.0,12.0,8.0,0.07895242645109507
24.0,12.0,9.0,0.05718228907225675
24.0,12.0,10.0,-0.00012169853866655922
24.0,12.0,11.0,-0.04167503735578143
24.0,12.0,12.0,0.2346168612786244
24.0,12.0,13.0,-1.5483521163102968e-06
24.0,12.0,14.0,-0.017522818719529095
24.0,12.0,15.0,0.031790990676992065
24.0,12.0,16.0,-0.06846580493831891
24.0,12.0,17.0,-0.026115279026042257
24.0,12.0,18.0,0.005620818848412673
24.0,12.0,19.0,0.012918002801086681
24.0,12.0,20.0,-5.800823426645968e-08
24.0,13.0,0.0,0.0008823132173966797
24.0,13.0,1.0,-0.0030560360112661528
24.0,13.0,2.0,-3.74632751253511e-05
24.0,13.0,3.0,-0.0016197625703983642
24.0,13.0,4.0,0.008896092450181303
24.0,13.0,5.0,-3.532503471675095e-05
24.0,13.0,6.0,-1.2323250299018448e-07
24.0,13.0,7.0,0.0006867402015702517
24.0,13.0,8.0,0.00025973468116638476
24.0,13.0,9.0,-0.0009005789969134814
24.0,13.0,10.0,0.0006405876591681903
24.0,13.0,11.0,0.0038890447122915672
24.0,13.0,12.0,-0.003070813954799856
24.0,13.0,13.0,-1.5377602088815565e-06
24.0,13.0,14.0,-0.002379239847629489
24.0,13.0,15.0,-0.002943069917077115
24.0,13.0,16.0,0.00047125012636284325
24.0,13.0,17.0,-0.003261979471537682
24.0,13.0,18.0,0.0010116376798609272
24.0,13.0,19.0,0.007072616549456678
24.0,13.0,20.0,-5.800628856014498e-08
24.0,14.0,0.0,0.01189627150806083
24.0,14.0,1.0,-0.007191259726957562
24.0,14.0,2.0,-3.746379898584679e-05
24.0,14.0,3.0,0.010164000266050945
24.0,14.0,4.0,0.010101418602301404
24.0,14.0,5.0,-3.4876856776915646e-05
24.0,14.0,6.0,-1.412628001194021e-07
24.0,14.0,7.0,0.002104664075789492
24.0,14.0,8.0,0.001346787866706639
24.0,14.0,9.0,-0.0024987605317844386
24.0,14.0,10.0,0.0012737567568173458
24.0,14.0,11.0,-0.0033415506199628853
24.0,14.0,12.0,-0.0030446945191870134
24.0,14.0,13.0,-1.5471474461564992e-06
24.0,14.0,14.0,-0.03211035641157392
24.0,14.0,15.0,-0.007033191619574969
24.0,14.0,16.0,-0.006743436149023785
24.0,14.0,17.0,-0.013535119558151745
24.0,14.0,18.0,0.005189797373493316
24.0,14.0,19.0,0.006350460260113766
24.0,14.0,20.0,-5.8000515083111434e-08
24.0,15.0,0.0,0.04377686531046299
24.0,15.0,1.0,0.004380818875731433
24.0,15.0,2.0,-3.7464141861734144e-05
24.0,15.0,3.0,-0.008811779626746487
24.0,15.0,4.0,-0.03622393279780278
24.0,15.0,5.0,-3.526935973135588e-05
24.0,15.0,6.0,-1.3727849564982064e-07
24.0,15.0,7.0,-0.023579551464754434
24.0,15.0,8.0,-0.01710057042382522
24.0,15.0,9.0,-0.04151587001985649
24.0,15.0,10.0,0.0024893123415472562
24.0,15.0,11.0,-0.012539205249315566
24.0,15.0,12.0,-0.04293676038484277
24.0,15.0,13.0,-1.548365661504481e-06
24.0,15.0,14.0,0.0014760290056117231
24.0,15.0,15.0,-0.11139427092222796
24.0,15.0,16.0,0.015075850752965525
24.0,15.0,17.0,0.008783439168568136
24.0,15.0,18.0,-0.010756965871915075
24.0,15.0,19.0,-0.059216534804133136
24.0,15.0,20.0,-5.800742844897141e-08
24.0,16.0,0.0,-0.004948632010763232
24.0,16.0,1.0,0.03394111613163603
24.0,16.0,2.0,-3.048068958014285e-05
24.0,16.0,3.0,-0.02746816936693481
24.0,16.0,4.0,-0.003192242290569025
24.0,16.0,5.0,-3.5425281100429175e-05
24.0,16.0,6.0,-1.4188409116613388e-07
24.0,16.0,7.0,-0.01721322911489387
24.0,16.0,8.0,-0.02144853434477452
24.0,16.0,9.0,-0.027357963521725426
24.0,16.0,10.0,0.0009463999194971318
24.0,16.0,11.0,0.025675747218232514
24.0,16.0,12.0,-0.01745383983261875
24.0,16.0,13.0,-1.5483460406514662e-06
24.0,16.0,14.0,0.05390181603623524
24.0,16.0,15.0,-0.032385441285005756
24.0,16.0,16.0,0.2246410496312946
24.0,16.0,17.0,0.09868689691594681
24.0,16.0,18.0,-0.014687233524019266
24.0,16.0,19.0,-0.010778128735144166
24.0,16.0,20.0,-5.800192638556216e-08
24.0,17.0,0.0,0.0051641232261070424
24.0,17.0,1.0,0.052862661915385634
24.0,17.0,2.0,-3.718951452613284e-05
24.0,17.0,3.0,0.007925198382345615
24.0,17.0,4.0,-0.061226270979077624
24.0,17.0,5.0,-3.542502187493152e-05
24.0,17.0,6.0,-1.418651634764022e-07
24.0,17.0,7.0,-0.013469109391313155
24.0,17.0,8.0,-0.014226943300870792
24.0,17.0,9.0,0.008985062705003655
24.0,17.0,10.0,0.002495013578023897
24.0,17.0,11.0,-0.020800701163551927
24.0,17.0,12.0,0.0200835129715414
24.0,17.0,13.0,-1.5483509738211235e-06
24.0,17.0,14.0,0.0071993022776922905
24.0,17.0,15.0,0.01778313740576984
24.0,17.0,16.0,-0.0018820425021786602
24.0,17.0,17.0,0.19615633567505245
24.0,17.0,18.0,-0.013853926096813851
24.0,17.0,19.0,-0.026488535720420647
24.0,17.0,20.0,-5.800786641429162e-08
24.0,18.0,0.0,0.018014923333826927
24.0,18.0,1.0,-0.014611936841099325
24.0,18.0,2.0,-3.7465359343747806e-05
24.0,18.0,3.0,0.00769129589487292
24.0,18.0,4.0,0.0018302320664167482
24.0,18.0,5.0,-3.4441079012674703e-05
24.0,18.0,6.0,-1.418929824369719e-07
24.0,18.0,7.0,-0.009139949406659548
24.0,18.0,8.0,-0.0035686527824442538
24.0,18.0,9.0,-0.027371231594487955
24.0,18.0,10.0,-0.032089840423146276
24.0,18.0,11.0,-0.03158486821461731
24.0,18.0,12.0,-0.013207239519857777
24.0,18.0,13.0,-1.5483002916090302e-06
24.0,18.0,14.0,0.012664179965106381
24.0,18.0,15.0,-0.04767462763355941
24.0,18.0,16.0,-0.02385784104872757
24.0,18.0,17.0,-0.03387867102597106
24.0,18.0,18.0,0.18804508410863516
24.0,18.0,19.0,-0.06936569922934943
24.0,18.0,20.0,-5.8008276828981253e-08
24.0,19.0,0.0,0.00037953253257688724
24.0,19.0,1.0,-0.0029684867369733983
24.0,19.0,2.0,-3.7463671882770235e-05
24.0,19.0,3.0,-0.010349423107159243
24.0,19.0,4.0,0.012396483468781083
24.0,19.0,5.0,-3.537965416843757e-05
24.0,19.0,6.0,-1.3940622164289177e-07
24.0,19.0,7.0,-0.001078293014746018
24.0,19.0,8.0,0.0017310415757027242
24.0,19.0,9.0,0.00011045969386352938
24.0,19.0,10.0,0.002908180526358939
24.0,19.0,11.0,0.011209542700140629
24.0,19.0,12.0,-0.005677278583107875
24.0,19.0,13.0,-1.5482501870242786e-06
24.0,19.0,14.0,-0.0017629711185417722
24.0,19.0,15.0,-0.004638503647069123
24.0,19.0,16.0,0.0003054999186203333
24.0,19.0,17.0,-0.008635375413420042
24.0,19.0,18.0,0.004283901232546378
24.0,19.0,19.0,0.028333565343095835
24.0,19.0,20.0,-5.8008082127885576e-08
24.0,20.0,0.0,0.000859255356547628
24.0,20.0,1.0,-0.003055730027590804
24.0,20.0,2.0,-3.746327976450609e-05
24.0,20.0,3.0,-0.0016205794689778188
24.0,20.0,4.0,0.008894625248952792
24.0,20.0,5.0,-3.5325217089281025e-05
24.0,20.0,6.0,-1.4189359715839996e-07
24.0,20.0,7.0,0.0007055122068395647
24.0,20.0,8.0,0.00026359705655989996
24.0,20.0,9.0,-0.0008098004366188238
24.0,20.0,10.0,0.0005708608438778628
24.0,20.0,11.0,0.0038663975902540892
24.0,20.0,12.0,-0.0030768184979179936
24.0,20.0,13.0,-1.548368099359228e-06
24.0,20.0,14.0,-0.002382187262771465
24.0,20.0,15.0,-0.002947351635380846
24.0,20.0,16.0,0.0005097257978355918
24.0,20.0,17.0,-0.0032656907646933103
24.0,20.0,18.0,0.0009972928491690514
24.0,20.0,19.0,0.0070744757784393375
24.0,20.0,20.0,7.527981709522318e-07
