Net_ID,Var,Factor,intervention_effect
0.0,1.0,0.0,0.03382740511968091
0.0,1.0,1.0,-0.0023535470649763968
0.0,1.0,2.0,0.0010719219356637166
0.0,1.0,3.0,0.005652499529205435
0.0,1.0,4.0,0.007336309416441478
0.0,1.0,5.0,-1.54089533052307e-10
0.0,1.0,6.0,-6.558907670688862e-08
0.0,1.0,7.0,-9.426692976494122e-05
0.0,1.0,8.0,-0.0011266528665810974
0.0,1.0,9.0,0.002439801175894596
0.0,1.0,10.0,0.00615296272237853
0.0,1.0,11.0,-0.008090195376977083
0.0,1.0,12.0,0.001306611195394769
0.0,1.0,13.0,-6.219123447353335e-11
0.0,1.0,14.0,0.00045054420915385807
0.0,1.0,15.0,-0.007595365732605287
0.0,1.0,16.0,0.0059362672800433725
0.0,1.0,17.0,-0.019370897424849265
0.0,1.0,18.0,0.004221598139312117
0.0,1.0,19.0,0.005184202797746562
0.0,1.0,20.0,-0.0014953763411268424
0.0,2.0,0.0,0.02839057578056664
0.0,2.0,1.0,-0.0019935447210060464
0.0,2.0,2.0,0.0007721522655231017
0.0,2.0,3.0,0.004714667140349155
0.0,2.0,4.0,0.006054881527352229
0.0,2.0,5.0,-1.5408953466553087e-10
0.0,2.0,6.0,9.331774159448682e-07
0.0,2.0,7.0,-0.00016571740224696763
0.0,2.0,8.0,-0.0008180408027039301
0.0,2.0,9.0,0.002000348145900499
0.0,2.0,10.0,0.005126787118862386
0.0,2.0,11.0,-0.006823080059085815
0.0,2.0,12.0,0.0010016686444453415
0.0,2.0,13.0,-6.219123447499266e-11
0.0,2.0,14.0,0.00036174739690725266
0.0,2.0,15.0,-0.006475158954909806
0.0,2.0,16.0,0.004927539966630201
0.0,2.0,17.0,-0.016203698771037056
0.0,2.0,18.0,0.003412797760363427
0.0,2.0,19.0,0.004259389450526729
0.0,2.0,20.0,-0.0014933436946450922
0.0,3.0,0.0,0.04086435875596872
0.0,3.0,1.0,-0.00281381267326547
0.0,3.0,2.0,0.0014828685974609679
0.0,3.0,3.0,0.006884138449921612
0.0,3.0,4.0,0.0089807814848476
0.0,3.0,5.0,-1.5408953015178442e-10
0.0,3.0,6.0,1.5740654126964538e-06
0.0,3.0,7.0,2.1704200803829288e-05
0.0,3.0,8.0,-0.0015254384270615776
0.0,3.0,9.0,0.0030381219883540145
0.0,3.0,10.0,0.007484247729442339
0.0,3.0,11.0,-0.009738580243899175
0.0,3.0,12.0,0.0017266008720326909
0.0,3.0,13.0,-6.219123446637041e-11
0.0,3.0,14.0,0.0005709613171985817
0.0,3.0,15.0,-0.008947677378601318
0.0,3.0,16.0,0.007241762656438722
0.0,3.0,17.0,-0.023460038058449484
0.0,3.0,18.0,0.0052612664689331776
0.0,3.0,19.0,0.006389380200846562
0.0,3.0,20.0,-0.001497746710531183
0.0,4.0,0.0,0.1551312004009187
0.0,4.0,1.0,-0.009744866870710717
0.0,4.0,2.0,0.010807205331710867
0.0,4.0,3.0,0.029040305372246222
0.0,4.0,4.0,0.034479675563561685
0.0,4.0,5.0,-1.5408819726117317e-10
0.0,4.0,6.0,-3.163299486651498e-07
0.0,4.0,7.0,0.00487235813964948
0.0,4.0,8.0,-0.008131529687558939
0.0,4.0,9.0,0.016230433864278
0.0,4.0,10.0,0.029671267637201626
0.0,4.0,11.0,-0.03747618275676533
0.0,4.0,12.0,0.01153074760242917
0.0,4.0,13.0,-6.219123447563627e-11
0.0,4.0,14.0,0.0029602093063078316
0.0,4.0,15.0,-0.019105575605104994
0.0,4.0,16.0,0.028207962012581467
0.0,4.0,17.0,-0.08907493332170291
0.0,4.0,18.0,0.021980289919197607
0.0,4.0,19.0,0.02713907045739994
0.0,4.0,20.0,-0.0015222085798673763
0.0,5.0,0.0,0.0007118196036642876
0.0,5.0,1.0,-0.0001265875679531958
0.0,5.0,2.0,-0.0005959489265266738
0.0,5.0,3.0,6.837974431075922e-05
0.0,5.0,4.0,-0.0005502534450564367
0.0,5.0,5.0,-1.5408953887096055e-10
0.0,5.0,6.0,9.298823116117618e-07
0.0,5.0,7.0,-0.0003528541637389804
0.0,5.0,8.0,0.0007489741507309966
0.0,5.0,9.0,-2.9886277197993527e-05
0.0,5.0,10.0,-6.877044521003128e-05
0.0,5.0,11.0,-0.0004249739811039849
0.0,5.0,12.0,-0.0003750947835460261
0.0,5.0,13.0,-6.219123447475779e-11
0.0,5.0,14.0,-6.940856467591017e-05
0.0,5.0,15.0,-6.37431817823407e-05
0.0,5.0,16.0,-0.00023407720199652982
0.0,5.0,17.0,-2.4486932538203554e-05
0.0,5.0,18.0,-0.0007034948712423272
0.0,5.0,19.0,-0.00038625074198206377
0.0,5.0,20.0,-0.0014814159489243885
0.0,6.0,0.0,0.0007113536028684475
0.0,6.0,1.0,-0.00012655401395403332
0.0,6.0,2.0,-0.0005959941747788189
0.0,6.0,3.0,6.843405468487385e-05
0.0,6.0,4.0,-0.0005503294133202274
0.0,6.0,5.0,-1.54089538870954e-10
0.0,6.0,6.0,9.299588413542972e-07
0.0,6.0,7.0,-0.000352938159790428
0.0,6.0,8.0,0.0007489812947125279
0.0,6.0,9.0,-2.993901640391261e-05
0.0,6.0,10.0,-6.863147714641915e-05
0.0,6.0,11.0,-0.0004250004918349565
0.0,6.0,12.0,-0.00037502597767463675
0.0,6.0,13.0,-6.219123447475745e-11
0.0,6.0,14.0,-6.943063696537854e-05
0.0,6.0,15.0,-6.374499125260183e-05
0.0,6.0,16.0,-0.00023386120058499493
0.0,6.0,17.0,-2.4758743037534003e-05
0.0,6.0,18.0,-0.0007035022224374035
0.0,6.0,19.0,-0.00038636428275018453
0.0,6.0,20.0,-0.0014814159483498722
0.0,7.0,0.0,0.07283069987318691
0.0,7.0,1.0,-0.004859806266361039
0.0,7.0,2.0,0.0036000965506199356
0.0,7.0,3.0,0.012688592590180625
0.0,7.0,4.0,0.01636648386800843
0.0,7.0,5.0,-1.5408950200327033e-10
0.0,7.0,6.0,1.6006696396012495e-06
0.0,7.0,7.0,0.0008351762682036745
0.0,7.0,8.0,-0.0033677091502955087
0.0,7.0,9.0,0.006088791936493282
0.0,7.0,10.0,0.013592461644516107
0.0,7.0,11.0,-0.01732961524973578
0.0,7.0,12.0,0.003923100780361399
0.0,7.0,13.0,-6.219123447376013e-11
0.0,7.0,14.0,0.001148826440086459
0.0,7.0,15.0,-0.013986932842488316
0.0,7.0,16.0,0.013146249692423728
0.0,7.0,17.0,-0.0419993667074183
0.0,7.0,18.0,0.010018907344535678
0.0,7.0,19.0,0.011988608233082565
0.0,7.0,20.0,-0.0015072141745452047
0.0,8.0,0.0,0.009238933783607017
0.0,8.0,1.0,-0.0007064539032844708
0.0,8.0,2.0,-0.00019996909444539024
0.0,8.0,3.0,0.0014787647200394105
0.0,8.0,4.0,0.0014930011691737244
0.0,8.0,5.0,-1.5408953803076803e-10
0.0,8.0,6.0,1.1874848417797415e-06
0.0,8.0,7.0,-0.0003234343413623386
0.0,8.0,8.0,0.0002691559892875617
0.0,8.0,9.0,0.0005618230217403763
0.0,8.0,10.0,0.0015263355857174643
0.0,8.0,11.0,-0.00238500641277542
0.0,8.0,12.0,1.9890676006273367e-05
0.0,8.0,13.0,-6.219123447455473e-11
0.0,8.0,14.0,6.066486869171772e-05
0.0,8.0,15.0,-0.002145110651780236
0.0,8.0,16.0,0.0013593668003416548
0.0,8.0,17.0,-0.005011408412480267
0.0,8.0,18.0,0.0005583601857891488
0.0,8.0,19.0,0.0010331571282845564
0.0,8.0,20.0,-0.0014853948215062499
0.0,9.0,0.0,0.05063347797056583
0.0,9.0,1.0,-0.003449748403789421
0.0,9.0,2.0,0.0020817952727180677
0.0,9.0,3.0,0.008618816408737573
0.0,9.0,4.0,0.01126445749582683
0.0,9.0,5.0,-1.5408952521311004e-10
0.0,9.0,6.0,-5.057902725203944e-07
0.0,9.0,7.0,0.00021680972629212203
0.0,9.0,8.0,-0.002087640045460519
0.0,9.0,9.0,0.003906994403616637
0.0,9.0,10.0,0.009342700442327656
0.0,9.0,11.0,-0.01204272563544255
0.0,9.0,12.0,0.002343347412601726
0.0,9.0,13.0,-6.219123447069483e-11
0.0,9.0,14.0,0.0007393571221955275
0.0,9.0,15.0,-0.010707940289992444
0.0,9.0,16.0,0.009050701095895564
0.0,9.0,17.0,-0.029144966992650567
0.0,9.0,18.0,0.00672221521944813
0.0,9.0,19.0,0.008080413567446376
0.0,9.0,20.0,-0.0015009455846423736
0.0,10.0,0.0,0.142548541139717
0.0,10.0,1.0,-0.00902557407638016
0.0,10.0,2.0,0.009599682328863018
0.0,10.0,3.0,0.026459229085928015
0.0,10.0,4.0,0.03178661295893159
0.0,10.0,5.0,-1.5408875009972885e-10
0.0,10.0,6.0,-9.852765953117835e-07
0.0,10.0,7.0,0.0041392180186125005
0.0,10.0,8.0,-0.007421878202960558
0.0,10.0,9.0,0.014542440261366113
0.0,10.0,10.0,0.027195637987360022
0.0,10.0,11.0,-0.03437238734675134
0.0,10.0,12.0,0.01025356973786895
0.0,10.0,13.0,-6.219123447622088e-11
0.0,10.0,14.0,0.002659236048822816
0.0,10.0,15.0,-0.018813954421154275
0.0,10.0,16.0,0.02591709734181946
0.0,10.0,17.0,-0.08194796714527122
0.0,10.0,18.0,0.02019817487826333
0.0,10.0,19.0,0.02478595280276119
0.0,10.0,20.0,-0.0015205800112046406
0.0,11.0,0.0,0.0235358921218215
0.0,11.0,1.0,-0.0016706886827376755
0.0,11.0,2.0,0.0005103750681023922
0.0,11.0,3.0,0.0038824512493849384
0.0,11.0,4.0,0.00490551618818158
0.0,11.0,5.0,-1.5408953572853555e-10
0.0,11.0,6.0,-2.773645008473534e-07
0.0,11.0,7.0,-0.00022142774391148423
0.0,11.0,8.0,-0.0005417054997445131
0.0,11.0,9.0,0.0016159870954987887
0.0,11.0,10.0,0.004211421754213407
0.0,11.0,11.0,-0.005691411909967012
0.0,11.0,12.0,0.0007358176104069192
0.0,11.0,13.0,-6.219123447412066e-11
0.0,11.0,14.0,0.00028218423368264745
0.0,11.0,15.0,-0.005439011830264896
0.0,11.0,16.0,0.004023142729612683
0.0,11.0,17.0,-0.013370502076084256
0.0,11.0,18.0,0.0026908240447337806
0.0,11.0,19.0,0.0034355148213778275
0.0,11.0,20.0,-0.0014915246988661485
0.0,12.0,0.0,0.09192374125500596
0.0,12.0,1.0,-0.006035687488783303
0.0,12.0,2.0,0.005080055430592589
0.0,12.0,3.0,0.016329306518169162
0.0,12.0,4.0,0.020669750910278784
0.0,12.0,5.0,-1.5408945278963993e-10
0.0,12.0,6.0,-9.808481108771389e-08
0.0,12.0,7.0,0.0015603152316706614
0.0,12.0,8.0,-0.00447397782153329
0.0,12.0,9.0,0.008191488747810421
0.0,12.0,10.0,0.017284914993322742
0.0,12.0,11.0,-0.02193969836119236
0.0,12.0,12.0,0.00547486167812361
0.0,12.0,13.0,-6.219123446546471e-11
0.0,12.0,14.0,0.0015325912339441694
0.0,12.0,15.0,-0.016029380075706843
0.0,12.0,16.0,0.01665543323340879
0.0,12.0,17.0,-0.05299671511975301
0.0,12.0,18.0,0.012831502321748137
0.0,12.0,19.0,0.015423898625403942
0.0,12.0,20.0,-0.001511650972991264
0.0,13.0,0.0,0.0007118196036159374
0.0,13.0,1.0,-0.00012658756793754167
0.0,13.0,2.0,-0.0005959489264995843
0.0,13.0,3.0,6.837974431783689e-05
0.0,13.0,4.0,-0.0005502534451033991
0.0,13.0,5.0,-1.5408953887096055e-10
0.0,13.0,6.0,9.298823114424573e-07
0.0,13.0,7.0,-0.00035285416371882983
0.0,13.0,8.0,0.0007489741507436948
0.0,13.0,9.0,-2.9886277173485354e-05
0.0,13.0,10.0,-6.877044521835796e-05
0.0,13.0,11.0,-0.00042497398109926643
0.0,13.0,12.0,-0.00037509478352776293
0.0,13.0,13.0,-6.219123447475779e-11
0.0,13.0,14.0,-6.940856465861844e-05
0.0,13.0,15.0,-6.374318166519136e-05
0.0,13.0,16.0,-0.00023407720199952742
0.0,13.0,17.0,-2.4486932471812217e-05
0.0,13.0,18.0,-0.0007034948712980396
0.0,13.0,19.0,-0.0003862507419952754
0.0,13.0,20.0,-0.0014814159489235517
0.0,14.0,0.0,0.040108424190766045
0.0,14.0,1.0,-0.002765943563613371
0.0,14.0,2.0,0.0014353051932315397
0.0,14.0,3.0,0.006749795892581928
0.0,14.0,4.0,0.008809811352784913
0.0,14.0,5.0,-1.540895304101949e-10
0.0,14.0,6.0,1.4912523091871252e-06
0.0,14.0,7.0,6.205281270432739e-06
0.0,14.0,8.0,-0.0014847938791725523
0.0,14.0,9.0,0.002970126300109649
0.0,14.0,10.0,0.007341397434554864
0.0,14.0,11.0,-0.009561742552391589
0.0,14.0,12.0,0.001678849850482833
0.0,14.0,13.0,-6.219123446601137e-11
0.0,14.0,14.0,0.0005562944030058081
0.0,14.0,15.0,-0.008819657975457392
0.0,14.0,16.0,0.00710183080182758
0.0,14.0,17.0,-0.023026933774613345
0.0,14.0,18.0,0.005155812062739809
0.0,14.0,19.0,0.006260545245352134
0.0,14.0,20.0,-0.0014975525329142775
0.0,15.0,0.0,0.004693824276298608
0.0,15.0,1.0,-0.0003992708624958874
0.0,15.0,2.0,-0.00041567934259181816
0.0,15.0,3.0,0.0007239568175711752
0.0,15.0,4.0,0.0004105078695789688
0.0,15.0,5.0,-1.5408953848246045e-10
0.0,15.0,6.0,7.89982717133548e-07
0.0,15.0,7.0,-0.0003435195517511036
0.0,15.0,8.0,0.0005228816792007679
0.0,15.0,9.0,0.00024095843071109124
0.0,15.0,10.0,0.0006764611739715765
0.0,15.0,11.0,-0.0013402881102824032
0.0,15.0,12.0,-0.00019482166946344082
0.0,15.0,13.0,-6.219123447367118e-11
0.0,15.0,14.0,-1.0318858736702019e-05
0.0,15.0,15.0,-0.0010586847785713678
0.0,15.0,16.0,0.0005108702713755298
0.0,15.0,17.0,-0.0023601129344633653
0.0,15.0,18.0,-0.00010837227518303155
0.0,15.0,19.0,0.0002768071719299048
0.0,15.0,20.0,-0.001483360124275507
0.0,16.0,0.0,0.1418666009088989
0.0,16.0,1.0,-0.008986796337975556
0.0,16.0,2.0,0.009534988588185717
0.0,16.0,3.0,0.02632023731191563
0.0,16.0,4.0,0.03164243455478433
0.0,16.0,5.0,-1.5408876949503595e-10
0.0,16.0,6.0,-6.714043515939798e-07
0.0,16.0,7.0,0.004100258482256647
0.0,16.0,8.0,-0.00738534057074227
0.0,16.0,9.0,0.014452025091528625
0.0,16.0,10.0,0.027061816514603376
0.0,16.0,11.0,-0.03420531621935188
0.0,16.0,12.0,0.010185716451652338
0.0,16.0,13.0,-6.219123447684894e-11
0.0,16.0,14.0,0.0026425594673100683
0.0,16.0,15.0,-0.018797461619418247
0.0,16.0,16.0,0.025793248581637673
0.0,16.0,17.0,-0.08156423071184993
0.0,16.0,18.0,0.020104284604585278
0.0,16.0,19.0,0.024659485822007388
0.0,16.0,20.0,-0.0015205067643768327
0.0,17.0,0.0,0.05485509585459142
0.0,17.0,1.0,-0.0037301097871415556
0.0,17.0,2.0,0.0023371293918033054
0.0,17.0,3.0,0.009370713108468404
0.0,17.0,4.0,0.01227394886539801
0.0,17.0,5.0,-1.5408952179088849e-10
0.0,17.0,6.0,4.1544603914339835e-07
0.0,17.0,7.0,0.00030235402244438436
0.0,17.0,8.0,-0.0023438274159548397
0.0,17.0,9.0,0.004282869682724788
0.0,17.0,10.0,0.010149049366585006
0.0,17.0,11.0,-0.013043540591605285
0.0,17.0,12.0,0.002613787810991308
0.0,17.0,13.0,-6.219123447272805e-11
0.0,17.0,14.0,0.0008039636526949723
0.0,17.0,15.0,-0.011488581761576027
0.0,17.0,16.0,0.00983177864197593
0.0,17.0,17.0,-0.03162998681905205
0.0,17.0,18.0,0.007387614037752989
0.0,17.0,19.0,0.008821912633274698
0.0,17.0,20.0,-0.0015025922319487793
0.0,18.0,0.0,0.008762520286889008
0.0,18.0,1.0,-0.0006735270043060071
0.0,18.0,2.0,-0.00022171219065933445
0.0,18.0,3.0,0.0013999134089494047
0.0,18.0,4.0,0.0013764973039271933
0.0,18.0,5.0,-1.5408953808830687e-10
0.0,18.0,6.0,1.1527190944303163e-06
0.0,18.0,7.0,-0.0003249588064198061
0.0,18.0,8.0,0.0002970468828280004
0.0,18.0,9.0,0.0005289259329025742
0.0,18.0,10.0,0.0014367557137913156
0.0,18.0,11.0,-0.002274749977502738
0.0,18.0,12.0,-2.3022836200814467e-06
0.0,18.0,13.0,-6.21912344745026e-11
0.0,18.0,14.0,5.39653323742284e-05
0.0,18.0,15.0,-0.0020255232746645285
0.0,18.0,16.0,0.0012701563231747315
0.0,18.0,17.0,-0.004729873714495403
0.0,18.0,18.0,0.0004848008766006606
0.0,18.0,19.0,0.0009529571367874468
0.0,18.0,20.0,-0.0014851590811808054
0.0,19.0,0.0,0.1517155944952947
0.0,19.0,1.0,-0.009552031936609223
0.0,19.0,2.0,0.01048008444995302
0.0,19.0,3.0,0.028341589808209416
0.0,19.0,4.0,0.03376223224167918
0.0,19.0,5.0,-1.5408835708284254e-10
0.0,19.0,6.0,-3.0451494211633934e-07
0.0,19.0,7.0,0.0046734462754046135
0.0,19.0,8.0,-0.007950495781539745
0.0,19.0,9.0,0.01577288734593582
0.0,19.0,10.0,0.029001515292058078
0.0,19.0,11.0,-0.0366416386020772
0.0,19.0,12.0,0.011186640088287347
0.0,19.0,13.0,-6.219123447522041e-11
0.0,19.0,14.0,0.0028762449194514594
0.0,19.0,15.0,-0.01904321365078106
0.0,19.0,16.0,0.027588803959166852
0.0,19.0,17.0,-0.08715914976527445
0.0,19.0,18.0,0.021512739103757283
0.0,19.0,19.0,0.026504751304076146
0.0,19.0,20.0,-0.001521852131087116
0.0,20.0,0.0,0.0007350220675061969
0.0,20.0,1.0,-0.00012946112534403809
0.0,20.0,2.0,-0.0005971433079716426
0.0,20.0,3.0,7.113912720427273e-05
0.0,20.0,4.0,-0.0005398348798393293
0.0,20.0,5.0,-1.5408953886236416e-10
0.0,20.0,6.0,9.386063600597122e-07
0.0,20.0,7.0,-0.0003545043319024277
0.0,20.0,8.0,0.0007457538892902058
0.0,20.0,9.0,-3.0501088185141967e-05
0.0,20.0,10.0,-6.397830916382574e-05
0.0,20.0,11.0,-0.0004308423194611666
0.0,20.0,12.0,-0.00037541513371125435
0.0,20.0,13.0,-6.219123447476724e-11
0.0,20.0,14.0,-7.051781854508499e-05
0.0,20.0,15.0,-8.092810263631706e-05
0.0,20.0,16.0,-0.00022953673874159808
0.0,20.0,17.0,-4.357291823969822e-05
0.0,20.0,18.0,-0.0006941689591597258
0.0,20.0,19.0,-0.0003813473629517006
0.0,20.0,20.0,-0.0014814790561817285
1.0,1.0,0.0,-0.0002737173809709281
1.0,1.0,1.0,-0.0008448459223730874
1.0,1.0,2.0,0.0001453727277198058
1.0,1.0,3.0,-5.814449810534472e-05
1.0,1.0,4.0,-0.0002586865361144941
1.0,1.0,5.0,-0.00010215357966014693
1.0,1.0,6.0,-1.603985629815821e-07
1.0,1.0,7.0,0.00012908411064371794
1.0,1.0,8.0,0.000380755281539899
1.0,1.0,9.0,-1.160755039877892e-05
1.0,1.0,10.0,-0.00019540452572863742
1.0,1.0,11.0,3.661835188883966e-05
1.0,1.0,12.0,-0.00023160192982679684
1.0,1.0,13.0,-9.623096800368804e-09
1.0,1.0,14.0,7.879841725305647e-05
1.0,1.0,15.0,-7.441267730708627e-07
1.0,1.0,16.0,-0.00016814542429949286
1.0,1.0,17.0,4.2135391810416145e-05
1.0,1.0,18.0,-0.000258245618371844
1.0,1.0,19.0,0.0001084609169752504
1.0,1.0,20.0,-7.816525221566699e-07
1.0,2.0,0.0,0.07131779045737818
1.0,2.0,1.0,-0.0008666083818021437
1.0,2.0,2.0,-0.009030243297097729
1.0,2.0,3.0,0.017760419643799444
1.0,2.0,4.0,-0.007885614836005472
1.0,2.0,5.0,0.027963295229312013
1.0,2.0,6.0,-1.60388235375949e-07
1.0,2.0,7.0,-0.007494978510435291
1.0,2.0,8.0,0.0011162836994574737
1.0,2.0,9.0,0.009836976283881416
1.0,2.0,10.0,0.017665697811572567
1.0,2.0,11.0,-0.037863349360234694
1.0,2.0,12.0,-0.0024224939895334807
1.0,2.0,13.0,-9.623096606415562e-09
1.0,2.0,14.0,-0.013550375012499963
1.0,2.0,15.0,-7.441711568030333e-07
1.0,2.0,16.0,-0.03264877497765112
1.0,2.0,17.0,-0.019357685425919785
1.0,2.0,18.0,0.00963288635411269
1.0,2.0,19.0,0.0013120271515151272
1.0,2.0,20.0,-8.061620024609068e-07
1.0,3.0,0.0,0.027473751657955015
1.0,3.0,1.0,-0.000856014499079792
1.0,3.0,2.0,-0.003579751807357201
1.0,3.0,3.0,0.006829764179518194
1.0,3.0,4.0,-0.003236792282742318
1.0,3.0,5.0,0.01079549480644404
1.0,3.0,6.0,-1.603969065851432e-07
1.0,3.0,7.0,-0.002922059828553203
1.0,3.0,8.0,0.000638135703085907
1.0,3.0,9.0,0.0037847874487466626
1.0,3.0,10.0,0.006882121842072597
1.0,3.0,11.0,-0.014599403695811114
1.0,3.0,12.0,-0.0009516435974364357
1.0,3.0,13.0,-9.623096727643176e-09
1.0,3.0,14.0,-0.005196026665685957
1.0,3.0,15.0,-7.441508440626437e-07
1.0,3.0,16.0,-0.01256369971459187
1.0,3.0,17.0,-0.007481081520377297
1.0,3.0,18.0,0.0036177654513170343
1.0,3.0,19.0,0.00045906362306735726
1.0,3.0,20.0,-8.075203752064216e-07
1.0,4.0,0.0,0.20263696396039305
1.0,4.0,1.0,-0.0008756763852940031
1.0,4.0,2.0,-0.025192184181724975
1.0,4.0,3.0,0.050323357449883935
1.0,4.0,4.0,-0.021598974888084266
1.0,4.0,5.0,0.07929688429931447
1.0,4.0,6.0,-1.5973241806516526e-07
1.0,4.0,7.0,-0.021559340025874785
1.0,4.0,8.0,0.00242166564192392
1.0,4.0,9.0,0.02780887163074075
1.0,4.0,10.0,0.0503030857364789
1.0,4.0,11.0,-0.10705340708360603
1.0,4.0,12.0,-0.006752616487722352
1.0,4.0,13.0,-9.623096044105631e-09
1.0,4.0,14.0,-0.038011528727975724
1.0,4.0,15.0,-7.441850030202255e-07
1.0,4.0,16.0,-0.09240122648052868
1.0,4.0,17.0,-0.05462672727069011
1.0,4.0,18.0,0.027578155197146015
1.0,4.0,19.0,0.003855575041841419
1.0,4.0,20.0,-7.349419442142327e-07
1.0,5.0,0.0,0.07238054369879848
1.0,5.0,1.0,-0.0008664374040127351
1.0,5.0,2.0,-0.009145166264775573
1.0,5.0,3.0,0.017976705768612086
1.0,5.0,4.0,-0.007941525900034385
1.0,5.0,5.0,0.028361374199327993
1.0,5.0,6.0,-1.6038859802282594e-07
1.0,5.0,7.0,-0.0077017464055437745
1.0,5.0,8.0,0.001095971088171513
1.0,5.0,9.0,0.00993827807301878
1.0,5.0,10.0,0.018031803182968376
1.0,5.0,11.0,-0.03831241939546015
1.0,5.0,12.0,-0.0024145529865498006
1.0,5.0,13.0,-9.623096625640386e-09
1.0,5.0,14.0,-0.01365980303977897
1.0,5.0,15.0,-7.441710898700115e-07
1.0,5.0,16.0,-0.03301006336557877
1.0,5.0,17.0,-0.01958558383661206
1.0,5.0,18.0,0.009765660928018616
1.0,5.0,19.0,0.001294122488440519
1.0,5.0,20.0,-8.064596577939563e-07
1.0,6.0,0.0,-0.00016024908629092005
1.0,6.0,1.0,-0.0008448109848985372
1.0,6.0,2.0,0.0005100763754444793
1.0,6.0,3.0,-3.0122002868129827e-05
1.0,6.0,4.0,-0.00017573132137438385
1.0,6.0,5.0,-0.00012316588381716675
1.0,6.0,6.0,-1.6039856514626683e-07
1.0,6.0,7.0,0.00027861427172759523
1.0,6.0,8.0,0.0004251778213831131
1.0,6.0,9.0,1.9987516557684604e-05
1.0,6.0,10.0,-0.0004581185962934109
1.0,6.0,11.0,-7.391849025134567e-05
1.0,6.0,12.0,-0.0005120549803985797
1.0,6.0,13.0,-9.623096798863603e-09
1.0,6.0,14.0,8.991108533802639e-05
1.0,6.0,15.0,-7.441267350181622e-07
1.0,6.0,16.0,-0.0005689729690131484
1.0,6.0,17.0,6.205115253038462e-05
1.0,6.0,18.0,-0.00035697735921197404
1.0,6.0,19.0,0.0003528206483905949
1.0,6.0,20.0,-7.488351710411401e-07
1.0,7.0,0.0,0.058419571670654535
1.0,7.0,1.0,-0.0008641291067985577
1.0,7.0,2.0,-0.007407392360688325
1.0,7.0,3.0,0.01453159143992759
1.0,7.0,4.0,-0.006499120570178318
1.0,7.0,5.0,0.022904799319726554
1.0,7.0,6.0,-1.6039220754493577e-07
1.0,7.0,7.0,-0.006168585701892937
1.0,7.0,8.0,0.0009696872045005939
1.0,7.0,9.0,0.008044831347061798
1.0,7.0,10.0,0.014510021507395443
1.0,7.0,11.0,-0.03098988354773144
1.0,7.0,12.0,-0.001989575139911548
1.0,7.0,13.0,-9.623096652625332e-09
1.0,7.0,14.0,-0.011069045880637021
1.0,7.0,15.0,-7.441667394026388e-07
1.0,7.0,16.0,-0.026721077829081397
1.0,7.0,17.0,-0.015846132788362888
1.0,7.0,18.0,0.007854879187281338
1.0,7.0,19.0,0.001058701411634333
1.0,7.0,20.0,-8.066544143621563e-07
1.0,8.0,0.0,0.01586984807286529
1.0,8.0,1.0,-0.0008519865727702753
1.0,8.0,2.0,-0.002167757402553483
1.0,8.0,3.0,0.003952090598228444
1.0,8.0,4.0,-0.002027103302989386
1.0,8.0,5.0,0.006265887732846309
1.0,8.0,6.0,-1.603977576219683e-07
1.0,8.0,7.0,-0.0017026977704294732
1.0,8.0,8.0,0.0005156722018152954
1.0,8.0,9.0,0.002193267450147973
1.0,8.0,10.0,0.004028047992681638
1.0,8.0,11.0,-0.008469861378778726
1.0,8.0,12.0,-0.0005545916272251539
1.0,8.0,13.0,-9.623096753162098e-09
1.0,8.0,14.0,-0.003007577512951956
1.0,8.0,15.0,-7.441422512449957e-07
1.0,8.0,16.0,-0.007262583316155813
1.0,8.0,17.0,-0.004357006445612044
1.0,8.0,18.0,0.0020388827072471694
1.0,8.0,19.0,0.00022563848212087123
1.0,8.0,20.0,-8.0682739869068e-07
1.0,9.0,0.0,0.037733394698095335
1.0,9.0,1.0,-0.0008591401662655033
1.0,9.0,2.0,-0.004845775794831864
1.0,9.0,3.0,0.009385086418905605
1.0,9.0,4.0,-0.0043184357258897466
1.0,9.0,5.0,0.014812875699910633
1.0,9.0,6.0,-1.6039580618101199e-07
1.0,9.0,7.0,-0.003997157869458479
1.0,9.0,8.0,0.000749448873544542
1.0,9.0,9.0,0.005198315419436522
1.0,9.0,10.0,0.009410322775619262
1.0,9.0,11.0,-0.020037840379581395
1.0,9.0,12.0,-0.0012975427153604224
1.0,9.0,13.0,-9.623096640016127e-09
1.0,9.0,14.0,-0.007145659348075817
1.0,9.0,15.0,-7.441571627895613e-07
1.0,9.0,16.0,-0.01726590014564716
1.0,9.0,17.0,-0.010256282925906204
1.0,9.0,18.0,0.00502255030243004
1.0,9.0,19.0,0.0006579191455459155
1.0,9.0,20.0,-8.073631280240567e-07
1.0,10.0,0.0,0.1613582701384344
1.0,10.0,1.0,-0.0008743884261717845
1.0,10.0,2.0,-0.02002714156932539
1.0,10.0,3.0,0.04011673189803429
1.0,10.0,4.0,-0.017240342505150053
1.0,10.0,5.0,0.06322988683696329
1.0,10.0,6.0,-1.6022517410355996e-07
1.0,10.0,7.0,-0.017206055797524544
1.0,10.0,8.0,0.0020142517068855448
1.0,10.0,9.0,0.022144708504378663
1.0,10.0,10.0,0.040133171925956224
1.0,10.0,11.0,-0.08532029000581104
1.0,10.0,12.0,-0.005419046014482676
1.0,10.0,13.0,-9.623096321342451e-09
1.0,10.0,14.0,-0.030336191275060292
1.0,10.0,15.0,-7.441835275865763e-07
1.0,10.0,16.0,-0.07374759320253638
1.0,10.0,17.0,-0.04355231266732232
1.0,10.0,18.0,0.021930138166975033
1.0,10.0,19.0,0.0030287898171913463
1.0,10.0,20.0,-8.051447827499786e-07
1.0,11.0,0.0,0.05167973570983592
1.0,11.0,1.0,-0.0008630185855328029
1.0,11.0,2.0,-0.006652060650130576
1.0,11.0,3.0,0.012906946138489847
1.0,11.0,4.0,-0.005843028926472038
1.0,11.0,5.0,0.020340543540855738
1.0,11.0,6.0,-1.603933597712543e-07
1.0,11.0,7.0,-0.005467503687101749
1.0,11.0,8.0,0.0009128490639935399
1.0,11.0,9.0,0.007142732439963412
1.0,11.0,10.0,0.012899978762810793
1.0,11.0,11.0,-0.027512297137220226
1.0,11.0,12.0,-0.0017389678791256413
1.0,11.0,13.0,-9.623096674157317e-09
1.0,11.0,14.0,-0.009864648138656978
1.0,11.0,15.0,-7.441646162048619e-07
1.0,11.0,16.0,-0.023728232729611498
1.0,11.0,17.0,-0.014091948509717164
1.0,11.0,18.0,0.00697849661333827
1.0,11.0,19.0,0.0008786232457004273
1.0,11.0,20.0,-8.073785398500476e-07
1.0,12.0,0.0,0.06559066104272743
1.0,12.0,1.0,-0.0008655436307483651
1.0,12.0,2.0,-0.008365344267388997
1.0,12.0,3.0,0.016346125494000927
1.0,12.0,4.0,-0.007278063482344388
1.0,12.0,5.0,0.025784331605438027
1.0,12.0,6.0,-1.6039026198751205e-07
1.0,12.0,7.0,-0.006989316312704608
1.0,12.0,8.0,0.0010428832592573184
1.0,12.0,9.0,0.009032971732018669
1.0,12.0,10.0,0.016400736381846248
1.0,12.0,11.0,-0.034822668218387476
1.0,12.0,12.0,-0.002177863191721807
1.0,12.0,13.0,-9.623096640421655e-09
1.0,12.0,14.0,-0.012453140901211579
1.0,12.0,15.0,-7.441694204595155e-07
1.0,12.0,16.0,-0.030030816079575695
1.0,12.0,17.0,-0.01782367030287625
1.0,12.0,18.0,0.008880151072597486
1.0,12.0,19.0,0.001121724524228096
1.0,12.0,20.0,-8.068938173318563e-07
1.0,13.0,0.0,-0.00016025244749784395
1.0,13.0,1.0,-0.0008448109830294847
1.0,13.0,2.0,0.0005100667808138892
1.0,13.0,3.0,-3.012294159299156e-05
1.0,13.0,4.0,-0.00017573331936238112
1.0,13.0,5.0,-0.00012316558562286417
1.0,13.0,6.0,-1.6039856514642658e-07
1.0,13.0,7.0,0.00027861032203402303
1.0,13.0,8.0,0.00042517660774149535
1.0,13.0,9.0,1.9986596795806832e-05
1.0,13.0,10.0,-0.0004581117656775602
1.0,13.0,11.0,-7.391528216454946e-05
1.0,13.0,12.0,-0.0005120477441118987
1.0,13.0,13.0,-9.623096798863908e-09
1.0,13.0,14.0,8.991103414791868e-05
1.0,13.0,15.0,-7.441267350111963e-07
1.0,13.0,16.0,-0.0005689620801807571
1.0,13.0,17.0,6.205087701643963e-05
1.0,13.0,18.0,-0.0003569749332480998
1.0,13.0,19.0,0.0003528143363744629
1.0,13.0,20.0,-7.488370729740406e-07
1.0,14.0,0.0,0.02093405622345318
1.0,14.0,1.0,-0.0008540226159188336
1.0,14.0,2.0,-0.0028176389735559138
1.0,14.0,3.0,0.0052262678737488855
1.0,14.0,4.0,-0.0025764897416304944
1.0,14.0,5.0,0.008266090167442397
1.0,14.0,6.0,-1.6039738527534283e-07
1.0,14.0,7.0,-0.0022340638748887254
1.0,14.0,8.0,0.0005747565608390098
1.0,14.0,9.0,0.002898079624603256
1.0,14.0,10.0,0.005288284017853528
1.0,14.0,11.0,-0.011177826264868934
1.0,14.0,12.0,-0.0007180172159131915
1.0,14.0,13.0,-9.623096749649153e-09
1.0,14.0,14.0,-0.003989320413957859
1.0,14.0,15.0,-7.441465713864134e-07
1.0,14.0,16.0,-0.009602135551313007
1.0,14.0,17.0,-0.005743684050164871
1.0,14.0,18.0,0.002743952601391153
1.0,14.0,19.0,0.00031099328248518354
1.0,14.0,20.0,-8.071277179771813e-07
1.0,15.0,0.0,-0.00016023686125721248
1.0,15.0,1.0,-0.000844810994236914
1.0,15.0,2.0,0.0005101106466840477
1.0,15.0,3.0,-3.0118472305995514e-05
1.0,15.0,4.0,-0.00017572430977486064
1.0,15.0,5.0,-0.00012316677138374255
1.0,15.0,6.0,-1.6039856514550167e-07
1.0,15.0,7.0,0.0002786284905901826
1.0,15.0,8.0,0.0004251822355896828
1.0,15.0,9.0,1.9990909671974144e-05
1.0,15.0,10.0,-0.00045814306955793693
1.0,15.0,11.0,-7.393030504471154e-05
1.0,15.0,12.0,-0.0005120809498555534
1.0,15.0,13.0,-9.623096798862498e-09
1.0,15.0,14.0,8.991106138475646e-05
1.0,15.0,15.0,-7.441267350477083e-07
1.0,15.0,16.0,-0.000569012356643861
1.0,15.0,17.0,6.205196199152163e-05
1.0,15.0,18.0,-0.0003569859682974741
1.0,15.0,19.0,0.00035284325056306187
1.0,15.0,20.0,-7.488283567171928e-07
1.0,16.0,0.0,0.10054657161917163
1.0,16.0,1.0,-0.0008706244400856041
1.0,16.0,2.0,-0.0127225414640042
1.0,16.0,3.0,0.02510848261376729
1.0,16.0,4.0,-0.011015692613824624
1.0,16.0,5.0,0.03953718052449379
1.0,16.0,6.0,-1.6036960273451755e-07
1.0,16.0,7.0,-0.010639323031008896
1.0,16.0,8.0,0.0014396055307855093
1.0,16.0,9.0,0.013878999400273345
1.0,16.0,10.0,0.025027329096228956
1.0,16.0,11.0,-0.05344794204218778
1.0,16.0,12.0,-0.003364311505625217
1.0,16.0,13.0,-9.623096395992736e-09
1.0,16.0,14.0,-0.019157735054937786
1.0,16.0,15.0,-7.441778549249205e-07
1.0,16.0,16.0,-0.04617475751239375
1.0,16.0,17.0,-0.027341541536259853
1.0,16.0,18.0,0.013704903879923569
1.0,16.0,19.0,0.0017852766177944845
1.0,16.0,20.0,-8.04319218887856e-07
1.0,17.0,0.0,0.028737645862871197
1.0,17.0,1.0,-0.0008567155093267886
1.0,17.0,2.0,-0.003864691733063863
1.0,17.0,3.0,0.007171469579112244
1.0,17.0,4.0,-0.003416675565587335
1.0,17.0,5.0,0.011339777793287265
1.0,17.0,6.0,-1.6039670298953828e-07
1.0,17.0,7.0,-0.0030869589999529823
1.0,17.0,8.0,0.0006503159111736628
1.0,17.0,9.0,0.003970047087339668
1.0,17.0,10.0,0.0072751782829972855
1.0,17.0,11.0,-0.015313278389346707
1.0,17.0,12.0,-0.0009347246513619067
1.0,17.0,13.0,-9.623096702168319e-09
1.0,17.0,14.0,-0.005481604126677336
1.0,17.0,15.0,-7.441521558910404e-07
1.0,17.0,16.0,-0.013121916769770703
1.0,17.0,17.0,-0.007867077546639997
1.0,17.0,18.0,0.0038353546196088217
1.0,17.0,19.0,0.000416906480351531
1.0,17.0,20.0,-8.052591481774273e-07
1.0,18.0,0.0,0.06120399570350127
1.0,18.0,1.0,-0.0008645912279420192
1.0,18.0,2.0,-0.007768481288764895
1.0,18.0,3.0,0.015223186258027946
1.0,18.0,4.0,-0.006787659684639347
1.0,18.0,5.0,0.024010774996762074
1.0,18.0,6.0,-1.6039164502270417e-07
1.0,18.0,7.0,-0.006497895135595622
1.0,18.0,8.0,0.0009918055306030599
1.0,18.0,9.0,0.0084197823406576
1.0,18.0,10.0,0.01525067122143764
1.0,18.0,11.0,-0.03245163209486959
1.0,18.0,12.0,-0.002059130135086573
1.0,18.0,13.0,-9.623096654494884e-09
1.0,18.0,14.0,-0.01158600741911528
1.0,18.0,15.0,-7.441677130528017e-07
1.0,18.0,16.0,-0.02797638798505908
1.0,18.0,17.0,-0.016598590066938465
1.0,18.0,18.0,0.00824609458160952
1.0,18.0,19.0,0.0010841804842346425
1.0,18.0,20.0,-8.071146960180083e-07
1.0,19.0,0.0,0.14875580688290774
1.0,19.0,1.0,-0.0008738783057543308
1.0,19.0,2.0,-0.018497812902142863
1.0,19.0,3.0,0.036960418016020055
1.0,19.0,4.0,-0.015959861386138252
1.0,19.0,5.0,0.05818731898289198
1.0,19.0,6.0,-1.6027696156659534e-07
1.0,19.0,7.0,-0.01570385063503943
1.0,19.0,8.0,0.0019028008460991452
1.0,19.0,9.0,0.020446920420461007
1.0,19.0,10.0,0.036799265848259655
1.0,19.0,11.0,-0.078684962381605
1.0,19.0,12.0,-0.005031205107700443
1.0,19.0,13.0,-9.623096305744834e-09
1.0,19.0,14.0,-0.028032936731031355
1.0,19.0,15.0,-7.44182743831063e-07
1.0,19.0,16.0,-0.0679268081652199
1.0,19.0,17.0,-0.04016418968828897
1.0,19.0,18.0,0.020184902634278246
1.0,19.0,19.0,0.0028598785735832744
1.0,19.0,20.0,-7.891846907320383e-07
1.0,20.0,0.0,-0.0001600743894966672
1.0,20.0,1.0,-0.0008448109818312437
1.0,20.0,2.0,0.0005106412103930702
1.0,20.0,3.0,-3.00719429706664e-05
1.0,20.0,4.0,-0.00017560849473374773
1.0,20.0,5.0,-0.00012318089545043653
1.0,20.0,6.0,-1.6039856514658113e-07
1.0,20.0,7.0,0.00027883109928950045
1.0,20.0,8.0,0.0004252466877548988
1.0,20.0,9.0,2.0035625388298284e-05
1.0,20.0,10.0,-0.00045849087549532097
1.0,20.0,11.0,-7.408570791561653e-05
1.0,20.0,12.0,-0.0005124720675624417
1.0,20.0,13.0,-9.623096798848128e-09
1.0,20.0,14.0,8.992164006726977e-05
1.0,20.0,15.0,-7.441267353316024e-07
1.0,20.0,16.0,-0.0005696088030908153
1.0,20.0,17.0,6.207024380577852e-05
1.0,20.0,18.0,-0.00035711348971778634
1.0,20.0,19.0,0.00035316857140477165
1.0,20.0,20.0,-7.487263105817569e-07
2.0,1.0,0.0,-0.0027701104448256963
2.0,1.0,1.0,-0.002979236750632511
2.0,1.0,2.0,0.0019150805589290554
2.0,1.0,3.0,-0.003410941276662041
2.0,1.0,4.0,-0.0012692644825145205
2.0,1.0,5.0,-0.00280074664305785
2.0,1.0,6.0,0.005572807259913238
2.0,1.0,7.0,0.0032222191382166032
2.0,1.0,8.0,3.952984470867449e-05
2.0,1.0,9.0,-0.0027420943353965582
2.0,1.0,10.0,0.0008479163870981354
2.0,1.0,11.0,0.005291755227678149
2.0,1.0,12.0,-0.004315327848336603
2.0,1.0,13.0,-1.3191754847675623e-09
2.0,1.0,14.0,-0.0006425859901861425
2.0,1.0,15.0,-0.0016165018543833395
2.0,1.0,16.0,0.000598366320882282
2.0,1.0,17.0,0.0012921002048503771
2.0,1.0,18.0,-0.004653029370395861
2.0,1.0,19.0,0.001397175865469391
2.0,1.0,20.0,-2.6683608789646197e-06
2.0,2.0,0.0,0.03508765404280448
2.0,2.0,1.0,-0.003227498062805472
2.0,2.0,2.0,0.006158268761820684
2.0,2.0,3.0,0.000950570655766661
2.0,2.0,4.0,-0.0025282248126775597
2.0,2.0,5.0,0.004710758017666905
2.0,2.0,6.0,0.02079343372685509
2.0,2.0,7.0,-0.0021207672390073096
2.0,2.0,8.0,-0.0002195385701819902
2.0,2.0,9.0,-0.009282407656544145
2.0,2.0,10.0,0.005630863266254338
2.0,2.0,11.0,0.00025178691866319103
2.0,2.0,12.0,-0.009384446898599574
2.0,2.0,13.0,-1.3191754824399978e-09
2.0,2.0,14.0,-0.00034618105820904965
2.0,2.0,15.0,-0.006169576532026207
2.0,2.0,16.0,0.0029617068335717756
2.0,2.0,17.0,0.0049283546897550545
2.0,2.0,18.0,-0.005174150298279275
2.0,2.0,19.0,0.00020430552536254698
2.0,2.0,20.0,-2.6683522859829218e-06
2.0,3.0,0.0,0.011247459303775437
2.0,3.0,1.0,-0.0030874733027077914
2.0,3.0,2.0,0.0034127339149622182
2.0,3.0,3.0,-0.001720165325077086
2.0,3.0,4.0,-0.0017858839923248215
2.0,3.0,5.0,-4.291670566231032e-05
2.0,3.0,6.0,0.011091704761143741
2.0,3.0,7.0,0.0011712299752771604
2.0,3.0,8.0,-2.752531751573639e-05
2.0,3.0,9.0,-0.005139057587081594
2.0,3.0,10.0,0.0025723636838159147
2.0,3.0,11.0,0.003353733510656362
2.0,3.0,12.0,-0.006223338768989284
2.0,3.0,13.0,-1.3191754836954454e-09
2.0,3.0,14.0,-0.0005476978066231014
2.0,3.0,15.0,-0.0035917240879439344
2.0,3.0,16.0,0.001408347791745479
2.0,3.0,17.0,0.0026217525398232744
2.0,3.0,18.0,-0.004844405608524527
2.0,3.0,19.0,0.0009002867936288572
2.0,3.0,20.0,-2.6683581484973586e-06
2.0,4.0,0.0,0.12363288529731467
2.0,4.0,1.0,-0.0035133094387465877
2.0,4.0,2.0,0.01783440770369671
2.0,4.0,3.0,0.01036727324877025
2.0,4.0,4.0,-0.004573821394037836
2.0,4.0,5.0,0.023580239363153788
2.0,4.0,6.0,0.0576355538463467
2.0,4.0,7.0,-0.013423532449532316
2.0,4.0,8.0,-0.001200439337350978
2.0,4.0,9.0,-0.0245642115691945
2.0,4.0,10.0,0.017070292313880242
2.0,4.0,11.0,-0.010929484349153362
2.0,4.0,12.0,-0.019706075781484367
2.0,4.0,13.0,-1.3191754852329345e-09
2.0,4.0,14.0,0.0006125329349519065
2.0,4.0,15.0,-0.009988006231462196
2.0,4.0,16.0,0.008595218262417714
2.0,4.0,17.0,0.015065093886357073
2.0,4.0,18.0,-0.006497750684890608
2.0,4.0,19.0,-0.0007415397974954718
2.0,4.0,20.0,-2.6683029271203994e-06
2.0,5.0,0.0,0.06522313281963518
2.0,5.0,1.0,-0.0033619137539208734
2.0,5.0,2.0,0.010021955665884819
2.0,5.0,3.0,0.0041315440787559055
2.0,5.0,4.0,-0.0033826689407580046
2.0,5.0,5.0,0.010879396955820908
2.0,5.0,6.0,0.03334297262817658
2.0,5.0,7.0,-0.006025833430556293
2.0,5.0,8.0,-0.0005591946453668076
2.0,5.0,9.0,-0.01466776530703287
2.0,5.0,10.0,0.009543278209068862
2.0,5.0,11.0,-0.003428175694557667
2.0,5.0,12.0,-0.013245598238229073
2.0,5.0,13.0,-1.3191754845235922e-09
2.0,5.0,14.0,-4.522310302079724e-05
2.0,5.0,15.0,-0.00836372914309685
2.0,5.0,16.0,0.004906156591088728
2.0,5.0,17.0,0.008188150512614956
2.0,5.0,18.0,-0.005638982542849131
2.0,5.0,19.0,-0.0003516720339552526
2.0,5.0,20.0,-2.668340906005023e-06
2.0,6.0,0.0,0.0007701204844762777
2.0,6.0,1.0,-0.0030031111722059927
2.0,6.0,2.0,0.002240662346129102
2.0,6.0,3.0,-0.0029350904032969527
2.0,6.0,4.0,-0.001376769361477903
2.0,6.0,5.0,-0.0020569427972312315
2.0,6.0,6.0,0.006795250884090385
2.0,6.0,7.0,0.002662711908476917
2.0,6.0,8.0,4.133576874510575e-05
2.0,6.0,9.0,-0.0032562817222182294
2.0,6.0,10.0,0.0012511473108769988
2.0,6.0,11.0,0.004711292518305862
2.0,6.0,12.0,-0.0046918108888324705
2.0,6.0,13.0,-1.3191754845734972e-09
2.0,6.0,14.0,-0.0006220610831416534
2.0,6.0,15.0,-0.002058959633737714
2.0,6.0,16.0,0.0007637733677793301
2.0,6.0,17.0,0.0016229406820790215
2.0,6.0,18.0,-0.004688879161495315
2.0,6.0,19.0,0.0012834425279106831
2.0,6.0,20.0,-2.6683604187194494e-06
2.0,7.0,0.0,0.03010038873047563
2.0,7.0,1.0,-0.0032013691274822382
2.0,7.0,2.0,0.005532214103325772
2.0,7.0,3.0,0.00040880632512560466
2.0,7.0,4.0,-0.0023581187251192626
2.0,7.0,5.0,0.003711528581537782
2.0,7.0,6.0,0.018721991817564475
2.0,7.0,7.0,-0.0014698854250428384
2.0,7.0,8.0,-0.00017467863798217853
2.0,7.0,9.0,-0.00840120360286667
2.0,7.0,10.0,0.005030289930517073
2.0,7.0,11.0,0.0008675144935065826
2.0,7.0,12.0,-0.008716981658267176
2.0,7.0,13.0,-1.3191754834987516e-09
2.0,7.0,14.0,-0.0003854575406080224
2.0,7.0,15.0,-0.005698211141099249
2.0,7.0,16.0,0.002668496843693413
2.0,7.0,17.0,0.004350709991106372
2.0,7.0,18.0,-0.005104054614227995
2.0,7.0,19.0,0.00027771941609333606
2.0,7.0,20.0,-2.6683537739054804e-06
2.0,8.0,0.0,0.007488714305255717
2.0,8.0,1.0,-0.0030586248538795
2.0,8.0,2.0,0.002982062129275459
2.0,8.0,3.0,-0.002146724242089046
2.0,8.0,4.0,-0.0016414555628144756
2.0,8.0,5.0,-0.0007644003873121807
2.0,8.0,6.0,0.009528408910264225
2.0,8.0,7.0,0.001697814898211053
2.0,8.0,8.0,6.211515667098322e-07
2.0,8.0,9.0,-0.004454439332462146
2.0,8.0,10.0,0.002091470413973895
2.0,8.0,11.0,0.003829461704627918
2.0,8.0,12.0,-0.005669481802359266
2.0,8.0,13.0,-1.3191754845666161e-09
2.0,8.0,14.0,-0.0005764292810591931
2.0,8.0,15.0,-0.0030622882908768545
2.0,8.0,16.0,0.0011678861032206056
2.0,8.0,17.0,0.0022623372103613426
2.0,8.0,18.0,-0.0047877343866765815
2.0,8.0,19.0,0.0010353446383906117
2.0,8.0,20.0,-2.66835904352378e-06
2.0,9.0,0.0,0.00989445303517092
2.0,9.0,1.0,-0.0030784002561800167
2.0,9.0,2.0,0.0032619056175099137
2.0,9.0,3.0,-0.0018811646168552798
2.0,9.0,4.0,-0.0017386158163411602
2.0,9.0,5.0,-0.00031328133253999413
2.0,9.0,6.0,0.01054844201227066
2.0,9.0,7.0,0.0013651812270883967
2.0,9.0,8.0,-2.0732032457747296e-05
2.0,9.0,9.0,-0.004907360526062263
2.0,9.0,10.0,0.002405035789641463
2.0,9.0,11.0,0.003539681665420527
2.0,9.0,12.0,-0.006042488890697306
2.0,9.0,13.0,-1.3191754839582819e-09
2.0,9.0,14.0,-0.0005581431169130874
2.0,9.0,15.0,-0.00342204497898343
2.0,9.0,16.0,0.0013282805592154112
2.0,9.0,17.0,0.0024871977178998472
2.0,9.0,18.0,-0.004826665278886094
2.0,9.0,19.0,0.0009427991189896456
2.0,9.0,20.0,-2.668358422970068e-06
2.0,10.0,0.0,0.09301326866268742
2.0,10.0,1.0,-0.0034440682901550833
2.0,10.0,2.0,0.013689347328552481
2.0,10.0,3.0,0.007132598684616534
2.0,10.0,4.0,-0.003996489679592541
2.0,10.0,5.0,0.016910584051934907
2.0,10.0,6.0,0.04481713489816861
2.0,10.0,7.0,-0.009590604756461896
2.0,10.0,8.0,-0.0008482825272248667
2.0,10.0,9.0,-0.019354179636024038
2.0,10.0,10.0,0.0130681704970258
2.0,10.0,11.0,-0.007011118694044957
2.0,10.0,12.0,-0.01637537621214702
2.0,10.0,13.0,-1.3191754847424412e-09
2.0,10.0,14.0,0.00025071213310778884
2.0,10.0,15.0,-0.009391568121652854
2.0,10.0,16.0,0.006571946982014243
2.0,10.0,17.0,0.011462866329110089
2.0,10.0,18.0,-0.006031554923418005
2.0,10.0,19.0,-0.0005688244981728596
2.0,10.0,20.0,-2.6683266576730845e-06
2.0,11.0,0.0,0.019669041029676676
2.0,11.0,1.0,-0.003138077651909822
2.0,11.0,2.0,0.004301825981099572
2.0,11.0,3.0,-0.0007239108394799659
2.0,11.0,4.0,-0.0020278724975517637
2.0,11.0,5.0,0.0016650382034737454
2.0,11.0,6.0,0.01435580267927025
2.0,11.0,7.0,-4.9786674717916535e-05
2.0,11.0,8.0,-7.432020386916732e-05
2.0,11.0,9.0,-0.006514140684479829
2.0,11.0,10.0,0.0036353277908998116
2.0,11.0,11.0,0.002166731917114806
2.0,11.0,12.0,-0.007263573521672728
2.0,11.0,13.0,-1.3191754835778168e-09
2.0,11.0,14.0,-0.00048164470400227644
2.0,11.0,15.0,-0.004538491196196321
2.0,11.0,16.0,0.0019287850952443009
2.0,11.0,17.0,0.003383700874930229
2.0,11.0,18.0,-0.004948680092317826
2.0,11.0,19.0,0.000625144982389747
2.0,11.0,20.0,-2.6683565444962724e-06
2.0,12.0,0.0,0.055214561161052916
2.0,12.0,1.0,-0.0033263130597110846
2.0,12.0,2.0,0.00864490063493037
2.0,12.0,3.0,0.0030441581870137707
2.0,12.0,4.0,-0.0030565353484259816
2.0,12.0,5.0,0.008763607019295405
2.0,12.0,6.0,0.0292446622654692
2.0,12.0,7.0,-0.004790836900870843
2.0,12.0,8.0,-0.00046969839064718577
2.0,12.0,9.0,-0.012971408774213211
2.0,12.0,10.0,0.00846175849186065
2.0,12.0,11.0,-0.002185765610359075
2.0,12.0,12.0,-0.012050835087682066
2.0,12.0,13.0,-1.319175484645175e-09
2.0,12.0,14.0,-0.0001226514161160458
2.0,12.0,15.0,-0.007828498311271947
2.0,12.0,16.0,0.004458778550304077
2.0,12.0,17.0,0.006753535402302557
2.0,12.0,18.0,-0.005502656521379655
2.0,12.0,19.0,-0.00043261919204129473
2.0,12.0,20.0,-2.6683448586957383e-06
2.0,13.0,0.0,-0.0029103366116260965
2.0,13.0,1.0,-0.002976298571703874
2.0,13.0,2.0,0.0018919824196570456
2.0,13.0,3.0,-0.0034195112456329724
2.0,13.0,4.0,-0.0012578352335903542
2.0,13.0,5.0,-0.0028142398592347906
2.0,13.0,6.0,0.005474408266019753
2.0,13.0,7.0,0.003237615198168231
2.0,13.0,8.0,4.3952928153040416e-05
2.0,13.0,9.0,-0.0026933389405832397
2.0,13.0,10.0,0.0008176573731956682
2.0,13.0,11.0,0.005293382783135306
2.0,13.0,12.0,-0.004267065786375257
2.0,13.0,13.0,-1.3191754848717308e-09
2.0,13.0,14.0,-0.0006446748840415878
2.0,13.0,15.0,-0.0015684294569822312
2.0,13.0,16.0,0.000574759391000268
2.0,13.0,17.0,0.001287565269458224
2.0,13.0,18.0,-0.004647538071874275
2.0,13.0,19.0,0.0014144499913890662
2.0,13.0,20.0,-2.6683609535450507e-06
2.0,14.0,0.0,0.016508163590890107
2.0,14.0,1.0,-0.0031214430109785408
2.0,14.0,2.0,0.003965063515844219
2.0,14.0,3.0,-0.0011074641779766636
2.0,14.0,4.0,-0.0019340374267192706
2.0,14.0,5.0,0.0010063080102925004
2.0,14.0,6.0,0.013182667009313835
2.0,14.0,7.0,0.0004021116553445392
2.0,14.0,8.0,-6.24088103021031e-05
2.0,14.0,9.0,-0.006034610763241785
2.0,14.0,10.0,0.0032856624762638287
2.0,14.0,11.0,0.002625916823129737
2.0,14.0,12.0,-0.006907786921513004
2.0,14.0,13.0,-1.3191754838990334e-09
2.0,14.0,14.0,-0.0004995723151170195
2.0,14.0,15.0,-0.004224799658528329
2.0,14.0,16.0,0.001780012924566532
2.0,14.0,17.0,0.0030366219814134676
2.0,14.0,18.0,-0.004915083558355746
2.0,14.0,19.0,0.0006732683043175758
2.0,14.0,20.0,-2.6683571271529332e-06
2.0,15.0,0.0,-0.001172086456577709
2.0,15.0,1.0,-0.002992101489804402
2.0,15.0,2.0,0.002074425458352125
2.0,15.0,3.0,-0.0032060772265621595
2.0,15.0,4.0,-0.0013277684043541127
2.0,15.0,5.0,-0.0024805206293655457
2.0,15.0,6.0,0.006170292205369932
2.0,15.0,7.0,0.002977791478663394
2.0,15.0,8.0,3.619634989673881e-05
2.0,15.0,9.0,-0.003001368308640548
2.0,15.0,10.0,0.0010381574328434673
2.0,15.0,11.0,0.005052438006447807
2.0,15.0,12.0,-0.0045185318702823385
2.0,15.0,13.0,-1.3191754845915376e-09
2.0,15.0,14.0,-0.0006325993817626469
2.0,15.0,15.0,-0.0018484654051770747
2.0,15.0,16.0,0.000683232969186931
2.0,15.0,17.0,0.00144109764788386
2.0,15.0,18.0,-0.004673123082087055
2.0,15.0,19.0,0.001337932436094369
2.0,15.0,20.0,-2.668360601753231e-06
2.0,16.0,0.0,0.10323893386438157
2.0,16.0,1.0,-0.003468993650487258
2.0,16.0,2.0,0.015063914510606374
2.0,16.0,3.0,0.008219528694770023
2.0,16.0,4.0,-0.00419820285838457
2.0,16.0,5.0,0.019131397171007813
2.0,16.0,6.0,0.049083086901672034
2.0,16.0,7.0,-0.010875520384875492
2.0,16.0,8.0,-0.0009605535088787545
2.0,16.0,9.0,-0.02108275482102348
2.0,16.0,10.0,0.014382877886891965
2.0,16.0,11.0,-0.008323802691748289
2.0,16.0,12.0,-0.017497440987254143
2.0,16.0,13.0,-1.3191754847927313e-09
2.0,16.0,14.0,0.0003672217017827162
2.0,16.0,15.0,-0.00963680754858149
2.0,16.0,16.0,0.007229596875900857
2.0,16.0,17.0,0.012677759404000344
2.0,16.0,18.0,-0.006179786817829635
2.0,16.0,19.0,-0.0006207681345682392
2.0,16.0,20.0,-2.668320021904898e-06
2.0,17.0,0.0,0.08152172956197837
2.0,17.0,1.0,-0.0034125547408804706
2.0,17.0,2.0,0.012097941033454102
2.0,17.0,3.0,0.005879112270424161
2.0,17.0,4.0,-0.0038278130579615377
2.0,17.0,5.0,0.014371565114884965
2.0,17.0,6.0,0.04002794472646412
2.0,17.0,7.0,-0.00809143474624674
2.0,17.0,8.0,-0.0007301112441063795
2.0,17.0,9.0,-0.017405805184230273
2.0,17.0,10.0,0.011558821056758373
2.0,17.0,11.0,-0.005537284867848602
2.0,17.0,12.0,-0.015067600132157244
2.0,17.0,13.0,-1.3191754805835022e-09
2.0,17.0,14.0,0.00010595447869020391
2.0,17.0,15.0,-0.009034262616265559
2.0,17.0,16.0,0.006093529141698473
2.0,17.0,17.0,0.010040303076104762
2.0,17.0,18.0,-0.005865713683171958
2.0,17.0,19.0,-0.00047813407775954
2.0,17.0,20.0,-2.668332983136266e-06
2.0,18.0,0.0,-0.0006218965697408485
2.0,18.0,1.0,-0.0029980809805013053
2.0,18.0,2.0,0.002141564864196005
2.0,18.0,3.0,-0.0031453571535028646
2.0,18.0,4.0,-0.0013563246497327874
2.0,18.0,5.0,-0.0023831545676947785
2.0,18.0,6.0,0.006417068481078097
2.0,18.0,7.0,0.0029023925675742412
2.0,18.0,8.0,3.1104357588872256e-05
2.0,18.0,9.0,-0.0031138190616797623
2.0,18.0,10.0,0.0011091180878537998
2.0,18.0,11.0,0.004991390608805726
2.0,18.0,12.0,-0.004617173302617572
2.0,18.0,13.0,-1.319175484246456e-09
2.0,18.0,14.0,-0.0006290858129156807
2.0,18.0,15.0,-0.0019524340262122245
2.0,18.0,16.0,0.00071921048210144
2.0,18.0,17.0,0.0014961388996077574
2.0,18.0,18.0,-0.0046834094988938875
2.0,18.0,19.0,0.001314585038809768
2.0,18.0,20.0,-2.6683604398677674e-06
2.0,19.0,0.0,0.11017677811452428
2.0,19.0,1.0,-0.0034859800777202574
2.0,19.0,2.0,0.015860693427345918
2.0,19.0,3.0,0.00891372615514871
2.0,19.0,4.0,-0.004297283716383049
2.0,19.0,5.0,0.02053293109102483
2.0,19.0,6.0,0.051951155638553674
2.0,19.0,7.0,-0.01175035353023443
2.0,19.0,8.0,-0.0010572950202137263
2.0,19.0,9.0,-0.022276949012311427
2.0,19.0,10.0,0.015418090972669274
2.0,19.0,11.0,-0.009232267665731347
2.0,19.0,12.0,-0.018214690224496177
2.0,19.0,13.0,-1.3191754793770022e-09
2.0,19.0,14.0,0.0004546576577596356
2.0,19.0,15.0,-0.009784129579726217
2.0,19.0,16.0,0.008026587030151133
2.0,19.0,17.0,0.01318980830272476
2.0,19.0,18.0,-0.006296139887937115
2.0,19.0,19.0,-0.0007967580922758621
2.0,19.0,20.0,-2.668314203412117e-06
2.0,20.0,0.0,-0.00291033926274456
2.0,20.0,1.0,-0.002976298933028922
2.0,20.0,2.0,0.0018919813457890233
2.0,20.0,3.0,-0.003419514349906644
2.0,20.0,4.0,-0.0012578346139217045
2.0,20.0,5.0,-0.0028142442495621145
2.0,20.0,6.0,0.005474413121898019
2.0,20.0,7.0,0.003237616107190616
2.0,20.0,8.0,4.39516248449609e-05
2.0,20.0,9.0,-0.002693342822304212
2.0,20.0,10.0,0.0008176620860184669
2.0,20.0,11.0,0.005293387021162124
2.0,20.0,12.0,-0.004267070448094545
2.0,20.0,13.0,-1.3191754848716506e-09
2.0,20.0,14.0,-0.0006446746745921716
2.0,20.0,15.0,-0.0015684345599936197
2.0,20.0,16.0,0.0005747649311262926
2.0,20.0,17.0,0.0012875576499003505
2.0,20.0,18.0,-0.004647538853219859
2.0,20.0,19.0,0.0014144451963288285
2.0,20.0,20.0,-2.6683609535272254e-06
3.0,1.0,0.0,0.0008094242586326739
3.0,1.0,1.0,-0.0038279299034705196
3.0,1.0,2.0,0.0013582233958909229
3.0,1.0,3.0,-0.0012297936491948713
3.0,1.0,4.0,0.000543906393185356
3.0,1.0,5.0,-0.0005638323061964434
3.0,1.0,6.0,0.004051387703391929
3.0,1.0,7.0,0.0018221984818003328
3.0,1.0,8.0,-9.962296446533458e-05
3.0,1.0,9.0,-0.0005043312225786979
3.0,1.0,10.0,0.0017389994245731177
3.0,1.0,11.0,0.0003835729179093583
3.0,1.0,12.0,-0.0016190795607950725
3.0,1.0,13.0,-7.996131067575314e-08
3.0,1.0,14.0,0.00044329236900295804
3.0,1.0,15.0,-4.332272894145048e-09
3.0,1.0,16.0,0.0005112349921670978
3.0,1.0,17.0,-0.0004571117203552022
3.0,1.0,18.0,-0.0008533167652273743
3.0,1.0,19.0,0.0008108019416868117
3.0,1.0,20.0,-1.1074599445222328e-08
3.0,2.0,0.0,0.037649471796898815
3.0,2.0,1.0,-0.006940456753028434
3.0,2.0,2.0,0.002220142725393115
3.0,2.0,3.0,0.002730014224545954
3.0,2.0,4.0,0.004562330217806609
3.0,2.0,5.0,0.008460334631247818
3.0,2.0,6.0,0.012148868478743247
3.0,2.0,7.0,-0.004000471190989029
3.0,2.0,8.0,0.000901720419013638
3.0,2.0,9.0,-0.0005028558557397552
3.0,2.0,10.0,0.011047654248590666
3.0,2.0,11.0,-0.011124591500108028
3.0,2.0,12.0,-0.005504902452478477
3.0,2.0,13.0,-7.996132123625875e-08
3.0,2.0,14.0,-0.003930182677254479
3.0,2.0,15.0,-4.333286828859521e-09
3.0,2.0,16.0,-0.0052473264219076166
3.0,2.0,17.0,-0.008407393649313866
3.0,2.0,18.0,0.0005886125843916901
3.0,2.0,19.0,0.005046151554160994
3.0,2.0,20.0,-1.1074599566776522e-08
3.0,3.0,0.0,0.016569477630353935
3.0,3.0,1.0,-0.005262660170411255
3.0,3.0,2.0,0.0016788658338661722
3.0,3.0,3.0,0.0005431546463716269
3.0,3.0,4.0,0.0022170105029092335
3.0,3.0,5.0,0.003314733335254866
3.0,3.0,6.0,0.007265348602905138
3.0,3.0,7.0,-0.0007206048154527606
3.0,3.0,8.0,0.0003459557423030335
3.0,3.0,9.0,-0.0005036963208814371
3.0,3.0,10.0,0.005635212567954628
3.0,3.0,11.0,-0.004560948420637312
3.0,3.0,12.0,-0.003261240411375599
3.0,3.0,13.0,-7.996131205116823e-08
3.0,3.0,14.0,-0.001417182278221879
3.0,3.0,15.0,-4.333948664150427e-09
3.0,3.0,16.0,-0.0019387738494404116
3.0,3.0,17.0,-0.0038592650475575696
3.0,3.0,18.0,-0.0002688115238191624
3.0,3.0,19.0,0.002623687232264915
3.0,3.0,20.0,-1.1074599207178293e-08
3.0,4.0,0.0,0.1561750541559796
3.0,4.0,1.0,-0.012813964176859925
3.0,4.0,2.0,0.005679493391590601
3.0,4.0,3.0,0.013601096562794623
3.0,4.0,4.0,0.018535971939643847
3.0,4.0,5.0,0.03736696441784565
3.0,4.0,6.0,0.04337577986326254
3.0,4.0,7.0,-0.02116704240647388
3.0,4.0,8.0,0.003563957523553124
3.0,4.0,9.0,-0.0004979005553913447
3.0,4.0,10.0,0.042876649903413666
3.0,4.0,11.0,-0.04803118559276959
3.0,4.0,12.0,-0.0177916781224772
3.0,4.0,13.0,-7.996134220613727e-08
3.0,4.0,14.0,-0.01855686030872781
3.0,4.0,15.0,-4.05065399509262e-09
3.0,4.0,16.0,-0.02385548376973856
3.0,4.0,17.0,-0.03431412090828581
3.0,4.0,18.0,0.00660476702708368
3.0,4.0,19.0,0.019024091060813708
3.0,4.0,20.0,-1.1074599920756822e-08
3.0,5.0,0.0,0.0499430035465821
3.0,5.0,1.0,-0.007827629595093553
3.0,5.0,2.0,0.002691465043745095
3.0,5.0,3.0,0.003895666844647816
3.0,5.0,4.0,0.006033492639853533
3.0,5.0,5.0,0.011323536045753063
3.0,5.0,6.0,0.015278254816887115
3.0,5.0,7.0,-0.005855425364689623
3.0,5.0,8.0,0.0012280611876516745
3.0,5.0,9.0,-0.0005023608287735645
3.0,5.0,10.0,0.013971931316638764
3.0,5.0,11.0,-0.014746469046883537
3.0,5.0,12.0,-0.006877926095494119
3.0,5.0,13.0,-7.996132488851248e-08
3.0,5.0,14.0,-0.005444628348493102
3.0,5.0,15.0,-4.3316626268211795e-09
3.0,5.0,16.0,-0.007290697727472151
3.0,5.0,17.0,-0.01092841869824579
3.0,5.0,18.0,0.0011019551892881285
3.0,5.0,19.0,0.006655576738617053
3.0,5.0,20.0,-1.1074599657713733e-08
3.0,6.0,0.0,0.000683938397106898
3.0,6.0,1.0,-0.003736972199560838
3.0,6.0,2.0,0.001551677654995448
3.0,6.0,3.0,-0.0012819425242133892
3.0,6.0,4.0,0.0007723573182827348
3.0,6.0,5.0,-0.0009188479203766919
3.0,6.0,6.0,0.003867376270647355
3.0,6.0,7.0,0.0019307943011788453
3.0,6.0,8.0,-2.618751920048512e-05
3.0,6.0,9.0,-0.0005043723138898861
3.0,6.0,10.0,0.0014955192727960087
3.0,6.0,11.0,0.0008576018922997197
3.0,6.0,12.0,-0.001594471268114822
3.0,6.0,13.0,-7.996130952382428e-08
3.0,6.0,14.0,0.0005318272463473023
3.0,6.0,15.0,-4.311549707475604e-09
3.0,6.0,16.0,8.11265843766451e-05
3.0,6.0,17.0,-0.0002573456669462959
3.0,6.0,18.0,-0.0008636139769813422
3.0,6.0,19.0,0.0007348901707676658
3.0,6.0,20.0,-1.10745993719974e-08
3.0,7.0,0.0,0.00635791963334098
3.0,7.0,1.0,-0.004317928129044888
3.0,7.0,2.0,0.0014506625828920872
3.0,7.0,3.0,-0.0005816092980262949
3.0,7.0,4.0,0.0011136766021945244
3.0,7.0,5.0,0.0007885503461677601
3.0,7.0,6.0,0.005058498401380549
3.0,7.0,7.0,0.0009322580430319166
3.0,7.0,8.0,6.644382506174051e-05
3.0,7.0,9.0,-0.0005041223987070086
3.0,7.0,10.0,0.003059311352647587
3.0,7.0,11.0,-0.001346130422433034
3.0,7.0,12.0,-0.0021589192580501737
3.0,7.0,13.0,-7.996131191466245e-08
3.0,7.0,14.0,-0.00018555377850744403
3.0,7.0,15.0,-4.3333837008098244e-09
3.0,7.0,16.0,-0.000364423085208343
3.0,7.0,17.0,-0.001648849577747663
3.0,7.0,18.0,-0.0006532000199795385
3.0,7.0,19.0,0.0014328230569597977
3.0,7.0,20.0,-1.1074599443714096e-08
3.0,8.0,0.0,0.024671845001351167
3.0,8.0,1.0,-0.005939775843121374
3.0,8.0,2.0,0.0018562870124481656
3.0,8.0,3.0,0.001408011381673624
3.0,8.0,4.0,0.0030846261715853363
3.0,8.0,5.0,0.005320278721624716
3.0,8.0,6.0,0.009079075324080643
3.0,8.0,7.0,-0.001999381588262919
3.0,8.0,8.0,0.0005583827610325526
3.0,8.0,9.0,-0.0005033710224067251
3.0,8.0,10.0,0.007713176109749975
3.0,8.0,11.0,-0.007118939017902837
3.0,8.0,12.0,-0.004114614216824519
3.0,8.0,13.0,-7.996131661465801e-08
3.0,8.0,14.0,-0.002380178841109769
3.0,8.0,15.0,-4.33500498853615e-09
3.0,8.0,16.0,-0.003171220518879525
3.0,8.0,17.0,-0.005620795402103862
3.0,8.0,18.0,5.195389529194516e-05
3.0,8.0,19.0,0.0035501358125226146
3.0,8.0,20.0,-1.1074599415577908e-08
3.0,9.0,0.0,-0.0017449484497739087
3.0,9.0,1.0,-0.003558441441960143
3.0,9.0,2.0,0.0013456084940014212
3.0,9.0,3.0,-0.0015326398496315619
3.0,9.0,4.0,0.0003183941857566319
3.0,9.0,5.0,-0.0012535500916697473
3.0,9.0,6.0,0.0035282982453257615
3.0,9.0,7.0,0.0022555544303501512
3.0,9.0,8.0,-0.00015958795679504867
3.0,9.0,9.0,-0.0005044432863899388
3.0,9.0,10.0,0.0010822752247178213
3.0,9.0,11.0,0.00127292888725683
3.0,9.0,12.0,-0.001347819493132979
3.0,9.0,13.0,-7.996130587867919e-08
3.0,9.0,14.0,0.0007569940009745368
3.0,9.0,15.0,-4.309072105566028e-09
3.0,9.0,16.0,0.0008202717765243284
3.0,9.0,17.0,0.00012652555570305535
3.0,9.0,18.0,-0.0009416685924794888
3.0,9.0,19.0,0.0005003216161387769
3.0,9.0,20.0,-1.1074599101001733e-08
3.0,10.0,0.0,0.14352357650209446
3.0,10.0,1.0,-0.012400798457773287
3.0,10.0,2.0,0.005221100207171703
3.0,10.0,3.0,0.012486752117760402
3.0,10.0,4.0,0.016922631817013478
3.0,10.0,5.0,0.03447136540702317
3.0,10.0,6.0,0.040124850303753935
3.0,10.0,7.0,-0.01947618621612805
3.0,10.0,8.0,0.003252796583210066
3.0,10.0,9.0,-0.0004985007954611002
3.0,10.0,10.0,0.03968156955217661
3.0,10.0,11.0,-0.044283225944444615
3.0,10.0,12.0,-0.016554324882847582
3.0,10.0,13.0,-7.996134187191486e-08
3.0,10.0,14.0,-0.017009472024603327
3.0,10.0,15.0,-4.324973878787288e-09
3.0,10.0,16.0,-0.021658384561098698
3.0,10.0,17.0,-0.031618586110988084
3.0,10.0,18.0,0.0059153726768125525
3.0,10.0,19.0,0.01745476024243986
3.0,10.0,20.0,-1.1074600015597552e-08
3.0,11.0,0.0,0.0707075905862572
3.0,11.0,1.0,-0.00918053782334324
3.0,11.0,2.0,0.0033377133887829147
3.0,11.0,3.0,0.005800781131189425
3.0,11.0,4.0,0.00853997565306197
3.0,11.0,5.0,0.016407378673784473
3.0,11.0,6.0,0.02088040443063022
3.0,11.0,7.0,-0.008990167009926626
3.0,11.0,8.0,0.0016985952906384688
3.0,11.0,9.0,-0.0005015157858038519
3.0,11.0,10.0,0.01988988020393212
3.0,11.0,11.0,-0.021269540264583386
3.0,11.0,12.0,-0.009195577463248394
3.0,11.0,13.0,-7.996132735124944e-08
3.0,11.0,14.0,-0.008014031770275161
3.0,11.0,15.0,-4.312633338177793e-09
3.0,11.0,16.0,-0.010561966513880527
3.0,11.0,17.0,-0.015497797775463285
3.0,11.0,18.0,0.00208571316218803
3.0,11.0,19.0,0.00889666580124615
3.0,11.0,20.0,-1.107459944558187e-08
3.0,12.0,0.0,0.03479290857845596
3.0,12.0,1.0,-0.006766546456961137
3.0,12.0,2.0,0.002182463925707201
3.0,12.0,3.0,0.002411394592391272
3.0,12.0,4.0,0.004267405931592583
3.0,12.0,5.0,0.007748197258872186
3.0,12.0,6.0,0.011568282301780121
3.0,12.0,7.0,-0.003566462616837865
3.0,12.0,8.0,0.0008227738404846807
3.0,12.0,9.0,-0.0005029507342731011
3.0,12.0,10.0,0.010306382175741091
3.0,12.0,11.0,-0.010202897996805571
3.0,12.0,12.0,-0.0052485297308841605
3.0,12.0,13.0,-7.996132054275168e-08
3.0,12.0,14.0,-0.0036147950880006177
3.0,12.0,15.0,-4.334009301370142e-09
3.0,12.0,16.0,-0.00479831263060948
3.0,12.0,17.0,-0.0077675215601838155
3.0,12.0,18.0,0.0004630045594045673
3.0,12.0,19.0,0.00475106525675717
3.0,12.0,20.0,-1.1074599538794701e-08
3.0,13.0,0.0,-0.0017891910165697689
3.0,13.0,1.0,-0.0035565972116913137
3.0,13.0,2.0,0.0013157095230866556
3.0,13.0,3.0,-0.0015300691816295259
3.0,13.0,4.0,0.0002811580659347612
3.0,13.0,5.0,-0.0012260739252381858
3.0,13.0,6.0,0.003524095851267418
3.0,13.0,7.0,0.002252781837213211
3.0,13.0,8.0,-0.00016967276469376236
3.0,13.0,9.0,-0.0005044437652030049
3.0,13.0,10.0,0.001090573988421828
3.0,13.0,11.0,0.001232242062971678
3.0,13.0,12.0,-0.0013378823349229352
3.0,13.0,13.0,-7.996130450672194e-08
3.0,13.0,14.0,0.0007562988931034825
3.0,13.0,15.0,-4.309631241084882e-09
3.0,13.0,16.0,0.0008832449720342916
3.0,13.0,17.0,0.00011495331933705777
3.0,13.0,18.0,-0.000941907014145732
3.0,13.0,19.0,0.0005010610118197922
3.0,13.0,20.0,-1.1074598982843671e-08
3.0,14.0,0.0,0.006982492498891157
3.0,14.0,1.0,-0.0043863602733164985
3.0,14.0,2.0,0.0014529553284571006
3.0,14.0,3.0,-0.0005122260307490606
3.0,14.0,4.0,0.0011711791061914667
3.0,14.0,5.0,0.0009593761780761767
3.0,14.0,6.0,0.005207479837365526
3.0,14.0,7.0,0.0008241916539738492
3.0,14.0,8.0,7.821789735810991e-05
3.0,14.0,9.0,-0.000504092392332139
3.0,14.0,10.0,0.0032443555197146923
3.0,14.0,11.0,-0.0015659795059370096
3.0,14.0,12.0,-0.0022310274635796157
3.0,14.0,13.0,-7.996131215305454e-08
3.0,14.0,14.0,-0.00026592493356637076
3.0,14.0,15.0,-4.334154561960597e-09
3.0,14.0,16.0,-0.00043293564151158925
3.0,14.0,17.0,-0.0017946373778570113
3.0,14.0,18.0,-0.0006292344876297207
3.0,14.0,19.0,0.0015006931324962336
3.0,14.0,20.0,-1.1074599441830336e-08
3.0,15.0,0.0,-0.0017891975267862459
3.0,15.0,1.0,-0.003556597138329754
3.0,15.0,2.0,0.0013157048996919052
3.0,15.0,3.0,-0.0015300689419871644
3.0,15.0,4.0,0.0002811527014823234
3.0,15.0,5.0,-0.0012260699279665055
3.0,15.0,6.0,0.003524095638692171
3.0,15.0,7.0,0.0022527813626799092
3.0,15.0,8.0,-0.00016967437550986786
3.0,15.0,9.0,-0.0005044437651828013
3.0,15.0,10.0,0.001090576441888813
3.0,15.0,11.0,0.0012322359416063189
3.0,15.0,12.0,-0.0013378810285105125
3.0,15.0,13.0,-7.996130450641063e-08
3.0,15.0,14.0,0.0007562987732504176
3.0,15.0,15.0,-4.309631339672336e-09
3.0,15.0,16.0,0.0008832546881167858
3.0,15.0,17.0,0.00011495147445517162
3.0,15.0,18.0,-0.0009419069930224899
3.0,15.0,19.0,0.0005010604408826058
3.0,15.0,20.0,-1.1074598982816535e-08
3.0,16.0,0.0,0.14162992849703537
3.0,16.0,1.0,-0.012377358243250827
3.0,16.0,2.0,0.005262729254612297
3.0,16.0,3.0,0.012234458608148993
3.0,16.0,4.0,0.016729744490083465
3.0,16.0,5.0,0.0338520113483764
3.0,16.0,6.0,0.039684813439018564
3.0,16.0,7.0,-0.01920677079057307
3.0,16.0,8.0,0.0032044510291152073
3.0,16.0,9.0,-0.0004985637083014802
3.0,16.0,10.0,0.0389605445949609
3.0,16.0,11.0,-0.043498848821133196
3.0,16.0,12.0,-0.016430432466087025
3.0,16.0,13.0,-7.996134137592813e-08
3.0,16.0,14.0,-0.01680461922472319
3.0,16.0,15.0,-4.315104891215643e-09
3.0,16.0,16.0,-0.02135564243861965
3.0,16.0,17.0,-0.031047980044323104
3.0,16.0,18.0,0.005772213210528149
3.0,16.0,19.0,0.017315330962835107
3.0,16.0,20.0,-1.107459994783973e-08
3.0,17.0,0.0,0.03627101235476282
3.0,17.0,1.0,-0.006855249609474347
3.0,17.0,2.0,0.002193891176007462
3.0,17.0,3.0,0.0025773701952892247
3.0,17.0,4.0,0.004410692560704588
3.0,17.0,5.0,0.008124450936126043
3.0,17.0,6.0,0.011865027295117934
3.0,17.0,7.0,-0.0037878671280438606
3.0,17.0,8.0,0.0008617359245076256
3.0,17.0,9.0,-0.0005029022263602724
3.0,17.0,10.0,0.01069576785184223
3.0,17.0,11.0,-0.010691421676216228
3.0,17.0,12.0,-0.005375721575116288
3.0,17.0,13.0,-7.996132102983657e-08
3.0,17.0,14.0,-0.0037738271646531596
3.0,17.0,15.0,-4.333879377907544e-09
3.0,17.0,16.0,-0.005016611895346856
3.0,17.0,17.0,-0.008104822973463433
3.0,17.0,18.0,0.0005278474446391845
3.0,17.0,19.0,0.004901801742322132
3.0,17.0,20.0,-1.107459956350796e-08
3.0,18.0,0.0,0.029466017673642098
3.0,18.0,1.0,-0.006326639750170815
3.0,18.0,2.0,0.0019947706810712063
3.0,18.0,3.0,0.0018969685104539974
3.0,18.0,4.0,0.0036348317237960837
3.0,18.0,5.0,0.00647031405829146
3.0,18.0,6.0,0.010207103808207298
3.0,18.0,7.0,-0.0027446631458169085
3.0,18.0,8.0,0.0006864514217824746
3.0,18.0,9.0,-0.0005031776759917429
3.0,18.0,10.0,0.00893747080553664
3.0,18.0,11.0,-0.008583449856748582
3.0,18.0,12.0,-0.004635514806309693
3.0,18.0,13.0,-7.996131881762304e-08
3.0,18.0,14.0,-0.0029546826501224283
3.0,18.0,15.0,-4.334861229597848e-09
3.0,18.0,16.0,-0.00394075531501048
3.0,18.0,17.0,-0.006641432957855881
3.0,18.0,18.0,0.00024626037707264903
3.0,18.0,19.0,0.0041041994216388655
3.0,18.0,20.0,-1.1074599499952658e-08
3.0,19.0,0.0,0.1485730267766025
3.0,19.0,1.0,-0.012596169069027618
3.0,19.0,2.0,0.005492277902108017
3.0,19.0,3.0,0.012909220116332845
3.0,19.0,4.0,0.017557778951920122
3.0,19.0,5.0,0.03562586204937945
3.0,19.0,6.0,0.041500812080458235
3.0,19.0,7.0,-0.0201885761616342
3.0,19.0,8.0,0.003380203210774174
3.0,19.0,9.0,-0.0004982393553289498
3.0,19.0,10.0,0.040703396449431994
3.0,19.0,11.0,-0.045711325721012275
3.0,19.0,12.0,-0.017104352843497816
3.0,19.0,13.0,-7.996134146407179e-08
3.0,19.0,14.0,-0.017691413388847554
3.0,19.0,15.0,-4.186007931455359e-09
3.0,19.0,16.0,-0.022558480603925735
3.0,19.0,17.0,-0.032617791087203
3.0,19.0,18.0,0.006164978633230733
3.0,19.0,19.0,0.01827569569778842
3.0,19.0,20.0,-1.1074599915772733e-08
3.0,20.0,0.0,-0.0017891991088333503
3.0,20.0,1.0,-0.0035565971377355156
3.0,20.0,2.0,0.001315704125325723
3.0,20.0,3.0,-0.0015300687939529822
3.0,20.0,4.0,0.00028115128886274654
3.0,20.0,5.0,-0.0012260687457663622
3.0,20.0,6.0,0.003524095635052237
3.0,20.0,7.0,0.00225278129698845
3.0,20.0,8.0,-0.0001696746626868445
3.0,20.0,9.0,-0.0005044437651696271
3.0,20.0,10.0,0.001090575647370029
3.0,20.0,11.0,0.0012322343921611911
3.0,20.0,12.0,-0.001337880748115583
3.0,20.0,13.0,-7.996130450640816e-08
3.0,20.0,14.0,0.0007562986454749399
3.0,20.0,15.0,-4.309631331978728e-09
3.0,20.0,16.0,0.0008832567241882083
3.0,20.0,17.0,0.00011495113696052828
3.0,20.0,18.0,-0.0009419071014185598
3.0,20.0,19.0,0.0005010613449986101
3.0,20.0,20.0,-1.107459898281645e-08
4.0,1.0,0.0,0.006826785901292154
4.0,1.0,1.0,-0.0007977267416263353
4.0,1.0,2.0,0.000596708332520901
4.0,1.0,3.0,0.0003440652198904992
4.0,1.0,4.0,0.00029716130172874333
4.0,1.0,5.0,0.0006783945074183007
4.0,1.0,6.0,0.00238054270229332
4.0,1.0,7.0,-0.0022649132381873383
4.0,1.0,8.0,0.00014430107669380354
4.0,1.0,9.0,-0.0006476110719083605
4.0,1.0,10.0,0.001668975844470233
4.0,1.0,11.0,-0.0004720809711501739
4.0,1.0,12.0,-0.0007435596238086761
4.0,1.0,13.0,-5.566566510095314e-07
4.0,1.0,14.0,-6.338143589747759e-07
4.0,1.0,15.0,-8.366103062135144e-05
4.0,1.0,16.0,0.0006463349996150836
4.0,1.0,17.0,-0.0002576514490826298
4.0,1.0,18.0,-0.0025672356261560447
4.0,1.0,19.0,0.0007542928132747706
4.0,1.0,20.0,-2.219981118990184e-10
4.0,2.0,0.0,0.03085942014416765
4.0,2.0,1.0,-0.0021415447903530213
4.0,2.0,2.0,0.001390617846293074
4.0,2.0,3.0,-0.0005026785631145891
4.0,2.0,4.0,0.0009548996981624258
4.0,2.0,5.0,0.0035517640648810994
4.0,2.0,6.0,0.010976755121655843
4.0,2.0,7.0,-0.012775389037037899
4.0,2.0,8.0,0.0005172870093497206
4.0,2.0,9.0,-0.0035450256600873253
4.0,2.0,10.0,0.00733724232493016
4.0,2.0,11.0,-0.005053212784287803
4.0,2.0,12.0,-0.005384032582300469
4.0,2.0,13.0,-5.149866812981778e-07
4.0,2.0,14.0,-6.338145757019381e-07
4.0,2.0,15.0,-0.003882833713213185
4.0,2.0,16.0,0.0027048640502411736
4.0,2.0,17.0,-0.0008576313130647106
4.0,2.0,18.0,-0.003447023297258253
4.0,2.0,19.0,0.0007500897193973843
4.0,2.0,20.0,-2.219981079819089e-10
4.0,3.0,0.0,0.0873368667851604
4.0,3.0,1.0,-0.005302558410746852
4.0,3.0,2.0,0.003242497934416999
4.0,3.0,3.0,-0.0033352341005362107
4.0,3.0,4.0,0.0026456629924443975
4.0,3.0,5.0,0.010307457287266175
4.0,3.0,6.0,0.031195653057276077
4.0,3.0,7.0,-0.037083558076660694
4.0,3.0,8.0,0.001576610473136536
4.0,3.0,9.0,-0.010358632295253078
4.0,3.0,10.0,0.020624120812137714
4.0,3.0,11.0,-0.015732192141231838
4.0,3.0,12.0,-0.01718173745953322
4.0,3.0,13.0,-6.875081300059178e-07
4.0,3.0,14.0,-6.338150440432836e-07
4.0,3.0,15.0,-0.012470240637716568
4.0,3.0,16.0,0.0065757869177102135
4.0,3.0,17.0,-0.0021518454530997655
4.0,3.0,18.0,-0.005475362896629246
4.0,3.0,19.0,0.0007312854107056621
4.0,3.0,20.0,-2.2199811279122189e-10
4.0,4.0,0.0,0.1818931172578862
4.0,4.0,1.0,-0.010480286256672845
4.0,4.0,2.0,0.0062971059403865715
4.0,4.0,3.0,-0.008288669884330802
4.0,4.0,4.0,0.005497784868877864
4.0,4.0,5.0,0.021573528553084864
4.0,4.0,6.0,0.06493287206395791
4.0,4.0,7.0,-0.07752197626399215
4.0,4.0,8.0,0.0033373469544157874
4.0,4.0,9.0,-0.021726783657545767
4.0,4.0,10.0,0.04271115066652842
4.0,4.0,11.0,-0.033656393151046016
4.0,4.0,12.0,-0.036991671845721164
4.0,4.0,13.0,-6.375054061957535e-07
4.0,4.0,14.0,-6.338155538075931e-07
4.0,4.0,15.0,-0.026876348921959503
4.0,4.0,16.0,0.013130755673667782
4.0,4.0,17.0,-0.0042282043517291035
4.0,4.0,18.0,-0.008531452243053586
4.0,4.0,19.0,0.0006310662739618111
4.0,4.0,20.0,-2.2199811244644228e-10
4.0,5.0,0.0,0.021569154754022657
4.0,5.0,1.0,-0.0016243301325777337
4.0,5.0,2.0,0.0010833087192550772
4.0,5.0,3.0,-0.00021805759912396638
4.0,5.0,4.0,0.0007057584821767993
4.0,5.0,5.0,0.0024388699335010783
4.0,5.0,6.0,0.00765595883097759
4.0,5.0,7.0,-0.008688640814096205
4.0,5.0,8.0,0.00038307005637785996
4.0,5.0,9.0,-0.0024262774721506564
4.0,5.0,10.0,0.005142745331286558
4.0,5.0,11.0,-0.0032756308825613867
4.0,5.0,12.0,-0.0036336179170800564
4.0,5.0,13.0,-5.311584709515756e-07
4.0,5.0,14.0,-6.338145027857863e-07
4.0,5.0,15.0,-0.002397717854018211
4.0,5.0,16.0,0.0018696749862645023
4.0,5.0,17.0,-0.0006180837671911354
4.0,5.0,18.0,-0.003109485140656589
4.0,5.0,19.0,0.000751887253923833
4.0,5.0,20.0,-2.2199811181226482e-10
4.0,6.0,0.0,0.007822770610851515
4.0,6.0,1.0,-0.000852364458810935
4.0,6.0,2.0,0.0006285020480417125
4.0,6.0,3.0,0.000291805459823824
4.0,6.0,4.0,0.000328909631319263
4.0,6.0,5.0,0.0007991406812308671
4.0,6.0,6.0,0.002731545169628785
4.0,6.0,7.0,-0.0026889192472772105
4.0,6.0,8.0,0.00016377859736055322
4.0,6.0,9.0,-0.0007647334084614765
4.0,6.0,10.0,0.0019001238033617973
4.0,6.0,11.0,-0.0006626007878729467
4.0,6.0,12.0,-0.0009535612866581333
4.0,6.0,13.0,-5.564936718121286e-07
4.0,6.0,14.0,-6.338143673161521e-07
4.0,6.0,15.0,-0.00023183527156089845
4.0,6.0,16.0,0.000710154531290752
4.0,6.0,17.0,-0.00027878003544618
4.0,6.0,18.0,-0.0025990334901283933
4.0,6.0,19.0,0.0007541723653974319
4.0,6.0,20.0,-2.2199811188876613e-10
4.0,7.0,0.0,0.05918112329640307
4.0,7.0,1.0,-0.0037258039577264673
4.0,7.0,2.0,0.0023200865896897405
4.0,7.0,3.0,-0.00197865000490266
4.0,7.0,4.0,0.001790754195801103
4.0,7.0,5.0,0.006918345247767729
4.0,7.0,6.0,0.021077978917400465
4.0,7.0,7.0,-0.024832298110305018
4.0,7.0,8.0,0.001048867564635847
4.0,7.0,9.0,-0.006943122844020405
4.0,7.0,10.0,0.013941664753267635
4.0,7.0,11.0,-0.010401354093660109
4.0,7.0,12.0,-0.011308706435474991
4.0,7.0,13.0,-5.84145404381629e-08
4.0,7.0,14.0,-6.338148259473551e-07
4.0,7.0,15.0,-0.00815457563840033
4.0,7.0,16.0,0.0046980742729051395
4.0,7.0,17.0,-0.0014835276298856281
4.0,7.0,18.0,-0.004473735717625724
4.0,7.0,19.0,0.0007426396751470943
4.0,7.0,20.0,-2.21998107159765e-10
4.0,8.0,0.0,0.029645561303402734
4.0,8.0,1.0,-0.002076830440770186
4.0,8.0,2.0,0.0013471441409541873
4.0,8.0,3.0,-0.000670306426214129
4.0,8.0,4.0,0.0009544673983515883
4.0,8.0,5.0,0.003400923053295715
4.0,8.0,6.0,0.01053608822094973
4.0,8.0,7.0,-0.012113119964909713
4.0,8.0,8.0,0.0005414621958132193
4.0,8.0,9.0,-0.0033937119449663766
4.0,8.0,10.0,0.007023848774539654
4.0,8.0,11.0,-0.0047987937164767624
4.0,8.0,12.0,-0.005352364042618629
4.0,8.0,13.0,-5.175799340369914e-07
4.0,8.0,14.0,-6.338145616416973e-07
4.0,8.0,15.0,-0.0036013240517437928
4.0,8.0,16.0,0.002397816043024359
4.0,8.0,17.0,-0.0007893528294122265
4.0,8.0,18.0,-0.00340148850486572
4.0,8.0,19.0,0.000750345847921885
4.0,8.0,20.0,-2.2199810553428187e-10
4.0,9.0,0.0,0.030309549929990298
4.0,9.0,1.0,-0.002113037759723685
4.0,9.0,2.0,0.0013735459184212317
4.0,9.0,3.0,-0.0004919848166186624
4.0,9.0,4.0,0.0009382484393741786
4.0,9.0,5.0,0.0034835184334757463
4.0,9.0,6.0,0.010782717637489066
4.0,9.0,7.0,-0.012527909490999134
4.0,9.0,8.0,0.000510432195698074
4.0,9.0,9.0,-0.0034804680624224427
4.0,9.0,10.0,0.007206825120341986
4.0,9.0,11.0,-0.004944039242135184
4.0,9.0,12.0,-0.005285873941585417
4.0,9.0,13.0,-5.137757687086712e-07
4.0,9.0,14.0,-6.338145728907313e-07
4.0,9.0,15.0,-0.0037924071727556408
4.0,9.0,16.0,0.0026539647867273586
4.0,9.0,17.0,-0.0008426755179705703
4.0,9.0,18.0,-0.0034336795514560356
4.0,9.0,19.0,0.0007501496532179575
4.0,9.0,20.0,-2.2199810787235836e-10
4.0,10.0,0.0,0.1354272296945322
4.0,10.0,1.0,-0.007944783816554009
4.0,10.0,2.0,0.004796681668146147
4.0,10.0,3.0,-0.005976125036948665
4.0,10.0,4.0,0.004114271256843938
4.0,10.0,5.0,0.016024986677470876
4.0,10.0,6.0,0.04833373015234503
4.0,10.0,7.0,-0.057531817188258394
4.0,10.0,8.0,0.00249829722821418
4.0,10.0,9.0,-0.016130077605426146
4.0,10.0,10.0,0.031825398489769396
4.0,10.0,11.0,-0.024815733004817264
4.0,10.0,12.0,-0.02735799207389522
4.0,10.0,13.0,-6.756152803456799e-07
4.0,10.0,14.0,-6.338153293682044e-07
4.0,10.0,15.0,-0.01973027702486152
4.0,10.0,16.0,0.009815393812897866
4.0,10.0,17.0,-0.0031752566361034074
4.0,10.0,18.0,-0.007057511064437482
4.0,10.0,19.0,0.0006983990572920762
4.0,10.0,20.0,-2.219981127204057e-10
4.0,11.0,0.0,0.04415292768725532
4.0,11.0,1.0,-0.002880216472328799
4.0,11.0,2.0,0.001829804414308217
4.0,11.0,3.0,-0.0009402533848497652
4.0,11.0,4.0,0.0013116445480958472
4.0,11.0,5.0,0.005137773303006077
4.0,11.0,6.0,0.015722176895928933
4.0,11.0,7.0,-0.018588045344038406
4.0,11.0,8.0,0.0007085699051948835
4.0,11.0,9.0,-0.005143156201446758
4.0,11.0,10.0,0.010463868652307418
4.0,11.0,11.0,-0.00759992913220825
4.0,11.0,12.0,-0.00789755350777821
4.0,11.0,13.0,-3.932819381768512e-07
4.0,11.0,14.0,-6.338147016608758e-07
4.0,11.0,15.0,-0.005999204976089523
4.0,11.0,16.0,0.0039020100404004165
4.0,11.0,17.0,-0.0011987451945288385
4.0,11.0,18.0,-0.003926960285054237
4.0,11.0,19.0,0.0007470357246454062
4.0,11.0,20.0,-2.2199811000135437e-10
4.0,12.0,0.0,0.11048713364994167
4.0,12.0,1.0,-0.006587544306305725
4.0,12.0,2.0,0.004005150167857879
4.0,12.0,3.0,-0.003946928661945404
4.0,12.0,4.0,0.003272613722563378
4.0,12.0,5.0,0.013112365751551586
4.0,12.0,6.0,0.039552768703495556
4.0,12.0,7.0,-0.04748417492800966
4.0,12.0,8.0,0.0018961645973656904
4.0,12.0,9.0,-0.013186013704615612
4.0,12.0,10.0,0.026195047174054853
4.0,12.0,11.0,-0.020209455110741292
4.0,12.0,12.0,-0.021509290091905386
4.0,12.0,13.0,-6.825279060940005e-07
4.0,12.0,14.0,-6.338151948432878e-07
4.0,12.0,15.0,-0.01625639006160734
4.0,12.0,16.0,0.00866044593118026
4.0,12.0,17.0,-0.0028109986860343494
4.0,12.0,18.0,-0.006275344084833715
4.0,12.0,19.0,0.0007175373627364978
4.0,12.0,20.0,-2.2199811274762177e-10
4.0,13.0,0.0,-0.00040243580594212514
4.0,13.0,1.0,-0.0003920360696318889
4.0,13.0,2.0,0.0003574956113971406
4.0,13.0,3.0,0.0006023027229632993
4.0,13.0,4.0,0.0001025638306649812
4.0,13.0,5.0,-0.00018597698838583587
4.0,13.0,6.0,-0.000204115541231141
4.0,13.0,7.0,0.0008981266787251863
4.0,13.0,8.0,3.099079935178772e-05
4.0,13.0,9.0,0.0002241418939827322
4.0,13.0,10.0,-3.535310023838889e-05
4.0,13.0,11.0,0.0009051207234400671
4.0,13.0,12.0,0.0006572215951484717
4.0,13.0,13.0,-1.1084077040297544e-07
4.0,13.0,14.0,-6.33814272952728e-07
4.0,13.0,15.0,0.0010582649065610794
4.0,13.0,16.0,3.191593775442314e-05
4.0,13.0,17.0,-7.748115099259767e-05
4.0,13.0,18.0,-0.0023002598356139624
4.0,13.0,19.0,0.000755299159020395
4.0,13.0,20.0,-2.2199809913158846e-10
4.0,14.0,0.0,-0.0004022432416762034
4.0,14.0,1.0,-0.00039205935231318573
4.0,14.0,2.0,0.0003574875792339005
4.0,14.0,3.0,0.0006012273802232793
4.0,14.0,4.0,0.00010272320287385561
4.0,14.0,5.0,-0.0001859879986719215
4.0,14.0,6.0,-0.00020410912665882325
4.0,14.0,7.0,0.0008987957502384347
4.0,14.0,8.0,3.1208214066130724e-05
4.0,14.0,9.0,0.00022415418307941692
4.0,14.0,10.0,-3.547456072172661e-05
4.0,14.0,11.0,0.0009052127863597159
4.0,14.0,12.0,0.0006561877927481197
4.0,14.0,13.0,-1.0995399268024346e-07
4.0,14.0,14.0,-6.338142730026111e-07
4.0,14.0,15.0,0.0010586926919033957
4.0,14.0,16.0,3.094393658370498e-05
4.0,14.0,17.0,-7.728204419304996e-05
4.0,14.0,18.0,-0.002300258327121444
4.0,14.0,19.0,0.0007552991516459606
4.0,14.0,20.0,-2.219980991097664e-10
4.0,15.0,0.0,0.0813477968791324
4.0,15.0,1.0,-0.004953425776922961
4.0,15.0,2.0,0.0030509392636036137
4.0,15.0,3.0,-0.002636638315478501
4.0,15.0,4.0,0.002371926558220716
4.0,15.0,5.0,0.00955508103725615
4.0,15.0,6.0,0.02899108045760089
4.0,15.0,7.0,-0.03454075656149097
4.0,15.0,8.0,0.0013455481127450375
4.0,15.0,9.0,-0.009608014171899937
4.0,15.0,10.0,0.019154008022779112
4.0,15.0,11.0,-0.01467435910071127
4.0,15.0,12.0,-0.015417965336457118
4.0,15.0,13.0,1.8112743160162678e-07
4.0,15.0,14.0,-6.338149759273434e-07
4.0,15.0,15.0,-0.011718618747588672
4.0,15.0,16.0,0.006828951984102827
4.0,15.0,17.0,-0.0020746724947852124
4.0,15.0,18.0,-0.005258331704510127
4.0,15.0,19.0,0.0007342272164297947
4.0,15.0,20.0,-2.219980967155634e-10
4.0,16.0,0.0,0.07588617176654572
4.0,16.0,1.0,-0.004659023263827222
4.0,16.0,2.0,0.002860909787734761
4.0,16.0,3.0,-0.0029852223262931687
4.0,16.0,4.0,0.002337511830209582
4.0,16.0,5.0,0.008925755179221131
4.0,16.0,6.0,0.027078074628149026
4.0,16.0,7.0,-0.031992780406183974
4.0,16.0,8.0,0.001406418511355284
4.0,16.0,9.0,-0.008969006917898814
4.0,16.0,10.0,0.017887433002456654
4.0,16.0,11.0,-0.013535851957784534
4.0,16.0,12.0,-0.014989451309061264
4.0,16.0,13.0,-6.872851400438484e-07
4.0,16.0,14.0,-6.338149612974286e-07
4.0,16.0,15.0,-0.010639929995931996
4.0,16.0,16.0,0.005602849196392867
4.0,16.0,17.0,-0.0018365835118813179
4.0,16.0,18.0,-0.005050819373516317
4.0,16.0,19.0,0.0007368712236567321
4.0,16.0,20.0,-2.219981128514719e-10
4.0,17.0,0.0,0.058623590563525896
4.0,17.0,1.0,-0.003691651414504324
4.0,17.0,2.0,0.00230408116096803
4.0,17.0,3.0,-0.001700215567930874
4.0,17.0,4.0,0.0017401080722473372
4.0,17.0,5.0,0.006857155636620912
4.0,17.0,6.0,0.02089890482579841
4.0,17.0,7.0,-0.024768630700442162
4.0,17.0,8.0,0.000983733047177776
4.0,17.0,9.0,-0.006890988559344696
4.0,17.0,10.0,0.013852730260620949
4.0,17.0,11.0,-0.010324120993415897
4.0,17.0,12.0,-0.010934238841532107
4.0,17.0,13.0,-3.545937415949951e-07
4.0,17.0,14.0,-6.338148222590761e-07
4.0,17.0,15.0,-0.008194466413265877
4.0,17.0,16.0,0.0049081589485989174
4.0,17.0,17.0,-0.00151737975720162
4.0,17.0,18.0,-0.004448040566886188
4.0,17.0,19.0,0.000742946675692413
4.0,17.0,20.0,-2.2199811042994074e-10
4.0,18.0,0.0,0.0028473153244459593
4.0,18.0,1.0,-0.0005759597846737852
4.0,18.0,2.0,0.00046688841812089765
4.0,18.0,3.0,0.0005416187121967675
4.0,18.0,4.0,0.00017816454405894522
4.0,18.0,5.0,0.00020080252941145904
4.0,18.0,6.0,0.0009706371972764832
4.0,18.0,7.0,-0.0005652556337578662
4.0,18.0,8.0,6.881562628710536e-05
4.0,18.0,9.0,-0.00017488098734133595
4.0,18.0,10.0,0.0007412662175156903
4.0,18.0,11.0,0.0002814596069149189
4.0,18.0,12.0,8.653649000189834e-05
4.0,18.0,13.0,-4.031945491092516e-07
4.0,18.0,14.0,-6.338143172483732e-07
4.0,18.0,15.0,0.000512792798263384
4.0,18.0,16.0,0.00037703564720609206
4.0,18.0,17.0,-0.00016859675982250355
4.0,18.0,18.0,-0.00242526985105717
4.0,18.0,19.0,0.0007548387244921129
4.0,18.0,20.0,-2.2199811056908149e-10
4.0,19.0,0.0,0.19327895124233635
4.0,19.0,1.0,-0.011087211596248665
4.0,19.0,2.0,0.006661849879816828
4.0,19.0,3.0,-0.00878943155084616
4.0,19.0,4.0,0.005833834138675442
4.0,19.0,5.0,0.022941951761330043
4.0,19.0,6.0,0.06900194684210711
4.0,19.0,7.0,-0.08246092526557647
4.0,19.0,8.0,0.003525613569081709
4.0,19.0,9.0,-0.023094109063297202
4.0,19.0,10.0,0.04538652217194139
4.0,19.0,11.0,-0.03584478095474336
4.0,19.0,12.0,-0.03929149172703439
4.0,19.0,13.0,-6.306420844804613e-07
4.0,19.0,14.0,-6.338156037894081e-07
4.0,19.0,15.0,-0.02865477022476881
4.0,19.0,16.0,0.013996145800886817
4.0,19.0,17.0,-0.004503112594852976
4.0,19.0,18.0,-0.008866881758588048
4.0,19.0,19.0,0.000606773065302324
4.0,19.0,20.0,-2.219981127090804e-10
4.0,20.0,0.0,-0.0004022423154429189
4.0,20.0,1.0,-0.00039205956671819336
4.0,20.0,2.0,0.00035748739549854025
4.0,20.0,3.0,0.0006012149514614262
4.0,20.0,4.0,0.00010272532482857866
4.0,20.0,5.0,-0.00018598796963320563
4.0,20.0,6.0,-0.00020410912273818166
4.0,20.0,7.0,0.0008988026548468753
4.0,20.0,8.0,3.121089456348258e-05
4.0,20.0,9.0,0.00022415427800678844
4.0,20.0,10.0,-3.547556778371597e-05
4.0,20.0,11.0,0.0009052140594641711
4.0,20.0,12.0,0.0006561754441142265
4.0,20.0,13.0,-1.0992010463522058e-07
4.0,20.0,14.0,-6.338142730042001e-07
4.0,20.0,15.0,0.0010586977227569072
4.0,20.0,16.0,3.093101489065608e-05
4.0,20.0,17.0,-7.727984709504643e-05
4.0,20.0,18.0,-0.0023002580590040997
4.0,20.0,19.0,0.000755299152877198
4.0,20.0,20.0,-2.219980991095818e-10
5.0,1.0,0.0,0.017201414564802064
5.0,1.0,1.0,-0.0030770785602404482
5.0,1.0,2.0,-0.0006316508003076093
5.0,1.0,3.0,0.0021613283891877277
5.0,1.0,4.0,0.00805212431575053
5.0,1.0,5.0,0.011734803990123707
5.0,1.0,6.0,-9.120795456671949e-12
5.0,1.0,7.0,-0.0042916711703376575
5.0,1.0,8.0,-0.00058630482251254
5.0,1.0,9.0,0.002391002239512663
5.0,1.0,10.0,0.006691981001957337
5.0,1.0,11.0,-0.004707058946251175
5.0,1.0,12.0,0.0031654397268872647
5.0,1.0,13.0,-4.582207276564573e-07
5.0,1.0,14.0,-0.0045103867901580205
5.0,1.0,15.0,-0.008117879427619712
5.0,1.0,16.0,0.00031998553540169006
5.0,1.0,17.0,-0.004772711150974038
5.0,1.0,18.0,0.002385986620424718
5.0,1.0,19.0,0.003955576379182424
5.0,1.0,20.0,-8.358978260281266e-09
5.0,2.0,0.0,0.03767951885138951
5.0,2.0,1.0,-0.006208516781015416
5.0,2.0,2.0,-0.0006836393408287122
5.0,2.0,3.0,0.005060716506091495
5.0,2.0,4.0,0.013705864625857878
5.0,2.0,5.0,0.019235751494150514
5.0,2.0,6.0,-9.120795403258963e-12
5.0,2.0,7.0,-0.008430275413325944
5.0,2.0,8.0,-0.0011893867126210877
5.0,2.0,9.0,0.004818665676087075
5.0,2.0,10.0,0.014067760270730978
5.0,2.0,11.0,-0.00944659741723991
5.0,2.0,12.0,0.0058606540521166095
5.0,2.0,13.0,-4.5822058017952373e-07
5.0,2.0,14.0,-0.004703931286312231
5.0,2.0,15.0,-0.014511959063097338
5.0,2.0,16.0,0.0016024492248456479
5.0,2.0,17.0,-0.01149101668329635
5.0,2.0,18.0,0.0035136370405992323
5.0,2.0,19.0,0.006941949279360982
5.0,2.0,20.0,-8.358978322344799e-09
5.0,3.0,0.0,0.0171947274247313
5.0,3.0,1.0,-0.0030709702397268
5.0,3.0,2.0,-0.0006278019248000255
5.0,3.0,3.0,0.0021642203306924124
5.0,3.0,4.0,0.008053561665447795
5.0,3.0,5.0,0.011726165097587553
5.0,3.0,6.0,-9.120795457340199e-12
5.0,3.0,7.0,-0.004289354643448595
5.0,3.0,8.0,-0.0005835145357164229
5.0,3.0,9.0,0.0023885468149689726
5.0,3.0,10.0,0.006699142897984456
5.0,3.0,11.0,-0.004727541874178565
5.0,3.0,12.0,0.003136892683740844
5.0,3.0,13.0,-4.582207290072983e-07
5.0,3.0,14.0,-0.004508353377347413
5.0,3.0,15.0,-0.008114536271534314
5.0,3.0,16.0,0.0002950908031643662
5.0,3.0,17.0,-0.00476982519474143
5.0,3.0,18.0,0.002385174043379318
5.0,3.0,19.0,0.003950344022192631
5.0,3.0,20.0,-8.358978259606592e-09
5.0,4.0,0.0,0.18716112745199012
5.0,4.0,1.0,-0.026178283013476585
5.0,4.0,2.0,0.0010444651889656154
5.0,4.0,3.0,0.026741113652941823
5.0,4.0,4.0,0.05353794137387402
5.0,4.0,5.0,0.07212225051476587
5.0,4.0,6.0,-9.12078927206249e-12
5.0,4.0,7.0,-0.03865924221575645
5.0,4.0,8.0,-0.007674443664949765
5.0,4.0,9.0,0.022816390848729884
5.0,4.0,10.0,0.06773381549933233
5.0,4.0,11.0,-0.044002361765757336
5.0,4.0,12.0,0.02586290658296292
5.0,4.0,13.0,-4.582192759421576e-07
5.0,4.0,14.0,-0.005621172090165398
5.0,4.0,15.0,-0.060171863945765985
5.0,4.0,16.0,0.01256265525775313
5.0,4.0,17.0,-0.05332116630782642
5.0,4.0,18.0,0.01057622639334943
5.0,4.0,19.0,0.02794349812857866
5.0,4.0,20.0,-8.358978542660868e-09
5.0,5.0,0.0,0.012779153138871457
5.0,5.0,1.0,-0.002369116525879761
5.0,5.0,2.0,-0.0006103594951903379
5.0,5.0,3.0,0.0015415168080319258
5.0,5.0,4.0,0.0067861779696983815
5.0,5.0,5.0,0.01007292853947716
5.0,5.0,6.0,-9.120795460444687e-12
5.0,5.0,7.0,-0.003388434567590831
5.0,5.0,8.0,-0.00047188094250597
5.0,5.0,9.0,0.0018708176850523728
5.0,5.0,10.0,0.005066814752361926
5.0,5.0,11.0,-0.003650655367473443
5.0,5.0,12.0,0.002616714890285199
5.0,5.0,13.0,-4.58220757905563e-07
5.0,5.0,14.0,-0.004459066247509265
5.0,5.0,15.0,-0.006706079194870526
5.0,5.0,16.0,7.520550819128946e-05
5.0,5.0,17.0,-0.0032997993500504946
5.0,5.0,18.0,0.0021368100380318444
5.0,5.0,19.0,0.0032878096520578826
5.0,5.0,20.0,-8.358978221989086e-09
5.0,6.0,0.0,0.0020288886033095477
5.0,6.0,1.0,-0.0007415027503049898
5.0,6.0,2.0,-0.0006300015795630831
5.0,6.0,3.0,6.752276790478184e-07
5.0,6.0,4.0,0.003755640108495384
5.0,6.0,5.0,0.006173057363627596
5.0,6.0,6.0,-9.120795437192677e-12
5.0,6.0,7.0,-0.001249348353579649
5.0,6.0,8.0,-0.0002127999686298565
5.0,6.0,9.0,0.0005815133237022652
5.0,6.0,10.0,0.0011347696579392386
5.0,6.0,11.0,-0.0009051073695616751
5.0,6.0,12.0,0.0015679786318253952
5.0,6.0,13.0,-4.582208226218218e-07
5.0,6.0,14.0,-0.0043522210132327
5.0,6.0,15.0,-0.003327799393587752
5.0,6.0,16.0,-0.00024038197723752486
5.0,6.0,17.0,0.00022163527364846974
5.0,6.0,18.0,0.0015416226517643017
5.0,6.0,19.0,0.0017388795890990183
5.0,6.0,20.0,-8.358978076879981e-09
5.0,7.0,0.0,0.041786786171373325
5.0,7.0,1.0,-0.006830496674112063
5.0,7.0,2.0,-0.0006966202135620658
5.0,7.0,3.0,0.005635141145802866
5.0,7.0,4.0,0.014793954226558936
5.0,7.0,5.0,0.02073307558191781
5.0,7.0,6.0,-9.120795408689678e-12
5.0,7.0,7.0,-0.009250428128703025
5.0,7.0,8.0,-0.0013312443042456656
5.0,7.0,9.0,0.005330407110703317
5.0,7.0,10.0,0.015470785984656232
5.0,7.0,11.0,-0.010293141443477594
5.0,7.0,12.0,0.00652617417797019
5.0,7.0,13.0,-4.5822056121080454e-07
5.0,7.0,14.0,-0.004741478737523896
5.0,7.0,15.0,-0.015775718359380783
5.0,7.0,16.0,0.0019741765486239737
5.0,7.0,17.0,-0.012824158972743714
5.0,7.0,18.0,0.0037383255584164665
5.0,7.0,19.0,0.007544672054486279
5.0,7.0,20.0,-8.358978358347881e-09
5.0,8.0,0.0,0.03152243855605846
5.0,8.0,1.0,-0.005260431234877863
5.0,8.0,2.0,-0.0006720065235142625
5.0,8.0,3.0,0.00419399763634927
5.0,8.0,4.0,0.012000857389129593
5.0,8.0,5.0,0.0169802344941064
5.0,8.0,6.0,-9.120795406056578e-12
5.0,8.0,7.0,-0.007193588971363463
5.0,8.0,8.0,-0.00101461541683609
5.0,8.0,9.0,0.004073848828357762
5.0,8.0,10.0,0.011869079486090617
5.0,8.0,11.0,-0.008017742732816413
5.0,8.0,12.0,0.0050718610753507365
5.0,8.0,13.0,-4.5822061363627303e-07
5.0,8.0,14.0,-0.004646352914099927
5.0,8.0,15.0,-0.012584808641887268
5.0,8.0,16.0,0.0012349933111844846
5.0,8.0,17.0,-0.009471432268890259
5.0,8.0,18.0,0.0031734271200335173
5.0,8.0,19.0,0.006034551493957374
5.0,8.0,20.0,-8.358978281494738e-09
5.0,9.0,0.0,0.06113554398140947
5.0,9.0,1.0,-0.009754167974876368
5.0,9.0,2.0,-0.0007130600970319534
5.0,9.0,3.0,0.008381209867375866
5.0,9.0,4.0,0.020130284356330463
5.0,9.0,5.0,0.02778581668299597
5.0,9.0,6.0,-9.12079535881504e-12
5.0,9.0,7.0,-0.013148164302964949
5.0,9.0,8.0,-0.001907130761989534
5.0,9.0,9.0,0.007657092515688468
5.0,9.0,10.0,0.02241694045147391
5.0,9.0,11.0,-0.014814488066496379
5.0,9.0,12.0,0.00900173339984811
5.0,9.0,13.0,-4.5822044042431373e-07
5.0,9.0,14.0,-0.004899890081944229
5.0,9.0,15.0,-0.021801950818704605
5.0,9.0,16.0,0.0031369810692585265
5.0,9.0,17.0,-0.019131840145953073
5.0,9.0,18.0,0.004795992047751135
5.0,9.0,19.0,0.01036337113146657
5.0,9.0,20.0,-8.358978417674109e-09
5.0,10.0,0.0,0.13175849773076206
5.0,10.0,1.0,-0.019866962388084296
5.0,10.0,2.0,-0.0004485457449086572
5.0,10.0,3.0,0.01850295401065183
5.0,10.0,4.0,0.03932705141019921
5.0,10.0,5.0,0.053237224116963744
5.0,10.0,6.0,-9.120794535209699e-12
5.0,10.0,7.0,-0.027459484754609076
5.0,10.0,8.0,-0.004438258014853147
5.0,10.0,9.0,0.01608207686741775
5.0,10.0,10.0,0.047850788815794965
5.0,10.0,11.0,-0.031198576305214165
5.0,10.0,12.0,0.018355983159042022
5.0,10.0,13.0,-4.58219911045175e-07
5.0,10.0,14.0,-0.005365111981198422
5.0,10.0,15.0,-0.04361934344203738
5.0,10.0,16.0,0.007878441506979694
5.0,10.0,17.0,-0.04100196056462162
5.0,10.0,18.0,0.008456155640578111
5.0,10.0,19.0,0.02045621953114296
5.0,10.0,20.0,-8.358978539101536e-09
5.0,11.0,0.0,0.07376955949929814
5.0,11.0,1.0,-0.01164876798563659
5.0,11.0,2.0,-0.0006926602213634669
5.0,11.0,3.0,0.01016521028808419
5.0,11.0,4.0,0.023598288475879525
5.0,11.0,5.0,0.03235326913557472
5.0,11.0,6.0,-9.120795218639627e-12
5.0,11.0,7.0,-0.01566182227528154
5.0,11.0,8.0,-0.0022771694737064585
5.0,11.0,9.0,0.009223610849907249
5.0,11.0,10.0,0.02686651482589164
5.0,11.0,11.0,-0.017765909147127223
5.0,11.0,12.0,0.01054929469646676
5.0,11.0,13.0,-4.5822031548693316e-07
5.0,11.0,14.0,-0.005000256292089951
5.0,11.0,15.0,-0.025723469402365542
5.0,11.0,16.0,0.003824609109803201
5.0,11.0,17.0,-0.023209655314228278
5.0,11.0,18.0,0.0054822584762662385
5.0,11.0,19.0,0.012203862300090629
5.0,11.0,20.0,-8.358978375041602e-09
5.0,12.0,0.0,0.08481744730564741
5.0,12.0,1.0,-0.0132710097089496
5.0,12.0,2.0,-0.0006825537226726741
5.0,12.0,3.0,0.01173363362792075
5.0,12.0,4.0,0.02659644968704189
5.0,12.0,5.0,0.036353410890318294
5.0,12.0,6.0,-9.120795191639775e-12
5.0,12.0,7.0,-0.017883697415578603
5.0,12.0,8.0,-0.0026515619390984346
5.0,12.0,9.0,0.010569883296985882
5.0,12.0,10.0,0.03076646959762419
5.0,12.0,11.0,-0.020243054944519168
5.0,12.0,12.0,0.012098898362846833
5.0,12.0,13.0,-4.5822026004613865e-07
5.0,12.0,14.0,-0.005075582599817797
5.0,12.0,15.0,-0.029131250551599194
5.0,12.0,16.0,0.0046160475717766936
5.0,12.0,17.0,-0.02673632820774202
5.0,12.0,18.0,0.006074079939178051
5.0,12.0,19.0,0.01380455562963323
5.0,12.0,20.0,-8.358978429916142e-09
5.0,13.0,0.0,0.0020288879212233824
5.0,13.0,1.0,-0.0007415027552945541
5.0,13.0,2.0,-0.0006300010190715688
5.0,13.0,3.0,6.752307542406966e-07
5.0,13.0,4.0,0.0037556421543342156
5.0,13.0,5.0,0.006173057187618472
5.0,13.0,6.0,-9.120795437187868e-12
5.0,13.0,7.0,-0.0012493482800225997
5.0,13.0,8.0,-0.00021279890370165533
5.0,13.0,9.0,0.0005815124458511955
5.0,13.0,10.0,0.0011347720841574649
5.0,13.0,11.0,-0.0009051117782458151
5.0,13.0,12.0,0.0015679721748404485
5.0,13.0,13.0,-4.582208226170824e-07
5.0,13.0,14.0,-0.004352221089424086
5.0,13.0,15.0,-0.003327800038855591
5.0,13.0,16.0,-0.0002403888215430916
5.0,13.0,17.0,0.0002216353719946551
5.0,13.0,18.0,0.001541622657642322
5.0,13.0,19.0,0.0017388791839998419
5.0,13.0,20.0,-8.35897807687039e-09
5.0,14.0,0.0,0.0024294821291236945
5.0,14.0,1.0,-0.0008253944496163929
5.0,14.0,2.0,-0.0006210188273389483
5.0,14.0,3.0,6.127072985805115e-05
5.0,14.0,4.0,0.003945124524838861
5.0,14.0,5.0,0.00635261846026746
5.0,14.0,6.0,-9.12079531291232e-12
5.0,14.0,7.0,-0.0013343725837814402
5.0,14.0,8.0,-0.00019186054734077196
5.0,14.0,9.0,0.0006242003640662408
5.0,14.0,10.0,0.0013428812379937538
5.0,14.0,11.0,-0.0011145921280538706
5.0,14.0,12.0,0.0014684652982266955
5.0,14.0,13.0,-4.582207320708408e-07
5.0,14.0,14.0,-0.004359351391514095
5.0,14.0,15.0,-0.0034924066387519714
5.0,14.0,16.0,-0.00038308351292493104
5.0,14.0,17.0,6.86079061471695e-05
5.0,14.0,18.0,0.001569686683023458
5.0,14.0,19.0,0.0018120546826133621
5.0,14.0,20.0,-8.358977920559511e-09
5.0,15.0,0.0,0.020777063658156736
5.0,15.0,1.0,-0.003636105362091982
5.0,15.0,2.0,-0.0006376260465075223
5.0,15.0,3.0,0.0026670903584295053
5.0,15.0,4.0,0.009062777855317394
5.0,15.0,5.0,0.013056494063485587
5.0,15.0,6.0,-9.120795401990208e-12
5.0,15.0,7.0,-0.005009857929128031
5.0,15.0,8.0,-0.0006763357214601695
5.0,15.0,9.0,0.0028254392706442144
5.0,15.0,10.0,0.007985047279777446
5.0,15.0,11.0,-0.005574951251005711
5.0,15.0,12.0,0.0035783830114816118
5.0,15.0,13.0,-4.582206707170693e-07
5.0,15.0,14.0,-0.004547796817445106
5.0,15.0,15.0,-0.00924747110379534
5.0,15.0,16.0,0.0004861372678701681
5.0,15.0,17.0,-0.005955538603640051
5.0,15.0,18.0,0.0025862152351699697
5.0,15.0,19.0,0.004487186209146232
5.0,15.0,20.0,-8.358978199935776e-09
5.0,16.0,0.0,0.13753656300994813
5.0,16.0,1.0,-0.02062456757624881
5.0,16.0,2.0,-0.0002374745468410322
5.0,16.0,3.0,0.01925922827557791
5.0,16.0,4.0,0.040758747817872254
5.0,16.0,5.0,0.05505480887788973
5.0,16.0,6.0,-9.120794212181685e-12
5.0,16.0,7.0,-0.028385756868533812
5.0,16.0,8.0,-0.004611606205771723
5.0,16.0,9.0,0.017198535840775242
5.0,16.0,10.0,0.049166559968291
5.0,16.0,11.0,-0.03234291603780365
5.0,16.0,12.0,0.01890653385438862
5.0,16.0,13.0,-4.582198229621055e-07
5.0,16.0,14.0,-0.005399367518041119
5.0,16.0,15.0,-0.045303279655554286
5.0,16.0,16.0,0.008003029237294124
5.0,16.0,17.0,-0.04255014233595389
5.0,16.0,18.0,0.008744836415188556
5.0,16.0,19.0,0.02134348528621899
5.0,16.0,20.0,-8.35897851203222e-09
5.0,17.0,0.0,0.013965176874429108
5.0,17.0,1.0,-0.002580345117669483
5.0,17.0,2.0,-0.0006113562491501523
5.0,17.0,3.0,0.0017083382057012653
5.0,17.0,4.0,0.007184219824778237
5.0,17.0,5.0,0.010544797043001958
5.0,17.0,6.0,-9.12079546086796e-12
5.0,17.0,7.0,-0.003633806218211022
5.0,17.0,8.0,-0.00047572690685429575
5.0,17.0,9.0,0.002009726764742703
5.0,17.0,10.0,0.0055550639834908155
5.0,17.0,11.0,-0.004039108898923394
5.0,17.0,12.0,0.002632268354392786
5.0,17.0,13.0,-4.5822074860458766e-07
5.0,17.0,14.0,-0.004477495725598454
5.0,17.0,15.0,-0.007117846910104267
5.0,17.0,16.0,2.1934334346607187e-05
5.0,17.0,17.0,-0.0037126820823964526
5.0,17.0,18.0,0.002208187824440655
5.0,17.0,19.0,0.003482151692094204
5.0,17.0,20.0,-8.358978242789395e-09
5.0,18.0,0.0,0.04182369099132707
5.0,18.0,1.0,-0.0068202143533367815
5.0,18.0,2.0,-0.000692733955214242
5.0,18.0,3.0,0.005644474877679231
5.0,18.0,4.0,0.014788175020736594
5.0,18.0,5.0,0.02073377233144244
5.0,18.0,6.0,-9.120795408160194e-12
5.0,18.0,7.0,-0.009255706957530696
5.0,18.0,8.0,-0.001340919234004867
5.0,18.0,9.0,0.005334627640471934
5.0,18.0,10.0,0.015475052363994157
5.0,18.0,11.0,-0.010288515142244214
5.0,18.0,12.0,0.006549318639025026
5.0,18.0,13.0,-4.5822056123422124e-07
5.0,18.0,14.0,-0.004737949392669644
5.0,18.0,15.0,-0.01577216895491247
5.0,18.0,16.0,0.0019942859209264308
5.0,18.0,17.0,-0.0128236276113265
5.0,18.0,18.0,0.003737710150837986
5.0,18.0,19.0,0.007540471587494824
5.0,18.0,20.0,-8.358978353713895e-09
5.0,19.0,0.0,0.18342639611145425
5.0,19.0,1.0,-0.02585470774779161
5.0,19.0,2.0,0.0008622307714293009
5.0,19.0,3.0,0.026175665256502376
5.0,19.0,4.0,0.052670095155877505
5.0,19.0,5.0,0.07092301228562224
5.0,19.0,6.0,-9.120789736342134e-12
5.0,19.0,7.0,-0.03793951957455341
5.0,19.0,8.0,-0.0073631197853780694
5.0,19.0,9.0,0.022251494094812085
5.0,19.0,10.0,0.06653729002516806
5.0,19.0,11.0,-0.0432453443708416
5.0,19.0,12.0,0.025205513798199075
5.0,19.0,13.0,-4.5821929221014677e-07
5.0,19.0,14.0,-0.005609725390509496
5.0,19.0,15.0,-0.05912746692100611
5.0,19.0,16.0,0.012025019753273192
5.0,19.0,17.0,-0.05278859693949488
5.0,19.0,18.0,0.010470917360256238
5.0,19.0,19.0,0.027435830622307034
5.0,19.0,20.0,-8.358978525165925e-09
5.0,20.0,0.0,0.002028888587462696
5.0,20.0,1.0,-0.0007415027494672988
5.0,20.0,2.0,-0.0006300015667067838
5.0,20.0,3.0,6.752286335620639e-07
5.0,20.0,4.0,0.003755640154687545
5.0,20.0,5.0,0.006173057358202033
5.0,20.0,6.0,-9.12079543719257e-12
5.0,20.0,7.0,-0.0012493483518986048
5.0,20.0,8.0,-0.00021279994450354445
5.0,20.0,9.0,0.0005815133030397379
5.0,20.0,10.0,0.0011347697137831236
5.0,20.0,11.0,-0.0009051074699793493
5.0,20.0,12.0,0.0015679784849068068
5.0,20.0,13.0,-4.582208226217151e-07
5.0,20.0,14.0,-0.004352221014239973
5.0,20.0,15.0,-0.003327799407272139
5.0,20.0,16.0,-0.00024038213350585647
5.0,20.0,17.0,0.00022163527540025596
5.0,20.0,18.0,0.0015416226518369658
5.0,20.0,19.0,0.0017388795789655687
5.0,20.0,20.0,-8.358978076879766e-09
6.0,1.0,0.0,0.02077548757859593
6.0,1.0,1.0,-0.003496859225872548
6.0,1.0,2.0,-5.863165219044397e-05
6.0,1.0,3.0,0.0028649422118145473
6.0,1.0,4.0,0.0024397479143905
6.0,1.0,5.0,-6.281539183131486e-05
6.0,1.0,6.0,4.661902752471237e-06
6.0,1.0,7.0,-0.00574179738896341
6.0,1.0,8.0,-7.294891895651739e-08
6.0,1.0,9.0,-0.0007215257780838757
6.0,1.0,10.0,0.0016612316710573616
6.0,1.0,11.0,-0.002068629477850359
6.0,1.0,12.0,-0.002033511370874541
6.0,1.0,13.0,-2.3406721808716832e-08
6.0,1.0,14.0,0.0015472138415304482
6.0,1.0,15.0,-0.0014123098035694615
6.0,1.0,16.0,0.0015868120377493522
6.0,1.0,17.0,-0.006580610236841908
6.0,1.0,18.0,0.0006562334635047962
6.0,1.0,19.0,0.0007903928584662712
6.0,1.0,20.0,-2.4297787848954044e-09
6.0,2.0,0.0,0.03323098667287222
6.0,2.0,1.0,-0.0056013091686903105
6.0,2.0,2.0,-8.940527667164466e-05
6.0,2.0,3.0,0.004585421497488307
6.0,2.0,4.0,0.003895294546221728
6.0,2.0,5.0,-6.26132030648227e-05
6.0,2.0,6.0,1.1025758579197594e-06
6.0,2.0,7.0,-0.00917939682316865
6.0,2.0,8.0,-7.294520350852592e-08
6.0,2.0,9.0,-0.0011498798566999535
6.0,2.0,10.0,0.0026661973927102345
6.0,2.0,11.0,-0.003316266965404824
6.0,2.0,12.0,-0.003240439813625262
6.0,2.0,13.0,-2.3406721862873436e-08
6.0,2.0,14.0,0.002470905176400473
6.0,2.0,15.0,-0.0022594548333312037
6.0,2.0,16.0,0.0025401144625734062
6.0,2.0,17.0,-0.010510179939079087
6.0,2.0,18.0,0.0010472882262598238
6.0,2.0,19.0,0.001272638420266592
6.0,2.0,20.0,-2.4297787884053166e-09
6.0,3.0,0.0,0.050157324492316996
6.0,3.0,1.0,-0.008460089992778766
6.0,3.0,2.0,-0.00013803727739514216
6.0,3.0,3.0,0.006928192800894961
6.0,3.0,4.0,0.0058649859369159785
6.0,3.0,5.0,-6.219103105309346e-05
6.0,3.0,6.0,2.0126973004177594e-06
6.0,3.0,7.0,-0.013860839714636586
6.0,3.0,8.0,-7.293776629219483e-08
6.0,3.0,9.0,-0.001730781055475375
6.0,3.0,10.0,0.004038906570961398
6.0,3.0,11.0,-0.00501335548595655
6.0,3.0,12.0,-0.004872698235555251
6.0,3.0,13.0,-2.3406721894688698e-08
6.0,3.0,14.0,0.0037258313123100517
6.0,3.0,15.0,-0.003410697333395857
6.0,3.0,16.0,0.0038510536043152577
6.0,3.0,17.0,-0.015853922707160475
6.0,3.0,18.0,0.001578548454072154
6.0,3.0,19.0,0.0019258956869392385
6.0,3.0,20.0,-2.429778789982307e-09
6.0,4.0,0.0,0.1417378134528535
6.0,4.0,1.0,-0.023916136519148756
6.0,4.0,2.0,-0.0004332647034480108
6.0,4.0,3.0,0.01948364678479264
6.0,4.0,4.0,0.01642641926898203
6.0,4.0,5.0,-4.8172289848185396e-05
6.0,4.0,6.0,2.7142045643751194e-06
6.0,4.0,7.0,-0.03903560865321509
6.0,4.0,8.0,-7.273664950446676e-08
6.0,4.0,9.0,-0.00483423664317266
6.0,4.0,10.0,0.011315617391967847
6.0,4.0,11.0,-0.014292049928935735
6.0,4.0,12.0,-0.013790861641611307
6.0,4.0,13.0,-2.3406721849507004e-08
6.0,4.0,14.0,0.010503161559862612
6.0,4.0,15.0,-0.00959636316431453
6.0,4.0,16.0,0.011002987326649338
6.0,4.0,17.0,-0.04469868098477632
6.0,4.0,18.0,0.004417413415173432
6.0,4.0,19.0,0.005585519595435184
6.0,4.0,20.0,-2.429778784086837e-09
6.0,5.0,0.0,1.7272978123733518e-05
6.0,5.0,1.0,9.643399702358169e-06
6.0,5.0,2.0,-4.526020809358933e-06
6.0,5.0,3.0,-1.6778515685156314e-06
6.0,5.0,4.0,1.4909370727234084e-05
6.0,5.0,5.0,-6.303000041986171e-05
6.0,5.0,6.0,2.175397970357654e-06
6.0,5.0,7.0,-1.153987822066771e-05
6.0,5.0,8.0,-7.295303060059446e-08
6.0,5.0,9.0,-8.736385350274767e-06
6.0,5.0,10.0,-1.0370241442014816e-05
6.0,5.0,11.0,1.0954251674577531e-05
6.0,5.0,12.0,-2.4265632262321368e-05
6.0,5.0,13.0,-2.340672168414839e-08
6.0,5.0,14.0,7.905777601069364e-06
6.0,5.0,15.0,-2.659991579362364e-06
6.0,5.0,16.0,-4.608342161760426e-06
6.0,5.0,17.0,-3.16493242961402e-05
6.0,5.0,18.0,4.244753508991783e-06
6.0,5.0,19.0,-1.262309769867187e-05
6.0,5.0,20.0,-2.4297787765413624e-09
6.0,6.0,0.0,1.6865459263409877e-05
6.0,6.0,1.0,9.708734054494905e-06
6.0,6.0,2.0,-4.553492480879884e-06
6.0,6.0,3.0,-1.4860769933511264e-06
6.0,6.0,4.0,1.483926232437316e-05
6.0,6.0,5.0,-6.303001852379472e-05
6.0,6.0,6.0,2.172524500386554e-06
6.0,6.0,7.0,-1.1790356315821704e-05
6.0,6.0,8.0,-7.295303095849554e-08
6.0,6.0,9.0,-8.737002928527193e-06
6.0,6.0,10.0,-1.0193737132180303e-05
6.0,6.0,11.0,1.0936844555720082e-05
6.0,6.0,12.0,-2.4129372285297546e-05
6.0,6.0,13.0,-2.3406721684290128e-08
6.0,6.0,14.0,7.878122668170118e-06
6.0,6.0,15.0,-2.716263279217701e-06
6.0,6.0,16.0,-4.5068862294384004e-06
6.0,6.0,17.0,-3.1682447488107224e-05
6.0,6.0,18.0,4.2325257810227335e-06
6.0,6.0,19.0,-1.2696957447655421e-05
6.0,6.0,20.0,-2.4297787765292314e-09
6.0,7.0,0.0,0.047831573582544085
6.0,7.0,1.0,-0.008067462382725585
6.0,7.0,2.0,-0.00012791333120232284
6.0,7.0,3.0,0.006601509738453193
6.0,7.0,4.0,0.005600299648429119
6.0,7.0,5.0,-6.22552743735838e-05
6.0,7.0,6.0,3.831345336243888e-06
6.0,7.0,7.0,-0.013209683055381366
6.0,7.0,8.0,-7.293885496772755e-08
6.0,7.0,9.0,-0.001650782724550437
6.0,7.0,10.0,0.0038409423378011898
6.0,7.0,11.0,-0.004779704091441184
6.0,7.0,12.0,-0.004653718953580854
6.0,7.0,13.0,-2.3406721857447488e-08
6.0,7.0,14.0,0.0035534429669365486
6.0,7.0,15.0,-0.0032505377186940743
6.0,7.0,16.0,0.0036600519460819325
6.0,7.0,17.0,-0.015116219080158907
6.0,7.0,18.0,0.0015057508016192434
6.0,7.0,19.0,0.001837903268012031
6.0,7.0,20.0,-2.4297787872847218e-09
6.0,8.0,0.0,1.720233143986949e-05
6.0,8.0,1.0,9.671146545042753e-06
6.0,8.0,2.0,-4.525220858669909e-06
6.0,8.0,3.0,-1.6863058990845836e-06
6.0,8.0,4.0,1.4892837955526872e-05
6.0,8.0,5.0,-6.3030018648928e-05
6.0,8.0,6.0,2.1725679715154523e-06
6.0,8.0,7.0,-1.151974113677845e-05
6.0,8.0,8.0,-7.295303095456958e-08
6.0,8.0,9.0,-8.72713434520167e-06
6.0,8.0,10.0,-1.037587863605971e-05
6.0,8.0,11.0,1.0958572354946572e-05
6.0,8.0,12.0,-2.425067293509997e-05
6.0,8.0,13.0,-2.340672168429131e-08
6.0,8.0,14.0,7.89272622639392e-06
6.0,8.0,15.0,-2.652496931321302e-06
6.0,8.0,16.0,-4.617785098581795e-06
6.0,8.0,17.0,-3.1614186080622386e-05
6.0,8.0,18.0,4.241677435568025e-06
6.0,8.0,19.0,-1.2630009114111829e-05
6.0,8.0,20.0,-2.4297787765303676e-09
6.0,9.0,0.0,0.022577383018147185
6.0,9.0,1.0,-0.0038013392558308434
6.0,9.0,2.0,-6.321942654446966e-05
6.0,9.0,3.0,0.003113845991614239
6.0,9.0,4.0,0.002650358901361227
6.0,9.0,5.0,-6.279134085298341e-05
6.0,9.0,6.0,4.587489567350579e-06
6.0,9.0,7.0,-0.006239214794210413
6.0,9.0,8.0,-7.294846935936075e-08
6.0,9.0,9.0,-0.0007834396387177839
6.0,9.0,10.0,0.00180647781298926
6.0,9.0,11.0,-0.0022491260623947462
6.0,9.0,12.0,-0.0022080238012280873
6.0,9.0,13.0,-2.3406721803224734e-08
6.0,9.0,14.0,0.0016808612112716725
6.0,9.0,15.0,-0.0015347720435265055
6.0,9.0,16.0,0.0017248441489536859
6.0,9.0,17.0,-0.0071491799119073746
6.0,9.0,18.0,0.0007128349125327116
6.0,9.0,19.0,0.0008601416400412232
6.0,9.0,20.0,-2.4297787843901695e-09
6.0,10.0,0.0,0.10557008343372373
6.0,10.0,1.0,-0.017822071892707056
6.0,10.0,2.0,-0.00030846421612690245
6.0,10.0,3.0,0.014654846410109779
6.0,10.0,4.0,0.012307590764860099
6.0,10.0,5.0,-5.787155782634307e-05
6.0,10.0,6.0,8.600014919511374e-08
6.0,10.0,7.0,-0.029263836025657797
6.0,10.0,8.0,-7.287016539724361e-08
6.0,10.0,9.0,-0.0036375504802943354
6.0,10.0,10.0,0.008599765172465745
6.0,10.0,11.0,-0.010572239411823559
6.0,10.0,12.0,-0.010186461709833339
6.0,10.0,13.0,-2.340672192622336e-08
6.0,10.0,14.0,0.007835215170039378
6.0,10.0,15.0,-0.007197784091438009
6.0,10.0,16.0,0.0081841733333331
6.0,10.0,17.0,-0.03337662172756324
6.0,10.0,18.0,0.0033232839838953088
6.0,10.0,19.0,0.004039513368671588
6.0,10.0,20.0,-2.4297787916307407e-09
6.0,11.0,0.0,0.056803566069383415
6.0,11.0,1.0,-0.009582643694620363
6.0,11.0,2.0,-0.0001543842251973404
6.0,11.0,3.0,0.007842420736790867
6.0,11.0,4.0,0.006642216484891161
6.0,11.0,5.0,-6.19555180818029e-05
6.0,11.0,6.0,3.0704599956343874e-06
6.0,11.0,7.0,-0.01568998021166365
6.0,11.0,8.0,-7.293371635939957e-08
6.0,11.0,9.0,-0.0019583575273744575
6.0,11.0,10.0,0.004568636642419688
6.0,11.0,11.0,-0.005680119945324302
6.0,11.0,12.0,-0.005519223850538768
6.0,11.0,13.0,-2.3406721880510514e-08
6.0,11.0,14.0,0.004218424765483925
6.0,11.0,15.0,-0.003860675552538134
6.0,11.0,16.0,0.004357108923805586
6.0,11.0,17.0,-0.01794825172506985
6.0,11.0,18.0,0.0017869925727864444
6.0,11.0,19.0,0.0021852422890386025
6.0,11.0,20.0,-2.429778788920422e-09
6.0,12.0,0.0,0.05328486630156293
6.0,12.0,1.0,-0.008988776774824889
6.0,12.0,2.0,-0.00014540964139103663
6.0,12.0,3.0,0.0073611087486252225
6.0,12.0,4.0,0.006231426667350326
6.0,12.0,5.0,-6.207928223153435e-05
6.0,12.0,6.0,1.0283697808730634e-06
6.0,12.0,7.0,-0.01472516890480563
6.0,12.0,8.0,-7.293582773111706e-08
6.0,12.0,9.0,-0.0018387718892146077
6.0,12.0,10.0,0.004292205347856681
6.0,12.0,11.0,-0.005326118601929164
6.0,12.0,12.0,-0.005175470728755793
6.0,12.0,13.0,-2.3406721897663607e-08
6.0,12.0,14.0,0.003957905865678041
6.0,12.0,15.0,-0.003623820467893474
6.0,12.0,16.0,0.004089742330426971
6.0,12.0,17.0,-0.016841148929839164
6.0,12.0,18.0,0.0016769566916846335
6.0,12.0,19.0,0.002046254055012131
6.0,12.0,20.0,-2.429778790270607e-09
6.0,13.0,0.0,1.7202329407606243e-05
6.0,13.0,1.0,9.671148361076187e-06
6.0,13.0,2.0,-4.5252204699808285e-06
6.0,13.0,3.0,-1.6863056614968563e-06
6.0,13.0,4.0,1.4892837173929863e-05
6.0,13.0,5.0,-6.30300186592624e-05
6.0,13.0,6.0,2.1725661277586842e-06
6.0,13.0,7.0,-1.15197406840295e-05
6.0,13.0,8.0,-7.295303095476007e-08
6.0,13.0,9.0,-8.727133224931127e-06
6.0,13.0,10.0,-1.0375877886548146e-05
6.0,13.0,11.0,1.0958572113639597e-05
6.0,13.0,12.0,-2.4250672044701105e-05
6.0,13.0,13.0,-2.340672168429141e-08
6.0,13.0,14.0,7.892725140540291e-06
6.0,13.0,15.0,-2.652496860627851e-06
6.0,13.0,16.0,-4.617785842042643e-06
6.0,13.0,17.0,-3.1614184646991395e-05
6.0,13.0,18.0,4.241677377669895e-06
6.0,13.0,19.0,-1.2630009357361693e-05
6.0,13.0,20.0,-2.429778776530359e-09
6.0,14.0,0.0,0.025382917138720068
6.0,14.0,1.0,-0.004275128264623881
6.0,14.0,2.0,-7.045391607554685e-05
6.0,14.0,3.0,0.0035012199760353635
6.0,14.0,4.0,0.0029779727184423566
6.0,14.0,5.0,-6.27511064014002e-05
6.0,14.0,6.0,4.522698209568813e-06
6.0,14.0,7.0,-0.007013487401666962
6.0,14.0,8.0,-7.294772390376515e-08
6.0,14.0,9.0,-0.0008796659759181397
6.0,14.0,10.0,0.002032446176856828
6.0,14.0,11.0,-0.002530278977165845
6.0,14.0,12.0,-0.0024796345703561595
6.0,14.0,13.0,-2.340672181069082e-08
6.0,14.0,14.0,0.0018888132123354995
6.0,14.0,15.0,-0.0017253037348076428
6.0,14.0,16.0,0.0019398610472343703
6.0,14.0,17.0,-0.008034150294532194
6.0,14.0,18.0,0.0008009269737866698
6.0,14.0,19.0,0.000968764822032675
6.0,14.0,20.0,-2.429778784716397e-09
6.0,15.0,0.0,0.03616249674746033
6.0,15.0,1.0,-0.006096573370831346
6.0,15.0,2.0,-9.7097898685089e-05
6.0,15.0,3.0,0.004990560660971921
6.0,15.0,4.0,0.004237507427866216
6.0,15.0,5.0,-6.255257306335884e-05
6.0,15.0,6.0,1.0514770433310229e-06
6.0,15.0,7.0,-0.009989050069473454
6.0,15.0,8.0,-7.294411051611508e-08
6.0,15.0,9.0,-0.00125063399311659
6.0,15.0,10.0,0.0029028754249407207
6.0,15.0,11.0,-0.0036099594723723594
6.0,15.0,12.0,-0.0035240173072905168
6.0,15.0,13.0,-2.3406721872063277e-08
6.0,15.0,14.0,0.0026883162029384955
6.0,15.0,15.0,-0.002458736458736538
6.0,15.0,16.0,0.002765292998101354
6.0,15.0,17.0,-0.011435258255368508
6.0,15.0,18.0,0.0011393408294745888
6.0,15.0,19.0,0.001385974980081195
6.0,15.0,20.0,-2.4297787889383398e-09
6.0,16.0,0.0,0.08142573920774393
6.0,16.0,1.0,-0.013738662466687784
6.0,16.0,2.0,-0.00030634357655806577
6.0,16.0,3.0,0.01143030896544861
6.0,16.0,4.0,0.009406246979981048
6.0,16.0,5.0,-6.0580530499443066e-05
6.0,16.0,6.0,3.530942331286214e-06
6.0,16.0,7.0,-0.022770959356341686
6.0,16.0,8.0,-7.291130801522187e-08
6.0,16.0,9.0,-0.002810925029679834
6.0,16.0,10.0,0.006809170856393099
6.0,16.0,11.0,-0.008166356029552513
6.0,16.0,12.0,-0.007751722221710056
6.0,16.0,13.0,-2.340672185349485e-08
6.0,16.0,14.0,0.006043209714449493
6.0,16.0,15.0,-0.005591059407784149
6.0,16.0,16.0,0.006507176946748849
6.0,16.0,17.0,-0.02582697630251206
6.0,16.0,18.0,0.002565707123212302
6.0,16.0,19.0,0.0030609421278398052
6.0,16.0,20.0,-2.429778785966318e-09
6.0,17.0,0.0,0.020996319934531826
6.0,17.0,1.0,-0.0035341728413545714
6.0,17.0,2.0,-5.900187954721581e-05
6.0,17.0,3.0,0.0028952754717551654
6.0,17.0,4.0,0.0024658682152686184
6.0,17.0,5.0,-6.281195184278428e-05
6.0,17.0,6.0,4.64869187091287e-06
6.0,17.0,7.0,-0.005802439115248914
6.0,17.0,8.0,-7.294885255220017e-08
6.0,17.0,9.0,-0.0007291075389246338
6.0,17.0,10.0,0.0016786954039628155
6.0,17.0,11.0,-0.00209071523049148
6.0,17.0,12.0,-0.002055125191636975
6.0,17.0,13.0,-2.3406721799778792e-08
6.0,17.0,14.0,0.0015635907618652967
6.0,17.0,15.0,-0.0014272519833136432
6.0,17.0,16.0,0.0016031938153519554
6.0,17.0,17.0,-0.006650140855939873
6.0,17.0,18.0,0.0006631916360476942
6.0,17.0,19.0,0.0007989786989563985
6.0,17.0,20.0,-2.4297787842173214e-09
6.0,18.0,0.0,0.04117632381365524
6.0,18.0,1.0,-0.006943033931379808
6.0,18.0,2.0,-0.00011251813231039076
6.0,18.0,3.0,0.0056830906986996
6.0,18.0,4.0,0.004820406165915725
6.0,18.0,5.0,-6.244031225261223e-05
6.0,18.0,6.0,4.591304187920369e-06
6.0,18.0,7.0,-0.011374402386890387
6.0,18.0,8.0,-7.294211442014806e-08
6.0,18.0,9.0,-0.0014218859058098138
6.0,18.0,10.0,0.0033064259227256754
6.0,18.0,11.0,-0.004113379805171624
6.0,18.0,12.0,-0.004007716908284498
6.0,18.0,13.0,-2.3406721861230215e-08
6.0,18.0,14.0,0.003059848937365578
6.0,18.0,15.0,-0.002798449681470666
6.0,18.0,16.0,0.003154108243367204
6.0,18.0,17.0,-0.013017408412522954
6.0,18.0,18.0,0.001296631374066437
6.0,18.0,19.0,0.0015802502185380263
6.0,18.0,20.0,-2.4297787876164634e-09
6.0,19.0,0.0,0.13655491394118865
6.0,19.0,1.0,-0.023045638704352417
6.0,19.0,2.0,-0.0004837880608549172
6.0,19.0,3.0,0.018995046332067944
6.0,19.0,4.0,0.01577713799779923
6.0,19.0,5.0,-5.007167680510586e-05
6.0,19.0,6.0,3.098717885535059e-06
6.0,19.0,7.0,-0.03791861204884339
6.0,19.0,8.0,-7.276170432916809e-08
6.0,19.0,9.0,-0.0046816674854366636
6.0,19.0,10.0,0.011209322720746595
6.0,19.0,11.0,-0.013738566180115097
6.0,19.0,12.0,-0.013119660542881606
6.0,19.0,13.0,-2.340672185870249e-08
6.0,19.0,14.0,0.01012191443180721
6.0,19.0,15.0,-0.00931156638849101
6.0,19.0,16.0,0.010813182301812552
6.0,19.0,17.0,-0.043176653042348745
6.0,19.0,18.0,0.0042863478885984685
6.0,19.0,19.0,0.005235181816335643
6.0,19.0,20.0,-2.4297787848774752e-09
6.0,20.0,0.0,1.720232917581943e-05
6.0,20.0,1.0,9.671148243101113e-06
6.0,20.0,2.0,-4.525220036410982e-06
6.0,20.0,3.0,-1.6863054592142213e-06
6.0,20.0,4.0,1.4892837138513748e-05
6.0,20.0,5.0,-6.303001866149886e-05
6.0,20.0,6.0,2.17256442493891e-06
6.0,20.0,7.0,-1.1519740545085089e-05
6.0,20.0,8.0,-7.295303095481484e-08
6.0,20.0,9.0,-8.727133421426725e-06
6.0,20.0,10.0,-1.037587705832177e-05
6.0,20.0,11.0,1.0958572166375191e-05
6.0,20.0,12.0,-2.4250672345238478e-05
6.0,20.0,13.0,-2.3406721684291497e-08
6.0,20.0,14.0,7.892725135072443e-06
6.0,20.0,15.0,-2.6524973283648112e-06
6.0,20.0,16.0,-4.617786039329275e-06
6.0,20.0,17.0,-3.161418467645394e-05
6.0,20.0,18.0,4.241677307337266e-06
6.0,20.0,19.0,-1.2630009220360172e-05
6.0,20.0,20.0,-2.4297787765303547e-09
7.0,1.0,0.0,0.021470171237850333
7.0,1.0,1.0,-0.007289627490950398
7.0,1.0,2.0,-0.0016764587771066763
7.0,1.0,3.0,0.006505740679121019
7.0,1.0,4.0,0.0022409930632507624
7.0,1.0,5.0,0.0036849980059175946
7.0,1.0,6.0,-4.0107027009047676e-11
7.0,1.0,7.0,0.0001603385547963021
7.0,1.0,8.0,0.004694848026011167
7.0,1.0,9.0,0.006158382646917648
7.0,1.0,10.0,0.008012337405249648
7.0,1.0,11.0,-0.0074615475849958215
7.0,1.0,12.0,-0.0006851790228832311
7.0,1.0,13.0,0.002803598926676157
7.0,1.0,14.0,-0.003924401596234833
7.0,1.0,15.0,-0.003909435269067035
7.0,1.0,16.0,-0.007372858887691569
7.0,1.0,17.0,-0.007682594261225251
7.0,1.0,18.0,0.0005344335898302965
7.0,1.0,19.0,0.002542227872024516
7.0,1.0,20.0,-7.200294500072591e-07
7.0,2.0,0.0,0.04223799586489474
7.0,2.0,1.0,-0.013564982955001637
7.0,2.0,2.0,-0.0039041516516359065
7.0,2.0,3.0,0.013307878461455064
7.0,2.0,4.0,0.004692789310294931
7.0,2.0,5.0,0.0071064973649462015
7.0,2.0,6.0,-4.010702687034394e-11
7.0,2.0,7.0,-0.0006776660533283074
7.0,2.0,8.0,0.007663371679211398
7.0,2.0,9.0,0.00981863972522655
7.0,2.0,10.0,0.015826969075459996
7.0,2.0,11.0,-0.012303861340976698
7.0,2.0,12.0,-0.0017885695490397202
7.0,2.0,13.0,0.0031633543073842085
7.0,2.0,14.0,-0.008260940359386099
7.0,2.0,15.0,-0.009350851043271727
7.0,2.0,16.0,-0.013629053436811756
7.0,2.0,17.0,-0.01561984357545343
7.0,2.0,18.0,0.0020141649839875986
7.0,2.0,19.0,0.004848245054392741
7.0,2.0,20.0,-7.200299662387676e-07
7.0,3.0,0.0,0.0651081288080056
7.0,3.0,1.0,-0.020462602925906043
7.0,3.0,2.0,-0.00663636942960194
7.0,3.0,3.0,0.02073604636937809
7.0,3.0,4.0,0.007011716892466491
7.0,3.0,5.0,0.010888462390174297
7.0,3.0,6.0,-4.0107026930742203e-11
7.0,3.0,7.0,-0.001488186352058385
7.0,3.0,8.0,0.01089336487050431
7.0,3.0,9.0,0.013881313900063016
7.0,3.0,10.0,0.024737318535868025
7.0,3.0,11.0,-0.017398801327782414
7.0,3.0,12.0,-0.0024852867449609573
7.0,3.0,13.0,0.003512524154980476
7.0,3.0,14.0,-0.013115769274008565
7.0,3.0,15.0,-0.015501557410074807
7.0,3.0,16.0,-0.019539956115687818
7.0,3.0,17.0,-0.02453433214610351
7.0,3.0,18.0,0.003618079963789045
7.0,3.0,19.0,0.007500497947906082
7.0,3.0,20.0,-7.20030394343203e-07
7.0,4.0,0.0,0.17170911477824802
7.0,4.0,1.0,-0.0516865762801929
7.0,4.0,2.0,-0.01848916596025854
7.0,4.0,3.0,0.055506698950565314
7.0,4.0,4.0,0.020394870788041586
7.0,4.0,5.0,0.029024632010285212
7.0,4.0,6.0,-4.0107026140789546e-11
7.0,4.0,7.0,-0.0064153356738585465
7.0,4.0,8.0,0.02624637130625542
7.0,4.0,9.0,0.031215299670332847
7.0,4.0,10.0,0.06472350757720169
7.0,4.0,11.0,-0.036397697033669206
7.0,4.0,12.0,-0.009331164510086976
7.0,4.0,13.0,0.004717340741337957
7.0,4.0,14.0,-0.03546154644393462
7.0,4.0,15.0,-0.045429966133731514
7.0,4.0,16.0,-0.05200606173045652
7.0,4.0,17.0,-0.0654877516448909
7.0,4.0,18.0,0.0120373053689663
7.0,4.0,19.0,0.019597486160506605
7.0,4.0,20.0,-7.200313731730805e-07
7.0,5.0,0.0,0.05615976706792786
7.0,5.0,1.0,-0.017778853494402586
7.0,5.0,2.0,-0.005570813137464159
7.0,5.0,3.0,0.017864468703689934
7.0,5.0,4.0,0.0060974258102080015
7.0,5.0,5.0,0.009407695781164654
7.0,5.0,6.0,-4.010702695286608e-11
7.0,5.0,7.0,-0.0011904290016319097
7.0,5.0,8.0,0.00963634915107097
7.0,5.0,9.0,0.01230702160156269
7.0,5.0,10.0,0.021292862156481518
7.0,5.0,11.0,-0.015448246058901782
7.0,5.0,12.0,-0.0021962429818876417
7.0,5.0,13.0,0.00338193758566966
7.0,5.0,14.0,-0.011223342572226958
7.0,5.0,15.0,-0.013097286596823271
7.0,5.0,16.0,-0.01722570725519068
7.0,5.0,17.0,-0.021073364874802714
7.0,5.0,18.0,0.0029917429093755665
7.0,5.0,19.0,0.0064531174847597406
7.0,5.0,20.0,-7.200302458006951e-07
7.0,6.0,0.0,0.0004213787062400387
7.0,6.0,1.0,-0.0009321924025290085
7.0,6.0,2.0,0.0003530286211389788
7.0,6.0,3.0,-0.0004631825545129975
7.0,6.0,4.0,-0.0005685902614569471
7.0,6.0,5.0,0.0002232821282844022
7.0,6.0,6.0,-4.010702716035602e-11
7.0,6.0,7.0,0.001144918555061436
7.0,6.0,8.0,0.001655969300603334
7.0,6.0,9.0,0.0024615507964172445
7.0,6.0,10.0,0.00030743532074040125
7.0,6.0,11.0,-0.002410008644355019
7.0,6.0,12.0,0.0008860624008480977
7.0,6.0,13.0,0.002406464374160505
7.0,6.0,14.0,0.0004166018965262308
7.0,6.0,15.0,0.0015059638276230247
7.0,6.0,16.0,-0.00027509479365006584
7.0,6.0,17.0,0.0002639686082816506
7.0,6.0,18.0,-0.0009969996178888774
7.0,6.0,19.0,0.0003008636516192986
7.0,6.0,20.0,-7.200287514806506e-07
7.0,7.0,0.0,0.06612433089945363
7.0,7.0,1.0,-0.020768650826202273
7.0,7.0,2.0,-0.0066207666365409035
7.0,7.0,3.0,0.02116764698609197
7.0,7.0,4.0,0.007333692046328499
7.0,7.0,5.0,0.01105778480312336
7.0,7.0,6.0,-4.0107026920199257e-11
7.0,7.0,7.0,-0.001660348936244449
7.0,7.0,8.0,0.01107078890663387
7.0,7.0,9.0,0.014029615420412742
7.0,7.0,10.0,0.025053008216747497
7.0,7.0,11.0,-0.01766779802628458
7.0,7.0,12.0,-0.0028104277186704607
7.0,7.0,13.0,0.0035481877827641395
7.0,7.0,14.0,-0.013297154060225552
7.0,7.0,15.0,-0.01574745099949801
7.0,7.0,16.0,-0.02031874973708858
7.0,7.0,17.0,-0.024901717867652107
7.0,7.0,18.0,0.00372900128712228
7.0,7.0,19.0,0.007534836269166956
7.0,7.0,20.0,-7.200304234809218e-07
7.0,8.0,0.0,0.013918076280272529
7.0,8.0,1.0,-0.0049689108483268185
7.0,8.0,2.0,-0.000854197422964359
7.0,8.0,3.0,0.004018080564423349
7.0,8.0,4.0,0.001370201056023368
7.0,8.0,5.0,0.0024383802013503986
7.0,8.0,6.0,-4.0107027128025607e-11
7.0,8.0,7.0,0.00044491080068642663
7.0,8.0,8.0,0.00359556444460285
7.0,8.0,9.0,0.004771844276705586
7.0,8.0,10.0,0.00514604807696073
7.0,8.0,11.0,-0.005610926151449709
7.0,8.0,12.0,-0.00031663918784607947
7.0,8.0,13.0,0.002648484522590179
7.0,8.0,14.0,-0.0023297231157677345
7.0,8.0,15.0,-0.001950557372993128
7.0,8.0,16.0,-0.005109932143966156
7.0,8.0,17.0,-0.004780792501747566
7.0,8.0,18.0,1.1413863132803126e-05
7.0,8.0,19.0,0.0016954574724591387
7.0,8.0,20.0,-7.200292181489374e-07
7.0,9.0,0.0,0.024243638244712318
7.0,9.0,1.0,-0.00808116906957633
7.0,9.0,2.0,-0.001968359902417588
7.0,9.0,3.0,0.007407408652351011
7.0,9.0,4.0,0.002569251799460104
7.0,9.0,5.0,0.004134670365950305
7.0,9.0,6.0,-4.0107027023616123e-11
7.0,9.0,7.0,2.0917341245652032e-05
7.0,9.0,8.0,0.005061116921155233
7.0,9.0,9.0,0.006599523036602203
7.0,9.0,10.0,0.009062381421888865
7.0,9.0,11.0,-0.00803918085687913
7.0,9.0,12.0,-0.0008299592727016303
7.0,9.0,13.0,0.002829532154905501
7.0,9.0,14.0,-0.004482052131823899
7.0,9.0,15.0,-0.004649097229461205
7.0,9.0,16.0,-0.008157953882972913
7.0,9.0,17.0,-0.008744191108924937
7.0,9.0,18.0,0.0007434374306420355
7.0,9.0,19.0,0.0028383285375820355
7.0,9.0,20.0,-7.200295032730751e-07
7.0,10.0,0.0,0.14394286106243676
7.0,10.0,1.0,-0.043814130328042884
7.0,10.0,2.0,-0.01547684127889662
7.0,10.0,3.0,0.046906686010481424
7.0,10.0,4.0,0.016625515336051833
7.0,10.0,5.0,0.024204228993155774
7.0,10.0,6.0,-4.010702654476807e-11
7.0,10.0,7.0,-0.005356537218440316
7.0,10.0,8.0,0.022264051942085326
7.0,10.0,9.0,0.027019210425114334
7.0,10.0,10.0,0.0549395132210172
7.0,10.0,11.0,-0.03248856752890704
7.0,10.0,12.0,-0.007099713972973043
7.0,10.0,13.0,0.004506274278410931
7.0,10.0,14.0,-0.029716227205164814
7.0,10.0,15.0,-0.037484847776364405
7.0,10.0,16.0,-0.042982451086317264
7.0,10.0,17.0,-0.05518099203069643
7.0,10.0,18.0,0.009782266023799363
7.0,10.0,19.0,0.016298269057313353
7.0,10.0,20.0,-7.200312348930027e-07
7.0,11.0,0.0,0.010930435781349057
7.0,11.0,1.0,-0.004088964087461247
7.0,11.0,2.0,-0.0005307222480123164
7.0,11.0,3.0,0.003048892192717645
7.0,11.0,4.0,0.0010281320670648686
7.0,11.0,5.0,0.0019517007858483593
7.0,11.0,6.0,-4.010702716379432e-11
7.0,11.0,7.0,0.0005707115322519107
7.0,11.0,8.0,0.00318770482477123
7.0,11.0,9.0,0.004269819858648036
7.0,11.0,10.0,0.004017165573046655
7.0,11.0,11.0,-0.004941924438559377
7.0,11.0,12.0,-0.000175643015978999
7.0,11.0,13.0,0.002609514541102427
7.0,11.0,14.0,-0.0017164800002647251
7.0,11.0,15.0,-0.001164054746432025
7.0,11.0,16.0,-0.004259992769402587
7.0,11.0,17.0,-0.0036401720859976505
7.0,11.0,18.0,-0.00020421898924213866
7.0,11.0,19.0,0.0013660958557499825
7.0,11.0,20.0,-7.20029139024233e-07
7.0,12.0,0.0,0.11240824958758183
7.0,12.0,1.0,-0.03466286132933874
7.0,12.0,2.0,-0.01178338039492624
7.0,12.0,3.0,0.03648968824664345
7.0,12.0,4.0,0.012861101134274189
7.0,12.0,5.0,0.01881876146869277
7.0,12.0,6.0,-4.010702668801291e-11
7.0,12.0,7.0,-0.003769295557283281
7.0,12.0,8.0,0.017763393766569484
7.0,12.0,9.0,0.02193753886214668
7.0,12.0,10.0,0.04273512861040729
7.0,12.0,11.0,-0.027231923736777863
7.0,12.0,12.0,-0.00539228082062071
7.0,12.0,13.0,0.004219971978063633
7.0,12.0,14.0,-0.02306273531405595
7.0,12.0,15.0,-0.028425189338332504
7.0,12.0,16.0,-0.03409188105789518
7.0,12.0,17.0,-0.04284215541894265
7.0,12.0,18.0,0.007219995815110319
7.0,12.0,19.0,0.012708318303566668
7.0,12.0,20.0,-7.200310106152911e-07
7.0,13.0,0.0,0.013177809087907721
7.0,13.0,1.0,-0.004740876924775039
7.0,13.0,2.0,-0.0007719036547827185
7.0,13.0,3.0,0.0037752871200194826
7.0,13.0,4.0,0.001285349671012681
7.0,13.0,5.0,0.002315681558247462
7.0,13.0,6.0,-4.010702714993567e-11
7.0,13.0,7.0,0.00047119624797897774
7.0,13.0,8.0,0.0034883995204234505
7.0,13.0,9.0,0.0046379921437168375
7.0,13.0,10.0,0.004866321954042574
7.0,13.0,11.0,-0.005432440702080647
7.0,13.0,12.0,-0.0002809736141600183
7.0,13.0,13.0,0.0026355687384096993
7.0,13.0,14.0,-0.0021720652779867733
7.0,13.0,15.0,-0.0017559930842293847
7.0,13.0,16.0,-0.00488882200657903
7.0,13.0,17.0,-0.004496790319316268
7.0,13.0,18.0,-4.0701991355085454e-05
7.0,13.0,19.0,0.0016112213060635039
7.0,13.0,20.0,-7.200291981689335e-07
7.0,14.0,0.0,0.042906810845222576
7.0,14.0,1.0,-0.013790903493620998
7.0,14.0,2.0,-0.0040337285542680346
7.0,14.0,3.0,0.013529549135484459
7.0,14.0,4.0,0.0046818240148690515
7.0,14.0,5.0,0.007217625215445778
7.0,14.0,6.0,-4.010702696955083e-11
7.0,14.0,7.0,-0.000672801627534747
7.0,14.0,8.0,0.007762301781129126
7.0,14.0,9.0,0.009975325030495807
7.0,14.0,10.0,0.016157812774954983
7.0,14.0,11.0,-0.012487350516932186
7.0,14.0,12.0,-0.0016971367493099354
7.0,14.0,13.0,0.003181464296314822
7.0,14.0,14.0,-0.008424738601461923
7.0,14.0,15.0,-0.009539838623725594
7.0,14.0,16.0,-0.013639353220491701
7.0,14.0,17.0,-0.0159187246467829
7.0,14.0,18.0,0.002046579056289438
7.0,14.0,19.0,0.004945676021521628
7.0,14.0,20.0,-7.200299979203877e-07
7.0,15.0,0.0,0.03207126598168658
7.0,15.0,1.0,-0.01048055957262592
7.0,15.0,2.0,-0.0028189642385397784
7.0,15.0,3.0,0.009975948810359347
7.0,15.0,4.0,0.0034751299540616287
7.0,15.0,5.0,0.005427312201161022
7.0,15.0,6.0,-4.0107026945638964e-11
7.0,15.0,7.0,-0.0002699260590071084
7.0,15.0,8.0,0.00619884270178854
7.0,15.0,9.0,0.008023797300079183
7.0,15.0,10.0,0.012019141775069464
7.0,15.0,11.0,-0.009931248803964579
7.0,15.0,12.0,-0.0012190805198510901
7.0,15.0,13.0,0.002985725368184672
7.0,15.0,14.0,-0.00613173739592221
7.0,15.0,15.0,-0.006684372876255382
7.0,15.0,16.0,-0.010510157983952051
7.0,15.0,17.0,-0.011741431720704687
7.0,15.0,18.0,0.0012878546005613
7.0,15.0,19.0,0.003718404605121295
7.0,15.0,20.0,-7.200297247381826e-07
7.0,16.0,0.0,0.14364181540369142
7.0,16.0,1.0,-0.043944811750376754
7.0,16.0,2.0,-0.015247472691159308
7.0,16.0,3.0,0.04663819937908248
7.0,16.0,4.0,0.01685397297644997
7.0,16.0,5.0,0.024136652028688005
7.0,16.0,6.0,-4.010702664730879e-11
7.0,16.0,7.0,-0.005122298145461945
7.0,16.0,8.0,0.022315095785088855
7.0,16.0,9.0,0.02701273439682364
7.0,16.0,10.0,0.05426845333436414
7.0,16.0,11.0,-0.03276879688802589
7.0,16.0,12.0,-0.00754445883011412
7.0,16.0,13.0,0.004593729518566264
7.0,16.0,14.0,-0.02965660554598018
7.0,16.0,15.0,-0.03720494784038503
7.0,16.0,16.0,-0.04389029248335541
7.0,16.0,17.0,-0.054741263087107195
7.0,16.0,18.0,0.009681378364765736
7.0,16.0,19.0,0.016282745423003342
7.0,16.0,20.0,-7.200312730989985e-07
7.0,17.0,0.0,0.08439562276093937
7.0,17.0,1.0,-0.026310008657460436
7.0,17.0,2.0,-0.00857517909359623
7.0,17.0,3.0,0.027139473000131753
7.0,17.0,4.0,0.009582022462458428
7.0,17.0,5.0,0.014103458186255802
7.0,17.0,6.0,-4.0107026771184614e-11
7.0,17.0,7.0,-0.0023948182094726267
7.0,17.0,8.0,0.013730380687477832
7.0,17.0,9.0,0.01721044561193301
7.0,17.0,10.0,0.03183725837505258
7.0,17.0,11.0,-0.021698536014967303
7.0,17.0,12.0,-0.003934626726441404
7.0,17.0,13.0,0.003859867476240994
7.0,17.0,14.0,-0.01713599486029438
7.0,17.0,15.0,-0.020616048727235506
7.0,17.0,16.0,-0.026042167076753553
7.0,17.0,17.0,-0.031851584896287366
7.0,17.0,18.0,0.005061833680099659
7.0,17.0,19.0,0.009583432606854791
7.0,17.0,20.0,-7.200307050162274e-07
7.0,18.0,0.0,0.06021055316741064
7.0,18.0,1.0,-0.019034998009913665
7.0,18.0,2.0,-0.006053011832373556
7.0,18.0,3.0,0.019178176553567433
7.0,18.0,4.0,0.006515987133590251
7.0,18.0,5.0,0.010082081897411527
7.0,18.0,6.0,-4.0107026942441484e-11
7.0,18.0,7.0,-0.001310339205208566
7.0,18.0,8.0,0.010227827088425206
7.0,18.0,9.0,0.013054715902165018
7.0,18.0,10.0,0.02284880628741892
7.0,18.0,11.0,-0.016397935967077924
7.0,18.0,12.0,-0.002337806903625006
7.0,18.0,13.0,0.003457163575073835
7.0,18.0,14.0,-0.012097803707205201
7.0,18.0,15.0,-0.014175997103088173
7.0,18.0,16.0,-0.01833158128684642
7.0,18.0,17.0,-0.022642643942944296
7.0,18.0,18.0,0.0032676631350038454
7.0,18.0,19.0,0.006931633598269649
7.0,18.0,20.0,-7.200303271755174e-07
7.0,19.0,0.0,0.13741095272420423
7.0,19.0,1.0,-0.041878556928561676
7.0,19.0,2.0,-0.014491775379985278
7.0,19.0,3.0,0.04449863427682721
7.0,19.0,4.0,0.016091794588566355
7.0,19.0,5.0,0.023055286732318964
7.0,19.0,6.0,-4.010702649250885e-11
7.0,19.0,7.0,-0.004877476836681438
7.0,19.0,8.0,0.02132207507162042
7.0,19.0,9.0,0.025878628799847356
7.0,19.0,10.0,0.05185721155751766
7.0,19.0,11.0,-0.03147191799398752
7.0,19.0,12.0,-0.0071309533792340285
7.0,19.0,13.0,0.004467970029550017
7.0,19.0,14.0,-0.028237504950464842
7.0,19.0,15.0,-0.035413632006763215
7.0,19.0,16.0,-0.04187254287997133
7.0,19.0,17.0,-0.052260498177672254
7.0,19.0,18.0,0.009217873061894644
7.0,19.0,19.0,0.015549985144804768
7.0,19.0,20.0,-7.200311918292624e-07
7.0,20.0,0.0,0.00042137635404898566
7.0,20.0,1.0,-0.000932193265563569
7.0,20.0,2.0,0.0003530222777618497
7.0,20.0,3.0,-0.00046318470967976477
7.0,20.0,4.0,-0.000568597806773985
7.0,20.0,5.0,0.0002232819722214896
7.0,20.0,6.0,-4.0107027160360336e-11
7.0,20.0,7.0,0.0011449224456782647
7.0,20.0,8.0,0.0016559686980664179
7.0,20.0,9.0,0.002461552720633267
7.0,20.0,10.0,0.00030744036116681084
7.0,20.0,11.0,-0.0024100093467439576
7.0,20.0,12.0,0.0008860740909221176
7.0,20.0,13.0,0.0024064646751954105
7.0,20.0,14.0,0.00041660077734198553
7.0,20.0,15.0,0.0015059634914901532
7.0,20.0,16.0,-0.00027507430546369616
7.0,20.0,17.0,0.00026396703944880917
7.0,20.0,18.0,-0.0009970013132179767
7.0,20.0,19.0,0.0003008659821766013
7.0,20.0,20.0,-7.200287514820702e-07
8.0,1.0,0.0,0.029885831037792326
8.0,1.0,1.0,-0.0075937821802923855
8.0,1.0,2.0,0.0017813751237927833
8.0,1.0,3.0,0.00521300341454875
8.0,1.0,4.0,0.006193161856836715
8.0,1.0,5.0,0.01307562684176546
8.0,1.0,6.0,-7.405934195079641e-07
8.0,1.0,7.0,3.451397933279532e-05
8.0,1.0,8.0,0.0017936377074503837
8.0,1.0,9.0,0.002386874222323948
8.0,1.0,10.0,0.010278170622766591
8.0,1.0,11.0,-0.00303225696599696
8.0,1.0,12.0,-0.0021734823095604927
8.0,1.0,13.0,-7.561536484869661e-13
8.0,1.0,14.0,-0.00648419045443024
8.0,1.0,15.0,-3.3816263168396874e-05
8.0,1.0,16.0,0.0009778287942432407
8.0,1.0,17.0,-0.0068110914254970595
8.0,1.0,18.0,0.003826991919214401
8.0,1.0,19.0,0.007674861765941898
8.0,1.0,20.0,-1.3328399147492094e-11
8.0,2.0,0.0,0.027189808366901352
8.0,2.0,1.0,-0.007024967545993799
8.0,2.0,2.0,0.0015618608085119223
8.0,2.0,3.0,0.004784261932688216
8.0,2.0,4.0,0.005647167336211845
8.0,2.0,5.0,0.01202699925058914
8.0,2.0,6.0,6.136923092386906e-07
8.0,2.0,7.0,0.00014899502438564527
8.0,2.0,8.0,0.0017292999465488706
8.0,2.0,9.0,0.002170435501569923
8.0,2.0,10.0,0.009342516350582197
8.0,2.0,11.0,-0.0028201347643466157
8.0,2.0,12.0,-0.0020011222467533063
8.0,2.0,13.0,-7.561536484869621e-13
8.0,2.0,14.0,-0.006369845371995517
8.0,2.0,15.0,-3.381470613736445e-05
8.0,2.0,16.0,0.0007450602848369514
8.0,2.0,17.0,-0.0062977348990538515
8.0,2.0,18.0,0.003612752994426982
8.0,2.0,19.0,0.007015179920070946
8.0,2.0,20.0,-1.332839914748602e-11
8.0,3.0,0.0,0.033758436368736766
8.0,3.0,1.0,-0.008385568209264727
8.0,3.0,2.0,0.002100132176447167
8.0,3.0,3.0,0.0058302783682286086
8.0,3.0,4.0,0.006949428763501686
8.0,3.0,5.0,0.014521644509133808
8.0,3.0,6.0,-7.143138421164934e-07
8.0,3.0,7.0,-0.00014502246847741818
8.0,3.0,8.0,0.0018803261097970134
8.0,3.0,9.0,0.002692633384983878
8.0,3.0,10.0,0.01161909622416335
8.0,3.0,11.0,-0.003349190640662525
8.0,3.0,12.0,-0.0024107625538827837
8.0,3.0,13.0,-7.561536484869682e-13
8.0,3.0,14.0,-0.0066138854909469575
8.0,3.0,15.0,-3.381782527771887e-05
8.0,3.0,16.0,0.0013230061142496252
8.0,3.0,17.0,-0.007523068213325532
8.0,3.0,18.0,0.00411368526445427
8.0,3.0,19.0,0.00858569311585311
8.0,3.0,20.0,-1.3328399147498676e-11
8.0,4.0,0.0,0.14328940401427057
8.0,4.0,1.0,-0.030449574778013633
8.0,4.0,2.0,0.011321765210726947
8.0,4.0,3.0,0.02318013333252636
8.0,4.0,4.0,0.02845131111134891
8.0,4.0,5.0,0.05574662690578998
8.0,4.0,6.0,-1.3583899891321647e-06
8.0,4.0,7.0,-0.0054575524899539984
8.0,4.0,8.0,0.004070182723900653
8.0,4.0,9.0,0.011431486346262898
8.0,4.0,10.0,0.04962717591198723
8.0,4.0,11.0,-0.012002480127834891
8.0,4.0,12.0,-0.009121998717948332
8.0,4.0,13.0,-7.561536484869092e-13
8.0,4.0,14.0,-0.009361382737917524
8.0,4.0,15.0,-3.383232361918352e-05
8.0,4.0,16.0,0.011622247519705864
8.0,4.0,17.0,-0.026421245290087204
8.0,4.0,18.0,0.011987466167510147
8.0,4.0,19.0,0.034657953861056856
8.0,4.0,20.0,-1.3328399147599957e-11
8.0,5.0,0.0,0.005575238524554438
8.0,5.0,1.0,-0.0025035376551492405
8.0,5.0,2.0,-0.00019948355159077336
8.0,5.0,3.0,0.0013280201499116795
8.0,5.0,4.0,0.0013554436722572616
8.0,5.0,5.0,0.0038140124847102184
8.0,5.0,6.0,-1.4021256680430225e-07
8.0,5.0,7.0,0.0010862583708717288
8.0,5.0,8.0,0.0011995506326169733
8.0,5.0,9.0,0.0004501015081451454
8.0,5.0,10.0,0.0018460937231675745
8.0,5.0,11.0,-0.0010615661717099378
8.0,5.0,12.0,-0.0006501006044201119
8.0,5.0,13.0,-7.561536484867879e-13
8.0,5.0,14.0,-0.005468694992293007
8.0,5.0,15.0,-3.379883331018281e-05
8.0,5.0,16.0,-0.0011145124991490674
8.0,5.0,17.0,-0.0021811841843517796
8.0,5.0,18.0,0.0019346905912539236
8.0,5.0,19.0,0.0018425827475597734
8.0,5.0,20.0,-1.3328399147404954e-11
8.0,6.0,0.0,0.0008612238982508569
8.0,6.0,1.0,-0.0015362217725670146
8.0,6.0,2.0,-0.0005816128723191427
8.0,6.0,3.0,0.0005682955040882676
8.0,6.0,4.0,0.0004535447312216112
8.0,6.0,5.0,0.0021096007276732477
8.0,6.0,6.0,-7.179355716335213e-08
8.0,6.0,7.0,0.0012958712591442656
8.0,6.0,8.0,0.001079319896449403
8.0,6.0,9.0,8.194289335716753e-05
8.0,6.0,10.0,0.00021452031670676774
8.0,6.0,11.0,-0.0006570953648528111
8.0,6.0,12.0,-0.0003671361850968724
8.0,6.0,13.0,-7.561536484867932e-13
8.0,6.0,14.0,-0.005268956754745723
8.0,6.0,15.0,-3.379429601681994e-05
8.0,6.0,16.0,-0.0015134165930575372
8.0,6.0,17.0,-0.001283273172685874
8.0,6.0,18.0,0.0015813008642064363
8.0,6.0,19.0,0.0007602172585753353
8.0,6.0,20.0,-1.3328399147394162e-11
8.0,7.0,0.0,0.053290227156204906
8.0,7.0,1.0,-0.01241468353092276
8.0,7.0,2.0,0.00371076327542072
8.0,7.0,3.0,0.008936166265326922
8.0,7.0,4.0,0.010826272265538228
8.0,7.0,5.0,0.021944811288931342
8.0,7.0,6.0,-4.945875211939138e-07
8.0,7.0,7.0,-0.0010336406116845387
8.0,7.0,8.0,0.0023135227863325183
8.0,7.0,9.0,0.0042489815955303045
8.0,7.0,10.0,0.018391263883369924
8.0,7.0,11.0,-0.004908211718529731
8.0,7.0,12.0,-0.0036261433265108445
8.0,7.0,13.0,-7.561536484869656e-13
8.0,7.0,14.0,-0.007281756997629893
8.0,7.0,15.0,-3.38243648938692e-05
8.0,7.0,16.0,0.0030678544798858898
8.0,7.0,17.0,-0.011123476600286689
8.0,7.0,18.0,0.0055890075979936615
8.0,7.0,19.0,0.013266029140306057
8.0,7.0,20.0,-1.3328399147528164e-11
8.0,8.0,0.0,0.010946275169830294
8.0,8.0,1.0,-0.0036339964916849987
8.0,8.0,2.0,0.00023655837084646247
8.0,8.0,3.0,0.002189110049070908
8.0,8.0,4.0,0.0024225017347889732
8.0,8.0,5.0,0.005853590719094345
8.0,8.0,6.0,-8.670190560774442e-08
8.0,8.0,7.0,0.0008584876242846429
8.0,8.0,8.0,0.0013369954866854425
8.0,8.0,9.0,0.0008777860490726264
8.0,8.0,10.0,0.003709915902672889
8.0,8.0,11.0,-0.0015016245457564192
8.0,8.0,12.0,-0.0009864135838774102
8.0,8.0,13.0,-7.561536484867792e-13
8.0,8.0,14.0,-0.005708860497886351
8.0,8.0,15.0,-3.380381496209231e-05
8.0,8.0,16.0,-0.0006596987523123099
8.0,8.0,17.0,-0.0032179287536898762
8.0,8.0,18.0,0.002356497811543984
8.0,8.0,19.0,0.003128088043764632
8.0,8.0,20.0,-1.3328399147417653e-11
8.0,9.0,0.0,0.04601521809715453
8.0,9.0,1.0,-0.010922475986038294
8.0,9.0,2.0,0.0031096847070224976
8.0,9.0,3.0,0.007780173772778315
8.0,9.0,4.0,0.00938806297275141
8.0,9.0,5.0,0.019191264519403037
8.0,9.0,6.0,-6.054218360982217e-07
8.0,9.0,7.0,-0.0006978989757526755
8.0,9.0,8.0,0.0021556232658749147
8.0,9.0,9.0,0.0036703209129924086
8.0,9.0,10.0,0.015869962310194885
8.0,9.0,11.0,-0.004326824753612013
8.0,9.0,12.0,-0.0031756793598239907
8.0,9.0,13.0,-7.561536484869692e-13
8.0,9.0,14.0,-0.007045177241808853
8.0,9.0,15.0,-3.382235663228397e-05
8.0,9.0,16.0,0.0024129307894730223
8.0,9.0,17.0,-0.009795607633866249
8.0,9.0,18.0,0.005045205340341086
8.0,9.0,19.0,0.011529501991270341
8.0,9.0,20.0,-1.3328399147518554e-11
8.0,10.0,0.0,0.07388176132941551
8.0,10.0,1.0,-0.016638212841497774
8.0,10.0,2.0,0.005422560519321468
8.0,10.0,3.0,0.012200103974057325
8.0,10.0,4.0,0.01491661143823464
8.0,10.0,5.0,0.029762734938658882
8.0,10.0,6.0,-2.925627771462838e-07
8.0,10.0,7.0,-0.001991299709608041
8.0,10.0,8.0,0.0027541958472456357
8.0,10.0,9.0,0.0058939791832790245
8.0,10.0,10.0,0.025535647445113996
8.0,10.0,11.0,-0.006530695098905581
8.0,10.0,12.0,-0.004905403163937061
8.0,10.0,13.0,-7.561536484869683e-13
8.0,10.0,14.0,-0.0078945836650779
8.0,10.0,15.0,-3.382824550226944e-05
8.0,10.0,16.0,0.004942889422286878
8.0,10.0,17.0,-0.014862752239081942
8.0,10.0,18.0,0.007122181791201998
8.0,10.0,19.0,0.018211914381612404
8.0,10.0,20.0,-1.3328399147554118e-11
8.0,11.0,0.0,0.10977519812534017
8.0,11.0,1.0,-0.02387109464150311
8.0,11.0,2.0,0.00844556487914444
8.0,11.0,3.0,0.01788429399466912
8.0,11.0,4.0,0.021965845599922762
8.0,11.0,5.0,0.04325689955457154
8.0,11.0,6.0,-9.246880977293061e-07
8.0,11.0,7.0,-0.0037360721935273955
8.0,11.0,8.0,0.003470981229940745
8.0,11.0,9.0,0.008757359807967102
8.0,11.0,10.0,0.037992873855349274
8.0,11.0,11.0,-0.009364574839648587
8.0,11.0,12.0,-0.007104083246150972
8.0,11.0,13.0,-7.561536484869369e-13
8.0,11.0,14.0,-0.008763014336728174
8.0,11.0,15.0,-3.3831326816357026e-05
8.0,11.0,16.0,0.008318103730012072
8.0,11.0,17.0,-0.021090419752170648
8.0,11.0,18.0,0.009699247054826637
8.0,11.0,19.0,0.02675423211147776
8.0,11.0,20.0,-1.3328399147581725e-11
8.0,12.0,0.0,0.053911497293667426
8.0,12.0,1.0,-0.012556873231143684
8.0,12.0,2.0,0.0037604489377365824
8.0,12.0,3.0,0.009033316898816701
8.0,12.0,4.0,0.010964677276301793
8.0,12.0,5.0,0.022207532003130453
8.0,12.0,6.0,-7.217035676547126e-08
8.0,12.0,7.0,-0.0010547463921267708
8.0,12.0,8.0,0.002331342578040227
8.0,12.0,9.0,0.004301447127319669
8.0,12.0,10.0,0.018608472038965873
8.0,12.0,11.0,-0.004949919513040135
8.0,12.0,12.0,-0.003669783508010449
8.0,12.0,13.0,-7.561536484869526e-13
8.0,12.0,14.0,-0.00731404373470749
8.0,12.0,15.0,-3.38246277302141e-05
8.0,12.0,16.0,0.0031180014365407294
8.0,12.0,17.0,-0.011256900439428008
8.0,12.0,18.0,0.005646019413904635
8.0,12.0,19.0,0.013434808660292785
8.0,12.0,20.0,-1.3328399147527477e-11
8.0,13.0,0.0,0.0008613768359786167
8.0,13.0,1.0,-0.0015362288829101067
8.0,13.0,2.0,-0.0005816082341822959
8.0,13.0,3.0,0.0005682755270436379
8.0,13.0,4.0,0.00045354716469681033
8.0,13.0,5.0,0.0021095969420435665
8.0,13.0,6.0,-7.176919176436427e-08
8.0,13.0,7.0,0.0012959006990058142
8.0,13.0,8.0,0.001079319647474257
8.0,13.0,9.0,8.194844144765456e-05
8.0,13.0,10.0,0.000214473130308368
8.0,13.0,11.0,-0.0006570670397173517
8.0,13.0,12.0,-0.00036714047222385915
8.0,13.0,13.0,-7.561536484867932e-13
8.0,13.0,14.0,-0.005268956642090485
8.0,13.0,15.0,-3.379429599675056e-05
8.0,13.0,16.0,-0.001513427723668137
8.0,13.0,17.0,-0.0012832698805708906
8.0,13.0,18.0,0.001581301081194031
8.0,13.0,19.0,0.0007602205410175422
8.0,13.0,20.0,-1.332839914739416e-11
8.0,14.0,0.0,0.0019925853631857227
8.0,14.0,1.0,-0.0017969672244753376
8.0,14.0,2.0,-0.0004893483321679049
8.0,14.0,3.0,0.000749378462114425
8.0,14.0,4.0,0.0007027634203902178
8.0,14.0,5.0,0.0025938335103168515
8.0,14.0,6.0,-9.096320451467796e-08
8.0,14.0,7.0,0.0012582419726187566
8.0,14.0,8.0,0.0011131213430177964
8.0,14.0,9.0,0.0001776339694707918
8.0,14.0,10.0,0.0006121968027500979
8.0,14.0,11.0,-0.0007395163056237442
8.0,14.0,12.0,-0.0004464372092553015
8.0,14.0,13.0,-7.561536484867915e-13
8.0,14.0,14.0,-0.005336252121472072
8.0,14.0,15.0,-3.379593938651864e-05
8.0,14.0,16.0,-0.0014220814203859677
8.0,14.0,17.0,-0.001521498973149002
8.0,14.0,18.0,0.0016845852664389982
8.0,14.0,19.0,0.0010627599353939532
8.0,14.0,20.0,-1.3328399147397786e-11
8.0,15.0,0.0,0.0008613758545683858
8.0,15.0,1.0,-0.0015362561728038682
8.0,15.0,2.0,-0.0005816135240076792
8.0,15.0,3.0,0.0005682702321184174
8.0,15.0,4.0,0.0004535838443988638
8.0,15.0,5.0,0.0021096982874896746
8.0,15.0,6.0,-7.176950854330157e-08
8.0,15.0,7.0,0.001295915940158321
8.0,15.0,8.0,0.0010793212682100733
8.0,15.0,9.0,8.195464052954127e-05
8.0,15.0,10.0,0.00021447264043555903
8.0,15.0,11.0,-0.0006570485285694039
8.0,15.0,12.0,-0.00036715480060778294
8.0,15.0,13.0,-7.561536484867932e-13
8.0,15.0,14.0,-0.005268995986123731
8.0,15.0,15.0,-3.379429722365823e-05
8.0,15.0,16.0,-0.0015134350580010003
8.0,15.0,17.0,-0.001283280413975213
8.0,15.0,18.0,0.0015813260914927796
8.0,15.0,19.0,0.0007602704941037652
8.0,15.0,20.0,-1.3328399147394162e-11
8.0,16.0,0.0,0.06403469064216297
8.0,16.0,1.0,-0.014639591239759608
8.0,16.0,2.0,0.004601502998110768
8.0,16.0,3.0,0.01063947891305575
8.0,16.0,4.0,0.012979181222429581
8.0,16.0,5.0,0.026056575888993922
8.0,16.0,6.0,-8.565401630870829e-08
8.0,16.0,7.0,-0.0015220142577931361
8.0,16.0,8.0,0.002550329286353979
8.0,16.0,9.0,0.005110795515705618
8.0,16.0,10.0,0.02212199054611702
8.0,16.0,11.0,-0.005748169657999069
8.0,16.0,12.0,-0.00429987058527187
8.0,16.0,13.0,-7.561536484869645e-13
8.0,16.0,14.0,-0.007624466684716296
8.0,16.0,15.0,-3.382675598868738e-05
8.0,16.0,16.0,0.0040358629698334925
8.0,16.0,17.0,-0.013106800320109663
8.0,16.0,18.0,0.006403588904750485
8.0,16.0,19.0,0.015869760715560788
8.0,16.0,20.0,-1.332839914754268e-11
8.0,17.0,0.0,0.00861021290893213
8.0,17.0,1.0,-0.003156938627918021
8.0,17.0,2.0,4.6345069091485724e-05
8.0,17.0,3.0,0.001813611646137414
8.0,17.0,4.0,0.0019751445643264587
8.0,17.0,5.0,0.005005369770568067
8.0,17.0,6.0,-8.317031282065781e-08
8.0,17.0,7.0,0.000964573198981078
8.0,17.0,8.0,0.0012799086255584763
8.0,17.0,9.0,0.000695290995725989
8.0,17.0,10.0,0.0029016761396771784
8.0,17.0,11.0,-0.001302596613692475
8.0,17.0,12.0,-0.0008461019429182315
8.0,17.0,13.0,-7.5615364848678e-13
8.0,17.0,14.0,-0.0056172254815828
8.0,17.0,15.0,-3.380202642062226e-05
8.0,17.0,16.0,-0.0008607614368900118
8.0,17.0,17.0,-0.002778830316550504
8.0,17.0,18.0,0.0021833309761247754
8.0,17.0,19.0,0.0025910373151687427
8.0,17.0,20.0,-1.3328399147412481e-11
8.0,18.0,0.0,0.03427692574481142
8.0,18.0,1.0,-0.008482372544848266
8.0,18.0,2.0,0.0021434702639648306
8.0,18.0,3.0,0.005914428501533786
8.0,18.0,4.0,0.0070402186087275
8.0,18.0,5.0,0.0146945329989536
8.0,18.0,6.0,-7.039581733016157e-07
8.0,18.0,7.0,-0.000173323351560839
8.0,18.0,8.0,0.0018896417832394638
8.0,18.0,9.0,0.0027315191795481697
8.0,18.0,10.0,0.011797475040474681
8.0,18.0,11.0,-0.0033973081559239837
8.0,18.0,12.0,-0.002438821757073495
8.0,18.0,13.0,-7.56153648486967e-13
8.0,18.0,14.0,-0.006625905655711791
8.0,18.0,15.0,-3.3817963318429174e-05
8.0,18.0,16.0,0.0013716867499084517
8.0,18.0,17.0,-0.0076078845434025336
8.0,18.0,18.0,0.00414589736440607
8.0,18.0,19.0,0.00869385610285578
8.0,18.0,20.0,-1.3328399147498893e-11
8.0,19.0,0.0,0.16462121792398784
8.0,19.0,1.0,-0.034538348229415344
8.0,19.0,2.0,0.013184627530789222
8.0,19.0,3.0,0.026550155127808617
8.0,19.0,4.0,0.03252560172626173
8.0,19.0,5.0,0.06364962279981104
8.0,19.0,6.0,-1.5248160307831323e-06
8.0,19.0,7.0,-0.0065969592824965395
8.0,19.0,8.0,0.004412834161840122
8.0,19.0,9.0,0.013136823993164626
8.0,19.0,10.0,0.05703649256971749
8.0,19.0,11.0,-0.013677027492521976
8.0,19.0,12.0,-0.010387000078445119
8.0,19.0,13.0,-7.561536484868995e-13
8.0,19.0,14.0,-0.009665471361215452
8.0,19.0,15.0,-3.3832604432424214e-05
8.0,19.0,16.0,0.0138131551099141
8.0,19.0,17.0,-0.02949134036034727
8.0,19.0,18.0,0.013383089262212905
8.0,19.0,19.0,0.03965741378016241
8.0,19.0,20.0,-1.3328399147609089e-11
8.0,20.0,0.0,0.0008613768359780616
8.0,20.0,1.0,-0.0015362288829114668
8.0,20.0,2.0,-0.0005816082341827122
8.0,20.0,3.0,0.0005682755270433881
8.0,20.0,4.0,0.00045354716469880874
8.0,20.0,5.0,0.0021095969420498357
8.0,20.0,6.0,-7.176919176248513e-08
8.0,20.0,7.0,0.0012959006990069244
8.0,20.0,8.0,0.0010793196474740835
8.0,20.0,9.0,8.194844144795987e-05
8.0,20.0,10.0,0.00021447313030803494
8.0,20.0,11.0,-0.0006570670397162415
8.0,20.0,12.0,-0.0003671404722246363
8.0,20.0,13.0,-7.561536484867932e-13
8.0,20.0,14.0,-0.0052689566420940455
8.0,20.0,15.0,-3.379429599675069e-05
8.0,20.0,16.0,-0.0015134277236688587
8.0,20.0,17.0,-0.0012832698805707587
8.0,20.0,18.0,0.0015813010811956962
8.0,20.0,19.0,0.0007602205410205398
8.0,20.0,20.0,-1.332839914739416e-11
9.0,1.0,0.0,0.003885163143776349
9.0,1.0,1.0,-0.0047117106648829135
9.0,1.0,2.0,-0.0035225586365562837
9.0,1.0,3.0,0.0019979005645401615
9.0,1.0,4.0,-0.00523996485608913
9.0,1.0,5.0,0.0012959990249837572
9.0,1.0,6.0,-1.507134829463846e-11
9.0,1.0,7.0,-0.0004859570338519026
9.0,1.0,8.0,0.0036367252107747036
9.0,1.0,9.0,0.00038311383460358506
9.0,1.0,10.0,-7.706606158469631e-05
9.0,1.0,11.0,-0.003833996832902753
9.0,1.0,12.0,-0.0033682017697047595
9.0,1.0,13.0,-0.006626131534840403
9.0,1.0,14.0,-0.0049694949333441985
9.0,1.0,15.0,-1.2558070369902275e-09
9.0,1.0,16.0,-0.0032813349075901943
9.0,1.0,17.0,0.0017458623268326035
9.0,1.0,18.0,-0.0006623389826872633
9.0,1.0,19.0,-0.0016677671213527478
9.0,1.0,20.0,-7.973397642493092e-07
9.0,2.0,0.0,0.0016581631933137442
9.0,2.0,1.0,-0.004570172474650764
9.0,2.0,2.0,-0.003584365072558859
9.0,2.0,3.0,0.0018234706379425258
9.0,2.0,4.0,-0.005538100569177362
9.0,2.0,5.0,0.0012537333536327133
9.0,2.0,6.0,-1.5071348238137468e-11
9.0,2.0,7.0,0.00011965860688878394
9.0,2.0,8.0,0.00397868982780588
9.0,2.0,9.0,0.0005095173773100592
9.0,2.0,10.0,-9.774331580603146e-05
9.0,2.0,11.0,-0.003504964476791772
9.0,2.0,12.0,-0.0032379963141520585
9.0,2.0,13.0,-0.0066971753305864745
9.0,2.0,14.0,-0.005005953640719679
9.0,2.0,15.0,-1.255807035009495e-09
9.0,2.0,16.0,-0.0038358570831706906
9.0,2.0,17.0,0.0019111833552585555
9.0,2.0,18.0,-0.0006511077962990386
9.0,2.0,19.0,-0.0015650860386211551
9.0,2.0,20.0,-7.94850062123361e-07
9.0,3.0,0.0,0.03418691172672639
9.0,3.0,1.0,-0.006589398548858615
9.0,3.0,2.0,-0.002688891808511295
9.0,3.0,3.0,0.004413573483014299
9.0,3.0,4.0,-0.0012815698318382474
9.0,3.0,5.0,0.0018806781744509227
9.0,3.0,6.0,-1.5071348320199517e-11
9.0,3.0,7.0,-0.008862428496583696
9.0,3.0,8.0,-0.001011294009703477
9.0,3.0,9.0,-0.00132507635769262
9.0,3.0,10.0,0.0002312067115330385
9.0,3.0,11.0,-0.008463719534395175
9.0,3.0,12.0,-0.00507487658358019
9.0,3.0,13.0,-0.005659782837656521
9.0,3.0,14.0,-0.0044732699477435175
9.0,3.0,15.0,-1.2558070396296364e-09
9.0,3.0,16.0,0.004531392049642258
9.0,3.0,17.0,-0.0004988432962080569
9.0,3.0,18.0,-0.0008116791308646065
9.0,3.0,19.0,-0.0030325525286621913
9.0,3.0,20.0,-7.992013592155613e-07
9.0,4.0,0.0,0.16900722118767586
9.0,4.0,1.0,-0.014170191443763585
9.0,4.0,2.0,0.001516594102978901
9.0,4.0,3.0,0.014785707831792783
9.0,4.0,4.0,0.015915029658619906
9.0,4.0,5.0,0.004328430161559538
9.0,4.0,6.0,-1.5071348255842057e-11
9.0,4.0,7.0,-0.04606168215168338
9.0,4.0,8.0,-0.021201717749189653
9.0,4.0,9.0,-0.008862096572435627
9.0,4.0,10.0,0.0013986008863561272
9.0,4.0,11.0,-0.02889277098075546
9.0,4.0,12.0,-0.01284252327000207
9.0,4.0,13.0,-0.0006100335318088707
9.0,4.0,14.0,-0.0019054690950768213
9.0,4.0,15.0,-1.2558069597088845e-09
9.0,4.0,16.0,0.038743240339353835
9.0,4.0,17.0,-0.010238217247810377
9.0,4.0,18.0,-0.0014356017794791287
9.0,4.0,19.0,-0.009601788946108969
9.0,4.0,20.0,-7.941161281674402e-07
9.0,5.0,0.0,0.04324142158822303
9.0,5.0,1.0,-0.007139131193407068
9.0,5.0,2.0,-0.0024286057876105552
9.0,5.0,3.0,0.005099339698877159
9.0,5.0,4.0,-8.051664496488975e-05
9.0,5.0,5.0,0.002048694294752351
9.0,5.0,6.0,-1.507134829158105e-11
9.0,5.0,7.0,-0.011285877525172572
9.0,5.0,8.0,-0.002386947115778172
9.0,5.0,9.0,-0.0018347794253142508
9.0,5.0,10.0,0.00029859631139622644
9.0,5.0,11.0,-0.009759481750249932
9.0,5.0,12.0,-0.0056137947061570825
9.0,5.0,13.0,-0.00535487308968299
9.0,5.0,14.0,-0.004316889168147445
9.0,5.0,15.0,-1.2558070384259165e-09
9.0,5.0,16.0,0.006740966504529489
9.0,5.0,17.0,-0.0011525967600055087
9.0,5.0,18.0,-0.0008543683408489683
9.0,5.0,19.0,-0.0034635105747808925
9.0,5.0,20.0,-7.990302844590641e-07
9.0,6.0,0.0,-0.00022922605969077914
9.0,6.0,1.0,-0.004442868081463658
9.0,6.0,2.0,-0.003640852553088601
9.0,6.0,3.0,0.0016704050268473991
9.0,6.0,4.0,-0.005797837346643964
9.0,6.0,5.0,0.0012176367824303924
9.0,6.0,6.0,-1.5071348119157318e-11
9.0,6.0,7.0,0.0006426119527096485
9.0,6.0,8.0,0.004280536347129771
9.0,6.0,9.0,0.0006205896730880761
9.0,6.0,10.0,-0.00011700221179616888
9.0,6.0,11.0,-0.003217194307229998
9.0,6.0,12.0,-0.003136421653274546
9.0,6.0,13.0,-0.006762967428711844
9.0,6.0,14.0,-0.005039923640282676
9.0,6.0,15.0,-1.255807033228458e-09
9.0,6.0,16.0,-0.004345681476263907
9.0,6.0,17.0,0.002055115832523713
9.0,6.0,18.0,-0.0006392096040387096
9.0,6.0,19.0,-0.0014895917103454615
9.0,6.0,20.0,-7.629319889580731e-07
9.0,7.0,0.0,0.03284676201417153
9.0,7.0,1.0,-0.006498020257711408
9.0,7.0,2.0,-0.0027271191892399953
9.0,7.0,3.0,0.004247424175369552
9.0,7.0,4.0,-0.0014341351889340936
9.0,7.0,5.0,0.0018472861295312781
9.0,7.0,6.0,-1.507134824099202e-11
9.0,7.0,7.0,-0.008357512298543313
9.0,7.0,8.0,-0.000770852516263916
9.0,7.0,9.0,-0.0012453827574266801
9.0,7.0,10.0,0.0001767010383077472
9.0,7.0,11.0,-0.008115668218298622
9.0,7.0,12.0,-0.005059382000249912
9.0,7.0,13.0,-0.005704895079790693
9.0,7.0,14.0,-0.004495416737200102
9.0,7.0,15.0,-1.255807036390459e-09
9.0,7.0,16.0,0.003950194337784874
9.0,7.0,17.0,-0.00036835435066917555
9.0,7.0,18.0,-0.0008010608634870103
9.0,7.0,19.0,-0.0030128657687721327
9.0,7.0,20.0,-7.982806143829482e-07
9.0,8.0,0.0,0.009236811137517675
9.0,8.0,1.0,-0.005028646071590561
9.0,8.0,2.0,-0.0033905222664196225
9.0,8.0,3.0,0.0023931288137064854
9.0,8.0,4.0,-0.004547741164694141
9.0,8.0,5.0,0.0013956408368284434
9.0,8.0,6.0,-1.5071348258533483e-11
9.0,8.0,7.0,-0.0019025946760425627
9.0,8.0,8.0,0.0028532342638274977
9.0,8.0,9.0,8.913915248552617e-05
9.0,8.0,10.0,-3.894313582197828e-05
9.0,8.0,11.0,-0.0045820802374323955
9.0,8.0,12.0,-0.0037106754335937686
9.0,8.0,13.0,-0.006475914531004013
9.0,8.0,14.0,-0.004890964192844169
9.0,8.0,15.0,-1.255807035290597e-09
9.0,8.0,16.0,-0.00205999949828628
9.0,8.0,17.0,0.0013694419585365547
9.0,8.0,18.0,-0.0006828496791284611
9.0,8.0,19.0,-0.0019496842637652945
9.0,8.0,20.0,-7.985793797503122e-07
9.0,9.0,0.0,0.017446601167914744
9.0,9.0,1.0,-0.005549416010886259
9.0,9.0,2.0,-0.003158931755435303
9.0,9.0,3.0,0.0030482256954032783
9.0,9.0,4.0,-0.003458048158142768
9.0,9.0,5.0,0.0015536645890771306
9.0,9.0,6.0,-1.5071348272607028e-11
9.0,9.0,7.0,-0.0041671018859140985
9.0,9.0,8.0,0.0015810829843312321
9.0,9.0,9.0,-0.0003783468238881954
9.0,9.0,10.0,4.301178842675002e-05
9.0,9.0,11.0,-0.005830593093546332
9.0,9.0,12.0,-0.004170024371915715
9.0,9.0,13.0,-0.006207371817064997
9.0,9.0,14.0,-0.004753219983080016
9.0,9.0,15.0,-1.2558070361335306e-09
9.0,9.0,16.0,6.872250182554662e-05
9.0,9.0,17.0,0.0007566913536586339
9.0,9.0,18.0,-0.0007259466743533283
9.0,9.0,19.0,-0.002309494705063031
9.0,9.0,20.0,-7.989383374264545e-07
9.0,10.0,0.0,0.0877560777713009
9.0,10.0,1.0,-0.00978216764180428
9.0,10.0,2.0,-0.0010931687399714472
9.0,10.0,3.0,0.00857719866323714
9.0,10.0,4.0,0.005769815316292948
9.0,10.0,5.0,0.002873276847576073
9.0,10.0,6.0,-1.507134830384602e-11
9.0,10.0,7.0,-0.02354716815773092
9.0,10.0,8.0,-0.009209709231712937
9.0,10.0,9.0,-0.0043483697027796725
9.0,10.0,10.0,0.0007213532544669277
9.0,10.0,11.0,-0.01646903761009269
9.0,10.0,12.0,-0.008136083656065163
9.0,10.0,13.0,-0.0037696197184297793
9.0,10.0,14.0,-0.0035089127789145955
9.0,10.0,15.0,-1.2558070384754158e-09
9.0,10.0,16.0,0.018106048947158837
9.0,10.0,17.0,-0.004434379974424335
9.0,10.0,18.0,-0.0010667059209998053
9.0,10.0,19.0,-0.005554135720990838
9.0,10.0,20.0,-7.992476810331842e-07
9.0,11.0,0.0,0.05048828143501549
9.0,11.0,1.0,-0.007573838990992881
9.0,11.0,2.0,-0.00221534223869908
9.0,11.0,3.0,0.005624965943385879
9.0,11.0,4.0,0.0008860655620032132
9.0,11.0,5.0,0.00218293133499059
9.0,11.0,6.0,-1.5071348189119805e-11
9.0,11.0,7.0,-0.013167967781935325
9.0,11.0,8.0,-0.0034774548227822152
9.0,11.0,9.0,-0.002240367865349549
9.0,11.0,10.0,0.00032365664941097494
9.0,11.0,11.0,-0.010743989760392536
9.0,11.0,12.0,-0.006075967928606207
9.0,11.0,13.0,-0.005104447776109555
9.0,11.0,14.0,-0.0041892096843622675
9.0,11.0,15.0,-1.2558070340863136e-09
9.0,11.0,16.0,0.008418213173545075
9.0,11.0,17.0,-0.0016584164564648063
9.0,11.0,18.0,-0.0008879306335542181
9.0,11.0,19.0,-0.0038126259099530158
9.0,11.0,20.0,-7.970178479795724e-07
9.0,12.0,0.0,0.06872054590542287
9.0,12.0,1.0,-0.008672826494974688
9.0,12.0,2.0,-0.0016700587225031305
9.0,12.0,3.0,0.007093019645746407
9.0,12.0,4.0,0.0032954357374977983
9.0,12.0,5.0,0.0025207989803474606
9.0,12.0,6.0,-1.5071348294627306e-11
9.0,12.0,7.0,-0.018300525665002954
9.0,12.0,8.0,-0.006305780653598707
9.0,12.0,9.0,-0.0032787712112977985
9.0,12.0,10.0,0.000543881644020805
9.0,12.0,11.0,-0.013584806645507763
9.0,12.0,12.0,-0.0070615117188531085
9.0,12.0,13.0,-0.004457528391933202
9.0,12.0,14.0,-0.003858646161476617
9.0,12.0,15.0,-1.2558070380963405e-09
9.0,12.0,16.0,0.013224386400084498
9.0,12.0,17.0,-0.003041109287438004
9.0,12.0,18.0,-0.0009772339301750976
9.0,12.0,19.0,-0.00466139950711375
9.0,12.0,20.0,-7.993945462963566e-07
9.0,13.0,0.0,0.0016641174591103258
9.0,13.0,1.0,-0.004576446239475673
9.0,13.0,2.0,-0.0035792316936615227
9.0,13.0,3.0,0.0018157215717188036
9.0,13.0,4.0,-0.005516246792444779
9.0,13.0,5.0,0.0012505197139929813
9.0,13.0,6.0,-1.5071348202914066e-11
9.0,13.0,7.0,0.00013708504626119833
9.0,13.0,8.0,0.0039717416536246206
9.0,13.0,9.0,0.0005043469805778994
9.0,13.0,10.0,-0.00010225494168525362
9.0,13.0,11.0,-0.0034750777118192078
9.0,13.0,12.0,-0.0032476902751343295
9.0,13.0,13.0,-0.006690819495427868
9.0,13.0,14.0,-0.005002183986522989
9.0,13.0,15.0,-1.2558070337371102e-09
9.0,13.0,16.0,-0.0038681573331109664
9.0,13.0,17.0,0.0019101221132431512
9.0,13.0,18.0,-0.0006520953079901526
9.0,13.0,19.0,-0.00157485532352164
9.0,13.0,20.0,-7.962073903700662e-07
9.0,14.0,0.0,0.01048434556070793
9.0,14.0,1.0,-0.005127204711710694
9.0,14.0,2.0,-0.0033425724503893754
9.0,14.0,3.0,0.0025202757814807575
9.0,14.0,4.0,-0.004371631325923442
9.0,14.0,5.0,0.001423570897978288
9.0,14.0,6.0,-1.507134825123431e-11
9.0,14.0,7.0,-0.0022960662793443942
9.0,14.0,8.0,0.002623673063936474
9.0,14.0,9.0,1.0065927036770339e-05
9.0,14.0,10.0,-1.4464524450918947e-05
9.0,14.0,11.0,-0.004830906031453641
9.0,14.0,12.0,-0.003745707607135773
9.0,14.0,13.0,-0.00641849843063504
9.0,14.0,14.0,-0.0048626393648667915
9.0,14.0,15.0,-1.2558070350982107e-09
9.0,14.0,16.0,-0.0015944987199749683
9.0,14.0,17.0,0.001258857210735126
9.0,14.0,18.0,-0.000695738088825143
9.0,14.0,19.0,-0.0019614106458012426
9.0,14.0,20.0,-7.981007808619288e-07
9.0,15.0,0.0,-0.0002292262887446661
9.0,15.0,1.0,-0.004442868078438425
9.0,15.0,2.0,-0.003640852556133955
9.0,15.0,3.0,0.0016704050877579257
9.0,15.0,4.0,-0.005797837440683518
9.0,15.0,5.0,0.0012176367969711777
9.0,15.0,6.0,-1.5071348119157644e-11
9.0,15.0,7.0,0.0006426118583692519
9.0,15.0,8.0,0.004280536341530285
9.0,15.0,9.0,0.0006205896890509877
9.0,15.0,10.0,-0.00011700217595372875
9.0,15.0,11.0,-0.0032171944809528674
9.0,15.0,12.0,-0.0031364215424046216
9.0,15.0,13.0,-0.006762967430518874
9.0,15.0,14.0,-0.005039923644479874
9.0,15.0,15.0,-1.2558070332284638e-09
9.0,15.0,16.0,-0.004345681161605497
9.0,15.0,17.0,0.0020551158226051747
9.0,15.0,18.0,-0.0006392096104355649
9.0,15.0,19.0,-0.0014895915949909577
9.0,15.0,20.0,-7.629320047931215e-07
9.0,16.0,0.0,0.11669773230640812
9.0,16.0,1.0,-0.011395608080372887
9.0,16.0,2.0,-0.0002001733480112792
9.0,16.0,3.0,0.01072317955124158
9.0,16.0,4.0,0.0095335674275282
9.0,16.0,5.0,0.003381256190548354
9.0,16.0,6.0,-1.5071348336736673e-11
9.0,16.0,7.0,-0.03138798098128512
9.0,16.0,8.0,-0.013528416861740663
9.0,16.0,9.0,-0.005970957824707052
9.0,16.0,10.0,0.0009331006463896285
9.0,16.0,11.0,-0.02062419464694787
9.0,16.0,12.0,-0.009876508510559101
9.0,16.0,13.0,-0.00270122708929689
9.0,16.0,14.0,-0.002963265734014092
9.0,16.0,15.0,-1.2558070420155028e-09
9.0,16.0,16.0,0.025053656015169512
9.0,16.0,17.0,-0.006500395554966593
9.0,16.0,18.0,-0.0011892839982827197
9.0,16.0,19.0,-0.007077433974792435
9.0,16.0,20.0,-7.995753775661085e-07
9.0,17.0,0.0,0.026629427475391265
9.0,17.0,1.0,-0.006113312319943061
9.0,17.0,2.0,-0.0029052268373694363
9.0,17.0,3.0,0.0037516327553764606
9.0,17.0,4.0,-0.0022435823192625826
9.0,17.0,5.0,0.0017256606449679024
9.0,17.0,6.0,-1.5071348297116783e-11
9.0,17.0,7.0,-0.00664201953314858
9.0,17.0,8.0,0.0001872742459279736
9.0,17.0,9.0,-0.0008955406701658952
9.0,17.0,10.0,0.00011864723156790324
9.0,17.0,11.0,-0.007157097626525721
9.0,17.0,12.0,-0.004716117055250435
9.0,17.0,13.0,-0.005913490975828996
9.0,17.0,14.0,-0.004601732455150005
9.0,17.0,15.0,-1.2558070378490641e-09
9.0,17.0,16.0,0.0023142878456512417
9.0,17.0,17.0,8.983164326495374e-05
9.0,17.0,18.0,-0.0007689671514546081
9.0,17.0,19.0,-0.0027510697672010753
9.0,17.0,20.0,-7.992263975575887e-07
9.0,18.0,0.0,0.022997425911459757
9.0,18.0,1.0,-0.0058932362107732075
9.0,18.0,2.0,-0.0030034822585155423
9.0,18.0,3.0,0.0034656572948232323
9.0,18.0,4.0,-0.002711514029708706
9.0,18.0,5.0,0.0016554890781550202
9.0,18.0,6.0,-1.507134829232574e-11
9.0,18.0,7.0,-0.00564401322004221
9.0,18.0,8.0,0.0007375198909077771
9.0,18.0,9.0,-0.0006932168060390792
9.0,18.0,10.0,8.402443472588228e-05
9.0,18.0,11.0,-0.0066054370324577505
9.0,18.0,12.0,-0.004508764207638849
9.0,18.0,13.0,-0.006027414373124623
9.0,18.0,14.0,-0.004660188294617777
9.0,18.0,15.0,-1.255807037269682e-09
9.0,18.0,16.0,0.0013911935212262971
9.0,18.0,17.0,0.00035513931096281537
9.0,18.0,18.0,-0.0007520878405700981
9.0,18.0,19.0,-0.002585300276207847
9.0,18.0,20.0,-7.992837699864723e-07
9.0,19.0,0.0,0.14452246884583853
9.0,19.0,1.0,-0.012914316376529407
9.0,19.0,2.0,0.0007187098464407123
9.0,19.0,3.0,0.012872793277297873
9.0,19.0,4.0,0.013054338837184765
9.0,19.0,5.0,0.0038729954417300316
9.0,19.0,6.0,-1.5071348304133547e-11
9.0,19.0,7.0,-0.039164386721035255
9.0,19.0,8.0,-0.017687665274189204
9.0,19.0,9.0,-0.007526922237349867
9.0,19.0,10.0,0.0012043115647220604
9.0,19.0,11.0,-0.024934349619031904
9.0,19.0,12.0,-0.01143468191239555
9.0,19.0,13.0,-0.0015803495358313584
9.0,19.0,14.0,-0.0023945531213189625
9.0,19.0,15.0,-1.2558070325499115e-09
9.0,19.0,16.0,0.03226267818560502
9.0,19.0,17.0,-0.008529027899388586
9.0,19.0,18.0,-0.001320543137577429
9.0,19.0,19.0,-0.008449289179780162
9.0,19.0,20.0,-7.992437955020036e-07
9.0,20.0,0.0,-0.00023041547052338185
9.0,20.0,1.0,-0.004442852038195687
9.0,20.0,2.0,-0.0036408706127397245
9.0,20.0,3.0,0.0016707166243639382
9.0,20.0,4.0,-0.005798312797694272
9.0,20.0,5.0,0.0012177070194356876
9.0,20.0,6.0,-1.507134812065265e-11
9.0,20.0,7.0,0.0006421200164117569
9.0,20.0,8.0,0.004280507732849617
9.0,20.0,9.0,0.0006206694071806268
9.0,20.0,10.0,-0.00011680587224699446
9.0,20.0,11.0,-0.003218078487269793
9.0,20.0,12.0,-0.003135845813317384
9.0,20.0,13.0,-0.006762979205477592
9.0,20.0,14.0,-0.005039945648246627
9.0,20.0,15.0,-1.2558070332518147e-09
9.0,20.0,16.0,-0.004344074843272483
9.0,20.0,17.0,0.0020550595234830327
9.0,20.0,18.0,-0.0006392414637744481
9.0,20.0,19.0,-0.0014890168647847535
9.0,20.0,20.0,-7.630302124281354e-07
10.0,1.0,0.0,0.018395034052008097
10.0,1.0,1.0,-0.001955806909016547
10.0,1.0,2.0,0.0006052534095233042
10.0,1.0,3.0,0.001766919683450635
10.0,1.0,4.0,0.0005743767964011548
10.0,1.0,5.0,0.004376642814564249
10.0,1.0,6.0,6.545706984989171e-07
10.0,1.0,7.0,-0.003043310795410703
10.0,1.0,8.0,0.0019107111490028889
10.0,1.0,9.0,0.0010080182463692577
10.0,1.0,10.0,0.004711377492602975
10.0,1.0,11.0,-0.0037589561221667567
10.0,1.0,12.0,0.00019792944536012325
10.0,1.0,13.0,0.00022595556395655497
10.0,1.0,14.0,-0.0002878723506806735
10.0,1.0,15.0,-0.0007450385725407616
10.0,1.0,16.0,-0.00013033446341648158
10.0,1.0,17.0,-0.0020947751064431808
10.0,1.0,18.0,-0.0006762105459673928
10.0,1.0,19.0,0.0018102243063375933
10.0,1.0,20.0,-8.793918357197821e-11
10.0,2.0,0.0,0.030740009139770708
10.0,2.0,1.0,-0.0033126088977284973
10.0,2.0,2.0,0.001065920821162275
10.0,2.0,3.0,0.0030805034444428836
10.0,2.0,4.0,0.0008772477299284764
10.0,2.0,5.0,0.007453639074734217
10.0,2.0,6.0,1.191352256279314e-06
10.0,2.0,7.0,-0.005028255874314824
10.0,2.0,8.0,0.0032035788546269234
10.0,2.0,9.0,0.0017683780505605706
10.0,2.0,10.0,0.00785120658373789
10.0,2.0,11.0,-0.006330410069080639
10.0,2.0,12.0,0.0004331311200645449
10.0,2.0,13.0,0.0002004193848114469
10.0,2.0,14.0,-0.00047140432338987903
10.0,2.0,15.0,-0.0008119160178897627
10.0,2.0,16.0,-0.00016805739738412484
10.0,2.0,17.0,-0.0032922649813613147
10.0,2.0,18.0,-0.0011545755023307513
10.0,2.0,19.0,0.0030570111128775945
10.0,2.0,20.0,-8.793918354035758e-11
10.0,3.0,0.0,0.036589401373907565
10.0,3.0,1.0,-0.003955896961497812
10.0,3.0,2.0,0.0012939565166479594
10.0,3.0,3.0,0.0037094763753513227
10.0,3.0,4.0,0.001048028895935471
10.0,3.0,5.0,0.008914322606931188
10.0,3.0,6.0,2.7526265311938133e-07
10.0,3.0,7.0,-0.0059732496450389805
10.0,3.0,8.0,0.0038237111491770948
10.0,3.0,9.0,0.002134863980365692
10.0,3.0,10.0,0.009353727293525127
10.0,3.0,11.0,-0.0075654976575595945
10.0,3.0,12.0,0.0005126954812351148
10.0,3.0,13.0,0.0001877533082824956
10.0,3.0,14.0,-0.0005519664218124887
10.0,3.0,15.0,-0.0008362026269556788
10.0,3.0,16.0,-0.00020952530984830187
10.0,3.0,17.0,-0.0038505138445958376
10.0,3.0,18.0,-0.00138093320826016
10.0,3.0,19.0,0.0036402675744141577
10.0,3.0,20.0,-8.793918354448743e-11
10.0,4.0,0.0,0.13841725998251733
10.0,4.0,1.0,-0.015138435524817126
10.0,4.0,2.0,0.00544188060001799
10.0,4.0,3.0,0.014779287115896017
10.0,4.0,4.0,0.004473994286695371
10.0,4.0,5.0,0.03434321204500508
10.0,4.0,6.0,-9.364542553598085e-07
10.0,4.0,7.0,-0.02234503670435145
10.0,4.0,8.0,0.014753429747346752
10.0,4.0,9.0,0.008697453266189703
10.0,4.0,10.0,0.0356338636962541
10.0,4.0,11.0,-0.029446108267189797
10.0,4.0,12.0,0.001266554359394545
10.0,4.0,13.0,-0.00010459070905045192
10.0,4.0,14.0,-0.0018739035291994166
10.0,4.0,15.0,-0.0009533111396136753
10.0,4.0,16.0,-0.0012501810881214714
10.0,4.0,17.0,-0.013364405611171637
10.0,4.0,18.0,-0.005312507507551162
10.0,4.0,19.0,0.013607909372172933
10.0,4.0,20.0,-8.793918328917021e-11
10.0,5.0,0.0,0.02519189835061475
10.0,5.0,1.0,-0.002703475879141992
10.0,5.0,2.0,0.0008594134706542134
10.0,5.0,3.0,0.0024914697836962985
10.0,5.0,4.0,0.000743915735601175
10.0,5.0,5.0,0.006072502380915251
10.0,5.0,6.0,9.700275031440426e-07
10.0,5.0,7.0,-0.004140676807611543
10.0,5.0,8.0,0.002624257843782535
10.0,5.0,9.0,0.0014261933819323391
10.0,5.0,10.0,0.006447471568985785
10.0,5.0,11.0,-0.005176692141017569
10.0,5.0,12.0,0.0003245791480415705
10.0,5.0,13.0,0.00021202782567652373
10.0,5.0,14.0,-0.00038706101966129447
10.0,5.0,15.0,-0.0007839780208795553
10.0,5.0,16.0,-0.00015363171544147125
10.0,5.0,17.0,-0.002757137595910175
10.0,5.0,18.0,-0.0009395769401522869
10.0,5.0,19.0,0.0024929244312379417
10.0,5.0,20.0,-8.793918355821451e-11
10.0,6.0,0.0,0.00011682253723444003
10.0,6.0,1.0,4.921211026295835e-05
10.0,6.0,2.0,-0.0001031463768399743
10.0,6.0,3.0,-0.00017811877071186033
10.0,6.0,4.0,2.0908649860817974e-05
10.0,6.0,5.0,-0.0001624542595035361
10.0,6.0,6.0,-4.906814307593049e-07
10.0,6.0,7.0,-8.777892307409996e-05
10.0,6.0,8.0,-3.7275917635762323e-05
10.0,6.0,9.0,-0.0001342158744858657
10.0,6.0,10.0,3.174455906373996e-05
10.0,6.0,11.0,0.00012503630407312283
10.0,6.0,12.0,4.082109367253839e-06
10.0,6.0,13.0,0.00024569080406826316
10.0,6.0,14.0,-2.599999076835502e-05
10.0,6.0,15.0,-0.0005854970824036366
10.0,6.0,16.0,1.722987498675721e-05
10.0,6.0,17.0,-0.0003185996901673982
10.0,6.0,18.0,2.944484146866211e-05
10.0,6.0,19.0,-1.2216422188515708e-05
10.0,6.0,20.0,-8.793918357199492e-11
10.0,7.0,0.0,0.049813984877637246
10.0,7.0,1.0,-0.005407326774509488
10.0,7.0,2.0,0.0018286535667465242
10.0,7.0,3.0,0.005141343969014861
10.0,7.0,4.0,0.001484776602757476
10.0,7.0,5.0,0.012213226586809081
10.0,7.0,6.0,-5.771934690230814e-07
10.0,7.0,7.0,-0.00810179482911269
10.0,7.0,8.0,0.005240395674468462
10.0,7.0,9.0,0.002982461956282323
10.0,7.0,10.0,0.01275170426144806
10.0,7.0,11.0,-0.010400453395973397
10.0,7.0,12.0,0.0006194167745165458
10.0,7.0,13.0,0.00015728815775722937
10.0,7.0,14.0,-0.0007302385212825668
10.0,7.0,15.0,-0.0008777154681018453
10.0,7.0,16.0,-0.0003444067842998111
10.0,7.0,17.0,-0.005092038620327588
10.0,7.0,18.0,-0.001891443352460831
10.0,7.0,19.0,0.004953435350497415
10.0,7.0,20.0,-8.793918345759706e-11
10.0,8.0,0.0,0.021930692119610268
10.0,8.0,1.0,-0.0023440445872658644
10.0,8.0,2.0,0.0007430432188007818
10.0,8.0,3.0,0.0021452177722874888
10.0,8.0,4.0,0.0006785853602748748
10.0,8.0,5.0,0.005256736237972098
10.0,8.0,6.0,7.915096765262333e-07
10.0,8.0,7.0,-0.0036119769880708086
10.0,8.0,8.0,0.002286567917816368
10.0,8.0,9.0,0.0012306528851533105
10.0,8.0,10.0,0.005613209613185788
10.0,8.0,11.0,-0.0045094215006331595
10.0,8.0,12.0,0.00023989488461351183
10.0,8.0,13.0,0.00021924123644220805
10.0,8.0,14.0,-0.0003389968337131344
10.0,8.0,15.0,-0.0007660121723779654
10.0,8.0,16.0,-0.00015632038680812865
10.0,8.0,17.0,-0.002433255408260504
10.0,8.0,18.0,-0.0008130648914922989
10.0,8.0,19.0,0.0021654254034523257
10.0,8.0,20.0,-8.793918356675857e-11
10.0,9.0,0.0,0.04049733936697217
10.0,9.0,1.0,-0.004384968089336291
10.0,9.0,2.0,0.0014470390816013201
10.0,9.0,3.0,0.0041288919420451875
10.0,9.0,4.0,0.001160093042864796
10.0,9.0,5.0,0.009888133529725077
10.0,9.0,6.0,1.75382133299396e-07
10.0,9.0,7.0,-0.006598037166194615
10.0,9.0,8.0,0.0042370184734793065
10.0,9.0,9.0,0.002382083681136987
10.0,9.0,10.0,0.010344809875088123
10.0,9.0,11.0,-0.008391318555028893
10.0,9.0,12.0,0.0005658064650513328
10.0,9.0,13.0,0.00017829610412854746
10.0,9.0,14.0,-0.0006090605496568702
10.0,9.0,15.0,-0.0008499896673770857
10.0,9.0,16.0,-0.00023654523192151444
10.0,9.0,17.0,-0.004217176167188974
10.0,9.0,18.0,-0.0015324389502075486
10.0,9.0,19.0,0.004037676740067497
10.0,9.0,20.0,-8.793918353948223e-11
10.0,10.0,0.0,0.09921402311837976
10.0,10.0,1.0,-0.010836941642048875
10.0,10.0,2.0,0.003828803387235513
10.0,10.0,3.0,0.010516447530214773
10.0,10.0,4.0,0.0031173804510847836
10.0,10.0,5.0,0.024563463440345504
10.0,10.0,6.0,-9.316437487297772e-07
10.0,10.0,7.0,-0.016035608432672543
10.0,10.0,8.0,0.010543289967479857
10.0,10.0,9.0,0.0061706547824858515
10.0,10.0,10.0,0.025484878038717906
10.0,10.0,11.0,-0.021062914468992944
10.0,10.0,12.0,0.0009863661935533563
10.0,10.0,13.0,1.6162391314210323e-05
10.0,10.0,14.0,-0.0013873841164280254
10.0,10.0,15.0,-0.0009409509128895952
10.0,10.0,16.0,-0.0008020896574665315
10.0,10.0,17.0,-0.009754125427033744
10.0,10.0,18.0,-0.0038058391764421162
10.0,10.0,19.0,0.009812526792662424
10.0,10.0,20.0,-8.79391835345917e-11
10.0,11.0,0.0,0.0801363005826351
10.0,11.0,1.0,-0.008743389327266843
10.0,11.0,2.0,0.003020036117304198
10.0,11.0,3.0,0.00843399560771163
10.0,11.0,4.0,0.002392350068039617
10.0,11.0,5.0,0.01981132216043459
10.0,11.0,6.0,-9.130078265167507e-07
10.0,11.0,7.0,-0.013000081704093835
10.0,11.0,8.0,0.008459533987999646
10.0,11.0,9.0,0.004900060925683014
10.0,11.0,10.0,0.02057835931027019
10.0,11.0,11.0,-0.016854515452503438
10.0,11.0,12.0,0.0009991160682991107
10.0,11.0,13.0,7.161742709351632e-05
10.0,11.0,14.0,-0.0011348853259152136
10.0,11.0,15.0,-0.0009273580991310009
10.0,11.0,16.0,-0.0005524136233053811
10.0,11.0,17.0,-0.007985429011108047
10.0,11.0,18.0,-0.0030648392295830607
10.0,11.0,19.0,0.007948307627634543
10.0,11.0,20.0,-8.793918353721855e-11
10.0,12.0,0.0,0.07908672616588489
10.0,12.0,1.0,-0.008627354224461495
10.0,12.0,2.0,0.0030104516435779938
10.0,12.0,3.0,0.008337530614854427
10.0,12.0,4.0,0.0024408028872207055
10.0,12.0,5.0,0.019547526552715286
10.0,12.0,6.0,-9.25805338764148e-07
10.0,12.0,7.0,-0.01283537247526248
10.0,12.0,8.0,0.008378843126236254
10.0,12.0,9.0,0.004859095127363516
10.0,12.0,10.0,0.02032600409328339
10.0,12.0,11.0,-0.01669642405874744
10.0,12.0,12.0,0.0008722756567112189
10.0,12.0,13.0,7.703040984295001e-05
10.0,12.0,14.0,-0.0011113344610140241
10.0,12.0,15.0,-0.0009260704988396549
10.0,12.0,16.0,-0.0006185376834387801
10.0,12.0,17.0,-0.007865438933698843
10.0,12.0,18.0,-0.0030253096108753263
10.0,12.0,19.0,0.007837989808445078
10.0,12.0,20.0,-8.793918355042592e-11
10.0,13.0,0.0,0.008328943176565268
10.0,13.0,1.0,-0.0008507078158424136
10.0,13.0,2.0,0.00021822421700912198
10.0,13.0,3.0,0.0006943457055694213
10.0,13.0,4.0,0.0002833457365103431
10.0,13.0,5.0,0.00187343223581736
10.0,13.0,6.0,-4.0477101817825494e-07
10.0,13.0,7.0,-0.0014172147183211803
10.0,13.0,8.0,0.0008419560604129295
10.0,13.0,9.0,0.00038065648543794683
10.0,13.0,10.0,0.0021367389274065673
10.0,13.0,11.0,-0.001630277577313266
10.0,13.0,12.0,6.97634659795332e-05
10.0,13.0,13.0,0.00023940618354217902
10.0,13.0,14.0,-0.00014313704394136595
10.0,13.0,15.0,-0.0006674696588856164
10.0,13.0,16.0,-6.159473276912131e-05
10.0,13.0,17.0,-0.0011171450568503438
10.0,13.0,18.0,-0.00028690999500854963
10.0,13.0,19.0,0.0008035733215224772
10.0,13.0,20.0,-8.793918358250596e-11
10.0,14.0,0.0,0.05464291680984115
10.0,14.0,1.0,-0.005945482404306493
10.0,14.0,2.0,0.0018491547705121458
10.0,14.0,3.0,0.005583078970256561
10.0,14.0,4.0,0.0011885409498200161
10.0,14.0,5.0,0.0134369663983651
10.0,14.0,6.0,-3.118515375739383e-08
10.0,14.0,7.0,-0.008887526851270117
10.0,14.0,8.0,0.0055908568617763915
10.0,14.0,9.0,0.0031406212606005512
10.0,14.0,10.0,0.013933285302335896
10.0,14.0,11.0,-0.011036159768768539
10.0,14.0,12.0,0.0013310597185079431
10.0,14.0,13.0,0.0001287458590535709
10.0,14.0,14.0,-0.0008351045223818354
10.0,14.0,15.0,-0.0008885315993698408
10.0,14.0,16.0,1.6786423973402798e-05
10.0,14.0,17.0,-0.005665295650626012
10.0,14.0,18.0,-0.0020737346858016037
10.0,14.0,19.0,0.005458634998251277
10.0,14.0,20.0,-8.793918340692338e-11
10.0,15.0,0.0,0.00019559244008385268
10.0,15.0,1.0,3.9412270117472614e-05
10.0,15.0,2.0,-9.985637086740162e-05
10.0,15.0,3.0,-0.0001700327795789991
10.0,15.0,4.0,2.35471652718644e-05
10.0,15.0,5.0,-0.0001416748502207077
10.0,15.0,6.0,-4.883502008406152e-07
10.0,15.0,7.0,-0.0001006730563464786
10.0,15.0,8.0,-2.780311545481917e-05
10.0,15.0,9.0,-0.00012898699310312511
10.0,15.0,10.0,5.2688803691025576e-05
10.0,15.0,11.0,0.00010780911918462088
10.0,15.0,12.0,4.725472118882745e-06
10.0,15.0,13.0,0.0002458704251143626
10.0,15.0,14.0,-2.6894781854802652e-05
10.0,15.0,15.0,-0.0005869092980789784
10.0,15.0,16.0,1.6444571835805277e-05
10.0,15.0,17.0,-0.00032594090856508107
10.0,15.0,18.0,2.563887793119446e-05
10.0,15.0,19.0,-3.6812808211772463e-06
10.0,15.0,20.0,-8.793918357190826e-11
10.0,16.0,0.0,0.13683055359918164
10.0,16.0,1.0,-0.014968879903662552
10.0,16.0,2.0,0.005399914441609699
10.0,16.0,3.0,0.014643690272444443
10.0,16.0,4.0,0.004405173410006014
10.0,16.0,5.0,0.03397479540039906
10.0,16.0,6.0,-9.378361625349922e-07
10.0,16.0,7.0,-0.022074136631392904
10.0,16.0,8.0,0.014596295255401626
10.0,16.0,9.0,0.008627939367463061
10.0,16.0,10.0,0.035126941969621406
10.0,16.0,11.0,-0.029172295301906792
10.0,16.0,12.0,0.0012359057204453516
10.0,16.0,13.0,-0.0001016168802480677
10.0,16.0,14.0,-0.0018819816452814164
10.0,16.0,15.0,-0.000953080660495885
10.0,16.0,16.0,-0.0012478676829883462
10.0,16.0,17.0,-0.01319442684403449
10.0,16.0,18.0,-0.005266756710395865
10.0,16.0,19.0,0.013588972310870084
10.0,16.0,20.0,-8.79391834980436e-11
10.0,17.0,0.0,0.08368130356447498
10.0,17.0,1.0,-0.00913256614150057
10.0,17.0,2.0,0.003130779092579472
10.0,17.0,3.0,0.008782777272589942
10.0,17.0,4.0,0.0023977501410722413
10.0,17.0,5.0,0.020680628934524284
10.0,17.0,6.0,-8.64156249989105e-07
10.0,17.0,7.0,-0.013522173142276078
10.0,17.0,8.0,0.008796705456224227
10.0,17.0,9.0,0.005108488231080871
10.0,17.0,10.0,0.02138448760963485
10.0,17.0,11.0,-0.017525371742674878
10.0,17.0,12.0,0.001176057729671609
10.0,17.0,13.0,5.5971144597211087e-05
10.0,17.0,14.0,-0.001214616255879819
10.0,17.0,15.0,-0.0009303200541650323
10.0,17.0,16.0,-0.0004976703079854206
10.0,17.0,17.0,-0.008292616670907638
10.0,17.0,18.0,-0.003205347572098477
10.0,17.0,19.0,0.008361451735853787
10.0,17.0,20.0,-8.793918351456167e-11
10.0,18.0,0.0,0.027256650747602668
10.0,18.0,1.0,-0.002929954855726072
10.0,18.0,2.0,0.0009331814873600464
10.0,18.0,3.0,0.0027095091850216635
10.0,18.0,4.0,0.0007860111850930274
10.0,18.0,5.0,0.006586556933553658
10.0,18.0,6.0,1.0084896420315825e-06
10.0,18.0,7.0,-0.004473131310204881
10.0,18.0,8.0,0.002837149077154627
10.0,18.0,9.0,0.0015501108009375597
10.0,18.0,10.0,0.00697175113933407
10.0,18.0,11.0,-0.005597922119300602
10.0,18.0,12.0,0.000377225895049238
10.0,18.0,13.0,0.00020836618588847278
10.0,18.0,14.0,-0.00041820184617891165
10.0,18.0,15.0,-0.0007957909460960107
10.0,18.0,16.0,-0.00015294814140232038
10.0,18.0,17.0,-0.002960278251431303
10.0,18.0,18.0,-0.0010191987704259442
10.0,18.0,19.0,0.002701499061445345
10.0,18.0,20.0,-8.793918355013511e-11
10.0,19.0,0.0,0.1024647011142987
10.0,19.0,1.0,-0.011192850297893506
10.0,19.0,2.0,0.003987716192579399
10.0,19.0,3.0,0.0108838310089997
10.0,19.0,4.0,0.0032408217782583515
10.0,19.0,5.0,0.025375401250224458
10.0,19.0,6.0,-9.330117022070431e-07
10.0,19.0,7.0,-0.016544954675618312
10.0,19.0,8.0,0.010897302591307084
10.0,19.0,9.0,0.0063990884168665385
10.0,19.0,10.0,0.02624935704844794
10.0,19.0,11.0,-0.021757175387721372
10.0,19.0,12.0,0.0010016511849609278
10.0,19.0,13.0,5.96083470501968e-06
10.0,19.0,14.0,-0.0014410470350386118
10.0,19.0,15.0,-0.0009427277730464976
10.0,19.0,16.0,-0.0008885804782124973
10.0,19.0,17.0,-0.00998468228134941
10.0,19.0,18.0,-0.003936476846479575
10.0,19.0,19.0,0.01021893137432639
10.0,19.0,20.0,-8.793918353838378e-11
10.0,20.0,0.0,0.0001168729387925338
10.0,20.0,1.0,4.921050477114941e-05
10.0,20.0,2.0,-0.00010313165056505258
10.0,20.0,3.0,-0.00017812208815606856
10.0,20.0,4.0,2.0938486401722578e-05
10.0,20.0,5.0,-0.00016246035555969596
10.0,20.0,6.0,-4.907970652706207e-07
10.0,20.0,7.0,-8.775440012237512e-05
10.0,20.0,8.0,-3.726581928947814e-05
10.0,20.0,9.0,-0.00013419751946461278
10.0,20.0,10.0,3.170536398039436e-05
10.0,20.0,11.0,0.0001250086236379011
10.0,20.0,12.0,4.030092757179027e-06
10.0,20.0,13.0,0.0002456913575565253
10.0,20.0,14.0,-2.600947886038929e-05
10.0,20.0,15.0,-0.0005854970208842681
10.0,20.0,16.0,1.7199904454034964e-05
10.0,20.0,17.0,-0.00031856343667474585
10.0,20.0,18.0,2.944187652345609e-05
10.0,20.0,19.0,-1.21882907424542e-05
10.0,20.0,20.0,-8.793918357199722e-11
11.0,1.0,0.0,0.0036024521410085164
11.0,1.0,1.0,-0.006600397322776973
11.0,1.0,2.0,-0.0048145672596666515
11.0,1.0,3.0,0.003362227795957906
11.0,1.0,4.0,0.00033821105613807134
11.0,1.0,5.0,0.0011926003608155877
11.0,1.0,6.0,-2.7227842759409363e-11
11.0,1.0,7.0,0.00205406124693161
11.0,1.0,8.0,0.0031077409264435446
11.0,1.0,9.0,0.0001764042407296773
11.0,1.0,10.0,0.0019567702853915403
11.0,1.0,11.0,-0.0021829263083529005
11.0,1.0,12.0,-0.0017914045005937296
11.0,1.0,13.0,-2.766864449429953e-08
11.0,1.0,14.0,-0.006790887696235596
11.0,1.0,15.0,-4.803224085998804e-06
11.0,1.0,16.0,-0.00487986181239719
11.0,1.0,17.0,-0.005894871394241507
11.0,1.0,18.0,0.0029073071193741473
11.0,1.0,19.0,0.004387294226316785
11.0,1.0,20.0,-1.4126086885878035e-07
11.0,2.0,0.0,0.0019109226568666537
11.0,2.0,1.0,-0.006424855084917537
11.0,2.0,2.0,-0.004837181117519583
11.0,2.0,3.0,0.00290817243728414
11.0,2.0,4.0,0.0003381001442910314
11.0,2.0,5.0,0.0010973424260257991
11.0,2.0,6.0,-2.7227842727345875e-11
11.0,2.0,7.0,0.002158391832168649
11.0,2.0,8.0,0.0031030936367377887
11.0,2.0,9.0,0.00011729004895857931
11.0,2.0,10.0,0.001663207600151817
11.0,2.0,11.0,-0.0016439943190292017
11.0,2.0,12.0,-0.0016262064946910293
11.0,2.0,13.0,-2.7668644446459976e-08
11.0,2.0,14.0,-0.006564352547971851
11.0,2.0,15.0,-4.803214899275172e-06
11.0,2.0,16.0,-0.004508840023294103
11.0,2.0,17.0,-0.005210500316571862
11.0,2.0,18.0,0.002655481841915386
11.0,2.0,19.0,0.00415616827874532
11.0,2.0,20.0,-1.4126086499174812e-07
11.0,3.0,0.0,0.07352554364284547
11.0,3.0,1.0,-0.01054884638363178
11.0,3.0,2.0,-0.0036433408724297917
11.0,3.0,3.0,0.025169146099916773
11.0,3.0,4.0,0.0003386191346119727
11.0,3.0,5.0,0.003585874658276894
11.0,3.0,6.0,-2.7227842791327578e-11
11.0,3.0,7.0,-0.0063716029275660835
11.0,3.0,8.0,0.002628414077903818
11.0,3.0,9.0,0.0009283594971058462
11.0,3.0,10.0,0.017645465187794862
11.0,3.0,11.0,-0.02330558333421244
11.0,3.0,12.0,-0.003178573549468766
11.0,3.0,13.0,-2.7668644662558945e-08
11.0,3.0,14.0,-0.013452067453158443
11.0,3.0,15.0,-4.803431528534737e-06
11.0,3.0,16.0,-0.010157626435067568
11.0,3.0,17.0,-0.022926426308657138
11.0,3.0,18.0,0.009498311736715725
11.0,3.0,19.0,0.009974164417235865
11.0,3.0,20.0,-1.412609341391576e-07
11.0,4.0,0.0,0.21041134611013446
11.0,4.0,1.0,-0.012572011186087827
11.0,4.0,2.0,0.0013062892301636056
11.0,4.0,3.0,0.06685586791874576
11.0,4.0,4.0,0.0003255109658110156
11.0,4.0,5.0,0.004754776329907312
11.0,4.0,6.0,-2.722784246640929e-11
11.0,4.0,7.0,-0.023446711722183794
11.0,4.0,8.0,-0.0001494724882124404
11.0,4.0,9.0,0.0030062892168334077
11.0,4.0,10.0,0.04639375686819447
11.0,4.0,11.0,-0.06225034813242947
11.0,4.0,12.0,-0.004887165585770736
11.0,4.0,13.0,-2.766864443581878e-08
11.0,4.0,14.0,-0.020168093390138777
11.0,4.0,15.0,-4.803550504113132e-06
11.0,4.0,16.0,-0.010838404850290084
11.0,4.0,17.0,-0.025764921132822385
11.0,4.0,18.0,0.011504826165769533
11.0,4.0,19.0,0.010702526583610483
11.0,4.0,20.0,-1.412610191497308e-07
11.0,5.0,0.0,0.03416065841895288
11.0,5.0,1.0,-0.008859938149610714
11.0,5.0,2.0,-0.0043896244611981525
11.0,5.0,3.0,0.012918428474233745
11.0,5.0,4.0,0.0003391901273238629
11.0,5.0,5.0,0.0025242155008218803
11.0,5.0,6.0,-2.722784275933107e-11
11.0,5.0,7.0,-0.0016194871721508797
11.0,5.0,8.0,0.003060576512601859
11.0,5.0,9.0,0.0004038170732876545
11.0,5.0,10.0,0.00901322992229614
11.0,5.0,11.0,-0.01155541113930586
11.0,5.0,12.0,-0.002294320567500563
11.0,5.0,13.0,-2.7668644525795927e-08
11.0,5.0,14.0,-0.010161337597054617
11.0,5.0,15.0,-4.8033390050676315e-06
11.0,5.0,16.0,-0.007672161370208652
11.0,5.0,17.0,-0.01586371048184284
11.0,5.0,18.0,0.0066489455957696175
11.0,5.0,19.0,0.0076318321213662
11.0,5.0,20.0,-1.4126089684092235e-07
11.0,6.0,0.0,0.0014887194847027496
11.0,6.0,1.0,-0.006344042431333418
11.0,6.0,2.0,-0.004846104141438289
11.0,6.0,3.0,0.002736205544558279
11.0,6.0,4.0,0.0003380411881878098
11.0,6.0,5.0,0.0010592828167377832
11.0,6.0,6.0,-2.7227842562944116e-11
11.0,6.0,7.0,0.002240190558989691
11.0,6.0,8.0,0.0030853293452642455
11.0,6.0,9.0,0.0001348495658398119
11.0,6.0,10.0,0.0015067965007085071
11.0,6.0,11.0,-0.0014888890795596021
11.0,6.0,12.0,-0.0016710727361238797
11.0,6.0,13.0,-2.7668644220070707e-08
11.0,6.0,14.0,-0.006470354306427284
11.0,6.0,15.0,-4.803209663557605e-06
11.0,6.0,16.0,-0.004496156524696926
11.0,6.0,17.0,-0.004951894681287334
11.0,6.0,18.0,0.0025555355935343305
11.0,6.0,19.0,0.004071599380096269
11.0,6.0,20.0,-1.4126085635913084e-07
11.0,7.0,0.0,0.04906955712554717
11.0,7.0,1.0,-0.009642199810627503
11.0,7.0,2.0,-0.004135050948094495
11.0,7.0,3.0,0.01725364013498515
11.0,7.0,4.0,0.0003392173043164082
11.0,7.0,5.0,0.003006067396711165
11.0,7.0,6.0,-2.7227842486953e-11
11.0,7.0,7.0,-0.0031233358733464556
11.0,7.0,8.0,0.0029544296589491398
11.0,7.0,9.0,0.0008455451971020322
11.0,7.0,10.0,0.011996623115059224
11.0,7.0,11.0,-0.016093244752097086
11.0,7.0,12.0,-0.002982357711978134
11.0,7.0,13.0,-2.766864424051557e-08
11.0,7.0,14.0,-0.011543960641512217
11.0,7.0,15.0,-4.80337780675441e-06
11.0,7.0,16.0,-0.008864969477204832
11.0,7.0,17.0,-0.01930684475431725
11.0,7.0,18.0,0.007948400469609707
11.0,7.0,19.0,0.008791449542741803
11.0,7.0,20.0,-1.4126090408331388e-07
11.0,8.0,0.0,0.026062552791860982
11.0,8.0,1.0,-0.00833926859566231
11.0,8.0,2.0,-0.004516228926663372
11.0,8.0,3.0,0.010362524577400223
11.0,8.0,4.0,0.00033904443217547264
11.0,8.0,5.0,0.0022066265837578647
11.0,8.0,6.0,-2.722784274839654e-11
11.0,8.0,7.0,-0.0006048157316850544
11.0,8.0,8.0,0.003090256424353219
11.0,8.0,9.0,0.0003513167567214259
11.0,8.0,10.0,0.0071295002010109965
11.0,8.0,11.0,-0.009082062998816393
11.0,8.0,12.0,-0.002225227318896128
11.0,8.0,13.0,-2.7668644484057227e-08
11.0,8.0,14.0,-0.009320047123832217
11.0,8.0,15.0,-4.803312702649974e-06
11.0,8.0,16.0,-0.007101480795638437
11.0,8.0,17.0,-0.013532172831231778
11.0,8.0,18.0,0.005757026418110767
11.0,8.0,19.0,0.006874395377884479
11.0,8.0,20.0,-1.4126088848552977e-07
11.0,9.0,0.0,0.052879191358927824
11.0,9.0,1.0,-0.00982087772554063
11.0,9.0,2.0,-0.00406051781801536
11.0,9.0,3.0,0.01853869884182685
11.0,9.0,4.0,0.00033917836727215267
11.0,9.0,5.0,0.003128625687109199
11.0,9.0,6.0,-2.7227842674762394e-11
11.0,9.0,7.0,-0.003665082935590702
11.0,9.0,8.0,0.0028938611837679012
11.0,9.0,9.0,0.0007520342146953574
11.0,9.0,10.0,0.012928619072656855
11.0,9.0,11.0,-0.017206490377210476
11.0,9.0,12.0,-0.0029800577636706627
11.0,9.0,13.0,-2.7668644403423856e-08
11.0,9.0,14.0,-0.011881577398153861
11.0,9.0,15.0,-4.803388308843044e-06
11.0,9.0,16.0,-0.009365711403760413
11.0,9.0,17.0,-0.02006686134600349
11.0,9.0,18.0,0.008278891766466179
11.0,9.0,19.0,0.009025738263350847
11.0,9.0,20.0,-1.4126091050876523e-07
11.0,10.0,0.0,0.1376961132076182
11.0,10.0,1.0,-0.011816840630513518
11.0,10.0,2.0,-0.0018280742971012454
11.0,10.0,3.0,0.04498320826133978
11.0,10.0,4.0,0.0003341357036943382
11.0,10.0,5.0,0.004293336888841759
11.0,10.0,6.0,-2.7227842725041757e-11
11.0,10.0,7.0,-0.014347732183355
11.0,10.0,8.0,0.0014782002345828105
11.0,10.0,9.0,0.00185752788617069
11.0,10.0,10.0,0.031290395650073854
11.0,10.0,11.0,-0.04173217760861023
11.0,10.0,12.0,-0.004060168472989123
11.0,10.0,13.0,-2.766864459749174e-08
11.0,10.0,14.0,-0.01713770727631357
11.0,10.0,15.0,-4.803509205211442e-06
11.0,10.0,16.0,-0.011005956772178749
11.0,10.0,17.0,-0.025564627978154522
11.0,10.0,18.0,0.010999740387337364
11.0,10.0,19.0,0.01088128516439113
11.0,10.0,20.0,-1.4126097754216152e-07
11.0,11.0,0.0,0.029406032180542163
11.0,11.0,1.0,-0.008610020411212713
11.0,11.0,2.0,-0.004457167459219013
11.0,11.0,3.0,0.011441489142656358
11.0,11.0,4.0,0.00033915230299041976
11.0,11.0,5.0,0.0023646127405964057
11.0,11.0,6.0,-2.722784276582948e-11
11.0,11.0,7.0,-0.0010293118669678913
11.0,11.0,8.0,0.003096017380254751
11.0,11.0,9.0,0.0003674178156806984
11.0,11.0,10.0,0.007939437379954728
11.0,11.0,11.0,-0.010138297286588216
11.0,11.0,12.0,-0.0022482416936264182
11.0,11.0,13.0,-2.766864453302168e-08
11.0,11.0,14.0,-0.0097266961779033
11.0,11.0,15.0,-4.803326345129358e-06
11.0,11.0,16.0,-0.007394048317499902
11.0,11.0,17.0,-0.01465075611912231
11.0,11.0,18.0,0.006186316374670264
11.0,11.0,19.0,0.007236877225221927
11.0,11.0,20.0,-1.412608935601221e-07
11.0,12.0,0.0,0.0904946777975667
11.0,12.0,1.0,-0.011024819692374508
11.0,12.0,2.0,-0.003225843463332156
11.0,12.0,3.0,0.030407001872119088
11.0,12.0,4.0,0.00033778713180743214
11.0,12.0,5.0,0.0038622980487481307
11.0,12.0,6.0,-2.722784275497937e-11
11.0,12.0,7.0,-0.008434800160227657
11.0,12.0,8.0,0.0023740282282772585
11.0,12.0,9.0,0.0011752954106430957
11.0,12.0,10.0,0.021267243525597057
11.0,12.0,11.0,-0.02825575948982885
11.0,12.0,12.0,-0.0034569239869443047
11.0,12.0,13.0,-2.7668644570134532e-08
11.0,12.0,14.0,-0.014610615174741522
11.0,12.0,15.0,-4.803459152637766e-06
11.0,12.0,16.0,-0.010654391982154454
11.0,12.0,17.0,-0.0243057317525721
11.0,12.0,18.0,0.010153376595616215
11.0,12.0,19.0,0.0104532072424256
11.0,12.0,20.0,-1.4126094396554902e-07
11.0,13.0,0.0,0.001488717255772709
11.0,13.0,1.0,-0.006344042407478051
11.0,13.0,2.0,-0.004846104174178177
11.0,13.0,3.0,0.002736213323032033
11.0,13.0,4.0,0.0003380411879537748
11.0,13.0,5.0,0.001059282630137326
11.0,13.0,6.0,-2.7227842562975594e-11
11.0,13.0,7.0,0.0022401814811126852
11.0,13.0,8.0,0.003085330087069127
11.0,13.0,9.0,0.00013484432757657205
11.0,13.0,10.0,0.001506807303652824
11.0,13.0,11.0,-0.001488888198266508
11.0,13.0,12.0,-0.0016710585863504157
11.0,13.0,13.0,-2.766864422011467e-08
11.0,13.0,14.0,-0.006470354406747234
11.0,13.0,15.0,-4.803209663682787e-06
11.0,13.0,16.0,-0.004496138950827455
11.0,13.0,17.0,-0.004951895205674201
11.0,13.0,18.0,0.0025555361120789266
11.0,13.0,19.0,0.004071598751962946
11.0,13.0,20.0,-1.412608563605732e-07
11.0,14.0,0.0,0.006284052462270817
11.0,14.0,1.0,-0.00684905104802294
11.0,14.0,2.0,-0.004780609808148143
11.0,14.0,3.0,0.004187501505231117
11.0,14.0,4.0,0.00033835546789129367
11.0,14.0,5.0,0.001330160227870164
11.0,14.0,6.0,-2.7227842777023906e-11
11.0,14.0,7.0,0.0017559784704778425
11.0,14.0,8.0,0.0031177052628022645
11.0,14.0,9.0,0.00020223872504854246
11.0,14.0,10.0,0.0025688568825862346
11.0,14.0,11.0,-0.0030192611011085335
11.0,14.0,12.0,-0.0018630245478265528
11.0,14.0,13.0,-2.766864453796283e-08
11.0,14.0,14.0,-0.007125310672618214
11.0,14.0,15.0,-4.803236924810042e-06
11.0,14.0,16.0,-0.005203880177990006
11.0,14.0,17.0,-0.006921992490391653
11.0,14.0,18.0,0.003287996915949276
11.0,14.0,19.0,0.0047251496389668635
11.0,14.0,20.0,-1.4126087283841068e-07
11.0,15.0,0.0,0.0014884464116472484
11.0,15.0,1.0,-0.006344046760348162
11.0,15.0,2.0,-0.0048461075651995
11.0,15.0,3.0,0.0027371593867250854
11.0,15.0,4.0,0.0003380411670689254
11.0,15.0,5.0,0.0010592623709938243
11.0,15.0,6.0,-2.7227842566746756e-11
11.0,15.0,7.0,0.0022390783417150784
11.0,15.0,8.0,0.003085423003998611
11.0,15.0,9.0,0.00013420733873129032
11.0,15.0,10.0,0.0015081228669139302
11.0,15.0,11.0,-0.001488782992406651
11.0,15.0,12.0,-0.001669338525733255
11.0,15.0,13.0,-2.7668644225400298e-08
11.0,15.0,14.0,-0.006470372471559644
11.0,15.0,15.0,-4.803209678896156e-06
11.0,15.0,16.0,-0.004494005870685269
11.0,15.0,17.0,-0.004951969759581263
11.0,15.0,18.0,0.0025556035331051885
11.0,15.0,19.0,0.004071526789482194
11.0,15.0,20.0,-1.4126085653400696e-07
11.0,16.0,0.0,0.12081816574771487
11.0,16.0,1.0,-0.011606531637236645
11.0,16.0,2.0,-0.002348250879782852
11.0,16.0,3.0,0.039775104714491194
11.0,16.0,4.0,0.00033555503453974733
11.0,16.0,5.0,0.00418235026718583
11.0,16.0,6.0,-2.7227842745781992e-11
11.0,16.0,7.0,-0.012204465489046495
11.0,16.0,8.0,0.001822624042261467
11.0,16.0,9.0,0.0016250174465534672
11.0,16.0,10.0,0.02770699376704855
11.0,16.0,11.0,-0.03697506185443447
11.0,16.0,12.0,-0.0038884142501199315
11.0,16.0,13.0,-2.7668644612326034e-08
11.0,16.0,14.0,-0.01634790144563276
11.0,16.0,15.0,-4.803495631206662e-06
11.0,16.0,16.0,-0.011036220210770109
11.0,16.0,17.0,-0.0253631406584947
11.0,16.0,18.0,0.010797573540129335
11.0,16.0,19.0,0.010813599004337426
11.0,16.0,20.0,-1.4126096779800742e-07
11.0,17.0,0.0,0.005592889979218474
11.0,17.0,1.0,-0.006779422733154907
11.0,17.0,2.0,-0.004790272080938246
11.0,17.0,3.0,0.003994827390750633
11.0,17.0,4.0,0.0003383135309088514
11.0,17.0,5.0,0.0012913536838344286
11.0,17.0,6.0,-2.7227842770198235e-11
11.0,17.0,7.0,0.0018038853026391688
11.0,17.0,8.0,0.003116165527294504
11.0,17.0,9.0,0.00017985819665183866
11.0,17.0,10.0,0.0024414331718640714
11.0,17.0,11.0,-0.002796845706586365
11.0,17.0,12.0,-0.001801117310849476
11.0,17.0,13.0,-2.766864452588767e-08
11.0,17.0,14.0,-0.007032995513765763
11.0,17.0,15.0,-4.8032332257435735e-06
11.0,17.0,16.0,-0.0050544867056945275
11.0,17.0,17.0,-0.006643197906764736
11.0,17.0,18.0,0.003185003849742629
11.0,17.0,19.0,0.004631680392169324
11.0,17.0,20.0,-1.4126087163172836e-07
11.0,18.0,0.0,0.05718977739707665
11.0,18.0,1.0,-0.009973266251256274
11.0,18.0,2.0,-0.003987325837279073
11.0,18.0,3.0,0.020203071475226875
11.0,18.0,4.0,0.0003390947893923135
11.0,18.0,5.0,0.00322358709593476
11.0,18.0,6.0,-2.7227842756845094e-11
11.0,18.0,7.0,-0.004555306543162191
11.0,18.0,8.0,0.0028647007575010736
11.0,18.0,9.0,0.0006023286766170255
11.0,18.0,10.0,0.014281525149189678
11.0,18.0,11.0,-0.01845623039710023
11.0,18.0,12.0,-0.002547058826851134
11.0,18.0,13.0,-2.766864454399857e-08
11.0,18.0,14.0,-0.012208595614960516
11.0,18.0,15.0,-4.80339787454411e-06
11.0,18.0,16.0,-0.008919807066684382
11.0,18.0,17.0,-0.020753769111757983
11.0,18.0,18.0,0.008587009900714593
11.0,18.0,19.0,0.009237364327967956
11.0,18.0,20.0,-1.4126091626041085e-07
11.0,19.0,0.0,0.1856294248269703
11.0,19.0,1.0,-0.012348016120642739
11.0,19.0,2.0,9.777813246701194e-05
11.0,19.0,3.0,0.05936752850017435
11.0,19.0,4.0,0.0003287998557572891
11.0,19.0,5.0,0.004600687774103107
11.0,19.0,6.0,-2.722784256402746e-11
11.0,19.0,7.0,-0.020264168535755522
11.0,19.0,8.0,0.00042665542776582077
11.0,19.0,9.0,0.0026372732943152066
11.0,19.0,10.0,0.04117908947690507
11.0,19.0,11.0,-0.055269783569026024
11.0,19.0,12.0,-0.004697490330749898
11.0,19.0,13.0,-2.766864444644682e-08
11.0,19.0,14.0,-0.01922396935608995
11.0,19.0,15.0,-4.803539393499454e-06
11.0,19.0,16.0,-0.011031512105361019
11.0,19.0,17.0,-0.025748533522834405
11.0,19.0,18.0,0.011365063982577861
11.0,19.0,19.0,0.010822374915925526
11.0,19.0,20.0,-1.412610041895963e-07
11.0,20.0,0.0,0.001488710302501528
11.0,20.0,1.0,-0.006344042432811232
11.0,20.0,2.0,-0.0048461042684412835
11.0,20.0,3.0,0.002736237590985402
11.0,20.0,4.0,0.0003380411873296074
11.0,20.0,5.0,0.0010592820796517521
11.0,20.0,6.0,-2.7227842563074174e-11
11.0,20.0,7.0,0.0022401531726748136
11.0,20.0,8.0,0.0030853324383565417
11.0,20.0,9.0,0.00013482798567479581
11.0,20.0,10.0,0.0015068410288298084
11.0,20.0,11.0,-0.0014888854719328493
11.0,20.0,12.0,-0.0016710144519668235
11.0,20.0,13.0,-2.7668644220252624e-08
11.0,20.0,14.0,-0.0064703547973595996
11.0,20.0,15.0,-4.803209664075572e-06
11.0,20.0,16.0,-0.00449608417558911
11.0,20.0,17.0,-0.0049518969789523505
11.0,20.0,18.0,0.002555537785062789
11.0,20.0,19.0,0.004071596848976622
11.0,20.0,20.0,-1.4126085636509724e-07
12.0,1.0,0.0,0.0033818528713746576
12.0,1.0,1.0,-0.0012190565752079052
12.0,1.0,2.0,-0.00044898017133736257
12.0,1.0,3.0,0.0013991631802892923
12.0,1.0,4.0,0.0006344162181251001
12.0,1.0,5.0,0.0017488604618960957
12.0,1.0,6.0,-4.527843128054366e-12
12.0,1.0,7.0,-0.0007537363982191292
12.0,1.0,8.0,0.0001534577591922187
12.0,1.0,9.0,-0.0009054241021801412
12.0,1.0,10.0,0.00040843187847094953
12.0,1.0,11.0,-0.0003170169002941857
12.0,1.0,12.0,-0.0012906663136733054
12.0,1.0,13.0,-0.0017638287239014835
12.0,1.0,14.0,-0.004494836957914833
12.0,1.0,15.0,-0.0014149068486534189
12.0,1.0,16.0,-0.0004416287690316434
12.0,1.0,17.0,-0.0008210278546420535
12.0,1.0,18.0,0.00041610564095974356
12.0,1.0,19.0,0.00013619695987454605
12.0,1.0,20.0,-1.318447036706981e-09
12.0,2.0,0.0,0.018462034067826094
12.0,2.0,1.0,-0.0026428173671196233
12.0,2.0,2.0,-0.0006857142608002048
12.0,2.0,3.0,0.0018000797735357177
12.0,2.0,4.0,0.003426963794875726
12.0,2.0,5.0,0.004728980401542626
12.0,2.0,6.0,-4.527843130818965e-12
12.0,2.0,7.0,-0.0019432128535859239
12.0,2.0,8.0,0.00015559114069867153
12.0,2.0,9.0,-0.002711949458900964
12.0,2.0,10.0,0.0018734340134761718
12.0,2.0,11.0,-0.00031736060848441025
12.0,2.0,12.0,-0.003230599377067933
12.0,2.0,13.0,-0.001769982122536473
12.0,2.0,14.0,-0.004563705602713186
12.0,2.0,15.0,-0.0062119802849458505
12.0,2.0,16.0,-6.847825658717888e-05
12.0,2.0,17.0,-0.004974056439081165
12.0,2.0,18.0,0.0004516479956733488
12.0,2.0,19.0,0.000496598764676226
12.0,2.0,20.0,-1.3184470653629158e-09
12.0,3.0,0.0,0.03833293319960679
12.0,3.0,1.0,-0.004423804677689016
12.0,3.0,2.0,-0.001032180836769106
12.0,3.0,3.0,0.002387504638186211
12.0,3.0,4.0,0.006882765045470918
12.0,3.0,5.0,0.008570504129001622
12.0,3.0,6.0,-4.527843125852098e-12
12.0,3.0,7.0,-0.0033384311591318216
12.0,3.0,8.0,0.00013707845969120058
12.0,3.0,9.0,-0.00404569394611648
12.0,3.0,10.0,0.003210939615540198
12.0,3.0,11.0,-0.0003176669896681924
12.0,3.0,12.0,-0.00558465642309991
12.0,3.0,13.0,-0.0017776536925379778
12.0,3.0,14.0,-0.004654015361948351
12.0,3.0,15.0,-0.012548374261916934
12.0,3.0,16.0,0.0009154604361636398
12.0,3.0,17.0,-0.00980846515945688
12.0,3.0,18.0,0.0005028853777015452
12.0,3.0,19.0,0.001464515396387922
12.0,3.0,20.0,-1.3184470633677303e-09
12.0,4.0,0.0,0.1564115827490961
12.0,4.0,1.0,-0.012435260548534825
12.0,4.0,2.0,-0.0031154642046342246
12.0,4.0,3.0,0.005756629405624686
12.0,4.0,4.0,0.028196800881200468
12.0,4.0,5.0,0.031881232853155084
12.0,4.0,6.0,-4.52784301285507e-12
12.0,4.0,7.0,-0.012496378371228717
12.0,4.0,8.0,-0.00040520890311701585
12.0,4.0,9.0,-0.013744005647471913
12.0,4.0,10.0,0.012531083196791526
12.0,4.0,11.0,-0.00031817694807077785
12.0,4.0,12.0,-0.01877959595638684
12.0,4.0,13.0,-0.0018135948824363397
12.0,4.0,14.0,-0.005143332242975663
12.0,4.0,15.0,-0.050013163303969654
12.0,4.0,16.0,0.0051071125424623776
12.0,4.0,17.0,-0.04000834236932116
12.0,4.0,18.0,0.0011402220928459217
12.0,4.0,19.0,0.006194819988131983
12.0,4.0,20.0,-1.3184470737924536e-09
12.0,5.0,0.0,0.0952921432233394
12.0,5.0,1.0,-0.008881115046428568
12.0,5.0,2.0,-0.0020230245659660223
12.0,5.0,3.0,0.004015682921718777
12.0,5.0,4.0,0.017086915039402295
12.0,5.0,5.0,0.01974436623770398
12.0,5.0,6.0,-4.527843114811805e-12
12.0,5.0,7.0,-0.007636443147272298
12.0,5.0,8.0,-2.439419217879768e-05
12.0,5.0,9.0,-0.008731754427800387
12.0,5.0,10.0,0.007636270316745963
12.0,5.0,11.0,-0.00031806385673763206
12.0,5.0,12.0,-0.01219654144808724
12.0,5.0,13.0,-0.0017969198530239593
12.0,5.0,14.0,-0.004900447677037949
12.0,5.0,15.0,-0.030661951399446663
12.0,5.0,16.0,0.003116290238272257
12.0,5.0,17.0,-0.02430911095433408
12.0,5.0,18.0,0.0007388641402487905
12.0,5.0,19.0,0.0037859241229601936
12.0,5.0,20.0,-1.3184470810199463e-09
12.0,6.0,0.0,4.928837305095968e-05
12.0,6.0,1.0,-0.0008907066913814328
12.0,6.0,2.0,-0.00040423428081133583
12.0,6.0,3.0,0.0013255991378157417
12.0,6.0,4.0,-4.184855743094573e-05
12.0,6.0,5.0,0.0010766644261984148
12.0,6.0,6.0,-4.527843107294214e-12
12.0,6.0,7.0,-0.00045191054621934734
12.0,6.0,8.0,0.00014840852886523204
12.0,6.0,9.0,-0.00028204325240521744
12.0,6.0,10.0,-5.059198071966087e-05
12.0,6.0,11.0,-0.0003169218298954716
12.0,6.0,12.0,-0.0008133242254929063
12.0,6.0,13.0,-0.0017624352933268794
12.0,6.0,14.0,-0.004479471453948856
12.0,6.0,15.0,-0.000355207328716578
12.0,6.0,16.0,-0.0004105025857388811
12.0,6.0,17.0,0.00023532992585506562
12.0,6.0,18.0,0.00040740265679431453
12.0,6.0,19.0,0.00017422099694341942
12.0,6.0,20.0,-1.3184469296728063e-09
12.0,7.0,0.0,0.0503620789701035
12.0,7.0,1.0,-0.005458489296857159
12.0,7.0,2.0,-0.0012360196494715092
12.0,7.0,3.0,0.002729482557298546
12.0,7.0,4.0,0.009035439388255462
12.0,7.0,5.0,0.010920129293419234
12.0,7.0,6.0,-4.527843125243924e-12
12.0,7.0,7.0,-0.004232683200036114
12.0,7.0,8.0,0.00011995504541863211
12.0,7.0,9.0,-0.005073791556805984
12.0,7.0,10.0,0.004154589985131074
12.0,7.0,11.0,-0.00031779884303780254
12.0,7.0,12.0,-0.007029641349837856
12.0,7.0,13.0,-0.0017821303781470146
12.0,7.0,14.0,-0.004708124135309531
12.0,7.0,15.0,-0.0163790525066555
12.0,7.0,16.0,0.00138192363890971
12.0,7.0,17.0,-0.012877817138613523
12.0,7.0,18.0,0.0005413962104913739
12.0,7.0,19.0,0.00194325385602101
12.0,7.0,20.0,-1.318447068285848e-09
12.0,8.0,0.0,0.020094837748772576
12.0,8.0,1.0,-0.0027888622034570824
12.0,8.0,2.0,-0.0007115807784075362
12.0,8.0,3.0,0.0018451341015919276
12.0,8.0,4.0,0.0037242751944760455
12.0,8.0,5.0,0.005048351518909755
12.0,8.0,6.0,-4.527843129508074e-12
12.0,8.0,7.0,-0.0020677002971372094
12.0,8.0,8.0,0.00015455284226317811
12.0,8.0,9.0,-0.002877905461553254
12.0,8.0,10.0,0.0020165676565030433
12.0,8.0,11.0,-0.0003173899954238387
12.0,8.0,12.0,-0.0034339957317925385
12.0,8.0,13.0,-0.0017705995471335677
12.0,8.0,14.0,-0.004570868317571383
12.0,8.0,15.0,-0.006729901863773091
12.0,8.0,16.0,-2.121786024067429e-05
12.0,8.0,17.0,-0.005404682152175266
12.0,8.0,18.0,0.0004562351486692151
12.0,8.0,19.0,0.000548683567981656
12.0,8.0,20.0,-1.3184470593261744e-09
12.0,9.0,0.0,0.09251947077506628
12.0,9.0,1.0,-0.008714367497063476
12.0,9.0,2.0,-0.0019575809477623413
12.0,9.0,3.0,0.003932258784630327
12.0,9.0,4.0,0.016620014013523088
12.0,9.0,5.0,0.01917197556762279
12.0,9.0,6.0,-4.5278431111314785e-12
12.0,9.0,7.0,-0.007418616817136042
12.0,9.0,8.0,-1.6764940926478067e-06
12.0,9.0,9.0,-0.008540233503213868
12.0,9.0,10.0,0.007440827689796592
12.0,9.0,11.0,-0.0003180563600373667
12.0,9.0,12.0,-0.011943291142668178
12.0,9.0,13.0,-0.0017963035006437716
12.0,9.0,14.0,-0.004890641018019136
12.0,9.0,15.0,-0.02979046366937632
12.0,9.0,16.0,0.002927026167601765
12.0,9.0,17.0,-0.023598608821905953
12.0,9.0,18.0,0.0007217219790957574
12.0,9.0,19.0,0.003651360427735839
12.0,9.0,20.0,-1.318447053965673e-09
12.0,10.0,0.0,0.1123199502141814
12.0,10.0,1.0,-0.010011749407732695
12.0,10.0,2.0,-0.0023262273256832305
12.0,10.0,3.0,0.004501338625974627
12.0,10.0,4.0,0.020166470297380723
12.0,10.0,5.0,0.023131880562158313
12.0,10.0,6.0,-4.52784309418831e-12
12.0,10.0,7.0,-0.008975868202863974
12.0,10.0,8.0,-0.00010829569792206173
12.0,10.0,9.0,-0.010189867672057706
12.0,10.0,10.0,0.009016238758047801
12.0,10.0,11.0,-0.0003181128802151656
12.0,10.0,12.0,-0.014083098977640984
12.0,10.0,13.0,-0.0018020476677443747
12.0,10.0,14.0,-0.004971314513180149
12.0,10.0,15.0,-0.036064346130175395
12.0,10.0,16.0,0.003706945236071235
12.0,10.0,17.0,-0.028709731179051734
12.0,10.0,18.0,0.0008339573143983092
12.0,10.0,19.0,0.004441632050145916
12.0,10.0,20.0,-1.3184470765296104e-09
12.0,11.0,0.0,4.0803583619908323e-05
12.0,11.0,1.0,-0.0008902250728175902
12.0,11.0,2.0,-0.00040073715532065735
12.0,11.0,3.0,0.0013178488202111038
12.0,11.0,4.0,-1.5113704410318896e-05
12.0,11.0,5.0,0.0010824028059603363
12.0,11.0,6.0,-4.527843107162302e-12
12.0,11.0,7.0,-0.0004702745942837261
12.0,11.0,8.0,0.00014922179586447648
12.0,11.0,9.0,-0.0003830519155175738
12.0,11.0,10.0,1.1999640552429192e-05
12.0,11.0,11.0,-0.00031692215942640326
12.0,11.0,12.0,-0.0008312745605717486
12.0,11.0,13.0,-0.0017624215628738403
12.0,11.0,14.0,-0.004479136036306839
12.0,11.0,15.0,-0.00035106881240448695
12.0,11.0,16.0,-0.0004644517822521843
12.0,11.0,17.0,0.00017390954003926318
12.0,11.0,18.0,0.00040874264125562165
12.0,11.0,19.0,0.00011854092823571083
12.0,11.0,20.0,-1.3184469539730533e-09
12.0,12.0,0.0,0.07680514978480957
12.0,12.0,1.0,-0.007582414190994173
12.0,12.0,2.0,-0.0016899536222569206
12.0,12.0,3.0,0.00347694704479265
12.0,12.0,4.0,0.01380129323357926
12.0,12.0,5.0,0.016120908721431293
12.0,12.0,6.0,-4.527843121538025e-12
12.0,12.0,7.0,-0.006244967325574391
12.0,12.0,8.0,5.508205908126562e-05
12.0,12.0,9.0,-0.007404825080426614
12.0,12.0,10.0,0.006286124754095401
12.0,12.0,11.0,-0.00031798876078048023
12.0,12.0,12.0,-0.010144974972768173
12.0,12.0,13.0,-0.0017913359986294858
12.0,12.0,14.0,-0.004824480734618488
12.0,12.0,15.0,-0.024792054157868393
12.0,12.0,16.0,0.002341040116627391
12.0,12.0,17.0,-0.019695639429371248
12.0,12.0,18.0,0.00064547008546878
12.0,12.0,19.0,0.0029609620383193036
12.0,12.0,20.0,-1.3184470742994746e-09
12.0,13.0,0.0,7.514737601813093e-05
12.0,13.0,1.0,-0.0008997122230325061
12.0,13.0,2.0,-0.0004042467358755242
12.0,13.0,3.0,0.001324799165811158
12.0,13.0,4.0,-3.194474961232263e-05
12.0,13.0,5.0,0.0010836017475965853
12.0,13.0,6.0,-4.52784310520086e-12
12.0,13.0,7.0,-0.0004566537375205737
12.0,13.0,8.0,0.0001499764221660621
12.0,13.0,9.0,-0.00030575865335402685
12.0,13.0,10.0,-3.625838148435534e-05
12.0,13.0,11.0,-0.00031692557872029084
12.0,13.0,12.0,-0.0008233310653421588
12.0,13.0,13.0,-0.0017624977860717962
12.0,13.0,14.0,-0.004479976837892862
12.0,13.0,15.0,-0.00036521020718033315
12.0,13.0,16.0,-0.00041705650846146636
12.0,13.0,17.0,0.00021729100876100027
12.0,13.0,18.0,0.0004071186929551357
12.0,13.0,19.0,0.0001638736623403858
12.0,13.0,20.0,-1.318446905431148e-09
12.0,14.0,0.0,0.00046717181635022587
12.0,14.0,1.0,-0.0009506602291768015
12.0,14.0,2.0,-0.00036584986208311465
12.0,14.0,3.0,0.001256831962077043
12.0,14.0,4.0,0.000346042064212182
12.0,14.0,5.0,0.0012969712571909153
12.0,14.0,6.0,-4.527843103397407e-12
12.0,14.0,7.0,-0.0007469618330068206
12.0,14.0,8.0,0.00015838738371601324
12.0,14.0,9.0,-0.0017999043132850834
12.0,14.0,10.0,0.00081537514698371
12.0,14.0,11.0,-0.00031694513838634655
12.0,14.0,12.0,-0.0010787856904782012
12.0,14.0,13.0,-0.001762622184922117
12.0,14.0,14.0,-0.004480179349841363
12.0,14.0,15.0,-0.00043097832647204237
12.0,14.0,16.0,-0.0011064576322525888
12.0,14.0,17.0,-0.0007686275436387668
12.0,14.0,18.0,0.00041412394717157963
12.0,14.0,19.0,-0.0005025910906801823
12.0,14.0,20.0,-1.3184459743167847e-09
12.0,15.0,0.0,0.049061107161717105
12.0,15.0,1.0,-0.005363989425953437
12.0,15.0,2.0,-0.0012167359943711514
12.0,15.0,3.0,0.002693620784107509
12.0,15.0,4.0,0.008794720277288892
12.0,15.0,5.0,0.010670487917260496
12.0,15.0,6.0,-4.527843127177175e-12
12.0,15.0,7.0,-0.004133225664768897
12.0,15.0,8.0,0.00012421279906354998
12.0,15.0,9.0,-0.004958632898626858
12.0,15.0,10.0,0.0040465490034354845
12.0,15.0,11.0,-0.00031778942419432145
12.0,15.0,12.0,-0.006873174201915022
12.0,15.0,13.0,-0.0017817989708597717
12.0,15.0,14.0,-0.004703565281500356
12.0,15.0,15.0,-0.015968752737992864
12.0,15.0,16.0,0.0013546659505124792
12.0,15.0,17.0,-0.01254662512499255
12.0,15.0,18.0,0.0005351087970908441
12.0,15.0,19.0,0.001898248918213774
12.0,15.0,20.0,-1.318447074912808e-09
12.0,16.0,0.0,0.06754191129884865
12.0,16.0,1.0,-0.006838855420670904
12.0,16.0,2.0,-0.0015210737744371788
12.0,16.0,3.0,0.0032151080712086166
12.0,16.0,4.0,0.01214100650759009
12.0,16.0,5.0,0.014269122722512573
12.0,16.0,6.0,-4.527843123997321e-12
12.0,16.0,7.0,-0.005526042221772609
12.0,16.0,8.0,8.136990241272568e-05
12.0,16.0,9.0,-0.006539901700477191
12.0,16.0,10.0,0.005518032779986082
12.0,16.0,11.0,-0.00031793167570109504
12.0,16.0,12.0,-0.009076307287635532
12.0,16.0,13.0,-0.0017880183669742764
12.0,16.0,14.0,-0.004782260301339814
12.0,16.0,15.0,-0.02184210858935337
12.0,16.0,16.0,0.001968223960415516
12.0,16.0,17.0,-0.017260193085529396
12.0,16.0,18.0,0.0006086928301698435
12.0,16.0,19.0,0.002615045503022717
12.0,16.0,20.0,-1.318447070940966e-09
12.0,17.0,0.0,0.06163250468888398
12.0,17.0,1.0,-0.0063861198647016375
12.0,17.0,2.0,-0.0013859337624897439
12.0,17.0,3.0,0.003011462710027113
12.0,17.0,4.0,0.011236666688630992
12.0,17.0,5.0,0.01314533058763967
12.0,17.0,6.0,-4.5278431196765265e-12
12.0,17.0,7.0,-0.005176363152535057
12.0,17.0,8.0,0.00010797932446963976
12.0,17.0,9.0,-0.006637910165387839
12.0,17.0,10.0,0.005391365171769746
12.0,17.0,11.0,-0.00031789404661135815
12.0,17.0,12.0,-0.008517407278355149
12.0,17.0,13.0,-0.0017861213046028409
12.0,17.0,14.0,-0.004756886081816295
12.0,17.0,15.0,-0.019948013119499813
12.0,17.0,16.0,0.0013633210364448756
12.0,17.0,17.0,-0.016079946913602816
12.0,17.0,18.0,0.0005868736531411956
12.0,17.0,19.0,0.0021035082034216446
12.0,17.0,20.0,-1.3184470263653282e-09
12.0,18.0,0.0,0.025384329918266585
12.0,18.0,1.0,-0.0032743203766593953
12.0,18.0,2.0,-0.0008004305487907953
12.0,18.0,3.0,0.0019962269318542503
12.0,18.0,4.0,0.0046639848815972496
12.0,18.0,5.0,0.0060824396918584545
12.0,18.0,6.0,-4.5278431325278275e-12
12.0,18.0,7.0,-0.002456561038425703
12.0,18.0,8.0,0.0001515330424550071
12.0,18.0,9.0,-0.0033407679722338712
12.0,18.0,10.0,0.002430332510709121
12.0,18.0,11.0,-0.00031748275013325397
12.0,18.0,12.0,-0.004079230226730901
12.0,18.0,13.0,-0.0017726863762306856
12.0,18.0,14.0,-0.00459495196192038
12.0,18.0,15.0,-0.008415053953385043
12.0,18.0,16.0,0.0001944342210793426
12.0,18.0,17.0,-0.0067564215071792555
12.0,18.0,18.0,0.0004688374210823354
12.0,18.0,19.0,0.0007587303352443175
12.0,18.0,20.0,-1.3184470744003898e-09
12.0,19.0,0.0,0.14635454122551772
12.0,19.0,1.0,-0.011950693186520454
12.0,19.0,2.0,-0.0029295554223616876
12.0,19.0,3.0,0.005472959523331988
12.0,19.0,4.0,0.026348513997564105
12.0,19.0,5.0,0.029833716113664144
12.0,19.0,6.0,-4.527843037047063e-12
12.0,19.0,7.0,-0.01165543139902353
12.0,19.0,8.0,-0.00032262061768380257
12.0,19.0,9.0,-0.01282431887138713
12.0,19.0,10.0,0.011663212984155402
12.0,19.0,11.0,-0.00031816777806814383
12.0,19.0,12.0,-0.01774875653978747
12.0,19.0,13.0,-0.0018112398580250036
12.0,19.0,14.0,-0.0051061636918389155
12.0,19.0,15.0,-0.04683433512880944
12.0,19.0,16.0,0.004821811513643359
12.0,19.0,17.0,-0.037351042255805766
12.0,19.0,18.0,0.0010610374134538414
12.0,19.0,19.0,0.005840616313395053
12.0,19.0,20.0,-1.3184470668501805e-09
12.0,20.0,0.0,4.928837540324471e-05
12.0,20.0,1.0,-0.0008907066919159531
12.0,20.0,2.0,-0.00040423428189220734
12.0,20.0,3.0,0.0013255991399474254
12.0,20.0,4.0,-4.184856517286395e-05
12.0,20.0,5.0,0.0010766644248909052
12.0,20.0,6.0,-4.527843107294207e-12
12.0,20.0,7.0,-0.0004519105405819679
12.0,20.0,8.0,0.00014840852874378752
12.0,20.0,9.0,-0.00028204322091079925
12.0,20.0,10.0,-5.059199918389101e-05
12.0,20.0,11.0,-0.0003169218298955343
12.0,20.0,12.0,-0.0008133242202530977
12.0,20.0,13.0,-0.0017624352933370397
12.0,20.0,14.0,-0.004479471453988961
12.0,20.0,15.0,-0.0003552073301147374
12.0,20.0,16.0,-0.00041050256904789917
12.0,20.0,17.0,0.0002353299458447422
12.0,20.0,18.0,0.0004074026564996336
12.0,20.0,19.0,0.0001742210119446419
12.0,20.0,20.0,-1.3184469296727848e-09
13.0,1.0,0.0,-0.0002725124176125582
13.0,1.0,1.0,-0.0020938341886597212
13.0,1.0,2.0,0.0001857702684286977
13.0,1.0,3.0,-9.14918000623488e-05
13.0,1.0,4.0,-0.0006453602237603828
13.0,1.0,5.0,0.00014668843865057318
13.0,1.0,6.0,-5.754127985388479e-12
13.0,1.0,7.0,0.0005253264035646743
13.0,1.0,8.0,0.0004904962737403706
13.0,1.0,9.0,-0.00010103106527462047
13.0,1.0,10.0,-2.795693871127103e-05
13.0,1.0,11.0,-0.00023985373605875084
13.0,1.0,12.0,-0.0009055254676827995
13.0,1.0,13.0,-2.3641197153317383e-09
13.0,1.0,14.0,-3.949206337484218e-05
13.0,1.0,15.0,5.858508020975539e-05
13.0,1.0,16.0,0.00023219963942738842
13.0,1.0,17.0,0.0007746729855758194
13.0,1.0,18.0,-0.0008380860334764872
13.0,1.0,19.0,-3.745878530025948e-06
13.0,1.0,20.0,-1.0207897322219034e-06
13.0,2.0,0.0,0.028346898551079747
13.0,2.0,1.0,-0.0021451789107415718
13.0,2.0,2.0,0.0024780446319791483
13.0,2.0,3.0,0.002319293544058243
13.0,2.0,4.0,0.0022691557126724993
13.0,2.0,5.0,0.004736591873239229
13.0,2.0,6.0,-5.7541281051555675e-12
13.0,2.0,7.0,-0.00712434121608789
13.0,2.0,8.0,-0.002026698138121674
13.0,2.0,9.0,-0.000816740769284563
13.0,2.0,10.0,0.002510815133008548
13.0,2.0,11.0,-0.00024042118946542557
13.0,2.0,12.0,-0.0011494597971893894
13.0,2.0,13.0,-2.3641197267510547e-09
13.0,2.0,14.0,-0.0005920054944629494
13.0,2.0,15.0,-0.0011240294345506718
13.0,2.0,16.0,0.005151266013128153
13.0,2.0,17.0,-0.0021137092360404286
13.0,2.0,18.0,6.279798170664985e-05
13.0,2.0,19.0,0.0007332680354448229
13.0,2.0,20.0,-1.0207933571014284e-06
13.0,3.0,0.0,0.05794385542766467
13.0,3.0,1.0,-0.0021872664255110654
13.0,3.0,2.0,0.004848619820804617
13.0,3.0,3.0,0.004771907434261813
13.0,3.0,4.0,0.005260527533252568
13.0,3.0,5.0,0.009528754989651882
13.0,3.0,6.0,-5.754128111058432e-12
13.0,3.0,7.0,-0.015052257472651806
13.0,3.0,8.0,-0.004804744541165362
13.0,3.0,9.0,-0.0016544002996815022
13.0,3.0,10.0,0.005146908472473344
13.0,3.0,11.0,-0.0002406070684257454
13.0,3.0,12.0,-0.001347448076104485
13.0,3.0,13.0,-2.36411973096257e-09
13.0,3.0,14.0,-0.0011675150562470288
13.0,3.0,15.0,-0.0023689355399250933
13.0,3.0,16.0,0.010066787058591098
13.0,3.0,17.0,-0.00498288329274077
13.0,3.0,18.0,0.0009961861861120247
13.0,3.0,19.0,0.0017063193954045541
13.0,3.0,20.0,-1.0207964696962234e-06
13.0,4.0,0.0,0.12023012276211015
13.0,4.0,1.0,-0.0022471245183689832
13.0,4.0,2.0,0.009620882482259313
13.0,4.0,3.0,0.009823403126576702
13.0,4.0,4.0,0.010924216085798633
13.0,4.0,5.0,0.01959247362431741
13.0,4.0,6.0,-5.754128111160272e-12
13.0,4.0,7.0,-0.031680609000718854
13.0,4.0,8.0,-0.01075486161154296
13.0,4.0,9.0,-0.0032331181052185076
13.0,4.0,10.0,0.010636050904145322
13.0,4.0,11.0,-0.00024068122692927642
13.0,4.0,12.0,-0.001443762914254132
13.0,4.0,13.0,-2.3641197301046753e-09
13.0,4.0,14.0,-0.002380471621990392
13.0,4.0,15.0,-0.004962752692914407
13.0,4.0,16.0,0.02080553481981684
13.0,4.0,17.0,-0.011075794980667797
13.0,4.0,18.0,0.0029559581007938263
13.0,4.0,19.0,0.00397839089768981
13.0,4.0,20.0,-1.0208015447133946e-06
13.0,5.0,0.0,0.00952508372283195
13.0,5.0,1.0,-0.0021124037470509477
13.0,5.0,2.0,0.0009506744861989824
13.0,5.0,3.0,0.0007800242549179659
13.0,5.0,4.0,0.00031060336860233573
13.0,5.0,5.0,0.001676948459460488
13.0,5.0,6.0,-5.754128104669286e-12
13.0,5.0,7.0,-0.002078464466389429
13.0,5.0,8.0,-0.00017560353786519323
13.0,5.0,9.0,-0.00018408746443515644
13.0,5.0,10.0,0.0008117238229573553
13.0,5.0,11.0,-0.00024011932831051369
13.0,5.0,12.0,-0.0010283781675374248
13.0,5.0,13.0,-2.3641197274387537e-09
13.0,5.0,14.0,-0.00022557138092777623
13.0,5.0,15.0,-0.00031791798723890263
13.0,5.0,16.0,0.0021890003269922076
13.0,5.0,17.0,-0.00037697297764410775
13.0,5.0,18.0,-0.0005273235349637778
13.0,5.0,19.0,3.285439002753687e-05
13.0,5.0,20.0,-1.0207911227351062e-06
13.0,6.0,0.0,-0.0003154812314984934
13.0,6.0,1.0,-0.002093445960946595
13.0,6.0,2.0,0.0002574548455230308
13.0,6.0,3.0,-6.94637658501529e-05
13.0,6.0,4.0,-0.00040702232210743094
13.0,6.0,5.0,0.00013498157456503374
13.0,6.0,6.0,-5.754128099577434e-12
13.0,6.0,7.0,0.0005380279058588844
13.0,6.0,8.0,0.0005400017480692854
13.0,6.0,9.0,-0.00017880050850935247
13.0,6.0,10.0,-2.02584822205365e-05
13.0,6.0,11.0,-0.00023984770346204476
13.0,6.0,12.0,-0.0010142632931103845
13.0,6.0,13.0,-2.3641197278988675e-09
13.0,6.0,14.0,-3.880181868020499e-05
13.0,6.0,15.0,5.1776887197207966e-05
13.0,6.0,16.0,3.884310358975851e-05
13.0,6.0,17.0,0.0008133389774790944
13.0,6.0,18.0,-0.0008340213142666308
13.0,6.0,19.0,-9.487578117273188e-05
13.0,6.0,20.0,-1.0207898559730951e-06
13.0,7.0,0.0,0.023615355078542843
13.0,7.0,1.0,-0.0021376687402914463
13.0,7.0,2.0,0.0021422228427200596
13.0,7.0,3.0,0.001975670244132699
13.0,7.0,4.0,0.001943866773974512
13.0,7.0,5.0,0.003946841972673296
13.0,7.0,6.0,-5.754128105096482e-12
13.0,7.0,7.0,-0.005851255830790325
13.0,7.0,8.0,-0.0014339833394782786
13.0,7.0,9.0,-0.0006200349367521396
13.0,7.0,10.0,0.0020731424309183843
13.0,7.0,11.0,-0.00024036745890259768
13.0,7.0,12.0,-0.0012365921295254267
13.0,7.0,13.0,-2.3641197273830732e-09
13.0,7.0,14.0,-0.0004985210649533361
13.0,7.0,15.0,-0.0009109598102368943
13.0,7.0,16.0,0.004417424693889671
13.0,7.0,17.0,-0.0017468571040912817
13.0,7.0,18.0,-8.021502722768692e-05
13.0,7.0,19.0,0.00037537920864982866
13.0,7.0,20.0,-1.0207928484212233e-06
13.0,8.0,0.0,0.04652186729047281
13.0,8.0,1.0,-0.002172572230935069
13.0,8.0,2.0,0.003934603918745089
13.0,8.0,3.0,0.0038279462280848
13.0,8.0,4.0,0.004101216197249458
13.0,8.0,5.0,0.007684413168608142
13.0,8.0,6.0,-5.754128112512893e-12
13.0,8.0,7.0,-0.012000834283001818
13.0,8.0,8.0,-0.003739667702181121
13.0,8.0,9.0,-0.0013360175532128316
13.0,8.0,10.0,0.004137024369885167
13.0,8.0,11.0,-0.00024056089245544235
13.0,8.0,12.0,-0.001266664113253435
13.0,8.0,13.0,-2.3641197313423517e-09
13.0,8.0,14.0,-0.0009451740787913832
13.0,8.0,15.0,-0.0018896487479541646
13.0,8.0,16.0,0.008173469747787876
13.0,8.0,17.0,-0.0038762844594548707
13.0,8.0,18.0,0.0006352274562451687
13.0,8.0,19.0,0.001337965214358694
13.0,8.0,20.0,-1.020795378460026e-06
13.0,9.0,0.0,0.046785917038186464
13.0,9.0,1.0,-0.002172749922744847
13.0,9.0,2.0,0.003983369537330944
13.0,9.0,3.0,0.0038373251355985905
13.0,9.0,4.0,0.004206287824510269
13.0,9.0,5.0,0.0077270386359972465
13.0,9.0,6.0,-5.754128111722829e-12
13.0,9.0,7.0,-0.012054655319565469
13.0,9.0,8.0,-0.0037863813396580015
13.0,9.0,9.0,-0.001391918018996463
13.0,9.0,10.0,0.0041460927832397965
13.0,9.0,11.0,-0.00024056142918429995
13.0,9.0,12.0,-0.0012983548666060662
13.0,9.0,13.0,-2.3641197311690152e-09
13.0,9.0,14.0,-0.0009510921194888292
13.0,9.0,15.0,-0.0019086116591707503
13.0,9.0,16.0,0.008086334316173616
13.0,9.0,17.0,-0.0038431524642777437
13.0,9.0,18.0,0.0006438440482773172
13.0,9.0,19.0,0.0013727975921494773
13.0,9.0,20.0,-1.0207953323415233e-06
13.0,10.0,0.0,0.08722476833026716
13.0,10.0,1.0,-0.002219497302496662
13.0,10.0,2.0,0.007206411113208966
13.0,10.0,3.0,0.007211505274048402
13.0,10.0,4.0,0.008267578412602061
13.0,10.0,5.0,0.014255474562197598
13.0,10.0,6.0,-5.754128112218614e-12
13.0,10.0,7.0,-0.022885665168729294
13.0,10.0,8.0,-0.007492658149064246
13.0,10.0,9.0,-0.002454816525143788
13.0,10.0,10.0,0.007749513521670803
13.0,10.0,11.0,-0.00024066302126410805
13.0,10.0,12.0,-0.0015757821396580884
13.0,10.0,13.0,-2.3641197321033645e-09
13.0,10.0,14.0,-0.0017368765388324145
13.0,10.0,15.0,-0.0035933960088566086
13.0,10.0,16.0,0.014950616996050603
13.0,10.0,17.0,-0.007858201389336295
13.0,10.0,18.0,0.0019255589362379977
13.0,10.0,19.0,0.0025785332297325603
13.0,10.0,20.0,-1.020799073968777e-06
13.0,11.0,0.0,-0.00031564013238150057
13.0,11.0,1.0,-0.0020934645120494265
13.0,11.0,2.0,0.0002512337376273377
13.0,11.0,3.0,-7.118952332046957e-05
13.0,11.0,4.0,-0.0004277521263235107
13.0,11.0,5.0,0.0001348284233721811
13.0,11.0,6.0,-5.754128097339517e-12
13.0,11.0,7.0,0.0005382328481410847
13.0,11.0,8.0,0.0005373538125944821
13.0,11.0,9.0,-0.00017158447601509086
13.0,11.0,10.0,-2.134093487266009e-05
13.0,11.0,11.0,-0.0002398479885711557
13.0,11.0,12.0,-0.0010053924226927635
13.0,11.0,13.0,-2.3641197274926135e-09
13.0,11.0,14.0,-3.876737579922018e-05
13.0,11.0,15.0,5.2704445913959175e-05
13.0,11.0,16.0,5.553461708956986e-05
13.0,11.0,17.0,0.0008091430868691907
13.0,11.0,18.0,-0.0008344479249111636
13.0,11.0,19.0,-8.855560413290053e-05
13.0,11.0,20.0,-1.0207898502319607e-06
13.0,12.0,0.0,0.06134099579891705
13.0,12.0,1.0,-0.0021916851004890464
13.0,12.0,2.0,0.005044311673474494
13.0,12.0,3.0,0.005014024122586336
13.0,12.0,4.0,0.00538439286864123
13.0,12.0,5.0,0.010108294962341766
13.0,12.0,6.0,-5.754128110198727e-12
13.0,12.0,7.0,-0.01599608880040662
13.0,12.0,8.0,-0.005252782363367986
13.0,12.0,9.0,-0.0017750833800652677
13.0,12.0,10.0,0.0054989254928233255
13.0,12.0,11.0,-0.0002406179142921766
13.0,12.0,12.0,-0.0012213357740108455
13.0,12.0,13.0,-2.364119731446152e-09
13.0,12.0,14.0,-0.0012339804320228437
13.0,12.0,15.0,-0.0025150969543899504
13.0,12.0,16.0,0.010711306568443768
13.0,12.0,17.0,-0.005302430332657426
13.0,12.0,18.0,0.001098503576708501
13.0,12.0,19.0,0.0019620665789427116
13.0,12.0,20.0,-1.0207967354146594e-06
13.0,13.0,0.0,-0.0003154812385101624
13.0,13.0,1.0,-0.002093445961009735
13.0,13.0,2.0,0.0002574547451996978
13.0,13.0,3.0,-6.946379526945323e-05
13.0,13.0,4.0,-0.0004070226571051272
13.0,13.0,5.0,0.00013498157021525625
13.0,13.0,6.0,-5.754128099577399e-12
13.0,13.0,7.0,0.0005380279111844855
13.0,13.0,8.0,0.0005400016994703272
13.0,13.0,9.0,-0.0001788003974113328
13.0,13.0,10.0,-2.0258499497549654e-05
13.0,13.0,11.0,-0.000239847703462734
13.0,13.0,12.0,-0.0010142631490252518
13.0,13.0,13.0,-2.364119727898861e-09
13.0,13.0,14.0,-3.8801818176691094e-05
13.0,13.0,15.0,5.177690185642625e-05
13.0,13.0,16.0,3.8843362853591135e-05
13.0,13.0,17.0,0.0008133389126287471
13.0,13.0,18.0,-0.0008340213213816339
13.0,13.0,19.0,-9.48756726288913e-05
13.0,13.0,20.0,-1.0207898559729823e-06
13.0,14.0,0.0,0.007463168203055093
13.0,14.0,1.0,-0.0021086412881951553
13.0,14.0,2.0,0.000782471320563749
13.0,14.0,3.0,0.0006112210919913541
13.0,14.0,4.0,9.255216159387292e-05
13.0,14.0,5.0,0.0013470430211532172
13.0,14.0,6.0,-5.754128105996618e-12
13.0,14.0,7.0,-0.0015331601582709714
13.0,14.0,8.0,1.2095922420574112e-05
13.0,14.0,9.0,-0.00012629652490597776
13.0,14.0,10.0,0.0006351523304196083
13.0,14.0,11.0,-0.00024007215113401882
13.0,14.0,12.0,-0.001006693540701653
13.0,14.0,13.0,-2.364119728198072e-09
13.0,14.0,14.0,-0.0001855435521625204
13.0,14.0,15.0,-0.00023179755282848324
13.0,14.0,16.0,0.00185816816365858
13.0,14.0,17.0,-0.00018153607840404318
13.0,14.0,18.0,-0.0005919565628573487
13.0,14.0,19.0,-3.0213024354019957e-05
13.0,14.0,20.0,-1.0207908761769223e-06
13.0,15.0,0.0,0.03175648319550539
13.0,15.0,1.0,-0.0021507781976244354
13.0,15.0,2.0,0.002784140526618073
13.0,15.0,3.0,0.0026013640292801843
13.0,15.0,4.0,0.002703311118486318
13.0,15.0,5.0,0.005296729497013514
13.0,15.0,6.0,-5.7541281105606726e-12
13.0,15.0,7.0,-0.008038664865504933
13.0,15.0,8.0,-0.002365976398892883
13.0,15.0,9.0,-0.0009632441889308452
13.0,15.0,10.0,0.002816609173330209
13.0,15.0,11.0,-0.00024045656377189243
13.0,15.0,12.0,-0.0012062123016050585
13.0,15.0,13.0,-2.364119729421027e-09
13.0,15.0,14.0,-0.0006586065589909498
13.0,15.0,15.0,-0.001275292672096917
13.0,15.0,16.0,0.005605483405321465
13.0,15.0,17.0,-0.002400427715937903
13.0,15.0,18.0,0.0001708546533475408
13.0,15.0,19.0,0.0008572897076538633
13.0,15.0,20.0,-1.020793758599343e-06
13.0,16.0,0.0,0.07906245269420437
13.0,16.0,1.0,-0.002211110799929336
13.0,16.0,2.0,0.006455059821478648
13.0,16.0,3.0,0.00648198981032444
13.0,16.0,4.0,0.007121564649414491
13.0,16.0,5.0,0.012965513660218066
13.0,16.0,6.0,-5.7541281142655685e-12
13.0,16.0,7.0,-0.02072269388935613
13.0,16.0,8.0,-0.006887799066471273
13.0,16.0,9.0,-0.0022259091244326845
13.0,16.0,10.0,0.00704368417363227
13.0,16.0,11.0,-0.00024065310476331482
13.0,16.0,12.0,-0.001331275151361111
13.0,16.0,13.0,-2.3641197342469936e-09
13.0,16.0,14.0,-0.0015789866735146582
13.0,16.0,15.0,-0.003256760050922042
13.0,16.0,16.0,0.013710243346641116
13.0,16.0,17.0,-0.007036940434189065
13.0,16.0,18.0,0.0016578384219031461
13.0,16.0,19.0,0.002551732746710722
13.0,16.0,20.0,-1.0207983796861263e-06
13.0,17.0,0.0,0.05545309379935931
13.0,17.0,1.0,-0.002184057285440519
13.0,17.0,2.0,0.004638136534010157
13.0,17.0,3.0,0.004548647736586031
13.0,17.0,4.0,0.004967357148747298
13.0,17.0,5.0,0.009123369766796702
13.0,17.0,6.0,-5.754128110386768e-12
13.0,17.0,7.0,-0.014372900759315702
13.0,17.0,8.0,-0.004595479716233419
13.0,17.0,9.0,-0.0015881497569062986
13.0,17.0,10.0,0.004915891047316989
13.0,17.0,11.0,-0.00024059834850252473
13.0,17.0,12.0,-0.0013072571771480246
13.0,17.0,13.0,-2.364119730504705e-09
13.0,17.0,14.0,-0.0011188649518535237
13.0,17.0,15.0,-0.00226469662309578
13.0,17.0,16.0,0.00963865451316448
13.0,17.0,17.0,-0.004721664202669507
13.0,17.0,18.0,0.0009154277432566332
13.0,17.0,19.0,0.0016663546812825114
13.0,17.0,20.0,-1.0207962100761201e-06
13.0,18.0,0.0,0.01995911414698004
13.0,18.0,1.0,-0.0021314030132270688
13.0,18.0,2.0,0.0018341950244974703
13.0,18.0,3.0,0.0016526421710739703
13.0,18.0,4.0,0.0015176480043250784
13.0,18.0,5.0,0.0033725212064573337
13.0,18.0,6.0,-5.7541281064998976e-12
13.0,18.0,7.0,-0.004881027441561117
13.0,18.0,8.0,-0.0011641486539824275
13.0,18.0,9.0,-0.0005548979989191127
13.0,18.0,10.0,0.0017586637964371321
13.0,18.0,11.0,-0.00024031585656655508
13.0,18.0,12.0,-0.0011601623379000059
13.0,18.0,13.0,-2.3641197279806815e-09
13.0,18.0,14.0,-0.00042878405346960524
13.0,18.0,15.0,-0.000766049278200509
13.0,18.0,16.0,0.0037709668029499155
13.0,18.0,17.0,-0.0013440203700684217
13.0,18.0,18.0,-0.0001970713380601702
13.0,18.0,19.0,0.0003535420841801473
13.0,18.0,20.0,-1.0207924067293979e-06
13.0,19.0,0.0,0.11858029043172197
13.0,19.0,1.0,-0.0022462591450212754
13.0,19.0,2.0,0.009541201638045171
13.0,19.0,3.0,0.009705020392054009
13.0,19.0,4.0,0.010926221279712323
13.0,19.0,5.0,0.01937766516237078
13.0,19.0,6.0,-5.754128105189418e-12
13.0,19.0,7.0,-0.031312892551798005
13.0,19.0,8.0,-0.010682816420980928
13.0,19.0,9.0,-0.0033461436743927875
13.0,19.0,10.0,0.010597126251840339
13.0,19.0,11.0,-0.00024068088370920036
13.0,19.0,12.0,-0.001452153582222393
13.0,19.0,13.0,-2.364119727966949e-09
13.0,19.0,14.0,-0.002350252192039666
13.0,19.0,15.0,-0.004913737101053334
13.0,19.0,16.0,0.02035451997047044
13.0,19.0,17.0,-0.010881641617617732
13.0,19.0,18.0,0.0029096203925612213
13.0,19.0,19.0,0.003924785509924589
13.0,19.0,20.0,-1.0208013738865026e-06
13.0,20.0,0.0,-0.00031548287452065615
13.0,20.0,1.0,-0.002093446003802669
13.0,20.0,2.0,0.00025742424133456954
13.0,20.0,3.0,-6.947209165941715e-05
13.0,20.0,4.0,-0.00040712403742781955
13.0,20.0,5.0,0.00013498006353726555
13.0,20.0,6.0,-5.754128099567504e-12
13.0,20.0,7.0,0.0005380294299026644
13.0,20.0,8.0,0.000539989538115182
13.0,20.0,9.0,-0.00017876494879040528
13.0,20.0,10.0,-2.026389272458129e-05
13.0,20.0,11.0,-0.00023984770408219422
13.0,20.0,12.0,-0.0010142200309765648
13.0,20.0,13.0,-2.3641197278970117e-09
13.0,20.0,14.0,-3.880162790054209e-05
13.0,20.0,15.0,5.178158650048781e-05
13.0,20.0,16.0,3.892498092467056e-05
13.0,20.0,17.0,0.0008133178116848661
13.0,20.0,18.0,-0.0008340234213058406
13.0,20.0,19.0,-9.484545296323255e-05
13.0,20.0,20.0,-1.0207898559429196e-06
14.0,1.0,0.0,0.016449625253822098
14.0,1.0,1.0,-0.003015974269114291
14.0,1.0,2.0,0.0011737921336463786
14.0,1.0,3.0,0.0013851769160438399
14.0,1.0,4.0,-0.0019177748899814606
14.0,1.0,5.0,0.005951018274270969
14.0,1.0,6.0,-4.089658277230603e-11
14.0,1.0,7.0,-0.0010313950584992515
14.0,1.0,8.0,0.0009739221687252164
14.0,1.0,9.0,0.002282544165938566
14.0,1.0,10.0,0.0020339565541185878
14.0,1.0,11.0,-0.011520237860135969
14.0,1.0,12.0,0.003291371461052961
14.0,1.0,13.0,-6.53185929505861e-08
14.0,1.0,14.0,-0.0022477160235687757
14.0,1.0,15.0,0.0024936050685057803
14.0,1.0,16.0,-0.004511338971903089
14.0,1.0,17.0,1.915832312510135e-05
14.0,1.0,18.0,-0.00011378612080577277
14.0,1.0,19.0,0.0020695972185891254
14.0,1.0,20.0,-1.1758533370538356e-09
14.0,2.0,0.0,0.014565759589273086
14.0,2.0,1.0,-0.0027491253309675084
14.0,2.0,2.0,0.0010941312056234331
14.0,2.0,3.0,0.0013431494575488478
14.0,2.0,4.0,-0.0017403460494699319
14.0,2.0,5.0,0.005461626736981487
14.0,2.0,6.0,-4.089658289169734e-11
14.0,2.0,7.0,-0.0007345882956249494
14.0,2.0,8.0,0.0008889823435719313
14.0,2.0,9.0,0.00219414656209356
14.0,2.0,10.0,0.001803254856582004
14.0,2.0,11.0,-0.01069936653226031
14.0,2.0,12.0,0.003175590507861259
14.0,2.0,13.0,-6.531859295829511e-08
14.0,2.0,14.0,-0.002176286053638607
14.0,2.0,15.0,0.002364919592875797
14.0,2.0,16.0,-0.004235114393709383
14.0,2.0,17.0,-4.578283009643025e-05
14.0,2.0,18.0,-1.7558770303557902e-05
14.0,2.0,19.0,0.001968101239074649
14.0,2.0,20.0,-1.1758533370810486e-09
14.0,3.0,0.0,0.04060960668357105
14.0,3.0,1.0,-0.00622407783078438
14.0,3.0,2.0,0.00203707721919634
14.0,3.0,3.0,0.0017692833611348269
14.0,3.0,4.0,-0.003900735868469285
14.0,3.0,5.0,0.011901188221648026
14.0,3.0,6.0,-4.0896580656778904e-11
14.0,3.0,7.0,-0.005141000556557224
14.0,3.0,8.0,0.001975418951682545
14.0,3.0,9.0,0.0032375150913991346
14.0,3.0,10.0,0.004918508924871445
14.0,3.0,11.0,-0.02018667088433156
14.0,3.0,12.0,0.004439687305207218
14.0,3.0,13.0,-6.531859192654673e-08
14.0,3.0,14.0,-0.0030717456456129354
14.0,3.0,15.0,0.003665382880193191
14.0,3.0,16.0,-0.007256147010498426
14.0,3.0,17.0,0.0010436572663354293
14.0,3.0,18.0,-0.001335808349327422
14.0,3.0,19.0,0.0032356938896679344
14.0,3.0,20.0,-1.1758533359321e-09
14.0,4.0,0.0,0.1228353593754869
14.0,4.0,1.0,-0.01586122204399945
14.0,4.0,2.0,0.003990857312366133
14.0,4.0,3.0,0.0018614907775480471
14.0,4.0,4.0,-0.007272878489298362
14.0,4.0,5.0,0.030051630652210184
14.0,4.0,6.0,-4.089655343240941e-11
14.0,4.0,7.0,-0.022003734476045145
14.0,4.0,8.0,0.004759269525955345
14.0,4.0,9.0,0.005359375165763361
14.0,4.0,10.0,0.014540431580491064
14.0,4.0,11.0,-0.031797479201968244
14.0,4.0,12.0,0.00501893275851828
14.0,4.0,13.0,-6.531859155147872e-08
14.0,4.0,14.0,-0.005613357007482833
14.0,4.0,15.0,0.003548528392799344
14.0,4.0,16.0,-0.010402414134831561
14.0,4.0,17.0,0.006451834038438131
14.0,4.0,18.0,-0.005626857328822524
14.0,4.0,19.0,0.005880970581251033
14.0,4.0,20.0,-1.1758533363309263e-09
14.0,5.0,0.0,0.022791920912240637
14.0,5.0,1.0,-0.003861659622785743
14.0,5.0,2.0,0.0014038109081077194
14.0,5.0,3.0,0.0014936490551540893
14.0,5.0,4.0,-0.002481288620825639
14.0,5.0,5.0,0.007520880620885281
14.0,5.0,6.0,-4.089658240255198e-11
14.0,5.0,7.0,-0.0020879406738031348
14.0,5.0,8.0,0.0012386741343714258
14.0,5.0,9.0,0.002538579055902823
14.0,5.0,10.0,0.002783984682857177
14.0,5.0,11.0,-0.013931037136116906
14.0,5.0,12.0,0.003625740241790909
14.0,5.0,13.0,-6.531859288895047e-08
14.0,5.0,14.0,-0.0024597389380062416
14.0,5.0,15.0,0.0028297612916039355
14.0,5.0,16.0,-0.005258576406789617
14.0,5.0,17.0,0.00027104969028413084
14.0,5.0,18.0,-0.00043178049599595925
14.0,5.0,19.0,0.0023918484612144297
14.0,5.0,20.0,-1.1758533369229934e-09
14.0,6.0,0.0,0.00024259664462936148
14.0,6.0,1.0,-0.000762753163814342
14.0,6.0,2.0,0.0005260720457764406
14.0,6.0,3.0,0.0010389814543341758
14.0,6.0,4.0,-0.00026744822555391234
14.0,6.0,5.0,0.001805703943654785
14.0,6.0,6.0,-4.089658301028917e-11
14.0,6.0,7.0,0.0015082043305922332
14.0,6.0,8.0,0.00028084764188510136
14.0,6.0,9.0,0.0015448580890966568
14.0,6.0,10.0,0.00012504054755230198
14.0,6.0,11.0,-0.004550003427202697
14.0,6.0,12.0,0.0022042206493129157
14.0,6.0,13.0,-6.53185911012042e-08
14.0,6.0,14.0,-0.0016650044544272262
14.0,6.0,15.0,0.001418816074142612
14.0,6.0,16.0,-0.002367985002272366
14.0,6.0,17.0,-0.0005493412642652573
14.0,6.0,18.0,0.000702597189312093
14.0,6.0,19.0,0.0011145703375424754
14.0,6.0,20.0,-1.1758533346482076e-09
14.0,7.0,0.0,0.0347831109370661
14.0,7.0,1.0,-0.005461765516508482
14.0,7.0,2.0,0.0018497460269384647
14.0,7.0,3.0,0.001688276990694515
14.0,7.0,4.0,-0.0033344967837390938
14.0,7.0,5.0,0.010488250142570321
14.0,7.0,6.0,-4.089658151127045e-11
14.0,7.0,7.0,-0.004129798915007504
14.0,7.0,8.0,0.0017697943897203583
14.0,7.0,9.0,0.003010729591275782
14.0,7.0,10.0,0.004265292742302307
14.0,7.0,11.0,-0.018298924415621507
14.0,7.0,12.0,0.004086497248838417
14.0,7.0,13.0,-6.531859281771454e-08
14.0,7.0,14.0,-0.0028736908179709357
14.0,7.0,15.0,0.003424382473113066
14.0,7.0,16.0,-0.006826089615785291
14.0,7.0,17.0,0.0007729828508231673
14.0,7.0,18.0,-0.001034624239762208
14.0,7.0,19.0,0.0028883078766842596
14.0,7.0,20.0,-1.175853337048156e-09
14.0,8.0,0.0,0.02962787101939718
14.0,8.0,1.0,-0.004785517303369666
14.0,8.0,2.0,0.0016698989190926938
14.0,8.0,3.0,0.0016116099957805274
14.0,8.0,4.0,-0.002940640709817033
14.0,8.0,5.0,0.009228104061419787
14.0,8.0,6.0,-4.0896581941708175e-11
14.0,8.0,7.0,-0.0032342721189887735
14.0,8.0,8.0,0.0015546068535948754
14.0,8.0,9.0,0.002813615257003757
14.0,8.0,10.0,0.0036421802332399777
14.0,8.0,11.0,-0.016528802887891908
14.0,8.0,12.0,0.0038688342086837246
14.0,8.0,13.0,-6.531859284905281e-08
14.0,8.0,14.0,-0.002700466215880739
14.0,8.0,15.0,0.003194412018873438
14.0,8.0,16.0,-0.006252976668527865
14.0,8.0,17.0,0.0005513286314653421
14.0,8.0,18.0,-0.0007749920380148989
14.0,8.0,19.0,0.002660044077499979
14.0,8.0,20.0,-1.1758533370417437e-09
14.0,9.0,0.0,0.01533472836502664
14.0,9.0,1.0,-0.002853153476287368
14.0,9.0,2.0,0.001123461768843828
14.0,9.0,3.0,0.001357684266151793
14.0,9.0,4.0,-0.0018015304604600546
14.0,9.0,5.0,0.005656030898134906
14.0,9.0,6.0,-4.089658285581604e-11
14.0,9.0,7.0,-0.0008663985835878907
14.0,9.0,8.0,0.0009245530422174464
14.0,9.0,9.0,0.0022255657444564397
14.0,9.0,10.0,0.0019024853893970795
14.0,9.0,11.0,-0.01100734111533051
14.0,9.0,12.0,0.003210548166916405
14.0,9.0,13.0,-6.531859297015928e-08
14.0,9.0,14.0,-0.002202312773032615
14.0,9.0,15.0,0.0024083779982234516
14.0,9.0,16.0,-0.004341540121649445
14.0,9.0,17.0,-2.0878082347575155e-05
14.0,9.0,18.0,-5.628655070880062e-05
14.0,9.0,19.0,0.0019974245016078918
14.0,9.0,20.0,-1.1758533370905339e-09
14.0,10.0,0.0,0.09166279522190557
14.0,10.0,1.0,-0.0124097890597296
14.0,10.0,2.0,0.003406354619882826
14.0,10.0,3.0,0.0020108766175016834
14.0,10.0,4.0,-0.006474495535798375
14.0,10.0,5.0,0.023511231443757954
14.0,10.0,6.0,-4.089656967097805e-11
14.0,10.0,7.0,-0.015203922941321973
14.0,10.0,8.0,0.0038098738754041295
14.0,10.0,9.0,0.0047324647291773075
14.0,10.0,10.0,0.010966621749846195
14.0,10.0,11.0,-0.030056617247795545
14.0,10.0,12.0,0.0052855535156447475
14.0,10.0,13.0,-6.531859119124675e-08
14.0,10.0,14.0,-0.004691775734393749
14.0,10.0,15.0,0.004214482818083537
14.0,10.0,16.0,-0.010163939298228397
14.0,10.0,17.0,0.004093584592700095
14.0,10.0,18.0,-0.003985096806385327
14.0,10.0,19.0,0.00503628027467562
14.0,10.0,20.0,-1.1758533357789687e-09
14.0,11.0,0.0,0.00552176707069249
14.0,11.0,1.0,-0.0015215557865032175
14.0,11.0,2.0,0.0007139473161272558
14.0,11.0,3.0,0.0011737890221090175
14.0,11.0,4.0,-0.0013159699592385499
14.0,11.0,5.0,0.0031841459876635475
14.0,11.0,6.0,-4.089658322623067e-11
14.0,11.0,7.0,0.0007586470549029167
14.0,11.0,8.0,0.00040913261419209257
14.0,11.0,9.0,0.0018364751813396418
14.0,11.0,10.0,0.0005942720763258968
14.0,11.0,11.0,-0.006958082299560454
14.0,11.0,12.0,0.0030199876215935006
14.0,11.0,13.0,-6.53185928422487e-08
14.0,11.0,14.0,-0.001868863721925098
14.0,11.0,15.0,0.0018258970711484551
14.0,11.0,16.0,-0.002508466862980563
14.0,11.0,17.0,-0.00037858203056634343
14.0,11.0,18.0,0.0004209376924730196
14.0,11.0,19.0,0.0017466721072647573
14.0,11.0,20.0,-1.1758533368226037e-09
14.0,12.0,0.0,0.08893840127769775
14.0,12.0,1.0,-0.012106059876255126
14.0,12.0,2.0,0.0033253491789702744
14.0,12.0,3.0,0.0020285721093520337
14.0,12.0,4.0,-0.006625197013040096
14.0,12.0,5.0,0.022963304684272115
14.0,12.0,6.0,-4.08965712520457e-11
14.0,12.0,7.0,-0.014687621913231252
14.0,12.0,8.0,0.00368927121685092
14.0,12.0,9.0,0.004685352832078257
14.0,12.0,10.0,0.010655831632128576
14.0,12.0,11.0,-0.029797158739728418
14.0,12.0,12.0,0.005503770773259309
14.0,12.0,13.0,-6.531859237428863e-08
14.0,12.0,14.0,-0.004610250913332982
14.0,12.0,15.0,0.004243961774980473
14.0,12.0,16.0,-0.009773329191663793
14.0,12.0,17.0,0.0038432301757356235
14.0,12.0,18.0,-0.003854773271214057
14.0,12.0,19.0,0.0050269863797436365
14.0,12.0,20.0,-1.1758533368642725e-09
14.0,13.0,0.0,0.00024259696937473096
14.0,13.0,1.0,-0.0007627532369087475
14.0,13.0,2.0,0.0005260717965990952
14.0,13.0,3.0,0.001038981528930033
14.0,13.0,4.0,-0.0002674517469878346
14.0,13.0,5.0,0.0018057040145377096
14.0,13.0,6.0,-4.0896583010289365e-11
14.0,13.0,7.0,0.0015082046378648295
14.0,13.0,8.0,0.0002808469652367529
14.0,13.0,9.0,0.0015448583450275999
14.0,13.0,10.0,0.00012503952514325567
14.0,13.0,11.0,-0.0045500035374623805
14.0,13.0,12.0,0.002204223748558831
14.0,13.0,13.0,-6.531859110120326e-08
14.0,13.0,14.0,-0.0016650045027867856
14.0,13.0,15.0,0.0014188162144662675
14.0,13.0,16.0,-0.002367980635300082
14.0,13.0,17.0,-0.0005493412792254571
14.0,13.0,18.0,0.0007025970859994429
14.0,13.0,19.0,0.0011145724406440571
14.0,13.0,20.0,-1.1758533346482165e-09
14.0,14.0,0.0,0.004991394135042154
14.0,14.0,1.0,-0.0014337262839967946
14.0,14.0,2.0,0.0006946845950149411
14.0,14.0,3.0,0.0011528747553210816
14.0,14.0,4.0,-0.0011169305016776043
14.0,14.0,5.0,0.003030590346095846
14.0,14.0,6.0,-4.089658327226659e-11
14.0,14.0,7.0,0.0008148065018051542
14.0,14.0,8.0,0.00041279493348647667
14.0,14.0,9.0,0.001792665626365389
14.0,14.0,10.0,0.000572400537340978
14.0,14.0,11.0,-0.006661080909471383
14.0,14.0,12.0,0.002849887257776962
14.0,14.0,13.0,-6.531859291776691e-08
14.0,14.0,14.0,-0.0018414573419058555
14.0,14.0,15.0,0.0017651293952070102
14.0,14.0,16.0,-0.002575905960658542
14.0,14.0,17.0,-0.0003913612910498854
14.0,14.0,18.0,0.00045382497671528355
14.0,14.0,19.0,0.0016211997953938795
14.0,14.0,20.0,-1.1758533369011833e-09
14.0,15.0,0.0,0.014007644996040791
14.0,15.0,1.0,-0.0026682149364333774
14.0,15.0,2.0,0.0010698320579987652
14.0,15.0,3.0,0.0013300955254320623
14.0,15.0,4.0,-0.0016768274889310542
14.0,15.0,5.0,0.005315886258572142
14.0,15.0,6.0,-4.0896582927777265e-11
14.0,15.0,7.0,-0.0006537824456998576
14.0,15.0,8.0,0.0008661203142074358
14.0,15.0,9.0,0.002166025484830511
14.0,15.0,10.0,0.001741636714808703
14.0,15.0,11.0,-0.010447152624704765
14.0,15.0,12.0,0.0031312988615485593
14.0,15.0,13.0,-6.531859297400509e-08
14.0,15.0,14.0,-0.002154084887456661
14.0,15.0,15.0,0.002323197107378369
14.0,15.0,16.0,-0.004158782319167886
14.0,15.0,17.0,-6.828008036385835e-05
14.0,15.0,18.0,1.1356739993001463e-05
14.0,15.0,19.0,0.0019267033826179114
14.0,15.0,20.0,-1.1758533370980128e-09
14.0,16.0,0.0,0.09431009507199217
14.0,16.0,1.0,-0.012748222444253943
14.0,16.0,2.0,0.0034596475481748212
14.0,16.0,3.0,0.0020245438808597083
14.0,16.0,4.0,-0.006706028011811749
14.0,16.0,5.0,0.024157605894331705
14.0,16.0,6.0,-4.0896568464313065e-11
14.0,16.0,7.0,-0.01585742589661593
14.0,16.0,8.0,0.003889113658111648
14.0,16.0,9.0,0.004813212579185003
14.0,16.0,10.0,0.011345298372788526
14.0,16.0,11.0,-0.030365948581507717
14.0,16.0,12.0,0.005414741104568299
14.0,16.0,13.0,-6.531859169377998e-08
14.0,16.0,14.0,-0.004793047352196912
14.0,16.0,15.0,0.0041902603126738325
14.0,16.0,16.0,-0.010043673239613082
14.0,16.0,17.0,0.004212337069614769
14.0,16.0,18.0,-0.004149049533664323
14.0,16.0,19.0,0.005106474391984417
14.0,16.0,20.0,-1.1758533364819035e-09
14.0,17.0,0.0,0.07693146411548901
14.0,17.0,1.0,-0.010714894766891206
14.0,17.0,2.0,0.003081216590995847
14.0,17.0,3.0,0.002020553768693284
14.0,17.0,4.0,-0.005915368305537516
14.0,17.0,5.0,0.020307733740996273
14.0,17.0,6.0,-4.089657484978146e-11
14.0,17.0,7.0,-0.012127358039072972
14.0,17.0,8.0,0.0033312134246761826
14.0,17.0,9.0,0.004373576689001152
14.0,17.0,10.0,0.009255079978201408
14.0,17.0,11.0,-0.028375284618794273
14.0,17.0,12.0,0.005222876123456399
14.0,17.0,13.0,-6.531859260069699e-08
14.0,17.0,14.0,-0.004246096809340492
14.0,17.0,15.0,0.004321007108954805
14.0,17.0,16.0,-0.009776104899485938
14.0,17.0,17.0,0.0030882412828381334
14.0,17.0,18.0,-0.003215951218958693
14.0,17.0,19.0,0.004573119158697181
14.0,17.0,20.0,-1.1758533369892353e-09
14.0,18.0,0.0,0.021450195873553346
14.0,18.0,1.0,-0.003690828831815804
14.0,18.0,2.0,0.0013612493309835272
14.0,18.0,3.0,0.0014760374034043233
14.0,18.0,4.0,-0.002369158315847497
14.0,18.0,5.0,0.0072001591425703
14.0,18.0,6.0,-4.089658246807541e-11
14.0,18.0,7.0,-0.0018522260211393526
14.0,18.0,8.0,0.0011853840702581164
14.0,18.0,9.0,0.0024914357367970263
14.0,18.0,10.0,0.0026266320730632398
14.0,18.0,11.0,-0.013477280466101655
14.0,18.0,12.0,0.003565786226800871
14.0,18.0,13.0,-6.531859290376652e-08
14.0,18.0,14.0,-0.0024196952016217847
14.0,18.0,15.0,0.002774640143762802
14.0,18.0,16.0,-0.005128570828026702
14.0,18.0,17.0,0.00021404102219518828
14.0,18.0,18.0,-0.00036488119584141
14.0,18.0,19.0,0.002330248843004923
14.0,18.0,20.0,-1.1758533369474167e-09
14.0,19.0,0.0,0.11507091179269885
14.0,19.0,1.0,-0.015031204925090969
14.0,19.0,2.0,0.0038293698255476155
14.0,19.0,3.0,0.0019225512230636732
14.0,19.0,4.0,-0.007360810989581745
14.0,19.0,5.0,0.028504139134433962
14.0,19.0,6.0,-4.0896558572641046e-11
14.0,19.0,7.0,-0.020384347071388143
14.0,19.0,8.0,0.004498282136584625
14.0,19.0,9.0,0.005232961006136544
14.0,19.0,10.0,0.01370828561386811
14.0,19.0,11.0,-0.03152774295818866
14.0,19.0,12.0,0.005350223912447882
14.0,19.0,13.0,-6.531859140158622e-08
14.0,19.0,14.0,-0.005387581266627344
14.0,19.0,15.0,0.0037502283652242896
14.0,19.0,16.0,-0.01003219905186814
14.0,19.0,17.0,0.005754708823992205
14.0,19.0,18.0,-0.0052381219832337705
14.0,19.0,19.0,0.00571461562893294
14.0,19.0,20.0,-1.1758533361128444e-09
14.0,20.0,0.0,0.0002425966535717361
14.0,20.0,1.0,-0.0007627531655902409
14.0,20.0,2.0,0.0005260720386660034
14.0,20.0,3.0,0.0010389814561538313
14.0,20.0,4.0,-0.00026744832285352516
14.0,20.0,5.0,0.0018057039451690182
14.0,20.0,6.0,-4.0896583010289184e-11
14.0,20.0,7.0,0.0015082043386308586
14.0,20.0,8.0,0.0002808476230398149
14.0,20.0,9.0,0.0015448580958603575
14.0,20.0,10.0,0.00012504051918221792
14.0,20.0,11.0,-0.004550003428414922
14.0,20.0,12.0,0.0022042207345931986
14.0,20.0,13.0,-6.531859110120419e-08
14.0,20.0,14.0,-0.0016650044555449987
14.0,20.0,15.0,0.0014188160774367409
14.0,20.0,16.0,-0.002367984880442431
14.0,20.0,17.0,-0.0005493412644789197
14.0,20.0,18.0,0.0007025971863880709
14.0,20.0,19.0,0.0011145703954817954
14.0,20.0,20.0,-1.1758533346482078e-09
15.0,1.0,0.0,0.005544618637616849
15.0,1.0,1.0,-0.0015884325373349654
15.0,1.0,2.0,0.00046054009213630787
15.0,1.0,3.0,0.0006761716558029707
15.0,1.0,4.0,0.0005677123011615937
15.0,1.0,5.0,0.0012619767937747939
15.0,1.0,6.0,-6.038956920889217e-12
15.0,1.0,7.0,-0.00043332947746158035
15.0,1.0,8.0,-0.0007689221697347268
15.0,1.0,9.0,-0.00012203140285788061
15.0,1.0,10.0,0.0007074469681525031
15.0,1.0,11.0,-0.0008519310638085975
15.0,1.0,12.0,-0.0004974080882246268
15.0,1.0,13.0,0.0006148023952162185
15.0,1.0,14.0,-2.7133744070251393e-05
15.0,1.0,15.0,-0.00114502752494694
15.0,1.0,16.0,-0.0003407467361555838
15.0,1.0,17.0,-0.0002235633672909576
15.0,1.0,18.0,-0.0003787048023055975
15.0,1.0,19.0,-2.4306186059641632e-05
15.0,1.0,20.0,-2.7713046584786725e-08
15.0,2.0,0.0,0.05624157481465658
15.0,2.0,1.0,-0.007903353991607943
15.0,2.0,2.0,5.492979743135229e-05
15.0,2.0,3.0,0.005441288621866047
15.0,2.0,4.0,-0.0019558627930391648
15.0,2.0,5.0,0.015166634628117986
15.0,2.0,6.0,-6.0389567083279135e-12
15.0,2.0,7.0,-0.009745442483685501
15.0,2.0,8.0,-0.0006941734567952729
15.0,2.0,9.0,-0.0006069855343691366
15.0,2.0,10.0,0.008664613422672218
15.0,2.0,11.0,-0.016736602996089922
15.0,2.0,12.0,-0.006160791744630245
15.0,2.0,13.0,0.002823632341882487
15.0,2.0,14.0,-2.7133951059141467e-05
15.0,2.0,15.0,-0.011566843796094073
15.0,2.0,16.0,5.1241328731688185e-05
15.0,2.0,17.0,-0.0029107951891514383
15.0,2.0,18.0,-0.0018307935854439406
15.0,2.0,19.0,-0.004570122204099136
15.0,2.0,20.0,-2.7713047029688918e-08
15.0,3.0,0.0,0.08875172551719723
15.0,3.0,1.0,-0.011519195576844336
15.0,3.0,2.0,2.860571687998692e-05
15.0,3.0,3.0,0.00843090447593342
15.0,3.0,4.0,-0.003539654614909349
15.0,3.0,5.0,0.02396073800685089
15.0,3.0,6.0,-6.038955896975253e-12
15.0,3.0,7.0,-0.01574553223839595
15.0,3.0,8.0,-0.0006306712738252569
15.0,3.0,9.0,-0.0009495436333980811
15.0,3.0,10.0,0.013677993402025024
15.0,3.0,11.0,-0.02650277359821407
15.0,3.0,12.0,-0.009748307925969812
15.0,3.0,13.0,0.004222511643512755
15.0,3.0,14.0,-2.7134083201960087e-05
15.0,3.0,15.0,-0.018182683496476865
15.0,3.0,16.0,-0.0001391994992412382
15.0,3.0,17.0,-0.004479196537404306
15.0,3.0,18.0,-0.002629984448275037
15.0,3.0,19.0,-0.007708366720695858
15.0,3.0,20.0,-2.7713047500556522e-08
15.0,4.0,0.0,0.20200003850943454
15.0,4.0,1.0,-0.020450310771377895
15.0,4.0,2.0,-0.0007840298726300154
15.0,4.0,3.0,0.018735349492403797
15.0,4.0,4.0,-0.009351146800024579
15.0,4.0,5.0,0.05499763272901337
15.0,4.0,6.0,-6.03857734687606e-12
15.0,4.0,7.0,-0.03762177106414025
15.0,4.0,8.0,-0.0002658293372055319
15.0,4.0,9.0,-0.001950845905084403
15.0,4.0,10.0,0.03135187361547609
15.0,4.0,11.0,-0.06216124071822371
15.0,4.0,12.0,-0.022120814374617492
15.0,4.0,13.0,0.009017389355068628
15.0,4.0,14.0,-2.713453972067438e-05
15.0,4.0,15.0,-0.0413559560107753
15.0,4.0,16.0,0.00023561986943720914
15.0,4.0,17.0,-0.010457899048673613
15.0,4.0,18.0,-0.0045255706294774
15.0,4.0,19.0,-0.018841830150613026
15.0,4.0,20.0,-2.7713049135282716e-08
15.0,5.0,0.0,0.04356562082361065
15.0,5.0,1.0,-0.006400114105796086
15.0,5.0,2.0,-7.835181444998396e-05
15.0,5.0,3.0,0.004411282145123152
15.0,5.0,4.0,-0.0013851263272406378
15.0,5.0,5.0,0.011766296931463915
15.0,5.0,6.0,-6.0389568029929985e-12
15.0,5.0,7.0,-0.007524348954933507
15.0,5.0,8.0,-0.0007155749083105226
15.0,5.0,9.0,-0.0004921470410776674
15.0,5.0,10.0,0.00700677204095701
15.0,5.0,11.0,-0.012941987042432712
15.0,5.0,12.0,-0.004613351546789102
15.0,5.0,13.0,0.002296309100225158
15.0,5.0,14.0,-2.7133897958694627e-05
15.0,5.0,15.0,-0.009050118499915993
15.0,5.0,16.0,0.00030626426275481844
15.0,5.0,17.0,-0.0024571229339022116
15.0,5.0,18.0,-0.0014949684334662483
15.0,5.0,19.0,-0.0036306159967666174
15.0,5.0,20.0,-2.771304674357707e-08
15.0,6.0,0.0,0.00015687680565057427
15.0,6.0,1.0,-0.000878697090294478
15.0,6.0,2.0,0.00043631487544132375
15.0,6.0,3.0,0.0001936283650729731
15.0,6.0,4.0,0.0008185954298539633
15.0,6.0,5.0,-0.00018848022219009053
15.0,6.0,6.0,-6.0389569231667365e-12
15.0,6.0,7.0,0.0005219900732099936
15.0,6.0,8.0,-0.0007754746642487535
15.0,6.0,9.0,-6.261757408321245e-05
15.0,6.0,10.0,-9.040766070889106e-05
15.0,6.0,11.0,0.0007300731846651698
15.0,6.0,12.0,0.00012035862528403385
15.0,6.0,13.0,0.000381216319403882
15.0,6.0,14.0,-2.713371969908757e-05
15.0,6.0,15.0,-5.65953119483209e-05
15.0,6.0,16.0,-0.00027335442335651994
15.0,6.0,17.0,1.0549658023939479e-05
15.0,6.0,18.0,-0.0002128481640277305
15.0,6.0,19.0,0.00045517726420474247
15.0,6.0,20.0,-2.7713046440155707e-08
15.0,7.0,0.0,0.03173114118675602
15.0,7.0,1.0,-0.004928565576409645
15.0,7.0,2.0,0.0002819442155218843
15.0,7.0,3.0,0.0031493045489746074
15.0,7.0,4.0,-0.0007237872490762909
15.0,7.0,5.0,0.008416799579240825
15.0,7.0,6.0,-6.038956846548387e-12
15.0,7.0,7.0,-0.005217297918614083
15.0,7.0,8.0,-0.0007336666997466609
15.0,7.0,9.0,-0.00038296079957125806
15.0,7.0,10.0,0.004831016065794058
15.0,7.0,11.0,-0.008954623319255561
15.0,7.0,12.0,-0.0034050729835760074
15.0,7.0,13.0,0.0017579957900263898
15.0,7.0,14.0,-2.713384894895144e-05
15.0,7.0,15.0,-0.006519969007113047
15.0,7.0,16.0,-0.00018902704921264224
15.0,7.0,17.0,-0.0015946393917853352
15.0,7.0,18.0,-0.0011530751348176327
15.0,7.0,19.0,-0.002407522979846477
15.0,7.0,20.0,-2.771304638753659e-08
15.0,8.0,0.0,0.0002062852325981912
15.0,8.0,1.0,-0.0008886023700199926
15.0,8.0,2.0,0.0004531093587099577
15.0,8.0,3.0,0.0001906685387334517
15.0,8.0,4.0,0.0008193588924886308
15.0,8.0,5.0,-0.00018022968299583053
15.0,8.0,6.0,-6.038956923128095e-12
15.0,8.0,7.0,0.0005200424433866868
15.0,8.0,8.0,-0.0007753557319142268
15.0,8.0,9.0,-6.473138851328941e-05
15.0,8.0,10.0,-9.686582684254041e-05
15.0,8.0,11.0,0.0007372318160285274
15.0,8.0,12.0,0.00010897020044092764
15.0,8.0,13.0,0.0003832668560918434
15.0,8.0,14.0,-2.713371999792731e-05
15.0,8.0,15.0,-6.235357949305187e-05
15.0,8.0,16.0,-0.0003001774718903727
15.0,8.0,17.0,2.120990365500619e-05
15.0,8.0,18.0,-0.00021535774128014773
15.0,8.0,19.0,0.00045292811674457756
15.0,8.0,20.0,-2.7713046440479072e-08
15.0,9.0,0.0,0.03903698599760547
15.0,9.0,1.0,-0.005842588471266064
15.0,9.0,2.0,0.00015315454289427377
15.0,9.0,3.0,0.003879337659845161
15.0,9.0,4.0,-0.0011081308003202395
15.0,9.0,5.0,0.010441744858381508
15.0,9.0,6.0,-6.0389568267377156e-12
15.0,9.0,7.0,-0.006595340086549217
15.0,9.0,8.0,-0.0007225052891871314
15.0,9.0,9.0,-0.0004550697494976885
15.0,9.0,10.0,0.006077892033523047
15.0,9.0,11.0,-0.01129690103080927
15.0,9.0,12.0,-0.0041794651068342015
15.0,9.0,13.0,0.0020853101707818816
15.0,9.0,14.0,-2.7133879290871294e-05
15.0,9.0,15.0,-0.00804882380386382
15.0,9.0,16.0,-2.6303578113173742e-05
15.0,9.0,17.0,-0.002047774142973413
15.0,9.0,18.0,-0.0013649099146265178
15.0,9.0,19.0,-0.00313041403703207
15.0,9.0,20.0,-2.7713046685008097e-08
15.0,10.0,0.0,0.12882483549006296
15.0,10.0,1.0,-0.015380734145309882
15.0,10.0,2.0,-0.000250844030741354
15.0,10.0,3.0,0.012183428650149652
15.0,10.0,4.0,-0.005579950991603022
15.0,10.0,5.0,0.03495666359819452
15.0,10.0,6.0,-6.038949235280394e-12
15.0,10.0,7.0,-0.023377637822494385
15.0,10.0,8.0,-0.0005310482274397414
15.0,10.0,9.0,-0.0013330836339132957
15.0,10.0,10.0,0.020031894964973596
15.0,10.0,11.0,-0.039020191108564195
15.0,10.0,12.0,-0.014127007073286568
15.0,10.0,13.0,0.005942549651988677
15.0,10.0,14.0,-2.7134247515694655e-05
15.0,10.0,15.0,-0.026417544090055894
15.0,10.0,16.0,2.7914437614739995e-06
15.0,10.0,17.0,-0.006613830373879415
15.0,10.0,18.0,-0.00346567724541718
15.0,10.0,19.0,-0.011643360618711629
15.0,10.0,20.0,-2.771304831001397e-08
15.0,11.0,0.0,0.0661939038633193
15.0,11.0,1.0,-0.0090600200367708
15.0,11.0,2.0,6.773548407582042e-05
15.0,11.0,3.0,0.006385990343084846
15.0,11.0,4.0,-0.00244614773799956
15.0,11.0,5.0,0.017887412298918826
15.0,11.0,6.0,-6.038956584823579e-12
15.0,11.0,7.0,-0.011557255972683117
15.0,11.0,8.0,-0.0006754434534725724
15.0,11.0,9.0,-0.0007013451829177841
15.0,11.0,10.0,0.010106788072128059
15.0,11.0,11.0,-0.019764480674743234
15.0,11.0,12.0,-0.0073114177728701435
15.0,11.0,13.0,0.0032445124385846597
15.0,11.0,14.0,-2.7133994108447893e-05
15.0,11.0,15.0,-0.013581490473133173
15.0,11.0,16.0,-1.866857477206274e-05
15.0,11.0,17.0,-0.0033674610802387206
15.0,11.0,18.0,-0.0020923857509460575
15.0,11.0,19.0,-0.005407448834915951
15.0,11.0,20.0,-2.771304732784576e-08
15.0,12.0,0.0,0.07715370073936684
15.0,12.0,1.0,-0.010287252193610966
15.0,12.0,2.0,0.00011095542817801674
15.0,12.0,3.0,0.007350571195765432
15.0,12.0,4.0,-0.0029555295680415705
15.0,12.0,5.0,0.02078865162295468
15.0,12.0,6.0,-6.038956366184655e-12
15.0,12.0,7.0,-0.013567709665153499
15.0,12.0,8.0,-0.0006542836289953251
15.0,12.0,9.0,-0.0008388182589996185
15.0,12.0,10.0,0.011851988345158992
15.0,12.0,11.0,-0.02288715766698296
15.0,12.0,12.0,-0.008474330144598308
15.0,12.0,13.0,0.003723461543401571
15.0,12.0,14.0,-2.7134038509090317e-05
15.0,12.0,15.0,-0.015803759283101154
15.0,12.0,16.0,-0.00019148604775054423
15.0,12.0,17.0,-0.0038678763809804617
15.0,12.0,18.0,-0.0023613099350510564
15.0,12.0,19.0,-0.006601210464098228
15.0,12.0,20.0,-2.7713047610611784e-08
15.0,13.0,0.0,0.017149571135286867
15.0,13.0,1.0,-0.0030804400954948484
15.0,13.0,2.0,0.0004035841141359353
15.0,13.0,3.0,0.0017643224106314581
15.0,13.0,4.0,1.2600777655746853e-06
15.0,13.0,5.0,0.004423739099053553
15.0,13.0,6.0,-6.03895689377813e-12
15.0,13.0,7.0,-0.0025425578950506733
15.0,13.0,8.0,-0.0007543240005756353
15.0,13.0,9.0,-0.00023984389569858822
15.0,13.0,10.0,0.0025188686223944767
15.0,13.0,11.0,-0.004409866368165705
15.0,13.0,12.0,-0.0017905829881184054
15.0,13.0,13.0,0.0011202894401930452
15.0,13.0,14.0,-2.7133789884671216e-05
15.0,13.0,15.0,-0.0035206602859392255
15.0,13.0,16.0,-0.0003080425815797927
15.0,13.0,17.0,-0.0008141248136765977
15.0,13.0,18.0,-0.0007243394313080492
15.0,13.0,19.0,-0.001078312111278401
15.0,13.0,20.0,-2.771304636975051e-08
15.0,14.0,0.0,0.000157357323845142
15.0,14.0,1.0,-0.0008787495181712367
15.0,14.0,2.0,0.0004370445283032043
15.0,14.0,3.0,0.00019335112260593368
15.0,14.0,4.0,0.0008187455574437674
15.0,14.0,5.0,-0.00018860768680087348
15.0,14.0,6.0,-6.038956923169397e-12
15.0,14.0,7.0,0.0005221957965801383
15.0,14.0,8.0,-0.0007754737260801858
15.0,14.0,9.0,-6.267552717750813e-05
15.0,14.0,10.0,-9.09509386354257e-05
15.0,14.0,11.0,0.0007309098724915253
15.0,14.0,12.0,0.00012009362296255821
15.0,14.0,13.0,0.0003812008554471974
15.0,14.0,14.0,-2.713371969993635e-05
15.0,14.0,15.0,-5.647231963593069e-05
15.0,14.0,16.0,-0.0002745163730230038
15.0,14.0,17.0,1.1094584361104332e-05
15.0,14.0,18.0,-0.0002128449097329732
15.0,14.0,19.0,0.0004552498373012748
15.0,14.0,20.0,-2.771304644019582e-08
15.0,15.0,0.0,0.04211186180891108
15.0,15.0,1.0,-0.006228650722095226
15.0,15.0,2.0,4.748163747275713e-05
15.0,15.0,3.0,0.004198960471674784
15.0,15.0,4.0,-0.0012794630623763625
15.0,15.0,5.0,0.011312595616402327
15.0,15.0,6.0,-6.038956810377798e-12
15.0,15.0,7.0,-0.007189402607957918
15.0,15.0,8.0,-0.0007173245906741089
15.0,15.0,9.0,-0.00047826589755556315
15.0,15.0,10.0,0.006628187214659187
15.0,15.0,11.0,-0.012361985266050701
15.0,15.0,12.0,-0.004501571883803457
15.0,15.0,13.0,0.0022231677788395604
15.0,15.0,14.0,-2.7133893519686974e-05
15.0,15.0,15.0,-0.008702715413286127
15.0,15.0,16.0,0.00012658079150362767
15.0,15.0,17.0,-0.002271683195226193
15.0,15.0,18.0,-0.0014568238793729107
15.0,15.0,19.0,-0.0034194345963698414
15.0,15.0,20.0,-2.7713046751271624e-08
15.0,16.0,0.0,0.12026894921584197
15.0,16.0,1.0,-0.01463601425607984
15.0,16.0,2.0,-0.00030227225724741014
15.0,16.0,3.0,0.011481660429819684
15.0,16.0,4.0,-0.005174698349237561
15.0,16.0,5.0,0.032657993512166555
15.0,16.0,6.0,-6.038951839489643e-12
15.0,16.0,7.0,-0.021800152529330222
15.0,16.0,8.0,-0.0005536308208781488
15.0,16.0,9.0,-0.0012591130422882346
15.0,16.0,10.0,0.01886991974250085
15.0,16.0,11.0,-0.036412318197127314
15.0,16.0,12.0,-0.013126265223977751
15.0,16.0,13.0,0.005591432343367994
15.0,16.0,14.0,-2.713421257399746e-05
15.0,16.0,15.0,-0.024711039681919927
15.0,16.0,16.0,0.0001368281021753015
15.0,16.0,17.0,-0.006270651145898365
15.0,16.0,18.0,-0.0033108995600660968
15.0,16.0,19.0,-0.010931015691660217
15.0,16.0,20.0,-2.771304802739021e-08
15.0,17.0,0.0,0.07132974126128205
15.0,17.0,1.0,-0.009637758990883974
15.0,17.0,2.0,1.1346143390628116e-05
15.0,17.0,3.0,0.0068479137949080116
15.0,17.0,4.0,-0.002698074401031425
15.0,17.0,5.0,0.019250266115629355
15.0,17.0,6.0,-6.038956487906932e-12
15.0,17.0,7.0,-0.012529244990445526
15.0,17.0,8.0,-0.0006662016759769636
15.0,17.0,9.0,-0.0007678258394424597
15.0,17.0,10.0,0.011028139942687365
15.0,17.0,11.0,-0.021275449980013184
15.0,17.0,12.0,-0.007810691345265575
15.0,17.0,13.0,0.003477613532451171
15.0,17.0,14.0,-2.7134013603541367e-05
15.0,17.0,15.0,-0.014644159394679807
15.0,17.0,16.0,1.2547455181421974e-05
15.0,17.0,17.0,-0.0036624633744623547
15.0,17.0,18.0,-0.0022184136042028083
15.0,17.0,19.0,-0.0060470529140573825
15.0,17.0,20.0,-2.771304731516119e-08
15.0,18.0,0.0,0.009993572447157262
15.0,18.0,1.0,-0.0021652978883288376
15.0,18.0,2.0,0.00043296683546509285
15.0,18.0,3.0,0.001096076768812071
15.0,18.0,4.0,0.0003491034125696624
15.0,18.0,5.0,0.002476981733251754
15.0,18.0,6.0,-6.038956911481163e-12
15.0,18.0,7.0,-0.0012432593255366775
15.0,18.0,8.0,-0.0007634468663460308
15.0,18.0,9.0,-0.0001670782575139973
15.0,18.0,10.0,0.0014061896700279242
15.0,18.0,11.0,-0.002224476121898189
15.0,18.0,12.0,-0.0009929475785159236
15.0,18.0,13.0,0.0008097117008430965
15.0,18.0,14.0,-2.7133761380663553e-05
15.0,18.0,15.0,-0.0020582514250363226
15.0,18.0,16.0,-0.00031918266620367675
15.0,18.0,17.0,-0.00045495144339419147
15.0,18.0,18.0,-0.0005131037413587947
15.0,18.0,19.0,-0.00042731503707660323
15.0,18.0,20.0,-2.7713046488052396e-08
15.0,19.0,0.0,0.15458875066778388
15.0,19.0,1.0,-0.017475382619487907
15.0,19.0,2.0,-0.0003118496082399336
15.0,19.0,3.0,0.0144266795257455
15.0,19.0,4.0,-0.0068575825241826704
15.0,19.0,5.0,0.041975605091759016
15.0,19.0,6.0,-6.038926191233322e-12
15.0,19.0,7.0,-0.028260449654138695
15.0,19.0,8.0,-0.00044964467059649545
15.0,19.0,9.0,-0.0015507272557457041
15.0,19.0,10.0,0.023813482105172312
15.0,19.0,11.0,-0.0470766671309687
15.0,19.0,12.0,-0.017033455609282766
15.0,19.0,13.0,0.0070150204727600085
15.0,19.0,14.0,-2.7134352653732057e-05
15.0,19.0,15.0,-0.031631113473843925
15.0,19.0,16.0,-7.877641246067935e-05
15.0,19.0,17.0,-0.007846729422192278
15.0,19.0,18.0,-0.003912573686119893
15.0,19.0,19.0,-0.013955506063803469
15.0,19.0,20.0,-2.7713048462283375e-08
15.0,20.0,0.0,0.000156877401984723
15.0,20.0,1.0,-0.0008786971323542746
15.0,20.0,2.0,0.0004363157815670815
15.0,20.0,3.0,0.00019362802085948205
15.0,20.0,4.0,0.0008185956148007989
15.0,20.0,5.0,-0.0001884803780803912
15.0,20.0,6.0,-6.038956923166737e-12
15.0,20.0,7.0,0.0005219903212616006
15.0,20.0,8.0,-0.0007754746636748957
15.0,20.0,9.0,-6.261764511616974e-05
15.0,20.0,10.0,-9.04083359045682e-05
15.0,20.0,11.0,0.0007300742152671624
15.0,20.0,12.0,0.00012035829674961196
15.0,20.0,13.0,0.00038121629832270354
15.0,20.0,14.0,-2.7133719699085947e-05
15.0,20.0,15.0,-5.6595160207506545e-05
15.0,20.0,16.0,-0.00027335586620336194
15.0,20.0,17.0,1.0550333517267418e-05
15.0,20.0,18.0,-0.00021284814882703562
15.0,20.0,19.0,0.0004551773515154567
15.0,20.0,20.0,-2.7713046440155664e-08
16.0,1.0,0.0,-0.0004984531803489123
16.0,1.0,1.0,-0.0017125900015487608
16.0,1.0,2.0,-0.00019639178157096482
16.0,1.0,3.0,-7.558991516312674e-05
16.0,1.0,4.0,2.1653281501166077e-08
16.0,1.0,5.0,-2.800366212141192e-06
16.0,1.0,6.0,-6.874824762285648e-10
16.0,1.0,7.0,0.00014159167419987295
16.0,1.0,8.0,0.000449651806558371
16.0,1.0,9.0,-5.9510351099079095e-05
16.0,1.0,10.0,0.00012146505530641338
16.0,1.0,11.0,0.00023770925911670293
16.0,1.0,12.0,-0.00013159636633230942
16.0,1.0,13.0,-2.426795751152632e-08
16.0,1.0,14.0,-0.00033664406209998193
16.0,1.0,15.0,-1.1758469609933727e-08
16.0,1.0,16.0,-0.00018612166715448186
16.0,1.0,17.0,-0.00022342169168926266
16.0,1.0,18.0,-0.00016939369136934057
16.0,1.0,19.0,9.434349115844398e-05
16.0,1.0,20.0,-3.145485332158905e-05
16.0,2.0,0.0,0.024663268042056485
16.0,2.0,1.0,-0.001772811040835744
16.0,2.0,2.0,0.001341777280632811
16.0,2.0,3.0,0.004715549965667226
16.0,2.0,4.0,2.16532825003668e-08
16.0,2.0,5.0,0.00890000331536106
16.0,2.0,6.0,-6.874825109132633e-10
16.0,2.0,7.0,-0.008119487970016034
16.0,2.0,8.0,-0.003981918555538269
16.0,2.0,9.0,0.0007586727607923616
16.0,2.0,10.0,0.00510748493107771
16.0,2.0,11.0,-0.009191317075022243
16.0,2.0,12.0,0.0014129691880223616
16.0,2.0,13.0,-2.4267957697932833e-08
16.0,2.0,14.0,-0.0010050182793052698
16.0,2.0,15.0,-1.1758477620744977e-08
16.0,2.0,16.0,0.0003432872050677105
16.0,2.0,17.0,-0.00022866859858764097
16.0,2.0,18.0,0.0009900807280782964
16.0,2.0,19.0,0.002318998197889721
16.0,2.0,20.0,-3.145984202564986e-05
16.0,3.0,0.0,0.0407350326877185
16.0,3.0,1.0,-0.0018045362067092422
16.0,3.0,2.0,0.002176698785493203
16.0,3.0,3.0,0.007826581890364281
16.0,3.0,4.0,2.1653284054679034e-08
16.0,3.0,5.0,0.014865453332208789
16.0,3.0,6.0,-6.874825168765753e-10
16.0,3.0,7.0,-0.013578818018350008
16.0,3.0,8.0,-0.006860353886909004
16.0,3.0,9.0,0.0011343202289605114
16.0,3.0,10.0,0.009277784383423637
16.0,3.0,11.0,-0.015308767791034628
16.0,3.0,12.0,0.0024862690247974273
16.0,3.0,13.0,-2.42679578339688e-08
16.0,3.0,14.0,-0.0013927678161489085
16.0,3.0,15.0,-1.1758481084359526e-08
16.0,3.0,16.0,0.000832559000017552
16.0,3.0,17.0,-0.00023038788385824687
16.0,3.0,18.0,0.0017977067527751578
16.0,3.0,19.0,0.003346534399029877
16.0,3.0,20.0,-3.1462245462910405e-05
16.0,4.0,0.0,0.1986821008386767
16.0,4.0,1.0,-0.0019457744266886904
16.0,4.0,2.0,0.0116746018401995
16.0,4.0,3.0,0.03804638459785842
16.0,4.0,4.0,2.1653289827838762e-08
16.0,4.0,5.0,0.07125276055620366
16.0,4.0,6.0,-6.87482482145359e-10
16.0,4.0,7.0,-0.06540896919307679
16.0,4.0,8.0,-0.03463336555207164
16.0,4.0,9.0,0.00529633581715902
16.0,4.0,10.0,0.041917222661632336
16.0,4.0,11.0,-0.07307898297013327
16.0,4.0,12.0,0.013043853131419036
16.0,4.0,13.0,-2.4267957736999955e-08
16.0,4.0,14.0,-0.00548369847623259
16.0,4.0,15.0,-1.1758487365060068e-08
16.0,4.0,16.0,0.0026215389210741957
16.0,4.0,17.0,-0.00023282475903242596
16.0,4.0,18.0,0.009242497376395986
16.0,4.0,19.0,0.01675352548546516
16.0,4.0,20.0,-3.147089417713239e-05
16.0,5.0,0.0,0.06322110473386494
16.0,5.0,1.0,-0.001840242732385491
16.0,5.0,2.0,0.0036290983480030403
16.0,5.0,3.0,0.012118213571558845
16.0,5.0,4.0,2.1653285053879756e-08
16.0,5.0,5.0,0.022785972378263353
16.0,5.0,6.0,-6.874825189227933e-10
16.0,5.0,7.0,-0.020925709197228443
16.0,5.0,8.0,-0.010830547551356123
16.0,5.0,9.0,0.0017201844624580576
16.0,5.0,10.0,0.013343874297906178
16.0,5.0,11.0,-0.02332844307098353
16.0,5.0,12.0,0.0040351345471884015
16.0,5.0,13.0,-2.426795785048868e-08
16.0,5.0,14.0,-0.0019842694978562322
16.0,5.0,15.0,-1.1758483713053582e-08
16.0,5.0,16.0,0.0008853233362452473
16.0,5.0,17.0,-0.00023165405958591062
16.0,5.0,18.0,0.002811387917135366
16.0,5.0,19.0,0.005473591537030198
16.0,5.0,20.0,-3.1464823041720154e-05
16.0,6.0,0.0,-0.0005762825689581974
16.0,6.0,1.0,-0.001712130760117865
16.0,6.0,2.0,-0.00021740084614195465
16.0,6.0,3.0,-9.012300859578826e-05
16.0,6.0,4.0,2.1653281279121472e-08
16.0,6.0,5.0,1.4176609158700337e-05
16.0,6.0,6.0,-6.8748245116132e-10
16.0,6.0,7.0,0.0001347844327190817
16.0,6.0,8.0,0.0004410799699640644
16.0,6.0,9.0,-0.00022958903138284303
16.0,6.0,10.0,0.0002053327849729225
16.0,6.0,11.0,0.0005710303093944824
16.0,6.0,12.0,0.00010429514366017134
16.0,6.0,13.0,-2.4267957322767876e-08
16.0,6.0,14.0,-0.00032046224728597
16.0,6.0,15.0,-1.175846934156382e-08
16.0,6.0,16.0,-0.0003146632559720697
16.0,6.0,17.0,-0.00022336975069388797
16.0,6.0,18.0,-0.00016088383196563583
16.0,6.0,19.0,2.4520312717712933e-05
16.0,6.0,20.0,-3.145482545404477e-05
16.0,7.0,0.0,0.019746476471948715
16.0,7.0,1.0,-0.0017625631814813464
16.0,7.0,2.0,0.0010309687034935622
16.0,7.0,3.0,0.0037810667937052123
16.0,7.0,4.0,2.1653282278322195e-08
16.0,7.0,5.0,0.00716179075206097
16.0,7.0,6.0,-6.874825045192915e-10
16.0,7.0,7.0,-0.0065080025767013105
16.0,7.0,8.0,-0.003111005918007434
16.0,7.0,9.0,0.0006386154452918125
16.0,7.0,10.0,0.004187289503908009
16.0,7.0,11.0,-0.007455263391529132
16.0,7.0,12.0,0.0010445980296419632
16.0,7.0,13.0,-2.4267957624930915e-08
16.0,7.0,14.0,-0.0008757408504875552
16.0,7.0,15.0,-1.1758476478505927e-08
16.0,7.0,16.0,0.00030059750705602184
16.0,7.0,17.0,-0.00022797382298468
16.0,7.0,18.0,0.0007650489702844543
16.0,7.0,19.0,0.0018756646503537144
16.0,7.0,20.0,-3.145902746192591e-05
16.0,8.0,0.0,0.020471770204477047
16.0,8.0,1.0,-0.0017640809332624882
16.0,8.0,2.0,0.001069724395621946
16.0,8.0,3.0,0.003927445981393413
16.0,8.0,4.0,2.16532825003668e-08
16.0,8.0,5.0,0.007444305643557914
16.0,8.0,6.0,-6.874825074985644e-10
16.0,8.0,7.0,-0.0067606928437179414
16.0,8.0,8.0,-0.0032458891151595504
16.0,8.0,9.0,0.0006420485426139599
16.0,8.0,10.0,0.0043669609061538495
16.0,8.0,11.0,-0.007698172361320921
16.0,8.0,12.0,0.0011335747165110988
16.0,8.0,13.0,-2.4267957671462938e-08
16.0,8.0,14.0,-0.0008933973519615473
16.0,8.0,15.0,-1.1758476698760394e-08
16.0,8.0,16.0,0.00032886848908975086
16.0,8.0,17.0,-0.00022808174427789042
16.0,8.0,18.0,0.0007997988630920327
16.0,8.0,19.0,0.001922882187270325
16.0,8.0,20.0,-3.1459140267801e-05
16.0,9.0,0.0,0.034373718135265685
16.0,9.0,1.0,-0.0017925494725157193
16.0,9.0,2.0,0.0018902735635714096
16.0,9.0,3.0,0.006581790293212014
16.0,9.0,4.0,2.1653283610589824e-08
16.0,9.0,5.0,0.012445395879902621
16.0,9.0,6.0,-6.874825147267651e-10
16.0,9.0,7.0,-0.011361133448483232
16.0,9.0,8.0,-0.005693266086480034
16.0,9.0,9.0,0.0009780308781764668
16.0,9.0,10.0,0.007448152943288933
16.0,9.0,11.0,-0.012820984365541521
16.0,9.0,12.0,0.0019008950035605543
16.0,9.0,13.0,-2.42679577958721e-08
16.0,9.0,14.0,-0.001232272069122041
16.0,9.0,15.0,-1.1758479895635237e-08
16.0,9.0,16.0,0.0003106593337284247
16.0,9.0,17.0,-0.00022981143488078694
16.0,9.0,18.0,0.001468541933006634
16.0,9.0,19.0,0.0030084333723928713
16.0,9.0,20.0,-3.1461371843835226e-05
16.0,10.0,0.0,0.12823763793876264
16.0,10.0,1.0,-0.001908733085014928
16.0,10.0,2.0,0.0075221782961790995
16.0,10.0,3.0,0.024532297810490794
16.0,10.0,4.0,2.1653288939660342e-08
16.0,10.0,5.0,0.04598870759221119
16.0,10.0,6.0,-6.874825205559142e-10
16.0,10.0,7.0,-0.04238622885612278
16.0,10.0,8.0,-0.022316995485604396
16.0,10.0,9.0,0.003450270041233161
16.0,10.0,10.0,0.026949570006689072
16.0,10.0,11.0,-0.0472290040575179
16.0,10.0,12.0,0.008286215795028862
16.0,10.0,13.0,-2.426795803062085e-08
16.0,10.0,14.0,-0.003654407812605537
16.0,10.0,15.0,-1.1758486994768374e-08
16.0,10.0,16.0,0.001712438526557114
16.0,10.0,17.0,-0.0002327014333037023
16.0,10.0,18.0,0.005885995684622197
16.0,10.0,19.0,0.010908398908685668
16.0,10.0,20.0,-3.146907983571868e-05
16.0,11.0,0.0,0.06640359038641391
16.0,11.0,1.0,-0.001845857244410679
16.0,11.0,2.0,0.0037883919354664564
16.0,11.0,3.0,0.01272504032939914
16.0,11.0,4.0,2.165328427672364e-08
16.0,11.0,5.0,0.023967550715451313
16.0,11.0,6.0,-6.874825127388687e-10
16.0,11.0,7.0,-0.022000461837203222
16.0,11.0,8.0,-0.011401332430172814
16.0,11.0,9.0,0.0017769461533704844
16.0,11.0,10.0,0.014175060101391579
16.0,11.0,11.0,-0.024490758929169243
16.0,11.0,12.0,0.004292539500912684
16.0,11.0,13.0,-2.4267957640407008e-08
16.0,11.0,14.0,-0.002061380079552144
16.0,11.0,15.0,-1.1758483669736347e-08
16.0,11.0,16.0,0.0010022427916458465
16.0,11.0,17.0,-0.00023179875683822758
16.0,11.0,18.0,0.002971254249084926
16.0,11.0,19.0,0.005669271358530348
16.0,11.0,20.0,-3.1465199225211995e-05
16.0,12.0,0.0,0.07430773138016661
16.0,12.0,1.0,-0.0018557709316866725
16.0,12.0,2.0,0.004281381245547555
16.0,12.0,3.0,0.014219588417033496
16.0,12.0,4.0,2.1653284942857454e-08
16.0,12.0,5.0,0.02673373879343438
16.0,12.0,6.0,-6.87482515166082e-10
16.0,12.0,7.0,-0.0245849602902162
16.0,12.0,8.0,-0.012789637569763798
16.0,12.0,9.0,0.002008049341178042
16.0,12.0,10.0,0.01570790249655385
16.0,12.0,11.0,-0.027390265693012505
16.0,12.0,12.0,0.004773801742789852
16.0,12.0,13.0,-2.4267957722031847e-08
16.0,12.0,14.0,-0.0022667175901378844
16.0,12.0,15.0,-1.1758484357371584e-08
16.0,12.0,16.0,0.001062365379855268
16.0,12.0,17.0,-0.0002320252075668419
16.0,12.0,18.0,0.0033383763328864724
16.0,12.0,19.0,0.0063767509889370855
16.0,12.0,20.0,-3.146586307013439e-05
16.0,13.0,0.0,-0.000576281900539044
16.0,13.0,1.0,-0.0017121307601857727
16.0,13.0,2.0,-0.0002174004990311562
16.0,13.0,3.0,-9.012296158522615e-05
16.0,13.0,4.0,2.1653281279121472e-08
16.0,13.0,5.0,1.4174685304735313e-05
16.0,13.0,6.0,-6.874824511620521e-10
16.0,13.0,7.0,0.00013478575474190624
16.0,13.0,8.0,0.0004410813455289625
16.0,13.0,9.0,-0.00022958032842584908
16.0,13.0,10.0,0.00020533171666170524
16.0,13.0,11.0,0.0005710128727644537
16.0,13.0,12.0,0.00010428067529322238
16.0,13.0,13.0,-2.426795732277186e-08
16.0,13.0,14.0,-0.00032046269737481814
16.0,13.0,15.0,-1.1758469341566996e-08
16.0,13.0,16.0,-0.00031465779233674773
16.0,13.0,17.0,-0.00022336975071736678
16.0,13.0,18.0,-0.00016088413425913162
16.0,13.0,19.0,2.452216863368939e-05
16.0,13.0,20.0,-3.145482545326207e-05
16.0,14.0,0.0,0.009517981102859174
16.0,14.0,1.0,-0.001738273627358979
16.0,14.0,2.0,0.0004212856757690453
16.0,14.0,3.0,0.0018397203568413234
16.0,14.0,4.0,2.1653282611389102e-08
16.0,14.0,5.0,0.003534414081874715
16.0,14.0,6.0,-6.874825125150256e-10
16.0,14.0,7.0,-0.003137103694181756
16.0,14.0,8.0,-0.0013093960889144635
16.0,14.0,9.0,0.00034373115141417276
16.0,14.0,10.0,0.0020359933617228876
16.0,14.0,11.0,-0.003645256937723107
16.0,14.0,12.0,0.00042923336387418187
16.0,14.0,13.0,-2.426795783245143e-08
16.0,14.0,14.0,-0.0006132253212265751
16.0,14.0,15.0,-1.1758473763269302e-08
16.0,14.0,16.0,0.00015540839444561083
16.0,14.0,17.0,-0.0002260193440692796
16.0,14.0,18.0,0.0002811319842312143
16.0,14.0,19.0,0.0010182280214517947
16.0,14.0,20.0,-3.145702630428351e-05
16.0,15.0,0.0,-0.0005762823454232291
16.0,15.0,1.0,-0.0017121307604334435
16.0,15.0,2.0,-0.00021740070862556748
16.0,15.0,3.0,-9.012299351041086e-05
16.0,15.0,4.0,2.1653281279121472e-08
16.0,15.0,5.0,1.4176053277692446e-05
16.0,15.0,6.0,-6.874824511615405e-10
16.0,15.0,7.0,0.00013478482934436986
16.0,15.0,8.0,0.00044108035156528724
16.0,15.0,9.0,-0.00022958661986516304
16.0,15.0,10.0,0.00020533226245944558
16.0,15.0,11.0,0.0005710255440291578
16.0,15.0,12.0,0.00010429112603266288
16.0,15.0,13.0,-2.4267957322769153e-08
16.0,15.0,14.0,-0.0003204623792350536
16.0,15.0,15.0,-1.1758469341565056e-08
16.0,15.0,16.0,-0.0003146618642058119
16.0,15.0,17.0,-0.00022336975073499092
16.0,15.0,18.0,-0.0001608839305834997
16.0,15.0,19.0,2.4520921701798315e-05
16.0,15.0,20.0,-3.145482545389004e-05
16.0,16.0,0.0,0.10862911028568278
16.0,16.0,1.0,-0.001892849020604965
16.0,16.0,2.0,0.006351150976179221
16.0,16.0,3.0,0.020737193255433606
16.0,16.0,4.0,2.1653287274325805e-08
16.0,16.0,5.0,0.03888287183488459
16.0,16.0,6.0,-6.874825180332517e-10
16.0,16.0,7.0,-0.0358739901638066
16.0,16.0,8.0,-0.018836186539585506
16.0,16.0,9.0,0.0029462160597364395
16.0,16.0,10.0,0.02275051521919047
16.0,16.0,11.0,-0.039982829819326826
16.0,16.0,12.0,0.006997971453951923
16.0,16.0,13.0,-2.4267957885929596e-08
16.0,16.0,14.0,-0.003149503984233082
16.0,16.0,15.0,-1.1758486296623007e-08
16.0,16.0,16.0,0.0014917995526645411
16.0,16.0,17.0,-0.00023257681231188406
16.0,16.0,18.0,0.004954988604887439
16.0,16.0,19.0,0.009288302811213511
16.0,16.0,20.0,-3.14681651077727e-05
16.0,17.0,0.0,-0.0005707678119871162
16.0,17.0,1.0,-0.0017121674213759494
16.0,17.0,2.0,-0.00021493531247085418
16.0,17.0,3.0,-8.939611442354556e-05
16.0,17.0,4.0,2.1653281279121472e-08
16.0,17.0,5.0,7.311546665167423e-06
16.0,17.0,6.0,-6.874824545377569e-10
16.0,17.0,7.0,0.0001394372065956634
16.0,17.0,8.0,0.0004455718670131198
16.0,17.0,9.0,-0.0001961052001228647
16.0,17.0,10.0,0.00019575036223473674
16.0,17.0,11.0,0.0005050838717354789
16.0,17.0,12.0,5.036538696445714e-05
16.0,17.0,13.0,-2.4267957343486116e-08
16.0,17.0,14.0,-0.00032259572871221054
16.0,17.0,15.0,-1.175846936746505e-08
16.0,17.0,16.0,-0.0002943513723451252
16.0,17.0,17.0,-0.00022337394478619255
16.0,17.0,18.0,-0.00016233837642243287
16.0,17.0,19.0,3.4203533188503776e-05
16.0,17.0,20.0,-3.145482629456713e-05
16.0,18.0,0.0,0.04158327935826389
16.0,18.0,1.0,-0.0018062007314065807
16.0,18.0,2.0,0.0022234055402777786
16.0,18.0,3.0,0.008006404559254526
16.0,18.0,4.0,2.1653284054679034e-08
16.0,18.0,5.0,0.015219932118245905
16.0,18.0,6.0,-6.874825159379026e-10
16.0,18.0,7.0,-0.013880725700473481
16.0,18.0,8.0,-0.007019024073652652
16.0,18.0,9.0,0.001122257273746291
16.0,18.0,10.0,0.00952199283620836
16.0,18.0,11.0,-0.01559219857417038
16.0,18.0,12.0,0.002557035160419885
16.0,18.0,13.0,-2.4267957807555953e-08
16.0,18.0,14.0,-0.0014092284711476402
16.0,18.0,15.0,-1.1758481184480662e-08
16.0,18.0,16.0,0.0007875510102463013
16.0,18.0,17.0,-0.00023046118907982938
16.0,18.0,18.0,0.0018410559824093564
16.0,18.0,19.0,0.003386534568910471
16.0,18.0,20.0,-3.146236599774857e-05
16.0,19.0,0.0,0.16565615443686882
16.0,19.0,1.0,-0.0019317218610141976
16.0,19.0,2.0,0.009735431044639392
16.0,19.0,3.0,0.03161257003550316
16.0,19.0,4.0,2.1653288939660342e-08
16.0,19.0,5.0,0.05918285859452155
16.0,19.0,6.0,-6.87482504663724e-10
16.0,19.0,7.0,-0.054632660346474717
16.0,19.0,8.0,-0.028867963891304332
16.0,19.0,9.0,0.004519234688319079
16.0,19.0,10.0,0.03474572603754411
16.0,19.0,11.0,-0.0610178409053731
16.0,19.0,12.0,0.01074823720136564
16.0,19.0,13.0,-2.426795777206409e-08
16.0,19.0,14.0,-0.004630204472550324
16.0,19.0,15.0,-1.175848719504877e-08
16.0,19.0,16.0,0.0023702902049571595
16.0,19.0,17.0,-0.00023279876120510155
16.0,19.0,18.0,0.0076667446836259645
16.0,19.0,19.0,0.014052554325659883
16.0,19.0,20.0,-3.147024740025249e-05
16.0,20.0,0.0,-0.0005757506806246537
16.0,20.0,1.0,-0.0017121327336095252
16.0,20.0,2.0,-0.00021706787378050763
16.0,20.0,3.0,-9.00840507839229e-05
16.0,20.0,4.0,2.165328116809917e-08
16.0,20.0,5.0,1.2890326290260212e-05
16.0,20.0,6.0,-6.87482451688305e-10
16.0,20.0,7.0,0.00013570317282378397
16.0,20.0,8.0,0.0004419523510802853
16.0,20.0,9.0,-0.00022401204769531557
16.0,20.0,10.0,0.0002040180660888291
16.0,20.0,11.0,0.0005600445104023133
16.0,20.0,12.0,9.505851303504009e-05
16.0,20.0,13.0,-2.4267957325877205e-08
16.0,20.0,14.0,-0.00032077552952407273
16.0,20.0,15.0,-1.1758469344851434e-08
16.0,20.0,16.0,-0.0003114146630611714
16.0,20.0,17.0,-0.00022336998659155518
16.0,20.0,18.0,-0.0001611199959086207
16.0,20.0,19.0,2.5969397833280894e-05
16.0,20.0,20.0,-3.145482521632278e-05
17.0,1.0,0.0,0.0322708592217929
17.0,1.0,1.0,-0.008992126557825553
17.0,1.0,2.0,-0.009581949549529258
17.0,1.0,3.0,0.004913522065767506
17.0,1.0,4.0,-0.0007451733918968362
17.0,1.0,5.0,-4.164192321106164e-07
17.0,1.0,6.0,-1.7577508476088139e-06
17.0,1.0,7.0,-0.004353655497344233
17.0,1.0,8.0,0.017178006329316327
17.0,1.0,9.0,0.0009368192876183512
17.0,1.0,10.0,0.007414068853552447
17.0,1.0,11.0,-0.011768950727845728
17.0,1.0,12.0,-0.003555758947898391
17.0,1.0,13.0,-9.422363312431885e-05
17.0,1.0,14.0,-0.003967199544956057
17.0,1.0,15.0,-0.0057881405655029194
17.0,1.0,16.0,-0.011410390827680583
17.0,1.0,17.0,0.00024426776151609264
17.0,1.0,18.0,-0.0014977787813472143
17.0,1.0,19.0,0.0022193045101004394
17.0,1.0,20.0,-2.53088613705061e-09
17.0,2.0,0.0,0.003272238737669464
17.0,2.0,1.0,-0.0036003586015101174
17.0,2.0,2.0,-0.007804612125275514
17.0,2.0,3.0,0.0008941294472200045
17.0,2.0,4.0,-0.0004035971243020464
17.0,2.0,5.0,-4.164208934695946e-07
17.0,2.0,6.0,-9.212299576514565e-07
17.0,2.0,7.0,0.00043168054753209284
17.0,2.0,8.0,0.007785305445454395
17.0,2.0,9.0,0.0005107966556986421
17.0,2.0,10.0,0.0019239962204232741
17.0,2.0,11.0,-0.0011501122212844717
17.0,2.0,12.0,-0.003317424083071785
17.0,2.0,13.0,-9.422747292249151e-05
17.0,2.0,14.0,-0.0020577584395973514
17.0,2.0,15.0,-0.0008609345948911162
17.0,2.0,16.0,-0.004220453551345371
17.0,2.0,17.0,0.0010152503767106857
17.0,2.0,18.0,-0.00023655378681014527
17.0,2.0,19.0,0.0033526780320394245
17.0,2.0,20.0,-2.530886129914637e-09
17.0,3.0,0.0,0.06874334613600108
17.0,3.0,1.0,-0.015797838070594622
17.0,3.0,2.0,-0.01116066132389532
17.0,3.0,3.0,0.009844035475267965
17.0,3.0,4.0,-0.0013210357439785714
17.0,3.0,5.0,-4.1641572671435294e-07
17.0,3.0,6.0,-1.9007786688722601e-06
17.0,3.0,7.0,-0.01043076674986601
17.0,3.0,8.0,0.029027053344592234
17.0,3.0,9.0,0.00144566981498509
17.0,3.0,10.0,0.014226594342437338
17.0,3.0,11.0,-0.025175897901409727
17.0,3.0,12.0,-0.0036979577634768113
17.0,3.0,13.0,-9.421774370849234e-05
17.0,3.0,14.0,-0.0062579182073377315
17.0,3.0,15.0,-0.011955114223664826
17.0,3.0,16.0,-0.02033892057165576
17.0,3.0,17.0,-0.0006565686001298587
17.0,3.0,18.0,-0.003216160533158152
17.0,3.0,19.0,0.0004913700246856889
17.0,3.0,20.0,-2.530886142577768e-09
17.0,4.0,0.0,0.19934889375789855
17.0,4.0,1.0,-0.040235486280713634
17.0,4.0,2.0,-0.013363511906149218
17.0,4.0,3.0,0.02693276766570185
17.0,4.0,4.0,-0.004192398680610165
17.0,4.0,5.0,-4.1635626312735146e-07
17.0,4.0,6.0,-7.88217139863744e-08
17.0,4.0,7.0,-0.03254371777976919
17.0,4.0,8.0,0.07149759027786468
17.0,4.0,9.0,0.0031359735337161965
17.0,4.0,10.0,0.03814092856638163
17.0,4.0,11.0,-0.07358521284151676
17.0,4.0,12.0,-0.003388389866925412
17.0,4.0,13.0,-9.418272559511759e-05
17.0,4.0,14.0,-0.013856769657693974
17.0,4.0,15.0,-0.03389284289799188
17.0,4.0,16.0,-0.05157572885589001
17.0,4.0,17.0,-0.0035862115714649923
17.0,4.0,18.0,-0.01008127868849204
17.0,4.0,19.0,-0.007331788852902754
17.0,4.0,20.0,-2.530886156943742e-09
17.0,5.0,0.0,0.0018816911858974827
17.0,5.0,1.0,-0.003306971888269561
17.0,5.0,2.0,-0.007663084484556861
17.0,5.0,3.0,0.0006953708183505825
17.0,5.0,4.0,-0.0003799251739956544
17.0,5.0,5.0,-4.164209848517293e-07
17.0,5.0,6.0,-7.800799928339097e-07
17.0,5.0,7.0,0.000660563126037711
17.0,5.0,8.0,0.00727286763767878
17.0,5.0,9.0,0.0004866059987829463
17.0,5.0,10.0,0.0016499195430624836
17.0,5.0,11.0,-0.000622223794728316
17.0,5.0,12.0,-0.003283704557675682
17.0,5.0,13.0,-9.422770006124077e-05
17.0,5.0,14.0,-0.0019480280644777609
17.0,5.0,15.0,-0.0006174809981743523
17.0,5.0,16.0,-0.0038360572395162995
17.0,5.0,17.0,0.0010424536400533424
17.0,5.0,18.0,-0.00016837680679587796
17.0,5.0,19.0,0.0033926202287756224
17.0,5.0,20.0,-2.5308861293484295e-09
17.0,6.0,0.0,0.0018813395646935516
17.0,6.0,1.0,-0.003306956485890855
17.0,6.0,2.0,-0.007663084482345951
17.0,6.0,3.0,0.0006954840419084451
17.0,6.0,4.0,-0.0003799415626514202
17.0,6.0,5.0,-4.164209848478797e-07
17.0,6.0,6.0,-7.800945945206989e-07
17.0,6.0,7.0,0.0006604878481815124
17.0,6.0,8.0,0.007272879704303632
17.0,6.0,9.0,0.00048661244705702766
17.0,6.0,10.0,0.0016499987131449734
17.0,6.0,11.0,-0.0006223290069582443
17.0,6.0,12.0,-0.0032837142799406194
17.0,6.0,13.0,-9.422770006872793e-05
17.0,6.0,14.0,-0.0019480275184204643
17.0,6.0,15.0,-0.0006175221856504487
17.0,6.0,16.0,-0.003836011338279377
17.0,6.0,17.0,0.0010424192290667822
17.0,6.0,18.0,-0.000168388239615902
17.0,6.0,19.0,0.003392619103978367
17.0,6.0,20.0,-2.5308861293483463e-09
17.0,7.0,0.0,0.055688278860122675
17.0,7.0,1.0,-0.013361264864300754
17.0,7.0,2.0,-0.010670666495092207
17.0,7.0,3.0,0.008093352080358496
17.0,7.0,4.0,-0.0010982101838682423
17.0,7.0,5.0,-4.164172121037084e-07
17.0,7.0,6.0,-1.6279776541509023e-06
17.0,7.0,7.0,-0.008249591448024313
17.0,7.0,8.0,0.024785965509060377
17.0,7.0,9.0,0.001266920581164288
17.0,7.0,10.0,0.011799397511400578
17.0,7.0,11.0,-0.020373115623299354
17.0,7.0,12.0,-0.0036650443282179035
17.0,7.0,13.0,-9.422000327300528e-05
17.0,7.0,14.0,-0.005451504148729469
17.0,7.0,15.0,-0.009751888215273063
17.0,7.0,16.0,-0.017158371661933458
17.0,7.0,17.0,-0.00034101437391281797
17.0,7.0,18.0,-0.0025866096921217663
17.0,7.0,19.0,0.001144004187738079
17.0,7.0,20.0,-2.5308861413159318e-09
17.0,8.0,0.0,0.017632245637515753
17.0,8.0,1.0,-0.006230031194090685
17.0,8.0,2.0,-0.00867973585845588
17.0,8.0,3.0,0.0028894572805693297
17.0,8.0,4.0,-0.0005514833198453362
17.0,8.0,5.0,-4.1642023778962723e-07
17.0,8.0,6.0,-1.5655111964881106e-06
17.0,8.0,7.0,-0.0019362182364446867
17.0,8.0,8.0,0.012365584031062922
17.0,8.0,9.0,0.0007199692130028801
17.0,8.0,10.0,0.00463886054175211
17.0,8.0,11.0,-0.00638830789751299
17.0,8.0,12.0,-0.0034220853921210215
17.0,8.0,13.0,-9.422577852589876e-05
17.0,8.0,14.0,-0.002992667294389059
17.0,8.0,15.0,-0.0032964648689556286
17.0,8.0,16.0,-0.00774963189336253
17.0,8.0,17.0,0.0006169625100143072
17.0,8.0,18.0,-0.0008418757877042826
17.0,8.0,19.0,0.0027982994221567026
17.0,8.0,20.0,-2.530886133783358e-09
17.0,9.0,0.0,0.04053920478740092
17.0,9.0,1.0,-0.01052719514771333
17.0,9.0,2.0,-0.009981246485083497
17.0,9.0,3.0,0.006040063027348164
17.0,9.0,4.0,-0.0008628436748692181
17.0,9.0,5.0,-4.164186377110491e-07
17.0,9.0,6.0,-2.0478998190547977e-06
17.0,9.0,7.0,-0.005727964055122853
17.0,9.0,8.0,0.019851872174083025
17.0,9.0,9.0,0.0010536614990823145
17.0,9.0,10.0,0.008963875967227142
17.0,9.0,11.0,-0.014802951697801436
17.0,9.0,12.0,-0.0035954426614224766
17.0,9.0,13.0,-9.422245284050971e-05
17.0,9.0,14.0,-0.004491764922668867
17.0,9.0,15.0,-0.007187532926865081
17.0,9.0,16.0,-0.0134376837339365
17.0,9.0,17.0,3.34518350550983e-05
17.0,9.0,18.0,-0.001876073443076609
17.0,9.0,19.0,0.001847363773068933
17.0,9.0,20.0,-2.530886138812507e-09
17.0,10.0,0.0,0.17398417796618615
17.0,10.0,1.0,-0.035482761000089874
17.0,10.0,2.0,-0.013180586229952856
17.0,10.0,3.0,0.023624660544258158
17.0,10.0,4.0,-0.0035621457636826337
17.0,10.0,5.0,-4.1638005057031194e-07
17.0,10.0,6.0,-1.1179423121746257e-06
17.0,10.0,7.0,-0.028207238730037776
17.0,10.0,8.0,0.06323573264479812
17.0,10.0,9.0,0.0028071795734020966
17.0,10.0,10.0,0.03351929576088308
17.0,10.0,11.0,-0.06409102423372098
17.0,10.0,12.0,-0.0034927221928495733
17.0,10.0,13.0,-9.419187287926673e-05
17.0,10.0,14.0,-0.012423538766182393
17.0,10.0,15.0,-0.02963461572824924
17.0,10.0,16.0,-0.0455954007925532
17.0,10.0,17.0,-0.003028775720148147
17.0,10.0,18.0,-0.008685423699858308
17.0,10.0,19.0,-0.005690728592652516
17.0,10.0,20.0,-2.530886154831868e-09
17.0,11.0,0.0,0.10626360696372911
17.0,11.0,1.0,-0.0228286025676349
17.0,11.0,2.0,-0.012244922491596883
17.0,11.0,3.0,0.014814152409985182
17.0,11.0,4.0,-0.0020401162798141526
17.0,11.0,5.0,-4.1640875613319804e-07
17.0,11.0,6.0,-1.378287920583169e-06
17.0,11.0,7.0,-0.01673020179211293
17.0,11.0,8.0,0.04124792461309403
17.0,11.0,9.0,0.001946441484111494
17.0,11.0,10.0,0.021158770435063423
17.0,11.0,11.0,-0.03901452121290899
17.0,11.0,12.0,-0.00371857043742585
17.0,11.0,13.0,-9.420993479213247e-05
17.0,11.0,14.0,-0.008527548833398249
17.0,11.0,15.0,-0.018277612195185727
17.0,11.0,16.0,-0.029433565542639317
17.0,11.0,17.0,-0.0015274729076493188
17.0,11.0,18.0,-0.005097206416695199
17.0,11.0,19.0,-0.0015388869000637628
17.0,11.0,20.0,-2.5308861416946394e-09
17.0,12.0,0.0,0.06099564371315469
17.0,12.0,1.0,-0.014370002218598521
17.0,12.0,2.0,-0.010893714069471443
17.0,12.0,3.0,0.008807568625854856
17.0,12.0,4.0,-0.00119429921799874
17.0,12.0,5.0,-4.1641659476809286e-07
17.0,12.0,6.0,-1.3311549384660268e-06
17.0,12.0,7.0,-0.009136208356076925
17.0,12.0,8.0,0.026538434420728084
17.0,12.0,9.0,0.0013410811207599793
17.0,12.0,10.0,0.012790559010321556
17.0,12.0,11.0,-0.022335017762849685
17.0,12.0,12.0,-0.0036890584968932716
17.0,12.0,13.0,-9.421903436600394e-05
17.0,12.0,14.0,-0.0057878602820064795
17.0,12.0,15.0,-0.010651093018415825
17.0,12.0,16.0,-0.01846959613082877
17.0,12.0,17.0,-0.0004647357525912055
17.0,12.0,18.0,-0.0028478067249478323
17.0,12.0,19.0,0.0008835148904743351
17.0,12.0,20.0,-2.530886140706215e-09
17.0,13.0,0.0,0.0018817547696333148
17.0,13.0,1.0,-0.0033070234079358163
17.0,13.0,2.0,-0.007663260909712469
17.0,13.0,3.0,0.0006954031519746939
17.0,13.0,4.0,-0.00037991211920263
17.0,13.0,5.0,-4.1642098471210646e-07
17.0,13.0,6.0,-7.803451100895429e-07
17.0,13.0,7.0,0.0006605716987871935
17.0,13.0,8.0,0.007272967114636937
17.0,13.0,9.0,0.0004866164841761389
17.0,13.0,10.0,0.0016499611100609934
17.0,13.0,11.0,-0.0006222458510705131
17.0,13.0,12.0,-0.003283766265479826
17.0,13.0,13.0,-9.422769986208303e-05
17.0,13.0,14.0,-0.0019480739332112251
17.0,13.0,15.0,-0.0006175030057834208
17.0,13.0,16.0,-0.0038361341463895027
17.0,13.0,17.0,0.0010424544309224348
17.0,13.0,18.0,-0.00016836483217264053
17.0,13.0,19.0,0.003392697397972544
17.0,13.0,20.0,-2.5308861293486342e-09
17.0,14.0,0.0,0.0212220816795759
17.0,14.0,1.0,-0.006928427204174553
17.0,14.0,2.0,-0.008947567443515918
17.0,14.0,3.0,0.003391540077373134
17.0,14.0,4.0,-0.0006012039120059098
17.0,14.0,5.0,-4.1641997644328224e-07
17.0,14.0,6.0,-1.6686976634985063e-06
17.0,14.0,7.0,-0.002526603897537727
17.0,14.0,8.0,0.013582772817332368
17.0,14.0,9.0,0.0007759110637509947
17.0,14.0,10.0,0.005327675828155742
17.0,14.0,11.0,-0.007716596378079477
17.0,14.0,12.0,-0.0034724825528510417
17.0,14.0,13.0,-9.422521041778865e-05
17.0,14.0,14.0,-0.003244987011253031
17.0,14.0,15.0,-0.003912166110697751
17.0,14.0,16.0,-0.00867287121066418
17.0,14.0,17.0,0.0005301674827015157
17.0,14.0,18.0,-0.0010049154755039091
17.0,14.0,19.0,0.0026718770505311795
17.0,14.0,20.0,-2.530886134734558e-09
17.0,15.0,0.0,0.04050017929126948
17.0,15.0,1.0,-0.010527903285268564
17.0,15.0,2.0,-0.009990984521426454
17.0,15.0,3.0,0.006036103100285961
17.0,15.0,4.0,-0.0008637148966691433
17.0,15.0,5.0,-4.164186182172878e-07
17.0,15.0,6.0,-2.0503333405075624e-06
17.0,15.0,7.0,-0.005721395190791401
17.0,15.0,8.0,0.01985229733920022
17.0,15.0,9.0,0.0010539517519259911
17.0,15.0,10.0,0.008959133712381773
17.0,15.0,11.0,-0.014792829310887323
17.0,15.0,12.0,-0.003600128179320594
17.0,15.0,13.0,-9.42224298703148e-05
17.0,15.0,14.0,-0.00449354808327633
17.0,15.0,15.0,-0.007182852822026714
17.0,15.0,16.0,-0.013436686131064968
17.0,15.0,17.0,3.637695901403948e-05
17.0,15.0,18.0,-0.0018759356998095944
17.0,15.0,19.0,0.0018522630550070751
17.0,15.0,20.0,-2.5308861388564368e-09
17.0,16.0,0.0,0.14026695903040953
17.0,16.0,1.0,-0.02919666384072732
17.0,16.0,2.0,-0.012840090602778702
17.0,16.0,3.0,0.019249454181072545
17.0,16.0,4.0,-0.002778635808448726
17.0,16.0,5.0,-4.1639758418231274e-07
17.0,16.0,6.0,-1.996915016058091e-06
17.0,16.0,7.0,-0.02247502733768117
17.0,16.0,8.0,0.05230455943354823
17.0,16.0,9.0,0.002381782048531733
17.0,16.0,10.0,0.027380856993184044
17.0,16.0,11.0,-0.05158351592751198
17.0,16.0,12.0,-0.0036390325433801607
17.0,16.0,13.0,-9.42013576804527e-05
17.0,16.0,14.0,-0.010511196160140346
17.0,16.0,15.0,-0.02398672251477571
17.0,16.0,16.0,-0.03759114530992935
17.0,16.0,17.0,-0.0022857215256937846
17.0,16.0,18.0,-0.006877577552092229
17.0,16.0,19.0,-0.003564212873629069
17.0,16.0,20.0,-2.530886151016479e-09
17.0,17.0,0.0,0.07479408897768913
17.0,17.0,1.0,-0.01693788311061814
17.0,17.0,2.0,-0.011368788533318729
17.0,17.0,3.0,0.010651290411699987
17.0,17.0,4.0,-0.0014325449747681906
17.0,17.0,5.0,-4.164149022681595e-07
17.0,17.0,6.0,-1.894881817722178e-06
17.0,17.0,7.0,-0.011445692264696411
17.0,17.0,8.0,0.031008492848145074
17.0,17.0,9.0,0.001528213755849106
17.0,17.0,10.0,0.015350212846991673
17.0,17.0,11.0,-0.02741127700916135
17.0,17.0,12.0,-0.0037100561948958943
17.0,17.0,13.0,-9.421662213840909e-05
17.0,17.0,14.0,-0.0066314529078938395
17.0,17.0,15.0,-0.012977811080879004
17.0,17.0,16.0,-0.021818116478708016
17.0,17.0,17.0,-0.0007973617587564985
17.0,17.0,18.0,-0.0035165162109170867
17.0,17.0,19.0,0.00017625970704193694
17.0,17.0,20.0,-2.530886143705036e-09
17.0,18.0,0.0,0.05908746278663485
17.0,18.0,1.0,-0.013995295235568056
17.0,18.0,2.0,-0.010809584491149559
17.0,18.0,3.0,0.008551047965395353
17.0,18.0,4.0,-0.0011544595698140814
17.0,18.0,5.0,-4.164168357548512e-07
17.0,18.0,6.0,-1.0738515758139468e-06
17.0,18.0,7.0,-0.008815682195918523
17.0,18.0,8.0,0.025889789433269063
17.0,18.0,9.0,0.0013138985780245527
17.0,18.0,10.0,0.012432559179595626
17.0,18.0,11.0,-0.021621279083729128
17.0,18.0,12.0,-0.003676992140044133
17.0,18.0,13.0,-9.421940361328281e-05
17.0,18.0,14.0,-0.005663229355515331
17.0,18.0,15.0,-0.01032543589193094
17.0,18.0,16.0,-0.017987692651399434
17.0,18.0,17.0,-0.00042432019334820437
17.0,18.0,18.0,-0.0027483401580749023
17.0,18.0,19.0,0.0009799316064392771
17.0,18.0,20.0,-2.5308861400968694e-09
17.0,19.0,0.0,0.1945936200251855
17.0,19.0,1.0,-0.03933281491369049
17.0,19.0,2.0,-0.013333300973558743
17.0,19.0,3.0,0.02628595123625449
17.0,19.0,4.0,-0.004058820356050208
17.0,19.0,5.0,-4.163617352810091e-07
17.0,19.0,6.0,-1.6409055154155042e-06
17.0,19.0,7.0,-0.03171390155866172
17.0,19.0,8.0,0.0699234624853518
17.0,19.0,9.0,0.0030644470696574444
17.0,19.0,10.0,0.037260599562533914
17.0,19.0,11.0,-0.07174231507211853
17.0,19.0,12.0,-0.0033932014600339677
17.0,19.0,13.0,-9.418462007472441e-05
17.0,19.0,14.0,-0.013584109337150985
17.0,19.0,15.0,-0.033084477581152405
17.0,19.0,16.0,-0.050478994333139404
17.0,19.0,17.0,-0.0034764302348542775
17.0,19.0,18.0,-0.009805580419708249
17.0,19.0,19.0,-0.007019423890958665
17.0,19.0,20.0,-2.530886155774368e-09
17.0,20.0,0.0,0.0018816910453261504
17.0,20.0,1.0,-0.0033069717934197385
17.0,20.0,2.0,-0.0076630840083539535
17.0,20.0,3.0,0.0006953707267167708
17.0,20.0,4.0,-0.0003799252436631484
17.0,20.0,5.0,-4.1642098485213933e-07
17.0,20.0,6.0,-7.800793081093569e-07
17.0,20.0,7.0,0.0006605630965843268
17.0,20.0,8.0,0.007272867449413974
17.0,20.0,9.0,0.00048660597043859166
17.0,20.0,10.0,0.001649919432283209
17.0,20.0,11.0,-0.0006222237649373685
17.0,20.0,12.0,-0.0032837044036498897
17.0,20.0,13.0,-9.42277000617159e-05
17.0,20.0,14.0,-0.0019480279457613353
17.0,20.0,15.0,-0.0006174809417313354
17.0,20.0,16.0,-0.003836057066244569
17.0,20.0,17.0,0.001042453656511677
17.0,20.0,18.0,-0.000168376867483222
17.0,20.0,19.0,0.003392620001715474
17.0,20.0,20.0,-2.53088612934843e-09
18.0,1.0,0.0,0.003737475869317941
18.0,1.0,1.0,0.00037394683465566056
18.0,1.0,2.0,0.0024009543674660683
18.0,1.0,3.0,-0.001531060473180996
18.0,1.0,4.0,0.0006791284201661529
18.0,1.0,5.0,6.05064574972225e-05
18.0,1.0,6.0,-7.0577056637367005e-09
18.0,1.0,7.0,-0.000502724096495646
18.0,1.0,8.0,-0.0028142075386431843
18.0,1.0,9.0,-0.002765357545136203
18.0,1.0,10.0,0.00090955691279615
18.0,1.0,11.0,0.001581606333301011
18.0,1.0,12.0,-0.0003536735751150655
18.0,1.0,13.0,-3.375986892315197e-08
18.0,1.0,14.0,0.0025091947437443918
18.0,1.0,15.0,-0.0006501972508941023
18.0,1.0,16.0,0.004879101430238397
18.0,1.0,17.0,0.00022726530144812074
18.0,1.0,18.0,-0.0008123891242176606
18.0,1.0,19.0,-0.00010836234660704935
18.0,1.0,20.0,-3.258700475483268e-11
18.0,2.0,0.0,0.11162584998652511
18.0,2.0,1.0,-0.0036691812338202415
18.0,2.0,2.0,0.007383455890394908
18.0,2.0,3.0,0.0010863601530471077
18.0,2.0,4.0,0.013062037036062568
18.0,2.0,5.0,0.033904576797941566
18.0,2.0,6.0,-1.1497210908818213e-08
18.0,2.0,7.0,-0.0005236601549933906
18.0,2.0,8.0,-0.005407652412296605
18.0,2.0,9.0,-0.0018417669458176793
18.0,2.0,10.0,0.03037387710035455
18.0,2.0,11.0,-0.026112298993379635
18.0,2.0,12.0,0.008933226310502751
18.0,2.0,13.0,-3.375986660010983e-08
18.0,2.0,14.0,-0.0023700590939840227
18.0,2.0,15.0,-0.030908399221664787
18.0,2.0,16.0,0.008184202530902795
18.0,2.0,17.0,-0.043156682640236727
18.0,2.0,18.0,0.013433925229805965
18.0,2.0,19.0,0.018835279731578614
18.0,2.0,20.0,-3.258700477363862e-11
18.0,3.0,0.0,-0.0007595191838360715
18.0,3.0,1.0,0.0005313460229336466
18.0,3.0,2.0,0.002912529025226762
18.0,3.0,3.0,-0.0016214793341385965
18.0,3.0,4.0,0.00019142689285078784
18.0,3.0,5.0,-0.0013448198483034524
18.0,3.0,6.0,-5.398920406050424e-09
18.0,3.0,7.0,-0.0004995530503946971
18.0,3.0,8.0,-0.0025922857229248755
18.0,3.0,9.0,-0.002800158017597358
18.0,3.0,10.0,-0.0005579254747677398
18.0,3.0,11.0,0.0027976029243859113
18.0,3.0,12.0,-0.0010646478208122812
18.0,3.0,13.0,-3.3759868275854434e-08
18.0,3.0,14.0,0.0030291263005924884
18.0,3.0,15.0,0.0006333702655406392
18.0,3.0,16.0,0.003895732588698131
18.0,3.0,17.0,0.0023019427560157513
18.0,3.0,18.0,-0.001519457908980948
18.0,3.0,19.0,-0.0006372290572150829
18.0,3.0,20.0,-3.2587004746798435e-11
18.0,4.0,0.0,0.17956578774925994
18.0,4.0,1.0,-0.0063245064794640975
18.0,4.0,2.0,0.009725809009093034
18.0,4.0,3.0,0.0030480562258162845
18.0,4.0,4.0,0.020432347013242813
18.0,4.0,5.0,0.05532725732063071
18.0,4.0,6.0,-1.1513910982502535e-08
18.0,4.0,7.0,-0.0005243522957545619
18.0,4.0,8.0,-0.005767539200524704
18.0,4.0,9.0,-0.0011385073157313859
18.0,4.0,10.0,0.04916302629665936
18.0,4.0,11.0,-0.04401468853004273
18.0,4.0,12.0,0.014951312935780225
18.0,4.0,13.0,-3.375986591959438e-08
18.0,4.0,14.0,-0.00581551733276453
18.0,4.0,15.0,-0.04993716885829973
18.0,4.0,16.0,0.009950575858872157
18.0,4.0,17.0,-0.07063026707603876
18.0,4.0,18.0,0.02250658972728281
18.0,4.0,19.0,0.030499447625100817
18.0,4.0,20.0,-3.258700477919353e-11
18.0,5.0,0.0,0.028844950031225364
18.0,5.0,1.0,-0.0005166317597769705
18.0,5.0,2.0,0.003909249882240451
18.0,5.0,3.0,-0.000977186355512312
18.0,5.0,4.0,0.0037281474516783764
18.0,5.0,5.0,0.007937448054886664
18.0,5.0,6.0,-1.1420289907108769e-08
18.0,5.0,7.0,-0.0005143093843201403
18.0,5.0,8.0,-0.003823329765311198
18.0,5.0,9.0,-0.002580154306480762
18.0,5.0,10.0,0.007718008176140323
18.0,5.0,11.0,-0.0047230833075807
18.0,5.0,12.0,0.0017183829360063463
18.0,5.0,13.0,-3.3759868518286454e-08
18.0,5.0,14.0,0.0015813545881384061
18.0,5.0,15.0,-0.007711842647607492
18.0,5.0,16.0,0.005606544774009126
18.0,5.0,17.0,-0.009810193807487377
18.0,5.0,18.0,0.0024918240370711
18.0,5.0,19.0,0.004394016396855549
18.0,5.0,20.0,-3.258700477066787e-11
18.0,6.0,0.0,-0.002186733945405056
18.0,6.0,1.0,0.0005830711780806241
18.0,6.0,2.0,0.0028170893766818472
18.0,6.0,3.0,-0.0016536663220859957
18.0,6.0,4.0,2.9465008205553644e-06
18.0,6.0,5.0,-0.0018004148256625385
18.0,6.0,6.0,-8.309321770975257e-09
18.0,6.0,7.0,-0.0004983213418866586
18.0,6.0,8.0,-0.0025120988184739227
18.0,6.0,9.0,-0.002810996631434734
18.0,6.0,10.0,-0.00094879818194471
18.0,6.0,11.0,0.003159189282924413
18.0,6.0,12.0,-0.0011801036089431616
18.0,6.0,13.0,-3.375986853632975e-08
18.0,6.0,14.0,0.0030784070750283776
18.0,6.0,15.0,0.0010442126256100248
18.0,6.0,16.0,0.003855089094729869
18.0,6.0,17.0,0.0028828155392749966
18.0,6.0,18.0,-0.0017116712457829752
18.0,6.0,19.0,-0.0009029981488214434
18.0,6.0,20.0,-3.258700475292899e-11
18.0,7.0,0.0,-0.002180335338979267
18.0,7.0,1.0,0.0005823201829765028
18.0,7.0,2.0,0.002812377948618716
18.0,7.0,3.0,-0.0016531846049127451
18.0,7.0,4.0,4.745205890221982e-06
18.0,7.0,5.0,-0.0017974974604026972
18.0,7.0,6.0,-8.251869517274525e-09
18.0,7.0,7.0,-0.0004983537615234593
18.0,7.0,8.0,-0.0025139748595156223
18.0,7.0,9.0,-0.0028107578007487144
18.0,7.0,10.0,-0.000944835367606478
18.0,7.0,11.0,0.0031570727092398165
18.0,7.0,12.0,-0.0011763978577160605
18.0,7.0,13.0,-3.375986852385319e-08
18.0,7.0,14.0,0.0030759178476438276
18.0,7.0,15.0,0.0010412410536586036
18.0,7.0,16.0,0.00386092373608371
18.0,7.0,17.0,0.0028769533117277146
18.0,7.0,18.0,-0.0017091422848838356
18.0,7.0,19.0,-0.0009031211954410034
18.0,7.0,20.0,-3.2587004752600015e-11
18.0,8.0,0.0,-0.0014028408273876192
18.0,8.0,1.0,0.000551718809204918
18.0,8.0,2.0,0.002850509385328881
18.0,8.0,3.0,-0.0016342325147169654
18.0,8.0,4.0,0.00011262872564943294
18.0,8.0,5.0,-0.0015433878841626114
18.0,8.0,6.0,-6.759592204566382e-09
18.0,8.0,7.0,-0.0004991241793852377
18.0,8.0,8.0,-0.0025633756544880875
18.0,8.0,9.0,-0.002803996129688728
18.0,8.0,10.0,-0.0007242747555619156
18.0,8.0,11.0,0.0029564041561335186
18.0,8.0,12.0,-0.0011032949315560314
18.0,8.0,13.0,-3.375986833979012e-08
18.0,8.0,14.0,0.0030411607717595324
18.0,8.0,15.0,0.0008107346893111156
18.0,8.0,16.0,0.0038976568979225412
18.0,8.0,17.0,0.0025466754945274728
18.0,8.0,18.0,-0.0015975566563815602
18.0,8.0,19.0,-0.0007589359550703723
18.0,8.0,20.0,-3.2587004748136044e-11
18.0,9.0,0.0,0.003472304229390988
18.0,9.0,1.0,0.00037939772364825944
18.0,9.0,2.0,0.0025079840208851456
18.0,9.0,3.0,-0.001533636080921409
18.0,9.0,4.0,0.0006662878086947099
18.0,9.0,5.0,-1.3983622400709494e-05
18.0,9.0,6.0,-8.921391277327575e-09
18.0,9.0,7.0,-0.0005027048509108334
18.0,9.0,8.0,-0.0028111509596159077
18.0,9.0,9.0,-0.0027672902076533376
18.0,9.0,10.0,0.0008030832904044605
18.0,9.0,11.0,0.0016652689694244827
18.0,9.0,12.0,-0.00041620678358211816
18.0,9.0,13.0,-3.37598689388368e-08
18.0,9.0,14.0,0.002572602035077809
18.0,9.0,15.0,-0.0005811325773456277
18.0,9.0,16.0,0.0047424292632082254
18.0,9.0,17.0,0.00036308302893861555
18.0,9.0,18.0,-0.0008573998810808559
18.0,9.0,19.0,-0.00010802382892272089
18.0,9.0,20.0,-3.2587004754406196e-11
18.0,10.0,0.0,0.11905680500302898
18.0,10.0,1.0,-0.0039557081803016855
18.0,10.0,2.0,0.007656418559846667
18.0,10.0,3.0,0.001287020058758451
18.0,10.0,4.0,0.013899615993390735
18.0,10.0,5.0,0.03629049117739122
18.0,10.0,6.0,-1.1513346847549731e-08
18.0,10.0,7.0,-0.0005238114815441757
18.0,10.0,8.0,-0.00546706317088614
18.0,10.0,9.0,-0.001770622339810641
18.0,10.0,10.0,0.032512554423949847
18.0,10.0,11.0,-0.02808182339078713
18.0,10.0,12.0,0.009570770138607076
18.0,10.0,13.0,-3.375986646701468e-08
18.0,10.0,14.0,-0.0026705099351762573
18.0,10.0,15.0,-0.03302978570982838
18.0,10.0,16.0,0.00834012495753178
18.0,10.0,17.0,-0.04620110126650903
18.0,10.0,18.0,0.014460004465632448
18.0,10.0,19.0,0.020078747022390542
18.0,10.0,20.0,-3.2587004778402357e-11
18.0,11.0,0.0,0.057596674268556025
18.0,11.0,1.0,-0.0015878488874254415
18.0,11.0,2.0,0.005218685157746206
18.0,11.0,3.0,-0.00029756557364171796
18.0,11.0,4.0,0.007065600879330836
18.0,11.0,5.0,0.016954390273978298
18.0,11.0,6.0,-1.1490966847396411e-08
18.0,11.0,7.0,-0.0005203300040949184
18.0,11.0,8.0,-0.004624498130932308
18.0,11.0,9.0,-0.0023421762317085947
18.0,11.0,10.0,0.015599815528108296
18.0,11.0,11.0,-0.012078636967360945
18.0,11.0,12.0,0.004207806567679828
18.0,11.0,13.0,-3.375986761736274e-08
18.0,11.0,14.0,0.0002961065323882628
18.0,11.0,15.0,-0.015782010611175082
18.0,11.0,16.0,0.006585886971891219
18.0,11.0,17.0,-0.02139162523178395
18.0,11.0,18.0,0.006298671877145334
18.0,11.0,19.0,0.009421348148808573
18.0,11.0,20.0,-3.2587004772219724e-11
18.0,12.0,0.0,0.11942674868725286
18.0,12.0,1.0,-0.003979284713909643
18.0,12.0,2.0,0.0074811132939867075
18.0,12.0,3.0,0.0013018775185540798
18.0,12.0,4.0,0.013944477748696893
18.0,12.0,5.0,0.03642876942624604
18.0,12.0,6.0,-1.1510206326809335e-08
18.0,12.0,7.0,-0.0005238293454167055
18.0,12.0,8.0,-0.005473934299815812
18.0,12.0,9.0,-0.0017636999607717647
18.0,12.0,10.0,0.03271027851043706
18.0,12.0,11.0,-0.028213785590283702
18.0,12.0,12.0,0.009669934143945125
18.0,12.0,13.0,-3.375986619607493e-08
18.0,12.0,14.0,-0.0027397451452171317
18.0,12.0,15.0,-0.033157893081777884
18.0,12.0,16.0,0.008510733288722094
18.0,12.0,17.0,-0.04642458365264693
18.0,12.0,18.0,0.014553997266411156
18.0,12.0,19.0,0.020070663600854854
18.0,12.0,20.0,-3.2587004771104627e-11
18.0,13.0,0.0,-0.002186733883051073
18.0,13.0,1.0,0.0005830711692157466
18.0,13.0,2.0,0.0028170877972726327
18.0,13.0,3.0,-0.001653666349764272
18.0,13.0,4.0,2.9461757793391996e-06
18.0,13.0,5.0,-0.0018004150091810445
18.0,13.0,6.0,-8.309389874454438e-09
18.0,13.0,7.0,-0.0004983213423512747
18.0,13.0,8.0,-0.0025120988427169122
18.0,13.0,9.0,-0.002810996657490593
18.0,13.0,10.0,-0.0009487981964749759
18.0,13.0,11.0,0.0031591891494320845
18.0,13.0,12.0,-0.0011801026727495945
18.0,13.0,13.0,-3.3759868536335436e-08
18.0,13.0,14.0,0.0030784057675581344
18.0,13.0,15.0,0.0010442127386645628
18.0,13.0,16.0,0.0038550913441313117
18.0,13.0,17.0,0.0028828150755874082
18.0,13.0,18.0,-0.001711671276852622
18.0,13.0,19.0,-0.0009029983169768219
18.0,13.0,20.0,-3.2587004752929116e-11
18.0,14.0,0.0,0.08374559962938025
18.0,14.0,1.0,-0.0025910038486580862
18.0,14.0,2.0,0.006087453949274013
18.0,14.0,3.0,0.0003539928708310748
18.0,14.0,4.0,0.009988744821293971
18.0,14.0,5.0,0.02516914670632653
18.0,14.0,6.0,-1.1492846481959333e-08
18.0,14.0,7.0,-0.0005226040151656425
18.0,14.0,8.0,-0.005090264882689835
18.0,14.0,9.0,-0.002104768583740913
18.0,14.0,10.0,0.022832010532529923
18.0,14.0,11.0,-0.018884831199875995
18.0,14.0,12.0,0.006574641529968894
18.0,14.0,13.0,-3.3759867259083384e-08
18.0,14.0,14.0,-0.0010611436061478408
18.0,14.0,15.0,-0.023126256499199777
18.0,14.0,16.0,0.007597895756717099
18.0,14.0,17.0,-0.03200371539747526
18.0,14.0,18.0,0.009789990528285497
18.0,14.0,19.0,0.013919014378830807
18.0,14.0,20.0,-3.2587004778910704e-11
18.0,15.0,0.0,0.025173855380795418
18.0,15.0,1.0,-0.0003877555805098798
18.0,15.0,2.0,0.0037338806421921555
18.0,15.0,3.0,-0.0010561826860201887
18.0,15.0,4.0,0.0033009459998080137
18.0,15.0,5.0,0.0067856902263900565
18.0,15.0,6.0,-1.1412541146220204e-08
18.0,15.0,7.0,-0.0005132809090281136
18.0,15.0,8.0,-0.003711020221809486
18.0,15.0,9.0,-0.0026083185457436327
18.0,15.0,10.0,0.006713551239186266
18.0,15.0,11.0,-0.003785729757498024
18.0,15.0,12.0,0.0014036250910272052
18.0,15.0,13.0,-3.375986864202678e-08
18.0,15.0,14.0,0.0017414915916708074
18.0,15.0,15.0,-0.006680005016913265
18.0,15.0,16.0,0.005479650822349802
18.0,15.0,17.0,-0.00833357782482963
18.0,15.0,18.0,0.0020056127725610606
18.0,15.0,19.0,0.0037489781287124435
18.0,15.0,20.0,-3.258700477120046e-11
18.0,16.0,0.0,0.15893066861819535
18.0,16.0,1.0,-0.005536438621900251
18.0,16.0,2.0,0.009246254908845009
18.0,16.0,3.0,0.002435225127824913
18.0,16.0,4.0,0.018231463371076062
18.0,16.0,5.0,0.04882228826047266
18.0,16.0,6.0,-1.1514852784381932e-08
18.0,16.0,7.0,-0.0005242701864119701
18.0,16.0,8.0,-0.005702115598789036
18.0,16.0,9.0,-0.0013602281016436846
18.0,16.0,10.0,0.04339895918098846
18.0,16.0,11.0,-0.03853364326178152
18.0,16.0,12.0,0.013034316259614154
18.0,16.0,13.0,-3.3759866113661104e-08
18.0,16.0,14.0,-0.0046671550379529525
18.0,16.0,15.0,-0.04417199891024119
18.0,16.0,16.0,0.009217881115689441
18.0,16.0,17.0,-0.062250458691571475
18.0,16.0,18.0,0.01972001236340898
18.0,16.0,19.0,0.027027489468949506
18.0,16.0,20.0,-3.258700478359706e-11
18.0,17.0,0.0,0.055816517653015596
18.0,17.0,1.0,-0.0015268625701144387
18.0,17.0,2.0,0.005158183947604533
18.0,17.0,3.0,-0.0003366443963052322
18.0,17.0,4.0,0.006870960608799326
18.0,17.0,5.0,0.01639858290066759
18.0,17.0,6.0,-1.1487264697030528e-08
18.0,17.0,7.0,-0.0005201553725724628
18.0,17.0,8.0,-0.004593508893157728
18.0,17.0,9.0,-0.0023563511912019913
18.0,17.0,10.0,0.015103958356554759
18.0,17.0,11.0,-0.011620625006913021
18.0,17.0,12.0,0.004050578173660946
18.0,17.0,13.0,-3.3759867634046896e-08
18.0,17.0,14.0,0.00037659814576401773
18.0,17.0,15.0,-0.015287060366435512
18.0,17.0,16.0,0.006518183161131619
18.0,17.0,17.0,-0.02067795399121436
18.0,17.0,18.0,0.006061378452766053
18.0,17.0,19.0,0.009125564254315321
18.0,17.0,20.0,-3.258700477103471e-11
18.0,18.0,0.0,0.0594307433436185
18.0,18.0,1.0,-0.0016545116440971792
18.0,18.0,2.0,0.005240242751855306
18.0,18.0,3.0,-0.0002565771416940489
18.0,18.0,4.0,0.007274340193901274
18.0,18.0,5.0,0.017543943976913196
18.0,18.0,6.0,-1.1492697255634022e-08
18.0,18.0,7.0,-0.000520493123866389
18.0,18.0,8.0,-0.00465493808376053
18.0,18.0,9.0,-0.0023262343818450833
18.0,18.0,10.0,0.016138674768917394
18.0,18.0,11.0,-0.012569245572554066
18.0,18.0,12.0,0.004386527217320024
18.0,18.0,13.0,-3.375986761552562e-08
18.0,18.0,14.0,0.00019768156609056842
18.0,18.0,15.0,-0.016312545745392412
18.0,18.0,16.0,0.006681020347313438
18.0,18.0,17.0,-0.022161799044298047
18.0,18.0,18.0,0.006561068785097102
18.0,18.0,19.0,0.009719732173833706
18.0,18.0,20.0,-3.2587004773620387e-11
18.0,19.0,0.0,0.13579216016966958
18.0,19.0,1.0,-0.0046119080034826565
18.0,19.0,2.0,0.007839932655960613
18.0,19.0,3.0,0.0017519120449704054
18.0,19.0,4.0,0.01568593026524201
18.0,19.0,5.0,0.04154593844213117
18.0,19.0,6.0,-1.1501464279199265e-08
18.0,19.0,7.0,-0.0005240687018131013
18.0,19.0,8.0,-0.0055837687724776975
18.0,19.0,9.0,-0.001597750826828559
18.0,19.0,10.0,0.03722093958425732
18.0,19.0,11.0,-0.03252263348423548
18.0,19.0,12.0,0.011211205167124039
18.0,19.0,13.0,-3.37598658892828e-08
18.0,19.0,14.0,-0.0037071091451290616
18.0,19.0,15.0,-0.03771802629585108
18.0,19.0,16.0,0.009192299371057144
18.0,19.0,17.0,-0.053053950817630535
18.0,19.0,18.0,0.016740448137693098
18.0,19.0,19.0,0.022845149392274222
18.0,19.0,20.0,-3.258700476481844e-11
18.0,20.0,0.0,-0.002186733769284549
18.0,20.0,1.0,0.0005830711729756105
18.0,20.0,2.0,0.0028170883429589066
18.0,20.0,3.0,-0.0016536663537104514
18.0,20.0,4.0,2.946206969056675e-06
18.0,20.0,5.0,-0.0018004149804156655
18.0,20.0,6.0,-8.309394354961194e-09
18.0,20.0,7.0,-0.0004983213418671783
18.0,20.0,8.0,-0.002512098816840466
18.0,20.0,9.0,-0.00281099666710536
18.0,20.0,10.0,-0.0009487983474073536
18.0,20.0,11.0,0.0031591891395809646
18.0,20.0,12.0,-0.0011801029435256627
18.0,20.0,13.0,-3.3759868536336455e-08
18.0,20.0,14.0,0.003078405966263631
18.0,20.0,15.0,0.0010442127265866408
18.0,20.0,16.0,0.0038550907875960494
18.0,20.0,17.0,0.0028828152289925857
18.0,20.0,18.0,-0.001711671370540957
18.0,20.0,19.0,-0.0009029980856509745
18.0,20.0,20.0,-3.258700475292914e-11
19.0,1.0,0.0,0.014251265147622538
19.0,1.0,1.0,-0.003727786749581491
19.0,1.0,2.0,0.0006063360436824091
19.0,1.0,3.0,0.0011942111915716064
19.0,1.0,4.0,-0.0012974146258432073
19.0,1.0,5.0,0.0038024639930522852
19.0,1.0,6.0,-1.6971334167272146e-13
19.0,1.0,7.0,-0.0046954344275161874
19.0,1.0,8.0,0.0033940219969541274
19.0,1.0,9.0,0.0007124544967891389
19.0,1.0,10.0,0.005545393820691413
19.0,1.0,11.0,-0.003836848350231681
19.0,1.0,12.0,-0.0014454445049982834
19.0,1.0,13.0,-3.685984419043424e-05
19.0,1.0,14.0,-0.00015768391215540358
19.0,1.0,15.0,0.0006489949712150528
19.0,1.0,16.0,-0.004021916614093568
19.0,1.0,17.0,-0.0007194315119020689
19.0,1.0,18.0,-0.000741296959234472
19.0,1.0,19.0,0.0012900786514219442
19.0,1.0,20.0,1.976495652278249e-07
19.0,2.0,0.0,0.002239890083531787
19.0,2.0,1.0,-0.0009456878364026561
19.0,2.0,2.0,-0.000571085250126481
19.0,2.0,3.0,2.2073177284767653e-05
19.0,2.0,4.0,-0.00013193876567463292
19.0,2.0,5.0,0.0008359402042741534
19.0,2.0,6.0,-1.6971334347892947e-13
19.0,2.0,7.0,-0.0007367277320301513
19.0,2.0,8.0,0.0005154595684416508
19.0,2.0,9.0,-4.4293301036252286e-05
19.0,2.0,10.0,0.00098660805791706
19.0,2.0,11.0,-0.0005069557213326359
19.0,2.0,12.0,-0.0006254174858748296
19.0,2.0,13.0,-3.686003373660795e-05
19.0,2.0,14.0,-0.00015766540879149052
19.0,2.0,15.0,-0.00018480162744743955
19.0,2.0,16.0,-0.0007526730844168994
19.0,2.0,17.0,-0.00030482038470802664
19.0,2.0,18.0,-0.00020205072894297071
19.0,2.0,19.0,0.0005042917872966068
19.0,2.0,20.0,1.7024572548310295e-07
19.0,3.0,0.0,0.019062274652202033
19.0,3.0,1.0,-0.004845725969723061
19.0,3.0,2.0,0.0010872801348140206
19.0,3.0,3.0,0.0016627833234185846
19.0,3.0,4.0,-0.0017651185019882387
19.0,3.0,5.0,0.004993784542743435
19.0,3.0,6.0,-1.6971334272017814e-13
19.0,3.0,7.0,-0.006281616117950528
19.0,3.0,8.0,0.004548694543967724
19.0,3.0,9.0,0.0010164548772153559
19.0,3.0,10.0,0.0073727547003275
19.0,3.0,11.0,-0.0051717404972688175
19.0,3.0,12.0,-0.0017719752842210723
19.0,3.0,13.0,-3.6859785568141964e-05
19.0,3.0,14.0,-0.0001576906807176915
19.0,3.0,15.0,0.000983854033694595
19.0,3.0,16.0,-0.0053306633193166975
19.0,3.0,17.0,-0.0008825884403679818
19.0,3.0,18.0,-0.0009583026503360015
19.0,3.0,19.0,0.0016051715342276784
19.0,3.0,20.0,-5.239565895972861e-08
19.0,4.0,0.0,0.15674606340839545
19.0,4.0,1.0,-0.03669282205501923
19.0,4.0,2.0,0.01842138908827893
19.0,4.0,3.0,0.014392697865870732
19.0,4.0,4.0,-0.015718262327387156
19.0,4.0,5.0,0.039012184386911716
19.0,4.0,6.0,-1.6971332202895403e-13
19.0,4.0,7.0,-0.051846580449087465
19.0,4.0,8.0,0.03800624886409157
19.0,4.0,9.0,0.010070902321663522
19.0,4.0,10.0,0.05927181601987974
19.0,4.0,11.0,-0.0434582807627677
19.0,4.0,12.0,-0.009889072725129372
19.0,4.0,13.0,-3.685624469185788e-05
19.0,4.0,14.0,-0.00015780793717056445
19.0,4.0,15.0,0.010598706367697164
19.0,4.0,16.0,-0.041848927254750534
19.0,4.0,17.0,-0.004061300162401166
19.0,4.0,18.0,-0.00726922235432223
19.0,4.0,19.0,0.009293611410684521
19.0,4.0,20.0,7.751774961495313e-07
19.0,5.0,0.0,0.011968789777511452
19.0,5.0,1.0,-0.003198261320662338
19.0,5.0,2.0,0.00036221133636308786
19.0,5.0,3.0,0.0009762596854180072
19.0,5.0,4.0,-0.001071593271778748
19.0,5.0,5.0,0.003238723971808008
19.0,5.0,6.0,-1.6971334312112802e-13
19.0,5.0,7.0,-0.003942235902314795
19.0,5.0,8.0,0.0028437922153453365
19.0,5.0,9.0,0.0005666520135900188
19.0,5.0,10.0,0.004681480833980345
19.0,5.0,11.0,-0.0032035757599322423
19.0,5.0,12.0,-0.001296297089424553
19.0,5.0,13.0,-3.685990360772718e-05
19.0,5.0,14.0,-0.00015768030540252753
19.0,5.0,15.0,0.0004909258602997651
19.0,5.0,16.0,-0.0034066920744315055
19.0,5.0,17.0,-0.0006503183184758676
19.0,5.0,18.0,-0.0006370807115477772
19.0,5.0,19.0,0.0011490551133592763
19.0,5.0,20.0,-8.854425360514977e-08
19.0,6.0,0.0,0.00010006186368888281
19.0,6.0,1.0,-0.00044741208889910455
19.0,6.0,2.0,-0.0007755827275635271
19.0,6.0,3.0,-0.00018790263054302425
19.0,6.0,4.0,7.559519269262349e-05
19.0,6.0,5.0,0.0003052016637804522
19.0,6.0,6.0,-1.697133432896967e-13
19.0,6.0,7.0,-3.137089335386589e-05
19.0,6.0,8.0,2.404453477156121e-06
19.0,6.0,9.0,-0.00017885782817739226
19.0,6.0,10.0,0.00017284986161436589
19.0,6.0,11.0,8.706281038389774e-05
19.0,6.0,12.0,-0.00047714353145680843
19.0,6.0,13.0,-3.686006631291231e-05
19.0,6.0,14.0,-0.000157661949135387
19.0,6.0,15.0,-0.00033381796297450583
19.0,6.0,16.0,-0.0001681558241277692
19.0,6.0,17.0,-0.00022936957523980728
19.0,6.0,18.0,-0.00010535845262241161
19.0,6.0,19.0,0.0003614135829187459
19.0,6.0,20.0,3.235017326679955e-07
19.0,7.0,0.0,0.059476104997732676
19.0,7.0,1.0,-0.01420898936464561
19.0,7.0,2.0,0.005584664264548124
19.0,7.0,3.0,0.005510228060829098
19.0,7.0,4.0,-0.005763048680703986
19.0,7.0,5.0,0.014977663547873485
19.0,7.0,6.0,-1.6971333941248843e-13
19.0,7.0,7.0,-0.01962687634914384
19.0,7.0,8.0,0.014297044682518495
19.0,7.0,9.0,0.003611608444102965
19.0,7.0,10.0,0.02266769995708584
19.0,7.0,11.0,-0.01638924358408589
19.0,7.0,12.0,-0.0043599457227812
19.0,7.0,13.0,-3.685903345808856e-05
19.0,7.0,14.0,-0.00015773902214295086
19.0,7.0,15.0,0.0037949549685662998
19.0,7.0,16.0,-0.01619987418166885
19.0,7.0,17.0,-0.002068618611453771
19.0,7.0,18.0,-0.002792595662312658
19.0,7.0,19.0,0.004077001945197223
19.0,7.0,20.0,4.792025977932396e-07
19.0,8.0,0.0,0.04609349463746537
19.0,8.0,1.0,-0.011106771645297428
19.0,8.0,2.0,0.004002035747904533
19.0,8.0,3.0,0.004253409101446282
19.0,8.0,4.0,-0.004422723653348393
19.0,8.0,5.0,0.011670757164792836
19.0,8.0,6.0,-1.6971334118542357e-13
19.0,8.0,7.0,-0.015202008978013992
19.0,8.0,8.0,0.011056695126704486
19.0,8.0,9.0,0.0027430904323939576
19.0,8.0,10.0,0.017611681359279374
19.0,8.0,11.0,-0.01267166401042713
19.0,8.0,12.0,-0.0035341717945101825
19.0,8.0,13.0,-3.6859329065760725e-05
19.0,8.0,14.0,-0.00015772443220596954
19.0,8.0,15.0,0.002862747297663004
19.0,8.0,16.0,-0.012624219664362168
19.0,8.0,17.0,-0.0017155419371021052
19.0,8.0,18.0,-0.002180455936325182
19.0,8.0,19.0,0.003291607063344193
19.0,8.0,20.0,4.155991750031886e-07
19.0,9.0,0.0,0.04101529046682667
19.0,9.0,1.0,-0.009930651111266328
19.0,9.0,2.0,0.0034387353470919386
19.0,9.0,3.0,0.0037693808661094785
19.0,9.0,4.0,-0.003922016722862409
19.0,9.0,5.0,0.01041603010822996
19.0,9.0,6.0,-1.6971334078923915e-13
19.0,9.0,7.0,-0.013526035167708284
19.0,9.0,8.0,0.009832301555554701
19.0,9.0,9.0,0.0024172270459544842
19.0,9.0,10.0,0.015688903970204615
19.0,9.0,11.0,-0.01126189337263922
19.0,9.0,12.0,-0.0032076958352824925
19.0,9.0,13.0,-3.685940184706396e-05
19.0,9.0,14.0,-0.00015771869850317676
19.0,9.0,15.0,0.0025094338635915092
19.0,9.0,16.0,-0.011257496786590382
19.0,9.0,17.0,-0.0015644152533604017
19.0,9.0,18.0,-0.0019506745570497253
19.0,9.0,19.0,0.0029789841188816446
19.0,9.0,20.0,2.1699110005280923e-08
19.0,10.0,0.0,0.11878490036355302
19.0,10.0,1.0,-0.02795859506356347
19.0,10.0,2.0,0.013143473738269408
19.0,10.0,3.0,0.010949506304905585
19.0,10.0,4.0,-0.011775267665369515
19.0,10.0,5.0,0.029624643180645532
19.0,10.0,6.0,-1.6971334096254104e-13
19.0,10.0,7.0,-0.039152307411706944
19.0,10.0,8.0,0.028687907591376488
19.0,10.0,9.0,0.007532889214439814
19.0,10.0,10.0,0.04495461196350403
19.0,10.0,11.0,-0.03286998508267147
19.0,10.0,12.0,-0.007860539173870723
19.0,10.0,13.0,-3.685759458734467e-05
19.0,10.0,14.0,-0.00015778647970176717
19.0,10.0,15.0,0.007945951436335807
19.0,10.0,16.0,-0.03189443833659156
19.0,10.0,17.0,-0.0033884810354884165
19.0,10.0,18.0,-0.0055218003800134585
19.0,10.0,19.0,0.007380066800739216
19.0,10.0,20.0,3.4907510359747922e-06
19.0,11.0,0.0,0.06756990186073328
19.0,11.0,1.0,-0.016084011333362208
19.0,11.0,2.0,0.006567888769648757
19.0,11.0,3.0,0.006264883675935945
19.0,11.0,4.0,-0.006577177453699123
19.0,11.0,5.0,0.016976617007661912
19.0,11.0,6.0,-1.6971334129080514e-13
19.0,11.0,7.0,-0.022302934564303767
19.0,11.0,8.0,0.016259456596829674
19.0,11.0,9.0,0.004139529393591468
19.0,11.0,10.0,0.025722079619944993
19.0,11.0,11.0,-0.0186375923578333
19.0,11.0,12.0,-0.004850948185762954
19.0,11.0,13.0,-3.685886608262063e-05
19.0,11.0,14.0,-0.00015774702528213583
19.0,11.0,15.0,0.004358773124034571
19.0,11.0,16.0,-0.01835550842372785
19.0,11.0,17.0,-0.0022715621283004583
19.0,11.0,18.0,-0.0031634267559082496
19.0,11.0,19.0,0.004542721766119362
19.0,11.0,20.0,5.264743584004237e-07
19.0,12.0,0.0,0.027759912912734747
19.0,12.0,1.0,-0.0068547092946393134
19.0,12.0,2.0,0.0019931950103970718
19.0,12.0,3.0,0.002501948490157266
19.0,12.0,4.0,-0.0026150608449027057
19.0,12.0,5.0,0.007137953903095531
19.0,12.0,6.0,-1.697133428515836e-13
19.0,12.0,7.0,-0.009150228335361832
19.0,12.0,8.0,0.006637234210883053
19.0,12.0,9.0,0.0015687647164308594
19.0,12.0,10.0,0.010667292745794366
19.0,12.0,11.0,-0.007582486037944092
19.0,12.0,12.0,-0.0023478234631913175
19.0,12.0,13.0,-3.6859653457203516e-05
19.0,12.0,14.0,-0.00015770246394324994
19.0,12.0,15.0,0.0015873020939882465
19.0,12.0,16.0,-0.007683832156650139
19.0,12.0,17.0,-0.0011634336817199498
19.0,12.0,18.0,-0.0013487368654693244
19.0,12.0,19.0,0.0021551000431059286
19.0,12.0,20.0,-3.605196304506923e-09
19.0,13.0,0.0,0.0001000429677893433
19.0,13.0,1.0,-0.0004474134216733566
19.0,13.0,2.0,-0.0007755269188695468
19.0,13.0,3.0,-0.0001879187447626357
19.0,13.0,4.0,7.558310494404363e-05
19.0,13.0,5.0,0.00030520012861343787
19.0,13.0,6.0,-1.6971334328877042e-13
19.0,13.0,7.0,-3.136773286199768e-05
19.0,13.0,8.0,2.4102427257644e-06
19.0,13.0,9.0,-0.00017885314714885525
19.0,13.0,10.0,0.00017283662524236743
19.0,13.0,11.0,8.706578979505997e-05
19.0,13.0,12.0,-0.0004771236428356973
19.0,13.0,13.0,-3.6860066260951346e-05
19.0,13.0,14.0,-0.00015766195005325286
19.0,13.0,15.0,-0.0003338203713900423
19.0,13.0,16.0,-0.00016813372274210314
19.0,13.0,17.0,-0.00022933961863497165
19.0,13.0,18.0,-0.00010536404509370323
19.0,13.0,19.0,0.00036138918452799373
19.0,13.0,20.0,3.2404769025366326e-07
19.0,14.0,0.0,9.999032571006428e-05
19.0,14.0,1.0,-0.00044744900938348264
19.0,14.0,2.0,-0.0007752775254011197
19.0,14.0,3.0,-0.00018798808217111718
19.0,14.0,4.0,7.552449567260755e-05
19.0,14.0,5.0,0.00030521883689867135
19.0,14.0,6.0,-1.6971334328534798e-13
19.0,14.0,7.0,-3.136338392273341e-05
19.0,14.0,8.0,2.449640359475369e-06
19.0,14.0,9.0,-0.00017883010854011228
19.0,14.0,10.0,0.00017279846891582462
19.0,14.0,11.0,8.7066586155371e-05
19.0,14.0,12.0,-0.00047704250877902976
19.0,14.0,13.0,-3.686006606686444e-05
19.0,14.0,14.0,-0.00015766195438239345
19.0,14.0,15.0,-0.00033382787074830167
19.0,14.0,16.0,-0.00016804775069190203
19.0,14.0,17.0,-0.00022920485156327497
19.0,14.0,18.0,-0.00010539797973072029
19.0,14.0,19.0,0.00036129612563862157
19.0,14.0,20.0,3.260590367604562e-07
19.0,15.0,0.0,0.022249510741901984
19.0,15.0,1.0,-0.0055826229686221085
19.0,15.0,2.0,0.001412799536244326
19.0,15.0,3.0,0.001971627676599086
19.0,15.0,4.0,-0.0020755026697063528
19.0,15.0,5.0,0.005780096128724238
19.0,15.0,6.0,-1.6971334264141137e-13
19.0,15.0,7.0,-0.007332542633711192
19.0,15.0,8.0,0.005313427505947127
19.0,15.0,9.0,0.0012182659982897248
19.0,15.0,10.0,0.008581081149727887
19.0,15.0,11.0,-0.006055224616773547
19.0,15.0,12.0,-0.0019852868189941253
19.0,15.0,13.0,-3.6859737436429874e-05
19.0,15.0,14.0,-0.00015769504406797208
19.0,15.0,15.0,0.001205086334986713
19.0,15.0,16.0,-0.006194893920357214
19.0,15.0,17.0,-0.000988244606233285
19.0,15.0,18.0,-0.001101250558957212
19.0,15.0,19.0,0.0018095140460163694
19.0,15.0,20.0,-3.328588493019083e-08
19.0,16.0,0.0,0.05427317359940673
19.0,16.0,1.0,-0.012993121945274938
19.0,16.0,2.0,0.004961152644815709
19.0,16.0,3.0,0.005022693142451948
19.0,16.0,4.0,-0.005239288763717931
19.0,16.0,5.0,0.013685604161402493
19.0,16.0,6.0,-1.6971334161190778e-13
19.0,16.0,7.0,-0.017905747576331066
19.0,16.0,8.0,0.01303314899720398
19.0,16.0,9.0,0.0032725023759233585
19.0,16.0,10.0,0.020698468470440767
19.0,16.0,11.0,-0.014940847048109163
19.0,16.0,12.0,-0.004039349726338681
19.0,16.0,13.0,-3.68591510432667e-05
19.0,16.0,14.0,-0.0001577335869073857
19.0,16.0,15.0,0.003430855090451046
19.0,16.0,16.0,-0.014809300438840156
19.0,16.0,17.0,-0.0019353862363202523
19.0,16.0,18.0,-0.002551370967221245
19.0,16.0,19.0,0.0037697119709468874
19.0,16.0,20.0,2.367984717917385e-07
19.0,17.0,0.0,0.033818494567363716
19.0,17.0,1.0,-0.008254209019559408
19.0,17.0,2.0,0.0026346540254888404
19.0,17.0,3.0,0.0030851240458473067
19.0,17.0,4.0,-0.0032077439034231547
19.0,17.0,5.0,0.008632311757375874
19.0,17.0,6.0,-1.6971334215248874e-13
19.0,17.0,7.0,-0.011149023662370305
19.0,17.0,8.0,0.008093002349148726
19.0,17.0,9.0,0.001954311953370369
19.0,17.0,10.0,0.012962129200934758
19.0,17.0,11.0,-0.009262239031061936
19.0,17.0,12.0,-0.002745921259782458
19.0,17.0,13.0,-3.685955106571302e-05
19.0,17.0,14.0,-0.00015771000922807542
19.0,17.0,15.0,0.0020079656988922917
19.0,17.0,16.0,-0.009321125304640965
19.0,17.0,17.0,-0.001355965265912945
19.0,17.0,18.0,-0.0016207008494197317
19.0,17.0,19.0,0.0025362429131841058
19.0,17.0,20.0,3.8659682331105405e-10
19.0,18.0,0.0,0.02804255033224784
19.0,18.0,1.0,-0.00692645969130487
19.0,18.0,2.0,0.0020313017267446654
19.0,18.0,3.0,0.0025274800560986244
19.0,18.0,4.0,-0.002645640852440012
19.0,18.0,5.0,0.007211998200933101
19.0,18.0,6.0,-1.6971334275010734e-13
19.0,18.0,7.0,-0.009244351388524641
19.0,18.0,8.0,0.006708435809438029
19.0,18.0,9.0,0.0015879748753448164
19.0,18.0,10.0,0.010776009565183764
19.0,18.0,11.0,-0.007662812814357822
19.0,18.0,12.0,-0.002364986194335006
19.0,18.0,13.0,-3.6859646225421435e-05
19.0,18.0,14.0,-0.00015770293893351797
19.0,18.0,15.0,0.0016077272430947975
19.0,18.0,16.0,-0.007759323716057365
19.0,18.0,17.0,-0.0011677546113514903
19.0,18.0,18.0,-0.0013640814011841584
19.0,18.0,19.0,0.0021723074183506164
19.0,18.0,20.0,2.7576537934029025e-08
19.0,19.0,0.0,0.15543151056791268
19.0,19.0,1.0,-0.036414191768528
19.0,19.0,2.0,0.018221371693903393
19.0,19.0,3.0,0.014280715046410111
19.0,19.0,4.0,-0.015578632948738513
19.0,19.0,5.0,0.038702291904443784
19.0,19.0,6.0,-1.6971332356611958e-13
19.0,19.0,7.0,-0.05141531339483729
19.0,19.0,8.0,0.03768756147265298
19.0,19.0,9.0,0.009980925085511405
19.0,19.0,10.0,0.05879471870394137
19.0,19.0,11.0,-0.043096736598153995
19.0,19.0,12.0,-0.009829325600628797
19.0,19.0,13.0,-3.685633473461336e-05
19.0,19.0,14.0,-0.00015780708712985776
19.0,19.0,15.0,0.01051097153597405
19.0,19.0,16.0,-0.041518829644307254
19.0,19.0,17.0,-0.00405025952227181
19.0,19.0,18.0,-0.007212322241497288
19.0,19.0,19.0,0.009251229655295123
19.0,19.0,20.0,7.181469012875733e-07
19.0,20.0,0.0,9.991452246524424e-05
19.0,20.0,1.0,-0.0004473967604374518
19.0,20.0,2.0,-0.0007755833035003722
19.0,20.0,3.0,-0.00018786834904094274
19.0,20.0,4.0,7.559911569332556e-05
19.0,20.0,5.0,0.0003052098603404593
19.0,20.0,6.0,-1.6971334328965041e-13
19.0,20.0,7.0,-3.153745018180665e-05
19.0,20.0,8.0,2.454959362269138e-06
19.0,20.0,9.0,-0.00017888553523037753
19.0,20.0,10.0,0.00017295377605630602
19.0,20.0,11.0,8.704835840062097e-05
19.0,20.0,12.0,-0.0004771026898196806
19.0,20.0,13.0,-3.686006629961312e-05
19.0,20.0,14.0,-0.0001576619489305134
19.0,20.0,15.0,-0.00033384371426457837
19.0,20.0,16.0,-0.00016818884533253975
19.0,20.0,17.0,-0.00022939489224046983
19.0,20.0,18.0,-0.00010536063294686038
19.0,20.0,19.0,0.0003614152131519166
19.0,20.0,20.0,3.2349903860431784e-07
20.0,1.0,0.0,0.0151139394720268
20.0,1.0,1.0,-0.001908207189767537
20.0,1.0,2.0,-0.002391891137970892
20.0,1.0,3.0,0.0028645564394597367
20.0,1.0,4.0,0.0009295723872716488
20.0,1.0,5.0,-8.418515713621595e-07
20.0,1.0,6.0,-1.7368122227021525e-12
20.0,1.0,7.0,-0.0006273935315679324
20.0,1.0,8.0,0.0012119844379588768
20.0,1.0,9.0,0.0010144680929537186
20.0,1.0,10.0,0.0008705113993399127
20.0,1.0,11.0,-0.005218317083922619
20.0,1.0,12.0,-0.0009276883507471911
20.0,1.0,13.0,-2.932391822203914e-05
20.0,1.0,14.0,-0.004891669658907591
20.0,1.0,15.0,-0.001435302756001483
20.0,1.0,16.0,-0.006826897426404743
20.0,1.0,17.0,-0.004937394306580023
20.0,1.0,18.0,0.001098206628111359
20.0,1.0,19.0,-0.0004851288513663121
20.0,1.0,20.0,-1.7250325174394702e-06
20.0,2.0,0.0,0.057309844534735144
20.0,2.0,1.0,-0.004789056626590127
20.0,2.0,2.0,-0.007553318001588455
20.0,2.0,3.0,0.009331389117254119
20.0,2.0,4.0,0.004039906859021336
20.0,2.0,5.0,-8.417031151965742e-07
20.0,2.0,6.0,-1.7368122180015807e-12
20.0,2.0,7.0,-0.003947803209725903
20.0,2.0,8.0,0.0032868787995666005
20.0,2.0,9.0,0.003904976113724784
20.0,2.0,10.0,0.0048439703567491055
20.0,2.0,11.0,-0.01692612306433794
20.0,2.0,12.0,-0.0025441059265160493
20.0,2.0,13.0,-2.932482210140573e-05
20.0,2.0,14.0,-0.006511273536879416
20.0,2.0,15.0,-0.004412426764186073
20.0,2.0,16.0,-0.022444066748185054
20.0,2.0,17.0,-0.017468799072777597
20.0,2.0,18.0,0.0020936891559733273
20.0,2.0,19.0,0.0021063053984080593
20.0,2.0,20.0,3.3711812527146063e-07
20.0,3.0,0.0,0.05456039184183353
20.0,3.0,1.0,-0.004596685558401932
20.0,3.0,2.0,-0.00721454750765213
20.0,3.0,3.0,0.008909447024314704
20.0,3.0,4.0,0.003835687722899106
20.0,3.0,5.0,-8.417233226723681e-07
20.0,3.0,6.0,-1.7368122198085919e-12
20.0,3.0,7.0,-0.0037319218769392704
20.0,3.0,8.0,0.003149232823020598
20.0,3.0,9.0,0.003715662073093512
20.0,3.0,10.0,0.004583208681823825
20.0,3.0,11.0,-0.016160966354955675
20.0,3.0,12.0,-0.0024366151196982266
20.0,3.0,13.0,-2.932475186813226e-05
20.0,3.0,14.0,-0.006397727975133551
20.0,3.0,15.0,-0.004218182520021124
20.0,3.0,16.0,-0.021422345800977738
20.0,3.0,17.0,-0.016650196922169236
20.0,3.0,18.0,0.0020275580706329843
20.0,3.0,19.0,0.0019341769272781528
20.0,3.0,20.0,-1.1752741530984222e-06
20.0,4.0,0.0,0.17547764981150293
20.0,4.0,1.0,-0.012734904095188682
20.0,4.0,2.0,-0.021936756135516794
20.0,4.0,3.0,0.027406995696359238
20.0,4.0,4.0,0.012718065492840935
20.0,4.0,5.0,-8.31871966352008e-07
20.0,4.0,6.0,-1.7368122221851678e-12
20.0,4.0,7.0,-0.013319151999121925
20.0,4.0,8.0,0.009060924003971224
20.0,4.0,9.0,0.01200018112233564
20.0,4.0,10.0,0.01598586946466074
20.0,4.0,11.0,-0.04964199177344686
20.0,4.0,12.0,-0.007020184042118904
20.0,4.0,13.0,-2.9326948391292288e-05
20.0,4.0,14.0,-0.010182445458124969
20.0,4.0,15.0,-0.012671246505356976
20.0,4.0,16.0,-0.06600854970212422
20.0,4.0,17.0,-0.05250217284728015
20.0,4.0,18.0,0.0047355373142261015
20.0,4.0,19.0,0.009416182171695375
20.0,4.0,20.0,-2.0134640650386457e-06
20.0,5.0,0.0,0.0021372463585829227
20.0,5.0,1.0,-0.001016382687236403
20.0,5.0,2.0,-0.0008012919398605045
20.0,5.0,3.0,0.0008735290642518379
20.0,5.0,4.0,-2.894154204036159e-05
20.0,5.0,5.0,-8.418685178791427e-07
20.0,5.0,6.0,-1.7368122188902804e-12
20.0,5.0,7.0,0.00039070055369519463
20.0,5.0,8.0,0.0005717058918109086
20.0,5.0,9.0,0.00012484138985818793
20.0,5.0,10.0,-0.0003519092646793176
20.0,5.0,11.0,-0.0016149123618645067
20.0,5.0,12.0,-0.00042854873400677285
20.0,5.0,13.0,-2.932361531686066e-05
20.0,5.0,14.0,-0.004359671581147202
20.0,5.0,15.0,-0.000516874967132791
20.0,5.0,16.0,-0.002015092769884763
20.0,5.0,17.0,-0.0010804635038195176
20.0,5.0,18.0,0.0007859846822316219
20.0,5.0,19.0,-0.0012818292501665107
20.0,5.0,20.0,-1.4078281402286662e-07
20.0,6.0,0.0,0.00213724613075425
20.0,6.0,1.0,-0.0010163825391426226
20.0,6.0,2.0,-0.000801291861376896
20.0,6.0,3.0,0.0008735290289029196
20.0,6.0,4.0,-2.8941572040475094e-05
20.0,6.0,5.0,-8.418685179006916e-07
20.0,6.0,6.0,-1.7368122188902922e-12
20.0,6.0,7.0,0.0003907005292085597
20.0,6.0,8.0,0.0005717058271689224
20.0,6.0,9.0,0.00012484138524734845
20.0,6.0,10.0,-0.00035190930285011746
20.0,6.0,11.0,-0.001614912263016799
20.0,6.0,12.0,-0.00042854865609076587
20.0,6.0,13.0,-2.93236153162291e-05
20.0,6.0,14.0,-0.004359671068333898
20.0,6.0,15.0,-0.000516874892718594
20.0,6.0,16.0,-0.0020150925743641634
20.0,6.0,17.0,-0.0010804633994737078
20.0,6.0,18.0,0.0007859845934206078
20.0,6.0,19.0,-0.0012818292866305647
20.0,6.0,20.0,-1.4078523435750762e-07
20.0,7.0,0.0,0.037722402144493516
20.0,7.0,1.0,-0.0034509608703102296
20.0,7.0,2.0,-0.005157293452627165
20.0,7.0,3.0,0.006329677734936395
20.0,7.0,4.0,0.0025955839066901243
20.0,7.0,5.0,-8.417982275290145e-07
20.0,7.0,6.0,-1.7368122211945288e-12
20.0,7.0,7.0,-0.0024052428004831816
20.0,7.0,8.0,0.0023226756105321072
20.0,7.0,9.0,0.0025623559489672543
20.0,7.0,10.0,0.0029976160563539578
20.0,7.0,11.0,-0.011491535274825382
20.0,7.0,12.0,-0.0017934122986563161
20.0,7.0,13.0,-2.9324405716043097e-05
20.0,7.0,14.0,-0.005772942840117068
20.0,7.0,15.0,-0.0030320723777073344
20.0,7.0,16.0,-0.015195132852141469
20.0,7.0,17.0,-0.011651595151731475
20.0,7.0,18.0,0.0016339603062899
20.0,7.0,19.0,0.0008993337087491726
20.0,7.0,20.0,-7.141362418511014e-07
20.0,8.0,0.0,0.02534088215063998
20.0,8.0,1.0,-0.002604294819176789
20.0,8.0,2.0,-0.003642062779937949
20.0,8.0,3.0,0.004431829580014646
20.0,8.0,4.0,0.0016825272494643828
20.0,8.0,5.0,-8.418326552759085e-07
20.0,8.0,6.0,-1.736812222582403e-12
20.0,8.0,7.0,-0.0014315583827077816
20.0,8.0,8.0,0.001713271911705977
20.0,8.0,9.0,0.0017140842051836802
20.0,8.0,10.0,0.001831587371505572
20.0,8.0,11.0,-0.008055455197376493
20.0,8.0,12.0,-0.001318560303369798
20.0,8.0,13.0,-2.932413879287398e-05
20.0,8.0,14.0,-0.005290762453845759
20.0,8.0,15.0,-0.0021579329251002755
20.0,8.0,16.0,-0.010611015549494562
20.0,8.0,17.0,-0.007973948510017481
20.0,8.0,18.0,0.0013406804691907526
20.0,8.0,19.0,0.00013890909376468308
20.0,8.0,20.0,-1.5238102406821474e-06
20.0,9.0,0.0,0.05665569753958005
20.0,9.0,1.0,-0.004740402189735024
20.0,9.0,2.0,-0.00747124266195065
20.0,9.0,3.0,0.009230909231288192
20.0,9.0,4.0,0.00399050594898287
20.0,9.0,5.0,-8.417099481526857e-07
20.0,9.0,6.0,-1.7368122197807371e-12
20.0,9.0,7.0,-0.0038969662432613017
20.0,9.0,8.0,0.0032527238361688693
20.0,9.0,9.0,0.003859569436039212
20.0,9.0,10.0,0.004781111878615518
20.0,9.0,11.0,-0.01674271756118162
20.0,9.0,12.0,-0.002517081379461883
20.0,9.0,13.0,-2.9324797723026276e-05
20.0,9.0,14.0,-0.006476813274378672
20.0,9.0,15.0,-0.004365757923349617
20.0,9.0,16.0,-0.02219872712046722
20.0,9.0,17.0,-0.017272958823230378
20.0,9.0,18.0,0.0020768287808618224
20.0,9.0,19.0,0.0020639118770561238
20.0,9.0,20.0,-1.3569069887174649e-06
20.0,10.0,0.0,0.15376608715021434
20.0,10.0,1.0,-0.011286430774072029
20.0,10.0,2.0,-0.019300435778654007
20.0,10.0,3.0,0.02408938068714994
20.0,10.0,4.0,0.01112594425926472
20.0,10.0,5.0,-8.370612631260777e-07
20.0,10.0,6.0,-1.736812221969609e-12
20.0,10.0,7.0,-0.011589974437462985
20.0,10.0,8.0,0.008002771482495369
20.0,10.0,9.0,0.010511987950842627
20.0,10.0,10.0,0.013936304034269487
20.0,10.0,11.0,-0.043637724522978316
20.0,10.0,12.0,-0.0062026542903899085
20.0,10.0,13.0,-2.932659492197579e-05
20.0,10.0,14.0,-0.009597184293343424
20.0,10.0,15.0,-0.011162463070479273
20.0,10.0,16.0,-0.05802087993349364
20.0,10.0,17.0,-0.046071045380221
20.0,10.0,18.0,0.00426502358796188
20.0,10.0,19.0,0.008065760505013952
20.0,10.0,20.0,-1.890183128433587e-06
20.0,11.0,0.0,0.12281843855908309
20.0,11.0,1.0,-0.009222735081427444
20.0,11.0,2.0,-0.01554160795400747
20.0,11.0,3.0,0.019358765061818523
20.0,11.0,4.0,0.008857005883685654
20.0,11.0,5.0,-8.401161886743025e-07
20.0,11.0,6.0,-1.7368122208911475e-12
20.0,11.0,7.0,-0.009129074412320304
20.0,11.0,8.0,0.006496665758027195
20.0,11.0,9.0,0.008392201630062324
20.0,11.0,10.0,0.01101989250874813
20.0,11.0,11.0,-0.03507663899535107
20.0,11.0,12.0,-0.005037959199918451
20.0,11.0,13.0,-2.932608919253575e-05
20.0,11.0,14.0,-0.008717188650097291
20.0,11.0,15.0,-0.009007141772004956
20.0,11.0,16.0,-0.04663096210046619
20.0,11.0,17.0,-0.0369030397140272
20.0,11.0,18.0,0.0035864872423149174
20.0,11.0,19.0,0.0061522826198943115
20.0,11.0,20.0,-2.1743726084058732e-06
20.0,12.0,0.0,0.08286473145940443
20.0,12.0,1.0,-0.006523219699998743
20.0,12.0,2.0,-0.010672079227599246
20.0,12.0,3.0,0.013244921554846162
20.0,12.0,4.0,0.0059203724155104664
20.0,12.0,5.0,-8.414404464069127e-07
20.0,12.0,6.0,-1.7368122205833998e-12
20.0,12.0,7.0,-0.005965444971466088
20.0,12.0,8.0,0.004540194359398231
20.0,12.0,9.0,0.005655386017080238
20.0,12.0,10.0,0.007252248152549878
20.0,12.0,11.0,-0.02400896331174962
20.0,12.0,12.0,-0.003518456173372597
20.0,12.0,13.0,-2.9325329394236765e-05
20.0,12.0,14.0,-0.00741153874894482
20.0,12.0,15.0,-0.006208455240945987
20.0,12.0,16.0,-0.03188696922088502
20.0,12.0,17.0,-0.025052340665115858
20.0,12.0,18.0,0.002682843970114812
20.0,12.0,19.0,0.003681791934257883
20.0,12.0,20.0,-1.9531611231749202e-06
20.0,13.0,0.0,0.0021372600158341137
20.0,13.0,1.0,-0.0010163907167903968
20.0,13.0,2.0,-0.0008012961488027548
20.0,13.0,3.0,0.000873531148808615
20.0,13.0,4.0,-2.8939544905126624e-05
20.0,13.0,5.0,-8.41868516944684e-07
20.0,13.0,6.0,-1.73681221888996e-12
20.0,13.0,7.0,0.0003907015141497716
20.0,13.0,8.0,0.0005717096767318686
20.0,13.0,9.0,0.00012484212709620857
20.0,13.0,10.0,-0.0003519065018920964
20.0,13.0,11.0,-0.0016149176787551012
20.0,13.0,12.0,-0.00042855277262243696
20.0,13.0,13.0,-2.932361534414348e-05
20.0,13.0,14.0,-0.004359695436537348
20.0,13.0,15.0,-0.0005168784468982113
20.0,13.0,16.0,-0.0020151034215662444
20.0,13.0,17.0,-0.0010804693245641817
20.0,13.0,18.0,0.0007859887687445832
20.0,13.0,19.0,-0.0012818258046131126
20.0,13.0,20.0,-1.407101028996233e-07
20.0,14.0,0.0,0.00479069348582456
20.0,14.0,1.0,-0.0012063657497779975
20.0,14.0,2.0,-0.001131101354740982
20.0,14.0,3.0,0.001282983078027572
20.0,14.0,4.0,0.00017086415356148965
20.0,14.0,5.0,-8.418652259474643e-07
20.0,14.0,6.0,-1.7368122110661382e-12
20.0,14.0,7.0,0.00018347270309418406
20.0,14.0,8.0,0.0007072409579678557
20.0,14.0,9.0,0.0003097387821955344
20.0,14.0,10.0,-9.808261591481848e-05
20.0,14.0,11.0,-0.002356135434520179
20.0,14.0,12.0,-0.0005332959167241302
20.0,14.0,13.0,-2.9323687540931276e-05
20.0,14.0,14.0,-0.004480772829382041
20.0,14.0,15.0,-0.0007041615143113522
20.0,14.0,16.0,-0.003007662059289651
20.0,14.0,17.0,-0.0018732878368148964
20.0,14.0,18.0,0.0008520444671487881
20.0,14.0,19.0,-0.0011120898564718207
20.0,14.0,20.0,1.056423891320649e-06
20.0,15.0,0.0,0.05413082179936074
20.0,15.0,1.0,-0.004571267480811957
20.0,15.0,2.0,-0.007164109582154438
20.0,15.0,3.0,0.008844723905726604
20.0,15.0,4.0,0.003805506443319673
20.0,15.0,5.0,-8.417239845199128e-07
20.0,15.0,6.0,-1.7368122191459677e-12
20.0,15.0,7.0,-0.003697486346972617
20.0,15.0,8.0,0.0031301027907373324
20.0,15.0,9.0,0.003687222651933386
20.0,15.0,10.0,0.00454433647753727
20.0,15.0,11.0,-0.01604367505617732
20.0,15.0,12.0,-0.00242167400014881
20.0,15.0,13.0,-2.9324751641314072e-05
20.0,15.0,14.0,-0.006389875130738491
20.0,15.0,15.0,-0.004188257365461162
20.0,15.0,16.0,-0.02126792582006448
20.0,15.0,17.0,-0.016524660704187788
20.0,15.0,18.0,0.0020189785892300582
20.0,15.0,19.0,0.0019104012927337877
20.0,15.0,20.0,-1.4982321726579607e-06
20.0,16.0,0.0,0.10077617267192812
20.0,16.0,1.0,-0.007741323155630669
20.0,16.0,2.0,-0.012859060015366935
20.0,16.0,3.0,0.015987277775479286
20.0,16.0,4.0,0.007238982835454433
20.0,16.0,5.0,-8.410399382861629e-07
20.0,16.0,6.0,-1.736812213298693e-12
20.0,16.0,7.0,-0.007381382308552564
20.0,16.0,8.0,0.005420497104760308
20.0,16.0,9.0,0.006882975087788262
20.0,16.0,10.0,0.008942816376249274
20.0,16.0,11.0,-0.02897421427854896
20.0,16.0,12.0,-0.004203143650736874
20.0,16.0,13.0,-2.9325689279422274e-05
20.0,16.0,14.0,-0.0080273632963959
20.0,16.0,15.0,-0.007465733073511144
20.0,16.0,16.0,-0.03850542440187327
20.0,16.0,17.0,-0.030368566500231953
20.0,16.0,18.0,0.00309297470442485
20.0,16.0,19.0,0.0047913158990758875
20.0,16.0,20.0,-1.7490681953295018e-06
20.0,17.0,0.0,0.08637212843819342
20.0,17.0,1.0,-0.006763086306753742
20.0,17.0,2.0,-0.011101274100257852
20.0,17.0,3.0,0.01378218873928419
20.0,17.0,4.0,0.006178878434192736
20.0,17.0,5.0,-8.413763735806303e-07
20.0,17.0,6.0,-1.7368122202322222e-12
20.0,17.0,7.0,-0.006242201954212961
20.0,17.0,8.0,0.004713034745788602
20.0,17.0,9.0,0.005895755602386643
20.0,17.0,10.0,0.007583197478843062
20.0,17.0,11.0,-0.024982365527991934
20.0,17.0,12.0,-0.0036532776300555736
20.0,17.0,13.0,-2.9325407825647464e-05
20.0,17.0,14.0,-0.007539387945387322
20.0,17.0,15.0,-0.006455344973712557
20.0,17.0,16.0,-0.033184658564609115
20.0,17.0,17.0,-0.026094166746486513
20.0,17.0,18.0,0.0027644189310605805
20.0,17.0,19.0,0.0038985157570378126
20.0,17.0,20.0,-1.2919607401313983e-06
20.0,18.0,0.0,0.032191854055493185
20.0,18.0,1.0,-0.003071859171224378
20.0,18.0,2.0,-0.0044799898837296626
20.0,18.0,3.0,0.005481407421899981
20.0,18.0,4.0,0.002187265358757462
20.0,18.0,5.0,-8.418155468085605e-07
20.0,18.0,6.0,-1.736812218994628e-12
20.0,18.0,7.0,-0.0019703262035970504
20.0,18.0,8.0,0.0020499336085916947
20.0,18.0,9.0,0.002182998249419893
20.0,18.0,10.0,0.0024761092210132674
20.0,18.0,11.0,-0.009956353692873177
20.0,18.0,12.0,-0.001581085058349252
20.0,18.0,13.0,-2.9324283391810824e-05
20.0,18.0,14.0,-0.0055575171789744235
20.0,18.0,15.0,-0.0026417708602910206
20.0,18.0,16.0,-0.013146058429416074
20.0,18.0,17.0,-0.01000825284544854
20.0,18.0,18.0,0.0015028317829171023
20.0,18.0,19.0,0.0005585127999555572
20.0,18.0,20.0,-8.931877301636082e-08
20.0,19.0,0.0,0.2105450936272797
20.0,19.0,1.0,-0.015051931396878576
20.0,19.0,2.0,-0.026187627172278072
20.0,19.0,3.0,0.03276356337585373
20.0,19.0,4.0,0.015285853263348304
20.0,19.0,5.0,-8.096403322478368e-07
20.0,19.0,6.0,-1.736812218681484e-12
20.0,19.0,7.0,-0.016119949338345096
20.0,19.0,8.0,0.010762289140273315
20.0,19.0,9.0,0.014404323712454203
20.0,19.0,10.0,0.0192933930380792
20.0,19.0,11.0,-0.05933540914958757
20.0,19.0,12.0,-0.008331079904207783
20.0,19.0,13.0,-2.9327478823856594e-05
20.0,19.0,14.0,-0.011036065116383704
20.0,19.0,15.0,-0.01509944007620262
20.0,19.0,16.0,-0.07889134192687769
20.0,19.0,17.0,-0.06288421323300702
20.0,19.0,18.0,0.005481988765063589
20.0,19.0,19.0,0.011592125102294348
20.0,19.0,20.0,-1.452708473280336e-06
20.0,20.0,0.0,0.0021367892536366673
20.0,20.0,1.0,-0.0010163746458771092
20.0,20.0,2.0,-0.000801223880518287
20.0,20.0,3.0,0.0008736930558491673
20.0,20.0,4.0,-2.89773515060876e-05
20.0,20.0,5.0,-8.418685176954488e-07
20.0,20.0,6.0,-1.736812218890484e-12
20.0,20.0,7.0,0.0003906549114958413
20.0,20.0,8.0,0.0005717153865041485
20.0,20.0,9.0,0.00012477436487010052
20.0,20.0,10.0,-0.00035186788723540197
20.0,20.0,11.0,-0.0016148980406452962
20.0,20.0,12.0,-0.000428454141428225
20.0,20.0,13.0,-2.93236153275013e-05
20.0,20.0,14.0,-0.004359670764502777
20.0,20.0,15.0,-0.0005170013631761172
20.0,20.0,16.0,-0.0020153002417987453
20.0,20.0,17.0,-0.0010805315415611805
20.0,20.0,18.0,0.0007859845917956021
20.0,20.0,19.0,-0.001281832196424637
20.0,20.0,20.0,-1.4073483187092607e-07
21.0,1.0,0.0,0.011911010945774209
21.0,1.0,1.0,-0.0017923768860524103
21.0,1.0,2.0,-0.00048803442746619963
21.0,1.0,3.0,0.0021369901761010834
21.0,1.0,4.0,0.0005304328073764131
21.0,1.0,5.0,0.004280803879085679
21.0,1.0,6.0,-1.953957462242557e-09
21.0,1.0,7.0,-0.000704085949734562
21.0,1.0,8.0,0.0009923074599672982
21.0,1.0,9.0,0.0005535587777951989
21.0,1.0,10.0,0.0032712337434781524
21.0,1.0,11.0,-0.004132538160938587
21.0,1.0,12.0,-3.218960729067799e-05
21.0,1.0,13.0,-0.0001446312052232901
21.0,1.0,14.0,-0.0006353111501649078
21.0,1.0,15.0,-0.00270244145811227
21.0,1.0,16.0,-0.0005809989094442969
21.0,1.0,17.0,-0.002137517143847134
21.0,1.0,18.0,-0.0005971603663498942
21.0,1.0,19.0,0.0015730161732766534
21.0,1.0,20.0,-5.490324653878719e-05
21.0,2.0,0.0,0.04366975780888174
21.0,2.0,1.0,-0.0062413870369542115
21.0,2.0,2.0,-0.002001711968535491
21.0,2.0,3.0,0.007803235361861588
21.0,2.0,4.0,0.0034570799974130706
21.0,2.0,5.0,0.015908250133812488
21.0,2.0,6.0,-1.9539561715220754e-09
21.0,2.0,7.0,-0.003021794520102483
21.0,2.0,8.0,0.003303126510018628
21.0,2.0,9.0,0.001786238075607488
21.0,2.0,10.0,0.011513459678742788
21.0,2.0,11.0,-0.015539373658716521
21.0,2.0,12.0,-0.000694687313500586
21.0,2.0,13.0,-0.00014457205288498265
21.0,2.0,14.0,-0.0020302330937586877
21.0,2.0,15.0,-0.010554630766667294
21.0,2.0,16.0,-0.005360544758353347
21.0,2.0,17.0,-0.009299330187818422
21.0,2.0,18.0,0.00031722395002714565
21.0,2.0,19.0,0.0044039216246337665
21.0,2.0,20.0,-5.495248034524778e-05
21.0,3.0,0.0,0.05714448575250386
21.0,3.0,1.0,-0.008130437062808304
21.0,3.0,2.0,-0.0028102058315152
21.0,3.0,3.0,0.01024711300907849
21.0,3.0,4.0,0.004392782452302235
21.0,3.0,5.0,0.020869597950379876
21.0,3.0,6.0,-1.9539550475567403e-09
21.0,3.0,7.0,-0.00400832858540065
21.0,3.0,8.0,0.0042828287668841974
21.0,3.0,9.0,0.0023586303512737883
21.0,3.0,10.0,0.015025652232486142
21.0,3.0,11.0,-0.020414167659286372
21.0,3.0,12.0,-0.0008873466676900255
21.0,3.0,13.0,-0.00014454465354812372
21.0,3.0,14.0,-0.002666689636905639
21.0,3.0,15.0,-0.013902453156517391
21.0,3.0,16.0,-0.006996590286463156
21.0,3.0,17.0,-0.012372763434592593
21.0,3.0,18.0,0.0007078150540411471
21.0,3.0,19.0,0.00572002854757403
21.0,3.0,20.0,-5.496648167666672e-05
21.0,4.0,0.0,0.15707249979051344
21.0,4.0,1.0,-0.021868276396345865
21.0,4.0,2.0,-0.007631575841106852
21.0,4.0,3.0,0.028055167754827942
21.0,4.0,4.0,0.013604412087844908
21.0,4.0,5.0,0.05746415174905235
21.0,4.0,6.0,-1.953853768121776e-09
21.0,4.0,7.0,-0.01136081029719263
21.0,4.0,8.0,0.011452322152344638
21.0,4.0,9.0,0.006291669427544805
21.0,4.0,10.0,0.040709605953027916
21.0,4.0,11.0,-0.05632191283152961
21.0,4.0,12.0,-0.0029101840050569927
21.0,4.0,13.0,-0.00014427572238418456
21.0,4.0,14.0,-0.007044963376994368
21.0,4.0,15.0,-0.03858954253870994
21.0,4.0,16.0,-0.022037531754306006
21.0,4.0,17.0,-0.03473672617724227
21.0,4.0,18.0,0.0037092319057635825
21.0,4.0,19.0,0.014750829221860995
21.0,4.0,20.0,-5.501239399157377e-05
21.0,5.0,0.0,0.024750289460489627
21.0,5.0,1.0,-0.0035812383288362087
21.0,5.0,2.0,-0.0010474318743882716
21.0,5.0,3.0,0.004423961830597484
21.0,5.0,4.0,0.0017843360794509433
21.0,5.0,5.0,0.00897540277685914
21.0,5.0,6.0,-1.953957132508572e-09
21.0,5.0,7.0,-0.001649917146809038
21.0,5.0,8.0,0.0019258042807012987
21.0,5.0,9.0,0.0010356735552729535
21.0,5.0,10.0,0.006631466439988298
21.0,5.0,11.0,-0.00873990380814138
21.0,5.0,12.0,-0.0003203540161811902
21.0,5.0,13.0,-0.00014460927282393155
21.0,5.0,14.0,-0.0011811622694174184
21.0,5.0,15.0,-0.005877634065898529
21.0,5.0,16.0,-0.0026264547104180025
21.0,5.0,17.0,-0.005063796583732072
21.0,5.0,18.0,-0.00022622280638913417
21.0,5.0,19.0,0.0026558227385193867
21.0,5.0,20.0,-5.4925335080713285e-05
21.0,6.0,0.0,-0.0003072284523114033
21.0,6.0,1.0,-6.92565918882504e-05
21.0,6.0,2.0,0.00032494000513341725
21.0,6.0,3.0,-8.060993565689456e-05
21.0,6.0,4.0,-0.00018477027657559653
21.0,6.0,5.0,-0.00021776807081992644
21.0,6.0,6.0,-1.953957662508004e-09
21.0,6.0,7.0,0.00016202716630345226
21.0,6.0,8.0,0.00011820177351948291
21.0,6.0,9.0,-5.025520878471079e-06
21.0,6.0,10.0,0.00019938568799765521
21.0,6.0,11.0,0.00027833111118416576
21.0,6.0,12.0,9.791020633348468e-05
21.0,6.0,13.0,-0.00014465212817333156
21.0,6.0,14.0,-2.548007454494794e-05
21.0,6.0,15.0,0.0003133980700155137
21.0,6.0,16.0,0.0006981744606309181
21.0,6.0,17.0,0.0005011316133838317
21.0,6.0,18.0,-0.0009442945301012112
21.0,6.0,19.0,0.00020785090767405645
21.0,6.0,20.0,-5.487620865604597e-05
21.0,7.0,0.0,0.036683244666162323
21.0,7.0,1.0,-0.005262349818299442
21.0,7.0,2.0,-0.0016937882118474579
21.0,7.0,3.0,0.006565950208756444
21.0,7.0,4.0,0.0027580846462665898
21.0,7.0,5.0,0.013353939427062714
21.0,7.0,6.0,-1.953956598588548e-09
21.0,7.0,7.0,-0.0025148636014565573
21.0,7.0,8.0,0.0027959603834604996
21.0,7.0,9.0,0.001520420299278069
21.0,7.0,10.0,0.009720057188215947
21.0,7.0,11.0,-0.013035912418667833
21.0,7.0,12.0,-0.0005340385898497946
21.0,7.0,13.0,-0.00014458593206492673
21.0,7.0,14.0,-0.0017283693163807345
21.0,7.0,15.0,-0.008831904719295236
21.0,7.0,16.0,-0.004247102765524313
21.0,7.0,17.0,-0.00774814433492943
21.0,7.0,18.0,0.0001149149409546274
21.0,7.0,19.0,0.0037862867386706522
21.0,7.0,20.0,-5.4943646425107655e-05
21.0,8.0,0.0,0.02866052879439923
21.0,8.0,1.0,-0.004132184017074984
21.0,8.0,2.0,-0.0012554233858982355
21.0,8.0,3.0,0.005124684024811282
21.0,8.0,4.0,0.0021059006917254486
21.0,8.0,5.0,0.010408512726580943
21.0,8.0,6.0,-1.953956981075281e-09
21.0,8.0,7.0,-0.0019322234484900336
21.0,8.0,8.0,0.002210768800777696
21.0,8.0,9.0,0.0011941383606258738
21.0,8.0,10.0,0.007640758527711455
21.0,8.0,11.0,-0.01014540108345846
21.0,8.0,12.0,-0.0003914213357201213
21.0,8.0,13.0,-0.0001446016214951039
21.0,8.0,14.0,-0.001359967932756112
21.0,8.0,15.0,-0.00684439891730898
21.0,8.0,16.0,-0.0031624189423509197
21.0,8.0,17.0,-0.005939277518066055
21.0,8.0,18.0,-0.00011502632702697912
21.0,8.0,19.0,0.0030266841762028873
21.0,8.0,20.0,-5.493189563330684e-05
21.0,9.0,0.0,0.03624926756000746
21.0,9.0,1.0,-0.0052037382385119665
21.0,9.0,2.0,-0.0016839293646073727
21.0,9.0,3.0,0.006491944866901911
21.0,9.0,4.0,0.002699563338654287
21.0,9.0,5.0,0.013199283212787724
21.0,9.0,6.0,-1.953956626046366e-09
21.0,9.0,7.0,-0.002484255500465743
21.0,9.0,8.0,0.0027658312625714054
21.0,9.0,9.0,0.0015058938835486313
21.0,9.0,10.0,0.0096129348104676
21.0,9.0,11.0,-0.012885002844850502
21.0,9.0,12.0,-0.000520224195066421
21.0,9.0,13.0,-0.0001445869222975154
21.0,9.0,14.0,-0.0017123041428877273
21.0,9.0,15.0,-0.008728032701701138
21.0,9.0,16.0,-0.004160079037185183
21.0,9.0,17.0,-0.007657508926256107
21.0,9.0,18.0,0.00010300409329811605
21.0,9.0,19.0,0.003752352110191537
21.0,9.0,20.0,-5.4942953923634064e-05
21.0,10.0,0.0,0.1235228607966162
21.0,10.0,1.0,-0.017310378716073223
21.0,10.0,2.0,-0.005936081151979633
21.0,10.0,3.0,0.022089466371411765
21.0,10.0,4.0,0.010691319543248534
21.0,10.0,5.0,0.04518336157515428
21.0,10.0,6.0,-1.9539272012850214e-09
21.0,10.0,7.0,-0.008914722095079958
21.0,10.0,8.0,0.00908710858652266
21.0,10.0,9.0,0.004903518806724211
21.0,10.0,10.0,0.03230073138071915
21.0,10.0,11.0,-0.044282291546819244
21.0,10.0,12.0,-0.002297223450301089
21.0,10.0,13.0,-0.00014438094499554262
21.0,10.0,14.0,-0.005541017647433005
21.0,10.0,15.0,-0.03033447068578571
21.0,10.0,16.0,-0.017219033466535638
21.0,10.0,17.0,-0.027446665755145816
21.0,10.0,18.0,0.0026804601218782254
21.0,10.0,19.0,0.011495525744356416
21.0,10.0,20.0,-5.5004309064996005e-05
21.0,11.0,0.0,0.03036228476623601
21.0,11.0,1.0,-0.004382624874282058
21.0,11.0,2.0,-0.0013671987012290054
21.0,11.0,3.0,0.005431730928856432
21.0,11.0,4.0,0.002218366718463427
21.0,11.0,5.0,0.011037484192418234
21.0,11.0,6.0,-1.9539568816561817e-09
21.0,11.0,7.0,-0.0020514664517567727
21.0,11.0,8.0,0.002339246576107082
21.0,11.0,9.0,0.0012679849715598324
21.0,11.0,10.0,0.008077795900664875
21.0,11.0,11.0,-0.010762027631790905
21.0,11.0,12.0,-0.00041649876706140176
21.0,11.0,13.0,-0.00014459739340511255
21.0,11.0,14.0,-0.001445726765398142
21.0,11.0,15.0,-0.007268196507280167
21.0,11.0,16.0,-0.0033545367475931176
21.0,11.0,17.0,-0.006317770232172504
21.0,11.0,18.0,-6.82951469070242e-05
21.0,11.0,19.0,0.0032061996994484643
21.0,11.0,20.0,-5.49353372103577e-05
21.0,12.0,0.0,0.06187611716428279
21.0,12.0,1.0,-0.008808057130262427
21.0,12.0,2.0,-0.003227358075968745
21.0,12.0,3.0,0.011140225969381884
21.0,12.0,4.0,0.004502649106990386
21.0,12.0,5.0,0.022639410487952233
21.0,12.0,6.0,-1.9539544461951384e-09
21.0,12.0,7.0,-0.004354539040196143
21.0,12.0,8.0,0.00463082823074272
21.0,12.0,9.0,0.0025962090696369233
21.0,12.0,10.0,0.016277997628744323
21.0,12.0,11.0,-0.022156950593443456
21.0,12.0,12.0,-0.0008917318268499841
21.0,12.0,13.0,-0.00014453341050494765
21.0,12.0,14.0,-0.002927967212584731
21.0,12.0,15.0,-0.01509288438337092
21.0,12.0,16.0,-0.007264106896927136
21.0,12.0,17.0,-0.013480004270461865
21.0,12.0,18.0,0.0008418027980871129
21.0,12.0,19.0,0.006274450109646668
21.0,12.0,20.0,-5.4971208369357446e-05
21.0,13.0,0.0,-0.00030690787692008725
21.0,13.0,1.0,-6.943451511938481e-05
21.0,13.0,2.0,0.0003259526324814188
21.0,13.0,3.0,-8.077616056365033e-05
21.0,13.0,4.0,-0.0001826247506528933
21.0,13.0,5.0,-0.00021770825747194356
21.0,13.0,6.0,-1.9539576623289143e-09
21.0,13.0,7.0,0.00016187470047676622
21.0,13.0,8.0,0.00011844551544434867
21.0,13.0,9.0,-5.499794984265005e-06
21.0,13.0,10.0,0.000200271958712972
21.0,13.0,11.0,0.0002782431025936949
21.0,13.0,12.0,9.720576823912808e-05
21.0,13.0,13.0,-0.00014465211804289802
21.0,13.0,14.0,-2.5159802299307144e-05
21.0,13.0,15.0,0.0003132002149534574
21.0,13.0,16.0,0.0006953636375275352
21.0,13.0,17.0,0.0005000029010328588
21.0,13.0,18.0,-0.0009442891097014502
21.0,13.0,19.0,0.0002061869524637716
21.0,13.0,20.0,-5.487622416901588e-05
21.0,14.0,0.0,0.04230170925537216
21.0,14.0,1.0,-0.006054009543195342
21.0,14.0,2.0,-0.0019656251289204008
21.0,14.0,3.0,0.007566577333500191
21.0,14.0,4.0,0.003273110064286655
21.0,14.0,5.0,0.01541333843316671
21.0,14.0,6.0,-1.953956263477449e-09
21.0,14.0,7.0,-0.002922744508048275
21.0,14.0,8.0,0.003206451794085699
21.0,14.0,9.0,0.0017405435741515152
21.0,14.0,10.0,0.011169752079751849
21.0,14.0,11.0,-0.015055950394098627
21.0,14.0,12.0,-0.0006512470236125223
21.0,14.0,13.0,-0.00014457470695105774
21.0,14.0,14.0,-0.0019780063172658846
21.0,14.0,15.0,-0.010221722361202168
21.0,14.0,16.0,-0.0050875421947185195
21.0,14.0,17.0,-0.009006662138823507
21.0,14.0,18.0,0.00027742671823121484
21.0,14.0,19.0,0.004295384796788815
21.0,14.0,20.0,-5.4950883955826445e-05
21.0,15.0,0.0,0.06698235161126995
21.0,15.0,1.0,-0.009519722394391257
21.0,15.0,2.0,-0.003416711404634898
21.0,15.0,3.0,0.01202876843224071
21.0,15.0,4.0,0.005052947070932623
21.0,15.0,5.0,0.02449052148016459
21.0,15.0,6.0,-1.9539536581543793e-09
21.0,15.0,7.0,-0.004718166461617906
21.0,15.0,8.0,0.004998268551792431
21.0,15.0,9.0,0.0027868336025987095
21.0,15.0,10.0,0.017558911519966747
21.0,15.0,11.0,-0.02396924727530851
21.0,15.0,12.0,-0.0010213868941053583
21.0,15.0,13.0,-0.0001445211171251781
21.0,15.0,14.0,-0.003141201197034149
21.0,15.0,15.0,-0.016339576936496902
21.0,15.0,16.0,-0.008138802882625806
21.0,15.0,17.0,-0.014580922449142497
21.0,15.0,18.0,0.0009883273406254556
21.0,15.0,19.0,0.006717583033197361
21.0,15.0,20.0,-5.4975862196263584e-05
21.0,16.0,0.0,0.13005295246540335
21.0,16.0,1.0,-0.01823578641677276
21.0,16.0,2.0,-0.006168063761363751
21.0,16.0,3.0,0.023245867777720503
21.0,16.0,4.0,0.011437433273995934
21.0,16.0,5.0,0.04757562111368986
21.0,16.0,6.0,-1.9539166682799417e-09
21.0,16.0,7.0,-0.009397726602120904
21.0,16.0,8.0,0.009574910109624593
21.0,16.0,9.0,0.005124157273867502
21.0,16.0,10.0,0.034033816432220754
21.0,16.0,11.0,-0.04663310889798079
21.0,16.0,12.0,-0.0024802618173525026
21.0,16.0,13.0,-0.00014435716347313687
21.0,16.0,14.0,-0.005806738435387371
21.0,16.0,15.0,-0.031957114219213656
21.0,16.0,16.0,-0.018420809341857747
21.0,16.0,17.0,-0.028950974969531473
21.0,16.0,18.0,0.0028707675169087135
21.0,16.0,19.0,0.011991834747351326
21.0,16.0,20.0,-5.500672131094972e-05
21.0,17.0,0.0,0.09417729285230272
21.0,17.0,1.0,-0.013298319715694965
21.0,17.0,2.0,-0.004668301422150328
21.0,17.0,3.0,0.01688062475840038
21.0,17.0,4.0,0.007695216794439408
21.0,17.0,5.0,0.03445189944931794
21.0,17.0,6.0,-1.9539465669486338e-09
21.0,17.0,7.0,-0.00672924850464357
21.0,17.0,8.0,0.006976144426821526
21.0,17.0,9.0,0.0038138748189560367
21.0,17.0,10.0,0.02467085675394648
21.0,17.0,11.0,-0.033747977907124554
21.0,17.0,12.0,-0.0016207790024369562
21.0,17.0,13.0,-0.00014445615816132017
21.0,17.0,14.0,-0.00431061183336548
21.0,17.0,15.0,-0.02307745435221159
21.0,17.0,16.0,-0.012398178617157307
21.0,17.0,17.0,-0.020785603795310414
21.0,17.0,18.0,0.0017897486906422802
21.0,17.0,19.0,0.009041787190683381
21.0,17.0,20.0,-5.4993189116210254e-05
21.0,18.0,0.0,0.008232145893938586
21.0,18.0,1.0,-0.0012720310746662591
21.0,18.0,2.0,-0.00021510330698829017
21.0,18.0,3.0,0.0014666364970207235
21.0,18.0,4.0,0.0003409791784337868
21.0,18.0,5.0,0.0029243301921023784
21.0,18.0,6.0,-1.9539575367428394e-09
21.0,18.0,7.0,-0.00044426953199669383
21.0,18.0,8.0,0.0007291349992556012
21.0,18.0,9.0,0.0003801970237440888
21.0,18.0,10.0,0.0023485162287402717
21.0,18.0,11.0,-0.002801524214222334
21.0,18.0,12.0,-1.9970512148415054e-06
21.0,18.0,13.0,-0.00014463773059881688
21.0,18.0,14.0,-0.0004450855593931269
21.0,18.0,15.0,-0.0017943151893756726
21.0,18.0,16.0,-0.00025128113816652586
21.0,18.0,17.0,-0.0013413299688070368
21.0,18.0,18.0,-0.0007010497035741595
21.0,18.0,19.0,0.001145420712582279
21.0,18.0,20.0,-5.489552323696823e-05
21.0,19.0,0.0,0.14318877574811203
21.0,19.0,1.0,-0.02000004926926726
21.0,19.0,2.0,-0.006851389657025642
21.0,19.0,3.0,0.025598762241810208
21.0,19.0,4.0,0.012593698297170386
21.0,19.0,5.0,0.05239028631104521
21.0,19.0,6.0,-1.953894696269145e-09
21.0,19.0,7.0,-0.010381528140866653
21.0,19.0,8.0,0.01050569163775146
21.0,19.0,9.0,0.005647968580441393
21.0,19.0,10.0,0.037427412310198915
21.0,19.0,11.0,-0.051360338102957925
21.0,19.0,12.0,-0.002720754495993072
21.0,19.0,13.0,-0.00014432047605630375
21.0,19.0,14.0,-0.006383830306995686
21.0,19.0,15.0,-0.035209396061916975
21.0,19.0,16.0,-0.020314637070598884
21.0,19.0,17.0,-0.031926866219258165
21.0,19.0,18.0,0.0032804032697252086
21.0,19.0,19.0,0.013184733286604855
21.0,19.0,20.0,-5.500965632719501e-05
21.0,20.0,0.0,-0.0003071041607437264
21.0,20.0,1.0,-6.93256419161542e-05
21.0,20.0,2.0,0.00032531900434426553
21.0,20.0,3.0,-8.067154073146399e-05
21.0,20.0,4.0,-0.00018396602234738157
21.0,20.0,5.0,-0.00021774285243321423
21.0,20.0,6.0,-1.9539576624400964e-09
21.0,20.0,7.0,0.00016197010158822134
21.0,20.0,8.0,0.00011829429904507138
21.0,20.0,9.0,-5.20294790945508e-06
21.0,20.0,10.0,0.00019971861477935393
21.0,20.0,11.0,0.0002782957451909207
21.0,20.0,12.0,9.764570839637665e-05
21.0,20.0,13.0,-0.00014465212429138672
21.0,20.0,14.0,-2.5360836062665593e-05
21.0,20.0,15.0,0.0003133220862869823
21.0,20.0,16.0,0.0006971201027514695
21.0,20.0,17.0,0.0005007082867364843
21.0,20.0,18.0,-0.0009442923809048556
21.0,20.0,19.0,0.00020722875099299376
21.0,20.0,20.0,-5.4876214605428366e-05
22.0,1.0,0.0,0.012409683138481634
22.0,1.0,1.0,-0.0013945827978381342
22.0,1.0,2.0,0.00016831742403841665
22.0,1.0,3.0,-0.0001695293499849373
22.0,1.0,4.0,-0.00030920309457715955
22.0,1.0,5.0,0.0020897355173859627
22.0,1.0,6.0,-8.895083111561459e-11
22.0,1.0,7.0,-1.6040680374181914e-07
22.0,1.0,8.0,0.0003761902433870312
22.0,1.0,9.0,-0.0002421875251026953
22.0,1.0,10.0,0.0030524181630681713
22.0,1.0,11.0,-0.0013107750677774366
22.0,1.0,12.0,-0.0013790968404037152
22.0,1.0,13.0,-0.0006070137154541022
22.0,1.0,14.0,-0.0009034113276905897
22.0,1.0,15.0,-0.0054821334155571305
22.0,1.0,16.0,0.00038658622968623657
22.0,1.0,17.0,-0.0011541981061931605
22.0,1.0,18.0,-0.00029581686979629485
22.0,1.0,19.0,-0.000588159677957778
22.0,1.0,20.0,-3.0698226831412627e-06
22.0,2.0,0.0,0.05443098740793566
22.0,2.0,1.0,-0.004527126819510764
22.0,2.0,2.0,0.0017497143652096536
22.0,2.0,3.0,-0.00015694004302185723
22.0,2.0,4.0,0.001353448729610074
22.0,2.0,5.0,0.008752887558057296
22.0,2.0,6.0,-8.895082890982582e-11
22.0,2.0,7.0,-1.604068613970438e-07
22.0,2.0,8.0,0.001323598788366187
22.0,2.0,9.0,0.0007618242105156547
22.0,2.0,10.0,0.013034280273202525
22.0,2.0,11.0,-0.005806236866419179
22.0,2.0,12.0,-0.004037137447361894
22.0,2.0,13.0,-0.000599706639363145
22.0,2.0,14.0,-0.0030584888908328223
22.0,2.0,15.0,-0.02053635753621741
22.0,2.0,16.0,0.0013827401835098119
22.0,2.0,17.0,-0.005452356840307038
22.0,2.0,18.0,1.0279940224122708e-05
22.0,2.0,19.0,-0.00024959404047353306
22.0,2.0,20.0,-3.0698647499978577e-06
22.0,3.0,0.0,0.0007400072050971485
22.0,3.0,1.0,-0.0005147702591726533
22.0,3.0,2.0,-0.0001394422252748162
22.0,3.0,3.0,-0.00017153010729729532
22.0,3.0,4.0,-0.0006910926330945255
22.0,3.0,5.0,0.00024496916005270486
22.0,3.0,6.0,-8.895083127187243e-11
22.0,3.0,7.0,-1.604067728001328e-07
22.0,3.0,8.0,0.000163800275529008
22.0,3.0,9.0,-0.0005084555211043347
22.0,3.0,10.0,0.00017744649230816423
22.0,3.0,11.0,-0.00013833973734261873
22.0,3.0,12.0,-0.0007562839659631115
22.0,3.0,13.0,-0.0006087274382493743
22.0,3.0,14.0,-0.0003040841772273817
22.0,3.0,15.0,-0.0012331395359800254
22.0,3.0,16.0,-4.5193231765550124e-05
22.0,3.0,17.0,0.00011588094346542954
22.0,3.0,18.0,-0.0003942514015339016
22.0,3.0,19.0,-0.0005060470487496804
22.0,3.0,20.0,-3.0698069607881117e-06
22.0,4.0,0.0,0.17260762875331565
22.0,4.0,1.0,-0.012952358651309524
22.0,4.0,2.0,0.007517530828471508
22.0,4.0,3.0,5.332991410305878e-05
22.0,4.0,4.0,0.007042410085340789
22.0,4.0,5.0,0.027421217106963477
22.0,4.0,6.0,-8.895081006767476e-11
22.0,4.0,7.0,-1.6040689656633844e-07
22.0,4.0,8.0,0.004190013040204943
22.0,4.0,9.0,0.0049233326648224635
22.0,4.0,10.0,0.04154848835535513
22.0,4.0,11.0,-0.017985842452723333
22.0,4.0,12.0,-0.008099440188309825
22.0,4.0,13.0,-0.0005750218926485339
22.0,4.0,14.0,-0.008765361191315407
22.0,4.0,15.0,-0.05076735392792299
22.0,4.0,16.0,0.0044371343281151
22.0,4.0,17.0,-0.01602573199698179
22.0,4.0,18.0,0.0013762211868580954
22.0,4.0,19.0,0.0034640861415635715
22.0,4.0,20.0,-3.0699154456470972e-06
22.0,5.0,0.0,0.028668275461770712
22.0,5.0,1.0,-0.0026142192651841673
22.0,5.0,2.0,0.00040923309827697874
22.0,5.0,3.0,-0.00016592563767049595
22.0,5.0,4.0,0.00015534219479218514
22.0,5.0,5.0,0.004646264475261383
22.0,5.0,6.0,-8.895083040794679e-11
22.0,5.0,7.0,-1.6040683221388478e-07
22.0,5.0,8.0,0.0005907480298656675
22.0,5.0,9.0,0.0001410670210075099
22.0,5.0,10.0,0.007183219907882232
22.0,5.0,11.0,-0.002847289591170088
22.0,5.0,12.0,-0.0020530294805502503
22.0,5.0,13.0,-0.0006044534710036768
22.0,5.0,14.0,-0.0017333195843411142
22.0,5.0,15.0,-0.01134129962878816
22.0,5.0,16.0,0.0012141173316669862
22.0,5.0,17.0,-0.0030005792834076894
22.0,5.0,18.0,-0.00012755087767918338
22.0,5.0,19.0,-0.0008560409843852979
22.0,5.0,20.0,-3.0698409772740534e-06
22.0,6.0,0.0,0.0007374047524279226
22.0,6.0,1.0,-0.0005143371709055503
22.0,6.0,2.0,-0.00014056449833468876
22.0,6.0,3.0,-0.00017153209223496132
22.0,6.0,4.0,-0.0006915777222613606
22.0,6.0,5.0,0.0002443468856903469
22.0,6.0,6.0,-8.89508312595592e-11
22.0,6.0,7.0,-1.604067726815214e-07
22.0,6.0,8.0,0.00016319432828121316
22.0,6.0,9.0,-0.0005085006364770328
22.0,6.0,10.0,0.00017745768555793573
22.0,6.0,11.0,-0.00013740842648241047
22.0,6.0,12.0,-0.0007548543840559807
22.0,6.0,13.0,-0.0006087295275756493
22.0,6.0,14.0,-0.000303864504816731
22.0,6.0,15.0,-0.0012313235532353459
22.0,6.0,16.0,-4.3955132563056054e-05
22.0,6.0,17.0,0.0001157110580586318
22.0,6.0,18.0,-0.00039401933478541706
22.0,6.0,19.0,-0.0005068047480648596
22.0,6.0,20.0,-3.0698069341794484e-06
22.0,7.0,0.0,0.0007374048465707828
22.0,7.0,1.0,-0.000514337177426924
22.0,7.0,2.0,-0.0001405630162667204
22.0,7.0,3.0,-0.00017153209177034337
22.0,7.0,4.0,-0.0006915771786878411
22.0,7.0,5.0,0.00024434701489839394
22.0,7.0,6.0,-8.895083125957537e-11
22.0,7.0,7.0,-1.6040677268163693e-07
22.0,7.0,8.0,0.000163194947870815
22.0,7.0,9.0,-0.0005085006556522463
22.0,7.0,10.0,0.00017745682029496335
22.0,7.0,11.0,-0.00013740924105853924
22.0,7.0,12.0,-0.0007548556714789822
22.0,7.0,13.0,-0.0006087295270986911
22.0,7.0,14.0,-0.00030386452225344973
22.0,7.0,15.0,-0.0012313237235285907
22.0,7.0,16.0,-4.3956815814483186e-05
22.0,7.0,17.0,0.00011571169419405392
22.0,7.0,18.0,-0.0003940195336553376
22.0,7.0,19.0,-0.0005068035592172837
22.0,7.0,20.0,-3.0698069341927053e-06
22.0,8.0,0.0,0.033872957777866766
22.0,8.0,1.0,-0.003001876913595644
22.0,8.0,2.0,0.0006718485139340924
22.0,8.0,3.0,-0.00016444727884263105
22.0,8.0,4.0,0.0003877192720543876
22.0,8.0,5.0,0.0054750042934154225
22.0,8.0,6.0,-8.895083011933551e-11
22.0,8.0,7.0,-1.6040683942869824e-07
22.0,8.0,8.0,0.0007342874169445068
22.0,8.0,9.0,0.00026330313514565107
22.0,8.0,10.0,0.00835169122512952
22.0,8.0,11.0,-0.0034468250676572
22.0,8.0,12.0,-0.0024491591842307203
22.0,8.0,13.0,-0.0006035361432949827
22.0,8.0,14.0,-0.002004931478397892
22.0,8.0,15.0,-0.013213567191391919
22.0,8.0,16.0,0.001260849707286571
22.0,8.0,17.0,-0.0034908384296775674
22.0,8.0,18.0,-0.00010180765193995578
22.0,8.0,19.0,-0.0007361934392176028
22.0,8.0,20.0,-3.06984639459897e-06
22.0,9.0,0.0,0.007453457178313375
22.0,9.0,1.0,-0.0010217984320171486
22.0,9.0,2.0,-1.323979509373907e-05
22.0,9.0,3.0,-0.00017044247846536513
22.0,9.0,4.0,-0.0005000054757366978
22.0,9.0,5.0,0.001302648603162787
22.0,9.0,6.0,-8.895083130089723e-11
22.0,9.0,7.0,-1.604067922095428e-07
22.0,9.0,8.0,0.0002643524854910595
22.0,9.0,9.0,-0.0003548366433125359
22.0,9.0,10.0,0.0018711249191993296
22.0,9.0,11.0,-0.0007791297855631041
22.0,9.0,12.0,-0.0010539971803043557
22.0,9.0,13.0,-0.0006077639055015263
22.0,9.0,14.0,-0.0006487287166143108
22.0,9.0,15.0,-0.003674101226669238
22.0,9.0,16.0,0.000269741755157038
22.0,9.0,17.0,-0.0006408345477108002
22.0,9.0,18.0,-0.0003293520898624558
22.0,9.0,19.0,-0.0006141215895362206
22.0,9.0,20.0,-3.069816222756626e-06
22.0,10.0,0.0,0.11030773016532548
22.0,10.0,1.0,-0.008593558379576864
22.0,10.0,2.0,0.004143948795289787
22.0,10.0,3.0,-0.00011228203667257003
22.0,10.0,4.0,0.0037991056631873077
22.0,10.0,5.0,0.017597227681420344
22.0,10.0,6.0,-8.895082385775509e-11
22.0,10.0,7.0,-1.6040688870941885e-07
22.0,10.0,8.0,0.002640791119473712
22.0,10.0,9.0,0.0023672166524350835
22.0,10.0,10.0,0.026422813460472205
22.0,10.0,11.0,-0.011716716632520496
22.0,10.0,12.0,-0.007004000248929554
22.0,10.0,13.0,-0.0005878623568594562
22.0,10.0,14.0,-0.005839804519805258
22.0,10.0,15.0,-0.038432717686313164
22.0,10.0,16.0,0.002674684983901776
22.0,10.0,17.0,-0.010919949500658388
22.0,10.0,18.0,0.0005224452970792326
22.0,10.0,19.0,0.0007029917520539053
22.0,10.0,20.0,-3.0698969169099754e-06
22.0,11.0,0.0,0.07559548561460529
22.0,11.0,1.0,-0.006086074829557378
22.0,11.0,2.0,0.002694176023603112
22.0,11.0,3.0,-0.00014509114193589714
22.0,11.0,4.0,0.002285879089920062
22.0,11.0,5.0,0.012113780900365786
22.0,11.0,6.0,-8.895082740607147e-11
22.0,11.0,7.0,-1.604068762557011e-07
22.0,11.0,8.0,0.0018561962136148524
22.0,11.0,9.0,0.0013138872672100316
22.0,11.0,10.0,0.01804211493778618
22.0,11.0,11.0,-0.008113912250629685
22.0,11.0,12.0,-0.005401387207528807
22.0,11.0,13.0,-0.0005952872159315503
22.0,11.0,14.0,-0.004123936219605939
22.0,11.0,15.0,-0.027794947138149013
22.0,11.0,16.0,0.0017442140545046447
22.0,11.0,17.0,-0.007552014320333644
22.0,11.0,18.0,0.00016998523619146666
22.0,11.0,19.0,8.463627453525469e-05
22.0,11.0,20.0,-3.06987977104763e-06
22.0,12.0,0.0,0.07987814756223106
22.0,12.0,1.0,-0.006410254094875514
22.0,12.0,2.0,0.0028644549407748077
22.0,12.0,3.0,-0.00014185976073944362
22.0,12.0,4.0,0.0024670342104856635
22.0,12.0,5.0,0.012796569720628384
22.0,12.0,6.0,-8.895082702621729e-11
22.0,12.0,7.0,-1.6040687857556243e-07
22.0,12.0,8.0,0.001958566487683
22.0,12.0,9.0,0.0014327540464049993
22.0,12.0,10.0,0.01906879971863079
22.0,12.0,11.0,-0.008569577991773547
22.0,12.0,12.0,-0.005654702150930335
22.0,12.0,13.0,-0.0005942934291161847
22.0,12.0,14.0,-0.004342224472865586
22.0,12.0,15.0,-0.029260598447754912
22.0,12.0,16.0,0.0018446548134118945
22.0,12.0,17.0,-0.007981729480747601
22.0,12.0,18.0,0.0002029650086132484
22.0,12.0,19.0,0.00013567207720610597
22.0,12.0,20.0,-3.0698825177622352e-06
22.0,13.0,0.0,0.0007436796846775479
22.0,13.0,1.0,-0.0005155265235628273
22.0,13.0,2.0,-0.0001370279761865878
22.0,13.0,3.0,-0.00017152593586436073
22.0,13.0,4.0,-0.0006901647709296466
22.0,13.0,5.0,0.000245970400988893
22.0,13.0,6.0,-8.895083130167423e-11
22.0,13.0,7.0,-1.604067730762343e-07
22.0,13.0,8.0,0.00016507370742457894
22.0,13.0,9.0,-0.0005084162932340285
22.0,13.0,10.0,0.00017694072081336776
22.0,13.0,11.0,-0.0001401260641948343
22.0,13.0,12.0,-0.0007591766347564421
22.0,13.0,13.0,-0.0006087229840514725
22.0,13.0,14.0,-0.00030444162238746353
22.0,13.0,15.0,-0.00123620053908597
22.0,13.0,16.0,-4.793594298246884e-05
22.0,13.0,17.0,0.00011647858051189175
22.0,13.0,18.0,-0.0003947659548069471
22.0,13.0,19.0,-0.0005044509617116999
22.0,13.0,20.0,-3.069807018874273e-06
22.0,14.0,0.0,0.03382055098675178
22.0,14.0,1.0,-0.0029942652931822453
22.0,14.0,2.0,0.0010195476710586349
22.0,14.0,3.0,-0.00016440634775702898
22.0,14.0,4.0,0.0005602937381528061
22.0,14.0,5.0,0.005490377826971163
22.0,14.0,6.0,-8.895083019938099e-11
22.0,14.0,7.0,-1.6040684017880446e-07
22.0,14.0,8.0,0.0008826812733939149
22.0,14.0,9.0,0.0002548479066841573
22.0,14.0,10.0,0.00811290930483377
22.0,14.0,11.0,-0.0036358038688514838
22.0,14.0,12.0,-0.0028220314814417224
22.0,14.0,13.0,-0.0006035139526784809
22.0,14.0,14.0,-0.0020015580998908877
22.0,14.0,15.0,-0.013232579852745348
22.0,14.0,16.0,0.0008184979079612908
22.0,14.0,17.0,-0.003336762752208511
22.0,14.0,18.0,-0.0001510232250152843
22.0,14.0,19.0,-0.000384511517362629
22.0,14.0,20.0,-3.0698466509031187e-06
22.0,15.0,0.0,0.011661651962050365
22.0,15.0,1.0,-0.0013419042179363613
22.0,15.0,2.0,0.00014708631043075515
22.0,15.0,3.0,-0.0001696332425277739
22.0,15.0,4.0,-0.0003345428709707887
22.0,15.0,5.0,0.0019730531181978844
22.0,15.0,6.0,-8.895083114542318e-11
22.0,15.0,7.0,-1.6040680263976063e-07
22.0,15.0,8.0,0.00036410645819492937
22.0,15.0,9.0,-0.000260022941329853
22.0,15.0,10.0,0.0028711120192534967
22.0,15.0,11.0,-0.0012360161867134845
22.0,15.0,12.0,-0.0013450356332489477
22.0,15.0,13.0,-0.0006070896900189203
22.0,15.0,14.0,-0.000865519072908244
22.0,15.0,15.0,-0.005222626404590466
22.0,15.0,16.0,0.00035748825763015635
22.0,15.0,17.0,-0.001074930188025014
22.0,15.0,18.0,-0.00030394294621854945
22.0,15.0,19.0,-0.0005879072024935761
22.0,15.0,20.0,-3.069822027215735e-06
22.0,16.0,0.0,0.13726025767097116
22.0,16.0,1.0,-0.010514734192881424
22.0,16.0,2.0,0.005418033540375039
22.0,16.0,3.0,-6.332536860909474e-05
22.0,16.0,4.0,0.005086472295827815
22.0,16.0,5.0,0.021853082299197454
22.0,16.0,6.0,-8.895081916590037e-11
22.0,16.0,7.0,-1.6040689344531473e-07
22.0,16.0,8.0,0.0032745724759637995
22.0,16.0,9.0,0.003346390303105004
22.0,16.0,10.0,0.033003286852957225
22.0,16.0,11.0,-0.014448535323252854
22.0,16.0,12.0,-0.007800032469020612
22.0,16.0,13.0,-0.0005816770670380941
22.0,16.0,14.0,-0.007132316166833214
22.0,16.0,15.0,-0.04510859929532336
22.0,16.0,16.0,0.0034540933119425743
22.0,16.0,17.0,-0.013337686288653894
22.0,16.0,18.0,0.000852037313438081
22.0,16.0,19.0,0.0015178497610850439
22.0,16.0,20.0,-3.06990672994679e-06
22.0,17.0,0.0,0.05779219810220611
22.0,17.0,1.0,-0.00477552552664183
22.0,17.0,2.0,0.0019398218797290756
22.0,17.0,3.0,-0.00015531399516556743
22.0,17.0,4.0,0.0015226702392140412
22.0,17.0,5.0,0.009290059158484895
22.0,17.0,6.0,-8.895082869677342e-11
22.0,17.0,7.0,-1.604068644330181e-07
22.0,17.0,8.0,0.001427876548464685
22.0,17.0,9.0,0.0008445146731180589
22.0,17.0,10.0,0.013814026139122082
22.0,17.0,11.0,-0.006196263651255474
22.0,17.0,12.0,-0.00431307253761809
22.0,17.0,13.0,-0.0005989968876203986
22.0,17.0,14.0,-0.0032256229198402153
22.0,17.0,15.0,-0.02172013546079117
22.0,17.0,16.0,0.0013802322638956088
22.0,17.0,17.0,-0.0057783422154025765
22.0,17.0,18.0,2.9148085406216495e-05
22.0,17.0,19.0,-0.0001686877469279091
22.0,17.0,20.0,-3.069867515902625e-06
22.0,18.0,0.0,0.039902749448449
22.0,18.0,1.0,-0.0034470831670723387
22.0,18.0,2.0,0.0012807322958756917
22.0,18.0,3.0,-0.00016251783503076173
22.0,18.0,4.0,0.0008188090469755105
22.0,18.0,5.0,0.006457180374673646
22.0,18.0,6.0,-8.895082979072509e-11
22.0,18.0,7.0,-1.604068473904343e-07
22.0,18.0,8.0,0.001033981953363572
22.0,18.0,9.0,0.0004003640591247297
22.0,18.0,10.0,0.009540693242296672
22.0,18.0,11.0,-0.004303895019422965
22.0,18.0,12.0,-0.003242176005711417
22.0,18.0,13.0,-0.0006024416594855168
22.0,18.0,14.0,-0.0023127385192953376
22.0,18.0,15.0,-0.01541365205888312
22.0,18.0,16.0,0.0009209939217322827
22.0,18.0,17.0,-0.003947489799074944
22.0,18.0,18.0,-0.00011046834305672437
22.0,18.0,19.0,-0.0003045675586655916
22.0,18.0,20.0,-3.069852444100974e-06
22.0,19.0,0.0,0.13841567343045352
22.0,19.0,1.0,-0.010605758155890259
22.0,19.0,2.0,0.005361117368568202
22.0,19.0,3.0,-6.0103350859593674e-05
22.0,19.0,4.0,0.00508771562960364
22.0,19.0,5.0,0.022026273030831503
22.0,19.0,6.0,-8.89508187875084e-11
22.0,19.0,7.0,-1.604068932980235e-07
22.0,19.0,8.0,0.0032514336464231075
22.0,19.0,9.0,0.0033975018686131786
22.0,19.0,10.0,0.033269241656414705
22.0,19.0,11.0,-0.014519573084270043
22.0,19.0,12.0,-0.0077173626145733976
22.0,19.0,13.0,-0.0005813577249201939
22.0,19.0,14.0,-0.007201561705851206
22.0,19.0,15.0,-0.04537745995031618
22.0,19.0,16.0,0.0036328073272651196
22.0,19.0,17.0,-0.013437402322447223
22.0,19.0,18.0,0.0008712699080644926
22.0,19.0,19.0,0.0015136076272839194
22.0,19.0,20.0,-3.069907050599769e-06
22.0,20.0,0.0,0.0007374069003562578
22.0,20.0,1.0,-0.0005143376956380577
22.0,20.0,2.0,-0.00014054000306568115
22.0,20.0,3.0,-0.00017153208023148753
22.0,20.0,4.0,-0.0006915687958527483
22.0,20.0,5.0,0.0002443492255280316
22.0,20.0,6.0,-8.895083125982762e-11
22.0,20.0,7.0,-1.604067726835141e-07
22.0,20.0,8.0,0.00016320476701123243
22.0,20.0,9.0,-0.0005085010332768099
22.0,20.0,10.0,0.00017744341838055178
22.0,20.0,11.0,-0.00013742206238925858
22.0,20.0,12.0,-0.0007548763410636927
22.0,20.0,13.0,-0.0006087295148139608
22.0,20.0,14.0,-0.0003038649184589348
22.0,20.0,15.0,-0.001231327620871768
22.0,20.0,16.0,-4.3983168814931695e-05
22.0,20.0,17.0,0.00011572155833766695
22.0,20.0,18.0,-0.0003940228609401186
22.0,20.0,19.0,-0.0005067852291181785
22.0,20.0,20.0,-3.069806934443185e-06
23.0,1.0,0.0,0.010296797010198089
23.0,1.0,1.0,-0.001436903979486405
23.0,1.0,2.0,-4.7346948800325765e-05
23.0,1.0,3.0,0.0027236247033925742
23.0,1.0,4.0,-0.0017894624107841484
23.0,1.0,5.0,-7.295611191075811e-05
23.0,1.0,6.0,-5.559756018826765e-09
23.0,1.0,7.0,-0.004247225085217049
23.0,1.0,8.0,-8.28455647730042e-05
23.0,1.0,9.0,-0.0007768830748753341
23.0,1.0,10.0,0.0016355798739997596
23.0,1.0,11.0,-0.0033797903847871402
23.0,1.0,12.0,-0.0009103608120483164
23.0,1.0,13.0,-0.0038576250092313582
23.0,1.0,14.0,-0.002062689356898545
23.0,1.0,15.0,-0.001427553868292665
23.0,1.0,16.0,0.0007860120517630409
23.0,1.0,17.0,-0.0005400692614583869
23.0,1.0,18.0,0.00011043787989754861
23.0,1.0,19.0,-0.001573511331121047
23.0,1.0,20.0,-0.0004337856059067177
23.0,2.0,0.0,-0.00060589203854855
23.0,2.0,1.0,9.256393403590801e-05
23.0,2.0,2.0,-4.734563083977596e-05
23.0,2.0,3.0,0.0006371261823993057
23.0,2.0,4.0,-0.0018782741409365533
23.0,2.0,5.0,-7.304414179916295e-05
23.0,2.0,6.0,-5.559758294070896e-09
23.0,2.0,7.0,-0.001086401045142335
23.0,2.0,8.0,0.0011484782189077614
23.0,2.0,9.0,0.000574359048619022
23.0,2.0,10.0,-0.0002730641036149395
23.0,2.0,11.0,-0.0003282870623070866
23.0,2.0,12.0,1.938558972541804e-05
23.0,2.0,13.0,-0.0038967303632915207
23.0,2.0,14.0,-0.0020421146789104533
23.0,2.0,15.0,0.0021845083188612655
23.0,2.0,16.0,-0.0010983909937392622
23.0,2.0,17.0,0.0008267818300128904
23.0,2.0,18.0,0.0002466858924626558
23.0,2.0,19.0,0.0001386303153688706
23.0,2.0,20.0,-0.00043381684543496266
23.0,3.0,0.0,0.043552169211974745
23.0,3.0,1.0,-0.006072885110409709
23.0,3.0,2.0,-4.7350094658837123e-05
23.0,3.0,3.0,0.008996892113797034
23.0,3.0,4.0,-0.0018141449915620722
23.0,3.0,5.0,-7.264978638908486e-05
23.0,3.0,6.0,-5.559741645504912e-09
23.0,3.0,7.0,-0.013716672897705673
23.0,3.0,8.0,-0.003967499056264312
23.0,3.0,9.0,-0.0048033467711423306
23.0,3.0,10.0,0.007296620884198246
23.0,3.0,11.0,-0.012502103681476417
23.0,3.0,12.0,-0.00334174396543091
23.0,3.0,13.0,-0.003732113246626826
23.0,3.0,14.0,-0.0022197485795579786
23.0,3.0,15.0,-0.012227612035437367
23.0,3.0,16.0,0.006888221512002635
23.0,3.0,17.0,-0.004791409367709332
23.0,3.0,18.0,-0.0002724521991882417
23.0,3.0,19.0,-0.006629773303944653
23.0,3.0,20.0,-0.000433721772401669
23.0,4.0,0.0,0.15520558648219684
23.0,4.0,1.0,-0.021425027556792035
23.0,4.0,2.0,-4.735573233192831e-05
23.0,4.0,3.0,0.03229675780040686
23.0,4.0,4.0,0.002477230178357326
23.0,4.0,5.0,-7.065537537110465e-05
23.0,4.0,6.0,-5.5590917261653984e-09
23.0,4.0,7.0,-0.042373837654034394
23.0,4.0,8.0,-0.014648685184308424
23.0,4.0,9.0,-0.016007097472930304
23.0,4.0,10.0,0.028048853328095813
23.0,4.0,11.0,-0.04105472222860629
23.0,4.0,12.0,-0.010749016683565371
23.0,4.0,13.0,-0.0033307179939691452
23.0,4.0,14.0,-0.0032705313248516388
23.0,4.0,15.0,-0.03919188451423248
23.0,4.0,16.0,0.024406081880343433
23.0,4.0,17.0,-0.020796926332304372
23.0,4.0,18.0,-0.0006839780419976987
23.0,4.0,19.0,-0.01976281818578196
23.0,4.0,20.0,-0.0004339006908558274
23.0,5.0,0.0,-0.000605481393170737
23.0,5.0,1.0,9.240891152994396e-05
23.0,5.0,2.0,-4.7345631531950244e-05
23.0,5.0,3.0,0.0006371814097073658
23.0,5.0,4.0,-0.0018785696304189914
23.0,5.0,5.0,-7.304412404723635e-05
23.0,5.0,6.0,-5.559758293543783e-09
23.0,5.0,7.0,-0.0010866112695595148
23.0,5.0,8.0,0.001148231639252012
23.0,5.0,9.0,0.0005742147635571238
23.0,5.0,10.0,-0.0002730619574727866
23.0,5.0,11.0,-0.00032855101892798055
23.0,5.0,12.0,1.9471012427163537e-05
23.0,5.0,13.0,-0.0038967194772276145
23.0,5.0,14.0,-0.002042093583741536
23.0,5.0,15.0,0.002184185089293668
23.0,5.0,16.0,-0.001098115303156122
23.0,5.0,17.0,0.000826871286373182
23.0,5.0,18.0,0.0002466234129317735
23.0,5.0,19.0,0.00013861856343933
23.0,5.0,20.0,-0.0004338168213270616
23.0,6.0,0.0,-0.0006057932155933421
23.0,6.0,1.0,9.260111657906356e-05
23.0,6.0,2.0,-4.734562990655709e-05
23.0,6.0,3.0,0.0006371428320096906
23.0,6.0,4.0,-0.0018777179333210325
23.0,6.0,5.0,-7.304414594871419e-05
23.0,6.0,6.0,-5.5597582944379736e-09
23.0,6.0,7.0,-0.001086418748068252
23.0,6.0,8.0,0.0011489086290014106
23.0,6.0,9.0,0.0005743809462271376
23.0,6.0,10.0,-0.0002728850752763412
23.0,6.0,11.0,-0.000328084109214144
23.0,6.0,12.0,1.8922108624086498e-05
23.0,6.0,13.0,-0.0038967355088617957
23.0,6.0,14.0,-0.0020420603946906535
23.0,6.0,15.0,0.0021845663124153494
23.0,6.0,16.0,-0.0010986983101068382
23.0,6.0,17.0,0.0008265066926167186
23.0,6.0,18.0,0.00024671294999076276
23.0,6.0,19.0,0.00013821510919920232
23.0,6.0,20.0,-0.00043381687525206696
23.0,7.0,0.0,0.024289191763156692
23.0,7.0,1.0,-0.003394538896779875
23.0,7.0,2.0,-4.734839208277173e-05
23.0,7.0,3.0,0.00536336055782316
23.0,7.0,4.0,-0.0016836363850408764
23.0,7.0,5.0,-7.283236513950726e-05
23.0,7.0,6.0,-5.559751177693128e-09
23.0,7.0,7.0,-0.008279281017336618
23.0,7.0,8.0,-0.0016349901157980407
23.0,7.0,9.0,-0.002515649114817692
23.0,7.0,10.0,0.004116031350733573
23.0,7.0,11.0,-0.007176453554674833
23.0,7.0,12.0,-0.0020527050059195306
23.0,7.0,13.0,-0.003804407141447071
23.0,7.0,14.0,-0.0020898712970043587
23.0,7.0,15.0,-0.006031971771580394
23.0,7.0,16.0,0.0032787811100957187
23.0,7.0,17.0,-0.0023840716662165695
23.0,7.0,18.0,-6.157479501013585e-05
23.0,7.0,19.0,-0.00387714129956207
23.0,7.0,20.0,-0.0004337544372317318
23.0,8.0,0.0,0.05278481450843475
23.0,8.0,1.0,-0.007332147576924138
23.0,8.0,2.0,-4.735084573122499e-05
23.0,8.0,3.0,0.010767730014557025
23.0,8.0,4.0,-0.0012881619733244865
23.0,8.0,5.0,-7.254966490029613e-05
23.0,8.0,6.0,-5.559734028249583e-09
23.0,8.0,7.0,-0.016333667565787358
23.0,8.0,8.0,-0.004694467925075857
23.0,8.0,9.0,-0.005927174777054289
23.0,8.0,10.0,0.009091342302902095
23.0,8.0,11.0,-0.014842546985536054
23.0,8.0,12.0,-0.00438173694717281
23.0,8.0,13.0,-0.0036940492602433542
23.0,8.0,14.0,-0.0021937488012353096
23.0,8.0,15.0,-0.015128459920129081
23.0,8.0,16.0,0.008202459732015666
23.0,8.0,17.0,-0.006142739702233835
23.0,8.0,18.0,-0.0003590106668295845
23.0,8.0,19.0,-0.008356790847651396
23.0,8.0,20.0,-0.0004337140934701002
23.0,9.0,0.0,0.042498274074444675
23.0,9.0,1.0,-0.005931070314466359
23.0,9.0,2.0,-4.735006209816218e-05
23.0,9.0,3.0,0.008801272203962235
23.0,9.0,4.0,-0.001763859678670876
23.0,9.0,5.0,-7.265693057407344e-05
23.0,9.0,6.0,-5.55974202433519e-09
23.0,9.0,7.0,-0.013453184444348495
23.0,9.0,8.0,-0.003811835513847367
23.0,9.0,9.0,-0.004723904441660709
23.0,9.0,10.0,0.007256578382759726
23.0,9.0,11.0,-0.012148047417426755
23.0,9.0,12.0,-0.0032878792646936494
23.0,9.0,13.0,-0.0037340613261839122
23.0,9.0,14.0,-0.0021841167652357774
23.0,9.0,15.0,-0.011920826978801466
23.0,9.0,16.0,0.006677112518631678
23.0,9.0,17.0,-0.004738939802423681
23.0,9.0,18.0,-0.0002666611443600808
23.0,9.0,19.0,-0.006640165029097589
23.0,9.0,20.0,-0.00043372160550284294
23.0,10.0,0.0,0.11533873070611883
23.0,10.0,1.0,-0.015948665766398286
23.0,10.0,2.0,-4.735459983086914e-05
23.0,10.0,3.0,0.023379474586820825
23.0,10.0,4.0,0.0005197604921949317
23.0,10.0,5.0,-7.163493344547476e-05
23.0,10.0,6.0,-5.559568177341181e-09
23.0,10.0,7.0,-0.03310654182950849
23.0,10.0,8.0,-0.01101089770567118
23.0,10.0,9.0,-0.012737837683866937
23.0,10.0,10.0,0.020635031643047475
23.0,10.0,11.0,-0.03118816954315573
23.0,10.0,12.0,-0.00890098010834367
23.0,10.0,13.0,-0.0034507348133467194
23.0,10.0,14.0,-0.0026318876145799974
23.0,10.0,15.0,-0.032438096808926065
23.0,10.0,16.0,0.018431423509839673
23.0,10.0,17.0,-0.01496360281393802
23.0,10.0,18.0,-0.0007374573749720087
23.0,10.0,19.0,-0.016895661895592107
23.0,10.0,20.0,-0.00043375405538624004
23.0,11.0,0.0,0.06808138564396427
23.0,11.0,1.0,-0.009466513916733504
23.0,11.0,2.0,-4.735206962680942e-05
23.0,11.0,3.0,0.013754044706111024
23.0,11.0,4.0,-0.000978224605265865
23.0,11.0,5.0,-7.236285242038194e-05
23.0,11.0,6.0,-5.55971501217578e-09
23.0,11.0,7.0,-0.020671481862392538
23.0,11.0,8.0,-0.006302794645513088
23.0,11.0,9.0,-0.007777063104553256
23.0,11.0,10.0,0.01202679797261652
23.0,11.0,11.0,-0.018886162707067444
23.0,11.0,12.0,-0.005607399363190491
23.0,11.0,13.0,-0.003628809690043554
23.0,11.0,14.0,-0.0022276856685611163
23.0,11.0,15.0,-0.01992072750688997
23.0,11.0,16.0,0.010831622857528034
23.0,11.0,17.0,-0.008347089625547033
23.0,11.0,18.0,-0.0005071003619054049
23.0,11.0,19.0,-0.010900063185339426
23.0,11.0,20.0,-0.0004337020245919623
23.0,12.0,0.0,0.07401543535317878
23.0,12.0,1.0,-0.01029747378135483
23.0,12.0,2.0,-4.7352465005623074e-05
23.0,12.0,3.0,0.01494912559399214
23.0,12.0,4.0,-0.0008057478244133387
23.0,12.0,5.0,-7.228619212065548e-05
23.0,12.0,6.0,-5.559705817378492e-09
23.0,12.0,7.0,-0.02233145627861513
23.0,12.0,8.0,-0.0069072742435638546
23.0,12.0,9.0,-0.008459064051381582
23.0,12.0,10.0,0.013117947225543491
23.0,12.0,11.0,-0.02050751383428262
23.0,12.0,12.0,-0.0061214836009447215
23.0,12.0,13.0,-0.003605080096140382
23.0,12.0,14.0,-0.0022528785066236873
23.0,12.0,15.0,-0.021718644962404457
23.0,12.0,16.0,0.011783022255849096
23.0,12.0,17.0,-0.009159742479619204
23.0,12.0,18.0,-0.0005541515877132142
23.0,12.0,19.0,-0.011771675361843426
23.0,12.0,20.0,-0.0004337022925820449
23.0,13.0,0.0,-0.0004609707983931899
23.0,13.0,1.0,6.0526983877796925e-05
23.0,13.0,2.0,-4.734574389522585e-05
23.0,13.0,3.0,0.0006549942264844899
23.0,13.0,4.0,-0.0019344868095476642
23.0,13.0,5.0,-7.304151618934301e-05
23.0,13.0,6.0,-5.5597583756802396e-09
23.0,13.0,7.0,-0.0011362419535906748
23.0,13.0,8.0,0.0010941811737975315
23.0,13.0,9.0,0.0005432737714112235
23.0,13.0,10.0,-0.0002592199411191043
23.0,13.0,11.0,-0.0003772183281282593
23.0,13.0,12.0,4.600911672530961e-05
23.0,13.0,13.0,-0.003895171158494456
23.0,13.0,14.0,-0.002043633252288568
23.0,13.0,15.0,0.0021156312417163967
23.0,13.0,16.0,-0.0010264534412354198
23.0,13.0,17.0,0.0008210554813911086
23.0,13.0,18.0,0.00023806818537633334
23.0,13.0,19.0,0.00012046994917924714
23.0,13.0,20.0,-0.0004338130537281006
23.0,14.0,0.0,0.021149056782976572
23.0,14.0,1.0,-0.0029498205080678366
23.0,14.0,2.0,-4.734804517158266e-05
23.0,14.0,3.0,0.0047688489204986695
23.0,14.0,4.0,-0.0016919168666725826
23.0,14.0,5.0,-7.286282110527733e-05
23.0,14.0,6.0,-5.559752438931838e-09
23.0,14.0,7.0,-0.007364211015854272
23.0,14.0,8.0,-0.001275694611480055
23.0,14.0,9.0,-0.0021156192307512645
23.0,14.0,10.0,0.0035403789836749855
23.0,14.0,11.0,-0.006323433250729704
23.0,14.0,12.0,-0.0018059430165123236
23.0,14.0,13.0,-0.003817562753738078
23.0,14.0,14.0,-0.0020879975728161915
23.0,14.0,15.0,-0.004985350732886147
23.0,14.0,16.0,0.0027028109409514833
23.0,14.0,17.0,-0.0019607692550927813
23.0,14.0,18.0,-1.9187616936394702e-05
23.0,14.0,19.0,-0.003343302243433044
23.0,14.0,20.0,-0.0004337623026552811
23.0,15.0,0.0,0.00877079499139266
23.0,15.0,1.0,-0.0012227858588552895
23.0,15.0,2.0,-4.734678323727643e-05
23.0,15.0,3.0,0.002433486085743508
23.0,15.0,4.0,-0.0018105796507431604
23.0,15.0,5.0,-7.29690467366265e-05
23.0,15.0,6.0,-5.55975643049839e-09
23.0,15.0,7.0,-0.0038056654604863016
23.0,15.0,8.0,7.935486106175338e-05
23.0,15.0,9.0,-0.0005882568331128657
23.0,15.0,10.0,0.0013689155746307025
23.0,15.0,11.0,-0.0029579852693538133
23.0,15.0,12.0,-0.0007713573634687831
23.0,15.0,13.0,-0.003863309873887392
23.0,15.0,14.0,-0.0020614822066424704
23.0,15.0,15.0,-0.0009229751099996616
23.0,15.0,16.0,0.0005263338306800702
23.0,15.0,17.0,-0.0003453311370787693
23.0,15.0,18.0,0.00012981229743316836
23.0,15.0,19.0,-0.0013261185603765657
23.0,15.0,20.0,-0.0004337894006806107
23.0,16.0,0.0,0.08560576924478724
23.0,16.0,1.0,-0.01185445420800662
23.0,16.0,2.0,-4.73530910253416e-05
23.0,16.0,3.0,0.01727910225796031
23.0,16.0,4.0,-0.0003980841024091575
23.0,16.0,5.0,-7.213727685881223e-05
23.0,16.0,6.0,-5.559684395651145e-09
23.0,16.0,7.0,-0.0254101330291248
23.0,16.0,8.0,-0.008037286186889175
23.0,16.0,9.0,-0.009685425234175093
23.0,16.0,10.0,0.015159434352996715
23.0,16.0,11.0,-0.02356796061143862
23.0,16.0,12.0,-0.007029181040644206
23.0,16.0,13.0,-0.0035640400381881914
23.0,16.0,14.0,-0.0023480549282020313
23.0,16.0,15.0,-0.02492644535055876
23.0,16.0,16.0,0.01356683745224141
23.0,16.0,17.0,-0.010717315366827018
23.0,16.0,18.0,-0.000609561001649786
23.0,16.0,19.0,-0.013267530521238746
23.0,16.0,20.0,-0.0004337109466791019
23.0,17.0,0.0,0.05056357887458979
23.0,17.0,1.0,-0.007039920316839199
23.0,17.0,2.0,-4.73506704809629e-05
23.0,17.0,3.0,0.010405989772515362
23.0,17.0,4.0,-0.001498074432885188
23.0,17.0,5.0,-7.257383241473801e-05
23.0,17.0,6.0,-5.55973597570662e-09
23.0,17.0,7.0,-0.015747767166223045
23.0,17.0,8.0,-0.00460914326725384
23.0,17.0,9.0,-0.005665257092571069
23.0,17.0,10.0,0.0087222118328103
23.0,17.0,11.0,-0.014377042409426721
23.0,17.0,12.0,-0.0040728865580406115
23.0,17.0,13.0,-0.003703139815293633
23.0,17.0,14.0,-0.0022063439513550914
23.0,17.0,15.0,-0.014467860746020324
23.0,17.0,16.0,0.007939957254668062
23.0,17.0,17.0,-0.0058255435692319835
23.0,17.0,18.0,-0.0003379886589588571
23.0,17.0,19.0,-0.007879881883486428
23.0,17.0,20.0,-0.0004337143984032119
23.0,18.0,0.0,0.013904530548308813
23.0,18.0,1.0,-0.0019402087028575002
23.0,18.0,2.0,-4.734731636640302e-05
23.0,18.0,3.0,0.0034072896528309637
23.0,18.0,4.0,-0.0017472475984837699
23.0,18.0,5.0,-7.292610527927529e-05
23.0,18.0,6.0,-5.559754977084659e-09
23.0,18.0,7.0,-0.005286991625617729
23.0,18.0,8.0,-0.0004734993075852234
23.0,18.0,9.0,-0.001222530872044325
23.0,18.0,10.0,0.0022738572423388614
23.0,18.0,11.0,-0.004362843209776868
23.0,18.0,12.0,-0.001219551982031386
23.0,18.0,13.0,-0.003844673579602565
23.0,18.0,14.0,-0.0020692469907299393
23.0,18.0,15.0,-0.002612932951715316
23.0,18.0,16.0,0.0014130971189378339
23.0,18.0,17.0,-0.0010133039590869974
23.0,18.0,18.0,6.745480466752163e-05
23.0,18.0,19.0,-0.0021656091559176804
23.0,18.0,20.0,-0.00043377777134753125
23.0,19.0,0.0,0.13491668177084198
23.0,19.0,1.0,-0.018693339868802665
23.0,19.0,2.0,-4.735533116415139e-05
23.0,19.0,3.0,0.027675449954757042
23.0,19.0,4.0,0.0013893913938565206
23.0,19.0,5.0,-7.118256847613121e-05
23.0,19.0,6.0,-5.5593923972812225e-09
23.0,19.0,7.0,-0.03788544105814451
23.0,19.0,8.0,-0.012850405258597875
23.0,19.0,9.0,-0.01450128199305048
23.0,19.0,10.0,0.024243400168187712
23.0,19.0,11.0,-0.03620476318848148
23.0,19.0,12.0,-0.010031707005640877
23.0,19.0,13.0,-0.003379638722786462
23.0,19.0,14.0,-0.002879489407566105
23.0,19.0,15.0,-0.036396424948669126
23.0,19.0,16.0,0.021384995293113884
23.0,19.0,17.0,-0.017744624488900324
23.0,19.0,18.0,-0.0007663166294734486
23.0,19.0,19.0,-0.018601021861844202
23.0,19.0,20.0,-0.00043381124772193887
23.0,20.0,0.0,-0.0006053954530057526
23.0,20.0,1.0,9.179754971761628e-05
23.0,20.0,2.0,-4.73456393070508e-05
23.0,20.0,3.0,0.0006372135291237979
23.0,20.0,4.0,-0.0018826274249030828
23.0,20.0,5.0,-7.304404320529537e-05
23.0,20.0,6.0,-5.559758293492415e-09
23.0,20.0,7.0,-0.001087015033723826
23.0,20.0,8.0,0.0011450450148428881
23.0,20.0,9.0,0.0005737346289408918
23.0,20.0,10.0,-0.0002742144184224582
23.0,20.0,11.0,-0.00033057269438169223
23.0,20.0,12.0,2.2319950799598587e-05
23.0,20.0,13.0,-0.003896654795228085
23.0,20.0,14.0,-0.002042320031554412
23.0,20.0,15.0,0.0021830226797291546
23.0,20.0,16.0,-0.0010957721611535298
23.0,20.0,17.0,0.0008289464188180606
23.0,20.0,18.0,0.00024626762639169686
23.0,20.0,19.0,0.00014125466428549505
23.0,20.0,20.0,-0.0004338165603018376
24.0,1.0,0.0,0.008534625216671088
24.0,1.0,1.0,-0.004334423249922559
24.0,1.0,2.0,-3.746331892306445e-05
24.0,1.0,3.0,-0.00037364047807737083
24.0,1.0,4.0,0.009196724091621311
24.0,1.0,5.0,-3.529184260902923e-05
24.0,1.0,6.0,-1.3919142684668778e-07
24.0,1.0,7.0,3.1615574051568895e-05
24.0,1.0,8.0,0.0007042775034924731
24.0,1.0,9.0,-0.0011934595697071226
24.0,1.0,10.0,0.002029479727134298
24.0,1.0,11.0,0.0019622235834129698
24.0,1.0,12.0,-0.002804336865330992
24.0,1.0,13.0,-1.547350897412193e-06
24.0,1.0,14.0,-0.003023064470045928
24.0,1.0,15.0,-0.003198283870045268
24.0,1.0,16.0,-0.00026746127630444816
24.0,1.0,17.0,-0.006018391490763456
24.0,1.0,18.0,0.0011863823105064397
24.0,1.0,19.0,0.007186533318598531
24.0,1.0,20.0,-5.800731201244789e-08
24.0,2.0,0.0,0.0008839109790869659
24.0,2.0,1.0,-0.003056075855051736
24.0,2.0,2.0,-3.746327584530134e-05
24.0,2.0,3.0,-0.0016197683487372133
24.0,2.0,4.0,0.00889608606243908
24.0,2.0,5.0,-3.532503480730903e-05
24.0,2.0,6.0,-1.2320792209223184e-07
24.0,2.0,7.0,0.0006865465453519681
24.0,2.0,8.0,0.00025965590566517927
24.0,2.0,9.0,-0.0009032622254133149
24.0,2.0,10.0,0.0006418247010041012
24.0,2.0,11.0,0.003890268168398159
24.0,2.0,12.0,-0.003070546522101536
24.0,2.0,13.0,-1.5443640790861096e-06
24.0,2.0,14.0,-0.0023792397701494425
24.0,2.0,15.0,-0.002942767497909435
24.0,2.0,16.0,0.0004705049298614483
24.0,2.0,17.0,-0.00326187889581709
24.0,2.0,18.0,0.0010120424987544174
24.0,2.0,19.0,0.007072532837032908
24.0,2.0,20.0,-5.800641393834391e-08
24.0,3.0,0.0,0.01368715600486159
24.0,3.0,1.0,-0.005184985205529735
24.0,3.0,2.0,-3.746335344499992e-05
24.0,3.0,3.0,0.00049448146420044
24.0,3.0,4.0,0.009380355735890356
24.0,3.0,5.0,-3.526486216136736e-05
24.0,3.0,6.0,-1.4032658793101782e-07
24.0,3.0,7.0,-0.00045981444211098954
24.0,3.0,8.0,0.0010100521327640888
24.0,3.0,9.0,-0.0013030449742978956
24.0,3.0,10.0,0.0029983981526902626
24.0,3.0,11.0,0.0005254742539121948
24.0,3.0,12.0,-0.0026211273645658784
24.0,3.0,13.0,-1.5475583846834277e-06
24.0,3.0,14.0,-0.003454809347797738
24.0,3.0,15.0,-0.0033918215500685217
24.0,3.0,16.0,-0.000779259242656205
24.0,3.0,17.0,-0.007907753347736336
24.0,3.0,18.0,0.0012901727594227252
24.0,3.0,19.0,0.007257710008211626
24.0,3.0,20.0,-5.80074528063412e-08
24.0,4.0,0.0,0.21862462524918674
24.0,4.0,1.0,-0.026793521139436408
24.0,4.0,2.0,-3.746376300801269e-05
24.0,4.0,3.0,0.033281197424233806
24.0,4.0,4.0,0.012250925503878629
24.0,4.0,5.0,9.443492843178447e-05
24.0,4.0,6.0,-1.4189358403914747e-07
24.0,4.0,7.0,-0.01999728041358223
24.0,4.0,8.0,0.010562817703261729
24.0,4.0,9.0,-0.0012031368850828894
24.0,4.0,10.0,0.03577694884081262
24.0,4.0,11.0,-0.05350238952819367
24.0,4.0,12.0,0.007846964159765324
24.0,4.0,13.0,-1.5483634719918716e-06
24.0,4.0,14.0,-0.017371643374428345
24.0,4.0,15.0,-0.00754182549068598
24.0,4.0,16.0,-0.01731986933503543
24.0,4.0,17.0,-0.04772249718701793
24.0,4.0,18.0,0.0033176047103032624
24.0,4.0,19.0,0.008203853314006526
24.0,4.0,20.0,-5.800826262429608e-08
24.0,5.0,0.0,0.0008838072064330516
24.0,5.0,1.0,-0.003056130703512447
24.0,5.0,2.0,-3.746327580554027e-05
24.0,5.0,3.0,-0.0016197364951834464
24.0,5.0,4.0,0.00889610742438729
24.0,5.0,5.0,-3.532503281766231e-05
24.0,5.0,6.0,-1.231600492894903e-07
24.0,5.0,7.0,0.0006865744592964018
24.0,5.0,8.0,0.00025967178571542626
24.0,5.0,9.0,-0.0009030766935493317
24.0,5.0,10.0,0.000641742822030722
24.0,5.0,11.0,0.0038901484491852822
24.0,5.0,12.0,-0.0030705788144136104
24.0,5.0,13.0,-1.5443465629489027e-06
24.0,5.0,14.0,-0.002379269416741523
24.0,5.0,15.0,-0.0029428078878012687
24.0,5.0,16.0,0.000470548102706414
24.0,5.0,17.0,-0.0032619574831261877
24.0,5.0,18.0,0.0010120114183342632
24.0,5.0,19.0,0.007072549261036842
24.0,5.0,20.0,-5.800640238073862e-08
24.0,6.0,0.0,0.0008829980767549039
24.0,6.0,1.0,-0.0030560180502565287
24.0,6.0,2.0,-3.74632755668264e-05
24.0,6.0,3.0,-0.0016197388184562844
24.0,6.0,4.0,0.008896042137060634
24.0,6.0,5.0,-3.5325037845674136e-05
24.0,6.0,6.0,-1.229460128850559e-07
24.0,6.0,7.0,0.0006865164807152158
24.0,6.0,8.0,0.0002596785171544158
24.0,6.0,9.0,-0.0009022113047617575
24.0,6.0,10.0,0.0006415032994857572
24.0,6.0,11.0,0.0038895739371811455
24.0,6.0,12.0,-0.0030706592555900802
24.0,6.0,13.0,-1.5442672477491257e-06
24.0,6.0,14.0,-0.002379225331270173
24.0,6.0,15.0,-0.00294293173336678
24.0,6.0,16.0,0.00047070489496991996
24.0,6.0,17.0,-0.0032619027458239483
24.0,6.0,18.0,0.0010118682341069551
24.0,6.0,19.0,0.007072542935582904
24.0,6.0,20.0,-5.800634982685609e-08
24.0,7.0,0.0,0.04033702294637609
24.0,7.0,1.0,-0.009316034459756161
24.0,7.0,2.0,-3.7463518038902164e-05
24.0,7.0,3.0,0.004732435135462239
24.0,7.0,4.0,0.010209446450559323
24.0,7.0,5.0,-3.501558484400991e-05
24.0,7.0,6.0,-1.417678545047814e-07
24.0,7.0,7.0,-0.002487600095228998
24.0,7.0,8.0,0.00256639675871001
24.0,7.0,9.0,-0.0012750437217718957
24.0,7.0,10.0,0.006795021373698584
24.0,7.0,11.0,-0.006205201565917473
24.0,7.0,12.0,-0.001634570982524619
24.0,7.0,13.0,-1.5481991689070488e-06
24.0,7.0,14.0,-0.005616393649334962
24.0,7.0,15.0,-0.004172741562616447
24.0,7.0,16.0,-0.0027896768415438533
24.0,7.0,17.0,-0.01711638282848736
24.0,7.0,18.0,0.0017424896857216599
24.0,7.0,19.0,0.007599600417936836
24.0,7.0,20.0,-5.800806084190726e-08
24.0,8.0,0.0,0.03054647780484293
24.0,8.0,1.0,-0.007833706691717367
24.0,8.0,2.0,-3.74634641809759e-05
24.0,8.0,3.0,0.003182352774937919
24.0,8.0,4.0,0.009923769140943506
24.0,8.0,5.0,-3.5134787018561506e-05
24.0,8.0,6.0,-1.418090788589286e-07
24.0,8.0,7.0,-0.0017153020841904898
24.0,8.0,8.0,0.0020058868456409307
24.0,8.0,9.0,-0.0011544340624807803
24.0,8.0,10.0,0.005317067765460426
24.0,8.0,11.0,-0.0037731818706233655
24.0,8.0,12.0,-0.0020139010379066347
24.0,8.0,13.0,-1.5482839430721748e-06
24.0,8.0,14.0,-0.004835601116802785
24.0,8.0,15.0,-0.0039019163364407555
24.0,8.0,16.0,-0.001998993241362934
24.0,8.0,17.0,-0.013798947349264581
24.0,8.0,18.0,0.0015576495516832212
24.0,8.0,19.0,0.007483330369936203
24.0,8.0,20.0,-5.800818125479969e-08
24.0,9.0,0.0,0.06263810269782366
24.0,9.0,1.0,-0.012607991113448083
24.0,9.0,2.0,-3.746360877625192e-05
24.0,9.0,3.0,0.008351675139613414
24.0,9.0,4.0,0.010786542765592655
24.0,9.0,5.0,-3.451853987627097e-05
24.0,9.0,6.0,-1.418832642925379e-07
24.0,9.0,7.0,-0.004352852026109549
24.0,9.0,8.0,0.0038447484372728657
24.0,9.0,9.0,-0.0013523244660543776
24.0,9.0,10.0,0.010259478087911278
24.0,9.0,11.0,-0.012038154325195227
24.0,9.0,12.0,-0.0007395875794084239
24.0,9.0,13.0,-1.5483318487610244e-06
24.0,9.0,14.0,-0.007395374481842933
24.0,9.0,15.0,-0.004822038659418285
24.0,9.0,16.0,-0.004629025965217914
24.0,9.0,17.0,-0.02453256710691527
24.0,9.0,18.0,0.002132233245697307
24.0,9.0,19.0,0.007843966202626285
24.0,9.0,20.0,-5.8008195404232443e-08
24.0,10.0,0.0,0.10794721245422295
24.0,10.0,1.0,-0.018272946589329642
24.0,10.0,2.0,-3.7463759960725064e-05
24.0,10.0,3.0,0.015694491365762626
24.0,10.0,4.0,0.01158925939498423
24.0,10.0,5.0,-3.1206217785540665e-05
24.0,10.0,6.0,-1.418935805535554e-07
24.0,10.0,7.0,-0.008522042860627077
24.0,10.0,8.0,0.0062316948744512435
24.0,10.0,9.0,-0.0014726445675878885
24.0,10.0,10.0,0.017552054446367038
24.0,10.0,11.0,-0.02408518315965036
24.0,10.0,12.0,0.001373077475768425
24.0,10.0,13.0,-1.5483678469171136e-06
24.0,10.0,14.0,-0.010737030874350094
24.0,10.0,15.0,-0.005947916707868747
24.0,10.0,16.0,-0.008425850760063802
24.0,10.0,17.0,-0.037000188260914814
24.0,10.0,18.0,0.0028182178435405547
24.0,10.0,19.0,0.008172066289290236
24.0,10.0,20.0,-5.800827848329818e-08
24.0,11.0,0.0,0.06411575896198679
24.0,11.0,1.0,-0.012787766660323899
24.0,11.0,2.0,-3.746362182268546e-05
24.0,11.0,3.0,0.008573363207443487
24.0,11.0,4.0,0.010821161922406675
24.0,11.0,5.0,-3.4472106479792646e-05
24.0,11.0,6.0,-1.4181518045950483e-07
24.0,11.0,7.0,-0.004565241845263551
24.0,11.0,8.0,0.003899981382301937
24.0,11.0,9.0,-0.0017248666751858432
24.0,11.0,10.0,0.01078183993917925
24.0,11.0,11.0,-0.01232957313275862
24.0,11.0,12.0,-0.0006599319951735572
24.0,11.0,13.0,-1.5481347331254318e-06
24.0,11.0,14.0,-0.007487322096059356
24.0,11.0,15.0,-0.00484564760373353
24.0,11.0,16.0,-0.004892750613804009
24.0,11.0,17.0,-0.024938761156112682
24.0,11.0,18.0,0.0022124463321679666
24.0,11.0,19.0,0.007849938157827974
24.0,11.0,20.0,-5.800797285970298e-08
24.0,12.0,0.0,0.03362462686294443
24.0,12.0,1.0,-0.008354881443055715
24.0,12.0,2.0,-3.7463485000305213e-05
24.0,12.0,3.0,0.003701777640110669
24.0,12.0,4.0,0.010030871185116363
24.0,12.0,5.0,-3.5096514775692875e-05
24.0,12.0,6.0,-1.4181878851957137e-07
24.0,12.0,7.0,-0.0019641328072662056
24.0,12.0,8.0,0.0021928791567182027
24.0,12.0,9.0,-0.0012089620481715024
24.0,12.0,10.0,0.0058323626249123794
24.0,12.0,11.0,-0.004581398229528411
24.0,12.0,12.0,-0.0019029730233215414
24.0,12.0,13.0,-1.5482892408116505e-06
24.0,12.0,14.0,-0.00510566987655342
24.0,12.0,15.0,-0.004005645139810235
24.0,12.0,16.0,-0.0022747168547562757
24.0,12.0,17.0,-0.014928438872883636
24.0,12.0,18.0,0.0016199385795566679
24.0,12.0,19.0,0.007528224547364237
24.0,12.0,20.0,-5.800819383108432e-08
24.0,13.0,0.0,0.0008830559853317821
24.0,13.0,1.0,-0.003056018222288806
24.0,13.0,2.0,-3.7463275603270285e-05
24.0,13.0,3.0,-0.0016197362044171534
24.0,13.0,4.0,0.008896043847700819
24.0,13.0,5.0,-3.5325037926000846e-05
24.0,13.0,6.0,-1.2301507005200654e-07
24.0,13.0,7.0,0.0006864739613678672
24.0,13.0,8.0,0.00025966994308418423
24.0,13.0,9.0,-0.0009024009180788051
24.0,13.0,10.0,0.0006416597708262528
24.0,13.0,11.0,0.0038896237399693723
24.0,13.0,12.0,-0.0030706463319246646
24.0,13.0,13.0,-1.5442895086656064e-06
24.0,13.0,14.0,-0.002379219940199906
24.0,13.0,15.0,-0.0029429243330685306
24.0,13.0,16.0,0.0004706243371113139
24.0,13.0,17.0,-0.003261894958647635
24.0,13.0,18.0,0.0010118987872642093
24.0,13.0,19.0,0.0070725385830165965
24.0,13.0,20.0,-5.8006363803289575e-08
24.0,14.0,0.0,0.007272195669825121
24.0,14.0,1.0,-0.004119648341177333
24.0,14.0,2.0,-3.7463311447751924e-05
24.0,14.0,3.0,-0.0005794488258753505
24.0,14.0,4.0,0.009146921488790039
24.0,14.0,5.0,-3.529821131579876e-05
24.0,14.0,6.0,-1.3825723470304197e-07
24.0,14.0,7.0,0.00011677483484628937
24.0,14.0,8.0,0.0006264601444386231
24.0,14.0,9.0,-0.001223312354533046
24.0,14.0,10.0,0.001870975766103622
24.0,14.0,11.0,0.0022916453842753426
24.0,14.0,12.0,-0.0028436182413079103
24.0,14.0,13.0,-1.5471724882768999e-06
24.0,14.0,14.0,-0.0029124312092827995
24.0,14.0,15.0,-0.003154286269568249
24.0,14.0,16.0,-0.00018396983920959675
24.0,14.0,17.0,-0.0055560580432678225
24.0,14.0,18.0,0.0011699445455024549
24.0,14.0,19.0,0.007165281227311193
24.0,14.0,20.0,-5.8007264959479935e-08
24.0,15.0,0.0,0.024375007950928118
24.0,15.0,1.0,-0.006899568394014323
24.0,15.0,2.0,-3.746343114953593e-05
24.0,15.0,3.0,0.0021954780442642804
24.0,15.0,4.0,0.00974277682237834
24.0,15.0,5.0,-3.518906189635711e-05
24.0,15.0,6.0,-1.4163485207699503e-07
24.0,15.0,7.0,-0.0011946226172497854
24.0,15.0,8.0,0.0016506202837058837
24.0,15.0,9.0,-0.0011371738494058148
24.0,15.0,10.0,0.004350424422967514
24.0,15.0,11.0,-0.0021628016656894955
24.0,15.0,12.0,-0.002247800224941393
24.0,15.0,13.0,-1.5481529299192233e-06
24.0,15.0,14.0,-0.004347079014932198
24.0,15.0,15.0,-0.003712960755615946
24.0,15.0,16.0,-0.0014939905418299704
24.0,15.0,17.0,-0.011680402799749773
24.0,15.0,18.0,0.0014487811672015682
24.0,15.0,19.0,0.0074102350694670305
24.0,15.0,20.0,-5.800802662194203e-08
24.0,16.0,0.0,0.06338605259839702
24.0,16.0,1.0,-0.012624008376469733
24.0,16.0,2.0,-3.7463616044805456e-05
24.0,16.0,3.0,0.008327568684707236
24.0,16.0,4.0,0.010792240285906196
24.0,16.0,5.0,-3.451391077287986e-05
24.0,16.0,6.0,-1.4180384114961966e-07
24.0,16.0,7.0,-0.004299817395476524
24.0,16.0,8.0,0.003845711694010878
24.0,16.0,9.0,-0.0017663930327741495
24.0,16.0,10.0,0.010315214609786516
24.0,16.0,11.0,-0.011745928699685493
24.0,16.0,12.0,-0.000682732478061554
24.0,16.0,13.0,-1.5481192271820191e-06
24.0,16.0,14.0,-0.007401044083893464
24.0,16.0,15.0,-0.004728425769888384
24.0,16.0,16.0,-0.004689936992748223
24.0,16.0,17.0,-0.024542531256565952
24.0,16.0,18.0,0.0022043937736239416
24.0,16.0,19.0,0.007835977414387463
24.0,16.0,20.0,-5.8007928784398265e-08
24.0,17.0,0.0,0.009984422928643877
24.0,17.0,1.0,-0.004579251262918506
24.0,17.0,2.0,-3.746332886037397e-05
24.0,17.0,3.0,-0.00013508781864641356
24.0,17.0,4.0,0.009253120071975096
24.0,17.0,5.0,-3.528415990914467e-05
24.0,17.0,6.0,-1.3984029232528219e-07
24.0,17.0,7.0,-7.710513640837857e-05
24.0,17.0,8.0,0.000792678566977234
24.0,17.0,9.0,-0.001171813631529628
24.0,17.0,10.0,0.0022332447299581726
24.0,17.0,11.0,0.0015750404633888548
24.0,17.0,12.0,-0.0027580419999521377
24.0,17.0,13.0,-1.5475039239771488e-06
24.0,17.0,14.0,-0.003148911750257919
24.0,17.0,15.0,-0.0032505667225489476
24.0,17.0,16.0,-0.00037386535881223093
24.0,17.0,17.0,-0.006549983677619491
24.0,17.0,18.0,0.0012074146925670493
24.0,17.0,19.0,0.007210329204120236
24.0,17.0,20.0,-5.8007404639924664e-08
24.0,18.0,0.0,0.048650445191390224
24.0,18.0,1.0,-0.010620668322206595
24.0,18.0,2.0,-3.746356125667988e-05
24.0,18.0,3.0,0.006183203881667397
24.0,18.0,4.0,0.010448520489661606
24.0,18.0,5.0,-3.486748883262552e-05
24.0,18.0,6.0,-1.4184320778620128e-07
24.0,18.0,7.0,-0.0033901264410506615
24.0,18.0,8.0,0.003046239640297238
24.0,18.0,9.0,-0.0015226471643874917
24.0,18.0,10.0,0.008584352264988604
24.0,18.0,11.0,-0.008644752917628618
24.0,18.0,12.0,-0.0013071596290826493
24.0,18.0,13.0,-1.5482762872964005e-06
24.0,18.0,14.0,-0.006301684826035051
24.0,18.0,15.0,-0.004493237166070474
24.0,18.0,16.0,-0.0037079715995735896
24.0,18.0,17.0,-0.020067336749717734
24.0,18.0,18.0,0.0019254878223526062
24.0,18.0,19.0,0.00769557391043485
24.0,18.0,20.0,-5.800818278180783e-08
24.0,19.0,0.0,0.21475086623199152
24.0,19.0,1.0,-0.0265921291900751
24.0,19.0,2.0,-3.7463769251111923e-05
24.0,19.0,3.0,0.03268075458380829
24.0,19.0,4.0,0.012246826843423708
24.0,19.0,5.0,8.145397144112396e-05
24.0,19.0,6.0,-1.4189358213631903e-07
24.0,19.0,7.0,-0.01957726214345165
24.0,19.0,8.0,0.010436753780751623
24.0,19.0,9.0,-0.0012489833460991862
24.0,19.0,10.0,0.03515856122166161
24.0,19.0,11.0,-0.05247478595297672
24.0,19.0,12.0,0.0075992856005918374
24.0,19.0,13.0,-1.5483631972469271e-06
24.0,19.0,14.0,-0.01717833046237309
24.0,19.0,15.0,-0.0075065096666873665
24.0,19.0,16.0,-0.017028756596875194
24.0,19.0,17.0,-0.04765318811130759
24.0,19.0,18.0,0.0033208240432742175
24.0,19.0,19.0,0.00821514621906183
24.0,19.0,20.0,-5.800826217606643e-08
24.0,20.0,0.0,0.0008830665297619444
24.0,20.0,1.0,-0.0030560187176445694
24.0,20.0,2.0,-3.746327556595595e-05
24.0,20.0,3.0,-0.0016197457999317308
24.0,20.0,4.0,0.008896041759499207
24.0,20.0,5.0,-3.53250378476617e-05
24.0,20.0,6.0,-1.2293003779498262e-07
24.0,20.0,7.0,0.000686549251713825
24.0,20.0,8.0,0.00025968200368822747
24.0,20.0,9.0,-0.0009021867833212682
24.0,20.0,10.0,0.0006414265784031037
24.0,20.0,11.0,0.003889614161313837
24.0,20.0,12.0,-0.0030706543553784826
24.0,20.0,13.0,-1.5442631026470245e-06
24.0,20.0,14.0,-0.0023792280438395715
24.0,20.0,15.0,-0.0029429171959844957
24.0,20.0,16.0,0.00047074056036888745
24.0,20.0,17.0,-0.003261900395247784
24.0,20.0,18.0,0.0010118652424429275
24.0,20.0,19.0,0.007072543030968492
24.0,20.0,20.0,-5.8006347466200705e-08
