Net_ID,Var,Factor,intervention_effect
0.0,0.01,0.0,0.0005473128399667848
0.0,0.01,1.0,4.15741892563215e-05
0.0,0.01,2.0,-1.4268783680382313e-05
0.0,0.01,3.0,1.3878746207840464e-09
0.0,0.01,4.0,-0.0004169674133102097
0.0,0.01,5.0,-2.1286245805097407e-09
0.0,0.01,6.0,0.00020330403204166236
0.0,0.01,7.0,-0.001338056803005687
0.0,0.01,8.0,1.3878746207840464e-09
0.0,0.01,9.0,-7.009101327986641e-05
0.0,0.01,10.0,-3.650136226926448e-06
0.0,0.01,11.0,1.3878746207840464e-09
0.0,0.01,12.0,-0.0005006343882523745
0.0,0.01,13.0,-0.0001716788174620787
0.0,0.01,14.0,-0.0003292865561070335
0.0,0.01,15.0,-3.585228475488922e-07
0.0,0.01,16.0,-5.030049436605122e-05
0.0,0.01,17.0,-0.003100339195805569
0.0,0.01,18.0,-0.0003582488990417354
0.0,0.01,19.0,4.5365247221124116e-05
0.0,0.01,20.0,-0.0002469835435757739
0.0,0.01,21.0,1.792113096810155e-09
0.0,0.21000000000000002,0.0,0.000547311946531015
0.0,0.21000000000000002,1.0,4.157413229066709e-05
0.0,0.21000000000000002,2.0,-1.4268772468628566e-05
0.0,0.21000000000000002,3.0,1.3878746207840464e-09
0.0,0.21000000000000002,4.0,-0.000416967453006456
0.0,0.21000000000000002,5.0,-2.1286245805097407e-09
0.0,0.21000000000000002,6.0,0.0002033036255489895
0.0,0.21000000000000002,7.0,-0.0013380568029993
0.0,0.21000000000000002,8.0,1.3878746207840464e-09
0.0,0.21000000000000002,9.0,-7.009101327992174e-05
0.0,0.21000000000000002,10.0,-3.65007840792686e-06
0.0,0.21000000000000002,11.0,1.3878746207840464e-09
0.0,0.21000000000000002,12.0,-0.0005006338435052937
0.0,0.21000000000000002,13.0,-0.0001716785814152022
0.0,0.21000000000000002,14.0,-0.00032928605829585234
0.0,0.21000000000000002,15.0,-3.585238914360911e-07
0.0,0.21000000000000002,16.0,-5.030050315446566e-05
0.0,0.21000000000000002,17.0,-0.0031003391956066642
0.0,0.21000000000000002,18.0,-0.0003582485574543104
0.0,0.21000000000000002,19.0,4.536519941936157e-05
0.0,0.21000000000000002,20.0,-0.0002469832761854973
0.0,0.21000000000000002,21.0,1.792113096810155e-09
0.0,0.41000000000000003,0.0,0.0005473110530471725
0.0,0.41000000000000003,1.0,4.157407532140445e-05
0.0,0.41000000000000003,2.0,-1.4268761256153173e-05
0.0,0.41000000000000003,3.0,1.3878746207840464e-09
0.0,0.41000000000000003,4.0,-0.0004169674927013145
0.0,0.41000000000000003,5.0,-2.1286245805097407e-09
0.0,0.41000000000000003,6.0,0.00020330321903089255
0.0,0.41000000000000003,7.0,-0.0013380568029929128
0.0,0.41000000000000003,8.0,1.3878746207840464e-09
0.0,0.41000000000000003,9.0,-7.009101327997704e-05
0.0,0.41000000000000003,10.0,-3.6500205856659917e-06
0.0,0.41000000000000003,11.0,1.3878746207840464e-09
0.0,0.41000000000000003,12.0,-0.0005006332987288475
0.0,0.41000000000000003,13.0,-0.00017167834535511406
0.0,0.41000000000000003,14.0,-0.0003292855604549172
0.0,0.41000000000000003,15.0,-3.5852493532329e-07
0.0,0.41000000000000003,16.0,-5.030051194515606e-05
0.0,0.41000000000000003,17.0,-0.0031003391954077465
0.0,0.41000000000000003,18.0,-0.000358248215847623
0.0,0.41000000000000003,19.0,4.5365151614684684e-05
0.0,0.41000000000000003,20.0,-0.0002469830087807323
0.0,0.41000000000000003,21.0,1.792113096810155e-09
0.0,0.6100000000000001,0.0,0.000547310159642711
0.0,0.6100000000000001,1.0,4.1574018357415365e-05
0.0,0.6100000000000001,2.0,-1.4268750044732492e-05
0.0,0.6100000000000001,3.0,1.3878746207840464e-09
0.0,0.6100000000000001,4.0,-0.00041696753239389706
0.0,0.6100000000000001,5.0,-2.1286245805097407e-09
0.0,0.6100000000000001,6.0,0.00020330281255154237
0.0,0.6100000000000001,7.0,-0.0013380568029865262
0.0,0.6100000000000001,8.0,1.3878746207840464e-09
0.0,0.6100000000000001,9.0,-7.009101328003236e-05
0.0,0.6100000000000001,10.0,-3.6499627687203162e-06
0.0,0.6100000000000001,11.0,1.3878746207840464e-09
0.0,0.6100000000000001,12.0,-0.0005006327540015842
0.0,0.6100000000000001,13.0,-0.00017167810931612015
0.0,0.6100000000000001,14.0,-0.00032928506265839097
0.0,0.6100000000000001,15.0,-3.585259790994666e-07
0.0,0.6100000000000001,16.0,-5.030052073218272e-05
0.0,0.6100000000000001,17.0,-0.00310033919520885
0.0,0.6100000000000001,18.0,-0.0003582478742726325
0.0,0.6100000000000001,19.0,4.536510381403236e-05
0.0,0.6100000000000001,20.0,-0.00024698274140011467
0.0,0.6100000000000001,21.0,1.792113096810155e-09
0.0,0.81,0.0,0.0005473092661638645
0.0,0.81,1.0,4.157396138942948e-05
0.0,0.81,2.0,-1.426873883320079e-05
0.0,0.81,3.0,1.3878746207840464e-09
0.0,0.81,4.0,-0.0004169675720944732
0.0,0.81,5.0,-2.1286245805097407e-09
0.0,0.81,6.0,0.0002033024060393851
0.0,0.81,7.0,-0.001338056802980139
0.0,0.81,8.0,1.3878746207840464e-09
0.0,0.81,9.0,-7.009101328008769e-05
0.0,0.81,10.0,-3.649904946792515e-06
0.0,0.81,11.0,1.3878746207840464e-09
0.0,0.81,12.0,-0.0005006322092261928
0.0,0.81,13.0,-0.00017167787325839123
0.0,0.81,14.0,-0.0003292845648287801
0.0,0.81,15.0,-3.5852702315319895e-07
0.0,0.81,16.0,-5.0300529524205384e-05
0.0,0.81,17.0,-0.0031003391950099337
0.0,0.81,18.0,-0.00035824753266855414
0.0,0.81,19.0,4.536505601157592e-05
0.0,0.81,20.0,-0.0002469824739960713
0.0,0.81,21.0,1.792113096810155e-09
0.0,1.01,0.0,0.0005473083727052241
0.0,1.01,1.0,4.157390442205422e-05
0.0,1.01,2.0,-1.4268727621169486e-05
0.0,1.01,3.0,1.3878746207840464e-09
0.0,1.01,4.0,-0.00041696761178938724
0.0,1.01,5.0,-2.1286245805097407e-09
0.0,1.01,6.0,0.0002033019995341112
0.0,1.01,7.0,-0.001338056802973752
0.0,1.01,8.0,1.3878746207840464e-09
0.0,1.01,9.0,-7.009101328014301e-05
0.0,1.01,10.0,-3.6498471262524923e-06
0.0,1.01,11.0,1.3878746207840464e-09
0.0,1.01,12.0,-0.0005006316644654007
0.0,1.01,13.0,-0.00017167763720501994
0.0,1.01,14.0,-0.0003292840670024999
0.0,1.01,15.0,-3.585280669848867e-07
0.0,1.01,16.0,-5.0300538314063115e-05
0.0,1.01,17.0,-0.003100339194811023
0.0,1.01,18.0,-0.0003582471910716367
0.0,1.01,19.0,4.536500820839784e-05
0.0,1.01,20.0,-0.00024698220659891135
0.0,1.01,21.0,1.792113096810155e-09
0.0,1.2100000000000002,0.0,0.0005473074792374799
0.0,1.2100000000000002,1.0,4.1573847454068336e-05
0.0,1.2100000000000002,2.0,-1.4268716408916138e-05
0.0,1.2100000000000002,3.0,1.3878746207840464e-09
0.0,1.2100000000000002,4.0,-0.0004169676514859666
0.0,1.2100000000000002,5.0,-2.1286245805097407e-09
0.0,1.2100000000000002,6.0,0.0002033015930256732
0.0,1.2100000000000002,7.0,-0.0013380568029673647
0.0,1.2100000000000002,8.0,1.3878746207840464e-09
0.0,1.2100000000000002,9.0,-7.009101328019833e-05
0.0,1.2100000000000002,10.0,-3.649789305101847e-06
0.0,1.2100000000000002,11.0,1.3878746207840464e-09
0.0,1.2100000000000002,12.0,-0.000500631119698447
0.0,1.2100000000000002,13.0,-0.00017167740114945595
0.0,1.2100000000000002,14.0,-0.00032928356917200086
0.0,1.2100000000000002,15.0,-3.5852911084433003e-07
0.0,1.2100000000000002,16.0,-5.030054710264409e-05
0.0,1.2100000000000002,17.0,-0.0031003391946121095
0.0,1.2100000000000002,18.0,-0.0003582468494723323
0.0,1.2100000000000002,19.0,4.536496040452587e-05
0.0,1.2100000000000002,20.0,-0.0002469819391989203
0.0,1.2100000000000002,21.0,1.792113096810155e-09
0.0,1.4100000000000001,0.0,0.0005473065857733994
0.0,1.4100000000000001,1.0,4.157379048663756e-05
0.0,1.4100000000000001,2.0,-1.4268705197328924e-05
0.0,1.4100000000000001,3.0,1.3878746207840464e-09
0.0,1.4100000000000001,4.0,-0.0004169676911828235
0.0,1.4100000000000001,5.0,-2.1286245805097407e-09
0.0,1.4100000000000001,6.0,0.00020330118651856743
0.0,1.4100000000000001,7.0,-0.0013380568029609777
0.0,1.4100000000000001,8.0,1.3878746207840464e-09
0.0,1.4100000000000001,9.0,-7.009101328025364e-05
0.0,1.4100000000000001,10.0,-3.649731484145491e-06
0.0,1.4100000000000001,11.0,1.3878746207840464e-09
0.0,1.4100000000000001,12.0,-0.0005006305749332141
0.0,1.4100000000000001,13.0,-0.0001716771650950577
0.0,1.4100000000000001,14.0,-0.0003292830713464978
0.0,1.4100000000000001,15.0,-3.585301547592845e-07
0.0,1.4100000000000001,16.0,-5.030055589444471e-05
0.0,1.4100000000000001,17.0,-0.003100339194413198
0.0,1.4100000000000001,18.0,-0.0003582465078729169
0.0,1.4100000000000001,19.0,4.5364912602041674e-05
0.0,1.4100000000000001,20.0,-0.00024698167179976194
0.0,1.4100000000000001,21.0,1.792113096810155e-09
0.0,1.61,0.0,0.0005473056923201991
0.0,1.61,1.0,4.157373351981741e-05
0.0,1.61,2.0,-1.4268693985519665e-05
0.0,1.61,3.0,1.3878746207840464e-09
0.0,1.61,4.0,-0.0004169677308790143
0.0,1.61,5.0,-2.1286245805097407e-09
0.0,1.61,6.0,0.00020330078001695728
0.0,1.61,7.0,-0.0013380568029545906
0.0,1.61,8.0,1.3878746207840464e-09
0.0,1.61,9.0,-7.009101328030896e-05
0.0,1.61,10.0,-3.649673663952413e-06
0.0,1.61,11.0,1.3878746207840464e-09
0.0,1.61,12.0,-0.0005006300301753641
0.0,1.61,13.0,-0.00017167692904349052
0.0,1.61,14.0,-0.00032928257352538015
0.0,1.61,15.0,-3.585311986464834e-07
0.0,1.61,16.0,-5.030056468391386e-05
0.0,1.61,17.0,-0.0031003391942142876
0.0,1.61,18.0,-0.00035824616627894157
0.0,1.61,19.0,4.536486479955748e-05
0.0,1.61,20.0,-0.00024698140440404526
0.0,1.61,21.0,1.792113096810155e-09
0.0,1.81,0.0,0.0005473047989187352
0.0,1.81,1.0,4.1573676555439754e-05
0.0,1.81,2.0,-1.4268682773599384e-05
0.0,1.81,3.0,1.3878746207840464e-09
0.0,1.81,4.0,-0.0004169677705674335
0.0,1.81,5.0,-2.1286245805097407e-09
0.0,1.81,6.0,0.00020330037353627484
0.0,1.81,7.0,-0.0013380568029482042
0.0,1.81,8.0,1.3878746207840464e-09
0.0,1.81,9.0,-7.009101328036428e-05
0.0,1.81,10.0,-3.649615847159393e-06
0.0,1.81,11.0,1.3878746207840464e-09
0.0,1.81,12.0,-0.0005006294854509319
0.0,1.81,13.0,-0.0001716766930043856
0.0,1.81,14.0,-0.0003292820757248016
0.0,1.81,15.0,-3.5853224242266e-07
0.0,1.81,16.0,-5.030057347116257e-05
0.0,1.81,17.0,-0.003100339194015392
0.0,1.81,18.0,-0.0003582458247042286
0.0,1.81,19.0,4.536481699782269e-05
0.0,1.81,20.0,-0.0002469811370248709
0.0,1.81,21.0,1.792113096810155e-09
0.0,2.01,0.0,0.0005473039054031403
0.0,2.01,1.0,4.157361958451178e-05
0.0,2.01,2.0,-1.4268671560735413e-05
0.0,2.01,3.0,1.3878746207840464e-09
0.0,2.01,4.0,-0.000416967810267177
0.0,2.01,5.0,-2.1286245805097407e-09
0.0,2.01,6.0,0.00020329996700668707
0.0,2.01,7.0,-0.0013380568029418168
0.0,2.01,8.0,1.3878746207840464e-09
0.0,2.01,9.0,-7.00910132804196e-05
0.0,2.01,10.0,-3.64955802298339e-06
0.0,2.01,11.0,1.3878746207840464e-09
0.0,2.01,12.0,-0.0005006289406551123
0.0,2.01,13.0,-0.00017167645693630385
0.0,2.01,14.0,-0.0003292815778686009
0.0,2.01,15.0,-3.585332863376145e-07
0.0,2.01,16.0,-5.0300582260354165e-05
0.0,2.01,17.0,-0.0031003391938164678
0.0,2.01,18.0,-0.0003582454830858284
0.0,2.01,19.0,4.5364769191702514e-05
0.0,2.01,20.0,-0.00024698086961039145
0.0,2.01,21.0,1.792113096810155e-09
0.0,2.21,0.0,0.0005473030119971245
0.0,2.21,1.0,4.157356261974554e-05
0.0,2.21,2.0,-1.426866034870411e-05
0.0,2.21,3.0,1.3878746207840464e-09
0.0,2.21,4.0,-0.00041696784995526315
0.0,2.21,5.0,-2.1286245805097407e-09
0.0,2.21,6.0,0.0002032995605233956
0.0,2.21,7.0,-0.0013380568029354302
0.0,2.21,8.0,1.3878746207840464e-09
0.0,2.21,9.0,-7.009101328047491e-05
0.0,2.21,10.0,-3.649500205829548e-06
0.0,2.21,11.0,1.3878746207840464e-09
0.0,2.21,12.0,-0.0005006283959276825
0.0,2.21,13.0,-0.00017167622089600543
0.0,2.21,14.0,-0.0003292810800648027
0.0,2.21,15.0,-3.5853433005827995e-07
0.0,2.21,16.0,-5.0300591047769405e-05
0.0,2.21,17.0,-0.0031003391936175705
0.0,2.21,18.0,-0.00035824514150989417
0.0,2.21,19.0,4.53647213896069e-05
0.0,2.21,20.0,-0.0002469806022298293
0.0,2.21,21.0,1.792113096810155e-09
0.0,2.41,0.0,0.0005473021185119498
0.0,2.41,1.0,4.157350564987228e-05
0.0,2.41,2.0,-1.4268649135285028e-05
0.0,2.41,3.0,1.3878746207840464e-09
0.0,2.41,4.0,-0.00041696788964762366
0.0,2.41,5.0,-2.1286245805097407e-09
0.0,2.41,6.0,0.0002032991540051876
0.0,2.41,7.0,-0.001338056802929043
0.0,2.41,8.0,1.3878746207840464e-09
0.0,2.41,9.0,-7.009101328053023e-05
0.0,2.41,10.0,-3.649442383679702e-06
0.0,2.41,11.0,1.3878746207840464e-09
0.0,2.41,12.0,-0.0005006278511526241
0.0,2.41,13.0,-0.00017167598483480706
0.0,2.41,14.0,-0.0003292805822159295
0.0,2.41,15.0,-3.585353737789454e-07
0.0,2.41,16.0,-5.030059983363033e-05
0.0,2.41,17.0,-0.0031003391934186554
0.0,2.41,18.0,-0.00035824479990409497
0.0,2.41,19.0,4.5364673582792836e-05
0.0,2.41,20.0,-0.0002469803348255639
0.0,2.41,21.0,1.792113096810155e-09
0.0,2.61,0.0,0.000547301225061414
0.0,2.61,1.0,4.157344868316315e-05
0.0,2.61,2.0,-1.426863792353128e-05
0.0,2.61,3.0,1.3878746207840464e-09
0.0,2.61,4.0,-0.00041696792934287075
0.0,2.61,5.0,-2.1286245805097407e-09
0.0,2.61,6.0,0.00020329874750363297
0.0,2.61,7.0,-0.0013380568029226559
0.0,2.61,8.0,1.3878746207840464e-09
0.0,2.61,9.0,-7.009101328058555e-05
0.0,2.61,10.0,-3.6493845635837685e-06
0.0,2.61,11.0,1.3878746207840464e-09
0.0,2.61,12.0,-0.0005006273063958289
0.0,2.61,13.0,-0.00017167574878387826
0.0,2.61,14.0,-0.0003292800843960886
0.0,2.61,15.0,-3.5853641772165545e-07
0.0,2.61,16.0,-5.030060862420971e-05
0.0,2.61,17.0,-0.0031003391932197463
0.0,2.61,18.0,-0.0003582444583109523
0.0,2.61,19.0,4.5364625780475176e-05
0.0,2.61,20.0,-0.0002469800674306244
0.0,2.61,21.0,1.792113096810155e-09
0.0,2.81,0.0,0.0005473003316527336
0.0,2.81,1.0,4.1573391718063846e-05
0.0,2.81,2.0,-1.4268626711555488e-05
0.0,2.81,3.0,1.3878746207840464e-09
0.0,2.81,4.0,-0.0004169679690304018
0.0,2.81,5.0,-2.128624580509741e-09
0.0,2.81,6.0,0.00020329834101956434
0.0,2.81,7.0,-0.0013380568029162695
0.0,2.81,8.0,1.3878746207840464e-09
0.0,2.81,9.0,-7.009101328064087e-05
0.0,2.81,10.0,-3.6493267464160484e-06
0.0,2.81,11.0,1.3878746207840464e-09
0.0,2.81,12.0,-0.0005006267616686766
0.0,2.81,13.0,-0.00017167551274244186
0.0,2.81,14.0,-0.000329279586587794
0.0,2.81,15.0,-3.5853746138680975e-07
0.0,2.81,16.0,-5.0300617410070636e-05
0.0,2.81,17.0,-0.00310033919302085
0.0,2.81,18.0,-0.0003582441167325756
0.0,2.81,19.0,4.5364577977546894e-05
0.0,2.81,20.0,-0.0002469798000493961
0.0,2.81,21.0,1.792113096810155e-09
0.0,3.01,0.0,0.000547299438188209
0.0,3.01,1.0,4.157333474941183e-05
0.0,3.01,2.0,-1.426861549835845e-05
0.0,3.01,3.0,1.3878746207840464e-09
0.0,3.01,4.0,-0.0004169680087208194
0.0,3.01,5.0,-2.128624580509741e-09
0.0,3.01,6.0,0.00020329793450923894
0.0,3.01,7.0,-0.0013380568029098825
0.0,3.01,8.0,1.3878746207840464e-09
0.0,3.01,9.0,-7.00910132806962e-05
0.0,3.01,10.0,-3.649268925459692e-06
0.0,3.01,11.0,1.3878746207840464e-09
0.0,3.01,12.0,-0.0005006262169052755
0.0,3.01,13.0,-0.00017167527668657256
0.0,3.01,14.0,-0.0003292790887504671
0.0,3.01,15.0,-3.585385051074752e-07
0.0,3.01,16.0,-5.030062619765241e-05
0.0,3.01,17.0,-0.003100339192821939
0.0,3.01,18.0,-0.00035824377513443695
0.0,3.01,19.0,4.53645301720651e-05
0.0,3.01,20.0,-0.000246979532651348
0.0,3.01,21.0,1.792113096810155e-09
0.0,3.21,0.0,0.0005472985447289025
0.0,3.21,1.0,4.157327778131492e-05
0.0,3.21,2.0,-1.4268604285772035e-05
0.0,3.21,3.0,1.3878746207840464e-09
0.0,3.21,4.0,-0.0004169680484126248
0.0,3.21,5.0,-2.128624580509741e-09
0.0,3.21,6.0,0.0002032975280026328
0.0,3.21,7.0,-0.0013380568029034957
0.0,3.21,8.0,1.3878746207840464e-09
0.0,3.21,9.0,-7.009101328075152e-05
0.0,3.21,10.0,-3.649211104947425e-06
0.0,3.21,11.0,1.3878746207840464e-09
0.0,3.21,12.0,-0.0005006256721456492
0.0,3.21,13.0,-0.0001716750406323131
0.0,3.21,14.0,-0.0003292785909177476
0.0,3.21,15.0,-3.585395488836518e-07
0.0,3.21,16.0,-5.0300634984346004e-05
0.0,3.21,17.0,-0.00310033919262303
0.0,3.21,18.0,-0.00035824343353763055
0.0,3.21,19.0,4.536448236711066e-05
0.0,3.21,20.0,-0.0002469792652546321
0.0,3.21,21.0,1.792113096810155e-09
0.0,3.41,0.0,0.0005472976512744809
0.0,3.41,1.0,4.157322081332904e-05
0.0,3.41,2.0,-1.4268593072908065e-05
0.0,3.41,3.0,1.3878746207840464e-09
0.0,3.41,4.0,-0.00041696808810171015
0.0,3.41,5.0,-2.128624580509741e-09
0.0,3.41,6.0,0.00020329712149702583
0.0,3.41,7.0,-0.0013380568028971088
0.0,3.41,8.0,1.3878746207840464e-09
0.0,3.41,9.0,-7.009101328080682e-05
0.0,3.41,10.0,-3.649153284768225e-06
0.0,3.41,11.0,1.3878746207840464e-09
0.0,3.41,12.0,-0.0005006251273901308
0.0,3.41,13.0,-0.00017167480457883078
0.0,3.41,14.0,-0.00032927809308430644
0.0,3.41,15.0,-3.5854059260431725e-07
0.0,3.41,16.0,-5.030064377198329e-05
0.0,3.41,17.0,-0.0031003391924241223
0.0,3.41,18.0,-0.00035824309194187887
0.0,3.41,19.0,4.536443456201744e-05
0.0,3.41,20.0,-0.00024697899785963706
0.0,3.41,21.0,1.792113096810155e-09
0.0,3.61,0.0,0.0005472967578352694
0.0,3.61,1.0,4.15731638465644e-05
0.0,3.61,2.0,-1.4268581860488183e-05
0.0,3.61,3.0,1.3878746207840464e-09
0.0,3.61,4.0,-0.0004169681277923498
0.0,3.61,5.0,-2.128624580509741e-09
0.0,3.61,6.0,0.00020329671499919044
0.0,3.61,7.0,-0.001338056802890722
0.0,3.61,8.0,1.3878746207840464e-09
0.0,3.61,9.0,-7.009101328086215e-05
0.0,3.61,10.0,-3.6490954654772034e-06
0.0,3.61,11.0,1.3878746207840464e-09
0.0,3.61,12.0,-0.0005006245826421618
0.0,3.61,13.0,-0.0001716745685300114
0.0,3.61,14.0,-0.0003292775952628557
0.0,3.61,15.0,-3.5854163638049386e-07
0.0,3.61,16.0,-5.030065255906546e-05
0.0,3.61,17.0,-0.003100339192225218
0.0,3.61,18.0,-0.0003582427503536767
0.0,3.61,19.0,4.5364386758173225e-05
0.0,3.61,20.0,-0.0002469787304689719
0.0,3.61,21.0,1.792113096810155e-09
0.0,3.81,0.0,0.0005472958644031634
0.0,3.81,1.0,4.1573106879133626e-05
0.0,3.81,2.0,-1.4268570647180123e-05
0.0,3.81,3.0,1.3878746207840464e-09
0.0,3.81,4.0,-0.0004169681674767167
0.0,3.81,5.0,-2.128624580509741e-09
0.0,3.81,6.0,0.00020329630850229874
0.0,3.81,7.0,-0.0013380568028843354
0.0,3.81,8.0,1.3878746207840464e-09
0.0,3.81,9.0,-7.009101328091747e-05
0.0,3.81,10.0,-3.649037646769049e-06
0.0,3.81,11.0,1.3878746207840464e-09
0.0,3.81,12.0,-0.0005006240379018534
0.0,3.81,13.0,-0.00017167433248146957
0.0,3.81,14.0,-0.0003292770974345216
0.0,3.81,15.0,-3.5854267993462585e-07
0.0,3.81,16.0,-5.030066134353861e-05
0.0,3.81,17.0,-0.003100339192026316
0.0,3.81,18.0,-0.0003582424087668623
0.0,3.81,19.0,4.5364338952219585e-05
0.0,3.81,20.0,-0.00024697846308141536
0.0,3.81,21.0,1.792113096810155e-09
0.0,4.01,0.0,0.0005472949709577346
0.0,4.01,1.0,4.157304991159183e-05
0.0,4.01,2.0,-1.4268559434038597e-05
0.0,4.01,3.0,1.3878746207840464e-09
0.0,4.01,4.0,-0.0004169682071653025
0.0,4.01,5.0,-2.128624580509741e-09
0.0,4.01,6.0,0.0002032959020007441
0.0,4.01,7.0,-0.0013380568028779486
0.0,4.01,8.0,1.3878746207840464e-09
0.0,4.01,9.0,-7.009101328097279e-05
0.0,4.01,10.0,-3.6489798272004714e-06
0.0,4.01,11.0,1.3878746207840464e-09
0.0,4.01,12.0,-0.000500623493151775
0.0,4.01,13.0,-0.000171674096430402
0.0,4.01,14.0,-0.00032927659960507727
0.0,4.01,15.0,-3.585437236275357e-07
0.0,4.01,16.0,-5.030067012889994e-05
0.0,4.01,17.0,-0.003100339191827411
0.0,4.01,18.0,-0.00035824206717521845
0.0,4.01,19.0,4.536429114698759e-05
0.0,4.01,20.0,-0.0002469781956891959
0.0,4.01,21.0,1.792113096810155e-09
1.0,0.01,0.0,0.0014817564775810865
1.0,0.01,1.0,2.6868231252641372e-06
1.0,0.01,2.0,2.5467365090514615e-05
1.0,0.01,3.0,8.930037820320536e-10
1.0,0.01,4.0,-0.0018359889225787775
1.0,0.01,5.0,-0.0034373896049784483
1.0,0.01,6.0,0.0001982108301786245
1.0,0.01,7.0,-0.0020501752740658546
1.0,0.01,8.0,8.930037820320536e-10
1.0,0.01,9.0,-0.00018176205281641988
1.0,0.01,10.0,-0.0005435362645085096
1.0,0.01,11.0,8.930037820320536e-10
1.0,0.01,12.0,-0.0006202585842561836
1.0,0.01,13.0,7.122802954340202e-06
1.0,0.01,14.0,0.000763141104291154
1.0,0.01,15.0,5.544722485872899e-07
1.0,0.01,16.0,-0.0006636464760819971
1.0,0.01,17.0,-0.004451224286735746
1.0,0.01,18.0,-0.00039416551517151843
1.0,0.01,19.0,-0.0002671299357037138
1.0,0.01,20.0,-0.0008000875407985775
1.0,0.01,21.0,1.1687918133329589e-09
1.0,0.21000000000000002,0.0,0.0028632596024662504
1.0,0.21000000000000002,1.0,4.86813742045511e-06
1.0,0.21000000000000002,2.0,5.2140442976245094e-05
1.0,0.21000000000000002,3.0,8.930037820320536e-10
1.0,0.21000000000000002,4.0,-0.0025888208321447025
1.0,0.21000000000000002,5.0,-0.0035709581247758415
1.0,0.21000000000000002,6.0,-6.722580915108356e-06
1.0,0.21000000000000002,7.0,-0.0019946509150268604
1.0,0.21000000000000002,8.0,8.930037820320536e-10
1.0,0.21000000000000002,9.0,-0.00035676134004400395
1.0,0.21000000000000002,10.0,-0.0005042874288392896
1.0,0.21000000000000002,11.0,8.930037820320536e-10
1.0,0.21000000000000002,12.0,-0.0007452517662989155
1.0,0.21000000000000002,13.0,1.3975905417018541e-05
1.0,0.21000000000000002,14.0,0.0014884615310021276
1.0,0.21000000000000002,15.0,9.6024896625857e-07
1.0,0.21000000000000002,16.0,-0.0015014513379366379
1.0,0.21000000000000002,17.0,-0.004490921823424029
1.0,0.21000000000000002,18.0,-0.0008441799463886901
1.0,0.21000000000000002,19.0,-0.0005232414437206234
1.0,0.21000000000000002,20.0,-0.0011089774666388497
1.0,0.21000000000000002,21.0,1.1687918133329589e-09
1.0,0.41000000000000003,0.0,0.004281273245144546
1.0,0.41000000000000003,1.0,6.894166418247583e-06
1.0,0.41000000000000003,2.0,7.835518678261932e-05
1.0,0.41000000000000003,3.0,8.930037820320536e-10
1.0,0.41000000000000003,4.0,-0.0033330352940918635
1.0,0.41000000000000003,5.0,-0.003718225473578557
1.0,0.41000000000000003,6.0,-0.00020916768765660843
1.0,0.41000000000000003,7.0,-0.0019602748263442132
1.0,0.41000000000000003,8.0,8.930037820320536e-10
1.0,0.41000000000000003,9.0,-0.0005284515597072381
1.0,0.41000000000000003,10.0,-0.000500400546265739
1.0,0.41000000000000003,11.0,8.930037820320536e-10
1.0,0.41000000000000003,12.0,-0.0011051015718823165
1.0,0.41000000000000003,13.0,2.069882501695708e-05
1.0,0.41000000000000003,14.0,0.002245946779650454
1.0,0.41000000000000003,15.0,1.4320803205791766e-06
1.0,0.41000000000000003,16.0,-0.002214133831728582
1.0,0.41000000000000003,17.0,-0.0045362016992769975
1.0,0.41000000000000003,18.0,-0.0012764209509450453
1.0,0.41000000000000003,19.0,-0.0008096427657969807
1.0,0.41000000000000003,20.0,-0.001524063669181619
1.0,0.41000000000000003,21.0,1.1687918133329589e-09
1.0,0.6100000000000001,0.0,0.005720024249422251
1.0,0.6100000000000001,1.0,8.566746257154811e-06
1.0,0.6100000000000001,2.0,0.00010573268957800308
1.0,0.6100000000000001,3.0,8.930037820320536e-10
1.0,0.6100000000000001,4.0,-0.004063512714639839
1.0,0.6100000000000001,5.0,-0.003889273350007598
1.0,0.6100000000000001,6.0,-0.0004052573839298801
1.0,0.6100000000000001,7.0,-0.00195715182098416
1.0,0.6100000000000001,8.0,8.930037820320536e-10
1.0,0.6100000000000001,9.0,-0.0007004483905754255
1.0,0.6100000000000001,10.0,-0.0005446271348238108
1.0,0.6100000000000001,11.0,8.930037820320536e-10
1.0,0.6100000000000001,12.0,-0.0018636772953022906
1.0,0.6100000000000001,13.0,2.743443191721706e-05
1.0,0.6100000000000001,14.0,0.003147420905128262
1.0,0.6100000000000001,15.0,2.024689067375851e-06
1.0,0.6100000000000001,16.0,-0.002782642577566663
1.0,0.6100000000000001,17.0,-0.004590279381011517
1.0,0.6100000000000001,18.0,-0.0015685469715035483
1.0,0.6100000000000001,19.0,-0.001149578151053765
1.0,0.6100000000000001,20.0,-0.002158545820175606
1.0,0.6100000000000001,21.0,1.1687918133329589e-09
1.0,0.81,0.0,0.007009110104723326
1.0,0.81,1.0,1.0666748429921658e-05
1.0,0.81,2.0,0.000134203688206741
1.0,0.81,3.0,8.930037820320536e-10
1.0,0.81,4.0,-0.004797407459517036
1.0,0.81,5.0,-0.004018754255316309
1.0,0.81,6.0,-0.0006029034930067345
1.0,0.81,7.0,-0.0018947926798839054
1.0,0.81,8.0,8.930037820320536e-10
1.0,0.81,9.0,-0.0008797636231503148
1.0,0.81,10.0,-0.00048747097831552955
1.0,0.81,11.0,8.930037820320536e-10
1.0,0.81,12.0,-0.0019304261625152086
1.0,0.81,13.0,3.445721517436606e-05
1.0,0.81,14.0,0.003945533544216673
1.0,0.81,15.0,2.401510403315932e-06
1.0,0.81,16.0,-0.0037378935313922
1.0,0.81,17.0,-0.00462785903970778
1.0,0.81,18.0,-0.0019134771806101347
1.0,0.81,19.0,-0.0013976458756030652
1.0,0.81,20.0,-0.0024677089957267917
1.0,0.81,21.0,1.1687918133329589e-09
1.0,1.01,0.0,0.008338105977397259
1.0,1.01,1.0,1.263130393641676e-05
1.0,1.01,2.0,0.00016218600385067838
1.0,1.01,3.0,8.930037820320536e-10
1.0,1.01,4.0,-0.005523015819875861
1.0,1.01,5.0,-0.004162684628979535
1.0,1.01,6.0,-0.0007975002525110741
1.0,1.01,7.0,-0.0018531141068662549
1.0,1.01,8.0,8.930037820320536e-10
1.0,1.01,9.0,-0.0010557831020670538
1.0,1.01,10.0,-0.00046414493679430846
1.0,1.01,11.0,8.930037820320536e-10
1.0,1.01,12.0,-0.0022168065372791257
1.0,1.01,13.0,4.135122963452864e-05
1.0,1.01,14.0,0.004768109740301896
1.0,1.01,15.0,2.8377123062472975e-06
1.0,1.01,16.0,-0.004562553540516934
1.0,1.01,17.0,-0.004671656579928209
1.0,1.01,18.0,-0.0022439925570068575
1.0,1.01,19.0,-0.0016723846980967738
1.0,1.01,20.0,-0.0028761060755111423
1.0,1.01,21.0,1.1687918133329589e-09
1.0,1.2100000000000002,0.0,0.00967270260321701
1.0,1.2100000000000002,1.0,1.479662437064988e-05
1.0,1.2100000000000002,2.0,0.00018844400467687983
1.0,1.2100000000000002,3.0,8.930037820320536e-10
1.0,1.2100000000000002,4.0,-0.006247800440653015
1.0,1.2100000000000002,5.0,-0.004294409012596499
1.0,1.2100000000000002,6.0,-0.0009943435205017614
1.0,1.2100000000000002,7.0,-0.0017989343274957131
1.0,1.2100000000000002,8.0,8.930037820320536e-10
1.0,1.2100000000000002,9.0,-0.0012276327130602283
1.0,1.2100000000000002,10.0,-0.00042359325775515044
1.0,1.2100000000000002,11.0,8.930037820320536e-10
1.0,1.2100000000000002,12.0,-0.0023106367825366236
1.0,1.2100000000000002,13.0,4.808241973364158e-05
1.0,1.2100000000000002,14.0,0.005468053858792066
1.0,1.2100000000000002,15.0,3.212900493432258e-06
1.0,1.2100000000000002,16.0,-0.005413043836432679
1.0,1.2100000000000002,17.0,-0.0047106738593671975
1.0,1.2100000000000002,18.0,-0.002678997486799284
1.0,1.2100000000000002,19.0,-0.0019144247606177334
1.0,1.2100000000000002,20.0,-0.0031580993741857633
1.0,1.2100000000000002,21.0,1.1687918133329589e-09
1.0,1.4100000000000001,0.0,0.011097018290097738
1.0,1.4100000000000001,1.0,1.715598161522447e-05
1.0,1.4100000000000001,2.0,0.00021037146067778845
1.0,1.4100000000000001,3.0,8.930037820320536e-10
1.0,1.4100000000000001,4.0,-0.0069721160231759165
1.0,1.4100000000000001,5.0,-0.004418319923966664
1.0,1.4100000000000001,6.0,-0.0011970510552425373
1.0,1.4100000000000001,7.0,-0.0017442519657571293
1.0,1.4100000000000001,8.0,8.930037820320536e-10
1.0,1.4100000000000001,9.0,-0.0013864897854113656
1.0,1.4100000000000001,10.0,-0.00039215195064937203
1.0,1.4100000000000001,11.0,8.930037820320536e-10
1.0,1.4100000000000001,12.0,-0.0023142014626730822
1.0,1.4100000000000001,13.0,5.4299062959173305e-05
1.0,1.4100000000000001,14.0,0.005974756371509071
1.0,1.4100000000000001,15.0,3.5774031038049436e-06
1.0,1.4100000000000001,16.0,-0.006125116490787508
1.0,1.4100000000000001,17.0,-0.004748885012013777
1.0,1.4100000000000001,18.0,-0.003346949187092385
1.0,1.4100000000000001,19.0,-0.0021457807353690295
1.0,1.4100000000000001,20.0,-0.003325647203789417
1.0,1.4100000000000001,21.0,1.1687918133329589e-09
1.0,1.61,0.0,0.012409307798937286
1.0,1.61,1.0,1.914290444476885e-05
1.0,1.61,2.0,0.0002375196658519485
1.0,1.61,3.0,8.930037820320536e-10
1.0,1.61,4.0,-0.007679949191922317
1.0,1.61,5.0,-0.004559316384262692
1.0,1.61,6.0,-0.001387501934348001
1.0,1.61,7.0,-0.001701712298977795
1.0,1.61,8.0,8.930037820320536e-10
1.0,1.61,9.0,-0.001559003354904137
1.0,1.61,10.0,-0.000367313634575428
1.0,1.61,11.0,8.930037820320536e-10
1.0,1.61,12.0,-0.0025536992529321956
1.0,1.61,13.0,6.105479297818794e-05
1.0,1.61,14.0,0.006754198767638386
1.0,1.61,15.0,3.992868320423781e-06
1.0,1.61,16.0,-0.006939808529643737
1.0,1.61,17.0,-0.0047919036936595535
1.0,1.61,18.0,-0.0037009097306071603
1.0,1.61,19.0,-0.0024089921282698934
1.0,1.61,20.0,-0.0036940596299196438
1.0,1.61,21.0,1.1687917855773833e-09
1.0,1.81,0.0,0.013748116692105739
1.0,1.81,1.0,2.1197136250983295e-05
1.0,1.81,2.0,0.0002631134009064007
1.0,1.81,3.0,8.930037820320536e-10
1.0,1.81,4.0,-0.00838319044123971
1.0,1.81,5.0,-0.004697544979484762
1.0,1.81,6.0,-0.0015786976918042428
1.0,1.81,7.0,-0.0016593613074976366
1.0,1.81,8.0,8.930037820320536e-10
1.0,1.81,9.0,-0.0017266518682894638
1.0,1.81,10.0,-0.0003454933953048467
1.0,1.81,11.0,8.930037820320536e-10
1.0,1.81,12.0,-0.002759581699096736
1.0,1.81,13.0,6.761910418207062e-05
1.0,1.81,14.0,0.007460954286326482
1.0,1.81,15.0,4.400648986518929e-06
1.0,1.81,16.0,-0.007707381790455825
1.0,1.81,17.0,-0.004834214440689072
1.0,1.81,18.0,-0.0041277533241405595
1.0,1.81,19.0,-0.002664738427718971
1.0,1.81,20.0,-0.004020986068813903
1.0,1.81,21.0,1.1687918133329589e-09
1.0,2.01,0.0,0.015173059903602348
1.0,2.01,1.0,2.3289446954288806e-05
1.0,2.01,2.0,0.0002855823908873012
1.0,2.01,3.0,8.930037820320536e-10
1.0,2.01,4.0,-0.00908168261291335
1.0,2.01,5.0,-0.004838793802842446
1.0,2.01,6.0,-0.001772079638574231
1.0,2.01,7.0,-0.0016278975244509164
1.0,2.01,8.0,8.930037820320536e-10
1.0,2.01,9.0,-0.0018839017090863386
1.0,2.01,10.0,-0.0003460849937145516
1.0,2.01,11.0,8.930037820320536e-10
1.0,2.01,12.0,-0.0030320616871121753
1.0,2.01,13.0,7.377532332741854e-05
1.0,2.01,14.0,0.008058736033510927
1.0,2.01,15.0,4.8447604802104305e-06
1.0,2.01,16.0,-0.00830646405775512
1.0,2.01,17.0,-0.004878935901687646
1.0,2.01,18.0,-0.0046770831272173186
1.0,2.01,19.0,-0.002926653386038619
1.0,2.01,20.0,-0.004338664263624725
1.0,2.01,21.0,1.1687918133329589e-09
1.0,2.21,0.0,0.016509047821611222
1.0,2.21,1.0,2.5287099492676823e-05
1.0,2.21,2.0,0.0003108022911486874
1.0,2.21,3.0,8.930037820320536e-10
1.0,2.21,4.0,-0.009769809497212227
1.0,2.21,5.0,-0.0049792287078518765
1.0,2.21,6.0,-0.001959281153884329
1.0,2.21,7.0,-0.0015904199216274922
1.0,2.21,8.0,8.930037820320536e-10
1.0,2.21,9.0,-0.0020491205977456184
1.0,2.21,10.0,-0.00033105376594727565
1.0,2.21,11.0,8.930037820320536e-10
1.0,2.21,12.0,-0.0032795824683704566
1.0,2.21,13.0,8.024469613407414e-05
1.0,2.21,14.0,0.00876683050575544
1.0,2.21,15.0,5.265664988401975e-06
1.0,2.21,16.0,-0.009035285946812105
1.0,2.21,17.0,-0.0049224096579502975
1.0,2.21,18.0,-0.005092214649221938
1.0,2.21,19.0,-0.0031860542159833083
1.0,2.21,20.0,-0.00468209805300529
1.0,2.21,21.0,1.1687918133329589e-09
1.0,2.41,0.0,0.01783919897145053
1.0,2.41,1.0,2.7273686791895457e-05
1.0,2.41,2.0,0.00033588036038031954
1.0,2.41,3.0,8.930037820320536e-10
1.0,2.41,4.0,-0.010450276307138972
1.0,2.41,5.0,-0.005119976041006086
1.0,2.41,6.0,-0.002144425151493712
1.0,2.41,7.0,-0.001553938609406308
1.0,2.41,8.0,8.930037820320536e-10
1.0,2.41,9.0,-0.0022134558617105116
1.0,2.41,10.0,-0.0003168605437786354
1.0,2.41,11.0,8.930037820320536e-10
1.0,2.41,12.0,-0.0035274942637387174
1.0,2.41,13.0,8.667946856877329e-05
1.0,2.41,14.0,0.009471142741872773
1.0,2.41,15.0,5.685375059627518e-06
1.0,2.41,16.0,-0.009757783109228202
1.0,2.41,17.0,-0.004966078879609082
1.0,2.41,18.0,-0.005504524278993117
1.0,2.41,19.0,-0.0034441481191511136
1.0,2.41,20.0,-0.005023064264033261
1.0,2.41,21.0,1.1687918133329589e-09
1.0,2.61,0.0,0.01916309045381792
1.0,2.61,1.0,2.924790801056565e-05
1.0,2.61,2.0,0.00036083481749651924
1.0,2.61,3.0,8.930037820320536e-10
1.0,2.61,4.0,-0.011122761126476064
1.0,2.61,5.0,-0.0052610158722482606
1.0,2.61,6.0,-0.0023274212688578766
1.0,2.61,7.0,-0.0015184175888730833
1.0,2.61,8.0,8.930037820320536e-10
1.0,2.61,9.0,-0.00237695132758986
1.0,2.61,10.0,-0.0003034287742144093
1.0,2.61,11.0,8.930037820320536e-10
1.0,2.61,12.0,-0.0037760845335072513
1.0,2.61,13.0,9.308143897696075e-05
1.0,2.61,14.0,0.010172640137140199
1.0,2.61,15.0,6.104013780039441e-06
1.0,2.61,16.0,-0.010474266622913952
1.0,2.61,17.0,-0.005009929858020703
1.0,2.61,18.0,-0.0059129476741337506
1.0,2.61,19.0,-0.003701026564305848
1.0,2.61,20.0,-0.005361947470726658
1.0,2.61,21.0,1.1687918133329589e-09
1.0,2.81,0.0,0.02048026868619801
1.0,2.81,1.0,3.120910381354536e-05
1.0,2.81,2.0,0.00038568253073972825
1.0,2.81,3.0,8.930037820320536e-10
1.0,2.81,4.0,-0.01178694206324634
1.0,2.81,5.0,-0.005402326846892888
1.0,2.81,6.0,-0.0025081796230898012
1.0,2.81,7.0,-0.0014837999678105757
1.0,2.81,8.0,8.930037820320536e-10
1.0,2.81,9.0,-0.0025396544135407595
1.0,2.81,10.0,-0.0002906431590105618
1.0,2.81,11.0,8.930037820320536e-10
1.0,2.81,12.0,-0.004025035583104908
1.0,2.81,13.0,9.945253223445083e-05
1.0,2.81,14.0,0.010872039538850242
1.0,2.81,15.0,6.521502636497312e-06
1.0,2.81,16.0,-0.011185259221070332
1.0,2.81,17.0,-0.0050539434180340605
1.0,2.81,18.0,-0.006316694381257204
1.0,2.81,19.0,-0.003956689498509441
1.0,2.81,20.0,-0.0056987519352851845
1.0,2.81,21.0,1.1687918133329589e-09
1.0,3.01,0.0,0.021803942047985136
1.0,3.01,1.0,3.3078783917617205e-05
1.0,3.01,2.0,0.0004104232282113318
1.0,3.01,3.0,8.930037820320536e-10
1.0,3.01,4.0,-0.012441369971493414
1.0,3.01,5.0,-0.005546845063867024
1.0,3.01,6.0,-0.0026861422308618876
1.0,3.01,7.0,-0.0014551037386281718
1.0,3.01,8.0,8.930037820320536e-10
1.0,3.01,9.0,-0.002700769036681039
1.0,3.01,10.0,-0.00028717955157767094
1.0,3.01,11.0,8.930037820320536e-10
1.0,3.01,12.0,-0.004344267440560656
1.0,3.01,13.0,0.00010576237742138117
1.0,3.01,14.0,0.011598293071218402
1.0,3.01,15.0,6.970152107266259e-06
1.0,3.01,16.0,-0.011850372874642967
1.0,3.01,17.0,-0.005099491041096135
1.0,3.01,18.0,-0.0067017423699323175
1.0,3.01,19.0,-0.004224672288787423
1.0,3.01,20.0,-0.0060698435343777835
1.0,3.01,21.0,1.1687918133329589e-09
1.0,3.21,0.0,0.023103290984431812
1.0,3.21,1.0,3.5000623027192646e-05
1.0,3.21,2.0,0.0004352536789814232
1.0,3.21,3.0,8.930037820320536e-10
1.0,3.21,4.0,-0.013087772297307093
1.0,3.21,5.0,-0.00568870088723715
1.0,3.21,6.0,-0.002861900265006434
1.0,3.21,7.0,-0.0014220450716863342
1.0,3.21,8.0,8.930037820320536e-10
1.0,3.21,9.0,-0.002862398512869957
1.0,3.21,10.0,-0.00027510066674651945
1.0,3.21,11.0,8.930037820320536e-10
1.0,3.21,12.0,-0.004595454526211906
1.0,3.21,13.0,0.00011209231102965456
1.0,3.21,14.0,0.01230437063341483
1.0,3.21,15.0,7.386975020340358e-06
1.0,3.21,16.0,-0.012554930938312447
1.0,3.21,17.0,-0.005143758525816715
1.0,3.21,18.0,-0.007087298491399163
1.0,3.21,19.0,-0.0044791362428150405
1.0,3.21,20.0,-0.006405485701556912
1.0,3.21,21.0,1.1687918133329589e-09
1.0,3.41,0.0,0.024393990982635727
1.0,3.41,1.0,3.6911185178400974e-05
1.0,3.41,2.0,0.00046002482188731153
1.0,3.41,3.0,8.930037820320536e-10
1.0,3.41,4.0,-0.013724927031218598
1.0,3.41,5.0,-0.005830629079148442
1.0,3.41,6.0,-0.0030351749477147694
1.0,3.41,7.0,-0.0013894975492583783
1.0,3.41,8.0,8.930037820320536e-10
1.0,3.41,9.0,-0.003023406231663861
1.0,3.41,10.0,-0.0002629807384881555
1.0,3.41,11.0,8.930037820320536e-10
1.0,3.41,12.0,-0.004842336620622889
1.0,3.41,13.0,0.00011839821070175338
1.0,3.41,14.0,0.013009157093019974
1.0,3.41,15.0,7.800950547781627e-06
1.0,3.41,16.0,-0.013257290876618782
1.0,3.41,17.0,-0.005188064309923364
1.0,3.41,18.0,-0.007467390768045423
1.0,3.41,19.0,-0.004731870119492082
1.0,3.41,20.0,-0.006736836899335963
1.0,3.41,21.0,1.1687918133329589e-09
1.0,3.61,0.0,0.025675891410948726
1.0,3.61,1.0,3.8811768795277146e-05
1.0,3.61,2.0,0.00048473430521916994
1.0,3.61,3.0,8.930037820320536e-10
1.0,3.61,4.0,-0.014352515016888931
1.0,3.61,5.0,-0.005972597694558587
1.0,3.61,6.0,-0.003205908354525444
1.0,3.61,7.0,-0.0013573994898473107
1.0,3.61,8.0,8.930037820320536e-10
1.0,3.61,9.0,-0.0031837961653571334
1.0,3.61,10.0,-0.0002507147527442688
1.0,3.61,11.0,8.930037820320536e-10
1.0,3.61,12.0,-0.005083790141333033
1.0,3.61,13.0,0.00012468024534523225
1.0,3.61,14.0,0.01371209277966795
1.0,3.61,15.0,8.211575761862822e-06
1.0,3.61,16.0,-0.013957778712610114
1.0,3.61,17.0,-0.005232387260782637
1.0,3.61,18.0,-0.007842388700698255
1.0,3.61,19.0,-0.00498267218136203
1.0,3.61,20.0,-0.007063175922521259
1.0,3.61,21.0,1.1687918133329589e-09
1.0,3.81,0.0,0.026940854361079458
1.0,3.81,1.0,4.0624151922574736e-05
1.0,3.81,2.0,0.0005101011066158123
1.0,3.81,3.0,8.930037820320536e-10
1.0,3.81,4.0,-0.014968671190990941
1.0,3.81,5.0,-0.006118397384417371
1.0,3.81,6.0,-0.0033721731400999655
1.0,3.81,7.0,-0.0013294274521516714
1.0,3.81,8.0,8.930037820320536e-10
1.0,3.81,9.0,-0.0033451808106847447
1.0,3.81,10.0,-0.00024278576629488402
1.0,3.81,11.0,8.930037820320536e-10
1.0,3.81,12.0,-0.005369597345298571
1.0,3.81,13.0,0.00013100416203626342
1.0,3.81,14.0,0.014463624921898899
1.0,3.81,15.0,8.639067521937216e-06
1.0,3.81,16.0,-0.014654237662249714
1.0,3.81,17.0,-0.0052781081282280325
1.0,3.81,18.0,-0.008174820639365366
1.0,3.81,19.0,-0.005242109431555175
1.0,3.81,20.0,-0.007416497535407296
1.0,3.81,21.0,1.1687918133329589e-09
1.0,4.01,0.0,0.02820176128402735
1.0,4.01,1.0,4.248542158302726e-05
1.0,4.01,2.0,0.0005348922367396924
1.0,4.01,3.0,8.930037820320536e-10
1.0,4.01,4.0,-0.015575806525482946
1.0,4.01,5.0,-0.006261070573632649
1.0,4.01,6.0,-0.003537176150296195
1.0,4.01,7.0,-0.0012987572124891072
1.0,4.01,8.0,8.930037820320536e-10
1.0,4.01,9.0,-0.0035048175604794063
1.0,4.01,10.0,-0.00023078014566602079
1.0,4.01,11.0,8.930037820320536e-10
1.0,4.01,12.0,-0.005608595488572066
1.0,4.01,13.0,0.00013725820491264362
1.0,4.01,14.0,0.015176032312729626
1.0,4.01,15.0,9.047287487379263e-06
1.0,4.01,16.0,-0.015352117923345787
1.0,4.01,17.0,-0.005322635100500914
1.0,4.01,18.0,-0.00853108659916374
1.0,4.01,19.0,-0.005491596333528415
1.0,4.01,20.0,-0.007738695068985557
1.0,4.01,21.0,1.1687918133329589e-09
2.0,0.01,0.0,0.0010812729753114647
2.0,0.01,1.0,7.628328144937413e-06
2.0,0.01,2.0,0.00028378077055812856
2.0,0.01,3.0,6.98975155533077e-10
2.0,0.01,4.0,0.0008594419354183147
2.0,0.01,5.0,-0.001178786950995235
2.0,0.01,6.0,0.0004698241947963533
2.0,0.01,7.0,-7.970397507218618e-08
2.0,0.01,8.0,6.98975155533077e-10
2.0,0.01,9.0,-8.549808668845138e-05
2.0,0.01,10.0,-0.0004787420570199208
2.0,0.01,11.0,6.98975155533077e-10
2.0,0.01,12.0,0.0003440847635034494
2.0,0.01,13.0,0.00011162845254078513
2.0,0.01,14.0,-0.000725905528258542
2.0,0.01,15.0,7.136274255137298e-07
2.0,0.01,16.0,0.0004464283796128399
2.0,0.01,17.0,-3.3961624242419455e-06
2.0,0.01,18.0,0.0009810605208072642
2.0,0.01,19.0,0.00016149812670179786
2.0,0.01,20.0,0.00042848212491436444
2.0,0.01,21.0,1.0970886143990555e-09
2.0,0.21000000000000002,0.0,0.002527441212445858
2.0,0.21000000000000002,1.0,1.6024487590804437e-05
2.0,0.21000000000000002,2.0,0.000478041963506759
2.0,0.21000000000000002,3.0,6.98975155533077e-10
2.0,0.21000000000000002,4.0,0.0010644811665021514
2.0,0.21000000000000002,5.0,-0.0013409324531597974
2.0,0.21000000000000002,6.0,0.000782807445568301
2.0,0.21000000000000002,7.0,-7.970397508748134e-08
2.0,0.21000000000000002,8.0,6.98975155533077e-10
2.0,0.21000000000000002,9.0,-0.0001567100780928976
2.0,0.21000000000000002,10.0,-0.0005864170676966318
2.0,0.21000000000000002,11.0,6.98975155533077e-10
2.0,0.21000000000000002,12.0,4.8566631763780066e-05
2.0,0.21000000000000002,13.0,0.00020804835436272207
2.0,0.21000000000000002,14.0,-0.0007261097874108508
2.0,0.21000000000000002,15.0,1.1476136722310404e-06
2.0,0.21000000000000002,16.0,0.0008788216876114419
2.0,0.21000000000000002,17.0,-3.396162574662007e-06
2.0,0.21000000000000002,18.0,0.0016790319511575946
2.0,0.21000000000000002,19.0,0.00043889917980471926
2.0,0.21000000000000002,20.0,0.00030971954362885024
2.0,0.21000000000000002,21.0,1.0970886143990555e-09
2.0,0.41000000000000003,0.0,0.003708838304295803
2.0,0.41000000000000003,1.0,2.26876487700034e-05
2.0,0.41000000000000003,2.0,0.0008066288105637587
2.0,0.41000000000000003,3.0,6.98975155533077e-10
2.0,0.41000000000000003,4.0,0.0015095244274913044
2.0,0.41000000000000003,5.0,-0.0015006232765426772
2.0,0.41000000000000003,6.0,0.0008988269464557663
2.0,0.41000000000000003,7.0,-7.97039750947441e-08
2.0,0.41000000000000003,8.0,6.98975155533077e-10
2.0,0.41000000000000003,9.0,-0.0002576365122399782
2.0,0.41000000000000003,10.0,-0.0006356484595168577
2.0,0.41000000000000003,11.0,6.98975155533077e-10
2.0,0.41000000000000003,12.0,0.000268308534270123
2.0,0.41000000000000003,13.0,0.00033078991386001344
2.0,0.41000000000000003,14.0,-0.000726305757038945
2.0,0.41000000000000003,15.0,1.6149065864834444e-06
2.0,0.41000000000000003,16.0,0.0012737078811004832
2.0,0.41000000000000003,17.0,-3.3961627035034905e-06
2.0,0.41000000000000003,18.0,0.0017635859985184466
2.0,0.41000000000000003,19.0,0.0004236714362285676
2.0,0.41000000000000003,20.0,0.0007102525591739517
2.0,0.41000000000000003,21.0,1.0970886143990555e-09
2.0,0.6100000000000001,0.0,0.005171134682692258
2.0,0.6100000000000001,1.0,3.0437825877249747e-05
2.0,0.6100000000000001,2.0,0.0010152326117844335
2.0,0.6100000000000001,3.0,6.98975155533077e-10
2.0,0.6100000000000001,4.0,0.0017795881681675896
2.0,0.6100000000000001,5.0,-0.00165934254205536
2.0,0.6100000000000001,6.0,0.001058727740447074
2.0,0.6100000000000001,7.0,-7.970397509868414e-08
2.0,0.6100000000000001,8.0,6.98975155533077e-10
2.0,0.6100000000000001,9.0,-0.0003286099791147967
2.0,0.6100000000000001,10.0,-0.0007396428468666449
2.0,0.6100000000000001,11.0,6.98975155533077e-10
2.0,0.6100000000000001,12.0,-7.004975585250817e-05
2.0,0.6100000000000001,13.0,0.0004256129939741726
2.0,0.6100000000000001,14.0,-0.0007264924292672492
2.0,0.6100000000000001,15.0,2.0808823795182008e-06
2.0,0.6100000000000001,16.0,0.0015301212140197418
2.0,0.6100000000000001,17.0,-3.3961628213403255e-06
2.0,0.6100000000000001,18.0,0.002586524157358827
2.0,0.6100000000000001,19.0,0.0007664957339154621
2.0,0.6100000000000001,20.0,0.000620044065454628
2.0,0.6100000000000001,21.0,1.0970886143990555e-09
2.0,0.81,0.0,0.006123158698998377
2.0,0.81,1.0,3.6137824032667076e-05
2.0,0.81,2.0,0.0014197621042244535
2.0,0.81,3.0,6.98975155533077e-10
2.0,0.81,4.0,0.002358976783544464
2.0,0.81,5.0,-0.0018159693708551666
2.0,0.81,6.0,0.001120704043979126
2.0,0.81,7.0,-7.970397510581904e-08
2.0,0.81,8.0,6.98975155533077e-10
2.0,0.81,9.0,-0.00044771767243992344
2.0,0.81,10.0,-0.000748615009060094
2.0,0.81,11.0,6.98975155533077e-10
2.0,0.81,12.0,0.0005657885836088394
2.0,0.81,13.0,0.0005647353249119413
2.0,0.81,14.0,-0.0007266720333085618
2.0,0.81,15.0,2.5419512512392384e-06
2.0,0.81,16.0,0.002005526988167472
2.0,0.81,17.0,-3.396162937246722e-06
2.0,0.81,18.0,0.0021456263540829967
2.0,0.81,19.0,0.0005062077865440884
2.0,0.81,20.0,0.0013775575090155256
2.0,0.81,21.0,1.0970886143990555e-09
2.0,1.01,0.0,0.007576798648883609
2.0,1.01,1.0,4.473892357603759e-05
2.0,1.01,2.0,0.0015732506295949023
2.0,1.01,3.0,6.98975155533077e-10
2.0,1.01,4.0,0.0024671788878851686
2.0,1.01,5.0,-0.0019729702169357377
2.0,1.01,6.0,0.0015242558595117695
2.0,1.01,7.0,-7.970397511052127e-08
2.0,1.01,8.0,6.98975155533077e-10
2.0,1.01,9.0,-0.0005103497471552476
2.0,1.01,10.0,-0.0008696659141899654
2.0,1.01,11.0,6.98975155533077e-10
2.0,1.01,12.0,0.00012613450129056458
2.0,1.01,13.0,0.0006519181694847331
2.0,1.01,14.0,-0.000726843402163797
2.0,1.01,15.0,2.9388464707624795e-06
2.0,1.01,16.0,0.0024846583308233416
2.0,1.01,17.0,-3.3961630425203287e-06
2.0,1.01,18.0,0.0029374290537751424
2.0,1.01,19.0,0.0008194394335589994
2.0,1.01,20.0,0.0011114068114310705
2.0,1.01,21.0,1.0970886143990555e-09
2.0,1.2100000000000002,0.0,0.008565308158076101
2.0,1.2100000000000002,1.0,4.940926473739893e-05
2.0,1.2100000000000002,2.0,0.002006016738476668
2.0,1.2100000000000002,3.0,6.98975155533077e-10
2.0,1.2100000000000002,4.0,0.003186513331102203
2.0,1.2100000000000002,5.0,-0.002125710052679003
2.0,1.2100000000000002,6.0,0.0012880430196782755
2.0,1.2100000000000002,7.0,-7.970397511216048e-08
2.0,1.2100000000000002,8.0,6.98975155533077e-10
2.0,1.2100000000000002,9.0,-0.0006290928571228149
2.0,1.2100000000000002,10.0,-0.0008686056260479025
2.0,1.2100000000000002,11.0,6.98975155533077e-10
2.0,1.2100000000000002,12.0,0.0007321095839951108
2.0,1.2100000000000002,13.0,0.0007894637073430355
2.0,1.2100000000000002,14.0,-0.0007270080629495885
2.0,1.2100000000000002,15.0,3.468698441339013e-06
2.0,1.2100000000000002,16.0,0.0026284090894386214
2.0,1.2100000000000002,17.0,-3.396163137102747e-06
2.0,1.2100000000000002,18.0,0.0027210873639533784
2.0,1.2100000000000002,19.0,0.0006851397212110921
2.0,1.2100000000000002,20.0,0.0019477325857165106
2.0,1.2100000000000002,21.0,1.0970886143990555e-09
2.0,1.4100000000000001,0.0,0.00973025201755906
2.0,1.4100000000000001,1.0,5.5942943970765935e-05
2.0,1.4100000000000001,2.0,0.002303647379361784
2.0,1.4100000000000001,3.0,6.98975155533077e-10
2.0,1.4100000000000001,4.0,0.0035964082313815204
2.0,1.4100000000000001,5.0,-0.002278607571703499
2.0,1.4100000000000001,6.0,0.0014015134344670943
2.0,1.4100000000000001,7.0,-7.970397511631638e-08
2.0,1.4100000000000001,8.0,6.98975155533077e-10
2.0,1.4100000000000001,9.0,-0.0007215006699446969
2.0,1.4100000000000001,10.0,-0.0009226157636850474
2.0,1.4100000000000001,11.0,6.98975155533077e-10
2.0,1.4100000000000001,12.0,0.0008843475354159414
2.0,1.4100000000000001,13.0,0.000903162624322662
2.0,1.4100000000000001,14.0,-0.0007271657308976974
2.0,1.4100000000000001,15.0,3.916133180431602e-06
2.0,1.4100000000000001,16.0,0.0029915279977625886
2.0,1.4100000000000001,17.0,-3.396163230009746e-06
2.0,1.4100000000000001,18.0,0.0028912668569639477
2.0,1.4100000000000001,19.0,0.0007172960540686724
2.0,1.4100000000000001,20.0,0.002275390196431304
2.0,1.4100000000000001,21.0,1.0970886143990555e-09
2.0,1.61,0.0,0.010894064514353818
2.0,1.61,1.0,6.243688980273054e-05
2.0,1.61,2.0,0.0025960306913752618
2.0,1.61,3.0,6.98975155533077e-10
2.0,1.61,4.0,0.004000121172998972
2.0,1.61,5.0,-0.002430169211632638
2.0,1.61,6.0,0.0015104332942644239
2.0,1.61,7.0,-7.970397511996469e-08
2.0,1.61,8.0,6.98975155533077e-10
2.0,1.61,9.0,-0.0008123308532830276
2.0,1.61,10.0,-0.000977539081086276
2.0,1.61,11.0,6.98975155533077e-10
2.0,1.61,12.0,0.0010185715796521833
2.0,1.61,13.0,0.001015143855781775
2.0,1.61,14.0,-0.0007273168157763602
2.0,1.61,15.0,4.3609656361354165e-06
2.0,1.61,16.0,0.00334220992249068
2.0,1.61,17.0,-3.396163317407425e-06
2.0,1.61,18.0,0.0030849129348974325
2.0,1.61,19.0,0.0007613453959654515
2.0,1.61,20.0,0.0025875547244758046
2.0,1.61,21.0,1.0970886143990555e-09
2.0,1.81,0.0,0.012053096960257359
2.0,1.81,1.0,6.888570547797235e-05
2.0,1.81,2.0,0.0028842374758138445
2.0,1.81,3.0,6.98975155533077e-10
2.0,1.81,4.0,0.004398610647445178
2.0,1.81,5.0,-0.0025804166422435035
2.0,1.81,6.0,0.0016164709685934087
2.0,1.81,7.0,-7.97039751232356e-08
2.0,1.81,8.0,6.98975155533077e-10
2.0,1.81,9.0,-0.0009019040298084424
2.0,1.81,10.0,-0.0010328262244527209
2.0,1.81,11.0,6.98975155533077e-10
2.0,1.81,12.0,0.0011415845752780207
2.0,1.81,13.0,0.0011257123449628093
2.0,1.81,14.0,-0.0007274616404053871
2.0,1.81,15.0,4.802643363971404e-06
2.0,1.81,16.0,0.0036845320309465412
2.0,1.81,17.0,-3.396163399738072e-06
2.0,1.81,18.0,0.0032917373384216964
2.0,1.81,19.0,0.000812265157926928
2.0,1.81,20.0,0.0028893103936415976
2.0,1.81,21.0,1.0970886143990555e-09
2.0,2.01,0.0,0.013205589698892739
2.0,2.01,1.0,7.528512105881013e-05
2.0,2.01,2.0,0.0031689166133569424
2.0,2.01,3.0,6.98975155533077e-10
2.0,2.01,4.0,0.004792690026537483
2.0,2.01,5.0,-0.002729366738416228
2.0,2.01,6.0,0.0017199498794733814
2.0,2.01,7.0,-7.970397512620684e-08
2.0,2.01,8.0,6.98975155533077e-10
2.0,2.01,9.0,-0.0009903981507570214
2.0,2.01,10.0,-0.0010881722082161926
2.0,2.01,11.0,6.98975155533077e-10
2.0,2.01,12.0,0.0012569307813698471
2.0,2.01,13.0,0.0012350370802227395
2.0,2.01,14.0,-0.0007276005049745717
2.0,2.01,15.0,5.2410384022982814e-06
2.0,2.01,16.0,0.004020081800164332
2.0,2.01,17.0,-3.396163477369752e-06
2.0,2.01,18.0,0.0035067511641447835
2.0,2.01,19.0,0.0008676380741269307
2.0,2.01,20.0,0.0031835254863673557
2.0,2.01,21.0,1.0970886143990555e-09
2.0,2.21,0.0,0.014350605246974624
2.0,2.21,1.0,8.163204732453133e-05
2.0,2.21,2.0,0.0034504973792666704
2.0,2.21,3.0,6.98975155533077e-10
2.0,2.21,4.0,0.005182999876287342
2.0,2.21,5.0,-0.0028770349754088237
2.0,2.21,6.0,0.0018207866580811638
2.0,2.21,7.0,-7.970397512893002e-08
2.0,2.21,8.0,6.98975155533077e-10
2.0,2.21,9.0,-0.0010779241584704669
2.0,2.21,10.0,-0.001143390236150954
2.0,2.21,11.0,6.98975155533077e-10
2.0,2.21,12.0,0.001366690194629483
2.0,2.21,13.0,0.0013432238578142686
2.0,2.21,14.0,-0.0007277336915999875
2.0,2.21,15.0,5.676163223805597e-06
2.0,2.21,16.0,0.004349528852026441
2.0,2.21,17.0,-3.3961635506254202e-06
2.0,2.21,18.0,0.003727226360009661
2.0,2.21,19.0,0.0009261522438237524
2.0,2.21,20.0,0.0034719948245613974
2.0,2.21,21.0,1.0970886143990555e-09
2.0,2.41,0.0,0.015487684858797035
2.0,2.41,1.0,8.792395788537188e-05
2.0,2.41,2.0,0.0037292866284378556
2.0,2.41,3.0,6.98975155533077e-10
2.0,2.41,4.0,0.005570101910502223
2.0,2.41,5.0,-0.0030234358795387384
2.0,2.41,6.0,0.001918617153711999
2.0,2.41,7.0,-7.970397513143951e-08
2.0,2.41,8.0,6.98975155533077e-10
2.0,2.41,9.0,-0.001164554593965722
2.0,2.41,10.0,-0.0011983601753160766
2.0,2.41,11.0,6.98975155533077e-10
2.0,2.41,12.0,0.0014720942588368757
2.0,2.41,13.0,0.0014503420886934903
2.0,2.41,14.0,-0.000727861466384232
2.0,2.41,15.0,6.108120569919828e-06
2.0,2.41,16.0,0.004672969491274492
2.0,2.41,17.0,-3.396163619791253e-06
2.0,2.41,18.0,0.003951768947302536
2.0,2.41,19.0,0.0009871516490558285
2.0,2.41,20.0,0.0037559069860360617
2.0,2.41,21.0,1.0970886143990555e-09
2.0,2.61,0.0,0.016541884245446337
2.0,2.61,1.0,9.416559496716603e-05
2.0,2.61,2.0,0.0040190042056737485
2.0,2.61,3.0,6.98975155533077e-10
2.0,2.61,4.0,0.005951755491340527
2.0,2.61,5.0,-0.0031686579488214503
2.0,2.61,6.0,0.002087674641536308
2.0,2.61,7.0,-7.970397513573506e-08
2.0,2.61,8.0,6.98975155533077e-10
2.0,2.61,9.0,-0.001255448402511572
2.0,2.61,10.0,-0.0012441901147765555
2.0,2.61,11.0,6.98975155533077e-10
2.0,2.61,12.0,0.001707498680970032
2.0,2.61,13.0,0.001561449305518131
2.0,2.61,14.0,-0.0007279842008435681
2.0,2.61,15.0,6.516244278637062e-06
2.0,2.61,16.0,0.005107947527347889
2.0,2.61,17.0,-3.396163688328408e-06
2.0,2.61,18.0,0.003957628833174076
2.0,2.61,19.0,0.0009398400380516425
2.0,2.61,20.0,0.0041181483863689805
2.0,2.61,21.0,1.0970886143990555e-09
2.0,2.81,0.0,0.01767524648975849
2.0,2.81,1.0,0.00010052113040776023
2.0,2.81,2.0,0.004281907432522214
2.0,2.81,3.0,6.98975155533077e-10
2.0,2.81,4.0,0.00630437083287505
2.0,2.81,5.0,-0.0033127157005025595
2.0,2.81,6.0,0.0022141760869990312
2.0,2.81,7.0,-7.970397513867815e-08
2.0,2.81,8.0,6.98975155533077e-10
2.0,2.81,9.0,-0.0013385443890612525
2.0,2.81,10.0,-0.001302725204696098
2.0,2.81,11.0,6.98975155533077e-10
2.0,2.81,12.0,0.0017679541211388927
2.0,2.81,13.0,0.0016648879447282716
2.0,2.81,14.0,-0.0007281020304336025
2.0,2.81,15.0,6.93308049040664e-06
2.0,2.81,16.0,0.00544320932135367
2.0,2.81,17.0,-3.396163751743499e-06
2.0,2.81,18.0,0.0042139956063937944
2.0,2.81,19.0,0.0010139877627237115
2.0,2.81,20.0,0.004350970624734329
2.0,2.81,21.0,1.0970886143990555e-09
2.0,3.01,0.0,0.018756762953860973
2.0,3.01,1.0,0.00010649076651358946
2.0,3.01,2.0,0.004565972973270549
2.0,3.01,3.0,6.98975155533077e-10
2.0,3.01,4.0,0.00671010938929717
2.0,3.01,5.0,-0.0034554457123497986
2.0,3.01,6.0,0.002292537545437623
2.0,3.01,7.0,-7.970397514018463e-08
2.0,3.01,8.0,6.98975155533077e-10
2.0,3.01,9.0,-0.0014256013042151794
2.0,3.01,10.0,-0.0013508489306032767
2.0,3.01,11.0,6.98975155533077e-10
2.0,3.01,12.0,0.0019365996786291917
2.0,3.01,13.0,0.0017717417791942303
2.0,3.01,14.0,-0.0007282149585053756
2.0,3.01,15.0,7.358862513989761e-06
2.0,3.01,16.0,0.005761677434757528
2.0,3.01,17.0,-3.3961638090584513e-06
2.0,3.01,18.0,0.004363074924848109
2.0,3.01,19.0,0.001042734801828371
2.0,3.01,20.0,0.004686900622980161
2.0,3.01,21.0,1.0970886143990555e-09
2.0,3.21,0.0,0.019855334347847253
2.0,3.21,1.0,0.00011263253220933356
2.0,3.21,2.0,0.0048322931448881445
2.0,3.21,3.0,6.98975155533077e-10
2.0,3.21,4.0,0.007073506704826871
2.0,3.21,5.0,-0.003597000710858264
2.0,3.21,6.0,0.002404379443652571
2.0,3.21,7.0,-7.970397514240548e-08
2.0,3.21,8.0,6.98975155533077e-10
2.0,3.21,9.0,-0.0015089271193077514
2.0,3.21,10.0,-0.0014049810606919233
2.0,3.21,11.0,6.98975155533077e-10
2.0,3.21,12.0,0.0020334494629958844
2.0,3.21,13.0,0.0018749344078134722
2.0,3.21,14.0,-0.0007283235157003491
2.0,3.21,15.0,7.772104453629414e-06
2.0,3.21,16.0,0.006089425383993596
2.0,3.21,17.0,-3.396163864890159e-06
2.0,3.21,18.0,0.004574292747099418
2.0,3.21,19.0,0.0010976259656682585
2.0,3.21,20.0,0.0049508659446110825
2.0,3.21,21.0,1.0970886143990555e-09
2.0,3.41,0.0,0.020945362351465824
2.0,3.41,1.0,0.00011871594282170106
2.0,3.41,2.0,0.00509652078770062
2.0,3.41,3.0,6.98975155533077e-10
2.0,3.41,4.0,0.0074350884147810214
2.0,3.41,5.0,-0.0037373644352667185
2.0,3.41,6.0,0.002512683426170448
2.0,3.41,7.0,-7.970397514438784e-08
2.0,3.41,8.0,6.98975155533077e-10
2.0,3.41,9.0,-0.0015915326882313119
2.0,3.41,10.0,-0.001458664751515626
2.0,3.41,11.0,6.98975155533077e-10
2.0,3.41,12.0,0.002128726665862668
2.0,3.41,13.0,0.0019772320563614665
2.0,3.41,14.0,-0.0007284277908093092
2.0,3.41,15.0,8.18250815479149e-06
2.0,3.41,16.0,0.006411673846745458
2.0,3.41,17.0,-3.396163917558288e-06
2.0,3.41,18.0,0.004786733088690931
2.0,3.41,19.0,0.0011537331247496452
2.0,3.41,20.0,0.005212892227867416
2.0,3.41,21.0,1.0970886143990555e-09
2.0,3.61,0.0,0.022183887603569707
2.0,3.61,1.0,0.0001256226155282869
2.0,3.61,2.0,0.005282845241704359
2.0,3.61,3.0,6.98975155533077e-10
2.0,3.61,4.0,0.007655897987576155
2.0,3.61,5.0,-0.003877038172438285
2.0,3.61,6.0,0.0027121430459577933
2.0,3.61,7.0,-7.970397514603695e-08
2.0,3.61,8.0,6.98975155533077e-10
2.0,3.61,9.0,-0.0016565310862698412
2.0,3.61,10.0,-0.00154859535432314
2.0,3.61,11.0,6.98975155533077e-10
2.0,3.61,12.0,0.0018662623174905968
2.0,3.61,13.0,0.0020628058668928917
2.0,3.61,14.0,-0.0007285277821509358
2.0,3.61,15.0,8.572641169629636e-06
2.0,3.61,16.0,0.006719066520746386
2.0,3.61,17.0,-3.3961639671535565e-06
2.0,3.61,18.0,0.005401825510409242
2.0,3.61,19.0,0.0013983548682306446
2.0,3.61,20.0,0.005148646951696478
2.0,3.61,21.0,1.0970886143990555e-09
2.0,3.81,0.0,0.023210577730364723
2.0,3.81,1.0,0.00013130165525415682
2.0,3.81,2.0,0.0055670089906903475
2.0,3.81,3.0,6.98975155533077e-10
2.0,3.81,4.0,0.008059631724022243
2.0,3.81,5.0,-0.004014887241154258
2.0,3.81,6.0,0.002775888587537967
2.0,3.81,7.0,-7.970397514770215e-08
2.0,3.81,8.0,6.98975155533077e-10
2.0,3.81,9.0,-0.0017429239262092278
2.0,3.81,10.0,-0.0015899649670804705
2.0,3.81,11.0,6.98975155533077e-10
2.0,3.81,12.0,0.0020644131279153877
2.0,3.81,13.0,0.0021682044501682984
2.0,3.81,14.0,-0.000728624121907551
2.0,3.81,15.0,8.984669870287787e-06
2.0,3.81,16.0,0.007024219489447203
2.0,3.81,17.0,-3.3961640141975767e-06
2.0,3.81,18.0,0.005503317942613273
2.0,3.81,19.0,0.001404543932439939
2.0,3.81,20.0,0.005506561357120687
2.0,3.81,21.0,1.0970886143990555e-09
2.0,4.01,0.0,0.024238171126908403
2.0,4.01,1.0,0.00013700014241202485
2.0,4.01,2.0,0.005843490942767815
2.0,4.01,3.0,6.98975155533077e-10
2.0,4.01,4.0,0.00844951026508789
2.0,4.01,5.0,-0.004151640856692243
2.0,4.01,6.0,0.0028493502841531737
2.0,4.01,7.0,-7.970397514923114e-08
2.0,4.01,8.0,6.98975155533077e-10
2.0,4.01,9.0,-0.0018274888168945957
2.0,4.01,10.0,-0.0016334367464060084
2.0,4.01,11.0,6.98975155533077e-10
2.0,4.01,12.0,0.002239734016645456
2.0,4.01,13.0,0.002271695744526875
2.0,4.01,14.0,-0.0007287167210886112
2.0,4.01,15.0,9.39122976637008e-06
2.0,4.01,16.0,0.007330745174597086
2.0,4.01,17.0,-3.3961640587120706e-06
2.0,4.01,18.0,0.005624673070645403
2.0,4.01,19.0,0.0014200027941372317
2.0,4.01,20.0,0.005840700778403818
2.0,4.01,21.0,1.0970886143990555e-09
3.0,0.01,0.0,0.014623593238995758
3.0,0.01,1.0,0.00025783686395580707
3.0,0.01,2.0,0.003370365087785543
3.0,0.01,3.0,7.034272886397019e-10
3.0,0.01,4.0,-0.0038179584167039593
3.0,0.01,5.0,-0.007028457850461141
3.0,0.01,6.0,0.0001498079110082151
3.0,0.01,7.0,-0.00797315943919688
3.0,0.01,8.0,7.034272886397019e-10
3.0,0.01,9.0,0.00021456066335798218
3.0,0.01,10.0,-0.0012047749754244552
3.0,0.01,11.0,7.034272886397019e-10
3.0,0.01,12.0,2.642393510995933e-05
3.0,0.01,13.0,0.0015694887919179557
3.0,0.01,14.0,-1.527477635643557e-05
3.0,0.01,15.0,3.7586528821992315e-05
3.0,0.01,16.0,0.0012461168986585003
3.0,0.01,17.0,-0.012370647218748945
3.0,0.01,18.0,0.0018266321790030848
3.0,0.01,19.0,-0.0058763487954704985
3.0,0.01,20.0,0.007522518094917552
3.0,0.01,21.0,8.909586957095428e-10
3.0,0.21000000000000002,0.0,0.01466590828284653
3.0,0.21000000000000002,1.0,0.0002575018149082453
3.0,0.21000000000000002,2.0,0.003426606072815974
3.0,0.21000000000000002,3.0,7.034272886397019e-10
3.0,0.21000000000000002,4.0,-0.003819504002762042
3.0,0.21000000000000002,5.0,-0.007034714502268257
3.0,0.21000000000000002,6.0,0.0001276515815727408
3.0,0.21000000000000002,7.0,-0.007993524224043952
3.0,0.21000000000000002,8.0,7.034272886397019e-10
3.0,0.21000000000000002,9.0,0.0002124602405430276
3.0,0.21000000000000002,10.0,-0.0012054792908225143
3.0,0.21000000000000002,11.0,7.034272886397019e-10
3.0,0.21000000000000002,12.0,2.476148255084465e-05
3.0,0.21000000000000002,13.0,0.0015830832038620513
3.0,0.21000000000000002,14.0,-1.5274777400945822e-05
3.0,0.21000000000000002,15.0,3.805063123235586e-05
3.0,0.21000000000000002,16.0,0.0012302728651321093
3.0,0.21000000000000002,17.0,-0.012412898505643914
3.0,0.21000000000000002,18.0,0.0018282056264597724
3.0,0.21000000000000002,19.0,-0.0059187970076030605
3.0,0.21000000000000002,20.0,0.007614541624372362
3.0,0.21000000000000002,21.0,8.909586957095428e-10
3.0,0.41000000000000003,0.0,0.014689277522076272
3.0,0.41000000000000003,1.0,0.0002564034515831204
3.0,0.41000000000000003,2.0,0.003502559148911011
3.0,0.41000000000000003,3.0,7.034272886397019e-10
3.0,0.41000000000000003,4.0,-0.003812415518144263
3.0,0.41000000000000003,5.0,-0.007040419190403255
3.0,0.41000000000000003,6.0,9.76598296507647e-05
3.0,0.41000000000000003,7.0,-0.008012171072289687
3.0,0.41000000000000003,8.0,7.034272886397019e-10
3.0,0.41000000000000003,9.0,0.0002088498255944371
3.0,0.41000000000000003,10.0,-0.0012060915565507146
3.0,0.41000000000000003,11.0,7.034272886397019e-10
3.0,0.41000000000000003,12.0,2.349068926596476e-05
3.0,0.41000000000000003,13.0,0.0015994307816667719
3.0,0.41000000000000003,14.0,-1.5274778607071235e-05
3.0,0.41000000000000003,15.0,3.8630809387762977e-05
3.0,0.41000000000000003,16.0,0.0012096488547579387
3.0,0.41000000000000003,17.0,-0.012451011932212184
3.0,0.41000000000000003,18.0,0.0018297678674303597
3.0,0.41000000000000003,19.0,-0.005966575529959994
3.0,0.41000000000000003,20.0,0.007730595785354177
3.0,0.41000000000000003,21.0,8.909586957095428e-10
3.0,0.6100000000000001,0.0,0.01462348824432802
3.0,0.6100000000000001,1.0,0.0002512856563183785
3.0,0.6100000000000001,2.0,0.003661301579650389
3.0,0.6100000000000001,3.0,7.034272886397019e-10
3.0,0.6100000000000001,4.0,-0.003770533433494705
3.0,0.6100000000000001,5.0,-0.007046140675135865
3.0,0.6100000000000001,6.0,2.6325430753759704e-05
3.0,0.6100000000000001,7.0,-0.008032564527765074
3.0,0.6100000000000001,8.0,7.034272886397019e-10
3.0,0.6100000000000001,9.0,0.0001977354656399477
3.0,0.6100000000000001,10.0,-0.0012066076749779608
3.0,0.6100000000000001,11.0,7.034272886397019e-10
3.0,0.6100000000000001,12.0,2.444400100196087e-05
3.0,0.6100000000000001,13.0,0.0016267196030083364
3.0,0.6100000000000001,14.0,-1.5274779859461574e-05
3.0,0.6100000000000001,15.0,3.981079177778346e-05
3.0,0.6100000000000001,16.0,0.001167171160051883
3.0,0.6100000000000001,17.0,-0.012490317199210812
3.0,0.6100000000000001,18.0,0.001832036757770189
3.0,0.6100000000000001,19.0,-0.006026207082800161
3.0,0.6100000000000001,20.0,0.007975226191891172
3.0,0.6100000000000001,21.0,8.909586957095428e-10
3.0,0.81,0.0,0.014613487383297263
3.0,0.81,1.0,0.0002485824317708385
3.0,0.81,2.0,0.0037669298655170214
3.0,0.81,3.0,7.034272886397019e-10
3.0,0.81,4.0,-0.003750725580613512
3.0,0.81,5.0,-0.0070519538822375865
3.0,0.81,6.0,-2.0581450392576084e-05
3.0,0.81,7.0,-0.008052516407969085
3.0,0.81,8.0,7.034272886397019e-10
3.0,0.81,9.0,0.00019117131719348368
3.0,0.81,10.0,-0.0012071896438393681
3.0,0.81,11.0,7.034272886397019e-10
3.0,0.81,12.0,2.404767298885835e-05
3.0,0.81,13.0,0.0016469667339802652
3.0,0.81,14.0,-1.5274780954311866e-05
3.0,0.81,15.0,4.063220783395716e-05
3.0,0.81,16.0,0.0011379261907799587
3.0,0.81,17.0,-0.012530312302238923
3.0,0.81,18.0,0.0018339203227910328
3.0,0.81,19.0,-0.0060765537474057885
3.0,0.81,20.0,0.008146267734931989
3.0,0.81,21.0,8.909586957095428e-10
3.0,1.01,0.0,0.014607830794390986
3.0,1.01,1.0,0.0002460608672981146
3.0,1.01,2.0,0.003867108086943183
3.0,1.01,3.0,7.034272886397019e-10
3.0,1.01,4.0,-0.003732669581863801
3.0,1.01,5.0,-0.0070577138750305465
3.0,1.01,6.0,-6.544917650580517e-05
3.0,1.01,7.0,-0.008072175951676808
3.0,1.01,8.0,7.034272886397019e-10
3.0,1.01,9.0,0.00018497690476304562
3.0,1.01,10.0,-0.0012077719885756066
3.0,1.01,11.0,7.034272886397019e-10
3.0,1.01,12.0,2.3576882148129696e-05
3.0,1.01,13.0,0.0016664219308351047
3.0,1.01,14.0,-1.527478203276287e-05
3.0,1.01,15.0,4.142148274616231e-05
3.0,1.01,16.0,0.00110988495530151
3.0,1.01,17.0,-0.012569807746619418
3.0,1.01,18.0,0.0018357653681011776
3.0,1.01,19.0,-0.006125209904012274
3.0,1.01,20.0,0.008311817938933874
3.0,1.01,21.0,8.909586957095428e-10
3.0,1.2100000000000002,0.0,0.014635970477142046
3.0,1.2100000000000002,1.0,0.0002456938387502272
3.0,1.2100000000000002,2.0,0.00391097105019611
3.0,1.2100000000000002,3.0,7.034272886397019e-10
3.0,1.2100000000000002,4.0,-0.003734557411062822
3.0,1.2100000000000002,5.0,-0.007063256766653845
3.0,1.2100000000000002,6.0,-8.352954726231765e-05
3.0,1.2100000000000002,7.0,-0.00808912713044338
3.0,1.2100000000000002,8.0,7.034272886397019e-10
3.0,1.2100000000000002,9.0,0.0001831081816043023
3.0,1.2100000000000002,10.0,-0.0012084244116593035
3.0,1.2100000000000002,11.0,7.034272886397019e-10
3.0,1.2100000000000002,12.0,2.247782960426714e-05
3.0,1.2100000000000002,13.0,0.001677574675543081
3.0,1.2100000000000002,14.0,-1.5274783140469987e-05
3.0,1.2100000000000002,15.0,4.179746926441519e-05
3.0,1.2100000000000002,16.0,0.0010977011387416913
3.0,1.2100000000000002,17.0,-0.012604445094261826
3.0,1.2100000000000002,18.0,0.001837256186252273
3.0,1.2100000000000002,19.0,-0.006156019842535498
3.0,1.2100000000000002,20.0,0.008394960107010907
3.0,1.2100000000000002,21.0,8.909586957095428e-10
3.0,1.4100000000000001,0.0,0.014649039826360566
3.0,1.4100000000000001,1.0,0.0002438809834069966
3.0,1.4100000000000001,2.0,0.003996796194382257
3.0,1.4100000000000001,3.0,7.034272886397019e-10
3.0,1.4100000000000001,4.0,-0.003722532074406204
3.0,1.4100000000000001,5.0,-0.007069005291184465
3.0,1.4100000000000001,6.0,-0.00012185934828945477
3.0,1.4100000000000001,7.0,-0.008108660517973987
3.0,1.4100000000000001,8.0,7.034272886397019e-10
3.0,1.4100000000000001,9.0,0.00017822739617559535
3.0,1.4100000000000001,10.0,-0.0012090170542450596
3.0,1.4100000000000001,11.0,7.034272886397019e-10
3.0,1.4100000000000001,12.0,2.151687301826799e-05
3.0,1.4100000000000001,13.0,0.0016951803847667923
3.0,1.4100000000000001,14.0,-1.527478417719181e-05
3.0,1.4100000000000001,15.0,4.249712186368826e-05
3.0,1.4100000000000001,16.0,0.0010729249496040372
3.0,1.4100000000000001,17.0,-0.012644240413460243
3.0,1.4100000000000001,18.0,0.001838962378464537
3.0,1.4100000000000001,19.0,-0.006203439820299306
3.0,1.4100000000000001,20.0,0.008541022645058294
3.0,1.4100000000000001,21.0,8.909586957095428e-10
3.0,1.61,0.0,0.014732787702190442
3.0,1.61,1.0,0.0002452430871176525
3.0,1.61,2.0,0.0040125313571516275
3.0,1.61,3.0,7.034272886397019e-10
3.0,1.61,4.0,-0.003738051093370831
3.0,1.61,5.0,-0.007074689126544774
3.0,1.61,6.0,-0.0001251132905878971
3.0,1.61,7.0,-0.008126130373411394
3.0,1.61,8.0,7.034272886397019e-10
3.0,1.61,9.0,0.0001793899529783094
3.0,1.61,10.0,-0.0012097073003676795
3.0,1.61,11.0,7.034272886397019e-10
3.0,1.61,12.0,1.903415945897491e-05
3.0,1.61,13.0,0.0017030159208002993
3.0,1.61,14.0,-1.527478519551595e-05
3.0,1.61,15.0,4.267750582487295e-05
3.0,1.61,16.0,0.0010669587025942118
3.0,1.61,17.0,-0.012681465953312189
3.0,1.61,18.0,0.0018400841480998575
3.0,1.61,19.0,-0.006238786340586666
3.0,1.61,20.0,0.008577246376631598
3.0,1.61,21.0,8.909586957095428e-10
3.0,1.81,0.0,0.015087623552274887
3.0,1.81,1.0,0.00025898447852590323
3.0,1.81,2.0,0.0037619560332362023
3.0,1.81,3.0,7.034272886397019e-10
3.0,1.81,4.0,-0.003861309044503658
3.0,1.81,5.0,-0.0070805441018004425
3.0,1.81,6.0,5.918076002309203e-06
3.0,1.81,7.0,-0.008137659650981593
3.0,1.81,8.0,7.034272886397019e-10
3.0,1.81,9.0,0.00020398552301592598
3.0,1.81,10.0,-0.001210801263621164
3.0,1.81,11.0,7.034272886397019e-10
3.0,1.81,12.0,1.034099023794477e-05
3.0,1.81,13.0,0.0016743118959815506
3.0,1.81,14.0,-1.5274786088360885e-05
3.0,1.81,15.0,4.089490278499919e-05
3.0,1.81,16.0,0.001132752849484553
3.0,1.81,17.0,-0.012713306771172984
3.0,1.81,18.0,0.0018390353405072501
3.0,1.81,19.0,-0.00623088538365707
3.0,1.81,20.0,0.008193744195390984
3.0,1.81,21.0,8.909586957095428e-10
3.0,2.01,0.0,0.014753573929234376
3.0,2.01,1.0,0.00024241403762481628
3.0,2.01,2.0,0.004157580094751423
3.0,2.01,3.0,7.034272886397019e-10
3.0,2.01,4.0,-0.0037223311318709262
3.0,2.01,5.0,-0.007085949195952531
3.0,2.01,6.0,-0.00019071619944971419
3.0,2.01,7.0,-0.008163425526976631
3.0,2.01,8.0,7.034272886397019e-10
3.0,2.01,9.0,0.0001714413116352953
3.0,2.01,10.0,-0.0012109267943057334
3.0,2.01,11.0,7.034272886397019e-10
3.0,2.01,12.0,1.720871921670475e-05
3.0,2.01,13.0,0.0017338496279837856
3.0,2.01,14.0,-1.527478720094594e-05
3.0,2.01,15.0,4.386884996965268e-05
3.0,2.01,16.0,0.001025793097674088
3.0,2.01,17.0,-0.012757351988798515
3.0,2.01,18.0,0.0018434400129650197
3.0,2.01,19.0,-0.006317062536717655
3.0,2.01,20.0,0.008827633514962296
3.0,2.01,21.0,8.909586957095428e-10
3.0,2.21,0.0,0.014752812734134868
3.0,2.21,1.0,0.00023943342158250225
3.0,2.21,2.0,0.004270098950959533
3.0,2.21,3.0,7.034272886397019e-10
3.0,2.21,4.0,-0.003699490625546753
3.0,2.21,5.0,-0.007091342159246609
3.0,2.21,6.0,-0.00024410691715948118
3.0,2.21,7.0,-0.00818332243976802
3.0,2.21,8.0,7.034272886397019e-10
3.0,2.21,9.0,0.00016431947743705821
3.0,2.21,10.0,-0.00121141511386047
3.0,2.21,11.0,7.034272886397019e-10
3.0,2.21,12.0,1.658429419912344e-05
3.0,2.21,13.0,0.0017550404634341377
3.0,2.21,14.0,-1.5274788217345228e-05
3.0,2.21,15.0,4.478459181095351e-05
3.0,2.21,16.0,0.0009925928245150817
3.0,2.21,17.0,-0.01279769878208812
3.0,2.21,18.0,0.0018452430732998348
3.0,2.21,19.0,-0.006370447706964155
3.0,2.21,20.0,0.009016687333274542
3.0,2.21,21.0,8.909586957095428e-10
3.0,2.41,0.0,0.01489666262113909
3.0,2.41,1.0,0.0002432022889769514
3.0,2.41,2.0,0.004233433515988039
3.0,2.41,3.0,7.034272886397019e-10
3.0,2.41,4.0,-0.003735943909646322
3.0,2.41,5.0,-0.007096670241361596
3.0,2.41,6.0,-0.0002171340978202041
3.0,2.41,7.0,-0.008198384010631998
3.0,2.41,8.0,7.034272886397019e-10
3.0,2.41,9.0,0.00016998390900599403
3.0,2.41,10.0,-0.0012121401843329938
3.0,2.41,11.0,7.034272886397019e-10
3.0,2.41,12.0,1.308378483921846e-05
3.0,2.41,13.0,0.0017554823649356122
3.0,2.41,14.0,-1.5274789223855993e-05
3.0,2.41,15.0,4.453804510146098e-05
3.0,2.41,16.0,0.0010014272437504634
3.0,2.41,17.0,-0.012831184571627682
3.0,2.41,18.0,0.0018457394534766303
3.0,2.41,19.0,-0.006402082478791649
3.0,2.41,20.0,0.008964141992645835
3.0,2.41,21.0,8.909586957095428e-10
3.0,2.61,0.0,0.014970037852016782
3.0,2.61,1.0,0.0002442471320170392
3.0,2.61,2.0,0.004253682768406264
3.0,2.61,3.0,7.034272886397019e-10
3.0,2.61,4.0,-0.0037488157961138024
3.0,2.61,5.0,-0.007102111871843187
3.0,2.61,6.0,-0.00022244684086020206
3.0,2.61,7.0,-0.008215281175509292
3.0,2.61,8.0,7.034272886397019e-10
3.0,2.61,9.0,0.0001706149996122952
3.0,2.61,10.0,-0.0012127986018249937
3.0,2.61,11.0,7.034272886397019e-10
3.0,2.61,12.0,1.0897161571959968e-05
3.0,2.61,13.0,0.0017636552913270487
3.0,2.61,14.0,-1.5274790199858766e-05
3.0,2.61,15.0,4.474081514260764e-05
3.0,2.61,16.0,0.000994587953762338
3.0,2.61,17.0,-0.012866987071962651
3.0,2.61,18.0,0.0018468600258244317
3.0,2.61,19.0,-0.006436505222191524
3.0,2.61,20.0,0.00900545633969696
3.0,2.61,21.0,8.909586957095428e-10
3.0,2.81,0.0,0.01553877628911604
3.0,2.81,1.0,0.0002686970605132455
3.0,2.81,2.0,0.0037615453977873914
3.0,2.81,3.0,7.034272886397019e-10
3.0,2.81,4.0,-0.003962986597155105
3.0,2.81,5.0,-0.00710745567970731
3.0,2.81,6.0,3.130676136336996e-05
3.0,2.81,7.0,-0.008217347974087519
3.0,2.81,8.0,7.034272886397019e-10
3.0,2.81,9.0,0.00021576105419840452
3.0,2.81,10.0,-0.001214228861346478
3.0,2.81,11.0,7.034272886397019e-10
3.0,2.81,12.0,-2.495049528011828e-06
3.0,2.81,13.0,0.0017010239871143584
3.0,2.81,14.0,-1.527479116451801e-05
3.0,2.81,15.0,4.1146673319392146e-05
3.0,2.81,16.0,0.0011266913201445905
3.0,2.81,17.0,-0.012884413409351939
3.0,2.81,18.0,0.0018438008658568927
3.0,2.81,19.0,-0.006383106372612857
3.0,2.81,20.0,0.008244107966043357
3.0,2.81,21.0,8.909586957095428e-10
3.0,3.01,0.0,0.015603596809962705
3.0,3.01,1.0,0.00026951272609571086
3.0,3.01,2.0,0.0037869625136021656
3.0,3.01,3.0,7.034272886397019e-10
3.0,3.01,4.0,-0.00397367091739631
3.0,3.01,5.0,-0.007112803151083671
3.0,3.01,6.0,2.361516534371555e-05
3.0,3.01,7.0,-0.0082341830495897
3.0,3.01,8.0,7.034272886397019e-10
3.0,3.01,9.0,0.00021597228991424022
3.0,3.01,10.0,-0.0012148657048995926
3.0,3.01,11.0,7.034272886397019e-10
3.0,3.01,12.0,-4.554192667927115e-06
3.0,3.01,13.0,0.0017098631223650407
3.0,3.01,14.0,-1.5274792125114294e-05
3.0,3.01,15.0,4.138396878708428e-05
3.0,3.01,16.0,0.0011186777084873922
3.0,3.01,17.0,-0.01292000266660252
3.0,3.01,18.0,0.0018449445971698009
3.0,3.01,19.0,-0.0064178744914131225
3.0,3.01,20.0,0.00829195505190461
3.0,3.01,21.0,8.909586957095428e-10
3.0,3.21,0.0,0.01566695157959641
3.0,3.21,1.0,0.0002702785870893898
3.0,3.21,2.0,0.003813032213136225
3.0,3.21,3.0,7.034272886397019e-10
3.0,3.21,4.0,-0.003983916327623294
3.0,3.21,5.0,-0.007118102590812973
3.0,3.21,6.0,1.556307114086719e-05
3.0,3.21,7.0,-0.008250903192942388
3.0,3.21,8.0,7.034272886397019e-10
3.0,3.21,9.0,0.00021610203066846356
3.0,3.21,10.0,-0.0012154961293102673
3.0,3.21,11.0,7.034272886397019e-10
3.0,3.21,12.0,-6.5700664423073984e-06
3.0,3.21,13.0,0.0017187397410820815
3.0,3.21,14.0,-1.527479307832914e-05
3.0,3.21,15.0,4.162517744144001e-05
3.0,3.21,16.0,0.0011105102170249626
3.0,3.21,17.0,-0.012955324531424166
3.0,3.21,18.0,0.0018460857675486886
3.0,3.21,19.0,-0.006452455089010323
3.0,3.21,20.0,0.008340688932557017
3.0,3.21,21.0,8.909586957095428e-10
3.0,3.41,0.0,0.015102226932845908
3.0,3.41,1.0,0.00024152152370249258
3.0,3.41,2.0,0.004470668620859208
3.0,3.41,3.0,7.034272886397019e-10
3.0,3.41,4.0,-0.0037412894881741487
3.0,3.41,5.0,-0.007123435872370463
3.0,3.41,6.0,-0.0003195764199151463
3.0,3.41,7.0,-0.008284837649259663
3.0,3.41,8.0,7.034272886397019e-10
3.0,3.41,9.0,0.0001603989547708795
3.0,3.41,10.0,-0.0012151766549977627
3.0,3.41,11.0,7.034272886397019e-10
3.0,3.41,12.0,5.764024215093588e-06
3.0,3.41,13.0,0.0018144392951973953
3.0,3.41,14.0,-1.5274794064286194e-05
3.0,3.41,15.0,4.662593128135217e-05
3.0,3.41,16.0,0.0009290309248351503
3.0,3.41,17.0,-0.013010430659827842
3.0,3.41,18.0,0.0018526101414882978
3.0,3.41,19.0,-0.006584042799341661
3.0,3.41,20.0,0.009404608364063649
3.0,3.41,21.0,8.909586957095428e-10
3.0,3.61,0.0,0.015089230780358842
3.0,3.61,1.0,0.0002385567498116581
3.0,3.61,2.0,0.004573467248614627
3.0,3.61,3.0,7.034272886397019e-10
3.0,3.61,4.0,-0.003719826950970173
3.0,3.61,5.0,-0.007128628076473623
3.0,3.61,6.0,-0.00036894182948815635
3.0,3.61,7.0,-0.008303277300604484
3.0,3.61,8.0,7.034272886397019e-10
3.0,3.61,9.0,0.00015352148160202583
3.0,3.61,10.0,-0.0012156786267578934
3.0,3.61,11.0,7.034272886397019e-10
3.0,3.61,12.0,5.58393127064738e-06
3.0,3.61,13.0,0.001833772054288474
3.0,3.61,14.0,-1.5274795009927278e-05
3.0,3.61,15.0,4.746215518638963e-05
3.0,3.61,16.0,0.0008991296823455674
3.0,3.61,17.0,-0.013047293969750826
3.0,3.61,18.0,0.001854413228682239
3.0,3.61,19.0,-0.0066290879484240395
3.0,3.61,20.0,0.009582369495268028
3.0,3.61,21.0,8.909586957095428e-10
3.0,3.81,0.0,0.015515695854315448
3.0,3.81,1.0,0.00025770671953662116
3.0,3.81,2.0,0.004200619774836267
3.0,3.81,3.0,7.034272886397019e-10
3.0,3.81,4.0,-0.0038893242262711403
3.0,3.81,5.0,-0.007133966912686072
3.0,3.81,6.0,-0.0001704109244407559
3.0,3.81,7.0,-0.00830925506428909
3.0,3.81,8.0,7.034272886397019e-10
3.0,3.81,9.0,0.00018872138876099842
3.0,3.81,10.0,-0.0012169269929250548
3.0,3.81,11.0,7.034272886397019e-10
3.0,3.81,12.0,-4.939379891655271e-06
3.0,3.81,13.0,0.0017870438404729294
3.0,3.81,14.0,-1.5274795899793702e-05
3.0,3.81,15.0,4.468397441023675e-05
3.0,3.81,16.0,0.0010028248974091603
3.0,3.81,17.0,-0.01306991299592063
3.0,3.81,18.0,0.0018523339500404745
3.0,3.81,19.0,-0.0065910868269411504
3.0,3.81,20.0,0.008983912804803706
3.0,3.81,21.0,8.909586957095428e-10
3.0,4.01,0.0,0.015574211434867258
3.0,4.01,1.0,0.0002584136239782153
3.0,4.01,2.0,0.0042249031622458855
3.0,4.01,3.0,7.034272886397019e-10
3.0,4.01,4.0,-0.003899406861367305
3.0,4.01,5.0,-0.007139110427825373
3.0,4.01,6.0,-0.00017839945477293728
3.0,4.01,7.0,-0.00832549366433502
3.0,4.01,8.0,7.034272886397019e-10
3.0,4.01,9.0,0.00018883183872722697
3.0,4.01,10.0,-0.001217542965972318
3.0,4.01,11.0,7.034272886397019e-10
3.0,4.01,12.0,-6.823777035341871e-06
3.0,4.01,13.0,0.0017954142005978946
3.0,4.01,14.0,-1.5274796822509088e-05
3.0,4.01,15.0,4.491628944219839e-05
3.0,4.01,16.0,0.000995192712755666
3.0,4.01,17.0,-0.013104164531897732
3.0,4.01,18.0,0.0018534696898210024
3.0,4.01,19.0,-0.006622528447481069
3.0,4.01,20.0,0.009031285025965397
3.0,4.01,21.0,8.909586957095428e-10
4.0,0.01,0.0,0.00031271624565676337
4.0,0.01,1.0,2.2124615287721916e-05
4.0,0.01,2.0,0.0001016871642866013
4.0,0.01,3.0,6.608777969319135e-10
4.0,0.01,4.0,-0.00013396915014890487
4.0,0.01,5.0,-0.00010872532515551758
4.0,0.01,6.0,6.002325010079357e-06
4.0,0.01,7.0,-4.615218623027495e-05
4.0,0.01,8.0,6.608777969319135e-10
4.0,0.01,9.0,-1.5044951853532273e-05
4.0,0.01,10.0,-2.0330470599599915e-05
4.0,0.01,11.0,6.608777969319135e-10
4.0,0.01,12.0,-3.5127769487885985e-05
4.0,0.01,13.0,0.0001105641666953594
4.0,0.01,14.0,7.896375853524984e-05
4.0,0.01,15.0,6.597460465329608e-06
4.0,0.01,16.0,0.00010704344213063877
4.0,0.01,17.0,2.4216545560729053e-05
4.0,0.01,18.0,1.247999028120006e-06
4.0,0.01,19.0,8.829296545453946e-05
4.0,0.01,20.0,4.319786117135127e-05
4.0,0.01,21.0,9.203635631394036e-10
4.0,0.21000000000000002,0.0,0.006501382118943799
4.0,0.21000000000000002,1.0,0.00048047330894435136
4.0,0.21000000000000002,2.0,0.0017463992858003374
4.0,0.21000000000000002,3.0,6.608777969319135e-10
4.0,0.21000000000000002,4.0,-0.0009661115791411712
4.0,0.21000000000000002,5.0,-0.0017472818138810908
4.0,0.21000000000000002,6.0,0.0001301741671541068
4.0,0.21000000000000002,7.0,-0.00025922253353583
4.0,0.21000000000000002,8.0,6.608777969319135e-10
4.0,0.21000000000000002,9.0,-0.0002630221334852523
4.0,0.21000000000000002,10.0,-0.0004927184328780698
4.0,0.21000000000000002,11.0,6.608777969319135e-10
4.0,0.21000000000000002,12.0,-0.0007815847270452453
4.0,0.21000000000000002,13.0,0.0019647476776238904
4.0,0.21000000000000002,14.0,0.0019759514678287238
4.0,0.21000000000000002,15.0,0.00010734704982595655
4.0,0.21000000000000002,16.0,0.0012182631044919123
4.0,0.21000000000000002,17.0,-0.001283466518957277
4.0,0.21000000000000002,18.0,-0.0003309098184622328
4.0,0.21000000000000002,19.0,0.0007124933696989744
4.0,0.21000000000000002,20.0,0.0002894466694984832
4.0,0.21000000000000002,21.0,9.203635631394036e-10
4.0,0.41000000000000003,0.0,0.012510338775728713
4.0,0.41000000000000003,1.0,0.0009213969815710099
4.0,0.41000000000000003,2.0,0.0033766142365870833
4.0,0.41000000000000003,3.0,6.608777969319135e-10
4.0,0.41000000000000003,4.0,-0.001979423069047137
4.0,0.41000000000000003,5.0,-0.0033983312937982124
4.0,0.41000000000000003,6.0,0.00025417454486981184
4.0,0.41000000000000003,7.0,-0.0005486677831193498
4.0,0.41000000000000003,8.0,6.608777969319135e-10
4.0,0.41000000000000003,9.0,-0.000508632913882423
4.0,0.41000000000000003,10.0,-0.0009426102564703276
4.0,0.41000000000000003,11.0,6.608777969319135e-10
4.0,0.41000000000000003,12.0,-0.0014914881873392127
4.0,0.41000000000000003,13.0,0.0037967787768895533
4.0,0.41000000000000003,14.0,0.0037759634578426182
4.0,0.41000000000000003,15.0,0.00020710014847033498
4.0,0.41000000000000003,16.0,0.0024113584912764385
4.0,0.41000000000000003,17.0,-0.0023224751425992562
4.0,0.41000000000000003,18.0,-0.0006087346659862103
4.0,0.41000000000000003,19.0,0.0014496837525989625
4.0,0.41000000000000003,20.0,0.0005994110133342723
4.0,0.41000000000000003,21.0,9.203635631394036e-10
4.0,0.6100000000000001,0.0,0.01840954050699206
4.0,0.6100000000000001,1.0,0.0013578929896443381
4.0,0.6100000000000001,2.0,0.004947110311541381
4.0,0.6100000000000001,3.0,6.608777969319135e-10
4.0,0.6100000000000001,4.0,-0.002803361536145077
4.0,0.6100000000000001,5.0,-0.004968846087023221
4.0,0.6100000000000001,6.0,0.000373278000329047
4.0,0.6100000000000001,7.0,-0.0007636485772110069
4.0,0.6100000000000001,8.0,6.608777969319135e-10
4.0,0.6100000000000001,9.0,-0.0007454060295192799
4.0,0.6100000000000001,10.0,-0.0013917021678551689
4.0,0.6100000000000001,11.0,6.608777969319135e-10
4.0,0.6100000000000001,12.0,-0.002200906429284069
4.0,0.6100000000000001,13.0,0.0055668623873567635
4.0,0.6100000000000001,14.0,0.005576546650737285
4.0,0.6100000000000001,15.0,0.0003032974017340706
4.0,0.6100000000000001,16.0,0.003486065700719687
4.0,0.6100000000000001,17.0,-0.0035354486598500046
4.0,0.6100000000000001,18.0,-0.0009188107188857209
4.0,0.6100000000000001,19.0,0.0020645319791308125
4.0,0.6100000000000001,20.0,0.0008441419366732594
4.0,0.6100000000000001,21.0,9.203635631394036e-10
4.0,0.81,0.0,0.024174317091204434
4.0,0.81,1.0,0.0017846717122314004
4.0,0.81,2.0,0.0064803167153205665
4.0,0.81,3.0,6.608777969319135e-10
4.0,0.81,4.0,-0.0035953849873918697
4.0,0.81,5.0,-0.006498477450433665
4.0,0.81,6.0,0.0004892343801952692
4.0,0.81,7.0,-0.0009681241563754828
4.0,0.81,8.0,6.608777969319135e-10
4.0,0.81,9.0,-0.0009765612357031384
4.0,0.81,10.0,-0.0018306068180424795
4.0,0.81,11.0,6.608777969319135e-10
4.0,0.81,12.0,-0.002894657696647304
4.0,0.81,13.0,0.007295174460701603
4.0,0.81,14.0,0.007338619574425692
4.0,0.81,15.0,0.00039722203186526306
4.0,0.81,16.0,0.004530122994465424
4.0,0.81,17.0,-0.004732334003016037
4.0,0.81,18.0,-0.0012240719335656625
4.0,0.81,19.0,0.002657862189108795
4.0,0.81,20.0,0.001079666959815928
4.0,0.81,21.0,9.203635631394036e-10
4.0,1.01,0.0,0.029806050216673485
4.0,1.01,1.0,0.0022012005925947653
4.0,1.01,2.0,0.007980952495151294
4.0,1.01,3.0,6.608777969319135e-10
4.0,1.01,4.0,-0.004392094284886239
4.0,1.01,5.0,-0.008002702721698868
4.0,1.01,6.0,0.0006037309562824666
4.0,1.01,7.0,-0.001178151103734093
4.0,1.01,8.0,6.608777969319135e-10
4.0,1.01,9.0,-0.0012027942027572625
4.0,1.01,10.0,-0.0022597409523774925
4.0,1.01,11.0,6.608777969319135e-10
4.0,1.01,12.0,-0.003571321662704019
4.0,1.01,13.0,0.008986291307964245
4.0,1.01,14.0,0.009055724794641257
4.0,1.01,15.0,0.0004891368623585746
4.0,1.01,16.0,0.0055613853877795605
4.0,1.01,17.0,-0.0058807552784272965
4.0,1.01,18.0,-0.0015179997945942159
4.0,1.01,19.0,0.0032511290996001807
4.0,1.01,20.0,0.0013163857329401285
4.0,1.01,21.0,9.203635631394036e-10
4.0,1.2100000000000002,0.0,0.03532175211736133
4.0,1.2100000000000002,1.0,0.002610803230814418
4.0,1.2100000000000002,2.0,0.009437581919729876
4.0,1.2100000000000002,3.0,6.608777969319135e-10
4.0,1.2100000000000002,4.0,-0.005045682401450424
4.0,1.2100000000000002,5.0,-0.009438618316447767
4.0,1.2100000000000002,6.0,0.000711567167784033
4.0,1.2100000000000002,7.0,-0.0013345233679504243
4.0,1.2100000000000002,8.0,6.608777969319135e-10
4.0,1.2100000000000002,9.0,-0.0014224716502799772
4.0,1.2100000000000002,10.0,-0.0026835881640761006
4.0,1.2100000000000002,11.0,6.608777969319135e-10
4.0,1.2100000000000002,12.0,-0.004242768696062271
4.0,1.2100000000000002,13.0,0.010630040393141693
4.0,1.2100000000000002,14.0,0.010768370676202427
4.0,1.2100000000000002,15.0,0.0005783745102575788
4.0,1.2100000000000002,16.0,0.006505486700620455
4.0,1.2100000000000002,17.0,-0.0071424661730786765
4.0,1.2100000000000002,18.0,-0.0018330344619209016
4.0,1.2100000000000002,19.0,0.0037486275256553014
4.0,1.2100000000000002,20.0,0.0015062527029847117
4.0,1.2100000000000002,21.0,9.203635631394036e-10
4.0,1.4100000000000001,0.0,0.04070137366226212
4.0,1.4100000000000001,1.0,0.003008536557813024
4.0,1.4100000000000001,2.0,0.01087194323623708
4.0,1.4100000000000001,3.0,6.608777969319135e-10
4.0,1.4100000000000001,4.0,-0.005806868251747921
4.0,1.4100000000000001,5.0,-0.010875117165263543
4.0,1.4100000000000001,6.0,0.0008202449315758975
4.0,1.4100000000000001,7.0,-0.001535401053582297
4.0,1.4100000000000001,8.0,6.608777969319135e-10
4.0,1.4100000000000001,9.0,-0.0016387115662722107
4.0,1.4100000000000001,10.0,-0.0030928678731317605
4.0,1.4100000000000001,11.0,6.608777969319135e-10
4.0,1.4100000000000001,12.0,-0.004889118683224988
4.0,1.4100000000000001,13.0,0.012246325807812597
4.0,1.4100000000000001,14.0,0.01240945614413147
4.0,1.4100000000000001,15.0,0.0006662187895059013
4.0,1.4100000000000001,16.0,0.007490931434574188
4.0,1.4100000000000001,17.0,-0.008237647413524174
4.0,1.4100000000000001,18.0,-0.002113813200040171
4.0,1.4100000000000001,19.0,0.004314680618232425
4.0,1.4100000000000001,20.0,0.0017325493508100198
4.0,1.4100000000000001,21.0,9.203635631394036e-10
4.0,1.61,0.0,0.04596386480419945
4.0,1.61,1.0,0.003397869805580933
4.0,1.61,2.0,0.012272883241736587
4.0,1.61,3.0,6.608777969319135e-10
4.0,1.61,4.0,-0.006528021158608677
4.0,1.61,5.0,-0.012274652022204652
4.0,1.61,6.0,0.0009257185579121807
4.0,1.61,7.0,-0.0017234013486652766
4.0,1.61,8.0,6.608777969319135e-10
4.0,1.61,9.0,-0.001849927802024448
4.0,1.61,10.0,-0.0034941232111465603
4.0,1.61,11.0,6.608777969319135e-10
4.0,1.61,12.0,-0.0055232739787149515
4.0,1.61,13.0,0.013825329515671225
4.0,1.61,14.0,0.01402143421796237
4.0,1.61,15.0,0.0007520154163607462
4.0,1.61,16.0,0.008442382395161596
4.0,1.61,17.0,-0.00933480614314025
4.0,1.61,18.0,-0.0023937965964256347
4.0,1.61,19.0,0.004852309172683866
4.0,1.61,20.0,0.0019457618519453934
4.0,1.61,21.0,9.203635631394036e-10
4.0,1.81,0.0,0.05113679952658057
4.0,1.81,1.0,0.003783797108455278
4.0,1.81,2.0,0.013625416908602528
4.0,1.81,3.0,6.608777969319135e-10
4.0,1.81,4.0,-0.006890480882654926
4.0,1.81,5.0,-0.0135734611747816
4.0,1.81,6.0,0.0010203113440964695
4.0,1.81,7.0,-0.0017858808999788311
4.0,1.81,8.0,6.608777969319135e-10
4.0,1.81,9.0,-0.0020539988475433424
4.0,1.81,10.0,-0.0039048397947581692
4.0,1.81,11.0,6.608777969319135e-10
4.0,1.81,12.0,-0.006172453108588577
4.0,1.81,13.0,0.015353822599898481
4.0,1.81,14.0,0.015705689136332857
4.0,1.81,15.0,0.0008348586079547915
4.0,1.81,16.0,0.009201281818459639
4.0,1.81,17.0,-0.010796054032852331
4.0,1.81,18.0,-0.002744582379884508
4.0,1.81,19.0,0.005145151849312246
4.0,1.81,20.0,0.0020385346015127648
4.0,1.81,21.0,9.203635631394036e-10
4.0,2.01,0.0,0.05615194654358513
4.0,2.01,1.0,0.0041523156372125225
4.0,2.01,2.0,0.014979256250205242
4.0,2.01,3.0,6.608777969319135e-10
4.0,2.01,4.0,-0.007825153913130989
4.0,2.01,5.0,-0.014960948206879265
4.0,2.01,6.0,0.0011271896505214984
4.0,2.01,7.0,-0.0020524541832113163
4.0,2.01,8.0,6.608777969319135e-10
4.0,2.01,9.0,-0.0022580031755756735
4.0,2.01,10.0,-0.004274865096522945
4.0,2.01,11.0,6.608777969319135e-10
4.0,2.01,12.0,-0.006757185519257081
4.0,2.01,13.0,0.016876674733351693
4.0,2.01,14.0,0.0171718210973682
4.0,2.01,15.0,0.0009177404271710765
4.0,2.01,16.0,0.010237188641157968
4.0,2.01,17.0,-0.01155521029274753
4.0,2.01,18.0,-0.0029556101981145777
4.0,2.01,19.0,0.005829674793173811
4.0,2.01,20.0,0.0023277462006613403
4.0,2.01,21.0,9.203635631394036e-10
4.0,2.21,0.0,0.06103873111618041
4.0,2.21,1.0,0.00450849845575918
4.0,2.21,2.0,0.01631835773180057
4.0,2.21,3.0,6.608777969319135e-10
4.0,2.21,4.0,-0.009182309007156386
4.0,2.21,5.0,-0.01639571269245274
4.0,2.21,6.0,0.0012465137749283484
4.0,2.21,7.0,-0.0024572059439487703
4.0,2.21,8.0,6.608777969319135e-10
4.0,2.21,9.0,-0.002459663164540715
4.0,2.21,10.0,-0.004614631926241425
4.0,2.21,11.0,6.608777969319135e-10
4.0,2.21,12.0,-0.007291883104593527
4.0,2.21,13.0,0.018379765986233754
4.0,2.21,14.0,0.01845201287845033
4.0,2.21,15.0,0.000999719924245246
4.0,2.21,16.0,0.011469331507699798
4.0,2.21,17.0,-0.011832733961265107
4.0,2.21,18.0,-0.0030641573456846594
4.0,2.21,19.0,0.006803678093903476
4.0,2.21,20.0,0.0027585720077388243
4.0,2.21,21.0,9.203635631394036e-10
4.0,2.41,0.0,0.06586096529300911
4.0,2.41,1.0,0.004865356803782417
4.0,2.41,2.0,0.017599451922182152
4.0,2.41,3.0,6.608777969319135e-10
4.0,2.41,4.0,-0.00986636313895728
4.0,2.41,5.0,-0.01767404278980461
4.0,2.41,6.0,0.0013438197855877299
4.0,2.41,7.0,-0.002632681532462211
4.0,2.41,8.0,6.608777969319135e-10
4.0,2.41,9.0,-0.0026528434318877914
4.0,2.41,10.0,-0.0049794548351281
4.0,2.41,11.0,6.608777969319135e-10
4.0,2.41,12.0,-0.007869868696387158
4.0,2.41,13.0,0.019824220290172556
4.0,2.41,14.0,0.019915007175117738
4.0,2.41,15.0,0.001078140098791619
4.0,2.41,16.0,0.012352530759275282
4.0,2.41,17.0,-0.012811709874173516
4.0,2.41,18.0,-0.003314774809142218
4.0,2.41,19.0,0.007315631933152156
4.0,2.41,20.0,0.002962928853661395
4.0,2.41,21.0,9.203635631394036e-10
4.0,2.61,0.0,0.07058589178908314
4.0,2.61,1.0,0.005215867527602391
4.0,2.61,2.0,0.018847985700158665
4.0,2.61,3.0,6.608777969319135e-10
4.0,2.61,4.0,-0.010373755677122565
4.0,2.61,5.0,-0.01890072359908286
4.0,2.61,6.0,0.0014334300501485098
4.0,2.61,7.0,-0.0027545475218275772
4.0,2.61,8.0,6.608777969319135e-10
4.0,2.61,9.0,-0.0028411658814727625
4.0,2.61,10.0,-0.0053452225809802745
4.0,2.61,11.0,6.608777969319135e-10
4.0,2.61,12.0,-0.008449679093523704
4.0,2.61,13.0,0.021233065045278887
4.0,2.61,14.0,0.021405805327954497
4.0,2.61,15.0,0.0011545412516587028
4.0,2.61,16.0,0.013134524435393091
4.0,2.61,17.0,-0.013943611453555216
4.0,2.61,18.0,-0.0035968769810041934
4.0,2.61,19.0,0.007701259469756083
4.0,2.61,20.0,0.0031068029961640597
4.0,2.61,21.0,9.203635631394036e-10
4.0,2.81,0.0,0.07519795951573371
4.0,2.81,1.0,0.0055564441716036694
4.0,2.81,2.0,0.020076659126560648
4.0,2.81,3.0,6.608777969319135e-10
4.0,2.81,4.0,-0.011106627533162161
4.0,2.81,5.0,-0.020139264225586748
4.0,2.81,6.0,0.001529809904340651
4.0,2.81,7.0,-0.002948610018669695
4.0,2.81,8.0,6.608777969319135e-10
4.0,2.81,9.0,-0.003026439804177078
4.0,2.81,10.0,-0.005691118853928118
4.0,2.81,11.0,6.608777969319135e-10
4.0,2.81,12.0,-0.008996012570235287
4.0,2.81,13.0,0.02261790170563277
4.0,2.81,14.0,0.022778581575695067
4.0,2.81,15.0,0.001229700362330527
4.0,2.81,16.0,0.014018684833117856
4.0,2.81,17.0,-0.014799696784782157
4.0,2.81,18.0,-0.0038193845167120433
4.0,2.81,19.0,0.00824495701295519
4.0,2.81,20.0,0.003328404007177599
4.0,2.81,21.0,9.203635631394036e-10
4.0,3.01,0.0,0.07971293881983177
4.0,3.01,1.0,0.005890394193753035
4.0,3.01,2.0,0.021274495438303953
4.0,3.01,3.0,6.608777969319135e-10
4.0,3.01,4.0,-0.011695802452429072
4.0,3.01,5.0,-0.021329525197750915
4.0,3.01,6.0,0.0016188650458567877
4.0,3.01,7.0,-0.0030987178767755696
4.0,3.01,8.0,6.608777969319135e-10
4.0,3.01,9.0,-0.0032071104253028893
4.0,3.01,10.0,-0.006035249620806371
4.0,3.01,11.0,6.608777969319135e-10
4.0,3.01,12.0,-0.009541120299580527
4.0,3.01,13.0,0.023968819339659442
4.0,3.01,14.0,0.024168156238562888
4.0,3.01,15.0,0.00130293299779774
4.0,3.01,16.0,0.014818956930318039
4.0,3.01,17.0,-0.015769715032552145
4.0,3.01,18.0,-0.004065729817904595
4.0,3.01,19.0,0.008686085596002036
4.0,3.01,20.0,0.0035014674971459714
4.0,3.01,21.0,9.203635631394036e-10
4.0,3.21,0.0,0.0841247916530462
4.0,3.21,1.0,0.006216406218072124
4.0,3.21,2.0,0.022445462152565265
4.0,3.21,3.0,6.608777969319135e-10
4.0,3.21,4.0,-0.012287298304699212
4.0,3.21,5.0,-0.022494400477533052
4.0,3.21,6.0,0.0017061660576306314
4.0,3.21,7.0,-0.0032503592912415114
4.0,3.21,8.0,6.608777969319135e-10
4.0,3.21,9.0,-0.0033837437014858363
4.0,3.21,10.0,-0.006370277068114272
4.0,3.21,11.0,6.608777969319135e-10
4.0,3.21,12.0,-0.01007209351090907
4.0,3.21,13.0,0.025289399514376698
4.0,3.21,14.0,0.0255203575660779
4.0,3.21,15.0,0.0013744750144426277
4.0,3.21,16.0,0.015608821229004421
4.0,3.21,17.0,-0.016700278097349974
4.0,3.21,18.0,-0.004302892037862549
4.0,3.21,19.0,0.009127741648863763
4.0,3.21,20.0,0.003675939509735826
4.0,3.21,21.0,9.203635631394036e-10
4.0,3.41,0.0,0.08843187713279232
4.0,3.41,1.0,0.0065343734761298955
4.0,3.41,2.0,0.023588577412323675
4.0,3.41,3.0,6.608777969319135e-10
4.0,3.41,4.0,-0.012872501720347984
4.0,3.41,5.0,-0.02363166948681865
4.0,3.41,6.0,0.0017913469757171452
4.0,3.41,7.0,-0.003400749652080426
4.0,3.41,8.0,6.608777969319135e-10
4.0,3.41,9.0,-0.00355619940717114
4.0,3.41,10.0,-0.006696369585107942
4.0,3.41,11.0,6.608777969319135e-10
4.0,3.41,12.0,-0.01058930672722054
4.0,3.41,13.0,0.026578636095184682
4.0,3.41,14.0,0.02683731814230364
4.0,3.41,15.0,0.001444255339507372
4.0,3.41,16.0,0.016383630701738983
4.0,3.41,17.0,-0.01759977231966614
4.0,3.41,18.0,-0.0045326196113215644
4.0,3.41,19.0,0.009563803592741726
4.0,3.41,20.0,0.0038488817746540893
4.0,3.41,21.0,9.203635631394036e-10
4.0,3.61,0.0,0.09263001455946229
4.0,3.61,1.0,0.006843961529602982
4.0,3.61,2.0,0.024702425164977226
4.0,3.61,3.0,6.608777969319135e-10
4.0,3.61,4.0,-0.013447231279478056
4.0,3.61,5.0,-0.024739289167298395
4.0,3.61,6.0,0.0018741532126891336
4.0,3.61,7.0,-0.003548551870744321
4.0,3.61,8.0,6.608777969319135e-10
4.0,3.61,9.0,-0.0037242704940939897
4.0,3.61,10.0,-0.007013268522671617
4.0,3.61,11.0,6.608777969319135e-10
4.0,3.61,12.0,-0.011092431867117072
4.0,3.61,13.0,0.02783499365491965
4.0,3.61,14.0,0.028118798856474864
4.0,3.61,15.0,0.0015121757070999386
4.0,3.61,16.0,0.017140726562442532
4.0,3.61,17.0,-0.018470987150420004
4.0,3.61,18.0,-0.004755461394353455
4.0,3.61,19.0,0.009991228276913344
4.0,3.61,20.0,0.00401888862080052
4.0,3.61,21.0,9.203635631394036e-10
4.0,3.81,0.0,0.09671183379237502
4.0,3.81,1.0,0.007144587820130055
4.0,3.81,2.0,0.02578483647522478
4.0,3.81,3.0,6.608777969319135e-10
4.0,3.81,4.0,-0.014008646200670882
4.0,3.81,5.0,-0.025814707983948748
4.0,3.81,6.0,0.0019543327943095656
4.0,3.81,7.0,-0.0036928932922642987
4.0,3.81,8.0,6.608777969319135e-10
4.0,3.81,9.0,-0.0038876354226551613
4.0,3.81,10.0,-0.007320395975063287
4.0,3.81,11.0,6.608777969319135e-10
4.0,3.81,12.0,-0.011580615113391216
4.0,3.81,13.0,0.029056070911217813
4.0,3.81,14.0,0.02936299737400197
4.0,3.81,15.0,0.0015780926043786059
4.0,3.81,16.0,0.01787778940357393
4.0,3.81,17.0,-0.01931416532975999
4.0,3.81,18.0,-0.004971399099758467
4.0,3.81,19.0,0.010407897383495957
4.0,3.81,20.0,0.004185035721670893
4.0,3.81,21.0,9.203635631394036e-10
4.0,4.01,0.0,0.10066586031087288
4.0,4.01,1.0,0.007435371719086203
4.0,4.01,2.0,0.026832615331667142
4.0,4.01,3.0,6.608777969319135e-10
4.0,4.01,4.0,-0.014554132399273112
4.0,4.01,5.0,-0.02685449917428638
4.0,4.01,6.0,0.002031595598696201
4.0,4.01,7.0,-0.003833021080187793
4.0,4.01,8.0,6.608777969319135e-10
4.0,4.01,9.0,-0.004045816036596928
4.0,4.01,10.0,-0.007616856587962156
4.0,4.01,11.0,6.608777969319135e-10
4.0,4.01,12.0,-0.012052469809307756
4.0,4.01,13.0,0.030238294330058313
4.0,4.01,14.0,0.03056662221953957
4.0,4.01,15.0,0.0016418030010390827
4.0,4.01,16.0,0.01859217850004513
4.0,4.01,17.0,-0.020127889094487206
4.0,4.01,18.0,-0.005180022549921448
4.0,4.01,19.0,0.010811853690270268
4.0,4.01,20.0,0.004346506162110797
4.0,4.01,21.0,9.203635631394036e-10
5.0,0.01,0.0,0.0005615985471711937
5.0,0.01,1.0,5.557075676038137e-06
5.0,0.01,2.0,-7.966316821594877e-06
5.0,0.01,3.0,8.242249383005884e-10
5.0,0.01,4.0,-3.2742400973839736e-06
5.0,0.01,5.0,-1.5254997236520976e-11
5.0,0.01,6.0,-9.869759560710012e-05
5.0,0.01,7.0,-0.002611769719624085
5.0,0.01,8.0,8.242249383005884e-10
5.0,0.01,9.0,6.24656824213532e-06
5.0,0.01,10.0,7.274599549092486e-06
5.0,0.01,11.0,8.242249383005884e-10
5.0,0.01,12.0,-4.310857698466841e-05
5.0,0.01,13.0,1.640647962725117e-05
5.0,0.01,14.0,7.607060631342755e-05
5.0,0.01,15.0,6.263735433109652e-07
5.0,0.01,16.0,-0.00011016202046426615
5.0,0.01,17.0,-0.0009139087030472504
5.0,0.01,18.0,-5.689693713145649e-05
5.0,0.01,19.0,0.00011336033857833883
5.0,0.01,20.0,-7.004790064790711e-05
5.0,0.01,21.0,1.1998637639010212e-09
5.0,0.21000000000000002,0.0,0.0005615985476541407
5.0,0.21000000000000002,1.0,5.557075680590051e-06
5.0,0.21000000000000002,2.0,-7.966317030372316e-06
5.0,0.21000000000000002,3.0,8.242249383005884e-10
5.0,0.21000000000000002,4.0,-3.2742397647611554e-06
5.0,0.21000000000000002,5.0,-1.5254997236520976e-11
5.0,0.21000000000000002,6.0,-9.869759576486281e-05
5.0,0.21000000000000002,7.0,-0.002611769719624129
5.0,0.21000000000000002,8.0,8.242249383005884e-10
5.0,0.21000000000000002,9.0,6.246568258844176e-06
5.0,0.21000000000000002,10.0,7.274599546303051e-06
5.0,0.21000000000000002,11.0,8.242249383005884e-10
5.0,0.21000000000000002,12.0,-4.310857701825266e-05
5.0,0.21000000000000002,13.0,1.640647953804475e-05
5.0,0.21000000000000002,14.0,7.607060630659968e-05
5.0,0.21000000000000002,15.0,6.263735416178751e-07
5.0,0.21000000000000002,16.0,-0.00011016202096020278
5.0,0.21000000000000002,17.0,-0.00091390870323238
5.0,0.21000000000000002,18.0,-5.689693715932309e-05
5.0,0.21000000000000002,19.0,0.0001133603387982185
5.0,0.21000000000000002,20.0,-7.004790085768375e-05
5.0,0.21000000000000002,21.0,1.1998637639010212e-09
5.0,0.41000000000000003,0.0,0.000561598548222686
5.0,0.41000000000000003,1.0,5.557075685946877e-06
5.0,0.41000000000000003,2.0,-7.966317275898138e-06
5.0,0.41000000000000003,3.0,8.242249383005884e-10
5.0,0.41000000000000003,4.0,-3.274239371187093e-06
5.0,0.41000000000000003,5.0,-1.5254997236520976e-11
5.0,0.41000000000000003,6.0,-9.869759595121375e-05
5.0,0.41000000000000003,7.0,-0.002611769719624137
5.0,0.41000000000000003,8.0,8.242249383005884e-10
5.0,0.41000000000000003,9.0,6.246568278522879e-06
5.0,0.41000000000000003,10.0,7.274599543014015e-06
5.0,0.41000000000000003,11.0,8.242249383005884e-10
5.0,0.41000000000000003,12.0,-4.3108577057665576e-05
5.0,0.41000000000000003,13.0,1.640647943315643e-05
5.0,0.41000000000000003,14.0,7.607060629868934e-05
5.0,0.41000000000000003,15.0,6.263735396749848e-07
5.0,0.41000000000000003,16.0,-0.0001101620215442356
5.0,0.41000000000000003,17.0,-0.0009139087034508719
5.0,0.41000000000000003,18.0,-5.689693719335143e-05
5.0,0.41000000000000003,19.0,0.00011336033905551268
5.0,0.41000000000000003,20.0,-7.004790110459735e-05
5.0,0.41000000000000003,21.0,1.1998637639010212e-09
5.0,0.6100000000000001,0.0,0.0005615985487054109
5.0,0.6100000000000001,1.0,5.557075690526547e-06
5.0,0.6100000000000001,2.0,-7.966317484675578e-06
5.0,0.6100000000000001,3.0,8.242249383005884e-10
5.0,0.6100000000000001,4.0,-3.2742390373430297e-06
5.0,0.6100000000000001,5.0,-1.5254997236520976e-11
5.0,0.6100000000000001,6.0,-9.869759610908746e-05
5.0,0.6100000000000001,7.0,-0.0026117697196241805
5.0,0.6100000000000001,8.0,8.242249383005884e-10
5.0,0.6100000000000001,9.0,6.24656829520398e-06
5.0,0.6100000000000001,10.0,7.274599540238458e-06
5.0,0.6100000000000001,11.0,8.242249383005884e-10
5.0,0.6100000000000001,12.0,-4.3108577091166556e-05
5.0,0.6100000000000001,13.0,1.6406479343894498e-05
5.0,0.6100000000000001,14.0,7.607060629191698e-05
5.0,0.6100000000000001,15.0,6.263735379818947e-07
5.0,0.6100000000000001,16.0,-0.00011016202204044978
5.0,0.6100000000000001,17.0,-0.0009139087036361682
5.0,0.6100000000000001,18.0,-5.6896937221717625e-05
5.0,0.6100000000000001,19.0,0.00011336033927489275
5.0,0.6100000000000001,20.0,-7.004790131426297e-05
5.0,0.6100000000000001,21.0,1.1998637639010212e-09
5.0,0.81,0.0,0.0005615985492600784
5.0,0.81,1.0,5.557075695772351e-06
5.0,0.81,2.0,-7.966317724317218e-06
5.0,0.81,3.0,8.242249383005884e-10
5.0,0.81,4.0,-3.27423865353893e-06
5.0,0.81,5.0,-1.5254997236520976e-11
5.0,0.81,6.0,-9.869759629105301e-05
5.0,0.81,7.0,-0.002611769719624194
5.0,0.81,8.0,8.242249383005884e-10
5.0,0.81,9.0,6.246568314383083e-06
5.0,0.81,10.0,7.274599537032689e-06
5.0,0.81,11.0,8.242249383005884e-10
5.0,0.81,12.0,-4.3108577129691295e-05
5.0,0.81,13.0,1.640647924150418e-05
5.0,0.81,14.0,7.607060628422868e-05
5.0,0.81,15.0,6.263735360112488e-07
5.0,0.81,16.0,-0.00011016202260988317
5.0,0.81,17.0,-0.0009139087038496085
5.0,0.81,18.0,-5.689693725513534e-05
5.0,0.81,19.0,0.00011336033952635827
5.0,0.81,20.0,-7.004790155495932e-05
5.0,0.81,21.0,1.1998637639010212e-09
5.0,1.01,0.0,0.0005615985496937315
5.0,1.01,1.0,5.557075699907932e-06
5.0,1.01,2.0,-7.966317911889398e-06
5.0,1.01,3.0,8.242249383005884e-10
5.0,1.01,4.0,-3.274238355110981e-06
5.0,1.01,5.0,-1.5254997236520976e-11
5.0,1.01,6.0,-9.869759643199583e-05
5.0,1.01,7.0,-0.002611769719624258
5.0,1.01,8.0,8.242249383005884e-10
5.0,1.01,9.0,6.246568329426605e-06
5.0,1.01,10.0,7.274599534506931e-06
5.0,1.01,11.0,8.242249383005884e-10
5.0,1.01,12.0,-4.310857715983385e-05
5.0,1.01,13.0,1.6406479161346077e-05
5.0,1.01,14.0,7.607060627795592e-05
5.0,1.01,15.0,6.263735344846921e-07
5.0,1.01,16.0,-0.00011016202305563771
5.0,1.01,17.0,-0.0009139087040149763
5.0,1.01,18.0,-5.6896937279560245e-05
5.0,1.01,19.0,0.00011336033972386694
5.0,1.01,20.0,-7.004790174341968e-05
5.0,1.01,21.0,1.1998637639010212e-09
5.0,1.2100000000000002,0.0,0.0005615985501965515
5.0,1.2100000000000002,1.0,5.557075704654135e-06
5.0,1.2100000000000002,2.0,-7.966318129215555e-06
5.0,1.2100000000000002,3.0,8.242249383005884e-10
5.0,1.2100000000000002,4.0,-3.274238007056063e-06
5.0,1.2100000000000002,5.0,-1.5254997236520976e-11
5.0,1.2100000000000002,6.0,-9.869759659675292e-05
5.0,1.2100000000000002,7.0,-0.0026117697196242928
5.0,1.2100000000000002,8.0,8.242249383005884e-10
5.0,1.2100000000000002,9.0,6.246568346801595e-06
5.0,1.2100000000000002,10.0,7.2745995316203516e-06
5.0,1.2100000000000002,11.0,8.242249383005884e-10
5.0,1.2100000000000002,12.0,-4.310857719469485e-05
5.0,1.2100000000000002,13.0,1.6406479068448165e-05
5.0,1.2100000000000002,14.0,7.607060627093376e-05
5.0,1.2100000000000002,15.0,6.263735326805797e-07
5.0,1.2100000000000002,16.0,-0.00011016202357239102
5.0,1.2100000000000002,17.0,-0.0009139087042083216
5.0,1.2100000000000002,18.0,-5.68969373097028e-05
5.0,1.2100000000000002,19.0,0.00011336033995218431
5.0,1.2100000000000002,20.0,-7.004790196168953e-05
5.0,1.2100000000000002,21.0,1.1998637639010212e-09
5.0,1.4100000000000001,0.0,0.0005615985507585464
5.0,1.4100000000000001,1.0,5.557075709927695e-06
5.0,1.4100000000000001,2.0,-7.96631837196582e-06
5.0,1.4100000000000001,3.0,8.242249383005884e-10
5.0,1.4100000000000001,4.0,-3.274237618700049e-06
5.0,1.4100000000000001,5.0,-1.5254997236520976e-11
5.0,1.4100000000000001,6.0,-9.86975967808279e-05
5.0,1.4100000000000001,7.0,-0.002611769719624304
5.0,1.4100000000000001,8.0,8.242249383005884e-10
5.0,1.4100000000000001,9.0,6.246568366230498e-06
5.0,1.4100000000000001,10.0,7.274599528372949e-06
5.0,1.4100000000000001,11.0,8.242249383005884e-10
5.0,1.4100000000000001,12.0,-4.31085772337747e-05
5.0,1.4100000000000001,13.0,1.6406478964697824e-05
5.0,1.4100000000000001,14.0,7.60706062631622e-05
5.0,1.4100000000000001,15.0,6.26373530765445e-07
5.0,1.4100000000000001,16.0,-0.00011016202414942944
5.0,1.4100000000000001,17.0,-0.0009139087044243155
5.0,1.4100000000000001,18.0,-5.689693734284296e-05
5.0,1.4100000000000001,19.0,0.000113360340207036
5.0,1.4100000000000001,20.0,-7.004790220582757e-05
5.0,1.4100000000000001,21.0,1.1998637639010212e-09
5.0,1.61,0.0,0.0005615985511859822
5.0,1.61,1.0,5.557075713980009e-06
5.0,1.61,2.0,-7.966318556817953e-06
5.0,1.61,3.0,8.242249383005884e-10
5.0,1.61,4.0,-3.274237323269702e-06
5.0,1.61,5.0,-1.5254997236520976e-11
5.0,1.61,6.0,-9.869759692027191e-05
5.0,1.61,7.0,-0.002611769719624371
5.0,1.61,8.0,8.242249383005884e-10
5.0,1.61,9.0,6.246568381079731e-06
5.0,1.61,10.0,7.274599525916581e-06
5.0,1.61,11.0,8.242249383005884e-10
5.0,1.61,12.0,-4.31085772633899e-05
5.0,1.61,13.0,1.6406478885760967e-05
5.0,1.61,14.0,7.607060625705597e-05
5.0,1.61,15.0,6.263735292666439e-07
5.0,1.61,16.0,-0.0001101620245888002
5.0,1.61,17.0,-0.0009139087045877403
5.0,1.61,18.0,-5.689693736798951e-05
5.0,1.61,19.0,0.00011336034040121401
5.0,1.61,20.0,-7.004790239156788e-05
5.0,1.61,21.0,1.1998637639010212e-09
5.0,1.81,0.0,0.0005615985516485011
5.0,1.81,1.0,5.55707571836539e-06
5.0,1.81,2.0,-7.966318756658097e-06
5.0,1.81,3.0,8.242249383005884e-10
5.0,1.81,4.0,-3.274237003192404e-06
5.0,1.81,5.0,-1.5254997236520976e-11
5.0,1.81,6.0,-9.869759707159531e-05
5.0,1.81,7.0,-0.0026117697196244224
5.0,1.81,8.0,8.242249383005884e-10
5.0,1.81,9.0,6.246568397066943e-06
5.0,1.81,10.0,7.274599523238168e-06
5.0,1.81,11.0,8.242249383005884e-10
5.0,1.81,12.0,-4.3108577295558614e-05
5.0,1.81,13.0,1.640647880030155e-05
5.0,1.81,14.0,7.607060625053341e-05
5.0,1.81,15.0,6.26373527629065e-07
5.0,1.81,16.0,-0.00011016202506358708
5.0,1.81,17.0,-0.0009139087047652095
5.0,1.81,18.0,-5.6896937395356506e-05
5.0,1.81,19.0,0.00011336034061137923
5.0,1.81,20.0,-7.004790259218519e-05
5.0,1.81,21.0,1.1998637639010212e-09
5.0,2.01,0.0,0.0005615985521757461
5.0,2.01,1.0,5.557075723361393e-06
5.0,2.01,2.0,-7.966318984642395e-06
5.0,2.01,3.0,8.242249383005884e-10
5.0,2.01,4.0,-3.2742366382620958e-06
5.0,2.01,5.0,-1.5254997236520976e-11
5.0,2.01,6.0,-9.869759724451255e-05
5.0,2.01,7.0,-0.0026117697196244476
5.0,2.01,8.0,8.242249383005884e-10
5.0,2.01,9.0,6.246568415302356e-06
5.0,2.01,10.0,7.274599520171177e-06
5.0,2.01,11.0,8.242249383005884e-10
5.0,2.01,12.0,-4.310857733214046e-05
5.0,2.01,13.0,1.640647870293499e-05
5.0,2.01,14.0,7.607060624326145e-05
5.0,2.01,15.0,6.26373525797197e-07
5.0,2.01,16.0,-0.00011016202560565347
5.0,2.01,17.0,-0.0009139087049682137
5.0,2.01,18.0,-5.689693742683133e-05
5.0,2.01,19.0,0.00011336034085079882
5.0,2.01,20.0,-7.004790282150175e-05
5.0,2.01,21.0,1.1998637639010212e-09
5.0,2.21,0.0,0.0005615985527049894
5.0,2.21,1.0,5.557075728357397e-06
5.0,2.21,2.0,-7.96631921340385e-06
5.0,2.21,3.0,8.242249383005884e-10
5.0,2.21,4.0,-3.27423627344281e-06
5.0,2.21,5.0,-1.5254997236520976e-11
5.0,2.21,6.0,-9.869759741737427e-05
5.0,2.21,7.0,-0.0026117697196244723
5.0,2.21,8.0,8.242249383005884e-10
5.0,2.21,9.0,6.24656843359328e-06
5.0,2.21,10.0,7.274599517145819e-06
5.0,2.21,11.0,8.242249383005884e-10
5.0,2.21,12.0,-4.31085773689166e-05
5.0,2.21,13.0,1.6406478605235364e-05
5.0,2.21,14.0,7.60706062357952e-05
5.0,2.21,15.0,6.263735239375734e-07
5.0,2.21,16.0,-0.00011016202614899662
5.0,2.21,17.0,-0.000913908705170885
5.0,2.21,18.0,-5.6896937457528995e-05
5.0,2.21,19.0,0.0001133603410911066
5.0,2.21,20.0,-7.004790305115138e-05
5.0,2.21,21.0,1.1998637639010212e-09
5.0,2.41,0.0,0.0005615985531549628
5.0,2.41,1.0,5.557075732604e-06
5.0,2.41,2.0,-7.966319407803901e-06
5.0,2.41,3.0,8.242249383005884e-10
5.0,2.41,4.0,-3.2742359628024076e-06
5.0,2.41,5.0,-1.5254997236520976e-11
5.0,2.41,6.0,-9.869759756425678e-05
5.0,2.41,7.0,-0.002611769719624529
5.0,2.41,8.0,8.242249383005884e-10
5.0,2.41,9.0,6.246568449191914e-06
5.0,2.41,10.0,7.274599514536795e-06
5.0,2.41,11.0,8.242249383005884e-10
5.0,2.41,12.0,-4.310857740008611e-05
5.0,2.41,13.0,1.640647852207966e-05
5.0,2.41,14.0,7.607060622935591e-05
5.0,2.41,15.0,6.263735223832612e-07
5.0,2.41,16.0,-0.00011016202661123797
5.0,2.41,17.0,-0.0009139087053429695
5.0,2.41,18.0,-5.689693748384128e-05
5.0,2.41,19.0,0.00011336034129560968
5.0,2.41,20.0,-7.004790324632859e-05
5.0,2.41,21.0,1.1998637639010212e-09
5.0,2.61,0.0,0.000561598553599274
5.0,2.61,1.0,5.557075736795092e-06
5.0,2.61,2.0,-7.966319599761462e-06
5.0,2.61,3.0,8.242249383005884e-10
5.0,2.61,4.0,-3.274235655048585e-06
5.0,2.61,5.0,-1.5254997236520976e-11
5.0,2.61,6.0,-9.869759771002906e-05
5.0,2.61,7.0,-0.0026117697196245885
5.0,2.61,8.0,8.242249383005884e-10
5.0,2.61,9.0,6.246568464568503e-06
5.0,2.61,10.0,7.274599511955526e-06
5.0,2.61,11.0,8.242249383005884e-10
5.0,2.61,12.0,-4.3108577431005823e-05
5.0,2.61,13.0,1.6406478440006422e-05
5.0,2.61,14.0,7.607060622316641e-05
5.0,2.61,15.0,6.263735208011934e-07
5.0,2.61,16.0,-0.00011016202706781719
5.0,2.61,17.0,-0.0009139087055138329
5.0,2.61,18.0,-5.68969375103201e-05
5.0,2.61,19.0,0.00011336034149750374
5.0,2.61,20.0,-7.004790343961842e-05
5.0,2.61,21.0,1.1998637639010212e-09
5.0,2.81,0.0,0.000561598554186804
5.0,2.81,1.0,5.5570757423739625e-06
5.0,2.81,2.0,-7.966319853891513e-06
5.0,2.81,3.0,8.242249383005884e-10
5.0,2.81,4.0,-3.274235249817181e-06
5.0,2.81,5.0,-1.5254997236520976e-11
5.0,2.81,6.0,-9.869759790159804e-05
5.0,2.81,7.0,-0.002611769719624589
5.0,2.81,8.0,8.242249383005884e-10
5.0,2.81,9.0,6.24656848491334e-06
5.0,2.81,10.0,7.274599508569346e-06
5.0,2.81,11.0,8.242249383005884e-10
5.0,2.81,12.0,-4.310857747175101e-05
5.0,2.81,13.0,1.6406478331509877e-05
5.0,2.81,14.0,7.60706062148675e-05
5.0,2.81,15.0,6.263735187195252e-07
5.0,2.81,16.0,-0.00011016202767144545
5.0,2.81,17.0,-0.0009139087057390416
5.0,2.81,18.0,-5.689693754457048e-05
5.0,2.81,19.0,0.0001133603417641238
5.0,2.81,20.0,-7.004790369447011e-05
5.0,2.81,21.0,1.1998637639010212e-09
5.0,3.01,0.0,0.0005615985547717806
5.0,3.01,1.0,5.557075747925078e-06
5.0,3.01,2.0,-7.966320106855829e-06
5.0,3.01,3.0,8.242249383005884e-10
5.0,3.01,4.0,-3.2742348462511117e-06
5.0,3.01,5.0,-1.5254997236520976e-11
5.0,3.01,6.0,-9.869759809277845e-05
5.0,3.01,7.0,-0.0026117697196245885
5.0,3.01,8.0,8.242249383005884e-10
5.0,3.01,9.0,6.246568505091643e-06
5.0,3.01,10.0,7.2745995051970436e-06
5.0,3.01,11.0,8.242249383005884e-10
5.0,3.01,12.0,-4.3108577512357416e-05
5.0,3.01,13.0,1.6406478223429666e-05
5.0,3.01,14.0,7.607060620665185e-05
5.0,3.01,15.0,6.263735166933682e-07
5.0,3.01,16.0,-0.00011016202827218713
5.0,3.01,17.0,-0.0009139087059630846
5.0,3.01,18.0,-5.6896937579042905e-05
5.0,3.01,19.0,0.00011336034202913403
5.0,3.01,20.0,-7.004790394832261e-05
5.0,3.01,21.0,1.1998637639010212e-09
5.0,3.21,0.0,0.0005615985551286062
5.0,3.21,1.0,5.557075751283502e-06
5.0,3.21,2.0,-7.966320260788251e-06
5.0,3.21,3.0,8.242249383005884e-10
5.0,3.21,4.0,-3.2742345992264887e-06
5.0,3.21,5.0,-1.5254997236520976e-11
5.0,3.21,6.0,-9.869759820962942e-05
5.0,3.21,7.0,-0.0026117697196246853
5.0,3.21,8.0,8.242249383005884e-10
5.0,3.21,9.0,6.246568517526141e-06
5.0,3.21,10.0,7.274599503143131e-06
5.0,3.21,11.0,8.242249383005884e-10
5.0,3.21,12.0,-4.3108577537087633e-05
5.0,3.21,13.0,1.6406478157565685e-05
5.0,3.21,14.0,7.607060620157258e-05
5.0,3.21,15.0,6.263735154443673e-07
5.0,3.21,16.0,-0.0001101620286389493
5.0,3.21,17.0,-0.0009139087060998641
5.0,3.21,18.0,-5.6896937600192654e-05
5.0,3.21,19.0,0.00011336034219205926
5.0,3.21,20.0,-7.004790410325423e-05
5.0,3.21,21.0,1.1998637639010212e-09
5.0,3.41,0.0,0.0005615985557212433
5.0,3.41,1.0,5.5570757568901286e-06
5.0,3.41,2.0,-7.966320516972214e-06
5.0,3.41,3.0,8.242249383005884e-10
5.0,3.41,4.0,-3.2742341894431704e-06
5.0,3.41,5.0,-1.5254997236520976e-11
5.0,3.41,6.0,-9.869759840386294e-05
5.0,3.41,7.0,-0.002611769719624683
5.0,3.41,8.0,8.242249383005884e-10
5.0,3.41,9.0,6.246568537982e-06
5.0,3.41,10.0,7.274599499715317e-06
5.0,3.41,11.0,8.242249383005884e-10
5.0,3.41,12.0,-4.310857757827691e-05
5.0,3.41,13.0,1.640647804812545e-05
5.0,3.41,14.0,7.60706061934402e-05
5.0,3.41,15.0,6.263735133626991e-07
5.0,3.41,16.0,-0.00011016202924746255
5.0,3.41,17.0,-0.0009139087063279594
5.0,3.41,18.0,-5.689693763533121e-05
5.0,3.41,19.0,0.00011336034246067772
5.0,3.41,20.0,-7.004790436071495e-05
5.0,3.41,21.0,1.1998637639010212e-09
5.0,3.61,0.0,0.0005615985561575609
5.0,3.61,1.0,5.557075760997954e-06
5.0,3.61,2.0,-7.966320705488084e-06
5.0,3.61,3.0,8.242249383005884e-10
5.0,3.61,4.0,-3.274233887240463e-06
5.0,3.61,5.0,-1.5254997236520976e-11
5.0,3.61,6.0,-9.869759854680416e-05
5.0,3.61,7.0,-0.002611769719624747
5.0,3.61,8.0,8.242249383005884e-10
5.0,3.61,9.0,6.246568553081033e-06
5.0,3.61,10.0,7.274599497203438e-06
5.0,3.61,11.0,8.242249383005884e-10
5.0,3.61,12.0,-4.310857760855824e-05
5.0,3.61,13.0,1.640647796757877e-05
5.0,3.61,14.0,7.607060618733397e-05
5.0,3.61,15.0,6.26373511863898e-07
5.0,3.61,16.0,-0.00011016202969560407
5.0,3.61,17.0,-0.0009139087064956586
5.0,3.61,18.0,-5.6896937661476965e-05
5.0,3.61,19.0,0.00011336034265851946
5.0,3.61,20.0,-7.004790455006349e-05
5.0,3.61,21.0,1.1998637639010212e-09
5.0,3.81,0.0,0.0005615985567731796
5.0,3.81,1.0,5.557075766826625e-06
5.0,3.81,2.0,-7.966320971664054e-06
5.0,3.81,3.0,8.242249383005884e-10
5.0,3.81,4.0,-3.2742334622470892e-06
5.0,3.81,5.0,-1.5254997236520976e-11
5.0,3.81,6.0,-9.869759874819861e-05
5.0,3.81,7.0,-0.002611769719624734
5.0,3.81,8.0,8.242249383005884e-10
5.0,3.81,9.0,6.246568574341804e-06
5.0,3.81,10.0,7.274599493650724e-06
5.0,3.81,11.0,8.242249383005884e-10
5.0,3.81,12.0,-4.310857765121856e-05
5.0,3.81,13.0,1.640647785383642e-05
5.0,3.81,14.0,7.607060617867423e-05
5.0,3.81,15.0,6.263735097267187e-07
5.0,3.81,16.0,-0.00011016203032787608
5.0,3.81,17.0,-0.0009139087067315255
5.0,3.81,18.0,-5.689693769778126e-05
5.0,3.81,19.0,0.00011336034293757402
5.0,3.81,20.0,-7.004790481751622e-05
5.0,3.81,21.0,1.1998637639010212e-09
5.0,4.01,0.0,0.0005615985571870707
5.0,4.01,1.0,5.557075770767916e-06
5.0,4.01,2.0,-7.966321150465472e-06
5.0,4.01,3.0,8.242249383005884e-10
5.0,4.01,4.0,-3.2742331768087496e-06
5.0,4.01,5.0,-1.5254997236520976e-11
5.0,4.01,6.0,-9.869759888314622e-05
5.0,4.01,7.0,-0.0026117697196248067
5.0,4.01,8.0,8.242249383005884e-10
5.0,4.01,9.0,6.246568588719192e-06
5.0,4.01,10.0,7.274599491249867e-06
5.0,4.01,11.0,8.242249383005884e-10
5.0,4.01,12.0,-4.310857767997334e-05
5.0,4.01,13.0,1.6406477777397566e-05
5.0,4.01,14.0,7.607060617279005e-05
5.0,4.01,15.0,6.263735082556732e-07
5.0,4.01,16.0,-0.00011016203075314701
5.0,4.01,17.0,-0.0009139087068896767
5.0,4.01,18.0,-5.6896937721706564e-05
5.0,4.01,19.0,0.00011336034312592336
5.0,4.01,20.0,-7.00479049971503e-05
5.0,4.01,21.0,1.1998637639010212e-09
6.0,0.01,0.0,-4.652836138263616e-06
6.0,0.01,1.0,-2.845368197668119e-06
6.0,0.01,2.0,5.6144432994287286e-05
6.0,0.01,3.0,2.5063475184161632e-09
6.0,0.01,4.0,-4.2572375564875475e-05
6.0,0.01,5.0,-2.2416078239610506e-09
6.0,0.01,6.0,-0.00021365046954552325
6.0,0.01,7.0,-0.00018861425813292837
6.0,0.01,8.0,2.5063475184161632e-09
6.0,0.01,9.0,-3.849889727649408e-05
6.0,0.01,10.0,-6.223103689584342e-07
6.0,0.01,11.0,2.5063475184161632e-09
6.0,0.01,12.0,-0.00012879992579573063
6.0,0.01,13.0,-3.925126898174369e-06
6.0,0.01,14.0,-1.4178402182080293e-09
6.0,0.01,15.0,4.927885244032648e-07
6.0,0.01,16.0,-2.4517080273483982e-05
6.0,0.01,17.0,-5.571088722369777e-05
6.0,0.01,18.0,0.00041377951688648107
6.0,0.01,19.0,0.00010097543908715867
6.0,0.01,20.0,-0.00010841493294888593
6.0,0.01,21.0,3.7340888159320684e-09
6.0,0.21000000000000002,0.0,-4.6528356317798725e-06
6.0,0.21000000000000002,1.0,-2.8453681946705167e-06
6.0,0.21000000000000002,2.0,5.6144432658222776e-05
6.0,0.21000000000000002,3.0,2.5063475184161632e-09
6.0,0.21000000000000002,4.0,-4.2572376151739366e-05
6.0,0.21000000000000002,5.0,-2.2416078239610506e-09
6.0,0.21000000000000002,6.0,-0.0002136504683425411
6.0,0.21000000000000002,7.0,-0.00018861425821233707
6.0,0.21000000000000002,8.0,2.5063475184161632e-09
6.0,0.21000000000000002,9.0,-3.849889725316552e-05
6.0,0.21000000000000002,10.0,-6.223104505043153e-07
6.0,0.21000000000000002,11.0,2.5063475184161632e-09
6.0,0.21000000000000002,12.0,-0.0001287999278450913
6.0,0.21000000000000002,13.0,-3.925126942860846e-06
6.0,0.21000000000000002,14.0,-1.4178402182080293e-09
6.0,0.21000000000000002,15.0,4.927885261518661e-07
6.0,0.21000000000000002,16.0,-2.4517079566577227e-05
6.0,0.21000000000000002,17.0,-5.571088716208039e-05
6.0,0.21000000000000002,18.0,0.0004137795188050575
6.0,0.21000000000000002,19.0,0.00010097543956832933
6.0,0.21000000000000002,20.0,-0.00010841493570101779
6.0,0.21000000000000002,21.0,3.7340888159320684e-09
6.0,0.41000000000000003,0.0,-4.652835126295329e-06
6.0,0.41000000000000003,1.0,-2.8453681917284257e-06
6.0,0.41000000000000003,2.0,5.614443232249133e-05
6.0,0.41000000000000003,3.0,2.5063475184161632e-09
6.0,0.41000000000000003,4.0,-4.257237673743752e-05
6.0,0.41000000000000003,5.0,-2.2416078239610506e-09
6.0,0.41000000000000003,6.0,-0.00021365046714150182
6.0,0.41000000000000003,7.0,-0.00018861425829159312
6.0,0.41000000000000003,8.0,2.5063475184161632e-09
6.0,0.41000000000000003,9.0,-3.849889722985084e-05
6.0,0.41000000000000003,10.0,-6.223105319252964e-07
6.0,0.41000000000000003,11.0,2.5063475184161632e-09
6.0,0.41000000000000003,12.0,-0.0001287999298910103
6.0,0.41000000000000003,13.0,-3.9251269874918115e-06
6.0,0.41000000000000003,14.0,-1.4178402182080293e-09
6.0,0.41000000000000003,15.0,4.927885279282229e-07
6.0,0.41000000000000003,16.0,-2.451707886080845e-05
6.0,0.41000000000000003,17.0,-5.571088710060179e-05
6.0,0.41000000000000003,18.0,0.0004137795207200812
6.0,0.41000000000000003,19.0,0.00010097544004850079
6.0,0.41000000000000003,20.0,-0.00010841493844837569
6.0,0.41000000000000003,21.0,3.7340888159320684e-09
6.0,0.6100000000000001,0.0,-4.65283462003363e-06
6.0,0.6100000000000001,1.0,-2.8453681886753124e-06
6.0,0.6100000000000001,2.0,5.61444319863158e-05
6.0,0.6100000000000001,3.0,2.5063475184161632e-09
6.0,0.6100000000000001,4.0,-4.2572377323912836e-05
6.0,0.6100000000000001,5.0,-2.2416078239610506e-09
6.0,0.6100000000000001,6.0,-0.00021365046593890824
6.0,0.6100000000000001,7.0,-0.00018861425837096019
6.0,0.6100000000000001,8.0,2.5063475184161632e-09
6.0,0.6100000000000001,9.0,-3.849889720651534e-05
6.0,0.6100000000000001,10.0,-6.223106134295442e-07
6.0,0.6100000000000001,11.0,2.5063475184161632e-09
6.0,0.6100000000000001,12.0,-0.00012879993193926076
6.0,0.6100000000000001,13.0,-3.925127032206044e-06
6.0,0.6100000000000001,14.0,-1.4178402182080293e-09
6.0,0.6100000000000001,15.0,4.927885296490686e-07
6.0,0.6100000000000001,16.0,-2.4517078154262517e-05
6.0,0.6100000000000001,17.0,-5.5710887038984414e-05
6.0,0.6100000000000001,18.0,0.0004137795226373808
6.0,0.6100000000000001,19.0,0.00010097544052906082
6.0,0.6100000000000001,20.0,-0.0001084149411992863
6.0,0.6100000000000001,21.0,3.7340888159320684e-09
6.0,0.81,0.0,-4.6528341151041985e-06
6.0,0.81,1.0,-2.8453681857332214e-06
6.0,0.81,2.0,5.6144431650917426e-05
6.0,0.81,3.0,2.5063475184161632e-09
6.0,0.81,4.0,-4.257237790911139e-05
6.0,0.81,5.0,-2.2416078239610506e-09
6.0,0.81,6.0,-0.0002136504647380355
6.0,0.81,7.0,-0.00018861425845015378
6.0,0.81,8.0,2.5063475184161632e-09
6.0,0.81,9.0,-3.8498897183242287e-05
6.0,0.81,10.0,-6.223106947533807e-07
6.0,0.81,11.0,2.5063475184161632e-09
6.0,0.81,12.0,-0.00012879993398279277
6.0,0.81,13.0,-3.925127076781498e-06
6.0,0.81,14.0,-1.4178402182080293e-09
6.0,0.81,15.0,4.927885313976699e-07
6.0,0.81,16.0,-2.4517077449104363e-05
6.0,0.81,17.0,-5.571088697758908e-05
6.0,0.81,18.0,0.0004137795245488518
6.0,0.81,19.0,0.00010097544100839961
6.0,0.81,20.0,-0.00010841494394392415
6.0,0.81,21.0,3.7340888159320684e-09
6.0,1.01,0.0,-4.652833608620455e-06
6.0,1.01,1.0,-2.845368182680108e-06
6.0,1.01,2.0,5.614443131451985e-05
6.0,1.01,3.0,2.5063475184161632e-09
6.0,1.01,4.0,-4.257237849575324e-05
6.0,1.01,5.0,-2.2416078239610506e-09
6.0,1.01,6.0,-0.00021365046353588601
6.0,1.01,7.0,-0.0001886142585295278
6.0,1.01,8.0,2.5063475184161632e-09
6.0,1.01,9.0,-3.8498897159906786e-05
6.0,1.01,10.0,-6.223107762715063e-07
6.0,1.01,11.0,2.5063475184161632e-09
6.0,1.01,12.0,-0.0001287999360319314
6.0,1.01,13.0,-3.9251271214402195e-06
6.0,1.01,14.0,-1.4178402182080293e-09
6.0,1.01,15.0,4.927885331462711e-07
6.0,1.01,16.0,-2.4517076742447408e-05
6.0,1.01,17.0,-5.571088691599946e-05
6.0,1.01,18.0,0.0004137795264677613
6.0,1.01,19.0,0.00010097544148940374
6.0,1.01,20.0,-0.00010841494669561191
6.0,1.01,21.0,3.7340888159320684e-09
6.0,1.2100000000000002,0.0,-4.65283310402409e-06
6.0,1.2100000000000002,1.0,-2.845368179682506e-06
6.0,1.2100000000000002,2.0,5.614443097945454e-05
6.0,1.2100000000000002,3.0,2.5063475184161632e-09
6.0,1.2100000000000002,4.0,-4.257237908039668e-05
6.0,1.2100000000000002,5.0,-2.2416078239610506e-09
6.0,1.2100000000000002,6.0,-0.00021365046233523532
6.0,1.2100000000000002,7.0,-0.0001886142586086728
6.0,1.2100000000000002,8.0,2.5063475184161632e-09
6.0,1.2100000000000002,9.0,-3.849889713666149e-05
6.0,1.2100000000000002,10.0,-6.223108575398317e-07
6.0,1.2100000000000002,11.0,2.5063475184161632e-09
6.0,1.2100000000000002,12.0,-0.00012879993807329848
6.0,1.2100000000000002,13.0,-3.925127165987918e-06
6.0,1.2100000000000002,14.0,-1.4178402182080293e-09
6.0,1.2100000000000002,15.0,4.927885348671168e-07
6.0,1.2100000000000002,16.0,-2.45170760377611e-05
6.0,1.2100000000000002,17.0,-5.5710886854659636e-05
6.0,1.2100000000000002,18.0,0.00041377952837617915
6.0,1.2100000000000002,19.0,0.00010097544196796537
6.0,1.2100000000000002,20.0,-0.00010841494943764074
6.0,1.2100000000000002,21.0,3.7340888159320684e-09
6.0,1.4100000000000001,0.0,-4.652832599316703e-06
6.0,1.4100000000000001,1.0,-2.8453681766849037e-06
6.0,1.4100000000000001,2.0,5.6144430644056165e-05
6.0,1.4100000000000001,3.0,2.5063475184161632e-09
6.0,1.4100000000000001,4.0,-4.257237966520666e-05
6.0,1.4100000000000001,5.0,-2.2416078239610506e-09
6.0,1.4100000000000001,6.0,-0.0002136504611354173
6.0,1.4100000000000001,7.0,-0.00018861425868780396
6.0,1.4100000000000001,8.0,2.5063475184161632e-09
6.0,1.4100000000000001,9.0,-3.8498897113367625e-05
6.0,1.4100000000000001,10.0,-6.223109388220349e-07
6.0,1.4100000000000001,11.0,2.5063475184161632e-09
6.0,1.4100000000000001,12.0,-0.0001287999401159423
6.0,1.4100000000000001,13.0,-3.925127210591128e-06
6.0,1.4100000000000001,14.0,-1.4178402182080293e-09
6.0,1.4100000000000001,15.0,4.927885366712292e-07
6.0,1.4100000000000001,16.0,-2.4517075333047034e-05
6.0,1.4100000000000001,17.0,-5.57108867932643e-05
6.0,1.4100000000000001,18.0,0.0004137795302874281
6.0,1.4100000000000001,19.0,0.00010097544244702661
6.0,1.4100000000000001,20.0,-0.00010841495218094632
6.0,1.4100000000000001,21.0,3.7340888159320684e-09
6.0,1.61,0.0,-4.65283209238887e-06
6.0,1.61,1.0,-2.8453681736317904e-06
6.0,1.61,2.0,5.614443030810268e-05
6.0,1.61,3.0,2.5063475184161632e-09
6.0,1.61,4.0,-4.257238025251464e-05
6.0,1.61,5.0,-2.2416078239610506e-09
6.0,1.61,6.0,-0.00021365045993237963
6.0,1.61,7.0,-0.0001886142587672751
6.0,1.61,8.0,2.5063475184161632e-09
6.0,1.61,9.0,-3.8498897090039064e-05
6.0,1.61,10.0,-6.223110204234272e-07
6.0,1.61,11.0,2.5063475184161632e-09
6.0,1.61,12.0,-0.00012879994216707935
6.0,1.61,13.0,-3.925127255333116e-06
6.0,1.61,14.0,-1.4178402182080293e-09
6.0,1.61,15.0,4.927885383643194e-07
6.0,1.61,16.0,-2.4517074625723945e-05
6.0,1.61,17.0,-5.571088673161917e-05
6.0,1.61,18.0,0.0004137795322086135
6.0,1.61,19.0,0.00010097544292880789
6.0,1.61,20.0,-0.00010841495493524311
6.0,1.61,21.0,3.7340888159320684e-09
6.0,1.81,0.0,-4.652831586127171e-06
6.0,1.81,1.0,-2.8453681706341882e-06
6.0,1.81,2.0,5.614442997159408e-05
6.0,1.81,3.0,2.5063475184161632e-09
6.0,1.81,4.0,-4.257238083893444e-05
6.0,1.81,5.0,-2.2416078239610506e-09
6.0,1.81,6.0,-0.00021365045872928645
6.0,1.81,7.0,-0.00018861425884662136
6.0,1.81,8.0,2.5063475184161632e-09
6.0,1.81,9.0,-3.8498897066703563e-05
6.0,1.81,10.0,-6.22311101927675e-07
6.0,1.81,11.0,2.5063475184161632e-09
6.0,1.81,12.0,-0.00012879994421516328
6.0,1.81,13.0,-3.925127299991837e-06
6.0,1.81,14.0,-1.4178402182080293e-09
6.0,1.81,15.0,4.927885401406762e-07
6.0,1.81,16.0,-2.45170739191225e-05
6.0,1.81,17.0,-5.571088667002955e-05
6.0,1.81,18.0,0.0004137795341249695
6.0,1.81,19.0,0.00010097544340936793
6.0,1.81,20.0,-0.00010841495768570963
6.0,1.81,21.0,3.7340888159320684e-09
6.0,2.01,0.0,-4.652831081974895e-06
6.0,2.01,1.0,-2.845368167636586e-06
6.0,2.01,2.0,5.6144429636306725e-05
6.0,2.01,3.0,2.5063475184161632e-09
6.0,2.01,4.0,-4.257238142318931e-05
6.0,2.01,5.0,-2.2416078239610506e-09
6.0,2.01,6.0,-0.00021365045752941292
6.0,2.01,7.0,-0.00018861425892571781
6.0,2.01,8.0,2.5063475184161632e-09
6.0,2.01,9.0,-3.849889704347215e-05
6.0,2.01,10.0,-6.223111831543671e-07
6.0,2.01,11.0,2.5063475184161632e-09
6.0,2.01,12.0,-0.00012879994625558666
6.0,2.01,13.0,-3.925127344511781e-06
6.0,2.01,14.0,-1.4178402182080293e-09
6.0,2.01,15.0,4.927885418892775e-07
6.0,2.01,16.0,-2.451707321482477e-05
6.0,2.01,17.0,-5.571088660866197e-05
6.0,2.01,18.0,0.0004137795360326657
6.0,2.01,19.0,0.00010097544388754098
6.0,2.01,20.0,-0.00010841496042657273
6.0,2.01,21.0,3.7340888159320684e-09
6.0,2.21,0.0,-4.652830576712397e-06
6.0,2.21,1.0,-2.845368164638984e-06
6.0,2.21,2.0,5.6144429300686305e-05
6.0,2.21,3.0,2.5063475184161632e-09
6.0,2.21,4.0,-4.257238200849889e-05
6.0,2.21,5.0,-2.2416078239610506e-09
6.0,2.21,6.0,-0.00021365045632820712
6.0,2.21,7.0,-0.00018861425900493917
6.0,2.21,8.0,2.5063475184161632e-09
6.0,2.21,9.0,-3.8498897020199097e-05
6.0,2.21,10.0,-6.223112645059592e-07
6.0,2.21,11.0,2.5063475184161632e-09
6.0,2.21,12.0,-0.0001287999482997848
6.0,2.21,13.0,-3.925127389142746e-06
6.0,2.21,14.0,-1.4178402182080293e-09
6.0,2.21,15.0,4.927885435823676e-07
6.0,2.21,16.0,-2.4517072509416815e-05
6.0,2.21,17.0,-5.5710886547211125e-05
6.0,2.21,18.0,0.0004137795379446918
6.0,2.21,19.0,0.00010097544436682426
6.0,2.21,20.0,-0.00010841496317198773
6.0,2.21,21.0,3.7340888159320684e-09
6.0,2.41,0.0,-4.652830069895586e-06
6.0,2.41,1.0,-2.845368161696893e-06
6.0,2.41,2.0,5.614442896451077e-05
6.0,2.41,3.0,2.5063475184161632e-09
6.0,2.41,4.0,-4.2572382595584823e-05
6.0,2.41,5.0,-2.2416078239610506e-09
6.0,2.41,6.0,-0.00021365045512561354
6.0,2.41,7.0,-0.00018861425908436869
6.0,2.41,8.0,2.5063475184161632e-09
6.0,2.41,9.0,-3.849889699683584e-05
6.0,2.41,10.0,-6.223113460934737e-07
6.0,2.41,11.0,2.5063475184161632e-09
6.0,2.41,12.0,-0.00012879995035036673
6.0,2.41,13.0,-3.925127433856979e-06
6.0,2.41,14.0,-1.4178402182080293e-09
6.0,2.41,15.0,4.927885453587244e-07
6.0,2.41,16.0,-2.4517071802343526e-05
6.0,2.41,17.0,-5.57108864856215e-05
6.0,2.41,18.0,0.00041377953986554417
6.0,2.41,19.0,0.00010097544484855003
6.0,2.41,20.0,-0.00010841496592561839
6.0,2.41,21.0,3.7340888159320684e-09
6.0,2.61,0.0,-4.652829562301619e-06
6.0,2.61,1.0,-2.8453681585882684e-06
6.0,2.61,2.0,5.6144428627558085e-05
6.0,2.61,3.0,2.5063475184161632e-09
6.0,2.61,4.0,-4.257238318361445e-05
6.0,2.61,5.0,-2.2416078239610506e-09
6.0,2.61,6.0,-0.0002136504539202999
6.0,2.61,7.0,-0.00018861425916393698
6.0,2.61,8.0,2.5063475184161632e-09
6.0,2.61,9.0,-3.849889697345871e-05
6.0,2.61,10.0,-6.223114278058883e-07
6.0,2.61,11.0,2.5063475184161632e-09
6.0,2.61,12.0,-0.00012879995240405728
6.0,2.61,13.0,-3.925127478654478e-06
6.0,2.61,14.0,-1.4178402182080293e-09
6.0,2.61,15.0,4.927885470795701e-07
6.0,2.61,16.0,-2.4517071093965725e-05
6.0,2.61,17.0,-5.57108864238931e-05
6.0,2.61,18.0,0.00041377954178839493
6.0,2.61,19.0,0.00010097544533066438
6.0,2.61,20.0,-0.0001084149686834679
6.0,2.61,21.0,3.7340888159320684e-09
6.0,2.81,0.0,-4.652829059037522e-06
6.0,2.81,1.0,-2.8453681555906662e-06
6.0,2.81,2.0,5.6144428293380955e-05
6.0,2.81,3.0,2.5063475184161632e-09
6.0,2.81,4.0,-4.257238376670358e-05
6.0,2.81,5.0,-2.2416078239610506e-09
6.0,2.81,6.0,-0.00021365045272392358
6.0,2.81,7.0,-0.00018861425924285302
6.0,2.81,8.0,2.5063475184161632e-09
6.0,2.81,9.0,-3.8498896950255046e-05
6.0,2.81,10.0,-6.223115088382913e-07
6.0,2.81,11.0,2.5063475184161632e-09
6.0,2.81,12.0,-0.00012879995444053938
6.0,2.81,13.0,-3.925127523091154e-06
6.0,2.81,14.0,-1.4178402182080293e-09
6.0,2.81,15.0,4.927885488559269e-07
6.0,2.81,16.0,-2.4517070391361084e-05
6.0,2.81,17.0,-5.57108863626643e-05
6.0,2.81,18.0,0.0004137795436937597
6.0,2.81,19.0,0.00010097544580828233
6.0,2.81,20.0,-0.00010841497141855783
6.0,2.81,21.0,3.7340888159320684e-09
6.0,3.01,0.0,-4.65282855455218e-06
6.0,3.01,1.0,-2.845368152593064e-06
6.0,3.01,2.0,5.6144427957871557e-05
6.0,3.01,3.0,2.5063475184161632e-09
6.0,3.01,4.0,-4.2572384351291515e-05
6.0,3.01,5.0,-2.2416078239610506e-09
6.0,3.01,6.0,-0.0002136504515237725
6.0,3.01,7.0,-0.00018861425932196335
6.0,3.01,8.0,2.5063475184161632e-09
6.0,3.01,9.0,-3.849889692700281e-05
6.0,3.01,10.0,-6.22311590092739e-07
6.0,3.01,11.0,2.5063475184161632e-09
6.0,3.01,12.0,-0.00012879995648190645
6.0,3.01,13.0,-3.925127567666609e-06
6.0,3.01,14.0,-1.4178402182080293e-09
6.0,3.01,15.0,4.927885505767726e-07
6.0,3.01,16.0,-2.4517069686813553e-05
6.0,3.01,17.0,-5.571088630126897e-05
6.0,3.01,18.0,0.00041377954560256613
6.0,3.01,19.0,0.00010097544628684396
6.0,3.01,20.0,-0.00010841497416047563
6.0,3.01,21.0,3.7340888159320684e-09
6.0,3.21,0.0,-4.652828048068436e-06
6.0,3.21,1.0,-2.845368149650973e-06
6.0,3.21,2.0,5.614442762180705e-05
6.0,3.21,3.0,2.5063475184161632e-09
6.0,3.21,4.0,-4.257238493804438e-05
6.0,3.21,5.0,-2.2416078239610506e-09
6.0,3.21,6.0,-0.00021365045032023522
6.0,3.21,7.0,-0.00018861425940137205
6.0,3.21,8.0,2.5063475184161632e-09
6.0,3.21,9.0,-3.849889690368119e-05
6.0,3.21,10.0,-6.223116716386201e-07
6.0,3.21,11.0,2.5063475184161632e-09
6.0,3.21,12.0,-0.0001287999585311561
6.0,3.21,13.0,-3.925127612353085e-06
6.0,3.21,14.0,-1.4178402182080293e-09
6.0,3.21,15.0,4.927885523253739e-07
6.0,3.21,16.0,-2.4517068979879042e-05
6.0,3.21,17.0,-5.571088623967935e-05
6.0,3.21,18.0,0.0004137795475203099
6.0,3.21,19.0,0.00010097544676757053
6.0,3.21,20.0,-0.00010841497691260749
6.0,3.21,21.0,3.7340888159320684e-09
6.0,3.41,0.0,-4.652827544138205e-06
6.0,3.41,1.0,-2.8453681465978597e-06
6.0,3.41,2.0,5.614442728718583e-05
6.0,3.41,3.0,2.5063475184161632e-09
6.0,3.41,4.0,-4.257238552191067e-05
6.0,3.41,5.0,-2.2416078239610506e-09
6.0,3.41,6.0,-0.00021365044912263764
6.0,3.41,7.0,-0.00018861425948038524
6.0,3.41,8.0,2.5063475184161632e-09
6.0,3.41,9.0,-3.849889688044977e-05
6.0,3.41,10.0,-6.223117527959232e-07
6.0,3.41,11.0,2.5063475184161632e-09
6.0,3.41,12.0,-0.00012879996057035825
6.0,3.41,13.0,-3.925127656873029e-06
6.0,3.41,14.0,-1.4178402182080293e-09
6.0,3.41,15.0,4.927885540739751e-07
6.0,3.41,16.0,-2.4517068276358467e-05
6.0,3.41,17.0,-5.571088617842279e-05
6.0,3.41,18.0,0.0004137795494285057
6.0,3.41,19.0,0.00010097544724602114
6.0,3.41,20.0,-0.00010841497965125013
6.0,3.41,21.0,3.7340888159320684e-09
6.0,3.61,0.0,-4.652827038431617e-06
6.0,3.61,1.0,-2.8453681436002576e-06
6.0,3.61,2.0,5.614442695089927e-05
6.0,3.61,3.0,2.5063475184161632e-09
6.0,3.61,4.0,-4.257238610783087e-05
6.0,3.61,5.0,-2.2416078239610506e-09
6.0,3.61,6.0,-0.00021365044792065468
6.0,3.61,7.0,-0.00018861425955966904
6.0,3.61,8.0,2.5063475184161632e-09
6.0,3.61,9.0,-3.849889685712815e-05
6.0,3.61,10.0,-6.223118342307821e-07
6.0,3.61,11.0,2.5063475184161632e-09
6.0,3.61,12.0,-0.0001287999626166103
6.0,3.61,13.0,-3.925127701503994e-06
6.0,3.61,14.0,-1.4178402182080293e-09
6.0,3.61,15.0,4.927885558225764e-07
6.0,3.61,16.0,-2.451706757028438e-05
6.0,3.61,17.0,-5.571088611688868e-05
6.0,3.61,18.0,0.0004137795513430298
6.0,3.61,19.0,0.00010097544772602607
6.0,3.61,20.0,-0.00010841498239960723
6.0,3.61,21.0,3.7340888159320684e-09
6.0,3.81,0.0,-4.652826532058896e-06
6.0,3.81,1.0,-2.8453681406026554e-06
6.0,3.81,2.0,5.614442661516783e-05
6.0,3.81,3.0,2.5063475184161632e-09
6.0,3.81,4.0,-4.257238669452823e-05
6.0,3.81,5.0,-2.2416078239610506e-09
6.0,3.81,6.0,-0.0002136504467175615
6.0,3.81,7.0,-0.00018861425963907774
6.0,3.81,8.0,2.5063475184161632e-09
6.0,3.81,9.0,-3.849889683379265e-05
6.0,3.81,10.0,-6.223119157627854e-07
6.0,3.81,11.0,2.5063475184161632e-09
6.0,3.81,12.0,-0.00012879996466569343
6.0,3.81,13.0,-3.925127746218227e-06
6.0,3.81,14.0,-1.4178402182080293e-09
6.0,3.81,15.0,4.927885575711777e-07
6.0,3.81,16.0,-2.4517066863433135e-05
6.0,3.81,17.0,-5.5710886055326814e-05
6.0,3.81,18.0,0.00041377955326082905
6.0,3.81,19.0,0.00010097544820686366
6.0,3.81,20.0,-0.00010841498515123948
6.0,3.81,21.0,3.7340888159320684e-09
6.0,4.01,0.0,-4.652826027129464e-06
6.0,4.01,1.0,-2.845368137549542e-06
6.0,4.01,2.0,5.614442627943639e-05
6.0,4.01,3.0,2.5063475184161632e-09
6.0,4.01,4.0,-4.257238727950474e-05
6.0,4.01,5.0,-2.2416078239610506e-09
6.0,4.01,6.0,-0.00021365044551691081
6.0,4.01,7.0,-0.00018861425971824358
6.0,4.01,8.0,2.5063475184161632e-09
6.0,4.01,9.0,-3.849889681053348e-05
6.0,4.01,10.0,-6.223119970727442e-07
6.0,4.01,11.0,2.5063475184161632e-09
6.0,4.01,12.0,-0.00012879996670861482
6.0,4.01,13.0,-3.925127790793681e-06
6.0,4.01,14.0,-1.4178402182080293e-09
6.0,4.01,15.0,4.927885593197789e-07
6.0,4.01,16.0,-2.451706615841376e-05
6.0,4.01,17.0,-5.571088599387597e-05
6.0,4.01,18.0,0.0004137795551716339
6.0,4.01,19.0,0.0001009754486859249
6.0,4.01,20.0,-0.0001084149878952112
6.0,4.01,21.0,3.7340888159320684e-09
7.0,0.01,0.0,-0.0006836283309056279
7.0,0.01,1.0,-0.00013916466746372036
7.0,0.01,2.0,0.0002572967583442942
7.0,0.01,3.0,7.579301075644196e-10
7.0,0.01,4.0,-0.0028490056761485377
7.0,0.01,5.0,-0.0003373235945153541
7.0,0.01,6.0,-0.0006088641036072207
7.0,0.01,7.0,-0.00048318559106352854
7.0,0.01,8.0,7.579301075644196e-10
7.0,0.01,9.0,-0.0001340041242803569
7.0,0.01,10.0,-7.311776752472188e-05
7.0,0.01,11.0,7.579301075644196e-10
7.0,0.01,12.0,-7.450617910419177e-05
7.0,0.01,13.0,0.00010634063134445926
7.0,0.01,14.0,0.0006390431186824724
7.0,0.01,15.0,4.820786611070549e-05
7.0,0.01,16.0,-0.0001517513893991157
7.0,0.01,17.0,-0.0005327926371706815
7.0,0.01,18.0,-0.0007107387506474772
7.0,0.01,19.0,-0.0004149361614707303
7.0,0.01,20.0,-0.00019134693299066585
7.0,0.01,21.0,7.98174137894847e-10
7.0,0.21000000000000002,0.0,0.0009632136734876173
7.0,0.21000000000000002,1.0,-0.00012010745566287673
7.0,0.21000000000000002,2.0,0.0008959558057734518
7.0,0.21000000000000002,3.0,7.579301075644196e-10
7.0,0.21000000000000002,4.0,-0.0029092064669972006
7.0,0.21000000000000002,5.0,-0.0011972710623657512
7.0,0.21000000000000002,6.0,-0.00011770048094433827
7.0,0.21000000000000002,7.0,-0.001633197691653654
7.0,0.21000000000000002,8.0,7.579301075644196e-10
7.0,0.21000000000000002,9.0,-0.0003763585481921239
7.0,0.21000000000000002,10.0,-0.00023650349724244069
7.0,0.21000000000000002,11.0,7.579301075644196e-10
7.0,0.21000000000000002,12.0,0.0003301090774597004
7.0,0.21000000000000002,13.0,0.0005972230689253455
7.0,0.21000000000000002,14.0,0.00046827619321523906
7.0,0.21000000000000002,15.0,0.00012125739172394456
7.0,0.21000000000000002,16.0,-0.0004172181852973855
7.0,0.21000000000000002,17.0,-0.0013022979689939207
7.0,0.21000000000000002,18.0,-0.0006101355661759511
7.0,0.21000000000000002,19.0,-0.0010654064598177027
7.0,0.21000000000000002,20.0,0.00016768610545653262
7.0,0.21000000000000002,21.0,7.98174137894847e-10
7.0,0.41000000000000003,0.0,0.0029738032112776036
7.0,0.41000000000000003,1.0,4.6437167691482095e-05
7.0,0.41000000000000003,2.0,0.001161212467513495
7.0,0.41000000000000003,3.0,7.579301075644196e-10
7.0,0.41000000000000003,4.0,-0.0029591940488367884
7.0,0.41000000000000003,5.0,-0.001996559031327033
7.0,0.41000000000000003,6.0,0.00010405145547648376
7.0,0.41000000000000003,7.0,-0.0026143719697257206
7.0,0.41000000000000003,8.0,7.579301075644196e-10
7.0,0.41000000000000003,9.0,-0.0004255257107502741
7.0,0.41000000000000003,10.0,-0.0004033854216553001
7.0,0.41000000000000003,11.0,7.579301075644196e-10
7.0,0.41000000000000003,12.0,0.0006977616431918104
7.0,0.41000000000000003,13.0,0.0008910740316251942
7.0,0.41000000000000003,14.0,0.00031553138636306044
7.0,0.41000000000000003,15.0,0.0001275414701652211
7.0,0.41000000000000003,16.0,-0.0006421568238127728
7.0,0.41000000000000003,17.0,-0.002059808030036192
7.0,0.41000000000000003,18.0,-0.0003783200890532523
7.0,0.41000000000000003,19.0,-0.0015437174777195029
7.0,0.41000000000000003,20.0,0.00027133131781859054
7.0,0.41000000000000003,21.0,7.98174137894847e-10
7.0,0.6100000000000001,0.0,0.004743950682954523
7.0,0.6100000000000001,1.0,0.0001375273428704804
7.0,0.6100000000000001,2.0,0.001586151138587677
7.0,0.6100000000000001,3.0,7.579301075644196e-10
7.0,0.6100000000000001,4.0,-0.0030012801732273164
7.0,0.6100000000000001,5.0,-0.002793957703083383
7.0,0.6100000000000001,6.0,0.00044577035342135973
7.0,0.6100000000000001,7.0,-0.003637265646632637
7.0,0.6100000000000001,8.0,7.579301075644196e-10
7.0,0.6100000000000001,9.0,-0.0005630656880952489
7.0,0.6100000000000001,10.0,-0.0005625896347088155
7.0,0.6100000000000001,11.0,7.579301075644196e-10
7.0,0.6100000000000001,12.0,0.001070712591054429
7.0,0.6100000000000001,13.0,0.0012633956787707623
7.0,0.6100000000000001,14.0,0.00015846489984154555
7.0,0.6100000000000001,15.0,0.00016458070923175416
7.0,0.6100000000000001,16.0,-0.0008759314950576857
7.0,0.6100000000000001,17.0,-0.002793964648747288
7.0,0.6100000000000001,18.0,-0.0002144212174109983
7.0,0.6100000000000001,19.0,-0.002082515646280758
7.0,0.6100000000000001,20.0,0.0004907447795495234
7.0,0.6100000000000001,21.0,7.98174137894847e-10
7.0,0.81,0.0,0.0064804565296336936
7.0,0.81,1.0,0.00022992636699942226
7.0,0.81,2.0,0.0019896095129419145
7.0,0.81,3.0,7.579301075644196e-10
7.0,0.81,4.0,-0.0030366325585859544
7.0,0.81,5.0,-0.003569814256861252
7.0,0.81,6.0,0.0007730280164130465
7.0,0.81,7.0,-0.004630408234480521
7.0,0.81,8.0,7.579301075644196e-10
7.0,0.81,9.0,-0.0006924455128593798
7.0,0.81,10.0,-0.0007179600075695736
7.0,0.81,11.0,7.579301075644196e-10
7.0,0.81,12.0,0.0014341400686467692
7.0,0.81,13.0,0.0016207001242529162
7.0,0.81,14.0,4.8225774147842015e-06
7.0,0.81,15.0,0.00019884282040938395
7.0,0.81,16.0,-0.0011023593767303802
7.0,0.81,17.0,-0.003509190856695321
7.0,0.81,18.0,-5.015774941347084e-05
7.0,0.81,19.0,-0.0026030476015564685
7.0,0.81,20.0,0.000698226626512144
7.0,0.81,21.0,7.98174137894847e-10
7.0,1.01,0.0,0.00825100810883006
7.0,1.01,1.0,0.00035339058315014826
7.0,1.01,2.0,0.0023116828113840526
7.0,1.01,3.0,7.579301075644196e-10
7.0,1.01,4.0,-0.0030663993397888564
7.0,1.01,5.0,-0.004318960708439214
7.0,1.01,6.0,0.0010410438347246975
7.0,1.01,7.0,-0.005568608872505987
7.0,1.01,8.0,7.579301075644196e-10
7.0,1.01,9.0,-0.0007764286549591382
7.0,1.01,10.0,-0.000871270849918615
7.0,1.01,11.0,7.579301075644196e-10
7.0,1.01,12.0,0.0017841656338114242
7.0,1.01,13.0,0.001931889357042249
7.0,1.01,14.0,-0.00014253723738966162
7.0,1.01,15.0,0.00021825338390882298
7.0,1.01,16.0,-0.0013151707369709192
7.0,1.01,17.0,-0.00420842449375608
7.0,1.01,18.0,0.0001430486219471394
7.0,1.01,19.0,-0.003073160439508893
7.0,1.01,20.0,0.0008487183288735656
7.0,1.01,21.0,7.98174137894847e-10
7.0,1.2100000000000002,0.0,0.009921512089711482
7.0,1.2100000000000002,1.0,0.00045049096961186086
7.0,1.2100000000000002,2.0,0.0026756880459698484
7.0,1.2100000000000002,3.0,7.579301075644196e-10
7.0,1.2100000000000002,4.0,-0.003091545120158654
7.0,1.2100000000000002,5.0,-0.005054248718620889
7.0,1.2100000000000002,6.0,0.0013411358418227715
7.0,1.2100000000000002,7.0,-0.006503796113729102
7.0,1.2100000000000002,8.0,7.579301075644196e-10
7.0,1.2100000000000002,9.0,-0.0008874609617955387
7.0,1.2100000000000002,10.0,-0.001019511241453247
7.0,1.2100000000000002,11.0,7.579301075644196e-10
7.0,1.2100000000000002,12.0,0.0021296003056538865
7.0,1.2100000000000002,13.0,0.0022612219106772913
7.0,1.2100000000000002,14.0,-0.00028913171502062407
7.0,1.2100000000000002,15.0,0.0002470407368306282
7.0,1.2100000000000002,16.0,-0.0015272796414371598
7.0,1.2100000000000002,17.0,-0.004888184029701342
7.0,1.2100000000000002,18.0,0.00031030139968157844
7.0,1.2100000000000002,19.0,-0.0035556275343063826
7.0,1.2100000000000002,20.0,0.00103300553892971
7.0,1.2100000000000002,21.0,7.98174137894847e-10
7.0,1.4100000000000001,0.0,0.011543687112448131
7.0,1.4100000000000001,1.0,0.0005426351186157974
7.0,1.4100000000000001,2.0,0.0030366264386067487
7.0,1.4100000000000001,3.0,7.579301075644196e-10
7.0,1.4100000000000001,4.0,-0.00311282915504849
7.0,1.4100000000000001,5.0,-0.005771783343197473
7.0,1.4100000000000001,6.0,0.0016396881345177583
7.0,1.4100000000000001,7.0,-0.007417627930189338
7.0,1.4100000000000001,8.0,7.579301075644196e-10
7.0,1.4100000000000001,9.0,-0.0009986415615311495
7.0,1.4100000000000001,10.0,-0.0011639969282344065
7.0,1.4100000000000001,11.0,7.579301075644196e-10
7.0,1.4100000000000001,12.0,0.0024675500400038186
7.0,1.4100000000000001,13.0,0.002585347435372143
7.0,1.4100000000000001,14.0,-0.00043289217761458
7.0,1.4100000000000001,15.0,0.0002763056781195372
7.0,1.4100000000000001,16.0,-0.0017342132545808409
7.0,1.4100000000000001,17.0,-0.005550767968147963
7.0,1.4100000000000001,18.0,0.0004718231377557891
7.0,1.4100000000000001,19.0,-0.004027739406156694
7.0,1.4100000000000001,20.0,0.001217855437783355
7.0,1.4100000000000001,21.0,7.98174137894847e-10
7.0,1.61,0.0,0.013122678454477232
7.0,1.61,1.0,0.0006312246258164955
7.0,1.61,2.0,0.003391506943465572
7.0,1.61,3.0,7.579301075644196e-10
7.0,1.61,4.0,-0.0031308925765096886
7.0,1.61,5.0,-0.006471908515121513
7.0,1.61,6.0,0.0019343239490096087
7.0,1.61,7.0,-0.00830981016055013
7.0,1.61,8.0,7.579301075644196e-10
7.0,1.61,9.0,-0.0011084535583117394
7.0,1.61,10.0,-0.001304925096029086
7.0,1.61,11.0,7.579301075644196e-10
7.0,1.61,12.0,0.002797986954235762
7.0,1.61,13.0,0.002902860482751901
7.0,1.61,14.0,-0.0005737047848037025
7.0,1.61,15.0,0.00030546781637447173
7.0,1.61,16.0,-0.001935917621546393
7.0,1.61,17.0,-0.006196896790595513
7.0,1.61,18.0,0.0006288333916599775
7.0,1.61,19.0,-0.004488698691767795
7.0,1.61,20.0,0.001400993848199028
7.0,1.61,21.0,7.98174137894847e-10
7.0,1.81,0.0,0.014660292902087146
7.0,1.81,1.0,0.0007164527865640702
7.0,1.81,2.0,0.00374030882692844
7.0,1.81,3.0,7.579301075644196e-10
7.0,1.81,4.0,-0.0031462607966798914
7.0,1.81,5.0,-0.007155190379475589
7.0,1.81,6.0,0.002224897595046904
7.0,1.81,7.0,-0.009180984370648917
7.0,1.81,8.0,7.579301075644196e-10
7.0,1.81,9.0,-0.001216829330219632
7.0,1.81,10.0,-0.0014424218469709926
7.0,1.81,11.0,7.579301075644196e-10
7.0,1.81,12.0,0.0031211017948133413
7.0,1.81,13.0,0.0032138632670210554
7.0,1.81,14.0,-0.000711586420723706
7.0,1.81,15.0,0.00033450330935735906
7.0,1.81,16.0,-0.0021325827679949116
7.0,1.81,17.0,-0.006827174360498844
7.0,1.81,18.0,0.0007814242271753091
7.0,1.81,19.0,-0.004938855125819264
7.0,1.81,20.0,0.001582325934193718
7.0,1.81,21.0,7.98174137894847e-10
7.0,2.01,0.0,0.016162019094029922
7.0,2.01,1.0,0.0007998306792962873
7.0,2.01,2.0,0.004079644738079369
7.0,2.01,3.0,7.579301075644196e-10
7.0,2.01,4.0,-0.0031593651911621373
7.0,2.01,5.0,-0.007821611805029723
7.0,2.01,6.0,0.0025092318286082937
7.0,2.01,7.0,-0.010030334173784197
7.0,2.01,8.0,7.579301075644196e-10
7.0,2.01,9.0,-0.00132205505485114
7.0,2.01,10.0,-0.001576598810541896
7.0,2.01,11.0,7.579301075644196e-10
7.0,2.01,12.0,0.003436562385074393
7.0,2.01,13.0,0.0035167914098466757
7.0,2.01,14.0,-0.0008464366941140916
7.0,2.01,15.0,0.00036294511537404706
7.0,2.01,16.0,-0.002324142070708954
7.0,2.01,17.0,-0.007441928622798022
7.0,2.01,18.0,0.0009305327102059335
7.0,2.01,19.0,-0.005377284108846525
7.0,2.01,20.0,0.0017597539186866573
7.0,2.01,21.0,7.98174137894847e-10
7.0,2.21,0.0,0.017617828330904306
7.0,2.21,1.0,0.0008762779383649222
7.0,2.21,2.0,0.00441993524415174
7.0,2.21,3.0,7.579301075644196e-10
7.0,2.21,4.0,-0.0031705729723299284
7.0,2.21,5.0,-0.008473178645815871
7.0,2.21,6.0,0.002794824283258779
7.0,2.21,7.0,-0.01086351911904565
7.0,2.21,8.0,7.579301075644196e-10
7.0,2.21,9.0,-0.0014305930786481513
7.0,2.21,10.0,-0.0017074268615701327
7.0,2.21,11.0,7.579301075644196e-10
7.0,2.21,12.0,0.0037456626020803546
7.0,2.21,13.0,0.0038171817745473735
7.0,2.21,14.0,-0.0009788236504247733
7.0,2.21,15.0,0.0003927943043270654
7.0,2.21,16.0,-0.002511926794108013
7.0,2.21,17.0,-0.00804194933905411
7.0,2.21,18.0,0.0010711290083059155
7.0,2.21,19.0,-0.005810411734653798
7.0,2.21,20.0,0.0019413252338592035
7.0,2.21,21.0,7.98174137894847e-10
7.0,2.41,0.0,0.019047079394722277
7.0,2.41,1.0,0.000955331734579179
7.0,2.41,2.0,0.004745038047851036
7.0,2.41,3.0,7.579301075644196e-10
7.0,2.41,4.0,-0.0031801768184998714
7.0,2.41,5.0,-0.009108599555706295
7.0,2.41,6.0,0.003068681639268378
7.0,2.41,7.0,-0.011672967004699566
7.0,2.41,8.0,7.579301075644196e-10
7.0,2.41,9.0,-0.0015308470840106336
7.0,2.41,10.0,-0.0018354638185759942
7.0,2.41,11.0,7.579301075644196e-10
7.0,2.41,12.0,0.004047520338220312
7.0,2.41,13.0,0.004106476647622648
7.0,2.41,14.0,-0.001107864596715441
7.0,2.41,15.0,0.0004202339366697061
7.0,2.41,16.0,-0.0026939040335009767
7.0,2.41,17.0,-0.008628099909627207
7.0,2.41,18.0,0.0012139457282890898
7.0,2.41,19.0,-0.006226921998816776
7.0,2.41,20.0,0.002112671467984384
7.0,2.41,21.0,7.98174137894847e-10
7.0,2.61,0.0,0.020439319532425837
7.0,2.61,1.0,0.001030777412896311
7.0,2.61,2.0,0.005065870045351084
7.0,2.61,3.0,7.579301075644196e-10
7.0,2.61,4.0,-0.0031884272638900567
7.0,2.61,5.0,-0.009729462589850364
7.0,2.61,6.0,0.003339329183152051
7.0,2.61,7.0,-0.012464686457447222
7.0,2.61,8.0,7.579301075644196e-10
7.0,2.61,9.0,-0.0016306852228384072
7.0,2.61,10.0,-0.001960478264547816
7.0,2.61,11.0,7.579301075644196e-10
7.0,2.61,12.0,0.004342953673924246
7.0,2.61,13.0,0.004390632077299839
7.0,2.61,14.0,-0.0012342258088746255
7.0,2.61,15.0,0.000447778171598856
7.0,2.61,16.0,-0.002871715399697522
7.0,2.61,17.0,-0.00920049725488234
7.0,2.61,18.0,0.0013520008653926108
7.0,2.61,19.0,-0.006634935776848205
7.0,2.61,20.0,0.002283153698502405
7.0,2.61,21.0,7.98174137894847e-10
7.0,2.81,0.0,0.0217973352812314
7.0,2.81,1.0,0.0011033918047188007
7.0,2.81,2.0,0.005381071282266114
7.0,2.81,3.0,7.579301075644196e-10
7.0,2.81,4.0,-0.0031955315386112616
7.0,2.81,5.0,-0.010336121725618035
7.0,2.81,6.0,0.0036056238688768616
7.0,2.81,7.0,-0.013238766394877949
7.0,2.81,8.0,7.579301075644196e-10
7.0,2.81,9.0,-0.001729348480373094
7.0,2.81,10.0,-0.0020825988743224666
7.0,2.81,11.0,7.579301075644196e-10
7.0,2.81,12.0,0.004632020364475256
7.0,2.81,13.0,0.004669060903971289
7.0,2.81,14.0,-0.001357909873946836
7.0,2.81,15.0,0.0004751160404989907
7.0,2.81,16.0,-0.00304539512223366
7.0,2.81,17.0,-0.009759642625265047
7.0,2.81,18.0,0.0014860437048102582
7.0,2.81,19.0,-0.007034159342012569
7.0,2.81,20.0,0.0024516123324442862
7.0,2.81,21.0,7.98174137894847e-10
7.0,3.01,0.0,0.02312375599480443
7.0,3.01,1.0,0.0011739541438079426
7.0,3.01,2.0,0.005689339032836416
7.0,3.01,3.0,7.579301075644196e-10
7.0,3.01,4.0,-0.0032016629055640114
7.0,3.01,5.0,-0.010928920298793929
7.0,3.01,6.0,0.0038664817201023993
7.0,3.01,7.0,-0.013995289351262555
7.0,3.01,8.0,7.579301075644196e-10
7.0,3.01,9.0,-0.0018260804491351534
7.0,3.01,10.0,-0.0022019483885088176
7.0,3.01,11.0,7.579301075644196e-10
7.0,3.01,12.0,0.004914773135456227
7.0,3.01,13.0,0.0049412036724242325
7.0,3.01,14.0,-0.0014789234972902021
7.0,3.01,15.0,0.0005019438931412601
7.0,3.01,16.0,-0.0032149712818834025
7.0,3.01,17.0,-0.010306008407218875
7.0,3.01,18.0,0.0016168467118404806
7.0,3.01,19.0,-0.0074242755160536245
7.0,3.01,20.0,0.002616909136738621
7.0,3.01,21.0,7.98174137894847e-10
7.0,3.21,0.0,0.024420836604915452
7.0,3.21,1.0,0.0012431270721933174
7.0,3.21,2.0,0.005989657493330636
7.0,3.21,3.0,7.579301075644196e-10
7.0,3.21,4.0,-0.0032069665612463162
7.0,3.21,5.0,-0.011508211051811684
7.0,3.21,6.0,0.004121057231712688
7.0,3.21,7.0,-0.014734415604694448
7.0,3.21,8.0,7.579301075644196e-10
7.0,3.21,9.0,-0.0019202638635342772
7.0,3.21,10.0,-0.0023186393745414924
7.0,3.21,11.0,7.579301075644196e-10
7.0,3.21,12.0,0.005191281590393643
7.0,3.21,13.0,0.005206644302040153
7.0,3.21,14.0,-0.001597285802733786
7.0,3.21,15.0,0.0005280154155585248
7.0,3.21,16.0,-0.0033804871219186017
7.0,3.21,17.0,-0.010840036828944771
7.0,3.21,18.0,0.0017450826028473365
7.0,3.21,19.0,-0.007805058601832254
7.0,3.21,20.0,0.002778117690343418
7.0,3.21,21.0,7.98174137894847e-10
7.0,3.41,0.0,0.02569037336052038
7.0,3.41,1.0,0.0013113965932103344
7.0,3.41,2.0,0.0062813996917180925
7.0,3.41,3.0,7.579301075644196e-10
7.0,3.41,4.0,-0.0032115644535849167
7.0,3.41,5.0,-0.01207436437035174
7.0,3.41,6.0,0.004368821353669561
7.0,3.41,7.0,-0.015456420283198519
7.0,3.41,8.0,7.579301075644196e-10
7.0,3.41,9.0,-0.0020114867584324347
7.0,3.41,10.0,-0.002432772674531264
7.0,3.41,11.0,7.579301075644196e-10
7.0,3.41,12.0,0.0054616434206520015
7.0,3.41,13.0,0.005465160731331076
7.0,3.41,14.0,-0.0017130317095132575
7.0,3.41,15.0,0.000553164930155059
7.0,3.41,16.0,-0.0035420111984039993
7.0,3.41,17.0,-0.011362141595325725
7.0,3.41,18.0,0.0018712591182195037
7.0,3.41,19.0,-0.00817643150276004
7.0,3.41,20.0,0.0029346145066250773
7.0,3.41,21.0,7.98174137894847e-10
7.0,3.61,0.0,0.026982447691157208
7.0,3.61,1.0,0.0014014375909543464
7.0,3.61,2.0,0.006513756970648488
7.0,3.61,3.0,7.579301075644196e-10
7.0,3.61,4.0,-0.003215556978413447
7.0,3.61,5.0,-0.012624285032570862
7.0,3.61,6.0,0.004568957384089689
7.0,3.61,7.0,-0.0161476732332224
7.0,3.61,8.0,7.579301075644196e-10
7.0,3.61,9.0,-0.0020750258630863605
7.0,3.61,10.0,-0.0025453095514869906
7.0,3.61,11.0,7.579301075644196e-10
7.0,3.61,12.0,0.005721250313730122
7.0,3.61,13.0,0.00569170788603901
7.0,3.61,14.0,-0.0018244582600553116
7.0,3.61,15.0,0.0005665426182332178
7.0,3.61,16.0,-0.003695830250590046
7.0,3.61,17.0,-0.011873358926539401
7.0,3.61,18.0,0.002019208716847354
7.0,3.61,19.0,-0.008519273671558303
7.0,3.61,20.0,0.0030433096093732126
7.0,3.61,21.0,7.98174137894847e-10
7.0,3.81,0.0,0.028243451966899813
7.0,3.81,1.0,0.0014887352017623479
7.0,3.81,2.0,0.006742819658541788
7.0,3.81,3.0,7.579301075644196e-10
7.0,3.81,4.0,-0.0032190336939369084
7.0,3.81,5.0,-0.013162333776756137
7.0,3.81,6.0,0.004766404647187195
7.0,3.81,7.0,-0.016824489828085556
7.0,3.81,8.0,7.579301075644196e-10
7.0,3.81,9.0,-0.0021381137120385363
7.0,3.81,10.0,-0.002655344594725134
7.0,3.81,11.0,7.579301075644196e-10
7.0,3.81,12.0,0.00597541787665376
7.0,3.81,13.0,0.00591420146500321
7.0,3.81,14.0,-0.001933589975502012
7.0,3.81,15.0,0.0005799802235995632
7.0,3.81,16.0,-0.003846315850653828
7.0,3.81,17.0,-0.012373262578200539
7.0,3.81,18.0,0.0021634255861231466
7.0,3.81,19.0,-0.008855176190852132
7.0,3.81,20.0,0.003150905700281925
7.0,3.81,21.0,7.98174137894847e-10
7.0,4.01,0.0,0.02932899777122744
7.0,4.01,1.0,0.0015047290569158989
7.0,4.01,2.0,0.007122303473176772
7.0,4.01,3.0,7.579301075644196e-10
7.0,4.01,4.0,-0.0032220726599038046
7.0,4.01,5.0,-0.013699476833742778
7.0,4.01,6.0,0.005085525329125373
7.0,4.01,7.0,-0.017529300476227305
7.0,4.01,8.0,7.579301075644196e-10
7.0,4.01,9.0,-0.002275036304998923
7.0,4.01,10.0,-0.002760500639176655
7.0,4.01,11.0,7.579301075644196e-10
7.0,4.01,12.0,0.006239436851455296
7.0,4.01,13.0,0.006208121334984662
7.0,4.01,14.0,-0.0020456373560672064
7.0,4.01,15.0,0.0006264441650652153
7.0,4.01,16.0,-0.004004662161846473
7.0,4.01,17.0,-0.012860824806253002
7.0,4.01,18.0,0.0022321051334558417
7.0,4.01,19.0,-0.009242019779342164
7.0,4.01,20.0,0.0033868209629626667
7.0,4.01,21.0,7.98174137894847e-10
8.0,0.01,0.0,0.00021472214613216245
8.0,0.01,1.0,1.1274053506871162e-06
8.0,0.01,2.0,8.417084821144005e-05
8.0,0.01,3.0,8.065153267455827e-10
8.0,0.01,4.0,0.00010284367821183915
8.0,0.01,5.0,-2.3684416829483634e-05
8.0,0.01,6.0,6.266773215801713e-06
8.0,0.01,7.0,-2.3551515198949602e-05
8.0,0.01,8.0,8.065153267455827e-10
8.0,0.01,9.0,-6.549362099209782e-05
8.0,0.01,10.0,-7.4651960075555746e-06
8.0,0.01,11.0,8.065153267455827e-10
8.0,0.01,12.0,-3.8287826511912426e-05
8.0,0.01,13.0,2.1820050802395796e-05
8.0,0.01,14.0,7.92727792778003e-05
8.0,0.01,15.0,3.0218254437608394e-07
8.0,0.01,16.0,-6.801316472440644e-05
8.0,0.01,17.0,-5.0260782985034336e-05
8.0,0.01,18.0,-2.557436750183495e-05
8.0,0.01,19.0,-1.8893426262822643e-05
8.0,0.01,20.0,8.540098249354422e-05
8.0,0.01,21.0,8.993784328392707e-10
8.0,0.21000000000000002,0.0,0.004459916551657672
8.0,0.21000000000000002,1.0,0.00013346339146380615
8.0,0.21000000000000002,2.0,0.000882317743822636
8.0,0.21000000000000002,3.0,8.065153267455827e-10
8.0,0.21000000000000002,4.0,-0.00010939305389401355
8.0,0.21000000000000002,5.0,-0.0005870093914302488
8.0,0.21000000000000002,6.0,0.00016498136523848683
8.0,0.21000000000000002,7.0,-0.0007164672702678621
8.0,0.21000000000000002,8.0,8.065153267455827e-10
8.0,0.21000000000000002,9.0,-0.0009105067767937666
8.0,0.21000000000000002,10.0,-0.00018981989149632894
8.0,0.21000000000000002,11.0,8.065153267455827e-10
8.0,0.21000000000000002,12.0,5.6944824798565996e-05
8.0,0.21000000000000002,13.0,0.000515188194603805
8.0,0.21000000000000002,14.0,0.0010274895810076512
8.0,0.21000000000000002,15.0,3.625208797236601e-06
8.0,0.21000000000000002,16.0,-0.00010104666190563494
8.0,0.21000000000000002,17.0,-0.0009065687552705093
8.0,0.21000000000000002,18.0,2.0511789692811977e-05
8.0,0.21000000000000002,19.0,6.342544877149803e-05
8.0,0.21000000000000002,20.0,0.0012004008163387647
8.0,0.21000000000000002,21.0,8.993784328392707e-10
8.0,0.41000000000000003,0.0,0.008725514548821756
8.0,0.41000000000000003,1.0,0.0002609831362028192
8.0,0.41000000000000003,2.0,0.001721940054885962
8.0,0.41000000000000003,3.0,8.065153267455827e-10
8.0,0.41000000000000003,4.0,-0.00016729980796986732
8.0,0.41000000000000003,5.0,-0.0011495924535657454
8.0,0.41000000000000003,6.0,0.0003275043855928139
8.0,0.41000000000000003,7.0,-0.0014006167226038035
8.0,0.41000000000000003,8.0,8.065153267455827e-10
8.0,0.41000000000000003,9.0,-0.0017474543068068255
8.0,0.41000000000000003,10.0,-0.0003742813603012374
8.0,0.41000000000000003,11.0,8.065153267455827e-10
8.0,0.41000000000000003,12.0,9.689193369100124e-05
8.0,0.41000000000000003,13.0,0.0010026824901849807
8.0,0.41000000000000003,14.0,0.0020161568376933503
8.0,0.41000000000000003,15.0,7.140674383065981e-06
8.0,0.41000000000000003,16.0,-0.00021701638611029694
8.0,0.41000000000000003,17.0,-0.0017801555075337427
8.0,0.41000000000000003,18.0,3.50742783872815e-05
8.0,0.41000000000000003,19.0,0.0001185572849370653
8.0,0.41000000000000003,20.0,0.0023220883494706746
8.0,0.41000000000000003,21.0,8.993784328392707e-10
8.0,0.6100000000000001,0.0,0.013145105459224427
8.0,0.6100000000000001,1.0,0.00040438271187215324
8.0,0.6100000000000001,2.0,0.002356538690530041
8.0,0.6100000000000001,3.0,8.065153267455827e-10
8.0,0.6100000000000001,4.0,-0.00028307515957903817
8.0,0.6100000000000001,5.0,-0.0016914109825449108
8.0,0.6100000000000001,6.0,0.0005009208690630873
8.0,0.6100000000000001,7.0,-0.0020611467029102437
8.0,0.6100000000000001,8.0,8.065153267455827e-10
8.0,0.6100000000000001,9.0,-0.002569556679865116
8.0,0.6100000000000001,10.0,-0.0005656613660538767
8.0,0.6100000000000001,11.0,8.065153267455827e-10
8.0,0.6100000000000001,12.0,0.00013513562682693214
8.0,0.6100000000000001,13.0,0.0014469733431972664
8.0,0.6100000000000001,14.0,0.002945758635014062
8.0,0.6100000000000001,15.0,1.0125347894462955e-05
8.0,0.6100000000000001,16.0,-0.00031777498420662575
8.0,0.6100000000000001,17.0,-0.002627978408852455
8.0,0.6100000000000001,18.0,6.232010158491175e-05
8.0,0.6100000000000001,19.0,0.0001896678816534214
8.0,0.6100000000000001,20.0,0.0030912130190469123
8.0,0.6100000000000001,21.0,8.993784328392707e-10
8.0,0.81,0.0,0.017499312466065953
8.0,0.81,1.0,0.0005346290014869304
8.0,0.81,2.0,0.0031271656937740255
8.0,0.81,3.0,8.065153267455827e-10
8.0,0.81,4.0,-0.00020298848382743762
8.0,0.81,5.0,-0.0022402335908883186
8.0,0.81,6.0,0.0006723500769492963
8.0,0.81,7.0,-0.0027219838376356664
8.0,0.81,8.0,8.065153267455827e-10
8.0,0.81,9.0,-0.0033879970107253132
8.0,0.81,10.0,-0.0007551269382776726
8.0,0.81,11.0,8.065153267455827e-10
8.0,0.81,12.0,0.00011720830858222286
8.0,0.81,13.0,0.0019029954271572447
8.0,0.81,14.0,0.003946317089621509
8.0,0.81,15.0,1.3543099633001043e-05
8.0,0.81,16.0,-0.0005086784571287917
8.0,0.81,17.0,-0.0035020194894095358
8.0,0.81,18.0,5.106514410468943e-05
8.0,0.81,19.0,0.0002233569249472378
8.0,0.81,20.0,0.004021175024871704
8.0,0.81,21.0,8.993784328392707e-10
8.0,1.01,0.0,0.021875576526601437
8.0,1.01,1.0,0.0006697191166521455
8.0,1.01,2.0,0.003822812603524628
8.0,1.01,3.0,8.065153267455827e-10
8.0,1.01,4.0,-0.00015317934387065746
8.0,1.01,5.0,-0.002779824815280607
8.0,1.01,6.0,0.0008459629540610025
8.0,1.01,7.0,-0.0033725800948589124
8.0,1.01,8.0,8.065153267455827e-10
8.0,1.01,9.0,-0.004197542356794828
8.0,1.01,10.0,-0.0009453903013057763
8.0,1.01,11.0,8.065153267455827e-10
8.0,1.01,12.0,0.00010130995102075602
8.0,1.01,13.0,0.0023428941717759666
8.0,1.01,14.0,0.004920704366097206
8.0,1.01,15.0,1.673892614556527e-05
8.0,1.01,16.0,-0.0006893666691154543
8.0,1.01,17.0,-0.004361200214232724
8.0,1.01,18.0,4.6693103322226204e-05
8.0,1.01,19.0,0.00026380545223858576
8.0,1.01,20.0,0.0048282628517306025
8.0,1.01,21.0,8.99378405083695e-10
8.0,1.2100000000000002,0.0,0.025989138933381617
8.0,1.2100000000000002,1.0,0.0007840014687993668
8.0,1.2100000000000002,2.0,0.0047594253227686845
8.0,1.2100000000000002,3.0,8.065153267455827e-10
8.0,1.2100000000000002,4.0,-2.1802034288975758e-05
8.0,1.2100000000000002,5.0,-0.0033353448488553095
8.0,1.2100000000000002,6.0,0.001005213307309405
8.0,1.2100000000000002,7.0,-0.004039596632176845
8.0,1.2100000000000002,8.0,8.065153267455827e-10
8.0,1.2100000000000002,9.0,-0.005010275723505951
8.0,1.2100000000000002,10.0,-0.001125179161599238
8.0,1.2100000000000002,11.0,8.065153267455827e-10
8.0,1.2100000000000002,12.0,8.037693867662954e-05
8.0,1.2100000000000002,13.0,0.0028272216718097376
8.0,1.2100000000000002,14.0,0.005956725651195677
8.0,1.2100000000000002,15.0,2.0508128016988314e-05
8.0,1.2100000000000002,16.0,-0.0008962254922348645
8.0,1.2100000000000002,17.0,-0.005238952162122584
8.0,1.2100000000000002,18.0,2.5216760575152986e-05
8.0,1.2100000000000002,19.0,0.000282265628641476
8.0,1.2100000000000002,20.0,0.006047832536640763
8.0,1.2100000000000002,21.0,8.993784328392707e-10
8.0,1.4100000000000001,0.0,0.029376040569881523
8.0,1.4100000000000001,1.0,0.0008529813022090105
8.0,1.4100000000000001,2.0,0.006198156222225026
8.0,1.4100000000000001,3.0,8.065153267455827e-10
8.0,1.4100000000000001,4.0,-3.748617049476044e-05
8.0,1.4100000000000001,5.0,-0.003925573222126
8.0,1.4100000000000001,6.0,0.001115176002842666
8.0,1.4100000000000001,7.0,-0.004759164320063708
8.0,1.4100000000000001,8.0,8.065153267455827e-10
8.0,1.4100000000000001,9.0,-0.005839871554109345
8.0,1.4100000000000001,10.0,-0.001270544338870222
8.0,1.4100000000000001,11.0,8.065153267455827e-10
8.0,1.4100000000000001,12.0,0.00017651833322718247
8.0,1.4100000000000001,13.0,0.0034312043448186946
8.0,1.4100000000000001,14.0,0.007028132849572488
8.0,1.4100000000000001,15.0,2.54171102446743e-05
8.0,1.4100000000000001,16.0,-0.0009771087343758977
8.0,1.4100000000000001,17.0,-0.006117637742296955
8.0,1.4100000000000001,18.0,2.4865560190545644e-05
8.0,1.4100000000000001,19.0,0.00030806340619471406
8.0,1.4100000000000001,20.0,0.008306332713304054
8.0,1.4100000000000001,21.0,8.993784328392707e-10
8.0,1.61,0.0,0.033356311615763246
8.0,1.61,1.0,0.0009654968710000045
8.0,1.61,2.0,0.007106172417828627
8.0,1.61,3.0,8.065153267455827e-10
8.0,1.61,4.0,-2.784847046377603e-05
8.0,1.61,5.0,-0.00446980285497367
8.0,1.61,6.0,0.0012658396381337311
8.0,1.61,7.0,-0.0054185757573037285
8.0,1.61,8.0,8.065153267455827e-10
8.0,1.61,9.0,-0.0066399199833621705
8.0,1.61,10.0,-0.0014432574335520032
8.0,1.61,11.0,8.065153267455827e-10
8.0,1.61,12.0,0.00020153889385610135
8.0,1.61,13.0,0.003913087587357922
8.0,1.61,14.0,0.008007287803151075
8.0,1.61,15.0,2.9059754626997725e-05
8.0,1.61,16.0,-0.0011143679659097183
8.0,1.61,17.0,-0.006963099641363352
8.0,1.61,18.0,2.7901441881639233e-05
8.0,1.61,19.0,0.0003464844096001951
8.0,1.61,20.0,0.009549818376379748
8.0,1.61,21.0,8.993784328392707e-10
8.0,1.81,0.0,0.03708084994055927
8.0,1.81,1.0,0.0010642750747543173
8.0,1.81,2.0,0.008149440596916357
8.0,1.81,3.0,8.065153267455827e-10
8.0,1.81,4.0,-0.00010405348725611718
8.0,1.81,5.0,-0.005020764490186125
8.0,1.81,6.0,0.0013984024025949227
8.0,1.81,7.0,-0.006091355765047629
8.0,1.81,8.0,8.065153267455827e-10
8.0,1.81,9.0,-0.007440731419910182
8.0,1.81,10.0,-0.001603154490152442
8.0,1.81,11.0,8.065153267455827e-10
8.0,1.81,12.0,0.0002770816970320833
8.0,1.81,13.0,0.004430240897025317
8.0,1.81,14.0,0.008978445764312004
8.0,1.81,15.0,3.2978327328597734e-05
8.0,1.81,16.0,-0.0011904206601964507
8.0,1.81,17.0,-0.007798704442454368
8.0,1.81,18.0,4.207072214895691e-05
8.0,1.81,19.0,0.00039403326481030065
8.0,1.81,20.0,0.011097204099089264
8.0,1.81,21.0,8.993784328392707e-10
8.0,2.01,0.0,0.0413229671311931
8.0,2.01,1.0,0.0011826990964171058
8.0,2.01,2.0,0.008991302751303443
8.0,2.01,3.0,8.065153267455827e-10
8.0,2.01,4.0,0.00026367719258674205
8.0,2.01,5.0,-0.005549748495761092
8.0,2.01,6.0,0.001574523887411472
8.0,2.01,7.0,-0.0067152422958034474
8.0,2.01,8.0,8.065153267455827e-10
8.0,2.01,9.0,-0.008218245080638557
8.0,2.01,10.0,-0.0017925111674632066
8.0,2.01,11.0,8.065153267455827e-10
8.0,2.01,12.0,0.00014624393570342176
8.0,2.01,13.0,0.0048608564022595835
8.0,2.01,14.0,0.010039141278232938
8.0,2.01,15.0,3.6623859654583146e-05
8.0,2.01,16.0,-0.0015436641793450945
8.0,2.01,17.0,-0.008675948682477397
8.0,2.01,18.0,-2.5872063533438627e-05
8.0,2.01,19.0,0.0003712085784105812
8.0,2.01,20.0,0.012043124604274313
8.0,2.01,21.0,8.993784328392707e-10
8.0,2.21,0.0,0.04522902197074552
8.0,2.21,1.0,0.0012930598108013558
8.0,2.21,2.0,0.009874033842310392
8.0,2.21,3.0,8.065153267455827e-10
8.0,2.21,4.0,0.0002755173584006454
8.0,2.21,5.0,-0.006080644856179457
8.0,2.21,6.0,0.0017237900360919378
8.0,2.21,7.0,-0.007357722177586817
8.0,2.21,8.0,8.065153267455827e-10
8.0,2.21,9.0,-0.008997959449245856
8.0,2.21,10.0,-0.0019624672827267264
8.0,2.21,11.0,8.065153267455827e-10
8.0,2.21,12.0,0.00016579050773141146
8.0,2.21,13.0,0.00532850393376294
8.0,2.21,14.0,0.0109955158148137
8.0,2.21,15.0,4.017760131586057e-05
8.0,2.21,16.0,-0.0016842502409273874
8.0,2.21,17.0,-0.009500730474514718
8.0,2.21,18.0,-1.8612588526867313e-05
8.0,2.21,19.0,0.0004087033810291629
8.0,2.21,20.0,0.013248408037514703
8.0,2.21,21.0,8.993784328392707e-10
8.0,2.41,0.0,0.0489534413054018
8.0,2.41,1.0,0.0013939945788044028
8.0,2.41,2.0,0.010843896896016891
8.0,2.41,3.0,8.065153267455827e-10
8.0,2.41,4.0,0.00024256388968169063
8.0,2.41,5.0,-0.006613780421600601
8.0,2.41,6.0,0.001860054506063774
8.0,2.41,7.0,-0.008006730234639242
8.0,2.41,8.0,8.065153267455827e-10
8.0,2.41,9.0,-0.009775966997734267
8.0,2.41,10.0,-0.0021233298555466684
8.0,2.41,11.0,8.065153267455827e-10
8.0,2.41,12.0,0.00021681923214414422
8.0,2.41,13.0,0.005818239772556355
8.0,2.41,14.0,0.011946973914460424
8.0,2.41,15.0,4.3915185034770765e-05
8.0,2.41,16.0,-0.0017868703349215032
8.0,2.41,17.0,-0.010318797464502372
8.0,2.41,18.0,-1.2039337264180272e-05
8.0,2.41,19.0,0.0004493974615880636
8.0,2.41,20.0,0.014650720770989278
8.0,2.41,21.0,8.993784328392707e-10
8.0,2.61,0.0,0.05267790541757145
8.0,2.61,1.0,0.0014956582532207885
8.0,2.61,2.0,0.011788217713644522
8.0,2.61,3.0,8.065153267455827e-10
8.0,2.61,4.0,0.00021816973337912549
8.0,2.61,5.0,-0.007140958857813379
8.0,2.61,6.0,0.001997219945373413
8.0,2.61,7.0,-0.008648075322223836
8.0,2.61,8.0,8.065153267455827e-10
8.0,2.61,9.0,-0.010546485307033109
8.0,2.61,10.0,-0.002284309652841543
8.0,2.61,11.0,8.065153267455827e-10
8.0,2.61,12.0,0.0002619163610291242
8.0,2.61,13.0,0.006299049088307723
8.0,2.61,14.0,0.012889879493329509
8.0,2.61,15.0,4.758978040000916e-05
8.0,2.61,16.0,-0.0018949959415296147
8.0,2.61,17.0,-0.011130241353173531
8.0,2.61,18.0,-6.739443577208348e-06
8.0,2.61,19.0,0.0004889931536790348
8.0,2.61,20.0,0.016004874831230476
8.0,2.61,21.0,8.99378405083695e-10
8.0,2.81,0.0,0.056389799778906236
8.0,2.81,1.0,0.0015970461840717487
8.0,2.81,2.0,0.012719072650268726
8.0,2.81,3.0,8.065153267455827e-10
8.0,2.81,4.0,0.00020284823877086966
8.0,2.81,5.0,-0.007663104102931195
8.0,2.81,6.0,0.002134441596548464
8.0,2.81,7.0,-0.009282952153158608
8.0,2.81,8.0,8.065153267455827e-10
8.0,2.81,9.0,-0.01131003336039288
8.0,2.81,10.0,-0.0024448464165154338
8.0,2.81,11.0,8.065153267455827e-10
8.0,2.81,12.0,0.00030226423114032563
8.0,2.81,13.0,0.006773510699074781
8.0,2.81,14.0,0.013826522474226555
8.0,2.81,15.0,5.1232001948453565e-05
8.0,2.81,16.0,-0.0020079590954888427
8.0,2.81,17.0,-0.011935852366534883
8.0,2.81,18.0,-3.0287682233343105e-06
8.0,2.81,19.0,0.0005270058994289173
8.0,2.81,20.0,0.017333866045136093
8.0,2.81,21.0,8.99378405083695e-10
8.0,3.01,0.0,0.05987554629447667
8.0,3.01,1.0,0.0017103230456036456
8.0,3.01,2.0,0.013432770747521416
8.0,3.01,3.0,8.065153267455827e-10
8.0,3.01,4.0,-0.00035176854072604957
8.0,3.01,5.0,-0.008170902971921828
8.0,3.01,6.0,0.0022462612570886
8.0,3.01,7.0,-0.009923984126782442
8.0,3.01,8.0,8.065153267455827e-10
8.0,3.01,9.0,-0.012070233289653544
8.0,3.01,10.0,-0.0025867979118500972
8.0,3.01,11.0,8.065153267455827e-10
8.0,3.01,12.0,0.0005459226921703808
8.0,3.01,13.0,0.007252915628118056
8.0,3.01,14.0,0.01456041224404378
8.0,3.01,15.0,5.399352329155116e-05
8.0,3.01,16.0,-0.0018119308232137088
8.0,3.01,17.0,-0.01265431167050024
8.0,3.01,18.0,0.00010092691106261542
8.0,3.01,19.0,0.0006649834593517867
8.0,3.01,20.0,0.018495501653963964
8.0,3.01,21.0,8.993784328392707e-10
8.0,3.21,0.0,0.06359704755352957
8.0,3.21,1.0,0.0018164574712619674
8.0,3.21,2.0,0.014273852938344378
8.0,3.21,3.0,8.065153267455827e-10
8.0,3.21,4.0,-0.00037925684410267113
8.0,3.21,5.0,-0.008680219792557065
8.0,3.21,6.0,0.0023858086805780554
8.0,3.21,7.0,-0.010542952608094625
8.0,3.21,8.0,8.065153267455827e-10
8.0,3.21,9.0,-0.012818883709420907
8.0,3.21,10.0,-0.0027476880985032592
8.0,3.21,11.0,8.065153267455827e-10
8.0,3.21,12.0,0.0005827754165397547
8.0,3.21,13.0,0.007705844669454426
8.0,3.21,14.0,0.015466063585460071
8.0,3.21,15.0,5.736974242359638e-05
8.0,3.21,16.0,-0.0019209115167908297
8.0,3.21,17.0,-0.013442126979631153
8.0,3.21,18.0,0.0001085552875888518
8.0,3.21,19.0,0.0007073656287939212
8.0,3.21,20.0,0.019659753363705124
8.0,3.21,21.0,8.993784328392707e-10
8.0,3.41,0.0,0.06728944225138744
8.0,3.41,1.0,0.0019216961690682877
8.0,3.41,2.0,0.015109189930956057
8.0,3.41,3.0,8.065153267455827e-10
8.0,3.41,4.0,-0.00040602085023844214
8.0,3.41,5.0,-0.009185566453095456
8.0,3.41,6.0,0.002524270406260215
8.0,3.41,7.0,-0.01115709698758871
8.0,3.41,8.0,8.065153267455827e-10
8.0,3.41,9.0,-0.013561338646503267
8.0,3.41,10.0,-0.0029073307689941597
8.0,3.41,11.0,8.065153267455827e-10
8.0,3.41,12.0,0.0006192374471524487
8.0,3.41,13.0,0.008155290675649352
8.0,3.41,14.0,0.016364825995426407
8.0,3.41,15.0,6.072271527748918e-05
8.0,3.41,16.0,-0.0020292263080586015
8.0,3.41,17.0,-0.014223870715990017
8.0,3.41,18.0,0.00011603862000036935
8.0,3.41,19.0,0.0007493262627561448
8.0,3.41,20.0,0.02081647766932021
8.0,3.41,21.0,8.993784328392707e-10
8.0,3.61,0.0,0.07095266339865947
8.0,3.61,1.0,0.0020260244648853676
8.0,3.61,2.0,0.0159391007327484
8.0,3.61,3.0,8.065153267455827e-10
8.0,3.61,4.0,-0.00043249706487225037
8.0,3.61,5.0,-0.009687000162880322
8.0,3.61,6.0,0.002661617142803857
8.0,3.61,7.0,-0.011766511606289831
8.0,3.61,8.0,8.065153267455827e-10
8.0,3.61,9.0,-0.014297639372707623
8.0,3.61,10.0,-0.003065713221693356
8.0,3.61,11.0,8.065153267455827e-10
8.0,3.61,12.0,0.0006555128644366304
8.0,3.61,13.0,0.008601370691549759
8.0,3.61,14.0,0.017256671250499345
8.0,3.61,15.0,6.405330986203328e-05
8.0,3.61,16.0,-0.0021366152437569674
8.0,3.61,17.0,-0.014999568204391384
8.0,3.61,18.0,0.00012345959599352474
8.0,3.61,19.0,0.0007909412587702724
8.0,3.61,20.0,0.02196648961344505
8.0,3.61,21.0,8.993784328392707e-10
8.0,3.81,0.0,0.07458675918737379
8.0,3.81,1.0,0.0021294377638638173
8.0,3.81,2.0,0.016763776675351616
8.0,3.81,3.0,8.065153267455827e-10
8.0,3.81,4.0,-0.0004591668002293936
8.0,3.81,5.0,-0.010184569153011802
8.0,3.81,6.0,0.00279782611600235
8.0,3.81,7.0,-0.012371279964627446
8.0,3.81,8.0,8.065153267455827e-10
8.0,3.81,9.0,-0.015027817711071645
8.0,3.81,10.0,-0.003222826977869936
8.0,3.81,11.0,8.065153267455827e-10
8.0,3.81,12.0,0.0006918104680826431
8.0,3.81,13.0,0.00904417793612744
8.0,3.81,14.0,0.01814153061487911
8.0,3.81,15.0,6.736205952145857e-05
8.0,3.81,16.0,-0.00224280113999506
8.0,3.81,17.0,-0.015769232432182978
8.0,3.81,18.0,0.00013091321220226604
8.0,3.81,19.0,0.0008323010214789095
8.0,3.81,20.0,0.02311037271032773
8.0,3.81,21.0,8.993784328392707e-10
8.0,4.01,0.0,0.07819187891418178
8.0,4.01,1.0,0.002231940911861574
8.0,4.01,2.0,0.017583290911413696
8.0,4.01,3.0,8.065153267455827e-10
8.0,4.01,4.0,-0.00048655138220476957
8.0,4.01,5.0,-0.010678314812539502
8.0,4.01,6.0,0.0029328808102436765
8.0,4.01,7.0,-0.012971476646776559
8.0,4.01,8.0,8.065153267455827e-10
8.0,4.01,9.0,-0.01575189717540184
8.0,4.01,10.0,-0.0033786675145122957
8.0,4.01,11.0,8.065153267455827e-10
8.0,4.01,12.0,0.0007283417249269175
8.0,4.01,13.0,0.009483784393870598
8.0,4.01,14.0,0.01901929946241157
8.0,4.01,15.0,7.064917991086994e-05
8.0,4.01,16.0,-0.0023474936336385366
8.0,4.01,17.0,-0.01653286646571278
8.0,4.01,18.0,0.0001385061798522269
8.0,4.01,19.0,0.0008735093655549142
8.0,4.01,20.0,0.02424848947980962
8.0,4.01,21.0,8.993784328392707e-10
9.0,0.01,0.0,0.00038484365417612576
9.0,0.01,1.0,1.8835328575439458e-06
9.0,0.01,2.0,0.00026273111920938064
9.0,0.01,3.0,7.355680786691465e-10
9.0,0.01,4.0,5.588515592180876e-05
9.0,0.01,5.0,-0.0005862125529743356
9.0,0.01,6.0,0.00013714201718534325
9.0,0.01,7.0,-0.0007242498655538748
9.0,0.01,8.0,7.355680786691465e-10
9.0,0.01,9.0,-2.1744934848926655e-07
9.0,0.01,10.0,-0.00023689942294627397
9.0,0.01,11.0,7.355680786691465e-10
9.0,0.01,12.0,0.00015432419717315016
9.0,0.01,13.0,1.955253676533264e-05
9.0,0.01,14.0,0.0004322671143284773
9.0,0.01,15.0,1.529666783239847e-07
9.0,0.01,16.0,0.00043706618704097977
9.0,0.01,17.0,-0.00019672927742195312
9.0,0.01,18.0,6.886446532972101e-05
9.0,0.01,19.0,-0.00011776634223942262
9.0,0.01,20.0,0.0005555656171187806
9.0,0.01,21.0,1.1668623567384628e-09
9.0,0.21000000000000002,0.0,0.0019146183946039397
9.0,0.21000000000000002,1.0,6.503865600554493e-06
9.0,0.21000000000000002,2.0,0.0007812001056675677
9.0,0.21000000000000002,3.0,7.355680786691465e-10
9.0,0.21000000000000002,4.0,0.00027525934175498534
9.0,0.21000000000000002,5.0,-0.0008533623315047159
9.0,0.21000000000000002,6.0,0.00026884533923882126
9.0,0.21000000000000002,7.0,-0.0012997073216136773
9.0,0.21000000000000002,8.0,7.355680786691465e-10
9.0,0.21000000000000002,9.0,-2.1744935121612607e-07
9.0,0.21000000000000002,10.0,-0.00032414573293101934
9.0,0.21000000000000002,11.0,7.355680786691465e-10
9.0,0.21000000000000002,12.0,0.0003085844851142827
9.0,0.21000000000000002,13.0,6.651210880906366e-05
9.0,0.21000000000000002,14.0,0.0013163849666042449
9.0,0.21000000000000002,15.0,3.9231388113125654e-07
9.0,0.21000000000000002,16.0,0.0013958844240874457
9.0,0.21000000000000002,17.0,-0.00030256902184333523
9.0,0.21000000000000002,18.0,0.0004191022868453853
9.0,0.21000000000000002,19.0,2.9381573153575147e-05
9.0,0.21000000000000002,20.0,0.0011308945170473983
9.0,0.21000000000000002,21.0,1.1668623567384628e-09
9.0,0.41000000000000003,0.0,0.0035241646249722924
9.0,0.41000000000000003,1.0,1.140781541852931e-05
9.0,0.41000000000000003,2.0,0.0011905665903536589
9.0,0.41000000000000003,3.0,7.355680786691465e-10
9.0,0.41000000000000003,4.0,0.0005110795987269823
9.0,0.41000000000000003,5.0,-0.001121994961593674
9.0,0.41000000000000003,6.0,0.00041884190561203294
9.0,0.41000000000000003,7.0,-0.0018596912566962998
9.0,0.41000000000000003,8.0,7.355680786691465e-10
9.0,0.41000000000000003,9.0,-2.1744935318054816e-07
9.0,0.41000000000000003,10.0,-0.00041238727388195895
9.0,0.41000000000000003,11.0,7.355680786691465e-10
9.0,0.41000000000000003,12.0,0.0004286281896112021
9.0,0.41000000000000003,13.0,0.00011090425879237142
9.0,0.41000000000000003,14.0,0.002020857240952245
9.0,0.41000000000000003,15.0,6.143071988595761e-07
9.0,0.41000000000000003,16.0,0.0021574977414702268
9.0,0.41000000000000003,17.0,-0.0004107655239763419
9.0,0.41000000000000003,18.0,0.0009432242364544319
9.0,0.41000000000000003,19.0,0.0005235196123213326
9.0,0.41000000000000003,20.0,0.0012569269851594456
9.0,0.41000000000000003,21.0,1.1668623567384628e-09
9.0,0.6100000000000001,0.0,0.00502203549428204
9.0,0.6100000000000001,1.0,1.5883810496747364e-05
9.0,0.6100000000000001,2.0,0.0017165409395258902
9.0,0.6100000000000001,3.0,7.355680786691465e-10
9.0,0.6100000000000001,4.0,0.0007450434469952194
9.0,0.6100000000000001,5.0,-0.001382575305776193
9.0,0.6100000000000001,6.0,0.000539114423159015
9.0,0.6100000000000001,7.0,-0.002424246783716902
9.0,0.6100000000000001,8.0,7.355680786691465e-10
9.0,0.6100000000000001,9.0,-2.1744935482364961e-07
9.0,0.6100000000000001,10.0,-0.0004975903590872521
9.0,0.6100000000000001,11.0,7.355680786691465e-10
9.0,0.6100000000000001,12.0,0.0005799906987931092
9.0,0.6100000000000001,13.0,0.00015716283622702054
9.0,0.6100000000000001,14.0,0.0029243576013879835
9.0,0.6100000000000001,15.0,8.50915357897275e-07
9.0,0.6100000000000001,16.0,0.003115527189521461
9.0,0.6100000000000001,17.0,-0.0005142758745482756
9.0,0.6100000000000001,18.0,0.0012591612835958221
9.0,0.6100000000000001,19.0,0.000614163252884159
9.0,0.6100000000000001,20.0,0.0018951759821391745
9.0,0.6100000000000001,21.0,1.1668623567384628e-09
9.0,0.81,0.0,0.006722780240458137
9.0,0.81,1.0,2.0970559663352484e-05
9.0,0.81,2.0,0.002023918212445408
9.0,0.81,3.0,7.355680786691465e-10
9.0,0.81,4.0,0.0011147242446892802
9.0,0.81,5.0,-0.0016504712093028534
9.0,0.81,6.0,0.0006578303165641342
9.0,0.81,7.0,-0.0029573553092802213
9.0,0.81,8.0,7.355680786691465e-10
9.0,0.81,9.0,-2.1744935648203814e-07
9.0,0.81,10.0,-0.000590788232935624
9.0,0.81,11.0,7.355680786691465e-10
9.0,0.81,12.0,0.0005919601069860336
9.0,0.81,13.0,0.0001976764304793821
9.0,0.81,14.0,0.003538325652667984
9.0,0.81,15.0,1.0586951093016772e-06
9.0,0.81,16.0,0.0036816794094950422
9.0,0.81,17.0,-0.0006318987790059349
9.0,0.81,18.0,0.0018993894024632585
9.0,0.81,19.0,0.0011327837168317867
9.0,0.81,20.0,0.0018082522250326694
9.0,0.81,21.0,1.1668623567384628e-09
9.0,1.01,0.0,0.008274335934471133
9.0,1.01,1.0,2.5597088458867434e-05
9.0,1.01,2.0,0.0024599519586148144
9.0,1.01,3.0,7.355680786691465e-10
9.0,1.01,4.0,0.0014050234506866044
9.0,1.01,5.0,-0.0019093142123196363
9.0,1.01,6.0,0.0007720924347162095
9.0,1.01,7.0,-0.0035003141527236714
9.0,1.01,8.0,7.355680786691465e-10
9.0,1.01,9.0,-2.1744935781793115e-07
9.0,1.01,10.0,-0.000677805868583542
9.0,1.01,11.0,7.355680786691465e-10
9.0,1.01,12.0,0.0006842109493370163
9.0,1.01,13.0,0.0002409495918987148
9.0,1.01,14.0,0.004324473323980338
9.0,1.01,15.0,1.2807438400930238e-06
9.0,1.01,16.0,0.004476163800597122
9.0,1.01,17.0,-0.0007394062019829006
9.0,1.01,18.0,0.002328073606963743
9.0,1.01,19.0,0.0013658545637380004
9.0,1.01,20.0,0.0021785602071364707
9.0,1.01,21.0,1.1668623567384628e-09
9.0,1.2100000000000002,0.0,0.00980834651367779
9.0,1.2100000000000002,1.0,3.017215115699856e-05
9.0,1.2100000000000002,2.0,0.0028922400862737008
9.0,1.2100000000000002,3.0,7.355680786691465e-10
9.0,1.2100000000000002,4.0,0.0016921066496172754
9.0,1.2100000000000002,5.0,-0.0021653915926788947
9.0,1.2100000000000002,6.0,0.0008849868422646789
9.0,1.2100000000000002,7.0,-0.004037664776664951
9.0,1.2100000000000002,8.0,7.355680786691465e-10
9.0,1.2100000000000002,9.0,-2.1744935899011948e-07
9.0,1.2100000000000002,10.0,-0.000763908744289471
9.0,1.2100000000000002,11.0,7.355680786691465e-10
9.0,1.2100000000000002,12.0,0.0007756410041022122
9.0,1.2100000000000002,13.0,0.00028378399002315646
9.0,1.2100000000000002,14.0,0.005103895800134595
9.0,1.2100000000000002,15.0,1.5005541168511272e-06
9.0,1.2100000000000002,16.0,0.00526403844710166
9.0,1.2100000000000002,17.0,-0.0008457684767837481
9.0,1.2100000000000002,18.0,0.0027500708004264407
9.0,1.2100000000000002,19.0,0.0015934123873306838
9.0,1.2100000000000002,20.0,0.0025487813968758655
9.0,1.2100000000000002,21.0,1.1668623567384628e-09
9.0,1.4100000000000001,0.0,0.011321493393159465
9.0,1.4100000000000001,1.0,3.468578612556006e-05
9.0,1.4100000000000001,2.0,0.003324265941404503
9.0,1.4100000000000001,3.0,7.355680786691465e-10
9.0,1.4100000000000001,4.0,0.0019735564027644203
9.0,1.4100000000000001,5.0,-0.002418579060228944
9.0,1.4100000000000001,6.0,0.0009966085326929552
9.0,1.4100000000000001,7.0,-0.0045698785707044415
9.0,1.4100000000000001,8.0,7.355680786691465e-10
9.0,1.4100000000000001,9.0,-2.1744936000596376e-07
9.0,1.4100000000000001,10.0,-0.0008489557360202016
9.0,1.4100000000000001,11.0,7.355680786691465e-10
9.0,1.4100000000000001,12.0,0.0008686138777361796
9.0,1.4100000000000001,13.0,0.00032627020628683834
9.0,1.4100000000000001,14.0,0.005881063425266231
9.0,1.4100000000000001,15.0,1.7185826849674957e-06
9.0,1.4100000000000001,16.0,0.0060514532014264155
9.0,1.4100000000000001,17.0,-0.0009507409660359373
9.0,1.4100000000000001,18.0,0.0031603199842269447
9.0,1.4100000000000001,19.0,0.0018090155852091283
9.0,1.4100000000000001,20.0,0.0029300332471763335
9.0,1.4100000000000001,21.0,1.1668623567384628e-09
9.0,1.61,0.0,0.012813755333599186
9.0,1.61,1.0,3.9136562751035386e-05
9.0,1.61,2.0,0.0037567949598711348
9.0,1.61,3.0,7.355680786691465e-10
9.0,1.61,4.0,0.0022495423589343755
9.0,1.61,5.0,-0.0026688870436967493
9.0,1.61,6.0,0.0011067873003485218
9.0,1.61,7.0,-0.005097089127192839
9.0,1.61,8.0,7.355680786691465e-10
9.0,1.61,9.0,-2.1744936088212127e-07
9.0,1.61,10.0,-0.0009329386111715798
9.0,1.61,11.0,7.355680786691465e-10
9.0,1.61,12.0,0.0009634107540746895
9.0,1.61,13.0,0.0003684274452977754
9.0,1.61,14.0,0.0066572218973595665
9.0,1.61,15.0,1.9349668254620145e-06
9.0,1.61,16.0,0.006839468356389267
9.0,1.61,17.0,-0.0010543096714146771
9.0,1.61,18.0,0.003558074208635187
9.0,1.61,19.0,0.0020107983164249776
9.0,1.61,20.0,0.003325094344427182
9.0,1.61,21.0,1.1668623567384628e-09
9.0,1.81,0.0,0.01428662904010991
9.0,1.81,1.0,4.352795046386193e-05
9.0,1.81,2.0,0.004189028400518269
9.0,1.81,3.0,7.355680786691465e-10
9.0,1.81,4.0,0.0025211308835511037
9.0,1.81,5.0,-0.00291640144058318
9.0,1.81,6.0,0.0012153930685985248
9.0,1.81,7.0,-0.005619261064700107
9.0,1.81,8.0,7.355680786691465e-10
9.0,1.81,9.0,-2.1744936163743143e-07
9.0,1.81,10.0,-0.0010159136782328382
9.0,1.81,11.0,7.355680786691465e-10
9.0,1.81,12.0,0.0010593450409891458
9.0,1.81,13.0,0.00041023800962725065
9.0,1.81,14.0,0.007431512147933639
9.0,1.81,15.0,2.1496472021320656e-06
9.0,1.81,16.0,0.007626430216255531
9.0,1.81,17.0,-0.0011565687846244455
9.0,1.81,18.0,0.003944955333130884
9.0,1.81,19.0,0.002200183528796862
9.0,1.81,20.0,0.003731401805324275
9.0,1.81,21.0,1.1668623567384628e-09
9.0,2.01,0.0,0.015751813168924933
9.0,2.01,1.0,4.790557689401953e-05
9.0,2.01,2.0,0.004604991517087265
9.0,2.01,3.0,7.355680786691465e-10
9.0,2.01,4.0,0.0027909282393225876
9.0,2.01,5.0,-0.0031616191263072607
9.0,2.01,6.0,0.0013248530959049654
9.0,2.01,7.0,-0.006134554625492103
9.0,2.01,8.0,7.355680786691465e-10
9.0,2.01,9.0,-2.174493623059203e-07
9.0,2.01,10.0,-0.001098257084635068
9.0,2.01,11.0,7.355680786691465e-10
9.0,2.01,12.0,0.0011494031331097387
9.0,2.01,13.0,0.0004513638227417738
9.0,2.01,14.0,0.008179268621213709
9.0,2.01,15.0,2.3602039612158343e-06
9.0,2.01,16.0,0.008387181189007942
9.0,2.01,17.0,-0.0012581753111568506
9.0,2.01,18.0,0.004344733084699515
9.0,2.01,19.0,0.0024188933650629574
9.0,2.01,20.0,0.004089896736682919
9.0,2.01,21.0,1.1668623567384628e-09
9.0,2.21,0.0,0.017186254434370052
9.0,2.21,1.0,5.2174398130294675e-05
9.0,2.21,2.0,0.005039565423429038
9.0,2.21,3.0,7.355680786691465e-10
9.0,2.21,4.0,0.003055681672527344
9.0,2.21,5.0,-0.003403679033514205
9.0,2.21,6.0,0.0014292794888482452
9.0,2.21,7.0,-0.006647272139427063
9.0,2.21,8.0,7.355680786691465e-10
9.0,2.21,9.0,-2.1744936286186457e-07
9.0,2.21,10.0,-0.0011792737901601402
9.0,2.21,11.0,7.355680786691465e-10
9.0,2.21,12.0,0.0012480133896057843
9.0,2.21,13.0,0.0004925488141354073
9.0,2.21,14.0,0.008955359090495829
9.0,2.21,15.0,2.5721397590994233e-06
9.0,2.21,16.0,0.009175768477383328
9.0,2.21,17.0,-0.0013578888101451747
9.0,2.21,18.0,0.004706652216041829
9.0,2.21,19.0,0.0025742692224455244
9.0,2.21,20.0,0.004530425270048322
9.0,2.21,21.0,1.1668623567384628e-09
9.0,2.41,0.0,0.0185703521675723
9.0,2.41,1.0,5.626566167837854e-05
9.0,2.41,2.0,0.0055151120624934435
9.0,2.41,3.0,7.355680786691465e-10
9.0,2.41,4.0,0.0033021624781702785
9.0,2.41,5.0,-0.0036414346395962152
9.0,2.41,6.0,0.0015287755645077006
9.0,2.41,7.0,-0.007159728540913804
9.0,2.41,8.0,7.355680786691465e-10
9.0,2.41,9.0,-2.1744936313940238e-07
9.0,2.41,10.0,-0.0012578844027034686
9.0,2.41,11.0,7.355680786691465e-10
9.0,2.41,12.0,0.0013705921457944914
9.0,2.41,13.0,0.0005343469713681437
9.0,2.41,14.0,0.009787917383245526
9.0,2.41,15.0,2.7879632861493864e-06
9.0,2.41,16.0,0.010028862262091875
9.0,2.41,17.0,-0.0014539623072120228
9.0,2.41,18.0,0.005000795440464945
9.0,2.41,19.0,0.002626689678862315
9.0,2.41,20.0,0.0051234262967772
9.0,2.41,21.0,1.1668623567384628e-09
9.0,2.61,0.0,0.02001337995429031
9.0,2.61,1.0,6.05943510446072e-05
9.0,2.61,2.0,0.005890209783995459
9.0,2.61,3.0,7.355680786691465e-10
9.0,2.61,4.0,0.0035756351904788763
9.0,2.61,5.0,-0.0038804482875328464
9.0,2.61,6.0,0.0016364363176477603
9.0,2.61,7.0,-0.007656354937337906
9.0,2.61,8.0,7.355680786691465e-10
9.0,2.61,9.0,-2.1744936368677243e-07
9.0,2.61,10.0,-0.0013388493850873817
9.0,2.61,11.0,7.355680786691465e-10
9.0,2.61,12.0,0.001441076792279783
9.0,2.61,13.0,0.0005735596429541079
9.0,2.61,14.0,0.010474446969201079
9.0,2.61,15.0,2.9885635846604863e-06
9.0,2.61,16.0,0.010721261276159577
9.0,2.61,17.0,-0.0015543096681502333
9.0,2.61,18.0,0.005427181714324769
9.0,2.61,19.0,0.0028971519289682224
9.0,2.61,20.0,0.005376812240219797
9.0,2.61,21.0,1.1668623567384628e-09
9.0,2.81,0.0,0.021407422975736168
9.0,2.81,1.0,6.473685031346821e-05
9.0,2.81,2.0,0.006310502097719106
9.0,2.81,3.0,7.355680786691465e-10
9.0,2.81,4.0,0.0038370930355413613
9.0,2.81,5.0,-0.004115300874978661
9.0,2.81,6.0,0.0017361641368173197
9.0,2.81,7.0,-0.008153329233918497
9.0,2.81,8.0,7.355680786691465e-10
9.0,2.81,9.0,-2.1744936408720432e-07
9.0,2.81,10.0,-0.00141759449545939
9.0,2.81,11.0,7.355680786691465e-10
9.0,2.81,12.0,0.0015341425939187081
9.0,2.81,13.0,0.000613431501001821
9.0,2.81,14.0,0.011227648292680137
9.0,2.81,15.0,3.1940925328821645e-06
9.0,2.81,16.0,0.0114828288330594
9.0,2.81,17.0,-0.0016512999541319767
9.0,2.81,18.0,0.005779824091886265
9.0,2.81,19.0,0.0030441899318060517
9.0,2.81,20.0,0.005804631618245182
9.0,2.81,21.0,1.1668623567384628e-09
9.0,3.01,0.0,0.02278819210396066
9.0,3.01,1.0,6.88361740816823e-05
9.0,3.01,2.0,0.006726539875736126
9.0,3.01,3.0,7.355680786691465e-10
9.0,3.01,4.0,0.004097671026479066
9.0,3.01,5.0,-0.00434773502626145
9.0,3.01,6.0,0.001834121965482327
9.0,3.01,7.0,-0.008645102783978287
9.0,3.01,8.0,7.355680786691465e-10
9.0,3.01,9.0,-2.174493644297178e-07
9.0,3.01,10.0,-0.0014955718642036264
9.0,3.01,11.0,7.355680786691465e-10
9.0,3.01,12.0,0.0016254172135507505
9.0,3.01,13.0,0.0006528782885461271
9.0,3.01,14.0,0.011974109587220116
9.0,3.01,15.0,3.3975346484804714e-06
9.0,3.01,16.0,0.01223602559033865
9.0,3.01,17.0,-0.001747370675012322
9.0,3.01,18.0,0.006128853921374411
9.0,3.01,19.0,0.0031869443824750765
9.0,3.01,20.0,0.006230006102256991
9.0,3.01,21.0,1.1668623567384628e-09
9.0,3.21,0.0,0.02415598188316148
9.0,3.21,1.0,7.289407232496936e-05
9.0,3.21,2.0,0.007138207156759446
9.0,3.21,3.0,7.355680786691465e-10
9.0,3.21,4.0,0.004357344790097417
9.0,3.21,5.0,-0.004577815365078397
9.0,3.21,6.0,0.001930402609630233
9.0,3.21,7.0,-0.009131785443886292
9.0,3.21,8.0,7.355680786691465e-10
9.0,3.21,9.0,-2.174493647219688e-07
9.0,3.21,10.0,-0.0015728028329655697
9.0,3.21,11.0,7.355680786691465e-10
9.0,3.21,12.0,0.0017149081035173763
9.0,3.21,13.0,0.0006919057268692241
9.0,3.21,14.0,0.012713553070866912
9.0,3.21,15.0,3.5989179480999667e-06
9.0,3.21,16.0,0.01298065152674599
9.0,3.21,17.0,-0.0018425490134330313
9.0,3.21,18.0,0.006474676111190902
9.0,3.21,19.0,0.003326266255544774
9.0,3.21,20.0,0.006652032197759117
9.0,3.21,21.0,1.1668623567384628e-09
9.0,3.41,0.0,0.025497469414956342
9.0,3.41,1.0,7.690433358048532e-05
9.0,3.41,2.0,0.007548292129694156
9.0,3.41,3.0,7.355680786691465e-10
9.0,3.41,4.0,0.0045947282265429434
9.0,3.41,5.0,-0.004805545660127607
9.0,3.41,6.0,0.002032356504479693
9.0,3.41,7.0,-0.009614700147086513
9.0,3.41,8.0,7.355680786691465e-10
9.0,3.41,9.0,-2.1744936494201496e-07
9.0,3.41,10.0,-0.001648730688459915
9.0,3.41,11.0,7.355680786691465e-10
9.0,3.41,12.0,0.001813463959641104
9.0,3.41,13.0,0.0007307469599836525
9.0,3.41,14.0,0.013439910357499363
9.0,3.41,15.0,3.798235794522098e-06
9.0,3.41,16.0,0.013727307986519444
9.0,3.41,17.0,-0.0019357734667716925
9.0,3.41,18.0,0.006812847779743336
9.0,3.41,19.0,0.0034846711338468173
9.0,3.41,20.0,0.007059189881465144
9.0,3.41,21.0,1.1668623567384628e-09
9.0,3.61,0.0,0.026833501140583915
9.0,3.61,1.0,8.088529385877341e-05
9.0,3.61,2.0,0.007950686416198172
9.0,3.61,3.0,7.355680786691465e-10
9.0,3.61,4.0,0.004839714585451627
9.0,3.61,5.0,-0.005031091718332825
9.0,3.61,6.0,0.002130526355654083
9.0,3.61,7.0,-0.010092031896114545
9.0,3.61,8.0,7.355680786691465e-10
9.0,3.61,9.0,-2.1744936514141763e-07
9.0,3.61,10.0,-0.0017242085407480345
9.0,3.61,11.0,7.355680786691465e-10
9.0,3.61,12.0,0.0019052933763125668
9.0,3.61,13.0,0.0007690548200637026
9.0,3.61,14.0,0.014158098168671862
9.0,3.61,15.0,3.995220986402481e-06
9.0,3.61,16.0,0.014458354587950972
9.0,3.61,17.0,-0.0020286411399122323
9.0,3.61,18.0,0.007153084613165994
9.0,3.61,19.0,0.003637920152043117
9.0,3.61,20.0,0.007459018492411262
9.0,3.61,21.0,1.1668623567384628e-09
9.0,3.81,0.0,0.02815659348021604
9.0,3.81,1.0,8.482428595793512e-05
9.0,3.81,2.0,0.00834971809744156
9.0,3.81,3.0,7.355680786691465e-10
9.0,3.81,4.0,0.00508357927207026
9.0,3.81,5.0,-0.0052543754089798556
9.0,3.81,6.0,0.002227080966423267
9.0,3.81,7.0,-0.010564605590516293
9.0,3.81,8.0,7.355680786691465e-10
9.0,3.81,9.0,-2.174493653170166e-07
9.0,3.81,10.0,-0.0017989552070079018
9.0,3.81,11.0,7.355680786691465e-10
9.0,3.81,12.0,0.001995848388614052
9.0,3.81,13.0,0.0008069804645821077
9.0,3.81,14.0,0.014870849821898124
9.0,3.81,15.0,4.190356232169901e-06
9.0,3.81,16.0,0.015182563502093904
9.0,3.81,17.0,-0.00212062081912176
9.0,3.81,18.0,0.0074890246014865935
9.0,3.81,19.0,0.0037861038649156797
9.0,3.81,20.0,0.007858342619413095
9.0,3.81,21.0,1.1668623567384628e-09
9.0,4.01,0.0,0.029513638195626024
9.0,4.01,1.0,8.88232712672743e-05
9.0,4.01,2.0,0.008713137551572991
9.0,4.01,3.0,7.355680786691465e-10
9.0,4.01,4.0,0.005375143629587575
9.0,4.01,5.0,-0.005476915886921112
9.0,4.01,6.0,0.0023111101936379996
9.0,4.01,7.0,-0.011028368631442825
9.0,4.01,8.0,7.355680786691465e-10
9.0,4.01,9.0,-2.174493655545658e-07
9.0,4.01,10.0,-0.0018750950912476416
9.0,4.01,11.0,7.355680786691465e-10
9.0,4.01,12.0,0.0020509434755880407
9.0,4.01,13.0,0.0008435505385578634
9.0,4.01,14.0,0.01555065879849199
9.0,4.01,15.0,4.380555883698456e-06
9.0,4.01,16.0,0.015840882315246718
9.0,4.01,17.0,-0.0022153809772480493
9.0,4.01,18.0,0.00786906150302924
9.0,4.01,19.0,0.003951481572808169
9.0,4.01,20.0,0.008189365474569943
9.0,4.01,21.0,1.1668623567384628e-09
10.0,0.01,0.0,0.00019705542002890208
10.0,0.01,1.0,1.3208548441112633e-06
10.0,0.01,2.0,7.617739843718274e-05
10.0,0.01,3.0,7.68768854131352e-10
10.0,0.01,4.0,0.00018422861988631745
10.0,0.01,5.0,-0.00037308079043994746
10.0,0.01,6.0,-9.130612762275891e-05
10.0,0.01,7.0,-0.0002807094623187567
10.0,0.01,8.0,7.68768854131352e-10
10.0,0.01,9.0,-4.1076418691970984e-05
10.0,0.01,10.0,-0.0006020674231062423
10.0,0.01,11.0,7.68768854131352e-10
10.0,0.01,12.0,-0.0005097665433360099
10.0,0.01,13.0,8.065061526596473e-05
10.0,0.01,14.0,0.00012208755896436774
10.0,0.01,15.0,1.1696902816327182e-06
10.0,0.01,16.0,8.44416477049359e-05
10.0,0.01,17.0,-0.0006172432941725509
10.0,0.01,18.0,0.00014305817048887448
10.0,0.01,19.0,-4.2849125594157655e-05
10.0,0.01,20.0,0.00011653744384870768
10.0,0.01,21.0,9.852883509076094e-10
10.0,0.21000000000000002,0.0,0.0036686270267781707
10.0,0.21000000000000002,1.0,2.3344635934924307e-05
10.0,0.21000000000000002,2.0,0.0005440674301352977
10.0,0.21000000000000002,3.0,7.68768854131352e-10
10.0,0.21000000000000002,4.0,0.000825533380727328
10.0,0.21000000000000002,5.0,-0.0006936178307654917
10.0,0.21000000000000002,6.0,0.0001259541153553756
10.0,0.21000000000000002,7.0,-0.00040384879042737465
10.0,0.21000000000000002,8.0,7.68768854131352e-10
10.0,0.21000000000000002,9.0,-0.0003848031325191237
10.0,0.21000000000000002,10.0,-0.0007269014638487462
10.0,0.21000000000000002,11.0,7.68768854131352e-10
10.0,0.21000000000000002,12.0,0.00021133381237653515
10.0,0.21000000000000002,13.0,0.0006912423375438626
10.0,0.21000000000000002,14.0,0.0004516352991194017
10.0,0.21000000000000002,15.0,7.48539572303919e-06
10.0,0.21000000000000002,16.0,0.0018472523343392444
10.0,0.21000000000000002,17.0,-0.0010615636303637904
10.0,0.21000000000000002,18.0,0.0003613807690445725
10.0,0.21000000000000002,19.0,-0.00029151985876818554
10.0,0.21000000000000002,20.0,0.0010552075887537704
10.0,0.21000000000000002,21.0,9.852883509076094e-10
10.0,0.41000000000000003,0.0,0.006997131116606159
10.0,0.41000000000000003,1.0,4.463904089141435e-05
10.0,0.41000000000000003,2.0,0.001032570328234672
10.0,0.41000000000000003,3.0,7.68768854131352e-10
10.0,0.41000000000000003,4.0,0.0017998193536759022
10.0,0.41000000000000003,5.0,-0.0010531584419913587
10.0,0.41000000000000003,6.0,0.00029764164515760916
10.0,0.41000000000000003,7.0,-0.0005759596642970766
10.0,0.41000000000000003,8.0,7.68768854131352e-10
10.0,0.41000000000000003,9.0,-0.0007327507660830623
10.0,0.41000000000000003,10.0,-0.0008767413285146186
10.0,0.41000000000000003,11.0,7.68768854131352e-10
10.0,0.41000000000000003,12.0,0.00028521229867084497
10.0,0.41000000000000003,13.0,0.0013209954242987543
10.0,0.41000000000000003,14.0,0.0008239271226622713
10.0,0.41000000000000003,15.0,1.3750780402860263e-05
10.0,0.41000000000000003,16.0,0.0035406629213277085
10.0,0.41000000000000003,17.0,-0.001664946715768445
10.0,0.41000000000000003,18.0,0.0007638459438646383
10.0,0.41000000000000003,19.0,-0.0005419890423510598
10.0,0.41000000000000003,20.0,0.0020011246721404197
10.0,0.41000000000000003,21.0,9.852883509076094e-10
10.0,0.6100000000000001,0.0,0.01036046592305917
10.0,0.6100000000000001,1.0,6.804487183989516e-05
10.0,0.6100000000000001,2.0,0.0014696044148639342
10.0,0.6100000000000001,3.0,7.68768854131352e-10
10.0,0.6100000000000001,4.0,0.00268573254780613
10.0,0.6100000000000001,5.0,-0.0013979001906583993
10.0,0.6100000000000001,6.0,0.0004658054324508387
10.0,0.6100000000000001,7.0,-0.0007303518364837336
10.0,0.6100000000000001,8.0,7.68768854131352e-10
10.0,0.6100000000000001,9.0,-0.0010725741578225534
10.0,0.6100000000000001,10.0,-0.0010195803261486558
10.0,0.6100000000000001,11.0,7.68768854131352e-10
10.0,0.6100000000000001,12.0,0.0004895700296321803
10.0,0.6100000000000001,13.0,0.0019178244686867685
10.0,0.6100000000000001,14.0,0.00117693230762822
10.0,0.6100000000000001,15.0,1.9003234600439844e-05
10.0,0.6100000000000001,16.0,0.005083410077325157
10.0,0.6100000000000001,17.0,-0.002225108216357616
10.0,0.6100000000000001,18.0,0.0012214643117003376
10.0,0.6100000000000001,19.0,-0.000778375936943132
10.0,0.6100000000000001,20.0,0.002859587077232828
10.0,0.6100000000000001,21.0,9.852883509076094e-10
10.0,0.81,0.0,0.01385458781818305
10.0,0.81,1.0,9.439753205142676e-05
10.0,0.81,2.0,0.0018303257940640028
10.0,0.81,3.0,7.68768854131352e-10
10.0,0.81,4.0,0.003350922290599745
10.0,0.81,5.0,-0.0017005101433407166
10.0,0.81,6.0,0.0006186596900965013
10.0,0.81,7.0,-0.0008352779138467159
10.0,0.81,8.0,7.68768854131352e-10
10.0,0.81,9.0,-0.0013983477416432688
10.0,0.81,10.0,-0.0011402378378355081
10.0,0.81,11.0,7.68768854131352e-10
10.0,0.81,12.0,0.0011953415576324566
10.0,0.81,13.0,0.0024578096679134798
10.0,0.81,14.0,0.0014864149463333087
10.0,0.81,15.0,2.3168043038035435e-05
10.0,0.81,16.0,0.0064236152561440996
10.0,0.81,17.0,-0.002654169283250199
10.0,0.81,18.0,0.0016220801927959716
10.0,0.81,19.0,-0.0009926615051981114
10.0,0.81,20.0,0.003602961007773242
10.0,0.81,21.0,9.852883509076094e-10
10.0,1.01,0.0,0.017314331432620733
10.0,1.01,1.0,0.00012023308929215437
10.0,1.01,2.0,0.002196674224918427
10.0,1.01,3.0,7.68768854131352e-10
10.0,1.01,4.0,0.004078554457565442
10.0,1.01,5.0,-0.00200556441898371
10.0,1.01,6.0,0.0007531283269925915
10.0,1.01,7.0,-0.0009458544363540877
10.0,1.01,8.0,7.68768854131352e-10
10.0,1.01,9.0,-0.0017227312341798473
10.0,1.01,10.0,-0.0012632473242787275
10.0,1.01,11.0,7.68768854131352e-10
10.0,1.01,12.0,0.0018203058457427201
10.0,1.01,13.0,0.0029977384747251756
10.0,1.01,14.0,0.0018018973612605738
10.0,1.01,15.0,2.7501132656287952e-05
10.0,1.01,16.0,0.007748624197796539
10.0,1.01,17.0,-0.0031026438741350304
10.0,1.01,18.0,0.002017550065453677
10.0,1.01,19.0,-0.0012062226991267633
10.0,1.01,20.0,0.004352576400756369
10.0,1.01,21.0,9.852883509076094e-10
10.0,1.2100000000000002,0.0,0.02061838418622608
10.0,1.2100000000000002,1.0,0.00014339451105502277
10.0,1.2100000000000002,2.0,0.0026198055380977636
10.0,1.2100000000000002,3.0,7.68768854131352e-10
10.0,1.2100000000000002,4.0,0.004941476416064905
10.0,1.2100000000000002,5.0,-0.002340698501421254
10.0,1.2100000000000002,6.0,0.0009104005996012909
10.0,1.2100000000000002,7.0,-0.0010936636924721854
10.0,1.2100000000000002,8.0,7.68768854131352e-10
10.0,1.2100000000000002,9.0,-0.0020550095253088485
10.0,1.2100000000000002,10.0,-0.0014016178587130564
10.0,1.2100000000000002,11.0,7.68768854131352e-10
10.0,1.2100000000000002,12.0,0.0020513882175555165
10.0,1.2100000000000002,13.0,0.003579127288186823
10.0,1.2100000000000002,14.0,0.0021460657223046076
10.0,1.2100000000000002,15.0,3.255133966567625e-05
10.0,1.2100000000000002,16.0,0.009239249020730256
10.0,1.2100000000000002,17.0,-0.0036433344316500194
10.0,1.2100000000000002,18.0,0.0024633116207386507
10.0,1.2100000000000002,19.0,-0.0014359931133519632
10.0,1.2100000000000002,20.0,0.005185518525619048
10.0,1.2100000000000002,21.0,9.852883509076094e-10
10.0,1.4100000000000001,0.0,0.023966966714576876
10.0,1.4100000000000001,1.0,0.00016774089993210062
10.0,1.4100000000000001,2.0,0.0030088859079193675
10.0,1.4100000000000001,3.0,7.68768854131352e-10
10.0,1.4100000000000001,4.0,0.005766403502438622
10.0,1.4100000000000001,5.0,-0.0026586826441160477
10.0,1.4100000000000001,6.0,0.0010414288865003285
10.0,1.4100000000000001,7.0,-0.0012238045880234028
10.0,1.4100000000000001,8.0,7.68768854131352e-10
10.0,1.4100000000000001,9.0,-0.002379551601003338
10.0,1.4100000000000001,10.0,-0.0015323121953887096
10.0,1.4100000000000001,11.0,7.68768854131352e-10
10.0,1.4100000000000001,12.0,0.002432801495044823
10.0,1.4100000000000001,13.0,0.004131915360934824
10.0,1.4100000000000001,14.0,0.002476147832622261
10.0,1.4100000000000001,15.0,3.718725515658439e-05
10.0,1.4100000000000001,16.0,0.010607415190724057
10.0,1.4100000000000001,17.0,-0.004143084606255953
10.0,1.4100000000000001,18.0,0.002886669731572422
10.0,1.4100000000000001,19.0,-0.0016541103980798333
10.0,1.4100000000000001,20.0,0.0059637728084080965
10.0,1.4100000000000001,21.0,9.852883509076094e-10
10.0,1.61,0.0,0.027327924738253406
10.0,1.61,1.0,0.0001931720327775499
10.0,1.61,2.0,0.003370177116200246
10.0,1.61,3.0,7.68768854131352e-10
10.0,1.61,4.0,0.006611774386639735
10.0,1.61,5.0,-0.002970483959915199
10.0,1.61,6.0,0.0011483229059892075
10.0,1.61,7.0,-0.0013490458873720024
10.0,1.61,8.0,7.68768854131352e-10
10.0,1.61,9.0,-0.0026984175812778954
10.0,1.61,10.0,-0.0016618127794123354
10.0,1.61,11.0,7.68768854131352e-10
10.0,1.61,12.0,0.002810907946157737
10.0,1.61,13.0,0.004663037156234118
10.0,1.61,14.0,0.0028018574503554383
10.0,1.61,15.0,4.135245957120892e-05
10.0,1.61,16.0,0.011868867034144248
10.0,1.61,17.0,-0.004638314522325895
10.0,1.61,18.0,0.0033304925572152366
10.0,1.61,19.0,-0.001863342700641285
10.0,1.61,20.0,0.00669139528876328
10.0,1.61,21.0,9.852883509076094e-10
10.0,1.81,0.0,0.030634768482736385
10.0,1.81,1.0,0.00022157375650549982
10.0,1.81,2.0,0.0036736401538127184
10.0,1.81,3.0,7.68768854131352e-10
10.0,1.81,4.0,0.007521650048258222
10.0,1.81,5.0,-0.0032939196844706115
10.0,1.81,6.0,0.0012261432091895674
10.0,1.81,7.0,-0.0014824993612645443
10.0,1.81,8.0,7.68768854131352e-10
10.0,1.81,9.0,-0.0030149612262693193
10.0,1.81,10.0,-0.0017982563993629644
10.0,1.81,11.0,7.68768854131352e-10
10.0,1.81,12.0,0.0029557672661990053
10.0,1.81,13.0,0.005175078076865125
10.0,1.81,14.0,0.003132059685107186
10.0,1.81,15.0,4.352888576966696e-05
10.0,1.81,16.0,0.012946325288066052
10.0,1.81,17.0,-0.0051725304656632665
10.0,1.81,18.0,0.00401036167724339
10.0,1.81,19.0,-0.0020588814324016547
10.0,1.81,20.0,0.007297884788466491
10.0,1.81,21.0,9.852883509076094e-10
10.0,2.01,0.0,0.0338781235891813
10.0,2.01,1.0,0.00024340873021014287
10.0,2.01,2.0,0.00409322839538151
10.0,2.01,3.0,7.68768854131352e-10
10.0,2.01,4.0,0.0082643745964055
10.0,2.01,5.0,-0.0036021337457846775
10.0,2.01,6.0,0.0013741802515772061
10.0,2.01,7.0,-0.0016049293373163465
10.0,2.01,8.0,7.68768854131352e-10
10.0,2.01,9.0,-0.0033377153460411313
10.0,2.01,10.0,-0.0019211663606690868
10.0,2.01,11.0,7.68768854131352e-10
10.0,2.01,12.0,0.0034769308871668847
10.0,2.01,13.0,0.005741532185340348
10.0,2.01,14.0,0.0034535551276444476
10.0,2.01,15.0,4.887959147456544e-05
10.0,2.01,16.0,0.01443600606088502
10.0,2.01,17.0,-0.00563304100991234
10.0,2.01,18.0,0.004331240882486875
10.0,2.01,19.0,-0.0022824599649403365
10.0,2.01,20.0,0.008136846406366305
10.0,2.01,21.0,9.852883509076094e-10
10.0,2.21,0.0,0.037098818627464
10.0,2.21,1.0,0.00026156933039903074
10.0,2.21,2.0,0.00457772465574513
10.0,2.21,3.0,7.68768854131352e-10
10.0,2.21,4.0,0.00893991490076862
10.0,2.21,5.0,-0.0039079387900244345
10.0,2.21,6.0,0.0015864075719032589
10.0,2.21,7.0,-0.001732474215785873
10.0,2.21,8.0,7.68768854131352e-10
10.0,2.21,9.0,-0.0036616522825018705
10.0,2.21,10.0,-0.002042175819406286
10.0,2.21,11.0,7.68768854131352e-10
10.0,2.21,12.0,0.004075779754568298
10.0,2.21,13.0,0.006332488708729933
10.0,2.21,14.0,0.0037717510533253895
10.0,2.21,15.0,5.612652223119241e-05
10.0,2.21,16.0,0.016176708988973942
10.0,2.21,17.0,-0.006083373379947035
10.0,2.21,18.0,0.004447877986770599
10.0,2.21,19.0,-0.0025240584730109594
10.0,2.21,20.0,0.009101535925341964
10.0,2.21,21.0,9.852883509076094e-10
10.0,2.41,0.0,0.04032564734788169
10.0,2.41,1.0,0.0002876194731001869
10.0,2.41,2.0,0.004907407412621856
10.0,2.41,3.0,7.68768854131352e-10
10.0,2.41,4.0,0.009827663798776087
10.0,2.41,5.0,-0.0042207375936750835
10.0,2.41,6.0,0.0016507437047842966
10.0,2.41,7.0,-0.0018595566551018738
10.0,2.41,8.0,7.68768854131352e-10
10.0,2.41,9.0,-0.003974254122024512
10.0,2.41,10.0,-0.0021720039919873174
10.0,2.41,11.0,7.68768854131352e-10
10.0,2.41,12.0,0.004315663823723004
10.0,2.41,13.0,0.006850324794178575
10.0,2.41,14.0,0.004098123840931861
10.0,2.41,15.0,5.914212684182685e-05
10.0,2.41,16.0,0.017316488069737512
10.0,2.41,17.0,-0.006589557461444004
10.0,2.41,18.0,0.005017692415510422
10.0,2.41,19.0,-0.002721393314880749
10.0,2.41,20.0,0.009759507344635154
10.0,2.41,21.0,9.852883509076094e-10
10.0,2.61,0.0,0.04352058162880257
10.0,2.61,1.0,0.0003082738802775986
10.0,2.61,2.0,0.00533422636777825
10.0,2.61,3.0,7.68768854131352e-10
10.0,2.61,4.0,0.01057438155503243
10.0,2.61,5.0,-0.004525216127460929
10.0,2.61,6.0,0.0018152319038585163
10.0,2.61,7.0,-0.00198668970589716
10.0,2.61,8.0,7.68768854131352e-10
10.0,2.61,9.0,-0.004289998731492883
10.0,2.61,10.0,-0.00229531228747315
10.0,2.61,11.0,7.68768854131352e-10
10.0,2.61,12.0,0.004771061924871645
10.0,2.61,13.0,0.007407297198026186
10.0,2.61,14.0,0.004415457885247082
10.0,2.61,15.0,6.496460242361168e-05
10.0,2.61,16.0,0.018832941636022893
10.0,2.61,17.0,-0.007057552981795376
10.0,2.61,18.0,0.0052761360327812645
10.0,2.61,19.0,-0.0029455828627817926
10.0,2.61,20.0,0.0106103031678072
10.0,2.61,21.0,9.852883509076094e-10
10.0,2.81,0.0,0.04666842453073239
10.0,2.81,1.0,0.0003292170654642379
10.0,2.81,2.0,0.005751929543066359
10.0,2.81,3.0,7.68768854131352e-10
10.0,2.81,4.0,0.011345289036702955
10.0,2.81,5.0,-0.004835530878068928
10.0,2.81,6.0,0.001973239562845841
10.0,2.81,7.0,-0.0021195349397386543
10.0,2.81,8.0,7.68768854131352e-10
10.0,2.81,9.0,-0.004605033369279671
10.0,2.81,10.0,-0.0024214817799260123
10.0,2.81,11.0,7.68768854131352e-10
10.0,2.81,12.0,0.005123592415949285
10.0,2.81,13.0,0.00796331864693911
10.0,2.81,14.0,0.004736193565836294
10.0,2.81,15.0,7.035104633340561e-05
10.0,2.81,16.0,0.020310954142334747
10.0,2.81,17.0,-0.00754327026437443
10.0,2.81,18.0,0.005608107454633804
10.0,2.81,19.0,-0.003167012244147366
10.0,2.81,20.0,0.01143731360404665
10.0,2.81,21.0,9.852883509076094e-10
10.0,3.01,0.0,0.04982573005117896
10.0,3.01,1.0,0.0003519679955447663
10.0,3.01,2.0,0.006128015411950183
10.0,3.01,3.0,7.68768854131352e-10
10.0,3.01,4.0,0.012166654975676816
10.0,3.01,5.0,-0.005139565639275798
10.0,3.01,6.0,0.002075579305992614
10.0,3.01,7.0,-0.002244888645874743
10.0,3.01,8.0,7.68768854131352e-10
10.0,3.01,9.0,-0.004914406912307906
10.0,3.01,10.0,-0.0025459503000108893
10.0,3.01,11.0,7.68768854131352e-10
10.0,3.01,12.0,0.005467808925451401
10.0,3.01,13.0,0.00849357567680148
10.0,3.01,14.0,0.005054841014194872
10.0,3.01,15.0,7.480916220156675e-05
10.0,3.01,16.0,0.02161540477968915
10.0,3.01,17.0,-0.008024179014456387
10.0,3.01,18.0,0.0060087881222100625
10.0,3.01,19.0,-0.0033742423946939992
10.0,3.01,20.0,0.012187074941540421
10.0,3.01,21.0,9.852883509076094e-10
10.0,3.21,0.0,0.05296709807593403
10.0,3.21,1.0,0.0003742589401452556
10.0,3.21,2.0,0.006507272119826324
10.0,3.21,3.0,7.68768854131352e-10
10.0,3.21,4.0,0.012966549000076877
10.0,3.21,5.0,-0.00543934037503524
10.0,3.21,6.0,0.002184698149745201
10.0,3.21,7.0,-0.0023675918622168834
10.0,3.21,8.0,7.68768854131352e-10
10.0,3.21,9.0,-0.005221734424030067
10.0,3.21,10.0,-0.002668320825463911
10.0,3.21,11.0,7.68768854131352e-10
10.0,3.21,12.0,0.005847921130786471
10.0,3.21,13.0,0.009021738323879425
10.0,3.21,14.0,0.005369396884177202
10.0,3.21,15.0,7.943629316001233e-05
10.0,3.21,16.0,0.022935963880569177
10.0,3.21,17.0,-0.008494611967885854
10.0,3.21,18.0,0.0063752115964287315
10.0,3.21,19.0,-0.0035817802788563335
10.0,3.21,20.0,0.012945002695697372
10.0,3.21,21.0,9.852883509076094e-10
10.0,3.41,0.0,0.056084793560018054
10.0,3.41,1.0,0.00039585101863956473
10.0,3.41,2.0,0.006894904754150388
10.0,3.41,3.0,7.68768854131352e-10
10.0,3.41,4.0,0.013733783853291714
10.0,3.41,5.0,-0.005736570753781894
10.0,3.41,6.0,0.002312380144132764
10.0,3.41,7.0,-0.002489518645367478
10.0,3.41,8.0,7.68768854131352e-10
10.0,3.41,9.0,-0.005527736158127211
10.0,3.41,10.0,-0.002789237890335222
10.0,3.41,11.0,7.68768854131352e-10
10.0,3.41,12.0,0.006253644400296243
10.0,3.41,13.0,0.0095515480688671
10.0,3.41,14.0,0.005679985403588245
10.0,3.41,15.0,8.432290163370992e-05
10.0,3.41,16.0,0.02429837266691015
10.0,3.41,17.0,-0.008957319940124803
10.0,3.41,18.0,0.006704384249388462
10.0,3.41,19.0,-0.0037917873365029553
10.0,3.41,20.0,0.013719942873833324
10.0,3.41,21.0,9.852883509076094e-10
10.0,3.61,0.0,0.05917266234044494
10.0,3.61,1.0,0.0004167949810762184
10.0,3.61,2.0,0.007290398427423295
10.0,3.61,3.0,7.68768854131352e-10
10.0,3.61,4.0,0.014472452207445863
10.0,3.61,5.0,-0.006033248390167459
10.0,3.61,6.0,0.0024604052490752593
10.0,3.61,7.0,-0.0026126483326732453
10.0,3.61,8.0,7.68768854131352e-10
10.0,3.61,9.0,-0.00583274163414052
10.0,3.61,10.0,-0.0029097161878119913
10.0,3.61,11.0,7.68768854131352e-10
10.0,3.61,12.0,0.0066576401627260196
10.0,3.61,13.0,0.010084024244506329
10.0,3.61,14.0,0.005987765032718473
10.0,3.61,15.0,8.940754680075713e-05
10.0,3.61,16.0,0.025702094979636936
10.0,3.61,17.0,-0.009417615577684474
10.0,3.61,18.0,0.007012311164753315
10.0,3.61,19.0,-0.004004402484566377
10.0,3.61,20.0,0.014509039095458032
10.0,3.61,21.0,9.852883509076094e-10
10.0,3.81,0.0,0.06218725640079148
10.0,3.81,1.0,0.00043656749279624707
10.0,3.81,2.0,0.007706567102089168
10.0,3.81,3.0,7.68768854131352e-10
10.0,3.81,4.0,0.015218964430209203
10.0,3.81,5.0,-0.006343072283758189
10.0,3.81,6.0,0.0026436594980538963
10.0,3.81,7.0,-0.0027528991780733647
10.0,3.81,8.0,7.68768854131352e-10
10.0,3.81,9.0,-0.006139563567105821
10.0,3.81,10.0,-0.003036638704382203
10.0,3.81,11.0,7.68768854131352e-10
10.0,3.81,12.0,0.006872608688003878
10.0,3.81,13.0,0.010632350778857602
10.0,3.81,14.0,0.006302902428088425
10.0,3.81,15.0,9.475037200271097e-05
10.0,3.81,16.0,0.02719118523116404
10.0,3.81,17.0,-0.00991196610816103
10.0,3.81,18.0,0.007369415947868108
10.0,3.81,19.0,-0.004224042003860423
10.0,3.81,20.0,0.015323396715625548
10.0,3.81,21.0,9.852883509076094e-10
10.0,4.01,0.0,0.06522310790177044
10.0,4.01,1.0,0.0004572898725151986
10.0,4.01,2.0,0.008096760597795627
10.0,4.01,3.0,7.68768854131352e-10
10.0,4.01,4.0,0.015958956397497115
10.0,4.01,5.0,-0.006639993158239849
10.0,4.01,6.0,0.0027931129964420265
10.0,4.01,7.0,-0.00287891134864951
10.0,4.01,8.0,7.68768854131352e-10
10.0,4.01,9.0,-0.00644119125658571
10.0,4.01,10.0,-0.0031576482133221125
10.0,4.01,11.0,7.68768854131352e-10
10.0,4.01,12.0,0.00721111751552217
10.0,4.01,13.0,0.011160028701591884
10.0,4.01,14.0,0.00660936550177349
10.0,4.01,15.0,9.967956652401355e-05
10.0,4.01,16.0,0.028577301184840254
10.0,4.01,17.0,-0.010377457957678735
10.0,4.01,18.0,0.0077053014604266945
10.0,4.01,19.0,-0.004434281903498788
10.0,4.01,20.0,0.01609788088539066
10.0,4.01,21.0,9.852883509076094e-10
11.0,0.01,0.0,0.0004530820786367018
11.0,0.01,1.0,2.066824551000268e-05
11.0,0.01,2.0,9.587299705005048e-05
11.0,0.01,3.0,8.491140846000889e-10
11.0,0.01,4.0,0.0005347356295049843
11.0,0.01,5.0,-6.751811612566057e-05
11.0,0.01,6.0,0.0001766436684250694
11.0,0.01,7.0,-4.449737752604115e-06
11.0,0.01,8.0,8.491140846000889e-10
11.0,0.01,9.0,-4.2889340840984724e-05
11.0,0.01,10.0,-0.00015628707278529663
11.0,0.01,11.0,8.491140846000889e-10
11.0,0.01,12.0,0.0002800732656031424
11.0,0.01,13.0,0.00013261746876552793
11.0,0.01,14.0,-0.0024024966704746433
11.0,0.01,15.0,2.48238186739691e-06
11.0,0.01,16.0,1.3116518860295523e-05
11.0,0.01,17.0,-0.00038632970901704547
11.0,0.01,18.0,6.891628561128682e-05
11.0,0.01,19.0,-0.00048642187904904266
11.0,0.01,20.0,0.00038063880088490265
11.0,0.01,21.0,9.416977753140543e-10
11.0,0.21000000000000002,0.0,0.0004520818720517017
11.0,0.21000000000000002,1.0,2.0412558824733917e-05
11.0,0.21000000000000002,2.0,9.685046108226514e-05
11.0,0.21000000000000002,3.0,8.491140846000889e-10
11.0,0.21000000000000002,4.0,0.0005346017016145677
11.0,0.21000000000000002,5.0,-6.751811617645535e-05
11.0,0.21000000000000002,6.0,0.00017730000255267164
11.0,0.21000000000000002,7.0,-4.44973775375307e-06
11.0,0.21000000000000002,8.0,8.491140846000889e-10
11.0,0.21000000000000002,9.0,-4.3304055336063074e-05
11.0,0.21000000000000002,10.0,-0.00015617843543690169
11.0,0.21000000000000002,11.0,8.491140846000889e-10
11.0,0.21000000000000002,12.0,0.00028061729424144755
11.0,0.21000000000000002,13.0,0.00013350354017371835
11.0,0.21000000000000002,14.0,-0.0024025155269917827
11.0,0.21000000000000002,15.0,2.5101386197656783e-06
11.0,0.21000000000000002,16.0,1.3077464454891441e-05
11.0,0.21000000000000002,17.0,-0.00038632971728235003
11.0,0.21000000000000002,18.0,6.842935813355933e-05
11.0,0.21000000000000002,19.0,-0.0004865835297953869
11.0,0.21000000000000002,20.0,0.00038482497106478997
11.0,0.21000000000000002,21.0,9.416977753140543e-10
11.0,0.41000000000000003,0.0,0.00045108047534625495
11.0,0.41000000000000003,1.0,2.0156532729298515e-05
11.0,0.41000000000000003,2.0,9.78289567766244e-05
11.0,0.41000000000000003,3.0,8.491140846000889e-10
11.0,0.41000000000000003,4.0,0.0005344675687654898
11.0,0.41000000000000003,5.0,-6.751811622714711e-05
11.0,0.41000000000000003,6.0,0.00017795701497302918
11.0,0.41000000000000003,7.0,-4.449737754892659e-06
11.0,0.41000000000000003,8.0,8.491140846000889e-10
11.0,0.41000000000000003,9.0,-4.371941192798934e-05
11.0,0.41000000000000003,10.0,-0.00015606968673263777
11.0,0.41000000000000003,11.0,8.491140846000889e-10
11.0,0.41000000000000003,12.0,0.000281161802336366
11.0,0.41000000000000003,13.0,0.00013439053352887198
11.0,0.41000000000000003,14.0,-0.002402534400183445
11.0,0.41000000000000003,15.0,2.537928311036053e-06
11.0,0.41000000000000003,16.0,1.3038336635101677e-05
11.0,0.41000000000000003,17.0,-0.0003863297255453529
11.0,0.41000000000000003,18.0,6.794181086561268e-05
11.0,0.41000000000000003,19.0,-0.0004867453811937261
11.0,0.41000000000000003,20.0,0.0003890152885182574
11.0,0.41000000000000003,21.0,9.416977753140543e-10
11.0,0.6100000000000001,0.0,0.0004500779112466269
11.0,0.6100000000000001,1.0,1.990017155167889e-05
11.0,0.6100000000000001,2.0,9.880845409893091e-05
11.0,0.6100000000000001,3.0,8.491140846000889e-10
11.0,0.6100000000000001,4.0,0.0005343332317966631
11.0,0.6100000000000001,5.0,-6.75181162777315e-05
11.0,0.6100000000000001,6.0,0.00017861468354046783
11.0,0.6100000000000001,7.0,-4.449737756022514e-06
11.0,0.6100000000000001,8.0,8.491140846000889e-10
11.0,0.6100000000000001,9.0,-4.413540839565133e-05
11.0,0.6100000000000001,10.0,-0.00015596083001248595
11.0,0.6100000000000001,11.0,8.491140846000889e-10
11.0,0.6100000000000001,12.0,0.00028170676818228824
11.0,0.6100000000000001,13.0,0.00013527842075439223
11.0,0.6100000000000001,14.0,-0.0024025532900702976
11.0,0.6100000000000001,15.0,2.565750231386943e-06
11.0,0.6100000000000001,16.0,1.2999134530983225e-05
11.0,0.6100000000000001,17.0,-0.00038632973380603995
11.0,0.6100000000000001,18.0,6.745365432642147e-05
11.0,0.6100000000000001,19.0,-0.0004869074298519127
11.0,0.6100000000000001,20.0,0.00039320961186795067
11.0,0.6100000000000001,21.0,9.416977753140543e-10
11.0,0.81,0.0,0.00045563205358978287
11.0,0.81,1.0,2.0874513606133904e-05
11.0,0.81,2.0,9.548978441209499e-05
11.0,0.81,3.0,8.491140846000889e-10
11.0,0.81,4.0,0.0005352337103061156
11.0,0.81,5.0,-6.751811664174624e-05
11.0,0.81,6.0,0.00017715169050597224
11.0,0.81,7.0,-4.449737728229789e-06
11.0,0.81,8.0,8.491140846000889e-10
11.0,0.81,9.0,-4.22843222047109e-05
11.0,0.81,10.0,-0.00015653546106070282
11.0,0.81,11.0,8.491140846000889e-10
11.0,0.81,12.0,0.00027979915702475155
11.0,0.81,13.0,0.00013193404392580765
11.0,0.81,14.0,-0.0024025433314019892
11.0,0.81,15.0,2.513987328700562e-06
11.0,0.81,16.0,1.3514080851984023e-05
11.0,0.81,17.0,-0.00038632975570707155
11.0,0.81,18.0,6.829601471380897e-05
11.0,0.81,19.0,-0.00048635021151818836
11.0,0.81,20.0,0.0003834624682415577
11.0,0.81,21.0,9.416977753140543e-10
11.0,1.01,0.0,0.00045456581271996477
11.0,1.01,1.0,2.06111822844135e-05
11.0,1.01,2.0,9.647390228428865e-05
11.0,1.01,3.0,8.491140846000889e-10
11.0,1.01,4.0,0.0005350845933683734
11.0,1.01,5.0,-6.751811668410026e-05
11.0,1.01,6.0,0.00017779187304284294
11.0,1.01,7.0,-4.449737729804091e-06
11.0,1.01,8.0,8.491140846000889e-10
11.0,1.01,9.0,-4.272330528012902e-05
11.0,1.01,10.0,-0.0001564217215877517
11.0,1.01,11.0,8.491140846000889e-10
11.0,1.01,12.0,0.0002803435815173505
11.0,1.01,13.0,0.00013283434368954739
11.0,1.01,14.0,-0.0024025622156053587
11.0,1.01,15.0,2.5410645247969654e-06
11.0,1.01,16.0,1.346337488622451e-05
11.0,1.01,17.0,-0.0003863297636366743
11.0,1.01,18.0,6.782286338491428e-05
11.0,1.01,19.0,-0.00048651433046853487
11.0,1.01,20.0,0.00038753230316390663
11.0,1.01,21.0,9.416977753140543e-10
11.0,1.2100000000000002,0.0,0.00045350039612845894
11.0,1.2100000000000002,1.0,2.034799985492497e-05
11.0,1.2100000000000002,2.0,9.745721082027314e-05
11.0,1.2100000000000002,3.0,8.491140846000889e-10
11.0,1.2100000000000002,4.0,0.0005349355844118109
11.0,1.2100000000000002,5.0,-6.751811672636497e-05
11.0,1.2100000000000002,6.0,0.00017843158789732083
11.0,1.2100000000000002,7.0,-4.44973773137433e-06
11.0,1.2100000000000002,8.0,8.491140846000889e-10
11.0,1.2100000000000002,9.0,-4.316207367646707e-05
11.0,1.2100000000000002,10.0,-0.00015630805414634796
11.0,1.2100000000000002,11.0,8.491140846000889e-10
11.0,1.2100000000000002,12.0,0.0002808874788567395
11.0,1.2100000000000002,13.0,0.000133733835583294
11.0,1.2100000000000002,14.0,-0.002402581094552955
11.0,1.2100000000000002,15.0,2.568123604662631e-06
11.0,1.2100000000000002,16.0,1.3412713973731671e-05
11.0,1.2100000000000002,17.0,-0.0003863297715634598
11.0,1.2100000000000002,18.0,6.73498773405834e-05
11.0,1.2100000000000002,19.0,-0.0004866783714323475
11.0,1.2100000000000002,20.0,0.0003915998045568858
11.0,1.2100000000000002,21.0,9.416977753140543e-10
11.0,1.4100000000000001,0.0,0.0004524357348979491
11.0,1.4100000000000001,1.0,2.0084948128828994e-05
11.0,1.4100000000000001,2.0,9.84397782719526e-05
11.0,1.4100000000000001,3.0,8.491140846000889e-10
11.0,1.4100000000000001,4.0,0.0005347866740874341
11.0,1.4100000000000001,5.0,-6.75181167685358e-05
11.0,1.4100000000000001,6.0,0.0001790708809055741
11.0,1.4100000000000001,7.0,-4.449737732940228e-06
11.0,1.4100000000000001,8.0,8.491140846000889e-10
11.0,1.4100000000000001,9.0,-4.360065720016015e-05
11.0,1.4100000000000001,10.0,-0.00015619445133815968
11.0,1.4100000000000001,11.0,8.491140846000889e-10
11.0,1.4100000000000001,12.0,0.0002814308860633885
11.0,1.4100000000000001,13.0,0.00013463258084212004
11.0,1.4100000000000001,14.0,-0.0024025999690751466
11.0,1.4100000000000001,15.0,2.595166569779872e-06
11.0,1.4100000000000001,16.0,1.3362095510144334e-05
11.0,1.4100000000000001,17.0,-0.00038632977948744885
11.0,1.4100000000000001,18.0,6.687702127194939e-05
11.0,1.4100000000000001,19.0,-0.0004868423456016735
11.0,1.4100000000000001,20.0,0.000395665269206702
11.0,1.4100000000000001,21.0,9.416977753140543e-10
11.0,1.61,0.0,0.00045137176373188925
11.0,1.61,1.0,1.9822009740821933e-05
11.0,1.61,2.0,9.94216696855732e-05
11.0,1.61,3.0,8.491140846000889e-10
11.0,1.61,4.0,0.0005346378535550089
11.0,1.61,5.0,-6.7518116810608e-05
11.0,1.61,6.0,0.00017970979589948533
11.0,1.61,7.0,-4.4497377345014924e-06
11.0,1.61,8.0,8.491140846000889e-10
11.0,1.61,9.0,-4.403908430455905e-05
11.0,1.61,10.0,-0.00015608090615867876
11.0,1.61,11.0,8.491140846000889e-10
11.0,1.61,12.0,0.0002819738383412207
11.0,1.61,13.0,0.00013553063772003826
11.0,1.61,14.0,-0.0024026188399745886
11.0,1.61,15.0,2.622195340001854e-06
11.0,1.61,16.0,1.3311517098296699e-05
11.0,1.61,17.0,-0.0003863297874086612
11.0,1.61,18.0,6.640426128667887e-05
11.0,1.61,19.0,-0.0004870062636442296
11.0,1.61,20.0,0.0003997289805381943
11.0,1.61,21.0,9.416977753140543e-10
11.0,1.81,0.0,0.00045030842134785587
11.0,1.81,1.0,1.955916824561421e-05
11.0,1.81,2.0,0.00010040294653296256
11.0,1.81,3.0,8.491140846000889e-10
11.0,1.81,4.0,0.0005344891145382946
11.0,1.81,5.0,-6.751811685257658e-05
11.0,1.81,6.0,0.00018034837446589957
11.0,1.81,7.0,-4.449737736057822e-06
11.0,1.81,8.0,8.491140846000889e-10
11.0,1.81,9.0,-4.447738193047446e-05
11.0,1.81,10.0,-0.00015596741204002007
11.0,1.81,11.0,8.491140846000889e-10
11.0,1.81,12.0,0.00028251636887266507
11.0,1.81,13.0,0.0001364280611518831
11.0,1.81,14.0,-0.0024026377080225755
11.0,1.81,15.0,2.6492117434495643e-06
11.0,1.81,16.0,1.3260976566897842e-05
11.0,1.81,17.0,-0.00038632979532711524
11.0,1.81,18.0,6.593156508660769e-05
11.0,1.81,19.0,-0.00048717013564281153
11.0,1.81,20.0,0.00040379120704492344
11.0,1.81,21.0,9.416977753140543e-10
11.0,2.01,0.0,0.0004492456509299636
11.0,2.01,1.0,1.9296408228952622e-05
11.0,2.01,2.0,0.00010138366629036666
11.0,2.01,3.0,8.491140846000889e-10
11.0,2.01,4.0,0.0005343404493872994
11.0,2.01,5.0,-6.75181168944363e-05
11.0,2.01,6.0,0.00018098665567184424
11.0,2.01,7.0,-4.449737737608901e-06
11.0,2.01,8.0,8.491140846000889e-10
11.0,2.01,9.0,-4.4915575324683266e-05
11.0,2.01,10.0,-0.0001558539628999378
11.0,2.01,11.0,8.491140846000889e-10
11.0,2.01,12.0,0.000283058508585482
11.0,2.01,13.0,0.00013732490237000627
11.0,2.01,14.0,-0.0024026565739549664
11.0,2.01,15.0,2.676217505076517e-06
11.0,2.01,16.0,1.3210471991542683e-05
11.0,2.01,17.0,-0.0003863298032428282
11.0,2.01,18.0,6.545890216941297e-05
11.0,2.01,19.0,-0.00048733397102576625
11.0,2.01,20.0,0.00040785220049965876
11.0,2.01,21.0,9.416977753140543e-10
11.0,2.21,0.0,0.000448183400594937
11.0,2.21,1.0,1.9033715422306363e-05
11.0,2.21,2.0,0.00010236388200302038
11.0,2.21,3.0,8.491140846000889e-10
11.0,2.21,4.0,0.0005341918511432009
11.0,2.21,5.0,-6.751811693618166e-05
11.0,2.21,6.0,0.00018162467577931274
11.0,2.21,7.0,-4.449737739154402e-06
11.0,2.21,8.0,8.491140846000889e-10
11.0,2.21,9.0,-4.535368785107963e-05
11.0,2.21,10.0,-0.0001557405531922157
11.0,2.21,11.0,8.491140846000889e-10
11.0,2.21,12.0,0.00028360028590951325
11.0,2.21,13.0,0.0001382212085055956
11.0,2.21,14.0,-0.0024026754384679546
11.0,2.21,15.0,2.703214234650586e-06
11.0,2.21,16.0,1.3160001716194802e-05
11.0,2.21,17.0,-0.0003863298111558153
11.0,2.21,18.0,6.498624403999953e-05
11.0,2.21,19.0,-0.00048749777849571574
11.0,2.21,20.0,0.00041191219409231206
11.0,2.21,21.0,9.416977753140543e-10
11.0,2.41,0.0,0.00044712162390825316
11.0,2.41,1.0,1.8771076829987576e-05
11.0,2.41,2.0,0.00010334364180220046
11.0,2.41,3.0,8.491140846000889e-10
11.0,2.41,4.0,0.0005340433136096501
11.0,2.41,5.0,-6.75181169778069e-05
11.0,2.41,6.0,0.0001822624679296836
11.0,2.41,7.0,-4.449737740693983e-06
11.0,2.41,8.0,8.491140846000889e-10
11.0,2.41,9.0,-4.579174078267467e-05
11.0,2.41,10.0,-0.00015562717796294145
11.0,2.41,11.0,8.491140846000889e-10
11.0,2.41,12.0,0.0002841417265095625
11.0,2.41,13.0,0.00013911702214808308
11.0,2.41,14.0,-0.0024026943022133138
11.0,2.41,15.0,2.7302034133480646e-06
11.0,2.41,16.0,1.3109564377000726e-05
11.0,2.41,17.0,-0.00038632981906608994
11.0,2.41,18.0,6.451356444292511e-05
11.0,2.41,19.0,-0.0004876615659498984
11.0,2.41,20.0,0.0004159714003769688
11.0,2.41,21.0,9.416977753140543e-10
11.0,2.61,0.0,0.0004460602804372549
11.0,2.61,1.0,1.8508480865708776e-05
11.0,2.61,2.0,0.00010432298838691789
11.0,2.61,3.0,8.491140846000889e-10
11.0,2.61,4.0,0.000533894831429349
11.0,2.61,5.0,-6.751811701930599e-05
11.0,2.61,6.0,0.00018290006180382568
11.0,2.61,7.0,-4.4497377422272876e-06
11.0,2.61,8.0,8.491140846000889e-10
11.0,2.61,9.0,-4.622975307727595e-05
11.0,2.61,10.0,-0.00015551383291012577
11.0,2.61,11.0,8.491140846000889e-10
11.0,2.61,12.0,0.00028468285299690366
11.0,2.61,13.0,0.00014001238087274492
11.0,2.61,14.0,-0.002402713165793378
11.0,2.61,15.0,2.7571863796815865e-06
11.0,2.61,16.0,1.305915892740872e-05
11.0,2.61,17.0,-0.0003863298269736633
11.0,2.61,18.0,6.404083961375484e-05
11.0,2.61,19.0,-0.0004878253403945987
11.0,2.61,20.0,0.0004200300090591025
11.0,2.61,21.0,9.416977753140543e-10
11.0,2.81,0.0,0.00044499933632236033
11.0,2.81,1.0,1.824591749086113e-05
11.0,2.81,2.0,0.00010530195852814783
11.0,2.81,3.0,8.491140846000889e-10
11.0,2.81,4.0,0.0005337464001679004
11.0,2.81,5.0,-6.751811706067256e-05
11.0,2.81,6.0,0.0001835374833074055
11.0,2.81,7.0,-4.449737743753946e-06
11.0,2.81,8.0,8.491140846000889e-10
11.0,2.81,9.0,-4.666774114284178e-05
11.0,2.81,10.0,-0.0001554005144472903
11.0,2.81,11.0,8.491140846000889e-10
11.0,2.81,12.0,0.0002852236846567213
11.0,2.81,13.0,0.00014090731678462198
11.0,2.81,14.0,-0.002402732029756806
11.0,2.81,15.0,2.784164316316229e-06
11.0,2.81,16.0,1.3008784671753038e-05
11.0,2.81,17.0,-0.0003863298348785442
11.0,2.81,18.0,6.356804852147846e-05
11.0,2.81,19.0,-0.00048798910785730065
11.0,2.81,20.0,0.0004240881850122724
11.0,2.81,21.0,9.416977753140543e-10
11.0,3.01,0.0,0.00044393876497150764
11.0,3.01,1.0,1.7983378390318272e-05
11.0,3.01,2.0,0.000106280582366447
11.0,3.01,3.0,8.491140846000889e-10
11.0,3.01,4.0,0.0005335980164034027
11.0,3.01,5.0,-6.751811710189994e-05
11.0,3.01,6.0,0.00018417475409748807
11.0,3.01,7.0,-4.449737745273573e-06
11.0,3.01,8.0,8.491140846000889e-10
11.0,3.01,9.0,-4.7105718559536935e-05
11.0,3.01,10.0,-0.00015528721977724202
11.0,3.01,11.0,8.491140846000889e-10
11.0,3.01,12.0,0.0002857642370554525
11.0,3.01,13.0,0.00014180185588336114
11.0,3.01,14.0,-0.002402750894590808
11.0,3.01,15.0,2.8111382298079413e-06
11.0,3.01,16.0,1.29584412875694e-05
11.0,3.01,17.0,-0.0003863298427807385
11.0,3.01,18.0,6.309517320784996e-05
11.0,3.01,19.0,-0.00048815287327919066
11.0,3.01,20.0,0.00042814606511321074
11.0,3.01,21.0,9.416977753140543e-10
11.0,3.21,0.0,0.0004428785479658748
11.0,3.21,1.0,1.772085719681238e-05
11.0,3.21,2.0,0.00010725888249479842
11.0,3.21,3.0,8.491140846000889e-10
11.0,3.21,4.0,0.0005334496778421072
11.0,3.21,5.0,-6.75181171429811e-05
11.0,3.21,6.0,0.0001848118909658636
11.0,3.21,7.0,-4.449737746785769e-06
11.0,3.21,8.0,8.491140846000889e-10
11.0,3.21,9.0,-4.7543695726848245e-05
11.0,3.21,10.0,-0.00015517394698764952
11.0,3.21,11.0,8.491140846000889e-10
11.0,3.21,12.0,0.0002863045215221738
11.0,3.21,13.0,0.000142696017230326
11.0,3.21,14.0,-0.0024027697607111147
11.0,3.21,15.0,2.8381089247353497e-06
11.0,3.21,16.0,1.2908128853489353e-05
11.0,3.21,17.0,-0.00038632985068024714
11.0,3.21,18.0,6.262219922076318e-05
11.0,3.21,19.0,-0.0004883166403762407
11.0,3.21,20.0,0.0004322037541142354
11.0,3.21,21.0,9.416977753140543e-10
11.0,3.41,0.0,0.00044181867529602403
11.0,3.41,1.0,1.745834955646508e-05
11.0,3.41,2.0,0.00010823687383082481
11.0,3.41,3.0,8.491140846000889e-10
11.0,3.41,4.0,0.0005333013833685452
11.0,3.41,5.0,-6.751811718390865e-05
11.0,3.41,6.0,0.00018544890576932538
11.0,3.41,7.0,-4.449737748290121e-06
11.0,3.41,8.0,8.491140846000889e-10
11.0,3.41,9.0,-4.798167972921985e-05
11.0,3.41,10.0,-0.0001550606950815464
11.0,3.41,11.0,8.491140846000889e-10
11.0,3.41,12.0,0.00028684454509775303
11.0,3.41,13.0,0.0001435898128303026
11.0,3.41,14.0,-0.0024027886284624655
11.0,3.41,15.0,2.865077000785421e-06
11.0,3.41,16.0,1.28578478792718e-05
11.0,3.41,17.0,-0.00038632985857706766
11.0,3.41,18.0,6.214911571245096e-05
11.0,3.41,19.0,-0.0004884804115950769
11.0,3.41,20.0,0.00043626132445939714
11.0,3.41,21.0,9.416977753140543e-10
11.0,3.61,0.0,0.00044075914663421756
11.0,3.61,1.0,1.7195853432294683e-05
11.0,3.61,2.0,0.00010921456241935745
11.0,3.61,3.0,8.491140846000889e-10
11.0,3.61,4.0,0.00053315313321467
11.0,3.61,5.0,-6.751811722467482e-05
11.0,3.61,6.0,0.00018608580465240276
11.0,3.61,7.0,-4.449737749786194e-06
11.0,3.61,8.0,8.491140846000889e-10
11.0,3.61,9.0,-4.841967384802692e-05
11.0,3.61,10.0,-0.00015494746411441607
11.0,3.61,11.0,8.491140846000889e-10
11.0,3.61,12.0,0.0002873843098569473
11.0,3.61,13.0,0.00014448324653570932
11.0,3.61,14.0,-0.0024028074981066044
11.0,3.61,15.0,2.8920428201129056e-06
11.0,3.61,16.0,1.2807599361092104e-05
11.0,3.61,17.0,-0.0003863298664711933
11.0,3.61,18.0,6.16759159932645e-05
11.0,3.61,19.0,-0.0004886441879234371
11.0,3.61,20.0,0.00044031881112921445
11.0,3.61,21.0,9.416977753140543e-10
11.0,3.81,0.0,0.0004396999720224226
11.0,3.81,1.0,1.693336927646727e-05
11.0,3.81,2.0,0.00011019194483491423
11.0,3.81,3.0,8.491140846000889e-10
11.0,3.81,4.0,0.0005330049290636907
11.0,3.81,5.0,-6.751811726527141e-05
11.0,3.81,6.0,0.00018672258766572192
11.0,3.81,7.0,-4.44973775127354e-06
11.0,3.81,8.0,8.491140846000889e-10
11.0,3.81,9.0,-4.885767726572898e-05
11.0,3.81,10.0,-0.00015483425527089423
11.0,3.81,11.0,8.491140846000889e-10
11.0,3.81,12.0,0.00028792381258568867
11.0,3.81,13.0,0.00014537631350025615
11.0,3.81,14.0,-0.0024028263698172136
11.0,3.81,15.0,2.9190064914086378e-06
11.0,3.81,16.0,1.2757384823064433e-05
11.0,3.81,17.0,-0.00038632987436261316
11.0,3.81,18.0,6.120259783753967e-05
11.0,3.81,19.0,-0.0004888079687810909
11.0,3.81,20.0,0.0004443762092564141
11.0,3.81,21.0,9.416977753140543e-10
11.0,4.01,0.0,0.00043864117364655897
11.0,4.01,1.0,1.6670900446158488e-05
11.0,4.01,2.0,0.00011116900670787855
11.0,4.01,3.0,8.491140846000889e-10
11.0,4.01,4.0,0.0005328567743118628
11.0,4.01,5.0,-6.751811730568991e-05
11.0,4.01,6.0,0.00018735924786139613
11.0,4.01,7.0,-4.449737752751685e-06
11.0,4.01,8.0,8.491140846000889e-10
11.0,4.01,9.0,-4.929568435690923e-05
11.0,4.01,10.0,-0.00015472107106481725
11.0,4.01,11.0,8.491140846000889e-10
11.0,4.01,12.0,0.00028846304396321076
11.0,4.01,13.0,0.00014626899881825528
11.0,4.01,14.0,-0.002402845243670293
11.0,4.01,15.0,2.9459678327348193e-06
11.0,4.01,16.0,1.2707206433093532e-05
11.0,4.01,17.0,-0.00038632988225131604
11.0,4.01,18.0,6.072916418226049e-05
11.0,4.01,19.0,-0.0004889717517533032
11.0,4.01,20.0,0.00044843346848028043
11.0,4.01,21.0,9.416977753140543e-10
12.0,0.01,0.0,-9.968877103461171e-05
12.0,0.01,1.0,-8.625198255768352e-05
12.0,0.01,2.0,4.3646399534191804e-05
12.0,0.01,3.0,7.181143180101657e-10
12.0,0.01,4.0,-0.00020180500932098777
12.0,0.01,5.0,-3.426375876942889e-05
12.0,0.01,6.0,8.7708455152824e-05
12.0,0.01,7.0,-2.6439581623877162e-05
12.0,0.01,8.0,7.181143180101657e-10
12.0,0.01,9.0,-0.00011125877626644992
12.0,0.01,10.0,3.739809036645836e-06
12.0,0.01,11.0,7.181143180101657e-10
12.0,0.01,12.0,1.1698184058134276e-05
12.0,0.01,13.0,0.00017822297428987666
12.0,0.01,14.0,-3.269190462101834e-05
12.0,0.01,15.0,3.217536691049738e-05
12.0,0.01,16.0,0.0002080403658974439
12.0,0.01,17.0,-4.808229176384016e-05
12.0,0.01,18.0,-2.155807683518196e-05
12.0,0.01,19.0,-0.00028587485330142104
12.0,0.01,20.0,0.0002040250076713046
12.0,0.01,21.0,8.638774418034956e-10
12.0,0.21000000000000002,0.0,0.0026344858216709177
12.0,0.21000000000000002,1.0,0.00016133650147442946
12.0,0.21000000000000002,2.0,0.000289212939727973
12.0,0.21000000000000002,3.0,7.181143180101657e-10
12.0,0.21000000000000002,4.0,-0.0002687627976526441
12.0,0.21000000000000002,5.0,-0.0005249032247061775
12.0,0.21000000000000002,6.0,0.00021602827549904724
12.0,0.21000000000000002,7.0,-9.643125322411628e-05
12.0,0.21000000000000002,8.0,7.181143180101657e-10
12.0,0.21000000000000002,9.0,-0.0005240175790345997
12.0,0.21000000000000002,10.0,-0.00010501911961527388
12.0,0.21000000000000002,11.0,7.181143180101657e-10
12.0,0.21000000000000002,12.0,6.00063757095759e-05
12.0,0.21000000000000002,13.0,0.0007752603060655061
12.0,0.21000000000000002,14.0,0.00011311114271480432
12.0,0.21000000000000002,15.0,3.8938528133081185e-05
12.0,0.21000000000000002,16.0,0.0007427000223284019
12.0,0.21000000000000002,17.0,-0.0006079598738744085
12.0,0.21000000000000002,18.0,2.766173164731045e-05
12.0,0.21000000000000002,19.0,-0.0007913788677756939
12.0,0.21000000000000002,20.0,0.0005305158896329321
12.0,0.21000000000000002,21.0,8.638774418034956e-10
12.0,0.41000000000000003,0.0,0.005174688479552714
12.0,0.41000000000000003,1.0,0.0003023717422291905
12.0,0.41000000000000003,2.0,0.0005677014538209568
12.0,0.41000000000000003,3.0,7.181143180101657e-10
12.0,0.41000000000000003,4.0,-0.00026188643233926445
12.0,0.41000000000000003,5.0,-0.001014687458351718
12.0,0.41000000000000003,6.0,0.0003484759891783096
12.0,0.41000000000000003,7.0,-0.00018596698059297756
12.0,0.41000000000000003,8.0,7.181143180101657e-10
12.0,0.41000000000000003,9.0,-0.0009366075682389341
12.0,0.41000000000000003,10.0,-0.00020758335111764614
12.0,0.41000000000000003,11.0,7.181143180101657e-10
12.0,0.41000000000000003,12.0,0.00011595566094410592
12.0,0.41000000000000003,13.0,0.001528886901540738
12.0,0.41000000000000003,14.0,0.00025930157546585897
12.0,0.41000000000000003,15.0,8.48816327400359e-05
12.0,0.41000000000000003,16.0,0.001484045484173191
12.0,0.41000000000000003,17.0,-0.0011789331774083034
12.0,0.41000000000000003,18.0,4.4182617713883765e-05
12.0,0.41000000000000003,19.0,-0.0015057368913489466
12.0,0.41000000000000003,20.0,0.0010479901860374063
12.0,0.41000000000000003,21.0,8.638774418034956e-10
12.0,0.6100000000000001,0.0,0.007629010984618878
12.0,0.6100000000000001,1.0,0.00042020432641659555
12.0,0.6100000000000001,2.0,0.0008525165985280025
12.0,0.6100000000000001,3.0,7.181143180101657e-10
12.0,0.6100000000000001,4.0,-0.00034337702339526377
12.0,0.6100000000000001,5.0,-0.0015008197287602748
12.0,0.6100000000000001,6.0,0.0005894157261553401
12.0,0.6100000000000001,7.0,-0.00027891235450858143
12.0,0.6100000000000001,8.0,7.181143180101657e-10
12.0,0.6100000000000001,9.0,-0.0013460722755914492
12.0,0.6100000000000001,10.0,-0.0003058130659723268
12.0,0.6100000000000001,11.0,7.181143180101657e-10
12.0,0.6100000000000001,12.0,0.0001839406353786599
12.0,0.6100000000000001,13.0,0.0023135131460632063
12.0,0.6100000000000001,14.0,0.000400655659896991
12.0,0.6100000000000001,15.0,0.00013704241620127178
12.0,0.6100000000000001,16.0,0.0022637444820425845
12.0,0.6100000000000001,17.0,-0.001746728980724449
12.0,0.6100000000000001,18.0,5.830349924229594e-05
12.0,0.6100000000000001,19.0,-0.002254824500591529
12.0,0.6100000000000001,20.0,0.0016149972329566054
12.0,0.6100000000000001,21.0,8.638774418034956e-10
12.0,0.81,0.0,0.009978664277472515
12.0,0.81,1.0,0.0005065462512710006
12.0,0.81,2.0,0.001147171310435735
12.0,0.81,3.0,7.181143180101657e-10
12.0,0.81,4.0,-0.0005337126605776676
12.0,0.81,5.0,-0.001983302156437272
12.0,0.81,6.0,0.0009666138233490607
12.0,0.81,7.0,-0.0003770008423243376
12.0,0.81,8.0,7.181143180101657e-10
12.0,0.81,9.0,-0.0017524139840573646
12.0,0.81,10.0,-0.0003984631429196084
12.0,0.81,11.0,7.181143180101657e-10
12.0,0.81,12.0,0.0002668463499038154
12.0,0.81,13.0,0.003144536886163618
12.0,0.81,14.0,0.0005385682397465383
12.0,0.81,15.0,0.0001969856854216745
12.0,0.81,16.0,0.003100209741696447
12.0,0.81,17.0,-0.0023124908708307412
12.0,0.81,18.0,6.708257732501721e-05
12.0,0.81,19.0,-0.0030559613795750618
12.0,0.81,20.0,0.002249680676800314
12.0,0.81,21.0,8.638774418034956e-10
12.0,1.01,0.0,0.01266992378742049
12.0,1.01,1.0,0.0007702302515482651
12.0,1.01,2.0,0.00136829517216433
12.0,1.01,3.0,7.181143180101657e-10
12.0,1.01,4.0,-0.0004537964079528445
12.0,1.01,5.0,-0.002448672654093445
12.0,1.01,6.0,0.0009195511255339905
12.0,1.01,7.0,-0.0004377180721475693
12.0,1.01,8.0,7.181143180101657e-10
12.0,1.01,9.0,-0.002143986582620834
12.0,1.01,10.0,-0.0005069828622815964
12.0,1.01,11.0,7.181143180101657e-10
12.0,1.01,12.0,0.00029374608003274183
12.0,1.01,13.0,0.0036581341593065475
12.0,1.01,14.0,0.0006812216638149085
12.0,1.01,15.0,0.0001957813907825512
12.0,1.01,16.0,0.003545648232860077
12.0,1.01,17.0,-0.002842320229151152
12.0,1.01,18.0,0.00011622405856676066
12.0,1.01,19.0,-0.0034904911006460593
12.0,1.01,20.0,0.002484626343119467
12.0,1.01,21.0,8.638774418034956e-10
12.0,1.2100000000000002,0.0,0.015257192063828362
12.0,1.2100000000000002,1.0,0.0009855969549279475
12.0,1.2100000000000002,2.0,0.0016024669423417848
12.0,1.2100000000000002,3.0,7.181143180101657e-10
12.0,1.2100000000000002,4.0,-0.00036509803961126686
12.0,1.2100000000000002,5.0,-0.0029108293010004227
12.0,1.2100000000000002,6.0,0.0008967386141830458
12.0,1.2100000000000002,7.0,-0.0005065756755790463
12.0,1.2100000000000002,8.0,7.181143180101657e-10
12.0,1.2100000000000002,9.0,-0.002533068971062917
12.0,1.2100000000000002,10.0,-0.000611673278431063
12.0,1.2100000000000002,11.0,7.181143180101657e-10
12.0,1.2100000000000002,12.0,0.0003258622773434361
12.0,1.2100000000000002,13.0,0.0042358771890601
12.0,1.2100000000000002,14.0,0.0008230267480076187
12.0,1.2100000000000002,15.0,0.00021119311133094287
12.0,1.2100000000000002,16.0,0.004076709764039066
12.0,1.2100000000000002,17.0,-0.003373399732212512
12.0,1.2100000000000002,18.0,0.00015140417595904676
12.0,1.2100000000000002,19.0,-0.004014327273180712
12.0,1.2100000000000002,20.0,0.002802110481377851
12.0,1.2100000000000002,21.0,8.638774418034956e-10
12.0,1.4100000000000001,0.0,0.017597004189442655
12.0,1.4100000000000001,1.0,0.0011060893178240216
12.0,1.4100000000000001,2.0,0.0018731439015269302
12.0,1.4100000000000001,3.0,7.181143180101657e-10
12.0,1.4100000000000001,4.0,-0.0005197732211147388
12.0,1.4100000000000001,5.0,-0.0033749614792144
12.0,1.4100000000000001,6.0,0.0012044524056082917
12.0,1.4100000000000001,7.0,-0.0005939979502838921
12.0,1.4100000000000001,8.0,7.181143180101657e-10
12.0,1.4100000000000001,9.0,-0.002923730105579954
12.0,1.4100000000000001,10.0,-0.000704266971369466
12.0,1.4100000000000001,11.0,7.181143180101657e-10
12.0,1.4100000000000001,12.0,0.00039767297446458016
12.0,1.4100000000000001,13.0,0.004977567865059762
12.0,1.4100000000000001,14.0,0.000955262220045959
12.0,1.4100000000000001,15.0,0.0002566240973628786
12.0,1.4100000000000001,16.0,0.004807777358183218
12.0,1.4100000000000001,17.0,-0.003913707401082905
12.0,1.4100000000000001,18.0,0.00016995558601717864
12.0,1.4100000000000001,19.0,-0.004709852357358629
12.0,1.4100000000000001,20.0,0.0033397422494129136
12.0,1.4100000000000001,21.0,8.638774418034956e-10
12.0,1.61,0.0,0.02006676123361617
12.0,1.61,1.0,0.0012888647466119396
12.0,1.61,2.0,0.0021129075029651667
12.0,1.61,3.0,7.181143180101657e-10
12.0,1.61,4.0,-0.0004731292366716433
12.0,1.61,5.0,-0.0038283959900854148
12.0,1.61,6.0,0.0012449538703314111
12.0,1.61,7.0,-0.000666951300983154
12.0,1.61,8.0,7.181143180101657e-10
12.0,1.61,9.0,-0.0033054603095225704
12.0,1.61,10.0,-0.0008039968380474938
12.0,1.61,11.0,7.181143180101657e-10
12.0,1.61,12.0,0.0004374394191281328
12.0,1.61,13.0,0.005590585837239037
12.0,1.61,14.0,0.0010928218531975203
12.0,1.61,15.0,0.0002812148427383532
12.0,1.61,16.0,0.005386759576652189
12.0,1.61,17.0,-0.004437296236680238
12.0,1.61,18.0,0.00019782491192421592
12.0,1.61,19.0,-0.005276759864277086
12.0,1.61,20.0,0.0037115315362287737
12.0,1.61,21.0,8.638774418034956e-10
12.0,1.81,0.0,0.022438482137844384
12.0,1.81,1.0,0.0014482629736597419
12.0,1.81,2.0,0.002361038267736232
12.0,1.81,3.0,7.181143180101657e-10
12.0,1.81,4.0,-0.0005519800579140144
12.0,1.81,5.0,-0.004279111212737663
12.0,1.81,6.0,0.00143729518146829
12.0,1.81,7.0,-0.00074392407896548
12.0,1.81,8.0,7.181143180101657e-10
12.0,1.81,9.0,-0.00368474416735666
12.0,1.81,10.0,-0.0008984901380918175
12.0,1.81,11.0,7.181143180101657e-10
12.0,1.81,12.0,0.0004934648673409203
12.0,1.81,13.0,0.006243472221431123
12.0,1.81,14.0,0.0012251721926102438
12.0,1.81,15.0,0.0003112740266726366
12.0,1.81,16.0,0.006012475765002745
12.0,1.81,17.0,-0.0049587569780093765
12.0,1.81,18.0,0.000223755175128737
12.0,1.81,19.0,-0.005876917958503758
12.0,1.81,20.0,0.00414409631649193
12.0,1.81,21.0,8.638774418034956e-10
12.0,2.01,0.0,0.024647319278658042
12.0,2.01,1.0,0.0015641399251239974
12.0,2.01,2.0,0.0026282359276718903
12.0,2.01,3.0,7.181143180101657e-10
12.0,2.01,4.0,-0.000893745546921676
12.0,2.01,5.0,-0.0047291370283085304
12.0,2.01,6.0,0.0019529827125464028
12.0,2.01,7.0,-0.0008293575281365928
12.0,2.01,8.0,7.181143180101657e-10
12.0,2.01,9.0,-0.004063078230031901
12.0,2.01,10.0,-0.0009833307218602705
12.0,2.01,11.0,7.181143180101657e-10
12.0,2.01,12.0,0.0005840244512444193
12.0,2.01,13.0,0.006981256402384672
12.0,2.01,14.0,0.0013472772209355
12.0,2.01,15.0,0.00035239711766724136
12.0,2.01,16.0,0.006735235154845809
12.0,2.01,17.0,-0.005480849117926984
12.0,2.01,18.0,0.0002475229257909439
12.0,2.01,19.0,-0.006543082542741496
12.0,2.01,20.0,0.004702469051356739
12.0,2.01,21.0,8.638774418034956e-10
12.0,2.21,0.0,0.02702610366296121
12.0,2.21,1.0,0.0017345210741926964
12.0,2.21,2.0,0.002862010943013943
12.0,2.21,3.0,7.181143180101657e-10
12.0,2.21,4.0,-0.0008431412206537647
12.0,2.21,5.0,-0.005167738961315671
12.0,2.21,6.0,0.001992418077133906
12.0,2.21,7.0,-0.0009011133790666204
12.0,2.21,8.0,7.181143180101657e-10
12.0,2.21,9.0,-0.0044322553601096465
12.0,2.21,10.0,-0.0010794788510166131
12.0,2.21,11.0,7.181143180101657e-10
12.0,2.21,12.0,0.0006228934000207242
12.0,2.21,13.0,0.007582891703973027
12.0,2.21,14.0,0.0014802227133671672
12.0,2.21,15.0,0.0003784430691939067
12.0,2.21,16.0,0.0073068393959825895
12.0,2.21,17.0,-0.005987980857089625
12.0,2.21,18.0,0.00027256723924867776
12.0,2.21,19.0,-0.007104442895352947
12.0,2.21,20.0,0.005072923641299354
12.0,2.21,21.0,8.638774418034956e-10
12.0,2.41,0.0,0.029364294407123848
12.0,2.41,1.0,0.0018987473871063254
12.0,2.41,2.0,0.0030953713626026003
12.0,2.41,3.0,7.181143180101657e-10
12.0,2.41,4.0,-0.000816383968001877
12.0,2.41,5.0,-0.005601868152109488
12.0,2.41,6.0,0.002060466626475743
12.0,2.41,7.0,-0.0009730164422682985
12.0,2.41,8.0,7.181143180101657e-10
12.0,2.41,9.0,-0.0047976106463531315
12.0,2.41,10.0,-0.0011737364961346974
12.0,2.41,11.0,7.181143180101657e-10
12.0,2.41,12.0,0.0006644746213080865
12.0,2.41,13.0,0.008187106030673519
12.0,2.41,14.0,0.0016110619477268245
12.0,2.41,15.0,0.0004053619875184489
12.0,2.41,16.0,0.007882711757351335
12.0,2.41,17.0,-0.006490196025722872
12.0,2.41,18.0,0.0002968171775773465
12.0,2.41,19.0,-0.007667742873611355
12.0,2.41,20.0,0.005452058644626834
12.0,2.41,21.0,8.638774418034956e-10
12.0,2.61,0.0,0.031664713912347486
12.0,2.61,1.0,0.0020583078917020825
12.0,2.61,2.0,0.0033278769073813164
12.0,2.61,3.0,7.181143180101657e-10
12.0,2.61,4.0,-0.0008142477344202925
12.0,2.61,5.0,-0.006031542290773448
12.0,2.61,6.0,0.0021574809852057397
12.0,2.61,7.0,-0.0010447973144779577
12.0,2.61,8.0,7.181143180101657e-10
12.0,2.61,9.0,-0.005159148683833284
12.0,2.61,10.0,-0.0012661829214746234
12.0,2.61,11.0,7.181143180101657e-10
12.0,2.61,12.0,0.0007086761944931352
12.0,2.61,13.0,0.008791800028532804
12.0,2.61,14.0,0.0017397489044998007
12.0,2.61,15.0,0.00043261853608331235
12.0,2.61,16.0,0.008460044913393805
12.0,2.61,17.0,-0.006987350769915246
12.0,2.61,18.0,0.000320695783599112
12.0,2.61,19.0,-0.008230138686509375
12.0,2.61,20.0,0.005837386740551065
12.0,2.61,21.0,8.638774418034956e-10
12.0,2.81,0.0,0.033931086239928576
12.0,2.81,1.0,0.0022149763240383313
12.0,2.81,2.0,0.0035589529003215437
12.0,2.81,3.0,7.181143180101657e-10
12.0,2.81,4.0,-0.000834884263500979
12.0,2.81,5.0,-0.006456756744171385
12.0,2.81,6.0,0.0022810522347946893
12.0,2.81,7.0,-0.0011161236088794158
12.0,2.81,8.0,7.181143180101657e-10
12.0,2.81,9.0,-0.005516857678422832
12.0,2.81,10.0,-0.001356966440455215
12.0,2.81,11.0,7.181143180101657e-10
12.0,2.81,12.0,0.0007551152403565409
12.0,2.81,13.0,0.009394291553575518
12.0,2.81,14.0,0.001866290898456531
12.0,2.81,15.0,0.0004596038330334784
12.0,2.81,16.0,0.00903540082543447
12.0,2.81,17.0,-0.0074792864309134455
12.0,2.81,18.0,0.000344645211507566
12.0,2.81,19.0,-0.008788437185441728
12.0,2.81,20.0,0.006225529049666112
12.0,2.81,21.0,8.638774418034956e-10
12.0,3.01,0.0,0.036329350205459354
12.0,3.01,1.0,0.0024000399414300655
12.0,3.01,2.0,0.0037660573387819918
12.0,3.01,3.0,7.181143180101657e-10
12.0,3.01,4.0,-0.0004356071942561712
12.0,3.01,5.0,-0.006872865265367123
12.0,3.01,6.0,0.0019132849721656964
12.0,3.01,7.0,-0.001179021503291272
12.0,3.01,8.0,7.181143180101657e-10
12.0,3.01,9.0,-0.00586742857425631
12.0,3.01,10.0,-0.0014586031783509479
12.0,3.01,11.0,7.181143180101657e-10
12.0,3.01,12.0,0.0007519662634511703
12.0,3.01,13.0,0.009902311652109586
12.0,3.01,14.0,0.0020028096695462183
12.0,3.01,15.0,0.00048151411927183085
12.0,3.01,16.0,0.009514684172196752
12.0,3.01,17.0,-0.007961819335690679
12.0,3.01,18.0,0.0003663174726928342
12.0,3.01,19.0,-0.009293630908930872
12.0,3.01,20.0,0.006472232630207686
12.0,3.01,21.0,8.638774418034956e-10
12.0,3.21,0.0,0.038511444952011975
12.0,3.21,1.0,0.002542274447437265
12.0,3.21,2.0,0.0039977824251182514
12.0,3.21,3.0,7.181143180101657e-10
12.0,3.21,4.0,-0.0005220196454049919
12.0,3.21,5.0,-0.007289887059365299
12.0,3.21,6.0,0.002118874920249203
12.0,3.21,7.0,-0.0012512215713669506
12.0,3.21,8.0,7.181143180101657e-10
12.0,3.21,9.0,-0.0062180780138989256
12.0,3.21,10.0,-0.0015451400663760995
12.0,3.21,11.0,7.181143180101657e-10
12.0,3.21,12.0,0.0008066377438007977
12.0,3.21,13.0,0.010515785485009865
12.0,3.21,14.0,0.002124332289648402
12.0,3.21,15.0,0.0005109949122859281
12.0,3.21,16.0,0.010104843996563195
12.0,3.21,17.0,-0.008444618033487894
12.0,3.21,18.0,0.0003898867595150679
12.0,3.21,19.0,-0.009857475842037583
12.0,3.21,20.0,0.006886104362665402
12.0,3.21,21.0,8.638774418034956e-10
12.0,3.41,0.0,0.040695860008034934
12.0,3.41,1.0,0.0026940715570518137
12.0,3.41,2.0,0.004222392212240383
12.0,3.41,3.0,7.181143180101657e-10
12.0,3.41,4.0,-0.0005681467280461705
12.0,3.41,5.0,-0.0077017067458363675
12.0,3.41,6.0,0.0022704289652066834
12.0,3.41,7.0,-0.0013203219672632271
12.0,3.41,8.0,7.181143180101657e-10
12.0,3.41,9.0,-0.006564341617928494
12.0,3.41,10.0,-0.0016323650456223082
12.0,3.41,11.0,7.181143180101657e-10
12.0,3.41,12.0,0.0008548092364789595
12.0,3.41,13.0,0.011102163049126756
12.0,3.41,14.0,0.0022455604139519914
12.0,3.41,15.0,0.000536634942432529
12.0,3.41,16.0,0.010664410103931432
12.0,3.41,17.0,-0.008920883755689724
12.0,3.41,18.0,0.000414532822651692
12.0,3.41,19.0,-0.010397703974527467
12.0,3.41,20.0,0.007267684246914985
12.0,3.41,21.0,8.638774418034956e-10
12.0,3.61,0.0,0.042888101814005375
12.0,3.61,1.0,0.0028513216127662444
12.0,3.61,2.0,0.004439975487887965
12.0,3.61,3.0,7.181143180101657e-10
12.0,3.61,4.0,-0.0005349023942917697
12.0,3.61,5.0,-0.008108224957519061
12.0,3.61,6.0,0.002316925758361621
12.0,3.61,7.0,-0.0013869098114660805
12.0,3.61,8.0,7.181143180101657e-10
12.0,3.61,9.0,-0.006906218609331938
12.0,3.61,10.0,-0.001721038961856991
12.0,3.61,11.0,7.181143180101657e-10
12.0,3.61,12.0,0.0008917151581451233
12.0,3.61,13.0,0.011662653749862417
12.0,3.61,14.0,0.0023694359876946236
12.0,3.61,15.0,0.0005607255004426159
12.0,3.61,16.0,0.01119746970523211
12.0,3.61,17.0,-0.009391428864342077
12.0,3.61,18.0,0.0004364561909324105
12.0,3.61,19.0,-0.010924164595090047
12.0,3.61,20.0,0.007615013907695423
12.0,3.61,21.0,8.638774418034956e-10
12.0,3.81,0.0,0.04505004441470917
12.0,3.81,1.0,0.003006014694185488
12.0,3.81,2.0,0.0046565104498400844
12.0,3.81,3.0,7.181143180101657e-10
12.0,3.81,4.0,-0.0005202748628733156
12.0,3.81,5.0,-0.008510571093792482
12.0,3.81,6.0,0.002405048425176859
12.0,3.81,7.0,-0.0014530389073931227
12.0,3.81,8.0,7.181143180101657e-10
12.0,3.81,9.0,-0.0072444781409205655
12.0,3.81,10.0,-0.001808099728137641
12.0,3.81,11.0,7.181143180101657e-10
12.0,3.81,12.0,0.0009329040625241924
12.0,3.81,13.0,0.012222162268233694
12.0,3.81,14.0,0.0024879526567863283
12.0,3.81,15.0,0.0005843319964029259
12.0,3.81,16.0,0.011729871489644661
12.0,3.81,17.0,-0.009856627632670756
12.0,3.81,18.0,0.00046301248487984337
12.0,3.81,19.0,-0.011441944573055696
12.0,3.81,20.0,0.007967413969920456
12.0,3.81,21.0,8.638774418034956e-10
12.0,4.01,0.0,0.04720183603084205
12.0,4.01,1.0,0.0031590212304269394
12.0,4.01,2.0,0.004869040848302114
12.0,4.01,3.0,7.181143180101657e-10
12.0,4.01,4.0,-0.0004577080863040761
12.0,4.01,5.0,-0.008908026605224773
12.0,4.01,6.0,0.0024314348514739015
12.0,4.01,7.0,-0.0015181930590556503
12.0,4.01,8.0,7.181143180101657e-10
12.0,4.01,9.0,-0.00757870569024538
12.0,4.01,10.0,-0.001895463205335457
12.0,4.01,11.0,7.181143180101657e-10
12.0,4.01,12.0,0.0009678146368006235
12.0,4.01,13.0,0.012769278666172446
12.0,4.01,14.0,0.002607390746639182
12.0,4.01,15.0,0.0006082779893397949
12.0,4.01,16.0,0.01225156748536993
12.0,4.01,17.0,-0.01031668052113563
12.0,4.01,18.0,0.0004871118733184576
12.0,4.01,19.0,-0.011956677517703296
12.0,4.01,20.0,0.008304498340653055
12.0,4.01,21.0,8.638774418034956e-10
13.0,0.01,0.0,0.0004787078113950294
13.0,0.01,1.0,7.356960750964925e-06
13.0,0.01,2.0,4.2780005424236656e-07
13.0,0.01,3.0,6.8085836968379e-10
13.0,0.01,4.0,0.00021377461437410705
13.0,0.01,5.0,-5.379673046215783e-05
13.0,0.01,6.0,-4.540452424384167e-05
13.0,0.01,7.0,-4.7386931396137255e-05
13.0,0.01,8.0,6.8085836968379e-10
13.0,0.01,9.0,-8.786997276299946e-06
13.0,0.01,10.0,-3.3828253868634084e-05
13.0,0.01,11.0,6.8085836968379e-10
13.0,0.01,12.0,-0.00010234106596454517
13.0,0.01,13.0,2.0905917451324862e-05
13.0,0.01,14.0,5.040536493211567e-05
13.0,0.01,15.0,4.1861723004688045e-08
13.0,0.01,16.0,-0.0004681361531297945
13.0,0.01,17.0,-7.15447337395203e-05
13.0,0.01,18.0,0.0001026581917411562
13.0,0.01,19.0,6.117171247793651e-06
13.0,0.01,20.0,-6.618273594616308e-05
13.0,0.01,21.0,9.512466925265528e-10
13.0,0.21000000000000002,0.0,0.006519795097578496
13.0,0.21000000000000002,1.0,9.006695016072763e-05
13.0,0.21000000000000002,2.0,1.7836311403146565e-05
13.0,0.21000000000000002,3.0,6.8085836968379e-10
13.0,0.21000000000000002,4.0,-0.0018734598807597647
13.0,0.21000000000000002,5.0,-0.0017284225215817017
13.0,0.21000000000000002,6.0,-0.00035172477772016375
13.0,0.21000000000000002,7.0,-0.0009018493643659642
13.0,0.21000000000000002,8.0,6.8085836968379e-10
13.0,0.21000000000000002,9.0,-0.0007806040418271432
13.0,0.21000000000000002,10.0,-0.0004361873383044168
13.0,0.21000000000000002,11.0,6.8085836968379e-10
13.0,0.21000000000000002,12.0,-0.0006163824107430493
13.0,0.21000000000000002,13.0,0.0010015243168855215
13.0,0.21000000000000002,14.0,0.001734860405950056
13.0,0.21000000000000002,15.0,1.5832235643886694e-06
13.0,0.21000000000000002,16.0,0.0018416444370993323
13.0,0.21000000000000002,17.0,-0.0016865695490358712
13.0,0.21000000000000002,18.0,0.0006044527588937032
13.0,0.21000000000000002,19.0,-0.0009016140927926575
13.0,0.21000000000000002,20.0,0.0010673859544131359
13.0,0.21000000000000002,21.0,9.512466925265528e-10
13.0,0.41000000000000003,0.0,0.012772324618035569
13.0,0.41000000000000003,1.0,0.00017701432430888842
13.0,0.41000000000000003,2.0,3.413964282905635e-05
13.0,0.41000000000000003,3.0,6.8085836968379e-10
13.0,0.41000000000000003,4.0,-0.0033527900461682303
13.0,0.41000000000000003,5.0,-0.003317752265043439
13.0,0.41000000000000003,6.0,-0.00070697109477591
13.0,0.41000000000000003,7.0,-0.0017480966363681016
13.0,0.41000000000000003,8.0,6.8085836968379e-10
13.0,0.41000000000000003,9.0,-0.001485964765929798
13.0,0.41000000000000003,10.0,-0.0008545819538698651
13.0,0.41000000000000003,11.0,6.8085836968379e-10
13.0,0.41000000000000003,12.0,-0.0012584833394989337
13.0,0.41000000000000003,13.0,0.0019150258458576208
13.0,0.41000000000000003,14.0,0.003330201336693317
13.0,0.41000000000000003,15.0,3.0316867365987044e-06
13.0,0.41000000000000003,16.0,0.003065021880670704
13.0,0.41000000000000003,17.0,-0.0032550511824361306
13.0,0.41000000000000003,18.0,0.0012344007673481816
13.0,0.41000000000000003,19.0,-0.0017010962029315457
13.0,0.41000000000000003,20.0,0.0019615892173970306
13.0,0.41000000000000003,21.0,9.512466925265528e-10
13.0,0.6100000000000001,0.0,0.01896082668970067
13.0,0.6100000000000001,1.0,0.0002632327897971187
13.0,0.6100000000000001,2.0,5.00871720911511e-05
13.0,0.6100000000000001,3.0,6.8085836968379e-10
13.0,0.6100000000000001,4.0,-0.004732240407351318
13.0,0.6100000000000001,5.0,-0.004875407171431478
13.0,0.6100000000000001,6.0,-0.001064468024388865
13.0,0.6100000000000001,7.0,-0.0025819195625203795
13.0,0.6100000000000001,8.0,6.8085836968379e-10
13.0,0.6100000000000001,9.0,-0.0021740062645343172
13.0,0.6100000000000001,10.0,-0.0012690571922632787
13.0,0.6100000000000001,11.0,6.8085836968379e-10
13.0,0.6100000000000001,12.0,-0.0019088111537140517
13.0,0.6100000000000001,13.0,0.002808035037243528
13.0,0.6100000000000001,14.0,0.0048938930475476705
13.0,0.6100000000000001,15.0,4.449103741893667e-06
13.0,0.6100000000000001,16.0,0.004133271393755966
13.0,0.6100000000000001,17.0,-0.004797059581835378
13.0,0.6100000000000001,18.0,0.0018726148364411055
13.0,0.6100000000000001,19.0,-0.0024760990957419793
13.0,0.6100000000000001,20.0,0.002813142143750391
13.0,0.6100000000000001,21.0,9.512466925265528e-10
13.0,0.81,0.0,0.025022360947712707
13.0,0.81,1.0,0.0003475578529000545
13.0,0.81,2.0,6.585642042117312e-05
13.0,0.81,3.0,6.8085836968379e-10
13.0,0.81,4.0,-0.0061479948506508175
13.0,0.81,5.0,-0.006413348317651113
13.0,0.81,6.0,-0.001410862074141761
13.0,0.81,7.0,-0.0034015164313203616
13.0,0.81,8.0,6.8085836968379e-10
13.0,0.81,9.0,-0.002855996916189929
13.0,0.81,10.0,-0.0016747530555939472
13.0,0.81,11.0,6.8085836968379e-10
13.0,0.81,12.0,-0.0025355065781461905
13.0,0.81,13.0,0.003691511888111898
13.0,0.81,14.0,0.0064379341019874525
13.0,0.81,15.0,5.850203449009328e-06
13.0,0.81,16.0,0.005288563502525601
13.0,0.81,17.0,-0.006315945693659508
13.0,0.81,18.0,0.0024865975237583215
13.0,0.81,19.0,-0.0032479529970616816
13.0,0.81,20.0,0.0036724877618753426
13.0,0.81,21.0,9.512466925265528e-10
13.0,1.01,0.0,0.030981669591682137
13.0,1.01,1.0,0.00043042973752269176
13.0,1.01,2.0,8.139353961930662e-05
13.0,1.01,3.0,6.8085836968379e-10
13.0,1.01,4.0,-0.007554999864423373
13.0,1.01,5.0,-0.007927958066356683
13.0,1.01,6.0,-0.00175072705244117
13.0,1.01,7.0,-0.004207697367041602
13.0,1.01,8.0,6.8085836968379e-10
13.0,1.01,9.0,-0.0035282760927413115
13.0,1.01,10.0,-0.0020734920848818894
13.0,1.01,11.0,6.8085836968379e-10
13.0,1.01,12.0,-0.003149368780217515
13.0,1.01,13.0,0.004562065251954628
13.0,1.01,14.0,0.007958691076029312
13.0,1.01,15.0,7.230580552020083e-06
13.0,1.01,16.0,0.006449451904580017
13.0,1.01,17.0,-0.007811033919266824
13.0,1.01,18.0,0.003087310375447627
13.0,1.01,19.0,-0.0040098228430044125
13.0,1.01,20.0,0.004523230685967661
13.0,1.01,21.0,9.512466925265528e-10
13.0,1.2100000000000002,0.0,0.036855271137070766
13.0,1.2100000000000002,1.0,0.0005121484855519776
13.0,1.2100000000000002,2.0,9.667061593943149e-05
13.0,1.2100000000000002,3.0,6.8085836968379e-10
13.0,1.2100000000000002,4.0,-0.008924837308479427
13.0,1.2100000000000002,5.0,-0.009418036431269372
13.0,1.2100000000000002,6.0,-0.002086446927427432
13.0,1.2100000000000002,7.0,-0.005001911219867788
13.0,1.2100000000000002,8.0,6.8085836968379e-10
13.0,1.2100000000000002,9.0,-0.004188977612298167
13.0,1.2100000000000002,10.0,-0.002466631193034252
13.0,1.2100000000000002,11.0,6.8085836968379e-10
13.0,1.2100000000000002,12.0,-0.0037568587875203008
13.0,1.2100000000000002,13.0,0.005417974294638833
13.0,1.2100000000000002,14.0,0.00945464542781671
13.0,1.2100000000000002,15.0,8.587952918193142e-06
13.0,1.2100000000000002,16.0,0.007565727797485877
13.0,1.2100000000000002,17.0,-0.009282731949444678
13.0,1.2100000000000002,18.0,0.003682779402740699
13.0,1.2100000000000002,19.0,-0.004757404026632384
13.0,1.2100000000000002,20.0,0.005355244801993619
13.0,1.2100000000000002,21.0,9.512466925265528e-10
13.0,1.4100000000000001,0.0,0.042651490345979926
13.0,1.4100000000000001,1.0,0.0005928823155998131
13.0,1.4100000000000001,2.0,0.00011167071110829152
13.0,1.4100000000000001,3.0,6.8085836968379e-10
13.0,1.4100000000000001,4.0,-0.010239641022201706
13.0,1.4100000000000001,5.0,-0.010882610620870509
13.0,1.4100000000000001,6.0,-0.0024206761830173895
13.0,1.4100000000000001,7.0,-0.005784228654758111
13.0,1.4100000000000001,8.0,6.8085836968379e-10
13.0,1.4100000000000001,9.0,-0.004837045492626646
13.0,1.4100000000000001,10.0,-0.002854805771549812
13.0,1.4100000000000001,11.0,6.8085836968379e-10
13.0,1.4100000000000001,12.0,-0.004363024140275534
13.0,1.4100000000000001,13.0,0.006258198737502357
13.0,1.4100000000000001,14.0,0.010925134958851057
13.0,1.4100000000000001,15.0,9.920908612320867e-06
13.0,1.4100000000000001,16.0,0.008604123824839105
13.0,1.4100000000000001,17.0,-0.010731294699603211
13.0,1.4100000000000001,18.0,0.004277365957732204
13.0,1.4100000000000001,19.0,-0.005488492474712892
13.0,1.4100000000000001,20.0,0.006161780761930025
13.0,1.4100000000000001,21.0,9.512466925265528e-10
13.0,1.61,0.0,0.04833014871592656
13.0,1.61,1.0,0.0006718022208879459
13.0,1.61,2.0,0.00012652313810787574
13.0,1.61,3.0,6.8085836968379e-10
13.0,1.61,4.0,-0.011601857096050716
13.0,1.61,5.0,-0.01232981226637328
13.0,1.61,6.0,-0.002742802848509307
13.0,1.61,7.0,-0.006553659049842758
13.0,1.61,8.0,6.8085836968379e-10
13.0,1.61,9.0,-0.005480158687211967
13.0,1.61,10.0,-0.0032347298384029777
13.0,1.61,11.0,6.8085836968379e-10
13.0,1.61,12.0,-0.004944177943890515
13.0,1.61,13.0,0.00709050826637142
13.0,1.61,14.0,0.01237800385636939
13.0,1.61,15.0,1.1240330689943345e-05
13.0,1.61,16.0,0.009747990258328731
13.0,1.61,17.0,-0.012158571205254737
13.0,1.61,18.0,0.0048461528860871406
13.0,1.61,19.0,-0.006218353516140279
13.0,1.61,20.0,0.006981027052878119
13.0,1.61,21.0,9.512466925265528e-10
13.0,1.81,0.0,0.05391765969718165
13.0,1.81,1.0,0.0007494152349146188
13.0,1.81,2.0,0.00014116455987800425
13.0,1.81,3.0,6.8085836968379e-10
13.0,1.81,4.0,-0.012956828198505799
13.0,1.81,5.0,-0.013755872908205125
13.0,1.81,6.0,-0.0030587097334192626
13.0,1.81,7.0,-0.007311240512972383
13.0,1.81,8.0,6.8085836968379e-10
13.0,1.81,9.0,-0.006114321250167282
13.0,1.81,10.0,-0.0036084953579409995
13.0,1.81,11.0,6.8085836968379e-10
13.0,1.81,12.0,-0.005513710506129366
13.0,1.81,13.0,0.007911008480546433
13.0,1.81,14.0,0.01380949515182528
13.0,1.81,15.0,1.2540959984208566e-05
13.0,1.81,16.0,0.010898180912982003
13.0,1.81,17.0,-0.013564236348038522
13.0,1.81,18.0,0.005402843164014098
13.0,1.81,19.0,-0.00693896402942662
13.0,1.81,20.0,0.007792554350362857
13.0,1.81,21.0,9.512466925265528e-10
13.0,2.01,0.0,0.05941464882429304
13.0,2.01,1.0,0.0008257137222978106
13.0,2.01,2.0,0.00015560538791070666
13.0,2.01,3.0,6.8085836968379e-10
13.0,2.01,4.0,-0.014310213942149097
13.0,2.01,5.0,-0.015161569457350393
13.0,2.01,6.0,-0.0033680307697701584
13.0,2.01,7.0,-0.008057176745985134
13.0,2.01,8.0,6.8085836968379e-10
13.0,2.01,9.0,-0.0067400224884572035
13.0,2.01,10.0,-0.003976112972622348
13.0,2.01,11.0,6.8085836968379e-10
13.0,2.01,12.0,-0.006070891051631139
13.0,2.01,13.0,0.008720271165583326
13.0,2.01,14.0,0.015220304187812561
13.0,2.01,15.0,1.3823713171767782e-05
13.0,2.01,16.0,0.012063760182156269
13.0,2.01,17.0,-0.014948793089174794
13.0,2.01,18.0,0.005946273731891161
13.0,2.01,19.0,-0.0076512503192030235
13.0,2.01,20.0,0.008598344938096913
13.0,2.01,21.0,9.512466925265528e-10
13.0,2.21,0.0,0.0648697680401168
13.0,2.21,1.0,0.0009017516623547606
13.0,2.21,2.0,0.0001696984489771014
13.0,2.21,3.0,6.8085836968379e-10
13.0,2.21,4.0,-0.015534389423311978
13.0,2.21,5.0,-0.016538325046453778
13.0,2.21,6.0,-0.003681871446098328
13.0,2.21,7.0,-0.008793525376201483
13.0,2.21,8.0,6.8085836968379e-10
13.0,2.21,9.0,-0.007348791362354223
13.0,2.21,10.0,-0.00434149846174503
13.0,2.21,11.0,6.8085836968379e-10
13.0,2.21,12.0,-0.0066405844653677215
13.0,2.21,13.0,0.00950981746137236
13.0,2.21,14.0,0.016602327358424818
13.0,2.21,15.0,1.5076059638990946e-05
13.0,2.21,16.0,0.01301988531660303
13.0,2.21,17.0,-0.016310877749515756
13.0,2.21,18.0,0.006509200840253998
13.0,2.21,19.0,-0.008337103911538912
13.0,2.21,20.0,0.00935415603012979
13.0,2.21,21.0,9.512466925265528e-10
13.0,2.41,0.0,0.0702440902433571
13.0,2.41,1.0,0.0009766735453045905
13.0,2.41,2.0,0.00018357472267821473
13.0,2.41,3.0,6.8085836968379e-10
13.0,2.41,4.0,-0.01673254883166192
13.0,2.41,5.0,-0.017893812609263066
13.0,2.41,6.0,-0.0039946179374121815
13.0,2.41,7.0,-0.00951779185799051
13.0,2.41,8.0,6.8085836968379e-10
13.0,2.41,9.0,-0.007948260334313367
13.0,2.41,10.0,-0.004701388047058441
13.0,2.41,11.0,6.8085836968379e-10
13.0,2.41,12.0,-0.007207627565404717
13.0,2.41,13.0,0.010287108008829843
13.0,2.41,14.0,0.017964211019995624
13.0,2.41,15.0,1.6309160407568246e-05
13.0,2.41,16.0,0.013945600629804655
13.0,2.41,17.0,-0.01765284168801942
13.0,2.41,18.0,0.007064782050115959
13.0,2.41,19.0,-0.009012094668622489
13.0,2.41,20.0,0.010093361546572588
13.0,2.41,21.0,9.512466925265528e-10
13.0,2.61,0.0,0.075510332174332
13.0,2.61,1.0,0.0010498642788157875
13.0,2.61,2.0,0.00019734327092518766
13.0,2.61,3.0,6.8085836968379e-10
13.0,2.61,4.0,-0.017995197543408337
13.0,2.61,5.0,-0.01923557989623037
13.0,2.61,6.0,-0.004292545267384873
13.0,2.61,7.0,-0.010231583195597471
13.0,2.61,8.0,6.8085836968379e-10
13.0,2.61,9.0,-0.00854430060681527
13.0,2.61,10.0,-0.005053805544910472
13.0,2.61,11.0,6.8085836968379e-10
13.0,2.61,12.0,-0.007745555920719571
13.0,2.61,13.0,0.011058646227336183
13.0,2.61,14.0,0.019310720316289443
13.0,2.61,15.0,1.7532334568748364e-05
13.0,2.61,16.0,0.01500667224358343
13.0,2.61,17.0,-0.018976045166681693
13.0,2.61,18.0,0.007592419762081137
13.0,2.61,19.0,-0.00968847895850053
13.0,2.61,20.0,0.010853517369865673
13.0,2.61,21.0,9.512466925265528e-10
13.0,2.81,0.0,0.08070814451342578
13.0,2.81,1.0,0.0011221779817318367
13.0,2.81,2.0,0.0002108778252910004
13.0,2.81,3.0,6.8085836968379e-10
13.0,2.81,4.0,-0.019213124232483447
13.0,2.81,5.0,-0.020555592908835685
13.0,2.81,6.0,-0.004589238374962001
13.0,2.81,7.0,-0.010934824537827015
13.0,2.81,8.0,6.8085836968379e-10
13.0,2.81,9.0,-0.009129849436773418
13.0,2.81,10.0,-0.005401711081632593
13.0,2.81,11.0,6.8085836968379e-10
13.0,2.81,12.0,-0.00828205118475378
13.0,2.81,13.0,0.011816999133823614
13.0,2.81,14.0,0.020635892994870064
13.0,2.81,15.0,1.8734823159949343e-05
13.0,2.81,16.0,0.016004114155334315
13.0,2.81,17.0,-0.020279419187781894
13.0,2.81,18.0,0.008118599838349921
13.0,2.81,19.0,-0.010351305711078618
13.0,2.81,20.0,0.011592237991488452
13.0,2.81,21.0,9.512466925265528e-10
13.0,3.01,0.0,0.08582977973002526
13.0,3.01,1.0,0.0011934302512399686
13.0,3.01,2.0,0.00022421589443241685
13.0,3.01,3.0,6.8085836968379e-10
13.0,3.01,4.0,-0.02041406191406403
13.0,3.01,5.0,-0.02185642313006625
13.0,3.01,6.0,-0.004881531057612409
13.0,3.01,7.0,-0.01162780835429189
13.0,3.01,8.0,6.8085836968379e-10
13.0,3.01,9.0,-0.009706919646284645
13.0,3.01,10.0,-0.0057445176454334335
13.0,3.01,11.0,6.8085836968379e-10
13.0,3.01,12.0,-0.008810563673155775
13.0,3.01,13.0,0.012564347831965417
13.0,3.01,14.0,0.02194180136835122
13.0,3.01,15.0,1.9919849069627293e-05
13.0,3.01,16.0,0.016988317820799903
13.0,3.01,17.0,-0.021563804402407433
13.0,3.01,18.0,0.008636917728796073
13.0,3.01,19.0,-0.011004582515809186
13.0,3.01,20.0,0.01232043512681319
13.0,3.01,21.0,9.512466925265528e-10
13.0,3.21,0.0,0.09087695319542366
13.0,3.21,1.0,0.0012636452528524134
13.0,3.21,2.0,0.00023736156617826243
13.0,3.21,3.0,6.8085836968379e-10
13.0,3.21,4.0,-0.02159825122233383
13.0,3.21,5.0,-0.023138474028019745
13.0,3.21,6.0,-0.005169529635993486
13.0,3.21,7.0,-0.01231075845311902
13.0,3.21,8.0,6.8085836968379e-10
13.0,3.21,9.0,-0.010275683463216306
13.0,3.21,10.0,-0.006082340454598045
13.0,3.21,11.0,6.8085836968379e-10
13.0,3.21,12.0,-0.009331291399237607
13.0,3.21,13.0,0.013300920514148051
13.0,3.21,14.0,0.023228850338695872
13.0,3.21,15.0,2.108777665985051e-05
13.0,3.21,16.0,0.01795934271713584
13.0,3.21,17.0,-0.022829608346603192
13.0,3.21,18.0,0.009147572518807046
13.0,3.21,19.0,-0.01164849690340608
13.0,3.21,20.0,0.013038294880243939
13.0,3.21,21.0,9.512466925265528e-10
13.0,3.41,0.0,0.09584703950698814
13.0,3.41,1.0,0.0013327422893097407
13.0,3.41,2.0,0.0002503325978974458
13.0,3.41,3.0,6.8085836968379e-10
13.0,3.41,4.0,-0.022778181812715237
13.0,3.41,5.0,-0.024402553762152862
13.0,3.41,6.0,-0.0054529649763998544
13.0,3.41,7.0,-0.01298313721800895
13.0,3.41,8.0,6.8085836968379e-10
13.0,3.41,9.0,-0.010837019839565393
13.0,3.41,10.0,-0.006414819035573338
13.0,3.41,11.0,6.8085836968379e-10
13.0,3.41,12.0,-0.009842918023618835
13.0,3.41,13.0,0.014027675292678454
13.0,3.41,14.0,0.024498105542106907
13.0,3.41,15.0,2.224016164173448e-05
13.0,3.41,16.0,0.01893931780825442
13.0,3.41,17.0,-0.02407716422685599
13.0,3.41,18.0,0.009647121226946442
13.0,3.41,19.0,-0.01228500020373735
13.0,3.41,20.0,0.013750181351155799
13.0,3.41,21.0,9.512466925265528e-10
13.0,3.61,0.0,0.10075601196078321
13.0,3.61,1.0,0.0014010909789711479
13.0,3.61,2.0,0.0002630845063171794
13.0,3.61,3.0,6.8085836968379e-10
13.0,3.61,4.0,-0.02391128516326768
13.0,3.61,5.0,-0.025647078015654662
13.0,3.61,6.0,-0.00573435062616412
13.0,3.61,7.0,-0.01364691020085998
13.0,3.61,8.0,6.8085836968379e-10
13.0,3.61,9.0,-0.01138859788300342
13.0,3.61,10.0,-0.00674348782923842
13.0,3.61,11.0,6.8085836968379e-10
13.0,3.61,12.0,-0.010352364952491672
13.0,3.61,13.0,0.01474219373733135
13.0,3.61,14.0,0.025747718138349474
13.0,3.61,15.0,2.3373146302962944e-05
13.0,3.61,16.0,0.019850957500991195
13.0,3.61,17.0,-0.025306836119522835
13.0,3.61,18.0,0.010147886199197736
13.0,3.61,19.0,-0.012908215072094803
13.0,3.61,20.0,0.014440964129898926
13.0,3.61,21.0,9.512466925265528e-10
13.0,3.81,0.0,0.10558712961771122
13.0,3.81,1.0,0.0014682726466961615
13.0,3.81,2.0,0.00027568552392467915
13.0,3.81,3.0,6.8085836968379e-10
13.0,3.81,4.0,-0.025054476522710645
13.0,3.81,5.0,-0.026875541666385033
13.0,3.81,6.0,-0.006009337615394628
13.0,3.81,7.0,-0.014300858620220736
13.0,3.81,8.0,6.8085836968379e-10
13.0,3.81,9.0,-0.011933892717118838
13.0,3.81,10.0,-0.0070667885293223265
13.0,3.81,11.0,6.8085836968379e-10
13.0,3.81,12.0,-0.010849197836168972
13.0,3.81,13.0,0.015448252149457692
13.0,3.81,14.0,0.026980868022514204
13.0,3.81,15.0,2.4492658799779576e-05
13.0,3.81,16.0,0.0207975777311592
13.0,3.81,17.0,-0.026519248652435212
13.0,3.81,18.0,0.010634615985555984
13.0,3.81,19.0,-0.013526188013480461
13.0,3.81,20.0,0.015132000424251335
13.0,3.81,21.0,9.512466925265528e-10
13.0,4.01,0.0,0.11032134654636716
13.0,4.01,1.0,0.0015337881413493848
13.0,4.01,2.0,0.0002882184813459143
13.0,4.01,3.0,6.8085836968379e-10
13.0,4.01,4.0,-0.026285985776424103
13.0,4.01,5.0,-0.028092608477458925
13.0,4.01,6.0,-0.006268571787377553
13.0,4.01,7.0,-0.014944783678979112
13.0,4.01,8.0,6.8085836968379e-10
13.0,4.01,9.0,-0.012476943424224451
13.0,4.01,10.0,-0.007383083686695546
13.0,4.01,11.0,6.8085836968379e-10
13.0,4.01,12.0,-0.011314938490014609
13.0,4.01,13.0,0.01615046037832199
13.0,4.01,14.0,0.028199826529862082
13.0,4.01,15.0,2.5605923399618646e-05
13.0,4.01,16.0,0.02192042860541421
13.0,4.01,17.0,-0.027714677743734095
13.0,4.01,18.0,0.011087176434955437
13.0,4.01,19.0,-0.01414914831593267
13.0,4.01,20.0,0.01585407940054212
13.0,4.01,21.0,9.512466925265528e-10
14.0,0.01,0.0,0.0007079851261551084
14.0,0.01,1.0,2.232276488406404e-06
14.0,0.01,2.0,7.084675334381729e-05
14.0,0.01,3.0,8.006729723675221e-10
14.0,0.01,4.0,0.0006253894055594511
14.0,0.01,5.0,-0.0007322281913099554
14.0,0.01,6.0,8.745429156037376e-05
14.0,0.01,7.0,-0.0009773829956545993
14.0,0.01,8.0,8.006729723675221e-10
14.0,0.01,9.0,-0.00017234291339893182
14.0,0.01,10.0,-0.0001315685300233571
14.0,0.01,11.0,8.006729723675221e-10
14.0,0.01,12.0,0.00067198844709071
14.0,0.01,13.0,0.00037904187403875467
14.0,0.01,14.0,-0.0009088082605654933
14.0,0.01,15.0,9.209585483116456e-09
14.0,0.01,16.0,0.0008008197449249632
14.0,0.01,17.0,-0.0015190278091121966
14.0,0.01,18.0,0.0002765370855796756
14.0,0.01,19.0,-0.00017711626937495784
14.0,0.01,20.0,0.0006357970633741883
14.0,0.01,21.0,1.2783066272170629e-09
14.0,0.21000000000000002,0.0,0.002790185080285834
14.0,0.21000000000000002,1.0,7.177544609798803e-06
14.0,0.21000000000000002,2.0,0.00018903632127892367
14.0,0.21000000000000002,3.0,8.006729723675221e-10
14.0,0.21000000000000002,4.0,0.0012650057095265899
14.0,0.21000000000000002,5.0,-0.0008440349558655746
14.0,0.21000000000000002,6.0,0.00023808412316644878
14.0,0.21000000000000002,7.0,-0.0014355854965913961
14.0,0.21000000000000002,8.0,8.006729723675221e-10
14.0,0.21000000000000002,9.0,-0.00044742794441626765
14.0,0.21000000000000002,10.0,-0.00017400660114311184
14.0,0.21000000000000002,11.0,8.006729723675221e-10
14.0,0.21000000000000002,12.0,0.0007581818444393207
14.0,0.21000000000000002,13.0,0.0009696931247467067
14.0,0.21000000000000002,14.0,-0.001008438072824091
14.0,0.21000000000000002,15.0,2.2339618849231968e-08
14.0,0.21000000000000002,16.0,0.0015479336652536313
14.0,0.21000000000000002,17.0,-0.0018124004432786694
14.0,0.21000000000000002,18.0,0.00045337177502163817
14.0,0.21000000000000002,19.0,-0.0006732883430996262
14.0,0.21000000000000002,20.0,0.0010098633619146646
14.0,0.21000000000000002,21.0,1.2783066272170629e-09
14.0,0.41000000000000003,0.0,0.004854259647635861
14.0,0.41000000000000003,1.0,1.2026565753969765e-05
14.0,0.41000000000000003,2.0,0.0003079152535528096
14.0,0.41000000000000003,3.0,8.006729723675221e-10
14.0,0.41000000000000003,4.0,0.0018914481399018301
14.0,0.41000000000000003,5.0,-0.0009554347723491757
14.0,0.41000000000000003,6.0,0.00037579854393926526
14.0,0.41000000000000003,7.0,-0.0018927631635181769
14.0,0.41000000000000003,8.0,8.006729723675221e-10
14.0,0.41000000000000003,9.0,-0.0007262599661473634
14.0,0.41000000000000003,10.0,-0.00021429891704075055
14.0,0.41000000000000003,11.0,8.006729723675221e-10
14.0,0.41000000000000003,12.0,0.0008650131637687464
14.0,0.41000000000000003,13.0,0.0015681939306889103
14.0,0.41000000000000003,14.0,-0.0011066654415939035
14.0,0.41000000000000003,15.0,3.555178462733011e-08
14.0,0.41000000000000003,16.0,0.002292654635605351
14.0,0.41000000000000003,17.0,-0.0021036709517873176
14.0,0.41000000000000003,18.0,0.0006500319611244532
14.0,0.41000000000000003,19.0,-0.0011673810479568836
14.0,0.41000000000000003,20.0,0.0013921614990523579
14.0,0.41000000000000003,21.0,1.2783066272170629e-09
14.0,0.6100000000000001,0.0,0.006875182383526912
14.0,0.6100000000000001,1.0,1.6775428760024136e-05
14.0,0.6100000000000001,2.0,0.00042955959751880823
14.0,0.6100000000000001,3.0,8.006729723675221e-10
14.0,0.6100000000000001,4.0,0.002480682453890659
14.0,0.6100000000000001,5.0,-0.001065438360992793
14.0,0.6100000000000001,6.0,0.0004956975607440239
14.0,0.6100000000000001,7.0,-0.0023522052889515255
14.0,0.6100000000000001,8.0,8.006729723675221e-10
14.0,0.6100000000000001,9.0,-0.0010129319359449829
14.0,0.6100000000000001,10.0,-0.0002470235363972312
14.0,0.6100000000000001,11.0,8.006729723675221e-10
14.0,0.6100000000000001,12.0,0.0010604994591491557
14.0,0.6100000000000001,13.0,0.0021888933733112403
14.0,0.6100000000000001,14.0,-0.0012076749430966136
14.0,0.6100000000000001,15.0,4.871778913617675e-08
14.0,0.6100000000000001,16.0,0.003044126923095636
14.0,0.6100000000000001,17.0,-0.00239115139035459
14.0,0.6100000000000001,18.0,0.0008864259169982791
14.0,0.6100000000000001,19.0,-0.0016661077615695713
14.0,0.6100000000000001,20.0,0.0018197507073586805
14.0,0.6100000000000001,21.0,1.2783066272170629e-09
14.0,0.81,0.0,0.008934281668250166
14.0,0.81,1.0,2.1454293721856477e-05
14.0,0.81,2.0,0.0005480830479518417
14.0,0.81,3.0,8.006729723675221e-10
14.0,0.81,4.0,0.0031629134402484382
14.0,0.81,5.0,-0.0011776507164729944
14.0,0.81,6.0,0.0006040755149745447
14.0,0.81,7.0,-0.002807912352918364
14.0,0.81,8.0,8.006729723675221e-10
14.0,0.81,9.0,-0.0012936291338320471
14.0,0.81,10.0,-0.0002877623122441719
14.0,0.81,11.0,8.006729723675221e-10
14.0,0.81,12.0,0.0011444317504056278
14.0,0.81,13.0,0.0027936869140336995
14.0,0.81,14.0,-0.001304884408020842
14.0,0.81,15.0,6.223724260956409e-08
14.0,0.81,16.0,0.003739805395192586
14.0,0.81,17.0,-0.002680822587266672
14.0,0.81,18.0,0.0010776386754623446
14.0,0.81,19.0,-0.0021538849162483498
14.0,0.81,20.0,0.0021961254702099198
14.0,0.81,21.0,1.2783066272170629e-09
14.0,1.01,0.0,0.010933584528555751
14.0,1.01,1.0,2.6129798624957568e-05
14.0,1.01,2.0,0.0006694882942063496
14.0,1.01,3.0,8.006729723675221e-10
14.0,1.01,4.0,0.00373343416817995
14.0,1.01,5.0,-0.0012866231482862311
14.0,1.01,6.0,0.0007191208871697441
14.0,1.01,7.0,-0.0032638938312799376
14.0,1.01,8.0,8.006729723675221e-10
14.0,1.01,9.0,-0.0015802604441777501
14.0,1.01,10.0,-0.0003187448475243104
14.0,1.01,11.0,8.006729723675221e-10
14.0,1.01,12.0,0.0013550056187446313
14.0,1.01,13.0,0.003415746712801093
14.0,1.01,14.0,-0.0014048264559301214
14.0,1.01,15.0,7.538109245142088e-08
14.0,1.01,16.0,0.004491801590071787
14.0,1.01,17.0,-0.0029650816602250184
14.0,1.01,18.0,0.0013319066970876592
14.0,1.01,19.0,-0.0026488786216025823
14.0,1.01,20.0,0.0026236291242417997
14.0,1.01,21.0,1.2783066272170629e-09
14.0,1.2100000000000002,0.0,0.012963996369148245
14.0,1.2100000000000002,1.0,3.072741640000598e-05
14.0,1.2100000000000002,2.0,0.0007884381413248431
14.0,1.2100000000000002,3.0,8.006729723675221e-10
14.0,1.2100000000000002,4.0,0.004399423701736627
14.0,1.2100000000000002,5.0,-0.0013975332839013255
14.0,1.2100000000000002,6.0,0.0008168084226384265
14.0,1.2100000000000002,7.0,-0.0037173309828329726
14.0,1.2100000000000002,8.0,8.006729723675221e-10
14.0,1.2100000000000002,9.0,-0.0018626686312852858
14.0,1.2100000000000002,10.0,-0.00035619441697443133
14.0,1.2100000000000002,11.0,8.006729723675221e-10
14.0,1.2100000000000002,12.0,0.0014716224236429598
14.0,1.2100000000000002,13.0,0.004026578448443063
14.0,1.2100000000000002,14.0,-0.0015019058126269566
14.0,1.2100000000000002,15.0,8.884704563727475e-08
14.0,1.2100000000000002,16.0,0.00518255667092693
14.0,1.2100000000000002,17.0,-0.0032511100563230033
14.0,1.2100000000000002,18.0,0.0015370457443218966
14.0,1.2100000000000002,19.0,-0.003134696834880088
14.0,1.2100000000000002,20.0,0.0030154694329238563
14.0,1.2100000000000002,21.0,1.2783066272170629e-09
14.0,1.4100000000000001,0.0,0.01497036534121765
14.0,1.4100000000000001,1.0,3.5298486614071534e-05
14.0,1.4100000000000001,2.0,0.0009080472295452391
14.0,1.4100000000000001,3.0,8.006729723675221e-10
14.0,1.4100000000000001,4.0,0.005022984373248551
14.0,1.4100000000000001,5.0,-0.0015074408445830273
14.0,1.4100000000000001,6.0,0.0009159717677408863
14.0,1.4100000000000001,7.0,-0.0041698729723262384
14.0,1.4100000000000001,8.0,8.006729723675221e-10
14.0,1.4100000000000001,9.0,-0.0021467332690075502
14.0,1.4100000000000001,10.0,-0.00039057586708142467
14.0,1.4100000000000001,11.0,8.006729723675221e-10
14.0,1.4100000000000001,12.0,0.0016309498386314347
14.0,1.4100000000000001,13.0,0.00464224476762104
14.0,1.4100000000000001,14.0,-0.0015997582780376517
14.0,1.4100000000000001,15.0,1.0219318696824686e-07
14.0,1.4100000000000001,16.0,0.005891713533820453
14.0,1.4100000000000001,17.0,-0.003534436207408176
14.0,1.4100000000000001,18.0,0.0017717931714011925
14.0,1.4100000000000001,19.0,-0.0036208197613843973
14.0,1.4100000000000001,20.0,0.0034189009977551033
14.0,1.4100000000000001,21.0,1.2783066272170629e-09
14.0,1.61,0.0,0.016980700455186404
14.0,1.61,1.0,3.9877481032707385e-05
14.0,1.61,2.0,0.0010264164647024454
14.0,1.61,3.0,8.006729723675221e-10
14.0,1.61,4.0,0.005664968645720081
14.0,1.61,5.0,-0.0016168970251040082
14.0,1.61,6.0,0.0010173916798987825
14.0,1.61,7.0,-0.004620002717393226
14.0,1.61,8.0,8.006729723675221e-10
14.0,1.61,9.0,-0.0024274627532904214
14.0,1.61,10.0,-0.00042676258027353475
14.0,1.61,11.0,8.006729723675221e-10
14.0,1.61,12.0,0.0017605230616073997
14.0,1.61,13.0,0.005249663747109501
14.0,1.61,14.0,-0.0016965795784373815
14.0,1.61,15.0,1.1551346532079343e-07
14.0,1.61,16.0,0.006588537669784067
14.0,1.61,17.0,-0.0038173476132366095
14.0,1.61,18.0,0.001986439111612337
14.0,1.61,19.0,-0.004104734239547145
14.0,1.61,20.0,0.003810237221990087
14.0,1.61,21.0,1.2783066272170629e-09
14.0,1.81,0.0,0.018985651780878965
14.0,1.81,1.0,4.443925337843657e-05
14.0,1.81,2.0,0.0011442672515310504
14.0,1.81,3.0,8.006729723675221e-10
14.0,1.81,4.0,0.006309248735985817
14.0,1.81,5.0,-0.0017259874444172374
14.0,1.81,6.0,0.0011181181179680255
14.0,1.81,7.0,-0.005068343493974309
14.0,1.81,8.0,8.006729723675221e-10
14.0,1.81,9.0,-0.002706976651988574
14.0,1.81,10.0,-0.00046313000847722496
14.0,1.81,11.0,8.006729723675221e-10
14.0,1.81,12.0,0.0018854749476546195
14.0,1.81,13.0,0.005854374776739446
14.0,1.81,14.0,-0.0017929412549707903
14.0,1.81,15.0,1.2880203315024374e-07
14.0,1.81,16.0,0.007281058734504131
14.0,1.81,17.0,-0.004099066988065191
14.0,1.81,18.0,0.0021975850481494863
14.0,1.81,19.0,-0.0045866522806168875
14.0,1.81,20.0,0.00419883637345525
14.0,1.81,21.0,1.2783066272170629e-09
14.0,2.01,0.0,0.020973396707709258
14.0,2.01,1.0,4.8808470246963775e-05
14.0,2.01,2.0,0.0012636224139635777
14.0,2.01,3.0,8.006729723675221e-10
14.0,2.01,4.0,0.006971783807008469
14.0,2.01,5.0,-0.0018352914434014017
14.0,2.01,6.0,0.0011810929423113903
14.0,2.01,7.0,-0.005517361312503154
14.0,2.01,8.0,8.006729723675221e-10
14.0,2.01,9.0,-0.002993484365528709
14.0,2.01,10.0,-0.000495881485082908
14.0,2.01,11.0,8.006729723675221e-10
14.0,2.01,12.0,0.0020381486918588654
14.0,2.01,13.0,0.006478038230687266
14.0,2.01,14.0,-0.0018886810648860823
14.0,2.01,15.0,1.4239765058765563e-07
14.0,2.01,16.0,0.007936069853186734
14.0,2.01,17.0,-0.004378807670227698
14.0,2.01,18.0,0.0024351027414871163
14.0,2.01,19.0,-0.005065526127853853
14.0,2.01,20.0,0.004603852290476329
14.0,2.01,21.0,1.2783066272170629e-09
14.0,2.21,0.0,0.022965838587391207
14.0,2.21,1.0,5.335973973283337e-05
14.0,2.21,2.0,0.0013803879224880689
14.0,2.21,3.0,8.006729723675221e-10
14.0,2.21,4.0,0.007610063520428256
14.0,2.21,5.0,-0.0019434052303341082
14.0,2.21,6.0,0.001285476044099454
14.0,2.21,7.0,-0.005962031863082591
14.0,2.21,8.0,8.006729723675221e-10
14.0,2.21,9.0,-0.0032700160375895293
14.0,2.21,10.0,-0.0005325210816234244
14.0,2.21,11.0,8.006729723675221e-10
14.0,2.21,12.0,0.002157850330259836
14.0,2.21,13.0,0.007075763568431648
14.0,2.21,14.0,-0.0019843771790667847
14.0,2.21,15.0,1.5555052343407816e-07
14.0,2.21,16.0,0.008627629968028905
14.0,2.21,17.0,-0.004657998819055785
14.0,2.21,18.0,0.0026405506728965356
14.0,2.21,19.0,-0.0055440922617726734
14.0,2.21,20.0,0.004987481095534707
14.0,2.21,21.0,1.2783066272170629e-09
14.0,2.41,0.0,0.024954086340248316
14.0,2.41,1.0,5.790751766185376e-05
14.0,2.41,2.0,0.001496482105090624
14.0,2.41,3.0,8.006729723675221e-10
14.0,2.41,4.0,0.008252137912318158
14.0,2.41,5.0,-0.002051143995338414
14.0,2.41,6.0,0.0013912665399825053
14.0,2.41,7.0,-0.006404815012936542
14.0,2.41,8.0,8.006729723675221e-10
14.0,2.41,9.0,-0.003544744757541768
14.0,2.41,10.0,-0.0005697296858380441
14.0,2.41,11.0,8.006729723675221e-10
14.0,2.41,12.0,0.002268906993007358
14.0,2.41,13.0,0.007669105159808787
14.0,2.41,14.0,-0.0020795711265823302
14.0,2.41,15.0,1.6864442106689914e-07
14.0,2.41,16.0,0.009315420886138903
14.0,2.41,17.0,-0.004936108952300674
14.0,2.41,18.0,0.002836763582174273
14.0,2.41,19.0,-0.006020672363950791
14.0,2.41,20.0,0.005367951867739196
14.0,2.41,21.0,1.2783066272170629e-09
14.0,2.61,0.0,0.026938613353395313
14.0,2.61,1.0,6.245163726448233e-05
14.0,2.61,2.0,0.001611880741202304
14.0,2.61,3.0,8.006729723675221e-10
14.0,2.61,4.0,0.008899495751179431
14.0,2.61,5.0,-0.002158543937082591
14.0,2.61,6.0,0.0014982877572590203
14.0,2.61,7.0,-0.006845714606334839
14.0,2.61,8.0,8.006729723675221e-10
14.0,2.61,9.0,-0.00381763024113993
14.0,2.61,10.0,-0.0006076121855837086
14.0,2.61,11.0,8.006729723675221e-10
14.0,2.61,12.0,0.002369858830846727
14.0,2.61,13.0,0.008257923723057115
14.0,2.61,14.0,-0.0021742326621798994
14.0,2.61,15.0,1.8168315585320727e-07
14.0,2.61,16.0,0.009998723323381364
14.0,2.61,17.0,-0.005213171937119582
14.0,2.61,18.0,0.003022775555856394
14.0,2.61,19.0,-0.006495204002893024
14.0,2.61,20.0,0.005744891013014508
14.0,2.61,21.0,1.2783066272170629e-09
14.0,2.81,0.0,0.028919806257303837
14.0,2.81,1.0,6.699064199616744e-05
14.0,2.81,2.0,0.0017265734650150355
14.0,2.81,3.0,8.006729723675221e-10
14.0,2.81,4.0,0.009553663719727545
14.0,2.81,5.0,-0.0022656458534525067
14.0,2.81,6.0,0.0016061096656349028
14.0,2.81,7.0,-0.007284751457478436
14.0,2.81,8.0,8.006729723675221e-10
14.0,2.81,9.0,-0.004088690179084503
14.0,2.81,10.0,-0.0006462478185608606
14.0,2.81,11.0,8.006729723675221e-10
14.0,2.81,12.0,0.0024594618611815666
14.0,2.81,13.0,0.008842235460172765
14.0,2.81,14.0,-0.0022683328136521887
14.0,2.81,15.0,1.9467310743981336e-07
14.0,2.81,16.0,0.010676647890332402
14.0,2.81,17.0,-0.005489213847128398
14.0,2.81,18.0,0.003198037300593759
14.0,2.81,19.0,-0.0069676202054275715
14.0,2.81,20.0,0.006117961370941172
14.0,2.81,21.0,1.2783066272170629e-09
14.0,3.01,0.0,0.03089790923802549
14.0,3.01,1.0,7.152190753625942e-05
14.0,3.01,2.0,0.0018405672530422135
14.0,3.01,3.0,8.006729723675221e-10
14.0,3.01,4.0,0.010216077805754398
14.0,3.01,5.0,-0.00237248923111634
14.0,3.01,6.0,0.0017140611773583392
14.0,3.01,7.0,-0.007721963345835511
14.0,3.01,8.0,8.006729723675221e-10
14.0,3.01,9.0,-0.004358003937737914
14.0,3.01,10.0,-0.000685676581142658
14.0,3.01,11.0,8.006729723675221e-10
14.0,3.01,12.0,0.0025368536390271146
14.0,3.01,13.0,0.009422227991075394
14.0,3.01,14.0,-0.0023618466116901507
14.0,3.01,15.0,2.0762254626660592e-07
14.0,3.01,16.0,0.011348203983152949
14.0,3.01,17.0,-0.005764248727776616
14.0,3.01,18.0,0.0033624551271584924
14.0,3.01,19.0,-0.007437862952869592
14.0,3.01,20.0,0.0064869486260695775
14.0,3.01,21.0,1.2783066272170629e-09
14.0,3.21,0.0,0.03283653908907591
14.0,3.21,1.0,7.579199746882148e-05
14.0,3.21,2.0,0.0019581477659662283
14.0,3.21,3.0,8.006729723675221e-10
14.0,3.21,4.0,0.010847661420588905
14.0,3.21,5.0,-0.0024785543336204516
14.0,3.21,6.0,0.001774278899290438
14.0,3.21,7.0,-0.008161559594283031
14.0,3.21,8.0,8.006729723675221e-10
14.0,3.21,9.0,-0.004640383685148103
14.0,3.21,10.0,-0.0007160411583277682
14.0,3.21,11.0,8.006729723675221e-10
14.0,3.21,12.0,0.0027108074725142872
14.0,3.21,13.0,0.010037772985746152
14.0,3.21,14.0,-0.0024564002411843824
14.0,3.21,15.0,2.2090515849892967e-07
14.0,3.21,16.0,0.011996758732467527
14.0,3.21,17.0,-0.006035388552024002
14.0,3.21,18.0,0.0036101241675788875
14.0,3.21,19.0,-0.007908122652588265
14.0,3.21,20.0,0.006893986724521184
14.0,3.21,21.0,1.2783066272170629e-09
14.0,3.41,0.0,0.034807936274184104
14.0,3.41,1.0,8.031340476402637e-05
14.0,3.41,2.0,0.002070768494865094
14.0,3.41,3.0,8.006729723675221e-10
14.0,3.41,4.0,0.011528069655019735
14.0,3.41,5.0,-0.0025847620493226267
14.0,3.41,6.0,0.0018820115253951886
14.0,3.41,7.0,-0.00859506572035823
14.0,3.41,8.0,8.006729723675221e-10
14.0,3.41,9.0,-0.004906078118941559
14.0,3.41,10.0,-0.0007568783868609902
14.0,3.41,11.0,8.006729723675221e-10
14.0,3.41,12.0,0.0027652197812861323
14.0,3.41,13.0,0.01060900848667451
14.0,3.41,14.0,-0.0025486500626062496
14.0,3.41,15.0,2.3375346505649652e-07
14.0,3.41,16.0,0.012654913562645809
14.0,3.41,17.0,-0.0063083755307834465
14.0,3.41,18.0,0.0037477674544378337
14.0,3.41,19.0,-0.008374174070513503
14.0,3.41,20.0,0.007258171449850637
14.0,3.41,21.0,1.2783066272170629e-09
14.0,3.61,0.0,0.03677814629837184
14.0,3.61,1.0,8.483118317084704e-05
14.0,3.61,2.0,0.0021825328162328184
14.0,3.61,3.0,8.006729723675221e-10
14.0,3.61,4.0,0.012220643597211533
14.0,3.61,5.0,-0.0026908313789163613
14.0,3.61,6.0,0.0019905114017489955
14.0,3.61,7.0,-0.009026665780377412
14.0,3.61,8.0,8.006729723675221e-10
14.0,3.61,9.0,-0.00516960909210587
14.0,3.61,10.0,-0.0007990075623992982
14.0,3.61,11.0,8.006729723675221e-10
14.0,3.61,12.0,0.0028010114041928103
14.0,3.61,13.0,0.011174743493055972
14.0,3.61,14.0,-0.0026401945242449758
14.0,3.61,15.0,2.4656625519092756e-07
14.0,3.61,16.0,0.013306066758547175
14.0,3.61,17.0,-0.00658048100009348
14.0,3.61,18.0,0.003871632970313843
14.0,3.61,19.0,-0.00883790338717328
14.0,3.61,20.0,0.007615477925874414
14.0,3.61,21.0,1.2783066272170629e-09
14.0,3.81,0.0,0.03874647251584562
14.0,3.81,1.0,8.933597263646731e-05
14.0,3.81,2.0,0.002293551884932632
14.0,3.81,3.0,8.006729723675221e-10
14.0,3.81,4.0,0.01292544172908594
14.0,3.81,5.0,-0.0027967942500494586
14.0,3.81,6.0,0.0020979057430858816
14.0,3.81,7.0,-0.009456495740615592
14.0,3.81,8.0,8.006729723675221e-10
14.0,3.81,9.0,-0.005431425001900303
14.0,3.81,10.0,-0.0008422320979411119
14.0,3.81,11.0,8.006729723675221e-10
14.0,3.81,12.0,0.0028199308394969425
14.0,3.81,13.0,0.011736162043638365
14.0,3.81,14.0,-0.002731034316446529
14.0,3.81,15.0,2.593619858604068e-07
14.0,3.81,16.0,0.013949100126153913
14.0,3.81,17.0,-0.006851639902939445
14.0,3.81,18.0,0.003984554062461121
14.0,3.81,19.0,-0.009299312224775362
14.0,3.81,20.0,0.007966444208280299
14.0,3.81,21.0,1.2783066272170629e-09
14.0,4.01,0.0,0.040561991599624814
14.0,4.01,1.0,9.307895024096569e-05
14.0,4.01,2.0,0.0024185899024368462
14.0,4.01,3.0,8.006729723675221e-10
14.0,4.01,4.0,0.013267150113332904
14.0,4.01,5.0,-0.0028970384545362188
14.0,4.01,6.0,0.0021096410719157466
14.0,4.01,7.0,-0.009896967956703355
14.0,4.01,8.0,8.006729723675221e-10
14.0,4.01,9.0,-0.005739695577974213
14.0,4.01,10.0,-0.000846722997186064
14.0,4.01,11.0,8.006729723675221e-10
14.0,4.01,12.0,0.0032937072601217365
14.0,4.01,13.0,0.01242492728426614
14.0,4.01,14.0,-0.002830047534327279
14.0,4.01,15.0,2.7312615413777053e-07
14.0,4.01,16.0,0.01466744598062264
14.0,4.01,17.0,-0.007108510104540819
14.0,4.01,18.0,0.0046262617473492584
14.0,4.01,19.0,-0.00977610392822393
14.0,4.01,20.0,0.008381585600575892
14.0,4.01,21.0,1.2783066272170629e-09
15.0,0.01,0.0,0.0006483101642775768
15.0,0.01,1.0,8.004425850677288e-05
15.0,0.01,2.0,2.331484104617365e-05
15.0,0.01,3.0,7.084499653586818e-10
15.0,0.01,4.0,0.0005647165376931884
15.0,0.01,5.0,-0.0010516945128552918
15.0,0.01,6.0,0.00029388663374185775
15.0,0.01,7.0,-3.5444167071906447e-08
15.0,0.01,8.0,7.084499653586818e-10
15.0,0.01,9.0,-1.75273663489961e-05
15.0,0.01,10.0,-0.0035354504312241665
15.0,0.01,11.0,7.084499653586818e-10
15.0,0.01,12.0,0.0009592291041393697
15.0,0.01,13.0,5.9724994875276494e-05
15.0,0.01,14.0,-0.0005724290892366451
15.0,0.01,15.0,-6.161367690271646e-06
15.0,0.01,16.0,0.0010073169473910903
15.0,0.01,17.0,-0.0002586618439586741
15.0,0.01,18.0,0.0012120922558880864
15.0,0.01,19.0,0.000122759032173958
15.0,0.01,20.0,0.0003038490568739727
15.0,0.01,21.0,1.0224952551318722e-09
15.0,0.21000000000000002,0.0,0.003259051141009106
15.0,0.21000000000000002,1.0,0.00021072467171384668
15.0,0.21000000000000002,2.0,0.00023407814924747417
15.0,0.21000000000000002,3.0,7.084499653586818e-10
15.0,0.21000000000000002,4.0,2.1671370377007726e-05
15.0,0.21000000000000002,5.0,-0.0020716811616846714
15.0,0.21000000000000002,6.0,0.00024161038490344566
15.0,0.21000000000000002,7.0,-3.544416712491392e-08
15.0,0.21000000000000002,8.0,7.084499653586818e-10
15.0,0.21000000000000002,9.0,-0.00036890248973511786
15.0,0.21000000000000002,10.0,-0.003725100692398538
15.0,0.21000000000000002,11.0,7.084499653586818e-10
15.0,0.21000000000000002,12.0,0.0013482582378363528
15.0,0.21000000000000002,13.0,0.0008893126373702431
15.0,0.21000000000000002,14.0,-0.000334102641673939
15.0,0.21000000000000002,15.0,7.926225101240192e-05
15.0,0.21000000000000002,16.0,0.00047961550066000225
15.0,0.21000000000000002,17.0,-0.000692279439585386
15.0,0.21000000000000002,18.0,0.0012701006707989126
15.0,0.21000000000000002,19.0,-0.00043647714807970583
15.0,0.21000000000000002,20.0,0.0010274846914227753
15.0,0.21000000000000002,21.0,1.0224952551318722e-09
15.0,0.41000000000000003,0.0,0.005959171136560526
15.0,0.41000000000000003,1.0,0.0003841505292279668
15.0,0.41000000000000003,2.0,0.00042044885816178157
15.0,0.41000000000000003,3.0,7.084499653586818e-10
15.0,0.41000000000000003,4.0,-0.0004931961344948332
15.0,0.41000000000000003,5.0,-0.003049910120735924
15.0,0.41000000000000003,6.0,0.0001497067374824912
15.0,0.41000000000000003,7.0,-3.544416715011081e-08
15.0,0.41000000000000003,8.0,7.084499653586818e-10
15.0,0.41000000000000003,9.0,-0.0006618850943178045
15.0,0.41000000000000003,10.0,-0.003912490928632474
15.0,0.41000000000000003,11.0,7.084499653586818e-10
15.0,0.41000000000000003,12.0,0.0016167373156729115
15.0,0.41000000000000003,13.0,0.0015958487704537117
15.0,0.41000000000000003,14.0,-0.00010166338064903496
15.0,0.41000000000000003,15.0,0.00013793386371233063
15.0,0.41000000000000003,16.0,0.00022903070317426
15.0,0.41000000000000003,17.0,-0.001135257325443062
15.0,0.41000000000000003,18.0,0.0015384558752506994
15.0,0.41000000000000003,19.0,-0.0013603567302111763
15.0,0.41000000000000003,20.0,0.0013923673277228543
15.0,0.41000000000000003,21.0,1.0224952551318722e-09
15.0,0.6100000000000001,0.0,0.008626894329923696
15.0,0.6100000000000001,1.0,0.0005603038187415588
15.0,0.6100000000000001,2.0,0.0005998832470517912
15.0,0.6100000000000001,3.0,7.084499653586818e-10
15.0,0.6100000000000001,4.0,-0.0009904281412179694
15.0,0.6100000000000001,5.0,-0.004004066840166368
15.0,0.6100000000000001,6.0,5.022032137169674e-05
15.0,0.6100000000000001,7.0,-3.5444167168523505e-08
15.0,0.6100000000000001,8.0,7.084499653586818e-10
15.0,0.6100000000000001,9.0,-0.0009417031803528597
15.0,0.6100000000000001,10.0,-0.004095539995335837
15.0,0.6100000000000001,11.0,7.084499653586818e-10
15.0,0.6100000000000001,12.0,0.001855521333123833
15.0,0.6100000000000001,13.0,0.00227166869706652
15.0,0.6100000000000001,14.0,0.00012585161821709878
15.0,0.6100000000000001,15.0,0.00019186002848275985
15.0,0.6100000000000001,16.0,3.867836307547279e-05
15.0,0.6100000000000001,17.0,-0.001577611613946095
15.0,0.6100000000000001,18.0,0.0018443664852181851
15.0,0.6100000000000001,19.0,-0.002331555682369868
15.0,0.6100000000000001,20.0,0.0016919597950929566
15.0,0.6100000000000001,21.0,1.0224952551318722e-09
15.0,0.81,0.0,0.011232435157346732
15.0,0.81,1.0,0.0007323811659014079
15.0,0.81,2.0,0.0007758134413111129
15.0,0.81,3.0,7.084499653586818e-10
15.0,0.81,4.0,-0.0014778942102273707
15.0,0.81,5.0,-0.004937648596421762
15.0,0.81,6.0,-4.8708354238757856e-05
15.0,0.81,7.0,-3.544416718442221e-08
15.0,0.81,8.0,7.084499653586818e-10
15.0,0.81,9.0,-0.0012156410585610067
15.0,0.81,10.0,-0.0042746893361053345
15.0,0.81,11.0,7.084499653586818e-10
15.0,0.81,12.0,0.0020870048574782585
15.0,0.81,13.0,0.0029354349652701006
15.0,0.81,14.0,0.00034847243159227825
15.0,0.81,15.0,0.0002454701727609143
15.0,0.81,16.0,-0.0001553403687862831
15.0,0.81,17.0,-0.002013534120763383
15.0,0.81,18.0,0.002141420955838802
15.0,0.81,19.0,-0.003280249682727998
15.0,0.81,20.0,0.001983116562347953
15.0,0.81,21.0,1.0224952551318722e-09
15.0,1.01,0.0,0.013844022273042933
15.0,1.01,1.0,0.0009171374391879206
15.0,1.01,2.0,0.0009401865217403271
15.0,1.01,3.0,7.084499653586818e-10
15.0,1.01,4.0,-0.0019394130717613756
15.0,1.01,5.0,-0.00584119148050577
15.0,1.01,6.0,-0.000172518948509226
15.0,1.01,7.0,-3.5444167198646074e-08
15.0,1.01,8.0,7.084499653586818e-10
15.0,1.01,9.0,-0.0014652239745170104
15.0,1.01,10.0,-0.004449229383140995
15.0,1.01,11.0,7.084499653586818e-10
15.0,1.01,12.0,0.0022380542997118003
15.0,1.01,13.0,0.0035432559581271006
15.0,1.01,14.0,0.0005669889279584506
15.0,1.01,15.0,0.0002891215736981201
15.0,1.01,16.0,-0.00018878413092482393
15.0,1.01,17.0,-0.0024689851071937885
15.0,1.01,18.0,0.0025487684110561126
15.0,1.01,19.0,-0.004417707951186345
15.0,1.01,20.0,0.002111925422571881
15.0,1.01,21.0,1.0224952551318722e-09
15.0,1.2100000000000002,0.0,0.016395727111306768
15.0,1.2100000000000002,1.0,0.0010973189323779664
15.0,1.2100000000000002,2.0,0.0011017088199589686
15.0,1.2100000000000002,3.0,7.084499653586818e-10
15.0,1.2100000000000002,4.0,-0.002385106459889985
15.0,1.2100000000000002,5.0,-0.006725667655903975
15.0,1.2100000000000002,6.0,-0.0002964245872514315
15.0,1.2100000000000002,7.0,-3.544416720939713e-08
15.0,1.2100000000000002,8.0,7.084499653586818e-10
15.0,1.2100000000000002,9.0,-0.0017106224094277367
15.0,1.2100000000000002,10.0,-0.004620136126639602
15.0,1.2100000000000002,11.0,7.084499653586818e-10
15.0,1.2100000000000002,12.0,0.0023758411128746992
15.0,1.2100000000000002,13.0,0.004140338441818048
15.0,1.2100000000000002,14.0,0.0007811222916145749
15.0,1.2100000000000002,15.0,0.0003320913555368843
15.0,1.2100000000000002,16.0,-0.00021654194883324873
15.0,1.2100000000000002,17.0,-0.0029220600078736503
15.0,1.2100000000000002,18.0,0.0029444873915948078
15.0,1.2100000000000002,19.0,-0.005555034504930778
15.0,1.2100000000000002,20.0,0.0022427198346752775
15.0,1.2100000000000002,21.0,1.0224952551318722e-09
15.0,1.4100000000000001,0.0,0.018718079339207883
15.0,1.4100000000000001,1.0,0.0012212729682760104
15.0,1.4100000000000001,2.0,0.0012839313885655845
15.0,1.4100000000000001,3.0,7.084499653586818e-10
15.0,1.4100000000000001,4.0,-0.002873966497729419
15.0,1.4100000000000001,5.0,-0.007623227222946671
15.0,1.4100000000000001,6.0,-0.000335679395237376
15.0,1.4100000000000001,7.0,-3.544416721984323e-08
15.0,1.4100000000000001,8.0,7.084499653586818e-10
15.0,1.4100000000000001,9.0,-0.002010493175437722
15.0,1.4100000000000001,10.0,-0.004783466545198985
15.0,1.4100000000000001,11.0,7.084499653586818e-10
15.0,1.4100000000000001,12.0,0.002741131529173768
15.0,1.4100000000000001,13.0,0.004853032519063438
15.0,1.4100000000000001,14.0,0.0009907808684891453
15.0,1.4100000000000001,15.0,0.00040201327559832856
15.0,1.4100000000000001,16.0,-0.0007011883216685444
15.0,1.4100000000000001,17.0,-0.003278569447497992
15.0,1.4100000000000001,18.0,0.002985645381385904
15.0,1.4100000000000001,19.0,-0.006016298944926279
15.0,1.4100000000000001,20.0,0.0028588914421360245
15.0,1.4100000000000001,21.0,1.0224952551318722e-09
15.0,1.61,0.0,0.021047311621543607
15.0,1.61,1.0,0.0013597236487006281
15.0,1.61,2.0,0.0014550719121423916
15.0,1.61,3.0,7.084499653586818e-10
15.0,1.61,4.0,-0.0033404981111808674
15.0,1.61,5.0,-0.008493528221325874
15.0,1.61,6.0,-0.00039515109317511676
15.0,1.61,7.0,-3.544416722778758e-08
15.0,1.61,8.0,7.084499653586818e-10
15.0,1.61,9.0,-0.0022854635080109265
15.0,1.61,10.0,-0.004943728704307752
15.0,1.61,11.0,7.084499653586818e-10
15.0,1.61,12.0,0.00303529454209972
15.0,1.61,13.0,0.005511663327882499
15.0,1.61,14.0,0.0011961948496424443
15.0,1.61,15.0,0.00046132649923608104
15.0,1.61,16.0,-0.0010417057342434477
15.0,1.61,17.0,-0.003647641949301672
15.0,1.61,18.0,0.0031286263681383764
15.0,1.61,19.0,-0.006670257964037307
15.0,1.61,20.0,0.0033129966950383727
15.0,1.61,21.0,1.0224952551318722e-09
15.0,1.81,0.0,0.023340551759330364
15.0,1.81,1.0,0.0014985348500993756
15.0,1.81,2.0,0.0016213544125958101
15.0,1.81,3.0,7.084499653586818e-10
15.0,1.81,4.0,-0.0037960796989231493
15.0,1.81,5.0,-0.009344635474361707
15.0,1.81,6.0,-0.0004572905152340212
15.0,1.81,7.0,-3.5444167234439714e-08
15.0,1.81,8.0,7.084499653586818e-10
15.0,1.81,9.0,-0.0025513778439553436
15.0,1.81,10.0,-0.0051002902071683835
15.0,1.81,11.0,7.084499653586818e-10
15.0,1.81,12.0,0.003313529811174165
15.0,1.81,13.0,0.006149597864600009
15.0,1.81,14.0,0.0013975234154427751
15.0,1.81,15.0,0.0005177960854381713
15.0,1.81,16.0,-0.0013534445788223604
15.0,1.81,17.0,-0.004012269332106244
15.0,1.81,18.0,0.0032860048919410856
15.0,1.81,19.0,-0.007340756136555493
15.0,1.81,20.0,0.0037320837004881646
15.0,1.81,21.0,1.0224952551318722e-09
15.0,2.01,0.0,0.025595947945523112
15.0,2.01,1.0,0.001636799789920762
15.0,2.01,2.0,0.001783323108589363
15.0,2.01,3.0,7.084499653586818e-10
15.0,2.01,4.0,-0.004241335955900483
15.0,2.01,5.0,-0.010177547618365465
15.0,2.01,6.0,-0.0005211420322556171
15.0,2.01,7.0,-3.5444167240014865e-08
15.0,2.01,8.0,7.084499653586818e-10
15.0,2.01,9.0,-0.0028095136196032156
15.0,2.01,10.0,-0.0052532269387914644
15.0,2.01,11.0,7.084499653586818e-10
15.0,2.01,12.0,0.003578588142164274
15.0,2.01,13.0,0.006769550296743476
15.0,2.01,14.0,0.0015949007550929636
15.0,2.01,15.0,0.0005719877703954102
15.0,2.01,16.0,-0.001642743991005835
15.0,2.01,17.0,-0.0043721069222233955
15.0,2.01,18.0,0.0034529821163320484
15.0,2.01,19.0,-0.008019819551809193
15.0,2.01,20.0,0.004124039751819186
15.0,2.01,21.0,1.0224952551318722e-09
15.0,2.21,0.0,0.02781263457147587
15.0,2.21,1.0,0.001773934463835336
15.0,2.21,2.0,0.0019413760173035977
15.0,2.21,3.0,7.084499653586818e-10
15.0,2.21,4.0,-0.004676792920915274
15.0,2.21,5.0,-0.010993101042787862
15.0,2.21,6.0,-0.0005860282087777335
15.0,2.21,7.0,-3.5444167244694014e-08
15.0,2.21,8.0,7.084499653586818e-10
15.0,2.21,9.0,-0.0030607789233804417
15.0,2.21,10.0,-0.005402624665583536
15.0,2.21,11.0,7.084499653586818e-10
15.0,2.21,12.0,0.0038324882555894613
15.0,2.21,13.0,0.00737347083825346
15.0,2.21,14.0,0.0017884503123531958
15.0,2.21,15.0,0.0006242889325539513
15.0,2.21,16.0,-0.0019141000893437843
15.0,2.21,17.0,-0.00472690686301902
15.0,2.21,18.0,0.0036262288607574744
15.0,2.21,19.0,-0.008701997083205404
15.0,2.21,20.0,0.004494362227914883
15.0,2.21,21.0,1.0224952551318722e-09
15.0,2.41,0.0,0.029990335297240045
15.0,2.41,1.0,0.0019095519972276986
15.0,2.41,2.0,0.0020958196210795754
15.0,2.41,3.0,7.084499653586818e-10
15.0,2.41,4.0,-0.005102916638153876
15.0,2.41,5.0,-0.011792024154485367
15.0,2.41,6.0,-0.0006514406153831365
15.0,2.41,7.0,-3.544416724862961e-08
15.0,2.41,8.0,7.084499653586818e-10
15.0,2.41,9.0,-0.003305852073475335
15.0,2.41,10.0,-0.005548574471256864
15.0,2.41,11.0,7.084499653586818e-10
15.0,2.41,12.0,0.0040768009394983595
15.0,2.41,13.0,0.0079628340825032
15.0,2.41,14.0,0.001978286807641484
15.0,2.41,15.0,0.0006749776382571626
15.0,2.41,16.0,-0.0021708743466294367
15.0,2.41,17.0,-0.005076476476464087
15.0,2.41,18.0,0.0038033205630891853
15.0,2.41,19.0,-0.00938337915054055
15.0,2.41,20.0,0.0048470752491328595
15.0,2.41,21.0,1.0224952551318722e-09
15.0,2.61,0.0,0.032148878432241124
15.0,2.61,1.0,0.0020480959265392618
15.0,2.61,2.0,0.0022447097608772615
15.0,2.61,3.0,7.084499653586818e-10
15.0,2.61,4.0,-0.005509676617069248
15.0,2.61,5.0,-0.01257263969137655
15.0,2.61,6.0,-0.0007277086864561078
15.0,2.61,7.0,-3.544416725106142e-08
15.0,2.61,8.0,7.084499653586818e-10
15.0,2.61,9.0,-0.003540262754528428
15.0,2.61,10.0,-0.005692322677668676
15.0,2.61,11.0,7.084499653586818e-10
15.0,2.61,12.0,0.004286109467196764
15.0,2.61,13.0,0.008527134027324024
15.0,2.61,14.0,0.0021642231485437327
15.0,2.61,15.0,0.0007220220214036455
15.0,2.61,16.0,-0.002358091713111188
15.0,2.61,17.0,-0.005434201175028297
15.0,2.61,18.0,0.00402648666004346
15.0,2.61,19.0,-0.010123543362395737
15.0,2.61,20.0,0.005136101963712392
15.0,2.61,21.0,1.0224952551318722e-09
15.0,2.81,0.0,0.034220299549183375
15.0,2.81,1.0,0.0021725724979572703
15.0,2.81,2.0,0.0023963928578100147
15.0,2.81,3.0,7.084499653586818e-10
15.0,2.81,4.0,-0.005931685305739842
15.0,2.81,5.0,-0.013345931702813021
15.0,2.81,6.0,-0.0007733067307854613
15.0,2.81,7.0,-3.5444167254109626e-08
15.0,2.81,8.0,7.084499653586818e-10
15.0,2.81,9.0,-0.0037831116964086586
15.0,2.81,10.0,-0.005830979906232169
15.0,2.81,11.0,7.084499653586818e-10
15.0,2.81,12.0,0.004565583228463566
15.0,2.81,13.0,0.009110436277719569
15.0,2.81,14.0,0.0023466333419908947
15.0,2.81,15.0,0.0007738738583514815
15.0,2.81,16.0,-0.002683011798656376
15.0,2.81,17.0,-0.005747888581186189
15.0,2.81,18.0,0.004138647518215022
15.0,2.81,19.0,-0.01067918989749772
15.0,2.81,20.0,0.0055484392100598745
15.0,2.81,21.0,1.0224952551318722e-09
15.0,3.01,0.0,0.03628675405759796
15.0,3.01,1.0,0.0023035027588604318
15.0,3.01,2.0,0.002540804111669459
15.0,3.01,3.0,7.084499653586818e-10
15.0,3.01,4.0,-0.006329949410251112
15.0,3.01,5.0,-0.014097986395920345
15.0,3.01,6.0,-0.0008406628323950338
15.0,3.01,7.0,-3.544416725699604e-08
15.0,3.01,8.0,7.084499653586818e-10
15.0,3.01,9.0,-0.0040111488403687945
15.0,3.01,10.0,-0.005967384802064697
15.0,3.01,11.0,7.084499653586818e-10
15.0,3.01,12.0,0.004781572707532766
15.0,3.01,13.0,0.00965951024436068
15.0,3.01,14.0,0.002525887247059405
15.0,3.01,15.0,0.000820251117258558
15.0,3.01,16.0,-0.002896968831966551
15.0,3.01,17.0,-0.00608405011887414
15.0,3.01,18.0,0.004327546566046836
15.0,3.01,19.0,-0.011359171760083497
15.0,3.01,20.0,0.005852499421658108
15.0,3.01,21.0,1.0224952551318722e-09
15.0,3.21,0.0,0.03834942052535095
15.0,3.21,1.0,0.002441362542824066
15.0,3.21,2.0,0.0026777107526143595
15.0,3.21,3.0,7.084499653586818e-10
15.0,3.21,4.0,-0.006703100451527
15.0,3.21,5.0,-0.014827951681164173
15.0,3.21,6.0,-0.000933676071644074
15.0,3.21,7.0,-3.5444167259310494e-08
15.0,3.21,8.0,7.084499653586818e-10
15.0,3.21,9.0,-0.004223773312540119
15.0,3.21,10.0,-0.006101270104830711
15.0,3.21,11.0,7.084499653586818e-10
15.0,3.21,12.0,0.004922435012852278
15.0,3.21,13.0,0.010172889295931298
15.0,3.21,14.0,0.00270240813592984
15.0,3.21,15.0,0.0008608816865189606
15.0,3.21,16.0,-0.0029848392441693683
15.0,3.21,17.0,-0.006449142557500898
15.0,3.21,18.0,0.004602120594613512
15.0,3.21,19.0,-0.012191005202983884
15.0,3.21,20.0,0.006036024673673701
15.0,3.21,21.0,1.0224952551318722e-09
15.0,3.41,0.0,0.040363081685917956
15.0,3.41,1.0,0.002572334192869119
15.0,3.41,2.0,0.0028145380316407786
15.0,3.41,3.0,7.084499653586818e-10
15.0,3.41,4.0,-0.007070964595429885
15.0,3.41,5.0,-0.015550057048816512
15.0,3.41,6.0,-0.0010116809982734232
15.0,3.41,7.0,-3.54441672608232e-08
15.0,3.41,8.0,7.084499653586818e-10
15.0,3.41,9.0,-0.004438494199160398
15.0,3.41,10.0,-0.006232949935734611
15.0,3.41,11.0,7.084499653586818e-10
15.0,3.41,12.0,0.005098095253439294
15.0,3.41,13.0,0.010689478325981383
15.0,3.41,14.0,0.0028747290863394143
15.0,3.41,15.0,0.0009032065757246521
15.0,3.41,16.0,-0.0031197928212280956
15.0,3.41,17.0,-0.006790369876494007
15.0,3.41,18.0,0.004837220388631658
15.0,3.41,19.0,-0.012915514580265186
15.0,3.41,20.0,0.0062752797167414665
15.0,3.41,21.0,1.0224952551318722e-09
15.0,3.61,0.0,0.04230437235737916
15.0,3.61,1.0,0.00269293262861392
15.0,3.61,2.0,0.0029526797761203483
15.0,3.61,3.0,7.084499653586818e-10
15.0,3.61,4.0,-0.007453567724103549
15.0,3.61,5.0,-0.01626312141945814
15.0,3.61,6.0,-0.0010671969075217724
15.0,3.61,7.0,-3.5444167262821294e-08
15.0,3.61,8.0,7.084499653586818e-10
15.0,3.61,9.0,-0.004657766855891504
15.0,3.61,10.0,-0.006359990146318849
15.0,3.61,11.0,7.084499653586818e-10
15.0,3.61,12.0,0.005323402944521938
15.0,3.61,13.0,0.011217114551128227
15.0,3.61,14.0,0.0030442359621024803
15.0,3.61,15.0,0.000948684948293449
15.0,3.61,16.0,-0.003362030530146942
15.0,3.61,17.0,-0.007097580485966981
15.0,3.61,18.0,0.004986045930202354
15.0,3.61,19.0,-0.013509294329525967
15.0,3.61,20.0,0.006598940667037145
15.0,3.61,21.0,1.0224952551318722e-09
15.0,3.81,0.0,0.044213183685309465
15.0,3.81,1.0,0.002812104670203208
15.0,3.81,2.0,0.003087943221971201
15.0,3.81,3.0,7.084499653586818e-10
15.0,3.81,4.0,-0.00782825223696948
15.0,3.81,5.0,-0.016962621973246314
15.0,3.81,6.0,-0.0011233266327179692
15.0,3.81,7.0,-3.5444167264537e-08
15.0,3.81,8.0,7.084499653586818e-10
15.0,3.81,9.0,-0.004872181612014054
15.0,3.81,10.0,-0.006484272267171173
15.0,3.81,11.0,7.084499653586818e-10
15.0,3.81,12.0,0.005540315338356971
15.0,3.81,13.0,0.011733225436393269
15.0,3.81,14.0,0.003210697096442769
15.0,3.81,15.0,0.0009929521811739006
15.0,3.81,16.0,-0.003592090625505917
15.0,3.81,17.0,-0.007401045158824393
15.0,3.81,18.0,0.005138192223990923
15.0,3.81,19.0,-0.014102824386855284
15.0,3.81,20.0,0.006908591261779784
15.0,3.81,21.0,1.0224952551318722e-09
15.0,4.01,0.0,0.04609025214361606
15.0,4.01,1.0,0.002929836121733753
15.0,4.01,2.0,0.0032204295078333
15.0,4.01,3.0,7.084499653586818e-10
15.0,4.01,4.0,-0.0081950968992206
15.0,4.01,5.0,-0.017648944816575626
15.0,4.01,6.0,-0.001180125742436866
15.0,4.01,7.0,-3.544416726600735e-08
15.0,4.01,8.0,7.084499653586818e-10
15.0,4.01,9.0,-0.005081931354078972
15.0,4.01,10.0,-0.006605879616036377
15.0,4.01,11.0,7.084499653586818e-10
15.0,4.01,12.0,0.005748866108888695
15.0,4.01,13.0,0.01223824197482093
15.0,4.01,14.0,0.003374198620718652
15.0,4.01,15.0,0.0010360696656754598
15.0,4.01,16.0,-0.0038102208012384953
15.0,4.01,17.0,-0.007701040141571636
15.0,4.01,18.0,0.0052936193175401325
15.0,4.01,19.0,-0.014696272162201707
15.0,4.01,20.0,0.0072047010637287245
15.0,4.01,21.0,1.0224952551318722e-09
16.0,0.01,0.0,0.0002720107114294601
16.0,0.01,1.0,6.927422377678294e-07
16.0,0.01,2.0,-2.370186405695196e-05
16.0,0.01,3.0,8.289906816560944e-10
16.0,0.01,4.0,-0.0001331362028772487
16.0,0.01,5.0,-2.0521507323735902e-10
16.0,0.01,6.0,3.344030619534255e-05
16.0,0.01,7.0,8.286915596372735e-07
16.0,0.01,8.0,8.289906816560944e-10
16.0,0.01,9.0,2.23042607198215e-06
16.0,0.01,10.0,-1.1038945399638456e-05
16.0,0.01,11.0,8.289906816560944e-10
16.0,0.01,12.0,-0.00018518597128619474
16.0,0.01,13.0,-3.646044024252504e-06
16.0,0.01,14.0,5.144009356819468e-06
16.0,0.01,15.0,-1.9536582568369099e-07
16.0,0.01,16.0,-0.00029460569312200757
16.0,0.01,17.0,6.984774530424676e-05
16.0,0.01,18.0,0.00036428537700305963
16.0,0.01,19.0,0.000395387316314888
16.0,0.01,20.0,-9.998671824423822e-05
16.0,0.01,21.0,1.184053327607515e-09
16.0,0.21000000000000002,0.0,0.00027201071676663524
16.0,0.21000000000000002,1.0,6.927422404601202e-07
16.0,0.21000000000000002,2.0,-2.3701864355712976e-05
16.0,0.21000000000000002,3.0,8.289906816560944e-10
16.0,0.21000000000000002,4.0,-0.0001331361949402643
16.0,0.21000000000000002,5.0,-2.0521507323735902e-10
16.0,0.21000000000000002,6.0,3.3440292355302326e-05
16.0,0.21000000000000002,7.0,8.286916931415922e-07
16.0,0.21000000000000002,8.0,8.289906816560944e-10
16.0,0.21000000000000002,9.0,2.2304263773698096e-06
16.0,0.21000000000000002,10.0,-1.1038945533975442e-05
16.0,0.21000000000000002,11.0,8.289906816560944e-10
16.0,0.21000000000000002,12.0,-0.00018518597459099562
16.0,0.21000000000000002,13.0,-3.6460440790975213e-06
16.0,0.21000000000000002,14.0,5.1440095574228906e-06
16.0,0.21000000000000002,15.0,-1.9536582529511293e-07
16.0,0.21000000000000002,16.0,-0.0002946057053836437
16.0,0.21000000000000002,17.0,6.984774426813112e-05
16.0,0.21000000000000002,18.0,0.0003642853774450394
16.0,0.21000000000000002,19.0,0.00039538732641503094
16.0,0.21000000000000002,20.0,-9.998672004746245e-05
16.0,0.21000000000000002,21.0,1.184053327607515e-09
16.0,0.41000000000000003,0.0,0.0002720107221013679
16.0,0.41000000000000003,1.0,6.927422431801666e-07
16.0,0.41000000000000003,2.0,-2.3701864654196436e-05
16.0,0.41000000000000003,3.0,8.289906816560944e-10
16.0,0.41000000000000003,4.0,-0.00013313618700172558
16.0,0.41000000000000003,5.0,-2.0521507323735902e-10
16.0,0.41000000000000003,6.0,3.344027851381881e-05
16.0,0.41000000000000003,7.0,8.286918266181553e-07
16.0,0.41000000000000003,8.0,8.289906816560944e-10
16.0,0.41000000000000003,9.0,2.2304266825978747e-06
16.0,0.41000000000000003,10.0,-1.1038945668201405e-05
16.0,0.41000000000000003,11.0,8.289906816560944e-10
16.0,0.41000000000000003,12.0,-0.0001851859778938536
16.0,0.41000000000000003,13.0,-3.646044133914783e-06
16.0,0.41000000000000003,14.0,5.14400975798468e-06
16.0,0.41000000000000003,15.0,-1.953658248787793e-07
16.0,0.41000000000000003,16.0,-0.00029460571764305943
16.0,0.41000000000000003,17.0,6.984774323126608e-05
16.0,0.41000000000000003,18.0,0.00036428537788368853
16.0,0.41000000000000003,19.0,0.00039538733651245384
16.0,0.41000000000000003,20.0,-9.998672184979851e-05
16.0,0.41000000000000003,21.0,1.184053327607515e-09
16.0,0.6100000000000001,0.0,0.0002720107274394312
16.0,0.6100000000000001,1.0,6.92742245900213e-07
16.0,0.6100000000000001,2.0,-2.3701864953123986e-05
16.0,0.6100000000000001,3.0,8.289906816560944e-10
16.0,0.6100000000000001,4.0,-0.00013313617906662856
16.0,0.6100000000000001,5.0,-2.05215073237359e-10
16.0,0.6100000000000001,6.0,3.344026467644312e-05
16.0,0.6100000000000001,7.0,8.286919601363518e-07
16.0,0.6100000000000001,8.0,8.289906816560944e-10
16.0,0.6100000000000001,9.0,2.2304269880549232e-06
16.0,0.6100000000000001,10.0,-1.1038945802593902e-05
16.0,0.6100000000000001,11.0,8.289906816560944e-10
16.0,0.6100000000000001,12.0,-0.00018518598119915408
16.0,0.6100000000000001,13.0,-3.646044188787556e-06
16.0,0.6100000000000001,14.0,5.144009958574225e-06
16.0,0.6100000000000001,15.0,-1.9536582446244566e-07
16.0,0.6100000000000001,16.0,-0.0002946057299043625
16.0,0.6100000000000001,17.0,6.984774219589984e-05
16.0,0.6100000000000001,18.0,0.00036428537832788876
16.0,0.6100000000000001,19.0,0.00039538734661337394
16.0,0.6100000000000001,20.0,-9.998672365352235e-05
16.0,0.6100000000000001,21.0,1.184053327607515e-09
16.0,0.81,0.0,0.0002720107327742749
16.0,0.81,1.0,6.927422486202595e-07
16.0,0.81,2.0,-2.37018652516352e-05
16.0,0.81,3.0,8.289906816560944e-10
16.0,0.81,4.0,-0.00013313617112820086
16.0,0.81,5.0,-2.05215073237359e-10
16.0,0.81,6.0,3.3440250835403695e-05
16.0,0.81,7.0,8.286920935990372e-07
16.0,0.81,8.0,8.289906816560944e-10
16.0,0.81,9.0,2.230427293289927e-06
16.0,0.81,10.0,-1.1038945936819866e-05
16.0,0.81,11.0,8.289906816560944e-10
16.0,0.81,12.0,-0.0001851859845022341
16.0,0.81,13.0,-3.6460442436325735e-06
16.0,0.81,14.0,5.1440101591221365e-06
16.0,0.81,15.0,-1.9536582404611202e-07
16.0,0.81,16.0,-0.0002946057421641113
16.0,0.81,17.0,6.984774115914583e-05
16.0,0.81,18.0,0.00036428537876687095
16.0,0.81,19.0,0.0003953873567106303
16.0,0.81,20.0,-9.99867254558584e-05
16.0,0.81,21.0,1.184053327607515e-09
16.0,1.01,0.0,0.0002720107381097847
16.0,1.01,1.0,6.927422513125503e-07
16.0,1.01,2.0,-2.370186555025744e-05
16.0,1.01,3.0,8.289906816560944e-10
16.0,1.01,4.0,-0.00013313616318899602
16.0,1.01,5.0,-2.05215073237359e-10
16.0,1.01,6.0,3.344023699325405e-05
16.0,1.01,7.0,8.286922271033559e-07
16.0,1.01,8.0,8.289906816560944e-10
16.0,1.01,9.0,2.230427598601259e-06
16.0,1.01,10.0,-1.103894607104583e-05
16.0,1.01,11.0,8.289906816560944e-10
16.0,1.01,12.0,-0.0001851859878056472
16.0,1.01,13.0,-3.646044298477591e-06
16.0,1.01,14.0,5.144010359697804e-06
16.0,1.01,15.0,-1.953658236297784e-07
16.0,1.01,16.0,-0.00029460575442474823
16.0,1.01,17.0,6.984774012239181e-05
16.0,1.01,18.0,0.00036428537920585313
16.0,1.01,19.0,0.0003953873668089969
16.0,1.01,20.0,-9.998672725852753e-05
16.0,1.01,21.0,1.184053327607515e-09
16.0,1.2100000000000002,0.0,0.00027201074344596066
16.0,1.2100000000000002,1.0,6.927422540325967e-07
16.0,1.2100000000000002,2.0,-2.370186584893519e-05
16.0,1.2100000000000002,3.0,8.289906816560944e-10
16.0,1.2100000000000002,4.0,-0.0001331361552504573
16.0,1.2100000000000002,5.0,-2.05215073237359e-10
16.0,1.2100000000000002,6.0,3.344022315132644e-05
16.0,1.2100000000000002,7.0,8.286923605937968e-07
16.0,1.2100000000000002,8.0,8.289906816560944e-10
16.0,1.2100000000000002,9.0,2.2304279039195296e-06
16.0,1.2100000000000002,10.0,-1.1038946205327305e-05
16.0,1.2100000000000002,11.0,8.289906816560944e-10
16.0,1.2100000000000002,12.0,-0.00018518599110961542
16.0,1.2100000000000002,13.0,-3.6460443532948528e-06
16.0,1.2100000000000002,14.0,5.144010560287349e-06
16.0,1.2100000000000002,15.0,-1.953658232689559e-07
16.0,1.2100000000000002,16.0,-0.0002946057666863844
16.0,1.2100000000000002,17.0,6.984773908585984e-05
16.0,1.2100000000000002,18.0,0.0003642853796461676
16.0,1.2100000000000002,19.0,0.0003953873769083627
16.0,1.2100000000000002,20.0,-9.99867290614187e-05
16.0,1.2100000000000002,21.0,1.184053327607515e-09
16.0,1.4100000000000001,0.0,0.00027201074878235865
16.0,1.4100000000000001,1.0,6.927422567526431e-07
16.0,1.4100000000000001,2.0,-2.3701866147612938e-05
16.0,1.4100000000000001,3.0,8.289906816560944e-10
16.0,1.4100000000000001,4.0,-0.00013313614731291779
16.0,1.4100000000000001,5.0,-2.0521507323735897e-10
16.0,1.4100000000000001,6.0,3.3440209310620084e-05
16.0,1.4100000000000001,7.0,8.286924940842377e-07
16.0,1.4100000000000001,8.0,8.289906816560944e-10
16.0,1.4100000000000001,9.0,2.230428209244739e-06
16.0,1.4100000000000001,10.0,-1.103894633960878e-05
16.0,1.4100000000000001,11.0,8.289906816560944e-10
16.0,1.4100000000000001,12.0,-0.00018518599441375017
16.0,1.4100000000000001,13.0,-3.6460444081953813e-06
16.0,1.4100000000000001,14.0,5.144010760876894e-06
16.0,1.4100000000000001,15.0,-1.953658228248667e-07
16.0,1.4100000000000001,16.0,-0.0002946057789473544
16.0,1.4100000000000001,17.0,6.984773804943889e-05
16.0,1.4100000000000001,18.0,0.0003642853800869261
16.0,1.4100000000000001,19.0,0.000395387387007784
16.0,1.4100000000000001,20.0,-9.998673086436538e-05
16.0,1.4100000000000001,21.0,1.184053327607515e-09
16.0,1.61,0.0,0.00027201075411642517
16.0,1.61,1.0,6.927422594171784e-07
16.0,1.61,2.0,-2.3701866446124153e-05
16.0,1.61,3.0,8.289906816560944e-10
16.0,1.61,4.0,-0.00013313613937626645
16.0,1.61,5.0,-2.0521507323735897e-10
16.0,1.61,6.0,3.344019547257826e-05
16.0,1.61,7.0,8.286926275469231e-07
16.0,1.61,8.0,8.289906816560944e-10
16.0,1.61,9.0,2.2304285144589264e-06
16.0,1.61,10.0,-1.1038946473834743e-05
16.0,1.61,11.0,8.289906816560944e-10
16.0,1.61,12.0,-0.00018518599771621957
16.0,1.61,13.0,-3.646044463012643e-06
16.0,1.61,14.0,5.14401096139705e-06
16.0,1.61,15.0,-1.9536582240853306e-07
16.0,1.61,16.0,-0.00029460579120454966
16.0,1.61,17.0,6.984773701307345e-05
16.0,1.61,18.0,0.0003642853805263524
16.0,1.61,19.0,0.00039538739710320847
16.0,1.61,20.0,-9.99867326665349e-05
16.0,1.61,21.0,1.184053327607515e-09
16.0,1.81,0.0,0.0002720107594534893
16.0,1.81,1.0,6.927422621649804e-07
16.0,1.81,2.0,-2.370186674488517e-05
16.0,1.81,3.0,8.289906816560944e-10
16.0,1.81,4.0,-0.0001331361314376167
16.0,1.81,5.0,-2.0521507323735897e-10
16.0,1.81,6.0,3.344018163042861e-05
16.0,1.81,7.0,8.286927610512418e-07
16.0,1.81,8.0,8.289906816560944e-10
16.0,1.81,9.0,2.230428819846586e-06
16.0,1.81,10.0,-1.1038946608171729e-05
16.0,1.81,11.0,8.289906816560944e-10
16.0,1.81,12.0,-0.00018518600102090943
16.0,1.81,13.0,-3.6460445178576606e-06
16.0,1.81,14.0,5.1440111620004725e-06
16.0,1.81,15.0,-1.95365822019955e-07
16.0,1.81,16.0,-0.000294605803467185
16.0,1.81,17.0,6.984773597668026e-05
16.0,1.81,18.0,0.00036428538096755503
16.0,1.81,19.0,0.00039538740720412857
16.0,1.81,20.0,-9.998673446975914e-05
16.0,1.81,21.0,1.184053327607515e-09
16.0,2.01,0.0,0.0002720107647904424
16.0,2.01,1.0,6.927422649127823e-07
16.0,2.01,2.0,-2.3701867043646185e-05
16.0,2.01,3.0,8.289906816560944e-10
16.0,2.01,4.0,-0.00013313612350041026
16.0,2.01,5.0,-2.0521507323735897e-10
16.0,2.01,6.0,3.3440167790388386e-05
16.0,2.01,7.0,8.286928945694383e-07
16.0,2.01,8.0,8.289906816560944e-10
16.0,2.01,9.0,2.2304291252273067e-06
16.0,2.01,10.0,-1.103894674248096e-05
16.0,2.01,11.0,8.289906816560944e-10
16.0,2.01,12.0,-0.00018518600432537724
16.0,2.01,13.0,-3.646044572702678e-06
16.0,2.01,14.0,5.1440113625900175e-06
16.0,2.01,15.0,-1.9536582163137695e-07
16.0,2.01,16.0,-0.0002946058157284881
16.0,2.01,17.0,6.984773494056462e-05
16.0,2.01,18.0,0.00036428538140920175
16.0,2.01,19.0,0.000395387417304105
16.0,2.01,20.0,-9.998673627292787e-05
16.0,2.01,21.0,1.184053327607515e-09
16.0,2.21,0.0,0.00027201077012473096
16.0,2.21,1.0,6.927422676050732e-07
16.0,2.21,2.0,-2.3701867342129646e-05
16.0,2.21,3.0,8.289906816560944e-10
16.0,2.21,4.0,-0.00013313611555976212
16.0,2.21,5.0,-2.0521507323735894e-10
16.0,2.21,6.0,3.344015394635136e-05
16.0,2.21,7.0,8.286930280460014e-07
16.0,2.21,8.0,8.289906816560944e-10
16.0,2.21,9.0,2.230429430441494e-06
16.0,2.21,10.0,-1.1038946876651412e-05
16.0,2.21,11.0,8.289906816560944e-10
16.0,2.21,12.0,-0.00018518600762795767
16.0,2.21,13.0,-3.6460446275476954e-06
16.0,2.21,14.0,5.144011563165685e-06
16.0,2.21,15.0,-1.953658212150433e-07
16.0,2.21,16.0,-0.00029460582798912505
16.0,2.21,17.0,6.984773390322774e-05
16.0,2.21,18.0,0.0003642853818460745
16.0,2.21,19.0,0.0003953874274011948
16.0,2.21,20.0,-9.998673807509739e-05
16.0,2.21,21.0,1.184053327607515e-09
16.0,2.41,0.0,0.0002720107754627943
16.0,2.41,1.0,6.92742270297364e-07
16.0,2.41,2.0,-2.3701867640946173e-05
16.0,2.41,3.0,8.289906816560944e-10
16.0,2.41,4.0,-0.0001331361076236659
16.0,2.41,5.0,-2.0521507323735894e-10
16.0,2.41,6.0,3.344014010697727e-05
16.0,2.41,7.0,8.286931615503201e-07
16.0,2.41,8.0,8.289906816560944e-10
16.0,2.41,9.0,2.2304297358846648e-06
16.0,2.41,10.0,-1.103894701104391e-05
16.0,2.41,11.0,8.289906816560944e-10
16.0,2.41,12.0,-0.00018518601093331366
16.0,2.41,13.0,-3.646044682448224e-06
16.0,2.41,14.0,5.14401176375523e-06
16.0,2.41,15.0,-1.9536582082646525e-07
16.0,2.41,16.0,-0.00029460584025109426
16.0,2.41,17.0,6.984773286752843e-05
16.0,2.41,18.0,0.00036428538228971963
16.0,2.41,19.0,0.0003953874375026145
16.0,2.41,20.0,-9.998673987871021e-05
16.0,2.41,21.0,1.184053327607515e-09
16.0,2.61,0.0,0.000272010780797749
16.0,2.61,1.0,6.927422730174104e-07
16.0,2.61,2.0,-2.370186793945739e-05
16.0,2.61,3.0,8.289906816560944e-10
16.0,2.61,4.0,-0.00013313609968346185
16.0,2.61,5.0,-2.0521507323735894e-10
16.0,2.61,6.0,3.344012626338433e-05
16.0,2.61,7.0,8.286932950407611e-07
16.0,2.61,8.0,8.289906816560944e-10
16.0,2.61,9.0,2.23043004111273e-06
16.0,2.61,10.0,-1.1038947145242117e-05
16.0,2.61,11.0,8.289906816560944e-10
16.0,2.61,12.0,-0.00018518601423633818
16.0,2.61,13.0,-3.646044737265486e-06
16.0,2.61,14.0,5.144011964344775e-06
16.0,2.61,15.0,-1.9536582041013162e-07
16.0,2.61,16.0,-0.00029460585251195326
16.0,2.61,17.0,6.984773183033033e-05
16.0,2.61,18.0,0.00036428538272748057
16.0,2.61,19.0,0.0003953874476004815
16.0,2.61,20.0,-9.998674168110178e-05
16.0,2.61,21.0,1.184053327607515e-09
16.0,2.81,0.0,0.00027201078613348084
16.0,2.81,1.0,6.927422757374568e-07
16.0,2.81,2.0,-2.3701868238135138e-05
16.0,2.81,3.0,8.289906816560944e-10
16.0,2.81,4.0,-0.00013313609174692154
16.0,2.81,5.0,-2.0521507323735894e-10
16.0,2.81,6.0,3.3440112424898416e-05
16.0,2.81,7.0,8.286934285173242e-07
16.0,2.81,8.0,8.289906816560944e-10
16.0,2.81,9.0,2.2304303464310005e-06
16.0,2.81,10.0,-1.1038947279523592e-05
16.0,2.81,11.0,8.289906816560944e-10
16.0,2.81,12.0,-0.00018518601754002884
16.0,2.81,13.0,-3.6460447921105033e-06
16.0,2.81,14.0,5.144012164892686e-06
16.0,2.81,15.0,-1.9536581999379798e-07
16.0,2.81,16.0,-0.00029460586477148
16.0,2.81,17.0,6.984773079421469e-05
16.0,2.81,18.0,0.00036428538316835013
16.0,2.81,19.0,0.0003953874576983485
16.0,2.81,20.0,-9.998674348382641e-05
16.0,2.81,21.0,1.184053327607515e-09
16.0,3.01,0.0,0.00027201079146887963
16.0,3.01,1.0,6.927422784019921e-07
16.0,3.01,2.0,-2.3701868536812887e-05
16.0,3.01,3.0,8.289906816560944e-10
16.0,3.01,4.0,-0.00013313608381160247
16.0,3.01,5.0,-2.0521507323735894e-10
16.0,3.01,6.0,3.344009858785579e-05
16.0,3.01,7.0,8.286935620077651e-07
16.0,3.01,8.0,8.289906816560944e-10
16.0,3.01,9.0,2.2304306517423322e-06
16.0,3.01,10.0,-1.1038947413805067e-05
16.0,3.01,11.0,8.289906816560944e-10
16.0,3.01,12.0,-0.00018518602084355296
16.0,3.01,13.0,-3.6460448469555207e-06
16.0,3.01,14.0,5.144012365440598e-06
16.0,3.01,15.0,-1.9536581957746435e-07
16.0,3.01,16.0,-0.00029460587702978547
16.0,3.01,17.0,6.984772975829334e-05
16.0,3.01,18.0,0.0003642853836098858
16.0,3.01,19.0,0.0003953874677957714
16.0,3.01,20.0,-9.998674528655105e-05
16.0,3.01,21.0,1.184053327607515e-09
16.0,3.21,0.0,0.0002720107968047225
16.0,3.21,1.0,6.927422811497941e-07
16.0,3.21,2.0,-2.370186883540737e-05
16.0,3.21,3.0,8.289906816560944e-10
16.0,3.21,4.0,-0.00013313607587139842
16.0,3.21,5.0,-2.0521507323735892e-10
16.0,3.21,6.0,3.344008474392979e-05
16.0,3.21,7.0,8.28693695498206e-07
16.0,3.21,8.0,8.289906816560944e-10
16.0,3.21,9.0,2.2304309570189695e-06
16.0,3.21,10.0,-1.1038947548058786e-05
16.0,3.21,11.0,8.289906816560944e-10
16.0,3.21,12.0,-0.00018518602414729912
16.0,3.21,13.0,-3.646044901800538e-06
16.0,3.21,14.0,5.144012566030143e-06
16.0,3.21,15.0,-1.9536581916113072e-07
16.0,3.21,16.0,-0.0002946058892918657
16.0,3.21,17.0,6.984772872126177e-05
16.0,3.21,18.0,0.00036428538404864597
16.0,3.21,19.0,0.00039538747789508166
16.0,3.21,20.0,-9.99867470893312e-05
16.0,3.21,21.0,1.184053327607515e-09
16.0,3.41,0.0,0.0002720108021405654
16.0,3.41,1.0,6.927422838420849e-07
16.0,3.41,2.0,-2.3701869133974096e-05
16.0,3.41,3.0,8.289906816560944e-10
16.0,3.41,4.0,-0.00013313606793063926
16.0,3.41,5.0,-2.0521507323735892e-10
16.0,3.41,6.0,3.344007089878254e-05
16.0,3.41,7.0,8.28693828988647e-07
16.0,3.41,8.0,8.289906816560944e-10
16.0,3.41,9.0,2.2304312623233624e-06
16.0,3.41,10.0,-1.1038947682312505e-05
16.0,3.41,11.0,8.289906816560944e-10
16.0,3.41,12.0,-0.00018518602745093427
16.0,3.41,13.0,-3.6460449566455555e-06
16.0,3.41,14.0,5.144012766647443e-06
16.0,3.41,15.0,-1.9536581877255266e-07
16.0,3.41,16.0,-0.00029460590155439004
16.0,3.41,17.0,6.984772768411918e-05
16.0,3.41,18.0,0.000364285384486962
16.0,3.41,19.0,0.0003953874879947805
16.0,3.41,20.0,-9.998674889200032e-05
16.0,3.41,21.0,1.184053327607515e-09
16.0,3.61,0.0,0.00027201080747640827
16.0,3.61,1.0,6.927422865621313e-07
16.0,3.61,2.0,-2.37018694326796e-05
16.0,3.61,3.0,8.289906816560944e-10
16.0,3.61,4.0,-0.00013313605999465405
16.0,3.61,5.0,-2.0521507323735892e-10
16.0,3.61,6.0,3.344005706096276e-05
16.0,3.61,7.0,8.286939624790879e-07
16.0,3.61,8.0,8.289906816560944e-10
16.0,3.61,9.0,2.230431567648572e-06
16.0,3.61,10.0,-1.103894781659398e-05
16.0,3.61,11.0,8.289906816560944e-10
16.0,3.61,12.0,-0.00018518603075484696
16.0,3.61,13.0,-3.646045011490573e-06
16.0,3.61,14.0,5.144012967195355e-06
16.0,3.61,15.0,-1.9536581835621902e-07
16.0,3.61,16.0,-0.0002946059138136947
16.0,3.61,17.0,6.984772664814232e-05
16.0,3.61,18.0,0.00036428538492871976
16.0,3.61,19.0,0.00039538749809298057
16.0,3.61,20.0,-9.998675069489149e-05
16.0,3.61,21.0,1.184053327607515e-09
16.0,3.81,0.0,0.0002720108128111409
16.0,3.81,1.0,6.927422892544222e-07
16.0,3.81,2.0,-2.3701869731135305e-05
16.0,3.81,3.0,8.289906816560944e-10
16.0,3.81,4.0,-0.00013313605205211854
16.0,3.81,5.0,-2.0521507323735892e-10
16.0,3.81,6.0,3.3440043213817106e-05
16.0,3.81,7.0,8.286940959695288e-07
16.0,3.81,8.0,8.289906816560944e-10
16.0,3.81,9.0,2.230431872876637e-06
16.0,3.81,10.0,-1.1038947950764433e-05
16.0,3.81,11.0,8.289906816560944e-10
16.0,3.81,12.0,-0.00018518603405770495
16.0,3.81,13.0,-3.6460450663355903e-06
16.0,3.81,14.0,5.1440131677849e-06
16.0,3.81,15.0,-1.953658179398854e-07
16.0,3.81,16.0,-0.000294605926076108
16.0,3.81,17.0,6.984772561036134e-05
16.0,3.81,18.0,0.0003642853853645933
16.0,3.81,19.0,0.0003953875081914582
16.0,3.81,20.0,-9.998675249711653e-05
16.0,3.81,21.0,1.184053327607515e-09
16.0,4.01,0.0,0.00027201081814876016
16.0,4.01,1.0,6.927422920022241e-07
16.0,4.01,2.0,-2.3701870030007344e-05
16.0,4.01,3.0,8.289906816560944e-10
16.0,4.01,4.0,-0.00013313604411968605
16.0,4.01,5.0,-2.052150732373589e-10
16.0,4.01,6.0,3.344002938054924e-05
16.0,4.01,7.0,8.286942294738475e-07
16.0,4.01,8.0,8.289906816560944e-10
16.0,4.01,9.0,2.23043217830593e-06
16.0,4.01,10.0,-1.1038948085184686e-05
16.0,4.01,11.0,8.289906816560944e-10
16.0,4.01,12.0,-0.00018518603736267236
16.0,4.01,13.0,-3.6460451211806078e-06
16.0,4.01,14.0,5.1440133683328115e-06
16.0,4.01,15.0,-1.9536581755130733e-07
16.0,4.01,16.0,-0.0002946059383347466
16.0,4.01,17.0,6.984772457549471e-05
16.0,4.01,18.0,0.0003642853858100148
16.0,4.01,19.0,0.00039538751829026886
16.0,4.01,20.0,-9.998675430061832e-05
16.0,4.01,21.0,1.184053327607515e-09
17.0,0.01,0.0,0.0013596828236627223
17.0,0.01,1.0,-2.8520349253713384e-05
17.0,0.01,2.0,2.423410531471326e-06
17.0,0.01,3.0,8.952683316909571e-10
17.0,0.01,4.0,-0.0014607398199607963
17.0,0.01,5.0,-0.00012705364360224056
17.0,0.01,6.0,-0.00011333435958388316
17.0,0.01,7.0,-8.305982827815009e-05
17.0,0.01,8.0,8.952683316909571e-10
17.0,0.01,9.0,-1.0334679258594548e-05
17.0,0.01,10.0,-6.008459721575099e-05
17.0,0.01,11.0,8.952683316909571e-10
17.0,0.01,12.0,-3.499795679653972e-05
17.0,0.01,13.0,3.409417272132176e-05
17.0,0.01,14.0,-1.1681309473239294e-05
17.0,0.01,15.0,5.115196923277665e-05
17.0,0.01,16.0,-0.000491559133936767
17.0,0.01,17.0,-0.005391097954568896
17.0,0.01,18.0,-0.000250097958618245
17.0,0.01,19.0,-0.0011951723101702866
17.0,0.01,20.0,-0.00024079707624685698
17.0,0.01,21.0,1.1498437479939838e-09
17.0,0.21000000000000002,0.0,0.0013596916261894298
17.0,0.21000000000000002,1.0,-2.8511455066770885e-05
17.0,0.21000000000000002,2.0,2.427080975808682e-06
17.0,0.21000000000000002,3.0,8.952683316909571e-10
17.0,0.21000000000000002,4.0,-0.0014607454901261474
17.0,0.21000000000000002,5.0,-0.00012705364464620495
17.0,0.21000000000000002,6.0,-0.00011332422303905743
17.0,0.21000000000000002,7.0,-8.305982854003615e-05
17.0,0.21000000000000002,8.0,8.952683316909571e-10
17.0,0.21000000000000002,9.0,-1.0334688387930724e-05
17.0,0.21000000000000002,10.0,-6.008376316736508e-05
17.0,0.21000000000000002,11.0,8.952683316909571e-10
17.0,0.21000000000000002,12.0,-3.499353898678281e-05
17.0,0.21000000000000002,13.0,3.409427449890812e-05
17.0,0.21000000000000002,14.0,-1.168130947957478e-05
17.0,0.21000000000000002,15.0,5.114016540885835e-05
17.0,0.21000000000000002,16.0,-0.0004915623770566507
17.0,0.21000000000000002,17.0,-0.005391114610890496
17.0,0.21000000000000002,18.0,-0.00025014262701722467
17.0,0.21000000000000002,19.0,-0.0011951817922162267
17.0,0.21000000000000002,20.0,-0.00024070743431170438
17.0,0.21000000000000002,21.0,1.1498437479939838e-09
17.0,0.41000000000000003,0.0,0.001359700430526023
17.0,0.41000000000000003,1.0,-2.8502555445508726e-05
17.0,0.41000000000000003,2.0,2.4307536487522263e-06
17.0,0.41000000000000003,3.0,8.952683316909571e-10
17.0,0.41000000000000003,4.0,-0.0014607511588770467
17.0,0.41000000000000003,5.0,-0.00012705364569013956
17.0,0.41000000000000003,6.0,-0.00011331407994547016
17.0,0.41000000000000003,7.0,-8.305982880191094e-05
17.0,0.41000000000000003,8.0,8.952683316909571e-10
17.0,0.41000000000000003,9.0,-1.033469749606164e-05
17.0,0.41000000000000003,10.0,-6.008292875284149e-05
17.0,0.41000000000000003,11.0,8.952683316909571e-10
17.0,0.41000000000000003,12.0,-3.498911823021644e-05
17.0,0.41000000000000003,13.0,3.4094376245324964e-05
17.0,0.41000000000000003,14.0,-1.1681309485909914e-05
17.0,0.41000000000000003,15.0,5.112835426601681e-05
17.0,0.41000000000000003,16.0,-0.0004915656202436475
17.0,0.41000000000000003,17.0,-0.005391131266990069
17.0,0.41000000000000003,18.0,-0.0002501873214525441
17.0,0.41000000000000003,19.0,-0.0011951912751866495
17.0,0.41000000000000003,20.0,-0.00024061773785383211
17.0,0.41000000000000003,21.0,1.1498437479939838e-09
17.0,0.6100000000000001,0.0,0.0013597092366725017
17.0,0.6100000000000001,1.0,-2.849365039114815e-05
17.0,0.6100000000000001,2.0,2.4344285498023588e-06
17.0,0.6100000000000001,3.0,8.952683316909571e-10
17.0,0.6100000000000001,4.0,-0.0014607568262137993
17.0,0.6100000000000001,5.0,-0.00012705364673404443
17.0,0.6100000000000001,6.0,-0.00011330393030417607
17.0,0.6100000000000001,7.0,-8.305982906377448e-05
17.0,0.6100000000000001,8.0,8.952683316909571e-10
17.0,0.6100000000000001,9.0,-1.0334706583042808e-05
17.0,0.6100000000000001,10.0,-6.008209397224962e-05
17.0,0.6100000000000001,11.0,8.952683316909571e-10
17.0,0.6100000000000001,12.0,-3.498469452747899e-05
17.0,0.6100000000000001,13.0,3.409447796068332e-05
17.0,0.6100000000000001,14.0,-1.1681309492244699e-05
17.0,0.6100000000000001,15.0,5.111653580586184e-05
17.0,0.6100000000000001,16.0,-0.000491568863497785
17.0,0.6100000000000001,17.0,-0.005391147922867668
17.0,0.6100000000000001,18.0,-0.0002502320419206505
17.0,0.6100000000000001,19.0,-0.0011952007590813885
17.0,0.6100000000000001,20.0,-0.00024052798688350974
17.0,0.6100000000000001,21.0,1.1498437479939838e-09
17.0,0.81,0.0,0.001359718044628866
17.0,0.81,1.0,-2.848473990457734e-05
17.0,0.81,2.0,2.4381056786260125e-06
17.0,0.81,3.0,8.952683316909571e-10
17.0,0.81,4.0,-0.0014607624921365858
17.0,0.81,5.0,-0.00012705364777791954
17.0,0.81,6.0,-0.00011329377411628538
17.0,0.81,7.0,-8.305982932562677e-05
17.0,0.81,8.0,8.952683316909571e-10
17.0,0.81,9.0,-1.0334715648846471e-05
17.0,0.81,10.0,-6.008125882567272e-05
17.0,0.81,11.0,8.952683316909571e-10
17.0,0.81,12.0,-3.498026787893127e-05
17.0,0.81,13.0,3.409457964492768e-05
17.0,0.81,14.0,-1.1681309498579133e-05
17.0,0.81,15.0,5.110471002933714e-05
17.0,0.81,16.0,-0.0004915721068190354
17.0,0.81,17.0,-0.0053911645785233485
17.0,0.81,18.0,-0.00025027678841743617
17.0,0.81,19.0,-0.001195210243900291
17.0,0.81,20.0,-0.00024043818141056272
17.0,0.81,21.0,1.1498437479939838e-09
17.0,1.01,0.0,0.0013597268543944496
17.0,1.01,1.0,-2.8475823986684468e-05
17.0,1.01,2.0,2.441785035112165e-06
17.0,1.01,3.0,8.952683316909571e-10
17.0,1.01,4.0,-0.0014607681566456143
17.0,1.01,5.0,-0.0001270536488217649
17.0,1.01,6.0,-0.00011328361138296383
17.0,1.01,7.0,-8.305982958746782e-05
17.0,1.01,8.0,8.952683316909571e-10
17.0,1.01,9.0,-1.0334724693444874e-05
17.0,1.01,10.0,-6.008042331316632e-05
17.0,1.01,11.0,8.952683316909571e-10
17.0,1.01,12.0,-3.497583828507289e-05
17.0,1.01,13.0,3.409468129803028e-05
17.0,1.01,14.0,-1.1681309504913218e-05
17.0,1.01,15.0,5.109287693733089e-05
17.0,1.01,16.0,-0.0004915753502074127
17.0,1.01,17.0,-0.005391181233957154
17.0,1.01,18.0,-0.0002503215609393483
17.0,1.01,19.0,-0.0011952197296432043
17.0,1.01,20.0,-0.000240348321444539
17.0,1.01,21.0,1.1498437479939838e-09
17.0,1.2100000000000002,0.0,0.0013597356659695858
17.0,1.2100000000000002,1.0,-2.846690263808016e-05
17.0,1.2100000000000002,2.0,2.445466618705705e-06
17.0,1.2100000000000002,3.0,8.952683316909571e-10
17.0,1.2100000000000002,4.0,-0.0014607738197411763
17.0,1.2100000000000002,5.0,-0.00012705364986558048
17.0,1.2100000000000002,6.0,-0.00011327344210504409
17.0,1.2100000000000002,7.0,-8.305982984929762e-05
17.0,1.2100000000000002,8.0,8.952683316909571e-10
17.0,1.2100000000000002,9.0,-1.0334733716865774e-05
17.0,1.2100000000000002,10.0,-6.007958743478592e-05
17.0,1.2100000000000002,11.0,8.952683316909571e-10
17.0,1.2100000000000002,12.0,-3.497140574629243e-05
17.0,1.2100000000000002,13.0,3.4094782920074396e-05
17.0,1.2100000000000002,14.0,-1.1681309511246953e-05
17.0,1.2100000000000002,15.0,5.108103653106433e-05
17.0,1.2100000000000002,16.0,-0.0004915785936629308
17.0,1.2100000000000002,17.0,-0.0053911978891691414
17.0,1.2100000000000002,18.0,-0.0002503663594835004
17.0,1.2100000000000002,19.0,-0.001195229216310073
17.0,1.2100000000000002,20.0,-0.00024025840699498646
17.0,1.2100000000000002,21.0,1.1498437479939838e-09
17.0,1.4100000000000001,0.0,0.0013597444793541635
17.0,1.4100000000000001,1.0,-2.8457975859486062e-05
17.0,1.4100000000000001,2.0,2.449150429240099e-06
17.0,1.4100000000000001,3.0,8.952683316909571e-10
17.0,1.4100000000000001,4.0,-0.0014607794814233271
17.0,1.4100000000000001,5.0,-0.00012705365090936633
17.0,1.4100000000000001,6.0,-0.00011326326628335881
17.0,1.4100000000000001,7.0,-8.305983011111618e-05
17.0,1.4100000000000001,8.0,8.952683316909571e-10
17.0,1.4100000000000001,9.0,-1.0334742719109169e-05
17.0,1.4100000000000001,10.0,-6.007875119058703e-05
17.0,1.4100000000000001,11.0,8.952683316909571e-10
17.0,1.4100000000000001,12.0,-3.49669702629507e-05
17.0,1.4100000000000001,13.0,3.4094884511032264e-05
17.0,1.4100000000000001,14.0,-1.1681309517580339e-05
17.0,1.4100000000000001,15.0,5.10691888112591e-05
17.0,1.4100000000000001,16.0,-0.000491581837185534
17.0,1.4100000000000001,17.0,-0.005391214544159351
17.0,1.4100000000000001,18.0,-0.0002504111840470613
17.0,1.4100000000000001,19.0,-0.0011952387039006473
17.0,1.4100000000000001,20.0,-0.00024016843806834443
17.0,1.4100000000000001,21.0,1.1498437479939838e-09
17.0,1.61,0.0,0.0013597532945476276
17.0,1.61,1.0,-2.8449043652511996e-05
17.0,1.61,2.0,2.4528364662157465e-06
17.0,1.61,3.0,8.952683316909571e-10
17.0,1.61,4.0,-0.0014607851416924694
17.0,1.61,5.0,-0.00012705365195312245
17.0,1.61,6.0,-0.00011325308391968436
17.0,1.61,7.0,-8.305983037292349e-05
17.0,1.61,8.0,8.952683316909571e-10
17.0,1.61,9.0,-1.0334751700230571e-05
17.0,1.61,10.0,-6.007791458068068e-05
17.0,1.61,11.0,8.952683316909571e-10
17.0,1.61,12.0,-3.496253183579712e-05
17.0,1.61,13.0,3.409498607090389e-05
17.0,1.61,14.0,-1.1681309523913375e-05
17.0,1.61,15.0,5.105733377969157e-05
17.0,1.61,16.0,-0.0004915850807752503
17.0,1.61,17.0,-0.005391231198927846
17.0,1.61,18.0,-0.0002504560346237583
17.0,1.61,19.0,-0.0011952481924148023
17.0,1.61,20.0,-0.00024007841468093316
17.0,1.61,21.0,1.1498437479939838e-09
17.0,1.81,0.0,0.001359762111550089
17.0,1.81,1.0,-2.844010601704694e-05
17.0,1.81,2.0,2.4565247295771364e-06
17.0,1.81,3.0,8.952683316909571e-10
17.0,1.81,4.0,-0.0014607908005486309
17.0,1.81,5.0,-0.00012705365299684886
17.0,1.81,6.0,-0.00011324289501402074
17.0,1.81,7.0,-8.305983063471955e-05
17.0,1.81,8.0,8.952683316909571e-10
17.0,1.81,9.0,-1.0334760660118958e-05
17.0,1.81,10.0,-6.0077077605066864e-05
17.0,1.81,11.0,8.952683316909571e-10
17.0,1.81,12.0,-3.4958090464859426e-05
17.0,1.81,13.0,3.4095087599689267e-05
17.0,1.81,14.0,-1.1681309530246061e-05
17.0,1.81,15.0,5.1045471436361733e-05
17.0,1.81,16.0,-0.0004915883244320796
17.0,1.81,17.0,-0.00539124785347467
17.0,1.81,18.0,-0.0002505009112140355
17.0,1.81,19.0,-0.001195257681852524
17.0,1.81,20.0,-0.00023998833683369636
17.0,1.81,21.0,1.1498437479939838e-09
17.0,2.01,0.0,0.00135977093036177
17.0,2.01,1.0,-2.843116295436765e-05
17.0,2.01,2.0,2.4602152188801796e-06
17.0,2.01,3.0,8.952683316909571e-10
17.0,2.01,4.0,-0.001460796457992103
17.0,2.01,5.0,-0.0001270536540405455
17.0,2.01,6.0,-0.00011323269956786675
17.0,2.01,7.0,-8.30598308965044e-05
17.0,2.01,8.0,8.952683316909571e-10
17.0,2.01,9.0,-1.0334769598857596e-05
17.0,2.01,10.0,-6.0076240263856606e-05
17.0,2.01,11.0,8.952683316909571e-10
17.0,2.01,12.0,-3.495364615083152e-05
17.0,2.01,13.0,3.409518909744391e-05
17.0,2.01,14.0,-1.1681309536578398e-05
17.0,2.01,15.0,5.10336017828239e-05
17.0,2.01,16.0,-0.0004915915681560079
17.0,2.01,17.0,-0.005391264507799874
17.0,2.01,18.0,-0.0002505458138120642
17.0,2.01,19.0,-0.0011952671722135627
17.0,2.01,20.0,-0.00023989820454073385
17.0,2.01,21.0,1.1498437479939838e-09
17.0,2.21,0.0,0.0013597797509820042
17.0,2.21,1.0,-2.8422214465362305e-05
17.0,2.21,2.0,2.46390793384732e-06
17.0,2.21,3.0,8.952683316909571e-10
17.0,2.21,4.0,-0.001460802114023163
17.0,2.21,5.0,-0.00012705365508421245
17.0,2.21,6.0,-0.00011322249758238812
17.0,2.21,7.0,-8.3059831158278e-05
17.0,2.21,8.0,8.952683316909571e-10
17.0,2.21,9.0,-1.0334778516474241e-05
17.0,2.21,10.0,-6.007540255707766e-05
17.0,2.21,11.0,8.952683316909571e-10
17.0,2.21,12.0,-3.494919889404646e-05
17.0,2.21,13.0,3.409529056408456e-05
17.0,2.21,14.0,-1.1681309542910386e-05
17.0,2.21,15.0,5.1021724820132786e-05
17.0,2.21,16.0,-0.0004915948119470631
17.0,2.21,17.0,-0.005391281161903511
17.0,2.21,18.0,-0.0002505907424154574
17.0,2.21,19.0,-0.0011952766634979045
17.0,2.21,20.0,-0.00023980801780909555
17.0,2.21,21.0,1.1498437479939838e-09
17.0,2.41,0.0,0.0013597885734107917
17.0,2.41,1.0,-2.841326055069704e-05
17.0,2.41,2.0,2.4676028741454914e-06
17.0,2.41,3.0,8.952683316909571e-10
17.0,2.41,4.0,-0.0014608077686418947
17.0,2.41,5.0,-0.0001270536561278497
17.0,2.41,6.0,-0.00011321228905841751
17.0,2.41,7.0,-8.305983142004038e-05
17.0,2.41,8.0,8.952683316909571e-10
17.0,2.41,9.0,-1.0334787412941138e-05
17.0,2.41,10.0,-6.007456448484105e-05
17.0,2.41,11.0,8.952683316909571e-10
17.0,2.41,12.0,-3.494474869500386e-05
17.0,2.41,13.0,3.4095391999722224e-05
17.0,2.41,14.0,-1.1681309549242024e-05
17.0,2.41,15.0,5.100984054928759e-05
17.0,2.41,16.0,-0.0004915980558051758
17.0,2.41,17.0,-0.005391297815785628
17.0,2.41,18.0,-0.00025063569701971877
17.0,2.41,19.0,-0.0011952861557052302
17.0,2.41,20.0,-0.00023971777665066085
17.0,2.41,21.0,1.1498437479939838e-09
17.0,2.61,0.0,0.0013597973976481326
17.0,2.61,1.0,-2.8404301211537586e-05
17.0,2.61,2.0,2.4713000394416262e-06
17.0,2.61,3.0,8.952683316909571e-10
17.0,2.61,4.0,-0.0014608134218485752
17.0,2.61,5.0,-0.00012705365717145722
17.0,2.61,6.0,-0.00011320207399700966
17.0,2.61,7.0,-8.305983168179152e-05
17.0,2.61,8.0,8.952683316909571e-10
17.0,2.61,9.0,-1.033479628823053e-05
17.0,2.61,10.0,-6.007372604714678e-05
17.0,2.61,11.0,8.952683316909571e-10
17.0,2.61,12.0,-3.494029555409228e-05
17.0,2.61,13.0,3.40954934043014e-05
17.0,2.61,14.0,-1.1681309555573314e-05
17.0,2.61,15.0,5.0997948971565066e-05
17.0,2.61,16.0,-0.0004916012997304153
17.0,2.61,17.0,-0.00539131446944628
17.0,2.61,18.0,-0.0002506806776220172
17.0,2.61,19.0,-0.001195295648835526
17.0,2.61,20.0,-0.00023962748107331233
17.0,2.61,21.0,1.1498437479939838e-09
17.0,2.81,0.0,0.0013598062236935826
17.0,2.81,1.0,-2.8395336448494568e-05
17.0,2.81,2.0,2.4749994292916355e-06
17.0,2.81,3.0,8.952683316909571e-10
17.0,2.81,4.0,-0.0014608190736434684
17.0,2.81,5.0,-0.00012705365821503504
17.0,2.81,6.0,-0.00011319185239927476
17.0,2.81,7.0,-8.305983194353143e-05
17.0,2.81,8.0,8.952683316909571e-10
17.0,2.81,9.0,-1.0334805142370174e-05
17.0,2.81,10.0,-6.00728872441475e-05
17.0,2.81,11.0,8.952683316909571e-10
17.0,2.81,12.0,-3.493583947183909e-05
17.0,2.81,13.0,3.4095594777794336e-05
17.0,2.81,14.0,-1.1681309561904255e-05
17.0,2.81,15.0,5.098605008768686e-05
17.0,2.81,16.0,-0.0004916045437227123
17.0,2.81,17.0,-0.005391331122885512
17.0,2.81,18.0,-0.00025072568421852237
17.0,2.81,19.0,-0.001195305142888653
17.0,2.81,20.0,-0.0002395371310874861
17.0,2.81,21.0,1.1498437479939838e-09
17.0,3.01,0.0,0.001359815051547364
17.0,3.01,1.0,-2.8386366262511675e-05
17.0,3.01,2.0,2.478701043584497e-06
17.0,3.01,3.0,8.952683316909571e-10
17.0,3.01,4.0,-0.0014608247240266992
17.0,3.01,5.0,-0.00012705365925858315
17.0,3.01,6.0,-0.00011318162426621203
17.0,3.01,7.0,-8.305983220526011e-05
17.0,3.01,8.0,8.952683316909571e-10
17.0,3.01,9.0,-1.0334813975360069e-05
17.0,3.01,10.0,-6.007204807585709e-05
17.0,3.01,11.0,8.952683316909571e-10
17.0,3.01,12.0,-3.4931380448632865e-05
17.0,3.01,13.0,3.409569612031205e-05
17.0,3.01,14.0,-1.1681309568234845e-05
17.0,3.01,15.0,5.097414389898525e-05
17.0,3.01,16.0,-0.0004916077877820946
17.0,3.01,17.0,-0.005391347776103379
17.0,3.01,18.0,-0.0002507707168054041
17.0,3.01,19.0,-0.001195314637864403
17.0,3.01,20.0,-0.00023944672670289657
17.0,3.01,21.0,1.1498437479939838e-09
17.0,3.21,0.0,0.0013598238812092545
17.0,3.21,1.0,-2.8377390654421575e-05
17.0,3.21,2.0,2.4824048818761213e-06
17.0,3.21,3.0,8.952683316909571e-10
17.0,3.21,4.0,-0.0014608303729986283
17.0,3.21,5.0,-0.0001270536603021016
17.0,3.21,6.0,-0.00011317138959893169
17.0,3.21,7.0,-8.305983246697759e-05
17.0,3.21,8.0,8.952683316909571e-10
17.0,3.21,9.0,-1.033482278722797e-05
17.0,3.21,10.0,-6.007120854231718e-05
17.0,3.21,11.0,8.952683316909571e-10
17.0,3.21,12.0,-3.492691848500096e-05
17.0,3.21,13.0,3.409579743177127e-05
17.0,3.21,14.0,-1.1681309574565088e-05
17.0,3.21,15.0,5.09622304063484e-05
17.0,3.21,16.0,-0.0004916110319085759
17.0,3.21,17.0,-0.00539136442909993
17.0,3.21,18.0,-0.0002508157753796647
17.0,3.21,19.0,-0.0011953241337627346
17.0,3.21,20.0,-0.00023935626792842557
17.0,3.21,21.0,1.1498437479939838e-09
17.0,3.41,0.0,0.0013598327126788101
17.0,3.41,1.0,-2.8368409625056934e-05
17.0,3.41,2.0,2.486110943944464e-06
17.0,3.41,3.0,8.952683316909571e-10
17.0,3.41,4.0,-0.0014608360205591864
17.0,3.41,5.0,-0.00012705366134559034
17.0,3.41,6.0,-0.00011316114839809988
17.0,3.41,7.0,-8.305983272868384e-05
17.0,3.41,8.0,8.952683316909571e-10
17.0,3.41,9.0,-1.0334831577946124e-05
17.0,3.41,10.0,-6.007036864361104e-05
17.0,3.41,11.0,8.952683316909571e-10
17.0,3.41,12.0,-3.4922453581276436e-05
17.0,3.41,13.0,3.409589871219976e-05
17.0,3.41,14.0,-1.168130958089498e-05
17.0,3.41,15.0,5.095030961066449e-05
17.0,3.41,16.0,-0.0004916142761021008
17.0,3.41,17.0,-0.005391381081875209
17.0,3.41,18.0,-0.0002508608599380291
17.0,3.41,19.0,-0.001195333630583384
17.0,3.41,20.0,-0.0002392657547726218
17.0,3.41,21.0,1.1498437479939838e-09
17.0,3.61,0.0,0.001359841545956253
17.0,3.61,1.0,-2.8359423175361442e-05
17.0,3.61,2.0,2.489819229456458e-06
17.0,3.61,3.0,8.952683316909571e-10
17.0,3.61,4.0,-0.0014608416667088453
17.0,3.61,5.0,-0.0001270536623890494
17.0,3.61,6.0,-0.00011315090066515987
17.0,3.61,7.0,-8.305983299037887e-05
17.0,3.61,8.0,8.952683316909571e-10
17.0,3.61,9.0,-1.0334840347542285e-05
17.0,3.61,10.0,-6.006952837983581e-05
17.0,3.61,11.0,8.952683316909571e-10
17.0,3.61,12.0,-3.4917985737986657e-05
17.0,3.61,13.0,3.409599996165302e-05
17.0,3.61,14.0,-1.1681309587224526e-05
17.0,3.61,15.0,5.093838151348784e-05
17.0,3.61,16.0,-0.0004916175203626971
17.0,3.61,17.0,-0.005391397734429274
17.0,3.61,18.0,-0.0002509059704759453
17.0,3.61,19.0,-0.0011953431283262955
17.0,3.61,20.0,-0.00023917518724725362
17.0,3.61,21.0,1.1498437479939838e-09
17.0,3.81,0.0,0.0013598503810411389
17.0,3.81,1.0,-2.835043130638981e-05
17.0,3.81,2.0,2.493529737912503e-06
17.0,3.81,3.0,8.952683316909571e-10
17.0,3.81,4.0,-0.001460847311447841
17.0,3.81,5.0,-0.00012705366343247879
17.0,3.81,6.0,-0.00011314064640138843
17.0,3.81,7.0,-8.305983325206269e-05
17.0,3.81,8.0,8.952683316909571e-10
17.0,3.81,9.0,-1.0334849095988696e-05
17.0,3.81,10.0,-6.006868775104701e-05
17.0,3.81,11.0,8.952683316909571e-10
17.0,3.81,12.0,-3.491351495563122e-05
17.0,3.81,13.0,3.4096101180075555e-05
17.0,3.81,14.0,-1.1681309593553724e-05
17.0,3.81,15.0,5.092644611581765e-05
17.0,3.81,16.0,-0.0004916207646903925
17.0,3.81,17.0,-0.0053914143867621785
17.0,3.81,18.0,-0.00025095110698986067
17.0,3.81,19.0,-0.001195352626991289
17.0,3.81,20.0,-0.00023908456536231304
17.0,3.81,21.0,1.1498437479939838e-09
17.0,4.01,0.0,0.00135985921793369
17.0,4.01,1.0,-2.8341434018808176e-05
17.0,4.01,2.0,2.4972424689795325e-06
17.0,4.01,3.0,8.952683316909571e-10
17.0,4.01,4.0,-0.001460852954776326
17.0,4.01,5.0,-0.0001270536644758785
17.0,4.01,6.0,-0.00011313038560734068
17.0,4.01,7.0,-8.305983351373529e-05
17.0,4.01,8.0,8.952683316909571e-10
17.0,4.01,9.0,-1.0334857823313115e-05
17.0,4.01,10.0,-6.006784675728627e-05
17.0,4.01,11.0,8.952683316909571e-10
17.0,4.01,12.0,-3.490904123462646e-05
17.0,4.01,13.0,3.409620236749511e-05
17.0,4.01,14.0,-1.1681309599882571e-05
17.0,4.01,15.0,5.0914503418320045e-05
17.0,4.01,16.0,-0.0004916240090851315
17.0,4.01,17.0,-0.005391431038873965
17.0,4.01,18.0,-0.00025099626947677756
17.0,4.01,19.0,-0.001195362126578281
17.0,4.01,20.0,-0.00023899388912579367
17.0,4.01,21.0,1.1498437479939838e-09
18.0,0.01,0.0,5.68285491081566e-05
18.0,0.01,1.0,5.851576432902572e-06
18.0,0.01,2.0,3.86371585914258e-06
18.0,0.01,3.0,6.420181331012742e-10
18.0,0.01,4.0,4.350652129070376e-05
18.0,0.01,5.0,-7.55798712845214e-15
18.0,0.01,6.0,3.713923455717083e-06
18.0,0.01,7.0,8.168417585274756e-06
18.0,0.01,8.0,6.420181331012742e-10
18.0,0.01,9.0,-3.6846860160255623e-07
18.0,0.01,10.0,-3.2213933873898037e-06
18.0,0.01,11.0,6.420181331012742e-10
18.0,0.01,12.0,7.686765079450986e-06
18.0,0.01,13.0,3.0199769843308744e-05
18.0,0.01,14.0,-1.2799983859834993e-07
18.0,0.01,15.0,2.1360611006937535e-06
18.0,0.01,16.0,2.383461699340117e-05
18.0,0.01,17.0,-2.724778122846106e-12
18.0,0.01,18.0,2.134514181517666e-05
18.0,0.01,19.0,2.0174032228870153e-05
18.0,0.01,20.0,4.479522026290539e-05
18.0,0.01,21.0,1.2067869203935544e-09
18.0,0.21000000000000002,0.0,5.682854910826762e-05
18.0,0.21000000000000002,1.0,5.851576432930328e-06
18.0,0.21000000000000002,2.0,3.86371585914258e-06
18.0,0.21000000000000002,3.0,6.420181331012742e-10
18.0,0.21000000000000002,4.0,4.350652129070376e-05
18.0,0.21000000000000002,5.0,-7.55798712845214e-15
18.0,0.21000000000000002,6.0,3.713923455772594e-06
18.0,0.21000000000000002,7.0,8.168417585302512e-06
18.0,0.21000000000000002,8.0,6.420181331012742e-10
18.0,0.21000000000000002,9.0,-3.6846860157480066e-07
18.0,0.21000000000000002,10.0,-3.2213933873898037e-06
18.0,0.21000000000000002,11.0,6.420181331012742e-10
18.0,0.21000000000000002,12.0,7.686765079395474e-06
18.0,0.21000000000000002,13.0,3.019976984319772e-05
18.0,0.21000000000000002,14.0,-1.2799983859850027e-07
18.0,0.21000000000000002,15.0,2.136061100665998e-06
18.0,0.21000000000000002,16.0,2.3834616993290147e-05
18.0,0.21000000000000002,17.0,-2.724778122846106e-12
18.0,0.21000000000000002,18.0,2.134514181517666e-05
18.0,0.21000000000000002,19.0,2.0174032228981176e-05
18.0,0.21000000000000002,20.0,4.479522026290539e-05
18.0,0.21000000000000002,21.0,1.2067869203935544e-09
18.0,0.41000000000000003,0.0,5.68285491081566e-05
18.0,0.41000000000000003,1.0,5.851576432902572e-06
18.0,0.41000000000000003,2.0,3.86371585914258e-06
18.0,0.41000000000000003,3.0,6.420181331012742e-10
18.0,0.41000000000000003,4.0,4.350652129070376e-05
18.0,0.41000000000000003,5.0,-7.55798712845214e-15
18.0,0.41000000000000003,6.0,3.713923455717083e-06
18.0,0.41000000000000003,7.0,8.168417585274756e-06
18.0,0.41000000000000003,8.0,6.420181331012742e-10
18.0,0.41000000000000003,9.0,-3.6846860160255623e-07
18.0,0.41000000000000003,10.0,-3.2213933873898037e-06
18.0,0.41000000000000003,11.0,6.420181331012742e-10
18.0,0.41000000000000003,12.0,7.686765079450986e-06
18.0,0.41000000000000003,13.0,3.0199769843308744e-05
18.0,0.41000000000000003,14.0,-1.279998385982182e-07
18.0,0.41000000000000003,15.0,2.1360611006937535e-06
18.0,0.41000000000000003,16.0,2.383461699340117e-05
18.0,0.41000000000000003,17.0,-2.724778122846106e-12
18.0,0.41000000000000003,18.0,2.1345141815065638e-05
18.0,0.41000000000000003,19.0,2.0174032228870153e-05
18.0,0.41000000000000003,20.0,4.479522026290539e-05
18.0,0.41000000000000003,21.0,1.2067869203935544e-09
18.0,0.6100000000000001,0.0,5.68285491081566e-05
18.0,0.6100000000000001,1.0,5.851576432902572e-06
18.0,0.6100000000000001,2.0,3.86371585914258e-06
18.0,0.6100000000000001,3.0,6.420181331012742e-10
18.0,0.6100000000000001,4.0,4.350652129059274e-05
18.0,0.6100000000000001,5.0,-7.55798712845214e-15
18.0,0.6100000000000001,6.0,3.713923455772594e-06
18.0,0.6100000000000001,7.0,8.168417585274756e-06
18.0,0.6100000000000001,8.0,6.420181331012742e-10
18.0,0.6100000000000001,9.0,-3.6846860160255623e-07
18.0,0.6100000000000001,10.0,-3.2213933873898037e-06
18.0,0.6100000000000001,11.0,6.420181331012742e-10
18.0,0.6100000000000001,12.0,7.686765079395474e-06
18.0,0.6100000000000001,13.0,3.019976984319772e-05
18.0,0.6100000000000001,14.0,-1.2799983859842277e-07
18.0,0.6100000000000001,15.0,2.136061100665998e-06
18.0,0.6100000000000001,16.0,2.3834616993290147e-05
18.0,0.6100000000000001,17.0,-2.724778122846106e-12
18.0,0.6100000000000001,18.0,2.1345141815065638e-05
18.0,0.6100000000000001,19.0,2.0174032228870153e-05
18.0,0.6100000000000001,20.0,4.479522026290539e-05
18.0,0.6100000000000001,21.0,1.2067869203935544e-09
18.0,0.81,0.0,5.68285491081566e-05
18.0,0.81,1.0,5.851576432902572e-06
18.0,0.81,2.0,3.86371585914258e-06
18.0,0.81,3.0,6.420181331012742e-10
18.0,0.81,4.0,4.350652129070376e-05
18.0,0.81,5.0,-7.55798712845214e-15
18.0,0.81,6.0,3.713923455772594e-06
18.0,0.81,7.0,8.168417585274756e-06
18.0,0.81,8.0,6.420181331012742e-10
18.0,0.81,9.0,-3.6846860160255623e-07
18.0,0.81,10.0,-3.2213933873898037e-06
18.0,0.81,11.0,6.420181331012742e-10
18.0,0.81,12.0,7.686765079339963e-06
18.0,0.81,13.0,3.019976984319772e-05
18.0,0.81,14.0,-1.2799983859833722e-07
18.0,0.81,15.0,2.136061100665998e-06
18.0,0.81,16.0,2.383461699340117e-05
18.0,0.81,17.0,-2.724778122846106e-12
18.0,0.81,18.0,2.1345141815065638e-05
18.0,0.81,19.0,2.0174032228870153e-05
18.0,0.81,20.0,4.4795220262794366e-05
18.0,0.81,21.0,1.2067869203935544e-09
18.0,1.01,0.0,5.68285491081566e-05
18.0,1.01,1.0,5.851576432930328e-06
18.0,1.01,2.0,3.86371585914258e-06
18.0,1.01,3.0,6.420181331012742e-10
18.0,1.01,4.0,4.350652129070376e-05
18.0,1.01,5.0,-7.55798712845214e-15
18.0,1.01,6.0,3.713923455717083e-06
18.0,1.01,7.0,8.168417585274756e-06
18.0,1.01,8.0,6.420181331012742e-10
18.0,1.01,9.0,-3.6846860157480066e-07
18.0,1.01,10.0,-3.2213933873898037e-06
18.0,1.01,11.0,6.420181331012742e-10
18.0,1.01,12.0,7.686765079450986e-06
18.0,1.01,13.0,3.019976984319772e-05
18.0,1.01,14.0,-1.2799983859836602e-07
18.0,1.01,15.0,2.136061100665998e-06
18.0,1.01,16.0,2.3834616993290147e-05
18.0,1.01,17.0,-2.724778122846106e-12
18.0,1.01,18.0,2.1345141815065638e-05
18.0,1.01,19.0,2.0174032228870153e-05
18.0,1.01,20.0,4.4795220262794366e-05
18.0,1.01,21.0,1.2067869203935544e-09
18.0,1.2100000000000002,0.0,5.682854910804558e-05
18.0,1.2100000000000002,1.0,5.851576432902572e-06
18.0,1.2100000000000002,2.0,3.86371585914258e-06
18.0,1.2100000000000002,3.0,6.420181331012742e-10
18.0,1.2100000000000002,4.0,4.350652129070376e-05
18.0,1.2100000000000002,5.0,-7.55798712845214e-15
18.0,1.2100000000000002,6.0,3.713923455717083e-06
18.0,1.2100000000000002,7.0,8.168417585274756e-06
18.0,1.2100000000000002,8.0,6.420181331012742e-10
18.0,1.2100000000000002,9.0,-3.6846860157480066e-07
18.0,1.2100000000000002,10.0,-3.2213933873898037e-06
18.0,1.2100000000000002,11.0,6.420181331012742e-10
18.0,1.2100000000000002,12.0,7.686765079450986e-06
18.0,1.2100000000000002,13.0,3.0199769843419766e-05
18.0,1.2100000000000002,14.0,-1.279998385982953e-07
18.0,1.2100000000000002,15.0,2.1360611006937535e-06
18.0,1.2100000000000002,16.0,2.3834616993290147e-05
18.0,1.2100000000000002,17.0,-2.724778122846106e-12
18.0,1.2100000000000002,18.0,2.1345141815065638e-05
18.0,1.2100000000000002,19.0,2.0174032228870153e-05
18.0,1.2100000000000002,20.0,4.4795220262794366e-05
18.0,1.2100000000000002,21.0,1.2067869203935544e-09
18.0,1.4100000000000001,0.0,5.68285491081566e-05
18.0,1.4100000000000001,1.0,5.851576432902572e-06
18.0,1.4100000000000001,2.0,3.863715859198091e-06
18.0,1.4100000000000001,3.0,6.420181331012742e-10
18.0,1.4100000000000001,4.0,4.350652129070376e-05
18.0,1.4100000000000001,5.0,-7.55798712845214e-15
18.0,1.4100000000000001,6.0,3.713923455717083e-06
18.0,1.4100000000000001,7.0,8.168417585274756e-06
18.0,1.4100000000000001,8.0,6.420181331012742e-10
18.0,1.4100000000000001,9.0,-3.6846860160255623e-07
18.0,1.4100000000000001,10.0,-3.2213933873898037e-06
18.0,1.4100000000000001,11.0,6.420181331012742e-10
18.0,1.4100000000000001,12.0,7.686765079450986e-06
18.0,1.4100000000000001,13.0,3.0199769843308744e-05
18.0,1.4100000000000001,14.0,-1.2799983859829445e-07
18.0,1.4100000000000001,15.0,2.1360611006937535e-06
18.0,1.4100000000000001,16.0,2.383461699340117e-05
18.0,1.4100000000000001,17.0,-2.724778122846106e-12
18.0,1.4100000000000001,18.0,2.1345141815065638e-05
18.0,1.4100000000000001,19.0,2.0174032228870153e-05
18.0,1.4100000000000001,20.0,4.479522026290539e-05
18.0,1.4100000000000001,21.0,1.2067869203935544e-09
18.0,1.61,0.0,5.68285491081566e-05
18.0,1.61,1.0,5.851576432902572e-06
18.0,1.61,2.0,3.86371585914258e-06
18.0,1.61,3.0,6.420181331012742e-10
18.0,1.61,4.0,4.350652129070376e-05
18.0,1.61,5.0,-7.55798712845214e-15
18.0,1.61,6.0,3.713923455717083e-06
18.0,1.61,7.0,8.168417585274756e-06
18.0,1.61,8.0,6.420181331012742e-10
18.0,1.61,9.0,-3.6846860160255623e-07
18.0,1.61,10.0,-3.2213933873898037e-06
18.0,1.61,11.0,6.420181331012742e-10
18.0,1.61,12.0,7.686765079339963e-06
18.0,1.61,13.0,3.019976984319772e-05
18.0,1.61,14.0,-1.2799983859853289e-07
18.0,1.61,15.0,2.136061100665998e-06
18.0,1.61,16.0,2.383461699340117e-05
18.0,1.61,17.0,-2.724778122846106e-12
18.0,1.61,18.0,2.1345141815065638e-05
18.0,1.61,19.0,2.0174032228981176e-05
18.0,1.61,20.0,4.479522026290539e-05
18.0,1.61,21.0,1.2067869203935544e-09
18.0,1.81,0.0,5.68285491081566e-05
18.0,1.81,1.0,5.851576432902572e-06
18.0,1.81,2.0,3.863715859198091e-06
18.0,1.81,3.0,6.420181331012742e-10
18.0,1.81,4.0,4.350652129070376e-05
18.0,1.81,5.0,-7.55798712845214e-15
18.0,1.81,6.0,3.713923455717083e-06
18.0,1.81,7.0,8.168417585274756e-06
18.0,1.81,8.0,6.420181331012742e-10
18.0,1.81,9.0,-3.6846860160255623e-07
18.0,1.81,10.0,-3.2213933873898037e-06
18.0,1.81,11.0,6.420181331012742e-10
18.0,1.81,12.0,7.686765079450986e-06
18.0,1.81,13.0,3.0199769843308744e-05
18.0,1.81,14.0,-1.279998385983169e-07
18.0,1.81,15.0,2.1360611006937535e-06
18.0,1.81,16.0,2.383461699340117e-05
18.0,1.81,17.0,-2.724778122846106e-12
18.0,1.81,18.0,2.1345141815065638e-05
18.0,1.81,19.0,2.0174032228870153e-05
18.0,1.81,20.0,4.479522026290539e-05
18.0,1.81,21.0,1.2067869203935544e-09
18.0,2.01,0.0,5.68285491081566e-05
18.0,2.01,1.0,5.851576432902572e-06
18.0,2.01,2.0,3.86371585914258e-06
18.0,2.01,3.0,6.420181331012742e-10
18.0,2.01,4.0,4.350652129081478e-05
18.0,2.01,5.0,-7.55798712845214e-15
18.0,2.01,6.0,3.713923455772594e-06
18.0,2.01,7.0,8.168417585274756e-06
18.0,2.01,8.0,6.420181331012742e-10
18.0,2.01,9.0,-3.6846860160255623e-07
18.0,2.01,10.0,-3.2213933873898037e-06
18.0,2.01,11.0,6.420181331012742e-10
18.0,2.01,12.0,7.686765079395474e-06
18.0,2.01,13.0,3.019976984319772e-05
18.0,2.01,14.0,-1.2799983859837957e-07
18.0,2.01,15.0,2.136061100665998e-06
18.0,2.01,16.0,2.383461699340117e-05
18.0,2.01,17.0,-2.724778122846106e-12
18.0,2.01,18.0,2.134514181517666e-05
18.0,2.01,19.0,2.0174032228981176e-05
18.0,2.01,20.0,4.479522026301641e-05
18.0,2.01,21.0,1.2067869203935544e-09
18.0,2.21,0.0,5.68285491081566e-05
18.0,2.21,1.0,5.851576432902572e-06
18.0,2.21,2.0,3.86371585914258e-06
18.0,2.21,3.0,6.420181331012742e-10
18.0,2.21,4.0,4.350652129081478e-05
18.0,2.21,5.0,-7.55798712845214e-15
18.0,2.21,6.0,3.713923455717083e-06
18.0,2.21,7.0,8.168417585274756e-06
18.0,2.21,8.0,6.420181331012742e-10
18.0,2.21,9.0,-3.6846860157480066e-07
18.0,2.21,10.0,-3.2213933873898037e-06
18.0,2.21,11.0,6.420181331012742e-10
18.0,2.21,12.0,7.686765079395474e-06
18.0,2.21,13.0,3.0199769843308744e-05
18.0,2.21,14.0,-1.2799983859838211e-07
18.0,2.21,15.0,2.1360611006937535e-06
18.0,2.21,16.0,2.383461699340117e-05
18.0,2.21,17.0,-2.724778122846106e-12
18.0,2.21,18.0,2.1345141814954616e-05
18.0,2.21,19.0,2.0174032228981176e-05
18.0,2.21,20.0,4.479522026290539e-05
18.0,2.21,21.0,1.2067869203935544e-09
18.0,2.41,0.0,5.68285491081566e-05
18.0,2.41,1.0,5.851576432902572e-06
18.0,2.41,2.0,3.86371585914258e-06
18.0,2.41,3.0,6.420181331012742e-10
18.0,2.41,4.0,4.350652129070376e-05
18.0,2.41,5.0,-7.55798712845214e-15
18.0,2.41,6.0,3.713923455772594e-06
18.0,2.41,7.0,8.168417585274756e-06
18.0,2.41,8.0,6.420181331012742e-10
18.0,2.41,9.0,-3.6846860160255623e-07
18.0,2.41,10.0,-3.2213933873898037e-06
18.0,2.41,11.0,6.420181331012742e-10
18.0,2.41,12.0,7.686765079450986e-06
18.0,2.41,13.0,3.0199769843308744e-05
18.0,2.41,14.0,-1.2799983859837534e-07
18.0,2.41,15.0,2.136061100665998e-06
18.0,2.41,16.0,2.383461699340117e-05
18.0,2.41,17.0,-2.724778122846106e-12
18.0,2.41,18.0,2.134514181517666e-05
18.0,2.41,19.0,2.0174032228981176e-05
18.0,2.41,20.0,4.479522026301641e-05
18.0,2.41,21.0,1.2067869203935544e-09
18.0,2.61,0.0,5.682854910804558e-05
18.0,2.61,1.0,5.851576432902572e-06
18.0,2.61,2.0,3.86371585914258e-06
18.0,2.61,3.0,6.420181331012742e-10
18.0,2.61,4.0,4.350652129070376e-05
18.0,2.61,5.0,-7.55798712845214e-15
18.0,2.61,6.0,3.713923455717083e-06
18.0,2.61,7.0,8.168417585274756e-06
18.0,2.61,8.0,6.420181331012742e-10
18.0,2.61,9.0,-3.6846860157480066e-07
18.0,2.61,10.0,-3.2213933873898037e-06
18.0,2.61,11.0,6.420181331012742e-10
18.0,2.61,12.0,7.686765079450986e-06
18.0,2.61,13.0,3.0199769843308744e-05
18.0,2.61,14.0,-1.279998385983457e-07
18.0,2.61,15.0,2.1360611006937535e-06
18.0,2.61,16.0,2.3834616993290147e-05
18.0,2.61,17.0,-2.724778122846106e-12
18.0,2.61,18.0,2.134514181517666e-05
18.0,2.61,19.0,2.0174032228981176e-05
18.0,2.61,20.0,4.479522026301641e-05
18.0,2.61,21.0,1.2067869203935544e-09
18.0,2.81,0.0,5.68285491081566e-05
18.0,2.81,1.0,5.851576432902572e-06
18.0,2.81,2.0,3.86371585914258e-06
18.0,2.81,3.0,6.420181331012742e-10
18.0,2.81,4.0,4.350652129070376e-05
18.0,2.81,5.0,-7.55798712845214e-15
18.0,2.81,6.0,3.713923455717083e-06
18.0,2.81,7.0,8.168417585302512e-06
18.0,2.81,8.0,6.420181331012742e-10
18.0,2.81,9.0,-3.6846860160255623e-07
18.0,2.81,10.0,-3.2213933873898037e-06
18.0,2.81,11.0,6.420181331012742e-10
18.0,2.81,12.0,7.686765079450986e-06
18.0,2.81,13.0,3.0199769843308744e-05
18.0,2.81,14.0,-1.2799983859817247e-07
18.0,2.81,15.0,2.1360611006937535e-06
18.0,2.81,16.0,2.3834616993290147e-05
18.0,2.81,17.0,-2.724778122846106e-12
18.0,2.81,18.0,2.1345141815065638e-05
18.0,2.81,19.0,2.0174032228870153e-05
18.0,2.81,20.0,4.479522026290539e-05
18.0,2.81,21.0,1.2067869203935544e-09
18.0,3.01,0.0,5.682854910804558e-05
18.0,3.01,1.0,5.8515764328748165e-06
18.0,3.01,2.0,3.86371585914258e-06
18.0,3.01,3.0,6.420181331012742e-10
18.0,3.01,4.0,4.350652129070376e-05
18.0,3.01,5.0,-7.55798712845214e-15
18.0,3.01,6.0,3.713923455717083e-06
18.0,3.01,7.0,8.168417585219245e-06
18.0,3.01,8.0,6.420181331012742e-10
18.0,3.01,9.0,-3.6846860160255623e-07
18.0,3.01,10.0,-3.2213933873898037e-06
18.0,3.01,11.0,6.420181331012742e-10
18.0,3.01,12.0,7.686765079450986e-06
18.0,3.01,13.0,3.0199769843308744e-05
18.0,3.01,14.0,-1.2799983859848926e-07
18.0,3.01,15.0,2.1360611006937535e-06
18.0,3.01,16.0,2.3834616993290147e-05
18.0,3.01,17.0,-2.724778122846106e-12
18.0,3.01,18.0,2.1345141815065638e-05
18.0,3.01,19.0,2.0174032228870153e-05
18.0,3.01,20.0,4.4795220262794366e-05
18.0,3.01,21.0,1.2067869203935544e-09
18.0,3.21,0.0,5.68285491081566e-05
18.0,3.21,1.0,5.851576432902572e-06
18.0,3.21,2.0,3.86371585914258e-06
18.0,3.21,3.0,6.420181331012742e-10
18.0,3.21,4.0,4.350652129070376e-05
18.0,3.21,5.0,-7.55798712845214e-15
18.0,3.21,6.0,3.713923455772594e-06
18.0,3.21,7.0,8.168417585302512e-06
18.0,3.21,8.0,6.420181331012742e-10
18.0,3.21,9.0,-3.6846860160255623e-07
18.0,3.21,10.0,-3.221393387375926e-06
18.0,3.21,11.0,6.420181331012742e-10
18.0,3.21,12.0,7.686765079339963e-06
18.0,3.21,13.0,3.0199769843308744e-05
18.0,3.21,14.0,-1.2799983859839905e-07
18.0,3.21,15.0,2.1360611006937535e-06
18.0,3.21,16.0,2.3834616993290147e-05
18.0,3.21,17.0,-2.724778122846106e-12
18.0,3.21,18.0,2.1345141815065638e-05
18.0,3.21,19.0,2.0174032228870153e-05
18.0,3.21,20.0,4.4795220262683344e-05
18.0,3.21,21.0,1.2067869203935544e-09
18.0,3.41,0.0,5.68285491081566e-05
18.0,3.41,1.0,5.851576432902572e-06
18.0,3.41,2.0,3.86371585914258e-06
18.0,3.41,3.0,6.420181331012742e-10
18.0,3.41,4.0,4.350652129059274e-05
18.0,3.41,5.0,-7.55798712845214e-15
18.0,3.41,6.0,3.713923455717083e-06
18.0,3.41,7.0,8.168417585274756e-06
18.0,3.41,8.0,6.420181331012742e-10
18.0,3.41,9.0,-3.6846860160255623e-07
18.0,3.41,10.0,-3.2213933873898037e-06
18.0,3.41,11.0,6.420181331012742e-10
18.0,3.41,12.0,7.686765079395474e-06
18.0,3.41,13.0,3.0199769843308744e-05
18.0,3.41,14.0,-1.2799983859859048e-07
18.0,3.41,15.0,2.1360611006937535e-06
18.0,3.41,16.0,2.3834616993290147e-05
18.0,3.41,17.0,-2.724778122846106e-12
18.0,3.41,18.0,2.134514181517666e-05
18.0,3.41,19.0,2.017403222875913e-05
18.0,3.41,20.0,4.479522026290539e-05
18.0,3.41,21.0,1.2067869203935544e-09
18.0,3.61,0.0,5.68285491081566e-05
18.0,3.61,1.0,5.851576432902572e-06
18.0,3.61,2.0,3.86371585914258e-06
18.0,3.61,3.0,6.420181331012742e-10
18.0,3.61,4.0,4.350652129059274e-05
18.0,3.61,5.0,-7.55798712845214e-15
18.0,3.61,6.0,3.713923455717083e-06
18.0,3.61,7.0,8.168417585274756e-06
18.0,3.61,8.0,6.420181331012742e-10
18.0,3.61,9.0,-3.6846860160255623e-07
18.0,3.61,10.0,-3.2213933873898037e-06
18.0,3.61,11.0,6.420181331012742e-10
18.0,3.61,12.0,7.686765079395474e-06
18.0,3.61,13.0,3.0199769843308744e-05
18.0,3.61,14.0,-1.2799983859849435e-07
18.0,3.61,15.0,2.136061100665998e-06
18.0,3.61,16.0,2.383461699340117e-05
18.0,3.61,17.0,-2.724778122846106e-12
18.0,3.61,18.0,2.1345141815065638e-05
18.0,3.61,19.0,2.0174032228870153e-05
18.0,3.61,20.0,4.479522026290539e-05
18.0,3.61,21.0,1.2067869203935544e-09
18.0,3.81,0.0,5.682854910804558e-05
18.0,3.81,1.0,5.8515764328748165e-06
18.0,3.81,2.0,3.86371585914258e-06
18.0,3.81,3.0,6.420181331012742e-10
18.0,3.81,4.0,4.350652129070376e-05
18.0,3.81,5.0,-7.55798712845214e-15
18.0,3.81,6.0,3.713923455717083e-06
18.0,3.81,7.0,8.168417585247001e-06
18.0,3.81,8.0,6.420181331012742e-10
18.0,3.81,9.0,-3.6846860160255623e-07
18.0,3.81,10.0,-3.2213933873898037e-06
18.0,3.81,11.0,6.420181331012742e-10
18.0,3.81,12.0,7.686765079450986e-06
18.0,3.81,13.0,3.0199769843308744e-05
18.0,3.81,14.0,-1.2799983859864088e-07
18.0,3.81,15.0,2.1360611006937535e-06
18.0,3.81,16.0,2.383461699340117e-05
18.0,3.81,17.0,-2.724778122846106e-12
18.0,3.81,18.0,2.1345141815065638e-05
18.0,3.81,19.0,2.0174032228870153e-05
18.0,3.81,20.0,4.479522026290539e-05
18.0,3.81,21.0,1.2067869203935544e-09
18.0,4.01,0.0,5.68285491081566e-05
18.0,4.01,1.0,5.851576432902572e-06
18.0,4.01,2.0,3.863715859198091e-06
18.0,4.01,3.0,6.420181331012742e-10
18.0,4.01,4.0,4.350652129070376e-05
18.0,4.01,5.0,-7.55798712845214e-15
18.0,4.01,6.0,3.713923455717083e-06
18.0,4.01,7.0,8.168417585274756e-06
18.0,4.01,8.0,6.420181331012742e-10
18.0,4.01,9.0,-3.6846860160255623e-07
18.0,4.01,10.0,-3.2213933873898037e-06
18.0,4.01,11.0,6.420181331012742e-10
18.0,4.01,12.0,7.686765079450986e-06
18.0,4.01,13.0,3.0199769843308744e-05
18.0,4.01,14.0,-1.2799983859861124e-07
18.0,4.01,15.0,2.1360611006937535e-06
18.0,4.01,16.0,2.383461699340117e-05
18.0,4.01,17.0,-2.724778122846106e-12
18.0,4.01,18.0,2.1345141815065638e-05
18.0,4.01,19.0,2.0174032228870153e-05
18.0,4.01,20.0,4.479522026290539e-05
18.0,4.01,21.0,1.2067869203935544e-09
19.0,0.01,0.0,0.00014518627587783994
19.0,0.01,1.0,3.11004675901394e-07
19.0,0.01,2.0,5.701354859388719e-06
19.0,0.01,3.0,8.030839881989493e-10
19.0,0.01,4.0,-0.0001323773546030027
19.0,0.01,5.0,-5.2162963012941654e-05
19.0,0.01,6.0,-7.705536972407723e-06
19.0,0.01,7.0,-4.939858251770679e-05
19.0,0.01,8.0,8.030839881989493e-10
19.0,0.01,9.0,-5.605378096382174e-05
19.0,0.01,10.0,-1.0901429122717188e-05
19.0,0.01,11.0,8.030839881989493e-10
19.0,0.01,12.0,-9.35994594139511e-06
19.0,0.01,13.0,5.03877207061465e-06
19.0,0.01,14.0,-9.860492014556198e-08
19.0,0.01,15.0,9.089111074889189e-09
19.0,0.01,16.0,-4.651019681659041e-05
19.0,0.01,17.0,-6.854309584222729e-05
19.0,0.01,18.0,-6.547018763619628e-05
19.0,0.01,19.0,-3.1395862103933414e-05
19.0,0.01,20.0,6.280789530421771e-05
19.0,0.01,21.0,1.3516174568461992e-09
19.0,0.21000000000000002,0.0,0.003973674750054446
19.0,0.21000000000000002,1.0,9.022091419147449e-06
19.0,0.21000000000000002,2.0,9.30388464730203e-05
19.0,0.21000000000000002,3.0,8.030839881989493e-10
19.0,0.21000000000000002,4.0,-0.002400835338915913
19.0,0.21000000000000002,5.0,-0.0010071723913988029
19.0,0.21000000000000002,6.0,-0.00018627622193456705
19.0,0.21000000000000002,7.0,-0.0009309308967738184
19.0,0.21000000000000002,8.0,8.030839881989493e-10
19.0,0.21000000000000002,9.0,-0.001034154087637143
19.0,0.21000000000000002,10.0,-0.0002103339176522112
19.0,0.21000000000000002,11.0,8.030839881989493e-10
19.0,0.21000000000000002,12.0,-0.0003952119880293592
19.0,0.21000000000000002,13.0,9.02569882710591e-05
19.0,0.21000000000000002,14.0,-9.860492316735857e-08
19.0,0.21000000000000002,15.0,1.3546988192336684e-07
19.0,0.21000000000000002,16.0,-0.0008956159608067282
19.0,0.21000000000000002,17.0,-0.00131398454660539
19.0,0.21000000000000002,18.0,-0.00018598677768666416
19.0,0.21000000000000002,19.0,-0.0007601672780599977
19.0,0.21000000000000002,20.0,-0.00019170174855565048
19.0,0.21000000000000002,21.0,1.3516174568461992e-09
19.0,0.41000000000000003,0.0,0.008077061900546634
19.0,0.41000000000000003,1.0,1.8525355851645164e-05
19.0,0.41000000000000003,2.0,0.00017028605803237618
19.0,0.41000000000000003,3.0,8.030839881989493e-10
19.0,0.41000000000000003,4.0,-0.004344365153770791
19.0,0.41000000000000003,5.0,-0.001929070743933975
19.0,0.41000000000000003,6.0,-0.00043073987247294054
19.0,0.41000000000000003,7.0,-0.0017318797753813064
19.0,0.41000000000000003,8.0,8.030839881989493e-10
19.0,0.41000000000000003,9.0,-0.0019558613786986867
19.0,0.41000000000000003,10.0,-0.0004110493380421465
19.0,0.41000000000000003,11.0,8.030839881989493e-10
19.0,0.41000000000000003,12.0,-0.0006803125800297349
19.0,0.41000000000000003,13.0,0.00016927463491253625
19.0,0.41000000000000003,14.0,-9.860492447087068e-08
19.0,0.41000000000000003,15.0,2.494592359902903e-07
19.0,0.41000000000000003,16.0,-0.0017205374942244056
19.0,0.41000000000000003,17.0,-0.002550103825699035
19.0,0.41000000000000003,18.0,-0.0012068314614440134
19.0,0.41000000000000003,19.0,-0.0016093279326787058
19.0,0.41000000000000003,20.0,-4.723677173096297e-05
19.0,0.41000000000000003,21.0,1.3516174568461992e-09
19.0,0.6100000000000001,0.0,0.012212490898154238
19.0,0.6100000000000001,1.0,2.814479153961935e-05
19.0,0.6100000000000001,2.0,0.000244281804248736
19.0,0.6100000000000001,3.0,8.030839881989493e-10
19.0,0.6100000000000001,4.0,-0.006194407150815345
19.0,0.6100000000000001,5.0,-0.0028352029206074048
19.0,0.6100000000000001,6.0,-0.0006878062549991182
19.0,0.6100000000000001,7.0,-0.0025062380044677257
19.0,0.6100000000000001,8.0,8.030839881989493e-10
19.0,0.6100000000000001,9.0,-0.002855222708185501
19.0,0.6100000000000001,10.0,-0.0006101389624038056
19.0,0.6100000000000001,11.0,8.030839881989493e-10
19.0,0.6100000000000001,12.0,-0.0009417688849301942
19.0,0.6100000000000001,13.0,0.00024601019561282245
19.0,0.6100000000000001,14.0,-9.860492563560141e-08
19.0,0.6100000000000001,15.0,3.592966948962051e-07
19.0,0.6100000000000001,16.0,-0.002531800681211227
19.0,0.6100000000000001,17.0,-0.003771526923878471
19.0,0.6100000000000001,18.0,-0.0024105141657099205
19.0,0.6100000000000001,19.0,-0.002477524266403963
19.0,0.6100000000000001,20.0,0.00017815401664411645
19.0,0.6100000000000001,21.0,1.3516174568461992e-09
19.0,0.81,0.0,0.016263245770342938
19.0,0.81,1.0,3.755091176974035e-05
19.0,0.81,2.0,0.0003183971965690924
19.0,0.81,3.0,8.030839881989493e-10
19.0,0.81,4.0,-0.008054329054696413
19.0,0.81,5.0,-0.003732821722699564
19.0,0.81,6.0,-0.0009346211560845585
19.0,0.81,7.0,-0.0032787501417785303
19.0,0.81,8.0,8.030839881989493e-10
19.0,0.81,9.0,-0.0037488195270510283
19.0,0.81,10.0,-0.000806451285448595
19.0,0.81,11.0,8.030839881989493e-10
19.0,0.81,12.0,-0.0012089841869353524
19.0,0.81,13.0,0.00032240682260978315
19.0,0.81,14.0,-9.860492670120793e-08
19.0,0.81,15.0,4.6901681782784976e-07
19.0,0.81,16.0,-0.0033349809487876747
19.0,0.81,17.0,-0.004977764281128588
19.0,0.81,18.0,-0.0035121953835670627
19.0,0.81,19.0,-0.00332154045703148
19.0,0.81,20.0,0.0003643817372230296
19.0,0.81,21.0,1.3516174568461992e-09
19.0,1.01,0.0,0.020252161537245517
19.0,1.01,1.0,4.6806957369971425e-05
19.0,1.01,2.0,0.00039202354223261127
19.0,1.01,3.0,8.030839881989493e-10
19.0,1.01,4.0,-0.009904436212339468
19.0,1.01,5.0,-0.004620660097315987
19.0,1.01,6.0,-0.0011757486767492997
19.0,1.01,7.0,-0.004044966451050652
19.0,1.01,8.0,8.030839881989493e-10
19.0,1.01,9.0,-0.004633731836049676
19.0,1.01,10.0,-0.0010002819535474272
19.0,1.01,11.0,8.030839881989493e-10
19.0,1.01,12.0,-0.0014764757907596293
19.0,1.01,13.0,0.00039812127400493114
19.0,1.01,14.0,-9.860492764796746e-08
19.0,1.01,15.0,5.779016175599949e-07
19.0,1.01,16.0,-0.004129250387733818
19.0,1.01,17.0,-0.006169496472584912
19.0,1.01,18.0,-0.004566907334743131
19.0,1.01,19.0,-0.004150257119366951
19.0,1.01,20.0,0.0005342609639757967
19.0,1.01,21.0,1.3516174846017748e-09
19.0,1.2100000000000002,0.0,0.02411765015062628
19.0,1.2100000000000002,1.0,5.573707301481656e-05
19.0,1.2100000000000002,2.0,0.0004670597222904971
19.0,1.2100000000000002,3.0,8.030839881989493e-10
19.0,1.2100000000000002,4.0,-0.01179585937047764
19.0,1.2100000000000002,5.0,-0.00550252990120606
19.0,1.2100000000000002,6.0,-0.0013995564218677592
19.0,1.2100000000000002,7.0,-0.004818024675458582
19.0,1.2100000000000002,8.0,8.030839881989493e-10
19.0,1.2100000000000002,9.0,-0.005518973406744815
19.0,1.2100000000000002,10.0,-0.0011911385897138416
19.0,1.2100000000000002,11.0,8.030839881989493e-10
19.0,1.2100000000000002,12.0,-0.0017568993518918552
19.0,1.2100000000000002,13.0,0.00047426776021353145
19.0,1.2100000000000002,14.0,-9.860492850079975e-08
19.0,1.2100000000000002,15.0,6.882606686797743e-07
19.0,1.2100000000000002,16.0,-0.004917967357281422
19.0,1.2100000000000002,17.0,-0.007347442539536536
19.0,1.2100000000000002,18.0,-0.005442128099981458
19.0,1.2100000000000002,19.0,-0.004942106697507054
19.0,1.2100000000000002,20.0,0.0006348103096420754
19.0,1.2100000000000002,21.0,1.3516174568461992e-09
19.0,1.4100000000000001,0.0,0.028061406582231774
19.0,1.4100000000000001,1.0,6.491463866947766e-05
19.0,1.4100000000000001,2.0,0.0005375312743345073
19.0,1.4100000000000001,3.0,8.030839881989493e-10
19.0,1.4100000000000001,4.0,-0.013563431819075156
19.0,1.4100000000000001,5.0,-0.006366919903093515
19.0,1.4100000000000001,6.0,-0.0016438819258024484
19.0,1.4100000000000001,7.0,-0.0055564579616377285
19.0,1.4100000000000001,8.0,8.030839881989493e-10
19.0,1.4100000000000001,9.0,-0.0063764587554901025
19.0,1.4100000000000001,10.0,-0.0013808567547670958
19.0,1.4100000000000001,11.0,8.030839881989493e-10
19.0,1.4100000000000001,12.0,-0.002008074986488778
19.0,1.4100000000000001,13.0,0.0005473810356598774
19.0,1.4100000000000001,14.0,-9.86049291903809e-08
19.0,1.4100000000000001,15.0,7.928685980262973e-07
19.0,1.4100000000000001,16.0,-0.005691246803635169
19.0,1.4100000000000001,17.0,-0.008510939310560739
19.0,1.4100000000000001,18.0,-0.006574234276983892
19.0,1.4100000000000001,19.0,-0.005767859501394801
19.0,1.4100000000000001,20.0,0.0008424949745011734
19.0,1.4100000000000001,21.0,1.3516174568461992e-09
19.0,1.61,0.0,0.03193157335910729
19.0,1.61,1.0,7.390670787010833e-05
19.0,1.61,2.0,0.0006079815409364697
19.0,1.61,3.0,8.030839881989493e-10
19.0,1.61,4.0,-0.015333983073958585
19.0,1.61,5.0,-0.0072228589193815695
19.0,1.61,6.0,-0.0018800397345247188
19.0,1.61,7.0,-0.006291900313821042
19.0,1.61,8.0,8.030839881989493e-10
19.0,1.61,9.0,-0.007227784920404337
19.0,1.61,10.0,-0.0015680800542413609
19.0,1.61,11.0,8.030839881989493e-10
19.0,1.61,12.0,-0.0022624192308792757
19.0,1.61,13.0,0.000620102803942979
19.0,1.61,14.0,-9.860492978200898e-08
19.0,1.61,15.0,8.972140070617751e-07
19.0,1.61,16.0,-0.0064568106041731355
19.0,1.61,17.0,-0.009660674033486444
19.0,1.61,18.0,-0.007631584739063335
19.0,1.61,19.0,-0.006573886907894011
19.0,1.61,20.0,0.0010225705649717365
19.0,1.61,21.0,1.3516174846017748e-09
19.0,1.81,0.0,0.03574117387736325
19.0,1.81,1.0,8.27498516681735e-05
19.0,1.81,2.0,0.0006780718318430412
19.0,1.81,3.0,8.030839881989493e-10
19.0,1.81,4.0,-0.01709698919513572
19.0,1.81,5.0,-0.00806976156700942
19.0,1.81,6.0,-0.0021105206937896137
19.0,1.81,7.0,-0.007022007294666371
19.0,1.81,8.0,8.030839881989493e-10
19.0,1.81,9.0,-0.00807140323674961
19.0,1.81,10.0,-0.001752984051689499
19.0,1.81,11.0,8.030839881989493e-10
19.0,1.81,12.0,-0.0025172662235433407
19.0,1.81,13.0,0.0006922447210762073
19.0,1.81,14.0,-9.860493028962182e-08
19.0,1.81,15.0,1.0008998334865016e-06
19.0,1.81,16.0,-0.007214246760714277
19.0,1.81,17.0,-0.010797089955687372
19.0,1.81,18.0,-0.008641962583749108
19.0,1.81,19.0,-0.007365049271766011
19.0,1.81,20.0,0.0011863607426884082
19.0,1.81,21.0,1.3516174846017748e-09
19.0,2.01,0.0,0.03941230394016754
19.0,2.01,1.0,9.121528303829285e-05
19.0,2.01,2.0,0.0007500972511263748
19.0,2.01,3.0,8.030839881989493e-10
19.0,2.01,4.0,-0.01891149848898352
19.0,2.01,5.0,-0.008911146761860111
19.0,2.01,6.0,-0.002323008186331854
19.0,2.01,7.0,-0.007762251813660748
19.0,2.01,8.0,8.030839881989493e-10
19.0,2.01,9.0,-0.008917786914940037
19.0,2.01,10.0,-0.0019350158673400175
19.0,2.01,11.0,8.030839881989493e-10
19.0,2.01,12.0,-0.0027901640323696186
19.0,2.01,13.0,0.00076512166877582
19.0,2.01,14.0,-9.86049307035441e-08
19.0,2.01,15.0,1.1067450952639835e-06
19.0,2.01,16.0,-0.007967515683281218
19.0,2.01,17.0,-0.011922627255345097
19.0,2.01,18.0,-0.009448074007039287
19.0,2.01,19.0,-0.008119478392002
19.0,2.01,20.0,0.001264585258060058
19.0,2.01,21.0,1.3516174846017748e-09
19.0,2.21,0.0,0.04314922302179136
19.0,2.21,1.0,9.989805843108046e-05
19.0,2.21,2.0,0.0008182136981627619
19.0,2.21,3.0,8.030839881989493e-10
19.0,2.21,4.0,-0.020623336891614247
19.0,2.21,5.0,-0.009738227077202594
19.0,2.21,6.0,-0.0025500235104656266
19.0,2.21,7.0,-0.008473168896448419
19.0,2.21,8.0,8.030839881989493e-10
19.0,2.21,9.0,-0.009740353271031746
19.0,2.21,10.0,-0.0021157975051587785
19.0,2.21,11.0,8.030839881989493e-10
19.0,2.21,12.0,-0.0030354830415237066
19.0,2.21,13.0,0.0008354107087353846
19.0,2.21,14.0,-9.86049311023554e-08
19.0,2.21,15.0,1.2076021802531756e-06
19.0,2.21,16.0,-0.008706993209197128
19.0,2.21,17.0,-0.013032549025196627
19.0,2.21,18.0,-0.010461576547994733
19.0,2.21,19.0,-0.00889569932600165
19.0,2.21,20.0,0.0014377678980219688
19.0,2.21,21.0,1.3516174846017748e-09
19.0,2.41,0.0,0.046801311243844956
19.0,2.41,1.0,0.00010835822927274252
19.0,2.41,2.0,0.000886750221431587
19.0,2.41,3.0,8.030839881989493e-10
19.0,2.41,4.0,-0.02234731809600507
19.0,2.41,5.0,-0.010557609333703616
19.0,2.41,6.0,-0.002768067076291514
19.0,2.41,7.0,-0.009184028115531984
19.0,2.41,8.0,8.030839881989493e-10
19.0,2.41,9.0,-0.010558991582618082
19.0,2.41,10.0,-0.002294203310795745
19.0,2.41,11.0,8.030839881989493e-10
19.0,2.41,12.0,-0.003287694065779778
19.0,2.41,13.0,0.0009055753631749819
19.0,2.41,14.0,-9.860493142835931e-08
19.0,2.41,15.0,1.3087863730554261e-06
19.0,2.41,16.0,-0.009440044680108284
19.0,2.41,17.0,-0.014131026559816018
19.0,2.41,18.0,-0.011380698500642938
19.0,2.41,19.0,-0.009651723357480935
19.0,2.41,20.0,0.0015714044186238008
19.0,2.41,21.0,1.3516174568461992e-09
19.0,2.61,0.0,0.05041096798328176
19.0,2.61,1.0,0.000116719005060828
19.0,2.61,2.0,0.0009545422405143333
19.0,2.61,3.0,8.030839881989493e-10
19.0,2.61,4.0,-0.024052364856418956
19.0,2.61,5.0,-0.01136772658266455
19.0,2.61,6.0,-0.0029835289911072094
19.0,2.61,7.0,-0.009887027540257748
19.0,2.61,8.0,8.030839881989493e-10
19.0,2.61,9.0,-0.011368468723215938
19.0,2.61,10.0,-0.0024705839963477527
19.0,2.61,11.0,8.030839881989493e-10
19.0,2.61,12.0,-0.0035372792410996445
19.0,2.61,13.0,0.0009749626491880325
19.0,2.61,14.0,-9.86049317106679e-08
19.0,2.61,15.0,1.4088692850966478e-06
19.0,2.61,16.0,-0.01016483763590742
19.0,2.61,17.0,-0.015217131786767618
19.0,2.61,18.0,-0.012287873554441386
19.0,2.61,19.0,-0.010399025307363197
19.0,2.61,20.0,0.0017025600039513034
19.0,2.61,21.0,1.3516174568461992e-09
19.0,2.81,0.0,0.053998228988812624
19.0,2.81,1.0,0.00012503999582216818
19.0,2.81,2.0,0.0010209844417592984
19.0,2.81,3.0,8.030839881989493e-10
19.0,2.81,4.0,-0.025723311715714736
19.0,2.81,5.0,-0.01216774562393863
19.0,2.81,6.0,-0.003199879825476426
19.0,2.81,7.0,-0.010577951433293903
19.0,2.81,8.0,8.030839881989493e-10
19.0,2.81,9.0,-0.012166181667392473
19.0,2.81,10.0,-0.002645092377399627
19.0,2.81,11.0,8.030839881989493e-10
19.0,2.81,12.0,-0.0037801026333044163
19.0,2.81,13.0,0.0010432244056772788
19.0,2.81,14.0,-9.860493189926005e-08
19.0,2.81,15.0,1.5070938780836762e-06
19.0,2.81,16.0,-0.010880492680631654
19.0,2.81,17.0,-0.01629046517002089
19.0,2.81,18.0,-0.013223015934987203
19.0,2.81,19.0,-0.011143726609158022
19.0,2.81,20.0,0.001850448584211517
19.0,2.81,21.0,1.3516174568461992e-09
19.0,3.01,0.0,0.0575494204790139
19.0,3.01,1.0,0.0001332794242066282
19.0,3.01,2.0,0.001086609938302674
19.0,3.01,3.0,8.030839881989493e-10
19.0,3.01,4.0,-0.027374131773539284
19.0,3.01,5.0,-0.012958850085870693
19.0,3.01,6.0,-0.003413733352088444
19.0,3.01,7.0,-0.011260938391604358
19.0,3.01,8.0,8.030839881989493e-10
19.0,3.01,9.0,-0.012954642322016333
19.0,3.01,10.0,-0.0028176653392677498
19.0,3.01,11.0,8.030839881989493e-10
19.0,3.01,12.0,-0.004019407456112234
19.0,3.01,13.0,0.0011106886803992355
19.0,3.01,14.0,-9.860493213041592e-08
19.0,3.01,15.0,1.6041251398868361e-06
19.0,3.01,16.0,-0.01158795251177594
19.0,3.01,17.0,-0.01735139412465525
19.0,3.01,18.0,-0.014150093571732247
19.0,3.01,19.0,-0.011879901475360333
19.0,3.01,20.0,0.0019968478741989593
19.0,3.01,21.0,1.3516174846017748e-09
19.0,3.21,0.0,0.061057994061338994
19.0,3.21,1.0,0.00014141816823387554
19.0,3.21,2.0,0.0011515907132193526
19.0,3.21,3.0,8.030839881989493e-10
19.0,3.21,4.0,-0.029008805894897488
19.0,3.21,5.0,-0.013741270976403569
19.0,3.21,6.0,-0.0036247101487752453
19.0,3.21,7.0,-0.011936896122841212
19.0,3.21,8.0,8.030839881989493e-10
19.0,3.21,9.0,-0.013734703898613296
19.0,3.21,10.0,-0.0029882915001062105
19.0,3.21,11.0,8.030839881989493e-10
19.0,3.21,12.0,-0.004256701773598992
19.0,3.21,13.0,0.0011774502040408363
19.0,3.21,14.0,-9.860493233228607e-08
19.0,3.21,15.0,1.700182700570263e-06
19.0,3.21,16.0,-0.01228766675344703
19.0,3.21,17.0,-0.018400558235825176
19.0,3.21,18.0,-0.015060616056253529
19.0,3.21,19.0,-0.012606978909355915
19.0,3.21,20.0,0.002139001681866315
19.0,3.21,21.0,1.3516174568461992e-09
19.0,3.41,0.0,0.06452525407552956
19.0,3.41,1.0,0.0001494595300549073
19.0,3.41,2.0,0.0012159208759382478
19.0,3.41,3.0,8.030839881989493e-10
19.0,3.41,4.0,-0.030627124278283624
19.0,3.41,5.0,-0.014515121330291036
19.0,3.41,6.0,-0.0038329618396172604
19.0,3.41,7.0,-0.012605827637885259
19.0,3.41,8.0,8.030839881989493e-10
19.0,3.41,9.0,-0.014506424794018313
19.0,3.41,10.0,-0.003157008801514538
19.0,3.41,11.0,8.030839881989493e-10
19.0,3.41,12.0,-0.004491900168214907
19.0,3.41,13.0,0.001243511079354137
19.0,3.41,14.0,-9.860493250873584e-08
19.0,3.41,15.0,1.7952633558637743e-06
19.0,3.41,16.0,-0.012979735843189094
19.0,3.41,17.0,-0.019438150340770455
19.0,3.41,18.0,-0.015956063218040217
19.0,3.41,19.0,-0.013325308484872012
19.0,3.41,20.0,0.002277422348971214
19.0,3.41,21.0,1.3516174568461992e-09
19.0,3.61,0.0,0.06798390777519975
19.0,3.61,1.0,0.0001575025889050119
19.0,3.61,2.0,0.0012786440146340672
19.0,3.61,3.0,8.030839881989493e-10
19.0,3.61,4.0,-0.032207678190499106
19.0,3.61,5.0,-0.015279253163422296
19.0,3.61,6.0,-0.0040431571546787615
19.0,3.61,7.0,-0.013261581485478319
19.0,3.61,8.0,8.030839881989493e-10
19.0,3.61,9.0,-0.015265866445833678
19.0,3.61,10.0,-0.003324012852097852
19.0,3.61,11.0,8.030839881989493e-10
19.0,3.61,12.0,-0.004718111956190901
19.0,3.61,13.0,0.0013083320011595678
19.0,3.61,14.0,-9.860493264334153e-08
19.0,3.61,15.0,1.888132575234014e-06
19.0,3.61,16.0,-0.013662646754509122
19.0,3.61,17.0,-0.02046285146359364
19.0,3.61,18.0,-0.016897489370851948
19.0,3.61,19.0,-0.01404284797547306
19.0,3.61,20.0,0.002439869842051856
19.0,3.61,21.0,1.3516174568461992e-09
19.0,3.81,0.0,0.07136532302645843
19.0,3.81,1.0,0.00016533816398475731
19.0,3.81,2.0,0.0013418600443021456
19.0,3.81,3.0,8.030839881989493e-10
19.0,3.81,4.0,-0.033797662890840685
19.0,3.81,5.0,-0.0160365828420152
19.0,3.81,6.0,-0.004245366181549581
19.0,3.81,7.0,-0.013917812720640271
19.0,3.81,8.0,8.030839881989493e-10
19.0,3.81,9.0,-0.016021983211916224
19.0,3.81,10.0,-0.0034889789016713524
19.0,3.81,11.0,8.030839881989493e-10
19.0,3.81,12.0,-0.004950373887757875
19.0,3.81,13.0,0.0013731141180190476
19.0,3.81,14.0,-9.860493278385061e-08
19.0,3.81,15.0,1.98150573563205e-06
19.0,3.81,16.0,-0.014340069420585161
19.0,3.81,17.0,-0.02147812423852194
19.0,3.81,18.0,-0.01775379969766061
19.0,3.81,19.0,-0.014742888717881264
19.0,3.81,20.0,0.002566520115397819
19.0,3.81,21.0,1.3516174568461992e-09
19.0,4.01,0.0,0.0747099680852531
19.0,4.01,1.0,0.00017308822533887436
19.0,4.01,2.0,0.0014043852492327258
19.0,4.01,3.0,8.030839881989493e-10
19.0,4.01,4.0,-0.03537020730810156
19.0,4.01,5.0,-0.01678564221397158
19.0,4.01,6.0,-0.004445382061664338
19.0,4.01,7.0,-0.01456687912620011
19.0,4.01,8.0,8.030839881989493e-10
19.0,4.01,9.0,-0.01676983063036684
19.0,4.01,10.0,-0.0036521475758740096
19.0,4.01,11.0,8.030839881989493e-10
19.0,4.01,12.0,-0.005180129299826863
19.0,4.01,13.0,0.0014371884177447614
19.0,4.01,14.0,-9.860493290652634e-08
19.0,4.01,15.0,2.0738627241334573e-06
19.0,4.01,16.0,-0.015010094231002358
19.0,4.01,17.0,-0.022482326159597082
19.0,4.01,18.0,-0.018600666800432653
19.0,4.01,19.0,-0.01543533791738716
19.0,4.01,20.0,0.0026915315031508236
19.0,4.01,21.0,1.3516174846017748e-09
20.0,0.01,0.0,-0.00018592827548086222
20.0,0.01,1.0,-8.355263870440943e-06
20.0,0.01,2.0,0.000700342859927594
20.0,0.01,3.0,7.29052290759924e-10
20.0,0.01,4.0,-0.00011392899424161884
20.0,0.01,5.0,2.9058250956975895e-05
20.0,0.01,6.0,3.782449105355079e-05
20.0,0.01,7.0,-6.899702802856678e-05
20.0,0.01,8.0,7.29052290759924e-10
20.0,0.01,9.0,-9.436124943762447e-05
20.0,0.01,10.0,-3.0110171690161947e-05
20.0,0.01,11.0,7.29052290759924e-10
20.0,0.01,12.0,4.4634172358892776e-05
20.0,0.01,13.0,3.453492121699431e-05
20.0,0.01,14.0,-3.7483426239158296e-09
20.0,0.01,15.0,1.5020193848691576e-06
20.0,0.01,16.0,0.0004521385438773784
20.0,0.01,17.0,2.973270755102231e-06
20.0,0.01,18.0,5.2194624504897646e-05
20.0,0.01,19.0,-3.877914378386249e-05
20.0,0.01,20.0,5.14764756499031e-05
20.0,0.01,21.0,1.290737489112459e-09
20.0,0.21000000000000002,0.0,0.006343589959778684
20.0,0.21000000000000002,1.0,7.832536896623665e-05
20.0,0.21000000000000002,2.0,0.0031932674919676884
20.0,0.21000000000000002,3.0,7.29052290759924e-10
20.0,0.21000000000000002,4.0,0.0001207487121211992
20.0,0.21000000000000002,5.0,-0.0004609186007208943
20.0,0.21000000000000002,6.0,-7.83302308156042e-05
20.0,0.21000000000000002,7.0,-0.0006073847221752804
20.0,0.21000000000000002,8.0,7.29052290759924e-10
20.0,0.21000000000000002,9.0,-0.0010180645485124429
20.0,0.21000000000000002,10.0,-0.0002737771653844312
20.0,0.21000000000000002,11.0,7.29052290759924e-10
20.0,0.21000000000000002,12.0,0.0002657277534171554
20.0,0.21000000000000002,13.0,0.0003456389492589862
20.0,0.21000000000000002,14.0,-3.748342626510679e-09
20.0,0.21000000000000002,15.0,9.438841309994395e-06
20.0,0.21000000000000002,16.0,0.00123687132644007
20.0,0.21000000000000002,17.0,-0.0004509260516927238
20.0,0.21000000000000002,18.0,0.0003608159318437276
20.0,0.21000000000000002,19.0,-0.00016059647152613654
20.0,0.21000000000000002,20.0,0.00030783765946973407
20.0,0.21000000000000002,21.0,1.290737489112459e-09
20.0,0.41000000000000003,0.0,0.012719120582967092
20.0,0.41000000000000003,1.0,0.0001614775552011838
20.0,0.41000000000000003,2.0,0.0058080105410141525
20.0,0.41000000000000003,3.0,7.29052290759924e-10
20.0,0.41000000000000003,4.0,0.000338970303313757
20.0,0.41000000000000003,5.0,-0.0009331591701039754
20.0,0.41000000000000003,6.0,-0.000184826075378286
20.0,0.41000000000000003,7.0,-0.0011480780522878375
20.0,0.41000000000000003,8.0,7.29052290759924e-10
20.0,0.41000000000000003,9.0,-0.001948583985546981
20.0,0.41000000000000003,10.0,-0.0005218764288368316
20.0,0.41000000000000003,11.0,7.29052290759924e-10
20.0,0.41000000000000003,12.0,0.0004917693946354662
20.0,0.41000000000000003,13.0,0.0006599264652991099
20.0,0.41000000000000003,14.0,-3.748342627578658e-09
20.0,0.41000000000000003,15.0,1.760172617423783e-05
20.0,0.41000000000000003,16.0,0.002100766931457443
20.0,0.41000000000000003,17.0,-0.0009187477471627181
20.0,0.41000000000000003,18.0,0.0006749931110750507
20.0,0.41000000000000003,19.0,-0.00029020089708020613
20.0,0.41000000000000003,20.0,0.0005686161612726282
20.0,0.41000000000000003,21.0,1.290737489112459e-09
20.0,0.6100000000000001,0.0,0.0192534494990394
20.0,0.6100000000000001,1.0,0.0002489553846326542
20.0,0.6100000000000001,2.0,0.008197788999851296
20.0,0.6100000000000001,3.0,7.29052290759924e-10
20.0,0.6100000000000001,4.0,0.0005993903375003384
20.0,0.6100000000000001,5.0,-0.0014206870414132655
20.0,0.6100000000000001,6.0,-0.000306327200258083
20.0,0.6100000000000001,7.0,-0.0016693846632699905
20.0,0.6100000000000001,8.0,7.29052290759924e-10
20.0,0.6100000000000001,9.0,-0.002857698607538761
20.0,0.6100000000000001,10.0,-0.0007639115556855314
20.0,0.6100000000000001,11.0,7.29052290759924e-10
20.0,0.6100000000000001,12.0,0.0007050915314381623
20.0,0.6100000000000001,13.0,0.0009659083551669112
20.0,0.6100000000000001,14.0,-3.748342628531439e-09
20.0,0.6100000000000001,15.0,2.5321262705796377e-05
20.0,0.6100000000000001,16.0,0.002810372703424824
20.0,0.6100000000000001,17.0,-0.0014000209678354802
20.0,0.6100000000000001,18.0,0.0009780168420902013
20.0,0.6100000000000001,19.0,-0.00040734962805882846
20.0,0.6100000000000001,20.0,0.0008118975475427392
20.0,0.6100000000000001,21.0,1.290737489112459e-09
20.0,0.81,0.0,0.026395606043680464
20.0,0.81,1.0,0.00035200792218098576
20.0,0.81,2.0,0.009908285007309336
20.0,0.81,3.0,7.29052290759924e-10
20.0,0.81,4.0,0.0009674408719316796
20.0,0.81,5.0,-0.0019758425167981097
20.0,0.81,6.0,-0.00047704007182397534
20.0,0.81,7.0,-0.0021484446051417694
20.0,0.81,8.0,7.29052290759924e-10
20.0,0.81,9.0,-0.003702997109669065
20.0,0.81,10.0,-0.000979508780020899
20.0,0.81,11.0,7.29052290759924e-10
20.0,0.81,12.0,0.0008813709553565641
20.0,0.81,13.0,0.0012466925186226385
20.0,0.81,14.0,-3.748342629385978e-09
20.0,0.81,15.0,3.162890912228322e-05
20.0,0.81,16.0,0.0030652091650346103
20.0,0.81,17.0,-0.0018521564340302499
20.0,0.81,18.0,0.001242033540002796
20.0,0.81,19.0,-0.0004819834934383649
20.0,0.81,20.0,0.001013365975405578
20.0,0.81,21.0,1.290737489112459e-09
20.0,1.01,0.0,0.03312929464518494
20.0,1.01,1.0,0.00044516290590806973
20.0,1.01,2.0,0.01200666060799438
20.0,1.01,3.0,7.29052290759924e-10
20.0,1.01,4.0,0.0012642839803667094
20.0,1.01,5.0,-0.002488324654286639
20.0,1.01,6.0,-0.0006174538368241556
20.0,1.01,7.0,-0.002651123246590198
20.0,1.01,8.0,7.29052290759924e-10
20.0,1.01,9.0,-0.004579941423676126
20.0,1.01,10.0,-0.001208035677578545
20.0,1.01,11.0,7.29052290759924e-10
20.0,1.01,12.0,0.0010783541333115043
20.0,1.01,13.0,0.0015401737499404211
20.0,1.01,14.0,-3.74834263002923e-09
20.0,1.01,15.0,3.871666019827913e-05
20.0,1.01,16.0,0.0035905341199232166
20.0,1.01,17.0,-0.002308292757291497
20.0,1.01,18.0,0.0015265198368594746
20.0,1.01,19.0,-0.0005810405895656512
20.0,1.01,20.0,0.0012394043518008657
20.0,1.01,21.0,1.290737489112459e-09
20.0,1.2100000000000002,0.0,0.03979449897738713
20.0,1.2100000000000002,1.0,0.0005369276850918925
20.0,1.2100000000000002,2.0,0.014138391668376549
20.0,1.2100000000000002,3.0,7.29052290759924e-10
20.0,1.2100000000000002,4.0,0.0015523868414520359
20.0,1.2100000000000002,5.0,-0.002994670160022167
20.0,1.2100000000000002,6.0,-0.0007540760423235815
20.0,1.2100000000000002,7.0,-0.003154491446808544
20.0,1.2100000000000002,8.0,7.29052290759924e-10
20.0,1.2100000000000002,9.0,-0.005456674183409227
20.0,1.2100000000000002,10.0,-0.0014369336813298828
20.0,1.2100000000000002,11.0,7.29052290759924e-10
20.0,1.2100000000000002,12.0,0.001276857211081589
20.0,1.2100000000000002,13.0,0.0018338378409194223
20.0,1.2100000000000002,14.0,-3.74834263052109e-09
20.0,1.2100000000000002,15.0,4.5859949326571003e-05
20.0,1.2100000000000002,16.0,0.004142837704950053
20.0,1.2100000000000002,17.0,-0.0027622065931815487
20.0,1.2100000000000002,18.0,0.0018119621591222712
20.0,1.2100000000000002,19.0,-0.0006821719080987998
20.0,1.2100000000000002,20.0,0.0014674231147135952
20.0,1.2100000000000002,21.0,1.290737489112459e-09
20.0,1.4100000000000001,0.0,0.04640594004413884
20.0,1.4100000000000001,1.0,0.0006276798515345017
20.0,1.4100000000000001,2.0,0.016287840120979058
20.0,1.4100000000000001,3.0,7.29052290759924e-10
20.0,1.4100000000000001,4.0,0.0018350161491990646
20.0,1.4100000000000001,5.0,-0.0034962066808350567
20.0,1.4100000000000001,6.0,-0.0008881606956113175
20.0,1.4100000000000001,7.0,-0.003657259612607461
20.0,1.4100000000000001,8.0,7.29052290759924e-10
20.0,1.4100000000000001,9.0,-0.006331784696778281
20.0,1.4100000000000001,10.0,-0.00166577133245277
20.0,1.4100000000000001,11.0,7.29052290759924e-10
20.0,1.4100000000000001,12.0,0.001475936698382363
20.0,1.4100000000000001,13.0,0.002127137650533739
20.0,1.4100000000000001,14.0,-3.748342630894676e-09
20.0,1.4100000000000001,15.0,5.302561424755381e-05
20.0,1.4100000000000001,16.0,0.00471062148531648
20.0,1.4100000000000001,17.0,-0.003214849881341464
20.0,1.4100000000000001,18.0,0.0020975830614078927
20.0,1.4100000000000001,19.0,-0.0007844310989073289
20.0,1.4100000000000001,20.0,0.0016961277448602763
20.0,1.4100000000000001,21.0,1.290737489112459e-09
20.0,1.61,0.0,0.052970419938660085
20.0,1.61,1.0,0.0007175930602008052
20.0,1.61,2.0,0.01844793320596949
20.0,1.61,3.0,7.29052290759924e-10
20.0,1.61,4.0,0.0021136656601311588
20.0,1.61,5.0,-0.0039935519101571
20.0,1.61,6.0,-0.0010202995330574338
20.0,1.61,7.0,-0.004158851926370499
20.0,1.61,8.0,7.29052290759924e-10
20.0,1.61,9.0,-0.007204624868624582
20.0,1.61,10.0,-0.0018943397645255489
20.0,1.61,11.0,7.29052290759924e-10
20.0,1.61,12.0,0.0016751508440845664
20.0,1.61,13.0,0.0024198249321695786
20.0,1.61,14.0,-3.74834263117934e-09
20.0,1.61,15.0,6.019836823042968e-05
20.0,1.61,16.0,0.0052885808082540064
20.0,1.61,17.0,-0.0036666073255331444
20.0,1.61,18.0,0.002383015731531102
20.0,1.61,19.0,-0.0008873846942979158
20.0,1.61,20.0,0.0019249238868675467
20.0,1.61,21.0,1.290737489112459e-09
20.0,1.81,0.0,0.05949136772091562
20.0,1.81,1.0,0.0008067529793528982
20.0,1.81,2.0,0.020615240343870356
20.0,1.81,3.0,7.29052290759924e-10
20.0,1.81,4.0,0.0023890521547301757
20.0,1.81,5.0,-0.004487021931721263
20.0,1.81,6.0,-0.001150795336719912
20.0,1.81,7.0,-0.004658999868504071
20.0,1.81,8.0,7.29052290759924e-10
20.0,1.81,9.0,-0.008074878806938829
20.0,1.81,10.0,-0.00212253205026669
20.0,1.81,11.0,7.29052290759924e-10
20.0,1.81,12.0,0.001874280946987994
20.0,1.81,13.0,0.002711781368313765
20.0,1.81,14.0,-3.748342631397744e-09
20.0,1.81,15.0,6.73707683932212e-05
20.0,1.81,16.0,0.005874085640479865
20.0,1.81,17.0,-0.004117627290778414
20.0,1.81,18.0,0.002668085428191469
20.0,1.81,19.0,-0.0009908194347151844
20.0,1.81,20.0,0.0021535206448021205
20.0,1.81,21.0,1.290737489112459e-09
20.0,2.01,0.0,0.0659492114988432
20.0,2.01,1.0,0.0008946618497504555
20.0,2.01,2.0,0.022812758296398228
20.0,2.01,3.0,7.29052290759924e-10
20.0,2.01,4.0,0.0026587325779110493
20.0,2.01,5.0,-0.004974401113831767
20.0,2.01,6.0,-0.0012781162730939322
20.0,2.01,7.0,-0.005158714462178776
20.0,2.01,8.0,7.29052290759924e-10
20.0,2.01,9.0,-0.00894416948177039
20.0,2.01,10.0,-0.0023512760574417313
20.0,2.01,11.0,7.29052290759924e-10
20.0,2.01,12.0,0.0020745321112420056
20.0,2.01,13.0,0.0030038020437194723
20.0,2.01,14.0,-3.748342631592495e-09
20.0,2.01,15.0,7.458733135853879e-05
20.0,2.01,16.0,0.006481020470931409
20.0,2.01,17.0,-0.004569871049693697
20.0,2.01,18.0,0.002954194035084845
20.0,2.01,19.0,-0.0010959538596989893
20.0,2.01,20.0,0.0023831366121089825
20.0,2.01,21.0,1.290737489112459e-09
20.0,2.21,0.0,0.07237351617061477
20.0,2.21,1.0,0.0009820677151232138
20.0,2.21,2.0,0.025006855016697305
20.0,2.21,3.0,7.29052290759924e-10
20.0,2.21,4.0,0.0029263643458057875
20.0,2.21,5.0,-0.00545889822087306
20.0,2.21,6.0,-0.0014047256453792456
20.0,2.21,7.0,-0.005656405010914717
20.0,2.21,8.0,7.29052290759924e-10
20.0,2.21,9.0,-0.009810003577672505
20.0,2.21,10.0,-0.0025791715952119543
20.0,2.21,11.0,7.29052290759924e-10
20.0,2.21,12.0,0.0022740029023101127
20.0,2.21,13.0,0.0032946996179981647
20.0,2.21,14.0,-3.748342631729687e-09
20.0,2.21,15.0,8.178048596585441e-05
20.0,2.21,16.0,0.00708811210651944
20.0,2.21,17.0,-0.005020613679457053
20.0,2.21,18.0,0.003239268586014976
20.0,2.21,19.0,-0.001200974287789175
20.0,2.21,20.0,0.0026117703929436353
20.0,2.21,21.0,1.290737489112459e-09
20.0,2.41,0.0,0.07875433593190512
20.0,2.41,1.0,0.0010687024797467193
20.0,2.41,2.0,0.027209567946035018
20.0,2.41,3.0,7.29052290759924e-10
20.0,2.41,4.0,0.0031904537075633788
20.0,2.41,5.0,-0.00593946559760658
20.0,2.41,6.0,-0.001529742232764364
20.0,2.41,7.0,-0.006152712317694986
20.0,2.41,8.0,7.29052290759924e-10
20.0,2.41,9.0,-0.010673243331324467
20.0,2.41,10.0,-0.002806720261879614
20.0,2.41,11.0,7.29052290759924e-10
20.0,2.41,12.0,0.002473425935687279
20.0,2.41,13.0,0.0035849115342684312
20.0,2.41,14.0,-3.748342631837165e-09
20.0,2.41,15.0,8.89753923941361e-05
20.0,2.41,16.0,0.007703042574924102
20.0,2.41,17.0,-0.005470539746202596
20.0,2.41,18.0,0.0035241841225456816
20.0,2.41,19.0,-0.001306495406627639
20.0,2.41,20.0,0.0028401847968816396
20.0,2.41,21.0,1.290737489112459e-09
20.0,2.61,0.0,0.08509438435828626
20.0,2.61,1.0,0.001154618374551386
20.0,2.61,2.0,0.029418392319556952
20.0,2.61,3.0,7.29052290759924e-10
20.0,2.61,4.0,0.0034509663429642123
20.0,2.61,5.0,-0.006416430777203164
20.0,2.61,6.0,-0.0016533209787357173
20.0,2.61,7.0,-0.006647619686806466
20.0,2.61,8.0,7.29052290759924e-10
20.0,2.61,9.0,-0.011533688246834664
20.0,2.61,10.0,-0.0030338097414030207
20.0,2.61,11.0,7.29052290759924e-10
20.0,2.61,12.0,0.002672727962920507
20.0,2.61,13.0,0.003874358454411503
20.0,2.61,14.0,-3.748342631921693e-09
20.0,2.61,15.0,9.61680558645428e-05
20.0,2.61,16.0,0.008324495013938615
20.0,2.61,17.0,-0.005919015600618527
20.0,2.61,18.0,0.0038089150204749234
20.0,2.61,19.0,-0.001412354823170564
20.0,2.61,20.0,0.0030683136330137417
20.0,2.61,21.0,1.290737489112459e-09
20.0,2.81,0.0,0.09147398770195908
20.0,2.81,1.0,0.0012418391651264349
20.0,2.81,2.0,0.03154090885381566
20.0,2.81,3.0,7.29052290759924e-10
20.0,2.81,4.0,0.003719901039807627
20.0,2.81,5.0,-0.006898769140307431
20.0,2.81,6.0,-0.001781290606834851
20.0,2.81,7.0,-0.0071368629393999405
20.0,2.81,8.0,7.29052290759924e-10
20.0,2.81,9.0,-0.012385002818296381
20.0,2.81,10.0,-0.003257171600442643
20.0,2.81,11.0,7.29052290759924e-10
20.0,2.81,12.0,0.0028673930342629494
20.0,2.81,13.0,0.0041599988187972226
20.0,2.81,14.0,-3.748342631935694e-09
20.0,2.81,15.0,0.00010318359009653388
20.0,2.81,16.0,0.00889650119185631
20.0,2.81,17.0,-0.0063606800490762505
20.0,2.81,18.0,0.004088241902689416
20.0,2.81,19.0,-0.0015136008692861747
20.0,2.81,20.0,0.0032914234697434264
20.0,2.81,21.0,1.290737489112459e-09
20.0,3.01,0.0,0.09774161562326394
20.0,3.01,1.0,0.001326527309296499
20.0,3.01,2.0,0.03375314446975475
20.0,3.01,3.0,7.29052290759924e-10
20.0,3.01,4.0,0.003974011859887994
20.0,3.01,5.0,-0.007369455151021803
20.0,3.01,6.0,-0.0019025801139797016
20.0,3.01,7.0,-0.007628759013782488
20.0,3.01,8.0,7.29052290759924e-10
20.0,3.01,9.0,-0.013239357206585228
20.0,3.01,10.0,-0.0034830567581530525
20.0,3.01,11.0,7.29052290759924e-10
20.0,3.01,12.0,0.0030660890573250554
20.0,3.01,13.0,0.004447647253972314
20.0,3.01,14.0,-3.74834263200124e-09
20.0,3.01,15.0,0.00011035497060077337
20.0,3.01,16.0,0.009525742732943265
20.0,3.01,17.0,-0.006805267602899789
20.0,3.01,18.0,0.004372270687794555
20.0,3.01,19.0,-0.0016196581884828087
20.0,3.01,20.0,0.003518588717921156
20.0,3.01,21.0,1.290737489112459e-09
20.0,3.21,0.0,0.10397552296696694
20.0,3.21,1.0,0.0014106285931517748
20.0,3.21,2.0,0.03596560305808344
20.0,3.21,3.0,7.29052290759924e-10
20.0,3.21,4.0,0.004224040519295591
20.0,3.21,5.0,-0.007837383937976616
20.0,3.21,6.0,-0.0020227810721017425
20.0,3.21,7.0,-0.008119350197317132
20.0,3.21,8.0,7.29052290759924e-10
20.0,3.21,9.0,-0.014090465756259066
20.0,3.21,10.0,-0.003708182876017957
20.0,3.21,11.0,7.29052290759924e-10
20.0,3.21,12.0,0.0032645425413432017
20.0,3.21,13.0,0.004734339825999689
20.0,3.21,14.0,-3.748342632053367e-09
20.0,3.21,15.0,0.00011751438311705109
20.0,3.21,16.0,0.0101587166128701
20.0,3.21,17.0,-0.007246298143123497
20.0,3.21,18.0,0.004656121412766279
20.0,3.21,19.0,-0.001725645541278048
20.0,3.21,20.0,0.003745405017777148
20.0,3.21,21.0,1.290737489112459e-09
20.0,3.41,0.0,0.11051835184634223
20.0,3.41,1.0,0.001502792498803751
20.0,3.41,2.0,0.037773832961833675
20.0,3.41,3.0,7.29052290759924e-10
20.0,3.41,4.0,0.004520984961657093
20.0,3.41,5.0,-0.008344338730898793
20.0,3.41,6.0,-0.002165135297217735
20.0,3.41,7.0,-0.008591539386484048
20.0,3.41,8.0,7.29052290759924e-10
20.0,3.41,9.0,-0.014910692884701773
20.0,3.41,10.0,-0.003917510578211991
20.0,3.41,11.0,7.29052290759924e-10
20.0,3.41,12.0,0.0034447098368030338
20.0,3.41,13.0,0.005007001258511834
20.0,3.41,14.0,-3.7483426320973845e-09
20.0,3.41,15.0,0.00012392439670436128
20.0,3.41,16.0,0.010562558055419558
20.0,3.41,17.0,-0.00765326489129553
20.0,3.41,18.0,0.004916342655949202
20.0,3.41,19.0,-0.0018095615956285616
20.0,3.41,20.0,0.003955163181144139
20.0,3.41,21.0,1.290737489112459e-09
20.0,3.61,0.0,0.1168201537514702
20.0,3.61,1.0,0.0015892291671206205
20.0,3.61,2.0,0.039823749844309475
20.0,3.61,3.0,7.29052290759924e-10
20.0,3.61,4.0,0.004786462567680783
20.0,3.61,5.0,-0.008822963085744318
20.0,3.61,6.0,-0.0022925189435958893
20.0,3.61,7.0,-0.009071873638070604
20.0,3.61,8.0,7.29052290759924e-10
20.0,3.61,9.0,-0.01574473071827849
20.0,3.61,10.0,-0.004135363639697576
20.0,3.61,11.0,7.29052290759924e-10
20.0,3.61,12.0,0.003635049773654697
20.0,3.61,13.0,0.00528657407664293
20.0,3.61,14.0,-3.74834263213118e-09
20.0,3.61,15.0,0.00013076124243344145
20.0,3.61,16.0,0.011107829806875913
20.0,3.61,17.0,-0.008079434684395537
20.0,3.61,18.0,0.005189481111476157
20.0,3.61,19.0,-0.001906870984567377
20.0,3.61,20.0,0.0041740541374825635
20.0,3.61,21.0,1.290737489112459e-09
20.0,3.81,0.0,0.12309049119941112
20.0,3.81,1.0,0.001675182059311997
20.0,3.81,2.0,0.04187008547570187
20.0,3.81,3.0,7.29052290759924e-10
20.0,3.81,4.0,0.005049714054222332
20.0,3.81,5.0,-0.009299054647258082
20.0,3.81,6.0,-0.0024190125585678013
20.0,3.81,7.0,-0.009550476186334728
20.0,3.81,8.0,7.29052290759924e-10
20.0,3.81,9.0,-0.016575548126127868
20.0,3.81,10.0,-0.004352439937023639
20.0,3.81,11.0,7.29052290759924e-10
20.0,3.81,12.0,0.0038248618391568123
20.0,3.81,13.0,0.005565110137907947
20.0,3.81,14.0,-3.748342632158227e-09
20.0,3.81,15.0,0.00013757844053147172
20.0,3.81,16.0,0.0116541955427919
20.0,3.81,17.0,-0.00850359372396231
20.0,3.81,18.0,0.005461822963725715
20.0,3.81,19.0,-0.0020040262496044126
20.0,3.81,20.0,0.004392318097517223
20.0,3.81,21.0,1.290737489112459e-09
20.0,4.01,0.0,0.12912265536831896
20.0,4.01,1.0,0.0017552220233449378
20.0,4.01,2.0,0.044164681197277955
20.0,4.01,3.0,7.29052290759924e-10
20.0,4.01,4.0,0.005268734790778495
20.0,4.01,5.0,-0.009748879012197564
20.0,4.01,6.0,-0.002529571291888022
20.0,4.01,7.0,-0.010040141473538267
20.0,4.01,8.0,7.29052290759924e-10
20.0,4.01,9.0,-0.017418549484099474
20.0,4.01,10.0,-0.0045769518599770576
20.0,4.01,11.0,7.29052290759924e-10
20.0,4.01,12.0,0.004026732936721372
20.0,4.01,13.0,0.005850482732538159
20.0,4.01,14.0,-3.748342632178282e-09
20.0,4.01,15.0,0.00014484307964229837
20.0,4.01,16.0,0.01235414069109908
20.0,4.01,17.0,-0.00892948498918722
20.0,4.01,18.0,0.005750698760681461
20.0,4.01,19.0,-0.0021134699377248767
20.0,4.01,20.0,0.004622296058502895
20.0,4.01,21.0,1.290737489112459e-09
21.0,0.01,0.0,0.0007180563833359965
21.0,0.01,1.0,8.648223397528243e-05
21.0,0.01,2.0,-8.647421173152425e-05
21.0,0.01,3.0,8.191530231904665e-10
21.0,0.01,4.0,-0.00014236630299552244
21.0,0.01,5.0,-0.00024275699160392072
21.0,0.01,6.0,1.3529291633007645e-05
21.0,0.01,7.0,-2.4512508026014457e-05
21.0,0.01,8.0,8.191530231904665e-10
21.0,0.01,9.0,7.075586548999091e-05
21.0,0.01,10.0,4.171201863806262e-05
21.0,0.01,11.0,8.191530231904665e-10
21.0,0.01,12.0,2.1373565012750007e-05
21.0,0.01,13.0,-7.088895669696282e-05
21.0,0.01,14.0,-0.0011271455180945807
21.0,0.01,15.0,-1.4315383115554026e-05
21.0,0.01,16.0,-5.074723958897742e-05
21.0,0.01,17.0,-7.0227149537305245e-06
21.0,0.01,18.0,0.00010176024556962648
21.0,0.01,19.0,-0.00022436505628983805
21.0,0.01,20.0,-0.00045019428322790045
21.0,0.01,21.0,1.1521634757372112e-09
21.0,0.21000000000000002,0.0,0.009453930934218924
21.0,0.21000000000000002,1.0,0.0003794722421949226
21.0,0.21000000000000002,2.0,0.0005646424615879941
21.0,0.21000000000000002,3.0,8.191530231904665e-10
21.0,0.21000000000000002,4.0,-0.0019871302581209727
21.0,0.21000000000000002,5.0,-0.0006013130804956024
21.0,0.21000000000000002,6.0,-0.0006124517339164137
21.0,0.21000000000000002,7.0,-0.0013621256762047507
21.0,0.21000000000000002,8.0,8.191530231904665e-10
21.0,0.21000000000000002,9.0,-0.0005267654192923354
21.0,0.21000000000000002,10.0,-1.8854810010238143e-06
21.0,0.21000000000000002,11.0,8.191530231904665e-10
21.0,0.21000000000000002,12.0,-0.0012429670525156422
21.0,0.21000000000000002,13.0,0.0024736905185792357
21.0,0.21000000000000002,14.0,-0.004699168034378153
21.0,0.21000000000000002,15.0,5.6519839252727744e-05
21.0,0.21000000000000002,16.0,-0.003637651235482847
21.0,0.21000000000000002,17.0,-0.0010793876705747218
21.0,0.21000000000000002,18.0,-0.0002685750707703549
21.0,0.21000000000000002,19.0,-0.004042837834047408
21.0,0.21000000000000002,20.0,0.0034459026013283767
21.0,0.21000000000000002,21.0,1.1521635034927868e-09
21.0,0.41000000000000003,0.0,0.018817516054249195
21.0,0.41000000000000003,1.0,0.000772991551139357
21.0,0.41000000000000003,2.0,0.0010661339828856309
21.0,0.41000000000000003,3.0,8.191530231904665e-10
21.0,0.41000000000000003,4.0,-0.004085608747448566
21.0,0.41000000000000003,5.0,-0.0011428905490399321
21.0,0.41000000000000003,6.0,-0.0012321974481320497
21.0,0.41000000000000003,7.0,-0.0026178610495097288
21.0,0.41000000000000003,8.0,8.191530231904665e-10
21.0,0.41000000000000003,9.0,-0.0009837287377754966
21.0,0.41000000000000003,10.0,-1.3425048014381602e-06
21.0,0.41000000000000003,11.0,8.191530231904665e-10
21.0,0.41000000000000003,12.0,-0.0025358838375347525
21.0,0.41000000000000003,13.0,0.004744202112566792
21.0,0.41000000000000003,14.0,-0.00798740939351195
21.0,0.41000000000000003,15.0,0.0001065253191939175
21.0,0.41000000000000003,16.0,-0.007080650980752612
21.0,0.41000000000000003,17.0,-0.0020796672314742914
21.0,0.41000000000000003,18.0,-0.0007147838854490024
21.0,0.41000000000000003,19.0,-0.007704625142180538
21.0,0.41000000000000003,20.0,0.006363700292718655
21.0,0.41000000000000003,21.0,1.1521635034927868e-09
21.0,0.6100000000000001,0.0,0.027872169356521648
21.0,0.6100000000000001,1.0,0.0011224072668417073
21.0,0.6100000000000001,2.0,0.0016327635779918581
21.0,0.6100000000000001,3.0,8.191530231904665e-10
21.0,0.6100000000000001,4.0,-0.0061290592393969945
21.0,0.6100000000000001,5.0,-0.0016160585846848319
21.0,0.6100000000000001,6.0,-0.0018783630857844014
21.0,0.6100000000000001,7.0,-0.003910565310738939
21.0,0.6100000000000001,8.0,8.191530231904665e-10
21.0,0.6100000000000001,9.0,-0.0015044950232672993
21.0,0.6100000000000001,10.0,-1.3716701845467583e-05
21.0,0.6100000000000001,11.0,8.191530231904665e-10
21.0,0.6100000000000001,12.0,-0.0038358260289387547
21.0,0.6100000000000001,13.0,0.007146840290892353
21.0,0.6100000000000001,14.0,-0.010898043146415102
21.0,0.6100000000000001,15.0,0.0001651203818552882
21.0,0.6100000000000001,16.0,-0.0105940117964749
21.0,0.6100000000000001,17.0,-0.0031086347100660883
21.0,0.6100000000000001,18.0,-0.001188879584980873
21.0,0.6100000000000001,19.0,-0.011370573638736392
21.0,0.6100000000000001,20.0,0.00972118725654525
21.0,0.6100000000000001,21.0,1.1521635034927868e-09
21.0,0.81,0.0,0.0371595477660599
21.0,0.81,1.0,0.0014977925767926115
21.0,0.81,2.0,0.002162899717728095
21.0,0.81,3.0,8.191530231904665e-10
21.0,0.81,4.0,-0.008273556642070246
21.0,0.81,5.0,-0.0021034714195176107
21.0,0.81,6.0,-0.0025310874894377278
21.0,0.81,7.0,-0.0051754949872056255
21.0,0.81,8.0,8.191530231904665e-10
21.0,0.81,9.0,-0.001987036536749781
21.0,0.81,10.0,-2.122522691233586e-05
21.0,0.81,11.0,8.191530231904665e-10
21.0,0.81,12.0,-0.005170487033155063
21.0,0.81,13.0,0.009466806389289761
21.0,0.81,14.0,-0.013324646305380501
21.0,0.81,15.0,0.0002192514906881049
21.0,0.81,16.0,-0.01407263561620159
21.0,0.81,17.0,-0.004118144787049277
21.0,0.81,18.0,-0.0017214367835068217
21.0,0.81,19.0,-0.014946421468921306
21.0,0.81,20.0,0.01278233156751074
21.0,0.81,21.0,1.1521635034927868e-09
21.0,1.01,0.0,0.04652030511907984
21.0,1.01,1.0,0.0018773622862731654
21.0,1.01,2.0,0.0026902706642162877
21.0,1.01,3.0,8.191530231904665e-10
21.0,1.01,4.0,-0.010476945018886685
21.0,1.01,5.0,-0.002584889312236771
21.0,1.01,6.0,-0.0032041962041323147
21.0,1.01,7.0,-0.006435756383937563
21.0,1.01,8.0,8.191530231904665e-10
21.0,1.01,9.0,-0.0024648344045896387
21.0,1.01,10.0,-2.7604891462446046e-05
21.0,1.01,11.0,8.191530231904665e-10
21.0,1.01,12.0,-0.006535171441640786
21.0,1.01,13.0,0.011779583887315814
21.0,1.01,14.0,-0.015220024596845119
21.0,1.01,15.0,0.0002731684359161546
21.0,1.01,16.0,-0.017555941125763114
21.0,1.01,17.0,-0.005124574646315577
21.0,1.01,18.0,-0.002311123367146506
21.0,1.01,19.0,-0.01845722838005817
21.0,1.01,20.0,0.015799075705612953
21.0,1.01,21.0,1.1521635034927868e-09
21.0,1.2100000000000002,0.0,0.05575778264673886
21.0,1.2100000000000002,1.0,0.0022426996267683186
21.0,1.2100000000000002,2.0,0.003240252161893109
21.0,1.2100000000000002,3.0,8.191530231904665e-10
21.0,1.2100000000000002,4.0,-0.012707990585417384
21.0,1.2100000000000002,5.0,-0.0030559133050560017
21.0,1.2100000000000002,6.0,-0.0039060379132558054
21.0,1.2100000000000002,7.0,-0.007712632772844036
21.0,1.2100000000000002,8.0,8.191530231904665e-10
21.0,1.2100000000000002,9.0,-0.002967136253468644
21.0,1.2100000000000002,10.0,-3.310098543968243e-05
21.0,1.2100000000000002,11.0,8.191530231904665e-10
21.0,1.2100000000000002,12.0,-0.007917984332922318
21.0,1.2100000000000002,13.0,0.014149779102615334
21.0,1.2100000000000002,14.0,-0.01660261372705234
21.0,1.2100000000000002,15.0,0.0003297187855671735
21.0,1.2100000000000002,16.0,-0.021076072815844324
21.0,1.2100000000000002,17.0,-0.006141076403513496
21.0,1.2100000000000002,18.0,-0.0029537629363774187
21.0,1.2100000000000002,19.0,-0.02192957045446703
21.0,1.2100000000000002,20.0,0.01897554560817083
21.0,1.2100000000000002,21.0,1.1521635034927868e-09
21.0,1.4100000000000001,0.0,0.06482357210529144
21.0,1.4100000000000001,1.0,0.0025919250693379192
21.0,1.4100000000000001,2.0,0.0038149780815345258
21.0,1.4100000000000001,3.0,8.191530231904665e-10
21.0,1.4100000000000001,4.0,-0.014959968428240766
21.0,1.4100000000000001,5.0,-0.0035207419203011625
21.0,1.4100000000000001,6.0,-0.004633185787075028
21.0,1.4100000000000001,7.0,-0.00900938550727795
21.0,1.4100000000000001,8.0,8.191530231904665e-10
21.0,1.4100000000000001,9.0,-0.003497530991790232
21.0,1.4100000000000001,10.0,-3.6950652432143904e-05
21.0,1.4100000000000001,11.0,8.191530231904665e-10
21.0,1.4100000000000001,12.0,-0.009312053174947488
21.0,1.4100000000000001,13.0,0.016588551052638872
21.0,1.4100000000000001,14.0,-0.017546408913131608
21.0,1.4100000000000001,15.0,0.00038895099427332935
21.0,1.4100000000000001,16.0,-0.02463333820482695
21.0,1.4100000000000001,17.0,-0.007169215964498155
21.0,1.4100000000000001,18.0,-0.0036420448448432202
21.0,1.4100000000000001,19.0,-0.02537294824900284
21.0,1.4100000000000001,20.0,0.022339976107316806
21.0,1.4100000000000001,21.0,1.1521635034927868e-09
21.0,1.61,0.0,0.07362778743968845
21.0,1.61,1.0,0.0029207920579745195
21.0,1.61,2.0,0.0044192340077277015
21.0,1.61,3.0,8.191530231904665e-10
21.0,1.61,4.0,-0.017222177184416432
21.0,1.61,5.0,-0.003982685515306561
21.0,1.61,6.0,-0.00538217522230805
21.0,1.61,7.0,-0.010332130148238056
21.0,1.61,8.0,8.191530231904665e-10
21.0,1.61,9.0,-0.00406348953968011
21.0,1.61,10.0,-3.865517102710769e-05
21.0,1.61,11.0,8.191530231904665e-10
21.0,1.61,12.0,-0.010709121392454668
21.0,1.61,13.0,0.01910982607076525
21.0,1.61,14.0,-0.01815403367835309
21.0,1.61,15.0,0.0004513595927324865
21.0,1.61,16.0,-0.028233528634452387
21.0,1.61,17.0,-0.008212353748765666
21.0,1.61,18.0,-0.004365909614165442
21.0,1.61,19.0,-0.028804320589778262
21.0,1.61,20.0,0.02592704008230068
21.0,1.61,21.0,1.1521635034927868e-09
21.0,1.81,0.0,0.08345778659027853
21.0,1.81,1.0,0.003337191113975846
21.0,1.81,2.0,0.004895425512099982
21.0,1.81,3.0,8.191530231904665e-10
21.0,1.81,4.0,-0.01962451933701015
21.0,1.81,5.0,-0.004453849052160674
21.0,1.81,6.0,-0.006101811159472892
21.0,1.81,7.0,-0.01154040930837022
21.0,1.81,8.0,8.191530231904665e-10
21.0,1.81,9.0,-0.004481624521837035
21.0,1.81,10.0,-4.054226867181154e-05
21.0,1.81,11.0,8.191530231904665e-10
21.0,1.81,12.0,-0.01216995617035277
21.0,1.81,13.0,0.021278674620634347
21.0,1.81,14.0,-0.01852568280988144
21.0,1.81,15.0,0.0004998024972628079
21.0,1.81,16.0,-0.03167102904286219
21.0,1.81,17.0,-0.009184240321323839
21.0,1.81,18.0,-0.005123134999720391
21.0,1.81,19.0,-0.032078874439929475
21.0,1.81,20.0,0.02846631284870066
21.0,1.81,21.0,1.1521635034927868e-09
21.0,2.01,0.0,0.0929259886376953
21.0,2.01,1.0,0.0037216247866146412
21.0,2.01,2.0,0.0054172498092490695
21.0,2.01,3.0,8.191530231904665e-10
21.0,2.01,4.0,-0.021991735503166354
21.0,2.01,5.0,-0.004916223601968861
21.0,2.01,6.0,-0.0068417608440841104
21.0,2.01,7.0,-0.012785381937938683
21.0,2.01,8.0,8.191530231904665e-10
21.0,2.01,9.0,-0.004951434706626345
21.0,2.01,10.0,-4.17792437832909e-05
21.0,2.01,11.0,8.191530231904665e-10
21.0,2.01,12.0,-0.013618110689043172
21.0,2.01,13.0,0.02357036077250582
21.0,2.01,14.0,-0.018745360363114572
21.0,2.01,15.0,0.0005532719220334159
21.0,2.01,16.0,-0.03516268201039226
21.0,2.01,17.0,-0.010178215737104396
21.0,2.01,18.0,-0.005894302694316095
21.0,2.01,19.0,-0.0353726782240457
21.0,2.01,20.0,0.03137582923740356
21.0,2.01,21.0,1.1521635034927868e-09
21.0,2.21,0.0,0.10211133923869264
21.0,2.21,1.0,0.004083798596853316
21.0,2.21,2.0,0.005969774841881215
21.0,2.21,3.0,8.191530231904665e-10
21.0,2.21,4.0,-0.024338050533915467
21.0,2.21,5.0,-0.005375384563575447
21.0,2.21,6.0,-0.007593589445330146
21.0,2.21,7.0,-0.01405540069009209
21.0,2.21,8.0,8.191530231904665e-10
21.0,2.21,9.0,-0.005456775941838993
21.0,2.21,10.0,-4.1890183874015996e-05
21.0,2.21,11.0,8.191530231904665e-10
21.0,2.21,12.0,-0.015055388971560196
21.0,2.21,13.0,0.025947266236060057
21.0,2.21,14.0,-0.01887134715071361
21.0,2.21,15.0,0.000610105063305888
21.0,2.21,16.0,-0.038687936054235095
21.0,2.21,17.0,-0.01118669998731009
21.0,2.21,18.0,-0.006674519448749264
21.0,2.21,19.0,-0.03867791411790182
21.0,2.21,20.0,0.034537871659514996
21.0,2.21,21.0,1.1521635034927868e-09
21.0,2.41,0.0,0.11109893543133803
21.0,2.41,1.0,0.0044311883719569956
21.0,2.41,2.0,0.006540369499726639
21.0,2.41,3.0,8.191530231904665e-10
21.0,2.41,4.0,-0.02667079788127208
21.0,2.41,5.0,-0.00583376676772851
21.0,2.41,6.0,-0.008350580533474955
21.0,2.41,7.0,-0.015339122097887015
21.0,2.41,8.0,8.191530231904665e-10
21.0,2.41,9.0,-0.005983602802911769
21.0,2.41,10.0,-4.100818998445388e-05
21.0,2.41,11.0,8.191530231904665e-10
21.0,2.41,12.0,-0.016482269616836187
21.0,2.41,13.0,0.028377721187553245
21.0,2.41,14.0,-0.018941990039355067
21.0,2.41,15.0,0.000668771504985205
21.0,2.41,16.0,-0.04222574477236833
21.0,2.41,17.0,-0.012202508708026943
21.0,2.41,18.0,-0.007459630902006811
21.0,2.41,19.0,-0.04198346489354102
21.0,2.41,20.0,0.0378608116299472
21.0,2.41,21.0,1.1521635034927868e-09
21.0,2.61,0.0,0.12014932606735784
21.0,2.61,1.0,0.00478522967405709
21.0,2.61,2.0,0.007098591920772834
21.0,2.61,3.0,8.191530231904665e-10
21.0,2.61,4.0,-0.029010519026783477
21.0,2.61,5.0,-0.006291064093621013
21.0,2.61,6.0,-0.009104039737514807
21.0,2.61,7.0,-0.01660995067985299
21.0,2.61,8.0,8.191530231904665e-10
21.0,2.61,9.0,-0.006496847461242683
21.0,2.61,10.0,-4.0090991088620465e-05
21.0,2.61,11.0,8.191530231904665e-10
21.0,2.61,12.0,-0.017912568583207195
21.0,2.61,13.0,0.030770100229292746
21.0,2.61,14.0,-0.018980941054707472
21.0,2.61,15.0,0.0007261369932730355
21.0,2.61,16.0,-0.04574192777647697
21.0,2.61,17.0,-0.013209718790145847
21.0,2.61,18.0,-0.00824781565459945
21.0,2.61,19.0,-0.045265841995966186
21.0,2.61,20.0,0.04107676736837346
21.0,2.61,21.0,1.1521635034927868e-09
21.0,2.81,0.0,0.12941073364581213
21.0,2.81,1.0,0.005156706925570298
21.0,2.81,2.0,0.00762871422152972
21.0,2.81,3.0,8.191530231904665e-10
21.0,2.81,4.0,-0.031363074489540066
21.0,2.81,5.0,-0.006745428841658463
21.0,2.81,6.0,-0.009850271692541157
21.0,2.81,7.0,-0.01785344913631398
21.0,2.81,8.0,8.191530231904665e-10
21.0,2.81,9.0,-0.0069779776389155
21.0,2.81,10.0,-4.002268513905727e-05
21.0,2.81,11.0,8.191530231904665e-10
21.0,2.81,12.0,-0.019352966584211956
21.0,2.81,13.0,0.03307434022715999
21.0,2.81,14.0,-0.019002159537891066
21.0,2.81,15.0,0.0007806071478157761
21.0,2.81,16.0,-0.0492199590199742
21.0,2.81,17.0,-0.014199788873960145
21.0,2.81,18.0,-0.009037221310113433
21.0,2.81,19.0,-0.0485136300208876
21.0,2.81,20.0,0.04405084595472203
21.0,2.81,21.0,1.1521635034927868e-09
21.0,3.01,0.0,0.13862536708607698
21.0,3.01,1.0,0.005525282631946682
21.0,3.01,2.0,0.008160004985684643
21.0,3.01,3.0,8.191530231904665e-10
21.0,3.01,4.0,-0.033707476626264554
21.0,3.01,5.0,-0.007198082840597142
21.0,3.01,6.0,-0.010595818367243354
21.0,3.01,7.0,-0.019095580958163244
21.0,3.01,8.0,8.191530231904665e-10
21.0,3.01,9.0,-0.007460753284730698
21.0,3.01,10.0,-3.984708206186682e-05
21.0,3.01,11.0,8.191530231904665e-10
21.0,3.01,12.0,-0.020788890170793273
21.0,3.01,13.0,0.035379365755372816
21.0,3.01,14.0,-0.019013625454667553
21.0,3.01,15.0,0.0008352195054485145
21.0,3.01,16.0,-0.0526916419965512
21.0,3.01,17.0,-0.01518830723890785
21.0,3.01,18.0,-0.009825922674949639
21.0,3.01,19.0,-0.051753258071694605
21.0,3.01,20.0,0.047038576168583646
21.0,3.01,21.0,1.1521635034927868e-09
21.0,3.21,0.0,0.14779905419342987
21.0,3.21,1.0,0.005891505793407359
21.0,3.21,2.0,0.008691620614965423
21.0,3.21,3.0,8.191530231904665e-10
21.0,3.21,4.0,-0.03604401141811381
21.0,3.21,5.0,-0.007649194354081512
21.0,3.21,6.0,-0.011340131661901703
21.0,3.21,7.0,-0.020335654258473723
21.0,3.21,8.0,8.191530231904665e-10
21.0,3.21,9.0,-0.00794423750612766
21.0,3.21,10.0,-3.959743798193083e-05
21.0,3.21,11.0,8.191530231904665e-10
21.0,3.21,12.0,-0.02222030399729613
21.0,3.21,13.0,0.037682932784290135
21.0,3.21,14.0,-0.019019781146221507
21.0,3.21,15.0,0.0008898774931248576
21.0,3.21,16.0,-0.05615574542901847
21.0,3.21,17.0,-0.016174863137288498
21.0,3.21,18.0,-0.010613252542611445
21.0,3.21,19.0,-0.05498447342062149
21.0,3.21,20.0,0.05003330641646109
21.0,3.21,21.0,1.1521635034927868e-09
21.0,3.41,0.0,0.15693449651775992
21.0,3.41,1.0,0.006255645514826269
21.0,3.41,2.0,0.009223153758839475
21.0,3.41,3.0,8.191530231904665e-10
21.0,3.41,4.0,-0.038372852766882126
21.0,3.41,5.0,-0.008098884301614762
21.0,3.41,6.0,-0.01208290354393779
21.0,3.41,7.0,-0.02157334615783718
21.0,3.41,8.0,8.191530231904665e-10
21.0,3.41,9.0,-0.008427975049874775
21.0,3.41,10.0,-3.9291329323787316e-05
21.0,3.41,11.0,8.191530231904665e-10
21.0,3.41,12.0,-0.023647149789876865
21.0,3.41,13.0,0.03998404257161342
21.0,3.41,14.0,-0.01902307014547969
21.0,3.41,15.0,0.000944532995147046
21.0,3.41,16.0,-0.0596116261844134
21.0,3.41,17.0,-0.017159269460227555
21.0,3.41,18.0,-0.011398809120478373
21.0,3.41,19.0,-0.058207190280386886
21.0,3.41,20.0,0.05303194142308176
21.0,3.41,21.0,1.1521635034927868e-09
21.0,3.61,0.0,0.16615351051180138
21.0,3.61,1.0,0.0066271958576615275
21.0,3.61,2.0,0.009742435680031303
21.0,3.61,3.0,8.191530231904665e-10
21.0,3.61,4.0,-0.04069941496902135
21.0,3.61,5.0,-0.00854515311166304
21.0,3.61,6.0,-0.012821738387566006
21.0,3.61,7.0,-0.02279752740516805
21.0,3.61,8.0,8.191530231904665e-10
21.0,3.61,9.0,-0.00889705108991598
21.0,3.61,10.0,-3.958805942860799e-05
21.0,3.61,11.0,8.191530231904665e-10
21.0,3.61,12.0,-0.025076179273489707
21.0,3.61,13.0,0.0422449345197094
21.0,3.61,14.0,-0.01902482059650363
21.0,3.61,15.0,0.0009979564690394405
21.0,3.61,16.0,-0.06304753927436701
21.0,3.61,17.0,-0.018135132588136205
21.0,3.61,18.0,-0.012182284521687084
21.0,3.61,19.0,-0.06141212639510055
21.0,3.61,20.0,0.05592847012874891
21.0,3.61,21.0,1.1521635034927868e-09
21.0,3.81,0.0,0.17525337413724557
21.0,3.81,1.0,0.006990211884542297
21.0,3.81,2.0,0.010268670338118069
21.0,3.81,3.0,8.191530231904665e-10
21.0,3.81,4.0,-0.043014340314453614
21.0,3.81,5.0,-0.008991545955808256
21.0,3.81,6.0,-0.013560264998055238
21.0,3.81,7.0,-0.024025962026594516
21.0,3.81,8.0,8.191530231904665e-10
21.0,3.81,9.0,-0.00937568873643388
21.0,3.81,10.0,-3.953284525620715e-05
21.0,3.81,11.0,8.191530231904665e-10
21.0,3.81,12.0,-0.026495155380471036
21.0,3.81,13.0,0.04452513275891845
21.0,3.81,14.0,-0.019025750026963863
21.0,3.81,15.0,0.0010520117366989157
21.0,3.81,16.0,-0.06648231722132661
21.0,3.81,17.0,-0.019112572572678288
21.0,3.81,18.0,-0.012963524682412172
21.0,3.81,19.0,-0.06461446506722514
21.0,3.81,20.0,0.05889368081960816
21.0,3.81,21.0,1.1521635034927868e-09
21.0,4.01,0.0,0.18425546795811792
21.0,4.01,1.0,0.0073470138169053345
21.0,4.01,2.0,0.010801645069168253
21.0,4.01,3.0,8.191530231904665e-10
21.0,4.01,4.0,-0.045319434583721396
21.0,4.01,5.0,-0.009437660962819838
21.0,4.01,6.0,-0.014298104433378866
21.0,4.01,7.0,-0.025258061750089628
21.0,4.01,8.0,8.191530231904665e-10
21.0,4.01,9.0,-0.009862005740085389
21.0,4.01,10.0,-3.8989576340159315e-05
21.0,4.01,11.0,8.191530231904665e-10
21.0,4.01,12.0,-0.02790680163732434
21.0,4.01,13.0,0.046825662720154426
21.0,4.01,14.0,-0.019026243270361686
21.0,4.01,15.0,0.0011068083883330748
21.0,4.01,16.0,-0.06991438208308819
21.0,4.01,17.0,-0.020091499400763407
21.0,4.01,18.0,-0.013742597280560861
21.0,4.01,19.0,-0.06781352045637516
21.0,4.01,20.0,0.061921389059287124
21.0,4.01,21.0,1.1521635034927868e-09
22.0,0.01,0.0,-3.3077610874676644e-05
22.0,0.01,1.0,-2.3184593117009378e-06
22.0,0.01,2.0,4.666349644039114e-05
22.0,0.01,3.0,6.876123004317947e-10
22.0,0.01,4.0,2.349599244999556e-06
22.0,0.01,5.0,-1.5611235716695833e-05
22.0,0.01,6.0,6.729271155914152e-06
22.0,0.01,7.0,-1.81960971250561e-05
22.0,0.01,8.0,6.876123004317947e-10
22.0,0.01,9.0,-7.682337066605704e-06
22.0,0.01,10.0,-6.685359096175736e-06
22.0,0.01,11.0,6.876123004317947e-10
22.0,0.01,12.0,-5.274880791605874e-07
22.0,0.01,13.0,1.247963012573905e-05
22.0,0.01,14.0,3.751570718496522e-05
22.0,0.01,15.0,5.338220131767546e-07
22.0,0.01,16.0,1.0806159738308008e-05
22.0,0.01,17.0,-9.749544308532143e-06
22.0,0.01,18.0,1.428866661920547e-05
22.0,0.01,19.0,-1.5434068202313522e-05
22.0,0.01,20.0,1.7791264802224926e-06
22.0,0.01,21.0,9.160734115720714e-10
22.0,0.21000000000000002,0.0,-3.3048248032963023e-05
22.0,0.21000000000000002,1.0,-2.316292823212329e-06
22.0,0.21000000000000002,2.0,4.6635385268223306e-05
22.0,0.21000000000000002,3.0,6.876123004317947e-10
22.0,0.21000000000000002,4.0,2.347488291531974e-06
22.0,0.21000000000000002,5.0,-1.5611235716928825e-05
22.0,0.21000000000000002,6.0,6.728673658223938e-06
22.0,0.21000000000000002,7.0,-1.8186699022593178e-05
22.0,0.21000000000000002,8.0,6.876123004317947e-10
22.0,0.21000000000000002,9.0,-7.680148290403754e-06
22.0,0.21000000000000002,10.0,-6.685337637563071e-06
22.0,0.21000000000000002,11.0,6.876123004317947e-10
22.0,0.21000000000000002,12.0,-5.264038195895715e-07
22.0,0.21000000000000002,13.0,1.2472951433084578e-05
22.0,0.21000000000000002,14.0,3.7494378030134e-05
22.0,0.21000000000000002,15.0,5.335767495617816e-07
22.0,0.21000000000000002,16.0,1.079755898292234e-05
22.0,0.21000000000000002,17.0,-9.749071392478603e-06
22.0,0.21000000000000002,18.0,1.428261315891688e-05
22.0,0.21000000000000002,19.0,-1.5424396519581052e-05
22.0,0.21000000000000002,20.0,1.7787895610354987e-06
22.0,0.21000000000000002,21.0,9.160734115720714e-10
22.0,0.41000000000000003,0.0,-3.301872364835923e-05
22.0,0.41000000000000003,1.0,-2.3141144160909732e-06
22.0,0.41000000000000003,2.0,4.660712110349241e-05
22.0,0.41000000000000003,3.0,6.876123004317947e-10
22.0,0.41000000000000003,4.0,2.345366006240024e-06
22.0,0.41000000000000003,5.0,-1.5611235717158134e-05
22.0,0.41000000000000003,6.0,6.7280730503549435e-06
22.0,0.41000000000000003,7.0,-1.8177249477169255e-05
22.0,0.41000000000000003,8.0,6.876123004317947e-10
22.0,0.41000000000000003,9.0,-7.677947606796187e-06
22.0,0.41000000000000003,10.0,-6.685316064403146e-06
22.0,0.41000000000000003,11.0,6.876123004317947e-10
22.0,0.41000000000000003,12.0,-5.253133792959552e-07
22.0,0.41000000000000003,13.0,1.2466236619546045e-05
22.0,0.41000000000000003,14.0,3.747293325251366e-05
22.0,0.41000000000000003,15.0,5.333300996668289e-07
22.0,0.41000000000000003,16.0,1.0788911485204444e-05
22.0,0.41000000000000003,17.0,-9.748596073458349e-06
22.0,0.41000000000000003,18.0,1.4276527136425354e-05
22.0,0.41000000000000003,19.0,-1.5414670991587e-05
22.0,0.41000000000000003,20.0,1.778450941569698e-06
22.0,0.41000000000000003,21.0,9.160734115720714e-10
22.0,0.6100000000000001,0.0,-3.298903723458757e-05
22.0,0.6100000000000001,1.0,-2.311924054365644e-06
22.0,0.6100000000000001,2.0,4.657870348834248e-05
22.0,0.6100000000000001,3.0,6.876123004317947e-10
22.0,0.6100000000000001,4.0,2.34323235459577e-06
22.0,0.6100000000000001,5.0,-1.561123571738374e-05
22.0,0.6100000000000001,6.0,6.727469322620472e-06
22.0,0.6100000000000001,7.0,-1.8167748334629863e-05
22.0,0.6100000000000001,8.0,6.876123004317947e-10
22.0,0.6100000000000001,9.0,-7.675734980908122e-06
22.0,0.6100000000000001,10.0,-6.6852943763073824e-06
22.0,0.6100000000000001,11.0,6.876123004317947e-10
22.0,0.6100000000000001,12.0,-5.242167399055475e-07
22.0,0.6100000000000001,13.0,1.2459485577376306e-05
22.0,0.6100000000000001,14.0,3.745137250626973e-05
22.0,0.6100000000000001,15.0,5.33082059273049e-07
22.0,0.6100000000000001,16.0,1.0780217105266221e-05
22.0,0.6100000000000001,17.0,-9.748118344851675e-06
22.0,0.6100000000000001,18.0,1.4270408453614936e-05
22.0,0.6100000000000001,19.0,-1.5404891457515557e-05
22.0,0.6100000000000001,20.0,1.7781106168568428e-06
22.0,0.6100000000000001,21.0,9.160734115720714e-10
22.0,0.81,0.0,-3.2959188309034104e-05
22.0,0.81,1.0,-2.3097217025092043e-06
22.0,0.81,2.0,4.6550131968969843e-05
22.0,0.81,3.0,6.876123004317947e-10
22.0,0.81,4.0,2.341087302348832e-06
22.0,0.81,5.0,-1.5611235717605625e-05
22.0,0.81,6.0,6.726862465472605e-06
22.0,0.81,7.0,-1.8158195441930758e-05
22.0,0.81,8.0,6.876123004317947e-10
22.0,0.81,9.0,-7.673510378336523e-06
22.0,0.81,10.0,-6.685272572970469e-06
22.0,0.81,11.0,6.876123004317947e-10
22.0,0.81,12.0,-5.231138830719129e-07
22.0,0.81,13.0,1.2452698199827417e-05
22.0,0.81,14.0,3.742969544828778e-05
22.0,0.81,15.0,5.328326243281278e-07
22.0,0.81,16.0,1.0771475703885702e-05
22.0,0.81,17.0,-9.747638200108266e-06
22.0,0.81,18.0,1.4264257013368864e-05
22.0,0.81,19.0,-1.5395057757605635e-05
22.0,0.81,20.0,1.777768581984196e-06
22.0,0.81,21.0,9.160734115720714e-10
22.0,1.01,0.0,-3.292917637764958e-05
22.0,1.01,1.0,-2.307507324050828e-06
22.0,1.01,2.0,4.652140608013555e-05
22.0,1.01,3.0,6.876123004317947e-10
22.0,1.01,4.0,2.3389308145271848e-06
22.0,1.01,5.0,-1.5611235717823776e-05
22.0,1.01,6.0,6.726252469224647e-06
22.0,1.01,7.0,-1.8148590642641516e-05
22.0,1.01,8.0,6.876123004317947e-10
22.0,1.01,9.0,-7.671273763665276e-06
22.0,1.01,10.0,-6.685250654003827e-06
22.0,1.01,11.0,6.876123004317947e-10
22.0,1.01,12.0,-5.220047900322822e-07
22.0,1.01,13.0,1.2445874377375876e-05
22.0,1.01,14.0,3.7407901727182225e-05
22.0,1.01,15.0,5.325817905299512e-07
22.0,1.01,16.0,1.0762687139009852e-05
22.0,1.01,17.0,-9.74715563240025e-06
22.0,1.01,18.0,1.42580727159336e-05
22.0,1.01,19.0,-1.538516972832138e-05
22.0,1.01,20.0,1.7774248318447317e-06
22.0,1.01,21.0,9.160734115720714e-10
22.0,1.2100000000000002,0.0,-3.289900095126974e-05
22.0,1.2100000000000002,1.0,-2.3052808829637783e-06
22.0,1.2100000000000002,2.0,4.649252536176318e-05
22.0,1.2100000000000002,3.0,6.876123004317947e-10
22.0,1.2100000000000002,4.0,2.3367628564918697e-06
22.0,1.2100000000000002,5.0,-1.5611235718038177e-05
22.0,1.2100000000000002,6.0,6.7256393241343915e-06
22.0,1.2100000000000002,7.0,-1.813893378160847e-05
22.0,1.2100000000000002,8.0,6.876123004317947e-10
22.0,1.2100000000000002,9.0,-7.669025101950111e-06
22.0,1.2100000000000002,10.0,-6.6852286191299015e-06
22.0,1.2100000000000002,11.0,6.876123004317947e-10
22.0,1.2100000000000002,12.0,-5.208894423014421e-07
22.0,1.2100000000000002,13.0,1.2439014001885962e-05
22.0,1.2100000000000002,14.0,3.7385990995453255e-05
22.0,1.2100000000000002,15.0,5.323295537984496e-07
22.0,1.2100000000000002,16.0,1.0753851269640347e-05
22.0,1.2100000000000002,17.0,-9.746670635038535e-06
22.0,1.2100000000000002,18.0,1.4251855462832363e-05
22.0,1.2100000000000002,19.0,-1.5375227208236364e-05
22.0,1.2100000000000002,20.0,1.777079361525713e-06
22.0,1.2100000000000002,21.0,9.160734115720714e-10
22.0,1.4100000000000001,0.0,-3.28686615321816e-05
22.0,1.4100000000000001,1.0,-2.3030423424996727e-06
22.0,1.4100000000000001,2.0,4.646348934589373e-05
22.0,1.4100000000000001,3.0,6.876123004317947e-10
22.0,1.4100000000000001,4.0,2.334583392771261e-06
22.0,1.4100000000000001,5.0,-1.5611235718248807e-05
22.0,1.4100000000000001,6.0,6.725023020320853e-06
22.0,1.4100000000000001,7.0,-1.8129224701179947e-05
22.0,1.4100000000000001,8.0,6.876123004317947e-10
22.0,1.4100000000000001,9.0,-7.666764357636136e-06
22.0,1.4100000000000001,10.0,-6.685206467932359e-06
22.0,1.4100000000000001,11.0,6.876123004317947e-10
22.0,1.4100000000000001,12.0,-5.197678210056011e-07
22.0,1.4100000000000001,13.0,1.2432116962890483e-05
22.0,1.4100000000000001,14.0,3.736396289932831e-05
22.0,1.4100000000000001,15.0,5.320759098870198e-07
22.0,1.4100000000000001,16.0,1.0744967952502904e-05
22.0,1.4100000000000001,17.0,-9.746183201306269e-06
22.0,1.4100000000000001,18.0,1.4245605153784258e-05
22.0,1.4100000000000001,19.0,-1.536523003259349e-05
22.0,1.4100000000000001,20.0,1.7767321658090918e-06
22.0,1.4100000000000001,21.0,9.160734115720714e-10
22.0,1.61,0.0,-3.283815762067377e-05
22.0,1.61,1.0,-2.300791665910129e-06
22.0,1.61,2.0,4.643429756212569e-05
22.0,1.61,3.0,6.876123004317947e-10
22.0,1.61,4.0,2.332392388004756e-06
22.0,1.61,5.0,-1.5611235718455653e-05
22.0,1.61,6.0,6.724403547986313e-06
22.0,1.61,7.0,-1.8119463243038147e-05
22.0,1.61,8.0,6.876123004317947e-10
22.0,1.61,9.0,-7.664491494988046e-06
22.0,1.61,10.0,-6.685184200078131e-06
22.0,1.61,11.0,6.876123004317947e-10
22.0,1.61,12.0,-5.186399071877013e-07
22.0,1.61,13.0,1.242518315003327e-05
22.0,1.61,14.0,3.734181708336948e-05
22.0,1.61,15.0,5.318208544102809e-07
22.0,1.61,16.0,1.0736037043601598e-05
22.0,1.61,17.0,-9.745693324306193e-06
22.0,1.61,18.0,1.4239321687981032e-05
22.0,1.61,19.0,-1.535517803602504e-05
22.0,1.61,20.0,1.7763832396988644e-06
22.0,1.61,21.0,9.160734115720714e-10
22.0,1.81,0.0,-3.2807488745678626e-05
22.0,1.81,1.0,-2.2985288182231223e-06
22.0,1.81,2.0,4.640494956742458e-05
22.0,1.81,3.0,6.876123004317947e-10
22.0,1.81,4.0,2.330189808497085e-06
22.0,1.81,5.0,-1.5611235718658693e-05
22.0,1.81,6.0,6.723780897638365e-06
22.0,1.81,7.0,-1.8109649257358473e-05
22.0,1.81,8.0,6.876123004317947e-10
22.0,1.81,9.0,-7.662206480657519e-06
22.0,1.81,10.0,-6.6851618152619086e-06
22.0,1.81,11.0,6.876123004317947e-10
22.0,1.81,12.0,-5.175056830564184e-07
22.0,1.81,13.0,1.241821245900887e-05
22.0,1.81,14.0,3.7319553213344125e-05
22.0,1.81,15.0,5.315643834824524e-07
22.0,1.81,16.0,1.0727058407100643e-05
22.0,1.81,17.0,-9.745200997876569e-06
22.0,1.81,18.0,1.423300497024882e-05
22.0,1.81,19.0,-1.5345071062711213e-05
22.0,1.81,20.0,1.7760325783655606e-06
22.0,1.81,21.0,9.160734115720714e-10
22.0,2.01,0.0,-3.277665436063337e-05
22.0,2.01,1.0,-2.2962537594706234e-06
22.0,2.01,2.0,4.637544484725753e-05
22.0,2.01,3.0,6.876123004317947e-10
22.0,2.01,4.0,2.3279756160565768e-06
22.0,2.01,5.0,-1.5611235718857912e-05
22.0,2.01,6.0,6.723155058674379e-06
22.0,2.01,7.0,-1.8099782571556755e-05
22.0,2.01,8.0,6.876123004317947e-10
22.0,2.01,9.0,-7.659909275065102e-06
22.0,2.01,10.0,-6.6851393130673564e-06
22.0,2.01,11.0,6.876123004317947e-10
22.0,2.01,12.0,-5.163651277118042e-07
22.0,2.01,13.0,1.2411204768525419e-05
22.0,2.01,14.0,3.7297170899897036e-05
22.0,2.01,15.0,5.313064923573307e-07
22.0,2.01,16.0,1.071803188595899e-05
22.0,2.01,17.0,-9.744706214162568e-06
22.0,2.01,18.0,1.4226654890925339e-05
22.0,2.01,19.0,-1.533490893196321e-05
22.0,2.01,20.0,1.7756801761747987e-06
22.0,2.01,21.0,9.160734115720714e-10
22.0,2.21,0.0,-3.274565398880824e-05
22.0,2.21,1.0,-2.29396645434754e-06
22.0,2.21,2.0,4.634578295364955e-05
22.0,2.21,3.0,6.876123004317947e-10
22.0,2.21,4.0,2.3257497764883617e-06
22.0,2.21,5.0,-1.5611235719053296e-05
22.0,2.21,6.0,6.722526021574193e-06
22.0,2.21,7.0,-1.8089863034198572e-05
22.0,2.21,8.0,6.876123004317947e-10
22.0,2.21,9.0,-7.657599844487772e-06
22.0,2.21,10.0,-6.685116693105897e-06
22.0,2.21,11.0,6.876123004317947e-10
22.0,2.21,12.0,-5.152182233070235e-07
22.0,2.21,13.0,1.2404159973333773e-05
22.0,2.21,14.0,3.727466980468774e-05
22.0,2.21,15.0,5.310471770103575e-07
22.0,2.21,16.0,1.070895734273103e-05
22.0,2.21,17.0,-9.744208966974699e-06
22.0,2.21,18.0,1.4220271353559966e-05
22.0,2.21,19.0,-1.532469148607385e-05
22.0,2.21,20.0,1.7753260282971084e-06
22.0,2.21,21.0,9.160734115720714e-10
22.0,2.41,0.0,-3.2714487115059754e-05
22.0,2.41,1.0,-2.291666864773223e-06
22.0,2.41,2.0,4.631596340182176e-05
22.0,2.41,3.0,6.876123004317947e-10
22.0,2.41,4.0,2.32351225315508e-06
22.0,2.41,5.0,-1.5611235719244827e-05
22.0,2.41,6.0,6.721893776012733e-06
22.0,2.41,7.0,-1.8079890482192162e-05
22.0,2.41,8.0,6.876123004317947e-10
22.0,2.41,9.0,-7.655278152149392e-06
22.0,2.41,10.0,-6.685093955099974e-06
22.0,2.41,11.0,6.876123004317947e-10
22.0,2.41,12.0,-5.140649502188843e-07
22.0,2.41,13.0,1.2397077959303004e-05
22.0,2.41,14.0,3.7252049561675715e-05
22.0,2.41,15.0,5.307864330561518e-07
22.0,2.41,16.0,1.0699834628924432e-05
22.0,2.41,17.0,-9.743709249207533e-06
22.0,2.41,18.0,1.4213854254346847e-05
22.0,2.41,19.0,-1.5314418554901454e-05
22.0,2.41,20.0,1.7749701294034193e-06
22.0,2.41,21.0,9.160734115720714e-10
22.0,2.61,0.0,-3.268315322468851e-05
22.0,2.61,1.0,-2.2893549528335555e-06
22.0,2.61,2.0,4.62859857071618e-05
22.0,2.61,3.0,6.876123004317947e-10
22.0,2.61,4.0,2.3212630096969278e-06
22.0,2.61,5.0,-1.561123571943248e-05
22.0,2.61,6.0,6.721258311914724e-06
22.0,2.61,7.0,-1.806986475222372e-05
22.0,2.61,8.0,6.876123004317947e-10
22.0,2.61,9.0,-7.652944161121167e-06
22.0,2.61,10.0,-6.685071098633255e-06
22.0,2.61,11.0,6.876123004317947e-10
22.0,2.61,12.0,-5.12905288935217e-07
22.0,2.61,13.0,1.2389958612468721e-05
22.0,2.61,14.0,3.7229309804542865e-05
22.0,2.61,15.0,5.305242560538215e-07
22.0,2.61,16.0,1.0690663596379935e-05
22.0,2.61,17.0,-9.743207053783398e-06
22.0,2.61,18.0,1.4207403489591153e-05
22.0,2.61,19.0,-1.5304089967915768e-05
22.0,2.61,20.0,1.7746124743311942e-06
22.0,2.61,21.0,9.160734115720714e-10
22.0,2.81,0.0,-3.265165181209895e-05
22.0,2.81,1.0,-2.287030681280555e-06
22.0,2.81,2.0,4.625584939504934e-05
22.0,2.81,3.0,6.876123004317947e-10
22.0,2.81,4.0,2.31900201019819e-06
22.0,2.81,5.0,-1.5611235719616247e-05
22.0,2.81,6.0,6.7206196192881595e-06
22.0,2.81,7.0,-1.805978568414357e-05
22.0,2.81,8.0,6.876123004317947e-10
22.0,2.81,9.0,-7.650597835529016e-06
22.0,2.81,10.0,-6.685048123344917e-06
22.0,2.81,11.0,6.876123004317947e-10
22.0,2.81,12.0,-5.117392203046744e-07
22.0,2.81,13.0,1.2382801821086975e-05
22.0,2.81,14.0,3.720645017479818e-05
22.0,2.81,15.0,5.302606417290079e-07
22.0,2.81,16.0,1.0681444099824855e-05
22.0,2.81,17.0,-9.742702374013201e-06
22.0,2.81,18.0,1.4200918957318898e-05
22.0,2.81,19.0,-1.529370555825027e-05
22.0,2.81,20.0,1.7742530579178961e-06
22.0,2.81,21.0,9.160734115720714e-10
22.0,3.01,0.0,-3.261998234338481e-05
22.0,3.01,1.0,-2.284694010756816e-06
22.0,3.01,2.0,4.622555396194272e-05
22.0,3.01,3.0,6.876123004317947e-10
22.0,3.01,4.0,2.316729216911284e-06
22.0,3.01,5.0,-1.5611235719796106e-05
22.0,3.01,6.0,6.719977687558165e-06
22.0,3.01,7.0,-1.804965310886475e-05
22.0,3.01,8.0,6.876123004317947e-10
22.0,3.01,9.0,-7.64823913691759e-06
22.0,3.01,10.0,-6.6850250289296476e-06
22.0,3.01,11.0,6.876123004317947e-10
22.0,3.01,12.0,-5.105667240101752e-07
22.0,3.01,13.0,1.2375607466641458e-05
22.0,3.01,14.0,3.71834702918572e-05
22.0,3.01,15.0,5.299955855020411e-07
22.0,3.01,16.0,1.0672175984993704e-05
22.0,3.01,17.0,-9.742195202347426e-06
22.0,3.01,18.0,1.4194400550116004e-05
22.0,3.01,19.0,-1.528326514899092e-05
22.0,3.01,20.0,1.7738918745846544e-06
22.0,3.01,21.0,9.160734115720714e-10
22.0,3.21,0.0,-3.258814431450485e-05
22.0,3.21,1.0,-2.2823449041253774e-06
22.0,3.21,2.0,4.619509893494245e-05
22.0,3.21,3.0,6.876123004317947e-10
22.0,3.21,4.0,2.314444593864984e-06
22.0,3.21,5.0,-1.5611235719972038e-05
22.0,3.21,6.0,6.719332506704978e-06
22.0,3.21,7.0,-1.803946686651514e-05
22.0,3.21,8.0,6.876123004317947e-10
22.0,3.21,9.0,-7.645868029593217e-06
22.0,3.21,10.0,-6.685001814915603e-06
22.0,3.21,11.0,6.876123004317947e-10
22.0,3.21,12.0,-5.093877810946612e-07
22.0,3.21,13.0,1.2368375437887824e-05
22.0,3.21,14.0,3.716036979850568e-05
22.0,3.21,15.0,5.297290830708068e-07
22.0,3.21,16.0,1.0662859107057887e-05
22.0,3.21,17.0,-9.741685532194122e-06
22.0,3.21,18.0,1.4187848166147266e-05
22.0,3.21,19.0,-1.52727685737708e-05
22.0,3.21,20.0,1.7735289193077097e-06
22.0,3.21,21.0,9.160734115720714e-10
22.0,3.41,0.0,-3.255613718955441e-05
22.0,3.41,1.0,-2.279983321806789e-06
22.0,3.41,2.0,4.616448380934113e-05
22.0,3.41,3.0,6.876123004317947e-10
22.0,3.41,4.0,2.312148103200684e-06
22.0,3.41,5.0,-1.5611235720144027e-05
22.0,3.41,6.0,6.7186840661814795e-06
22.0,3.41,7.0,-1.8029226787397157e-05
22.0,3.41,8.0,6.876123004317947e-10
22.0,3.41,9.0,-7.643484475114426e-06
22.0,3.41,10.0,-6.684978480969717e-06
22.0,3.41,11.0,6.876123004317947e-10
22.0,3.41,12.0,-5.082023711855399e-07
22.0,3.41,13.0,1.2361105616032209e-05
22.0,3.41,14.0,3.7137148313381996e-05
22.0,3.41,15.0,5.294611298833907e-07
22.0,3.41,16.0,1.0653493311751916e-05
22.0,3.41,17.0,-9.741173356059285e-06
22.0,3.41,18.0,1.4181261697665537e-05
22.0,3.41,19.0,-1.5262215655065248e-05
22.0,3.41,20.0,1.7731641865637027e-06
22.0,3.41,21.0,9.160734115720714e-10
22.0,3.61,0.0,-3.252396045350103e-05
22.0,3.61,1.0,-2.277609225831423e-06
22.0,3.61,2.0,4.613370810074846e-05
22.0,3.61,3.0,6.876123004317947e-10
22.0,3.61,4.0,2.309839708281025e-06
22.0,3.61,5.0,-1.5611235720312054e-05
22.0,3.61,6.0,6.718032355662595e-06
22.0,3.61,7.0,-1.8018932708085966e-05
22.0,3.61,8.0,6.876123004317947e-10
22.0,3.61,9.0,-7.641088436843857e-06
22.0,3.61,10.0,-6.684955026758921e-06
22.0,3.61,11.0,6.876123004317947e-10
22.0,3.61,12.0,-5.070104747428861e-07
22.0,3.61,13.0,1.235379788716573e-05
22.0,3.61,14.0,3.711380547061216e-05
22.0,3.61,15.0,5.291917215544117e-07
22.0,3.61,16.0,1.064407845058346e-05
22.0,3.61,17.0,-9.74065866712892e-06
22.0,3.61,18.0,1.4174641040559655e-05
22.0,3.61,19.0,-1.5251606222899117e-05
22.0,3.61,20.0,1.7727976711068294e-06
22.0,3.61,21.0,9.160734115720714e-10
22.0,3.81,0.0,-3.249161356511099e-05
22.0,3.81,1.0,-2.2752225762867617e-06
22.0,3.81,2.0,4.610277130023821e-05
22.0,3.81,3.0,6.876123004317947e-10
22.0,3.81,4.0,2.3075193708588237e-06
22.0,3.81,5.0,-1.56112357204761e-05
22.0,3.81,6.0,6.717377364545696e-06
22.0,3.81,7.0,-1.800858445738518e-05
22.0,3.81,8.0,6.876123004317947e-10
22.0,3.81,9.0,-7.638679876034726e-06
22.0,3.81,10.0,-6.684931451866882e-06
22.0,3.81,11.0,6.876123004317947e-10
22.0,3.81,12.0,-5.058120712830849e-07
22.0,3.81,13.0,1.2346452131439811e-05
22.0,3.81,14.0,3.709034088550389e-05
22.0,3.81,15.0,5.289208534209333e-07
22.0,3.81,16.0,1.0634614367843742e-05
22.0,3.81,17.0,-9.740141457825757e-06
22.0,3.81,18.0,1.4167986086027762e-05
22.0,3.81,19.0,-1.5240940098248945e-05
22.0,3.81,20.0,1.7724293673859748e-06
22.0,3.81,21.0,9.160734115720714e-10
22.0,4.01,0.0,-3.2459095987591446e-05
22.0,4.01,1.0,-2.272823333759888e-06
22.0,4.01,2.0,4.60716729026589e-05
22.0,4.01,3.0,6.876123004317947e-10
22.0,4.01,4.0,2.305187052742408e-06
22.0,4.01,5.0,-1.5611235720636153e-05
22.0,4.01,6.0,6.716719082255906e-06
22.0,4.01,7.0,-1.7998181865153118e-05
22.0,4.01,8.0,6.876123004317947e-10
22.0,4.01,9.0,-7.636258754231684e-06
22.0,4.01,10.0,-6.684907755905023e-06
22.0,4.01,11.0,6.876123004317947e-10
22.0,4.01,12.0,-5.046071403780328e-07
22.0,4.01,13.0,1.2339068230005079e-05
22.0,4.01,14.0,3.7066754176362515e-05
22.0,4.01,15.0,5.286485209587966e-07
22.0,4.01,16.0,1.0625100908989715e-05
22.0,4.01,17.0,-9.739621720891711e-06
22.0,4.01,18.0,1.4161296725823114e-05
22.0,4.01,19.0,-1.5230217103479049e-05
22.0,4.01,20.0,1.7720592699332904e-06
22.0,4.01,21.0,9.160734115720714e-10
23.0,0.01,0.0,0.003728565756306257
23.0,0.01,1.0,0.00015509778966138477
23.0,0.01,2.0,0.00014276594236004025
23.0,0.01,3.0,1.0172416520237704e-09
23.0,0.01,4.0,-0.0017676771025277316
23.0,0.01,5.0,-0.003954723529100646
23.0,0.01,6.0,0.001104343244197642
23.0,0.01,7.0,-0.005492415410987522
23.0,0.01,8.0,1.0172416520237704e-09
23.0,0.01,9.0,-0.00048050582596448344
23.0,0.01,10.0,-0.0010675140700760755
23.0,0.01,11.0,1.0172416520237704e-09
23.0,0.01,12.0,0.0005744457610590281
23.0,0.01,13.0,0.0008276349615308765
23.0,0.01,14.0,-3.5596428398594666e-10
23.0,0.01,15.0,2.5936745252086446e-06
23.0,0.01,16.0,-0.0014148179752302148
23.0,0.01,17.0,-0.002632036716240696
23.0,0.01,18.0,0.0005923987691341948
23.0,0.01,19.0,-0.00031521220554217577
23.0,0.01,20.0,8.105171113015341e-05
23.0,0.01,21.0,1.359334728112671e-09
23.0,0.21000000000000002,0.0,0.003964033275354495
23.0,0.21000000000000002,1.0,0.0001950812754559217
23.0,0.21000000000000002,2.0,0.00013024491882210332
23.0,0.21000000000000002,3.0,1.0172416520237704e-09
23.0,0.21000000000000002,4.0,-0.001686294740321892
23.0,0.21000000000000002,5.0,-0.003955507154204238
23.0,0.21000000000000002,6.0,0.001101807910791286
23.0,0.21000000000000002,7.0,-0.00547921855260896
23.0,0.21000000000000002,8.0,1.0172416520237704e-09
23.0,0.21000000000000002,9.0,-0.0004620976748378469
23.0,0.21000000000000002,10.0,-0.0010676011769885918
23.0,0.21000000000000002,11.0,1.0172416520237704e-09
23.0,0.21000000000000002,12.0,0.0005752186185445929
23.0,0.21000000000000002,13.0,0.000772711659160652
23.0,0.21000000000000002,14.0,-3.559642839839743e-10
23.0,0.21000000000000002,15.0,2.251649161927327e-06
23.0,0.21000000000000002,16.0,-0.0013920618176590516
23.0,0.21000000000000002,17.0,-0.0026236445251378443
23.0,0.21000000000000002,18.0,0.0005374638883897109
23.0,0.21000000000000002,19.0,-0.0003094597060607496
23.0,0.21000000000000002,20.0,3.754251333182301e-05
23.0,0.21000000000000002,21.0,1.3593347558682467e-09
23.0,0.41000000000000003,0.0,0.004021279639773168
23.0,0.41000000000000003,1.0,0.00020316677449094822
23.0,0.41000000000000003,2.0,0.00012797025982402843
23.0,0.41000000000000003,3.0,1.0172416520237704e-09
23.0,0.41000000000000003,4.0,-0.0016747056083784018
23.0,0.41000000000000003,5.0,-0.003956335525778473
23.0,0.41000000000000003,6.0,0.001101329477018187
23.0,0.41000000000000003,7.0,-0.005488185187484153
23.0,0.41000000000000003,8.0,1.0172416520237704e-09
23.0,0.41000000000000003,9.0,-0.0004594981516763963
23.0,0.41000000000000003,10.0,-0.0010677508465880836
23.0,0.41000000000000003,11.0,1.0172416520237704e-09
23.0,0.41000000000000003,12.0,0.0005746759855795591
23.0,0.41000000000000003,13.0,0.000762734858472558
23.0,0.41000000000000003,14.0,-3.5596428399683246e-10
23.0,0.41000000000000003,15.0,2.1858838616661824e-06
23.0,0.41000000000000003,16.0,-0.001392493937752315
23.0,0.41000000000000003,17.0,-0.0026259284878490524
23.0,0.41000000000000003,18.0,0.000523847226588936
23.0,0.41000000000000003,19.0,-0.0003100290559274188
23.0,0.41000000000000003,20.0,2.7681741986862463e-05
23.0,0.41000000000000003,21.0,1.359334728112671e-09
23.0,0.6100000000000001,0.0,0.004084317123490944
23.0,0.6100000000000001,1.0,0.00021241105862168652
23.0,0.6100000000000001,2.0,0.00012546860550660677
23.0,0.6100000000000001,3.0,1.0172416520237704e-09
23.0,0.6100000000000001,4.0,-0.0016612640145836632
23.0,0.6100000000000001,5.0,-0.003957174141567862
23.0,0.6100000000000001,6.0,0.0011007933090901312
23.0,0.6100000000000001,7.0,-0.005496958358436402
23.0,0.6100000000000001,8.0,1.0172416520237704e-09
23.0,0.6100000000000001,9.0,-0.0004565160871444207
23.0,0.6100000000000001,10.0,-0.0010678970808876698
23.0,0.6100000000000001,11.0,1.0172416520237704e-09
23.0,0.6100000000000001,12.0,0.0005741837044861142
23.0,0.6100000000000001,13.0,0.0007521759583251908
23.0,0.6100000000000001,14.0,-3.5596428399307675e-10
23.0,0.6100000000000001,15.0,2.113147661825243e-06
23.0,0.6100000000000001,16.0,-0.00139245105255012
23.0,0.6100000000000001,17.0,-0.0026281693785060872
23.0,0.6100000000000001,18.0,0.0005089525141120932
23.0,0.6100000000000001,19.0,-0.00031051053305669596
23.0,0.6100000000000001,20.0,1.7282643906824102e-05
23.0,0.6100000000000001,21.0,1.3593347558682467e-09
23.0,0.81,0.0,0.0035925643346711444
23.0,0.81,1.0,0.00012601793418731688
23.0,0.81,2.0,0.00015491535731271266
23.0,0.81,3.0,1.0172416520237704e-09
23.0,0.81,4.0,-0.001868029721449893
23.0,0.81,5.0,-0.0039581633032695135
23.0,0.81,6.0,0.0011066008288610485
23.0,0.81,7.0,-0.005565777027313305
23.0,0.81,8.0,1.0172416520237704e-09
23.0,0.81,9.0,-0.0005031838465121841
23.0,0.81,10.0,-0.0010682017789797882
23.0,0.81,11.0,1.0172416520237704e-09
23.0,0.81,12.0,0.0005700114782265231
23.0,0.81,13.0,0.0008825893810954222
23.0,0.81,14.0,-3.55964283995257e-10
23.0,0.81,15.0,2.907847063887692e-06
23.0,0.81,16.0,-0.0014648111753854665
23.0,0.81,17.0,-0.0026626327471006572
23.0,0.81,18.0,0.0006192470028367203
23.0,0.81,19.0,-0.00033065323729003504
23.0,0.81,20.0,0.00011330265122772021
23.0,0.81,21.0,1.3593347558682467e-09
23.0,1.01,0.0,0.003773996430625981
23.0,1.01,1.0,0.00015555432634989375
23.0,1.01,2.0,0.00014555003739480377
23.0,1.01,3.0,1.0172416520237704e-09
23.0,1.01,4.0,-0.0018063952110298764
23.0,1.01,5.0,-0.00395895143949977
23.0,1.01,6.0,0.0011046919335328809
23.0,1.01,7.0,-0.005559484077373292
23.0,1.01,8.0,1.0172416520237704e-09
23.0,1.01,9.0,-0.0004894093827146062
23.0,1.01,10.0,-0.001068311833056751
23.0,1.01,11.0,1.0172416520237704e-09
23.0,1.01,12.0,0.0005702879573100672
23.0,1.01,13.0,0.0008416091916874091
23.0,1.01,14.0,-3.55964283997931e-10
23.0,1.01,15.0,2.651301049955146e-06
23.0,1.01,16.0,-0.001448978868509837
23.0,1.01,17.0,-0.0026574848538071932
23.0,1.01,18.0,0.0005777983156319833
23.0,1.01,19.0,-0.00032684538158750387
23.0,1.01,20.0,7.98878099909639e-05
23.0,1.01,21.0,1.359334728112671e-09
23.0,1.2100000000000002,0.0,0.003900671983652626
23.0,1.2100000000000002,1.0,0.00017579003926798675
23.0,1.2100000000000002,2.0,0.00013935941152096176
23.0,1.2100000000000002,3.0,1.0172416520237704e-09
23.0,1.2100000000000002,4.0,-0.0017668142743222925
23.0,1.2100000000000002,5.0,-0.003959751742607187
23.0,1.2100000000000002,6.0,0.0011034171968326845
23.0,1.2100000000000002,7.0,-0.005559291855952442
23.0,1.2100000000000002,8.0,1.0172416520237704e-09
23.0,1.2100000000000002,9.0,-0.00048058522608973586
23.0,1.2100000000000002,10.0,-0.0010684351475808151
23.0,1.2100000000000002,11.0,1.0172416520237704e-09
23.0,1.2100000000000002,12.0,0.0005702464057008305
23.0,1.2100000000000002,13.0,0.0008148378700497394
23.0,1.2100000000000002,14.0,-3.55964283999136e-10
23.0,1.2100000000000002,15.0,2.479553485312813e-06
23.0,1.2100000000000002,16.0,-0.0014402550632132416
23.0,1.2100000000000002,17.0,-0.0026555577371655398
23.0,1.2100000000000002,18.0,0.0005487060662019427
23.0,1.2100000000000002,19.0,-0.00032496249063199145
23.0,1.2100000000000002,20.0,5.728392639453572e-05
23.0,1.2100000000000002,21.0,1.359334728112671e-09
23.0,1.4100000000000001,0.0,0.003993677860069655
23.0,1.4100000000000001,1.0,0.00019030155335431065
23.0,1.4100000000000001,2.0,0.00013511380052055877
23.0,1.4100000000000001,3.0,1.0172416520237704e-09
23.0,1.4100000000000001,4.0,-0.0017407141614465549
23.0,1.4100000000000001,5.0,-0.003960557757818543
23.0,1.4100000000000001,6.0,0.0011025301682896227
23.0,1.4100000000000001,7.0,-0.005562780688805183
23.0,1.4100000000000001,8.0,1.0172416520237704e-09
23.0,1.4100000000000001,9.0,-0.000474791336768865
23.0,1.4100000000000001,10.0,-0.0010685666015021467
23.0,1.4100000000000001,11.0,1.0172416520237704e-09
23.0,1.4100000000000001,12.0,0.0005700028666370816
23.0,1.4100000000000001,13.0,0.0007967285297465487
23.0,1.4100000000000001,14.0,-3.559642839994284e-10
23.0,1.4100000000000001,15.0,2.360046397947846e-06
23.0,1.4100000000000001,16.0,-0.0014358976347560726
23.0,1.4100000000000001,17.0,-0.002655595211663128
23.0,1.4100000000000001,18.0,0.0005272002632131234
23.0,1.4100000000000001,19.0,-0.00032426176400446316
23.0,1.4100000000000001,20.0,4.1260254526942486e-05
23.0,1.4100000000000001,21.0,1.3593347558682467e-09
23.0,1.61,0.0,0.0040650607773304315
23.0,1.61,1.0,0.00020112974143854379
23.0,1.61,2.0,0.00013211275116409293
23.0,1.61,3.0,1.0172416520237704e-09
23.0,1.61,4.0,-0.001723221614863768
23.0,1.61,5.0,-0.003961365974281393
23.0,1.61,6.0,0.0011018907820196655
23.0,1.61,7.0,-0.005568602222769642
23.0,1.61,8.0,1.0172416520237704e-09
23.0,1.61,9.0,-0.00047093413949808594
23.0,1.61,10.0,-0.00106870315832161
23.0,1.61,11.0,1.0172416520237704e-09
23.0,1.61,12.0,0.0005696262055175927
23.0,1.61,13.0,0.0007841379839065021
23.0,1.61,14.0,-3.5596428399911016e-10
23.0,1.61,15.0,2.274126432055823e-06
23.0,1.61,16.0,-0.0014343365794574625
23.0,1.61,17.0,-0.002656883942738525
23.0,1.61,18.0,0.0005105620181423687
23.0,1.61,19.0,-0.00032431786879133506
23.0,1.61,20.0,2.9424629401753055e-05
23.0,1.61,21.0,1.3593347558682467e-09
23.0,1.81,0.0,0.00412205086549855
23.0,1.81,1.0,0.0002095004170318271
23.0,1.81,2.0,0.00012993709495778827
23.0,1.81,3.0,1.0172416520237704e-09
23.0,1.81,4.0,-0.0017114253021072723
23.0,1.81,5.0,-0.003962174383452205
23.0,1.81,6.0,0.0011014153843462438
23.0,1.81,7.0,-0.00557596239989816
23.0,1.81,8.0,1.0172416520237704e-09
23.0,1.81,9.0,-0.00046835940484613037
23.0,1.81,10.0,-0.001068842940300463
23.0,1.81,11.0,1.0172416520237704e-09
23.0,1.81,12.0,0.0005691592260089195
23.0,1.81,13.0,0.000775194487610098
23.0,1.81,14.0,-3.559642839983583e-10
23.0,1.81,15.0,2.21056999860636e-06
23.0,1.81,16.0,-0.0014346284710309853
23.0,1.81,17.0,-0.002658998323161979
23.0,1.81,18.0,0.0004971626534496232
23.0,1.81,19.0,-0.0003248751952135698
23.0,1.81,20.0,2.0355098793778392e-05
23.0,1.81,21.0,1.3593347558682467e-09
23.0,2.01,0.0,0.003858799696998927
23.0,2.01,1.0,0.00016273569818642253
23.0,2.01,2.0,0.00014614113230923542
23.0,2.01,3.0,1.0172416520237704e-09
23.0,2.01,4.0,-0.001827717584863442
23.0,2.01,5.0,-0.003963085438670272
23.0,2.01,6.0,0.001104588398201406
23.0,2.01,7.0,-0.005620171204819155
23.0,2.01,8.0,1.0172416520237704e-09
23.0,2.01,9.0,-0.0004945529881198729
23.0,2.01,10.0,-0.0010690791536480115
23.0,2.01,11.0,1.0172416520237704e-09
23.0,2.01,12.0,0.0005664968923447811
23.0,2.01,13.0,0.0008467248448360831
23.0,2.01,14.0,-3.5596428399638175e-10
23.0,2.01,15.0,2.648342498329237e-06
23.0,2.01,16.0,-0.001477192847675446
23.0,2.01,17.0,-0.002680162732044966
23.0,2.01,18.0,0.0005552768952866161
23.0,2.01,19.0,-0.0003368941078761012
23.0,2.01,20.0,7.201241064291874e-05
23.0,2.01,21.0,1.359334728112671e-09
23.0,2.21,0.0,0.004329974680231552
23.0,2.21,1.0,0.00024330471947897614
23.0,2.21,2.0,0.00012021529256839303
23.0,2.21,3.0,1.0172416520237704e-09
23.0,2.21,4.0,-0.0016515927776237782
23.0,2.21,5.0,-0.0039637721823454685
23.0,2.21,6.0,0.001099402445836395
23.0,2.21,7.0,-0.005580209700894852
23.0,2.21,8.0,1.0172416520237704e-09
23.0,2.21,9.0,-0.000454977809801721
23.0,2.21,10.0,-0.0010690917025064917
23.0,2.21,11.0,1.0172416520237704e-09
23.0,2.21,12.0,0.0005689531019446581
23.0,2.21,13.0,0.0007339402082191804
23.0,2.21,14.0,-3.5596428399476715e-10
23.0,2.21,15.0,1.9361916370197463e-06
23.0,2.21,16.0,-0.001423068814179168
23.0,2.21,17.0,-0.0026579222897813864
23.0,2.21,18.0,0.0004486072238022998
23.0,2.21,19.0,-0.0003226778842200795
23.0,2.21,20.0,-1.5217349908169808e-05
23.0,2.21,21.0,1.3593347558682467e-09
23.0,2.41,0.0,0.004352557237485288
23.0,2.41,1.0,0.00024571028119219074
23.0,2.41,2.0,0.00012000712585263917
23.0,2.41,3.0,1.0172416520237704e-09
23.0,2.41,4.0,-0.0016533568727882808
23.0,2.41,5.0,-0.003964583015171717
23.0,2.41,6.0,0.0010993183331661216
23.0,2.41,7.0,-0.005591571630851694
23.0,2.41,8.0,1.0172416520237704e-09
23.0,2.41,9.0,-0.0004554587200725213
23.0,2.41,10.0,-0.001069240779694114
23.0,2.41,11.0,1.0172416520237704e-09
23.0,2.41,12.0,0.0005682496727892339
23.0,2.41,13.0,0.0007336176986916243
23.0,2.41,14.0,-3.5596428399278636e-10
23.0,2.41,15.0,1.9262310289036577e-06
23.0,2.41,16.0,-0.001427823443451104
23.0,2.41,17.0,-0.0026620619408326135
23.0,2.41,18.0,0.0004429756876723756
23.0,2.41,19.0,-0.00032444506746356905
23.0,2.41,20.0,-1.7785583674101435e-05
23.0,2.41,21.0,1.3593347558682467e-09
23.0,2.61,0.0,0.004372778527160337
23.0,2.61,1.0,0.00024770585268169
23.0,2.61,2.0,0.00011993077755892423
23.0,2.61,3.0,1.0172416520237704e-09
23.0,2.61,4.0,-0.0016559937675449943
23.0,2.61,5.0,-0.0039653905094514325
23.0,2.61,6.0,0.0010992603399238576
23.0,2.61,7.0,-0.0056031386976676326
23.0,2.61,8.0,1.0172416520237704e-09
23.0,2.61,9.0,-0.00045613781453907043
23.0,2.61,10.0,-0.0010693898092347387
23.0,2.61,11.0,1.0172416520237704e-09
23.0,2.61,12.0,0.0005675329918441441
23.0,2.61,13.0,0.0007338757184557898
23.0,2.61,14.0,-3.559642839906244e-10
23.0,2.61,15.0,1.919881027545589e-06
23.0,2.61,16.0,-0.0014328509548457158
23.0,2.61,17.0,-0.0026663161449515943
23.0,2.61,18.0,0.00043789039091424176
23.0,2.61,19.0,-0.0003262849990899319
23.0,2.61,20.0,-1.990989077571559e-05
23.0,2.61,21.0,1.3593347558682467e-09
23.0,2.81,0.0,0.004391282663540885
23.0,2.81,1.0,0.00024940519397498306
23.0,2.81,2.0,0.00011994896434416868
23.0,2.81,3.0,1.0172416520237704e-09
23.0,2.81,4.0,-0.0016592510942342042
23.0,2.81,5.0,-0.003966194509898904
23.0,2.81,6.0,0.0010992211107287708
23.0,2.81,7.0,-0.00561483767673681
23.0,2.81,8.0,1.0172416520237704e-09
23.0,2.81,9.0,-0.0004569577685121784
23.0,2.81,10.0,-0.0010695385987752049
23.0,2.81,11.0,1.0172416520237704e-09
23.0,2.81,12.0,0.0005668077212172273
23.0,2.81,13.0,0.0007345496217289194
23.0,2.81,14.0,-3.5596428398830775e-10
23.0,2.81,15.0,1.916127647494381e-06
23.0,2.81,16.0,-0.0014380669909072885
23.0,2.81,17.0,-0.002670646905711796
23.0,2.81,18.0,0.0004332032613862391
23.0,2.81,19.0,-0.00032817458119147047
23.0,2.81,20.0,-2.171333467770875e-05
23.0,2.81,21.0,1.3593347558682467e-09
23.0,3.01,0.0,0.004408502033477257
23.0,3.01,1.0,0.00025088475670514976
23.0,3.01,2.0,0.0001200366374361217
23.0,3.01,3.0,1.0172416520237704e-09
23.0,3.01,4.0,-0.0016629596619206488
23.0,3.01,5.0,-0.00396699492136927
23.0,3.01,6.0,0.0010991957072866987
23.0,3.01,7.0,-0.005626619463274508
23.0,3.01,8.0,1.0172416520237704e-09
23.0,3.01,9.0,-0.00045788012054021054
23.0,3.01,10.0,-0.0010696870212071607
23.0,3.01,11.0,1.0172416520237704e-09
23.0,3.01,12.0,0.0005660769915984964
23.0,3.01,13.0,0.0007355286818007678
23.0,3.01,14.0,-3.5596428398586136e-10
23.0,3.01,15.0,1.9142898388391227e-06
23.0,3.01,16.0,-0.0014434149729243284
23.0,3.01,17.0,-0.002675028724971759
23.0,3.01,18.0,0.0004288147158245659
23.0,3.01,19.0,-0.0003300983105165023
23.0,3.01,20.0,-2.3278633984324948e-05
23.0,3.01,21.0,1.3593347558682467e-09
23.0,3.21,0.0,0.004019662355734255
23.0,3.21,1.0,0.00018174414235849756
23.0,3.21,2.0,0.0001434831624905486
23.0,3.21,3.0,1.0172416520237704e-09
23.0,3.21,4.0,-0.0018275578617301114
23.0,3.21,5.0,-0.003967910715284531
23.0,3.21,6.0,0.001103793792467056
23.0,3.21,7.0,-0.005683448336452429
23.0,3.21,8.0,1.0172416520237704e-09
23.0,3.21,9.0,-0.0004950878308366546
23.0,3.21,10.0,-0.0010699584069683854
23.0,3.21,11.0,1.0172416520237704e-09
23.0,3.21,12.0,0.0005624972772899084
23.0,3.21,13.0,0.0008389262216557669
23.0,3.21,14.0,-3.5596428398587056e-10
23.0,3.21,15.0,2.5513857662418093e-06
23.0,3.21,16.0,-0.001502074158900607
23.0,3.21,17.0,-0.0027031827672259617
23.0,3.21,18.0,0.0005159866565117577
23.0,3.21,19.0,-0.0003465250239283457
23.0,3.21,20.0,5.214654757978998e-05
23.0,3.21,21.0,1.3593347558682467e-09
23.0,3.41,0.0,0.004024304494347375
23.0,3.41,1.0,0.0001810895697665904
23.0,3.41,2.0,0.00014427998573518508
23.0,3.41,3.0,1.0172416520237704e-09
23.0,3.41,4.0,-0.0018362102403185476
23.0,3.41,5.0,-0.0039687062688890055
23.0,3.41,6.0,0.0011039090872914936
23.0,3.41,7.0,-0.005696415126074168
23.0,3.41,8.0,1.0172416520237704e-09
23.0,3.41,9.0,-0.0004971151715423006
23.0,3.41,10.0,-0.0010701089298452704
23.0,3.41,11.0,1.0172416520237704e-09
23.0,3.41,12.0,0.0005616903888761293
23.0,3.41,13.0,0.0008429831658067488
23.0,3.41,14.0,-3.559642839839409e-10
23.0,3.41,15.0,2.5691960245377565e-06
23.0,3.41,16.0,-0.0015090007028120411
23.0,3.41,17.0,-0.0027082338141587448
23.0,3.41,18.0,0.0005143765586699267
23.0,3.41,19.0,-0.00034887016822354733
23.0,3.41,20.0,5.293149402241237e-05
23.0,3.41,21.0,1.3593347558682467e-09
23.0,3.61,0.0,0.004101262172483466
23.0,3.61,1.0,0.00019210006870185037
23.0,3.61,2.0,0.00014082332019973998
23.0,3.61,3.0,1.0172416520237704e-09
23.0,3.61,4.0,-0.0018151853021867725
23.0,3.61,5.0,-0.003969461903404166
23.0,3.61,6.0,0.0011031887264991158
23.0,3.61,7.0,-0.005702902833695289
23.0,3.61,8.0,1.0172416520237704e-09
23.0,3.61,9.0,-0.0004924784432208396
23.0,3.61,10.0,-0.0010702413646783149
23.0,3.61,11.0,1.0172416520237704e-09
23.0,3.61,12.0,0.0005612546793177797
23.0,3.61,13.0,0.000827825285720063
23.0,3.61,14.0,-3.5596428398826515e-10
23.0,3.61,15.0,2.471816878762967e-06
23.0,3.61,16.0,-0.001506326598966795
23.0,3.61,17.0,-0.0027090912655455546
23.0,3.61,18.0,0.0004968796311724533
23.0,3.61,19.0,-0.00034861276191824886
23.0,3.61,20.0,3.909137903479465e-05
23.0,3.61,21.0,1.3593347558682467e-09
23.0,3.81,0.0,0.004324148615357071
23.0,3.81,1.0,0.0002301511317581717
23.0,3.81,2.0,0.00012914763698748666
23.0,3.81,3.0,1.0172416520237704e-09
23.0,3.81,4.0,-0.0017368376901389926
23.0,3.81,5.0,-0.003970161463495757
23.0,3.81,6.0,0.0011008166574996425
23.0,3.81,7.0,-0.005687160406108054
23.0,3.81,8.0,1.0172416520237704e-09
23.0,3.81,9.0,-0.00047496898588408887
23.0,3.81,10.0,-0.0010703110057557752
23.0,3.81,11.0,1.0172416520237704e-09
23.0,3.81,12.0,0.0005621265793547547
23.0,3.81,13.0,0.0007779236846614523
23.0,3.81,14.0,-3.55964284001037e-10
23.0,3.81,15.0,2.1486994492558864e-06
23.0,3.81,16.0,-0.0014841427354512216
23.0,3.81,17.0,-0.0027006615632924336
23.0,3.81,18.0,0.0004461520505963379
23.0,3.81,19.0,-0.0003430386059574131
23.0,3.81,20.0,-5.420032177516632e-07
23.0,3.81,21.0,1.359334728112671e-09
23.0,4.01,0.0,0.004317658445127104
23.0,4.01,1.0,0.00022751032737861054
23.0,4.01,2.0,0.00013056694233118393
23.0,4.01,3.0,1.0172416520237704e-09
23.0,4.01,4.0,-0.0017496574027621725
23.0,4.01,5.0,-0.003970948406797677
23.0,4.01,6.0,0.001101055829015346
23.0,4.01,7.0,-0.005701331590668664
23.0,4.01,8.0,1.0172416520237704e-09
23.0,4.01,9.0,-0.00047794278752236186
23.0,4.01,10.0,-0.001070463181240211
23.0,4.01,11.0,1.0172416520237704e-09
23.0,4.01,12.0,0.0005612447233005469
23.0,4.01,13.0,0.000784688542693035
23.0,4.01,14.0,-3.5596428400075945e-10
23.0,4.01,15.0,2.1835201848841024e-06
23.0,4.01,16.0,-0.001492420910714637
23.0,4.01,17.0,-0.0027063074921652858
23.0,4.01,18.0,0.00044711677216385803
23.0,4.01,19.0,-0.00034574761128816633
23.0,4.01,20.0,2.2911387366209013e-06
23.0,4.01,21.0,1.359334728112671e-09
24.0,0.01,0.0,0.001118441500642775
24.0,0.01,1.0,8.699294557212855e-07
24.0,0.01,2.0,8.332637691443878e-05
24.0,0.01,3.0,7.363274434624145e-10
24.0,0.01,4.0,-0.0009683819019722373
24.0,0.01,5.0,-0.0045531211279281605
24.0,0.01,6.0,0.0010813456037011004
24.0,0.01,7.0,-2.089388074525146e-05
24.0,0.01,8.0,7.363274434624145e-10
24.0,0.01,9.0,-0.00012896905739906428
24.0,0.01,10.0,-0.0005270181131965535
24.0,0.01,11.0,7.363274434624145e-10
24.0,0.01,12.0,0.000495985136107796
24.0,0.01,13.0,1.056964310586217e-05
24.0,0.01,14.0,0.000345748851897823
24.0,0.01,15.0,9.347919652236136e-08
24.0,0.01,16.0,-0.00013649949380820092
24.0,0.01,17.0,-0.0021076106560021235
24.0,0.01,18.0,0.0013315758826007995
24.0,0.01,19.0,2.2340295329825732e-05
24.0,0.01,20.0,0.0002594159240193461
24.0,0.01,21.0,9.880746498769355e-10
24.0,0.21000000000000002,0.0,0.001169355250730364
24.0,0.21000000000000002,1.0,9.053697989647169e-07
24.0,0.21000000000000002,2.0,8.696992317325236e-05
24.0,0.21000000000000002,3.0,7.363274434624145e-10
24.0,0.21000000000000002,4.0,-0.0009878094867009635
24.0,0.21000000000000002,5.0,-0.004557443502992095
24.0,0.21000000000000002,6.0,0.0010773752443147266
24.0,0.21000000000000002,7.0,-2.089388465738968e-05
24.0,0.21000000000000002,8.0,7.363274434624145e-10
24.0,0.21000000000000002,9.0,-0.00013447578286213124
24.0,0.21000000000000002,10.0,-0.0005268297775548464
24.0,0.21000000000000002,11.0,7.363274434624145e-10
24.0,0.21000000000000002,12.0,0.0004936125975968375
24.0,0.21000000000000002,13.0,1.1022928690984646e-05
24.0,0.21000000000000002,14.0,0.00036266450129879974
24.0,0.21000000000000002,15.0,9.702745076833885e-08
24.0,0.21000000000000002,16.0,-0.0001492591405168331
24.0,0.21000000000000002,17.0,-0.0021231675443342812
24.0,0.21000000000000002,18.0,0.0013301338816213981
24.0,0.21000000000000002,19.0,-1.0394936496571638e-06
24.0,0.21000000000000002,20.0,0.0002640525205294675
24.0,0.21000000000000002,21.0,9.880746498769355e-10
24.0,0.41000000000000003,0.0,0.0012200564281162896
24.0,0.41000000000000003,1.0,9.406641025555551e-07
24.0,0.41000000000000003,2.0,9.05968612898711e-05
24.0,0.41000000000000003,3.0,7.363274434624145e-10
24.0,0.41000000000000003,4.0,-0.0010064800069362612
24.0,0.41000000000000003,5.0,-0.004561746511166933
24.0,0.41000000000000003,6.0,0.0010732370044104766
24.0,0.41000000000000003,7.0,-2.0893888529760552e-05
24.0,0.41000000000000003,8.0,7.363274434624145e-10
24.0,0.41000000000000003,9.0,-0.00013995838841870945
24.0,0.41000000000000003,10.0,-0.0005266504788420112
24.0,0.41000000000000003,11.0,7.363274434624145e-10
24.0,0.41000000000000003,12.0,0.0004911644445335372
24.0,0.41000000000000003,13.0,1.1474218392676372e-05
24.0,0.41000000000000003,14.0,0.00037955238282422893
24.0,0.41000000000000003,15.0,1.0056104229883012e-07
24.0,0.41000000000000003,16.0,-0.00016197953221824823
24.0,0.41000000000000003,17.0,-0.0021392548982783754
24.0,0.41000000000000003,18.0,0.0013287682190778471
24.0,0.41000000000000003,19.0,-2.4447548890860205e-05
24.0,0.41000000000000003,20.0,0.0002684882994505866
24.0,0.41000000000000003,21.0,9.880746498769355e-10
24.0,0.6100000000000001,0.0,0.0012705451046228777
24.0,0.6100000000000001,1.0,9.758133036330552e-07
24.0,0.6100000000000001,2.0,9.42074982224761e-05
24.0,0.6100000000000001,3.0,7.363274434624145e-10
24.0,0.6100000000000001,4.0,-0.0010245063824588785
24.0,0.6100000000000001,5.0,-0.004566030516175332
24.0,0.6100000000000001,6.0,0.001068960852013745
24.0,0.6100000000000001,7.0,-2.089389236344854e-05
24.0,0.6100000000000001,8.0,7.363274434624145e-10
24.0,0.6100000000000001,9.0,-0.00014541720442104444
24.0,0.6100000000000001,10.0,-0.0005264788148819782
24.0,0.6100000000000001,11.0,7.363274434624145e-10
24.0,0.6100000000000001,12.0,0.0004886545121849106
24.0,0.6100000000000001,13.0,1.192354038101473e-05
24.0,0.6100000000000001,14.0,0.00039640686747665493
24.0,0.6100000000000001,15.0,1.0408013412233075e-07
24.0,0.6100000000000001,16.0,-0.00017465890478990387
24.0,0.6100000000000001,17.0,-0.0021557745346335033
24.0,0.6100000000000001,18.0,0.0013274672124104492
24.0,0.6100000000000001,19.0,-4.786415666752086e-05
24.0,0.6100000000000001,20.0,0.00027275300472417996
24.0,0.6100000000000001,21.0,9.880746498769355e-10
24.0,0.81,0.0,0.001320821563438268
24.0,0.81,1.0,1.010818281466097e-06
24.0,0.81,2.0,9.780208959248027e-05
24.0,0.81,3.0,7.363274434624145e-10
24.0,0.81,4.0,-0.0010419756914993306
24.0,0.81,5.0,-0.004570295814474049
24.0,0.81,6.0,0.0010645698578535812
24.0,0.81,7.0,-2.0893896159487504e-05
24.0,0.81,8.0,7.363274434624145e-10
24.0,0.81,9.0,-0.00015085251224217222
24.0,0.81,10.0,-0.0005263136992112449
24.0,0.81,11.0,7.363274434624145e-10
24.0,0.81,12.0,0.0004860934433476294
24.0,0.81,13.0,1.2370918584747592e-05
24.0,0.81,14.0,0.0004132237830555621
24.0,0.81,15.0,1.0758486951312207e-07
24.0,0.81,16.0,-0.00018729597240765838
24.0,0.81,17.0,-0.002172651105181056
24.0,0.81,18.0,0.0013262218028505246
24.0,0.81,19.0,-7.127426336794862e-05
24.0,0.81,20.0,0.00027686960635148194
24.0,0.81,21.0,9.880746498769355e-10
24.0,1.01,0.0,0.0013708862470450667
24.0,1.01,1.0,1.0456798754665542e-06
24.0,1.01,2.0,0.00010138085613498049
24.0,1.01,3.0,7.363274434624145e-10
24.0,1.01,4.0,-0.0010589576066385442
24.0,1.01,5.0,-0.004574542659180211
24.0,1.01,6.0,0.0010600824528810282
24.0,1.01,7.0,-2.089389991885354e-05
24.0,1.01,8.0,7.363274434624145e-10
24.0,1.01,9.0,-0.00015626456004827483
24.0,1.01,10.0,-0.0005261542594635071
24.0,1.01,11.0,7.363274434624145e-10
24.0,1.01,12.0,0.00048348973474662826
24.0,1.01,13.0,1.281637405969871e-05
24.0,1.01,14.0,0.0004299999184576436
24.0,1.01,15.0,1.1107537717380822e-07
24.0,1.01,16.0,-0.00019988976674978343
24.0,1.01,17.0,-0.002189824611186386
24.0,1.01,18.0,0.0013250247070977772
24.0,1.01,19.0,-9.466594145279839e-05
24.0,1.01,20.0,0.00028085651044973403
24.0,1.01,21.0,9.880746498769355e-10
24.0,1.2100000000000002,0.0,0.0014207397210757033
24.0,1.2100000000000002,1.0,1.0803988986229918e-06
24.0,1.2100000000000002,2.0,0.00010494399389182618
24.0,1.2100000000000002,3.0,7.363274434624145e-10
24.0,1.2100000000000002,4.0,-0.0010755095814420912
24.0,1.2100000000000002,5.0,-0.004578771274199669
24.0,1.2100000000000002,6.0,0.0010555138144656695
24.0,1.2100000000000002,7.0,-2.0893903642461163e-05
24.0,1.2100000000000002,8.0,7.363274434624145e-10
24.0,1.2100000000000002,9.0,-0.00016165357269051772
24.0,1.2100000000000002,10.0,-0.0005259997746036582
24.0,1.2100000000000002,11.0,7.363274434624145e-10
24.0,1.2100000000000002,12.0,0.0004808503793242991
24.0,1.2100000000000002,13.0,1.3259925844444354e-05
24.0,1.2100000000000002,14.0,0.00044673272030944927
24.0,1.2100000000000002,15.0,1.1455177523211901e-07
24.0,1.2100000000000002,16.0,-0.00021243953931049386
24.0,1.2100000000000002,17.0,-0.0022072458044012366
24.0,1.2100000000000002,18.0,0.0013238698950273076
24.0,1.2100000000000002,19.0,-0.00011802944956834649
24.0,1.2100000000000002,20.0,0.00028472891742731266
24.0,1.2100000000000002,21.0,9.880746498769355e-10
24.0,1.4100000000000001,0.0,0.0014700211118529039
24.0,1.4100000000000001,1.0,1.115128877682281e-06
24.0,1.4100000000000001,2.0,0.0001085471769550761
24.0,1.4100000000000001,3.0,7.363274434624145e-10
24.0,1.4100000000000001,4.0,-0.0011228021976448233
24.0,1.4100000000000001,5.0,-0.004583125896660399
24.0,1.4100000000000001,6.0,0.0010593615820700952
24.0,1.4100000000000001,7.0,-2.089390753733919e-05
24.0,1.4100000000000001,8.0,7.363274434624145e-10
24.0,1.4100000000000001,9.0,-0.00016707821474443163
24.0,1.4100000000000001,10.0,-0.0005254753228065984
24.0,1.4100000000000001,11.0,7.363274434624145e-10
24.0,1.4100000000000001,12.0,0.00048211324286687174
24.0,1.4100000000000001,13.0,1.37065840503936e-05
24.0,1.4100000000000001,14.0,0.0004613702787246571
24.0,1.4100000000000001,15.0,1.1804375421586855e-07
24.0,1.4100000000000001,16.0,-0.0002243302531342306
24.0,1.4100000000000001,17.0,-0.0021975817605698333
24.0,1.4100000000000001,18.0,0.0013195395395929066
24.0,1.4100000000000001,19.0,-0.00013557057432611597
24.0,1.4100000000000001,20.0,0.0002968045594334834
24.0,1.4100000000000001,21.0,9.880746498769355e-10
24.0,1.61,0.0,0.0015194370046036632
24.0,1.61,1.0,1.1495704561048647e-06
24.0,1.61,2.0,0.00011208248804117638
24.0,1.61,3.0,7.363274434624145e-10
24.0,1.61,4.0,-0.0011405587703279263
24.0,1.61,5.0,-0.004587317581828621
24.0,1.61,6.0,0.001055188362095394
24.0,1.61,7.0,-2.0893911201591094e-05
24.0,1.61,8.0,7.363274434624145e-10
24.0,1.61,9.0,-0.0001724247297506809
24.0,1.61,10.0,-0.0005253045189723693
24.0,1.61,11.0,7.363274434624145e-10
24.0,1.61,12.0,0.0004796610059767392
24.0,1.61,13.0,1.4146636351380915e-05
24.0,1.61,14.0,0.00047789507200873826
24.0,1.61,15.0,1.2149302508479565e-07
24.0,1.61,16.0,-0.0002367518321984563
24.0,1.61,17.0,-0.002213700923056894
24.0,1.61,18.0,0.0013182518666274845
24.0,1.61,19.0,-0.00015849309572579795
24.0,1.61,20.0,0.00030099500786801014
24.0,1.61,21.0,9.880746498769355e-10
24.0,1.81,0.0,0.0015686460611358255
24.0,1.81,1.0,1.1838728742330495e-06
24.0,1.81,2.0,0.00011560259646398174
24.0,1.81,3.0,7.363274434624145e-10
24.0,1.81,4.0,-0.0011579593770039143
24.0,1.81,5.0,-0.004591491690188068
24.0,1.81,6.0,0.0010509535179796248
24.0,1.81,7.0,-2.0893914829447505e-05
24.0,1.81,8.0,7.363274434624145e-10
24.0,1.81,9.0,-0.00017774881585061464
24.0,1.81,10.0,-0.0005251378205393953
24.0,1.81,11.0,7.363274434624145e-10
24.0,1.81,12.0,0.00047718224382173324
24.0,1.81,13.0,1.4584835521247452e-05
24.0,1.81,14.0,0.0004943724394700297
24.0,1.81,15.0,1.2492845893885551e-07
24.0,1.81,16.0,-0.00024912884133854174
24.0,1.81,17.0,-0.002230004192669499
24.0,1.81,18.0,0.001316999240163319
24.0,1.81,19.0,-0.00018137528550482562
24.0,1.81,20.0,0.000305090486159898
24.0,1.81,21.0,9.880746498769355e-10
24.0,2.01,0.0,0.0016176492095321127
24.0,2.01,1.0,1.218036930844546e-06
24.0,2.01,2.0,0.00011910763068961883
24.0,2.01,3.0,7.363274434624145e-10
24.0,2.01,4.0,-0.0011750263810514916
24.0,2.01,5.0,-0.004595648412871697
24.0,2.01,6.0,0.0010466629166227537
24.0,2.01,7.0,-2.0893918422206896e-05
24.0,2.01,8.0,7.363274434624145e-10
24.0,2.01,9.0,-0.00018305063744392114
24.0,2.01,10.0,-0.0005249749522402009
24.0,2.01,11.0,7.363274434624145e-10
24.0,2.01,12.0,0.000474679653466592
24.0,2.01,13.0,1.5021195314157687e-05
24.0,2.01,14.0,0.00051080152037003
24.0,2.01,15.0,1.2835015256174032e-07
24.0,2.01,16.0,-0.00026146115449829366
24.0,2.01,17.0,-0.0022464728716996007
24.0,2.01,18.0,0.001315779301479636
24.0,2.01,19.0,-0.00020421367281386882
24.0,2.01,20.0,0.0003090969921315523
24.0,2.01,21.0,9.880746498769355e-10
24.0,2.21,0.0,0.0016661478761718085
24.0,2.21,1.0,1.2517865230210479e-06
24.0,2.21,2.0,0.00012257999997844493
24.0,2.21,3.0,7.363274434624145e-10
24.0,2.21,4.0,-0.0011928983337017307
24.0,2.21,5.0,-0.0045997038925302755
24.0,2.21,6.0,0.0010423131303313737
24.0,2.21,7.0,-2.089392193225942e-05
24.0,2.21,8.0,7.363274434624145e-10
24.0,2.21,9.0,-0.0001882963363390444
24.0,2.21,10.0,-0.0005247835652052724
24.0,2.21,11.0,7.363274434624145e-10
24.0,2.21,12.0,0.0004721233827799931
24.0,2.21,13.0,1.545296057028911e-05
24.0,2.21,14.0,0.0005278681830639398
24.0,2.21,15.0,1.3173952201350758e-07
24.0,2.21,16.0,-0.0002737819810455788
24.0,2.21,17.0,-0.0022621764122995325
24.0,2.21,18.0,0.0013144374793766511
24.0,2.21,19.0,-0.0002270449030454258
24.0,2.21,20.0,0.0003130595166654926
24.0,2.21,21.0,9.880746498769355e-10
24.0,2.41,0.0,0.001714760405165272
24.0,2.41,1.0,1.2856857115051135e-06
24.0,2.41,2.0,0.0001260538931597277
24.0,2.41,3.0,7.363274434624145e-10
24.0,2.41,4.0,-0.001208397017511853
24.0,2.41,5.0,-0.004603827757846424
24.0,2.41,6.0,0.0010376753873433398
24.0,2.41,7.0,-2.0893925458708692e-05
24.0,2.41,8.0,7.363274434624145e-10
24.0,2.41,9.0,-0.0001935535402930455
24.0,2.41,10.0,-0.0005246403291385149
24.0,2.41,11.0,7.363274434624145e-10
24.0,2.41,12.0,0.00046946501116679196
24.0,2.41,13.0,1.5885624655598285e-05
24.0,2.41,14.0,0.0005442320167807768
24.0,2.41,15.0,1.3513402635778604e-07
24.0,2.41,16.0,-0.00028604182604563544
24.0,2.41,17.0,-0.0022797509690278273
24.0,2.41,18.0,0.0013133801983139515
24.0,2.41,19.0,-0.00024995620813189623
24.0,2.41,20.0,0.0003166542467081812
24.0,2.41,21.0,9.880746498769355e-10
24.0,2.61,0.0,0.0017631689978140352
24.0,2.61,1.0,1.3194484735912226e-06
24.0,2.61,2.0,0.00012951314351433707
24.0,2.61,3.0,7.363274434624145e-10
24.0,2.61,4.0,-0.001223668433573466
24.0,2.61,5.0,-0.004607934703855404
24.0,2.61,6.0,0.0010330099719207397
24.0,2.61,7.0,-2.0893928953077193e-05
24.0,2.61,8.0,7.363274434624145e-10
24.0,2.61,9.0,-0.00019878898256725508
24.0,2.61,10.0,-0.0005244995610857173
24.0,2.61,11.0,7.363274434624145e-10
24.0,2.61,12.0,0.0004667957151433255
24.0,2.61,13.0,1.6316491821988244e-05
24.0,2.61,14.0,0.000560543489606595
24.0,2.61,15.0,1.3851507257856e-07
24.0,2.61,16.0,-0.00029825582771347836
24.0,2.61,17.0,-0.002297401677817501
24.0,2.61,18.0,0.0013123441052632634
24.0,2.61,19.0,-0.0002728061003083315
24.0,2.61,20.0,0.00032018843884523696
24.0,2.61,21.0,9.880746498769355e-10
24.0,2.81,0.0,0.0018113747239448807
24.0,2.81,1.0,1.3530755798296656e-06
24.0,2.81,2.0,0.00013295785652217562
24.0,2.81,3.0,7.363274434624145e-10
24.0,2.81,4.0,-0.0012387242801847886
24.0,2.81,5.0,-0.004612024855077312
24.0,2.81,6.0,0.0010283198714973185
24.0,2.81,7.0,-2.0893932416143358e-05
24.0,2.81,8.0,7.363274434624145e-10
24.0,2.81,9.0,-0.0002040028061269239
24.0,2.81,10.0,-0.0005243611145177435
24.0,2.81,11.0,7.363274434624145e-10
24.0,2.81,12.0,0.00046411686280287134
24.0,2.81,13.0,1.6745573981874484e-05
24.0,2.81,14.0,0.0005768023341063203
24.0,2.81,15.0,1.4188274299886672e-07
24.0,2.81,16.0,-0.00031042405210257584
24.0,2.81,17.0,-0.0023151191512630898
24.0,2.81,18.0,0.0013113279529368138
24.0,2.81,19.0,-0.0002955930224592951
24.0,2.81,20.0,0.00032366524365379234
24.0,2.81,21.0,9.880746498769355e-10
24.0,3.01,0.0,0.0018593786572393967
24.0,3.01,1.0,1.3865677918889485e-06
24.0,3.01,2.0,0.00013638813485489232
24.0,3.01,3.0,7.363274434624145e-10
24.0,3.01,4.0,-0.0012535752210033335
24.0,3.01,5.0,-0.004616098330641211
24.0,3.01,6.0,0.0010236077953715839
24.0,3.01,7.0,-2.08939358486044e-05
24.0,3.01,8.0,7.363274434624145e-10
24.0,3.01,9.0,-0.00020919515090400687
24.0,3.01,10.0,-0.0005242248558345597
24.0,3.01,11.0,7.363274434624145e-10
24.0,3.01,12.0,0.0004614296939461082
24.0,3.01,13.0,1.7172882789129318e-05
24.0,3.01,14.0,0.000593008337518644
24.0,3.01,15.0,1.4523711838743125e-07
24.0,3.01,16.0,-0.0003225465818573747
24.0,3.01,17.0,-0.0023328948896482182
24.0,3.01,18.0,0.001310330603682186
24.0,3.01,19.0,-0.00031831560065104236
24.0,3.01,20.0,0.0003270875354188796
24.0,3.01,21.0,9.880746498769355e-10
24.0,3.21,0.0,0.001907181875172137
24.0,3.21,1.0,1.4199258638325496e-06
24.0,3.21,2.0,0.00013980407860375577
24.0,3.21,3.0,7.363274434624145e-10
24.0,3.21,4.0,-0.0012682309545383186
24.0,3.21,5.0,-0.004620155245194959
24.0,3.21,6.0,0.001018876193200735
24.0,3.21,7.0,-2.0893939251089053e-05
24.0,3.21,8.0,7.363274434624145e-10
24.0,3.21,9.0,-0.00021436615407122162
24.0,3.21,10.0,-0.0005240906635673864
24.0,3.21,11.0,7.363274434624145e-10
24.0,3.21,12.0,0.00045873532863063837
24.0,3.21,13.0,1.7598429662396553e-05
24.0,3.21,14.0,0.0006091613376894914
24.0,3.21,15.0,1.4857827812519986e-07
24.0,3.21,16.0,-0.0003346235151912569
24.0,3.21,17.0,-0.0023507212208715433
24.0,3.21,18.0,0.001309351022623917
24.0,3.21,19.0,-0.0003409726321561002
24.0,3.21,20.0,0.00033045793033698034
24.0,3.21,21.0,9.880746498769355e-10
24.0,3.41,0.0,0.0019547854581877244
24.0,3.41,1.0,1.4531505427850533e-06
24.0,3.41,2.0,0.00014320578552490248
24.0,3.41,3.0,7.363274434624145e-10
24.0,3.41,4.0,-0.0012827003125380765
24.0,3.41,5.0,-0.004624195709669918
24.0,3.41,6.0,0.001014127281540822
24.0,3.41,7.0,-2.0893942624168684e-05
24.0,3.41,8.0,7.363274434624145e-10
24.0,3.41,9.0,-0.00021951595030816895
24.0,3.41,10.0,-0.0005239584271968106
24.0,3.41,11.0,7.363274434624145e-10
24.0,3.41,12.0,0.0004560347794356212
24.0,3.41,13.0,1.8022225807795555e-05
24.0,3.41,14.0,0.0006252612171659955
24.0,3.41,15.0,1.5190630031636232e-07
24.0,3.41,16.0,-0.00034665496418603836
24.0,3.41,17.0,-0.0023685912152935362
24.0,3.41,18.0,0.001308388267518612
24.0,3.41,19.0,-0.0003635630678552326
24.0,3.41,20.0,0.0003337788126905328
24.0,3.41,21.0,9.880746498769355e-10
24.0,3.61,0.0,0.0020021904887252973
24.0,3.61,1.0,1.4862425698758397e-06
24.0,3.61,2.0,0.0001465933512952433
24.0,3.61,3.0,7.363274434624145e-10
24.0,3.61,4.0,-0.0012969913696688762
24.0,3.61,5.0,-0.004628219831901618
24.0,3.61,6.0,0.00100936307328503
24.0,3.61,7.0,-2.0893945968366436e-05
24.0,3.61,8.0,7.363274434624145e-10
24.0,3.61,9.0,-0.00022464467208385686
24.0,3.61,10.0,-0.0005238280458023797
24.0,3.61,11.0,7.363274434624145e-10
24.0,3.61,12.0,0.00045332896506194986
24.0,3.61,13.0,1.844428224268002e-05
24.0,3.61,14.0,0.0006413078967953678
24.0,3.61,15.0,1.552212620659077e-07
24.0,3.61,16.0,-0.00035864105291008586
24.0,3.61,17.0,-0.002386498590922548
24.0,3.61,18.0,0.001307441477386151
24.0,3.61,19.0,-0.0003860859926022031
24.0,3.61,20.0,0.00033705236386261106
24.0,3.61,21.0,9.880746498769355e-10
24.0,3.81,0.0,0.0020492705976493664
24.0,3.81,1.0,1.5191540000403236e-06
24.0,3.81,2.0,0.00014997841567437886
24.0,3.81,3.0,7.363274434624145e-10
24.0,3.81,4.0,-0.0013202003811983998
24.0,3.81,5.0,-0.0046322469759604076
24.0,3.81,6.0,0.0010069668987549019
24.0,3.81,7.0,-2.0893949269016828e-05
24.0,3.81,8.0,7.363274434624145e-10
24.0,3.81,9.0,-0.000229758896825083
24.0,3.81,10.0,-0.0005235774440090629
24.0,3.81,11.0,7.363274434624145e-10
24.0,3.81,12.0,0.00045170902861624285
24.0,3.81,13.0,1.886520827359961e-05
24.0,3.81,14.0,0.0006570818960390801
24.0,3.81,15.0,1.585276543369929e-07
24.0,3.81,16.0,-0.0003704282049004082
24.0,3.81,17.0,-0.00239687961303392
24.0,3.81,18.0,0.0013055033996497989
24.0,3.81,19.0,-0.00040692262211461383
24.0,3.81,20.0,0.00034264792462324056
24.0,3.81,21.0,9.880746498769355e-10
24.0,4.01,0.0,0.0020962858709968613
24.0,4.01,1.0,1.5519775899419663e-06
24.0,4.01,2.0,0.00015333728368399635
24.0,4.01,3.0,7.363274434624145e-10
24.0,4.01,4.0,-0.0013337615545077064
24.0,4.01,5.0,-0.004636237719677806
24.0,4.01,6.0,0.0010020729162129038
24.0,4.01,7.0,-2.0893952559859487e-05
24.0,4.01,8.0,7.363274434624145e-10
24.0,4.01,9.0,-0.00023484488726735475
24.0,4.01,10.0,-0.0005234557039667104
24.0,4.01,11.0,7.363274434624145e-10
24.0,4.01,12.0,0.00044894691919367125
24.0,4.01,13.0,1.928373649021098e-05
24.0,4.01,14.0,0.0006730386201853136
24.0,4.01,15.0,1.618162996652739e-07
24.0,4.01,16.0,-0.0003823302432298392
24.0,4.01,17.0,-0.002415179573617199
24.0,4.01,18.0,0.001304628447622136
24.0,4.01,19.0,-0.00042937968703538054
24.0,4.01,20.0,0.0003457301136764457
24.0,4.01,21.0,9.880746498769355e-10
