Net_ID,Var,Factor,intervention_effect
0.0,0.01,0.0,0.0012198461100003666
0.0,0.01,1.0,1.3833602538898537e-05
0.0,0.01,2.0,0.00046050404901393227
0.0,0.01,3.0,1.0547001495359032e-06
0.0,0.01,4.0,-0.00048150959605777754
0.0,0.01,5.0,-0.0036094056542940525
0.0,0.01,6.0,0.0016534214797229718
0.0,0.01,7.0,-0.0022666731138708124
0.0,0.01,8.0,1.674166805588906e-05
0.0,0.01,9.0,-0.00030354902438095577
0.0,0.01,10.0,-0.000622994795497045
0.0,0.01,11.0,3.649054716725608e-08
0.0,0.01,12.0,0.0008339408142399585
0.0,0.01,13.0,2.201042440837242e-05
0.0,0.01,14.0,-5.042441219662436e-05
0.0,0.01,15.0,1.1750613548661137e-05
0.0,0.01,16.0,-0.00023435282782141575
0.0,0.01,17.0,-0.0005603000828512117
0.0,0.01,18.0,0.0005013480233799217
0.0,0.01,19.0,-0.00041103544260256974
0.0,0.01,20.0,0.00032858597153939684
0.0,0.01,21.0,4.862741351779887e-06
0.0,0.21000000000000002,0.0,0.0004662467580561769
0.0,0.21000000000000002,1.0,1.372204291844037e-05
0.0,0.21000000000000002,2.0,0.001616186603148273
0.0,0.21000000000000002,3.0,1.0547000872523915e-06
0.0,0.21000000000000002,4.0,-0.0007156938642216559
0.0,0.21000000000000002,5.0,-0.003674788046498437
0.0,0.21000000000000002,6.0,0.0017888675876713278
0.0,0.21000000000000002,7.0,-0.0025357970585953293
0.0,0.21000000000000002,8.0,1.6741665200811773e-05
0.0,0.21000000000000002,9.0,-0.0005716449902863074
0.0,0.21000000000000002,10.0,-0.0006322879298195638
0.0,0.21000000000000002,11.0,3.64905468064336e-08
0.0,0.21000000000000002,12.0,0.0008480570165620427
0.0,0.21000000000000002,13.0,3.10935917923888e-05
0.0,0.21000000000000002,14.0,-7.312719580913896e-05
0.0,0.21000000000000002,15.0,1.1883241808480216e-05
0.0,0.21000000000000002,16.0,-0.0005514564320352189
0.0,0.21000000000000002,17.0,-0.0005832575107524995
0.0,0.21000000000000002,18.0,0.00047652429028610666
0.0,0.21000000000000002,19.0,-0.0007620728010483413
0.0,0.21000000000000002,20.0,0.001705405701216689
0.0,0.21000000000000002,21.0,4.862740522332265e-06
0.0,0.41000000000000003,0.0,0.0017160548354020477
0.0,0.41000000000000003,1.0,1.4678260781886276e-05
0.0,0.41000000000000003,2.0,0.0009025125878488471
0.0,0.41000000000000003,3.0,1.054700150854293e-06
0.0,0.41000000000000003,4.0,-0.0007108033618885568
0.0,0.41000000000000003,5.0,-0.003758049564468768
0.0,0.41000000000000003,6.0,0.0016831344813488802
0.0,0.41000000000000003,7.0,-0.00259356895597862
0.0,0.41000000000000003,8.0,1.674166812005301e-05
0.0,0.41000000000000003,9.0,-0.0004981136255993446
0.0,0.41000000000000003,10.0,-0.0006423311689066624
0.0,0.41000000000000003,11.0,3.649054718113387e-08
0.0,0.41000000000000003,12.0,0.0008500564558301948
0.0,0.41000000000000003,13.0,3.2156642505123956e-05
0.0,0.41000000000000003,14.0,-7.650704495659744e-05
0.0,0.41000000000000003,15.0,1.1917459393995244e-05
0.0,0.41000000000000003,16.0,-0.0005221472395954274
0.0,0.41000000000000003,17.0,-0.000621463088537777
0.0,0.41000000000000003,18.0,0.000464118749180481
0.0,0.41000000000000003,19.0,-0.0006942927595534054
0.0,0.41000000000000003,20.0,0.0007002370524791246
0.0,0.41000000000000003,21.0,4.8627413704316336e-06
0.0,0.6100000000000001,0.0,0.002043330546712685
0.0,0.6100000000000001,1.0,1.5137286736272015e-05
0.0,0.6100000000000001,2.0,0.0010411174114495214
0.0,0.6100000000000001,3.0,1.0547001502297926e-06
0.0,0.6100000000000001,4.0,-0.0008128289024100233
0.0,0.6100000000000001,5.0,-0.003831667470036269
0.0,0.6100000000000001,6.0,0.0016879066615476113
0.0,0.6100000000000001,7.0,-0.0027443881600680287
0.0,0.6100000000000001,8.0,1.6741668087016937e-05
0.0,0.6100000000000001,9.0,-0.000578812211389168
0.0,0.6100000000000001,10.0,-0.0006518162549259132
0.0,0.6100000000000001,11.0,3.649054718113387e-08
0.0,0.6100000000000001,12.0,0.0008574216620362562
0.0,0.6100000000000001,13.0,3.679934976788535e-05
0.0,0.6100000000000001,14.0,-8.849001876194695e-05
0.0,0.6100000000000001,15.0,1.1995441800943807e-05
0.0,0.6100000000000001,16.0,-0.0006483280606424946
0.0,0.6100000000000001,17.0,-0.0006520503100854447
0.0,0.6100000000000001,18.0,0.00044640741665288863
0.0,0.6100000000000001,19.0,-0.0008152706574697244
0.0,0.6100000000000001,20.0,0.0007849761147329382
0.0,0.6100000000000001,21.0,4.862741360828204e-06
0.0,0.81,0.0,0.0022867981312485464
0.0,0.81,1.0,1.5547401765292346e-05
0.0,0.81,2.0,0.0012516389758069346
0.0,0.81,3.0,1.0547001523808497e-06
0.0,0.81,4.0,-0.0009230226857458446
0.0,0.81,5.0,-0.0039041189817659618
0.0,0.81,6.0,0.001702580085604033
0.0,0.81,7.0,-0.002901432573192822
0.0,0.81,8.0,1.6741668196006143e-05
0.0,0.81,9.0,-0.0006724134114350355
0.0,0.81,10.0,-0.0006612425503459141
0.0,0.81,11.0,3.649054719501166e-08
0.0,0.81,12.0,0.0008653641160498438
0.0,0.81,13.0,4.17080775938633e-05
0.0,0.81,14.0,-0.0001011075947935855
0.0,0.81,15.0,1.2076266223542964e-05
0.0,0.81,16.0,-0.0007867544651791458
0.0,0.81,17.0,-0.0006815144605913093
0.0,0.81,18.0,0.00042878688296610346
0.0,0.81,19.0,-0.0009515492137253667
0.0,0.81,20.0,0.0009648580446481869
0.0,0.81,21.0,4.862741392497316e-06
0.0,1.01,0.0,0.0025269112076842237
0.0,1.01,1.0,1.5954524156619465e-05
0.0,1.01,2.0,0.0014599089481908134
0.0,1.01,3.0,1.0547001535465839e-06
0.0,1.01,4.0,-0.0010327865473366837
0.0,1.01,5.0,-0.003975496861160284
0.0,1.01,6.0,0.0017163702004517334
0.0,1.01,7.0,-0.0030583215608920578
0.0,1.01,8.0,1.6741668256790854e-05
0.0,1.01,9.0,-0.0007652292958733597
0.0,1.01,10.0,-0.0006705097778933189
0.0,1.01,11.0,3.649054719501166e-08
0.0,1.01,12.0,0.0008730131477074354
0.0,1.01,13.0,4.656266135855125e-05
0.0,1.01,14.0,-0.00011359540342023577
0.0,1.01,15.0,1.215644504676261e-05
0.0,1.01,16.0,-0.0009243946130251535
0.0,1.01,17.0,-0.0007110334050539069
0.0,1.01,18.0,0.00041073845888800475
0.0,1.01,19.0,-0.0010868699141046712
0.0,1.01,20.0,0.0011412188971325898
0.0,1.01,21.0,4.862741410177618e-06
0.0,1.2100000000000002,0.0,0.0028352334355434827
0.0,1.2100000000000002,1.0,1.6392797319214614e-05
0.0,1.2100000000000002,2.0,0.00159854877410881
0.0,1.2100000000000002,3.0,1.0547001539629175e-06
0.0,1.2100000000000002,4.0,-0.0011322607284596775
0.0,1.2100000000000002,5.0,-0.004046813613338498
0.0,1.2100000000000002,6.0,0.0017221714226807183
0.0,1.2100000000000002,7.0,-0.003204866005859938
0.0,1.2100000000000002,8.0,1.6741668279814104e-05
0.0,1.2100000000000002,9.0,-0.0008450007341419263
0.0,1.2100000000000002,10.0,-0.0006797248200707262
0.0,1.2100000000000002,11.0,3.649054719501166e-08
0.0,1.2100000000000002,12.0,0.000880292664563076
0.0,1.2100000000000002,13.0,5.107872270217195e-05
0.0,1.2100000000000002,14.0,-0.00012525484182026453
0.0,1.2100000000000002,15.0,1.2232165099934633e-05
0.0,1.2100000000000002,16.0,-0.0010478039920630011
0.0,1.2100000000000002,17.0,-0.0007404283603888173
0.0,1.2100000000000002,18.0,0.0003938182763283671
0.0,1.2100000000000002,19.0,-0.0012055804499337408
0.0,1.2100000000000002,20.0,0.0012343811611654765
0.0,1.2100000000000002,21.0,4.862741416838956e-06
0.0,1.4100000000000001,0.0,0.003077878332010009
0.0,1.4100000000000001,1.0,1.6793389264552205e-05
0.0,1.4100000000000001,2.0,0.0017930788797567154
0.0,1.4100000000000001,3.0,1.0547001545596624e-06
0.0,1.4100000000000001,4.0,-0.0012381394986381855
0.0,1.4100000000000001,5.0,-0.004116586174367817
0.0,1.4100000000000001,6.0,0.0017350694608966877
0.0,1.4100000000000001,7.0,-0.003356589917758404
0.0,1.4100000000000001,8.0,1.6741668310782387e-05
0.0,1.4100000000000001,9.0,-0.0009343998358124217
0.0,1.4100000000000001,10.0,-0.0006887680242672334
0.0,1.4100000000000001,11.0,3.6490547208889446e-08
0.0,1.4100000000000001,12.0,0.0008877658739197269
0.0,1.4100000000000001,13.0,5.578944703447941e-05
0.0,1.4100000000000001,14.0,-0.00013737509139006426
0.0,1.4100000000000001,15.0,1.23101362446143e-05
0.0,1.4100000000000001,16.0,-0.0011806218845482885
0.0,1.4100000000000001,17.0,-0.0007691227338251228
0.0,1.4100000000000001,18.0,0.00037651650088255106
0.0,1.4100000000000001,19.0,-0.001335944308034298
0.0,1.4100000000000001,20.0,0.0013996518683386805
0.0,1.4100000000000001,21.0,4.8627414258317625e-06
0.0,1.61,0.0,0.0032920369377942293
0.0,1.61,1.0,1.717544483026412e-05
0.0,1.61,2.0,0.0020086894610052974
0.0,1.61,3.0,1.0547001547261958e-06
0.0,1.61,4.0,-0.0013458394847588873
0.0,1.61,5.0,-0.004185386287545417
0.0,1.61,6.0,0.0017509589833298311
0.0,1.61,7.0,-0.003509238001255674
0.0,1.61,8.0,1.6741668319206204e-05
0.0,1.61,9.0,-0.001027217258039781
0.0,1.61,10.0,-0.0006977032919351367
0.0,1.61,11.0,3.6490547208889446e-08
0.0,1.61,12.0,0.0008953219962944681
0.0,1.61,13.0,6.05487418274403e-05
0.0,1.61,14.0,-0.00014960448218532402
0.0,1.61,15.0,1.2388514718603139e-05
0.0,1.61,16.0,-0.001316349744417189
0.0,1.61,17.0,-0.0007972829427952965
0.0,1.61,18.0,0.00035928650109837146
0.0,1.61,19.0,-0.0014701956900751711
0.0,1.61,20.0,0.001594112835341721
0.0,1.61,21.0,4.862741428302009e-06
0.0,1.81,0.0,0.003486323216345788
0.0,1.81,1.0,1.7543386384238913e-05
0.0,1.81,2.0,0.0022372446918582645
0.0,1.81,3.0,1.0547001546012957e-06
0.0,1.81,4.0,-0.0014543946491974435
0.0,1.81,5.0,-0.004253293097533589
0.0,1.81,6.0,0.0017688518208127668
0.0,1.81,7.0,-0.003662004012416134
0.0,1.81,8.0,1.6741668312544866e-05
0.0,1.81,9.0,-0.0011221087766714322
0.0,1.81,10.0,-0.0007065324550658003
0.0,1.81,11.0,3.6490547208889446e-08
0.0,1.81,12.0,0.0009029079301382248
0.0,1.81,13.0,6.532410483393869e-05
0.0,1.81,14.0,-0.0001618654114426965
0.0,1.81,15.0,1.246691966064195e-05
0.0,1.81,16.0,-0.0014536099642483702
0.0,1.81,17.0,-0.0008249757926565293
0.0,1.81,18.0,0.0003421715870385589
0.0,1.81,19.0,-0.0016066485876508607
0.0,1.81,20.0,0.001808032914732749
0.0,1.81,21.0,4.862741426331363e-06
0.0,2.01,0.0,0.0036650397747358676
0.0,2.01,1.0,1.789949399091939e-05
0.0,2.01,2.0,0.0024748638890817465
0.0,2.01,3.0,1.0547001543098622e-06
0.0,2.01,4.0,-0.0015633130366340398
0.0,2.01,5.0,-0.0043203492030842415
0.0,2.01,6.0,0.001788252220006059
0.0,2.01,7.0,-0.003814460558414251
0.0,2.01,8.0,1.6741668296738066e-05
0.0,2.01,9.0,-0.0012183644035687058
0.0,2.01,10.0,-0.0007152566427098828
0.0,2.01,11.0,3.6490547208889446e-08
0.0,2.01,12.0,0.0009104967063174874
0.0,2.01,13.0,7.009949947983651e-05
0.0,2.01,14.0,-0.0001741191043940979
0.0,2.01,15.0,1.254516504728409e-05
0.0,2.01,16.0,-0.0015916896215050214
0.0,2.01,17.0,-0.0008522379271179992
0.0,2.01,18.0,0.00032519074815018367
0.0,2.01,19.0,-0.0017444396341678714
0.0,2.01,20.0,0.0020364057610541275
0.0,2.01,21.0,4.862741421751693e-06
0.0,2.21,0.0,0.003836765618111526
0.0,2.21,1.0,1.824839330735739e-05
0.0,2.21,2.0,0.0027137131844199303
0.0,2.21,3.0,1.0547001539074063e-06
0.0,2.21,4.0,-0.0016716087300993054
0.0,2.21,5.0,-0.004386635931422167
0.0,2.21,6.0,0.0018081409207888477
0.0,2.21,7.0,-0.003965760551778094
0.0,2.21,8.0,1.6741668275407906e-05
0.0,2.21,9.0,-0.0013145545800266056
0.0,2.21,10.0,-0.0007238800538701684
0.0,2.21,11.0,3.649054719501166e-08
0.0,2.21,12.0,0.0009180365987486172
0.0,2.21,13.0,7.484197403195836e-05
0.0,2.21,14.0,-0.00018628636128899256
0.0,2.21,15.0,1.262285252681683e-05
0.0,2.21,16.0,-0.0017291542070612953
0.0,2.21,17.0,-0.0008791417454520889
0.0,2.21,18.0,0.00030838679143183056
0.0,2.21,19.0,-0.0018818241485046294
0.0,2.21,20.0,0.0022690738125490384
0.0,2.21,21.0,4.862741415534444e-06
0.0,2.41,0.0,0.005002151508983643
0.0,2.41,1.0,1.913084468335713e-05
0.0,2.41,2.0,0.0020299931701540097
0.0,2.41,3.0,1.054700154254351e-06
0.0,2.41,4.0,-0.0016599478499291775
0.0,2.41,5.0,-0.004460670766627687
0.0,2.41,6.0,0.0017084163280146614
0.0,2.41,7.0,-0.00401196246340263
0.0,2.41,8.0,1.674166829607887e-05
0.0,2.41,9.0,-0.0012389154258768131
0.0,2.41,10.0,-0.0007328623323818728
0.0,2.41,11.0,3.6490547208889446e-08
0.0,2.41,12.0,0.0009195362113911254
0.0,2.41,13.0,7.556109720853466e-05
0.0,2.41,14.0,-0.00018875971113471723
0.0,2.41,15.0,1.265096254735032e-05
0.0,2.41,16.0,-0.0016929764212297305
0.0,2.41,17.0,-0.0009134860039788362
0.0,2.41,18.0,0.00029756822057849797
0.0,2.41,19.0,-0.001809113808957541
0.0,2.41,20.0,0.001308326383269387
0.0,2.41,21.0,4.8627414215851594e-06
0.0,2.61,0.0,0.005201888112370323
0.0,2.61,1.0,1.949070063508862e-05
0.0,2.61,2.0,0.002236112663583645
0.0,2.61,3.0,1.0547001547678292e-06
0.0,2.61,4.0,-0.0017615157944889104
0.0,2.61,5.0,-0.004525786635210886
0.0,2.61,6.0,0.0017238421409895843
0.0,2.61,7.0,-0.004155644312425724
0.0,2.61,8.0,1.6741668322835246e-05
0.0,2.61,9.0,-0.0013265030206891792
0.0,2.61,10.0,-0.0007413380047768259
0.0,2.61,11.0,3.649054719501166e-08
0.0,2.61,12.0,0.0009267693586546
0.0,2.61,13.0,8.006096994815637e-05
0.0,2.61,14.0,-0.00020032253467716643
0.0,2.61,15.0,1.2725118827661142e-05
0.0,2.61,16.0,-0.0018209643834423972
0.0,2.61,17.0,-0.0009399850852829794
0.0,2.61,18.0,0.000281499795575596
0.0,2.61,19.0,-0.001935866897335603
0.0,2.61,20.0,0.0014938103797023095
0.0,2.61,21.0,4.862741429356721e-06
0.0,2.81,0.0,0.005543558030615459
0.0,2.81,1.0,1.9924121943792894e-05
0.0,2.81,2.0,0.002305449612852506
0.0,2.81,3.0,1.0547001546151735e-06
0.0,2.81,4.0,-0.0018451049435316558
0.0,2.81,5.0,-0.004591341297490689
0.0,2.81,6.0,0.001721818023167232
0.0,2.81,7.0,-0.00428350771872521
0.0,2.81,8.0,1.674166831491103e-05
0.0,2.81,9.0,-0.0013889240368244182
0.0,2.81,10.0,-0.0007497682765369162
0.0,2.81,11.0,3.649054719501166e-08
0.0,2.81,12.0,0.0009330154733854235
0.0,2.81,13.0,8.394082716235707e-05
0.0,2.81,14.0,-0.00021039002600729134
0.0,2.81,15.0,1.2791582288368408e-05
0.0,2.81,16.0,-0.001923156621933958
0.0,2.81,17.0,-0.0009673860047929861
0.0,2.81,18.0,0.0002662916335569865
0.0,2.81,19.0,-0.0020315059742924135
0.0,2.81,20.0,0.0015062557230810514
0.0,2.81,21.0,4.862741427053008e-06
0.0,3.01,0.0,0.005876846932930779
0.0,3.01,1.0,2.0350425392112736e-05
0.0,3.01,2.0,0.0023781746840280116
0.0,3.01,3.0,1.05470015444864e-06
0.0,3.01,4.0,-0.0019282993886740318
0.0,3.01,5.0,-0.004656126541032072
0.0,3.01,6.0,0.0017203477403608947
0.0,3.01,7.0,-0.004410443704097489
0.0,3.01,8.0,1.674166830612639e-05
0.0,3.01,9.0,-0.001451405164196784
0.0,3.01,10.0,-0.0007581045237155803
0.0,3.01,11.0,3.649054719501166e-08
0.0,3.01,12.0,0.0009392198320579692
0.0,3.01,13.0,8.779544526986427e-05
0.0,3.01,14.0,-0.00022038970794534957
0.0,3.01,15.0,1.2857552936507144e-05
0.0,3.01,16.0,-0.0020249794031189094
0.0,3.01,17.0,-0.0009944550474556557
0.0,3.01,18.0,0.0002512232096031075
0.0,3.01,19.0,-0.002127008695433752
0.0,3.01,20.0,0.0015238215739515892
0.0,3.01,21.0,4.862741424499495e-06
0.0,3.21,0.0,0.006203080940038852
0.0,3.21,1.0,2.0770354671101332e-05
0.0,3.21,2.0,0.0024531230377229374
0.0,3.21,3.0,1.0547001542682288e-06
0.0,3.21,4.0,-0.0020109631377127624
0.0,3.21,5.0,-0.004720165303995855
0.0,3.21,6.0,0.0017192815743263812
0.0,3.21,7.0,-0.004536342399568516
0.0,3.21,8.0,1.674166829696705e-05
0.0,3.21,9.0,-0.0015137435834276514
0.0,3.21,10.0,-0.0007663486293635613
0.0,3.21,11.0,3.649054719501166e-08
0.0,3.21,12.0,0.0009453758876296903
0.0,3.21,13.0,9.162049490200885e-05
0.0,3.21,14.0,-0.00023031124377279055
0.0,3.21,15.0,1.2922981009910739e-05
0.0,3.21,16.0,-0.002126233687138712
0.0,3.21,17.0,-0.001021206381821127
0.0,3.21,18.0,0.0002362994987231415
0.0,3.21,19.0,-0.002222129338281864
0.0,3.21,20.0,0.0015450256093744175
0.0,3.21,21.0,4.86274142183496e-06
0.0,3.41,0.0,0.006523204281239869
0.0,3.41,1.0,2.1184450451655623e-05
0.0,3.41,2.0,0.0025294851002315433
0.0,3.41,3.0,1.0547001541016954e-06
0.0,3.41,4.0,-0.002093005226691841
0.0,3.41,5.0,-0.004783476923361025
0.0,3.41,6.0,0.0017185149024410706
0.0,3.41,7.0,-0.0046611331054753485
0.0,3.41,8.0,1.674166828774526e-05
0.0,3.41,9.0,-0.0015758005354625793
0.0,3.41,10.0,-0.0007745023292184683
0.0,3.41,11.0,3.6490547208889446e-08
0.0,3.41,12.0,0.0009514793879079886
0.0,3.41,13.0,9.541314215801011e-05
0.0,3.41,14.0,-0.00024014789890475924
0.0,3.41,15.0,1.298783477990395e-05
0.0,3.41,16.0,-0.0022267853663806014
0.0,3.41,17.0,-0.001047651216561779
0.0,3.41,18.0,0.00022152324350926955
0.0,3.41,19.0,-0.002316700866372423
0.0,3.41,20.0,0.0015688327661825818
0.0,3.41,21.0,4.862741419142669e-06
0.0,3.61,0.0,0.006837902982216315
0.0,3.61,1.0,2.159311577101808e-05
0.0,3.61,2.0,0.0026066908813647816
0.0,3.61,3.0,1.0547001539212841e-06
0.0,3.61,4.0,-0.0021743650417469507
0.0,3.61,5.0,-0.004846078245713505
0.0,3.61,6.0,0.0017179735485449155
0.0,3.61,7.0,-0.004784771476405977
0.0,3.61,8.0,1.6741668278724697e-05
0.0,3.61,9.0,-0.0016374805316947683
0.0,3.61,10.0,-0.0007825672511533321
0.0,3.61,11.0,3.649054719501166e-08
0.0,3.61,12.0,0.0009575276262353549
0.0,3.61,13.0,9.917155945690648e-05
0.0,3.61,14.0,-0.00024989536240876964
0.0,3.61,15.0,1.3052094630455757e-05
0.0,3.61,16.0,-0.002326544125748592
0.0,3.61,17.0,-0.0010737987304913765
0.0,3.61,18.0,0.00020689570641543864
0.0,3.61,19.0,-0.0024106093337019074
0.0,3.61,20.0,0.0015945100952881042
0.0,3.61,21.0,4.862741416505889e-06
0.0,3.81,0.0,0.007147685818703509
0.0,3.81,1.0,2.1996658878531417e-05
0.0,3.81,2.0,0.0026843343397999764
0.0,3.81,3.0,1.0547001537547507e-06
0.0,3.81,4.0,-0.0022550026994415384
0.0,3.81,5.0,-0.00490798435143092
0.0,3.81,6.0,0.0017176041945706766
0.0,3.81,7.0,-0.004907231119560457
0.0,3.81,8.0,1.6741668270071897e-05
0.0,3.81,9.0,-0.0016987177156002342
0.0,3.81,10.0,-0.000790544941007082
0.0,3.81,11.0,3.649054719501166e-08
0.0,3.81,12.0,0.0009635189503042207
0.0,3.81,13.0,0.00010289460517294569
0.0,3.81,14.0,-0.00025955097498890634
0.0,3.81,15.0,1.311574918269609e-05
0.0,3.81,16.0,-0.0024254495842190305
0.0,3.81,17.0,-0.0010996566829058196
0.0,3.81,18.0,0.00019241715852630348
0.0,3.81,19.0,-0.0025037771084693294
0.0,3.81,20.0,0.0016215316810463953
0.0,3.81,21.0,4.862741414035643e-06
0.0,4.01,0.0,0.00723145410345849
0.0,4.01,1.0,2.2277361275718777e-05
0.0,4.01,2.0,0.002967214116139927
0.0,4.01,3.0,1.0547001533661726e-06
0.0,4.01,4.0,-0.002362321555652497
0.0,4.01,5.0,-0.004967099618139728
0.0,4.01,6.0,0.001742960346699518
0.0,4.01,7.0,-0.005052711767815521
0.0,4.01,8.0,1.674166824978257e-05
0.0,4.01,9.0,-0.0017980953964547852
0.0,4.01,10.0,-0.0007982790118923888
0.0,4.01,11.0,3.649054719501166e-08
0.0,4.01,12.0,0.0009706129311110312
0.0,4.01,13.0,0.00010747614597159116
0.0,4.01,14.0,-0.00027127443502523996
0.0,4.01,15.0,1.3189723070933246e-05
0.0,4.01,16.0,-0.0025627587003897445
0.0,4.01,17.0,-0.0011237645762209036
0.0,4.01,18.0,0.00017646525787803902
0.0,4.01,19.0,-0.0026434602488455416
0.0,4.01,20.0,0.0019125844872183162
0.0,4.01,21.0,4.86274140809595e-06
1.0,0.01,0.0,0.0006736533808759937
1.0,0.01,1.0,3.446027467129964e-06
1.0,0.01,2.0,5.838886815590083e-05
1.0,0.01,3.0,1.0534591307481689e-06
1.0,0.01,4.0,-9.658824245872832e-05
1.0,0.01,5.0,-0.0004937091717013287
1.0,0.01,6.0,0.0004779026233677208
1.0,0.01,7.0,-0.0002411676867281609
1.0,0.01,8.0,1.674174095873948e-05
1.0,0.01,9.0,-2.3711130437309436e-05
1.0,0.01,10.0,-6.325681803054373e-05
1.0,0.01,11.0,3.5685877100566366e-08
1.0,0.01,12.0,0.00022397801759743707
1.0,0.01,13.0,0.00014752388356417678
1.0,0.01,14.0,2.797773971770917e-05
1.0,0.01,15.0,3.216462736030379e-06
1.0,0.01,16.0,-2.4693794808405833e-06
1.0,0.01,17.0,-0.00027027952163793945
1.0,0.01,18.0,0.00047878904826270663
1.0,0.01,19.0,-0.00030327423970422096
1.0,0.01,20.0,0.00047358278946618704
1.0,0.01,21.0,7.799151150039707e-06
1.0,0.21000000000000002,0.0,0.004037206953160566
1.0,0.21000000000000002,1.0,7.772850218273897e-06
1.0,0.21000000000000002,2.0,0.00021263524324013905
1.0,0.21000000000000002,3.0,1.053459134398027e-06
1.0,0.21000000000000002,4.0,-0.0002677108849115095
1.0,0.21000000000000002,5.0,-0.0011099502476919626
1.0,0.21000000000000002,6.0,0.00040348365684439447
1.0,0.21000000000000002,7.0,-0.0005787120517471711
1.0,0.21000000000000002,8.0,1.6741741148476597e-05
1.0,0.21000000000000002,9.0,-8.932197075051107e-05
1.0,0.21000000000000002,10.0,-0.00016422515128755588
1.0,0.21000000000000002,11.0,3.568587712832194e-08
1.0,0.21000000000000002,12.0,4.237419088393146e-06
1.0,0.21000000000000002,13.0,0.0005414230540116138
1.0,0.21000000000000002,14.0,0.0004342392791376534
1.0,0.21000000000000002,15.0,3.797471309782696e-06
1.0,0.21000000000000002,16.0,-0.0005866657008708476
1.0,0.21000000000000002,17.0,-0.0011704301009286544
1.0,0.21000000000000002,18.0,0.0008341697961425365
1.0,0.21000000000000002,19.0,-0.0012146670522180103
1.0,0.21000000000000002,20.0,0.0006513893644555235
1.0,0.21000000000000002,21.0,7.79915123841346e-06
1.0,0.41000000000000003,0.0,0.007140281659903436
1.0,0.41000000000000003,1.0,1.1864156759217037e-05
1.0,0.41000000000000003,2.0,0.000374976785028458
1.0,0.41000000000000003,3.0,1.0534591347449718e-06
1.0,0.41000000000000003,4.0,-0.000823167155205029
1.0,0.41000000000000003,5.0,-0.001746460082508769
1.0,0.41000000000000003,6.0,0.0005537004222195829
1.0,0.41000000000000003,7.0,-0.0009332666686431013
1.0,0.41000000000000003,8.0,1.6741741166698132e-05
1.0,0.41000000000000003,9.0,-0.00016556977610671098
1.0,0.41000000000000003,10.0,-0.00023623528148375428
1.0,0.41000000000000003,11.0,3.5685877114444153e-08
1.0,0.41000000000000003,12.0,-6.905842169363519e-05
1.0,0.41000000000000003,13.0,0.0009498541420356055
1.0,0.41000000000000003,14.0,0.0008289983816598054
1.0,0.41000000000000003,15.0,4.381907507788885e-06
1.0,0.41000000000000003,16.0,-0.001027928872246675
1.0,0.41000000000000003,17.0,-0.0017833130058101387
1.0,0.41000000000000003,18.0,0.0010805322748035917
1.0,0.41000000000000003,19.0,-0.002213739999565978
1.0,0.41000000000000003,20.0,0.0012690236914207897
1.0,0.41000000000000003,21.0,7.799151246934422e-06
1.0,0.6100000000000001,0.0,0.010137751822893226
1.0,0.6100000000000001,1.0,1.584979039309653e-05
1.0,0.6100000000000001,2.0,0.0005381852902725803
1.0,0.6100000000000001,3.0,1.0534591343286381e-06
1.0,0.6100000000000001,4.0,-0.0014851438055898392
1.0,0.6100000000000001,5.0,-0.002382041540090918
1.0,0.6100000000000001,6.0,0.000772287832758789
1.0,0.6100000000000001,7.0,-0.0012891725384065467
1.0,0.6100000000000001,8.0,1.6741741144389588e-05
1.0,0.6100000000000001,9.0,-0.00024413996192379495
1.0,0.6100000000000001,10.0,-0.0002993616200040461
1.0,0.6100000000000001,11.0,3.568587712832194e-08
1.0,0.6100000000000001,12.0,-9.685896423250462e-05
1.0,0.6100000000000001,13.0,0.0013588813689474344
1.0,0.6100000000000001,14.0,0.0012170324660515444
1.0,0.6100000000000001,15.0,4.961864492947221e-06
1.0,0.6100000000000001,16.0,-0.0014226826379603597
1.0,0.6100000000000001,17.0,-0.002297909531148834
1.0,0.6100000000000001,18.0,0.0012947632545446397
1.0,0.6100000000000001,19.0,-0.003227174186890114
1.0,0.6100000000000001,20.0,0.001998760117992715
1.0,0.6100000000000001,21.0,7.79915123652608e-06
1.0,0.81,0.0,0.012941314247257751
1.0,0.81,1.0,1.9659295859009163e-05
1.0,0.81,2.0,0.0007063024871059587
1.0,0.81,3.0,1.0534591356609058e-06
1.0,0.81,4.0,-0.002434022824548965
1.0,0.81,5.0,-0.003026392761674268
1.0,0.81,6.0,0.0011711881329693474
1.0,0.81,7.0,-0.0016537525672888909
1.0,0.81,8.0,1.6741741217130013e-05
1.0,0.81,9.0,-0.0003295177581846276
1.0,0.81,10.0,-0.000341625122670719
1.0,0.81,11.0,3.568587712832194e-08
1.0,0.81,12.0,-9.947012027389235e-06
1.0,0.81,13.0,0.0017765827475260398
1.0,0.81,14.0,0.0015949824469729326
1.0,0.81,15.0,5.541752783680409e-06
1.0,0.81,16.0,-0.0017036936931333346
1.0,0.81,17.0,-0.0025812787050249475
1.0,0.81,18.0,0.0014322805562361207
1.0,0.81,19.0,-0.004291434164084507
1.0,0.81,20.0,0.0030219318904362025
1.0,0.81,21.0,7.799151270415638e-06
1.0,1.01,0.0,0.01590380459407681
1.0,1.01,1.0,2.3577109834110876e-05
1.0,1.01,2.0,0.0008633721805371974
1.0,1.01,3.0,1.0534591354666167e-06
1.0,1.01,4.0,-0.003007014520727269
1.0,1.01,5.0,-0.0036398381759760318
1.0,1.01,6.0,0.001342189716661668
1.0,1.01,7.0,-0.0019962647582695836
1.0,1.01,8.0,1.6741741206784122e-05
1.0,1.01,9.0,-0.0004038564656504706
1.0,1.01,10.0,-0.00040837225480522266
1.0,1.01,11.0,3.568587712832194e-08
1.0,1.01,12.0,-6.401537014577574e-05
1.0,1.01,13.0,0.0021713225791016033
1.0,1.01,14.0,0.001974666187189708
1.0,1.01,15.0,6.1046962711308606e-06
1.0,1.01,16.0,-0.0021130509208955317
1.0,1.01,17.0,-0.003135847525396529
1.0,1.01,18.0,0.001660652217207792
1.0,1.01,19.0,-0.005259460090035306
1.0,1.01,20.0,0.003651091021770969
1.0,1.01,21.0,7.799151265586168e-06
1.0,1.2100000000000002,0.0,0.018829166476914794
1.0,1.2100000000000002,1.0,2.7445335688491834e-05
1.0,1.2100000000000002,2.0,0.001018414038557458
1.0,1.2100000000000002,3.0,1.0534591350919165e-06
1.0,1.2100000000000002,4.0,-0.003570043700397707
1.0,1.2100000000000002,5.0,-0.004245307477541829
1.0,1.2100000000000002,6.0,0.0015090418578466713
1.0,1.2100000000000002,7.0,-0.002334407714911002
1.0,1.2100000000000002,8.0,1.6741741187112358e-05
1.0,1.2100000000000002,9.0,-0.00047722186060430993
1.0,1.2100000000000002,10.0,-0.00047442665522751115
1.0,1.2100000000000002,11.0,3.568587712832194e-08
1.0,1.2100000000000002,12.0,-0.00011844301268593149
1.0,1.2100000000000002,13.0,0.0025609742605793573
1.0,1.2100000000000002,14.0,0.002349784839231782
1.0,1.2100000000000002,15.0,6.660413073053539e-06
1.0,1.2100000000000002,16.0,-0.0025182810767084285
1.0,1.2100000000000002,17.0,-0.003685366937484613
1.0,1.2100000000000002,18.0,0.0018867671053047208
1.0,1.2100000000000002,19.0,-0.006214911080694718
1.0,1.2100000000000002,20.0,0.004270731824034035
1.0,1.2100000000000002,21.0,7.799151256426828e-06
1.0,1.4100000000000001,0.0,0.021601399026491164
1.0,1.4100000000000001,1.0,3.117379648773233e-05
1.0,1.4100000000000001,2.0,0.001176953475862219
1.0,1.4100000000000001,3.0,1.053459134994772e-06
1.0,1.4100000000000001,4.0,-0.004381320874695116
1.0,1.4100000000000001,5.0,-0.004858182661533608
1.0,1.4100000000000001,6.0,0.0018307271130028613
1.0,1.4100000000000001,7.0,-0.002677795226760815
1.0,1.4100000000000001,8.0,1.6741741182380032e-05
1.0,1.4100000000000001,9.0,-0.0005556249765506505
1.0,1.4100000000000001,10.0,-0.0005230585273306998
1.0,1.4100000000000001,11.0,3.568587712832194e-08
1.0,1.4100000000000001,12.0,-7.750846848120219e-05
1.0,1.4100000000000001,13.0,0.002956659503319914
1.0,1.4100000000000001,14.0,0.0027157561020625387
1.0,1.4100000000000001,15.0,7.2148350030443176e-06
1.0,1.4100000000000001,16.0,-0.0028259554159481004
1.0,1.4100000000000001,17.0,-0.004043437905137226
1.0,1.4100000000000001,18.0,0.0020467065654088956
1.0,1.4100000000000001,19.0,-0.007207616582330267
1.0,1.4100000000000001,20.0,0.005121120436377691
1.0,1.4100000000000001,21.0,7.799151254261893e-06
1.0,1.61,0.0,0.024445736919434635
1.0,1.61,1.0,3.4938653138749665e-05
1.0,1.61,2.0,0.0013284993916148347
1.0,1.61,3.0,1.053459135647028e-06
1.0,1.61,4.0,-0.004952806620853845
1.0,1.61,5.0,-0.005449347428362866
1.0,1.61,6.0,0.0020079267876670914
1.0,1.61,7.0,-0.0030079436706193508
1.0,1.61,8.0,1.6741741217303485e-05
1.0,1.61,9.0,-0.0006275634643229389
1.0,1.61,10.0,-0.0005860542148785064
1.0,1.61,11.0,3.568587712832194e-08
1.0,1.61,12.0,-0.00012210782528154773
1.0,1.61,13.0,0.003337352143584882
1.0,1.61,14.0,0.003081253678301192
1.0,1.61,15.0,7.756929810517899e-06
1.0,1.61,16.0,-0.0032125758408252936
1.0,1.61,17.0,-0.004562164965749627
1.0,1.61,18.0,0.0022616060109276193
1.0,1.61,19.0,-0.008142255495213524
1.0,1.61,20.0,0.005742340079229691
1.0,1.61,21.0,7.799151270498905e-06
1.0,1.81,0.0,0.027243492428509986
1.0,1.81,1.0,3.8648466767071676e-05
1.0,1.81,2.0,0.0014786875275207556
1.0,1.81,3.0,1.0534591355221279e-06
1.0,1.81,4.0,-0.005543512967402742
1.0,1.81,5.0,-0.006034757772749408
1.0,1.81,6.0,0.0021987732341013366
1.0,1.81,7.0,-0.003334826251383538
1.0,1.81,8.0,1.674174121143318e-05
1.0,1.81,9.0,-0.0006991737591486302
1.0,1.81,10.0,-0.0006466286623188489
1.0,1.81,11.0,3.568587712832194e-08
1.0,1.81,12.0,-0.0001568566096382673
1.0,1.81,13.0,0.003714376834866445
1.0,1.81,14.0,0.0034419522094552013
1.0,1.81,15.0,8.29285266566726e-06
1.0,1.81,16.0,-0.0035850682586181515
1.0,1.81,17.0,-0.005056646233390305
1.0,1.81,18.0,0.0024674150708941522
1.0,1.81,19.0,-0.009070005989599061
1.0,1.81,20.0,0.006379366929056496
1.0,1.81,21.0,7.799151267778859e-06
1.0,2.01,0.0,0.030010444208499965
1.0,2.01,1.0,4.231533762830142e-05
1.0,2.01,2.0,0.001626844272674316
1.0,2.01,3.0,1.053459135313961e-06
1.0,2.01,4.0,-0.006119273381503532
1.0,2.01,5.0,-0.0066124546155996305
1.0,2.01,6.0,0.002382489952593214
1.0,2.01,7.0,-0.003657332320187695
1.0,2.01,8.0,1.6741741200726468e-05
1.0,2.01,9.0,-0.000769706339573073
1.0,2.01,10.0,-0.0007069555968616248
1.0,2.01,11.0,3.568587712832194e-08
1.0,2.01,12.0,-0.00019411488412918176
1.0,2.01,13.0,0.0040863910395325664
1.0,2.01,14.0,0.0037984581925976507
1.0,2.01,15.0,8.821937928518708e-06
1.0,2.01,16.0,-0.003955806806393292
1.0,2.01,17.0,-0.0055505661718414645
1.0,2.01,18.0,0.0026725163367246063
1.0,2.01,19.0,-0.00998468739768199
1.0,2.01,20.0,0.007000742522129566
1.0,2.01,21.0,7.799151262782855e-06
1.0,2.21,0.0,0.03276084527776579
1.0,2.21,1.0,4.59509816660153e-05
1.0,2.21,2.0,0.001772370623242786
1.0,2.21,3.0,1.0534591346478273e-06
1.0,2.21,4.0,-0.006647456227368731
1.0,2.21,5.0,-0.0071810785198140326
1.0,2.21,6.0,0.0025388608845433036
1.0,2.21,7.0,-0.003974548370122205
1.0,2.21,8.0,1.6741741163492363e-05
1.0,2.21,9.0,-0.000838486664808541
1.0,2.21,10.0,-0.0007691132627096753
1.0,2.21,11.0,3.5685877114444153e-08
1.0,2.21,12.0,-0.0002459610075260521
1.0,2.21,13.0,0.004452198814524244
1.0,2.21,14.0,0.0041515734046240205
1.0,2.21,15.0,9.343742998990656e-06
1.0,2.21,16.0,-0.004337048531994125
1.0,2.21,17.0,-0.00606683193185964
1.0,2.21,18.0,0.0028849947051901026
1.0,2.21,19.0,-0.010880972962013735
1.0,2.21,20.0,0.007576991213448125
1.0,2.21,21.0,7.79915124543562e-06
1.0,2.41,0.0,0.03546320083924037
1.0,2.41,1.0,4.953063037879679e-05
1.0,2.41,2.0,0.0019167934192110547
1.0,2.41,3.0,1.0534591341065935e-06
1.0,2.41,4.0,-0.00720288176230266
1.0,2.41,5.0,-0.007744385270198967
1.0,2.41,6.0,0.0027139774367690994
1.0,2.41,7.0,-0.004288971101148703
1.0,2.41,8.0,1.6741741134806976e-05
1.0,2.41,9.0,-0.0009071646599115579
1.0,2.41,10.0,-0.000828363599610138
1.0,2.41,11.0,3.568587712832194e-08
1.0,2.41,12.0,-0.00028481122127155256
1.0,2.41,13.0,0.004814897418193215
1.0,2.41,14.0,0.004499767144150339
1.0,2.41,15.0,9.859788613938991e-06
1.0,2.41,16.0,-0.0047012598983017795
1.0,2.41,17.0,-0.00655321384738905
1.0,2.41,18.0,0.003086519124745002
1.0,2.41,19.0,-0.011772280100332821
1.0,2.41,20.0,0.008177147670162643
1.0,2.41,21.0,7.799151232085189e-06
1.0,2.61,0.0,0.038147673005748395
1.0,2.61,1.0,5.307755695704852e-05
1.0,2.61,2.0,0.0020588228917332585
1.0,2.61,3.0,1.0534591329131038e-06
1.0,2.61,4.0,-0.007717355222311539
1.0,2.61,5.0,-0.008299270175816484
1.0,2.61,6.0,0.002864903981203981
1.0,2.61,7.0,-0.004598646088099012
1.0,2.61,8.0,1.6741741073772465e-05
1.0,2.61,9.0,-0.0009743164208543542
1.0,2.61,10.0,-0.0008889871459104581
1.0,2.61,11.0,3.5685877114444153e-08
1.0,2.61,12.0,-0.00033618306000843257
1.0,2.61,13.0,0.005171885998962761
1.0,2.61,14.0,0.004844375611684035
1.0,2.61,15.0,1.0368849192490814e-05
1.0,2.61,16.0,-0.005074107671924066
1.0,2.61,17.0,-0.007058322359731639
1.0,2.61,18.0,0.0032934126548770926
1.0,2.61,19.0,-0.012647320503299087
1.0,2.61,20.0,0.008739804717781241
1.0,2.61,21.0,7.799151203635724e-06
1.0,2.81,0.0,0.040810874180617795
1.0,2.81,1.0,5.6590860717908864e-05
1.0,2.81,2.0,0.0021986660720269835
1.0,2.81,3.0,1.0534591321914588e-06
1.0,2.81,4.0,-0.00820077070692482
1.0,2.81,5.0,-0.008846842737847332
1.0,2.81,6.0,0.0029963745790101415
1.0,2.81,7.0,-0.0049038427308437105
1.0,2.81,8.0,1.6741741033950153e-05
1.0,2.81,9.0,-0.0010401319245559593
1.0,2.81,10.0,-0.0009504522375848312
1.0,2.81,11.0,3.5685877100566366e-08
1.0,2.81,12.0,-0.0003977479273687412
1.0,2.81,13.0,0.005523601859226096
1.0,2.81,14.0,0.00518561563667868
1.0,2.81,15.0,1.087128276724969e-05
1.0,2.81,16.0,-0.005453084846447465
1.0,2.81,17.0,-0.007577740367683994
1.0,2.81,18.0,0.0035031965132772958
1.0,2.81,19.0,-0.013508135374024954
1.0,2.81,20.0,0.009272529487657555
1.0,2.81,21.0,7.799151185094999e-06
1.0,3.01,0.0,0.043382042326095105
1.0,3.01,1.0,6.001640800140651e-05
1.0,3.01,2.0,0.0023394270786741556
1.0,3.01,3.0,1.0534591332461707e-06
1.0,3.01,4.0,-0.008816992180647465
1.0,3.01,5.0,-0.009393106914469818
1.0,3.01,6.0,0.003218633119066061
1.0,3.01,7.0,-0.005209154356400542
1.0,3.01,8.0,1.6741741090883777e-05
1.0,3.01,9.0,-0.001107986113286552
1.0,3.01,10.0,-0.0010025833263194173
1.0,3.01,11.0,3.5685877114444153e-08
1.0,3.01,12.0,-0.0004034710136919806
1.0,3.01,13.0,0.005876406182744515
1.0,3.01,14.0,0.005519965391067104
1.0,3.01,15.0,1.1370440996735787e-05
1.0,3.01,16.0,-0.0057726167923148886
1.0,3.01,17.0,-0.007985918999017627
1.0,3.01,18.0,0.0036790714588586515
1.0,3.01,19.0,-0.014379934764209235
1.0,3.01,20.0,0.009922062209243077
1.0,3.01,21.0,7.799151211573818e-06
1.0,3.21,0.0,0.045961705512422735
1.0,3.21,1.0,6.342997293726227e-05
1.0,3.21,2.0,0.0024768098873722277
1.0,3.21,3.0,1.0534591335931154e-06
1.0,3.21,4.0,-0.009332752934489319
1.0,3.21,5.0,-0.009928853724095257
1.0,3.21,6.0,0.003377824514413208
1.0,3.21,7.0,-0.005508474520158263
1.0,3.21,8.0,1.6741741109674302e-05
1.0,3.21,9.0,-0.0011731894728623238
1.0,3.21,10.0,-0.0010598159158560772
1.0,3.21,11.0,3.568587712832194e-08
1.0,3.21,12.0,-0.00044467064295722336
1.0,3.21,13.0,0.006221526353532486
1.0,3.21,14.0,0.005852241231533661
1.0,3.21,15.0,1.1861744214775038e-05
1.0,3.21,16.0,-0.0061241493509927025
1.0,3.21,17.0,-0.008456653774291778
1.0,3.21,18.0,0.0038743777783660227
1.0,3.21,19.0,-0.015227026056153448
1.0,3.21,20.0,0.010482714623537337
1.0,3.21,21.0,7.79915122034458e-06
1.0,3.41,0.0,0.04851431446755938
1.0,3.41,1.0,6.68066148115376e-05
1.0,3.41,2.0,0.0026124122805185057
1.0,3.41,3.0,1.0534591339261823e-06
1.0,3.41,4.0,-0.009834673891874868
1.0,3.41,5.0,-0.010458255501577474
1.0,3.41,6.0,0.003529433018256256
1.0,3.41,7.0,-0.005803927774493511
1.0,3.41,8.0,1.674174112725052e-05
1.0,3.41,9.0,-0.0012374439444997332
1.0,3.41,10.0,-0.0011168561997628723
1.0,3.41,11.0,3.5685877114444153e-08
1.0,3.41,12.0,-0.000489076584322734
1.0,3.41,13.0,0.006562249579719404
1.0,3.41,14.0,0.006180890234427319
1.0,3.41,15.0,1.2347151790326194e-05
1.0,3.41,16.0,-0.00647515249708791
1.0,3.41,17.0,-0.008928342822572988
1.0,3.41,18.0,0.004068912840989813
1.0,3.41,19.0,-0.0160630041310742
1.0,3.41,20.0,0.011028650813845298
1.0,3.41,21.0,7.799151228532475e-06
1.0,3.61,0.0,0.05103787840818008
1.0,3.61,1.0,7.014428147600338e-05
1.0,3.61,2.0,0.002746375703407994
1.0,3.61,3.0,1.0534591342176158e-06
1.0,3.61,4.0,-0.01032746106229776
1.0,3.61,5.0,-0.010981323400734919
1.0,3.61,6.0,0.0036771600968862894
1.0,3.61,7.0,-0.0060958609182234225
1.0,3.61,8.0,1.6741741142287103e-05
1.0,3.61,9.0,-0.0013008957421202505
1.0,3.61,10.0,-0.001173404652621557
1.0,3.61,11.0,3.568587712832194e-08
1.0,3.61,12.0,-0.0005341572090705182
1.0,3.61,13.0,0.006898872653645499
1.0,3.61,14.0,0.006505818520170556
1.0,3.61,15.0,1.282678819773675e-05
1.0,3.61,16.0,-0.006823313552036914
1.0,3.61,17.0,-0.009396456005845266
1.0,3.61,18.0,0.004261865452164448
1.0,3.61,19.0,-0.016888813330304786
1.0,3.61,20.0,0.011565530103521016
1.0,3.61,21.0,7.79915123552688e-06
1.0,3.81,0.0,0.0535327933147548
1.0,3.81,1.0,7.344357766919662e-05
1.0,3.81,2.0,0.0028787348986217542
1.0,3.81,3.0,1.0534591344535382e-06
1.0,3.81,4.0,-0.010811450653227195
1.0,3.81,5.0,-0.011498185673815095
1.0,3.81,6.0,0.0038211752739245597
1.0,3.81,7.0,-0.0063843497730671495
1.0,3.81,8.0,1.674174115447874e-05
1.0,3.81,9.0,-0.0013635653111854495
1.0,3.81,10.0,-0.0012294578487425656
1.0,3.81,11.0,3.568587712832194e-08
1.0,3.81,12.0,-0.0005798328178084899
1.0,3.81,13.0,0.007231479546912195
1.0,3.81,14.0,0.006827084837427409
1.0,3.81,15.0,1.3300762774628994e-05
1.0,3.81,16.0,-0.0071686180583155346
1.0,3.81,17.0,-0.009860924752746247
1.0,3.81,18.0,0.004453225046706311
1.0,3.81,19.0,-0.017704687852764134
1.0,3.81,20.0,0.012093744379976346
1.0,3.81,21.0,7.799151241216773e-06
1.0,4.01,0.0,0.05598552497597131
1.0,4.01,1.0,7.669448106092935e-05
1.0,4.01,2.0,0.0030101242570715336
1.0,4.01,3.0,1.053459133482093e-06
1.0,4.01,4.0,-0.01132559978721459
1.0,4.01,5.0,-0.0120103765289441
1.0,4.01,6.0,0.003985462643955662
1.0,4.01,7.0,-0.006670121996442485
1.0,4.01,8.0,1.6741741102326013e-05
1.0,4.01,9.0,-0.0014261280928011821
1.0,4.01,10.0,-0.0012827435853096647
1.0,4.01,11.0,3.5685877114444153e-08
1.0,4.01,12.0,-0.0006122982122919174
1.0,4.01,13.0,0.007561382486259427
1.0,4.01,14.0,0.00714400235763317
1.0,4.01,15.0,1.376985326809188e-05
1.0,4.01,16.0,-0.007496441155959821
1.0,4.01,17.0,-0.01029738010824982
1.0,4.01,18.0,0.004633883440175679
1.0,4.01,19.0,-0.01851588277782834
1.0,4.01,20.0,0.012646421378075146
1.0,4.01,21.0,7.799151216930644e-06
2.0,0.01,0.0,0.011342745600936954
2.0,0.01,1.0,0.0013385007201106025
2.0,0.01,2.0,0.0008558576747403901
2.0,0.01,3.0,1.0540894840871395e-06
2.0,0.01,4.0,0.0016538932469722933
2.0,0.01,5.0,-0.009495004953334862
2.0,0.01,6.0,0.0005305408425671787
2.0,0.01,7.0,-0.005418288953955602
2.0,0.01,8.0,1.6742435546779344e-05
2.0,0.01,9.0,-0.0011806541897680656
2.0,0.01,10.0,-0.0029803712425656714
2.0,0.01,11.0,3.588551210353952e-08
2.0,0.01,12.0,0.0026482495639768566
2.0,0.01,13.0,0.005309813721951606
2.0,0.01,14.0,-1.6060805910582813e-09
2.0,0.01,15.0,0.0003583561919656142
2.0,0.01,16.0,0.0008934870670326278
2.0,0.01,17.0,-0.008019940444933121
2.0,0.01,18.0,0.0017620706053825264
2.0,0.01,19.0,0.00016582427093991825
2.0,0.01,20.0,0.005733282095218506
2.0,0.01,21.0,9.646679980657158e-07
2.0,0.21000000000000002,0.0,0.011433247870102803
2.0,0.21000000000000002,1.0,0.0013484879174237574
2.0,0.21000000000000002,2.0,0.0008621269773637086
2.0,0.21000000000000002,3.0,1.0540894840871395e-06
2.0,0.21000000000000002,4.0,0.001668455332790253
2.0,0.21000000000000002,5.0,-0.00951717962437799
2.0,0.21000000000000002,6.0,0.0005305216375455502
2.0,0.21000000000000002,7.0,-0.0054359467085896285
2.0,0.21000000000000002,8.0,1.6742435546820977e-05
2.0,0.21000000000000002,9.0,-0.001189638208801691
2.0,0.21000000000000002,10.0,-0.002986983289094247
2.0,0.21000000000000002,11.0,3.588551210353952e-08
2.0,0.21000000000000002,12.0,0.0026553203083162225
2.0,0.21000000000000002,13.0,0.0053509755871784526
2.0,0.21000000000000002,14.0,-1.606080591060348e-09
2.0,0.21000000000000002,15.0,0.00036080714293529326
2.0,0.21000000000000002,16.0,0.0008904163092020023
2.0,0.21000000000000002,17.0,-0.00804708605190195
2.0,0.21000000000000002,18.0,0.001763936416755152
2.0,0.21000000000000002,19.0,0.0001633763769515184
2.0,0.21000000000000002,20.0,0.005772295665534277
2.0,0.21000000000000002,21.0,9.646679980934714e-07
2.0,0.41000000000000003,0.0,0.011518001144887546
2.0,0.41000000000000003,1.0,0.0013578696968100101
2.0,0.41000000000000003,2.0,0.0008680205716947165
2.0,0.41000000000000003,3.0,1.0540894840732618e-06
2.0,0.41000000000000003,4.0,0.0016823344505336735
2.0,0.41000000000000003,5.0,-0.00953841217615147
2.0,0.41000000000000003,6.0,0.0005305191746516058
2.0,0.41000000000000003,7.0,-0.00545269485779426
2.0,0.41000000000000003,8.0,1.674243554686261e-05
2.0,0.41000000000000003,9.0,-0.0011980735443513912
2.0,0.41000000000000003,10.0,-0.0029933206217943598
2.0,0.41000000000000003,11.0,3.588551208966173e-08
2.0,0.41000000000000003,12.0,0.0026621531246640018
2.0,0.41000000000000003,13.0,0.00538958066798112
2.0,0.41000000000000003,14.0,-1.6060805910623427e-09
2.0,0.41000000000000003,15.0,0.0003631160608122408
2.0,0.41000000000000003,16.0,0.0008874486429649719
2.0,0.41000000000000003,17.0,-0.00807285985816647
2.0,0.41000000000000003,18.0,0.0017654458134395146
2.0,0.41000000000000003,19.0,0.0001609592759452827
2.0,0.41000000000000003,20.0,0.0058090326658974956
2.0,0.41000000000000003,21.0,9.646679980657158e-07
2.0,0.6100000000000001,0.0,0.01159731356162208
2.0,0.6100000000000001,1.0,0.0013666768196389234
2.0,0.6100000000000001,2.0,0.0008735573201520963
2.0,0.6100000000000001,3.0,1.054089484059384e-06
2.0,0.6100000000000001,4.0,0.0016955679899693932
2.0,0.6100000000000001,5.0,-0.00955874002394629
2.0,0.6100000000000001,6.0,0.0005305318802194814
2.0,0.6100000000000001,7.0,-0.005468575186092534
2.0,0.6100000000000001,8.0,1.6742435546918122e-05
2.0,0.6100000000000001,9.0,-0.0012059883304260666
2.0,0.6100000000000001,10.0,-0.002999393895999236
2.0,0.6100000000000001,11.0,3.588551210353952e-08
2.0,0.6100000000000001,12.0,0.0026687577649555094
2.0,0.6100000000000001,13.0,0.005425762500124165
2.0,0.6100000000000001,14.0,-1.6060805910642678e-09
2.0,0.6100000000000001,15.0,0.0003652898077163014
2.0,0.6100000000000001,16.0,0.0008845761307774702
2.0,0.6100000000000001,17.0,-0.008097324701106495
2.0,0.6100000000000001,18.0,0.0017666138839430578
2.0,0.6100000000000001,19.0,0.00015857044312683755
2.0,0.6100000000000001,20.0,0.0058436043020204664
2.0,0.6100000000000001,21.0,9.646679980657158e-07
2.0,0.81,0.0,0.011671482653073273
2.0,0.81,1.0,0.0013749390764300484
2.0,0.81,2.0,0.000878755501191153
2.0,0.81,3.0,1.054089484059384e-06
2.0,0.81,4.0,0.0017081921102963804
2.0,0.81,5.0,-0.009578199573287462
2.0,0.81,6.0,0.0005305582357443828
2.0,0.81,7.0,-0.005483628231957194
2.0,0.81,8.0,1.6742435546973633e-05
2.0,0.81,9.0,-0.00121340979948803
2.0,0.81,10.0,-0.003005213488695091
2.0,0.81,11.0,3.588551210353952e-08
2.0,0.81,12.0,0.002675143732954688
2.0,0.81,13.0,0.005459650218294532
2.0,0.81,14.0,-1.606080591066126e-09
2.0,0.81,15.0,0.0003673350465533409
2.0,0.81,16.0,0.0008817911064192274
2.0,0.81,17.0,-0.008120541571808082
2.0,0.81,18.0,0.0017674552201110694
2.0,0.81,19.0,0.00015620741701360963
2.0,0.81,20.0,0.005876118438280731
2.0,0.81,21.0,9.646679980657158e-07
2.0,1.01,0.0,0.01174079509256698
2.0,1.01,1.0,0.001382685257602989
2.0,1.01,2.0,0.0008836327907975061
2.0,1.01,3.0,1.0540894840732618e-06
2.0,1.01,4.0,0.0017202417088917343
2.0,1.01,5.0,-0.009596826200098713
2.0,1.01,6.0,0.0005305967806139844
2.0,1.01,7.0,-0.005497893253466946
2.0,1.01,8.0,1.674243554704996e-05
2.0,1.01,9.0,-0.0012203642561399997
2.0,1.01,10.0,-0.003010789492758903
2.0,1.01,11.0,3.588551210353952e-08
2.0,1.01,12.0,0.002681320278944299
2.0,1.01,13.0,0.005491368435536881
2.0,1.01,14.0,-1.60608059106792e-09
2.0,1.01,15.0,0.00036925823381592227
2.0,1.01,16.0,0.0008790861835858976
2.0,1.01,17.0,-0.008142569562690619
2.0,1.01,18.0,0.00176798390363192
2.0,1.01,19.0,0.00015386780191595228
2.0,1.01,20.0,0.005906679489285582
2.0,1.01,21.0,9.646679980934714e-07
2.0,1.2100000000000002,0.0,0.011805526517502996
2.0,1.2100000000000002,1.0,0.001389943131553495
2.0,1.2100000000000002,2.0,0.0008882062484338871
2.0,1.2100000000000002,3.0,1.0540894840871395e-06
2.0,1.2100000000000002,4.0,0.0017317503982201554
2.0,1.2100000000000002,5.0,-0.009614654235885079
2.0,1.2100000000000002,6.0,0.0005306461142986496
2.0,1.2100000000000002,7.0,-0.005511408202561963
2.0,1.2100000000000002,8.0,1.674243554711935e-05
2.0,1.2100000000000002,9.0,-0.0012268770576367716
2.0,1.2100000000000002,10.0,-0.0030161317125512177
2.0,1.2100000000000002,11.0,3.588551210353952e-08
2.0,1.2100000000000002,12.0,0.00268729639526899
2.0,1.2100000000000002,13.0,0.005521037156005493
2.0,1.2100000000000002,14.0,-1.6060805910696523e-09
2.0,1.2100000000000002,15.0,0.0003710656139105095
2.0,1.2100000000000002,16.0,0.0008764542627793803
2.0,1.2100000000000002,17.0,-0.008163465827679892
2.0,1.2100000000000002,18.0,0.0017682134974132402
2.0,1.2100000000000002,19.0,0.00015154927049509936
2.0,1.2100000000000002,20.0,0.005935388336424596
2.0,1.2100000000000002,21.0,9.64667998121227e-07
2.0,1.4100000000000001,0.0,0.011865941426901672
2.0,1.4100000000000001,1.0,0.0013967394296319213
2.0,1.4100000000000001,2.0,0.000892492307184245
2.0,1.4100000000000001,3.0,1.0540894840871395e-06
2.0,1.4100000000000001,4.0,0.001742750492042311
2.0,1.4100000000000001,5.0,-0.009631716957668238
2.0,1.4100000000000001,6.0,0.0005307048979383
2.0,1.4100000000000001,7.0,-0.005524209707326561
2.0,1.4100000000000001,8.0,1.6742435547202617e-05
2.0,1.4100000000000001,9.0,-0.0012329726008094843
2.0,1.4100000000000001,10.0,-0.0030212496607966433
2.0,1.4100000000000001,11.0,3.588551210353952e-08
2.0,1.4100000000000001,12.0,0.0026930808133247552
2.0,1.4100000000000001,13.0,0.005548771718915102
2.0,1.4100000000000001,14.0,-1.606080591071325e-09
2.0,1.4100000000000001,15.0,0.0003727632149324589
2.0,1.4100000000000001,16.0,0.0008738885354669379
2.0,1.4100000000000001,17.0,-0.008183285554349107
2.0,1.4100000000000001,18.0,0.0017681570392678037
2.0,1.4100000000000001,19.0,0.0001492495653814263
2.0,1.4100000000000001,20.0,0.0059623422679531135
2.0,1.4100000000000001,21.0,9.646679980934714e-07
2.0,1.61,0.0,0.011922293147275997
2.0,1.61,1.0,0.001403099837556987
2.0,1.61,2.0,0.0008965067678193273
2.0,1.61,3.0,1.0540894840871395e-06
2.0,1.61,4.0,0.0017532729990807905
2.0,1.61,5.0,-0.00964804658240576
2.0,1.61,6.0,0.0005307718554300733
2.0,1.61,7.0,-0.0055363330618211914
2.0,1.61,8.0,1.67424355473067e-05
2.0,1.61,9.0,-0.0012386743149596646
2.0,1.61,10.0,-0.00302615255668387
2.0,1.61,11.0,3.588551210353952e-08
2.0,1.61,12.0,0.0026986820014768265
2.0,1.61,13.0,0.0055746827714519
2.0,1.61,14.0,-1.606080591072941e-09
2.0,1.61,15.0,0.0003743568458024482
2.0,1.61,16.0,0.0008713824865017594
2.0,1.61,17.0,-0.00820208194717642
2.0,1.61,18.0,0.0017678270393226558
2.0,1.61,19.0,0.00014696650062107075
2.0,1.61,20.0,0.005987634941177822
2.0,1.61,21.0,9.646679980934714e-07
2.0,1.81,0.0,0.011974823860895434
2.0,1.81,1.0,0.0014090489927717775
2.0,1.81,2.0,0.0009002647964893584
2.0,1.81,3.0,1.0540894840871395e-06
2.0,1.81,4.0,0.0017633476245614288
2.0,1.81,5.0,-0.00966367426559148
2.0,1.81,6.0,0.000530845773995342
2.0,1.81,7.0,-0.005547812222851223
2.0,1.81,8.0,1.6742435547403844e-05
2.0,1.81,9.0,-0.0012440046602520127
2.0,1.81,10.0,-0.0030308493251073876
2.0,1.81,11.0,3.588551208966173e-08
2.0,1.81,12.0,0.0027041081642471543
2.0,1.81,13.0,0.005598876268272601
2.0,1.81,14.0,-1.6060805910745023e-09
2.0,1.81,15.0,0.000375852094671697
2.0,1.81,16.0,0.000868929894239423
2.0,1.81,17.0,-0.008219906221183487
2.0,1.81,18.0,0.0017672354794358025
2.0,1.81,19.0,0.00014469796231264542
2.0,1.81,20.0,0.006011356365090315
2.0,1.81,21.0,9.64667998121227e-07
2.0,2.01,0.0,0.012023764690417882
2.0,2.01,1.0,0.0014146104872335696
2.0,2.01,2.0,0.000903780925740838
2.0,2.01,3.0,1.0540894840871395e-06
2.0,2.01,4.0,0.001773002777677446
2.0,2.01,5.0,-0.009678630103738982
2.0,2.01,6.0,0.0005309255043406402
2.0,2.01,7.0,-0.0055586798131510295
2.0,2.01,8.0,1.6742435547507928e-05
2.0,2.01,9.0,-0.0012489851311269784
2.0,2.01,10.0,-0.003035348596972798
2.0,2.01,11.0,3.588551210353952e-08
2.0,2.01,12.0,0.0027093672422146
2.0,2.01,13.0,0.005621453495185058
2.0,2.01,14.0,-1.6060805910760109e-09
2.0,2.01,15.0,0.0003772543284993324
2.0,2.01,16.0,0.000866524829403359
2.0,2.01,17.0,-0.008236807605023336
2.0,2.01,18.0,0.0017663938161254777
2.0,2.01,19.0,0.00014244190925427613
2.0,2.01,20.0,0.006033592901866669
2.0,2.01,21.0,9.64667998121227e-07
2.0,2.21,0.0,0.01206933583387404
2.0,2.21,1.0,0.0014198068751284376
2.0,2.21,2.0,0.000907069058545984
2.0,2.21,3.0,1.0540894840871395e-06
2.0,2.21,4.0,0.001782265585779319
2.0,2.21,5.0,-0.009692943140423307
2.0,2.21,6.0,0.0005310099603691165
2.0,2.21,7.0,-0.005568967130323871
2.0,2.21,8.0,1.6742435547632828e-05
2.0,2.21,9.0,-0.0012536362642446286
2.0,2.21,10.0,-0.0030396587104825623
2.0,2.21,11.0,3.588551210353952e-08
2.0,2.21,12.0,0.0027144669131181076
2.0,2.21,13.0,0.005642511114561932
2.0,2.21,14.0,-1.6060805910774692e-09
2.0,2.21,15.0,0.0003785686936999544
2.0,2.21,16.0,0.0008641616518629824
2.0,2.21,17.0,-0.008252833352770272
2.0,2.21,18.0,0.0017653129847310378
2.0,2.21,19.0,0.00014019637273310348
2.0,2.21,20.0,0.006054427285470565
2.0,2.21,21.0,9.646679981489825e-07
2.0,2.41,0.0,0.012111746744079444
2.0,2.41,1.0,0.0014246596849908366
2.0,2.41,2.0,0.0009101424750413978
2.0,2.41,3.0,1.0540894840871395e-06
2.0,2.41,4.0,0.0017911619132899848
2.0,2.41,5.0,-0.009706641375574325
2.0,2.41,6.0,0.0005310981185608077
2.0,2.41,7.0,-0.005578704161014719
2.0,2.41,8.0,1.674243554775079e-05
2.0,2.41,9.0,-0.0012579776504782758
2.0,2.41,10.0,-0.003043787713320645
2.0,2.41,11.0,3.588551210353952e-08
2.0,2.41,12.0,0.0027194145935826586
2.0,2.41,13.0,0.005662141230100115
2.0,2.41,14.0,-1.6060805910788789e-09
2.0,2.41,15.0,0.00037980011776464484
2.0,2.41,16.0,0.0008618350064092395
2.0,2.41,17.0,-0.008268028763461485
2.0,2.41,18.0,0.0017640034063792775
2.0,2.41,19.0,0.00013795945629480055
2.0,2.41,20.0,0.0060739386557432384
2.0,2.41,21.0,9.646679981489825e-07
2.0,2.61,0.0,0.012151196346729676
2.0,2.61,1.0,0.001429189435730005
2.0,2.61,2.0,0.0009130138416710842
2.0,2.61,3.0,1.0540894840871395e-06
2.0,2.61,4.0,0.0017997163851751763
2.0,2.61,5.0,-0.009719751777704053
2.0,2.61,6.0,0.0005311890170342226
2.0,2.61,7.0,-0.005587919599713997
2.0,2.61,8.0,1.6742435547882628e-05
2.0,2.61,9.0,-0.001262027950482164
2.0,2.61,10.0,-0.0030477433656548314
2.0,2.61,11.0,3.588551210353952e-08
2.0,2.61,12.0,0.0027242174415730847
2.0,2.61,13.0,0.005680431468558678
2.0,2.61,14.0,-1.6060805910802425e-09
2.0,2.61,15.0,0.00038095331175241887
2.0,2.61,16.0,0.0008595398173707469
2.0,2.61,17.0,-0.008282437207584217
2.0,2.61,18.0,0.0017624749968543907
2.0,2.61,19.0,0.00013572933523331443
2.0,2.61,20.0,0.00609220260628851
2.0,2.61,21.0,9.646679981489825e-07
2.0,2.81,0.0,0.01218787329166271
2.0,2.81,1.0,0.001433415656071968
2.0,2.81,2.0,0.0009156952224373405
2.0,2.81,3.0,1.0540894840871395e-06
2.0,2.81,4.0,0.0018079524150351745
2.0,2.81,5.0,-0.00973230029875405
2.0,2.81,6.0,0.0005312817542921233
2.0,2.81,7.0,-0.005596640871601444
2.0,2.81,8.0,1.6742435548021406e-05
2.0,2.81,9.0,-0.0012658049133766336
2.0,2.81,10.0,-0.0030515331438703552
2.0,2.81,11.0,3.588551210353952e-08
2.0,2.81,12.0,0.0027288823597753087
2.0,2.81,13.0,0.005697465076215935
2.0,2.81,14.0,-1.6060805910815616e-09
2.0,2.81,15.0,0.00038203277355597365
2.0,2.81,16.0,0.0008572712817603301
2.0,2.81,17.0,-0.008296100159734643
2.0,2.81,18.0,0.001760737176183469
2.0,2.81,19.0,0.00013350425542335564
2.0,2.81,20.0,0.006109291244497883
2.0,2.81,21.0,9.64667998121227e-07
2.0,3.01,0.0,0.012221956232056574
2.0,3.01,1.0,0.0014373569069489056
2.0,3.01,2.0,0.0009181980919794608
2.0,3.01,3.0,1.0540894841010173e-06
2.0,3.01,4.0,0.0018158922358914031
2.0,3.01,5.0,-0.00974431189127212
2.0,3.01,6.0,0.0005313754877634969
2.0,3.01,7.0,-0.0056048941589488255
2.0,3.01,8.0,1.6742435548160184e-05
2.0,3.01,9.0,-0.0012693253981087838
2.0,3.01,10.0,-0.0030551642449613836
2.0,3.01,11.0,3.588551208966173e-08
2.0,3.01,12.0,0.0027334159993165352
2.0,3.01,13.0,0.005713321027873253
2.0,3.01,14.0,-1.6060805910828382e-09
2.0,3.01,15.0,0.000383042791846977
2.0,3.01,16.0,0.0008550248620172174
2.0,3.01,17.0,-0.00830905723656647
2.0,3.01,18.0,0.0017587988805287669
2.0,3.01,19.0,0.00013128253231953213
2.0,3.01,20.0,0.006125273262206576
2.0,3.01,21.0,9.64667998121227e-07
2.0,3.21,0.0,0.01225361412664805
2.0,3.21,1.0,0.0014410308063873
2.0,3.21,2.0,0.0009205333502089741
2.0,3.21,3.0,1.0540894841010173e-06
2.0,3.21,4.0,0.0018235569340337987
2.0,3.21,5.0,-0.009755810527622122
2.0,3.21,6.0,0.0005314694321265634
2.0,3.21,7.0,-0.005612704430528387
2.0,3.21,8.0,1.674243554831978e-05
2.0,3.21,9.0,-0.0012726053970743834
2.0,3.21,10.0,-0.003058643591498933
2.0,3.21,11.0,3.588551208966173e-08
2.0,3.21,12.0,0.0027378247641179354
2.0,3.21,13.0,0.005728074146369555
2.0,3.21,14.0,-1.6060805910840738e-09
2.0,3.21,15.0,0.00038398745060944095
2.0,3.21,16.0,0.0008527962778526188
2.0,3.21,17.0,-0.008321346239337155
2.0,3.21,18.0,0.0017566685748989785
2.0,3.21,19.0,0.00012906254959454966
2.0,3.21,20.0,0.006140214015444734
2.0,3.21,21.0,9.64667998176738e-07
2.0,3.41,0.0,0.012283006560397602
2.0,3.41,1.0,0.0014444540564773622
2.0,3.41,2.0,0.0009227113382464514
2.0,3.41,3.0,1.0540894841148951e-06
2.0,3.41,4.0,0.0018309664854718743
2.0,3.41,5.0,-0.009766819220949881
2.0,3.41,6.0,0.000531562857443324
2.0,3.41,7.0,-0.005620095473537062
2.0,3.41,8.0,1.6742435548479373e-05
2.0,3.41,9.0,-0.0012756600616069813
2.0,3.41,10.0,-0.0030619778371027695
2.0,3.41,11.0,3.588551208966173e-08
2.0,3.41,12.0,0.0027421148158326414
2.0,3.41,13.0,0.005741795230680524
2.0,3.41,14.0,-1.6060805910852703e-09
2.0,3.41,15.0,0.00038487063417469436
2.0,3.41,16.0,0.0008505814972961101
2.0,3.41,17.0,-0.008333003200343969
2.0,3.41,18.0,0.00175435426638465
2.0,3.41,19.0,0.00012684275740393325
2.0,3.41,20.0,0.006154175611855495
2.0,3.41,21.0,9.646679981489825e-07
2.0,3.61,0.0,0.012310284079389722
2.0,3.61,1.0,0.0014476424720327175
2.0,3.61,2.0,0.0009247418554222953
2.0,3.61,3.0,1.0540894841010173e-06
2.0,3.61,4.0,0.001838139793662208
2.0,3.61,5.0,-0.009777360047648922
2.0,3.61,6.0,0.0005316550871861114
2.0,3.61,7.0,-0.005627089927621259
2.0,3.61,8.0,1.6742435548645906e-05
2.0,3.61,9.0,-0.0012785037289731183
2.0,3.61,10.0,-0.0030651733723466856
2.0,3.61,11.0,3.588551210353952e-08
2.0,3.61,12.0,0.002746292078992074
2.0,3.61,13.0,0.005754551190829238
2.0,3.61,14.0,-1.6060805910864294e-09
2.0,3.61,15.0,0.00038569603267635255
2.0,3.61,16.0,0.000848376727638489
2.0,3.61,17.0,-0.008344062432522031
2.0,3.61,18.0,0.0017518635188731313
2.0,3.61,19.0,0.0001246216708140624
2.0,3.61,20.0,0.006167217004498737
2.0,3.61,21.0,9.646679982044937e-07
2.0,3.81,0.0,0.012335588536115383
2.0,3.81,1.0,0.001450611010570757
2.0,3.81,2.0,0.0009266341771238529
2.0,3.81,3.0,1.0540894841148951e-06
2.0,3.81,4.0,0.0018450947288312092
2.0,3.81,5.0,-0.009787454171073713
2.0,3.81,6.0,0.000531745496140712
2.0,3.81,7.0,-0.005633709320550878
2.0,3.81,8.0,1.674243554881938e-05
2.0,3.81,9.0,-0.0012811499505339663
2.0,3.81,10.0,-0.0030682363310306493
2.0,3.81,11.0,3.588551210353952e-08
2.0,3.81,12.0,0.0027503622465853694
2.0,3.81,13.0,0.005766405187989099
2.0,3.81,14.0,-1.6060805910875525e-09
2.0,3.81,15.0,0.00038646714785001146
2.0,3.81,16.0,0.0008461784058618749
2.0,3.81,17.0,-0.008354556581633754
2.0,3.81,18.0,0.0017492034680229862
2.0,3.81,19.0,0.00012239786795031904
2.0,3.81,20.0,0.006179394090758739
2.0,3.81,21.0,9.646679981489825e-07
2.0,4.01,0.0,0.012359053441653223
2.0,4.01,1.0,0.0014533738032903587
2.0,4.01,2.0,0.0009283970732823499
2.0,4.01,3.0,1.0540894841148951e-06
2.0,4.01,4.0,0.0018518481683599264
2.0,4.01,5.0,-0.009797121866270566
2.0,4.01,6.0,0.0005318335082235004
2.0,4.01,7.0,-0.00563997410515657
2.0,4.01,8.0,1.674243554899979e-05
2.0,4.01,9.0,-0.0012836115207686127
2.0,4.01,10.0,-0.003071172596755989
2.0,4.01,11.0,3.588551210353952e-08
2.0,4.01,12.0,0.0027543307859694277
2.0,4.01,13.0,0.005777416778269928
2.0,4.01,14.0,-1.6060805910886413e-09
2.0,4.01,15.0,0.00038718729910589
2.0,4.01,16.0,0.0008439831887589455
2.0,4.01,17.0,-0.008364516680468781
2.0,4.01,18.0,0.0017463808365220657
2.0,4.01,19.0,0.0001201699879684881
2.0,4.01,20.0,0.006190759815225322
2.0,4.01,21.0,9.646679982322492e-07
3.0,0.01,0.0,9.241154864669809e-07
3.0,0.01,1.0,9.152389802979943e-06
3.0,0.01,2.0,8.011918927408601e-06
3.0,0.01,3.0,1.0529698051958691e-06
3.0,0.01,4.0,9.12873884029164e-06
3.0,0.01,5.0,-8.912208601858305e-07
3.0,0.01,6.0,9.05853646665511e-06
3.0,0.01,7.0,-0.0031339105759939454
3.0,0.01,8.0,1.6740890564109767e-05
3.0,0.01,9.0,1.1294707964140671e-05
3.0,0.01,10.0,8.797636609769732e-06
3.0,0.01,11.0,3.554053329413165e-08
3.0,0.01,12.0,1.637935858778139e-05
3.0,0.01,13.0,3.129482911978787e-07
3.0,0.01,14.0,-2.207329563408411e-06
3.0,0.01,15.0,1.2240978650157608e-05
3.0,0.01,16.0,9.91185060761346e-06
3.0,0.01,17.0,3.3712713314038023e-07
3.0,0.01,18.0,1.1875795808025114e-05
3.0,0.01,19.0,8.12967515451124e-06
3.0,0.01,20.0,5.277833402206333e-06
3.0,0.01,21.0,2.8384526209457306e-06
3.0,0.21000000000000002,0.0,9.241154864669809e-07
3.0,0.21000000000000002,1.0,9.152389802979943e-06
3.0,0.21000000000000002,2.0,8.011918927408601e-06
3.0,0.21000000000000002,3.0,1.0529698051958691e-06
3.0,0.21000000000000002,4.0,9.128738840180617e-06
3.0,0.21000000000000002,5.0,-8.912208601907678e-07
3.0,0.21000000000000002,6.0,9.05853646665511e-06
3.0,0.21000000000000002,7.0,-0.0031339105759937806
3.0,0.21000000000000002,8.0,1.6740890564109767e-05
3.0,0.21000000000000002,9.0,1.1294707964140671e-05
3.0,0.21000000000000002,10.0,8.797636609769732e-06
3.0,0.21000000000000002,11.0,3.554053329413165e-08
3.0,0.21000000000000002,12.0,1.637935858778139e-05
3.0,0.21000000000000002,13.0,3.129482911978787e-07
3.0,0.21000000000000002,14.0,-2.207329563408411e-06
3.0,0.21000000000000002,15.0,1.2240978650157608e-05
3.0,0.21000000000000002,16.0,9.91185060761346e-06
3.0,0.21000000000000002,17.0,3.37127133154258e-07
3.0,0.21000000000000002,18.0,1.1875795808136136e-05
3.0,0.21000000000000002,19.0,8.12967515451124e-06
3.0,0.21000000000000002,20.0,5.277833402206333e-06
3.0,0.21000000000000002,21.0,2.8384526209457306e-06
3.0,0.41000000000000003,0.0,9.241154864669809e-07
3.0,0.41000000000000003,1.0,9.152389802979943e-06
3.0,0.41000000000000003,2.0,8.011918927408601e-06
3.0,0.41000000000000003,3.0,1.0529698051958691e-06
3.0,0.41000000000000003,4.0,9.12873884029164e-06
3.0,0.41000000000000003,5.0,-8.912208601954773e-07
3.0,0.41000000000000003,6.0,9.05853646665511e-06
3.0,0.41000000000000003,7.0,-0.003133910575993614
3.0,0.41000000000000003,8.0,1.6740890564109767e-05
3.0,0.41000000000000003,9.0,1.1294707964140671e-05
3.0,0.41000000000000003,10.0,8.797636609769732e-06
3.0,0.41000000000000003,11.0,3.554053329413165e-08
3.0,0.41000000000000003,12.0,1.637935858778139e-05
3.0,0.41000000000000003,13.0,3.129482911978787e-07
3.0,0.41000000000000003,14.0,-2.207329563408411e-06
3.0,0.41000000000000003,15.0,1.2240978650157608e-05
3.0,0.41000000000000003,16.0,9.91185060766897e-06
3.0,0.41000000000000003,17.0,3.37127133154258e-07
3.0,0.41000000000000003,18.0,1.1875795808136136e-05
3.0,0.41000000000000003,19.0,8.12967515451124e-06
3.0,0.41000000000000003,20.0,5.277833402095311e-06
3.0,0.41000000000000003,21.0,2.8384526209457306e-06
3.0,0.6100000000000001,0.0,9.241154864669809e-07
3.0,0.6100000000000001,1.0,9.152389802979943e-06
3.0,0.6100000000000001,2.0,8.011918927408601e-06
3.0,0.6100000000000001,3.0,1.0529698051958691e-06
3.0,0.6100000000000001,4.0,9.12873884029164e-06
3.0,0.6100000000000001,5.0,-8.912208602000877e-07
3.0,0.6100000000000001,6.0,9.058536466599598e-06
3.0,0.6100000000000001,7.0,-0.003133910575993463
3.0,0.6100000000000001,8.0,1.6740890564109767e-05
3.0,0.6100000000000001,9.0,1.1294707964140671e-05
3.0,0.6100000000000001,10.0,8.797636609769732e-06
3.0,0.6100000000000001,11.0,3.554053329413165e-08
3.0,0.6100000000000001,12.0,1.637935858778139e-05
3.0,0.6100000000000001,13.0,3.129482911978787e-07
3.0,0.6100000000000001,14.0,-2.2073295633806556e-06
3.0,0.6100000000000001,15.0,1.2240978650157608e-05
3.0,0.6100000000000001,16.0,9.91185060761346e-06
3.0,0.6100000000000001,17.0,3.3712713314038023e-07
3.0,0.6100000000000001,18.0,1.1875795808025114e-05
3.0,0.6100000000000001,19.0,8.129675154400218e-06
3.0,0.6100000000000001,20.0,5.277833402206333e-06
3.0,0.6100000000000001,21.0,2.8384526209457306e-06
3.0,0.81,0.0,9.241154864669809e-07
3.0,0.81,1.0,9.152389802979943e-06
3.0,0.81,2.0,8.011918927408601e-06
3.0,0.81,3.0,1.0529698051958691e-06
3.0,0.81,4.0,9.12873884029164e-06
3.0,0.81,5.0,-8.912208602050073e-07
3.0,0.81,6.0,9.058536466599598e-06
3.0,0.81,7.0,-0.0031339105759933036
3.0,0.81,8.0,1.6740890564109767e-05
3.0,0.81,9.0,1.1294707964140671e-05
3.0,0.81,10.0,8.797636609769732e-06
3.0,0.81,11.0,3.554053329413165e-08
3.0,0.81,12.0,1.637935858778139e-05
3.0,0.81,13.0,3.129482911978787e-07
3.0,0.81,14.0,-2.207329563408411e-06
3.0,0.81,15.0,1.2240978650157608e-05
3.0,0.81,16.0,9.91185060766897e-06
3.0,0.81,17.0,3.37127133154258e-07
3.0,0.81,18.0,1.1875795808080625e-05
3.0,0.81,19.0,8.129675154455729e-06
3.0,0.81,20.0,5.277833402095311e-06
3.0,0.81,21.0,2.8384526209457306e-06
3.0,1.01,0.0,9.241154864669809e-07
3.0,1.01,1.0,9.152389802979943e-06
3.0,1.01,2.0,8.011918927408601e-06
3.0,1.01,3.0,1.0529698051958691e-06
3.0,1.01,4.0,9.128738840402661e-06
3.0,1.01,5.0,-8.912208602096871e-07
3.0,1.01,6.0,9.05853646665511e-06
3.0,1.01,7.0,-0.0031339105759931422
3.0,1.01,8.0,1.6740890564109767e-05
3.0,1.01,9.0,1.1294707964154549e-05
3.0,1.01,10.0,8.797636609769732e-06
3.0,1.01,11.0,3.554053329413165e-08
3.0,1.01,12.0,1.6379358587670367e-05
3.0,1.01,13.0,3.129482911978787e-07
3.0,1.01,14.0,-2.2073295633806556e-06
3.0,1.01,15.0,1.2240978650157608e-05
3.0,1.01,16.0,9.91185060766897e-06
3.0,1.01,17.0,3.3712713314038023e-07
3.0,1.01,18.0,1.1875795807914091e-05
3.0,1.01,19.0,8.12967515451124e-06
3.0,1.01,20.0,5.277833402206333e-06
3.0,1.01,21.0,2.8384526209457306e-06
3.0,1.2100000000000002,0.0,9.241154864669809e-07
3.0,1.2100000000000002,1.0,9.152389802979943e-06
3.0,1.2100000000000002,2.0,8.011918927408601e-06
3.0,1.2100000000000002,3.0,1.0529698051958691e-06
3.0,1.2100000000000002,4.0,9.12873884029164e-06
3.0,1.2100000000000002,5.0,-8.912208602143645e-07
3.0,1.2100000000000002,6.0,9.05853646665511e-06
3.0,1.2100000000000002,7.0,-0.003133910575992967
3.0,1.2100000000000002,8.0,1.6740890564109767e-05
3.0,1.2100000000000002,9.0,1.1294707964154549e-05
3.0,1.2100000000000002,10.0,8.797636609769732e-06
3.0,1.2100000000000002,11.0,3.554053329413165e-08
3.0,1.2100000000000002,12.0,1.6379358587670367e-05
3.0,1.2100000000000002,13.0,3.129482911978787e-07
3.0,1.2100000000000002,14.0,-2.2073295633806556e-06
3.0,1.2100000000000002,15.0,1.2240978650157608e-05
3.0,1.2100000000000002,16.0,9.91185060766897e-06
3.0,1.2100000000000002,17.0,3.37127133154258e-07
3.0,1.2100000000000002,18.0,1.1875795808136136e-05
3.0,1.2100000000000002,19.0,8.129675154455729e-06
3.0,1.2100000000000002,20.0,5.277833401984289e-06
3.0,1.2100000000000002,21.0,2.8384526209457306e-06
3.0,1.4100000000000001,0.0,9.241154864669809e-07
3.0,1.4100000000000001,1.0,9.152389802979943e-06
3.0,1.4100000000000001,2.0,8.011918927408601e-06
3.0,1.4100000000000001,3.0,1.0529698051958691e-06
3.0,1.4100000000000001,4.0,9.128738840402661e-06
3.0,1.4100000000000001,5.0,-8.912208602190545e-07
3.0,1.4100000000000001,6.0,9.05853646665511e-06
3.0,1.4100000000000001,7.0,-0.003133910575992816
3.0,1.4100000000000001,8.0,1.6740890564109767e-05
3.0,1.4100000000000001,9.0,1.1294707964154549e-05
3.0,1.4100000000000001,10.0,8.797636609714221e-06
3.0,1.4100000000000001,11.0,3.554053329413165e-08
3.0,1.4100000000000001,12.0,1.6379358587670367e-05
3.0,1.4100000000000001,13.0,3.129482911978787e-07
3.0,1.4100000000000001,14.0,-2.207329563408411e-06
3.0,1.4100000000000001,15.0,1.2240978650157608e-05
3.0,1.4100000000000001,16.0,9.91185060761346e-06
3.0,1.4100000000000001,17.0,3.37127133154258e-07
3.0,1.4100000000000001,18.0,1.1875795807914091e-05
3.0,1.4100000000000001,19.0,8.12967515451124e-06
3.0,1.4100000000000001,20.0,5.277833402206333e-06
3.0,1.4100000000000001,21.0,2.8384526209457306e-06
3.0,1.61,0.0,9.241154864669809e-07
3.0,1.61,1.0,9.152389802979943e-06
3.0,1.61,2.0,8.011918927408601e-06
3.0,1.61,3.0,1.0529698051958691e-06
3.0,1.61,4.0,9.12873884029164e-06
3.0,1.61,5.0,-8.912208602236708e-07
3.0,1.61,6.0,9.058536466599598e-06
3.0,1.61,7.0,-0.0031339105759926374
3.0,1.61,8.0,1.6740890564109767e-05
3.0,1.61,9.0,1.1294707964154549e-05
3.0,1.61,10.0,8.797636609714221e-06
3.0,1.61,11.0,3.554053329413165e-08
3.0,1.61,12.0,1.637935858778139e-05
3.0,1.61,13.0,3.129482911978787e-07
3.0,1.61,14.0,-2.207329563408411e-06
3.0,1.61,15.0,1.2240978650157608e-05
3.0,1.61,16.0,9.91185060761346e-06
3.0,1.61,17.0,3.371271331681358e-07
3.0,1.61,18.0,1.1875795808025114e-05
3.0,1.61,19.0,8.129675154455729e-06
3.0,1.61,20.0,5.277833402095311e-06
3.0,1.61,21.0,2.8384526209457306e-06
3.0,1.81,0.0,9.241154864669809e-07
3.0,1.81,1.0,9.152389802979943e-06
3.0,1.81,2.0,8.011918927408601e-06
3.0,1.81,3.0,1.0529698051958691e-06
3.0,1.81,4.0,9.12873884029164e-06
3.0,1.81,5.0,-8.912208602285099e-07
3.0,1.81,6.0,9.05853646665511e-06
3.0,1.81,7.0,-0.0031339105759924813
3.0,1.81,8.0,1.6740890564109767e-05
3.0,1.81,9.0,1.1294707964168427e-05
3.0,1.81,10.0,8.797636609769732e-06
3.0,1.81,11.0,3.554053329413165e-08
3.0,1.81,12.0,1.637935858778139e-05
3.0,1.81,13.0,3.129482911978787e-07
3.0,1.81,14.0,-2.2073295633806556e-06
3.0,1.81,15.0,1.2240978650157608e-05
3.0,1.81,16.0,9.91185060761346e-06
3.0,1.81,17.0,3.371271331681358e-07
3.0,1.81,18.0,1.1875795808080625e-05
3.0,1.81,19.0,8.129675154455729e-06
3.0,1.81,20.0,5.277833402095311e-06
3.0,1.81,21.0,2.8384526209457306e-06
3.0,2.01,0.0,9.241154864669809e-07
3.0,2.01,1.0,9.152389802979943e-06
3.0,2.01,2.0,8.011918927408601e-06
3.0,2.01,3.0,1.0529698051958691e-06
3.0,2.01,4.0,9.128738840402661e-06
3.0,2.01,5.0,-8.912208602331118e-07
3.0,2.01,6.0,9.058536466599598e-06
3.0,2.01,7.0,-0.003133910575992332
3.0,2.01,8.0,1.6740890564109767e-05
3.0,2.01,9.0,1.1294707964168427e-05
3.0,2.01,10.0,8.797636609769732e-06
3.0,2.01,11.0,3.554053329413165e-08
3.0,2.01,12.0,1.6379358587670367e-05
3.0,2.01,13.0,3.129482911978787e-07
3.0,2.01,14.0,-2.2073295633806556e-06
3.0,2.01,15.0,1.2240978650157608e-05
3.0,2.01,16.0,9.91185060761346e-06
3.0,2.01,17.0,3.3712713314038023e-07
3.0,2.01,18.0,1.1875795807969602e-05
3.0,2.01,19.0,8.129675154455729e-06
3.0,2.01,20.0,5.277833402206333e-06
3.0,2.01,21.0,2.8384526209457306e-06
3.0,2.21,0.0,9.241154864669809e-07
3.0,2.21,1.0,9.152389802979943e-06
3.0,2.21,2.0,8.011918927408601e-06
3.0,2.21,3.0,1.0529698051958691e-06
3.0,2.21,4.0,9.128738840402661e-06
3.0,2.21,5.0,-8.912208602379882e-07
3.0,2.21,6.0,9.05853646665511e-06
3.0,2.21,7.0,-0.0031339105759921777
3.0,2.21,8.0,1.6740890564109767e-05
3.0,2.21,9.0,1.1294707964168427e-05
3.0,2.21,10.0,8.797636609769732e-06
3.0,2.21,11.0,3.554053329413165e-08
3.0,2.21,12.0,1.6379358587892412e-05
3.0,2.21,13.0,3.129482911978787e-07
3.0,2.21,14.0,-2.207329563408411e-06
3.0,2.21,15.0,1.2240978650157608e-05
3.0,2.21,16.0,9.91185060766897e-06
3.0,2.21,17.0,3.371271331820136e-07
3.0,2.21,18.0,1.1875795808136136e-05
3.0,2.21,19.0,8.129675154566751e-06
3.0,2.21,20.0,5.277833402206333e-06
3.0,2.21,21.0,2.8384526209457306e-06
3.0,2.41,0.0,9.241154864669809e-07
3.0,2.41,1.0,9.152389802979943e-06
3.0,2.41,2.0,8.011918927408601e-06
3.0,2.41,3.0,1.0529698051958691e-06
3.0,2.41,4.0,9.12873884029164e-06
3.0,2.41,5.0,-8.912208602425181e-07
3.0,2.41,6.0,9.05853646665511e-06
3.0,2.41,7.0,-0.0031339105759920025
3.0,2.41,8.0,1.6740890564109767e-05
3.0,2.41,9.0,1.1294707964168427e-05
3.0,2.41,10.0,8.797636609769732e-06
3.0,2.41,11.0,3.554053329413165e-08
3.0,2.41,12.0,1.6379358587892412e-05
3.0,2.41,13.0,3.129482911978787e-07
3.0,2.41,14.0,-2.207329563408411e-06
3.0,2.41,15.0,1.2240978650157608e-05
3.0,2.41,16.0,9.91185060761346e-06
3.0,2.41,17.0,3.371271331681358e-07
3.0,2.41,18.0,1.1875795807914091e-05
3.0,2.41,19.0,8.129675154566751e-06
3.0,2.41,20.0,5.277833402206333e-06
3.0,2.41,21.0,2.8384526209457306e-06
3.0,2.61,0.0,9.241154864669809e-07
3.0,2.61,1.0,9.152389802979943e-06
3.0,2.61,2.0,8.011918927297579e-06
3.0,2.61,3.0,1.0529698051958691e-06
3.0,2.61,4.0,9.12873884029164e-06
3.0,2.61,5.0,-8.912208602474225e-07
3.0,2.61,6.0,9.05853646665511e-06
3.0,2.61,7.0,-0.0031339105759918395
3.0,2.61,8.0,1.6740890564109767e-05
3.0,2.61,9.0,1.1294707964168427e-05
3.0,2.61,10.0,8.797636609769732e-06
3.0,2.61,11.0,3.554053329413165e-08
3.0,2.61,12.0,1.6379358587670367e-05
3.0,2.61,13.0,3.129482911978787e-07
3.0,2.61,14.0,-2.207329563408411e-06
3.0,2.61,15.0,1.2240978650129852e-05
3.0,2.61,16.0,9.91185060766897e-06
3.0,2.61,17.0,3.371271331681358e-07
3.0,2.61,18.0,1.1875795808136136e-05
3.0,2.61,19.0,8.129675154566751e-06
3.0,2.61,20.0,5.277833402206333e-06
3.0,2.61,21.0,2.8384526209457306e-06
3.0,2.81,0.0,9.241154864669809e-07
3.0,2.81,1.0,9.152389802979943e-06
3.0,2.81,2.0,8.011918927408601e-06
3.0,2.81,3.0,1.0529698051958691e-06
3.0,2.81,4.0,9.128738840402661e-06
3.0,2.81,5.0,-8.912208602521718e-07
3.0,2.81,6.0,9.058536466599598e-06
3.0,2.81,7.0,-0.003133910575991685
3.0,2.81,8.0,1.6740890564109767e-05
3.0,2.81,9.0,1.1294707964168427e-05
3.0,2.81,10.0,8.797636609714221e-06
3.0,2.81,11.0,3.554053329413165e-08
3.0,2.81,12.0,1.6379358587670367e-05
3.0,2.81,13.0,3.129482911978787e-07
3.0,2.81,14.0,-2.207329563408411e-06
3.0,2.81,15.0,1.2240978650157608e-05
3.0,2.81,16.0,9.91185060766897e-06
3.0,2.81,17.0,3.371271331681358e-07
3.0,2.81,18.0,1.1875795808025114e-05
3.0,2.81,19.0,8.129675154455729e-06
3.0,2.81,20.0,5.277833402206333e-06
3.0,2.81,21.0,2.8384526209457306e-06
3.0,3.01,0.0,9.241154864669809e-07
3.0,3.01,1.0,9.152389803035454e-06
3.0,3.01,2.0,8.011918927408601e-06
3.0,3.01,3.0,1.0529698051958691e-06
3.0,3.01,4.0,9.128738840402661e-06
3.0,3.01,5.0,-8.912208602572277e-07
3.0,3.01,6.0,9.058536466599598e-06
3.0,3.01,7.0,-0.003133910575991508
3.0,3.01,8.0,1.6740890564109767e-05
3.0,3.01,9.0,1.1294707964168427e-05
3.0,3.01,10.0,8.797636609714221e-06
3.0,3.01,11.0,3.554053329413165e-08
3.0,3.01,12.0,1.637935858778139e-05
3.0,3.01,13.0,3.129482911978787e-07
3.0,3.01,14.0,-2.2073295633806556e-06
3.0,3.01,15.0,1.2240978650129852e-05
3.0,3.01,16.0,9.91185060761346e-06
3.0,3.01,17.0,3.37127133154258e-07
3.0,3.01,18.0,1.1875795807914091e-05
3.0,3.01,19.0,8.129675154400218e-06
3.0,3.01,20.0,5.277833402317356e-06
3.0,3.01,21.0,2.8384526209457306e-06
3.0,3.21,0.0,9.241154864669809e-07
3.0,3.21,1.0,9.152389802979943e-06
3.0,3.21,2.0,8.011918927408601e-06
3.0,3.21,3.0,1.0529698051958691e-06
3.0,3.21,4.0,9.12873884029164e-06
3.0,3.21,5.0,-8.912208602617161e-07
3.0,3.21,6.0,9.058536466599598e-06
3.0,3.21,7.0,-0.003133910575991357
3.0,3.21,8.0,1.6740890564109767e-05
3.0,3.21,9.0,1.1294707964168427e-05
3.0,3.21,10.0,8.797636609769732e-06
3.0,3.21,11.0,3.554053329413165e-08
3.0,3.21,12.0,1.637935858778139e-05
3.0,3.21,13.0,3.129482911978787e-07
3.0,3.21,14.0,-2.207329563408411e-06
3.0,3.21,15.0,1.2240978650157608e-05
3.0,3.21,16.0,9.91185060761346e-06
3.0,3.21,17.0,3.371271331820136e-07
3.0,3.21,18.0,1.1875795808191647e-05
3.0,3.21,19.0,8.129675154400218e-06
3.0,3.21,20.0,5.277833402206333e-06
3.0,3.21,21.0,2.8384526209457306e-06
3.0,3.41,0.0,9.241154864669809e-07
3.0,3.41,1.0,9.152389802979943e-06
3.0,3.41,2.0,8.011918927408601e-06
3.0,3.41,3.0,1.0529698051958691e-06
3.0,3.41,4.0,9.128738840180617e-06
3.0,3.41,5.0,-8.912208602666992e-07
3.0,3.41,6.0,9.058536466544087e-06
3.0,3.41,7.0,-0.0031339105759912063
3.0,3.41,8.0,1.6740890564109767e-05
3.0,3.41,9.0,1.1294707964168427e-05
3.0,3.41,10.0,8.797636609769732e-06
3.0,3.41,11.0,3.554053329413165e-08
3.0,3.41,12.0,1.637935858778139e-05
3.0,3.41,13.0,3.129482911978787e-07
3.0,3.41,14.0,-2.207329563408411e-06
3.0,3.41,15.0,1.2240978650157608e-05
3.0,3.41,16.0,9.91185060766897e-06
3.0,3.41,17.0,3.371271331681358e-07
3.0,3.41,18.0,1.1875795807969602e-05
3.0,3.41,19.0,8.12967515451124e-06
3.0,3.41,20.0,5.277833402206333e-06
3.0,3.41,21.0,2.8384526209457306e-06
3.0,3.61,0.0,9.241154864669809e-07
3.0,3.61,1.0,9.152389802979943e-06
3.0,3.61,2.0,8.011918927408601e-06
3.0,3.61,3.0,1.0529698051958691e-06
3.0,3.61,4.0,9.128738840402661e-06
3.0,3.61,5.0,-8.912208602711097e-07
3.0,3.61,6.0,9.058536466599598e-06
3.0,3.61,7.0,-0.0031339105759910207
3.0,3.61,8.0,1.6740890564109767e-05
3.0,3.61,9.0,1.1294707964168427e-05
3.0,3.61,10.0,8.797636609769732e-06
3.0,3.61,11.0,3.554053329413165e-08
3.0,3.61,12.0,1.6379358587670367e-05
3.0,3.61,13.0,3.129482911978787e-07
3.0,3.61,14.0,-2.207329563408411e-06
3.0,3.61,15.0,1.2240978650157608e-05
3.0,3.61,16.0,9.911850607724482e-06
3.0,3.61,17.0,3.37127133154258e-07
3.0,3.61,18.0,1.1875795808080625e-05
3.0,3.61,19.0,8.12967515451124e-06
3.0,3.61,20.0,5.277833402206333e-06
3.0,3.61,21.0,2.8384526209457306e-06
3.0,3.81,0.0,9.241154864669809e-07
3.0,3.81,1.0,9.152389802979943e-06
3.0,3.81,2.0,8.011918927297579e-06
3.0,3.81,3.0,1.0529698051958691e-06
3.0,3.81,4.0,9.12873884029164e-06
3.0,3.81,5.0,-8.912208602759709e-07
3.0,3.81,6.0,9.058536466599598e-06
3.0,3.81,7.0,-0.003133910575990861
3.0,3.81,8.0,1.6740890564109767e-05
3.0,3.81,9.0,1.1294707964168427e-05
3.0,3.81,10.0,8.797636609825243e-06
3.0,3.81,11.0,3.554053329413165e-08
3.0,3.81,12.0,1.637935858778139e-05
3.0,3.81,13.0,3.129482911978787e-07
3.0,3.81,14.0,-2.207329563408411e-06
3.0,3.81,15.0,1.2240978650129852e-05
3.0,3.81,16.0,9.91185060761346e-06
3.0,3.81,17.0,3.371271331820136e-07
3.0,3.81,18.0,1.1875795807969602e-05
3.0,3.81,19.0,8.129675154455729e-06
3.0,3.81,20.0,5.277833402095311e-06
3.0,3.81,21.0,2.8384526209457306e-06
3.0,4.01,0.0,9.241154864669809e-07
3.0,4.01,1.0,9.152389802979943e-06
3.0,4.01,2.0,8.011918927297579e-06
3.0,4.01,3.0,1.0529698051958691e-06
3.0,4.01,4.0,9.12873884029164e-06
3.0,4.01,5.0,-8.912208602808294e-07
3.0,4.01,6.0,9.058536466599598e-06
3.0,4.01,7.0,-0.003133910575990712
3.0,4.01,8.0,1.6740890564109767e-05
3.0,4.01,9.0,1.1294707964168427e-05
3.0,4.01,10.0,8.797636609769732e-06
3.0,4.01,11.0,3.554053329413165e-08
3.0,4.01,12.0,1.637935858778139e-05
3.0,4.01,13.0,3.129482911978787e-07
3.0,4.01,14.0,-2.207329563408411e-06
3.0,4.01,15.0,1.2240978650157608e-05
3.0,4.01,16.0,9.91185060761346e-06
3.0,4.01,17.0,3.3712713320976917e-07
3.0,4.01,18.0,1.1875795807914091e-05
3.0,4.01,19.0,8.12967515451124e-06
3.0,4.01,20.0,5.277833402206333e-06
3.0,4.01,21.0,2.8384526209457306e-06
4.0,0.01,0.0,-0.0014862166254629994
4.0,0.01,1.0,-5.46782662399492e-05
4.0,0.01,2.0,-0.0004257709229598672
4.0,0.01,3.0,1.0516450347358708e-06
4.0,0.01,4.0,-0.0005151794713275093
4.0,0.01,5.0,0.00010007550514384844
4.0,0.01,6.0,-0.00023707783000095906
4.0,0.01,7.0,0.0004312246384050311
4.0,0.01,8.0,1.6738905392568726e-05
4.0,0.01,9.0,-0.0012260765520958061
4.0,0.01,10.0,5.795652584417166e-05
4.0,0.01,11.0,3.521166576370138e-08
4.0,0.01,12.0,-0.00021763653267670158
4.0,0.01,13.0,-0.0003956894982181103
4.0,0.01,14.0,6.013805319402744e-07
4.0,0.01,15.0,-1.087601820229378e-05
4.0,0.01,16.0,-0.0001599143955254151
4.0,0.01,17.0,0.00036239310621825893
4.0,0.01,18.0,-0.00022268903601520285
4.0,0.01,19.0,-0.00010385522147265958
4.0,0.01,20.0,-0.001052667865785395
4.0,0.01,21.0,6.649952205672882e-06
4.0,0.21000000000000002,0.0,0.005113119827409918
4.0,0.21000000000000002,1.0,0.0001737114137836393
4.0,0.21000000000000002,2.0,0.0013222922307508655
4.0,0.21000000000000002,3.0,1.0516450347497486e-06
4.0,0.21000000000000002,4.0,-0.0028604147103688526
4.0,0.21000000000000002,5.0,-8.350737695095312e-05
4.0,0.21000000000000002,6.0,-0.000772214845840169
4.0,0.21000000000000002,7.0,-0.0008787459413487908
4.0,0.21000000000000002,8.0,1.673890539316547e-05
4.0,0.21000000000000002,9.0,-0.00325402984297991
4.0,0.21000000000000002,10.0,0.00012461704896554737
4.0,0.21000000000000002,11.0,3.521166577757917e-08
4.0,0.21000000000000002,12.0,-0.0009121921941902394
4.0,0.21000000000000002,13.0,0.0012016611229057061
4.0,0.21000000000000002,14.0,3.9432184193265666e-09
4.0,0.21000000000000002,15.0,5.969610911701895e-05
4.0,0.21000000000000002,16.0,-0.002413969042452349
4.0,0.21000000000000002,17.0,-0.0013171392196562326
4.0,0.21000000000000002,18.0,-0.0005991276402118745
4.0,0.21000000000000002,19.0,-0.0028115174420035305
4.0,0.21000000000000002,20.0,-9.05383627839429e-05
4.0,0.21000000000000002,21.0,6.649952205922682e-06
4.0,0.41000000000000003,0.0,0.011827786991979727
4.0,0.41000000000000003,1.0,0.00040606291790379334
4.0,0.41000000000000003,2.0,0.0031010646803581454
4.0,0.41000000000000003,3.0,1.0516450347497486e-06
4.0,0.41000000000000003,4.0,-0.005170818881005068
4.0,0.41000000000000003,5.0,-0.0002735382189133495
4.0,0.41000000000000003,6.0,-0.0012925677119129675
4.0,0.41000000000000003,7.0,-0.0022150529157083376
4.0,0.41000000000000003,8.0,1.673890539297812e-05
4.0,0.41000000000000003,9.0,-0.005180639963161466
4.0,0.41000000000000003,10.0,0.00018850346184973166
4.0,0.41000000000000003,11.0,3.521166576370138e-08
4.0,0.41000000000000003,12.0,-0.0015960127806920604
4.0,0.41000000000000003,13.0,0.0028270715856696382
4.0,0.41000000000000003,14.0,-5.509434864360908e-07
4.0,0.41000000000000003,15.0,0.0001314439647437382
4.0,0.41000000000000003,16.0,-0.004658914821521407
4.0,0.41000000000000003,17.0,-0.0030189360535426146
4.0,0.41000000000000003,18.0,-0.000965303557932326
4.0,0.41000000000000003,19.0,-0.005513840700434813
4.0,0.41000000000000003,20.0,0.000933247470889631
4.0,0.41000000000000003,21.0,6.649952205839416e-06
4.0,0.6100000000000001,0.0,0.018655946515217625
4.0,0.6100000000000001,1.0,0.0006414974449999167
4.0,0.6100000000000001,2.0,0.004907697700145874
4.0,0.6100000000000001,3.0,1.051645034791382e-06
4.0,0.6100000000000001,4.0,-0.007409288452964569
4.0,0.6100000000000001,5.0,-0.00047151440201398387
4.0,0.6100000000000001,6.0,-0.0017875541813290596
4.0,0.6100000000000001,7.0,-0.00357382362488666
4.0,0.6100000000000001,8.0,1.6738905395316528e-05
4.0,0.6100000000000001,9.0,-0.006954531304477032
4.0,0.6100000000000001,10.0,0.0002477919000998807
4.0,0.6100000000000001,11.0,3.521166577757917e-08
4.0,0.6100000000000001,12.0,-0.002257805445323016
4.0,0.6100000000000001,13.0,0.0044777307073504136
4.0,0.6100000000000001,14.0,-2.8153543653891453e-07
4.0,0.6100000000000001,15.0,0.000203918628409544
4.0,0.6100000000000001,16.0,-0.006869442481649057
4.0,0.6100000000000001,17.0,-0.004732415903975343
4.0,0.6100000000000001,18.0,-0.0013138775081317222
4.0,0.6100000000000001,19.0,-0.008184828772931668
4.0,0.6100000000000001,20.0,0.002031943638638567
4.0,0.6100000000000001,21.0,6.649952206783105e-06
4.0,0.81,0.0,0.025474026325825183
4.0,0.81,1.0,0.0008746098011673809
4.0,0.81,2.0,0.00670592721086688
4.0,0.81,3.0,1.051645034791382e-06
4.0,0.81,4.0,-0.009507915815500312
4.0,0.81,5.0,-0.0006749403291818612
4.0,0.81,6.0,-0.002241157764069218
4.0,0.81,7.0,-0.004924354284637694
4.0,0.81,8.0,1.6738905395399795e-05
4.0,0.81,9.0,-0.008514270959536014
4.0,0.81,10.0,0.0003001744684265617
4.0,0.81,11.0,3.521166577757917e-08
4.0,0.81,12.0,-0.0028773947937631855
4.0,0.81,13.0,0.006120214546335934
4.0,0.81,14.0,1.0255451857554709e-06
4.0,0.81,15.0,0.0002752446163694633
4.0,0.81,16.0,-0.00898574548237599
4.0,0.81,17.0,-0.006414711560888048
4.0,0.81,18.0,-0.0016337803884929614
4.0,0.81,19.0,-0.010756642288294205
4.0,0.81,20.0,0.0031901984176528897
4.0,0.81,21.0,6.649952206783105e-06
4.0,1.01,0.0,0.031898965242384225
4.0,1.01,1.0,0.0010917405655127
4.0,1.01,2.0,0.008392641085848473
4.0,1.01,3.0,1.051645034791382e-06
4.0,1.01,4.0,-0.011361101555930175
4.0,1.01,5.0,-0.0008716361499014891
4.0,1.01,6.0,-0.002632689945687605
4.0,1.01,7.0,-0.006186329678536759
4.0,1.01,8.0,1.6738905395538572e-05
4.0,1.01,9.0,-0.009799190666193468
4.0,1.01,10.0,0.00034361540810734503
4.0,1.01,11.0,3.521166577757917e-08
4.0,1.01,12.0,-0.0034243504953234
4.0,1.01,13.0,0.007660203291335987
4.0,1.01,14.0,1.1242601163920421e-06
4.0,1.01,15.0,0.0003411853614814775
4.0,1.01,16.0,-0.010895238074846714
4.0,1.01,17.0,-0.007968059977657704
4.0,1.01,18.0,-0.0019109499496143822
4.0,1.01,19.0,-0.013091973609021618
4.0,1.01,20.0,0.0043287776755635
4.0,1.01,21.0,6.649952206838616e-06
4.0,1.2100000000000002,0.0,0.03725963210078653
4.0,1.2100000000000002,1.0,0.0012715874987312414
4.0,1.2100000000000002,2.0,0.009795603731170943
4.0,1.2100000000000002,3.0,1.0516450348052597e-06
4.0,1.2100000000000002,4.0,-0.012848375263820155
4.0,1.2100000000000002,5.0,-0.001037633449813058
4.0,1.2100000000000002,6.0,-0.00294299749628682
4.0,1.2100000000000002,7.0,-0.00723280917641618
4.0,1.2100000000000002,8.0,1.67389053957398e-05
4.0,1.2100000000000002,9.0,-0.01077155210417842
4.0,1.2100000000000002,10.0,0.0003775558837265103
4.0,1.2100000000000002,11.0,3.521166577757917e-08
4.0,1.2100000000000002,12.0,-0.003865173560717569
4.0,1.2100000000000002,13.0,0.008940801265363896
4.0,1.2100000000000002,14.0,3.53014820952921e-07
4.0,1.2100000000000002,15.0,0.0003955853261347342
4.0,1.2100000000000002,16.0,-0.012448035877790892
4.0,1.2100000000000002,17.0,-0.009248345344942649
4.0,1.2100000000000002,18.0,-0.002132521363092693
4.0,1.2100000000000002,19.0,-0.014997970149020962
4.0,1.2100000000000002,20.0,0.005296485658179528
4.0,1.2100000000000002,21.0,6.649952206949639e-06
4.0,1.4100000000000001,0.0,0.04096202645124547
4.0,1.4100000000000001,1.0,0.001396868391172701
4.0,1.4100000000000001,2.0,0.01076768290537955
4.0,1.4100000000000001,3.0,1.051645034791382e-06
4.0,1.4100000000000001,4.0,-0.013901012445629024
4.0,1.4100000000000001,5.0,-0.0011503742007517026
4.0,1.4100000000000001,6.0,-0.0031648560822478966
4.0,1.4100000000000001,7.0,-0.007960001540572664
4.0,1.4100000000000001,8.0,1.6738905395892456e-05
4.0,1.4100000000000001,9.0,-0.011441041332635552
4.0,1.4100000000000001,10.0,0.0004030926908707433
4.0,1.4100000000000001,11.0,3.521166577757917e-08
4.0,1.4100000000000001,12.0,-0.00418114671285881
4.0,1.4100000000000001,13.0,0.009828372895640647
4.0,1.4100000000000001,14.0,-7.087833917116706e-08
4.0,1.4100000000000001,15.0,0.000433720153227235
4.0,1.4100000000000001,16.0,-0.013539484846426614
4.0,1.4100000000000001,17.0,-0.010144054773490216
4.0,1.4100000000000001,18.0,-0.002293529211783593
4.0,1.4100000000000001,19.0,-0.016331865281318525
4.0,1.4100000000000001,20.0,0.005953884278255717
4.0,1.4100000000000001,21.0,6.64995220700515e-06
4.0,1.61,0.0,0.043009226838597536
4.0,1.61,1.0,0.001468417010716927
4.0,1.61,2.0,0.011312118256547321
4.0,1.61,3.0,1.0516450348052597e-06
4.0,1.61,4.0,-0.014554961261038724
4.0,1.61,5.0,-0.0012088185623364556
4.0,1.61,6.0,-0.0033081988496268533
4.0,1.61,7.0,-0.008372213319925742
4.0,1.61,8.0,1.673890539599654e-05
4.0,1.61,9.0,-0.011866293152345612
4.0,1.61,10.0,0.00042166739649063256
4.0,1.61,11.0,3.521166577757917e-08
4.0,1.61,12.0,-0.004381941161664335
4.0,1.61,13.0,0.01032603699567014
4.0,1.61,14.0,-3.093317607189986e-07
4.0,1.61,15.0,0.00045596417944127055
4.0,1.61,16.0,-0.01419469889679359
4.0,1.61,17.0,-0.010665316453567886
4.0,1.61,18.0,-0.002400127033863275
4.0,1.61,19.0,-0.017119732254141595
4.0,1.61,20.0,0.0062903850444239184
4.0,1.61,21.0,6.649952207032905e-06
4.0,1.81,0.0,0.043932157387656545
4.0,1.81,1.0,0.0015025087800843995
4.0,1.81,2.0,0.011563035752464312
4.0,1.81,3.0,1.0516450348052597e-06
4.0,1.81,4.0,-0.01492189275587641
4.0,1.81,5.0,-0.001231372906241146
4.0,1.81,6.0,-0.003393960984999056
4.0,1.81,7.0,-0.008565775316206212
4.0,1.81,8.0,1.6738905396079806e-05
4.0,1.81,9.0,-0.012125232107429398
4.0,1.81,10.0,0.00043444977711470933
4.0,1.81,11.0,3.521166577757917e-08
4.0,1.81,12.0,-0.004498098925823271
4.0,1.81,13.0,0.010555827139207496
4.0,1.81,14.0,-4.493434113895489e-07
4.0,1.81,15.0,0.00046694638106756226
4.0,1.81,16.0,-0.014541167168344457
4.0,1.81,17.0,-0.010923250809671367
4.0,1.81,18.0,-0.0024658016440538555
4.0,1.81,19.0,-0.017525012726911454
4.0,1.81,20.0,0.0064116043644507625
4.0,1.81,21.0,6.6499522070884165e-06
4.0,2.01,0.0,0.044288768911445286
4.0,2.01,1.0,0.0015166675590257972
4.0,2.01,2.0,0.011662798007777808
4.0,2.01,3.0,1.0516450348052597e-06
4.0,2.01,4.0,-0.015117706768626116
4.0,2.01,5.0,-0.001237242347211065
4.0,2.01,6.0,-0.003443421700447924
4.0,2.01,7.0,-0.008644003210630705
4.0,2.01,8.0,1.6738905396156134e-05
4.0,2.01,9.0,-0.012283539132841362
4.0,2.01,10.0,0.0004427395185264138
4.0,2.01,11.0,3.521166576370138e-08
4.0,2.01,12.0,-0.004562136993039104
4.0,2.01,13.0,0.010647402655052263
4.0,2.01,14.0,-5.367238766030062e-07
4.0,2.01,15.0,0.0004717240205709128
4.0,2.01,16.0,-0.01471262843756721
4.0,2.01,17.0,-0.011037243727832227
4.0,2.01,18.0,-0.002504767097750285
4.0,2.01,19.0,-0.017718805303185037
4.0,2.01,20.0,0.006431825357413934
4.0,2.01,21.0,6.649952207116172e-06
4.0,2.21,0.0,0.04441306615583418
4.0,2.21,1.0,0.0015220303190853768
4.0,2.21,2.0,0.011698720936851759
4.0,2.21,3.0,1.051645034791382e-06
4.0,2.21,4.0,-0.015222923304232583
4.0,2.21,5.0,-0.001237347035925318
4.0,2.21,6.0,-0.0034721434173169974
4.0,2.21,7.0,-0.008672052440440253
4.0,2.21,8.0,1.67389053962394e-05
4.0,2.21,9.0,-0.012384171031119702
4.0,2.21,10.0,0.0004479390866272137
4.0,2.21,11.0,3.521166577757917e-08
4.0,2.21,12.0,-0.004597478774747907
4.0,2.21,13.0,0.010680460721629204
4.0,2.21,14.0,-5.949536729629463e-07
4.0,2.21,15.0,0.0004736335967621408
4.0,2.21,16.0,-0.014797645944395005
4.0,2.21,17.0,-0.011084786255981624
4.0,2.21,18.0,-0.002527881429632617
4.0,2.21,19.0,-0.017811672476397727
4.0,2.21,20.0,0.006418276311096371
4.0,2.21,21.0,6.649952207143928e-06
4.0,2.41,0.0,0.04445364569813792
4.0,2.41,1.0,0.0015239474772676398
4.0,2.41,2.0,0.01171086824616202
4.0,2.41,3.0,1.0516450348052597e-06
4.0,2.41,4.0,-0.015282603605650369
4.0,2.41,5.0,-0.0012360684854005322
4.0,2.41,6.0,-0.003489544008383888
4.0,2.41,7.0,-0.008680907019789894
4.0,2.41,8.0,1.6738905396329606e-05
4.0,2.41,9.0,-0.012451749898077923
4.0,2.41,10.0,0.00045120881982724237
4.0,2.41,11.0,3.521166577757917e-08
4.0,2.41,12.0,-0.0046178139982217675
4.0,2.41,13.0,0.010691667150746098
4.0,2.41,14.0,-6.359624937587113e-07
4.0,2.41,15.0,0.0004743578633896739
4.0,2.41,16.0,-0.014842448928871321
4.0,2.41,17.0,-0.011104510006747698
4.0,2.41,18.0,-0.0025420282260555233
4.0,2.41,19.0,-0.01785934156754998
4.0,2.41,20.0,0.0063986052263201865
4.0,2.41,21.0,6.649952207171683e-06
4.0,2.61,0.0,0.04446635388378484
4.0,2.61,1.0,0.0015246092632912323
4.0,2.61,2.0,0.01171481672797997
4.0,2.61,3.0,1.0516450348052597e-06
4.0,2.61,4.0,-0.015319321904743721
4.0,2.61,5.0,-0.0012347527090392774
4.0,2.61,6.0,-0.0035007670407751212
4.0,2.61,7.0,-0.008683073848743714
4.0,2.61,8.0,1.6738905396454506e-05
4.0,2.61,9.0,-0.01249971582958919
4.0,2.61,10.0,0.0004533318699895261
4.0,2.61,11.0,3.521166576370138e-08
4.0,2.61,12.0,-0.004630324477745626
4.0,2.61,13.0,0.01069531818194408
4.0,2.61,14.0,-6.659370358166588e-07
4.0,2.61,15.0,0.00047462433278847027
4.0,2.61,16.0,-0.01486848055153929
4.0,2.61,17.0,-0.011113087704486616
4.0,2.61,18.0,-0.002551140624166892
4.0,2.61,19.0,-0.017886655378572314
4.0,2.61,20.0,0.006381163572863668
4.0,2.61,21.0,6.649952207227194e-06
4.0,2.81,0.0,0.0444702266991972
4.0,2.81,1.0,0.0015248330752873906
4.0,2.81,2.0,0.011716068318296746
4.0,2.81,3.0,1.0516450348052597e-06
4.0,2.81,4.0,-0.015343931154352175
4.0,2.81,5.0,-0.0012336857165742288
4.0,2.81,6.0,-0.0035085053045710024
4.0,2.81,7.0,-0.008683118170663057
4.0,2.81,8.0,1.6738905396600223e-05
4.0,2.81,9.0,-0.012535435643648686
4.0,2.81,10.0,0.00045477877490396335
4.0,2.81,11.0,3.521166576370138e-08
4.0,2.81,12.0,-0.004638618445110085
4.0,2.81,13.0,0.010696477723501463
4.0,2.81,14.0,-6.882008285440485e-07
4.0,2.81,15.0,0.0004747208249152035
4.0,2.81,16.0,-0.014885281003427897
4.0,2.81,17.0,-0.011117206101306107
4.0,2.81,18.0,-0.002557362470660962
4.0,2.81,19.0,-0.017904232728708863
4.0,2.81,20.0,0.006367332059121988
4.0,2.81,21.0,6.6499522072827055e-06
4.0,3.01,0.0,0.044471385242637385
4.0,3.01,1.0,0.0015249079478857341
4.0,3.01,2.0,0.011716458685463227
4.0,3.01,3.0,1.0516450348052597e-06
4.0,3.01,4.0,-0.015361686862224944
4.0,3.01,5.0,-0.0012328616477579324
4.0,3.01,6.0,-0.0035141687241936337
4.0,3.01,7.0,-0.008682590318940461
4.0,3.01,8.0,1.6738905396766757e-05
4.0,3.01,9.0,-0.012563087844735704
4.0,3.01,10.0,0.00045581772439956536
4.0,3.01,11.0,3.521166576370138e-08
4.0,3.01,12.0,-0.00464450905915155
4.0,3.01,13.0,0.010696839861316365
4.0,3.01,14.0,-7.045932973564172e-07
4.0,3.01,15.0,0.00047475555979989426
4.0,3.01,16.0,-0.014897142609063413
4.0,3.01,17.0,-0.011119472705925115
4.0,3.01,18.0,-0.0025618532613734396
4.0,3.01,19.0,-0.017916682144620888
4.0,3.01,20.0,0.006356590925587491
4.0,3.01,21.0,6.649952207365972e-06
4.0,3.21,0.0,0.04447172730124793
4.0,3.21,1.0,0.0015249328953830243
4.0,3.21,2.0,0.01171657919865976
4.0,3.21,3.0,1.0516450348191375e-06
4.0,3.21,4.0,-0.015375241589862643
4.0,3.21,5.0,-0.001232222009554973
4.0,3.21,6.0,-0.0035185176070479662
4.0,3.21,7.0,-0.008681979225985459
4.0,3.21,8.0,1.6738905396967985e-05
4.0,3.21,9.0,-0.012585158685464549
4.0,3.21,10.0,0.000456600087231529
4.0,3.21,11.0,3.521166577757917e-08
4.0,3.21,12.0,-0.004648935153665115
4.0,3.21,13.0,0.010696951700923552
4.0,3.21,14.0,-7.161385423167739e-07
4.0,3.21,15.0,0.00047476808334681597
4.0,3.21,16.0,-0.014906095141284742
4.0,3.21,17.0,-0.011120909708161902
4.0,3.21,18.0,-0.002565252214548522
4.0,3.21,19.0,-0.017926123843432867
4.0,3.21,20.0,0.006348161692857013
4.0,3.21,21.0,6.649952207449239e-06
4.0,3.41,0.0,0.04447182733134403
4.0,3.41,1.0,0.001524941221285936
4.0,3.41,2.0,0.011716616181705941
4.0,3.41,3.0,1.0516450348191375e-06
4.0,3.41,4.0,-0.015386021680122042
4.0,3.41,5.0,-0.0012317149134078442
4.0,3.41,6.0,-0.003521982103099175
4.0,3.41,7.0,-0.008681420659952699
4.0,3.41,8.0,1.673890539717615e-05
4.0,3.41,9.0,-0.012603204429699045
4.0,3.41,10.0,0.00045721291417766263
4.0,3.41,11.0,3.521166576370138e-08
4.0,3.41,12.0,-0.004652407472163722
4.0,3.41,13.0,0.010696985983000507
4.0,3.41,14.0,-7.233875195193763e-07
4.0,3.41,15.0,0.00047477263479400733
4.0,3.41,16.0,-0.01491317388834787
4.0,3.41,17.0,-0.011121932134505227
4.0,3.41,18.0,-0.0025679248439982455
4.0,3.41,19.0,-0.017933622241483704
4.0,3.41,20.0,0.006341410736813824
4.0,3.41,21.0,6.64995220750475e-06
4.0,3.61,0.0,0.044471856374474705
4.0,3.61,1.0,0.0015249440192366404
4.0,3.61,2.0,0.011716627503035815
4.0,3.61,3.0,1.051645034791382e-06
4.0,3.61,4.0,-0.015394852661978431
4.0,3.61,5.0,-0.0012313033313970934
4.0,3.61,6.0,-0.00352481971629956
4.0,3.61,7.0,-0.008680939931118611
4.0,3.61,8.0,1.6738905395476122e-05
4.0,3.61,9.0,-0.012618246519673228
4.0,3.61,10.0,0.0004577081249160786
4.0,3.61,11.0,3.521166576370138e-08
4.0,3.61,12.0,-0.004655220897921183
4.0,3.61,13.0,0.010696996440281936
4.0,3.61,14.0,-7.310865885764848e-07
4.0,3.61,15.0,0.0004747743125165238
4.0,3.61,16.0,-0.01491895485973814
4.0,3.61,17.0,-0.011122719749680002
4.0,3.61,18.0,-0.00257009007032917
4.0,3.61,19.0,-0.01793976602936062
4.0,3.61,20.0,0.006335887062915879
4.0,3.61,21.0,6.649952206838616e-06
4.0,3.81,0.0,0.04447186476163312
4.0,3.81,1.0,0.0015249449717142372
4.0,3.81,2.0,0.011716630972414654
4.0,3.81,3.0,1.051645034791382e-06
4.0,3.81,4.0,-0.01540224791390532
4.0,3.81,5.0,-0.0012309621139683924
4.0,3.81,6.0,-0.0035271937373713147
4.0,3.81,7.0,-0.00868053136594811
4.0,3.81,8.0,1.6738905395913273e-05
4.0,3.81,9.0,-0.012630984276219483
4.0,3.81,10.0,0.00045811813165530513
4.0,3.81,11.0,3.521166576370138e-08
4.0,3.81,12.0,-0.0046575565553218096
4.0,3.81,13.0,0.010696999621058911
4.0,3.81,14.0,-7.458199566357572e-07
4.0,3.81,15.0,0.0004747749441097182
4.0,3.81,16.0,-0.014923786829407024
4.0,3.81,17.0,-0.011123357922290966
4.0,3.81,18.0,-0.0025718856954649177
4.0,3.81,19.0,-0.01794491207167548
4.0,3.81,20.0,0.0063312797103597385
4.0,3.81,21.0,6.64995220700515e-06
4.0,4.01,0.0,0.04447186717346607
4.0,4.01,1.0,0.0015249453025668047
4.0,4.01,2.0,0.011716632040989994
4.0,4.01,3.0,1.0516450348052597e-06
4.0,4.01,4.0,-0.015408544583648154
4.0,4.01,5.0,-0.0012306741367691942
4.0,4.01,6.0,-0.003529213357962885
4.0,4.01,7.0,-0.008680182979443951
4.0,4.01,8.0,1.673890539637124e-05
4.0,4.01,9.0,-0.012641913464232072
4.0,4.01,10.0,0.00045846412202527054
4.0,4.01,11.0,3.521166577757917e-08
4.0,4.01,12.0,-0.004659532289969917
4.0,4.01,13.0,0.01069700058718226
4.0,4.01,14.0,-7.576967412383296e-07
4.0,4.01,15.0,0.00047477518887309444
4.0,4.01,16.0,-0.014927896723142431
4.0,4.01,17.0,-0.011123891860992802
4.0,4.01,18.0,-0.002573402396950114
4.0,4.01,19.0,-0.01794929679584356
4.0,4.01,20.0,0.006327372971972944
4.0,4.01,21.0,6.649952207199439e-06
5.0,0.01,0.0,0.0006167971195710775
5.0,0.01,1.0,8.163827533713697e-06
5.0,0.01,2.0,6.817364617212052e-05
5.0,0.01,3.0,1.0568828158058485e-06
5.0,0.01,4.0,0.0006381566031331554
5.0,0.01,5.0,-0.003529385358821807
5.0,0.01,6.0,0.0001228541609838707
5.0,0.01,7.0,-0.0004688614907900207
5.0,0.01,8.0,1.6746237024807542e-05
5.0,0.01,9.0,-0.00010440970670505534
5.0,0.01,10.0,-0.0009265266593786459
5.0,0.01,11.0,3.677728971362981e-08
5.0,0.01,12.0,0.0004896313001178376
5.0,0.01,13.0,2.499097148886409e-05
5.0,0.01,14.0,0.0001896136909848023
5.0,0.01,15.0,7.767182052503818e-06
5.0,0.01,16.0,0.001695321779506348
5.0,0.01,17.0,-0.0005242990673206549
5.0,0.01,18.0,0.001438496765312533
5.0,0.01,19.0,0.0003923766781032678
5.0,0.01,20.0,0.0006427837434482275
5.0,0.01,21.0,8.11497633360081e-06
5.0,0.21000000000000002,0.0,0.0006000661339975455
5.0,0.21000000000000002,1.0,8.233844489419218e-06
5.0,0.21000000000000002,2.0,8.192420424069091e-05
5.0,0.21000000000000002,3.0,1.0568828164719823e-06
5.0,0.21000000000000002,4.0,0.0006539612188242727
5.0,0.21000000000000002,5.0,-0.0035327607424190497
5.0,0.21000000000000002,6.0,0.00012424256564297353
5.0,0.21000000000000002,7.0,-0.0004752213038458075
5.0,0.21000000000000002,8.0,1.6746237057795044e-05
5.0,0.21000000000000002,9.0,-0.00012033370847844282
5.0,0.21000000000000002,10.0,-0.0009266607326020027
5.0,0.21000000000000002,11.0,3.677728971362981e-08
5.0,0.21000000000000002,12.0,0.000490027119799813
5.0,0.21000000000000002,13.0,2.7230970784608566e-05
5.0,0.21000000000000002,14.0,0.00023886021748403818
5.0,0.21000000000000002,15.0,7.769498128445962e-06
5.0,0.21000000000000002,16.0,0.001681604724404956
5.0,0.21000000000000002,17.0,-0.0005265984009522329
5.0,0.21000000000000002,18.0,0.0014374677644221762
5.0,0.21000000000000002,19.0,0.00039241504036507946
5.0,0.21000000000000002,20.0,0.0007289967738683956
5.0,0.21000000000000002,21.0,8.114976349615777e-06
5.0,0.41000000000000003,0.0,0.0005644838648916073
5.0,0.41000000000000003,1.0,8.290041981023899e-06
5.0,0.41000000000000003,2.0,9.74273852134e-05
5.0,0.41000000000000003,3.0,1.0568828145152143e-06
5.0,0.41000000000000003,4.0,0.0006086909703293952
5.0,0.41000000000000003,5.0,-0.0035361446859341825
5.0,0.41000000000000003,6.0,0.00012712319430660535
5.0,0.41000000000000003,7.0,-0.00048337409315524216
5.0,0.41000000000000003,8.0,1.6746236955363092e-05
5.0,0.41000000000000003,9.0,-0.00013911772216235185
5.0,0.41000000000000003,10.0,-0.0009251001740781251
5.0,0.41000000000000003,11.0,3.677728971362981e-08
5.0,0.41000000000000003,12.0,0.0004935476238755176
5.0,0.41000000000000003,13.0,2.9686644534954176e-05
5.0,0.41000000000000003,14.0,0.0002861640027589929
5.0,0.41000000000000003,15.0,7.771836277079003e-06
5.0,0.41000000000000003,16.0,0.0016662007872181167
5.0,0.41000000000000003,17.0,-0.0005000585925247492
5.0,0.41000000000000003,18.0,0.0014365778507888782
5.0,0.41000000000000003,19.0,0.0005132615657079675
5.0,0.41000000000000003,20.0,0.0009019338390403031
5.0,0.41000000000000003,21.0,8.114976299961052e-06
5.0,0.6100000000000001,0.0,0.0005525748404071607
5.0,0.6100000000000001,1.0,8.351286501201427e-06
5.0,0.6100000000000001,2.0,0.00011156039430276765
5.0,0.6100000000000001,3.0,1.0568828175960832e-06
5.0,0.6100000000000001,4.0,0.0006904641841012915
5.0,0.6100000000000001,5.0,-0.0035394716136267915
5.0,0.6100000000000001,6.0,0.00012757674599617186
5.0,0.6100000000000001,7.0,-0.000488544151102957
5.0,0.6100000000000001,8.0,1.6746237114111107e-05
5.0,0.6100000000000001,9.0,-0.00015438664542857805
5.0,0.6100000000000001,10.0,-0.0009268180343171284
5.0,0.6100000000000001,11.0,3.677728971362981e-08
5.0,0.6100000000000001,12.0,0.0004906719130539916
5.0,0.6100000000000001,13.0,3.186689970076373e-05
5.0,0.6100000000000001,14.0,0.0003447060380539213
5.0,0.6100000000000001,15.0,7.774202084517845e-06
5.0,0.6100000000000001,16.0,0.001652698858343904
5.0,0.6100000000000001,17.0,-0.0005329992799858463
5.0,0.6100000000000001,18.0,0.0014354184711106166
5.0,0.6100000000000001,19.0,0.00038462666997218786
5.0,0.6100000000000001,20.0,0.0009159507356020224
5.0,0.6100000000000001,21.0,8.114976376899508e-06
5.0,0.81,0.0,0.0005402332351628347
5.0,0.81,1.0,8.433792603096402e-06
5.0,0.81,2.0,0.00012378271375063088
5.0,0.81,3.0,1.0568828168605604e-06
5.0,0.81,4.0,0.0006752934529030141
5.0,0.81,5.0,-0.0035427983833391024
5.0,0.81,6.0,0.00012898786725729083
5.0,0.81,7.0,-0.0004949993157788435
5.0,0.81,8.0,1.6746237076294135e-05
5.0,0.81,9.0,-0.00016912341032687683
5.0,0.81,10.0,-0.0009263533032544957
5.0,0.81,11.0,3.677728971362981e-08
5.0,0.81,12.0,0.0004922383531163477
5.0,0.81,13.0,3.399777686122207e-05
5.0,0.81,14.0,0.0003848204217508089
5.0,0.81,15.0,7.776436613732285e-06
5.0,0.81,16.0,0.0016396992984524378
5.0,0.81,17.0,-0.0005239673848725368
5.0,0.81,18.0,0.0014343269959190552
5.0,0.81,19.0,0.00043614519239720817
5.0,0.81,20.0,0.0010232895383076035
5.0,0.81,21.0,8.114976358580828e-06
5.0,1.01,0.0,0.0005084441957875496
5.0,1.01,1.0,8.471016231526018e-06
5.0,1.01,2.0,0.0001404118822867506
5.0,1.01,3.0,1.0568828177903722e-06
5.0,1.01,4.0,0.0007247687317439855
5.0,1.01,5.0,-0.0035461213351602543
5.0,1.01,6.0,0.00013078732512480928
5.0,1.01,7.0,-0.0005016516735588256
5.0,1.01,8.0,1.6746237123353713e-05
5.0,1.01,9.0,-0.000187721031422311
5.0,1.01,10.0,-0.0009270062992515204
5.0,1.01,11.0,3.677728971362981e-08
5.0,1.01,12.0,0.0004911629887527358
5.0,1.01,13.0,3.641963866783671e-05
5.0,1.01,14.0,0.00044647252545237937
5.0,1.01,15.0,7.778863035379224e-06
5.0,1.01,16.0,0.001624310174161217
5.0,1.01,17.0,-0.0005405492537655099
5.0,1.01,18.0,0.0014333607038322926
5.0,1.01,19.0,0.000377060734243595
5.0,1.01,20.0,0.0010997707621330233
5.0,1.01,21.0,8.114976381368155e-06
5.0,1.2100000000000002,0.0,0.0004883247035987193
5.0,1.2100000000000002,1.0,8.529752471370111e-06
5.0,1.2100000000000002,2.0,0.00015461616222062213
5.0,1.2100000000000002,3.0,1.056882818192828e-06
5.0,1.2100000000000002,4.0,0.000751257944555328
5.0,1.2100000000000002,5.0,-0.0035494133389156928
5.0,1.2100000000000002,6.0,0.00013222530730735982
5.0,1.2100000000000002,7.0,-0.0005079388465158152
5.0,1.2100000000000002,8.0,1.674623714446183e-05
5.0,1.2100000000000002,9.0,-0.00020417039914949475
5.0,1.2100000000000002,10.0,-0.0009273265583731316
5.0,1.2100000000000002,11.0,3.67772897275076e-08
5.0,1.2100000000000002,12.0,0.0004910883256027399
5.0,1.2100000000000002,13.0,3.8658634589447405e-05
5.0,1.2100000000000002,14.0,0.0004973121087371579
5.0,1.2100000000000002,15.0,7.781164073378255e-06
5.0,1.2100000000000002,16.0,0.0016103367949850955
5.0,1.2100000000000002,17.0,-0.0005474324515736539
5.0,1.2100000000000002,18.0,0.0014324113291470514
5.0,1.2100000000000002,19.0,0.00035660905201762017
5.0,1.2100000000000002,20.0,0.0011814907848313738
5.0,1.2100000000000002,21.0,8.114976391609963e-06
5.0,1.4100000000000001,0.0,0.0005653352448500293
5.0,1.4100000000000001,1.0,8.779208232473357e-06
5.0,1.4100000000000001,2.0,0.00014959327699948233
5.0,1.4100000000000001,3.0,1.0568828144458253e-06
5.0,1.4100000000000001,4.0,0.0005934484901600201
5.0,1.4100000000000001,5.0,-0.0035526469755255497
5.0,1.4100000000000001,6.0,0.00013046517179038375
5.0,1.4100000000000001,7.0,-0.0005115897860793056
5.0,1.4100000000000001,8.0,1.674623695412103e-05
5.0,1.4100000000000001,9.0,-0.00020323529948590435
5.0,1.4100000000000001,10.0,-0.0009249988836572687
5.0,1.4100000000000001,11.0,3.677728971362981e-08
5.0,1.4100000000000001,12.0,0.0004984435550814126
5.0,1.4100000000000001,13.0,3.953419280482151e-05
5.0,1.4100000000000001,14.0,0.00046500197380572317
5.0,1.4100000000000001,15.0,7.782639589379303e-06
5.0,1.4100000000000001,16.0,0.0016069452875122348
5.0,1.4100000000000001,17.0,-0.00048049282230078205
5.0,1.4100000000000001,18.0,0.0014308167770400587
5.0,1.4100000000000001,19.0,0.0006423708467970246
5.0,1.4100000000000001,20.0,0.001281937713928094
5.0,1.4100000000000001,21.0,8.11497629935043e-06
5.0,1.61,0.0,0.0005518789059492102
5.0,1.61,1.0,8.852618081145458e-06
5.0,1.61,2.0,0.00016230774753966948
5.0,1.61,3.0,1.0568828148344034e-06
5.0,1.61,4.0,0.0006008019435179701
5.0,1.61,5.0,-0.0035559103301017634
5.0,1.61,6.0,0.00013173465238927595
5.0,1.61,7.0,-0.0005177584698056042
5.0,1.61,8.0,1.6746236973480544e-05
5.0,1.61,9.0,-0.00021833556321682046
5.0,1.61,10.0,-0.0009249827467685823
5.0,1.61,11.0,3.677728971362981e-08
5.0,1.61,12.0,0.0004991382363674357
5.0,1.61,13.0,4.1667790631375046e-05
5.0,1.61,14.0,0.0005091753250874853
5.0,1.61,15.0,7.784869560434338e-06
5.0,1.61,16.0,0.0015937853743012986
5.0,1.61,17.0,-0.00047969639420206156
5.0,1.61,18.0,0.0014297746233375014
5.0,1.61,19.0,0.0006546604686780144
5.0,1.61,20.0,0.0013683892680570464
5.0,1.61,21.0,8.114976308787325e-06
5.0,1.81,0.0,0.000635235391057698
5.0,1.81,1.0,9.076188081574843e-06
5.0,1.81,2.0,0.00015888255827867237
5.0,1.81,3.0,1.0568828154033927e-06
5.0,1.81,4.0,0.0005815597563680885
5.0,1.81,5.0,-0.003559089651111286
5.0,1.81,6.0,0.00012813719702378656
5.0,1.81,7.0,-0.0005195188350139018
5.0,1.81,8.0,1.674623700274186e-05
5.0,1.81,9.0,-0.00021805250105341734
5.0,1.81,10.0,-0.000925844854807123
5.0,1.81,11.0,3.677728971362981e-08
5.0,1.81,12.0,0.0004997230508201889
5.0,1.81,13.0,4.253445438906489e-05
5.0,1.81,14.0,0.0004954321374632809
5.0,1.81,15.0,7.786475451271313e-06
5.0,1.81,16.0,0.001589406514333841
5.0,1.81,17.0,-0.0004754928867408692
5.0,1.81,18.0,0.0014279245144007413
5.0,1.81,19.0,0.0006800892106304524
5.0,1.81,20.0,0.001327178538596041
5.0,1.81,21.0,8.114976322914913e-06
5.0,2.01,0.0,0.0007102566858608883
5.0,2.01,1.0,9.285725763474861e-06
5.0,2.01,2.0,0.00015685396311920785
5.0,2.01,3.0,1.0568828158613597e-06
5.0,2.01,4.0,0.0005678254512945791
5.0,2.01,5.0,-0.00356226012946366
5.0,2.01,6.0,0.00012491653532836766
5.0,2.01,7.0,-0.0005215938679870996
5.0,2.01,8.0,1.674623702627165e-05
5.0,2.01,9.0,-0.0002190559638151346
5.0,2.01,10.0,-0.0009267035541180857
5.0,2.01,11.0,3.677728971362981e-08
5.0,2.01,12.0,0.000500156768148935
5.0,2.01,13.0,4.350240046505083e-05
5.0,2.01,14.0,0.00048705048909619686
5.0,2.01,15.0,7.788129523234044e-06
5.0,2.01,16.0,0.0015842962620062073
5.0,2.01,17.0,-0.0004730359668247419
5.0,2.01,18.0,0.0014261413478941637
5.0,2.01,19.0,0.0006983791212533119
5.0,2.01,20.0,0.0012935095117812545
5.0,2.01,21.0,8.114976334294699e-06
5.0,2.21,0.0,0.0007791847348367353
5.0,2.21,1.0,9.48498119152097e-06
5.0,2.21,2.0,0.0001558268291920184
5.0,2.21,3.0,1.05688281623606e-06
5.0,2.21,4.0,0.0005577545632402536
5.0,2.21,5.0,-0.003565420293769746
5.0,2.21,6.0,0.000121974743340858
5.0,2.21,7.0,-0.0005238961879626414
5.0,2.21,8.0,1.674623704545769e-05
5.0,2.21,9.0,-0.00022098022923058847
5.0,2.21,10.0,-0.000927551671545207
5.0,2.21,11.0,3.677728971362981e-08
5.0,2.21,12.0,0.0005004965029608011
5.0,2.21,13.0,4.454182833067699e-05
5.0,2.21,14.0,0.000482484942817607
5.0,2.21,15.0,7.789815947123468e-06
5.0,2.21,16.0,0.0015786698786904307
5.0,2.21,17.0,-0.00047169775234290334
5.0,2.21,18.0,0.001424409202281346
5.0,2.21,19.0,0.0007120893183286681
5.0,2.21,20.0,0.0012656134874332037
5.0,2.21,21.0,8.114976343648328e-06
5.0,2.41,0.0,0.0008434595188964167
5.0,2.41,1.0,9.676341860165305e-06
5.0,2.41,2.0,0.0001555492936072267
5.0,2.41,3.0,1.0568828165274935e-06
5.0,2.41,4.0,0.0005502554422753825
5.0,2.41,5.0,-0.003568569228025735
5.0,2.41,6.0,0.00011924788154898947
5.0,2.41,7.0,-0.0005263687435842074
5.0,2.41,8.0,1.6746237061292246e-05
5.0,2.41,9.0,-0.00022359175542485676
5.0,2.41,10.0,-0.0009283866641098815
5.0,2.41,11.0,3.67772897275076e-08
5.0,2.41,12.0,0.00050077447233704
5.0,2.41,13.0,4.563368489467201e-05
5.0,2.41,14.0,0.0004807583873128185
5.0,2.41,15.0,7.791524706216024e-06
5.0,2.41,16.0,0.0015726642900366766
5.0,2.41,17.0,-0.00047111630389728987
5.0,2.41,18.0,0.001422717645796004
5.0,2.41,19.0,0.000722693099550753
5.0,2.41,20.0,0.0012422664981502352
5.0,2.41,21.0,8.114976351336622e-06
5.0,2.61,0.0,0.0009040661436394704
5.0,2.61,1.0,9.8614285585219e-06
5.0,2.61,2.0,0.00015585026968845117
5.0,2.61,3.0,1.0568828167772937e-06
5.0,2.61,4.0,0.0005446393188610621
5.0,2.61,5.0,-0.003571706332230624
5.0,2.61,6.0,0.00011669153810053845
5.0,2.61,7.0,-0.000528971939297504
5.0,2.61,8.0,1.6746237074483084e-05
5.0,2.61,9.0,-0.00022673161402886333
5.0,2.61,10.0,-0.0009292080819258974
5.0,2.61,11.0,3.677728971362981e-08
5.0,2.61,12.0,0.0005010099239975974
5.0,2.61,13.0,4.6764994572692786e-05
5.0,2.61,14.0,0.00048121224700242715
5.0,2.61,15.0,7.793249045165429e-06
5.0,2.61,16.0,0.0015663723144573316
5.0,2.61,17.0,-0.00047106982113082063
5.0,2.61,18.0,0.0014210594017977363
5.0,2.61,19.0,0.0007310923795621482
5.0,2.61,20.0,0.0012225764133627082
5.0,2.61,21.0,8.11497635769265e-06
5.0,2.81,0.0,0.0008553784785628737
5.0,2.81,1.0,9.862104032976049e-06
5.0,2.81,2.0,0.00017518537830713
5.0,2.81,3.0,1.0568828175544498e-06
5.0,2.81,4.0,0.0006097305493364957
5.0,2.81,5.0,-0.0035748865069171014
5.0,2.81,6.0,0.00011943219358526158
5.0,2.81,7.0,-0.0005359393137099877
5.0,2.81,8.0,1.6746237113875184e-05
5.0,2.81,9.0,-0.0002475378444379561
5.0,2.81,10.0,-0.0009299173701348418
5.0,2.81,11.0,3.67772897275076e-08
5.0,2.81,12.0,0.0004994833561847156
5.0,2.81,13.0,4.932022808779024e-05
5.0,2.81,14.0,0.0005533232851896996
5.0,2.81,15.0,7.795727361842308e-06
5.0,2.81,16.0,0.0015500906427631522
5.0,2.81,17.0,-0.0004925381984201005
5.0,2.81,18.0,0.001420378457879276
5.0,2.81,19.0,0.0006473364826404815
5.0,2.81,20.0,0.0013104392477244486
5.0,2.81,21.0,8.11497637676073e-06
5.0,3.01,0.0,0.0009049208010249998
5.0,3.01,1.0,1.002875423855576e-05
5.0,3.01,2.0,0.00017726999419259704
5.0,3.01,3.0,1.0568828178181278e-06
5.0,3.01,4.0,0.0006088805533319142
5.0,3.01,5.0,-0.003578003482885813
5.0,3.01,6.0,0.00011740371739035749
5.0,3.01,7.0,-0.0005389836387432873
5.0,3.01,8.0,1.6746237127621133e-05
5.0,3.01,9.0,-0.0002523544988178028
5.0,3.01,10.0,-0.0009306751287060377
5.0,3.01,11.0,3.67772897275076e-08
5.0,3.01,12.0,0.0004996372274695959
5.0,3.01,13.0,5.058048151770911e-05
5.0,3.01,14.0,0.0005603248132764471
5.0,3.01,15.0,7.797506746468064e-06
5.0,3.01,16.0,0.0015428697363692317
5.0,3.01,17.0,-0.0004936761204563656
5.0,3.01,18.0,0.0014188175545215426
5.0,3.01,19.0,0.0006510835806353699
5.0,3.01,20.0,0.0013030030495515543
5.0,3.01,21.0,8.114976383449823e-06
5.0,3.21,0.0,0.0010438996484448682
5.0,3.21,1.0,1.034073716132955e-05
5.0,3.21,2.0,0.0001640531591847738
5.0,3.21,3.0,1.0568828180818057e-06
5.0,3.21,4.0,0.0005702613078621965
5.0,3.21,5.0,-0.00358104629244514
5.0,3.21,6.0,0.00011080555262529823
5.0,3.21,7.0,-0.0005381783680140362
5.0,3.21,8.0,1.6746237141707088e-05
5.0,3.21,9.0,-0.00024281144245616448
5.0,3.21,10.0,-0.0009319738916621356
5.0,3.21,11.0,3.67772897275076e-08
5.0,3.21,12.0,0.0005002808745764864
5.0,3.21,13.0,5.066865255351494e-05
5.0,3.21,14.0,0.0005116075552697996
5.0,3.21,15.0,7.798672758768666e-06
5.0,3.21,16.0,0.0015437226091957884
5.0,3.21,17.0,-0.0004860100505326703
5.0,3.21,18.0,0.0014164549290816703
5.0,3.21,19.0,0.0006936227174589304
5.0,3.21,20.0,0.001188635548922734
5.0,3.21,21.0,8.11497639024994e-06
5.0,3.41,0.0,0.001037915059602157
5.0,3.41,1.0,1.041761174408462e-05
5.0,3.41,2.0,0.00017548183091670166
5.0,3.41,3.0,1.056882818387117e-06
5.0,3.41,4.0,0.0005936430971674733
5.0,3.41,5.0,-0.0035841741597228732
5.0,3.41,6.0,0.00011149019883466282
5.0,3.41,7.0,-0.0005435990704329569
5.0,3.41,8.0,1.6746237156653465e-05
5.0,3.41,9.0,-0.0002564630851056293
5.0,3.41,10.0,-0.0009324179365609031
5.0,3.41,11.0,3.67772897275076e-08
5.0,3.41,12.0,0.0005000537337263578
5.0,3.41,13.0,5.264191089331127e-05
5.0,3.41,14.0,0.0005528247611125692
5.0,3.41,15.0,7.800804807125972e-06
5.0,3.41,16.0,0.001531470917447486
5.0,3.41,17.0,-0.0004931034051462724
5.0,3.41,18.0,0.0014153514748363183
5.0,3.41,19.0,0.0006729998204760279
5.0,3.41,20.0,0.0012452977678210075
5.0,3.41,21.0,8.114976397549656e-06
5.0,3.61,0.0,0.001025871449605309
5.0,3.61,1.0,1.0484192291049244e-05
5.0,3.61,2.0,0.0001878929035893373
5.0,3.61,3.0,1.056882818581406e-06
5.0,3.61,4.0,0.0006188216035839522
5.0,3.61,5.0,-0.003587291912759247
5.0,3.61,6.0,0.00011249368007790195
5.0,3.61,7.0,-0.0005492753996980959
5.0,3.61,8.0,1.674623716677731e-05
5.0,3.61,9.0,-0.0002710634620647634
5.0,3.61,10.0,-0.0009328068806934708
5.0,3.61,11.0,3.67772897275076e-08
5.0,3.61,12.0,0.0004998250583252706
5.0,3.61,13.0,5.4686779457024937e-05
5.0,3.61,14.0,0.0005974388547297926
5.0,3.61,15.0,7.802968609221805e-06
5.0,3.61,16.0,0.0015187064647192439
5.0,3.61,17.0,-0.0005004745903662011
5.0,3.61,18.0,0.0014143087985175468
5.0,3.61,19.0,0.0006512065432734415
5.0,3.61,20.0,0.0013095607251486507
5.0,3.61,21.0,8.114976402406882e-06
5.0,3.81,0.0,0.0010076694890924776
5.0,3.81,1.0,1.0540373803574754e-05
5.0,3.81,2.0,0.00020129612409675035
5.0,3.81,3.0,1.0568828187063062e-06
5.0,3.81,4.0,0.0006452213678850849
5.0,3.81,5.0,-0.00359039971790561
5.0,3.81,6.0,0.00011383236657336315
5.0,3.81,7.0,-0.0005552205241661917
5.0,3.81,8.0,1.674623717230761e-05
5.0,3.81,9.0,-0.0002866310035594122
5.0,3.81,10.0,-0.0009331253081183433
5.0,3.81,11.0,3.67772897275076e-08
5.0,3.81,12.0,0.0004996248625098454
5.0,3.81,13.0,5.6804512008068464e-05
5.0,3.81,14.0,0.000645401120411504
5.0,3.81,15.0,7.805164520147123e-06
5.0,3.81,16.0,0.001505423419618096
5.0,3.81,17.0,-0.0005078488337979803
5.0,3.81,18.0,0.0014133295861954581
5.0,3.81,19.0,0.0006293646158929689
5.0,3.81,20.0,0.0013821317167914682
5.0,3.81,21.0,8.114976405126928e-06
5.0,4.01,0.0,0.000983493086647691
5.0,4.01,1.0,1.0586548451735345e-05
5.0,4.01,2.0,0.00021564993596800974
5.0,4.01,3.0,1.056882818720184e-06
5.0,4.01,4.0,0.0006719697786476964
5.0,4.01,5.0,-0.0035934975521070183
5.0,4.01,6.0,0.00011551081469182711
5.0,4.01,7.0,-0.0005614370860564516
5.0,4.01,8.0,1.674623717349416e-05
5.0,4.01,9.0,-0.0003031355795862778
5.0,4.01,10.0,-0.0009333552980328452
5.0,4.01,11.0,3.67772897275076e-08
5.0,4.01,12.0,0.0004994938915530156
5.0,4.01,13.0,5.899250685077739e-05
5.0,4.01,14.0,0.0006964647494645537
5.0,4.01,15.0,7.807390768374556e-06
5.0,4.01,16.0,0.001491644805626885
5.0,4.01,17.0,-0.0005148376470288374
5.0,4.01,18.0,0.0014124145116451992
5.0,4.01,19.0,0.0006090522521265962
5.0,4.01,20.0,0.0014635417967109876
5.0,4.01,21.0,8.11497640568204e-06
6.0,0.01,0.0,1.466356886969944e-05
6.0,0.01,1.0,3.2927936843285543e-06
6.0,0.01,2.0,6.8898825386631835e-06
6.0,0.01,3.0,1.0524306465198308e-06
6.0,0.01,4.0,-2.3905270130075706e-06
6.0,0.01,5.0,-7.689493149125161e-07
6.0,0.01,6.0,1.2560153310858801e-05
6.0,0.01,7.0,-8.274182410172859e-06
6.0,0.01,8.0,1.674008108162872e-05
6.0,0.01,9.0,-2.1279905472182392e-05
6.0,0.01,10.0,3.574617175816641e-06
6.0,0.01,11.0,3.5411454726852476e-08
6.0,0.01,12.0,4.400315884223183e-06
6.0,0.01,13.0,5.964504562527839e-06
6.0,0.01,14.0,4.403037115074948e-06
6.0,0.01,15.0,2.0313191879672843e-05
6.0,0.01,16.0,6.157245946436518e-07
6.0,0.01,17.0,-7.999062180807205e-11
6.0,0.01,18.0,-2.7177899053487664e-07
6.0,0.01,19.0,-3.0579392951146644e-06
6.0,0.01,20.0,1.4306021770549293e-06
6.0,0.01,21.0,6.4700460227218315e-06
6.0,0.21000000000000002,0.0,1.4640495876516724e-05
6.0,0.21000000000000002,1.0,3.2915080071527214e-06
6.0,0.21000000000000002,2.0,6.890026300720997e-06
6.0,0.21000000000000002,3.0,1.0524306465198308e-06
6.0,0.21000000000000002,4.0,-2.384689615331226e-06
6.0,0.21000000000000002,5.0,-7.6886556063259e-07
6.0,0.21000000000000002,6.0,1.255622713325355e-05
6.0,0.21000000000000002,7.0,-8.275168570104352e-06
6.0,0.21000000000000002,8.0,1.674008108162872e-05
6.0,0.21000000000000002,9.0,-2.128148255742257e-05
6.0,0.21000000000000002,10.0,3.574584757248811e-06
6.0,0.21000000000000002,11.0,3.5411454726852476e-08
6.0,0.21000000000000002,12.0,4.3999525334292855e-06
6.0,0.21000000000000002,13.0,5.974323978696905e-06
6.0,0.21000000000000002,14.0,4.407289208974152e-06
6.0,0.21000000000000002,15.0,2.0313206524805172e-05
6.0,0.21000000000000002,16.0,6.26240027612468e-07
6.0,0.21000000000000002,17.0,-7.999062180807206e-11
6.0,0.21000000000000002,18.0,-2.7342865455137755e-07
6.0,0.21000000000000002,19.0,-3.07205785943232e-06
6.0,0.21000000000000002,20.0,1.4337115138429724e-06
6.0,0.21000000000000002,21.0,6.4700460227218315e-06
6.0,0.41000000000000003,0.0,1.4617421396301289e-05
6.0,0.41000000000000003,1.0,3.2902222237563006e-06
6.0,0.41000000000000003,2.0,6.890170064138834e-06
6.0,0.41000000000000003,3.0,1.0524306465198308e-06
6.0,0.41000000000000003,4.0,-2.3788519829537336e-06
6.0,0.41000000000000003,5.0,-7.687818001913094e-07
6.0,0.41000000000000003,6.0,1.255230067942481e-05
6.0,0.41000000000000003,7.0,-8.276154730979535e-06
6.0,0.41000000000000003,8.0,1.6740081081621783e-05
6.0,0.41000000000000003,9.0,-2.1283059590745945e-05
6.0,0.41000000000000003,10.0,3.574552336516046e-06
6.0,0.41000000000000003,11.0,3.5411454726852476e-08
6.0,0.41000000000000003,12.0,4.399589151049543e-06
6.0,0.41000000000000003,13.0,5.984143725823454e-06
6.0,0.41000000000000003,14.0,4.411541404403252e-06
6.0,0.41000000000000003,15.0,2.03132211703122e-05
6.0,0.41000000000000003,16.0,6.367559191033934e-07
6.0,0.41000000000000003,17.0,-7.999062180807206e-11
6.0,0.41000000000000003,18.0,-2.7507843863849857e-07
6.0,0.41000000000000003,19.0,-3.0861772407630994e-06
6.0,0.41000000000000003,20.0,1.4368209249049357e-06
6.0,0.41000000000000003,21.0,6.4700460227218315e-06
6.0,0.6100000000000001,0.0,1.4594345428609046e-05
6.0,0.6100000000000001,1.0,3.2889363341670474e-06
6.0,0.6100000000000001,2.0,6.8903138289722055e-06
6.0,0.6100000000000001,3.0,1.052430646505953e-06
6.0,0.6100000000000001,4.0,-2.3730141159861162e-06
6.0,0.6100000000000001,5.0,-7.686980335891134e-07
6.0,0.6100000000000001,6.0,1.2548373949705649e-05
6.0,0.6100000000000001,7.0,-8.277140892812285e-06
6.0,0.6100000000000001,8.0,1.6740081081621783e-05
6.0,0.6100000000000001,9.0,-2.1284636572097004e-05
6.0,0.6100000000000001,10.0,3.574519913673857e-06
6.0,0.6100000000000001,11.0,3.5411454726852476e-08
6.0,0.6100000000000001,12.0,4.399225737083956e-06
6.0,0.6100000000000001,13.0,5.993963803796465e-06
6.0,0.6100000000000001,14.0,4.415793701362247e-06
6.0,0.6100000000000001,15.0,2.0313235816166175e-05
6.0,0.6100000000000001,16.0,6.472722692829613e-07
6.0,0.6100000000000001,17.0,-7.999062180807206e-11
6.0,0.6100000000000001,18.0,-2.7672834251868395e-07
6.0,0.6100000000000001,19.0,-3.1002974393290472e-06
6.0,0.6100000000000001,20.0,1.4399304099077526e-06
6.0,0.6100000000000001,21.0,6.4700460227218315e-06
6.0,0.81,0.0,1.4571267973328972e-05
6.0,0.81,1.0,3.287650338329451e-06
6.0,0.81,2.0,6.8904575951933555e-06
6.0,0.81,3.0,1.052430646505953e-06
6.0,0.81,4.0,-2.367176014539396e-06
6.0,0.81,5.0,-7.68614260826042e-07
6.0,0.81,6.0,1.2544446943874021e-05
6.0,0.81,7.0,-8.278127055630358e-06
6.0,0.81,8.0,1.6740081081614844e-05
6.0,0.81,9.0,-2.1286213501475748e-05
6.0,0.81,10.0,3.5744874886667333e-06
6.0,0.81,11.0,3.5411454726852476e-08
6.0,0.81,12.0,4.398862291588035e-06
6.0,0.81,13.0,6.0037842125049146e-06
6.0,0.81,14.0,4.420046099878894e-06
6.0,0.81,15.0,2.0313250462367094e-05
6.0,0.81,16.0,6.577890780956608e-07
6.0,0.81,17.0,-7.999062180807206e-11
6.0,0.81,18.0,-2.783783664139783e-07
6.0,0.81,19.0,-3.114418454908119e-06
6.0,0.81,20.0,1.443039969295512e-06
6.0,0.81,21.0,6.4700460227218315e-06
6.0,1.01,0.0,1.4548189030683112e-05
6.0,1.01,1.0,3.286364236299022e-06
6.0,1.01,2.0,6.890601362802284e-06
6.0,1.01,3.0,1.052430646505953e-06
6.0,1.01,4.0,-2.361337677836417e-06
6.0,1.01,5.0,-7.685304819056657e-07
6.0,1.01,6.0,1.2540519661485838e-05
6.0,1.01,7.0,-8.27911321939212e-06
6.0,1.01,8.0,1.6740081081621783e-05
6.0,1.01,9.0,-2.128779037892381e-05
6.0,1.01,10.0,3.5744550615501858e-06
6.0,1.01,11.0,3.5411454726852476e-08
6.0,1.01,12.0,4.398498814284224e-06
6.0,1.01,13.0,6.013604952226359e-06
6.0,1.01,14.0,4.42429859989768e-06
6.0,1.01,15.0,2.0313265108928835e-05
6.0,1.01,16.0,6.683063454859806e-07
6.0,1.01,17.0,-7.999062180807206e-11
6.0,1.01,18.0,-2.8002851049091504e-07
6.0,1.01,19.0,-3.128540288166448e-06
6.0,1.01,20.0,1.4461496025131026e-06
6.0,1.01,21.0,6.470046022694076e-06
6.0,1.2100000000000002,0.0,1.4525108600227377e-05
6.0,1.2100000000000002,1.0,3.2850780280202496e-06
6.0,1.2100000000000002,2.0,6.8907451317712365e-06
6.0,1.2100000000000002,3.0,1.0524306465198308e-06
6.0,1.2100000000000002,4.0,-2.355499106543313e-06
6.0,1.2100000000000002,5.0,-7.68446696826069e-07
6.0,1.2100000000000002,6.0,1.2536592103318256e-05
6.0,1.2100000000000002,7.0,-8.280099384139206e-06
6.0,1.2100000000000002,8.0,1.6740081081614844e-05
6.0,1.2100000000000002,9.0,-2.1289367204399556e-05
6.0,1.2100000000000002,10.0,3.5744226323242145e-06
6.0,1.2100000000000002,11.0,3.5411454726852476e-08
6.0,1.2100000000000002,12.0,4.398135305616613e-06
6.0,1.2100000000000002,13.0,6.023426022849776e-06
6.0,1.2100000000000002,14.0,4.428551201529629e-06
6.0,1.2100000000000002,15.0,2.03132797558514e-05
6.0,1.2100000000000002,16.0,6.788240718424987e-07
6.0,1.2100000000000002,17.0,-7.999062180807206e-11
6.0,1.2100000000000002,18.0,-2.816787744164273e-07
6.0,1.2100000000000002,19.0,-3.1426629388819904e-06
6.0,1.2100000000000002,20.0,1.4492593102266582e-06
6.0,1.2100000000000002,21.0,6.4700460227218315e-06
6.0,1.4100000000000001,0.0,1.4502026681739721e-05
6.0,1.4100000000000001,1.0,3.2837917135208894e-06
6.0,1.4100000000000001,2.0,6.890888902127967e-06
6.0,1.4100000000000001,3.0,1.0524306465198308e-06
6.0,1.4100000000000001,4.0,-2.3496603006600836e-06
6.0,1.4100000000000001,5.0,-7.68362905591288e-07
6.0,1.4100000000000001,6.0,1.2532664268927185e-05
6.0,1.4100000000000001,7.0,-8.281085549843858e-06
6.0,1.4100000000000001,8.0,1.6740081081614844e-05
6.0,1.4100000000000001,9.0,-2.1290943977875232e-05
6.0,1.4100000000000001,10.0,3.5743902008777972e-06
6.0,1.4100000000000001,11.0,3.5411454726852476e-08
6.0,1.4100000000000001,12.0,4.397771765196623e-06
6.0,1.4100000000000001,13.0,6.0332474243751655e-06
6.0,1.4100000000000001,14.0,4.432803904663718e-06
6.0,1.4100000000000001,15.0,2.0313294403148663e-05
6.0,1.4100000000000001,16.0,6.89342256721126e-07
6.0,1.4100000000000001,17.0,-7.999062180807206e-11
6.0,1.4100000000000001,18.0,-2.83329158523582e-07
6.0,1.4100000000000001,19.0,-3.1567864072767904e-06
6.0,1.4100000000000001,20.0,1.452369091770045e-06
6.0,1.4100000000000001,21.0,6.4700460227218315e-06
6.0,1.61,0.0,1.4478943275331169e-05
6.0,1.61,1.0,3.2825052927731857e-06
6.0,1.61,2.0,6.891032673927988e-06
6.0,1.61,3.0,1.0524306465198308e-06
6.0,1.61,4.0,-2.3438212595205954e-06
6.0,1.61,5.0,-7.682791082000437e-07
6.0,1.61,6.0,1.2528736157979559e-05
6.0,1.61,7.0,-8.282071716519956e-06
6.0,1.61,8.0,1.6740081081614844e-05
6.0,1.61,9.0,-2.1292520699406348e-05
6.0,1.61,10.0,3.574357767321956e-06
6.0,1.61,11.0,3.5411454726852476e-08
6.0,1.61,12.0,4.397408193246299e-06
6.0,1.61,13.0,6.04306915691355e-06
6.0,1.61,14.0,4.437056709410969e-06
6.0,1.61,15.0,2.0313309050765116e-05
6.0,1.61,16.0,6.99860900676974e-07
6.0,1.61,17.0,-7.999062180807207e-11
6.0,1.61,18.0,-2.8497966247931217e-07
6.0,1.61,19.0,-3.170910693017781e-06
6.0,1.61,20.0,1.4554789476983743e-06
6.0,1.61,21.0,6.4700460227218315e-06
6.0,1.81,0.0,1.4455858380446607e-05
6.0,1.81,1.0,3.2812187657216274e-06
6.0,1.81,2.0,6.8911764470602765e-06
6.0,1.81,3.0,1.052430646505953e-06
6.0,1.81,4.0,-2.3379819840130267e-06
6.0,1.81,5.0,-7.681953046557856e-07
6.0,1.81,6.0,1.252480777114151e-05
6.0,1.81,7.0,-8.283057884153622e-06
6.0,1.81,8.0,1.6740081081614844e-05
6.0,1.81,9.0,-2.1294097368937392e-05
6.0,1.81,10.0,3.5743253317122026e-06
6.0,1.81,11.0,3.5411454726852476e-08
6.0,1.81,12.0,4.397044589710131e-06
6.0,1.81,13.0,6.052891220409418e-06
6.0,1.81,14.0,4.4413096157158716e-06
6.0,1.81,15.0,2.0313323698770147e-05
6.0,1.81,16.0,7.103800032659535e-07
6.0,1.81,17.0,-7.999062180807207e-11
6.0,1.81,18.0,-2.866302866721959e-07
6.0,1.81,19.0,-3.1850357964380294e-06
6.0,1.81,20.0,1.4585888777896017e-06
6.0,1.81,21.0,6.4700460227218315e-06
6.0,2.01,0.0,1.4432771997530125e-05
6.0,2.01,1.0,3.2799321324217257e-06
6.0,2.01,2.0,6.891320221608099e-06
6.0,2.01,3.0,1.0524306465198308e-06
6.0,2.01,4.0,-2.332142473138177e-06
6.0,2.01,5.0,-7.681114949582749e-07
6.0,2.01,6.0,1.2520879107635885e-05
6.0,2.01,7.0,-8.284044052744854e-06
6.0,2.01,8.0,1.6740081081607905e-05
6.0,2.01,9.0,-2.1295673986468366e-05
6.0,2.01,10.0,3.5742928938264917e-06
6.0,2.01,11.0,3.5411454726852476e-08
6.0,2.01,12.0,4.396680954477095e-06
6.0,2.01,13.0,6.0627136149737915e-06
6.0,2.01,14.0,4.445562623606181e-06
6.0,2.01,15.0,2.0313338347108245e-05
6.0,2.01,16.0,7.208995649321537e-07
6.0,2.01,17.0,-7.999062180807207e-11
6.0,2.01,18.0,-2.882810308246775e-07
6.0,2.01,19.0,-3.1991617179816245e-06
6.0,2.01,20.0,1.4616988819327048e-06
6.0,2.01,21.0,6.4700460227218315e-06
6.0,2.21,0.0,1.440968412591559e-05
6.0,2.21,1.0,3.2786453927902137e-06
6.0,2.21,2.0,6.891463997543701e-06
6.0,2.21,3.0,1.0524306465198308e-06
6.0,2.21,4.0,-2.3263027276732018e-06
6.0,2.21,5.0,-7.680276791072748e-07
6.0,2.21,6.0,1.2516950167684726e-05
6.0,2.21,7.0,-8.285030222293654e-06
6.0,2.21,8.0,1.6740081081600966e-05
6.0,2.21,9.0,-2.1297250551971514e-05
6.0,2.21,10.0,3.5742604538868683e-06
6.0,2.21,11.0,3.5411454726852476e-08
6.0,2.21,12.0,4.396317287547191e-06
6.0,2.21,13.0,6.072536340440138e-06
6.0,2.21,14.0,4.44981573299863e-06
6.0,2.21,15.0,2.0313352995821043e-05
6.0,2.21,16.0,7.314195852869965e-07
6.0,2.21,17.0,-7.999062180807207e-11
6.0,2.21,18.0,-2.8993189504777916e-07
6.0,2.21,19.0,-3.2132884573154996e-06
6.0,2.21,20.0,1.4648089603497283e-06
6.0,2.21,21.0,6.4700460227218315e-06
6.0,2.41,0.0,1.4386594765936067e-05
6.0,2.41,1.0,3.2773585469103583e-06
6.0,2.41,2.0,6.891607774839326e-06
6.0,2.41,3.0,1.0524306465198308e-06
6.0,2.41,4.0,-2.3204627472850348e-06
6.0,2.41,5.0,-7.679438571056306e-07
6.0,2.41,6.0,1.2513020951732123e-05
6.0,2.41,7.0,-8.2860163928139e-06
6.0,2.41,8.0,1.6740081081607905e-05
6.0,2.41,9.0,-2.12988270655301e-05
6.0,2.41,10.0,3.574228011837821e-06
6.0,2.41,11.0,3.5411454726852476e-08
6.0,2.41,12.0,4.395953589142465e-06
6.0,2.41,13.0,6.0823593971415235e-06
6.0,2.41,14.0,4.4540689440597525e-06
6.0,2.41,15.0,2.0313367644894664e-05
6.0,2.41,16.0,7.419400648300822e-07
6.0,2.41,17.0,-7.999062180807207e-11
6.0,2.41,18.0,-2.915828793970121e-07
6.0,2.41,19.0,-3.2274160144396546e-06
6.0,2.41,20.0,1.4679191129296498e-06
6.0,2.41,21.0,6.4700460227218315e-06
6.0,2.61,0.0,1.4363503917036446e-05
6.0,2.61,1.0,3.276071594671137e-06
6.0,2.61,2.0,6.891751553550485e-06
6.0,2.61,3.0,1.052430646505953e-06
6.0,2.61,4.0,-2.314622531751631e-06
6.0,2.61,5.0,-7.678600289542399e-07
6.0,2.61,6.0,1.250909145900092e-05
6.0,2.61,7.0,-8.287002564291712e-06
6.0,2.61,8.0,1.6740081081607905e-05
6.0,2.61,9.0,-2.1300403527060863e-05
6.0,2.61,10.0,3.574195567623839e-06
6.0,2.61,11.0,3.5411454726852476e-08
6.0,2.61,12.0,4.3955898590408715e-06
6.0,2.61,13.0,6.092182784855904e-06
6.0,2.61,14.0,4.458322256706282e-06
6.0,2.61,15.0,2.0313382294301352e-05
6.0,2.61,16.0,7.524610032283441e-07
6.0,2.61,17.0,-7.999062180807207e-11
6.0,2.61,18.0,-2.93233983761354e-07
6.0,2.61,19.0,-3.2415443893540896e-06
6.0,2.61,20.0,1.4710293394504248e-06
6.0,2.61,21.0,6.4700460227218315e-06
6.0,2.81,0.0,1.434041157932775e-05
6.0,2.81,1.0,3.2747845361280614e-06
6.0,2.81,2.0,6.891895333677178e-06
6.0,2.81,3.0,1.052430646505953e-06
6.0,2.81,4.0,-2.3087820816281024e-06
6.0,2.81,5.0,-7.677761946548178e-07
6.0,2.81,6.0,1.2505161690268274e-05
6.0,2.81,7.0,-8.28798873674097e-06
6.0,2.81,8.0,1.6740081081607905e-05
6.0,2.81,9.0,-2.1301979936577675e-05
6.0,2.81,10.0,3.574163121244922e-06
6.0,2.81,11.0,3.5411454726852476e-08
6.0,2.81,12.0,4.395226097242411e-06
6.0,2.81,13.0,6.102006503694302e-06
6.0,2.81,14.0,4.4625756709104625e-06
6.0,2.81,15.0,2.0313396944096618e-05
6.0,2.81,16.0,7.629824007593378e-07
6.0,2.81,17.0,-7.999062180807207e-11
6.0,2.81,18.0,-2.9488520830733833e-07
6.0,2.81,19.0,-3.2556735827249383e-06
6.0,2.81,20.0,1.474139640578187e-06
6.0,2.81,21.0,6.4700460227218315e-06
6.0,3.01,0.0,1.4317317752698955e-05
6.0,3.01,1.0,3.273497371281131e-06
6.0,3.01,2.0,6.892039115136139e-06
6.0,3.01,3.0,1.052430646505953e-06
6.0,3.01,4.0,-2.3029413961372924e-06
6.0,3.01,5.0,-7.676923542078224e-07
6.0,3.01,6.0,1.250123164486805e-05
6.0,3.01,7.0,-8.288974910147795e-06
6.0,3.01,8.0,1.6740081081607905e-05
6.0,3.01,9.0,-2.130355629406666e-05
6.0,3.01,10.0,3.5741306728120925e-06
6.0,3.01,11.0,3.5411454726852476e-08
6.0,3.01,12.0,4.394862303913616e-06
6.0,3.01,13.0,6.111830553656716e-06
6.0,3.01,14.0,4.466829186811072e-06
6.0,3.01,15.0,2.031341159422495e-05
6.0,3.01,16.0,7.735042574230633e-07
6.0,3.01,17.0,-7.999062180807208e-11
6.0,3.01,18.0,-2.965365530904762e-07
6.0,3.01,19.0,-3.2698035944411785e-06
6.0,3.01,20.0,1.4772500156468027e-06
6.0,3.01,21.0,6.4700460227218315e-06
6.0,3.21,0.0,1.4294222436816995e-05
6.0,3.21,1.0,3.272210100074835e-06
6.0,3.21,2.0,6.89218289803839e-06
6.0,3.21,3.0,1.052430646505953e-06
6.0,3.21,4.0,-2.297100475945335e-06
6.0,3.21,5.0,-7.67608507613576e-07
6.0,3.21,6.0,1.2497301322800247e-05
6.0,3.21,7.0,-8.289961084512187e-06
6.0,3.21,8.0,1.6740081081600966e-05
6.0,3.21,9.0,-2.130513259952782e-05
6.0,3.21,10.0,3.574098222214328e-06
6.0,3.21,11.0,3.5411454726852476e-08
6.0,3.21,12.0,4.394498478943465e-06
6.0,3.21,13.0,6.1216549348541704e-06
6.0,3.21,14.0,4.471082804269333e-06
6.0,3.21,15.0,2.0313426244714106e-05
6.0,3.21,16.0,7.840265731084983e-07
6.0,3.21,17.0,-7.999062180807208e-11
6.0,3.21,18.0,-2.9818801788872307e-07
6.0,3.21,19.0,-3.2839344239476986e-06
6.0,3.21,20.0,1.4803604649893387e-06
6.0,3.21,21.0,6.4700460227218315e-06
6.0,3.41,0.0,1.4271125631570847e-05
6.0,3.41,1.0,3.270922722509173e-06
6.0,3.41,2.0,6.8923266822451534e-06
6.0,3.41,3.0,1.0524306465198308e-06
6.0,3.41,4.0,-2.2912593204971188e-06
6.0,3.41,5.0,-7.67524654874374e-07
6.0,3.41,6.0,1.2493370724286912e-05
6.0,3.41,7.0,-8.290947259848025e-06
6.0,3.41,8.0,1.6740081081594027e-05
6.0,3.41,9.0,-2.130670885298891e-05
6.0,3.41,10.0,3.5740657694516287e-06
6.0,3.41,11.0,3.5411454726852476e-08
6.0,3.41,12.0,4.394134622276447e-06
6.0,3.41,13.0,6.131479647175642e-06
6.0,3.41,14.0,4.4753365233130005e-06
6.0,3.41,15.0,2.031344089557796e-05
6.0,3.41,16.0,7.945493480931987e-07
6.0,3.41,17.0,-7.999062180807208e-11
6.0,3.41,18.0,-2.998396027020789e-07
6.0,3.41,19.0,-3.298066072021655e-06
6.0,3.41,20.0,1.4834709884947728e-06
6.0,3.41,21.0,6.4700460227218315e-06
6.0,3.61,0.0,1.4248027336960511e-05
6.0,3.61,1.0,3.26963523855639e-06
6.0,3.61,2.0,6.892470467922962e-06
6.0,3.61,3.0,1.0524306465198308e-06
6.0,3.61,4.0,-2.285417930347755e-06
6.0,3.61,5.0,-7.674407959901005e-07
6.0,3.61,6.0,1.2489439849439066e-05
6.0,3.61,7.0,-8.291933436127552e-06
6.0,3.61,8.0,1.6740081081600966e-05
6.0,3.61,9.0,-2.130828505442217e-05
6.0,3.61,10.0,3.5740333146350167e-06
6.0,3.61,11.0,3.5411454726852476e-08
6.0,3.61,12.0,4.393770733912561e-06
6.0,3.61,13.0,6.141304690732152e-06
6.0,3.61,14.0,4.479590344053097e-06
6.0,3.61,15.0,2.0313455546774883e-05
6.0,3.61,16.0,8.050725820440974e-07
6.0,3.61,17.0,-7.999062180807208e-11
6.0,3.61,18.0,-3.0149130797463286e-07
6.0,3.61,19.0,-3.312198538663047e-06
6.0,3.61,20.0,1.4865815862741272e-06
6.0,3.61,21.0,6.4700460227218315e-06
6.0,3.81,0.0,1.4224927552763944e-05
6.0,3.81,1.0,3.268347648299752e-06
6.0,3.81,2.0,6.892614254960794e-06
6.0,3.81,3.0,1.052430646505953e-06
6.0,3.81,4.0,-2.2795763049421325e-06
6.0,3.81,5.0,-7.673569309641381e-07
6.0,3.81,6.0,1.248550869781262e-05
6.0,3.81,7.0,-8.29291961340628e-06
6.0,3.81,8.0,1.6740081081594027e-05
6.0,3.81,9.0,-2.1309861203785974e-05
6.0,3.81,10.0,3.5740008575979587e-06
6.0,3.81,11.0,3.5411454726852476e-08
6.0,3.81,12.0,4.393406814018341e-06
6.0,3.81,13.0,6.1511300656347245e-06
6.0,3.81,14.0,4.4838442663786005e-06
6.0,3.81,15.0,2.0313470198346506e-05
6.0,3.81,16.0,8.155962755718171e-07
6.0,3.81,17.0,-7.999062180807208e-11
6.0,3.81,18.0,-3.031431331512735e-07
6.0,3.81,19.0,-3.3263318236498307e-06
6.0,3.81,20.0,1.489692258327402e-06
6.0,3.81,21.0,6.470046022694076e-06
6.0,4.01,0.0,1.4201826279203189e-05
6.0,4.01,1.0,3.2670599516004817e-06
6.0,4.01,2.0,6.892758043386404e-06
6.0,4.01,3.0,1.0524306465198308e-06
6.0,4.01,4.0,-2.273734444280251e-06
6.0,4.01,5.0,-7.672730597951175e-07
6.0,4.01,6.0,1.2481577269629618e-05
6.0,4.01,7.0,-8.293905791628697e-06
6.0,4.01,8.0,1.6740081081594027e-05
6.0,4.01,9.0,-2.1311437301135827e-05
6.0,4.01,10.0,3.573968398451477e-06
6.0,4.01,11.0,3.5411454726852476e-08
6.0,4.01,12.0,4.3930428624827655e-06
6.0,4.01,13.0,6.160955771661314e-06
6.0,4.01,14.0,4.488098290372777e-06
6.0,4.01,15.0,2.0313484850265073e-05
6.0,4.01,16.0,8.261204281767576e-07
6.0,4.01,17.0,-7.999062180807208e-11
6.0,4.01,18.0,-3.047950785650677e-07
6.0,4.01,19.0,-3.340465927093028e-06
6.0,4.01,20.0,1.4928030043215301e-06
6.0,4.01,21.0,6.470046022694076e-06
7.0,0.01,0.0,0.000484895502901761
7.0,0.01,1.0,1.4262552027299868e-05
7.0,0.01,2.0,0.0002234768968842893
7.0,0.01,3.0,1.0684914566599923e-06
7.0,0.01,4.0,1.9378390827329284e-05
7.0,0.01,5.0,-0.0003249016927929683
7.0,0.01,6.0,0.00022246412056531328
7.0,0.01,7.0,-0.00012106736241712657
7.0,0.01,8.0,1.6757880130224834e-05
7.0,0.01,9.0,-0.00014245080258543097
7.0,0.01,10.0,-3.42313334182609e-05
7.0,0.01,11.0,4.0764580044871934e-08
7.0,0.01,12.0,1.0144918616589171e-05
7.0,0.01,13.0,4.65129589574953e-05
7.0,0.01,14.0,7.63271068911775e-05
7.0,0.01,15.0,8.209269722267432e-06
7.0,0.01,16.0,-9.170086670204358e-05
7.0,0.01,17.0,-0.0003092147775941856
7.0,0.01,18.0,8.232080730050106e-05
7.0,0.01,19.0,-0.00014015984792037361
7.0,0.01,20.0,0.00016995977338540857
7.0,0.01,21.0,4.67356989025669e-06
7.0,0.21000000000000002,0.0,0.00048497658176749336
7.0,0.21000000000000002,1.0,1.4264265166402668e-05
7.0,0.21000000000000002,2.0,0.00022341984318730024
7.0,0.21000000000000002,3.0,1.0684914566599923e-06
7.0,0.21000000000000002,4.0,1.941009663825044e-05
7.0,0.21000000000000002,5.0,-0.00032490173709211873
7.0,0.21000000000000002,6.0,0.00022245552743904717
7.0,0.21000000000000002,7.0,-0.00012105574475185232
7.0,0.21000000000000002,8.0,1.67578801300583e-05
7.0,0.21000000000000002,9.0,-0.0001424547126012421
7.0,0.21000000000000002,10.0,-3.4257945292465175e-05
7.0,0.21000000000000002,11.0,4.0764580044871934e-08
7.0,0.21000000000000002,12.0,1.0095441331181565e-05
7.0,0.21000000000000002,13.0,4.6513260822361735e-05
7.0,0.21000000000000002,14.0,7.633390373792959e-05
7.0,0.21000000000000002,15.0,8.209264912628633e-06
7.0,0.21000000000000002,16.0,-9.168983607621417e-05
7.0,0.21000000000000002,17.0,-0.0003092315808665147
7.0,0.21000000000000002,18.0,8.232320746762167e-05
7.0,0.21000000000000002,19.0,-0.00014029317158281707
7.0,0.21000000000000002,20.0,0.00016924302997128882
7.0,0.21000000000000002,21.0,4.6735698901734235e-06
7.0,0.41000000000000003,0.0,0.0004850576458750311
7.0,0.41000000000000003,1.0,1.426597787990147e-05
7.0,0.41000000000000003,2.0,0.00022336280215634607
7.0,0.41000000000000003,3.0,1.0684914566461146e-06
7.0,0.41000000000000003,4.0,1.9441796643648868e-05
7.0,0.41000000000000003,5.0,-0.0003249017813849258
7.0,0.41000000000000003,6.0,0.0002224469358362846
7.0,0.41000000000000003,7.0,-0.00012104413037308803
7.0,0.41000000000000003,8.0,1.6757880129891767e-05
7.0,0.41000000000000003,9.0,-0.00014245862259718023
7.0,0.41000000000000003,10.0,-3.4284552012986413e-05
7.0,0.41000000000000003,11.0,4.0764580044871934e-08
7.0,0.41000000000000003,12.0,1.0045973008798725e-05
7.0,0.41000000000000003,13.0,4.6513562891398186e-05
7.0,0.41000000000000003,14.0,7.634069983841751e-05
7.0,0.41000000000000003,15.0,8.209260132452378e-06
7.0,0.41000000000000003,16.0,-9.16788086696152e-05
7.0,0.41000000000000003,17.0,-0.0003092483811946434
7.0,0.41000000000000003,18.0,8.232560733770211e-05
7.0,0.41000000000000003,19.0,-0.0001404264752857265
7.0,0.41000000000000003,20.0,0.00016852644398479555
7.0,0.41000000000000003,21.0,4.673569890117912e-06
7.0,0.6100000000000001,0.0,0.0004851386952027248
7.0,0.6100000000000001,1.0,1.426769016726892e-05
7.0,0.6100000000000001,2.0,0.0002233057738565969
7.0,0.6100000000000001,3.0,1.0684914566599923e-06
7.0,0.6100000000000001,4.0,1.947349085623662e-05
7.0,0.6100000000000001,5.0,-0.00032490182567139047
7.0,0.6100000000000001,6.0,0.00022243834575474963
7.0,0.6100000000000001,7.0,-0.0001210325192878281
7.0,0.6100000000000001,8.0,1.6757880129718294e-05
7.0,0.6100000000000001,9.0,-0.00014246253257743646
7.0,0.6100000000000001,10.0,-3.431115358351611e-05
7.0,0.6100000000000001,11.0,4.0764580044871934e-08
7.0,0.6100000000000001,12.0,9.996513641141735e-06
7.0,0.6100000000000001,13.0,4.651386516649203e-05
7.0,0.6100000000000001,14.0,7.63474951971932e-05
7.0,0.6100000000000001,15.0,8.209255381863567e-06
7.0,0.6100000000000001,16.0,-9.166778448602142e-05
7.0,0.6100000000000001,17.0,-0.0003092651785836231
7.0,0.6100000000000001,18.0,8.232800691562736e-05
7.0,0.6100000000000001,19.0,-0.0001405597590650176
7.0,0.6100000000000001,20.0,0.00016781001584004196
7.0,0.6100000000000001,21.0,4.673569890090157e-06
7.0,0.81,0.0,0.00048521972972592753
7.0,0.81,1.0,1.4269402027783373e-05
7.0,0.81,2.0,0.00022324875835999514
7.0,0.81,3.0,1.0684914566599923e-06
7.0,0.81,4.0,1.9505179287171437e-05
7.0,0.81,5.0,-0.000324901869951514
7.0,0.81,6.0,0.00022242975719294344
7.0,0.81,7.0,-0.00012102091150342775
7.0,0.81,8.0,1.675788012955176e-05
7.0,0.81,9.0,-0.00014246644254652108
7.0,0.81,10.0,-3.433775000741268e-05
7.0,0.81,11.0,4.0764580044871934e-08
7.0,0.81,12.0,9.947063220799857e-06
7.0,0.81,13.0,4.6514167649475135e-05
7.0,0.81,14.0,7.635428981897507e-05
7.0,0.81,15.0,8.20925066104261e-06
7.0,0.81,16.0,-9.165676352967944e-05
7.0,0.81,17.0,-0.00030928197303814464
7.0,0.81,18.0,8.233040620642118e-05
7.0,0.81,19.0,-0.00014069302295438568
7.0,0.81,20.0,0.00016709374596668436
7.0,0.81,21.0,4.673569890062401e-06
7.0,1.01,0.0,0.00048530074942243484
7.0,1.01,1.0,1.4271113460584406e-05
7.0,1.01,2.0,0.00022319175573254357
7.0,1.01,3.0,1.0684914566461146e-06
7.0,1.01,4.0,1.953686194988702e-05
7.0,1.01,5.0,-0.00032490191422529746
7.0,1.01,6.0,0.00022242117014831253
7.0,1.01,7.0,-0.00012100930702682589
7.0,1.01,8.0,1.675788012937829e-05
7.0,1.01,9.0,-0.00014247035250865292
7.0,1.01,10.0,-3.436434128867294e-05
7.0,1.01,11.0,4.0764580044871934e-08
7.0,1.01,12.0,9.897621739252127e-06
7.0,1.01,13.0,4.6514470342207126e-05
7.0,1.01,14.0,7.636108370825956e-05
7.0,1.01,15.0,8.209245970031143e-06
7.0,1.01,16.0,-9.164574580444729e-05
7.0,1.01,17.0,-0.00030929876456320393
7.0,1.01,18.0,8.233280521538489e-05
7.0,1.01,19.0,-0.00014082626699096767
7.0,1.01,20.0,0.00016637763477478362
7.0,1.01,21.0,4.6735698899791345e-06
7.0,1.2100000000000002,0.0,0.00048538175426837693
7.0,1.2100000000000002,1.0,1.4272824465061396e-05
7.0,1.2100000000000002,2.0,0.00022313476604507443
7.0,1.2100000000000002,3.0,1.0684914566461146e-06
7.0,1.2100000000000002,4.0,1.9568538856318263e-05
7.0,1.2100000000000002,5.0,-0.00032490195849274193
7.0,1.2100000000000002,6.0,0.0002224125846189695
7.0,1.2100000000000002,7.0,-0.0001209977058652667
7.0,1.2100000000000002,8.0,1.6757880129211755e-05
7.0,1.2100000000000002,9.0,-0.0001424742624683284
7.0,1.2100000000000002,10.0,-3.439092743073857e-05
7.0,1.2100000000000002,11.0,4.0764580044871934e-08
7.0,1.2100000000000002,12.0,9.848189188421674e-06
7.0,1.2100000000000002,13.0,4.651477324657538e-05
7.0,1.2100000000000002,14.0,7.636787686995938e-05
7.0,1.2100000000000002,15.0,8.209241309051207e-06
7.0,1.2100000000000002,16.0,-9.16347313145438e-05
7.0,1.2100000000000002,17.0,-0.000309315553163797
7.0,1.2100000000000002,18.0,8.233520394743121e-05
7.0,1.2100000000000002,19.0,-0.00014095949120845885
7.0,1.2100000000000002,20.0,0.00016566168269399606
7.0,1.2100000000000002,21.0,4.673569889951379e-06
7.0,1.4100000000000001,0.0,0.0004854627442408832
7.0,1.4100000000000001,1.0,1.4274535040575964e-05
7.0,1.4100000000000001,2.0,0.00022307778936597744
7.0,1.4100000000000001,3.0,1.0684914566461146e-06
7.0,1.4100000000000001,4.0,1.96002100190662e-05
7.0,1.4100000000000001,5.0,-0.00032490200275384854
7.0,1.4100000000000001,6.0,0.0002224040006029715
7.0,1.4100000000000001,7.0,-0.00012098610802588339
7.0,1.4100000000000001,8.0,1.6757880129045222e-05
7.0,1.4100000000000001,9.0,-0.00014247817242980798
7.0,1.4100000000000001,10.0,-3.441750843755087e-05
7.0,1.4100000000000001,11.0,4.0764580044871934e-08
7.0,1.4100000000000001,12.0,9.798765559843048e-06
7.0,1.4100000000000001,13.0,4.651507636443952e-05
7.0,1.4100000000000001,14.0,7.637466930862646e-05
7.0,1.4100000000000001,15.0,8.209236678172194e-06
7.0,1.4100000000000001,16.0,-9.162372006374375e-05
7.0,1.4100000000000001,17.0,-0.0003093323388448921
7.0,1.4100000000000001,18.0,8.233760240783372e-05
7.0,1.4100000000000001,19.0,-0.00014109269564493987
7.0,1.4100000000000001,20.0,0.00016494589013987815
7.0,1.4100000000000001,21.0,4.673569889895868e-06
7.0,1.61,0.0,0.00048554371931597284
7.0,1.61,1.0,1.4276245186267689e-05
7.0,1.61,2.0,0.0002230208257659183
7.0,1.61,3.0,1.0684914566322368e-06
7.0,1.61,4.0,1.963187545073186e-05
7.0,1.61,5.0,-0.0003249020470086184
7.0,1.61,6.0,0.0002223954180979315
7.0,1.61,7.0,-0.00012097451351586463
7.0,1.61,8.0,1.675788012887175e-05
7.0,1.61,9.0,-0.00014248208239762972
7.0,1.61,10.0,-3.444408431263479e-05
7.0,1.61,11.0,4.0764580044871934e-08
7.0,1.61,12.0,9.749350845633664e-06
7.0,1.61,13.0,4.651537969768693e-05
7.0,1.61,14.0,7.638146102895149e-05
7.0,1.61,15.0,8.209232077560635e-06
7.0,1.61,16.0,-9.161271205618271e-05
7.0,1.61,17.0,-0.00030934912161145744
7.0,1.61,18.0,8.234000060172719e-05
7.0,1.61,19.0,-0.00014122588033504968
7.0,1.61,20.0,0.00016423025754347398
7.0,1.61,21.0,4.673569889812601e-06
7.0,1.81,0.0,0.00048562467947066423
7.0,1.81,1.0,1.427795490144268e-05
7.0,1.81,2.0,0.00022296387531356432
7.0,1.81,3.0,1.0684914566322368e-06
7.0,1.81,4.0,1.966353516397179e-05
7.0,1.81,5.0,-0.0003249020912570527
7.0,1.81,6.0,0.00022238683710223972
7.0,1.81,7.0,-0.00012096292234220485
7.0,1.81,8.0,1.6757880128698277e-05
7.0,1.81,9.0,-0.00014248599237608184
7.0,1.81,10.0,-3.447065505998714e-05
7.0,1.81,11.0,4.0764580044871934e-08
7.0,1.81,12.0,9.699945037244806e-06
7.0,1.81,13.0,4.6515683248149475e-05
7.0,1.81,14.0,7.638825203573618e-05
7.0,1.81,15.0,8.209227507327554e-06
7.0,1.81,16.0,-9.160170729580197e-05
7.0,1.81,17.0,-0.0003093659014683503
7.0,1.81,18.0,8.234239853427416e-05
7.0,1.81,19.0,-0.00014135904531686894
7.0,1.81,20.0,0.0001635147853232266
7.0,1.81,21.0,4.673569889812601e-06
7.0,2.01,0.0,0.00048570562468142064
7.0,2.01,1.0,1.427966418546256e-05
7.0,2.01,2.0,0.00022290693808002526
7.0,2.01,3.0,1.0684914566322368e-06
7.0,2.01,4.0,1.969518917194213e-05
7.0,2.01,5.0,-0.00032490213549915255
7.0,2.01,6.0,0.00022237825761339813
7.0,2.01,7.0,-0.00012095133451234252
7.0,2.01,8.0,1.6757880128531744e-05
7.0,2.01,9.0,-0.00014248990236961911
7.0,2.01,10.0,-3.44972206834937e-05
7.0,2.01,11.0,4.0764580044871934e-08
7.0,2.01,12.0,9.650548125739178e-06
7.0,2.01,13.0,4.651598701774229e-05
7.0,2.01,14.0,7.639504233364347e-05
7.0,2.01,15.0,8.209222967639485e-06
7.0,2.01,16.0,-9.159070578662609e-05
7.0,2.01,17.0,-0.0003093826784210385
7.0,2.01,18.0,8.234479621085922e-05
7.0,2.01,19.0,-0.0001414921906265354
7.0,2.01,20.0,0.00016279947390068772
7.0,2.01,21.0,4.673569889729334e-06
7.0,2.21,0.0,0.00048578655492415024
7.0,2.21,1.0,1.428137303749466e-05
7.0,2.21,2.0,0.00022285001413602235
7.0,2.21,3.0,1.0684914566322368e-06
7.0,2.21,4.0,1.972683748724391e-05
7.0,2.21,5.0,-0.00032490217973491897
7.0,2.21,6.0,0.00022236967962946386
7.0,2.21,7.0,-0.00012093975003349411
7.0,2.21,8.0,1.675788012836521e-05
7.0,2.21,9.0,-0.0001424938123827102
7.0,2.21,10.0,-3.4523781187179026e-05
7.0,2.21,11.0,4.0764580044871934e-08
7.0,2.21,12.0,9.601160103123174e-06
7.0,2.21,13.0,4.6516291008380506e-05
7.0,2.21,14.0,7.640183192750283e-05
7.0,2.21,15.0,8.209218458607448e-06
7.0,2.21,16.0,-9.157970753254085e-05
7.0,2.21,17.0,-0.0003093994524743793
7.0,2.21,18.0,8.234719363672816e-05
7.0,2.21,19.0,-0.00014162531630135256
7.0,2.21,20.0,0.00016208432370851122
7.0,2.21,21.0,4.673569889701579e-06
7.0,2.41,0.0,0.0004858674701758714
7.0,2.41,1.0,1.4283081456900604e-05
7.0,2.41,2.0,0.0002227931035518882
7.0,2.41,3.0,1.068491456618359e-06
7.0,2.41,4.0,1.9758480124532074e-05
7.0,2.41,5.0,-0.00032490222396435315
7.0,2.41,6.0,0.00022236110314782787
7.0,2.41,7.0,-0.00012092816891265401
7.0,2.41,8.0,1.6757880128191738e-05
7.0,2.41,9.0,-0.00014249772241968495
7.0,2.41,10.0,-3.455033657523421e-05
7.0,2.41,11.0,4.0764580044871934e-08
7.0,2.41,12.0,9.551780959377032e-06
7.0,2.41,13.0,4.651659522186824e-05
7.0,2.41,14.0,7.640862082222699e-05
7.0,2.41,15.0,8.209213980370222e-06
7.0,2.41,16.0,-9.156871253759857e-05
7.0,2.41,17.0,-0.0003094162236342013
7.0,2.41,18.0,8.234959081754312e-05
7.0,2.41,19.0,-0.0001417584223811219
7.0,2.41,20.0,0.00016136933516153196
7.0,2.41,21.0,4.673569889673823e-06
7.0,2.61,0.0,0.00048594837041227024
7.0,2.61,1.0,1.428478944293099e-05
7.0,2.61,2.0,0.00022273620640006486
7.0,2.61,3.0,1.068491456618359e-06
7.0,2.61,4.0,1.9790117095075388e-05
7.0,2.61,5.0,-0.00032490226818745625
7.0,2.61,6.0,0.00022235252816710238
7.0,2.61,7.0,-0.00012091659115723297
7.0,2.61,8.0,1.6757880128018265e-05
7.0,2.61,9.0,-0.00014250163248516468
7.0,2.61,10.0,-3.457688685168381e-05
7.0,2.61,11.0,4.0764580044871934e-08
7.0,2.61,12.0,9.502410686812457e-06
7.0,2.61,13.0,4.651689966023165e-05
7.0,2.61,14.0,7.641540902253441e-05
7.0,2.61,15.0,8.209209533052708e-06
7.0,2.61,16.0,-9.15577208055185e-05
7.0,2.61,17.0,-0.0003094329919047789
7.0,2.61,18.0,8.23519877583001e-05
7.0,2.61,19.0,-0.00014189150890164814
7.0,2.61,20.0,0.00016065450869906517
7.0,2.61,21.0,4.673569889618312e-06
7.0,2.81,0.0,0.000486029255609588
7.0,2.81,1.0,1.4286496994780906e-05
7.0,2.81,2.0,0.00022267932275221725
7.0,2.81,3.0,1.068491456618359e-06
7.0,2.81,4.0,1.982174841275164e-05
7.0,2.81,5.0,-0.00032490231240422934
7.0,2.81,6.0,0.0002223439546848449
7.0,2.81,7.0,-0.00012090501677472498
7.0,2.81,8.0,1.6757880127844793e-05
7.0,2.81,9.0,-0.00014250554258360415
7.0,2.81,10.0,-3.460343202027483e-05
7.0,2.81,11.0,4.0764580044871934e-08
7.0,2.81,12.0,9.453049276547665e-06
7.0,2.81,13.0,4.651720432533035e-05
7.0,2.81,14.0,7.64221965332823e-05
7.0,2.81,15.0,8.20920511680756e-06
7.0,2.81,16.0,-9.154673234071375e-05
7.0,2.81,17.0,-0.0003094497572917465
7.0,2.81,18.0,8.235438446441146e-05
7.0,2.81,19.0,-0.00014202457590267725
7.0,2.81,20.0,0.00015993984475171086
7.0,2.81,21.0,4.673569889562801e-06
7.0,3.01,0.0,0.000486110125744621
7.0,3.01,1.0,1.4288204111756464e-05
7.0,3.01,2.0,0.00022262245267895553
7.0,3.01,3.0,1.0684914566044812e-06
7.0,3.01,4.0,1.9853374092326792e-05
7.0,3.01,5.0,-0.00032490235661467357
7.0,3.01,6.0,0.00022233538269861297
7.0,3.01,7.0,-0.00012089344577190242
7.0,3.01,8.0,1.675788012767132e-05
7.0,3.01,9.0,-0.00014250945271937487
7.0,3.01,10.0,-3.462997208600327e-05
7.0,3.01,11.0,4.0764580044871934e-08
7.0,3.01,12.0,9.403696718063292e-06
7.0,3.01,13.0,4.6517509219051734e-05
7.0,3.01,14.0,7.642898335941117e-05
7.0,3.01,15.0,8.209200731815192e-06
7.0,3.01,16.0,-9.153574714659829e-05
7.0,3.01,17.0,-0.00030946651980093276
7.0,3.01,18.0,8.235678094184462e-05
7.0,3.01,19.0,-0.00014215762342401073
7.0,3.01,20.0,0.0001592253437330271
7.0,3.01,21.0,4.673569889479534e-06
7.0,3.21,0.0,0.0004861909807929443
7.0,3.21,1.0,1.4289910793136018e-05
7.0,3.21,2.0,0.00022256559625349892
7.0,3.21,3.0,1.068491456618359e-06
7.0,3.21,4.0,1.988499414645739e-05
7.0,3.21,5.0,-0.00032490240081879
7.0,3.21,6.0,0.00022232681220629713
7.0,3.21,7.0,-0.00012088187815634255
7.0,3.21,8.0,1.675788012749091e-05
7.0,3.21,9.0,-0.00014251336289698713
7.0,3.21,10.0,-3.465650705267165e-05
7.0,3.21,11.0,4.0764580044871934e-08
7.0,3.21,12.0,9.354353003421245e-06
7.0,3.21,13.0,4.651781434328317e-05
7.0,3.21,14.0,7.6435769505806e-05
7.0,3.21,15.0,8.209196378117234e-06
7.0,3.21,16.0,-9.152476522711339e-05
7.0,3.21,17.0,-0.0003094832794371394
7.0,3.21,18.0,8.235917719576213e-05
7.0,3.21,19.0,-0.00014229065150406228
7.0,3.21,20.0,0.00015851100607466861
7.0,3.21,21.0,4.673569889424023e-06
7.0,3.41,0.0,0.00048627182073035513
7.0,3.41,1.0,1.4291617038225679e-05
7.0,3.41,2.0,0.00022250875354906663
7.0,3.41,3.0,1.0684914566044812e-06
7.0,3.41,4.0,1.9916608589576335e-05
7.0,3.41,5.0,-0.00032490244501657986
7.0,3.41,6.0,0.00022231824320567695
7.0,3.41,7.0,-0.00012087031393531733
7.0,3.41,8.0,1.6757880127324376e-05
7.0,3.41,9.0,-0.00014251727312085405
7.0,3.41,10.0,-3.4683036924970656e-05
7.0,3.41,11.0,4.0764580044871934e-08
7.0,3.41,12.0,9.305018122518494e-06
7.0,3.41,13.0,4.65181196999398e-05
7.0,3.41,14.0,7.644255497726848e-05
7.0,3.41,15.0,8.209192055907977e-06
7.0,3.41,16.0,-9.151378658631137e-05
7.0,3.41,17.0,-0.00030950003620594524
7.0,3.41,18.0,8.236157323204818e-05
7.0,3.41,19.0,-0.00014242366018296648
7.0,3.41,20.0,0.00015779683220890073
7.0,3.41,21.0,4.6735698894517785e-06
7.0,3.61,0.0,0.0004863526455338718
7.0,3.61,1.0,1.4293322846165024e-05
7.0,3.61,2.0,0.00022245192463649088
7.0,3.61,3.0,1.0684914566044812e-06
7.0,3.61,4.0,1.9948217435394877e-05
7.0,3.61,5.0,-0.00032490248920804426
7.0,3.61,6.0,0.00022230967569453197
7.0,3.61,7.0,-0.00012085875311584893
7.0,3.61,8.0,1.6757880127150904e-05
7.0,3.61,9.0,-0.00014252118339547204
7.0,3.61,10.0,-3.470956170717465e-05
7.0,3.61,11.0,4.076458005874972e-08
7.0,3.61,12.0,9.255692066195698e-06
7.0,3.61,13.0,4.651842529099226e-05
7.0,3.61,14.0,7.64493397788224e-05
7.0,3.61,15.0,8.20918776531232e-06
7.0,3.61,16.0,-9.150281122777271e-05
7.0,3.61,17.0,-0.0003095167901128737
7.0,3.61,18.0,8.236396905608734e-05
7.0,3.61,19.0,-0.00014255664950113545
7.0,3.61,20.0,0.0001570828225531673
7.0,3.61,21.0,4.673569889340756e-06
7.0,3.81,0.0,0.00048643345517962455
7.0,3.81,1.0,1.429502821634343e-05
7.0,3.81,2.0,0.0002223951095890464
7.0,3.81,3.0,1.0684914566044812e-06
7.0,3.81,4.0,1.997982069751325e-05
7.0,3.81,5.0,-0.0003249025333931843
7.0,3.81,6.0,0.00022230110967075278
7.0,3.81,7.0,-0.0001208471957054591
7.0,3.81,8.0,1.675788012697743e-05
7.0,3.81,9.0,-0.00014252509372536526
7.0,3.81,10.0,-3.4736081403557995e-05
7.0,3.81,11.0,4.0764580044871934e-08
7.0,3.81,12.0,9.206374825321273e-06
7.0,3.81,13.0,4.651873111824467e-05
7.0,3.81,14.0,7.645612391538048e-05
7.0,3.81,15.0,8.209183506469042e-06
7.0,3.81,16.0,-9.149183915568848e-05
7.0,3.81,17.0,-0.0003095335411632538
7.0,3.81,18.0,8.236636467348624e-05
7.0,3.81,19.0,-0.00014268961949737147
7.0,3.81,20.0,0.00015636897753878998
7.0,3.81,21.0,4.673569889313001e-06
7.0,4.01,0.0,0.00048651424964218926
7.0,4.01,1.0,1.4296733147928231e-05
7.0,4.01,2.0,0.0002223383084819508
7.0,4.01,3.0,1.0684914565906034e-06
7.0,4.01,4.0,2.00114183905864e-05
7.0,4.01,5.0,-0.0003249025775720011
7.0,4.01,6.0,0.0002222925451318969
7.0,4.01,7.0,-0.00012083564171139205
7.0,4.01,8.0,1.675788012680396e-05
7.0,4.01,9.0,-0.00014252900411501623
7.0,4.01,10.0,-3.47625960189224e-05
7.0,4.01,11.0,4.0764580044871934e-08
7.0,4.01,12.0,9.15706638979219e-06
7.0,4.01,13.0,4.651903718372319e-05
7.0,4.01,14.0,7.64629073918277e-05
7.0,4.01,15.0,8.209179279544676e-06
7.0,4.01,16.0,-9.148087037352814e-05
7.0,4.01,17.0,-0.0003095502893625812
7.0,4.01,18.0,8.236876009012906e-05
7.0,4.01,19.0,-0.00014282257021436262
7.0,4.01,20.0,0.00015565529760164232
7.0,4.01,21.0,4.6735698892574895e-06
8.0,0.01,0.0,0.00019536535282305145
8.0,0.01,1.0,4.969121260856024e-07
8.0,0.01,2.0,2.1857917287870787e-05
8.0,0.01,3.0,1.0541717362366754e-06
8.0,0.01,4.0,-0.00018536911092020825
8.0,0.01,5.0,0.0001364113620209717
8.0,0.01,6.0,-0.00012759603793163765
8.0,0.01,7.0,2.311989275449733e-05
8.0,0.01,8.0,1.674247132002482e-05
8.0,0.01,9.0,-0.00016041118140718014
8.0,0.01,10.0,0.00012597002127884283
8.0,0.01,11.0,3.5962134270484114e-08
8.0,0.01,12.0,-0.00025320191668716865
8.0,0.01,13.0,0.0001851311969385816
8.0,0.01,14.0,-0.001133275532068619
8.0,0.01,15.0,1.2020826445607868e-05
8.0,0.01,16.0,-0.00011138784282233027
8.0,0.01,17.0,9.159559026700181e-05
8.0,0.01,18.0,0.0001395566923928504
8.0,0.01,19.0,-0.0004370053911036398
8.0,0.01,20.0,0.0003200891642098913
8.0,0.01,21.0,5.504716694110234e-06
8.0,0.21000000000000002,0.0,0.010344915201335847
8.0,0.21000000000000002,1.0,0.00039205859175764357
8.0,0.21000000000000002,2.0,0.00040424377396108824
8.0,0.21000000000000002,3.0,1.0541717434808806e-06
8.0,0.21000000000000002,4.0,-0.0034898991920287448
8.0,0.21000000000000002,5.0,0.0002581293452484368
8.0,0.21000000000000002,6.0,-0.0008601164949285367
8.0,0.21000000000000002,7.0,-0.001344177457342055
8.0,0.21000000000000002,8.0,1.674247166958548e-05
8.0,0.21000000000000002,9.0,-0.0035008556820534387
8.0,0.21000000000000002,10.0,0.0005751384738292287
8.0,0.21000000000000002,11.0,3.596213431211748e-08
8.0,0.21000000000000002,12.0,-0.001255198282902853
8.0,0.21000000000000002,13.0,0.0033110151788144915
8.0,0.21000000000000002,14.0,-0.0011441589096941964
8.0,0.21000000000000002,15.0,0.00014229140854921107
8.0,0.21000000000000002,16.0,-0.003462358545027494
8.0,0.21000000000000002,17.0,-0.0014141119277910341
8.0,0.21000000000000002,18.0,-0.0027391857057795232
8.0,0.21000000000000002,19.0,-0.0023722095914754937
8.0,0.21000000000000002,20.0,0.0020790075316243772
8.0,0.21000000000000002,21.0,5.5047168090738285e-06
8.0,0.41000000000000003,0.0,0.020359927125339794
8.0,0.41000000000000003,1.0,0.0007698373071277631
8.0,0.41000000000000003,2.0,0.0007926052629944058
8.0,0.41000000000000003,3.0,1.0541717450768262e-06
8.0,0.41000000000000003,4.0,-0.006818336658851454
8.0,0.41000000000000003,5.0,0.0003871540741101631
8.0,0.41000000000000003,6.0,-0.0015790508235239004
8.0,0.41000000000000003,7.0,-0.0028179456969145145
8.0,0.41000000000000003,8.0,1.6742471749972565e-05
8.0,0.41000000000000003,9.0,-0.006877172527802844
8.0,0.41000000000000003,10.0,0.00101327094795306
8.0,0.41000000000000003,11.0,3.596213431211748e-08
8.0,0.41000000000000003,12.0,-0.002234614917234371
8.0,0.41000000000000003,13.0,0.006507674688193521
8.0,0.41000000000000003,14.0,-0.0011534666936953777
8.0,0.41000000000000003,15.0,0.0002767602439830985
8.0,0.41000000000000003,16.0,-0.006856414484672585
8.0,0.41000000000000003,17.0,-0.0029180467439431923
8.0,0.41000000000000003,18.0,-0.0055729231993629225
8.0,0.41000000000000003,19.0,-0.00433628080070303
8.0,0.41000000000000003,20.0,0.004008941806008137
8.0,0.41000000000000003,21.0,5.504716835580403e-06
8.0,0.6100000000000001,0.0,0.030880143603250088
8.0,0.6100000000000001,1.0,0.0011920597604744843
8.0,0.6100000000000001,2.0,0.0011652998894108035
8.0,0.6100000000000001,3.0,1.0541717471307388e-06
8.0,0.6100000000000001,4.0,-0.010024686613776368
8.0,0.6100000000000001,5.0,0.0004491957193319962
8.0,0.6100000000000001,6.0,-0.002302541808671524
8.0,0.6100000000000001,7.0,-0.004039347804469795
8.0,0.6100000000000001,8.0,1.6742471856186214e-05
8.0,0.6100000000000001,9.0,-0.010153719097916597
8.0,0.6100000000000001,10.0,0.0014418756594604676
8.0,0.6100000000000001,11.0,3.5962134325995265e-08
8.0,0.6100000000000001,12.0,-0.0031913983597114427
8.0,0.6100000000000001,13.0,0.009513681386772999
8.0,0.6100000000000001,14.0,-0.00116141163640146
8.0,0.6100000000000001,15.0,0.00040017515015505767
8.0,0.6100000000000001,16.0,-0.010164381342753881
8.0,0.6100000000000001,17.0,-0.0045001427911181835
8.0,0.6100000000000001,18.0,-0.008617198315777175
8.0,0.6100000000000001,19.0,-0.00622320601243026
8.0,0.6100000000000001,20.0,0.005363439362240541
8.0,0.6100000000000001,21.0,5.504716870441406e-06
8.0,0.81,0.0,0.041080769377267456
8.0,0.81,1.0,0.0015831485147054791
8.0,0.81,2.0,0.0015501685250171593
8.0,0.81,3.0,1.0541717465201161e-06
8.0,0.81,4.0,-0.013313051869046078
8.0,0.81,5.0,0.000536844037953621
8.0,0.81,6.0,-0.0030056087804739146
8.0,0.81,7.0,-0.005479510536512466
8.0,0.81,8.0,1.6742471824295058e-05
8.0,0.81,9.0,-0.013508954478504503
8.0,0.81,10.0,0.0018570158157607541
8.0,0.81,11.0,3.596213433987305e-08
8.0,0.81,12.0,-0.004121009868528595
8.0,0.81,13.0,0.012663695097186095
8.0,0.81,14.0,-0.001168208968393969
8.0,0.81,15.0,0.0005320940877606428
8.0,0.81,16.0,-0.01355242397421308
8.0,0.81,17.0,-0.0060570039085403315
8.0,0.81,18.0,-0.01153625775317041
8.0,0.81,19.0,-0.008167955706505636
8.0,0.81,20.0,0.007111449610083587
8.0,0.81,21.0,5.504716859977554e-06
8.0,1.01,0.0,0.051747976629655135
8.0,1.01,1.0,0.002018236143894875
8.0,1.01,2.0,0.0019202789962771694
8.0,1.01,3.0,1.054171747644217e-06
8.0,1.01,4.0,-0.016545170945199195
8.0,1.01,5.0,0.000560564599227098
8.0,1.01,6.0,-0.0037089406701909383
8.0,1.01,7.0,-0.006679153968997764
8.0,1.01,8.0,1.6742471885093646e-05
8.0,1.01,9.0,-0.016776448102439653
8.0,1.01,10.0,0.00226066715552925
8.0,1.01,11.0,3.5962134325995265e-08
8.0,1.01,12.0,-0.005023675947469414
8.0,1.01,13.0,0.015632448701050933
8.0,1.01,14.0,-0.0011740079035657187
8.0,1.01,15.0,0.0006527559945023464
8.0,1.01,16.0,-0.01685400598361056
8.0,1.01,17.0,-0.007676951098221918
8.0,1.01,18.0,-0.014614317666452492
8.0,1.01,19.0,-0.010032018619650307
8.0,1.01,20.0,0.008359679334235648
8.0,1.01,21.0,5.504716879961569e-06
8.0,1.2100000000000002,0.0,0.06221749425905376
8.0,1.2100000000000002,1.0,0.002433395048785869
8.0,1.2100000000000002,2.0,0.002298337719178728
8.0,1.2100000000000002,3.0,1.0541717442719145e-06
8.0,1.2100000000000002,4.0,-0.01982572195296961
8.0,1.2100000000000002,5.0,0.000594448444594442
8.0,1.2100000000000002,6.0,-0.004394140600091634
8.0,1.2100000000000002,7.0,-0.008029347992592473
8.0,1.2100000000000002,8.0,1.6742471713515616e-05
8.0,1.2100000000000002,9.0,-0.020096072028123788
8.0,1.2100000000000002,10.0,0.002649615600816335
8.0,1.2100000000000002,11.0,3.596213431211748e-08
8.0,1.2100000000000002,12.0,-0.005895585113465794
8.0,1.2100000000000002,13.0,0.01869511039314975
8.0,1.2100000000000002,14.0,-0.0011789638573347712
8.0,1.2100000000000002,15.0,0.0007789191812545004
8.0,1.2100000000000002,16.0,-0.020211943180617947
8.0,1.2100000000000002,17.0,-0.009289603968785726
8.0,1.2100000000000002,18.0,-0.017618625487581918
8.0,1.2100000000000002,19.0,-0.011934076431354357
8.0,1.2100000000000002,20.0,0.009854256040053633
8.0,1.2100000000000002,21.0,5.5047168235344834e-06
8.0,1.4100000000000001,0.0,0.07258620538377458
8.0,1.4100000000000001,1.0,0.0028369524667396506
8.0,1.4100000000000001,2.0,0.002681164496897287
8.0,1.4100000000000001,3.0,1.0541717448547816e-06
8.0,1.4100000000000001,4.0,-0.02313254869856246
8.0,1.4100000000000001,5.0,0.0006262465985805155
8.0,1.4100000000000001,6.0,-0.005063358405428223
8.0,1.4100000000000001,7.0,-0.009474912404539765
8.0,1.4100000000000001,8.0,1.6742471742707543e-05
8.0,1.4100000000000001,9.0,-0.023444302132079903
8.0,1.4100000000000001,10.0,0.0030235143138026
8.0,1.4100000000000001,11.0,3.596213431211748e-08
8.0,1.4100000000000001,12.0,-0.006735325423469718
8.0,1.4100000000000001,13.0,0.021813783116631263
8.0,1.4100000000000001,14.0,-0.0011831962243172805
8.0,1.4100000000000001,15.0,0.00090856895038402
8.0,1.4100000000000001,16.0,-0.023604633035599648
8.0,1.4100000000000001,17.0,-0.010907075699461699
8.0,1.4100000000000001,18.0,-0.02058849710955707
8.0,1.4100000000000001,19.0,-0.013856955492757006
8.0,1.4100000000000001,20.0,0.011485097910639841
8.0,1.4100000000000001,21.0,5.504716833137913e-06
8.0,1.61,0.0,0.08313792102611006
8.0,1.61,1.0,0.0032589122708491514
8.0,1.61,2.0,0.0030586495041576844
8.0,1.61,3.0,1.0541717445911036e-06
8.0,1.61,4.0,-0.026430832972195062
8.0,1.61,5.0,0.0006252685317780227
8.0,1.61,6.0,-0.00572308851630067
8.0,1.61,7.0,-0.010846697601676253
8.0,1.61,8.0,1.6742471730391006e-05
8.0,1.61,9.0,-0.02676616632753752
8.0,1.61,10.0,0.0033826130519664654
8.0,1.61,11.0,3.596213431211748e-08
8.0,1.61,12.0,-0.007541938954601262
8.0,1.61,13.0,0.02486446101272563
8.0,1.61,14.0,-0.0011868062399730287
8.0,1.61,15.0,0.001033587227529692
8.0,1.61,16.0,-0.026972618918151753
8.0,1.61,17.0,-0.012557537479005704
8.0,1.61,18.0,-0.023612196390119855
8.0,1.61,19.0,-0.015748818761795014
8.0,1.61,20.0,0.012929727624112763
8.0,1.61,21.0,5.504716829113354e-06
8.0,1.81,0.0,0.09358918027111085
8.0,1.81,1.0,0.0036690726296312037
8.0,1.81,2.0,0.003440788768581199
8.0,1.81,3.0,1.0541717455903044e-06
8.0,1.81,4.0,-0.029752487953283002
8.0,1.81,5.0,0.0006207909845870052
8.0,1.81,6.0,-0.006365949929892964
8.0,1.81,7.0,-0.012313411185644885
8.0,1.81,8.0,1.6742471780892276e-05
8.0,1.81,9.0,-0.030114197543324076
8.0,1.81,10.0,0.003725444515234655
8.0,1.81,11.0,3.596213431211748e-08
8.0,1.81,12.0,-0.008313437880311424
8.0,1.81,13.0,0.027971432555514986
8.0,1.81,14.0,-0.0011898874901933145
8.0,1.81,15.0,0.0011621489795528572
8.0,1.81,16.0,-0.030374126202058982
8.0,1.81,17.0,-0.014214041953048762
8.0,1.81,18.0,-0.026603247583995793
8.0,1.81,19.0,-0.017660757629491486
8.0,1.81,20.0,0.01450825562899466
8.0,1.81,21.0,5.504716845683433e-06
8.0,2.01,0.0,0.10403666575266501
8.0,2.01,1.0,0.004077529323811446
8.0,2.01,2.0,0.003824182358879241
8.0,2.01,3.0,1.054171746076027e-06
8.0,2.01,4.0,-0.033085291176822795
8.0,2.01,5.0,0.0006028316226749375
8.0,2.01,6.0,-0.006993709359174219
8.0,2.01,7.0,-0.013818626328221173
8.0,2.01,8.0,1.6742471804866155e-05
8.0,2.01,9.0,-0.033468016615472565
8.0,2.01,10.0,0.0040518522301618565
8.0,2.01,11.0,3.5962134325995265e-08
8.0,2.01,12.0,-0.00904891592735194
8.0,2.01,13.0,0.03109229244400155
8.0,2.01,14.0,-0.0011925159313452866
8.0,2.01,15.0,0.0012916918072410077
8.0,2.01,16.0,-0.0337877555598797
8.0,2.01,17.0,-0.015884792567803813
8.0,2.01,18.0,-0.029590041446556914
8.0,2.01,19.0,-0.019574537544017834
8.0,2.01,20.0,0.016112768781568587
8.0,2.01,21.0,5.504716853593772e-06
8.0,2.21,0.0,0.11453388504548967
8.0,2.21,1.0,0.004490342400302799
8.0,2.21,2.0,0.004206628598640821
8.0,2.21,3.0,1.0541717466033829e-06
8.0,2.21,4.0,-0.03642455354451174
8.0,2.21,5.0,0.0005637132255114086
8.0,2.21,6.0,-0.007607895223052885
8.0,2.21,7.0,-0.015329897707166612
8.0,2.21,8.0,1.6742471831844574e-05
8.0,2.21,9.0,-0.0368217628614623
8.0,2.21,10.0,0.004361632022631956
8.0,2.21,11.0,3.5962134325995265e-08
8.0,2.21,12.0,-0.009747500355984203
8.0,2.21,13.0,0.03419961554190862
8.0,2.21,14.0,-0.0011947568793605476
8.0,2.21,15.0,0.0014200397176006574
8.0,2.21,16.0,-0.03720455453138341
8.0,2.21,17.0,-0.017578377434041365
8.0,2.21,18.0,-0.0325916674022641
8.0,2.21,19.0,-0.02148086777094027
8.0,2.21,20.0,0.017675160696307535
8.0,2.21,21.0,5.5047168624478005e-06
8.0,2.41,0.0,0.12504423281473132
8.0,2.41,1.0,0.004903604786410221
8.0,2.41,2.0,0.004589473512514125
8.0,2.41,3.0,1.0541717468254275e-06
8.0,2.41,4.0,-0.03977269359905433
8.0,2.41,5.0,0.0005080301151653144
8.0,2.41,6.0,-0.008207144433066985
8.0,2.41,7.0,-0.016868913093835092
8.0,2.41,8.0,1.67424718428566e-05
8.0,2.41,9.0,-0.0401792197964506
8.0,2.41,10.0,0.004654457581035498
8.0,2.41,11.0,3.596213433987305e-08
8.0,2.41,12.0,-0.010408576287939796
8.0,2.41,13.0,0.03731000611762966
8.0,2.41,14.0,-0.0011966674568054632
8.0,2.41,15.0,0.001548528895707696
8.0,2.41,16.0,-0.04063018863405232
8.0,2.41,17.0,-0.019289367217709047
8.0,2.41,18.0,-0.035595084940066024
8.0,2.41,19.0,-0.023385555194482655
8.0,2.41,20.0,0.01923846949889413
8.0,2.41,21.0,5.504716866056025e-06
8.0,2.61,0.0,0.13557080067287042
8.0,2.61,1.0,0.005317852033895454
8.0,2.61,2.0,0.004972503805789313
8.0,2.61,3.0,1.054171746783794e-06
8.0,2.61,4.0,-0.04312864949196732
8.0,2.61,5.0,0.00043526772853857976
8.0,2.61,6.0,-0.008791448690355641
8.0,2.61,7.0,-0.018432884021318402
8.0,2.61,8.0,1.6742471840240636e-05
8.0,2.61,9.0,-0.04353924564502548
8.0,2.61,10.0,0.004930236030130375
8.0,2.61,11.0,3.5962134325995265e-08
8.0,2.61,12.0,-0.011031832710932532
8.0,2.61,13.0,0.04042062232858937
8.0,2.61,14.0,-0.001198296038961498
8.0,2.61,15.0,0.001676977962320192
8.0,2.61,16.0,-0.04406338198509141
8.0,2.61,17.0,-0.021017972934861018
8.0,2.61,18.0,-0.038601004567656694
8.0,2.61,19.0,-0.025287546813062778
8.0,2.61,20.0,0.020796843931089992
8.0,2.61,21.0,5.504716865167847e-06
8.0,2.81,0.0,0.14611222710228233
8.0,2.81,1.0,0.005733148773896968
8.0,2.81,2.0,0.005355652408633005
8.0,2.81,3.0,1.0541717465062383e-06
8.0,2.81,4.0,-0.04649178016451455
8.0,2.81,5.0,0.0003454595053490883
8.0,2.81,6.0,-0.00936081167759198
8.0,2.81,7.0,-0.020021174700563915
8.0,2.81,8.0,1.6742471825835492e-05
8.0,2.81,9.0,-0.04690136442533836
8.0,2.81,10.0,0.005188984331921664
8.0,2.81,11.0,3.5962134325995265e-08
8.0,2.81,12.0,-0.011617241569300411
8.0,2.81,13.0,0.043530672953063426
8.0,2.81,14.0,-0.0011996840174296863
8.0,2.81,15.0,0.001805329636028613
8.0,2.81,16.0,-0.04750360785846228
8.0,2.81,17.0,-0.022763916796836065
8.0,2.81,18.0,-0.04160897366208954
8.0,2.81,19.0,-0.027186556336881385
8.0,2.81,20.0,0.022349260737168364
8.0,2.81,21.0,5.504716860449399e-06
8.0,3.01,0.0,0.15666467480055224
8.0,3.01,1.0,0.006149245006323356
8.0,3.01,2.0,0.005738934240025667
8.0,3.01,3.0,1.0541717460482714e-06
8.0,3.01,4.0,-0.04986169269484525
8.0,3.01,5.0,0.00023898274310851786
8.0,3.01,6.0,-0.009915290506156457
8.0,3.01,7.0,-0.021634281230140745
8.0,3.01,8.0,1.6742471800806902e-05
8.0,3.01,9.0,-0.05026538813909838
8.0,3.01,10.0,0.005430831960563265
8.0,3.01,11.0,3.596213431211748e-08
8.0,3.01,12.0,-0.012165057209297423
8.0,3.01,13.0,0.046640644877649934
8.0,3.01,14.0,-0.0012008667768418667
8.0,3.01,15.0,0.001933610474701003
8.0,3.01,16.0,-0.050950679616402816
8.0,3.01,17.0,-0.024526606872569245
8.0,3.01,18.0,-0.044617981761065184
8.0,3.01,19.0,-0.02908271917939137
8.0,3.01,20.0,0.023897615568938047
8.0,3.01,21.0,5.504716852233749e-06
8.0,3.21,0.0,0.1671791054742897
8.0,3.21,1.0,0.006558408430186569
8.0,3.21,2.0,0.006124038709160368
8.0,3.21,3.0,1.054171744896415e-06
8.0,3.21,4.0,-0.05324518286360652
8.0,3.21,5.0,0.00012100789461189088
8.0,3.21,6.0,-0.010454252766305336
8.0,3.21,7.0,-0.023301552897903477
8.0,3.21,8.0,1.67424717390785e-05
8.0,3.21,9.0,-0.053637847018046164
8.0,3.21,10.0,0.0056558247596496525
8.0,3.21,11.0,3.596213431211748e-08
8.0,3.21,12.0,-0.012675737468630651
8.0,3.21,13.0,0.049777478634598776
8.0,3.21,14.0,-0.001201874665929607
8.0,3.21,15.0,0.0020637960876640493
8.0,3.21,16.0,-0.05441231420517967
8.0,3.21,17.0,-0.026301507183301792
8.0,3.21,18.0,-0.047616635191517986
8.0,3.21,19.0,-0.03098478656032999
8.0,3.21,20.0,0.02550792286976339
8.0,3.21,21.0,5.504716831944423e-06
8.0,3.41,0.0,0.17775815045572219
8.0,3.41,1.0,0.006977873621590497
8.0,3.41,2.0,0.006506963484341627
8.0,3.41,3.0,1.0541717436335363e-06
8.0,3.41,4.0,-0.05662488606678717
8.0,3.41,5.0,-1.859889252642244e-05
8.0,3.41,6.0,-0.010979858386150856
8.0,3.41,7.0,-0.02495324114236308
8.0,3.41,8.0,1.6742471674199844e-05
8.0,3.41,9.0,-0.057001759784343756
8.0,3.41,10.0,0.005864783108937621
8.0,3.41,11.0,3.596213431211748e-08
8.0,3.41,12.0,-0.013150259386616986
8.0,3.41,13.0,0.05288009740681984
8.0,3.41,14.0,-0.0012027331215853278
8.0,3.41,15.0,0.0021914749690672697
8.0,3.41,16.0,-0.05786861877995214
8.0,3.41,17.0,-0.02809643748168794
8.0,3.41,18.0,-0.05062884257385564
8.0,3.41,19.0,-0.03287225870548277
8.0,3.41,20.0,0.02703208177679528
8.0,3.41,21.0,5.504716810600385e-06
8.0,3.61,0.0,0.18828949100764825
8.0,3.61,1.0,0.007388650735485086
8.0,3.61,2.0,0.006891887819532511
8.0,3.61,3.0,1.0541717447853927e-06
8.0,3.61,4.0,-0.060018205346865694
8.0,3.61,5.0,-0.00016818811739655048
8.0,3.61,6.0,-0.01149020097802654
8.0,3.61,7.0,-0.02666172002059733
8.0,3.61,8.0,1.6742471732465736e-05
8.0,3.61,9.0,-0.060372295931153966
8.0,3.61,10.0,0.006057638729510928
8.0,3.61,11.0,3.5962134325995265e-08
8.0,3.61,12.0,-0.013589414436712188
8.0,3.61,13.0,0.056014035380581445
8.0,3.61,14.0,-0.0012034646082014848
8.0,3.61,15.0,0.0023214462300258087
8.0,3.61,16.0,-0.06133837773243592
8.0,3.61,17.0,-0.029901198864229955
8.0,3.61,18.0,-0.05362747039658458
8.0,3.61,19.0,-0.03476599718298928
8.0,3.61,20.0,0.02863108089449684
8.0,3.61,21.0,5.504716829779488e-06
8.0,3.81,0.0,0.19882267142422672
8.0,3.81,1.0,0.007799217764811878
8.0,3.81,2.0,0.00727674047913926
8.0,3.81,3.0,1.0541717439527254e-06
8.0,3.81,4.0,-0.06341673068121484
8.0,3.81,5.0,-0.00033238292465848085
8.0,3.81,6.0,-0.011986953201735623
8.0,3.81,7.0,-0.02839203974437715
8.0,3.81,8.0,1.6742471688681315e-05
8.0,3.81,9.0,-0.06374265327942497
8.0,3.81,10.0,0.006235173526045357
8.0,3.81,11.0,3.596213431211748e-08
8.0,3.81,12.0,-0.013994544737632474
8.0,3.81,13.0,0.05914859668095282
8.0,3.81,14.0,-0.0012040876916985322
8.0,3.81,15.0,0.002451514505755925
8.0,3.81,16.0,-0.06481246797982987
8.0,3.81,17.0,-0.031720044042600815
8.0,3.81,18.0,-0.056625840026852
8.0,3.81,19.0,-0.03665647538258415
8.0,3.81,20.0,0.030230477726361393
8.0,3.81,21.0,5.504716815318833e-06
8.0,4.01,0.0,0.20934129038746252
8.0,4.01,1.0,0.008206525475160958
8.0,4.01,2.0,0.007662030719002011
8.0,4.01,3.0,1.0541717429535247e-06
8.0,4.01,4.0,-0.066822358037676
8.0,4.01,5.0,-0.0005087573635653708
8.0,4.01,6.0,-0.01247011217917518
8.0,4.01,7.0,-0.030152529448777693
8.0,4.01,8.0,1.674247163551551e-05
8.0,4.01,9.0,-0.06711280940092329
8.0,4.01,10.0,0.006397903377753811
8.0,4.01,11.0,3.596213429823969e-08
8.0,4.01,12.0,-0.014367005024362488
8.0,4.01,13.0,0.06229347639105157
8.0,4.01,14.0,-0.0012046184519056847
8.0,4.01,15.0,0.0025825151677499325
8.0,4.01,16.0,-0.06829188587834498
8.0,4.01,17.0,-0.033550210854782575
8.0,4.01,18.0,-0.05961932281315141
8.0,4.01,19.0,-0.038545896913901534
8.0,4.01,20.0,0.03185550626845585
8.0,4.01,21.0,5.504716797860576e-06
9.0,0.01,0.0,0.0007334518022450442
9.0,0.01,1.0,3.6750777167859905e-05
9.0,0.01,2.0,3.092527608594686e-05
9.0,0.01,3.0,1.0539459971981024e-06
9.0,0.01,4.0,0.001335050788936032
9.0,0.01,5.0,-0.0021708217789280677
9.0,0.01,6.0,0.001353274122280479
9.0,0.01,7.0,-6.39081324810862e-07
9.0,0.01,8.0,1.6742146475061392e-05
9.0,0.01,9.0,-0.00028552525206869406
9.0,0.01,10.0,-0.0007730842961325424
9.0,0.01,11.0,3.5856588628813135e-08
9.0,0.01,12.0,0.001717091979571872
9.0,0.01,13.0,0.00017171024852025152
9.0,0.01,14.0,-0.000989473814342643
9.0,0.01,15.0,1.8862340513431386e-05
9.0,0.01,16.0,0.0005235792261613637
9.0,0.01,17.0,-1.0214057667162676e-07
9.0,0.01,18.0,0.0015670302353307797
9.0,0.01,19.0,6.984706737572788e-05
9.0,0.01,20.0,0.0006823610484000264
9.0,0.01,21.0,4.9930433398959195e-06
9.0,0.21000000000000002,0.0,0.0007335531413936724
9.0,0.21000000000000002,1.0,3.6754637238428645e-05
9.0,0.21000000000000002,2.0,3.09286626889449e-05
9.0,0.21000000000000002,3.0,1.053945997225858e-06
9.0,0.21000000000000002,4.0,0.0013348681443325905
9.0,0.21000000000000002,5.0,-0.002170950456200048
9.0,0.21000000000000002,6.0,0.001353358903862123
9.0,0.21000000000000002,7.0,-6.390813248200745e-07
9.0,0.21000000000000002,8.0,1.6742146476053654e-05
9.0,0.21000000000000002,9.0,-0.0002855622959222204
9.0,0.21000000000000002,10.0,-0.0007731347143424272
9.0,0.21000000000000002,11.0,3.5856588628813135e-08
9.0,0.21000000000000002,12.0,0.0017170570285874875
9.0,0.21000000000000002,13.0,0.0001717332758373047
9.0,0.21000000000000002,14.0,-0.0009894835863348272
9.0,0.21000000000000002,15.0,1.8863844086475234e-05
9.0,0.21000000000000002,16.0,0.0005236863999732444
9.0,0.21000000000000002,17.0,-1.02140576671856e-07
9.0,0.21000000000000002,18.0,0.0015673995477143432
9.0,0.21000000000000002,19.0,6.983827614442939e-05
9.0,0.21000000000000002,20.0,0.0006822989754676767
9.0,0.21000000000000002,21.0,4.993043340173475e-06
9.0,0.41000000000000003,0.0,0.0007336434194793462
9.0,0.41000000000000003,1.0,3.6758107782614013e-05
9.0,0.41000000000000003,2.0,3.093170802709322e-05
9.0,0.41000000000000003,3.0,1.0539459972397358e-06
9.0,0.41000000000000003,4.0,0.0013346814964916298
9.0,0.41000000000000003,5.0,-0.002171072250549709
9.0,0.41000000000000003,6.0,0.001353438732777823
9.0,0.41000000000000003,7.0,-6.39081324829123e-07
9.0,0.41000000000000003,8.0,1.6742146477052855e-05
9.0,0.41000000000000003,9.0,-0.00028559575997520736
9.0,0.41000000000000003,10.0,-0.0007731827633549182
9.0,0.41000000000000003,11.0,3.5856588628813135e-08
9.0,0.41000000000000003,12.0,0.0017170166993071279
9.0,0.41000000000000003,13.0,0.00017175387270640385
9.0,0.41000000000000003,14.0,-0.0009894931177688582
9.0,0.41000000000000003,15.0,1.8865204594181728e-05
9.0,0.41000000000000003,16.0,0.0005237941741718655
9.0,0.41000000000000003,17.0,-1.0214057667208298e-07
9.0,0.41000000000000003,18.0,0.0015677649253724724
9.0,0.41000000000000003,19.0,6.983190580756027e-05
9.0,0.41000000000000003,20.0,0.0006822320940010895
9.0,0.41000000000000003,21.0,4.993043340478787e-06
9.0,0.6100000000000001,0.0,0.0007337238431102122
9.0,0.6100000000000001,1.0,3.676122823678685e-05
9.0,0.6100000000000001,2.0,3.093444666107947e-05
9.0,0.6100000000000001,3.0,1.0539459972674914e-06
9.0,0.6100000000000001,4.0,0.0013344912538983955
9.0,0.6100000000000001,5.0,-0.002171187625254107
9.0,0.6100000000000001,6.0,0.0013535138887022513
9.0,0.6100000000000001,7.0,-6.390813248380155e-07
9.0,0.6100000000000001,8.0,1.6742146478038178e-05
9.0,0.6100000000000001,9.0,-0.0002856259956370011
9.0,0.6100000000000001,10.0,-0.0007732286006070788
9.0,0.6100000000000001,11.0,3.585658864269092e-08
9.0,0.6100000000000001,12.0,0.0017169713464038616
9.0,0.6100000000000001,13.0,0.00017177229579057318
9.0,0.6100000000000001,14.0,-0.0009895024166589883
9.0,0.6100000000000001,15.0,1.8866435749026467e-05
9.0,0.6100000000000001,16.0,0.0005239024397554193
9.0,0.6100000000000001,17.0,-1.0214057667230781e-07
9.0,0.6100000000000001,18.0,0.001568126679199866
9.0,0.6100000000000001,19.0,6.982769463032001e-05
9.0,0.6100000000000001,20.0,0.0006821608918707867
9.0,0.6100000000000001,21.0,4.993043340784098e-06
9.0,0.81,0.0,0.0007337954873817276
9.0,0.81,1.0,3.6764034034908466e-05
9.0,0.81,2.0,3.0936909637846455e-05
9.0,0.81,3.0,1.0539459972813692e-06
9.0,0.81,4.0,0.0013342977853855187
9.0,0.81,5.0,-0.0021712970082490707
9.0,0.81,6.0,0.0013535846262120454
9.0,0.81,7.0,-6.390813248467595e-07
9.0,0.81,8.0,1.674214647903738e-05
9.0,0.81,9.0,-0.00028565331944344075
9.0,0.81,10.0,-0.0007732723717431278
9.0,0.81,11.0,3.5856588628813135e-08
9.0,0.81,12.0,0.0017169212947610868
9.0,0.81,13.0,0.0001717887746442437
9.0,0.81,14.0,-0.000989511490847115
9.0,0.81,15.0,1.886754994157025e-05
9.0,0.81,16.0,0.0005240111015851201
9.0,0.81,17.0,-1.021405766725306e-07
9.0,0.81,18.0,0.0015684850936786288
9.0,0.81,19.0,6.98254089926964e-05
9.0,0.81,20.0,0.0006820858071933111
9.0,0.81,21.0,4.993043341089409e-06
9.0,1.01,0.0,0.0007338593101935409
9.0,1.01,1.0,3.6766557015482926e-05
9.0,1.01,2.0,3.09391248489721e-05
9.0,1.01,3.0,1.0539459973091247e-06
9.0,1.01,4.0,0.0013341014243326565
9.0,1.01,5.0,-0.00217140079504018
9.0,1.01,6.0,0.0013536511770501636
9.0,1.01,7.0,-6.390813248553622e-07
9.0,1.01,8.0,1.674214648003658e-05
9.0,1.01,9.0,-0.0002856780165444994
9.0,1.01,10.0,-0.0007733142115637914
9.0,1.01,11.0,3.5856588628813135e-08
9.0,1.01,12.0,0.0017168668421840283
9.0,1.01,13.0,0.00017180351457524168
9.0,1.01,14.0,-0.0009895203479846001
9.0,1.01,15.0,1.8868558368495547e-05
9.0,1.01,16.0,0.0005241200767367449
9.0,1.01,17.0,-1.0214057667275146e-07
9.0,1.01,18.0,0.0015688404290936098
9.0,1.01,19.0,6.98248404186752e-05
9.0,1.01,20.0,0.0006820072335674832
9.0,1.01,21.0,4.993043341366965e-06
9.0,1.2100000000000002,0.0,0.0007339161650092851
9.0,1.2100000000000002,1.0,3.6768825786986925e-05
9.0,1.2100000000000002,2.0,3.094111735213456e-05
9.0,1.2100000000000002,3.0,1.0539459973230025e-06
9.0,1.2100000000000002,4.0,0.001333902472129389
9.0,1.2100000000000002,5.0,-0.0021714993513620925
9.0,1.2100000000000002,6.0,0.001353713752252128
9.0,1.2100000000000002,7.0,-6.390813248638303e-07
9.0,1.2100000000000002,8.0,1.674214648104272e-05
9.0,1.2100000000000002,9.0,-0.00028570034384120535
9.0,1.2100000000000002,10.0,-0.0007733542449018249
9.0,1.2100000000000002,11.0,3.585658864269092e-08
9.0,1.2100000000000002,12.0,0.0017168082617459168
9.0,1.2100000000000002,13.0,0.00017181669920524056
9.0,1.2100000000000002,14.0,-0.0009895289955208775
9.0,1.2100000000000002,15.0,1.886947114809745e-05
9.0,1.2100000000000002,16.0,0.0005242292931416093
9.0,1.2100000000000002,17.0,-1.0214057667297045e-07
9.0,1.2100000000000002,18.0,0.0015691929238663138
9.0,1.2100000000000002,19.0,6.982580292064222e-05
9.0,1.2100000000000002,20.0,0.0006819255246216516
9.0,1.2100000000000002,21.0,4.993043341672276e-06
9.0,1.4100000000000001,0.0,0.0007339668122314791
9.0,1.4100000000000001,1.0,3.677086605599622e-05
9.0,1.4100000000000001,2.0,3.094290966021429e-05
9.0,1.4100000000000001,3.0,1.0539459973507581e-06
9.0,1.4100000000000001,4.0,0.0013337012015781635
9.0,1.4100000000000001,5.0,-0.0021715930156080455
9.0,1.4100000000000001,6.0,0.001353772543994991
9.0,1.4100000000000001,7.0,-6.390813248721702e-07
9.0,1.4100000000000001,8.0,1.674214648203498e-05
9.0,1.4100000000000001,9.0,-0.00028572053280756515
9.0,1.4100000000000001,10.0,-0.0007733925874171543
9.0,1.4100000000000001,11.0,3.585658864269092e-08
9.0,1.4100000000000001,12.0,0.0017167458040298622
9.0,1.4100000000000001,13.0,0.0001718284927602065
9.0,1.4100000000000001,14.0,-0.0009895374406922695
9.0,1.4100000000000001,15.0,1.8870297424616878e-05
9.0,1.4100000000000001,16.0,0.0005243386882713419
9.0,1.4100000000000001,17.0,-1.0214057667318772e-07
9.0,1.4100000000000001,18.0,0.0015695427963475783
9.0,1.4100000000000001,19.0,6.982813061839899e-05
9.0,1.4100000000000001,20.0,0.0006818409982277673
9.0,1.4100000000000001,21.0,4.993043342005343e-06
9.0,1.61,0.0,0.0007340119293371972
9.0,1.61,1.0,3.677270092239393e-05
9.0,1.61,2.0,3.094452200014253e-05
9.0,1.61,3.0,1.053945997364636e-06
9.0,1.61,4.0,0.0013334978596754032
9.0,1.61,5.0,-0.0021716821010505996
9.0,1.61,6.0,0.0013538277273374977
9.0,1.61,7.0,-6.39081324880388e-07
9.0,1.61,8.0,1.674214648303418e-05
9.0,1.61,9.0,-0.0002857387920286586
9.0,1.61,10.0,-0.0007734293463301789
9.0,1.61,11.0,3.585658864269092e-08
9.0,1.61,12.0,0.001716679699060475
9.0,1.61,13.0,0.00017183904211864887
9.0,1.61,14.0,-0.0009895456905163538
9.0,1.61,15.0,1.8871045462554026e-05
9.0,1.61,16.0,0.0005244482080653534
9.0,1.61,17.0,-1.021405766734033e-07
9.0,1.61,18.0,0.0015698902467375375
9.0,1.61,19.0,6.983167561280812e-05
9.0,1.61,20.0,0.0006817539401486883
9.0,1.61,21.0,4.9930433422551435e-06
9.0,1.81,0.0,0.0007340521199137306
9.0,1.81,1.0,3.677435114399219e-05
9.0,1.81,2.0,3.0945972546381206e-05
9.0,1.81,3.0,1.0539459973923915e-06
9.0,1.81,4.0,0.001333292670322228
9.0,1.81,5.0,-0.002171766897871845
9.0,1.81,6.0,0.0013538794617426464
9.0,1.81,7.0,-6.390813248884892e-07
9.0,1.81,8.0,1.674214648404032e-05
9.0,1.81,9.0,-0.0002857553094841314
9.0,1.81,10.0,-0.0007734646210895701
9.0,1.81,11.0,3.585658864269092e-08
9.0,1.81,12.0,0.0017166101581417292
9.0,1.81,13.0,0.0001718484786441543
9.0,1.81,14.0,-0.0009895537517865226
9.0,1.81,15.0,1.887172273151716e-05
9.0,1.81,16.0,0.0005245578058993838
9.0,1.81,17.0,-1.0214057667361731e-07
9.0,1.81,18.0,0.0015702354585899192
9.0,1.81,19.0,6.98363060795959e-05
9.0,1.81,20.0,0.000681664607407706
9.0,1.81,21.0,4.993043342560455e-06
9.0,2.01,0.0,0.0007340879217091478
9.0,2.01,1.0,3.677583537456397e-05
9.0,2.01,2.0,3.094727762931182e-05
9.0,2.01,3.0,1.0539459974062693e-06
9.0,2.01,4.0,0.001333085836611958
9.0,2.01,5.0,-0.002171847675020225
9.0,2.01,6.0,0.001353927892485951
9.0,2.01,7.0,-6.390813248964794e-07
9.0,2.01,8.0,1.674214648504646e-05
9.0,2.01,9.0,-0.0002857702546023855
9.0,2.01,10.0,-0.0007734985039865028
9.0,2.01,11.0,3.585658864269092e-08
9.0,2.01,12.0,0.0017165373754665647
9.0,2.01,13.0,0.00017185691982435358
9.0,2.01,14.0,-0.0009895616310699566
9.0,2.01,15.0,1.887233598335536e-05
9.0,2.01,16.0,0.000524667441721749
9.0,2.01,17.0,-1.0214057667382982e-07
9.0,2.01,18.0,0.001570578600337269
9.0,2.01,19.0,6.98419045650489e-05
9.0,2.01,20.0,0.000681573231237742
9.0,2.01,21.0,4.993043342893522e-06
9.0,2.21,0.0,0.0007341198138082206
9.0,2.21,1.0,3.677717037753325e-05
9.0,2.21,2.0,3.094845192336271e-05
9.0,2.21,3.0,1.0539459974340248e-06
9.0,2.21,4.0,0.0013328775429463091
9.0,2.21,5.0,-0.0021719246819093194
9.0,2.21,6.0,0.0013539731519207066
9.0,2.21,7.0,-6.390813249043636e-07
9.0,2.21,8.0,1.674214648604566e-05
9.0,2.21,9.0,-0.0002857837801084756
9.0,2.21,10.0,-0.0007735310807168716
9.0,2.21,11.0,3.585658864269092e-08
9.0,2.21,12.0,0.001716461529607749
9.0,2.21,13.0,0.00017186447073669342
9.0,2.21,14.0,-0.0009895693347067164
9.0,2.21,15.0,1.8872891321380925e-05
9.0,2.21,16.0,0.0005247770812621955
9.0,2.21,17.0,-1.0214057667404089e-07
9.0,2.21,18.0,0.0015709198266011248
9.0,2.21,19.0,6.984836646134474e-05
9.0,2.21,20.0,0.0006814800197552096
9.0,2.21,21.0,4.9930433431710775e-06
9.0,2.41,0.0,0.0007341482230267538
9.0,2.41,1.0,3.677837121815464e-05
9.0,2.41,2.0,3.094950861559642e-05
9.0,2.41,3.0,1.0539459974479026e-06
9.0,2.41,4.0,0.001332667956943312
9.0,2.41,5.0,-0.002171998149972397
9.0,2.41,6.0,0.001354015360619465
9.0,2.41,7.0,-6.390813249121467e-07
9.0,2.41,8.0,1.674214648705874e-05
9.0,2.41,9.0,-0.00028579602368696
9.0,2.41,10.0,-0.0007735624308960465
9.0,2.41,11.0,3.585658864269092e-08
9.0,2.41,12.0,0.001716382784874515
9.0,2.41,13.0,0.00017187122535955446
9.0,2.41,14.0,-0.0009895768688101478
9.0,2.41,15.0,1.8873394262930443e-05
9.0,2.41,16.0,0.0005248866953272424
9.0,2.41,17.0,-1.021405766742506e-07
9.0,2.41,18.0,0.001571259279374404
9.0,2.41,19.0,6.985559864175483e-05
9.0,2.41,20.0,0.0006813851603573173
9.0,2.41,21.0,4.993043343476389e-06
9.0,2.61,0.0,0.0007341735296096941
9.0,2.61,1.0,3.67794514357922e-05
9.0,2.61,2.0,3.095045955681108e-05
9.0,2.61,3.0,1.0539459974756582e-06
9.0,2.61,4.0,0.0013324572311044225
9.0,2.61,5.0,-0.002172068294085793
9.0,2.61,6.0,0.0013540546284181443
9.0,2.61,7.0,-6.390813249198331e-07
9.0,2.61,8.0,1.674214648805794e-05
9.0,2.61,9.0,-0.00028580710947787025
9.0,2.61,10.0,-0.0007735926285321049
9.0,2.61,11.0,3.585658864269092e-08
9.0,2.61,12.0,0.001716301292527811
9.0,2.61,13.0,0.00017187726774486878
9.0,2.61,14.0,-0.000989584239269075
9.0,2.61,15.0,1.8873849795930653e-05
9.0,2.61,16.0,0.0005249962591892254
9.0,2.61,17.0,-1.0214057667445901e-07
9.0,2.61,18.0,0.0015715970891417297
9.0,2.61,19.0,6.98635182395102e-05
9.0,2.61,20.0,0.0006812888218524771
9.0,2.61,21.0,4.9930433437817e-06
9.0,2.81,0.0,0.0007341960723087348
9.0,2.81,1.0,3.678042319885111e-05
9.0,2.81,2.0,3.09513153975427e-05
9.0,2.81,3.0,1.053945997489536e-06
9.0,2.81,4.0,0.001332245504348073
9.0,2.81,5.0,-0.002172135313872295
9.0,2.81,6.0,0.001354091055352169
9.0,2.81,7.0,-6.390813249274271e-07
9.0,2.81,8.0,1.674214648906408e-05
9.0,2.81,9.0,-0.000285817149422829
9.0,2.81,10.0,-0.0007736217424597069
9.0,2.81,11.0,3.585658864269092e-08
9.0,2.81,12.0,0.001716217191899072
9.0,2.81,13.0,0.0001718826730668921
9.0,2.81,14.0,-0.0009895914517503435
9.0,2.81,15.0,1.8874262430135236e-05
9.0,2.81,16.0,0.0005251057520329616
9.0,2.81,17.0,-1.0214057667466617e-07
9.0,2.81,18.0,0.0015719333758587029
9.0,2.81,19.0,6.9872051555675e-05
9.0,2.81,20.0,0.0006811911563835427
9.0,2.81,21.0,4.9930433440870114e-06
9.0,3.01,0.0,0.0007342161529072522
9.0,3.01,1.0,3.678129744408287e-05
9.0,3.01,2.0,3.0952085710245214e-05
9.0,3.01,3.0,1.0539459975034138e-06
9.0,3.01,4.0,0.0013320329033987832
9.0,3.01,5.0,-0.0021721993948953383
9.0,3.01,6.0,0.001354124732506734
9.0,3.01,7.0,-6.39081324934933e-07
9.0,3.01,8.0,1.674214649007716e-05
9.0,3.01,9.0,-0.00028582624447652527
9.0,3.01,10.0,-0.0007736498367367783
9.0,3.01,11.0,3.585658864269092e-08
9.0,3.01,12.0,0.0017161306114154007
9.0,3.01,13.0,0.00017188750856012014
9.0,3.01,14.0,-0.0009895985117023692
9.0,3.01,15.0,1.887463624308805e-05
9.0,3.01,16.0,0.0005252151564592578
9.0,3.01,17.0,-1.0214057667487219e-07
9.0,3.01,18.0,0.0015722682498251483
9.0,3.01,19.0,6.988113308215027e-05
9.0,3.01,20.0,0.0006810923011570935
9.0,3.01,21.0,4.993043344392323e-06
9.0,3.21,0.0,0.0007342340402515246
9.0,3.21,1.0,3.678208400145766e-05
9.0,3.21,2.0,3.095277909886951e-05
9.0,3.21,3.0,1.0539459975311694e-06
9.0,3.21,4.0,0.0013318195439478986
9.0,3.21,5.0,-0.00217226070975347
9.0,3.21,6.0,0.0013541557428024542
9.0,3.21,7.0,-6.390813249423547e-07
9.0,3.21,8.0,1.67421464910833e-05
9.0,3.21,9.0,-0.00028583448569671766
9.0,3.21,10.0,-0.0007736769710116054
9.0,3.21,11.0,3.585658864269092e-08
9.0,3.21,12.0,0.001716041669495627
9.0,3.21,13.0,0.00017189183435822875
9.0,3.21,14.0,-0.0009896054243601037
9.0,3.21,15.0,1.8874974921867516e-05
9.0,3.21,16.0,0.0005253244580766259
9.0,3.21,17.0,-1.0214057667507706e-07
9.0,3.21,18.0,0.0015726018125766794
9.0,3.21,19.0,6.989070462803948e-05
9.0,3.21,20.0,0.0006809923799550033
9.0,3.21,21.0,4.9930433446698785e-06
9.0,3.41,0.0,0.000734249973843637
9.0,3.41,1.0,3.678279170651888e-05
9.0,3.41,2.0,3.095340329695162e-05
9.0,3.41,3.0,1.0539459975450471e-06
9.0,3.41,4.0,0.0013316055318408626
9.0,3.41,5.0,-0.0021723194190836556
9.0,3.41,6.0,0.0013541841616782069
9.0,3.41,7.0,-6.390813249496957e-07
9.0,3.41,8.0,1.6742146492096377e-05
9.0,3.41,9.0,-0.0002858419552252689
9.0,3.41,10.0,-0.0007737032008566236
9.0,3.41,11.0,3.585658864269092e-08
9.0,3.41,12.0,0.0017159504754243327
9.0,3.41,13.0,0.0001718957042442515
9.0,3.41,14.0,-0.000989612194748947
9.0,3.41,15.0,1.8875281800667665e-05
9.0,3.41,16.0,0.0005254336450869479
9.0,3.41,17.0,-1.0214057667528088e-07
9.0,3.41,18.0,0.0015729341575323463
9.0,3.41,19.0,6.990071453710778e-05
9.0,3.41,20.0,0.0006808915045536379
9.0,3.41,21.0,4.993043344947434e-06
9.0,3.61,0.0,0.0007342641670424754
9.0,3.61,1.0,3.678342850124694e-05
9.0,3.61,2.0,3.0953965256541593e-05
9.0,3.61,3.0,1.0539459975728027e-06
9.0,3.61,4.0,0.0013313909640091381
9.0,3.61,5.0,-0.002172375672481717
9.0,3.61,6.0,0.0013542100577401683
9.0,3.61,7.0,-6.390813249569597e-07
9.0,3.61,8.0,1.6742146493109455e-05
9.0,3.61,9.0,-0.00028584872717145327
9.0,3.61,10.0,-0.0007737285780777259
9.0,3.61,11.0,3.5856588628813135e-08
9.0,3.61,12.0,0.001715857130094034
9.0,3.61,13.0,0.00017189916632170954
9.0,3.61,14.0,-0.000989618827690695
9.0,3.61,15.0,1.8875559894881988e-05
9.0,3.61,16.0,0.0005255427079677855
9.0,3.61,17.0,-1.0214057667548368e-07
9.0,3.61,18.0,0.0015732653707349331
9.0,3.61,19.0,6.991111698917418e-05
9.0,3.61,20.0,0.0006807897759362191
9.0,3.61,21.0,4.993043345280501e-06
9.0,3.81,0.0,0.0007342768099154462
9.0,3.81,1.0,3.678400152484773e-05
9.0,3.81,2.0,3.095447122702932e-05
9.0,3.81,3.0,1.0539459976005583e-06
9.0,3.81,4.0,0.001331175929339623
9.0,3.81,5.0,-0.0021724296093467085
9.0,3.81,6.0,0.0013542334933442923
9.0,3.81,7.0,-6.390813249641498e-07
9.0,3.81,8.0,1.6742146494115595e-05
9.0,3.81,9.0,-0.00028585486840650154
9.0,3.81,10.0,-0.000773753150997647
9.0,3.81,11.0,3.5856588628813135e-08
9.0,3.81,12.0,0.001715761726695797
9.0,3.81,13.0,0.00017190226361452066
9.0,3.81,14.0,-0.0009896253278092633
9.0,3.81,15.0,1.8875811931606812e-05
9.0,3.81,16.0,0.0005256516391791144
9.0,3.81,17.0,-1.0214057667568553e-07
9.0,3.81,18.0,0.001573595531485228
9.0,3.81,19.0,6.992187137505601e-05
9.0,3.81,20.0,0.0006806872853916124
9.0,3.81,21.0,4.9930433455858125e-06
9.0,4.01,0.0,0.0007342880717798872
9.0,4.01,1.0,3.678451719485443e-05
9.0,4.01,2.0,3.095492682692047e-05
9.0,4.01,3.0,1.053945997614436e-06
9.0,4.01,4.0,0.0013309605095626065
9.0,4.01,5.0,-0.0021724813596559374
9.0,4.01,6.0,0.001354254525098575
9.0,4.01,7.0,-6.390813249712695e-07
9.0,4.01,8.0,1.6742146495121735e-05
9.0,4.01,9.0,-0.000285860439279223
9.0,4.01,10.0,-0.0007737769647150339
9.0,4.01,11.0,3.585658864269092e-08
9.0,4.01,12.0,0.0017156643513862035
9.0,4.01,13.0,0.000171905034603681
9.0,4.01,14.0,-0.0009896316995356425
9.0,4.01,15.0,1.887604037748014e-05
9.0,4.01,16.0,0.0005257604328660626
9.0,4.01,17.0,-1.0214057667588644e-07
9.0,4.01,18.0,0.001573924712806929
9.0,4.01,19.0,6.993294173640585e-05
9.0,4.01,20.0,0.0006805841155507197
9.0,4.01,21.0,4.993043345863368e-06
10.0,0.01,0.0,0.005811767719877681
10.0,0.01,1.0,0.0006749270882732694
10.0,0.01,2.0,0.0004705533879817425
10.0,0.01,3.0,1.0544355333180766e-06
10.0,0.01,4.0,0.0003716486513386519
10.0,0.01,5.0,-0.001520610037956345
10.0,0.01,6.0,0.00023329017167539323
10.0,0.01,7.0,-0.00019309537240389392
10.0,0.01,8.0,1.6742624106259874e-05
10.0,0.01,9.0,-0.0001875136588778692
10.0,0.01,10.0,-0.00015352356077108498
10.0,0.01,11.0,3.599935101405993e-08
10.0,0.01,12.0,6.30010811781545e-05
10.0,0.01,13.0,0.0014461431767345267
10.0,0.01,14.0,-5.633363611945095e-07
10.0,0.01,15.0,3.1465665250543506e-05
10.0,0.01,16.0,-0.0004256303139350548
10.0,0.01,17.0,-0.00037081331537897055
10.0,0.01,18.0,0.0003717541028508964
10.0,0.01,19.0,-0.0001364755325222733
10.0,0.01,20.0,0.00025501631023450155
10.0,0.01,21.0,4.8435711249017466e-06
10.0,0.21000000000000002,0.0,0.006210487601801096
10.0,0.21000000000000002,1.0,0.0007160131241847334
10.0,0.21000000000000002,2.0,0.0004993267925810785
10.0,0.21000000000000002,3.0,1.0544355333458322e-06
10.0,0.21000000000000002,4.0,0.0003921170177868527
10.0,0.21000000000000002,5.0,-0.0015841328856097958
10.0,0.21000000000000002,6.0,0.00023850238371259103
10.0,0.21000000000000002,7.0,-0.00019309656759232264
10.0,0.21000000000000002,8.0,1.6742624106988457e-05
10.0,0.21000000000000002,9.0,-0.00020205787431276656
10.0,0.21000000000000002,10.0,-0.00015936183003878446
10.0,0.21000000000000002,11.0,3.599935101405993e-08
10.0,0.21000000000000002,12.0,5.689406392428431e-05
10.0,0.21000000000000002,13.0,0.0015398098746630118
10.0,0.21000000000000002,14.0,-5.773565185332985e-07
10.0,0.21000000000000002,15.0,3.2851208887171857e-05
10.0,0.21000000000000002,16.0,-0.0004591968782270417
10.0,0.21000000000000002,17.0,-0.00038212244007562735
10.0,0.21000000000000002,18.0,0.0003830896402644557
10.0,0.21000000000000002,19.0,-0.00015052214620947524
10.0,0.21000000000000002,20.0,0.00026814206080016945
10.0,0.21000000000000002,21.0,4.843571125123791e-06
10.0,0.41000000000000003,0.0,0.006532054958478417
10.0,0.41000000000000003,1.0,0.0007495236898406032
10.0,0.41000000000000003,2.0,0.000522774342507526
10.0,0.41000000000000003,3.0,1.05443553335971e-06
10.0,0.41000000000000003,4.0,0.0004087720834921038
10.0,0.41000000000000003,5.0,-0.001636559045542281
10.0,0.41000000000000003,6.0,0.00024298316581139456
10.0,0.41000000000000003,7.0,-0.00019309760446289823
10.0,0.41000000000000003,8.0,1.674262410766153e-05
10.0,0.41000000000000003,9.0,-0.00021368446035741062
10.0,0.41000000000000003,10.0,-0.00016421540037675486
10.0,0.41000000000000003,11.0,3.5999351000182145e-08
10.0,0.41000000000000003,12.0,5.2092051943314344e-05
10.0,0.41000000000000003,13.0,0.0016157814795931813
10.0,0.41000000000000003,14.0,-5.898052317758084e-07
10.0,0.41000000000000003,15.0,3.3997334734414686e-05
10.0,0.41000000000000003,16.0,-0.0004862893702876625
10.0,0.41000000000000003,17.0,-0.00039142117919127584
10.0,0.41000000000000003,18.0,0.0003925829248347945
10.0,0.41000000000000003,19.0,-0.00016179678182237645
10.0,0.41000000000000003,20.0,0.0002788618538025478
10.0,0.41000000000000003,21.0,4.84357112531808e-06
10.0,0.6100000000000001,0.0,0.0067889754403049896
10.0,0.6100000000000001,1.0,0.0007766263819638519
10.0,0.6100000000000001,2.0,0.0005417209160739067
10.0,0.6100000000000001,3.0,1.05443553335971e-06
10.0,0.6100000000000001,4.0,0.000422213965027729
10.0,0.6100000000000001,5.0,-0.0016795273713747089
10.0,0.6100000000000001,6.0,0.00024681599119530384
10.0,0.6100000000000001,7.0,-0.00019309850544190542
10.0,0.6100000000000001,8.0,1.674262410827909e-05
10.0,0.6100000000000001,9.0,-0.0002228816822478774
10.0,0.6100000000000001,10.0,-0.00016822495297069695
10.0,0.6100000000000001,11.0,3.5999351000182145e-08
10.0,0.6100000000000001,12.0,4.837435180796157e-05
10.0,0.6100000000000001,13.0,0.001676854979885345
10.0,0.6100000000000001,14.0,-6.009307049072104e-07
10.0,0.6100000000000001,15.0,3.493868240780906e-05
10.0,0.6100000000000001,16.0,-0.0005079474914127524
10.0,0.6100000000000001,17.0,-0.0003990119038080331
10.0,0.6100000000000001,18.0,0.0004004886429884169
10.0,0.6100000000000001,19.0,-0.00017075118926990207
10.0,0.6100000000000001,20.0,0.0002875475938602934
10.0,0.6100000000000001,21.0,4.843571125484614e-06
10.0,0.81,0.0,0.0069925447140860575
10.0,0.81,1.0,0.0007983831553567411
10.0,0.81,2.0,0.0005569161656398536
10.0,0.81,3.0,1.0544355333735878e-06
10.0,0.81,4.0,0.0004329862659149253
10.0,0.81,5.0,-0.0017145332310072176
10.0,0.81,6.0,0.0002500793179748273
10.0,0.81,7.0,-0.0001930992899818671
10.0,0.81,8.0,1.6742624108868898e-05
10.0,0.81,9.0,-0.00023008889707498703
10.0,0.81,10.0,-0.00017151929978043157
10.0,0.81,11.0,3.5999351000182145e-08
10.0,0.81,12.0,4.554148638624689e-05
10.0,0.81,13.0,0.0017255657518984169
10.0,0.81,14.0,-6.10953931108369e-07
10.0,0.81,15.0,3.570698577716469e-05
10.0,0.81,16.0,-0.0005251123069558439
10.0,0.81,17.0,-0.0004051699323134872
10.0,0.81,18.0,0.00040704062869212354
10.0,0.81,19.0,-0.0001777938624307751
10.0,0.81,20.0,0.0002945370243485623
10.0,0.81,21.0,4.843571125651147e-06
10.0,1.01,0.0,0.007152665648272993
10.0,1.01,1.0,0.0008157336662961145
10.0,1.01,2.0,0.0005690227381223711
10.0,1.01,3.0,1.0544355333874655e-06
10.0,1.01,4.0,0.00044156754432855827
10.0,1.01,5.0,-0.0017429067841836648
10.0,1.01,6.0,0.00025284587392787605
10.0,1.01,7.0,-0.00019309997485405579
10.0,1.01,8.0,1.6742624109430948e-05
10.0,1.01,9.0,-0.0002356892810022604
10.0,1.01,10.0,-0.00017421358719588165
10.0,1.01,11.0,3.5999351000182145e-08
10.0,1.01,12.0,4.341875261648642e-05
10.0,1.01,13.0,0.0017641470785350055
10.0,1.01,14.0,-6.200700948989996e-07
10.0,1.01,15.0,3.633060525592979e-05
10.0,1.01,16.0,-0.0005386109517606097
10.0,1.01,17.0,-0.0004101394284870552
10.0,1.01,18.0,0.0004124487822594336
10.0,1.01,19.0,-0.00018328328243888414
10.0,1.01,20.0,0.0003001284884990296
10.0,1.01,21.0,4.843571125789925e-06
10.0,1.2100000000000002,0.0,0.00727780862984484
10.0,1.2100000000000002,1.0,0.0008294905563862032
10.0,1.2100000000000002,2.0,0.0005786130402289369
10.0,1.2100000000000002,3.0,1.0544355334013433e-06
10.0,1.2100000000000002,4.0,0.00044836929606495435
10.0,1.2100000000000002,5.0,-0.001765806505869702
10.0,1.2100000000000002,6.0,0.00025518218384912306
10.0,1.2100000000000002,7.0,-0.00019310057444476116
10.0,1.2100000000000002,8.0,1.6742624109972182e-05
10.0,1.2100000000000002,9.0,-0.00024000846962302091
10.0,1.2100000000000002,10.0,-0.00017640870908974815
10.0,1.2100000000000002,11.0,3.5999351000182145e-08
10.0,1.2100000000000002,12.0,4.18571533710721e-05
10.0,1.2100000000000002,13.0,0.0017945199546957058
10.0,1.2100000000000002,14.0,-6.284504130245271e-07
10.0,1.2100000000000002,15.0,3.683436734587542e-05
10.0,1.2100000000000002,16.0,-0.0005491529210078783
10.0,1.2100000000000002,17.0,-0.0004141322546475923
10.0,1.2100000000000002,18.0,0.00041689800997890547
10.0,1.2100000000000002,19.0,-0.0001875262922877985
10.0,1.2100000000000002,20.0,0.0003045795580403077
10.0,1.2100000000000002,21.0,4.8435711259564584e-06
10.0,1.4100000000000001,0.0,0.007375071796439148
10.0,1.4100000000000001,1.0,0.000840343314127745
10.0,1.4100000000000001,2.0,0.0005861721172472079
10.0,1.4100000000000001,3.0,1.0544355334152211e-06
10.0,1.4100000000000001,4.0,0.0004537385226859314
10.0,1.4100000000000001,5.0,-0.0017842237559089619
10.0,1.4100000000000001,6.0,0.00025714833526685466
10.0,1.4100000000000001,7.0,-0.00019310110104390108
10.0,1.4100000000000001,8.0,1.6742624110506477e-05
10.0,1.4100000000000001,9.0,-0.0002433172823162466
10.0,1.4100000000000001,10.0,-0.00017819160829246616
10.0,1.4100000000000001,11.0,3.5999351000182145e-08
10.0,1.4100000000000001,12.0,4.073246321673052e-05
10.0,1.4100000000000001,13.0,0.0018183043505454188
10.0,1.4100000000000001,14.0,-6.36244228393733e-07
10.0,1.4100000000000001,15.0,3.7239631034538534e-05
10.0,1.4100000000000001,16.0,-0.000557334536654186
10.0,1.4100000000000001,17.0,-0.00041732894587048763
10.0,1.4100000000000001,18.0,0.000420548661821063
10.0,1.4100000000000001,19.0,-0.0001907800920746272
10.0,1.4100000000000001,20.0,0.00030810841435569003
10.0,1.4100000000000001,21.0,4.8435711261507475e-06
10.0,1.61,0.0,0.0074503024872210055
10.0,1.61,1.0,0.0008488676344582391
10.0,1.61,2.0,0.000592104426800244
10.0,1.61,3.0,1.0544355334152211e-06
10.0,1.61,4.0,0.00045796314766965995
10.0,1.61,5.0,-0.0017989945390267797
10.0,1.61,6.0,0.0002587979643482452
10.0,1.61,7.0,-0.00019310156511739078
10.0,1.61,8.0,1.6742624111019955e-05
10.0,1.61,9.0,-0.00024583690332197206
10.0,1.61,10.0,-0.000179636168832209
10.0,1.61,11.0,3.599935101405993e-08
10.0,1.61,12.0,3.994312194269267e-05
10.0,1.61,13.0,0.001836843934088228
10.0,1.61,14.0,-6.435812033928397e-07
10.0,1.61,15.0,3.756450588265903e-05
10.0,1.61,16.0,-0.0005636485076443987
10.0,1.61,17.0,-0.0004198810445483203
10.0,1.61,18.0,0.0004235379803000372
10.0,1.61,19.0,-0.00019325648802970274
10.0,1.61,20.0,0.0003108969696535846
10.0,1.61,21.0,4.843571126289525e-06
10.0,1.81,0.0,0.0075082492324347605
10.0,1.81,1.0,0.0008555377655093954
10.0,1.81,2.0,0.0005967427064909603
10.0,1.81,3.0,1.054435533429099e-06
10.0,1.81,4.0,0.00046127889346092577
10.0,1.81,5.0,-0.001810815289727867
10.0,1.81,6.0,0.0002601784303162824
10.0,1.81,7.0,-0.00019310197555762824
10.0,1.81,8.0,1.674262411155425e-05
10.0,1.81,9.0,-0.00024774524062720626
10.0,1.81,10.0,-0.00018080445130658207
10.0,1.81,11.0,3.5999351000182145e-08
10.0,1.81,12.0,3.940751715497681e-05
10.0,1.81,13.0,0.0018512378198866086
10.0,1.81,14.0,-6.505735027598131e-07
10.0,1.81,15.0,3.78241588921413e-05
10.0,1.81,16.0,-0.0005684961135623001
10.0,1.81,17.0,-0.00042191417654957597
10.0,1.81,18.0,0.0004259821521553908
10.0,1.81,19.0,-0.00019512729880633017
10.0,1.81,20.0,0.0003130949107799097
10.0,1.81,21.0,4.843571126428303e-06
10.0,2.01,0.0,0.007552722279064006
10.0,2.01,1.0,0.0008607399783781555
10.0,2.01,2.0,0.0006003576048386194
10.0,2.01,3.0,1.054435533429099e-06
10.0,2.01,4.0,0.00046387661510693956
10.0,2.01,5.0,-0.0018202603056448607
10.0,2.01,6.0,0.0002613311380457728
10.0,2.01,7.0,-0.00019310233990906707
10.0,2.01,8.0,1.6742624112088544e-05
10.0,2.01,9.0,-0.0002491835564587541
10.0,2.01,10.0,-0.0001817480823067541
10.0,2.01,11.0,3.5999351000182145e-08
10.0,2.01,12.0,3.9061067395290694e-05
10.0,2.01,13.0,0.0018623746470179947
10.0,2.01,14.0,-6.573178741091799e-07
10.0,2.01,15.0,3.803116187559019e-05
10.0,2.01,16.0,-0.0005722002164427753
10.0,2.01,17.0,-0.0004235314100034526
10.0,2.01,18.0,0.00042797864750449
10.0,2.01,19.0,-0.00019653012185416596
10.0,2.01,20.0,0.0003148240656882795
10.0,2.01,21.0,4.843571126594837e-06
10.0,2.21,0.0,0.007586748371524399
10.0,2.21,1.0,0.0008647858935065811
10.0,2.21,2.0,0.0006031671772142588
10.0,2.21,3.0,1.0544355334568545e-06
10.0,2.21,4.0,0.0004659094298328226
10.0,2.21,5.0,-0.0018277991884495526
10.0,2.21,6.0,0.0002622919658022971
10.0,2.21,7.0,-0.0001931026645679233
10.0,2.21,8.0,1.6742624112629778e-05
10.0,2.21,9.0,-0.0002502627914771627
10.0,2.21,10.0,-0.00018250966446209382
10.0,2.21,11.0,3.5999351000182145e-08
10.0,2.21,12.0,3.885337981274217e-05
10.0,2.21,13.0,0.001870965864704699
10.0,2.21,14.0,-6.638975782375462e-07
10.0,2.21,15.0,3.819584509680285e-05
10.0,2.21,16.0,-0.0005750179154428992
10.0,2.21,17.0,-0.0004248165847205443
10.0,2.21,18.0,0.00042960862044316706
10.0,2.21,19.0,-0.0001975739337137794
10.0,2.21,20.0,0.00031618269076605365
10.0,2.21,21.0,4.8435711267336146e-06
10.0,2.41,0.0,0.007612711598562805
10.0,2.41,1.0,0.0008679248870027134
10.0,2.41,2.0,0.0006053457005664176
10.0,2.41,3.0,1.0544355334568545e-06
10.0,2.41,4.0,0.00046749925558553507
10.0,2.41,5.0,-0.0018338132604367036
10.0,2.41,6.0,0.00026309175740552027
10.0,2.41,7.0,-0.00019310295495656547
10.0,2.41,8.0,1.674262411319183e-05
10.0,2.41,9.0,-0.00025106926093537707
10.0,2.41,10.0,-0.0001831241206188272
10.0,2.41,11.0,3.5999351000182145e-08
10.0,2.41,12.0,3.8745645038779086e-05
10.0,2.41,13.0,0.0018775763710636162
10.0,2.41,14.0,-6.703841389197959e-07
10.0,2.41,15.0,3.832663489025667e-05
10.0,2.41,16.0,-0.00057715214747317
10.0,2.41,17.0,-0.0004258374203289783
10.0,2.41,18.0,0.0004309392213477925
10.0,2.41,19.0,-0.00019834421538700298
10.0,2.41,20.0,0.0003172494373745449
10.0,2.41,21.0,4.843571126927904e-06
10.0,2.61,0.0,0.007632476502261398
10.0,2.61,1.0,0.0008703551673427401
10.0,2.61,2.0,0.0006070315230870538
10.0,2.61,3.0,1.0544355334568545e-06
10.0,2.61,4.0,0.0004687425706993986
10.0,2.61,5.0,-0.0018386103875824913
10.0,2.61,6.0,0.0002637568437232618
10.0,2.61,7.0,-0.0001931032156741215
10.0,2.61,8.0,1.6742624113767757e-05
10.0,2.61,9.0,-0.00025166958296779507
10.0,2.61,10.0,-0.00018361992206994415
10.0,2.61,11.0,3.5999351000182145e-08
10.0,2.61,12.0,3.870834962443892e-05
10.0,2.61,13.0,0.0018826515815535405
10.0,2.61,14.0,-6.768388828192505e-07
10.0,2.61,15.0,3.843036227607621e-05
10.0,2.61,16.0,-0.0005787618939266381
10.0,2.61,17.0,-0.0004266483011093336
10.0,2.61,18.0,0.00043202573110917575
10.0,2.61,19.0,-0.0001989074529342716
10.0,2.61,20.0,0.0003180868743881682
10.0,2.61,21.0,4.8435711270666815e-06
10.0,2.81,0.0,0.007647492547116608
10.0,2.81,1.0,0.0008722333677659289
10.0,2.81,2.0,0.000608333845901643
10.0,2.81,3.0,1.05443553348461e-06
10.0,2.81,4.0,0.00046971534039197405
10.0,2.81,5.0,-0.0018424379667140722
10.0,2.81,6.0,0.0002643095655833205
10.0,2.81,7.0,-0.000193103450625404
10.0,2.81,8.0,1.6742624114357563e-05
10.0,2.81,9.0,-0.0002521148174468024
10.0,2.81,10.0,-0.0001840201770702543
10.0,2.81,11.0,3.5999351000182145e-08
10.0,2.81,12.0,3.87193303852118e-05
10.0,2.81,13.0,0.0018865406354153236
10.0,2.81,14.0,-6.833143422759604e-07
10.0,2.81,15.0,3.8512536347637405e-05
10.0,2.81,16.0,-0.0005799708942631487
10.0,2.81,17.0,-0.0004272926979349556
10.0,2.81,18.0,0.0004329134715883032
10.0,2.81,19.0,-0.00019931497059988423
10.0,2.81,20.0,0.0003187445245184106
10.0,2.81,21.0,4.843571127233215e-06
10.0,3.01,0.0,0.007658880798436463
10.0,3.01,1.0,0.0008736826633167216
10.0,3.01,2.0,0.000609338449111041
10.0,3.01,3.0,1.0544355334984878e-06
10.0,3.01,4.0,0.0004704771379986372
10.0,3.01,5.0,-0.0018454940492670172
10.0,3.01,6.0,0.000264768777576474
10.0,3.01,7.0,-0.0001931036631305104
10.0,3.01,8.0,1.6742624114989002e-05
10.0,3.01,9.0,-0.0002524438633655923
10.0,3.01,10.0,-0.00018434357366864385
10.0,3.01,11.0,3.5999351000182145e-08
10.0,3.01,12.0,3.876216005524458e-05
10.0,3.01,13.0,0.0018895158422277958
10.0,3.01,14.0,-6.89855400885113e-07
10.0,3.01,15.0,3.857758080073881e-05
10.0,3.01,16.0,-0.0005808749158160986
10.0,3.01,17.0,-0.0004278052279352851
10.0,3.01,18.0,0.0004336394770810825
10.0,3.01,19.0,-0.00019960611993719013
10.0,3.01,20.0,0.0003192614231696256
10.0,3.01,21.0,4.843571127427504e-06
10.0,3.21,0.0,0.007667504588323437
10.0,3.21,1.0,0.0008747995168890688
10.0,3.21,2.0,0.0006101124409438885
10.0,3.21,3.0,1.0544355334984878e-06
10.0,3.21,4.0,0.00047107453377603914
10.0,3.21,5.0,-0.0018479367038518255
10.0,3.21,6.0,0.00026515031895013585
10.0,3.21,7.0,-0.00019310385601749324
10.0,3.21,8.0,1.674262411562738e-05
10.0,3.21,9.0,-0.0002526861979038064
10.0,3.21,10.0,-0.0001846051820611483
10.0,3.21,11.0,3.599935101405993e-08
10.0,3.21,12.0,3.882483423103822e-05
10.0,3.21,13.0,0.0018917886905439052
10.0,3.21,14.0,-6.965003066148126e-07
10.0,3.21,15.0,3.8629034867065926e-05
10.0,3.21,16.0,-0.0005815477108960798
10.0,3.21,17.0,-0.0004282133760476481
10.0,3.21,18.0,0.0004342339311755872
10.0,3.21,19.0,-0.00019981088459963825
10.0,3.21,20.0,0.00031966823764240093
10.0,3.21,21.0,4.843571127594037e-06
10.0,3.41,0.0,0.00767402632987535
10.0,3.41,1.0,0.0008756592063351443
10.0,3.41,2.0,0.0006107081413405102
10.0,3.41,3.0,1.0544355335262434e-06
10.0,3.41,4.0,0.00047154384404601846
10.0,3.41,5.0,-0.0018498917890143463
10.0,3.41,6.0,0.0002654674434078297
10.0,3.41,7.0,-0.0001931040317003963
10.0,3.41,8.0,1.6742624116293514e-05
10.0,3.41,9.0,-0.0002528640531261339
10.0,3.41,10.0,-0.00018481712800422212
10.0,3.41,11.0,3.599935101405993e-08
10.0,3.41,12.0,3.8898720782748475e-05
10.0,3.41,13.0,0.0018935228417139571
10.0,3.41,14.0,-7.032815270936227e-07
10.0,3.41,15.0,3.8669721562981096e-05
10.0,3.41,16.0,-0.0005820458286483476
10.0,3.41,17.0,-0.00042853891459243565
10.0,3.41,18.0,0.0004347213850611209
10.0,3.41,19.0,-0.00019995197651012653
10.0,3.41,20.0,0.0003199889982612447
10.0,3.41,21.0,4.843571127816082e-06
10.0,3.61,0.0,0.007678952685253426
10.0,3.61,1.0,0.0008763203011513676
10.0,3.61,2.0,0.0006111662218225566
10.0,3.61,3.0,1.0544355335401212e-06
10.0,3.61,4.0,0.0004719133355082228
10.0,3.61,5.0,-0.001851459336164575
10.0,3.61,6.0,0.00026573120406375716
10.0,3.61,7.0,-0.00019310419224478122
10.0,3.61,8.0,1.6742624116994342e-05
10.0,3.61,9.0,-0.00025299412557155954
10.0,3.61,10.0,-0.0001849891517992086
10.0,3.61,11.0,3.5999351000182145e-08
10.0,3.61,12.0,3.897773123129333e-05
10.0,3.61,13.0,0.0018948445575578399
10.0,3.61,14.0,-7.102407200507766e-07
10.0,3.61,15.0,3.870188695137555e-05
10.0,3.61,16.0,-0.0005824124563919009
10.0,3.61,17.0,-0.0004287990602818703
10.0,3.61,18.0,0.0004351217757416759
10.0,3.61,19.0,-0.00020004650006077984
10.0,3.61,20.0,0.00032024250068729554
10.0,3.61,21.0,4.843571128010371e-06
10.0,3.81,0.0,0.007682670148651871
10.0,3.81,1.0,0.0008768282546367523
10.0,3.81,2.0,0.0006115182207387937
10.0,3.81,3.0,1.0544355335401212e-06
10.0,3.81,4.0,0.00047220498633648855
10.0,3.81,5.0,-0.0018527187453760627
10.0,3.81,6.0,0.00026595079272007105
10.0,3.81,7.0,-0.0001931043394225951
10.0,3.81,8.0,1.6742624117722926e-05
10.0,3.81,9.0,-0.0002530889060052832
10.0,3.81,10.0,-0.00018512906834300402
10.0,3.81,11.0,3.5999351000182145e-08
10.0,3.81,12.0,3.905767370979141e-05
10.0,3.81,13.0,0.0018958509917110788
10.0,3.81,14.0,-7.173923392173927e-07
10.0,3.81,15.0,3.872731433743337e-05
10.0,3.81,16.0,-0.0005826804591332335
10.0,3.81,17.0,-0.0004290074135550048
10.0,3.81,18.0,0.00043545128494210106
10.0,3.81,19.0,-0.00020010726940011825
10.0,3.81,20.0,0.00032044341691228606
10.0,3.81,21.0,4.84357112820466e-06
10.0,4.01,0.0,0.007685472868962262
10.0,4.01,1.0,0.0008772182642688975
10.0,4.01,2.0,0.0006117885429646197
10.0,4.01,3.0,1.0544355335678768e-06
10.0,4.01,4.0,0.0004724358697130171
10.0,4.01,5.0,-0.0018537329855016424
10.0,4.01,6.0,0.00026613383548407255
10.0,4.01,7.0,-0.0001931044747581211
10.0,4.01,8.0,1.6742624118472327e-05
10.0,4.01,9.0,-0.000253157705367546
10.0,4.01,10.0,-0.00018524314289453114
10.0,4.01,11.0,3.5999351000182145e-08
10.0,4.01,12.0,3.913575529410074e-05
10.0,4.01,13.0,0.0018966167325080718
10.0,4.01,14.0,-7.247504754126989e-07
10.0,4.01,15.0,3.8747417197587675e-05
10.0,4.01,16.0,-0.0005828747623846664
10.0,4.01,17.0,-0.00042917470899034305
10.0,4.01,18.0,0.00043572303392669376
10.0,4.01,19.0,-0.00020014382757771454
10.0,4.01,20.0,0.0003206031928005837
10.0,4.01,21.0,4.843571128426705e-06
11.0,0.01,0.0,0.00010703816267276789
11.0,0.01,1.0,4.739577613349644e-06
11.0,0.01,2.0,3.004082689053722e-05
11.0,0.01,3.0,1.0562585803369773e-06
11.0,0.01,4.0,-0.0002740225428704557
11.0,0.01,5.0,-0.00021350165586780934
11.0,0.01,6.0,0.00021995089668180867
11.0,0.01,7.0,-5.432616579896644e-09
11.0,0.01,8.0,1.6745149087997457e-05
11.0,0.01,9.0,-4.029905532115796e-05
11.0,0.01,10.0,-1.1397636723642357e-05
11.0,0.01,11.0,3.6443119008633396e-08
11.0,0.01,12.0,0.00012053842950621174
11.0,0.01,13.0,6.87427723433387e-05
11.0,0.01,14.0,-3.63138280119988e-12
11.0,0.01,15.0,3.7291853344501025e-06
11.0,0.01,16.0,0.00046769589277229073
11.0,0.01,17.0,-0.00016603412608480472
11.0,0.01,18.0,4.65706868667537e-05
11.0,0.01,19.0,-0.00016173331052360407
11.0,0.01,20.0,8.018962169875632e-05
11.0,0.01,21.0,7.561579434794963e-06
11.0,0.21000000000000002,0.0,0.0019713571779637062
11.0,0.21000000000000002,1.0,1.8943710669377944e-05
11.0,0.21000000000000002,2.0,0.00017297128674498286
11.0,0.21000000000000002,3.0,1.0562586040818722e-06
11.0,0.21000000000000002,4.0,-0.0006935594562344494
11.0,0.21000000000000002,5.0,-0.000613021423273491
11.0,0.21000000000000002,6.0,9.971458455643178e-05
11.0,0.21000000000000002,7.0,-5.432616582478259e-09
11.0,0.21000000000000002,8.0,1.6745150209357407e-05
11.0,0.21000000000000002,9.0,-0.0001740135834108203
11.0,0.21000000000000002,10.0,-2.6718142430603997e-05
11.0,0.21000000000000002,11.0,3.6443119147411274e-08
11.0,0.21000000000000002,12.0,0.00014970574328590502
11.0,0.21000000000000002,13.0,0.0004154814933181872
11.0,0.21000000000000002,14.0,-3.631382801247871e-12
11.0,0.21000000000000002,15.0,5.8655476439656296e-06
11.0,0.21000000000000002,16.0,4.7275515141165236e-05
11.0,0.21000000000000002,17.0,-0.00042609760569080335
11.0,0.21000000000000002,18.0,0.000251370534493478
11.0,0.21000000000000002,19.0,-0.0008732824295517583
11.0,0.21000000000000002,20.0,5.277192517266771e-05
11.0,0.21000000000000002,21.0,7.561579941278707e-06
11.0,0.41000000000000003,0.0,0.0038308908892170646
11.0,0.41000000000000003,1.0,3.285392398849618e-05
11.0,0.41000000000000003,2.0,0.00031427313446552585
11.0,0.41000000000000003,3.0,1.0562586097995208e-06
11.0,0.41000000000000003,4.0,-0.0010766993536182046
11.0,0.41000000000000003,5.0,-0.0010080128601303584
11.0,0.41000000000000003,6.0,-5.916323051080585e-06
11.0,0.41000000000000003,7.0,-5.432616583194945e-09
11.0,0.41000000000000003,8.0,1.674515048773889e-05
11.0,0.41000000000000003,9.0,-0.00030782958851632847
11.0,0.41000000000000003,10.0,-4.145145863093669e-05
11.0,0.41000000000000003,11.0,3.644311918904464e-08
11.0,0.41000000000000003,12.0,0.00017829159758131485
11.0,0.41000000000000003,13.0,0.0007579558257906904
11.0,0.41000000000000003,14.0,-3.6313828012522826e-12
11.0,0.41000000000000003,15.0,7.991314344688027e-06
11.0,0.41000000000000003,16.0,-0.00032836268485569864
11.0,0.41000000000000003,17.0,-0.0006833464924013016
11.0,0.41000000000000003,18.0,0.00042324696667245254
11.0,0.41000000000000003,19.0,-0.0016590496532370436
11.0,0.41000000000000003,20.0,4.9532284534303805e-05
11.0,0.41000000000000003,21.0,7.5615800669837085e-06
11.0,0.6100000000000001,0.0,0.005679402562903668
11.0,0.6100000000000001,1.0,4.6261650311185676e-05
11.0,0.6100000000000001,2.0,0.00045577314244990563
11.0,0.6100000000000001,3.0,1.0562586116730222e-06
11.0,0.6100000000000001,4.0,-0.001422175171032436
11.0,0.6100000000000001,5.0,-0.001399069716931406
11.0,0.6100000000000001,6.0,-5.372056938607317e-05
11.0,0.6100000000000001,7.0,-5.432616583566762e-09
11.0,0.6100000000000001,8.0,1.674515058524423e-05
11.0,0.6100000000000001,9.0,-0.0004469504823900461
11.0,0.6100000000000001,10.0,-5.450848543941955e-05
11.0,0.6100000000000001,11.0,3.6443119202922425e-08
11.0,0.6100000000000001,12.0,0.0002112749118940438
11.0,0.6100000000000001,13.0,0.0011002293273847663
11.0,0.6100000000000001,14.0,-3.6313828012539903e-12
11.0,0.6100000000000001,15.0,1.0123265299810669e-05
11.0,0.6100000000000001,16.0,-0.0005687297779352063
11.0,0.6100000000000001,17.0,-0.0009362236371932703
11.0,0.6100000000000001,18.0,0.0005110563764058051
11.0,0.6100000000000001,19.0,-0.0026339968745304754
11.0,0.6100000000000001,20.0,0.00010565586108612912
11.0,0.6100000000000001,21.0,7.561580111031807e-06
11.0,0.81,0.0,0.007506841275133125
11.0,0.81,1.0,5.9415702043069674e-05
11.0,0.81,2.0,0.0005957320565145308
11.0,0.81,3.0,1.0562586122142559e-06
11.0,0.81,4.0,-0.0017543615951394198
11.0,0.81,5.0,-0.0017851935794014617
11.0,0.81,6.0,-8.658346650952664e-05
11.0,0.81,7.0,-5.4326165838329815e-09
11.0,0.81,8.0,1.6745150615171678e-05
11.0,0.81,9.0,-0.0005855956643657789
11.0,0.81,10.0,-6.70246629280169e-05
11.0,0.81,11.0,3.6443119202922425e-08
11.0,0.81,12.0,0.00024494156296084313
11.0,0.81,13.0,0.0014386452051423637
11.0,0.81,14.0,-3.6313828012544725e-12
11.0,0.81,15.0,1.2238791769203505e-05
11.0,0.81,16.0,-0.000775975945682017
11.0,0.81,17.0,-0.0011857057849958413
11.0,0.81,18.0,0.0005748065905655242
11.0,0.81,19.0,-0.003649364612174355
11.0,0.81,20.0,0.00017611741373591006
11.0,0.81,21.0,7.561580124548772e-06
11.0,1.01,0.0,0.00914016561285158
11.0,1.01,1.0,7.28507315973792e-05
11.0,1.01,2.0,0.0007416817461176894
11.0,1.01,3.0,1.0562586130885565e-06
11.0,1.01,4.0,-0.002533254399361251
11.0,1.01,5.0,-0.002176672470310531
11.0,1.01,6.0,-0.00014957424630268612
11.0,1.01,7.0,-5.432616584061656e-09
11.0,1.01,8.0,1.674515066012877e-05
11.0,1.01,9.0,-0.00073108947314246
11.0,1.01,10.0,-8.173825456470052e-05
11.0,1.01,11.0,3.6443119202922425e-08
11.0,1.01,12.0,0.00030298521746863205
11.0,1.01,13.0,0.0017917827567291156
11.0,1.01,14.0,-3.6313828012549483e-12
11.0,1.01,15.0,1.4249653440309706e-05
11.0,1.01,16.0,-0.00091208756836203
11.0,1.01,17.0,-0.0014278957701168854
11.0,1.01,18.0,0.0008663899709350775
11.0,1.01,19.0,-0.0039027753737992388
11.0,1.01,20.0,4.7552130679029414e-05
11.0,1.01,21.0,7.561580144865854e-06
11.0,1.2100000000000002,0.0,0.011005669729246548
11.0,1.2100000000000002,1.0,8.57418404087984e-05
11.0,1.2100000000000002,2.0,0.000873900112535686
11.0,1.2100000000000002,3.0,1.056258613713057e-06
11.0,1.2100000000000002,4.0,-0.0026589935253883423
11.0,1.2100000000000002,5.0,-0.0025492016741486545
11.0,1.2100000000000002,6.0,-0.00020937857207536936
11.0,1.2100000000000002,7.0,-5.432616584252052e-09
11.0,1.2100000000000002,8.0,1.6745150693935063e-05
11.0,1.2100000000000002,9.0,-0.0008585020347660344
11.0,1.2100000000000002,10.0,-9.389547130406184e-05
11.0,1.2100000000000002,11.0,3.6443119202922425e-08
11.0,1.2100000000000002,12.0,0.0003200430269605925
11.0,1.2100000000000002,13.0,0.0021117533371225183
11.0,1.2100000000000002,14.0,-3.6313828012552868e-12
11.0,1.2100000000000002,15.0,1.6329284279970047e-05
11.0,1.2100000000000002,16.0,-0.00123344719003593
11.0,1.2100000000000002,17.0,-0.0016747072861311163
11.0,1.2100000000000002,18.0,0.0008822036206362349
11.0,1.2100000000000002,19.0,-0.005114491443730884
11.0,1.2100000000000002,20.0,0.0001714674478687228
11.0,1.2100000000000002,21.0,7.56158016013142e-06
11.0,1.4100000000000001,0.0,0.012776307846571022
11.0,1.4100000000000001,1.0,9.85416854479837e-05
11.0,1.4100000000000001,2.0,0.0010086702235697353
11.0,1.4100000000000001,3.0,1.056258613574279e-06
11.0,1.4100000000000001,4.0,-0.002964802212742368
11.0,1.4100000000000001,5.0,-0.002922386442758995
11.0,1.4100000000000001,6.0,-0.0002489059643062119
11.0,1.4100000000000001,7.0,-5.432616584394428e-09
11.0,1.4100000000000001,8.0,1.674515068755128e-05
11.0,1.4100000000000001,9.0,-0.0009908047841900025
11.0,1.4100000000000001,10.0,-0.00010615119102264092
11.0,1.4100000000000001,11.0,3.6443119202922425e-08
11.0,1.4100000000000001,12.0,0.0003506679211467967
11.0,1.4100000000000001,13.0,0.0024377702175783778
11.0,1.4100000000000001,14.0,-3.631382801255263e-12
11.0,1.4100000000000001,15.0,1.8374350247263305e-05
11.0,1.4100000000000001,16.0,-0.0014611039778241741
11.0,1.4100000000000001,17.0,-0.0019166103873684281
11.0,1.4100000000000001,18.0,0.0009465742566527879
11.0,1.4100000000000001,19.0,-0.006096248439208418
11.0,1.4100000000000001,20.0,0.00023885393567396607
11.0,1.4100000000000001,21.0,7.5615801572448404e-06
11.0,1.61,0.0,0.014474229632976399
11.0,1.61,1.0,0.00011149731152415576
11.0,1.61,2.0,0.0011428618544468416
11.0,1.61,3.0,1.0562586119783335e-06
11.0,1.61,4.0,-0.003407791202486632
11.0,1.61,5.0,-0.0032935798196310068
11.0,1.61,6.0,-0.0003332148283624603
11.0,1.61,7.0,-5.432616584476602e-09
11.0,1.61,8.0,1.6745150602064107e-05
11.0,1.61,9.0,-0.0011200586690817138
11.0,1.61,10.0,-0.00011988294732828697
11.0,1.61,11.0,3.644311918904464e-08
11.0,1.61,12.0,0.0003843007185041769
11.0,1.61,13.0,0.002762775910041121
11.0,1.61,14.0,-3.631382801254319e-12
11.0,1.61,15.0,2.035513455873883e-05
11.0,1.61,16.0,-0.0017491456544519446
11.0,1.61,17.0,-0.0021554284798860762
11.0,1.61,18.0,0.0011236349786003519
11.0,1.61,19.0,-0.006741935289448331
11.0,1.61,20.0,0.00021396481754965002
11.0,1.61,21.0,7.561580118636835e-06
11.0,1.81,0.0,0.016187392358589903
11.0,1.81,1.0,0.00012413851643056084
11.0,1.81,2.0,0.001274505477848381
11.0,1.81,3.0,1.0562586110762773e-06
11.0,1.81,4.0,-0.003754824455242445
11.0,1.81,5.0,-0.003658593804212254
11.0,1.81,6.0,-0.0003980360101811242
11.0,1.81,7.0,-5.43261658456137e-09
11.0,1.81,8.0,1.6745150554539623e-05
11.0,1.81,9.0,-0.0012478502735293606
11.0,1.81,10.0,-0.00013264451099259666
11.0,1.81,11.0,3.644311918904464e-08
11.0,1.81,12.0,0.00041409427069530325
11.0,1.81,13.0,0.0030814138775206446
11.0,1.81,14.0,-3.6313828012535763e-12
11.0,1.81,15.0,2.23327686404845e-05
11.0,1.81,16.0,-0.002012431912588153
11.0,1.81,17.0,-0.0023917253364625773
11.0,1.81,18.0,0.001238472078035402
11.0,1.81,19.0,-0.007563364876715828
11.0,1.81,20.0,0.00024011345364982617
11.0,1.81,21.0,7.561580097181775e-06
11.0,2.01,0.0,0.017883945173751248
11.0,2.01,1.0,0.00013664517429629042
11.0,2.01,2.0,0.0014044656310080728
11.0,2.01,3.0,1.0562586100354432e-06
11.0,2.01,4.0,-0.004091058639813738
11.0,2.01,5.0,-0.004019338802836628
11.0,2.01,6.0,-0.00046458811611710393
11.0,2.01,7.0,-5.432616584629255e-09
11.0,2.01,8.0,1.6745150500138695e-05
11.0,2.01,9.0,-0.0013737957429146574
11.0,2.01,10.0,-0.00014529730587825584
11.0,2.01,11.0,3.644311918904464e-08
11.0,2.01,12.0,0.00044282688574923124
11.0,2.01,13.0,0.0033959862262930574
11.0,2.01,14.0,-3.631382801252502e-12
11.0,2.01,15.0,2.4288048545928476e-05
11.0,2.01,16.0,-0.00227880158188587
11.0,2.01,17.0,-0.0026255029945672498
11.0,2.01,18.0,0.00135182731452399
11.0,2.01,19.0,-0.008380206569983117
11.0,2.01,20.0,0.0002667757059567899
11.0,2.01,21.0,7.561580072590335e-06
11.0,2.21,0.0,0.019537574871045793
11.0,2.21,1.0,0.00014881094196683708
11.0,2.21,2.0,0.0015359099466482062
11.0,2.21,3.0,1.0562586114093442e-06
11.0,2.21,4.0,-0.004487910531956629
11.0,2.21,5.0,-0.0043784166134302055
11.0,2.21,6.0,-0.0004862382147108324
11.0,2.21,7.0,-5.4326165847461285e-09
11.0,2.21,8.0,1.6745150572219925e-05
11.0,2.21,9.0,-0.0015053964570681533
11.0,2.21,10.0,-0.00015696424258609953
11.0,2.21,11.0,3.6443119202922425e-08
11.0,2.21,12.0,0.00048071269440469466
11.0,2.21,13.0,0.0037137376141133105
11.0,2.21,14.0,-3.631382801253967e-12
11.0,2.21,15.0,2.623280089900093e-05
11.0,2.21,16.0,-0.0024229657426378948
11.0,2.21,17.0,-0.002854738102925053
11.0,2.21,18.0,0.0014414910004897918
11.0,2.21,19.0,-0.009202669910456873
11.0,2.21,20.0,0.0003045952185792289
11.0,2.21,21.0,7.561580105147625e-06
11.0,2.41,0.0,0.02116180176212812
11.0,2.41,1.0,0.00016102087871269766
11.0,2.41,2.0,0.0016653753537432259
11.0,2.41,3.0,1.05625861337999e-06
11.0,2.41,4.0,-0.0049124533710781515
11.0,2.41,5.0,-0.004733480650468899
11.0,2.41,6.0,-0.0005407371254692594
11.0,2.41,7.0,-5.432616584856375e-09
11.0,2.41,8.0,1.674515067657395e-05
11.0,2.41,9.0,-0.0016327442452552798
11.0,2.41,10.0,-0.00016943600242996792
11.0,2.41,11.0,3.6443119202922425e-08
11.0,2.41,12.0,0.0005163182494418161
11.0,2.41,13.0,0.004026994117191929
11.0,2.41,14.0,-3.6313828012552658e-12
11.0,2.41,15.0,2.8135771115905817e-05
11.0,2.41,16.0,-0.0026351063812961595
11.0,2.41,17.0,-0.0030818459770350637
11.0,2.41,18.0,0.0015793252276573577
11.0,2.41,19.0,-0.009893445339672458
11.0,2.41,20.0,0.0003026736883865455
11.0,2.41,21.0,7.561580152276592e-06
11.0,2.61,0.0,0.02283547448471801
11.0,2.61,1.0,0.0001730017688490737
11.0,2.61,2.0,0.001789843025913146
11.0,2.61,3.0,1.0562586107987215e-06
11.0,2.61,4.0,-0.005149934315034688
11.0,2.61,5.0,-0.005080887357343453
11.0,2.61,6.0,-0.0005892954888110369
11.0,2.61,7.0,-5.432616584864477e-09
11.0,2.61,8.0,1.6745150540412035e-05
11.0,2.61,9.0,-0.0017537835699285576
11.0,2.61,10.0,-0.00018092721959855895
11.0,2.61,11.0,3.644311918904464e-08
11.0,2.61,12.0,0.0005400883432403469
11.0,2.61,13.0,0.00432812310433181
11.0,2.61,14.0,-3.63138280125338e-12
11.0,2.61,15.0,3.0047082361539523e-05
11.0,2.61,16.0,-0.0028743547210584586
11.0,2.61,17.0,-0.0033086616698171506
11.0,2.61,18.0,0.0016367648740274743
11.0,2.61,19.0,-0.010841521716363212
11.0,2.61,20.0,0.0003750815299348731
11.0,2.61,21.0,7.5615800907979924e-06
11.0,2.81,0.0,0.024426293082236317
11.0,2.81,1.0,0.00018482131527317036
11.0,2.81,2.0,0.00191712743912284
11.0,2.81,3.0,1.0562586122836448e-06
11.0,2.81,4.0,-0.005554239309661202
11.0,2.81,5.0,-0.005428530787378205
11.0,2.81,6.0,-0.0006162118177100995
11.0,2.81,7.0,-5.43261658494549e-09
11.0,2.81,8.0,1.6745150619140725e-05
11.0,2.81,9.0,-0.0018807234410880003
11.0,2.81,10.0,-0.0001924633511308782
11.0,2.81,11.0,3.644311918904464e-08
11.0,2.81,12.0,0.0005775417631793955
11.0,2.81,13.0,0.004635915075004604
11.0,2.81,14.0,-3.6313828012547e-12
11.0,2.81,15.0,3.1923036199366095e-05
11.0,2.81,16.0,-0.0030248528868929148
11.0,2.81,17.0,-0.0035303974209649203
11.0,2.81,18.0,0.0017373637032857547
11.0,2.81,19.0,-0.011595752030483353
11.0,2.81,20.0,0.0003990092374872023
11.0,2.81,21.0,7.56158012638064e-06
11.0,3.01,0.0,0.026022623540220113
11.0,3.01,1.0,0.00019660407017826897
11.0,3.01,2.0,0.0020409959106039433
11.0,3.01,3.0,1.0562586118950668e-06
11.0,3.01,4.0,-0.005895489320128178
11.0,3.01,5.0,-0.005770646261578791
11.0,3.01,6.0,-0.0006671526935938532
11.0,3.01,7.0,-5.4326165849835004e-09
11.0,3.01,8.0,1.6745150598102e-05
11.0,3.01,9.0,-0.002001949699440342
11.0,3.01,10.0,-0.00020422370911649113
11.0,3.01,11.0,3.6443119202922425e-08
11.0,3.01,12.0,0.0006076462151725914
11.0,3.01,13.0,0.004935628288317062
11.0,3.01,14.0,-3.631382801254442e-12
11.0,3.01,15.0,3.3775537060382055e-05
11.0,3.01,16.0,-0.0032425539398728276
11.0,3.01,17.0,-0.0037510149967350387
11.0,3.01,18.0,0.0018408795434761704
11.0,3.01,19.0,-0.012364145784472425
11.0,3.01,20.0,0.0004252317600921818
11.0,3.01,21.0,7.561580116832722e-06
11.0,3.21,0.0,0.02759429707252503
11.0,3.21,1.0,0.00020875483166710174
11.0,3.21,2.0,0.002160039998048785
11.0,3.21,3.0,1.056258610895866e-06
11.0,3.21,4.0,-0.006242170364253563
11.0,3.21,5.0,-0.006107277872871852
11.0,3.21,6.0,-0.0008177487900773439
11.0,3.21,7.0,-5.4326165850066e-09
11.0,3.21,8.0,1.6745150544818233e-05
11.0,3.21,9.0,-0.0021109706120079896
11.0,3.21,10.0,-0.00021834712902962794
11.0,3.21,11.0,3.644311918904464e-08
11.0,3.21,12.0,0.0006251479589858833
11.0,3.21,13.0,0.005224437019012318
11.0,3.21,14.0,-3.6313828012535282e-12
11.0,3.21,15.0,3.556536763263396e-05
11.0,3.21,16.0,-0.003678828050609484
11.0,3.21,17.0,-0.003971794147991328
11.0,3.21,18.0,0.002052488389886975
11.0,3.21,19.0,-0.012864170466546976
11.0,3.21,20.0,0.0003624487756535011
11.0,3.21,21.0,7.561580092768638e-06
11.0,3.41,0.0,0.029169844029601655
11.0,3.41,1.0,0.00022008843240861609
11.0,3.41,2.0,0.002281983544929117
11.0,3.41,3.0,1.0562586105350436e-06
11.0,3.41,4.0,-0.006543634160462497
11.0,3.41,5.0,-0.006442131641366276
11.0,3.41,6.0,-0.000831805999073898
11.0,3.41,7.0,-5.432616585036397e-09
11.0,3.41,8.0,1.6745150525798724e-05
11.0,3.41,9.0,-0.002232841480122011
11.0,3.41,10.0,-0.00022885812092332536
11.0,3.41,11.0,3.644311918904464e-08
11.0,3.41,12.0,0.0006571967506933118
11.0,3.41,13.0,0.005519189118372375
11.0,3.41,14.0,-3.631382801253178e-12
11.0,3.41,15.0,3.739679776859628e-05
11.0,3.41,16.0,-0.003818580758153778
11.0,3.41,17.0,-0.004187058811803965
11.0,3.41,18.0,0.0021040025414155172
11.0,3.41,19.0,-0.013751731511839338
11.0,3.41,20.0,0.0004317337233029628
11.0,3.41,21.0,7.5615800841921654e-06
11.0,3.61,0.0,0.030697121447027742
11.0,3.61,1.0,0.00023099274111199053
11.0,3.61,2.0,0.00240680996146056
11.0,3.61,3.0,1.0562586121171114e-06
11.0,3.61,4.0,-0.00693269371658084
11.0,3.61,5.0,-0.006776402926647003
11.0,3.61,6.0,-0.0007739211029877957
11.0,3.61,7.0,-5.432616585088826e-09
11.0,3.61,8.0,1.674515061075854e-05
11.0,3.61,9.0,-0.0023635531596646886
11.0,3.61,10.0,-0.00023782437012231927
11.0,3.61,11.0,3.6443119202922425e-08
11.0,3.61,12.0,0.0007036692414139623
11.0,3.61,13.0,0.005820420411545374
11.0,3.61,14.0,-3.6313828012547286e-12
11.0,3.61,15.0,3.9226697764419005e-05
11.0,3.61,16.0,-0.0037702840961012507
11.0,3.61,17.0,-0.004397043914351834
11.0,3.61,18.0,0.0021114157732591288
11.0,3.61,19.0,-0.014673428980012782
11.0,3.61,20.0,0.0005242306228824267
11.0,3.61,21.0,7.5615801225781265e-06
11.0,3.81,0.0,0.03222361426838061
11.0,3.81,1.0,0.0002422860534124771
11.0,3.81,2.0,0.002525561248987118
11.0,3.81,3.0,1.0562586117285333e-06
11.0,3.81,4.0,-0.007266357267141421
11.0,3.81,5.0,-0.007104237028218517
11.0,3.81,6.0,-0.000823504790750218
11.0,3.81,7.0,-5.432616585109728e-09
11.0,3.81,8.0,1.6745150591461477e-05
11.0,3.81,9.0,-0.0024797688679119023
11.0,3.81,10.0,-0.00024913476499033305
11.0,3.81,11.0,3.644311918904464e-08
11.0,3.81,12.0,0.0007328312413265037
11.0,3.81,13.0,0.006107758302933641
11.0,3.81,14.0,-3.6313828012545174e-12
11.0,3.81,15.0,4.099987927748405e-05
11.0,3.81,16.0,-0.003979159732796833
11.0,3.81,17.0,-0.004608310650855152
11.0,3.81,18.0,0.0022144755532291227
11.0,3.81,19.0,-0.015397159572809904
11.0,3.81,20.0,0.000546014220369706
11.0,3.81,21.0,7.56158011383512e-06
11.0,4.01,0.0,0.03373434436853351
11.0,4.01,1.0,0.0002534632901967093
11.0,4.01,2.0,0.0026430063716197383
11.0,4.01,3.0,1.0562586113399552e-06
11.0,4.01,4.0,-0.007595191049650785
11.0,4.01,5.0,-0.007428565156456124
11.0,4.01,6.0,-0.0008734785451701144
11.0,4.01,7.0,-5.4326165851275796e-09
11.0,4.01,8.0,1.674515057056153e-05
11.0,4.01,9.0,-0.002594639249659525
11.0,4.01,10.0,-0.00026034274476521846
11.0,4.01,11.0,3.644311918904464e-08
11.0,4.01,12.0,0.0007614835857943092
11.0,4.01,13.0,0.006391939505043104
11.0,4.01,14.0,-3.6313828012542694e-12
11.0,4.01,15.0,4.275408160374361e-05
11.0,4.01,16.0,-0.004188114686455302
11.0,4.01,17.0,-0.004817376445121091
11.0,4.01,18.0,0.002316887624632835
11.0,4.01,19.0,-0.01611299633487029
11.0,4.01,20.0,0.0005673235889444572
11.0,4.01,21.0,7.5615801043982245e-06
12.0,0.01,0.0,0.00021847132756502852
12.0,0.01,1.0,3.3055507360213454e-06
12.0,0.01,2.0,7.943856062569976e-05
12.0,0.01,3.0,1.0627913303862258e-06
12.0,0.01,4.0,-0.0008815311046081603
12.0,0.01,5.0,-5.3890610013482734e-05
12.0,0.01,6.0,-0.0001063927486731342
12.0,0.01,7.0,-0.00029871810921534847
12.0,0.01,8.0,1.6752538975498e-05
12.0,0.01,9.0,-0.00011952332481160455
12.0,0.01,10.0,1.1886205561195684e-05
12.0,0.01,11.0,3.870365750113791e-08
12.0,0.01,12.0,-0.000174779033129846
12.0,0.01,13.0,4.265958197982589e-06
12.0,0.01,14.0,5.985308467709727e-05
12.0,0.01,15.0,2.8294441230952705e-06
12.0,0.01,16.0,-0.00020629270871806715
12.0,0.01,17.0,-0.0016836610304373299
12.0,0.01,18.0,-0.0004057753921372642
12.0,0.01,19.0,-0.00011898601584245383
12.0,0.01,20.0,0.00020456759778758604
12.0,0.01,21.0,1.1097276029214953e-06
12.0,0.21000000000000002,0.0,0.00021846766291144792
12.0,0.21000000000000002,1.0,3.3055451086894116e-06
12.0,0.21000000000000002,2.0,7.94453410516982e-05
12.0,0.21000000000000002,3.0,1.0627913303584702e-06
12.0,0.21000000000000002,4.0,-0.0008815318907237774
12.0,0.21000000000000002,5.0,-5.389061009074752e-05
12.0,0.21000000000000002,6.0,-0.00010639264584905161
12.0,0.21000000000000002,7.0,-0.00029871833421175886
12.0,0.21000000000000002,8.0,1.6752538973811848e-05
12.0,0.21000000000000002,9.0,-0.00011952380442135924
12.0,0.21000000000000002,10.0,1.1886218364620671e-05
12.0,0.21000000000000002,11.0,3.870365750113791e-08
12.0,0.21000000000000002,12.0,-0.00017477908358887184
12.0,0.21000000000000002,13.0,4.265970828323806e-06
12.0,0.21000000000000002,14.0,5.985306207662022e-05
12.0,0.21000000000000002,15.0,2.8294455647615013e-06
12.0,0.21000000000000002,16.0,-0.00020629312071977768
12.0,0.21000000000000002,17.0,-0.0016836614353120454
12.0,0.21000000000000002,18.0,-0.00040577548038614464
12.0,0.21000000000000002,19.0,-0.0001189863765246324
12.0,0.21000000000000002,20.0,0.00020465516559226016
12.0,0.21000000000000002,21.0,1.1097276028382286e-06
12.0,0.41000000000000003,0.0,0.00021846401130487525
12.0,0.41000000000000003,1.0,3.3055395038950053e-06
12.0,0.41000000000000003,2.0,7.945210141141468e-05
12.0,0.41000000000000003,3.0,1.0627913303168368e-06
12.0,0.41000000000000003,4.0,-0.0008815326753861957
12.0,0.41000000000000003,5.0,-5.389061016799836e-05
12.0,0.41000000000000003,6.0,-0.00010639254367622586
12.0,0.41000000000000003,7.0,-0.0002987185585648783
12.0,0.41000000000000003,8.0,1.6752538972132636e-05
12.0,0.41000000000000003,9.0,-0.00011952428308609903
12.0,0.41000000000000003,10.0,1.1886231142399506e-05
12.0,0.41000000000000003,11.0,3.870365750113791e-08
12.0,0.41000000000000003,12.0,-0.00017477913420535507
12.0,0.41000000000000003,13.0,4.265983425275066e-06
12.0,0.41000000000000003,14.0,5.985303960477639e-05
12.0,0.41000000000000003,15.0,2.8294470033191077e-06
12.0,0.41000000000000003,16.0,-0.0002062935319317727
12.0,0.41000000000000003,17.0,-0.0016836618401754365
12.0,0.41000000000000003,18.0,-0.00040577556909887624
12.0,0.41000000000000003,19.0,-0.0001189867362887953
12.0,0.41000000000000003,20.0,0.00020474241452733688
12.0,0.41000000000000003,21.0,1.1097276027272063e-06
12.0,0.6100000000000001,0.0,0.0002184603727841683
12.0,0.6100000000000001,1.0,3.305533921665882e-06
12.0,0.6100000000000001,2.0,7.945884164811678e-05
12.0,0.6100000000000001,3.0,1.0627913302890812e-06
12.0,0.6100000000000001,4.0,-0.0008815334585909607
12.0,0.6100000000000001,5.0,-5.389061024523525e-05
12.0,0.6100000000000001,6.0,-0.00010639244215657206
12.0,0.6100000000000001,7.0,-0.00029871878227280546
12.0,0.6100000000000001,8.0,1.6752538970446484e-05
12.0,0.6100000000000001,9.0,-0.00011952476080303448
12.0,0.6100000000000001,10.0,1.1886243894421167e-05
12.0,0.6100000000000001,11.0,3.870365750113791e-08
12.0,0.6100000000000001,12.0,-0.00017477918497976752
12.0,0.6100000000000001,13.0,4.265995988753102e-06
12.0,0.6100000000000001,14.0,5.985301726198211e-05
12.0,0.6100000000000001,15.0,2.8294484387264562e-06
12.0,0.6100000000000001,16.0,-0.00020629394235162357
12.0,0.6100000000000001,17.0,-0.0016836622450275031
12.0,0.6100000000000001,18.0,-0.0004057756582768468
12.0,0.6100000000000001,19.0,-0.00011898709513216699
12.0,0.6100000000000001,20.0,0.0002048293436270887
12.0,0.6100000000000001,21.0,1.1097276025884284e-06
12.0,0.81,0.0,0.0002184567473882959
12.0,0.81,1.0,3.3055283621130638e-06
12.0,0.81,2.0,7.946556170546071e-05
12.0,0.81,3.0,1.0627913302474479e-06
12.0,0.81,4.0,-0.0008815342403337839
12.0,0.81,5.0,-5.38906103224582e-05
12.0,0.81,6.0,-0.00010639234129186659
12.0,0.81,7.0,-0.00029871900533358364
12.0,0.81,8.0,1.6752538968753394e-05
12.0,0.81,9.0,-0.00011952523756923739
12.0,0.81,10.0,1.1886256620574631e-05
12.0,0.81,11.0,3.87036575150157e-08
12.0,0.81,12.0,-0.00017477923591252553
12.0,0.81,13.0,4.2660085186191354e-06
12.0,0.81,14.0,5.985299504858432e-05
12.0,0.81,15.0,2.829449870969669e-06
12.0,0.81,16.0,-0.00020629435197694335
12.0,0.81,17.0,-0.001683662649868246
12.0,0.81,18.0,-0.00040577574792130533
12.0,0.81,19.0,-0.00011898745305199965
12.0,0.81,20.0,0.00020491595192440037
12.0,0.81,21.0,1.109727602477406e-06
12.0,1.01,0.0,0.00021845313515600484
12.0,1.01,1.0,3.3055228252643065e-06
12.0,1.01,2.0,7.947226152704712e-05
12.0,1.01,3.0,1.0627913302196923e-06
12.0,1.01,4.0,-0.0008815350206103217
12.0,1.01,5.0,-5.3890610399667213e-05
12.0,1.01,6.0,-0.00010639224108421885
12.0,1.01,7.0,-0.00029871922774532544
12.0,1.01,8.0,1.6752538967060304e-05
12.0,1.01,9.0,-0.00011952571338188361
12.0,1.01,10.0,1.1886269320804388e-05
12.0,1.01,11.0,3.870365750113791e-08
12.0,1.01,12.0,-0.00017477928700410095
12.0,1.01,13.0,4.266021014845411e-06
12.0,1.01,14.0,5.98529729650063e-05
12.0,1.01,15.0,2.829451300076502e-06
12.0,1.01,16.0,-0.0002062947608053728
12.0,1.01,17.0,-0.0016836630546976654
12.0,1.01,18.0,-0.00040577583803366735
12.0,1.01,19.0,-0.00011898781004551773
12.0,1.01,20.0,0.00020500223845343335
12.0,1.01,21.0,1.1097276023386282e-06
12.0,1.2100000000000002,0.0,0.00021844953612593088
12.0,1.2100000000000002,1.0,3.3055173112306324e-06
12.0,1.2100000000000002,2.0,7.947894105603259e-05
12.0,1.2100000000000002,3.0,1.062791330178059e-06
12.0,1.2100000000000002,4.0,-0.0008815357994162304
12.0,1.2100000000000002,5.0,-5.389061047686228e-05
12.0,1.2100000000000002,6.0,-0.00010639214153532195
12.0,1.2100000000000002,7.0,-0.0002987194495060602
12.0,1.2100000000000002,8.0,1.6752538965367214e-05
12.0,1.2100000000000002,9.0,-0.00011952618823808658
12.0,1.2100000000000002,10.0,1.1886281995110437e-05
12.0,1.2100000000000002,11.0,3.870365750113791e-08
12.0,1.2100000000000002,12.0,-0.00017477933825493785
12.0,1.2100000000000002,13.0,4.2660334772515185e-06
12.0,1.2100000000000002,14.0,5.9852951011629685e-05
12.0,1.2100000000000002,15.0,2.8294527260191993e-06
12.0,1.2100000000000002,16.0,-0.0002062951688345388
12.0,1.2100000000000002,17.0,-0.0016836634595157624
12.0,1.2100000000000002,18.0,-0.00040577592861523737
12.0,1.2100000000000002,19.0,-0.00011898816611013996
12.0,1.2100000000000002,20.0,0.00020508820224562907
12.0,1.2100000000000002,21.0,1.1097276022553615e-06
12.0,1.4100000000000001,0.0,0.00021844595033693182
12.0,1.4100000000000001,1.0,3.305511819984286e-06
12.0,1.4100000000000001,2.0,7.94856002364619e-05
12.0,1.4100000000000001,3.0,1.0627913301503034e-06
12.0,1.4100000000000001,4.0,-0.0008815365767470551
12.0,1.4100000000000001,5.0,-5.3890610554043407e-05
12.0,1.4100000000000001,6.0,-0.00010639204264722979
12.0,1.4100000000000001,7.0,-0.00029871967061391447
12.0,1.4100000000000001,8.0,1.6752538963660246e-05
12.0,1.4100000000000001,9.0,-0.0001195266621349736
12.0,1.4100000000000001,10.0,1.1886294643326245e-05
12.0,1.4100000000000001,11.0,3.870365750113791e-08
12.0,1.4100000000000001,12.0,-0.00017477938966548034
12.0,1.4100000000000001,13.0,4.266045905795823e-06
12.0,1.4100000000000001,14.0,5.9852929188829174e-05
12.0,1.4100000000000001,15.0,2.829454148783883e-06
12.0,1.4100000000000001,16.0,-0.00020629557606202664
12.0,1.4100000000000001,17.0,-0.0016836638643225371
12.0,1.4100000000000001,18.0,-0.00040577601966734766
12.0,1.4100000000000001,19.0,-0.0001189885212428965
12.0,1.4100000000000001,20.0,0.00020517384233498248
12.0,1.4100000000000001,21.0,1.1097276021165836e-06
12.0,1.61,0.0,0.00021844237782819853
12.0,1.61,1.0,3.3055063516918004e-06
12.0,1.61,2.0,7.949223901154712e-05
12.0,1.61,3.0,1.0627913301225478e-06
12.0,1.61,4.0,-0.0008815373525984799
12.0,1.61,5.0,-5.389061063121059e-05
12.0,1.61,6.0,-0.00010639194442171873
12.0,1.61,7.0,-0.0002987198910669314
12.0,1.61,8.0,1.6752538961953278e-05
12.0,1.61,9.0,-0.000119527135069665
12.0,1.61,10.0,1.1886307265396301e-05
12.0,1.61,11.0,3.870365750113791e-08
12.0,1.61,12.0,-0.0001747794412361725
12.0,1.61,13.0,4.266058300353426e-06
12.0,1.61,14.0,5.9852907497000285e-05
12.0,1.61,15.0,2.8294555683705536e-06
12.0,1.61,16.0,-0.00020629598248543546
12.0,1.61,17.0,-0.00168366426911799
12.0,1.61,18.0,-0.0004057761111913305
12.0,1.61,19.0,-0.00011898887544128933
12.0,1.61,20.0,0.00020525915775143622
12.0,1.61,21.0,1.1097276020333169e-06
12.0,1.81,0.0,0.00021843881863803372
12.0,1.81,1.0,3.305500906353176e-06
12.0,1.81,2.0,7.949885732516648e-05
12.0,1.81,3.0,1.0627913300809144e-06
12.0,1.81,4.0,-0.000881538126966161
12.0,1.81,5.0,-5.3890610708363845e-05
12.0,1.81,6.0,-0.00010639184686078718
12.0,1.81,7.0,-0.0002987201108631682
12.0,1.81,8.0,1.675253896023937e-05
12.0,1.81,9.0,-0.00011952760703928811
12.0,1.81,10.0,1.1886319861265093e-05
12.0,1.81,11.0,3.870365750113791e-08
12.0,1.81,12.0,-0.00017477949296745843
12.0,1.81,13.0,4.2660706608271814e-06
12.0,1.81,14.0,5.9852885936538536e-05
12.0,1.81,15.0,2.8294569847375772e-06
12.0,1.81,16.0,-0.00020629638810239215
12.0,1.81,17.0,-0.0016836646739021217
12.0,1.81,18.0,-0.00040577620318851815
12.0,1.81,19.0,-0.00011898922870240414
12.0,1.81,20.0,0.0002053441475273199
12.0,1.81,21.0,1.1097276019222946e-06
12.0,2.01,0.0,0.00021843527280573927
12.0,2.01,1.0,3.305495484134946e-06
12.0,2.01,2.0,7.950545512075413e-05
12.0,2.01,3.0,1.062791330039281e-06
12.0,2.01,4.0,-0.0008815388998457824
12.0,2.01,5.0,-5.3890610785503155e-05
12.0,2.01,6.0,-0.00010639174996623924
12.0,2.01,7.0,-0.00029872033000070963
12.0,2.01,8.0,1.6752538958525465e-05
12.0,2.01,9.0,-0.00011952807804094939
12.0,2.01,10.0,1.1886332430932622e-05
12.0,2.01,11.0,3.870365750113791e-08
12.0,2.01,12.0,-0.0001747795448597822
12.0,2.01,13.0,4.266082987119946e-06
12.0,2.01,14.0,5.9852864507825565e-05
12.0,2.01,15.0,2.8294583979265875e-06
12.0,2.01,16.0,-0.0002062967929105236
12.0,2.01,17.0,-0.0016836650786749329
12.0,2.01,18.0,-0.0004057762956602706
12.0,2.01,19.0,-0.00011898958102349311
12.0,2.01,20.0,0.00020542881069329777
12.0,2.01,21.0,1.1097276017835167e-06
12.0,2.21,0.0,0.00021843174036995094
12.0,2.21,1.0,3.3054900849538438e-06
12.0,2.21,2.0,7.951203234218829e-05
12.0,2.21,3.0,1.0627913300115255e-06
12.0,2.21,4.0,-0.0008815396712328755
12.0,2.21,5.0,-5.389061086262854e-05
12.0,2.21,6.0,-0.00010639165374004556
12.0,2.21,7.0,-0.0002987205484776684
12.0,2.21,8.0,1.675253895680462e-05
12.0,2.21,9.0,-0.00011952854807183166
12.0,2.21,10.0,1.1886344974176843e-05
12.0,2.21,11.0,3.870365750113791e-08
12.0,2.21,12.0,-0.00017477959691361566
12.0,2.21,13.0,4.2660952791068185e-06
12.0,2.21,14.0,5.985284321124301e-05
12.0,2.21,15.0,2.829459807882073e-06
12.0,2.21,16.0,-0.00020629719690740123
12.0,2.21,17.0,-0.001683665483436424
12.0,2.21,18.0,-0.0004057763886078647
12.0,2.21,19.0,-0.0001189899324018362
12.0,2.21,20.0,0.00020551314627970108
12.0,2.21,21.0,1.1097276016724944e-06
12.0,2.41,0.0,0.00021842822136963758
12.0,2.41,1.0,3.305484708948647e-06
12.0,2.41,2.0,7.951858893290309e-05
12.0,2.41,3.0,1.0627913299698921e-06
12.0,2.41,4.0,-0.0008815404411231659
12.0,2.41,5.0,-5.3890610939739995e-05
12.0,2.41,6.0,-0.00010639155818414903
12.0,2.41,7.0,-0.0002987207662920599
12.0,2.41,8.0,1.6752538955083773e-05
12.0,2.41,9.0,-0.00011952901712899283
12.0,2.41,10.0,1.1886357490942245e-05
12.0,2.41,11.0,3.870365750113791e-08
12.0,2.41,12.0,-0.00017477964912943067
12.0,2.41,13.0,4.266107536718411e-06
12.0,2.41,14.0,5.985282204719333e-05
12.0,2.41,15.0,2.8294612146456677e-06
12.0,2.41,16.0,-0.00020629760009067966
12.0,2.41,17.0,-0.0016836658881865954
12.0,2.41,18.0,-0.00040577648203274364
12.0,2.41,19.0,-0.00011899028283482438
12.0,2.41,20.0,0.00020559715331591732
12.0,2.41,21.0,1.109727601561472e-06
12.0,2.61,0.0,0.00021842471584365697
12.0,2.61,1.0,3.305479356202623e-06
12.0,2.61,2.0,7.952512483688778e-05
12.0,2.61,3.0,1.0627913299282588e-06
12.0,2.61,4.0,-0.0008815412095122266
12.0,2.61,5.0,-5.3890611016837516e-05
12.0,2.61,6.0,-0.00010639146330035376
12.0,2.61,7.0,-0.00029872098344198295
12.0,2.61,8.0,1.675253895335599e-05
12.0,2.61,9.0,-0.00011952948520959489
12.0,2.61,10.0,1.1886369981228828e-05
12.0,2.61,11.0,3.87036575150157e-08
12.0,2.61,12.0,-0.00017477970150758804
12.0,2.61,13.0,4.266119759857578e-06
12.0,2.61,14.0,5.9852801016065105e-05
12.0,2.61,15.0,2.8294626181202265e-06
12.0,2.61,16.0,-0.0002062980024579164
12.0,2.61,17.0,-0.0016836662929254481
12.0,2.61,18.0,-0.0004057765759361842
12.0,2.61,19.0,-0.00011899063231957108
12.0,2.61,20.0,0.00020568083083172262
12.0,2.61,21.0,1.1097276014504498e-06
12.0,2.81,0.0,0.00021842122383097795
12.0,2.81,1.0,3.305474026799038e-06
12.0,2.81,2.0,7.953163999763202e-05
12.0,2.81,3.0,1.0627913299005032e-06
12.0,2.81,4.0,-0.0008815419763957971
12.0,2.81,5.0,-5.389061109392112e-05
12.0,2.81,6.0,-0.0001063913690905749
12.0,2.81,7.0,-0.0002987211999255085
12.0,2.81,8.0,1.6752538951621265e-05
12.0,2.81,9.0,-0.00011952995231077901
12.0,2.81,10.0,1.188638244498108e-05
12.0,2.81,11.0,3.870365750113791e-08
12.0,2.81,12.0,-0.00017477975404861512
12.0,2.81,13.0,4.266131948385543e-06
12.0,2.81,14.0,5.985278011822609e-05
12.0,2.81,15.0,2.8294640183890163e-06
12.0,2.81,16.0,-0.0002062984040067939
12.0,2.81,17.0,-0.0016836666976529824
12.0,2.81,18.0,-0.0004057766703195187
12.0,2.81,19.0,-0.00011899098085332849
12.0,2.81,20.0,0.00020576417785589385
12.0,2.81,21.0,1.109727601311672e-06
12.0,3.01,0.0,0.0002184177453703473
12.0,3.01,1.0,3.3054687207656475e-06
12.0,3.01,2.0,7.953813435912505e-05
12.0,3.01,3.0,1.0627913298588698e-06
12.0,3.01,4.0,-0.0008815427417693394
12.0,3.01,5.0,-5.389061117099079e-05
12.0,3.01,6.0,-0.00010639127555672756
12.0,3.01,7.0,-0.00029872141574070754
12.0,3.01,8.0,1.6752538949886542e-05
12.0,3.01,9.0,-0.0001195304184296031
12.0,3.01,10.0,1.188639488203247e-05
12.0,3.01,11.0,3.870365750113791e-08
12.0,3.01,12.0,-0.00017477980675292826
12.0,3.01,13.0,4.266144102246794e-06
12.0,3.01,14.0,5.985275935409262e-05
12.0,3.01,15.0,2.829465415382648e-06
12.0,3.01,16.0,-0.0002062988047348141
12.0,3.01,17.0,-0.001683667102369199
12.0,3.01,18.0,-0.00040577676518402384
12.0,3.01,19.0,-0.00011899132843340432
12.0,3.01,20.0,0.00020584719341681934
12.0,3.01,21.0,1.1097276012284052e-06
12.0,3.21,0.0,0.00021841428050084488
12.0,3.21,1.0,3.305463438157963e-06
12.0,3.21,2.0,7.954460786496753e-05
12.0,3.21,3.0,1.0627913298172365e-06
12.0,3.21,4.0,-0.0008815435056286347
12.0,3.21,5.0,-5.389061124804655e-05
12.0,3.21,6.0,-0.00010639118270075465
12.0,3.21,7.0,-0.00029872163088566495
12.0,3.21,8.0,1.675253894815182e-05
12.0,3.21,9.0,-0.00011953088356324998
12.0,3.21,10.0,1.1886407292438506e-05
12.0,3.21,11.0,3.870365750113791e-08
12.0,3.21,12.0,-0.00017477985962097153
12.0,3.21,13.0,4.266156221302553e-06
12.0,3.21,14.0,5.985273872403246e-05
12.0,3.21,15.0,2.8294668091566333e-06
12.0,3.21,16.0,-0.00020629920463965945
12.0,3.21,17.0,-0.0016836675070740987
12.0,3.21,18.0,-0.0004057768605311429
12.0,3.21,19.0,-0.00011899167505705077
12.0,3.21,20.0,0.0002059298765428319
12.0,3.21,21.0,1.1097276010896273e-06
12.0,3.41,0.0,0.00021841082926910005
12.0,3.41,1.0,3.305458179031495e-06
12.0,3.41,2.0,7.955106044649218e-05
12.0,3.41,3.0,1.0627913297894809e-06
12.0,3.41,4.0,-0.00088154426796834
12.0,3.41,5.0,-5.3890611325088405e-05
12.0,3.41,6.0,-0.00010639109052487661
12.0,3.41,7.0,-0.00029872184535797985
12.0,3.41,8.0,1.6752538946403217e-05
12.0,3.41,9.0,-0.0001195313477081808
12.0,3.41,10.0,1.1886419675810611e-05
12.0,3.41,11.0,3.870365750113791e-08
12.0,3.41,12.0,-0.00017477991265330006
12.0,3.41,13.0,4.266168305469553e-06
12.0,3.41,14.0,5.985271822852439e-05
12.0,3.41,15.0,2.829468199627705e-06
12.0,3.41,16.0,-0.00020629960371842948
12.0,3.41,17.0,-0.0016836679117676818
12.0,3.41,18.0,-0.00040577695636237476
12.0,3.41,19.0,-0.00011899202072088166
12.0,3.41,20.0,0.00020601222606814185
12.0,3.41,21.0,1.109727600978605e-06
12.0,3.61,0.0,0.00021840739171563595
12.0,3.61,1.0,3.305452943552778e-06
12.0,3.61,2.0,7.955749204530127e-05
12.0,3.61,3.0,1.0627913297478475e-06
12.0,3.61,4.0,-0.0008815450287839727
12.0,3.61,5.0,-5.389061140211638e-05
12.0,3.61,6.0,-0.00010639099903114735
12.0,3.61,7.0,-0.00029872205915573713
12.0,3.61,8.0,1.6752538944654616e-05
12.0,3.61,9.0,-0.00011953181086146736
12.0,3.61,10.0,1.1886432032426342e-05
12.0,3.61,11.0,3.870365750113791e-08
12.0,3.61,12.0,-0.00017477996585033018
12.0,3.61,13.0,4.266180354609017e-06
12.0,3.61,14.0,5.985269786797087e-05
12.0,3.61,15.0,2.8294695868236186e-06
12.0,3.61,16.0,-0.00020630000196864007
12.0,3.61,17.0,-0.0016836683164499493
12.0,3.61,18.0,-0.00040577705267916264
12.0,3.61,19.0,-0.00011899236542217695
12.0,3.61,20.0,0.00020609424098810836
12.0,3.61,21.0,1.1097276008675827e-06
12.0,3.81,0.0,0.00021840396786931837
12.0,3.81,1.0,3.305447731721811e-06
12.0,3.81,2.0,7.956390262103819e-05
12.0,3.81,3.0,1.062791329720092e-06
12.0,3.81,4.0,-0.0008815457880722577
12.0,3.81,5.0,-5.389061147913044e-05
12.0,3.81,6.0,-0.00010639090822081587
12.0,3.81,7.0,-0.0002987222722774796
12.0,3.81,8.0,1.6752538942906015e-05
12.0,3.81,9.0,-0.00011953227302096553
12.0,3.81,10.0,1.1886444362119164e-05
12.0,3.81,11.0,3.870365750113791e-08
12.0,3.81,12.0,-0.00017478001921245045
12.0,3.81,13.0,4.2661923686654335e-06
12.0,3.81,14.0,5.985267764265639e-05
12.0,3.81,15.0,2.8294709707304966e-06
12.0,3.81,16.0,-0.00020630039938852873
12.0,3.81,17.0,-0.0016836687211209016
12.0,3.81,18.0,-0.00040577714948256127
12.0,3.81,19.0,-0.0001189927091588272
12.0,3.81,20.0,0.00020617592056892953
12.0,3.81,21.0,1.1097276007565604e-06
12.0,4.01,0.0,0.0002184005577693382
12.0,4.01,1.0,3.3054425435663504e-06
12.0,4.01,2.0,7.95702921178032e-05
12.0,4.01,3.0,1.0627913296645808e-06
12.0,4.01,4.0,-0.0008815465458288235
12.0,4.01,5.0,-5.389061155613059e-05
12.0,4.01,6.0,-0.0001063908180959916
12.0,4.01,7.0,-0.00029872248472127827
12.0,4.01,8.0,1.6752538941150474e-05
12.0,4.01,9.0,-0.00011953273418378874
12.0,4.01,10.0,1.1886456664722544e-05
12.0,4.01,11.0,3.870365750113791e-08
12.0,4.01,12.0,-0.00017478007274010499
12.0,4.01,13.0,4.26620434752778e-06
12.0,4.01,14.0,5.9852657552969535e-05
12.0,4.01,15.0,2.8294723513205833e-06
12.0,4.01,16.0,-0.0002063007959756391
12.0,4.01,17.0,-0.0016836691257805395
12.0,4.01,18.0,-0.0004057772467738474
12.0,4.01,19.0,-0.00011899305192811238
12.0,4.01,20.0,0.0002062572638376614
12.0,4.01,21.0,1.1097276006177825e-06
13.0,0.01,0.0,0.005781919488991649
13.0,0.01,1.0,0.0002763306162675283
13.0,0.01,2.0,0.002008260622158864
13.0,0.01,3.0,1.05598104020721e-06
13.0,0.01,4.0,-5.99594407789672e-05
13.0,0.01,5.0,-0.0003677515217590521
13.0,0.01,6.0,0.00010435418898555038
13.0,0.01,7.0,-0.0015193837214311778
13.0,0.01,8.0,1.6745026503922622e-05
13.0,0.01,9.0,0.00039336973958364885
13.0,0.01,10.0,1.792297963648659e-05
13.0,0.01,11.0,3.6408535353249505e-08
13.0,0.01,12.0,-0.0004681371824815095
13.0,0.01,13.0,0.002436586804778651
13.0,0.01,14.0,-1.3793688584890356e-08
13.0,0.01,15.0,9.235269486126962e-05
13.0,0.01,16.0,-3.286947715752664e-05
13.0,0.01,17.0,-0.00012097968970276041
13.0,0.01,18.0,0.00010222081094329871
13.0,0.01,19.0,-0.00047118119385924917
13.0,0.01,20.0,0.001221047398671904
13.0,0.01,21.0,1.384448611585487e-06
13.0,0.21000000000000002,0.0,0.009798513743879078
13.0,0.21000000000000002,1.0,0.0004369943876442739
13.0,0.21000000000000002,2.0,0.0033261213336907014
13.0,0.21000000000000002,3.0,1.055981052960897e-06
13.0,0.21000000000000002,4.0,-0.0002728115520531649
13.0,0.21000000000000002,5.0,-0.0006896059363153406
13.0,0.21000000000000002,6.0,0.00013122007806887215
13.0,0.21000000000000002,7.0,-0.002487818998870364
13.0,0.21000000000000002,8.0,1.674502707273151e-05
13.0,0.21000000000000002,9.0,0.0006252168777720613
13.0,0.21000000000000002,10.0,7.487424701130285e-05
13.0,0.21000000000000002,11.0,3.640853543651623e-08
13.0,0.21000000000000002,12.0,-0.0007739249247343816
13.0,0.21000000000000002,13.0,0.004046060060573342
13.0,0.21000000000000002,14.0,-1.379368861470054e-08
13.0,0.21000000000000002,15.0,0.0001376798215497188
13.0,0.21000000000000002,16.0,0.00014738607568720585
13.0,0.21000000000000002,17.0,-1.773032876856151e-05
13.0,0.21000000000000002,18.0,0.0003443533637720875
13.0,0.21000000000000002,19.0,-0.0009416716503863332
13.0,0.21000000000000002,20.0,0.0021250671137095223
13.0,0.21000000000000002,21.0,1.3844486585756766e-06
13.0,0.41000000000000003,0.0,0.011118142379286322
13.0,0.41000000000000003,1.0,0.0004934715205134332
13.0,0.41000000000000003,2.0,0.0037691118522182876
13.0,0.41000000000000003,3.0,1.0559810785931711e-06
13.0,0.41000000000000003,4.0,-0.0005049393243253819
13.0,0.41000000000000003,5.0,-0.0009026372262943005
13.0,0.41000000000000003,6.0,0.00011764890590082455
13.0,0.41000000000000003,7.0,-0.002861304926732172
13.0,0.41000000000000003,8.0,1.674502824145635e-05
13.0,0.41000000000000003,9.0,0.0007092925932414285
13.0,0.41000000000000003,10.0,0.0001462800370328754
13.0,0.41000000000000003,11.0,3.64085355891719e-08
13.0,0.41000000000000003,12.0,-0.0009002075447498148
13.0,0.41000000000000003,13.0,0.004585950759186275
13.0,0.41000000000000003,14.0,-1.3793688651308787e-08
13.0,0.41000000000000003,15.0,0.0001540565739397426
13.0,0.41000000000000003,16.0,0.0005456054208839989
13.0,0.41000000000000003,17.0,0.00023990318795319432
13.0,0.41000000000000003,18.0,0.0005927962848067958
13.0,0.41000000000000003,19.0,-0.0014231235448640689
13.0,0.41000000000000003,20.0,0.0025948258351858877
13.0,0.41000000000000003,21.0,1.3844487552205909e-06
13.0,0.6100000000000001,0.0,0.011444273180112985
13.0,0.6100000000000001,1.0,0.0005093134773533903
13.0,0.6100000000000001,2.0,0.0038795872615399185
13.0,0.6100000000000001,3.0,1.0559810863647323e-06
13.0,0.6100000000000001,4.0,-0.0004127616003856138
13.0,0.6100000000000001,5.0,-0.0008837799601186247
13.0,0.6100000000000001,6.0,0.00013096616607530254
13.0,0.6100000000000001,7.0,-0.002936047106821632
13.0,0.6100000000000001,8.0,1.674502861358229e-05
13.0,0.6100000000000001,9.0,0.0007349885691414482
13.0,0.6100000000000001,10.0,0.0001266348168146303
13.0,0.6100000000000001,11.0,3.640853563080526e-08
13.0,0.6100000000000001,12.0,-0.0009187626857129205
13.0,0.6100000000000001,13.0,0.004722643171049146
13.0,0.6100000000000001,14.0,-1.3793688662084796e-08
13.0,0.6100000000000001,15.0,0.0001586038544876267
13.0,0.6100000000000001,16.0,0.00047041514115431227
13.0,0.6100000000000001,17.0,0.0001505382040371539
13.0,0.6100000000000001,18.0,0.00045815990991171507
13.0,0.6100000000000001,19.0,-0.0014409628142937891
13.0,0.6100000000000001,20.0,0.0026043528522248227
13.0,0.6100000000000001,21.0,1.3844487860570354e-06
13.0,0.81,0.0,0.011514062180482676
13.0,0.81,1.0,0.0005131004046324272
13.0,0.81,2.0,0.0039039443262371964
13.0,0.81,3.0,1.0559810893623345e-06
13.0,0.81,4.0,-0.0003613248195414309
13.0,0.81,5.0,-0.0008623559147073467
13.0,0.81,6.0,0.00013812091442821917
13.0,0.81,7.0,-0.002948235103241853
13.0,0.81,8.0,1.6745028761359915e-05
13.0,0.81,9.0,0.0007413109170779086
13.0,0.81,10.0,0.00011289702581590566
13.0,0.81,11.0,3.640853564468305e-08
13.0,0.81,12.0,-0.0009197701768962063
13.0,0.81,13.0,0.004753079167050478
13.0,0.81,14.0,-1.379368866629066e-08
13.0,0.81,15.0,0.0001597637469973323
13.0,0.81,16.0,0.0004124838040943102
13.0,0.81,17.0,9.457718557781547e-05
13.0,0.81,18.0,0.0003894098556704306
13.0,0.81,19.0,-0.0014149904443963024
13.0,0.81,20.0,0.002582285786809524
13.0,0.81,21.0,1.384448798241733e-06
13.0,1.01,0.0,0.011528041228934804
13.0,1.01,1.0,0.0005140439994689716
13.0,1.01,2.0,0.003907884833353581
13.0,1.01,3.0,1.0559810906668465e-06
13.0,1.01,4.0,-0.00021970068855958758
13.0,1.01,5.0,-0.0007626016000092384
13.0,1.01,6.0,0.0001611342121172754
13.0,1.01,7.0,-0.0029165849112815917
13.0,1.01,8.0,1.6745028830443542e-05
13.0,1.01,9.0,0.0007431736426459778
13.0,1.01,10.0,6.214852450819874e-05
13.0,1.01,11.0,3.6408535658560837e-08
13.0,1.01,12.0,-0.0009041449508843391
13.0,1.01,13.0,0.004759274091711285
13.0,1.01,14.0,-1.3793688667345182e-08
13.0,1.01,15.0,0.00016001689399425256
13.0,1.01,16.0,0.00012761827617979726
13.0,1.01,17.0,-0.00011026937361746647
13.0,1.01,18.0,0.00022589810970236046
13.0,1.01,19.0,-0.0011460471775836534
13.0,1.01,20.0,0.0024375523400479437
13.0,1.01,21.0,1.3844488039593816e-06
13.0,1.2100000000000002,0.0,0.01153075357052702
13.0,1.2100000000000002,1.0,0.0005142375011866762
13.0,1.2100000000000002,2.0,0.003908802660381516
13.0,1.2100000000000002,3.0,1.0559810929011704e-06
13.0,1.2100000000000002,4.0,-0.00019870534380128646
13.0,1.2100000000000002,5.0,-0.0007539952917228754
13.0,1.2100000000000002,6.0,0.00016310002902897303
13.0,1.2100000000000002,7.0,-0.0029144323539607164
13.0,1.2100000000000002,8.0,1.6745028943492002e-05
13.0,1.2100000000000002,9.0,0.0007435256463622086
13.0,1.2100000000000002,10.0,5.771067426740828e-05
13.0,1.2100000000000002,11.0,3.6408535658560837e-08
13.0,1.2100000000000002,12.0,-0.0009024462897386232
13.0,1.2100000000000002,13.0,0.004760555690419999
13.0,1.2100000000000002,14.0,-1.379368867024193e-08
13.0,1.2100000000000002,15.0,0.0001600830796434083
13.0,1.2100000000000002,16.0,0.00010504802642863353
13.0,1.2100000000000002,17.0,-0.00012995659234371626
13.0,1.2100000000000002,18.0,0.00019595374501768514
13.0,1.2100000000000002,19.0,-0.0011357689218117195
13.0,1.2100000000000002,20.0,0.0024229730319650367
13.0,1.2100000000000002,21.0,1.3844488133407662e-06
13.0,1.4100000000000001,0.0,0.01153127165928347
13.0,1.4100000000000001,1.0,0.0005142850918762876
13.0,1.4100000000000001,2.0,0.0039089161479969325
13.0,1.4100000000000001,3.0,1.0559810943999715e-06
13.0,1.4100000000000001,4.0,-0.0001832680645974527
13.0,1.4100000000000001,5.0,-0.0007474501320053895
13.0,1.4100000000000001,6.0,0.00016452114656068106
13.0,1.4100000000000001,7.0,-0.0029121986825989404
13.0,1.4100000000000001,8.0,1.6745029020305557e-05
13.0,1.4100000000000001,9.0,0.0007436270879002671
13.0,1.4100000000000001,10.0,5.448193955626124e-05
13.0,1.4100000000000001,11.0,3.6408535672438624e-08
13.0,1.4100000000000001,12.0,-0.0009010404436295139
13.0,1.4100000000000001,13.0,0.004760802559002353
13.0,1.4100000000000001,14.0,-1.3793688672174836e-08
13.0,1.4100000000000001,15.0,0.0001600974250134668
13.0,1.4100000000000001,16.0,8.61502961621019e-05
13.0,1.4100000000000001,17.0,-0.00014489035774567505
13.0,1.4100000000000001,18.0,0.00017492483431813532
13.0,1.4100000000000001,19.0,-0.001124812910349604
13.0,1.4100000000000001,20.0,0.0024114293511058316
13.0,1.4100000000000001,21.0,1.3844488196690374e-06
13.0,1.61,0.0,0.011531369772586952
13.0,1.61,1.0,0.0005142297431661724
13.0,1.61,2.0,0.0039098106928415755
13.0,1.61,3.0,1.0559810909305245e-06
13.0,1.61,4.0,-0.0002929515154452833
13.0,1.61,5.0,-0.0008192888249839991
13.0,1.61,6.0,0.0001488955048695173
13.0,1.61,7.0,-0.002939041595153402
13.0,1.61,8.0,1.6745028843218046e-05
13.0,1.61,9.0,0.0007433504729613127
13.0,1.61,10.0,8.965646607717037e-05
13.0,1.61,11.0,3.640853564468305e-08
13.0,1.61,12.0,-0.0009135659456255274
13.0,1.61,13.0,0.004760966330287331
13.0,1.61,14.0,-1.37936886690833e-08
13.0,1.61,15.0,0.00016012312542498797
13.0,1.61,16.0,0.0002830361820659322
13.0,1.61,17.0,-4.587335097339107e-07
13.0,1.61,18.0,0.00032177489435702977
13.0,1.61,19.0,-0.0012907583234026965
13.0,1.61,20.0,0.002524829415008756
13.0,1.61,21.0,1.3844488050140935e-06
13.0,1.81,0.0,0.011531388401061826
13.0,1.81,1.0,0.0005142801930779206
13.0,1.81,2.0,0.003909187504250289
13.0,1.81,3.0,1.0559810952465165e-06
13.0,1.81,4.0,-0.00021569809258925599
13.0,1.81,5.0,-0.0007727867749410255
13.0,1.81,6.0,0.00015878825193732515
13.0,1.81,7.0,-0.0029218988055332157
13.0,1.81,8.0,1.6745029063090777e-05
13.0,1.81,9.0,0.000743573911079376
13.0,1.81,10.0,6.668031852768985e-05
13.0,1.81,11.0,3.6408535672438624e-08
13.0,1.81,12.0,-0.0009050197181424691
13.0,1.81,13.0,0.004760891917854115
13.0,1.81,14.0,-1.3793688674052511e-08
13.0,1.81,15.0,0.00016010790940801378
13.0,1.81,16.0,0.00016886491515455404
13.0,1.81,17.0,-9.354739145533975e-05
13.0,1.81,18.0,0.00020374674754203292
13.0,1.81,19.0,-0.0012148019070330474
13.0,1.81,20.0,0.0024496416121674303
13.0,1.81,21.0,1.3844488231939955e-06
13.0,2.01,0.0,0.0115313919128478
13.0,2.01,1.0,0.000514275916139173
13.0,2.01,2.0,0.003909251446603146
13.0,2.01,3.0,1.0559810949134496e-06
13.0,2.01,4.0,-0.0002233312072921212
13.0,2.01,5.0,-0.0007775929020625849
13.0,2.01,6.0,0.00015792147822368818
13.0,2.01,7.0,-0.0029239062831599993
13.0,2.01,8.0,1.674502904556313e-05
13.0,2.01,9.0,0.0007435531609363277
13.0,2.01,10.0,6.882768664007166e-05
13.0,2.01,11.0,3.6408535672438624e-08
13.0,2.01,12.0,-0.0009056270123859456
13.0,2.01,13.0,0.004760902211871809
13.0,2.01,14.0,-1.379368867368477e-08
13.0,2.01,15.0,0.00016010977782576763
13.0,2.01,16.0,0.00017893560617576743
13.0,2.01,17.0,-8.466069601625881e-05
13.0,2.01,18.0,0.00021993955323068581
13.0,2.01,19.0,-0.0012176784714907352
13.0,2.01,20.0,0.0024586066626893777
13.0,2.01,21.0,1.3844488217784612e-06
13.0,2.21,0.0,0.01153139258350111
13.0,2.21,1.0,0.0005142700489841334
13.0,2.21,2.0,0.0039093258014970544
13.0,2.21,3.0,1.0559810941224157e-06
13.0,2.21,4.0,-0.00023079781650781062
13.0,2.21,5.0,-0.0007808015045409622
13.0,2.21,6.0,0.00015739153325380895
13.0,2.21,7.0,-0.002925160772832572
13.0,2.21,8.0,1.6745029006275114e-05
13.0,2.21,9.0,0.0007435261872092425
13.0,2.21,10.0,7.03518025711447e-05
13.0,2.21,11.0,3.6408535672438624e-08
13.0,2.21,12.0,-0.0009063961707714285
13.0,2.21,13.0,0.004760913055967042
13.0,2.21,14.0,-1.3793688672851219e-08
13.0,2.21,15.0,0.0001601118637125365
13.0,2.21,16.0,0.0001805050641290329
13.0,2.21,17.0,-7.915808874758845e-05
13.0,2.21,18.0,0.0002387527359188346
13.0,2.21,19.0,-0.0012080551737269074
13.0,2.21,20.0,0.0024652143285998074
13.0,2.21,21.0,1.3844488185033033e-06
13.0,2.41,0.0,0.011531392714408617
13.0,2.41,1.0,0.0005142639931707271
13.0,2.41,2.0,0.0039093969176773324
13.0,2.41,3.0,1.055981093192604e-06
13.0,2.41,4.0,-0.00023535779611949526
13.0,2.41,5.0,-0.0007818941276339086
13.0,2.41,6.0,0.0001572781403959278
13.0,2.41,7.0,-0.002925421103456796
13.0,2.41,8.0,1.674502896018698e-05
13.0,2.41,9.0,0.000743498599707626
13.0,2.41,10.0,7.103024621196719e-05
13.0,2.41,11.0,3.6408535658560837e-08
13.0,2.41,12.0,-0.0009070003319393283
13.0,2.41,13.0,0.004760923766557124
13.0,2.41,14.0,-1.3793688671875784e-08
13.0,2.41,15.0,0.00016011393109219285
13.0,2.41,16.0,0.00017292800769797
13.0,2.41,17.0,-7.82756495903425e-05
13.0,2.41,18.0,0.0002551620291066925
13.0,2.41,19.0,-0.0011886085804033164
13.0,2.41,20.0,0.0024679403221594676
13.0,2.41,21.0,1.3844488146730338e-06
13.0,2.61,0.0,0.011531392741058966
13.0,2.61,1.0,0.0005142585850960169
13.0,2.61,2.0,0.003909455731582745
13.0,2.61,3.0,1.0559810923460589e-06
13.0,2.61,4.0,-0.00023600734160189596
13.0,2.61,5.0,-0.000781022784765717
13.0,2.61,6.0,0.00015752663749799
13.0,2.61,7.0,-0.0029247613265865335
13.0,2.61,8.0,1.674502891721441e-05
13.0,2.61,9.0,0.0007434740213477786
13.0,2.61,10.0,7.09225467817598e-05
13.0,2.61,11.0,3.6408535658560837e-08
13.0,2.61,12.0,-0.0009073083144550687
13.0,2.61,13.0,0.004760933248315169
13.0,2.61,14.0,-1.3793688670979215e-08
13.0,2.61,15.0,0.00016011575814392498
13.0,2.61,16.0,0.00015801267377146822
13.0,2.61,17.0,-8.175800620263685e-05
13.0,2.61,18.0,0.00026597799461830496
13.0,2.61,19.0,-0.0011639060657149813
13.0,2.61,20.0,0.002466535488134025
13.0,2.61,21.0,1.3844488111480757e-06
13.0,2.81,0.0,0.011531392746890079
13.0,2.81,1.0,0.0005142542811585327
13.0,2.81,2.0,0.003909497787721872
13.0,2.81,3.0,1.0559810916382917e-06
13.0,2.81,4.0,-0.0002330062587759807
13.0,2.81,5.0,-0.0007786430673521472
13.0,2.81,6.0,0.00015803444976025816
13.0,2.81,7.0,-0.0029234058470444108
13.0,2.81,8.0,1.6745028882429736e-05
13.0,2.81,9.0,0.0007434544814556854
13.0,2.81,10.0,7.020767792553784e-05
13.0,2.81,11.0,3.6408535658560837e-08
13.0,2.81,12.0,-0.0009073081748396106
13.0,2.81,13.0,0.004760940781804834
13.0,2.81,14.0,-1.3793688670271009e-08
13.0,2.81,15.0,0.0001601172073375512
13.0,2.81,16.0,0.00013852557227622686
13.0,2.81,17.0,-8.855222304526844e-05
13.0,2.81,18.0,0.00027016502128290876
13.0,2.81,19.0,-0.0011381326912359713
13.0,2.81,20.0,0.002461623034933691
13.0,2.81,21.0,1.3844488082614959e-06
13.0,3.01,0.0,0.011531392748505231
13.0,3.01,1.0,0.0005142819248424302
13.0,3.01,2.0,0.00390915377154577
13.0,3.01,3.0,1.0559810957183613e-06
13.0,3.01,4.0,-0.0001904951235240926
13.0,3.01,5.0,-0.0007608778696034935
13.0,3.01,6.0,0.00016145948087120665
13.0,3.01,7.0,-0.0029165787439409535
13.0,3.01,8.0,1.6745029088188756e-05
13.0,3.01,9.0,0.0007435800316209495
13.0,3.01,10.0,6.195392386032506e-05
13.0,3.01,11.0,3.640853568631641e-08
13.0,3.01,12.0,-0.0009030971829374346
13.0,3.01,13.0,0.004760892503911207
13.0,3.01,14.0,-1.3793688674757928e-08
13.0,3.01,15.0,0.00016010792598286638
13.0,3.01,16.0,0.0001020280848925692
13.0,3.01,17.0,-0.00012463014711378007
13.0,3.01,18.0,0.0001909470791448542
13.0,3.01,19.0,-0.001139721407919403
13.0,3.01,20.0,0.002425816314218676
13.0,3.01,21.0,1.3844488252756637e-06
13.0,3.21,0.0,0.011531392748842295
13.0,3.21,1.0,0.0005142829214665467
13.0,3.21,2.0,0.003909138528108702
13.0,3.21,3.0,1.0559810959542837e-06
13.0,3.21,4.0,-0.000182841280879531
13.0,3.21,5.0,-0.0007593644751899276
13.0,3.21,6.0,0.00016158204281516153
13.0,3.21,7.0,-0.002915478534094018
13.0,3.21,8.0,1.6745029101677966e-05
13.0,3.21,9.0,0.0007435845621928672
13.0,3.21,10.0,6.185177367745709e-05
13.0,3.21,11.0,3.640853568631641e-08
13.0,3.21,12.0,-0.0009027480214195416
13.0,3.21,13.0,0.004760890767705306
13.0,3.21,14.0,-1.3793688675091985e-08
13.0,3.21,15.0,0.00016010759248250017
13.0,3.21,16.0,9.130198285356439e-05
13.0,3.21,17.0,-0.00012932893349892893
13.0,3.21,18.0,0.0001780406118597755
13.0,3.21,19.0,-0.0011359802502824978
13.0,3.21,20.0,0.00241882327090992
13.0,3.21,21.0,1.3844488264136423e-06
13.0,3.41,0.0,0.011531392748941327
13.0,3.41,1.0,0.0005142916877581838
13.0,3.41,2.0,0.003909028121626301
13.0,3.41,3.0,1.055981096259595e-06
13.0,3.41,4.0,-0.00016254165606954807
13.0,3.41,5.0,-0.0007540591120859808
13.0,3.41,6.0,0.00016241925056276196
13.0,3.41,7.0,-0.002912750271918091
13.0,3.41,8.0,1.6745029118012122e-05
13.0,3.41,9.0,0.0007436243723495384
13.0,3.41,10.0,6.009420848773761e-05
13.0,3.41,11.0,3.640853568631641e-08
13.0,3.41,12.0,-0.0009005344266011239
13.0,3.41,13.0,0.004760875461819303
13.0,3.41,14.0,-1.3793688675187645e-08
13.0,3.41,15.0,0.0001601046498763692
13.0,3.41,16.0,7.311279270294513e-05
13.0,3.41,17.0,-0.00014145592446346278
13.0,3.41,18.0,0.00014382071923735307
13.0,3.41,19.0,-0.0011368024659177967
13.0,3.41,20.0,0.00240308728214933
13.0,3.41,21.0,1.3844488276903988e-06
13.0,3.61,0.0,0.011531392748958758
13.0,3.61,1.0,0.000514282424879775
13.0,3.61,2.0,0.003909145189089913
13.0,3.61,3.0,1.0559810960236726e-06
13.0,3.61,4.0,-0.00017617535045888477
13.0,3.61,5.0,-0.0007618625642808463
13.0,3.61,6.0,0.00016060297673453627
13.0,3.61,7.0,-0.0029153039679992443
13.0,3.61,8.0,1.6745029106153553e-05
13.0,3.61,9.0,0.0007435823025380706
13.0,3.61,10.0,6.438858634838507e-05
13.0,3.61,11.0,3.640853568631641e-08
13.0,3.61,12.0,-0.0009023009078300281
13.0,3.61,13.0,0.004760891642841769
13.0,3.61,14.0,-1.3793688675086654e-08
13.0,3.61,15.0,0.0001601077620480007
13.0,3.61,16.0,8.915010021282033e-05
13.0,3.61,17.0,-0.00012577686961418033
13.0,3.61,18.0,0.0001607564284373253
13.0,3.61,19.0,-0.00114889306404653
13.0,3.61,20.0,0.0024131755109779718
13.0,3.61,21.0,1.3844488267189536e-06
13.0,3.81,0.0,0.011531392748927893
13.0,3.81,1.0,0.0005142687290151104
13.0,3.81,2.0,0.0039093152556524124
13.0,3.81,3.0,1.055981095732239e-06
13.0,3.81,4.0,-0.00019604414862373076
13.0,3.81,5.0,-0.0007719141234636129
13.0,3.81,6.0,0.0001582786798631497
13.0,3.81,7.0,-0.002918571795453795
13.0,3.81,8.0,1.6745029091255748e-05
13.0,3.81,9.0,0.0007435201057680585
13.0,3.81,10.0,6.992115631226925e-05
13.0,3.81,11.0,3.6408535672438624e-08
13.0,3.81,12.0,-0.0009047928617449408
13.0,3.81,13.0,0.004760915570507562
13.0,3.81,14.0,-1.3793688674937697e-08
13.0,3.81,15.0,0.0001601123630509682
13.0,3.81,16.0,0.00010871227483866264
13.0,3.81,17.0,-0.00010545103191084149
13.0,3.81,18.0,0.00018672415999265723
13.0,3.81,19.0,-0.0011606849141246323
13.0,3.81,20.0,0.0024267476849506586
13.0,3.81,21.0,1.3844488255532195e-06
13.0,4.01,0.0,0.011531392748771685
13.0,4.01,1.0,0.0005142478983692356
13.0,4.01,2.0,0.003909568330175417
13.0,4.01,3.0,1.0559810953852944e-06
13.0,4.01,4.0,-0.0002243243898116809
13.0,4.01,5.0,-0.0007850212189512984
13.0,4.01,6.0,0.00015525616058673086
13.0,4.01,7.0,-0.0029227327786027907
13.0,4.01,8.0,1.674502907330483e-05
13.0,4.01,9.0,0.0007434255226308473
13.0,4.01,10.0,7.718934753730977e-05
13.0,4.01,11.0,3.640853568631641e-08
13.0,4.01,12.0,-0.0009082518512496529
13.0,4.01,13.0,0.0047609519711975246
13.0,4.01,14.0,-1.3793688674735807e-08
13.0,4.01,15.0,0.0001601193601031281
13.0,4.01,16.0,0.0001316272911479066
13.0,4.01,17.0,-7.915082114912098e-05
13.0,4.01,18.0,0.00022547765293301492
13.0,4.01,19.0,-0.0011702674042798344
13.0,4.01,20.0,0.002444814151252195
13.0,4.01,21.0,1.3844488240544184e-06
14.0,0.01,0.0,0.0007416671651792051
14.0,0.01,1.0,7.6164540294687555e-06
14.0,0.01,2.0,0.00013699150318979836
14.0,0.01,3.0,1.0553287433934244e-06
14.0,0.01,4.0,-0.0003523838810435831
14.0,0.01,5.0,-0.00042323012411608213
14.0,0.01,6.0,0.00031874779884100146
14.0,0.01,7.0,-0.00036112519217139057
14.0,0.01,8.0,1.6744027743868795e-05
14.0,0.01,9.0,-0.00020853641942220058
14.0,0.01,10.0,-0.00017043583425252473
14.0,0.01,11.0,3.6257782970450236e-08
14.0,0.01,12.0,0.00033007586760161467
14.0,0.01,13.0,0.0002193045895622081
14.0,0.01,14.0,0.00010904951946363872
14.0,0.01,15.0,6.203549955882681e-06
14.0,0.01,16.0,0.000159189846463903
14.0,0.01,17.0,-0.00018743257882725128
14.0,0.01,18.0,0.00029515737199609093
14.0,0.01,19.0,-4.151878508756868e-05
14.0,0.01,20.0,-1.3868643767622757e-05
14.0,0.01,21.0,4.104363960977242e-06
14.0,0.21000000000000002,0.0,0.0024970467208978997
14.0,0.21000000000000002,1.0,1.5423177678192124e-05
14.0,0.21000000000000002,2.0,0.00039673771621928644
14.0,0.21000000000000002,3.0,1.0553287426023905e-06
14.0,0.21000000000000002,4.0,-0.0007322861039569251
14.0,0.21000000000000002,5.0,-0.0006556551434458713
14.0,0.21000000000000002,6.0,0.0002751729623685639
14.0,0.21000000000000002,7.0,-0.0003612028075630728
14.0,0.21000000000000002,8.0,1.67440277039424e-05
14.0,0.21000000000000002,9.0,-0.0005383834392734127
14.0,0.21000000000000002,10.0,-0.000246976407308086
14.0,0.21000000000000002,11.0,3.625778295657245e-08
14.0,0.21000000000000002,12.0,0.00038171500698608307
14.0,0.21000000000000002,13.0,0.0006378240955243197
14.0,0.21000000000000002,14.0,0.00034555343074452183
14.0,0.21000000000000002,15.0,6.3952980927373115e-06
14.0,0.21000000000000002,16.0,0.0004595511177264422
14.0,0.21000000000000002,17.0,-0.0002783514586032487
14.0,0.21000000000000002,18.0,0.0002550517817773712
14.0,0.21000000000000002,19.0,-0.000377350138299537
14.0,0.21000000000000002,20.0,0.0001916846984991727
14.0,0.21000000000000002,21.0,4.104363951179524e-06
14.0,0.41000000000000003,0.0,0.004239187272144673
14.0,0.41000000000000003,1.0,2.3177997462847655e-05
14.0,0.41000000000000003,2.0,0.0006541338008919095
14.0,0.41000000000000003,3.0,1.055328741519923e-06
14.0,0.41000000000000003,4.0,-0.0010961845426937233
14.0,0.41000000000000003,5.0,-0.0008861919603639704
14.0,0.41000000000000003,6.0,0.0002252566594101446
14.0,0.41000000000000003,7.0,-0.0003612736194306853
14.0,0.41000000000000003,8.0,1.6744027647175308e-05
14.0,0.41000000000000003,9.0,-0.0008655488658496774
14.0,0.41000000000000003,10.0,-0.00032307111136031796
14.0,0.41000000000000003,11.0,3.625778294269466e-08
14.0,0.41000000000000003,12.0,0.0004321315717827068
14.0,0.41000000000000003,13.0,0.0010526129170020382
14.0,0.41000000000000003,14.0,0.0005814597432809987
14.0,0.41000000000000003,15.0,6.585431304564904e-06
14.0,0.41000000000000003,16.0,0.0007566386531857594
14.0,0.41000000000000003,17.0,-0.0003692645825467411
14.0,0.41000000000000003,18.0,0.0002059038067191432
14.0,0.41000000000000003,19.0,-0.0007137287062687903
14.0,0.41000000000000003,20.0,0.00040600283168756857
14.0,0.41000000000000003,21.0,4.104363937246225e-06
14.0,0.6100000000000001,0.0,0.0059741622055696775
14.0,0.6100000000000001,1.0,3.096282927844696e-05
14.0,0.6100000000000001,2.0,0.0009067432683410592
14.0,0.6100000000000001,3.0,1.0553287401182665e-06
14.0,0.6100000000000001,4.0,-0.0013326185895947695
14.0,0.6100000000000001,5.0,-0.001114585079894051
14.0,0.6100000000000001,6.0,0.00010855602516113283
14.0,0.6100000000000001,7.0,-0.00036133823895410217
14.0,0.6100000000000001,8.0,1.6744027571777287e-05
14.0,0.6100000000000001,9.0,-0.0011894129091205297
14.0,0.6100000000000001,10.0,-0.00040028820632670437
14.0,0.6100000000000001,11.0,3.625778295657245e-08
14.0,0.6100000000000001,12.0,0.00047511802393107594
14.0,0.6100000000000001,13.0,0.0014602072119365705
14.0,0.6100000000000001,14.0,0.0008271845345025897
14.0,0.6100000000000001,15.0,6.77303252159811e-06
14.0,0.6100000000000001,16.0,0.0010434359012355676
14.0,0.6100000000000001,17.0,-0.00046634397287206864
14.0,0.6100000000000001,18.0,6.247697793299034e-05
14.0,0.6100000000000001,19.0,-0.0010766972487504245
14.0,0.6100000000000001,20.0,0.0007317390923031741
14.0,0.6100000000000001,21.0,4.1043639187610115e-06
14.0,0.81,0.0,0.0076944827605682775
14.0,0.81,1.0,3.8729567424428124e-05
14.0,0.81,2.0,0.0011559209474151233
14.0,0.81,3.0,1.0553287339287731e-06
14.0,0.81,4.0,-0.0015062864745550297
14.0,0.81,5.0,-0.0013408906904805104
14.0,0.81,6.0,-2.3435908676483486e-05
14.0,0.81,7.0,-0.0003613972325892303
14.0,0.81,8.0,1.6744027247592164e-05
14.0,0.81,9.0,-0.0015102530231989597
14.0,0.81,10.0,-0.00047729086920500485
14.0,0.81,11.0,3.6257782914939085e-08
14.0,0.81,12.0,0.0005138804399433261
14.0,0.81,13.0,0.0018625604891553404
14.0,0.81,14.0,0.0010770830024519618
14.0,0.81,15.0,6.958494535538873e-06
14.0,0.81,16.0,0.0013214734129359806
14.0,0.81,17.0,-0.0005651943226694656
14.0,0.81,18.0,-9.846791875817162e-05
14.0,0.81,19.0,-0.0014400180418886466
14.0,0.81,20.0,0.0010401713808345647
14.0,0.81,21.0,4.1043638392967985e-06
14.0,1.01,0.0,0.009375359766899516
14.0,1.01,1.0,4.5944203803688355e-05
14.0,1.01,2.0,0.0014181723032630766
14.0,1.01,3.0,1.0553287420750346e-06
14.0,1.01,4.0,-0.0023613774619718475
14.0,1.01,5.0,-0.0015669913827306217
14.0,1.01,6.0,0.00017708412905792503
14.0,1.01,7.0,-0.00036145149223437
14.0,1.01,8.0,1.6744027674611695e-05
14.0,1.01,9.0,-0.001832495464239109
14.0,1.01,10.0,-0.0005451179387762628
14.0,1.01,11.0,3.625778295657245e-08
14.0,1.01,12.0,0.0005926440162354607
14.0,1.01,13.0,0.0022831224063040167
14.0,1.01,14.0,0.001258810250481468
14.0,1.01,15.0,7.1480109933158564e-06
14.0,1.01,16.0,0.001645503176269103
14.0,1.01,17.0,-0.0006267967410358288
14.0,1.01,18.0,0.00020086845670214126
14.0,1.01,19.0,-0.0016519312909756279
14.0,1.01,20.0,0.0008871642358206921
14.0,1.01,21.0,4.104363944018585e-06
14.0,1.2100000000000002,0.0,0.011062508326260878
14.0,1.2100000000000002,1.0,5.3447112403515185e-05
14.0,1.2100000000000002,2.0,0.0016677316235511053
14.0,1.2100000000000002,3.0,1.0553287435183245e-06
14.0,1.2100000000000002,4.0,-0.0027293305677426605
14.0,1.2100000000000002,5.0,-0.0017901245711633984
14.0,1.2100000000000002,6.0,0.00013768088570365045
14.0,1.2100000000000002,7.0,-0.00036150085426582426
14.0,1.2100000000000002,8.0,1.6744027749517054e-05
14.0,1.2100000000000002,9.0,-0.0021493963201811017
14.0,1.2100000000000002,10.0,-0.0006185103422606808
14.0,1.2100000000000002,11.0,3.6257782970450236e-08
14.0,1.2100000000000002,12.0,0.0006422873935277296
14.0,1.2100000000000002,13.0,0.002685245588123941
14.0,1.2100000000000002,14.0,0.0014856677820654085
14.0,1.2100000000000002,15.0,7.332157516790061e-06
14.0,1.2100000000000002,16.0,0.0019338387240481758
14.0,1.2100000000000002,17.0,-0.0007138471184225947
14.0,1.2100000000000002,18.0,0.00016627728984136558
14.0,1.2100000000000002,19.0,-0.001972069011552058
14.0,1.2100000000000002,20.0,0.0010799123994267301
14.0,1.2100000000000002,21.0,4.104363962337265e-06
14.0,1.4100000000000001,0.0,0.0127361111283667
14.0,1.4100000000000001,1.0,6.0884615803613595e-05
14.0,1.4100000000000001,2.0,0.0019155149551135509
14.0,1.4100000000000001,3.0,1.0553287443232362e-06
14.0,1.4100000000000001,4.0,-0.0031045025186188235
14.0,1.4100000000000001,5.0,-0.0020114476920251867
14.0,1.4100000000000001,6.0,0.00010376715696908123
14.0,1.4100000000000001,7.0,-0.0003615460303920249
14.0,1.4100000000000001,8.0,1.6744027791178173e-05
14.0,1.4100000000000001,9.0,-0.0024638263878247607
14.0,1.4100000000000001,10.0,-0.0006911668832264017
14.0,1.4100000000000001,11.0,3.6257782970450236e-08
14.0,1.4100000000000001,12.0,0.0006921829904944499
14.0,1.4100000000000001,13.0,0.0030844750518687625
14.0,1.4100000000000001,14.0,0.0017096279219759036
14.0,1.4100000000000001,15.0,7.5148720087847565e-06
14.0,1.4100000000000001,16.0,0.0022204402956863545
14.0,1.4100000000000001,17.0,-0.0007995933258654331
14.0,1.4100000000000001,18.0,0.0001393445567884899
14.0,1.4100000000000001,19.0,-0.0022859395739602273
14.0,1.4100000000000001,20.0,0.0012640589653182266
14.0,1.4100000000000001,21.0,4.104363972579073e-06
14.0,1.61,0.0,0.014396139428200838
14.0,1.61,1.0,6.826601626439e-05
14.0,1.61,2.0,0.002160983017969298
14.0,1.61,3.0,1.0553287434489356e-06
14.0,1.61,4.0,-0.003467520716806227
14.0,1.61,5.0,-0.002230803118028743
14.0,1.61,6.0,6.522837850791996e-05
14.0,1.61,7.0,-0.00036158739207091747
14.0,1.61,8.0,1.6744027747386814e-05
14.0,1.61,9.0,-0.0027755210387770263
14.0,1.61,10.0,-0.0007632717246709442
14.0,1.61,11.0,3.625778295657245e-08
14.0,1.61,12.0,0.0007408084481574928
14.0,1.61,13.0,0.003480012832507706
14.0,1.61,14.0,0.0019327838979198708
14.0,1.61,15.0,7.695929723550154e-06
14.0,1.61,16.0,0.002503927087005642
14.0,1.61,17.0,-0.000885136765808564
14.0,1.61,18.0,0.00010579120926407226
14.0,1.61,19.0,-0.002600591786194484
14.0,1.61,20.0,0.0014513208044749648
14.0,1.61,21.0,4.104363961837665e-06
14.0,1.81,0.0,0.016043702546788885
14.0,1.81,1.0,7.556200320696371e-05
14.0,1.81,2.0,0.0024058892553028843
14.0,1.81,3.0,1.0553287435322023e-06
14.0,1.81,4.0,-0.003887407116909214
14.0,1.81,5.0,-0.002448639985619054
14.0,1.81,6.0,5.414996673108741e-05
14.0,1.81,7.0,-0.0003616253178979009
14.0,1.81,8.0,1.6744027749433787e-05
14.0,1.81,9.0,-0.00308530092578424
14.0,1.81,10.0,-0.0008342283787349247
14.0,1.81,11.0,3.6257782970450236e-08
14.0,1.81,12.0,0.0007936320686587062
14.0,1.81,13.0,0.0038744671884901605
14.0,1.81,14.0,0.0021473383816576763
14.0,1.81,15.0,7.875945207930224e-06
14.0,1.81,16.0,0.0027887709657489212
14.0,1.81,17.0,-0.000966711633054812
14.0,1.81,18.0,0.00011065943954363666
14.0,1.81,19.0,-0.002889966689204382
14.0,1.81,20.0,0.0016070486894909086
14.0,1.81,21.0,4.104363962337265e-06
14.0,2.01,0.0,0.01767839602009036
14.0,2.01,1.0,8.285996065468537e-05
14.0,2.01,2.0,0.0026462166105064577
14.0,2.01,3.0,1.0553287421444235e-06
14.0,2.01,4.0,-0.004182847555771252
14.0,2.01,5.0,-0.0026641887760217586
14.0,2.01,6.0,-1.1889443898127627e-05
14.0,2.01,7.0,-0.00036166001191184237
14.0,2.01,8.0,1.6744027681148133e-05
14.0,2.01,9.0,-0.0033916335713655016
14.0,2.01,10.0,-0.000905763370311452
14.0,2.01,11.0,3.625778295657245e-08
14.0,2.01,12.0,0.0008369949449769098
14.0,2.01,13.0,0.004261912884125307
14.0,2.01,14.0,0.002373746000879473
14.0,2.01,15.0,8.053682881120627e-06
14.0,2.01,16.0,0.0030643093847823044
14.0,2.01,17.0,-0.0010541977632533284
14.0,2.01,18.0,3.8359357647399506e-05
14.0,2.01,19.0,-0.003221589210088416
14.0,2.01,20.0,0.0018256919083102785
14.0,2.01,21.0,4.104363945600653e-06
14.0,2.21,0.0,0.019300197978072253
14.0,2.21,1.0,9.007542150560321e-05
14.0,2.21,2.0,0.0028854846881902763
14.0,2.21,3.0,1.0553287385917098e-06
14.0,2.21,4.0,-0.004516586363127961
14.0,2.21,5.0,-0.0028779114347253845
14.0,2.21,6.0,-5.90261585663443e-05
14.0,2.21,7.0,-0.0003616918547552781
14.0,2.21,8.0,1.6744027500195657e-05
14.0,2.21,9.0,-0.0036956705483256747
14.0,2.21,10.0,-0.0009762724956647872
14.0,2.21,11.0,3.625778294269466e-08
14.0,2.21,12.0,0.000883431183318989
14.0,2.21,13.0,0.004647526393810164
14.0,2.21,14.0,0.002593118730600974
14.0,2.21,15.0,8.230027871841683e-06
14.0,2.21,16.0,0.0033402100833821446
14.0,2.21,17.0,-0.001138550586825715
14.0,2.21,18.0,-7.615031201502198e-06
14.0,2.21,19.0,-0.0035330418495730376
14.0,2.21,20.0,0.0020270041892773705
14.0,2.21,21.0,4.104363901247243e-06
14.0,2.41,0.0,0.020907952867686208
14.0,2.41,1.0,9.721768180251389e-05
14.0,2.41,2.0,0.003123234342965131
14.0,2.41,3.0,1.0553287398407107e-06
14.0,2.41,4.0,-0.004873827141428422
14.0,2.41,5.0,-0.003089846134085833
14.0,2.41,6.0,-9.341882923752376e-05
14.0,2.41,7.0,-0.00036172109881147394
14.0,2.41,8.0,1.6744027563256325e-05
14.0,2.41,9.0,-0.003997312708491421
14.0,2.41,10.0,-0.001045820339964143
14.0,2.41,11.0,3.625778294269466e-08
14.0,2.41,12.0,0.000930735649610992
14.0,2.41,13.0,0.005030616939577015
14.0,2.41,14.0,0.0028082774425536583
14.0,2.41,15.0,8.405043926462685e-06
14.0,2.41,16.0,0.003614976650208712
14.0,2.41,17.0,-0.0012208296069664004
14.0,2.41,18.0,-3.563149478469363e-05
14.0,2.41,19.0,-0.003834388098552577
14.0,2.41,20.0,0.0022049757483174615
14.0,2.41,21.0,4.104363916679343e-06
14.0,2.61,0.0,0.022502194750215976
14.0,2.61,1.0,0.0001042980717208819
14.0,2.61,2.0,0.0033589324369568407
14.0,2.61,3.0,1.0553287408815448e-06
14.0,2.61,4.0,-0.005228493715061622
14.0,2.61,5.0,-0.003299798364889424
14.0,2.61,6.0,-0.0001273749272518443
14.0,2.61,7.0,-0.00036174794586465753
14.0,2.61,8.0,1.6744027616075186e-05
14.0,2.61,9.0,-0.004296296455994414
14.0,2.61,10.0,-0.00111469058360536
14.0,2.61,11.0,3.625778294269466e-08
14.0,2.61,12.0,0.0009775371971504632
14.0,2.61,13.0,0.0054104044952873465
14.0,2.61,14.0,0.0030214956393757875
14.0,2.61,15.0,8.578435635148152e-06
14.0,2.61,16.0,0.003887363492354079
14.0,2.61,17.0,-0.0013023130908495495
14.0,2.61,18.0,-6.309201281784471e-05
14.0,2.61,19.0,-0.004132730976843524
14.0,2.61,20.0,0.002380841539526779
14.0,2.61,21.0,4.104363929668953e-06
14.0,2.81,0.0,0.024081626558651648
14.0,2.81,1.0,0.00011129982498586655
14.0,2.81,2.0,0.0035929927443017484
14.0,2.81,3.0,1.055328742241568e-06
14.0,2.81,4.0,-0.00561605015558464
14.0,2.81,5.0,-0.0035077589492137976
14.0,2.81,6.0,-0.00014739222979592848
14.0,2.81,7.0,-0.00036177260892679734
14.0,2.81,8.0,1.674402768429145e-05
14.0,2.81,9.0,-0.004592662677331966
14.0,2.81,10.0,-0.001182438404000008
14.0,2.81,11.0,3.6257782970450236e-08
14.0,2.81,12.0,0.0010252776397300933
14.0,2.81,13.0,0.005787477640416483
14.0,2.81,14.0,0.0032296344652715525
14.0,2.81,15.0,8.750306994834145e-06
14.0,2.81,16.0,0.004158378134503704
14.0,2.81,17.0,-0.0013814064506073032
14.0,2.81,18.0,-7.107782600562773e-05
14.0,2.81,19.0,-0.0044184783050759124
14.0,2.81,20.0,0.0025282756386687533
14.0,2.81,21.0,4.104363946377809e-06
14.0,3.01,0.0,0.0256481697487293
14.0,3.01,1.0,0.00011825599786097207
14.0,3.01,2.0,0.003824273178191784
14.0,3.01,3.0,1.055328742435857e-06
14.0,3.01,4.0,-0.005955767117183708
14.0,3.01,5.0,-0.0037135223532317463
14.0,3.01,6.0,-0.00018489474510224868
14.0,3.01,7.0,-0.00036179525953575946
14.0,3.01,8.0,1.674402769490796e-05
14.0,3.01,9.0,-0.004886050098674502
14.0,3.01,10.0,-0.0012499930544019877
14.0,3.01,11.0,3.625778295657245e-08
14.0,3.01,12.0,0.00107043967371237
14.0,3.01,13.0,0.006160178160496521
14.0,3.01,14.0,0.003439769341052834
14.0,3.01,15.0,8.920220564145875e-06
14.0,3.01,16.0,0.004425439136133691
14.0,3.01,17.0,-0.0014617255765277393
14.0,3.01,18.0,-0.00010367179307457786
14.0,3.01,19.0,-0.004713713761185179
14.0,3.01,20.0,0.0027066959072185037
14.0,3.01,21.0,4.104363948959078e-06
14.0,3.21,0.0,0.027200052198037006
14.0,3.21,1.0,0.00012514398358154377
14.0,3.21,2.0,0.004053305914302474
14.0,3.21,3.0,1.0553287425885127e-06
14.0,3.21,4.0,-0.006291210082253806
14.0,3.21,5.0,-0.003917065332529272
14.0,3.21,6.0,-0.00022264792342358009
14.0,3.21,7.0,-0.0003618160767568868
14.0,3.21,8.0,1.674402770229788e-05
14.0,3.21,9.0,-0.0051764958135188804
14.0,3.21,10.0,-0.001316802425219421
14.0,3.21,11.0,3.625778295657245e-08
14.0,3.21,12.0,0.0011149336261629117
14.0,3.21,13.0,0.006529259583814506
14.0,3.21,14.0,0.003647926628682352
14.0,3.21,15.0,9.088306685875458e-06
14.0,3.21,16.0,0.004689934060933321
14.0,3.21,17.0,-0.0015412381097260897
14.0,3.21,18.0,-0.00013670669913334876
14.0,3.21,19.0,-0.005006336558858515
14.0,3.21,20.0,0.0028840438839813354
14.0,3.21,21.0,4.10436395076319e-06
14.0,3.41,0.0,0.02873655134959685
14.0,3.41,1.0,0.00013195761486936575
14.0,3.41,2.0,0.004280102170538536
14.0,3.41,3.0,1.0553287441705805e-06
14.0,3.41,4.0,-0.006628799350719028
14.0,3.41,5.0,-0.004118334971311616
14.0,3.41,6.0,-0.00025521297326730474
14.0,3.41,7.0,-0.000361835223404303
14.0,3.41,8.0,1.6744027784149074e-05
14.0,3.41,9.0,-0.005463921787614956
14.0,3.41,10.0,-0.001382738805445205
14.0,3.41,11.0,3.625778295657245e-08
14.0,3.41,12.0,0.0011593895724719139
14.0,3.41,13.0,0.0068947197321552744
14.0,3.41,14.0,0.003853155268067565
14.0,3.41,15.0,9.254570556199715e-06
14.0,3.41,16.0,0.004952030785905226
14.0,3.41,17.0,-0.0016193534083314143
14.0,3.41,18.0,-0.00016219175647202988
14.0,3.41,19.0,-0.005293172589121764
14.0,3.41,20.0,0.0030514532332892585
14.0,3.41,21.0,4.104363970858227e-06
14.0,3.61,0.0,0.030256824704442242
14.0,3.61,1.0,0.00013869157968277035
14.0,3.61,2.0,0.004504575498523733
14.0,3.61,3.0,1.0553287451003923e-06
14.0,3.61,4.0,-0.006972561713681824
14.0,3.61,5.0,-0.004317101284220241
14.0,3.61,6.0,-0.00028467396165354764
14.0,3.61,7.0,-0.0003618528179761006
14.0,3.61,8.0,1.6744027831881725e-05
14.0,3.61,9.0,-0.0057480993146382525
14.0,3.61,10.0,-0.0014477261192397117
14.0,3.61,11.0,3.6257782970450236e-08
14.0,3.61,12.0,0.0012036963242488263
14.0,3.61,13.0,0.007256423767045994
14.0,3.61,14.0,0.004055039940717431
14.0,3.61,15.0,9.41876168973621e-06
14.0,3.61,16.0,0.005211669138632913
14.0,3.61,17.0,-0.001696102823236928
14.0,3.61,18.0,-0.0001835287389038709
14.0,3.61,19.0,-0.005571991578861457
14.0,3.61,20.0,0.003216715280635163
14.0,3.61,21.0,4.104363982543324e-06
14.0,3.81,0.0,0.031759863905725494
14.0,3.81,1.0,0.00014535180587460506
14.0,3.81,2.0,0.004726027541709699
14.0,3.81,3.0,1.0553287448367143e-06
14.0,3.81,4.0,-0.007289642051410805
14.0,3.81,5.0,-0.004513153613461038
14.0,3.81,6.0,-0.0003255540217774744
14.0,3.81,7.0,-0.0003618689999370923
14.0,3.81,8.0,1.6744027818198226e-05
14.0,3.81,9.0,-0.006028631739039891
14.0,3.81,10.0,-0.001512066308675064
14.0,3.81,11.0,3.6257782970450236e-08
14.0,3.81,12.0,0.001245576634176293
14.0,3.81,13.0,0.007613306127818242
14.0,3.81,14.0,0.004257080519963624
14.0,3.81,15.0,9.580653002799755e-06
14.0,3.81,16.0,0.005467477951222266
14.0,3.81,17.0,-0.0017731620012784166
14.0,3.81,18.0,-0.00022133514439715007
14.0,3.81,19.0,-0.005858043496109799
14.0,3.81,20.0,0.003392792554568258
14.0,3.81,21.0,4.1043639791849e-06
14.0,4.01,0.0,0.03324420949447782
14.0,4.01,1.0,0.0001519236170614835
14.0,4.01,2.0,0.004944611933358489
14.0,4.01,3.0,1.0553287444481363e-06
14.0,4.01,4.0,-0.007600330388042864
14.0,4.01,5.0,-0.004706345160456704
14.0,4.01,6.0,-0.0003671041911533779
14.0,4.01,7.0,-0.000361883883265193
14.0,4.01,8.0,1.674402779866524e-05
14.0,4.01,9.0,-0.006305369498210561
14.0,4.01,10.0,-0.0015754577061898312
14.0,4.01,11.0,3.6257782970450236e-08
14.0,4.01,12.0,0.0012865702325184358
14.0,4.01,13.0,0.00796556856833669
14.0,4.01,14.0,0.004456663815490397
14.0,4.01,15.0,9.7401759241722e-06
14.0,4.01,16.0,0.005720084450920981
14.0,4.01,17.0,-0.0018492261467907
14.0,4.01,18.0,-0.0002602417723313599
14.0,4.01,19.0,-0.006141162915800524
14.0,4.01,20.0,0.0035685124501791954
14.0,4.01,21.0,4.104363974438696e-06
15.0,0.01,0.0,-5.5520881149351275e-05
15.0,0.01,1.0,6.552412492255577e-06
15.0,0.01,2.0,2.6585398106571123e-06
15.0,0.01,3.0,1.057782937130547e-06
15.0,0.01,4.0,-0.0006364381627106674
15.0,0.01,5.0,-0.00023512984529573677
15.0,0.01,6.0,6.0708749559407194e-05
15.0,0.01,7.0,-6.658019374676455e-08
15.0,0.01,8.0,1.6746502996094204e-05
15.0,0.01,9.0,-2.9289894034945085e-05
15.0,0.01,10.0,-4.957803172073172e-05
15.0,0.01,11.0,3.692488101392222e-08
15.0,0.01,12.0,-4.278827747052072e-05
15.0,0.01,13.0,-7.521264872578648e-07
15.0,0.01,14.0,7.194874196525807e-07
15.0,0.01,15.0,6.837750716512381e-06
15.0,0.01,16.0,-0.00014047380802478804
15.0,0.01,17.0,-7.402911379804639e-09
15.0,0.01,18.0,-0.0001258733073648266
15.0,0.01,19.0,-0.002402431087691144
15.0,0.01,20.0,-0.0002535346604565225
15.0,0.01,21.0,1.7010652732518672e-06
15.0,0.21000000000000002,0.0,0.0012533858305616707
15.0,0.21000000000000002,1.0,8.656590412209342e-05
15.0,0.21000000000000002,2.0,7.426140027391726e-05
15.0,0.21000000000000002,3.0,1.0577829372415692e-06
15.0,0.21000000000000002,4.0,-0.0007296953095575209
15.0,0.21000000000000002,5.0,-0.00043911618971870237
15.0,0.21000000000000002,6.0,6.1034732819542636e-05
15.0,0.21000000000000002,7.0,-6.658099558532632e-08
15.0,0.21000000000000002,8.0,1.674650300213104e-05
15.0,0.21000000000000002,9.0,-0.0002635896686349892
15.0,0.21000000000000002,10.0,-8.774449000414908e-05
15.0,0.21000000000000002,11.0,3.692488101392222e-08
15.0,0.21000000000000002,12.0,-5.6919999968221835e-05
15.0,0.21000000000000002,13.0,0.00038296313599683884
15.0,0.21000000000000002,14.0,6.200959451124203e-07
15.0,0.21000000000000002,15.0,1.788566767202404e-05
15.0,0.21000000000000002,16.0,-2.041388961848689e-05
15.0,0.21000000000000002,17.0,-7.402911381960871e-09
15.0,0.21000000000000002,18.0,-8.002243008684018e-05
15.0,0.21000000000000002,19.0,-0.0024131393462424287
15.0,0.21000000000000002,20.0,-3.0342945856687287e-05
15.0,0.21000000000000002,21.0,1.7010652738624898e-06
15.0,0.41000000000000003,0.0,0.0025477848057053887
15.0,0.41000000000000003,1.0,0.0001656785409203665
15.0,0.41000000000000003,2.0,0.00014506144381762343
15.0,0.41000000000000003,3.0,1.0577829373387138e-06
15.0,0.41000000000000003,4.0,-0.0008217616481251966
15.0,0.41000000000000003,5.0,-0.0006406496274410645
15.0,0.41000000000000003,6.0,6.13052967289307e-05
15.0,0.41000000000000003,7.0,-6.65818712690189e-08
15.0,0.41000000000000003,8.0,1.6746503007994407e-05
15.0,0.41000000000000003,9.0,-0.0004952295671108442
15.0,0.41000000000000003,10.0,-0.00012543523824826153
15.0,0.41000000000000003,11.0,3.6924881027800005e-08
15.0,0.41000000000000003,12.0,-7.094618540910702e-05
15.0,0.41000000000000003,13.0,0.000762394512348108
15.0,0.41000000000000003,14.0,5.264254102794358e-07
15.0,0.41000000000000003,15.0,2.880652808917583e-05
15.0,0.41000000000000003,16.0,9.832643355472959e-05
15.0,0.41000000000000003,17.0,-7.402911383973884e-09
15.0,0.41000000000000003,18.0,-3.472100165122227e-05
15.0,0.41000000000000003,19.0,-0.0024231226826741748
15.0,0.41000000000000003,20.0,0.0001903915705658843
15.0,0.41000000000000003,21.0,1.7010652744731125e-06
15.0,0.6100000000000001,0.0,0.0038276995226519395
15.0,0.6100000000000001,1.0,0.00024388968832045332
15.0,0.6100000000000001,2.0,0.0002150587710561258
15.0,0.6100000000000001,3.0,1.057782937449736e-06
15.0,0.6100000000000001,4.0,-0.0009126482040749395
15.0,0.6100000000000001,5.0,-0.0008397207849925661
15.0,0.6100000000000001,6.0,6.151726810357805e-05
15.0,0.6100000000000001,7.0,-6.658280795556065e-08
15.0,0.6100000000000001,8.0,1.6746503013663483e-05
15.0,0.6100000000000001,9.0,-0.0007242062706495495
15.0,0.6100000000000001,10.0,-0.00016264718380737397
15.0,0.6100000000000001,11.0,3.692488101392222e-08
15.0,0.6100000000000001,12.0,-8.487273051409339e-05
15.0,0.6100000000000001,13.0,0.001137545086112468
15.0,0.6100000000000001,14.0,4.384614972796243e-07
15.0,0.6100000000000001,15.0,3.959998376781848e-05
15.0,0.6100000000000001,16.0,0.000215747289343593
15.0,0.6100000000000001,17.0,-7.402911385853966e-09
15.0,0.6100000000000001,18.0,1.0023243647599989e-05
15.0,0.6100000000000001,19.0,-0.0024324339963476037
15.0,0.6100000000000001,20.0,0.0004086671425975741
15.0,0.6100000000000001,21.0,1.7010652750004684e-06
15.0,0.81,0.0,0.005093118705132071
15.0,0.81,1.0,0.00032119646854084083
15.0,0.81,2.0,0.0002842514908381055
15.0,0.81,3.0,1.0577829375468806e-06
15.0,0.81,4.0,-0.0010023625248891388
15.0,0.81,5.0,-0.0010363145645568075
15.0,0.81,6.0,6.166762620582467e-05
15.0,0.81,7.0,-6.658379389865397e-08
15.0,0.81,8.0,1.6746503019096637e-05
15.0,0.81,9.0,-0.0009505097632103582
15.0,0.81,10.0,-0.00019937622435567404
15.0,0.81,11.0,3.692488101392222e-08
15.0,0.81,12.0,-9.87047894965426e-05
15.0,0.81,13.0,0.001508407394208211
15.0,0.81,14.0,3.5606863495041565e-07
15.0,0.81,15.0,5.0265361285287136e-05
15.0,0.81,16.0,0.00033184597912244707
15.0,0.81,17.0,-7.40291138761045e-09
15.0,0.81,18.0,5.4201793317582014e-05
15.0,0.81,19.0,-0.002441121968532036
15.0,0.81,20.0,0.0006244762106125679
15.0,0.81,21.0,1.70106527555558e-06
15.0,1.01,0.0,0.006343991948847494
15.0,1.01,1.0,0.00039759350920237635
15.0,1.01,2.0,0.0003526354926079722
15.0,1.01,3.0,1.057782937644025e-06
15.0,1.01,4.0,-0.0010909084527759294
15.0,1.01,5.0,-0.001230409670469071
15.0,1.01,6.0,6.175355348830847e-05
15.0,1.01,7.0,-6.658481758942062e-08
15.0,1.01,8.0,1.6746503024238357e-05
15.0,1.01,9.0,-0.0011741226302405955
15.0,1.01,10.0,-0.00023561717905068447
15.0,1.01,11.0,3.692488101392222e-08
15.0,1.01,12.0,-0.00011244666664460279
15.0,1.01,13.0,0.0018749621815291606
15.0,1.01,14.0,2.790884087011528e-07
15.0,1.01,15.0,6.0801631940513023e-05
15.0,1.01,16.0,0.00044661654737349066
15.0,1.01,17.0,-7.402911389251922e-09
15.0,1.01,18.0,9.780527617983537e-05
15.0,1.01,19.0,-0.002449231416690628
15.0,1.01,20.0,0.0008378046297358166
15.0,1.01,21.0,1.7010652761106915e-06
15.0,1.2100000000000002,0.0,0.007580224967468907
15.0,1.2100000000000002,1.0,0.0004730726763070292
15.0,1.2100000000000002,2.0,0.0004202042031373199
15.0,1.2100000000000002,3.0,1.0577829377411696e-06
15.0,1.2100000000000002,4.0,-0.0011782858895185433
15.0,1.2100000000000002,5.0,-0.0014219781241329651
15.0,1.2100000000000002,6.0,6.17724947604148e-05
15.0,1.2100000000000002,7.0,-6.658586732641101e-08
15.0,1.2100000000000002,8.0,1.6746503029040072e-05
15.0,1.2100000000000002,9.0,-0.0013950193196593796
15.0,1.2100000000000002,10.0,-0.0002713637201546826
15.0,1.2100000000000002,11.0,3.6924881027800005e-08
15.0,1.2100000000000002,12.0,-0.0001261016935187459
15.0,1.2100000000000002,13.0,0.0022371770633712873
15.0,1.2100000000000002,14.0,2.0738098441423232e-07
15.0,1.2100000000000002,15.0,7.120738065183319e-05
15.0,1.2100000000000002,16.0,0.0005600493315029431
15.0,1.2100000000000002,17.0,-7.4029113907863355e-09
15.0,1.2100000000000002,18.0,0.00014082337282286805
15.0,1.2100000000000002,19.0,-0.0024568036177666135
15.0,1.2100000000000002,20.0,0.0010486308752020168
15.0,1.2100000000000002,21.0,1.7010652766102918e-06
15.0,1.4100000000000001,0.0,0.008801674491276223
15.0,1.4100000000000001,1.0,0.0005476227952014301
15.0,1.4100000000000001,2.0,0.00048694832995122006
15.0,1.4100000000000001,3.0,1.0577829378105585e-06
15.0,1.4100000000000001,4.0,-0.0012644905524043515
15.0,1.4100000000000001,5.0,-0.0016109847759586265
15.0,1.4100000000000001,6.0,6.172222435474328e-05
15.0,1.4100000000000001,7.0,-6.65869311842421e-08
15.0,1.4100000000000001,8.0,1.6746503033494842e-05
15.0,1.4100000000000001,9.0,-0.0016131653745498908
15.0,1.4100000000000001,10.0,-0.00030660830697332164
15.0,1.4100000000000001,11.0,3.692488101392222e-08
15.0,1.4100000000000001,12.0,-0.00013967209222795485
15.0,1.4100000000000001,13.0,0.0025950051061350288
15.0,1.4100000000000001,14.0,1.4082766047964274e-07
15.0,1.4100000000000001,15.0,8.148077429044609e-05
15.0,1.4100000000000001,16.0,0.0006721304862558619
15.0,1.4100000000000001,17.0,-7.402911392221087e-09
15.0,1.4100000000000001,18.0,0.00018324472234829137
15.0,1.4100000000000001,19.0,-0.0024638766033209187
15.0,1.4100000000000001,20.0,0.0012569252171144019
15.0,1.4100000000000001,21.0,1.701065277054381e-06
15.0,1.61,0.0,0.010008142875703174
15.0,1.61,1.0,0.00062122936446668
15.0,1.61,2.0,0.0005528555951087311
15.0,1.61,3.0,1.0577829378799475e-06
15.0,1.61,4.0,-0.001349513720995621
15.0,1.61,5.0,-0.001797386826311101
15.0,1.61,6.0,6.160092076942791e-05
15.0,1.61,7.0,-6.658799720598977e-08
15.0,1.61,8.0,1.674650303758185e-05
15.0,1.61,9.0,-0.0018285166511281953
15.0,1.61,10.0,-0.0003413421245705983
15.0,1.61,11.0,3.6924881027800005e-08
15.0,1.61,12.0,-0.00015315882658892277
15.0,1.61,13.0,0.0029483833441558693
15.0,1.61,14.0,7.931770671000598e-08
15.0,1.61,15.0,9.161953012172541e-05
15.0,1.61,16.0,0.0007828414792259153
15.0,1.61,17.0,-7.402911393563052e-09
15.0,1.61,18.0,0.00022505683201723414
15.0,1.61,19.0,-0.0024704854292503823
15.0,1.61,20.0,0.0014626488603375343
15.0,1.61,21.0,1.701065277442959e-06
15.0,1.81,0.0,0.011199372503780447
15.0,1.81,1.0,0.0006938742688353261
15.0,1.81,2.0,0.000617910464496052
15.0,1.81,3.0,1.0577829379493364e-06
15.0,1.81,4.0,-0.0014333419796325186
15.0,1.81,5.0,-0.00198113337038916
15.0,1.81,6.0,6.140724811870557e-05
15.0,1.81,7.0,-6.658905390121506e-08
15.0,1.81,8.0,1.674650304128722e-05
15.0,1.81,9.0,-0.002041018539877898
15.0,1.81,10.0,-0.00037555502996250434
15.0,1.81,11.0,3.6924881027800005e-08
15.0,1.81,12.0,-0.00016656144327900635
15.0,1.81,13.0,0.0032972312593128605
15.0,1.81,14.0,2.2729331867520558e-08
15.0,1.81,15.0,0.00010162088523046897
15.0,1.81,16.0,0.000892158561590195
15.0,1.81,17.0,-7.40291139481861e-09
15.0,1.81,18.0,0.0002662459939931916
15.0,1.81,19.0,-0.002476662422529932
15.0,1.81,20.0,0.0016657530595626246
15.0,1.81,21.0,1.7010652778592927e-06
15.0,2.01,0.0,0.012375116783681417
15.0,2.01,1.0,0.0007655518147989815
15.0,2.01,2.0,0.0006820934347597507
15.0,2.01,3.0,1.0577829422514506e-06
15.0,2.01,4.0,-0.0015157133565065761
15.0,2.01,5.0,-0.0021621754429053466
15.0,2.01,6.0,6.112946294722921e-05
15.0,2.01,7.0,-6.654404164372518e-08
15.0,2.01,8.0,1.6746503249918943e-05
15.0,2.01,9.0,-0.002250612805537608
15.0,2.01,10.0,-0.00040924731015590243
15.0,2.01,11.0,3.692488105555558e-08
15.0,2.01,12.0,-0.00017990192310197994
15.0,2.01,13.0,0.003641427879212511
15.0,2.01,14.0,1.011463012481075e-06
15.0,2.01,15.0,0.0001114811511429975
15.0,2.01,16.0,0.0009997661639814526
15.0,2.01,17.0,-7.4029113969018e-09
15.0,2.01,18.0,0.00030698559625380595
15.0,2.01,19.0,-0.0024824418052044085
15.0,2.01,20.0,0.0018656183375590496
15.0,2.01,21.0,1.701065299036797e-06
15.0,2.21,0.0,0.01353485222719264
15.0,2.21,1.0,0.0008362056776807236
15.0,2.21,2.0,0.0007453837786947914
15.0,2.21,3.0,1.0577829423763507e-06
15.0,2.21,4.0,-0.001597062128999932
15.0,2.21,5.0,-0.0023404310880508067
15.0,2.21,6.0,6.0788986776472154e-05
15.0,2.21,7.0,-6.65351324170084e-08
15.0,2.21,8.0,1.6746503255719858e-05
15.0,2.21,9.0,-0.002457211728150971
15.0,2.21,10.0,-0.0004423851917312316
15.0,2.21,11.0,3.692488105555558e-08
15.0,2.21,12.0,-0.0001931300926630991
15.0,2.21,13.0,0.003980900792397768
15.0,2.21,14.0,1.1036559610638306e-06
15.0,2.21,15.0,0.00012119759332719637
15.0,2.21,16.0,0.001106170413134766
15.0,2.21,17.0,-7.4029113979664195e-09
15.0,2.21,18.0,0.00034690714465385186
15.0,2.21,19.0,-0.0024878437767128616
15.0,2.21,20.0,0.0020632338053783172
15.0,2.21,21.0,1.701065299619664e-06
15.0,2.41,0.0,0.014678165787214592
15.0,2.41,1.0,0.0009058190158850454
15.0,2.41,2.0,0.000807753627886959
15.0,2.41,3.0,1.0577829424318619e-06
15.0,2.41,4.0,-0.0016771579635195821
15.0,2.41,5.0,-0.0025158286224026757
15.0,2.41,6.0,6.037693209526296e-05
15.0,2.41,7.0,-6.652774893067159e-08
15.0,2.41,8.0,1.6746503258058265e-05
15.0,2.41,9.0,-0.0026607293713503677
15.0,2.41,10.0,-0.0004749635500861382
15.0,2.41,11.0,3.692488104167779e-08
15.0,2.41,12.0,-0.00020626089630386424
15.0,2.41,13.0,0.004315485958424625
15.0,2.41,14.0,1.1500564568354242e-06
15.0,2.41,15.0,0.00013076534718940713
15.0,2.41,16.0,0.0012110881639056936
15.0,2.41,17.0,-7.402911398948629e-09
15.0,2.41,18.0,0.00038614841014680823
15.0,2.41,19.0,-0.002492896874238532
15.0,2.41,20.0,0.002258045130121622
15.0,2.41,21.0,1.7010652998694642e-06
15.0,2.61,0.0,0.015804474699976256
15.0,2.61,1.0,0.0009743453392482837
15.0,2.61,2.0,0.0008691747533515759
15.0,2.61,3.0,1.0577829429175845e-06
15.0,2.61,4.0,-0.0017562308959614137
15.0,2.61,5.0,-0.0026882848414949354
15.0,2.61,6.0,5.9908887375254016e-05
15.0,2.61,7.0,-6.658413876454595e-08
15.0,2.61,8.0,1.6746503284530145e-05
15.0,2.61,9.0,-0.0028610652029591593
15.0,2.61,10.0,-0.0005069583775889064
15.0,2.61,11.0,3.692488105555558e-08
15.0,2.61,12.0,-0.0002192590668443628
15.0,2.61,13.0,0.004645049378196764
15.0,2.61,14.0,2.3278547620101443e-08
15.0,2.61,15.0,0.00014018036714552595
15.0,2.61,16.0,0.001314765631435011
15.0,2.61,17.0,-7.4029113999632054e-09
15.0,2.61,18.0,0.00042449903746163975
15.0,2.61,19.0,-0.0024976245182652414
15.0,2.61,20.0,0.0024505348980443653
15.0,2.61,21.0,1.701065302561755e-06
15.0,2.81,0.0,0.01691319652798784
15.0,2.81,1.0,0.0010417681690313985
15.0,2.81,2.0,0.0009296051429899255
15.0,2.81,3.0,1.0577829415159279e-06
15.0,2.81,4.0,-0.0018337015623691721
15.0,2.81,5.0,-0.0028576913819956876
15.0,2.81,6.0,5.935709778426279e-05
15.0,2.81,7.0,-6.657949240186157e-08
15.0,2.81,8.0,1.6746503212282382e-05
15.0,2.81,9.0,-0.0030580946643739004
15.0,2.81,10.0,-0.0005383681096906567
15.0,2.81,11.0,3.692488104167779e-08
15.0,2.81,12.0,-0.00023217305579452396
15.0,2.81,13.0,0.004969333116582986
15.0,2.81,14.0,7.954979496089857e-09
15.0,2.81,15.0,0.00014943516270525536
15.0,2.81,16.0,0.00141653559792837
15.0,2.81,17.0,-7.402911400517002e-09
15.0,2.81,18.0,0.000462326434260113
15.0,2.81,19.0,-0.0025020475694435326
15.0,2.81,20.0,0.0026394010585493177
15.0,2.81,21.0,1.7010652952065275e-06
15.0,3.01,0.0,0.01800361648825921
15.0,3.01,1.0,0.0011080340153674095
15.0,3.01,2.0,0.000989010763752185
15.0,3.01,3.0,1.0577829423902285e-06
15.0,3.01,4.0,-0.0019097950204853553
15.0,3.01,5.0,-0.003023965129123868
15.0,3.01,6.0,5.8743639884367704e-05
15.0,3.01,7.0,-6.6582713648682e-08
15.0,3.01,8.0,1.6746503257787648e-05
15.0,3.01,9.0,-0.0032517012590822097
15.0,3.01,10.0,-0.0005691709129969635
15.0,3.01,11.0,3.692488104167779e-08
15.0,3.01,12.0,-0.0002449564974867785
15.0,3.01,13.0,0.005288170979739326
15.0,3.01,14.0,-2.6793131072856764e-08
15.0,3.01,15.0,0.00015852518615587508
15.0,3.01,16.0,0.001516641182983558
15.0,3.01,17.0,-7.402911401509115e-09
15.0,3.01,18.0,0.0004994234371140105
15.0,3.01,19.0,-0.0025061886344432778
15.0,3.01,20.0,0.0028251192751207466
15.0,3.01,21.0,1.7010652998417086e-06
15.0,3.21,0.0,0.019074888419897795
15.0,3.21,1.0,0.0011730895880818215
15.0,3.21,2.0,0.001047346154629536
15.0,3.21,3.0,1.057782943542085e-06
15.0,3.21,4.0,-0.0019845107935055617
15.0,3.21,5.0,-0.0031869823013979323
15.0,3.21,6.0,5.80733473577455e-05
15.0,3.21,7.0,-6.660267040023961e-08
15.0,3.21,8.0,1.6746503318974815e-05
15.0,3.21,9.0,-0.003441736102617554
15.0,3.21,10.0,-0.0005993426443871019
15.0,3.21,11.0,3.692488105555558e-08
15.0,3.21,12.0,-0.0002575927079579293
15.0,3.21,13.0,0.005601321624667255
15.0,3.21,14.0,-3.1252766651400094e-07
15.0,3.21,15.0,0.000167443637928949
15.0,3.21,16.0,0.0016150626908571497
15.0,3.21,17.0,-7.402911402500557e-09
15.0,3.21,18.0,0.0005357237828322592
15.0,3.21,19.0,-0.002510064768813189
15.0,3.21,20.0,0.003007658845476935
15.0,3.21,21.0,1.7010653060589576e-06
15.0,3.41,0.0,0.020126123311119848
15.0,3.41,1.0,0.0012368861472144
15.0,3.41,2.0,0.0011045615307641865
15.0,3.41,3.0,1.057782944055563e-06
15.0,3.41,4.0,-0.0020576566930898266
15.0,3.41,5.0,-0.0033466201712936197
15.0,3.41,6.0,5.7344755730104335e-05
15.0,3.41,7.0,-6.659983119812886e-08
15.0,3.41,8.0,1.6746503345016484e-05
15.0,3.41,9.0,-0.0036280426598256504
15.0,3.41,10.0,-0.0006288668665202501
15.0,3.41,11.0,3.692488105555558e-08
15.0,3.41,12.0,-0.0002700782709085803
15.0,3.41,13.0,0.005908509164195996
15.0,3.41,14.0,-2.6506930467317207e-07
15.0,3.41,15.0,0.00017618301989863472
15.0,3.41,16.0,0.0017115707481750175
15.0,3.41,17.0,-7.4029114032983075e-09
15.0,3.41,18.0,0.0005712998749042852
15.0,3.41,19.0,-0.0025136932247839215
15.0,3.41,20.0,0.00318657864665961
15.0,3.41,21.0,1.7010653086957372e-06
15.0,3.61,0.0,0.02115632110363086
15.0,3.61,1.0,0.0012993624377042878
15.0,3.61,2.0,0.0011606047539650388
15.0,3.61,3.0,1.05778294438863e-06
15.0,3.61,4.0,-0.002129245630966198
15.0,3.61,5.0,-0.003502750326670606
15.0,3.61,6.0,5.656869062159453e-05
15.0,3.61,7.0,-6.659595871560204e-08
15.0,3.61,8.0,1.6746503362648213e-05
15.0,3.61,9.0,-0.0038104536616860585
15.0,3.61,10.0,-0.0006577197189037709
15.0,3.61,11.0,3.692488105555558e-08
15.0,3.61,12.0,-0.000282385847648961
15.0,3.61,13.0,0.006209455128914465
15.0,3.61,14.0,-2.07504893447432e-07
15.0,3.61,15.0,0.00018473594006226945
15.0,3.61,16.0,0.0018061569368675867
15.0,3.61,17.0,-7.402911404015977e-09
15.0,3.61,18.0,0.0006060728347423161
15.0,3.61,19.0,-0.0025170899566815605
15.0,3.61,20.0,0.0033618721227045567
15.0,3.61,21.0,1.701065310472094e-06
15.0,3.81,0.0,0.022164408072508857
15.0,3.81,1.0,0.0013604561897934686
15.0,3.81,2.0,0.0012154191546191184
15.0,3.81,3.0,1.0577829445967968e-06
15.0,3.81,4.0,-0.002199210635727311
15.0,3.81,5.0,-0.003655237423157015
15.0,3.81,6.0,5.57531568938785e-05
15.0,3.81,7.0,-6.659087734424149e-08
15.0,3.81,8.0,1.6746503372654098e-05
15.0,3.81,9.0,-0.00398879050004812
15.0,3.81,10.0,-0.0006858789704902168
15.0,3.81,11.0,3.692488105555558e-08
15.0,3.81,12.0,-0.0002944934271471994
15.0,3.81,13.0,0.006503851443709074
15.0,3.81,14.0,-1.3912478926956622e-07
15.0,3.81,15.0,0.00019309437193307244
15.0,3.81,16.0,0.0018987227041046828
15.0,3.81,17.0,-7.402911404662088e-09
15.0,3.81,18.0,0.0006400168420256369
15.0,3.81,19.0,-0.0025202697878241734
15.0,3.81,20.0,0.003533358913191842
15.0,3.81,21.0,1.701065311526806e-06
15.0,4.01,0.0,0.02314923602524166
15.0,4.01,1.0,0.0014201016829539226
15.0,4.01,2.0,0.0012689446751364408
15.0,4.01,3.0,1.057782944652308e-06
15.0,4.01,4.0,-0.0022674807204380587
15.0,4.01,5.0,-0.0038039411811940163
15.0,4.01,6.0,5.490728871712647e-05
15.0,4.01,7.0,-6.658437731480283e-08
15.0,4.01,8.0,1.6746503375811295e-05
15.0,4.01,9.0,-0.00416286532010951
15.0,4.01,10.0,-0.00071332192030088
15.0,4.01,11.0,3.692488105555558e-08
15.0,4.01,12.0,-0.0003063767705033943
15.0,4.01,13.0,0.006791370596725244
15.0,4.01,14.0,-5.936679224266948e-08
15.0,4.01,15.0,0.00020124994714654232
15.0,4.01,16.0,0.001989162414257395
15.0,4.01,17.0,-7.402911405244236e-09
15.0,4.01,18.0,0.0006731054910244505
15.0,4.01,19.0,-0.0025232464894764353
15.0,4.01,20.0,0.0037008473607720305
15.0,4.01,21.0,1.7010653118321173e-06
16.0,0.01,0.0,0.0004545678511373996
16.0,0.01,1.0,0.0001326013043613794
16.0,0.01,2.0,-7.382524144339264e-06
16.0,0.01,3.0,1.0581872986886731e-06
16.0,0.01,4.0,-0.0002475922908748984
16.0,0.01,5.0,-1.701611619130902e-09
16.0,0.01,6.0,2.357916561585016e-06
16.0,0.01,7.0,-0.0004188218371668495
16.0,0.01,8.0,1.674877862478663e-05
16.0,0.01,9.0,1.601994822575392e-05
16.0,0.01,10.0,1.227738583597926e-05
16.0,0.01,11.0,3.693184449926612e-08
16.0,0.01,12.0,-0.00010402252108965282
16.0,0.01,13.0,7.447617171579823e-05
16.0,0.01,14.0,8.290971897834121e-05
16.0,0.01,15.0,5.913952431130243e-06
16.0,0.01,16.0,-0.00012013329032722897
16.0,0.01,17.0,-0.0009697200103421938
16.0,0.01,18.0,-2.922199075874876e-05
16.0,0.01,19.0,2.26296758483735e-05
16.0,0.01,20.0,-5.54284999752519e-05
16.0,0.01,21.0,6.737840659104544e-06
16.0,0.21000000000000002,0.0,0.00045456787999031967
16.0,0.21000000000000002,1.0,0.0001326013060229947
16.0,0.21000000000000002,2.0,-7.382521880594517e-06
16.0,0.21000000000000002,3.0,1.0581872986886731e-06
16.0,0.21000000000000002,4.0,-0.0002475921936890835
16.0,0.21000000000000002,5.0,-1.701611619130902e-09
16.0,0.21000000000000002,6.0,2.357913544415169e-06
16.0,0.21000000000000002,7.0,-0.0004188218349821943
16.0,0.21000000000000002,8.0,1.674877862478663e-05
16.0,0.21000000000000002,9.0,1.6019949733603323e-05
16.0,0.21000000000000002,10.0,1.2277378230118874e-05
16.0,0.21000000000000002,11.0,3.693184449926612e-08
16.0,0.21000000000000002,12.0,-0.00010402255706062902
16.0,0.21000000000000002,13.0,7.447615398809004e-05
16.0,0.21000000000000002,14.0,8.29097219213204e-05
16.0,0.21000000000000002,15.0,5.9139524486717665e-06
16.0,0.21000000000000002,16.0,-0.00012013329591425981
16.0,0.21000000000000002,17.0,-0.0009697200103431887
16.0,0.21000000000000002,18.0,-2.922199158483796e-05
16.0,0.21000000000000002,19.0,2.2629628044279482e-05
16.0,0.21000000000000002,20.0,-5.542854241519235e-05
16.0,0.21000000000000002,21.0,6.737840659104544e-06
16.0,0.41000000000000003,0.0,0.00045456790884446097
16.0,0.41000000000000003,1.0,0.00013260130768444345
16.0,0.41000000000000003,2.0,-7.382519616294658e-06
16.0,0.41000000000000003,3.0,1.0581872986886731e-06
16.0,0.41000000000000003,4.0,-0.00024759209649838354
16.0,0.41000000000000003,5.0,-1.701611619130902e-09
16.0,0.41000000000000003,6.0,2.3579105270510325e-06
16.0,0.41000000000000003,7.0,-0.00041882183279748353
16.0,0.41000000000000003,8.0,1.674877862478663e-05
16.0,0.41000000000000003,9.0,1.6019951241452723e-05
16.0,0.41000000000000003,10.0,1.2277370623980932e-05
16.0,0.41000000000000003,11.0,3.693184449926612e-08
16.0,0.41000000000000003,12.0,-0.00010402259303310402
16.0,0.41000000000000003,13.0,7.447613626004879e-05
16.0,0.41000000000000003,14.0,8.290972486457715e-05
16.0,0.41000000000000003,15.0,5.9139524661994125e-06
16.0,0.41000000000000003,16.0,-0.00012013330150170698
16.0,0.41000000000000003,17.0,-0.0009697200103441838
16.0,0.41000000000000003,18.0,-2.922199241095491e-05
16.0,0.41000000000000003,19.0,2.2629580237631952e-05
16.0,0.41000000000000003,20.0,-5.54285848566316e-05
16.0,0.41000000000000003,21.0,6.737840659132299e-06
16.0,0.6100000000000001,0.0,0.00045456793769749204
16.0,0.6100000000000001,1.0,0.00013260130934578118
16.0,0.6100000000000001,2.0,-7.382517352050311e-06
16.0,0.6100000000000001,3.0,1.0581872986886731e-06
16.0,0.6100000000000001,4.0,-0.0002475919993111253
16.0,0.6100000000000001,5.0,-1.701611619130902e-09
16.0,0.6100000000000001,6.0,2.357907509825674e-06
16.0,0.6100000000000001,7.0,-0.0004188218306128144
16.0,0.6100000000000001,8.0,1.674877862478663e-05
16.0,0.6100000000000001,9.0,1.6019952749357635e-05
16.0,0.6100000000000001,10.0,1.2277363018065035e-05
16.0,0.6100000000000001,11.0,3.693184449926612e-08
16.0,0.6100000000000001,12.0,-0.00010402262900438553
16.0,0.6100000000000001,13.0,7.447611853245162e-05
16.0,0.6100000000000001,14.0,8.290972780763961e-05
16.0,0.6100000000000001,15.0,5.913952483713181e-06
16.0,0.6100000000000001,16.0,-0.0001201333070888766
16.0,0.6100000000000001,17.0,-0.0009697200103451788
16.0,0.6100000000000001,18.0,-2.9221993237071864e-05
16.0,0.6100000000000001,19.0,2.2629532432871802e-05
16.0,0.6100000000000001,20.0,-5.5428627296627564e-05
16.0,0.6100000000000001,21.0,6.737840659104544e-06
16.0,0.81,0.0,0.0004545679665515223
16.0,0.81,1.0,0.000132601311007563
16.0,0.81,2.0,-7.382515088416586e-06
16.0,0.81,3.0,1.0581872986886731e-06
16.0,0.81,4.0,-0.00024759190212186866
16.0,0.81,5.0,-1.701611619130902e-09
16.0,0.81,6.0,2.3579044925448045e-06
16.0,0.81,7.0,-0.0004188218284280759
16.0,0.81,8.0,1.674877862478663e-05
16.0,0.81,9.0,1.6019954257262548e-05
16.0,0.81,10.0,1.2277355411871582e-05
16.0,0.81,11.0,3.693184449926612e-08
16.0,0.81,12.0,-0.00010402266497672175
16.0,0.81,13.0,7.44761008040773e-05
16.0,0.81,14.0,8.290973075075758e-05
16.0,0.81,15.0,5.9139525012547045e-06
16.0,0.81,16.0,-0.00012013331267604621
16.0,0.81,17.0,-0.0009697200103461738
16.0,0.81,18.0,-2.922199406316106e-05
16.0,0.81,19.0,2.2629484626834895e-05
16.0,0.81,20.0,-5.542866973823335e-05
16.0,0.81,21.0,6.737840659104544e-06
16.0,1.01,0.0,0.00045456799540488646
16.0,1.01,1.0,0.00013260131266901176
16.0,1.01,2.0,-7.382512824227749e-06
16.0,1.01,3.0,1.0581872986886731e-06
16.0,1.01,4.0,-0.00024759180493372224
16.0,1.01,5.0,-1.701611619130902e-09
16.0,1.01,6.0,2.357901475263935e-06
16.0,1.01,7.0,-0.00041882182624337905
16.0,1.01,8.0,1.674877862478663e-05
16.0,1.01,9.0,1.601995576516746e-05
16.0,1.01,10.0,1.2277347805955685e-05
16.0,1.01,11.0,3.693184449926612e-08
16.0,1.01,12.0,-0.00010402270094836408
16.0,1.01,13.0,7.447608307625808e-05
16.0,1.01,14.0,8.290973369387555e-05
16.0,1.01,15.0,5.913952518768473e-06
16.0,1.01,16.0,-0.0001201333182632991
16.0,1.01,17.0,-0.0009697200103471688
16.0,1.01,18.0,-2.9221994889278013e-05
16.0,1.01,19.0,2.2629436821464122e-05
16.0,1.01,20.0,-5.542871217878442e-05
16.0,1.01,21.0,6.737840659104544e-06
16.0,1.2100000000000002,0.0,0.00045456802425847265
16.0,1.2100000000000002,1.0,0.00013260131433046052
16.0,1.2100000000000002,2.0,-7.382510560205446e-06
16.0,1.2100000000000002,3.0,1.0581872986886731e-06
16.0,1.2100000000000002,4.0,-0.00024759170774479866
16.0,1.2100000000000002,5.0,-1.701611619130902e-09
16.0,1.2100000000000002,6.0,2.357898458010821e-06
16.0,1.2100000000000002,7.0,-0.00041882182405869606
16.0,1.2100000000000002,8.0,1.674877862479357e-05
16.0,1.2100000000000002,9.0,1.601995727307237e-05
16.0,1.2100000000000002,10.0,1.2277340199928766e-05
16.0,1.2100000000000002,11.0,3.693184449926612e-08
16.0,1.2100000000000002,12.0,-0.00010402273692022845
16.0,1.2100000000000002,13.0,7.447606534849438e-05
16.0,1.2100000000000002,14.0,8.290973663702128e-05
16.0,1.2100000000000002,15.0,5.913952536323874e-06
16.0,1.2100000000000002,16.0,-0.00012013332385060749
16.0,1.2100000000000002,17.0,-0.0009697200103481638
16.0,1.2100000000000002,18.0,-2.922199571536721e-05
16.0,1.2100000000000002,19.0,2.2629389015815793e-05
16.0,1.2100000000000002,20.0,-5.542875461961305e-05
16.0,1.2100000000000002,21.0,6.737840659132299e-06
16.0,1.4100000000000001,0.0,0.00045456805311161474
16.0,1.4100000000000001,1.0,0.00013260131599174274
16.0,1.4100000000000001,2.0,-7.382508295683543e-06
16.0,1.4100000000000001,3.0,1.0581872986886731e-06
16.0,1.4100000000000001,4.0,-0.00024759161055676326
16.0,1.4100000000000001,5.0,-1.701611619130902e-09
16.0,1.4100000000000001,6.0,2.357895440757707e-06
16.0,1.4100000000000001,7.0,-0.0004188218218740547
16.0,1.4100000000000001,8.0,1.674877862478663e-05
16.0,1.4100000000000001,9.0,1.601995878081075e-05
16.0,1.4100000000000001,10.0,1.2277332594012869e-05
16.0,1.4100000000000001,11.0,3.693184449926612e-08
16.0,1.4100000000000001,12.0,-0.0001040227728916765
16.0,1.4100000000000001,13.0,7.447604762111926e-05
16.0,1.4100000000000001,14.0,8.290973958025027e-05
16.0,1.4100000000000001,15.0,5.9139525538376425e-06
16.0,1.4100000000000001,16.0,-0.00012013332943799915
16.0,1.4100000000000001,17.0,-0.0009697200103491589
16.0,1.4100000000000001,18.0,-2.9221996541539674e-05
16.0,1.4100000000000001,19.0,2.2629341210778087e-05
16.0,1.4100000000000001,20.0,-5.5428797059720036e-05
16.0,1.4100000000000001,21.0,6.737840659132299e-06
16.0,1.61,0.0,0.00045456808196575604
16.0,1.61,1.0,0.00013260131765313599
16.0,1.61,2.0,-7.382506031383684e-06
16.0,1.61,3.0,1.0581872986886731e-06
16.0,1.61,4.0,-0.00024759151336606333
16.0,1.61,5.0,-1.701611619130902e-09
16.0,1.61,6.0,2.357892423421326e-06
16.0,1.61,7.0,-0.0004188218196893162
16.0,1.61,8.0,1.674877862479357e-05
16.0,1.61,9.0,1.601996028866015e-05
16.0,1.61,10.0,1.2277324987874927e-05
16.0,1.61,11.0,3.693184449926612e-08
16.0,1.61,12.0,-0.00010402280886426252
16.0,1.61,13.0,7.447602989296698e-05
16.0,1.61,14.0,8.290974252342376e-05
16.0,1.61,15.0,5.9139525713652885e-06
16.0,1.61,16.0,-0.00012013333502541856
16.0,1.61,17.0,-0.0009697200103501539
16.0,1.61,18.0,-2.9221997367684382e-05
16.0,1.61,19.0,2.2629293404186068e-05
16.0,1.61,20.0,-5.542883950110378e-05
16.0,1.61,21.0,6.737840659104544e-06
16.0,1.81,0.0,0.0004545681108185651
16.0,1.81,1.0,0.0001326013193143627
16.0,1.81,2.0,-7.382503766861781e-06
16.0,1.81,3.0,1.0581872986886731e-06
16.0,1.81,4.0,-0.00024759141617869407
16.0,1.81,5.0,-1.701611619130902e-09
16.0,1.81,6.0,2.3578894061959677e-06
16.0,1.81,7.0,-0.0004188218175046887
16.0,1.81,8.0,1.674877862478663e-05
16.0,1.81,9.0,1.6019961796509552e-05
16.0,1.81,10.0,1.2277317382014541e-05
16.0,1.81,11.0,3.693184449926612e-08
16.0,1.81,12.0,-0.00010402284483546076
16.0,1.81,13.0,7.447601216575839e-05
16.0,1.81,14.0,8.290974546665275e-05
16.0,1.81,15.0,5.913952588906812e-06
16.0,1.81,16.0,-0.00012013334061283798
16.0,1.81,17.0,-0.000969720010351149
16.0,1.81,18.0,-2.922199819382909e-05
16.0,1.81,19.0,2.2629245599259384e-05
16.0,1.81,20.0,-5.542888194082218e-05
16.0,1.81,21.0,6.737840659104544e-06
16.0,2.01,0.0,0.00045456813967248433
16.0,2.01,1.0,0.00013260132097575594
16.0,2.01,2.0,-7.3825015026174334e-06
16.0,2.01,3.0,1.0581872986747953e-06
16.0,2.01,4.0,-0.0002475913189883272
16.0,2.01,5.0,-1.701611619130902e-09
16.0,2.01,6.0,2.3578863888873425e-06
16.0,2.01,7.0,-0.000418821815319978
16.0,2.01,8.0,1.674877862479357e-05
16.0,2.01,9.0,1.6019963304358953e-05
16.0,2.01,10.0,1.2277309775821088e-05
16.0,2.01,11.0,3.693184449926612e-08
16.0,2.01,12.0,-0.00010402288080782474
16.0,2.01,13.0,7.447599443766162e-05
16.0,2.01,14.0,8.290974840985399e-05
16.0,2.01,15.0,5.913952606434458e-06
16.0,2.01,16.0,-0.00012013334620022964
16.0,2.01,17.0,-0.0009697200103521439
16.0,2.01,18.0,-2.9221999019918288e-05
16.0,2.01,19.0,2.2629197792944922e-05
16.0,2.01,20.0,-5.5428924382261435e-05
16.0,2.01,21.0,6.737840659104544e-06
16.0,2.21,0.0,0.0004545681685260705
16.0,2.21,1.0,0.0001326013226371492
16.0,2.21,2.0,-7.382499238428597e-06
16.0,2.21,3.0,1.0581872986747953e-06
16.0,2.21,4.0,-0.0002475912217994036
16.0,2.21,5.0,-1.701611619130902e-09
16.0,2.21,6.0,2.3578833716342285e-06
16.0,2.21,7.0,-0.00041882181313525335
16.0,2.21,8.0,1.674877862478663e-05
16.0,2.21,9.0,1.6019964812208354e-05
16.0,2.21,10.0,1.227730216984968e-05
16.0,2.21,11.0,3.693184449926612e-08
16.0,2.21,12.0,-0.00010402291677968911
16.0,2.21,13.0,7.44759767097869e-05
16.0,2.21,14.0,8.290975135299972e-05
16.0,2.21,15.0,5.913952623975982e-06
16.0,2.21,16.0,-0.00012013335178759355
16.0,2.21,17.0,-0.000969720010353139
16.0,2.21,18.0,-2.922199984603524e-05
16.0,2.21,19.0,2.2629149987241082e-05
16.0,2.21,20.0,-5.542896682286802e-05
16.0,2.21,21.0,6.737840659132299e-06
16.0,2.41,0.0,0.00045456819737943466
16.0,2.41,1.0,0.00013260132429826488
16.0,2.41,2.0,-7.3824969734626045e-06
16.0,2.41,3.0,1.0581872986747953e-06
16.0,2.41,4.0,-0.0002475911246092588
16.0,2.41,5.0,-1.701611619130902e-09
16.0,2.41,6.0,2.3578803543256033e-06
16.0,2.41,7.0,-0.00041882181095062587
16.0,2.41,8.0,1.674877862478663e-05
16.0,2.41,9.0,1.6019966320002244e-05
16.0,2.41,10.0,1.2277294563878272e-05
16.0,2.41,11.0,3.693184449926612e-08
16.0,2.41,12.0,-0.00010402295275180329
16.0,2.41,13.0,7.447595898246728e-05
16.0,2.41,14.0,8.290975429636749e-05
16.0,2.41,15.0,5.913952641517506e-06
16.0,2.41,16.0,-0.00012013335737520725
16.0,2.41,17.0,-0.000969720010354134
16.0,2.41,18.0,-2.9222000672263215e-05
16.0,2.41,19.0,2.2629102181093153e-05
16.0,2.41,20.0,-5.5429009263530116e-05
16.0,2.41,21.0,6.737840659076788e-06
16.0,2.61,0.0,0.00045456822623246573
16.0,2.61,1.0,0.00013260132595971363
16.0,2.61,2.0,-7.382494709495813e-06
16.0,2.61,3.0,1.0581872986747953e-06
16.0,2.61,4.0,-0.0002475910274222226
16.0,2.61,5.0,-1.701611619130902e-09
16.0,2.61,6.0,2.3578773370724893e-06
16.0,2.61,7.0,-0.000418821808765929
16.0,2.61,8.0,1.674877862478663e-05
16.0,2.61,9.0,1.6019967827851644e-05
16.0,2.61,10.0,1.2277286957906863e-05
16.0,2.61,11.0,3.693184449926612e-08
16.0,2.61,12.0,-0.0001040229887230848
16.0,2.61,13.0,7.447594125475909e-05
16.0,2.61,14.0,8.290975723940219e-05
16.0,2.61,15.0,5.913952659017396e-06
16.0,2.61,16.0,-0.00012013336296234911
16.0,2.61,17.0,-0.0009697200103551291
16.0,2.61,18.0,-2.9222001498324657e-05
16.0,2.61,19.0,2.262905437627749e-05
16.0,2.61,20.0,-5.542905170374812e-05
16.0,2.61,21.0,6.737840659104544e-06
16.0,2.81,0.0,0.000454568255086385
16.0,2.81,1.0,0.0001326013276207738
16.0,2.81,2.0,-7.38249244452982e-06
16.0,2.81,3.0,1.0581872986886731e-06
16.0,2.81,4.0,-0.00024759093023096757
16.0,2.81,5.0,-1.701611619130902e-09
16.0,2.81,6.0,2.357874319763864e-06
16.0,2.81,7.0,-0.00041882180658127377
16.0,2.81,8.0,1.674877862478663e-05
16.0,2.81,9.0,1.6019969335645534e-05
16.0,2.81,10.0,1.2277279351824433e-05
16.0,2.81,11.0,3.693184449926612e-08
16.0,2.81,12.0,-0.00010402302469550428
16.0,2.81,13.0,7.447592352721744e-05
16.0,2.81,14.0,8.290976018279772e-05
16.0,2.81,15.0,5.913952676572798e-06
16.0,2.81,16.0,-0.0001201333685501016
16.0,2.81,17.0,-0.000969720010356124
16.0,2.81,18.0,-2.922200232449712e-05
16.0,2.81,19.0,2.262900656962996e-05
16.0,2.81,20.0,-5.5429094144798796e-05
16.0,2.81,21.0,6.737840659132299e-06
16.0,3.01,0.0,0.00045456828393874993
16.0,3.01,1.0,0.00013260132928127888
16.0,3.01,2.0,-7.382490179119738e-06
16.0,3.01,3.0,1.0581872986886731e-06
16.0,3.01,4.0,-0.00024759083304282115
16.0,3.01,5.0,-1.701611619130902e-09
16.0,3.01,6.0,2.35787130251075e-06
16.0,3.01,7.0,-0.0004188218043967018
16.0,3.01,8.0,1.674877862478663e-05
16.0,3.01,9.0,1.601997084327289e-05
16.0,3.01,10.0,1.2277271746075069e-05
16.0,3.01,11.0,3.693184449926612e-08
16.0,3.01,12.0,-0.00010402306066645273
16.0,3.01,13.0,7.447590580095254e-05
16.0,3.01,14.0,8.290976312616549e-05
16.0,3.01,15.0,5.913952694100444e-06
16.0,3.01,16.0,-0.00012013337413785408
16.0,3.01,17.0,-0.0009697200103571191
16.0,3.01,18.0,-2.922200315069734e-05
16.0,3.01,19.0,2.2628958764481233e-05
16.0,3.01,20.0,-5.542913658379556e-05
16.0,3.01,21.0,6.737840659104544e-06
16.0,3.21,0.0,0.00045456831279311327
16.0,3.21,1.0,0.0001326013309431162
16.0,3.21,2.0,-7.382487915374991e-06
16.0,3.21,3.0,1.0581872986886731e-06
16.0,3.21,4.0,-0.0002475907358520102
16.0,3.21,5.0,-1.701611619130902e-09
16.0,3.21,6.0,2.3578682851466137e-06
16.0,3.21,7.0,-0.00041882180221192167
16.0,3.21,8.0,1.674877862478663e-05
16.0,3.21,9.0,1.6019972351288825e-05
16.0,3.21,10.0,1.2277264139770594e-05
16.0,3.21,11.0,3.693184449926612e-08
16.0,3.21,12.0,-0.00010402309663928855
16.0,3.21,13.0,7.447588807224514e-05
16.0,3.21,14.0,8.290976606928346e-05
16.0,3.21,15.0,5.913952711614212e-06
16.0,3.21,16.0,-0.00012013337972510696
16.0,3.21,17.0,-0.0009697200103581141
16.0,3.21,18.0,-2.9222003976814293e-05
16.0,3.21,19.0,2.2628910957833703e-05
16.0,3.21,20.0,-5.542917902573441e-05
16.0,3.21,21.0,6.737840659132299e-06
16.0,3.41,0.0,0.0004545683416459223
16.0,3.41,1.0,0.00013260133260389884
16.0,3.41,2.0,-7.382485650131443e-06
16.0,3.41,3.0,1.0581872986886731e-06
16.0,3.41,4.0,-0.00024759063866330866
16.0,3.41,5.0,-1.701611619130902e-09
16.0,3.41,6.0,2.3578652679212553e-06
16.0,3.41,7.0,-0.00041882180002732194
16.0,3.41,8.0,1.674877862478663e-05
16.0,3.41,9.0,1.601997385891618e-05
16.0,3.41,10.0,1.2277256533910208e-05
16.0,3.41,11.0,3.693184449926612e-08
16.0,3.41,12.0,-0.00010402313261068108
16.0,3.41,13.0,7.447587034536962e-05
16.0,3.41,14.0,8.290976901262348e-05
16.0,3.41,15.0,5.913952729169614e-06
16.0,3.41,16.0,-0.00012013338531277618
16.0,3.41,17.0,-0.0009697200103591092
16.0,3.41,18.0,-2.9222004802959e-05
16.0,3.41,19.0,2.2628863152351908e-05
16.0,3.41,20.0,-5.542922146528628e-05
16.0,3.41,21.0,6.737840659076788e-06
16.0,3.61,0.0,0.00045456837049873133
16.0,3.61,1.0,0.00013260133426479248
16.0,3.61,2.0,-7.3824833852209615e-06
16.0,3.61,3.0,1.0581872986886731e-06
16.0,3.61,4.0,-0.0002475905414750512
16.0,3.61,5.0,-1.701611619130902e-09
16.0,3.61,6.0,2.357862250695897e-06
16.0,3.61,7.0,-0.00041882179784270834
16.0,3.61,8.0,1.674877862478663e-05
16.0,3.61,9.0,1.601997536665456e-05
16.0,3.61,10.0,1.2277248928105333e-05
16.0,3.61,11.0,3.693184449926612e-08
16.0,3.61,12.0,-0.00010402316858199034
16.0,3.61,13.0,7.447585261838308e-05
16.0,3.61,14.0,8.290977195593574e-05
16.0,3.61,15.0,5.91395274669726e-06
16.0,3.61,16.0,-0.00012013339090033437
16.0,3.61,17.0,-0.0009697200103601041
16.0,3.61,18.0,-2.9222005629131464e-05
16.0,3.61,19.0,2.2628815347036646e-05
16.0,3.61,20.0,-5.542926390500469e-05
16.0,3.61,21.0,6.737840659104544e-06
16.0,3.81,0.0,0.0004545683993522065
16.0,3.81,1.0,0.00013260133592590817
16.0,3.81,2.0,-7.382481120365991e-06
16.0,3.81,3.0,1.058187298702551e-06
16.0,3.81,4.0,-0.0002475904442850174
16.0,3.81,5.0,-1.701611619130902e-09
16.0,3.81,6.0,2.3578592333872717e-06
16.0,3.81,7.0,-0.0004188217956580531
16.0,3.81,8.0,1.674877862479357e-05
16.0,3.81,9.0,1.601997687444845e-05
16.0,3.81,10.0,1.2277241322078414e-05
16.0,3.81,11.0,3.693184449926612e-08
16.0,3.81,12.0,-0.00010402320455396574
16.0,3.81,13.0,7.447583489100795e-05
16.0,3.81,14.0,8.2909774899248e-05
16.0,3.81,15.0,5.9139527642387835e-06
16.0,3.81,16.0,-0.00012013339648794807
16.0,3.81,17.0,-0.0009697200103610992
16.0,3.81,18.0,-2.9222006455303928e-05
16.0,3.81,19.0,2.262876754099974e-05
16.0,3.81,20.0,-5.542930634538923e-05
16.0,3.81,21.0,6.737840659104544e-06
16.0,4.01,0.0,0.00045456842820568166
16.0,4.01,1.0,0.00013260133758685733
16.0,4.01,2.0,-7.382478855511021e-06
16.0,4.01,3.0,1.058187298702551e-06
16.0,4.01,4.0,-0.0002475903470943175
16.0,4.01,5.0,-1.701611619130902e-09
16.0,4.01,6.0,2.357856216050891e-06
16.0,4.01,7.0,-0.0004188217934733701
16.0,4.01,8.0,1.674877862478663e-05
16.0,4.01,9.0,1.601997838224234e-05
16.0,4.01,10.0,1.2277233715995983e-05
16.0,4.01,11.0,3.693184449926612e-08
16.0,4.01,12.0,-0.00010402324052624645
16.0,4.01,13.0,7.447581716341078e-05
16.0,4.01,14.0,8.290977784258802e-05
16.0,4.01,15.0,5.9139527817664295e-06
16.0,4.01,16.0,-0.00012013340207564505
16.0,4.01,17.0,-0.0009697200103620942
16.0,4.01,18.0,-2.9222007281504148e-05
16.0,4.01,19.0,2.2628719734463232e-05
16.0,4.01,20.0,-5.542934878621786e-05
16.0,4.01,21.0,6.737840659104544e-06
17.0,0.01,0.0,0.0018305438009705854
17.0,0.01,1.0,5.842306192971325e-05
17.0,0.01,2.0,0.0006748129122073343
17.0,0.01,3.0,1.0532292198106585e-06
17.0,0.01,4.0,-0.0006622251141637503
17.0,0.01,5.0,-0.0016462118968120776
17.0,0.01,6.0,0.0010324343586782248
17.0,0.01,7.0,-0.0015085912102918986
17.0,0.01,8.0,1.6741351793032877e-05
17.0,0.01,9.0,-0.00021848183359526874
17.0,0.01,10.0,-0.0002713525170700004
17.0,0.01,11.0,3.567646919555578e-08
17.0,0.01,12.0,0.0008242537004266859
17.0,0.01,13.0,0.0005602020818846476
17.0,0.01,14.0,4.093327071113054e-05
17.0,0.01,15.0,3.485425146654286e-05
17.0,0.01,16.0,-0.00028511250980205183
17.0,0.01,17.0,-0.0022453695553711905
17.0,0.01,18.0,0.00034092439267527364
17.0,0.01,19.0,-0.0005939137852781218
17.0,0.01,20.0,0.0010990158506196113
17.0,0.01,21.0,5.180457205433697e-07
17.0,0.21000000000000002,0.0,0.013898452714759535
17.0,0.21000000000000002,1.0,0.0002343163191549924
17.0,0.21000000000000002,2.0,0.0029583990759772805
17.0,0.21000000000000002,3.0,1.0532292206849592e-06
17.0,0.21000000000000002,4.0,-0.004158964155912437
17.0,0.21000000000000002,5.0,-0.006212434519687782
17.0,0.21000000000000002,6.0,0.0003574679913803669
17.0,0.21000000000000002,7.0,-0.004183947763382545
17.0,0.21000000000000002,8.0,1.6741351840959817e-05
17.0,0.21000000000000002,9.0,-0.0008744707133749585
17.0,0.21000000000000002,10.0,-0.0006662458258623882
17.0,0.21000000000000002,11.0,3.567646920943357e-08
17.0,0.21000000000000002,12.0,0.00045619098820473547
17.0,0.21000000000000002,13.0,0.002619193781531498
17.0,0.21000000000000002,14.0,0.0020088664318480345
17.0,0.21000000000000002,15.0,7.422100390117037e-05
17.0,0.21000000000000002,16.0,-0.0026412508114733793
17.0,0.21000000000000002,17.0,-0.008982269978521834
17.0,0.21000000000000002,18.0,-0.00031185807726785697
17.0,0.21000000000000002,19.0,-0.003298215327122156
17.0,0.21000000000000002,20.0,0.0036226337865433167
17.0,0.21000000000000002,21.0,5.180457220699264e-07
17.0,0.41000000000000003,0.0,0.025703065820928073
17.0,0.41000000000000003,1.0,0.00040652364082199854
17.0,0.41000000000000003,2.0,0.005152076370075087
17.0,0.41000000000000003,3.0,1.0532292192277914e-06
17.0,0.41000000000000003,4.0,-0.0072862299383759654
17.0,0.41000000000000003,5.0,-0.010572096347224391
17.0,0.41000000000000003,6.0,-0.000694404224233669
17.0,0.41000000000000003,7.0,-0.006845942215970735
17.0,0.41000000000000003,8.0,1.6741351762952772e-05
17.0,0.41000000000000003,9.0,-0.0014954954354025607
17.0,0.41000000000000003,10.0,-0.0010704325277187676
17.0,0.41000000000000003,11.0,3.567646919555578e-08
17.0,0.41000000000000003,12.0,-1.7777983423450383e-05
17.0,0.41000000000000003,13.0,0.004607662922277073
17.0,0.41000000000000003,14.0,0.003948139771599701
17.0,0.41000000000000003,15.0,0.0001122463112675498
17.0,0.41000000000000003,16.0,-0.0049262555076406075
17.0,0.41000000000000003,17.0,-0.0156283019884029
17.0,0.41000000000000003,18.0,-0.0009640711141668257
17.0,0.41000000000000003,19.0,-0.005864592087568343
17.0,0.41000000000000003,20.0,0.0059567157053800335
17.0,0.41000000000000003,21.0,5.180457196274357e-07
17.0,0.6100000000000001,0.0,0.03718065021603356
17.0,0.6100000000000001,1.0,0.0005739504865833744
17.0,0.6100000000000001,2.0,0.0072867280620281805
17.0,0.6100000000000001,3.0,1.0532292187143133e-06
17.0,0.6100000000000001,4.0,-0.010339414972050043
17.0,0.6100000000000001,5.0,-0.014810545630441097
17.0,0.6100000000000001,6.0,-0.0017125463303095945
17.0,0.6100000000000001,7.0,-0.009432809141025456
17.0,0.6100000000000001,8.0,1.674135173649477e-05
17.0,0.6100000000000001,9.0,-0.0021002022382567986
17.0,0.6100000000000001,10.0,-0.0014631356366907045
17.0,0.6100000000000001,11.0,3.567646919555578e-08
17.0,0.6100000000000001,12.0,-0.00048022024558785903
17.0,0.6100000000000001,13.0,0.006542153127670175
17.0,0.6100000000000001,14.0,0.00584709372344468
17.0,0.6100000000000001,15.0,0.00014923815205339364
17.0,0.6100000000000001,16.0,-0.007147394983141292
17.0,0.6100000000000001,17.0,-0.022093447238407338
17.0,0.6100000000000001,18.0,-0.001602064956704008
17.0,0.6100000000000001,19.0,-0.008360250296393978
17.0,0.6100000000000001,20.0,0.00822901756206229
17.0,0.6100000000000001,21.0,5.18045718822524e-07
17.0,0.81,0.0,0.04833926320112092
17.0,0.81,1.0,0.0007367001217530311
17.0,0.81,2.0,0.009366642835138494
17.0,0.81,3.0,1.0532292188392134e-06
17.0,0.81,4.0,-0.01334948474385761
17.0,0.81,5.0,-0.018938096187361697
17.0,0.81,6.0,-0.002663614417878213
17.0,0.81,7.0,-0.011942353863269473
17.0,0.81,8.0,1.6741351742240174e-05
17.0,0.81,9.0,-0.0026904286065619343
17.0,0.81,10.0,-0.0018431084744705006
17.0,0.81,11.0,3.567646919555578e-08
17.0,0.81,12.0,-0.0009222220555261673
17.0,0.81,13.0,0.008425816290929089
17.0,0.81,14.0,0.00770326604392358
17.0,0.81,15.0,0.0001852596159235831
17.0,0.81,16.0,-0.009307183565635806
17.0,0.81,17.0,-0.028377981784574152
17.0,0.81,18.0,-0.002224996032721721
17.0,0.81,19.0,-0.010794175648041138
17.0,0.81,20.0,0.010451709715675273
17.0,0.81,21.0,5.180457189890575e-07
17.0,1.01,0.0,0.05920749115937651
17.0,1.01,1.0,0.0008952226250707462
17.0,1.01,2.0,0.011390222825428842
17.0,1.01,3.0,1.0532292192000359e-06
17.0,1.01,4.0,-0.016262189973660135
17.0,1.01,5.0,-0.0229516818535192
17.0,1.01,6.0,-0.003608893663043067
17.0,1.01,7.0,-0.01438891620741356
17.0,1.01,8.0,1.674135176152336e-05
17.0,1.01,9.0,-0.0032640922928557636
17.0,1.01,10.0,-0.0022142177469434143
17.0,1.01,11.0,3.567646919555578e-08
17.0,1.01,12.0,-0.0013578682386434782
17.0,1.01,13.0,0.010259031449968897
17.0,1.01,14.0,0.009516807719789931
17.0,1.01,15.0,0.0002203178657528837
17.0,1.01,16.0,-0.011405861108940867
17.0,1.01,17.0,-0.03450145474513097
17.0,1.01,18.0,-0.00283314331943621
17.0,1.01,19.0,-0.013157315727620966
17.0,1.01,20.0,0.012608797087521773
17.0,1.01,21.0,5.180457195996802e-07
17.0,1.2100000000000002,0.0,0.06979316484268461
17.0,1.2100000000000002,1.0,0.0010496144436643595
17.0,1.2100000000000002,2.0,0.013361084718857719
17.0,1.2100000000000002,3.0,1.053229218991869e-06
17.0,1.2100000000000002,4.0,-0.019099534467444335
17.0,1.2100000000000002,5.0,-0.026858612378642954
17.0,1.2100000000000002,6.0,-0.004537566699108819
17.0,1.2100000000000002,7.0,-0.01677239999607505
17.0,1.2100000000000002,8.0,1.6741351749866018e-05
17.0,1.2100000000000002,9.0,-0.0038228146346561687
17.0,1.2100000000000002,10.0,-0.0025759572287930577
17.0,1.2100000000000002,11.0,3.567646919555578e-08
17.0,1.2100000000000002,12.0,-0.0017857180191796496
17.0,1.2100000000000002,13.0,0.012044493187938987
17.0,1.2100000000000002,14.0,0.011287546358998791
17.0,1.2100000000000002,15.0,0.0002544645724116279
17.0,1.2100000000000002,16.0,-0.01344525269261388
17.0,1.2100000000000002,17.0,-0.04046891507817843
17.0,1.2100000000000002,18.0,-0.0034268683719133886
17.0,1.2100000000000002,19.0,-0.015456174584189297
17.0,1.2100000000000002,20.0,0.014708450351322622
17.0,1.2100000000000002,21.0,5.180457192111021e-07
17.0,1.4100000000000001,0.0,0.0801112118113414
17.0,1.4100000000000001,1.0,0.0012001004291410378
17.0,1.4100000000000001,2.0,0.015280931090498329
17.0,1.4100000000000001,3.0,1.0532292188392134e-06
17.0,1.4100000000000001,4.0,-0.02185471028730357
17.0,1.4100000000000001,5.0,-0.030663564100309182
17.0,1.4100000000000001,6.0,-0.005456442249474225
17.0,1.4100000000000001,7.0,-0.019096839124555176
17.0,1.4100000000000001,8.0,1.6741351741282606e-05
17.0,1.4100000000000001,9.0,-0.004366812560488792
17.0,1.4100000000000001,10.0,-0.002929078073063196
17.0,1.4100000000000001,11.0,3.5676469181677994e-08
17.0,1.4100000000000001,12.0,-0.00220724065059702
17.0,1.4100000000000001,13.0,0.013784024023964808
17.0,1.4100000000000001,14.0,0.013016149501774384
17.0,1.4100000000000001,15.0,0.00028773419927302646
17.0,1.4100000000000001,16.0,-0.015426009365699923
17.0,1.4100000000000001,17.0,-0.04628785767776056
17.0,1.4100000000000001,18.0,-0.004006188769779262
17.0,1.4100000000000001,19.0,-0.01769105934320986
17.0,1.4100000000000001,20.0,0.016750681611246154
17.0,1.4100000000000001,21.0,5.180457189890575e-07
17.0,1.61,0.0,0.09017087767254639
17.0,1.61,1.0,0.0013468166685975391
17.0,1.61,2.0,0.017155674390168518
17.0,1.61,3.0,1.0532292191722803e-06
17.0,1.61,4.0,-0.024565984650727457
17.0,1.61,5.0,-0.034380096953182004
17.0,1.61,6.0,-0.006313045569297737
17.0,1.61,7.0,-0.021362234935527524
17.0,1.61,8.0,1.6741351758609024e-05
17.0,1.61,9.0,-0.004898575677775352
17.0,1.61,10.0,-0.003272665813721376
17.0,1.61,11.0,3.567646919555578e-08
17.0,1.61,12.0,-0.00260469716645495
17.0,1.61,13.0,0.015481945705528771
17.0,1.61,14.0,0.014701509273966268
17.0,1.61,15.0,0.00032021291398512397
17.0,1.61,16.0,-0.017347734354052742
17.0,1.61,17.0,-0.05195945086972359
17.0,1.61,18.0,-0.004567752078332266
17.0,1.61,19.0,-0.01987148408601247
17.0,1.61,20.0,0.01875305701395169
17.0,1.61,21.0,5.180457194886579e-07
17.0,1.81,0.0,0.0999952808473833
17.0,1.81,1.0,0.0014901435703488786
17.0,1.81,2.0,0.018981526418113515
17.0,1.81,3.0,1.053229218936358e-06
17.0,1.81,4.0,-0.02716964490886381
17.0,1.81,5.0,-0.03800222912345047
17.0,1.81,6.0,-0.007205886779177162
17.0,1.81,7.0,-0.02358069393168727
17.0,1.81,8.0,1.674135174621616e-05
17.0,1.81,9.0,-0.005415385014947843
17.0,1.81,10.0,-0.003610230909451728
17.0,1.81,11.0,3.567646919555578e-08
17.0,1.81,12.0,-0.0030082604107821154
17.0,1.81,13.0,0.017136950355718744
17.0,1.81,14.0,0.016347795086839194
17.0,1.81,15.0,0.0003518734205938401
17.0,1.81,16.0,-0.019210364318208016
17.0,1.81,17.0,-0.057504115266439226
17.0,1.81,18.0,-0.005116002637151507
17.0,1.81,19.0,-0.021984951271935727
17.0,1.81,20.0,0.02069161970102107
17.0,1.81,21.0,5.180457191278354e-07
17.0,2.01,0.0,0.10959164702059476
17.0,2.01,1.0,0.0016301763201678754
17.0,2.01,2.0,0.02076287127937282
17.0,2.01,3.0,1.0532292185477798e-06
17.0,2.01,4.0,-0.029692500786072495
17.0,2.01,5.0,-0.041539386265248446
17.0,2.01,6.0,-0.008099002692845692
17.0,2.01,7.0,-0.025751417805218613
17.0,2.01,8.0,1.6741351726218268e-05
17.0,2.01,9.0,-0.005919121847801911
17.0,2.01,10.0,-0.0039409533434625055
17.0,2.01,11.0,3.567646919555578e-08
17.0,2.01,12.0,-0.00340652354985585
17.0,2.01,13.0,0.018752219977206608
17.0,2.01,14.0,0.017955258423770416
17.0,2.01,15.0,0.0003827769040772866
17.0,2.01,16.0,-0.021013061528714967
17.0,2.01,17.0,-0.06292232809251727
17.0,2.01,18.0,-0.005649196648895696
17.0,2.01,19.0,-0.024037898858573548
17.0,2.01,20.0,0.022578827237647814
17.0,2.01,21.0,5.180457184894571e-07
17.0,2.21,0.0,0.11897059566276114
17.0,2.21,1.0,0.001767069941310817
17.0,2.21,2.0,0.02250201305202465
17.0,2.21,3.0,1.053229218020424e-06
17.0,2.21,4.0,-0.03213899243655577
17.0,2.21,5.0,-0.04499661666648658
17.0,2.21,6.0,-0.008989840325694498
17.0,2.21,7.0,-0.027876738837094073
17.0,2.21,8.0,1.6741351697810436e-05
17.0,2.21,9.0,-0.006410523402205381
17.0,2.21,10.0,-0.004265103390342695
17.0,2.21,11.0,3.567646919555578e-08
17.0,2.21,12.0,-0.003798438406089205
17.0,2.21,13.0,0.020329757029446366
17.0,2.21,14.0,0.01952524084248223
17.0,2.21,15.0,0.00041296111203487085
17.0,2.21,16.0,-0.02275449898445469
17.0,2.21,17.0,-0.06821946561251757
17.0,2.21,18.0,-0.00616713263793775
17.0,2.21,19.0,-0.0260317690570262
17.0,2.21,20.0,0.024418066415470063
17.0,2.21,21.0,5.180457176012787e-07
17.0,2.41,0.0,0.1281421622861766
17.0,2.41,1.0,0.0019009671076625767
17.0,2.41,2.0,0.024201273970536397
17.0,2.41,3.0,1.0532292172710234e-06
17.0,2.41,4.0,-0.03451443819227329
17.0,2.41,5.0,-0.04837863292367606
17.0,2.41,6.0,-0.009874410936600908
17.0,2.41,7.0,-0.029958743262143983
17.0,2.41,8.0,1.6741351659410597e-05
17.0,2.41,9.0,-0.006890358386185708
17.0,2.41,10.0,-0.004582910289067987
17.0,2.41,11.0,3.5676469181677994e-08
17.0,2.41,12.0,-0.004182554544070016
17.0,2.41,13.0,0.021871540466370132
17.0,2.41,14.0,0.021059071662797663
17.0,2.41,15.0,0.0004424631275257995
17.0,2.41,16.0,-0.024432823986158647
17.0,2.41,17.0,-0.07340058305757319
17.0,2.41,18.0,-0.006669557504051946
17.0,2.41,19.0,-0.027967958991867603
17.0,2.41,20.0,0.02621302381890167
17.0,2.41,21.0,5.18045716407789e-07
17.0,2.61,0.0,0.13712556246527063
17.0,2.61,1.0,0.0020321891584790808
17.0,2.61,2.0,0.02585942815844683
17.0,2.61,3.0,1.0532292125386977e-06
17.0,2.61,4.0,-0.03678200208170174
17.0,2.61,5.0,-0.051687428342258646
17.0,2.61,6.0,-0.010811645551215943
17.0,2.61,7.0,-0.032006512725144154
17.0,2.61,8.0,1.6741351422683293e-05
17.0,2.61,9.0,-0.007357385691593887
17.0,2.61,10.0,-0.004896544593550267
17.0,2.61,11.0,3.567646915392242e-08
17.0,2.61,12.0,-0.004575112504896839
17.0,2.61,13.0,0.023377747400660426
17.0,2.61,14.0,0.022559863234930734
17.0,2.61,15.0,0.0004712820065306822
17.0,2.61,16.0,-0.02604556870735061
17.0,2.61,17.0,-0.07847806457334774
17.0,2.61,18.0,-0.0071575893567503435
17.0,2.61,19.0,-0.029838333219838697
17.0,2.61,20.0,0.027951402882980925
17.0,2.61,21.0,5.180457091080726e-07
17.0,2.81,0.0,0.14590444325317597
17.0,2.81,1.0,0.0021603626711568236
17.0,2.81,2.0,0.02748754875456888
17.0,2.81,3.0,1.0532292118864417e-06
17.0,2.81,4.0,-0.03905762335571217
17.0,2.81,5.0,-0.05493248105707721
17.0,2.81,6.0,-0.01163441322779224
17.0,2.81,7.0,-0.03400274401635317
17.0,2.81,8.0,1.6741351390556214e-05
17.0,2.81,9.0,-0.007817482286880284
17.0,2.81,10.0,-0.005201028678008757
17.0,2.81,11.0,3.567646915392242e-08
17.0,2.81,12.0,-0.0049294176294556735
17.0,2.81,13.0,0.024854581029957468
17.0,2.81,14.0,0.02402440098201334
17.0,2.81,15.0,0.0004995436811643383
17.0,2.81,16.0,-0.027590566379844972
17.0,2.81,17.0,-0.08343653274552862
17.0,2.81,18.0,-0.0076278052699655235
17.0,2.81,19.0,-0.03166823743750807
17.0,2.81,20.0,0.029677870287077246
17.0,2.81,21.0,5.180457081088718e-07
17.0,3.01,0.0,0.15450479447697185
17.0,3.01,1.0,0.002285936571871372
17.0,3.01,2.0,0.029082079142731698
17.0,3.01,3.0,1.0532292110676522e-06
17.0,3.01,4.0,-0.04127522892254004
17.0,3.01,5.0,-0.05811384408476333
17.0,3.01,6.0,-0.01244101699255068
17.0,3.01,7.0,-0.035961757241568526
17.0,3.01,8.0,1.6741351350040012e-05
17.0,3.01,9.0,-0.00826801724014986
17.0,3.01,10.0,-0.005499993472197484
17.0,3.01,11.0,3.567646915392242e-08
17.0,3.01,12.0,-0.005272167806117806
17.0,3.01,13.0,0.026301073794761043
17.0,3.01,14.0,0.025456585584306586
17.0,3.01,15.0,0.0005272233716199226
17.0,3.01,16.0,-0.029064260862206467
17.0,3.01,17.0,-0.08829399520123085
17.0,3.01,18.0,-0.008081725843417403
17.0,3.01,19.0,-0.03344296541116043
17.0,3.01,20.0,0.031369648695172225
17.0,3.01,21.0,5.180457068598709e-07
17.0,3.21,0.0,0.16293842489791432
17.0,3.21,1.0,0.002409104047053079
17.0,3.21,2.0,0.030643465504258116
17.0,3.21,3.0,1.0532292099296736e-06
17.0,3.21,4.0,-0.04341988384792178
17.0,3.21,5.0,-0.06123420354476006
17.0,3.21,6.0,-0.013254902915665223
17.0,3.21,7.0,-0.037887877641689216
17.0,3.21,8.0,1.674135129322435e-05
17.0,3.21,9.0,-0.00870877441228593
17.0,3.21,10.0,-0.0057943734544798065
17.0,3.21,11.0,3.567646915392242e-08
17.0,3.21,12.0,-0.005610173367442711
17.0,3.21,13.0,0.027718107961523325
17.0,3.21,14.0,0.026858785573518597
17.0,3.21,15.0,0.0005543373349072567
17.0,3.21,16.0,-0.030463435528383653
17.0,3.21,17.0,-0.09305783329081924
17.0,3.21,18.0,-0.008520223630403459
17.0,3.21,19.0,-0.03515899959802937
17.0,3.21,20.0,0.033022699344363415
17.0,3.21,21.0,5.180457051112697e-07
17.0,3.41,0.0,0.17119737011306624
17.0,3.41,1.0,0.0025295837794334086
17.0,3.41,2.0,0.03217998962266372
17.0,3.41,3.0,1.0532292086806727e-06
17.0,3.41,4.0,-0.04558540487334184
17.0,3.41,5.0,-0.0642985086286797
17.0,3.41,6.0,-0.013945923949021943
17.0,3.41,7.0,-0.039769219344255535
17.0,3.41,8.0,1.6741351229657142e-05
17.0,3.41,9.0,-0.00914411838605561
17.0,3.41,10.0,-0.006080835993580558
17.0,3.41,11.0,3.567646914004463e-08
17.0,3.41,12.0,-0.005904801818254812
17.0,3.41,13.0,0.02911039596344578
17.0,3.41,14.0,0.028226834515037283
17.0,3.41,15.0,0.0005809703752107653
17.0,3.41,16.0,-0.031785496417284065
17.0,3.41,17.0,-0.09771648585608297
17.0,3.41,18.0,-0.00893843214911165
17.0,3.41,19.0,-0.03683583040446198
17.0,3.41,20.0,0.03467223223815319
17.0,3.41,21.0,5.180457031128682e-07
17.0,3.61,0.0,0.17929986183880975
17.0,3.61,1.0,0.0026477298876381727
17.0,3.61,2.0,0.03368913279430685
17.0,3.61,3.0,1.0532292073761607e-06
17.0,3.61,4.0,-0.047718610817336526
17.0,3.61,5.0,-0.06730821910269852
17.0,3.61,6.0,-0.014583454019340969
17.0,3.61,7.0,-0.041616037798183736
17.0,3.61,8.0,1.6741351164958895e-05
17.0,3.61,9.0,-0.009572065614982944
17.0,3.61,10.0,-0.00636191453051721
17.0,3.61,11.0,3.567646914004463e-08
17.0,3.61,12.0,-0.006175350965835019
17.0,3.61,13.0,0.03047731723258265
17.0,3.61,14.0,0.029564503419079388
17.0,3.61,15.0,0.0006071153293423504
17.0,3.61,16.0,-0.03302731406685791
17.0,3.61,17.0,-0.10228349175012433
17.0,3.61,18.0,-0.009338535543358742
17.0,3.61,19.0,-0.03846201118572212
17.0,3.61,20.0,0.036300936705132125
17.0,3.61,21.0,5.180457011144668e-07
17.0,3.81,0.0,0.18726372619719522
17.0,3.81,1.0,0.0027639201887438847
17.0,3.81,2.0,0.0351676546939762
17.0,3.81,3.0,1.0532292051140812e-06
17.0,3.81,4.0,-0.04975083559574478
17.0,3.81,5.0,-0.07026471578183527
17.0,3.81,6.0,-0.015256910034087579
17.0,3.81,7.0,-0.04343910232381243
17.0,3.81,8.0,1.6741351046789532e-05
17.0,3.81,9.0,-0.009990376581368865
17.0,3.81,10.0,-0.006640304457402657
17.0,3.81,11.0,3.5676469112289055e-08
17.0,3.81,12.0,-0.006447207876921268
17.0,3.81,13.0,0.031817844810359736
17.0,3.81,14.0,0.030876674133488796
17.0,3.81,15.0,0.0006327446642852286
17.0,3.81,16.0,-0.034186357835775075
17.0,3.81,17.0,-0.10677229250517745
17.0,3.81,18.0,-0.009723321783551078
17.0,3.81,19.0,-0.040023752700321436
17.0,3.81,20.0,0.037887016782600536
17.0,3.81,21.0,5.180456974784864e-07
17.0,4.01,0.0,0.1951268570001068
17.0,4.01,1.0,0.002878973781926364
17.0,4.01,2.0,0.03660348558360421
17.0,4.01,3.0,1.0532292051557146e-06
17.0,4.01,4.0,-0.05151354858186841
17.0,4.01,5.0,-0.07316828874937989
17.0,4.01,6.0,-0.016282198573281614
17.0,4.01,7.0,-0.04526776063070598
17.0,4.01,8.0,1.6741351053790876e-05
17.0,4.01,9.0,-0.010392306649179645
17.0,4.01,10.0,-0.006923187703399447
17.0,4.01,11.0,3.567646912616684e-08
17.0,4.01,12.0,-0.0068191613571160214
17.0,4.01,13.0,0.033126338185758636
17.0,4.01,14.0,0.03217621120761622
17.0,4.01,15.0,0.0006577478676174642
17.0,4.01,16.0,-0.03526167209706954
17.0,4.01,17.0,-0.11121724354265022
17.0,4.01,18.0,-0.010103526501731616
17.0,4.01,19.0,-0.041482766165551854
17.0,4.01,20.0,0.039363467744083946
17.0,4.01,21.0,5.180456976727754e-07
18.0,0.01,0.0,0.00031444242187150806
18.0,0.01,1.0,1.9165542601062846e-05
18.0,0.01,2.0,4.8473850055463785e-05
18.0,0.01,3.0,1.0528670875559198e-06
18.0,0.01,4.0,0.00017185955335663472
18.0,0.01,5.0,-6.62639380834551e-05
18.0,0.01,6.0,-2.8161399314496904e-05
18.0,0.01,7.0,2.6247537117218833e-05
18.0,0.01,8.0,1.6740712503723887e-05
18.0,0.01,9.0,-3.56420794473955e-05
18.0,0.01,10.0,0.0003876849083630507
18.0,0.01,11.0,3.55786368144706e-08
18.0,0.01,12.0,-0.0002585580458441192
18.0,0.01,13.0,8.411132253052789e-05
18.0,0.01,14.0,3.33786295853844e-05
18.0,0.01,15.0,1.7454985804521428e-05
18.0,0.01,16.0,-0.00021273059431109465
18.0,0.01,17.0,0.0004270300282759251
18.0,0.01,18.0,-0.00018454083112527664
18.0,0.01,19.0,-0.00010128354205526935
18.0,0.01,20.0,0.00010795067245528145
18.0,0.01,21.0,1.8819356626398331e-06
18.0,0.21000000000000002,0.0,0.017251149275219757
18.0,0.21000000000000002,1.0,0.000853064843693685
18.0,0.21000000000000002,2.0,0.001882464468763112
18.0,0.21000000000000002,3.0,1.0528670851689403e-06
18.0,0.21000000000000002,4.0,-0.0010359335920764323
18.0,0.21000000000000002,5.0,-0.002232611945556684
18.0,0.21000000000000002,6.0,-0.00035594043299147504
18.0,0.21000000000000002,7.0,-0.0024160029272456973
18.0,0.21000000000000002,8.0,1.6740712377068256e-05
18.0,0.21000000000000002,9.0,-0.0017299717492482158
18.0,0.21000000000000002,10.0,-0.00044783829702077504
18.0,0.21000000000000002,11.0,3.557863678671502e-08
18.0,0.21000000000000002,12.0,-0.0012631300299527082
18.0,0.21000000000000002,13.0,0.0038373584983354414
18.0,0.21000000000000002,14.0,0.001855957672548536
18.0,0.21000000000000002,15.0,0.0002530236900765148
18.0,0.21000000000000002,16.0,-0.005296828314381552
18.0,0.21000000000000002,17.0,-0.00866775924633039
18.0,0.21000000000000002,18.0,-0.0017630306909355298
18.0,0.21000000000000002,19.0,-0.005226784819901659
18.0,0.21000000000000002,20.0,0.003871323711915786
18.0,0.21000000000000002,21.0,1.8819356484289784e-06
18.0,0.41000000000000003,0.0,0.03443274947334096
18.0,0.41000000000000003,1.0,0.0017105727452187969
18.0,0.41000000000000003,2.0,0.003624637397413144
18.0,0.41000000000000003,3.0,1.0528670833787057e-06
18.0,0.41000000000000003,4.0,-0.0027246102228687397
18.0,0.41000000000000003,5.0,-0.0024113545748415954
18.0,0.41000000000000003,6.0,-0.0005182691970556097
18.0,0.41000000000000003,7.0,-0.0047309808223207905
18.0,0.41000000000000003,8.0,1.6740712285474857e-05
18.0,0.41000000000000003,9.0,-0.003347751127421056
18.0,0.41000000000000003,10.0,-0.0037130854746276754
18.0,0.41000000000000003,11.0,3.5578636772837235e-08
18.0,0.41000000000000003,12.0,-0.002238024744128188
18.0,0.41000000000000003,13.0,0.0074405187483258806
18.0,0.41000000000000003,14.0,0.00362413254845681
18.0,0.41000000000000003,15.0,0.00047885906640512954
18.0,0.41000000000000003,16.0,-0.010036495122775185
18.0,0.41000000000000003,17.0,-0.017519730511082805
18.0,0.41000000000000003,18.0,-0.0032849792999459088
18.0,0.41000000000000003,19.0,-0.01009501967649859
18.0,0.41000000000000003,20.0,0.007406880699516893
18.0,0.41000000000000003,21.0,1.8819356380761487e-06
18.0,0.6100000000000001,0.0,0.05075587965942818
18.0,0.6100000000000001,1.0,0.002508555401935564
18.0,0.6100000000000001,2.0,0.005435333150567767
18.0,0.6100000000000001,3.0,1.052867084211373e-06
18.0,0.6100000000000001,4.0,-0.00364298139916297
18.0,0.6100000000000001,5.0,-0.0049646991602780854
18.0,0.6100000000000001,6.0,-0.000886338383813412
18.0,0.6100000000000001,7.0,-0.007113578747330873
18.0,0.6100000000000001,8.0,1.6740712329460505e-05
18.0,0.6100000000000001,9.0,-0.0050183725087213915
18.0,0.6100000000000001,10.0,-0.0037930830716896846
18.0,0.6100000000000001,11.0,3.557863678671502e-08
18.0,0.6100000000000001,12.0,-0.003229917194367972
18.0,0.6100000000000001,13.0,0.011131760683584513
18.0,0.6100000000000001,14.0,0.0054086691345109905
18.0,0.6100000000000001,15.0,0.0007101648608331124
18.0,0.6100000000000001,16.0,-0.015068902651938332
18.0,0.6100000000000001,17.0,-0.02601076167871232
18.0,0.6100000000000001,18.0,-0.004838015811855431
18.0,0.6100000000000001,19.0,-0.015145818248410742
18.0,0.6100000000000001,20.0,0.011142665957540654
18.0,0.6100000000000001,21.0,1.8819356430443968e-06
18.0,0.81,0.0,0.06688351412799587
18.0,0.81,1.0,0.003301350848095186
18.0,0.81,2.0,0.007177498368752755
18.0,0.81,3.0,1.052867084863629e-06
18.0,0.81,4.0,-0.004658832390264822
18.0,0.81,5.0,-0.006552276750476427
18.0,0.81,6.0,-0.001176912696971566
18.0,0.81,7.0,-0.009365251994559842
18.0,0.81,8.0,1.674071236124758e-05
18.0,0.81,9.0,-0.006628982259800242
18.0,0.81,10.0,-0.0047960698336908525
18.0,0.81,11.0,3.557863678671502e-08
18.0,0.81,12.0,-0.004207766728608266
18.0,0.81,13.0,0.014697728939997712
18.0,0.81,14.0,0.0071391633414557565
18.0,0.81,15.0,0.0009334988476080996
18.0,0.81,16.0,-0.01986976326310763
18.0,0.81,17.0,-0.033722651885160396
18.0,0.81,18.0,-0.006355895608283896
18.0,0.81,19.0,-0.01998909229973911
18.0,0.81,20.0,0.014725246761934319
18.0,0.81,21.0,1.881935646624866e-06
18.0,1.01,0.0,0.08247945429629
18.0,1.01,1.0,0.00406777047054141
18.0,1.01,2.0,0.008868015729251666
18.0,1.01,3.0,1.0528670849468957e-06
18.0,1.01,4.0,-0.005478064991269349
18.0,1.01,5.0,-0.008034196471184973
18.0,1.01,6.0,-0.0014596293273452798
18.0,1.01,7.0,-0.011477122253727351
18.0,1.01,8.0,1.674071236487662e-05
18.0,1.01,9.0,-0.008191194836708549
18.0,1.01,10.0,-0.005444439542994117
18.0,1.01,11.0,3.557863678671502e-08
18.0,1.01,12.0,-0.005184841379579697
18.0,1.01,13.0,0.018156325785366745
18.0,1.01,14.0,0.008815657466696436
18.0,1.01,15.0,0.0011502292895362587
18.0,1.01,16.0,-0.024524055142369605
18.0,1.01,17.0,-0.04015811935404655
18.0,1.01,18.0,-0.007858374260646103
18.0,1.01,19.0,-0.024657618302314527
18.0,1.01,20.0,0.018208030322101165
18.0,1.01,21.0,1.8819356470411996e-06
18.0,1.2100000000000002,0.0,0.09747366379938682
18.0,1.2100000000000002,1.0,0.004806240220676328
18.0,1.2100000000000002,2.0,0.010491662634100896
18.0,1.2100000000000002,3.0,1.0528670841697396e-06
18.0,1.2100000000000002,4.0,-0.006087292342369155
18.0,1.2100000000000002,5.0,-0.009071860858726688
18.0,1.2100000000000002,6.0,-0.0017133288850190165
18.0,1.2100000000000002,7.0,-0.01340766121509318
18.0,1.2100000000000002,8.0,1.6740712323493057e-05
18.0,1.2100000000000002,9.0,-0.009691558729739536
18.0,1.2100000000000002,10.0,-0.006019305892676852
18.0,1.2100000000000002,11.0,3.557863678671502e-08
18.0,1.2100000000000002,12.0,-0.00616190790205063
18.0,1.2100000000000002,13.0,0.021478632019863164
18.0,1.2100000000000002,14.0,0.010425584940956023
18.0,1.2100000000000002,15.0,0.0013588384190744152
18.0,1.2100000000000002,16.0,-0.02897735721430761
18.0,1.2100000000000002,17.0,-0.044879685453682774
18.0,1.2100000000000002,18.0,-0.009342192528046848
18.0,1.2100000000000002,19.0,-0.0291021084929442
18.0,1.2100000000000002,20.0,0.021558131235380196
18.0,1.2100000000000002,21.0,1.881935642378263e-06
18.0,1.4100000000000001,0.0,0.11189025257108853
18.0,1.4100000000000001,1.0,0.00551818074261623
18.0,1.4100000000000001,2.0,0.012050933174244494
18.0,1.4100000000000001,3.0,1.0528670813664265e-06
18.0,1.4100000000000001,4.0,-0.006489353360509653
18.0,1.4100000000000001,5.0,-0.009433195773528968
18.0,1.4100000000000001,6.0,-0.0019275060779811448
18.0,1.4100000000000001,7.0,-0.015158644058058612
18.0,1.4100000000000001,8.0,1.674071217837303e-05
18.0,1.4100000000000001,9.0,-0.011132523947724321
18.0,1.4100000000000001,10.0,-0.006796901641472064
18.0,1.4100000000000001,11.0,3.5578636772837235e-08
18.0,1.4100000000000001,12.0,-0.007138300190304522
18.0,1.4100000000000001,13.0,0.024669722460560373
18.0,1.4100000000000001,14.0,0.011971450348409823
18.0,1.4100000000000001,15.0,0.0015596751440368761
18.0,1.4100000000000001,16.0,-0.03322251318308174
18.0,1.4100000000000001,17.0,-0.0478403657964219
18.0,1.4100000000000001,18.0,-0.010805735980836097
18.0,1.4100000000000001,19.0,-0.033328810329653846
18.0,1.4100000000000001,20.0,0.02478152143452561
18.0,1.4100000000000001,21.0,1.8819356260579845e-06
18.0,1.61,0.0,0.12582578161928815
18.0,1.61,1.0,0.006205875657560478
18.0,1.61,2.0,0.013568566806940907
18.0,1.61,3.0,1.0528670737197654e-06
18.0,1.61,4.0,-0.006637834626244676
18.0,1.61,5.0,-0.010672240445815884
18.0,1.61,6.0,-0.0021824475815431232
18.0,1.61,7.0,-0.016769958724222128
18.0,1.61,8.0,1.6740711801951913e-05
18.0,1.61,9.0,-0.012533720365048323
18.0,1.61,10.0,-0.0059601913170105325
18.0,1.61,11.0,3.5578636717326084e-08
18.0,1.61,12.0,-0.008126843896930493
18.0,1.61,13.0,0.02777245357040725
18.0,1.61,14.0,0.013471967535019475
18.0,1.61,15.0,0.0017552572976115843
18.0,1.61,16.0,-0.03741159182870475
18.0,1.61,17.0,-0.04942804941348583
18.0,1.61,18.0,-0.012283358666495173
18.0,1.61,19.0,-0.03740796979089611
18.0,1.61,20.0,0.0279242306028471
18.0,1.61,21.0,1.8819355837307317e-06
18.0,1.81,0.0,0.139523585735152
18.0,1.81,1.0,0.006882905940921502
18.0,1.81,2.0,0.015051635864165358
18.0,1.81,3.0,1.052867077216968e-06
18.0,1.81,4.0,-0.006729371999236178
18.0,1.81,5.0,-0.010850676119151803
18.0,1.81,6.0,-0.00238033398167542
18.0,1.81,7.0,-0.018292774399767286
18.0,1.81,8.0,1.674071197522997e-05
18.0,1.81,9.0,-0.013904042710664921
18.0,1.81,10.0,-0.006136868180352417
18.0,1.81,11.0,3.557863674508166e-08
18.0,1.81,12.0,-0.00910552240571521
18.0,1.81,13.0,0.030806999174978145
18.0,1.81,14.0,0.014939994041757498
18.0,1.81,15.0,0.0019465175752205743
18.0,1.81,16.0,-0.04144354023711318
18.0,1.81,17.0,-0.050174314094142636
18.0,1.81,18.0,-0.013733814736447608
18.0,1.81,19.0,-0.04137133889544045
18.0,1.81,20.0,0.030999479586888645
18.0,1.81,21.0,1.8819356032151457e-06
18.0,2.01,0.0,0.15308398206518337
18.0,2.01,1.0,0.007552707121739666
18.0,2.01,2.0,0.016519663326562073
18.0,2.01,3.0,1.0528670820186825e-06
18.0,2.01,4.0,-0.006755047416111104
18.0,2.01,5.0,-0.011022497369280015
18.0,2.01,6.0,-0.0025756594178269476
18.0,2.01,7.0,-0.019769130929225137
18.0,2.01,8.0,1.6740712214032005e-05
18.0,2.01,9.0,-0.015260536022073029
18.0,2.01,10.0,-0.00615131732145946
18.0,2.01,11.0,3.5578636772837235e-08
18.0,2.01,12.0,-0.01008045158869686
18.0,2.01,13.0,0.03381079635645595
18.0,2.01,14.0,0.016392460670191206
18.0,2.01,15.0,0.00213572088859304
18.0,2.01,16.0,-0.04543084140915682
18.0,2.01,17.0,-0.0504933992298236
18.0,2.01,18.0,-0.015178697655969
18.0,2.01,19.0,-0.04528145431192124
18.0,2.01,20.0,0.03404624757842023
18.0,2.01,21.0,1.881935630082543e-06
18.0,2.21,0.0,0.16658704126885193
18.0,2.21,1.0,0.008219306358765999
18.0,2.21,2.0,0.017980988651024488
18.0,2.21,3.0,1.052867083822795e-06
18.0,2.21,4.0,-0.006751181315579002
18.0,2.21,5.0,-0.011142377210913712
18.0,2.21,6.0,-0.0027671176972691724
18.0,2.21,7.0,-0.021224257867376667
18.0,2.21,8.0,1.6740712306451133e-05
18.0,2.21,9.0,-0.016610938115056234
18.0,2.21,10.0,-0.006146082705526301
18.0,2.21,11.0,3.557863678671502e-08
18.0,2.21,12.0,-0.011047779346519595
18.0,2.21,13.0,0.03680101818471637
18.0,2.21,14.0,0.017837981253249285
18.0,2.21,15.0,0.002323947902442808
18.0,2.21,16.0,-0.049391044413593266
18.0,2.21,17.0,-0.05062153961128629
18.0,2.21,18.0,-0.016616095024197773
18.0,2.21,19.0,-0.04916694917366454
18.0,2.21,20.0,0.03708074976943765
18.0,2.21,21.0,1.8819356404631282e-06
18.0,2.41,0.0,0.18007572794358795
18.0,2.41,1.0,0.008885038666851697
18.0,2.41,2.0,0.01944006751557359
18.0,2.41,3.0,1.0528670848358734e-06
18.0,2.41,4.0,-0.006731281343947015
18.0,2.41,5.0,-0.011355451576978648
18.0,2.41,6.0,-0.00296125550801718
18.0,2.41,7.0,-0.022670291201322607
18.0,2.41,8.0,1.6740712359908372e-05
18.0,2.41,9.0,-0.01795939914157685
18.0,2.41,10.0,-0.00598836620758314
18.0,2.41,11.0,3.557863678671502e-08
18.0,2.41,12.0,-0.012005364999197972
18.0,2.41,13.0,0.039786845807365745
18.0,2.41,14.0,0.01928127227026269
18.0,2.41,15.0,0.002511812762038268
18.0,2.41,16.0,-0.05334333944990681
18.0,2.41,17.0,-0.05067106404103594
18.0,2.41,18.0,-0.018047355982363823
18.0,2.41,19.0,-0.05304365290374721
18.0,2.41,20.0,0.04011116279839533
18.0,2.41,21.0,1.8819356464583326e-06
18.0,2.61,0.0,0.19357267516433863
18.0,2.61,1.0,0.00955103565396459
18.0,2.61,2.0,0.020899421275366037
18.0,2.61,3.0,1.0528670852660849e-06
18.0,2.61,4.0,-0.006702291664461457
18.0,2.61,5.0,-0.01165502556710346
18.0,2.61,6.0,-0.0031575070606266187
18.0,2.61,7.0,-0.024114678204741863
18.0,2.61,8.0,1.6740712382036504e-05
18.0,2.61,9.0,-0.019308261465469823
18.0,2.61,10.0,-0.005712787661202534
18.0,2.61,11.0,3.557863678671502e-08
18.0,2.61,12.0,-0.012948039832624159
18.0,2.61,13.0,0.04277346348341382
18.0,2.61,14.0,0.02072487510375451
18.0,2.61,15.0,0.0026996163432948528
18.0,2.61,16.0,-0.05729006217702054
18.0,2.61,17.0,-0.0506898050747529
18.0,2.61,18.0,-0.019468199817924962
18.0,2.61,19.0,-0.05691941573258605
18.0,2.61,20.0,0.04314266433095271
18.0,2.61,21.0,1.8819356489563344e-06
18.0,2.81,0.0,0.20707627907599202
18.0,2.81,1.0,0.010216543197226036
18.0,2.81,2.0,0.022358737787784133
18.0,2.81,3.0,1.0528670854742517e-06
18.0,2.81,4.0,-0.00666353200749642
18.0,2.81,5.0,-0.012010337027445972
18.0,2.81,6.0,-0.003353555288183596
18.0,2.81,7.0,-0.02556034671589366
18.0,2.81,8.0,1.674071239253505e-05
18.0,2.81,9.0,-0.02065725201688315
18.0,2.81,10.0,-0.005366896550276556
18.0,2.81,11.0,3.557863678671502e-08
18.0,2.81,12.0,-0.013865722692978658
18.0,2.81,13.0,0.045760413382796905
18.0,2.81,14.0,0.022168220991634652
18.0,2.81,15.0,0.002887090514981344
18.0,2.81,16.0,-0.06121855560398584
18.0,2.81,17.0,-0.05069683521096459
18.0,2.81,18.0,-0.02086670592043873
18.0,2.81,19.0,-0.06079200603031365
18.0,2.81,20.0,0.04617553883256764
18.0,2.81,21.0,1.8819356501220685e-06
18.0,3.01,0.0,0.22043799818350762
18.0,3.01,1.0,0.010871441552714023
18.0,3.01,2.0,0.023802731575681635
18.0,3.01,3.0,1.052867082837472e-06
18.0,3.01,4.0,-0.006620018815323703
18.0,3.01,5.0,-0.011658262499424976
18.0,3.01,6.0,-0.003512432307344493
18.0,3.01,7.0,-0.027003023295110673
18.0,3.01,8.0,1.6740712258767054e-05
18.0,3.01,9.0,-0.021991935599490198
18.0,3.01,10.0,-0.005911757195668721
18.0,3.01,11.0,3.557863678671502e-08
18.0,3.01,12.0,-0.014729238431683223
18.0,3.01,13.0,0.048716645193178865
18.0,3.01,14.0,0.023594589418610368
18.0,3.01,15.0,0.0030715099159590864
18.0,3.01,16.0,-0.065028336488649
18.0,3.01,17.0,-0.05069947166089844
18.0,3.01,18.0,-0.022194949750490106
18.0,3.01,19.0,-0.06461201227618502
18.0,3.01,20.0,0.049182730554066856
18.0,3.01,21.0,1.8819356351063021e-06
18.0,3.21,0.0,0.23287311439048441
18.0,3.21,1.0,0.011475058850262232
18.0,3.21,2.0,0.025137372179204198
18.0,3.21,3.0,1.0528670837950393e-06
18.0,3.21,4.0,-0.006547699129778373
18.0,3.21,5.0,-0.011752044391502126
18.0,3.21,6.0,-0.003671772824533237
18.0,3.21,7.0,-0.028339193977960114
18.0,3.21,8.0,1.6740712308074834e-05
18.0,3.21,9.0,-0.023226541184363875
18.0,3.21,10.0,-0.005896093942709735
18.0,3.21,11.0,3.5578636772837235e-08
18.0,3.21,12.0,-0.015492699801184753
18.0,3.21,13.0,0.051452390943072634
18.0,3.21,14.0,0.024912627167663237
18.0,3.21,15.0,0.003240117020176514
18.0,3.21,16.0,-0.06851867921586756
18.0,3.21,17.0,-0.05070046574712537
18.0,3.21,18.0,-0.023384352172351575
18.0,3.21,19.0,-0.06813191760946125
18.0,3.21,20.0,0.0519676153764177
18.0,3.21,21.0,1.8819356406574173e-06
18.0,3.41,0.0,0.2421020475280149
18.0,3.41,1.0,0.011921918702895329
18.0,3.41,2.0,0.026126758067694322
18.0,3.41,3.0,1.052867084072595e-06
18.0,3.41,4.0,-0.006493203822912796
18.0,3.41,5.0,-0.011736749340619468
18.0,3.41,6.0,-0.003786497444494774
18.0,3.41,7.0,-0.029330200839268822
18.0,3.41,8.0,1.6740712321126894e-05
18.0,3.41,9.0,-0.024141673093089594
18.0,3.41,10.0,-0.005989805470300036
18.0,3.41,11.0,3.5578636772837235e-08
18.0,3.41,12.0,-0.0160633578374952
18.0,3.41,13.0,0.053480763662028086
18.0,3.41,14.0,0.02588948101085778
18.0,3.41,15.0,0.003364907774358772
18.0,3.41,16.0,-0.07109916854341469
18.0,3.41,17.0,-0.05070084184887412
18.0,3.41,18.0,-0.024268561065744418
18.0,3.41,19.0,-0.07073860438254165
18.0,3.41,20.0,0.054032902315667375
18.0,3.41,21.0,1.8819356421007072e-06
18.0,3.61,0.0,0.24640718486474378
18.0,3.61,1.0,0.01213890412018992
18.0,3.61,2.0,0.02659880505670309
18.0,3.61,3.0,1.0528670845444399e-06
18.0,3.61,4.0,-0.0064954841322922285
18.0,3.61,5.0,-0.011972079650235612
18.0,3.61,6.0,-0.003860726676681414
18.0,3.61,7.0,-0.02978998439370173
18.0,3.61,8.0,1.6740712345635067e-05
18.0,3.61,9.0,-0.024577222545056593
18.0,3.61,10.0,-0.005719808394307857
18.0,3.61,11.0,3.557863678671502e-08
18.0,3.61,12.0,-0.016397832765666982
18.0,3.61,13.0,0.05444437755329512
18.0,3.61,14.0,0.026356900400931915
18.0,3.61,15.0,0.003427090584149528
18.0,3.61,16.0,-0.07241700256410073
18.0,3.61,17.0,-0.0507009875201825
18.0,3.61,18.0,-0.02476784325561948
18.0,3.61,19.0,-0.07200069372834525
18.0,3.61,20.0,0.055008251486197035
18.0,3.61,21.0,1.8819356448485092e-06
18.0,3.81,0.0,0.24757112620802968
18.0,3.81,1.0,0.012203711617239654
18.0,3.81,2.0,0.026734047500462377
18.0,3.81,3.0,1.0528670847664845e-06
18.0,3.81,4.0,-0.00652334739370658
18.0,3.81,5.0,-0.012081476974491412
18.0,3.81,6.0,-0.0038924652402803073
18.0,3.81,7.0,-0.029911091224477077
18.0,3.81,8.0,1.6740712356806686e-05
18.0,3.81,9.0,-0.02470120274154386
18.0,3.81,10.0,-0.005579668244865665
18.0,3.81,11.0,3.557863680059281e-08
18.0,3.81,12.0,-0.01655742912210459
18.0,3.81,13.0,0.05471729999454045
18.0,3.81,14.0,0.026491722618837366
18.0,3.81,15.0,0.0034468913193316797
18.0,3.81,16.0,-0.07286756965969142
18.0,3.81,17.0,-0.05070104975606369
18.0,3.81,18.0,-0.0249838234250472
18.0,3.81,19.0,-0.07237745228190626
18.0,3.81,20.0,0.055280252910094085
18.0,3.81,21.0,1.8819356461252656e-06
18.0,4.01,0.0,0.24778264317974374
18.0,4.01,1.0,0.012217286982702968
18.0,4.01,2.0,0.026760767409765684
18.0,4.01,3.0,1.0528670848775068e-06
18.0,4.01,4.0,-0.006554532144683767
18.0,4.01,5.0,-0.011585659751483901
18.0,4.01,6.0,-0.0038806028787727875
18.0,4.01,7.0,-0.029934388160741954
18.0,4.01,8.0,1.6740712363197408e-05
18.0,4.01,9.0,-0.024725435169185683
18.0,4.01,10.0,-0.006190107769133979
18.0,4.01,11.0,3.5578636772837235e-08
18.0,4.01,12.0,-0.016628457940159557
18.0,4.01,13.0,0.05477023728810604
18.0,4.01,14.0,0.026518561130524226
18.0,4.01,15.0,0.003451437593733564
18.0,4.01,16.0,-0.0729726529012782
18.0,4.01,17.0,-0.050701081283681275
18.0,4.01,18.0,-0.025061107904841465
18.0,4.01,19.0,-0.07245706915957179
18.0,4.01,20.0,0.055332327439426954
18.0,4.01,21.0,1.8819356468469106e-06
19.0,0.01,0.0,0.000143856323528202
19.0,0.01,1.0,6.787490935050711e-06
19.0,0.01,2.0,8.888967461262443e-06
19.0,0.01,3.0,1.0562696753785294e-06
19.0,0.01,4.0,-0.00019349555624659232
19.0,0.01,5.0,4.5442336156498175e-06
19.0,0.01,6.0,-7.386733832881465e-05
19.0,0.01,7.0,1.416330177114733e-05
19.0,0.01,8.0,1.6745062197898175e-05
19.0,0.01,9.0,-6.056766100786398e-05
19.0,0.01,10.0,1.9877851154925796e-05
19.0,0.01,11.0,3.657101385612371e-08
19.0,0.01,12.0,-8.653756410550995e-05
19.0,0.01,13.0,2.7821210626111093e-06
19.0,0.01,14.0,-5.35723500420773e-09
19.0,0.01,15.0,9.2629137969924e-06
19.0,0.01,16.0,-0.002936311794514857
19.0,0.01,17.0,-1.9428978976721266e-08
19.0,0.01,18.0,-0.0005536038342984217
19.0,0.01,19.0,-0.00020839364493885348
19.0,0.01,20.0,-5.5464961504492205e-05
19.0,0.01,21.0,1.7723455359441864e-06
19.0,0.21000000000000002,0.0,0.004714086346788382
19.0,0.21000000000000002,1.0,4.637206047025666e-05
19.0,0.21000000000000002,2.0,0.00031540771682364577
19.0,0.21000000000000002,3.0,1.0562697375510188e-06
19.0,0.21000000000000002,4.0,-0.0010098027592347902
19.0,0.21000000000000002,5.0,-0.0009514810539900664
19.0,0.21000000000000002,6.0,-0.0003734345869279565
19.0,0.21000000000000002,7.0,-0.0006184033745845197
19.0,0.21000000000000002,8.0,1.6745065035628226e-05
19.0,0.21000000000000002,9.0,-0.002034263742517403
19.0,0.21000000000000002,10.0,1.0002541528442155e-05
19.0,0.21000000000000002,11.0,3.6571014230823984e-08
19.0,0.21000000000000002,12.0,-0.0002924053154208517
19.0,0.21000000000000002,13.0,0.00013041933035708164
19.0,0.21000000000000002,14.0,-5.357235067327128e-09
19.0,0.21000000000000002,15.0,2.053192794779224e-05
19.0,0.21000000000000002,16.0,-0.004234303060922239
19.0,0.21000000000000002,17.0,-1.942897951266137e-08
19.0,0.21000000000000002,18.0,-0.0008076426039656526
19.0,0.21000000000000002,19.0,-0.0013398778924775812
19.0,0.21000000000000002,20.0,0.001356711159384072
19.0,0.21000000000000002,21.0,1.7723458363427813e-06
19.0,0.41000000000000003,0.0,0.01052069060881533
19.0,0.41000000000000003,1.0,9.422052196111919e-05
19.0,0.41000000000000003,2.0,0.00047261932125014505
19.0,0.41000000000000003,3.0,1.056269737925719e-06
19.0,0.41000000000000003,4.0,-0.0018374423037586796
19.0,0.41000000000000003,5.0,-0.001666421746111757
19.0,0.41000000000000003,6.0,-0.0005999983097593753
19.0,0.41000000000000003,7.0,-0.0011583233036136786
19.0,0.41000000000000003,8.0,1.6745065057770236e-05
19.0,0.41000000000000003,9.0,-0.003927900195168449
19.0,0.41000000000000003,10.0,-0.00035095461409934137
19.0,0.41000000000000003,11.0,3.657101424470177e-08
19.0,0.41000000000000003,12.0,-0.0004633153947497526
19.0,0.41000000000000003,13.0,0.0002466341591343263
19.0,0.41000000000000003,14.0,-5.357235081037514e-09
19.0,0.41000000000000003,15.0,3.0248157220497118e-05
19.0,0.41000000000000003,16.0,-0.005379615751563696
19.0,0.41000000000000003,17.0,-1.9428979688750833e-08
19.0,0.41000000000000003,18.0,-0.0009848235383272397
19.0,0.41000000000000003,19.0,-0.002240676415080023
19.0,0.41000000000000003,20.0,0.0016821183400193562
19.0,0.41000000000000003,21.0,1.7723458387020052e-06
19.0,0.6100000000000001,0.0,0.015434818358404434
19.0,0.6100000000000001,1.0,0.0001356041457826751
19.0,0.6100000000000001,2.0,0.0007364712876403168
19.0,0.6100000000000001,3.0,1.0562697356220063e-06
19.0,0.6100000000000001,4.0,-0.002636019530159156
19.0,0.6100000000000001,5.0,-0.0025477721005320586
19.0,0.6100000000000001,6.0,-0.0008754448365611567
19.0,0.6100000000000001,7.0,-0.0017589730741673082
19.0,0.6100000000000001,8.0,1.674506494011435e-05
19.0,0.6100000000000001,9.0,-0.0058566707397464945
19.0,0.6100000000000001,10.0,-0.00044626076160969586
19.0,0.6100000000000001,11.0,3.6571014230823984e-08
19.0,0.6100000000000001,12.0,-0.0006540290087798106
19.0,0.6100000000000001,13.0,0.00036951227008416576
19.0,0.6100000000000001,14.0,-5.357235091563468e-09
19.0,0.6100000000000001,15.0,4.108292737819985e-05
19.0,0.6100000000000001,16.0,-0.006383950009354146
19.0,0.6100000000000001,17.0,-1.9428979822323654e-08
19.0,0.6100000000000001,18.0,-0.001179674466838393
19.0,0.6100000000000001,19.0,-0.0032855809032236727
19.0,0.6100000000000001,20.0,0.0028122940374514793
19.0,0.6100000000000001,21.0,1.7723458262675074e-06
19.0,0.81,0.0,0.02078610354158872
19.0,0.81,1.0,0.00018018432903571524
19.0,0.81,2.0,0.0009372402352118558
19.0,0.81,3.0,1.0562697332072712e-06
19.0,0.81,4.0,-0.003430298492560907
19.0,0.81,5.0,-0.0033246149308724104
19.0,0.81,6.0,-0.0011160598208519446
19.0,0.81,7.0,-0.0023193082510561125
19.0,0.81,8.0,1.674506481960658e-05
19.0,0.81,9.0,-0.007740740923296796
19.0,0.81,10.0,-0.0006900741120441922
19.0,0.81,11.0,3.657101420306841e-08
19.0,0.81,12.0,-0.0008267444249833167
19.0,0.81,13.0,0.0004872198313188719
19.0,0.81,14.0,-5.357235100696577e-09
19.0,0.81,15.0,5.116156755086143e-05
19.0,0.81,16.0,-0.007239765364209371
19.0,0.81,17.0,-1.942897993046504e-08
19.0,0.81,18.0,-0.0013279102978474011
19.0,0.81,19.0,-0.004222925040221703
19.0,0.81,20.0,0.003487440647454154
19.0,0.81,21.0,1.772345813472187e-06
19.0,1.01,0.0,0.026146674622175903
19.0,1.01,1.0,0.00022484976532108347
19.0,1.01,2.0,0.0011297394802341487
19.0,1.01,3.0,1.0562697315696923e-06
19.0,1.01,4.0,-0.004212816261898428
19.0,1.01,5.0,-0.004085359177825626
19.0,1.01,6.0,-0.0013489542491436635
19.0,1.01,7.0,-0.0028722918973678735
19.0,1.01,8.0,1.6745064738914184e-05
19.0,1.01,9.0,-0.009606835542390592
19.0,1.01,10.0,-0.0009496794277188969
19.0,1.01,11.0,3.657101418919062e-08
19.0,1.01,12.0,-0.0009938971687883658
19.0,1.01,13.0,0.000603641159285212
19.0,1.01,14.0,-5.3572351087762e-09
19.0,1.01,15.0,6.109287700858945e-05
19.0,1.01,16.0,-0.007961357691751346
19.0,1.01,17.0,-1.9428980018432722e-08
19.0,1.01,18.0,-0.001452139871517738
19.0,1.01,19.0,-0.005135365310712459
19.0,1.01,20.0,0.004109679174094272
19.0,1.01,21.0,1.7723458048957141e-06
19.0,1.2100000000000002,0.0,0.031491252857781316
19.0,1.2100000000000002,1.0,0.00026939948121196267
19.0,1.2100000000000002,2.0,0.0013174141624234803
19.0,1.2100000000000002,3.0,1.0562697305704916e-06
19.0,1.2100000000000002,4.0,-0.004983333001033874
19.0,1.2100000000000002,5.0,-0.004835821060125395
19.0,1.2100000000000002,6.0,-0.001575866889696187
19.0,1.2100000000000002,7.0,-0.0034200408507858715
19.0,1.2100000000000002,8.0,1.6745064688857003e-05
19.0,1.2100000000000002,9.0,-0.011455868296401085
19.0,1.2100000000000002,10.0,-0.001216928113399074
19.0,1.2100000000000002,11.0,3.657101420306841e-08
19.0,1.2100000000000002,12.0,-0.0011563825361834423
19.0,1.2100000000000002,13.0,0.0007190247008941608
19.0,1.2100000000000002,14.0,-5.357235115895476e-09
19.0,1.2100000000000002,15.0,7.091420431848405e-05
19.0,1.2100000000000002,16.0,-0.00856119663418268
19.0,1.2100000000000002,17.0,-1.9428980090032212e-08
19.0,1.2100000000000002,18.0,-0.0015554573579204811
19.0,1.2100000000000002,19.0,-0.006028719519940551
19.0,1.2100000000000002,20.0,0.004702532918613667
19.0,1.2100000000000002,21.0,1.7723457996499103e-06
19.0,1.4100000000000001,0.0,0.03680390162507852
19.0,1.4100000000000001,1.0,0.00031370051732601545
19.0,1.4100000000000001,2.0,0.0015025555685760361
19.0,1.4100000000000001,3.0,1.0562697299182355e-06
19.0,1.4100000000000001,4.0,-0.005741848419101969
19.0,1.4100000000000001,5.0,-0.00557973196699349
19.0,1.4100000000000001,6.0,-0.0017979707083720098
19.0,1.4100000000000001,7.0,-0.003963909402814603
19.0,1.4100000000000001,8.0,1.6745064655841746e-05
19.0,1.4100000000000001,9.0,-0.013287707953542907
19.0,1.4100000000000001,10.0,-0.0014862694420955114
19.0,1.4100000000000001,11.0,3.657101420306841e-08
19.0,1.4100000000000001,12.0,-0.001314834583868163
19.0,1.4100000000000001,13.0,0.0008335283422082479
19.0,1.4100000000000001,14.0,-5.3572351221008185e-09
19.0,1.4100000000000001,15.0,8.06507112994237e-05
19.0,1.4100000000000001,16.0,-0.009053389738316089
19.0,1.4100000000000001,17.0,-1.9428980148108686e-08
19.0,1.4100000000000001,18.0,-0.0016407117775208424
19.0,1.4100000000000001,19.0,-0.006906962782941672
19.0,1.4100000000000001,20.0,0.0052823735395370885
19.0,1.4100000000000001,21.0,1.7723457961527078e-06
19.0,1.61,0.0,0.042075888257765426
19.0,1.61,1.0,0.0003576764739801619
19.0,1.61,2.0,0.0016864986359206302
19.0,1.61,3.0,1.0562697293908796e-06
19.0,1.61,4.0,-0.006488482719548411
19.0,1.61,5.0,-0.006319173975075837
19.0,1.61,6.0,-0.0020159579214610313
19.0,1.61,7.0,-0.004504651320829722
19.0,1.61,8.0,1.6745064628558015e-05
19.0,1.61,9.0,-0.015101425783737209
19.0,1.61,10.0,-0.0017543811757255168
19.0,1.61,11.0,3.657101418919062e-08
19.0,1.61,12.0,-0.001469662355681245
19.0,1.61,13.0,0.000947239728523494
19.0,1.61,14.0,-5.357235127451952e-09
19.0,1.61,15.0,9.031748144811003e-05
19.0,1.61,16.0,-0.009452593279891825
19.0,1.61,17.0,-1.9428980195025927e-08
19.0,1.61,18.0,-0.0017104338086491866
19.0,1.61,19.0,-0.007772519372309661
19.0,1.61,20.0,0.005859275254544105
19.0,1.61,21.0,1.7723457932938835e-06
19.0,1.81,0.0,0.047303178667548185
19.0,1.81,1.0,0.0004012897910607993
19.0,1.81,2.0,0.0018699256859283642
19.0,1.81,3.0,1.0562697288218903e-06
19.0,1.81,4.0,-0.007223354613724364
19.0,1.81,5.0,-0.007055147058247224
19.0,1.81,6.0,-0.0022301661453737465
19.0,1.81,7.0,-0.005042631983397161
19.0,1.81,8.0,1.6745064599442416e-05
19.0,1.81,9.0,-0.01689546936172184
19.0,1.81,10.0,-0.0020195061206850773
19.0,1.81,11.0,3.657101417531283e-08
19.0,1.81,12.0,-0.0016211004691502884
19.0,1.81,13.0,0.0010602013710928199
19.0,1.81,14.0,-5.357235132028906e-09
19.0,1.81,15.0,9.992267151889833e-05
19.0,1.81,16.0,-0.00977309813691506
19.0,1.81,17.0,-1.9428980232810402e-08
19.0,1.81,18.0,-0.001766820029933891
19.0,1.81,19.0,-0.00862669770844171
19.0,1.81,20.0,0.006438832426218399
19.0,1.81,21.0,1.7723457901575035e-06
19.0,2.01,0.0,0.05248472629861167
19.0,2.01,1.0,0.0004445287261757025
19.0,2.01,2.0,0.00205309180172214
19.0,2.01,3.0,1.0562697281418787e-06
19.0,2.01,4.0,-0.007946493600127863
19.0,2.01,5.0,-0.007787981825507578
19.0,2.01,6.0,-0.002440666333481556
19.0,2.01,7.0,-0.005577984178649992
19.0,2.01,8.0,1.6745064564255285e-05
19.0,2.01,9.0,-0.01866774456220831
19.0,2.01,10.0,-0.002280957547896534
19.0,2.01,11.0,3.657101417531283e-08
19.0,2.01,12.0,-0.0017692428732214716
19.0,2.01,13.0,0.0011724290232833778
19.0,2.01,14.0,-5.357235135922694e-09
19.0,2.01,15.0,0.00010946986728399555
19.0,2.01,16.0,-0.010028174991528221
19.0,2.01,17.0,-1.94289802631861e-08
19.0,2.01,18.0,-0.001811721315893966
19.0,2.01,19.0,-0.009470012325594024
19.0,2.01,20.0,0.007023536812104547
19.0,2.01,21.0,1.7723457864382564e-06
19.0,2.21,0.0,0.05762096288292695
19.0,2.21,1.0,0.00048739493515889687
19.0,2.21,2.0,0.002236038439886512
19.0,2.21,3.0,1.0562697272814559e-06
19.0,2.21,4.0,-0.008657769392740516
19.0,2.21,5.0,-0.008517698064807788
19.0,2.21,6.0,-0.0026473511680676354
19.0,2.21,7.0,-0.006110741726910951
19.0,2.21,8.0,1.674506452100516e-05
19.0,2.21,9.0,-0.020415640192813077
19.0,2.21,10.0,-0.0025386143095170732
19.0,2.21,11.0,3.657101417531283e-08
19.0,2.21,12.0,-0.0019140772426197994
19.0,2.21,13.0,0.0012839269374356477
19.0,2.21,14.0,-5.357235139224905e-09
19.0,2.21,15.0,0.00011896037601244469
19.0,2.21,16.0,-0.010229681141405492
19.0,2.21,17.0,-1.9428980287592298e-08
19.0,2.21,18.0,-0.0018466627480255016
19.0,2.21,19.0,-0.010302478177232066
19.0,2.21,20.0,0.007614266163808503
19.0,2.21,21.0,1.772345781886342e-06
19.0,2.41,0.0,0.06271320339829545
19.0,2.41,1.0,0.0005298983503962407
19.0,2.41,2.0,0.0024186790705882366
19.0,2.41,3.0,1.0562697262822551e-06
19.0,2.41,4.0,-0.009356853706535578
19.0,2.41,5.0,-0.009244151798527417
19.0,2.41,6.0,-0.002849966760749889
19.0,2.41,7.0,-0.006640893612654769
19.0,2.41,8.0,1.6745064469136928e-05
19.0,2.41,9.0,-0.02213599707557776
19.0,2.41,10.0,-0.002792722137682613
19.0,2.41,11.0,3.6571014161435045e-08
19.0,2.41,12.0,-0.00205549653904058
19.0,2.41,13.0,0.0013946940174398709
19.0,2.41,14.0,-5.3572351420210176e-09
19.0,2.41,15.0,0.00012839413537807376
19.0,2.41,16.0,-0.010387888358391032
19.0,2.41,17.0,-1.942898030720981e-08
19.0,2.41,18.0,-0.001872847507680686
19.0,2.41,19.0,-0.011123726278294666
19.0,2.41,20.0,0.008210831157792309
19.0,2.41,21.0,1.772345776390738e-06
19.0,2.61,0.0,0.06776295088274842
19.0,2.61,1.0,0.0005720509048165456
19.0,2.61,2.0,0.0026009067817348575
19.0,2.61,3.0,1.0562697250887654e-06
19.0,2.61,4.0,-0.01004319394113476
19.0,2.61,5.0,-0.009967198599066668
19.0,2.61,6.0,-0.0030481592078712705
19.0,2.61,7.0,-0.007168444102081339
19.0,2.61,8.0,1.674506440883794e-05
19.0,2.61,9.0,-0.023825078154348762
19.0,2.61,10.0,-0.003043623200262746
19.0,2.61,11.0,3.657101414755726e-08
19.0,2.61,12.0,-0.0021933181653110423
19.0,2.61,13.0,0.0015047304671186174
19.0,2.61,14.0,-5.357235144386972e-09
19.0,2.61,15.0,0.00013777088541166993
19.0,2.61,16.0,-0.010511475737453087
19.0,2.61,17.0,-1.9428980322993652e-08
19.0,2.61,18.0,-0.001891191513190782
19.0,2.61,19.0,-0.011933148597976728
19.0,2.61,20.0,0.008812836981913041
19.0,2.61,21.0,1.7723457700069556e-06
19.0,2.81,0.0,0.07277174712915158
19.0,2.81,1.0,0.0006138650131073675
19.0,2.81,2.0,0.002782618030121864
19.0,2.81,3.0,1.0562697237148644e-06
19.0,2.81,4.0,-0.010716008997707138
19.0,2.81,5.0,-0.0106867267647143
19.0,2.81,6.0,-0.0032414863116623227
19.0,2.81,7.0,-0.007693423644592912
19.0,2.81,8.0,1.674506434058004e-05
19.0,2.81,9.0,-0.025478533779756427
19.0,2.81,10.0,-0.003291692975410432
19.0,2.81,11.0,3.6571014161435045e-08
19.0,2.81,12.0,-0.00232729001853213
19.0,2.81,13.0,0.0016140389459883692
19.0,2.81,14.0,-5.357235146388153e-09
19.0,2.81,15.0,0.0001470904175970844
19.0,2.81,16.0,-0.010607629676483406
19.0,2.81,17.0,-1.9428980335708408e-08
19.0,2.81,18.0,-0.0019023451720985574
19.0,2.81,19.0,-0.012729933029573814
19.0,2.81,20.0,0.009419875914862152
19.0,2.81,21.0,1.7723457627349948e-06
19.0,3.01,0.0,0.07780106630108474
19.0,3.01,1.0,0.0006558935760158924
19.0,3.01,2.0,0.0029537337165738697
19.0,3.01,3.0,1.0562697223409634e-06
19.0,3.01,4.0,-0.011375199798148411
19.0,3.01,5.0,-0.0113892361098957
19.0,3.01,6.0,-0.003424824126880721
19.0,3.01,7.0,-0.008210697872113815
19.0,3.01,8.0,1.674506427183642e-05
19.0,3.01,9.0,-0.02709007694212698
19.0,3.01,10.0,-0.0035638716028154604
19.0,3.01,11.0,3.6571014161435045e-08
19.0,3.01,12.0,-0.002455244930315126
19.0,3.01,13.0,0.0017220644116788808
19.0,3.01,14.0,-5.357235148095619e-09
19.0,3.01,15.0,0.0001562423927493617
19.0,3.01,16.0,-0.010682187009813222
19.0,3.01,17.0,-1.9428980346016302e-08
19.0,3.01,18.0,-0.001903426720783613
19.0,3.01,19.0,-0.01350072820204068
19.0,3.01,20.0,0.009928414850153167
19.0,3.01,21.0,1.7723457555185451e-06
19.0,3.21,0.0,0.08272973098326009
19.0,3.21,1.0,0.0006971715938824397
19.0,3.21,2.0,0.0031369380264172353
19.0,3.21,3.0,1.0562697244781427e-06
19.0,3.21,4.0,-0.012020435899306875
19.0,3.21,5.0,-0.012108290984005204
19.0,3.21,6.0,-0.003607154586562744
19.0,3.21,7.0,-0.00873482949344509
19.0,3.21,8.0,1.6745064376419427e-05
19.0,3.21,9.0,-0.028663071160103172
19.0,3.21,10.0,-0.003806344545885243
19.0,3.21,11.0,3.6571014161435045e-08
19.0,3.21,12.0,-0.002580836202062675
19.0,3.21,13.0,0.0018306162360859496
19.0,3.21,14.0,-5.357235150110214e-09
19.0,3.21,15.0,0.0001655185819207372
19.0,3.21,16.0,-0.010740022976643063
19.0,3.21,17.0,-1.942898035641918e-08
19.0,3.21,18.0,-0.00190104871377067
19.0,3.21,19.0,-0.014277679382970254
19.0,3.21,20.0,0.01057138809162328
19.0,3.21,21.0,1.7723457665375086e-06
19.0,3.41,0.0,0.08767873801964365
19.0,3.41,1.0,0.0007385697152260118
19.0,3.41,2.0,0.0033072807229513335
19.0,3.41,3.0,1.0562697237148644e-06
19.0,3.41,4.0,-0.012646886660092116
19.0,3.41,5.0,-0.0128052043672576
19.0,3.41,6.0,-0.003778314540025196
19.0,3.41,7.0,-0.009248089057328157
19.0,3.41,8.0,1.6745064338678783e-05
19.0,3.41,9.0,-0.030177161985913473
19.0,3.41,10.0,-0.0040736475519235205
19.0,3.41,11.0,3.6571014161435045e-08
19.0,3.41,12.0,-0.002699520928107657
19.0,3.41,13.0,0.0019373364217620953
19.0,3.41,14.0,-5.357235151458282e-09
19.0,3.41,15.0,0.00017456901322618346
19.0,3.41,16.0,-0.010784564689152022
19.0,3.41,17.0,-1.9428980363598033e-08
19.0,3.41,18.0,-0.0018892426734081758
19.0,3.41,19.0,-0.015019097165474282
19.0,3.41,20.0,0.011086535317251067
19.0,3.41,21.0,1.772345762596217e-06
19.0,3.61,0.0,0.09258944442364658
19.0,3.61,1.0,0.0007796507571494471
19.0,3.61,2.0,0.0034771052557462934
19.0,3.61,3.0,1.0562697228821971e-06
19.0,3.61,4.0,-0.013254653378797387
19.0,3.61,5.0,-0.013499206119562734
19.0,3.61,6.0,-0.003942404626496365
19.0,3.61,7.0,-0.00975933272322052
19.0,3.61,8.0,1.6745064297087053e-05
19.0,3.61,9.0,-0.03163280575412132
19.0,3.61,10.0,-0.004338867961631188
19.0,3.61,11.0,3.657101414755726e-08
19.0,3.61,12.0,-0.0028129314574430464
19.0,3.61,13.0,0.0020433840696135047
19.0,3.61,14.0,-5.357235152615341e-09
19.0,3.61,15.0,0.00018356584211962068
19.0,3.61,16.0,-0.01081892661740751
19.0,3.61,17.0,-1.942898036947488e-08
19.0,3.61,18.0,-0.0018710019320456184
19.0,3.61,19.0,-0.0157437081115665
19.0,3.61,20.0,0.01160161868320364
19.0,3.61,21.0,1.7723457581830804e-06
19.0,3.81,0.0,0.0974629940761772
19.0,3.81,1.0,0.0008204224187385034
19.0,3.81,2.0,0.00364641771507096
19.0,3.81,3.0,1.0562697219523853e-06
19.0,3.81,4.0,-0.013842243268250981
19.0,3.81,5.0,-0.014190382281257352
19.0,3.81,6.0,-0.004098764981057185
19.0,3.81,7.0,-0.01026870123454865
19.0,3.81,8.0,1.6745064251234842e-05
19.0,3.81,9.0,-0.03302345830272961
19.0,3.81,10.0,-0.00460217356574022
19.0,3.81,11.0,3.657101413367947e-08
19.0,3.81,12.0,-0.0029206308324121744
19.0,3.81,13.0,0.0021487724622452076
19.0,3.81,14.0,-5.357235153607016e-09
19.0,3.81,15.0,0.00019250996837871792
19.0,3.81,16.0,-0.010845417916578457
19.0,3.81,17.0,-1.942898037428761e-08
19.0,3.81,18.0,-0.0018461586139683073
19.0,3.81,19.0,-0.016450184542374235
19.0,3.81,20.0,0.012116911423420917
19.0,3.81,21.0,1.772345753298099e-06
19.0,4.01,0.0,0.1023005559918756
19.0,4.01,1.0,0.0008608927251786136
19.0,4.01,2.0,0.0038152111526628674
19.0,4.01,3.0,1.0562697209115512e-06
19.0,4.01,4.0,-0.014408195883000213
19.0,4.01,5.0,-0.0148787999623618
19.0,4.01,6.0,-0.004246752929087466
19.0,4.01,7.0,-0.010776322014925593
19.0,4.01,8.0,1.6745064200476834e-05
19.0,4.01,9.0,-0.03434271878410421
19.0,4.01,10.0,-0.0048637602341378705
19.0,4.01,11.0,3.657101413367947e-08
19.0,4.01,12.0,-0.003022194723130478
19.0,4.01,13.0,0.0022535136847381537
19.0,4.01,14.0,-5.357235154454304e-09
19.0,4.01,15.0,0.00020140209648264462
19.0,4.01,16.0,-0.010865836630450841
19.0,4.01,17.0,-1.942898037822468e-08
19.0,4.01,18.0,-0.0018144905399971323
19.0,4.01,19.0,-0.01713720933755475
19.0,4.01,20.0,0.012632559638599272
19.0,4.01,21.0,1.772345747941273e-06
20.0,0.01,0.0,-9.99331884776744e-05
20.0,0.01,1.0,-1.4482895056566747e-06
20.0,0.01,2.0,-2.647519318491054e-05
20.0,0.01,3.0,1.0524351641283403e-06
20.0,0.01,4.0,0.00013528203498269775
20.0,0.01,5.0,0.0005431730998400885
20.0,0.01,6.0,-6.766905401611734e-05
20.0,0.01,7.0,0.0006304212914123863
20.0,0.01,8.0,1.67401804411077e-05
20.0,0.01,9.0,9.975399138506535e-05
20.0,0.01,10.0,0.00038316332492582816
20.0,0.01,11.0,3.5408698917382964e-08
20.0,0.01,12.0,-0.0005681730777140815
20.0,0.01,13.0,-6.204068282639197e-05
20.0,0.01,14.0,-1.0311508156596233e-06
20.0,0.01,15.0,-6.979824724584471e-07
20.0,0.01,16.0,-0.0002588507726442868
20.0,0.01,17.0,0.000430719145103009
20.0,0.01,18.0,-0.0005042471954875768
20.0,0.01,19.0,-6.817410984522043e-05
20.0,0.01,20.0,-0.00010987738151324589
20.0,0.01,21.0,2.323615603261331e-07
20.0,0.21000000000000002,0.0,0.012721814797407638
20.0,0.21000000000000002,1.0,0.00010417336030685287
20.0,0.21000000000000002,2.0,0.0018585770666733337
20.0,0.21000000000000002,3.0,1.0524351656826525e-06
20.0,0.21000000000000002,4.0,0.0005892153869414551
20.0,0.21000000000000002,5.0,-0.0005129183451179631
20.0,0.21000000000000002,6.0,-0.0010272261941601246
20.0,0.21000000000000002,7.0,-0.0018340554064201209
20.0,0.21000000000000002,8.0,1.67401805245479e-05
20.0,0.21000000000000002,9.0,-0.005172773603662972
20.0,0.21000000000000002,10.0,-0.00014569071513698129
20.0,0.21000000000000002,11.0,3.540869893126075e-08
20.0,0.21000000000000002,12.0,-0.0005681374297315954
20.0,0.21000000000000002,13.0,0.003052216062250035
20.0,0.21000000000000002,14.0,-1.0311667936904893e-06
20.0,0.21000000000000002,15.0,4.0258608594107015e-05
20.0,0.21000000000000002,16.0,0.0017980861162996131
20.0,0.21000000000000002,17.0,-0.002265552155686079
20.0,0.21000000000000002,18.0,-0.00016972107013823318
20.0,0.21000000000000002,19.0,-0.0017600629908643417
20.0,0.21000000000000002,20.0,0.002122394415850437
20.0,0.21000000000000002,21.0,2.3236156151962284e-07
20.0,0.41000000000000003,0.0,0.0254902701147941
20.0,0.41000000000000003,1.0,0.00020926973387658254
20.0,0.41000000000000003,2.0,0.0037313692181659697
20.0,0.41000000000000003,3.0,1.0524351641977292e-06
20.0,0.41000000000000003,4.0,0.0009616017155112955
20.0,0.41000000000000003,5.0,-0.0015764169020408003
20.0,0.41000000000000003,6.0,-0.0019488266557142753
20.0,0.41000000000000003,7.0,-0.004321804450237998
20.0,0.41000000000000003,8.0,1.6740180444757558e-05
20.0,0.41000000000000003,9.0,-0.010411053569056306
20.0,0.41000000000000003,10.0,-0.000659440922953558
20.0,0.41000000000000003,11.0,3.540869893126075e-08
20.0,0.41000000000000003,12.0,-0.0005681019706672577
20.0,0.41000000000000003,13.0,0.00614831893040807
20.0,0.41000000000000003,14.0,-1.0311749961216207e-06
20.0,0.41000000000000003,15.0,8.099199418187819e-05
20.0,0.41000000000000003,16.0,0.003840107975710716
20.0,0.41000000000000003,17.0,-0.004882061176991193
20.0,0.41000000000000003,18.0,0.00016174745230022186
20.0,0.41000000000000003,19.0,-0.0033937167232393484
20.0,0.41000000000000003,20.0,0.004343903527159354
20.0,0.41000000000000003,21.0,2.3236156040939981e-07
20.0,0.6100000000000001,0.0,0.03840969552021267
20.0,0.6100000000000001,1.0,0.0003145249965806618
20.0,0.6100000000000001,2.0,0.00556279559660508
20.0,0.6100000000000001,3.0,1.0524351646140628e-06
20.0,0.6100000000000001,4.0,0.0007473432584603756
20.0,0.6100000000000001,5.0,-0.0026910247292503686
20.0,0.6100000000000001,6.0,-0.0026163698604471097
20.0,0.6100000000000001,7.0,-0.006957017578160585
20.0,0.6100000000000001,8.0,1.6740180468065302e-05
20.0,0.6100000000000001,9.0,-0.015569828981495865
20.0,0.6100000000000001,10.0,-0.0011154689638830373
20.0,0.6100000000000001,11.0,3.540869893126075e-08
20.0,0.6100000000000001,12.0,-0.0005680668045097776
20.0,0.6100000000000001,13.0,0.009199285916156763
20.0,0.6100000000000001,14.0,-1.0311792239370457e-06
20.0,0.6100000000000001,15.0,0.00012136209923027663
20.0,0.6100000000000001,16.0,0.005830008647550067
20.0,0.6100000000000001,17.0,-0.00708025441770288
20.0,0.6100000000000001,18.0,0.00048519966678119836
20.0,0.6100000000000001,19.0,-0.004639228065949408
20.0,0.6100000000000001,20.0,0.006529084535100815
20.0,0.6100000000000001,21.0,2.3236156071471115e-07
20.0,0.81,0.0,0.05117662013180657
20.0,0.81,1.0,0.00041894717218865507
20.0,0.81,2.0,0.007396737642767187
20.0,0.81,3.0,1.0524351648361074e-06
20.0,0.81,4.0,0.0007680231876807664
20.0,0.81,5.0,-0.0037759150134352715
20.0,0.81,6.0,-0.0033804622402448525
20.0,0.81,7.0,-0.009510971205765828
20.0,0.81,8.0,1.6740180478667932e-05
20.0,0.81,9.0,-0.020721791190669553
20.0,0.81,10.0,-0.0015922235546617647
20.0,0.81,11.0,3.5408698917382964e-08
20.0,0.81,12.0,-0.0005680317135206776
20.0,0.81,13.0,0.012245223455794624
20.0,0.81,14.0,-1.0311814077822775e-06
20.0,0.81,15.0,0.00016157411232720076
20.0,0.81,16.0,0.007825590097531365
20.0,0.81,17.0,-0.00943123214392183
20.0,0.81,18.0,0.0008094751966476951
20.0,0.81,19.0,-0.006029502716639157
20.0,0.81,20.0,0.008711621812132364
20.0,0.81,21.0,2.3236156085348902e-07
20.0,1.01,0.0,0.06388982793624531
20.0,1.01,1.0,0.000522864433454201
20.0,1.01,2.0,0.009218876208886534
20.0,1.01,3.0,1.052435164669574e-06
20.0,1.01,4.0,0.0007654181985764508
20.0,1.01,5.0,-0.00485618181472991
20.0,1.01,6.0,-0.00412959871987334
20.0,1.01,7.0,-0.012054505435276586
20.0,1.01,8.0,1.6740180469376753e-05
20.0,1.01,9.0,-0.025844218082369724
20.0,1.01,10.0,-0.0020656505324737062
20.0,1.01,11.0,3.5408698917382964e-08
20.0,1.01,12.0,-0.0005679966312103682
20.0,1.01,13.0,0.015272920359383185
20.0,1.01,14.0,-1.0311825384922531e-06
20.0,1.01,15.0,0.00020156323101655493
20.0,1.01,16.0,0.00980827657428196
20.0,1.01,17.0,-0.011756089688001514
20.0,1.01,18.0,0.0011318379379552657
20.0,1.01,19.0,-0.007395232246162398
20.0,1.01,20.0,0.010880245425435142
20.0,1.01,21.0,2.3236156074246672e-07
20.0,1.2100000000000002,0.0,0.07643982667701354
20.0,1.2100000000000002,1.0,0.0006259109330353785
20.0,1.2100000000000002,2.0,0.011045737592992988
20.0,1.2100000000000002,3.0,1.05243516519693e-06
20.0,1.2100000000000002,4.0,0.000987335866179162
20.0,1.2100000000000002,5.0,-0.005913163082805928
20.0,1.2100000000000002,6.0,-0.004972356666123168
20.0,1.2100000000000002,7.0,-0.014534804163893966
20.0,1.2100000000000002,8.0,1.6740180497971935e-05
20.0,1.2100000000000002,9.0,-0.030959861441585024
20.0,1.2100000000000002,10.0,-0.0025534428540003318
20.0,1.2100000000000002,11.0,3.540869893126075e-08
20.0,1.2100000000000002,12.0,-0.0005679616223027397
20.0,1.2100000000000002,13.0,0.01829850477176942
20.0,1.2100000000000002,14.0,-1.0311831266485686e-06
20.0,1.2100000000000002,15.0,0.00024141893267115577
20.0,1.2100000000000002,16.0,0.011798036345393198
20.0,1.2100000000000002,17.0,-0.01421542195065395
20.0,1.2100000000000002,18.0,0.001454844712133481
20.0,1.2100000000000002,19.0,-0.0089034134648322
20.0,1.2100000000000002,20.0,0.013051109033352548
20.0,1.2100000000000002,21.0,2.3236156113104478e-07
20.0,1.4100000000000001,0.0,0.0891060584194997
20.0,1.4100000000000001,1.0,0.0007290570057466861
20.0,1.4100000000000001,2.0,0.012835995627931085
20.0,1.4100000000000001,3.0,1.0524351645585517e-06
20.0,1.4100000000000001,4.0,0.0008049805974079671
20.0,1.4100000000000001,5.0,-0.006993400926976756
20.0,1.4100000000000001,6.0,-0.005635942672902905
20.0,1.4100000000000001,7.0,-0.017083865596148995
20.0,1.4100000000000001,8.0,1.6740180463263588e-05
20.0,1.4100000000000001,9.0,-0.03601270988783084
20.0,1.4100000000000001,10.0,-0.0030109803565050997
20.0,1.4100000000000001,11.0,3.540869893126075e-08
20.0,1.4100000000000001,12.0,-0.0005679262765823802
20.0,1.4100000000000001,13.0,0.021281971737411115
20.0,1.4100000000000001,14.0,-1.031183432558023e-06
20.0,1.4100000000000001,15.0,0.00028092406314950136
20.0,1.4100000000000001,16.0,0.013744781090885588
20.0,1.4100000000000001,17.0,-0.016404362542120854
20.0,1.4100000000000001,18.0,0.0017721830466142785
20.0,1.4100000000000001,19.0,-0.010132484316264179
20.0,1.4100000000000001,20.0,0.015183408920056596
20.0,1.4100000000000001,21.0,2.3236156063144442e-07
20.0,1.61,0.0,0.10161332303738163
20.0,1.61,1.0,0.0008313465844852763
20.0,1.61,2.0,0.014630678423760257
20.0,1.61,3.0,1.0524351635454732e-06
20.0,1.61,4.0,0.0008368305427843836
20.0,1.61,5.0,-0.008051708284212034
20.0,1.61,6.0,-0.006388000494516322
20.0,1.61,7.0,-0.019573426665775828
20.0,1.61,8.0,1.674018041193659e-05
20.0,1.61,9.0,-0.04105831181953282
20.0,1.61,10.0,-0.0034817900624897202
20.0,1.61,11.0,3.5408698917382964e-08
20.0,1.61,12.0,-0.0005678911977616156
20.0,1.61,13.0,0.024263128496772646
20.0,1.61,14.0,-1.0311835924219143e-06
20.0,1.61,15.0,0.00032029790729359853
20.0,1.61,16.0,0.01569822450728217
20.0,1.61,17.0,-0.018720132578345372
20.0,1.61,18.0,0.002090064228044676
20.0,1.61,19.0,-0.011497564847826935
20.0,1.61,20.0,0.017317977179847066
20.0,1.61,21.0,2.3236155993755503e-07
20.0,1.81,0.0,0.11401717202391698
20.0,1.81,1.0,0.0009329607217541391
20.0,1.81,2.0,0.016421956026817952
20.0,1.81,3.0,1.0524351639201734e-06
20.0,1.81,4.0,0.0009504513057240205
20.0,1.81,5.0,-0.009099003903025482
20.0,1.81,6.0,-0.007171996524279467
20.0,1.81,7.0,-0.02203438202892083
20.0,1.81,8.0,1.674018043163611e-05
20.0,1.81,9.0,-0.04608475087636822
20.0,1.81,10.0,-0.003955415295254894
20.0,1.81,11.0,3.540869893126075e-08
20.0,1.81,12.0,-0.0005678560309166122
20.0,1.81,13.0,0.027234688463993628
20.0,1.81,14.0,-1.0311836764690676e-06
20.0,1.81,15.0,0.0003594944495064756
20.0,1.81,16.0,0.017648469002343598
20.0,1.81,17.0,-0.021075643992042314
20.0,1.81,18.0,0.0024070813541396258
20.0,1.81,19.0,-0.012911863634193887
20.0,1.81,20.0,0.019447514827336032
20.0,1.81,21.0,2.3236156021511079e-07
20.0,2.01,0.0,0.1263537443351085
20.0,2.01,1.0,0.0010340344483264208
20.0,2.01,2.0,0.01820445220175554
20.0,2.01,3.0,1.0524351641699736e-06
20.0,2.01,4.0,0.0010686390528780176
20.0,2.01,5.0,-0.010140716600550326
20.0,2.01,6.0,-0.007954477819710315
20.0,2.01,7.0,-0.024482150139993164
20.0,2.01,8.0,1.6740180444403674e-05
20.0,2.01,9.0,-0.05108535506225842
20.0,2.01,10.0,-0.004426690087515173
20.0,2.01,11.0,3.5408698917382964e-08
20.0,2.01,12.0,-0.000567820772398449
20.0,2.01,13.0,0.030191410863714296
20.0,2.01,14.0,-1.0311837206575224e-06
20.0,2.01,15.0,0.0003984916173052633
20.0,2.01,16.0,0.019589086624311552
20.0,2.01,17.0,-0.023421795455552064
20.0,2.01,18.0,0.002722488258220218
20.0,2.01,19.0,-0.014322684052943235
20.0,2.01,20.0,0.021566602194826034
20.0,2.01,21.0,2.3236156038164424e-07
20.0,2.21,0.0,0.13862473533345515
20.0,2.21,1.0,0.0011345749260483207
20.0,2.21,2.0,0.019978068026380524
20.0,2.21,3.0,1.0524351643226293e-06
20.0,2.21,4.0,0.0011891055236200598
20.0,2.21,5.0,-0.011177027929575534
20.0,2.21,6.0,-0.008734560981660366
20.0,2.21,7.0,-0.026917217009059635
20.0,2.21,8.0,1.6740180451058073e-05
20.0,2.21,9.0,-0.05606007566576511
20.0,2.21,10.0,-0.0048955013234393
20.0,2.21,11.0,3.5408698917382964e-08
20.0,2.21,12.0,-0.0005677853754591111
20.0,2.21,13.0,0.03313324834618861
20.0,2.21,14.0,-1.0311837439604138e-06
20.0,2.21,15.0,0.00043728994141908895
20.0,2.21,16.0,0.02151994177197858
20.0,2.21,17.0,-0.025757297466768858
20.0,2.21,18.0,0.0030362832166344264
20.0,2.21,19.0,-0.015728528668913888
20.0,2.21,20.0,0.023675135005624903
20.0,2.21,21.0,2.3236156049266654e-07
20.0,2.41,0.0,0.1508854007280669
20.0,2.41,1.0,0.0012347974245953686
20.0,2.41,2.0,0.021734133163756275
20.0,2.41,3.0,1.0524351645724295e-06
20.0,2.41,4.0,0.001204989479554941
20.0,2.41,5.0,-0.012213407057448111
20.0,2.41,6.0,-0.009463263681724288
20.0,2.41,7.0,-0.02935500219892745
20.0,2.41,8.0,1.6740180465414645e-05
20.0,2.41,9.0,-0.061000902975992755
20.0,2.41,10.0,-0.00535699891639152
20.0,2.41,11.0,3.540869893126075e-08
20.0,2.41,12.0,-0.0005677497895921658
20.0,2.41,13.0,0.0360511765904504
20.0,2.41,14.0,-1.0311837563002788e-06
20.0,2.41,15.0,0.00047583816828369874
20.0,2.41,16.0,0.023431573026743424
20.0,2.41,17.0,-0.02801830591007287
20.0,2.41,18.0,0.0033475301922280334
20.0,2.41,19.0,-0.017053890269199845
20.0,2.41,20.0,0.025763481992821302
20.0,2.41,21.0,2.3236156068695557e-07
20.0,2.61,0.0,0.163068102017977
20.0,2.61,1.0,0.0013344465711400133
20.0,2.61,2.0,0.023483406454959166
20.0,2.61,3.0,1.0524351647112073e-06
20.0,2.61,4.0,0.0012512648518010483
20.0,2.61,5.0,-0.013242633707811313
20.0,2.61,6.0,-0.010202061026954534
20.0,2.61,7.0,-0.031774996212342754
20.0,2.61,8.0,1.6740180472360477e-05
20.0,2.61,9.0,-0.06591917767905081
20.0,2.61,10.0,-0.005817958579254934
20.0,2.61,11.0,3.5408698917382964e-08
20.0,2.61,12.0,-0.0005677139325590953
20.0,2.61,13.0,0.03895631657513621
20.0,2.61,14.0,-1.0311837628448723e-06
20.0,2.61,15.0,0.0005141972360938607
20.0,2.61,16.0,0.025335929862998985
20.0,2.61,17.0,-0.030286859884168404
20.0,2.61,18.0,0.0036574272399582594
20.0,2.61,19.0,-0.01839355892804706
20.0,2.61,20.0,0.027843461255066593
20.0,2.61,21.0,2.323615607702223e-07
20.0,2.81,0.0,0.17515037007654283
20.0,2.81,1.0,0.0014334396130659122
20.0,2.81,2.0,0.025229935555149796
20.0,2.81,3.0,1.0524351648777408e-06
20.0,2.81,4.0,0.0013710262654724747
20.0,2.81,5.0,-0.014262800123554409
20.0,2.81,6.0,-0.010969786281561644
20.0,2.81,7.0,-0.034172037098387065
20.0,2.81,8.0,1.674018048111736e-05
20.0,2.81,9.0,-0.07081710620198296
20.0,2.81,10.0,-0.006279716008235181
20.0,2.81,11.0,3.5408698917382964e-08
20.0,2.81,12.0,-0.0005676777894054804
20.0,2.81,13.0,0.041853220947067116
20.0,2.81,14.0,-1.0311837663396318e-06
20.0,2.81,15.0,0.0005524033423230101
20.0,2.81,16.0,0.027237292674569757
20.0,2.81,17.0,-0.032586909363914285
20.0,2.81,18.0,0.003966501341897792
20.0,2.81,19.0,-0.019778430025546467
20.0,2.81,20.0,0.029919690207562688
20.0,2.81,21.0,2.323615608812446e-07
20.0,3.01,0.0,0.1871552259091373
20.0,3.01,1.0,0.0015318292637782616
20.0,3.01,2.0,0.026970110717402185
20.0,3.01,3.0,1.0524351645724295e-06
20.0,3.01,4.0,0.00152201045713507
20.0,3.01,5.0,-0.015277059039826568
20.0,3.01,6.0,-0.011748646681969233
20.0,3.01,7.0,-0.03655435319745942
20.0,3.01,8.0,1.6740180463707677e-05
20.0,3.01,9.0,-0.0756927074327859
20.0,3.01,10.0,-0.00674037878286915
20.0,3.01,11.0,3.5408698917382964e-08
20.0,3.01,12.0,-0.0005676412039491143
20.0,3.01,13.0,0.04473789030503114
20.0,3.01,14.0,-1.0311837681931836e-06
20.0,3.01,15.0,0.0005904222479674037
20.0,3.01,16.0,0.029131546969710542
20.0,3.01,17.0,-0.034893568646484296
20.0,3.01,18.0,0.004274082001913461
20.0,3.01,19.0,-0.021178898624346743
20.0,3.01,20.0,0.031988451426050724
20.0,3.01,21.0,2.323615606592e-07
20.0,3.21,0.0,0.1991232665947928
20.0,3.21,1.0,0.0016298323623593625
20.0,3.21,2.0,0.028697495575739917
20.0,3.21,3.0,1.0524351642948737e-06
20.0,3.21,4.0,0.0016247788350874925
20.0,3.21,5.0,-0.016287925041286233
20.0,3.21,6.0,-0.012502204218052981
20.0,3.21,7.0,-0.03892984289895196
20.0,3.21,8.0,1.6740180448455988e-05
20.0,3.21,9.0,-0.08053948615838863
20.0,3.21,10.0,-0.007196680060645055
20.0,3.21,11.0,3.5408698917382964e-08
20.0,3.21,12.0,-0.0005676042251530754
20.0,3.21,13.0,0.047603872101697364
20.0,3.21,14.0,-1.0311837691920949e-06
20.0,3.21,15.0,0.000628228246717405
20.0,3.21,16.0,0.03101187974263292
20.0,3.21,17.0,-0.037160800189604104
20.0,3.21,18.0,0.004579817082790927
20.0,3.21,19.0,-0.022538632319146157
20.0,3.21,20.0,0.034042036241557494
20.0,3.21,21.0,2.323615604371554e-07
20.0,3.41,0.0,0.21103816948621018
20.0,3.41,1.0,0.0017273836815231702
20.0,3.41,2.0,0.030414754112860876
20.0,3.41,3.0,1.0524351649748853e-06
20.0,3.41,4.0,0.0017092137745938762
20.0,3.41,5.0,-0.01729388980930463
20.0,3.41,6.0,-0.013242693210809453
20.0,3.41,7.0,-0.04129410684488727
20.0,3.41,8.0,1.6740180485981526e-05
20.0,3.41,9.0,-0.08535975855739669
20.0,3.41,10.0,-0.007650101263667275
20.0,3.41,11.0,3.540869893126075e-08
20.0,3.41,12.0,-0.0005675667698562268
20.0,3.41,13.0,0.050454039256662114
20.0,3.41,14.0,-1.0311837697450178e-06
20.0,3.41,15.0,0.0006658346012644589
20.0,3.41,16.0,0.03288119357468494
20.0,3.41,17.0,-0.039406071022967226
20.0,3.41,18.0,0.0048841093050906795
20.0,3.41,19.0,-0.023878672483398367
20.0,3.41,20.0,0.036083346280009976
20.0,3.41,21.0,2.3236156093675575e-07
20.0,3.61,0.0,0.22288941724636818
20.0,3.61,1.0,0.0018244164249515693
20.0,3.61,2.0,0.032123824260275824
20.0,3.61,3.0,1.0524351650026409e-06
20.0,3.61,4.0,0.001801720907152693
20.0,3.61,5.0,-0.018294607451489697
20.0,3.61,6.0,-0.013983921393094234
20.0,3.61,7.0,-0.043645823744640544
20.0,3.61,8.0,1.674018048791054e-05
20.0,3.61,9.0,-0.0901564417873217
20.0,3.61,10.0,-0.008101585942937473
20.0,3.61,11.0,3.5408698917382964e-08
20.0,3.61,12.0,-0.0005675286360456769
20.0,3.61,13.0,0.05329021194290165
20.0,3.61,14.0,-1.0311837700375538e-06
20.0,3.61,15.0,0.000703252862910092
20.0,3.61,16.0,0.03474153032337829
20.0,3.61,17.0,-0.04164498932755856
20.0,3.61,18.0,0.005186854265114137
20.0,3.61,19.0,-0.025217780948376345
20.0,3.61,20.0,0.03811498904130939
20.0,3.61,21.0,2.3236156096451133e-07
20.0,3.81,0.0,0.234679984365536
20.0,3.81,1.0,0.0019209535122756416
20.0,3.81,2.0,0.033824368110136116
20.0,3.81,3.0,1.0524351650165187e-06
20.0,3.81,4.0,0.0018959559095534928
20.0,3.81,5.0,-0.019290103528745328
20.0,3.81,6.0,-0.014722493331045639
20.0,3.81,7.0,-0.045985182617166
20.0,3.81,8.0,1.674018048834075e-05
20.0,3.81,9.0,-0.09492889760169965
20.0,3.81,10.0,-0.008550935273699767
20.0,3.81,11.0,3.540869893126075e-08
20.0,3.81,12.0,-0.0005674897606933218
20.0,3.81,13.0,0.05611217981592062
20.0,3.81,14.0,-1.031183770196659e-06
20.0,3.81,15.0,0.0007404833124765864
20.0,3.81,16.0,0.03659253446223992
20.0,3.81,17.0,-0.0438738976643977
20.0,3.81,18.0,0.00548817354481429
20.0,3.81,19.0,-0.026551538435508282
20.0,3.81,20.0,0.040136437840786465
20.0,3.81,21.0,2.323615609922669e-07
20.0,4.01,0.0,0.24641155130440578
20.0,4.01,1.0,0.00201700493134907
20.0,4.01,2.0,0.03551625713691403
20.0,4.01,3.0,1.0524351650026409e-06
20.0,4.01,4.0,0.001989739138258617
20.0,4.01,5.0,-0.020280492469494038
20.0,4.01,6.0,-0.015457422820601086
20.0,4.01,7.0,-0.0483125020200435
20.0,4.01,8.0,1.6740180487570533e-05
20.0,4.01,9.0,-0.09967718384704108
20.0,4.01,10.0,-0.008998099341274157
20.0,4.01,11.0,3.540869893126075e-08
20.0,4.01,12.0,-0.0005674500079635952
20.0,4.01,13.0,0.05891984210258874
20.0,4.01,14.0,-1.0311837702836599e-06
20.0,4.01,15.0,0.0007775264975699026
20.0,4.01,16.0,0.038434093772704514
20.0,4.01,17.0,-0.04609165067899207
20.0,4.01,18.0,0.005788107892362525
20.0,4.01,19.0,-0.027878400004070325
20.0,4.01,20.0,0.0421475551786043
20.0,4.01,21.0,2.3236156096451133e-07
21.0,0.01,0.0,9.279660140304458e-08
21.0,0.01,1.0,4.336304145480252e-07
21.0,0.01,2.0,2.81584290884318e-07
21.0,0.01,3.0,1.0568039106179095e-06
21.0,0.01,4.0,-0.00033043031184598615
21.0,0.01,5.0,-3.573925798073959e-10
21.0,0.01,6.0,0.0011311992850572827
21.0,0.01,7.0,-0.0014872745689976357
21.0,0.01,8.0,1.6745856085569055e-05
21.0,0.01,9.0,1.4270536091709474e-07
21.0,0.01,10.0,4.220730449311372e-06
21.0,0.01,11.0,3.6611294759736346e-08
21.0,0.01,12.0,9.596685917348524e-05
21.0,0.01,13.0,4.140137799257815e-08
21.0,0.01,14.0,-0.0025551646310760065
21.0,0.01,15.0,4.923791166316915e-07
21.0,0.01,16.0,0.00043409065357863375
21.0,0.01,17.0,-6.867691602731318e-05
21.0,0.01,18.0,-0.000284426426272244
21.0,0.01,19.0,-0.0007577487377257164
21.0,0.01,20.0,0.004250215347872177
21.0,0.01,21.0,1.474450707417141e-06
21.0,0.21000000000000002,0.0,9.279660140304458e-08
21.0,0.21000000000000002,1.0,4.336304145480252e-07
21.0,0.21000000000000002,2.0,2.81584290884318e-07
21.0,0.21000000000000002,3.0,1.0568039106179095e-06
21.0,0.21000000000000002,4.0,-0.00033043031184598615
21.0,0.21000000000000002,5.0,-3.573925798073959e-10
21.0,0.21000000000000002,6.0,0.0011311992850572827
21.0,0.21000000000000002,7.0,-0.0014872745689976357
21.0,0.21000000000000002,8.0,1.6745856085569055e-05
21.0,0.21000000000000002,9.0,1.4270536091709474e-07
21.0,0.21000000000000002,10.0,4.220730449311372e-06
21.0,0.21000000000000002,11.0,3.6611294759736346e-08
21.0,0.21000000000000002,12.0,9.596685917348524e-05
21.0,0.21000000000000002,13.0,4.140137799257815e-08
21.0,0.21000000000000002,14.0,-0.0025551646310760065
21.0,0.21000000000000002,15.0,4.923791166316915e-07
21.0,0.21000000000000002,16.0,0.00043409065357863375
21.0,0.21000000000000002,17.0,-6.867691602731318e-05
21.0,0.21000000000000002,18.0,-0.000284426426272244
21.0,0.21000000000000002,19.0,-0.0007577487377257164
21.0,0.21000000000000002,20.0,0.004250215347872177
21.0,0.21000000000000002,21.0,1.474450707417141e-06
21.0,0.41000000000000003,0.0,9.279660140304458e-08
21.0,0.41000000000000003,1.0,4.336304145480252e-07
21.0,0.41000000000000003,2.0,2.81584290884318e-07
21.0,0.41000000000000003,3.0,1.0568039106179095e-06
21.0,0.41000000000000003,4.0,-0.00033043031184598615
21.0,0.41000000000000003,5.0,-3.573925798073959e-10
21.0,0.41000000000000003,6.0,0.0011311992850572827
21.0,0.41000000000000003,7.0,-0.0014872745689976357
21.0,0.41000000000000003,8.0,1.6745856085569055e-05
21.0,0.41000000000000003,9.0,1.4270536091709474e-07
21.0,0.41000000000000003,10.0,4.220730449311372e-06
21.0,0.41000000000000003,11.0,3.6611294759736346e-08
21.0,0.41000000000000003,12.0,9.596685917348524e-05
21.0,0.41000000000000003,13.0,4.140137799257815e-08
21.0,0.41000000000000003,14.0,-0.0025551646310760065
21.0,0.41000000000000003,15.0,4.923791166316915e-07
21.0,0.41000000000000003,16.0,0.00043409065357863375
21.0,0.41000000000000003,17.0,-6.867691602731318e-05
21.0,0.41000000000000003,18.0,-0.000284426426272244
21.0,0.41000000000000003,19.0,-0.0007577487377257164
21.0,0.41000000000000003,20.0,0.004250215347872177
21.0,0.41000000000000003,21.0,1.474450707417141e-06
21.0,0.6100000000000001,0.0,9.279660140304458e-08
21.0,0.6100000000000001,1.0,4.336304145480252e-07
21.0,0.6100000000000001,2.0,2.81584290884318e-07
21.0,0.6100000000000001,3.0,1.0568039106179095e-06
21.0,0.6100000000000001,4.0,-0.00033043031184598615
21.0,0.6100000000000001,5.0,-3.573925798073959e-10
21.0,0.6100000000000001,6.0,0.0011311992850572827
21.0,0.6100000000000001,7.0,-0.0014872745689976357
21.0,0.6100000000000001,8.0,1.6745856085569055e-05
21.0,0.6100000000000001,9.0,1.4270536091709474e-07
21.0,0.6100000000000001,10.0,4.220730449311372e-06
21.0,0.6100000000000001,11.0,3.6611294759736346e-08
21.0,0.6100000000000001,12.0,9.596685917348524e-05
21.0,0.6100000000000001,13.0,4.140137799257815e-08
21.0,0.6100000000000001,14.0,-0.0025551646310760065
21.0,0.6100000000000001,15.0,4.923791166316915e-07
21.0,0.6100000000000001,16.0,0.00043409065357863375
21.0,0.6100000000000001,17.0,-6.867691602731318e-05
21.0,0.6100000000000001,18.0,-0.000284426426272244
21.0,0.6100000000000001,19.0,-0.0007577487377257164
21.0,0.6100000000000001,20.0,0.004250215347872177
21.0,0.6100000000000001,21.0,1.474450707417141e-06
21.0,0.81,0.0,9.279660140304458e-08
21.0,0.81,1.0,4.336304145480252e-07
21.0,0.81,2.0,2.81584290884318e-07
21.0,0.81,3.0,1.0568039106179095e-06
21.0,0.81,4.0,-0.00033043031184154525
21.0,0.81,5.0,-3.573925798073959e-10
21.0,0.81,6.0,0.0011311992850487895
21.0,0.81,7.0,-0.0014872745689976357
21.0,0.81,8.0,1.6745856085569055e-05
21.0,0.81,9.0,1.4270536091709474e-07
21.0,0.81,10.0,4.220730449172594e-06
21.0,0.81,11.0,3.6611294759736346e-08
21.0,0.81,12.0,9.596685917304115e-05
21.0,0.81,13.0,4.140137799257815e-08
21.0,0.81,14.0,-0.002555164631076005
21.0,0.81,15.0,4.923791166316915e-07
21.0,0.81,16.0,0.0004340906535754141
21.0,0.81,17.0,-6.867691602760462e-05
21.0,0.81,18.0,-0.00028442642626402836
21.0,0.81,19.0,-0.0007577487377249392
21.0,0.81,20.0,0.004250215347872066
21.0,0.81,21.0,1.474450707417141e-06
21.0,1.01,0.0,9.279660140304458e-08
21.0,1.01,1.0,4.336304145480252e-07
21.0,1.01,2.0,2.81584290884318e-07
21.0,1.01,3.0,1.0568039106179095e-06
21.0,1.01,4.0,-0.00033043031184154525
21.0,1.01,5.0,-3.573925798073959e-10
21.0,1.01,6.0,0.0011311992850487895
21.0,1.01,7.0,-0.0014872745689976357
21.0,1.01,8.0,1.6745856085569055e-05
21.0,1.01,9.0,1.4270536091709474e-07
21.0,1.01,10.0,4.220730449172594e-06
21.0,1.01,11.0,3.6611294759736346e-08
21.0,1.01,12.0,9.596685917304115e-05
21.0,1.01,13.0,4.140137799257815e-08
21.0,1.01,14.0,-0.002555164631076005
21.0,1.01,15.0,4.923791166316915e-07
21.0,1.01,16.0,0.0004340906535754141
21.0,1.01,17.0,-6.867691602760462e-05
21.0,1.01,18.0,-0.00028442642626402836
21.0,1.01,19.0,-0.0007577487377249392
21.0,1.01,20.0,0.004250215347872066
21.0,1.01,21.0,1.474450707417141e-06
21.0,1.2100000000000002,0.0,9.279660140304458e-08
21.0,1.2100000000000002,1.0,4.336304145480252e-07
21.0,1.2100000000000002,2.0,2.81584290884318e-07
21.0,1.2100000000000002,3.0,1.0568039106179095e-06
21.0,1.2100000000000002,4.0,-0.00033043031184154525
21.0,1.2100000000000002,5.0,-3.573925798073959e-10
21.0,1.2100000000000002,6.0,0.0011311992850487895
21.0,1.2100000000000002,7.0,-0.0014872745689976357
21.0,1.2100000000000002,8.0,1.6745856085569055e-05
21.0,1.2100000000000002,9.0,1.4270536091709474e-07
21.0,1.2100000000000002,10.0,4.220730449172594e-06
21.0,1.2100000000000002,11.0,3.6611294759736346e-08
21.0,1.2100000000000002,12.0,9.596685917304115e-05
21.0,1.2100000000000002,13.0,4.140137799257815e-08
21.0,1.2100000000000002,14.0,-0.002555164631076005
21.0,1.2100000000000002,15.0,4.923791166316915e-07
21.0,1.2100000000000002,16.0,0.0004340906535754141
21.0,1.2100000000000002,17.0,-6.867691602760462e-05
21.0,1.2100000000000002,18.0,-0.00028442642626402836
21.0,1.2100000000000002,19.0,-0.0007577487377249392
21.0,1.2100000000000002,20.0,0.004250215347872066
21.0,1.2100000000000002,21.0,1.474450707417141e-06
21.0,1.4100000000000001,0.0,9.279660140304458e-08
21.0,1.4100000000000001,1.0,4.336304145480252e-07
21.0,1.4100000000000001,2.0,2.81584290884318e-07
21.0,1.4100000000000001,3.0,1.0568039106179095e-06
21.0,1.4100000000000001,4.0,-0.00033043031184154525
21.0,1.4100000000000001,5.0,-3.573925798073959e-10
21.0,1.4100000000000001,6.0,0.0011311992850487895
21.0,1.4100000000000001,7.0,-0.0014872745689976357
21.0,1.4100000000000001,8.0,1.6745856085569055e-05
21.0,1.4100000000000001,9.0,1.4270536091709474e-07
21.0,1.4100000000000001,10.0,4.220730449172594e-06
21.0,1.4100000000000001,11.0,3.6611294759736346e-08
21.0,1.4100000000000001,12.0,9.596685917304115e-05
21.0,1.4100000000000001,13.0,4.140137799257815e-08
21.0,1.4100000000000001,14.0,-0.002555164631076005
21.0,1.4100000000000001,15.0,4.923791166316915e-07
21.0,1.4100000000000001,16.0,0.0004340906535754141
21.0,1.4100000000000001,17.0,-6.867691602760462e-05
21.0,1.4100000000000001,18.0,-0.00028442642626402836
21.0,1.4100000000000001,19.0,-0.0007577487377249392
21.0,1.4100000000000001,20.0,0.004250215347872066
21.0,1.4100000000000001,21.0,1.474450707417141e-06
21.0,1.61,0.0,9.279660140304458e-08
21.0,1.61,1.0,4.336304145480252e-07
21.0,1.61,2.0,2.81584290884318e-07
21.0,1.61,3.0,1.0568039106179095e-06
21.0,1.61,4.0,-0.00033043031184443183
21.0,1.61,5.0,-3.573925798073959e-10
21.0,1.61,6.0,0.0011311992850541741
21.0,1.61,7.0,-0.0014872745689976357
21.0,1.61,8.0,1.6745856085569055e-05
21.0,1.61,9.0,1.4270536091709474e-07
21.0,1.61,10.0,4.220730449228105e-06
21.0,1.61,11.0,3.6611294759736346e-08
21.0,1.61,12.0,9.596685917331871e-05
21.0,1.61,13.0,4.140137799257815e-08
21.0,1.61,14.0,-0.002555164631076006
21.0,1.61,15.0,4.923791166316915e-07
21.0,1.61,16.0,0.000434090653577468
21.0,1.61,17.0,-6.86769160274242e-05
21.0,1.61,18.0,-0.00028442642626902437
21.0,1.61,19.0,-0.0007577487377252723
21.0,1.61,20.0,0.004250215347872177
21.0,1.61,21.0,1.474450707417141e-06
21.0,1.81,0.0,9.279660140304458e-08
21.0,1.81,1.0,4.336304145480252e-07
21.0,1.81,2.0,2.81584290884318e-07
21.0,1.81,3.0,1.0568039106179095e-06
21.0,1.81,4.0,-0.00033043031184443183
21.0,1.81,5.0,-3.573925798073959e-10
21.0,1.81,6.0,0.0011311992850541741
21.0,1.81,7.0,-0.0014872745689976357
21.0,1.81,8.0,1.6745856085569055e-05
21.0,1.81,9.0,1.4270536091709474e-07
21.0,1.81,10.0,4.220730449228105e-06
21.0,1.81,11.0,3.6611294759736346e-08
21.0,1.81,12.0,9.596685917331871e-05
21.0,1.81,13.0,4.140137799257815e-08
21.0,1.81,14.0,-0.002555164631076006
21.0,1.81,15.0,4.923791166316915e-07
21.0,1.81,16.0,0.000434090653577468
21.0,1.81,17.0,-6.86769160274242e-05
21.0,1.81,18.0,-0.00028442642626902437
21.0,1.81,19.0,-0.0007577487377252723
21.0,1.81,20.0,0.004250215347872177
21.0,1.81,21.0,1.474450707417141e-06
21.0,2.01,0.0,9.279660140304458e-08
21.0,2.01,1.0,4.336304145480252e-07
21.0,2.01,2.0,2.81584290884318e-07
21.0,2.01,3.0,1.0568039106179095e-06
21.0,2.01,4.0,-0.00033043031184443183
21.0,2.01,5.0,-3.573925798073959e-10
21.0,2.01,6.0,0.0011311992850541741
21.0,2.01,7.0,-0.0014872745689976357
21.0,2.01,8.0,1.6745856085569055e-05
21.0,2.01,9.0,1.4270536091709474e-07
21.0,2.01,10.0,4.220730449228105e-06
21.0,2.01,11.0,3.6611294759736346e-08
21.0,2.01,12.0,9.596685917331871e-05
21.0,2.01,13.0,4.140137799257815e-08
21.0,2.01,14.0,-0.002555164631076006
21.0,2.01,15.0,4.923791166316915e-07
21.0,2.01,16.0,0.000434090653577468
21.0,2.01,17.0,-6.86769160274242e-05
21.0,2.01,18.0,-0.00028442642626902437
21.0,2.01,19.0,-0.0007577487377252723
21.0,2.01,20.0,0.004250215347872177
21.0,2.01,21.0,1.474450707417141e-06
21.0,2.21,0.0,9.279660140304458e-08
21.0,2.21,1.0,4.336304145480252e-07
21.0,2.21,2.0,2.81584290884318e-07
21.0,2.21,3.0,1.0568039106179095e-06
21.0,2.21,4.0,-0.00033043031184443183
21.0,2.21,5.0,-3.573925798073959e-10
21.0,2.21,6.0,0.0011311992850541741
21.0,2.21,7.0,-0.0014872745689976357
21.0,2.21,8.0,1.6745856085569055e-05
21.0,2.21,9.0,1.4270536091709474e-07
21.0,2.21,10.0,4.220730449228105e-06
21.0,2.21,11.0,3.6611294759736346e-08
21.0,2.21,12.0,9.596685917331871e-05
21.0,2.21,13.0,4.140137799257815e-08
21.0,2.21,14.0,-0.002555164631076006
21.0,2.21,15.0,4.923791166316915e-07
21.0,2.21,16.0,0.000434090653577468
21.0,2.21,17.0,-6.86769160274242e-05
21.0,2.21,18.0,-0.00028442642626902437
21.0,2.21,19.0,-0.0007577487377252723
21.0,2.21,20.0,0.004250215347872177
21.0,2.21,21.0,1.474450707417141e-06
21.0,2.41,0.0,9.279660140304458e-08
21.0,2.41,1.0,4.336304145480252e-07
21.0,2.41,2.0,2.81584290884318e-07
21.0,2.41,3.0,1.0568039106179095e-06
21.0,2.41,4.0,-0.00033043031184443183
21.0,2.41,5.0,-3.573925798073959e-10
21.0,2.41,6.0,0.0011311992850541741
21.0,2.41,7.0,-0.0014872745689976357
21.0,2.41,8.0,1.6745856085569055e-05
21.0,2.41,9.0,1.4270536091709474e-07
21.0,2.41,10.0,4.220730449228105e-06
21.0,2.41,11.0,3.6611294759736346e-08
21.0,2.41,12.0,9.596685917331871e-05
21.0,2.41,13.0,4.140137799257815e-08
21.0,2.41,14.0,-0.002555164631076006
21.0,2.41,15.0,4.923791166316915e-07
21.0,2.41,16.0,0.000434090653577468
21.0,2.41,17.0,-6.86769160274242e-05
21.0,2.41,18.0,-0.00028442642626902437
21.0,2.41,19.0,-0.0007577487377252723
21.0,2.41,20.0,0.004250215347872177
21.0,2.41,21.0,1.474450707417141e-06
21.0,2.61,0.0,9.279660140304458e-08
21.0,2.61,1.0,4.336304145480252e-07
21.0,2.61,2.0,2.81584290884318e-07
21.0,2.61,3.0,1.0568039106179095e-06
21.0,2.61,4.0,-0.00033043031184443183
21.0,2.61,5.0,-3.573925798073959e-10
21.0,2.61,6.0,0.0011311992850541741
21.0,2.61,7.0,-0.0014872745689976357
21.0,2.61,8.0,1.6745856085569055e-05
21.0,2.61,9.0,1.4270536091709474e-07
21.0,2.61,10.0,4.220730449228105e-06
21.0,2.61,11.0,3.6611294759736346e-08
21.0,2.61,12.0,9.596685917331871e-05
21.0,2.61,13.0,4.140137799257815e-08
21.0,2.61,14.0,-0.002555164631076006
21.0,2.61,15.0,4.923791166316915e-07
21.0,2.61,16.0,0.000434090653577468
21.0,2.61,17.0,-6.86769160274242e-05
21.0,2.61,18.0,-0.00028442642626902437
21.0,2.61,19.0,-0.0007577487377252723
21.0,2.61,20.0,0.004250215347872177
21.0,2.61,21.0,1.474450707417141e-06
21.0,2.81,0.0,9.279660140304458e-08
21.0,2.81,1.0,4.336304145480252e-07
21.0,2.81,2.0,2.81584290884318e-07
21.0,2.81,3.0,1.0568039106179095e-06
21.0,2.81,4.0,-0.00033043031184443183
21.0,2.81,5.0,-3.573925798073959e-10
21.0,2.81,6.0,0.0011311992850541741
21.0,2.81,7.0,-0.0014872745689976357
21.0,2.81,8.0,1.6745856085569055e-05
21.0,2.81,9.0,1.4270536091709474e-07
21.0,2.81,10.0,4.220730449228105e-06
21.0,2.81,11.0,3.6611294759736346e-08
21.0,2.81,12.0,9.596685917331871e-05
21.0,2.81,13.0,4.140137799257815e-08
21.0,2.81,14.0,-0.002555164631076006
21.0,2.81,15.0,4.923791166316915e-07
21.0,2.81,16.0,0.000434090653577468
21.0,2.81,17.0,-6.86769160274242e-05
21.0,2.81,18.0,-0.00028442642626902437
21.0,2.81,19.0,-0.0007577487377252723
21.0,2.81,20.0,0.004250215347872177
21.0,2.81,21.0,1.474450707417141e-06
21.0,3.01,0.0,9.279660140304458e-08
21.0,3.01,1.0,4.336304145480252e-07
21.0,3.01,2.0,2.81584290884318e-07
21.0,3.01,3.0,1.0568039106179095e-06
21.0,3.01,4.0,-0.0003304303118457641
21.0,3.01,5.0,-3.573925798073959e-10
21.0,3.01,6.0,0.0011311992850567831
21.0,3.01,7.0,-0.0014872745689976357
21.0,3.01,8.0,1.6745856085569055e-05
21.0,3.01,9.0,1.4270536091709474e-07
21.0,3.01,10.0,4.220730449283616e-06
21.0,3.01,11.0,3.6611294759736346e-08
21.0,3.01,12.0,9.596685917348524e-05
21.0,3.01,13.0,4.140137799257815e-08
21.0,3.01,14.0,-0.0025551646310760056
21.0,3.01,15.0,4.923791166316915e-07
21.0,3.01,16.0,0.0004340906535785227
21.0,3.01,17.0,-6.867691602732706e-05
21.0,3.01,18.0,-0.0002844264262717999
21.0,3.01,19.0,-0.0007577487377257164
21.0,3.01,20.0,0.004250215347872177
21.0,3.01,21.0,1.474450707417141e-06
21.0,3.21,0.0,9.279660140304458e-08
21.0,3.21,1.0,4.336304145480252e-07
21.0,3.21,2.0,2.81584290884318e-07
21.0,3.21,3.0,1.0568039106179095e-06
21.0,3.21,4.0,-0.0003304303118457641
21.0,3.21,5.0,-3.573925798073959e-10
21.0,3.21,6.0,0.0011311992850567831
21.0,3.21,7.0,-0.0014872745689976357
21.0,3.21,8.0,1.6745856085569055e-05
21.0,3.21,9.0,1.4270536091709474e-07
21.0,3.21,10.0,4.220730449283616e-06
21.0,3.21,11.0,3.6611294759736346e-08
21.0,3.21,12.0,9.596685917348524e-05
21.0,3.21,13.0,4.140137799257815e-08
21.0,3.21,14.0,-0.0025551646310760056
21.0,3.21,15.0,4.923791166316915e-07
21.0,3.21,16.0,0.0004340906535785227
21.0,3.21,17.0,-6.867691602732706e-05
21.0,3.21,18.0,-0.0002844264262717999
21.0,3.21,19.0,-0.0007577487377257164
21.0,3.21,20.0,0.004250215347872177
21.0,3.21,21.0,1.474450707417141e-06
21.0,3.41,0.0,9.279660140304458e-08
21.0,3.41,1.0,4.336304145480252e-07
21.0,3.41,2.0,2.81584290884318e-07
21.0,3.41,3.0,1.0568039106179095e-06
21.0,3.41,4.0,-0.00033043031184398775
21.0,3.41,5.0,-3.573925798073959e-10
21.0,3.41,6.0,0.0011311992850535635
21.0,3.41,7.0,-0.0014872745689976357
21.0,3.41,8.0,1.6745856085569055e-05
21.0,3.41,9.0,1.4270536091709474e-07
21.0,3.41,10.0,4.220730449255861e-06
21.0,3.41,11.0,3.6611294759736346e-08
21.0,3.41,12.0,9.596685917331871e-05
21.0,3.41,13.0,4.140137799257815e-08
21.0,3.41,14.0,-0.002555164631076006
21.0,3.41,15.0,4.923791166316915e-07
21.0,3.41,16.0,0.00043409065357719046
21.0,3.41,17.0,-6.867691602741033e-05
21.0,3.41,18.0,-0.00028442642626846926
21.0,3.41,19.0,-0.0007577487377253833
21.0,3.41,20.0,0.004250215347872177
21.0,3.41,21.0,1.474450707417141e-06
21.0,3.61,0.0,9.279660140304458e-08
21.0,3.61,1.0,4.336304145480252e-07
21.0,3.61,2.0,2.81584290884318e-07
21.0,3.61,3.0,1.0568039106179095e-06
21.0,3.61,4.0,-0.00033043031184398775
21.0,3.61,5.0,-3.573925798073959e-10
21.0,3.61,6.0,0.0011311992850535635
21.0,3.61,7.0,-0.0014872745689976357
21.0,3.61,8.0,1.6745856085569055e-05
21.0,3.61,9.0,1.4270536091709474e-07
21.0,3.61,10.0,4.220730449255861e-06
21.0,3.61,11.0,3.6611294759736346e-08
21.0,3.61,12.0,9.596685917331871e-05
21.0,3.61,13.0,4.140137799257815e-08
21.0,3.61,14.0,-0.002555164631076006
21.0,3.61,15.0,4.923791166316915e-07
21.0,3.61,16.0,0.00043409065357719046
21.0,3.61,17.0,-6.867691602741033e-05
21.0,3.61,18.0,-0.00028442642626846926
21.0,3.61,19.0,-0.0007577487377253833
21.0,3.61,20.0,0.004250215347872177
21.0,3.61,21.0,1.474450707417141e-06
21.0,3.81,0.0,9.279660140304458e-08
21.0,3.81,1.0,4.336304145480252e-07
21.0,3.81,2.0,2.81584290884318e-07
21.0,3.81,3.0,1.0568039106179095e-06
21.0,3.81,4.0,-0.00033043031184398775
21.0,3.81,5.0,-3.573925798073959e-10
21.0,3.81,6.0,0.0011311992850535635
21.0,3.81,7.0,-0.0014872745689976357
21.0,3.81,8.0,1.6745856085569055e-05
21.0,3.81,9.0,1.4270536091709474e-07
21.0,3.81,10.0,4.220730449255861e-06
21.0,3.81,11.0,3.6611294759736346e-08
21.0,3.81,12.0,9.596685917331871e-05
21.0,3.81,13.0,4.140137799257815e-08
21.0,3.81,14.0,-0.002555164631076006
21.0,3.81,15.0,4.923791166316915e-07
21.0,3.81,16.0,0.00043409065357719046
21.0,3.81,17.0,-6.867691602741033e-05
21.0,3.81,18.0,-0.00028442642626846926
21.0,3.81,19.0,-0.0007577487377253833
21.0,3.81,20.0,0.004250215347872177
21.0,3.81,21.0,1.474450707417141e-06
21.0,4.01,0.0,9.279660140304458e-08
21.0,4.01,1.0,4.336304145480252e-07
21.0,4.01,2.0,2.81584290884318e-07
21.0,4.01,3.0,1.0568039106179095e-06
21.0,4.01,4.0,-0.00033043031184354366
21.0,4.01,5.0,-3.573925798073959e-10
21.0,4.01,6.0,0.0011311992850523978
21.0,4.01,7.0,-0.0014872745689976357
21.0,4.01,8.0,1.6745856085569055e-05
21.0,4.01,9.0,1.4270536091709474e-07
21.0,4.01,10.0,4.2207304492003495e-06
21.0,4.01,11.0,3.6611294759736346e-08
21.0,4.01,12.0,9.596685917323544e-05
21.0,4.01,13.0,4.140137799257815e-08
21.0,4.01,14.0,-0.002555164631076005
21.0,4.01,15.0,4.923791166316915e-07
21.0,4.01,16.0,0.00043409065357674637
21.0,4.01,17.0,-6.867691602747972e-05
21.0,4.01,18.0,-0.000284426426267248
21.0,4.01,19.0,-0.0007577487377251613
21.0,4.01,20.0,0.004250215347871955
21.0,4.01,21.0,1.474450707417141e-06
22.0,0.01,0.0,7.128751170715208e-05
22.0,0.01,1.0,-9.03752705011529e-06
22.0,0.01,2.0,4.830419076068404e-05
22.0,0.01,3.0,1.0544063771128487e-06
22.0,0.01,4.0,-0.0005106646000639925
22.0,0.01,5.0,-4.597227838226692e-05
22.0,0.01,6.0,0.00012085691671992471
22.0,0.01,7.0,-7.101251007984866e-05
22.0,0.01,8.0,1.674299962842185e-05
22.0,0.01,9.0,-7.326052303269215e-05
22.0,0.01,10.0,3.0451686760135654e-05
22.0,0.01,11.0,3.595652300902863e-08
22.0,0.01,12.0,3.2658263958415534e-05
22.0,0.01,13.0,0.00013281953955551762
22.0,0.01,14.0,-2.334202564556465e-06
22.0,0.01,15.0,1.0375932115697095e-05
22.0,0.01,16.0,0.00026550017440152285
22.0,0.01,17.0,2.2764527074503604e-07
22.0,0.01,18.0,0.00015659113764865396
22.0,0.01,19.0,-8.879869996064604e-05
22.0,0.01,20.0,0.0005048763163867376
22.0,0.01,21.0,4.619841976999384e-06
22.0,0.21000000000000002,0.0,0.004813756534973512
22.0,0.21000000000000002,1.0,0.00016411648557623781
22.0,0.21000000000000002,2.0,0.0004633720182694867
22.0,0.21000000000000002,3.0,1.0544063776263268e-06
22.0,0.21000000000000002,4.0,-0.0011038742798442636
22.0,0.21000000000000002,5.0,-0.000542997015040847
22.0,0.21000000000000002,6.0,0.00037977539403505345
22.0,0.21000000000000002,7.0,-0.00079333189076225
22.0,0.21000000000000002,8.0,1.6742999646206236e-05
22.0,0.21000000000000002,9.0,-0.0006621183122237639
22.0,0.21000000000000002,10.0,0.00010696116690006585
22.0,0.21000000000000002,11.0,3.595652302290642e-08
22.0,0.21000000000000002,12.0,-0.00011327435632439709
22.0,0.21000000000000002,13.0,0.0013737642880010947
22.0,0.21000000000000002,14.0,-2.334201580451781e-06
22.0,0.21000000000000002,15.0,7.671832050323846e-05
22.0,0.21000000000000002,16.0,0.0015162813040429102
22.0,0.21000000000000002,17.0,-0.001091317246625173
22.0,0.21000000000000002,18.0,0.0006390630459940927
22.0,0.21000000000000002,19.0,-0.000321498319108382
22.0,0.21000000000000002,20.0,0.003172041421875771
22.0,0.21000000000000002,21.0,4.619841981939876e-06
22.0,0.41000000000000003,0.0,0.010010853204176384
22.0,0.41000000000000003,1.0,0.0003970087510521414
22.0,0.41000000000000003,2.0,0.0008093877977342068
22.0,0.41000000000000003,3.0,1.054406378070416e-06
22.0,0.41000000000000003,4.0,-0.00041730321851285446
22.0,0.41000000000000003,5.0,-0.0009956540142454506
22.0,0.41000000000000003,6.0,0.0003675620024812809
22.0,0.41000000000000003,7.0,-0.001433397789371238
22.0,0.41000000000000003,8.0,1.6742999671880143e-05
22.0,0.41000000000000003,9.0,-0.001137658683845022
22.0,0.41000000000000003,10.0,0.00011113264629175612
22.0,0.41000000000000003,11.0,3.595652302290642e-08
22.0,0.41000000000000003,12.0,-0.0003559160063119349
22.0,0.41000000000000003,13.0,0.0024386752693232594
22.0,0.41000000000000003,14.0,-2.3341998515261714e-06
22.0,0.41000000000000003,15.0,0.00013088120041079843
22.0,0.41000000000000003,16.0,0.0022283943726896793
22.0,0.41000000000000003,17.0,-0.002336819649363747
22.0,0.41000000000000003,18.0,0.0007941129981641204
22.0,0.41000000000000003,19.0,-0.0003221019526875035
22.0,0.41000000000000003,20.0,0.0047499098654461
22.0,0.41000000000000003,21.0,4.619841989017548e-06
22.0,0.6100000000000001,0.0,0.015196346182901999
22.0,0.6100000000000001,1.0,0.000633299986878666
22.0,0.6100000000000001,2.0,0.0011489103039612758
22.0,0.6100000000000001,3.0,1.0544063774597934e-06
22.0,0.6100000000000001,4.0,0.000359642188055842
22.0,0.6100000000000001,5.0,-0.001442382951669402
22.0,0.6100000000000001,6.0,0.00033091858462463986
22.0,0.6100000000000001,7.0,-0.0020641510265087537
22.0,0.6100000000000001,8.0,1.674299964272291e-05
22.0,0.6100000000000001,9.0,-0.0016033638561158692
22.0,0.6100000000000001,10.0,0.00010849102474980166
22.0,0.6100000000000001,11.0,3.595652300902863e-08
22.0,0.6100000000000001,12.0,-0.0006037525664490673
22.0,0.6100000000000001,13.0,0.0034870978797547914
22.0,0.6100000000000001,14.0,-2.334197941497931e-06
22.0,0.6100000000000001,15.0,0.00018370359700381478
22.0,0.6100000000000001,16.0,0.002897492811485214
22.0,0.6100000000000001,17.0,-0.0035927952003580454
22.0,0.6100000000000001,18.0,0.0009199751041030491
22.0,0.6100000000000001,19.0,-0.000297196963265578
22.0,0.6100000000000001,20.0,0.0062335214849412734
22.0,0.6100000000000001,21.0,4.619841980968431e-06
22.0,0.81,0.0,0.020210330181046454
22.0,0.81,1.0,0.0008491890932143531
22.0,0.81,2.0,0.0015063501572862292
22.0,0.81,3.0,1.0544063759887479e-06
22.0,0.81,4.0,0.000739981944649748
22.0,0.81,5.0,-0.0018992581453111945
22.0,0.81,6.0,0.00038122217397057456
22.0,0.81,7.0,-0.0027148572288837602
22.0,0.81,8.0,1.6742999568233885e-05
22.0,0.81,9.0,-0.0020991815712723128
22.0,0.81,10.0,0.00012883928102125353
22.0,0.81,11.0,3.595652299515084e-08
22.0,0.81,12.0,-0.0008199033401619926
22.0,0.81,13.0,0.004578847979385403
22.0,0.81,14.0,-2.3341959376142005e-06
22.0,0.81,15.0,0.0002399024313674003
22.0,0.81,16.0,0.0037251002429766755
22.0,0.81,17.0,-0.004786356762219668
22.0,0.81,18.0,0.0011487862466533771
22.0,0.81,19.0,-0.0003493692118534675
22.0,0.81,20.0,0.008042504747587609
22.0,0.81,21.0,4.6198419604015495e-06
22.0,1.01,0.0,0.02519233396897136
22.0,1.01,1.0,0.0010638493708350905
22.0,1.01,2.0,0.0018609703157053958
22.0,1.01,3.0,1.0544063746981136e-06
22.0,1.01,4.0,0.0011259041521215485
22.0,1.01,5.0,-0.0023525152568711627
22.0,1.01,6.0,0.00042870093535907206
22.0,1.01,7.0,-0.003360363224036378
22.0,1.01,8.0,1.6742999503355227e-05
22.0,1.01,9.0,-0.002590850933267941
22.0,1.01,10.0,0.00014873817216176644
22.0,1.01,11.0,3.595652300902863e-08
22.0,1.01,12.0,-0.001035627487319668
22.0,1.01,13.0,0.005662098279326122
22.0,1.01,14.0,-2.3341938588052416e-06
22.0,1.01,15.0,0.0002956679893598435
22.0,1.01,16.0,0.004543921621999125
22.0,1.01,17.0,-0.005973697216262119
22.0,1.01,18.0,0.0013725710548234404
22.0,1.01,19.0,-0.0003999358357173466
22.0,1.01,20.0,0.009834062280511535
22.0,1.01,21.0,4.619841942499203e-06
22.0,1.2100000000000002,0.0,0.03014053830080965
22.0,1.2100000000000002,1.0,0.0012769283441529944
22.0,1.2100000000000002,2.0,0.0022134917492909467
22.0,1.2100000000000002,3.0,1.054406373754424e-06
22.0,1.2100000000000002,4.0,0.0015052758571951763
22.0,1.2100000000000002,5.0,-0.0028029553679131403
22.0,1.2100000000000002,6.0,0.0004767497769337936
22.0,1.2100000000000002,7.0,-0.0040019180066580284
22.0,1.2100000000000002,8.0,1.6742999456073604e-05
22.0,1.2100000000000002,9.0,-0.0030796666607991185
22.0,1.2100000000000002,10.0,0.00016874190077470486
22.0,1.2100000000000002,11.0,3.595652299515084e-08
22.0,1.2100000000000002,12.0,-0.0012496520245875997
22.0,1.2100000000000002,13.0,0.006738828908140315
22.0,1.2100000000000002,14.0,-2.3341916748869258e-06
22.0,1.2100000000000002,15.0,0.0003511076777917288
22.0,1.2100000000000002,16.0,0.005359099369576625
22.0,1.2100000000000002,17.0,-0.007152809929648896
22.0,1.2100000000000002,18.0,0.0015959576557320054
22.0,1.2100000000000002,19.0,-0.0004509495308868683
22.0,1.2100000000000002,20.0,0.011617329370819385
22.0,1.2100000000000002,21.0,4.619841929454083e-06
22.0,1.4100000000000001,0.0,0.03505601601798658
22.0,1.4100000000000001,1.0,0.0014885377842378533
22.0,1.4100000000000001,2.0,0.002563833013480926
22.0,1.4100000000000001,3.0,1.0544063731299236e-06
22.0,1.4100000000000001,4.0,0.0018801670796728676
22.0,1.4100000000000001,5.0,-0.0032505436158982437
22.0,1.4100000000000001,6.0,0.0005249351732707908
22.0,1.4100000000000001,7.0,-0.004639442002361827
22.0,1.4100000000000001,8.0,1.6742999425466143e-05
22.0,1.4100000000000001,9.0,-0.0035654883847650864
22.0,1.4100000000000001,10.0,0.00018873367573840616
22.0,1.4100000000000001,11.0,3.5956522981273054e-08
22.0,1.4100000000000001,12.0,-0.001462144332510379
22.0,1.4100000000000001,13.0,0.0078088472273544485
22.0,1.4100000000000001,14.0,-2.334189382217304e-06
22.0,1.4100000000000001,15.0,0.0004062063255667048
22.0,1.4100000000000001,16.0,0.006169842449888274
22.0,1.4100000000000001,17.0,-0.008324041814961769
22.0,1.4100000000000001,18.0,0.0018184371941272759
22.0,1.4100000000000001,19.0,-0.0005020357517965812
22.0,1.4100000000000001,20.0,0.013390705767495126
22.0,1.4100000000000001,21.0,4.619841920988632e-06
22.0,1.61,0.0,0.03994157310418678
22.0,1.61,1.0,0.0016991144445691053
22.0,1.61,2.0,0.0029113217508896783
22.0,1.61,3.0,1.0544063726719566e-06
22.0,1.61,4.0,0.0022656412232701095
22.0,1.61,5.0,-0.0036945115809751405
22.0,1.61,6.0,0.0005690779468643381
22.0,1.61,7.0,-0.005271802086072752
22.0,1.61,8.0,1.6742999402630243e-05
22.0,1.61,9.0,-0.004047174857054692
22.0,1.61,10.0,0.00020808383988862866
22.0,1.61,11.0,3.5956522981273054e-08
22.0,1.61,12.0,-0.0016747232523060124
22.0,1.61,13.0,0.008870335613619523
22.0,1.61,14.0,-2.3341870144310226e-06
22.0,1.61,15.0,0.00046085451880498174
22.0,1.61,16.0,0.006970375686819852
22.0,1.61,17.0,-0.009490271247309251
22.0,1.61,18.0,0.0020343596621077153
22.0,1.61,19.0,-0.0005506990177643334
22.0,1.61,20.0,0.015144706534861108
22.0,1.61,21.0,4.619841914715872e-06
22.0,1.81,0.0,0.04479306066626554
22.0,1.81,1.0,0.0019078919070108502
22.0,1.81,2.0,0.0032573270004262744
22.0,1.81,3.0,1.0544063725886899e-06
22.0,1.81,4.0,0.0026329338347697018
22.0,1.81,5.0,-0.004136472497336979
22.0,1.81,6.0,0.0006172791007315603
22.0,1.81,7.0,-0.005901360590567395
22.0,1.81,8.0,1.6742999397037495e-05
22.0,1.81,9.0,-0.004527039036046815
22.0,1.81,10.0,0.00022797578614769387
22.0,1.81,11.0,3.595652299515084e-08
22.0,1.81,12.0,-0.0018842777900966862
22.0,1.81,13.0,0.009927035379874188
22.0,1.81,14.0,-2.334184490317576e-06
22.0,1.81,15.0,0.0005152726973068344
22.0,1.81,16.0,0.007771925480472619
22.0,1.81,17.0,-0.010646169202834649
22.0,1.81,18.0,0.0022547666089920704
22.0,1.81,19.0,-0.000601698936962547
22.0,1.81,20.0,0.01689770337195806
22.0,1.81,21.0,4.61984191316156e-06
22.0,2.01,0.0,0.04961327459199438
22.0,2.01,1.0,0.0021153050643236693
22.0,2.01,2.0,0.0036011466721735663
22.0,2.01,3.0,1.0544063726025676e-06
22.0,2.01,4.0,0.0029970480845631364
22.0,2.01,5.0,-0.004575626184289749
22.0,2.01,6.0,0.0006653803120702517
22.0,2.01,7.0,-0.0065269274732168425
22.0,2.01,8.0,1.674299939881385e-05
22.0,2.01,9.0,-0.00500387974717148
22.0,2.01,10.0,0.00024778376829315274
22.0,2.01,11.0,3.595652299515084e-08
22.0,2.01,12.0,-0.0020924266026475374
22.0,2.01,13.0,0.010977044897122618
22.0,2.01,14.0,-2.3341818430094393e-06
22.0,2.01,15.0,0.0005693477140035763
22.0,2.01,16.0,0.008568658234287985
22.0,2.01,17.0,-0.011794542554336707
22.0,2.01,18.0,0.002474022559988548
22.0,2.01,19.0,-0.0006525589115513042
22.0,2.01,20.0,0.018639988431200183
22.0,2.01,21.0,4.619841913688916e-06
22.0,2.21,0.0,0.054364149787965776
22.0,2.21,1.0,0.0023147918049659655
22.0,2.21,2.0,0.003949201146377729
22.0,2.21,3.0,1.0544063720197006e-06
22.0,2.21,4.0,0.0031798424803050063
22.0,2.21,5.0,-0.005016610567686319
22.0,2.21,6.0,0.0007563902786168475
22.0,2.21,7.0,-0.007156341957879203
22.0,2.21,8.0,1.6742999366173295e-05
22.0,2.21,9.0,-0.005487264649516571
22.0,2.21,10.0,0.00027797703017545805
22.0,2.21,11.0,3.595652299515084e-08
22.0,2.21,12.0,-0.002286944897047616
22.0,2.21,13.0,0.01203611225537432
22.0,2.21,14.0,-2.3341791226650084e-06
22.0,2.21,15.0,0.0006244083613491935
22.0,2.21,16.0,0.009425317479744011
22.0,2.21,17.0,-0.012903958230427504
22.0,2.21,18.0,0.002744686169435684
22.0,2.21,19.0,-0.0007431375205954605
22.0,2.21,20.0,0.020484903218726425
22.0,2.21,21.0,4.619841904640598e-06
22.0,2.41,0.0,0.05913344923113917
22.0,2.41,1.0,0.0025212583774679165
22.0,2.41,2.0,0.004286996048209507
22.0,2.41,3.0,1.0544063723666453e-06
22.0,2.41,4.0,0.0035792503900665684
22.0,2.41,5.0,-0.005449057070173652
22.0,2.41,6.0,0.0007945337793784923
22.0,2.41,7.0,-0.007771993972376295
22.0,2.41,8.0,1.6742999383943802e-05
22.0,2.41,9.0,-0.005955507654671177
22.0,2.41,10.0,0.00029512003229698047
22.0,2.41,11.0,3.595652299515084e-08
22.0,2.41,12.0,-0.00249525861304864
22.0,2.41,13.0,0.013068730029216158
22.0,2.41,14.0,-2.33417620304474e-06
22.0,2.41,15.0,0.0006774590068777953
22.0,2.41,16.0,0.010196688359383366
22.0,2.41,17.0,-0.014044454546172508
22.0,2.41,18.0,0.0029499242644582813
22.0,2.41,19.0,-0.0007845891581854669
22.0,2.41,20.0,0.022176023703925796
22.0,2.41,21.0,4.619841909525579e-06
22.0,2.61,0.0,0.063870541852732
22.0,2.61,1.0,0.002726138229131758
22.0,2.61,2.0,0.004622929534497111
22.0,2.61,3.0,1.05440637271359e-06
22.0,2.61,4.0,0.003971439770088403
22.0,2.61,5.0,-0.005878931008207161
22.0,2.61,6.0,0.0008334472409389226
22.0,2.61,7.0,-0.00838406334516334
22.0,2.61,8.0,1.6742999400930214e-05
22.0,2.61,9.0,-0.0064212469529177085
22.0,2.61,10.0,0.0003124567616174523
22.0,2.61,11.0,3.595652299515084e-08
22.0,2.61,12.0,-0.002701883504896724
22.0,2.61,13.0,0.01409548508481051
22.0,2.61,14.0,-2.3341731441551646e-06
22.0,2.61,15.0,0.0007302267266400542
22.0,2.61,16.0,0.010965289951947288
22.0,2.61,17.0,-0.015177120562969354
22.0,2.61,18.0,0.003155005831782881
22.0,2.61,19.0,-0.0008267759466805691
22.0,2.61,20.0,0.023861262363447877
22.0,2.61,21.0,4.619841914244027e-06
22.0,2.81,0.0,0.0685760198636931
22.0,2.81,1.0,0.002929479063660756
22.0,2.81,2.0,0.004956983330857506
22.0,2.81,3.0,1.0544063730050235e-06
22.0,2.81,4.0,0.004356754388149642
22.0,2.81,5.0,-0.0063062375794174785
22.0,2.81,6.0,0.0008730865194181425
22.0,2.81,7.0,-0.008992543544876413
22.0,2.81,8.0,1.6742999415418625e-05
22.0,2.81,9.0,-0.006884440120377366
22.0,2.81,10.0,0.00032996625200909513
22.0,2.81,11.0,3.595652300902863e-08
22.0,2.81,12.0,-0.0029068666087841283
22.0,2.81,13.0,0.015116345729877023
22.0,2.81,14.0,-2.3341699408246e-06
22.0,2.81,15.0,0.00078270797833771
22.0,2.81,16.0,0.01173095562113774
22.0,2.81,17.0,-0.016302016611861925
22.0,2.81,18.0,0.0033599038605619247
22.0,2.81,19.0,-0.000869652402244514
22.0,2.81,20.0,0.02554008266122887
22.0,2.81,21.0,4.61984191824083e-06
22.0,3.01,0.0,0.07325047058506662
22.0,3.01,1.0,0.0031313325616561527
22.0,3.01,2.0,0.005289136176491127
22.0,3.01,3.0,1.054406373227068e-06
22.0,3.01,4.0,0.00473574491198836
22.0,3.01,5.0,-0.006730978243292052
22.0,3.01,6.0,0.0009133515529659575
22.0,3.01,7.0,-0.009597423823353546
22.0,3.01,8.0,1.6742999426187788e-05
22.0,3.01,9.0,-0.00734504324880858
22.0,3.01,10.0,0.00034761526817811417
22.0,3.01,11.0,3.595652299515084e-08
22.0,3.01,12.0,-0.003110266727338218
22.0,3.01,13.0,0.016131272768549365
22.0,3.01,14.0,-2.334166587728717e-06
22.0,3.01,15.0,0.0008348983009358601
22.0,3.01,16.0,0.012493459389187167
22.0,3.01,17.0,-0.01741925270648137
22.0,3.01,18.0,0.0035645210302536756
22.0,3.01,19.0,-0.0009131191419086693
22.0,3.01,20.0,0.02721188465940705
22.0,3.01,21.0,4.619841921182921e-06
22.0,3.21,0.0,0.07789445133525708
22.0,3.21,1.0,0.003331749463835687
22.0,3.21,2.0,0.0056193682617925456
22.0,3.21,3.0,1.0544063733519682e-06
22.0,3.21,4.0,0.005109057840725906
22.0,3.21,5.0,-0.007153153737431167
22.0,3.21,6.0,0.0009541121582777312
22.0,3.21,7.0,-0.010198694247990275
22.0,3.21,8.0,1.6742999432300953e-05
22.0,3.21,9.0,-0.007803017270497453
22.0,3.21,10.0,0.00036536538716097633
22.0,3.21,11.0,3.595652299515084e-08
22.0,3.21,12.0,-0.0033121471548834824
22.0,3.21,13.0,0.0171402301706145
22.0,3.21,14.0,-2.334163079403096e-06
22.0,3.21,15.0,0.000886793294011784
22.0,3.21,16.0,0.013252557629638728
22.0,3.21,17.0,-0.018528968720060324
22.0,3.21,18.0,0.0037687199634280633
22.0,3.21,19.0,-0.0009570495938083234
22.0,3.21,20.0,0.0288760869333895
22.0,3.21,21.0,4.619841922876011e-06
22.0,3.41,0.0,0.08250847103247305
22.0,3.41,1.0,0.0035307754953486925
22.0,3.41,2.0,0.005947665005168995
22.0,3.41,3.0,1.0544063733797238e-06
22.0,3.41,4.0,0.005477310553968828
22.0,3.41,5.0,-0.00757276720728331
22.0,3.41,6.0,0.0009952396232694727
22.0,3.41,7.0,-0.01079635049475794
22.0,3.41,8.0,1.6742999433029537e-05
22.0,3.41,9.0,-0.008258333096008097
22.0,3.41,10.0,0.0003831803129030198
22.0,3.41,11.0,3.595652299515084e-08
22.0,3.41,12.0,-0.0035125671101215172
22.0,3.41,13.0,0.018143194418477226
22.0,3.41,14.0,-2.3341594102551525e-06
22.0,3.41,15.0,0.0009383894462474396
22.0,3.41,16.0,0.014008031890310413
22.0,3.41,17.0,-0.019631309250759205
22.0,3.41,18.0,0.003972362321934875
22.0,3.41,19.0,-0.0010013189784770504
22.0,3.41,20.0,0.030532195680300522
22.0,3.41,21.0,4.619841923098056e-06
22.0,3.61,0.0,0.08709298518375574
22.0,3.61,1.0,0.0037284496057569116
22.0,3.61,2.0,0.006274018480934063
22.0,3.61,3.0,1.0544063732825792e-06
22.0,3.61,4.0,0.0058410155104349215
22.0,3.61,5.0,-0.007989825545305806
22.0,3.61,6.0,0.0010366262547937266
22.0,3.61,7.0,-0.01139039569555117
22.0,3.61,8.0,1.6742999427714345e-05
22.0,3.61,9.0,-0.008710973079706197
22.0,3.61,10.0,0.00040103019601145373
22.0,3.61,11.0,3.595652299515084e-08
22.0,3.61,12.0,-0.0037115772383919526
22.0,3.61,13.0,0.019140158001603846
22.0,3.61,14.0,-2.3341555745726023e-06
22.0,3.61,15.0,0.0009896845007141275
22.0,3.61,16.0,0.014759711737377335
22.0,3.61,17.0,-0.02072640728449074
22.0,3.61,18.0,0.004175333397819669
22.0,3.61,19.0,-0.0010458227049532365
22.0,3.61,20.0,0.03217983314211337
22.0,3.61,21.0,4.61984192162701e-06
22.0,3.81,0.0,0.09164840485037773
22.0,3.81,1.0,0.0039248049089457004
22.0,3.81,2.0,0.006598426290477355
22.0,3.81,3.0,1.0544063730744124e-06
22.0,3.81,4.0,0.006200585957366278
22.0,3.81,5.0,-0.008404338705714526
22.0,3.81,6.0,0.0010781849715314484
22.0,3.81,7.0,-0.011980839086734973
22.0,3.81,8.0,1.6742999415654547e-05
22.0,3.81,9.0,-0.009160928905180193
22.0,3.81,10.0,0.0004188912900915387
22.0,3.81,11.0,3.595652299515084e-08
22.0,3.81,12.0,-0.003909220564579402
22.0,3.81,13.0,0.020131126664163446
22.0,3.81,14.0,-2.3341515665615632e-06
22.0,3.81,15.0,0.0010406772623660632
22.0,3.81,16.0,0.0155074694297343
22.0,3.81,17.0,-0.021814382864010357
22.0,3.81,18.0,0.004377542115072602
22.0,3.81,19.0,-0.0010904761235705496
22.0,3.81,20.0,0.033818719967109834
22.0,3.81,21.0,4.619841918296341e-06
22.0,4.01,0.0,0.09617510195208145
22.0,4.01,1.0,0.004119869052323311
22.0,4.01,2.0,0.006920891100773541
22.0,4.01,3.0,1.0544063726858344e-06
22.0,4.01,4.0,0.006556321106685803
22.0,4.01,5.0,-0.008816319686653168
22.0,4.01,6.0,0.001119854322336078
22.0,4.01,7.0,-0.01256769566474697
22.0,4.01,8.0,1.6742999395961966e-05
22.0,4.01,9.0,-0.009608200514179155
22.0,4.01,10.0,0.00043674661632958633
22.0,4.01,11.0,3.595652299515084e-08
22.0,4.01,12.0,-0.004105531769851886
22.0,4.01,13.0,0.02111611833687671
22.0,4.01,14.0,-2.334147380355991e-06
22.0,4.01,15.0,0.0010913675358010244
22.0,4.01,16.0,0.01625122193934886
22.0,4.01,17.0,-0.022895338278533878
22.0,4.01,18.0,0.004578927964924068
22.0,4.01,19.0,-0.0011352186423658206
22.0,4.01,20.0,0.03544866860073759
22.0,4.01,21.0,4.619841912884004e-06
23.0,0.01,0.0,0.0005023956668144258
23.0,0.01,1.0,3.781796977214702e-05
23.0,0.01,2.0,2.879533343680407e-05
23.0,0.01,3.0,1.0546377008369134e-06
23.0,0.01,4.0,4.5980810607471057e-05
23.0,0.01,5.0,1.6666000268172887e-05
23.0,0.01,6.0,-5.413381762531255e-05
23.0,0.01,7.0,0.00010053558092243398
23.0,0.01,8.0,1.6742843770456428e-05
23.0,0.01,9.0,-3.874292945614834e-07
23.0,0.01,10.0,8.213988871574873e-06
23.0,0.01,11.0,3.602356857257405e-08
23.0,0.01,12.0,-8.225811953918583e-05
23.0,0.01,13.0,0.00015603051537776969
23.0,0.01,14.0,0.00014425364736872504
23.0,0.01,15.0,1.059452010551687e-05
23.0,0.01,16.0,-4.885419832556526e-05
23.0,0.01,17.0,-3.5541779814490804e-05
23.0,0.01,18.0,-5.1515186758471776e-05
23.0,0.01,19.0,-0.00011762766348144549
23.0,0.01,20.0,0.00019053954488335023
23.0,0.01,21.0,6.318487807271955e-06
23.0,0.21000000000000002,0.0,0.00976293170660203
23.0,0.21000000000000002,1.0,0.0005333862390086153
23.0,0.21000000000000002,2.0,0.0005553075463976265
23.0,0.21000000000000002,3.0,1.054637724220986e-06
23.0,0.21000000000000002,4.0,-0.001256817323534054
23.0,0.21000000000000002,5.0,0.0005961812791151488
23.0,0.21000000000000002,6.0,-0.00048151569276824735
23.0,0.21000000000000002,7.0,0.0012285005526939674
23.0,0.21000000000000002,8.0,1.6742844895285824e-05
23.0,0.21000000000000002,9.0,-3.1733124353149735e-07
23.0,0.21000000000000002,10.0,0.00023972002700950457
23.0,0.21000000000000002,11.0,3.602356869747414e-08
23.0,0.21000000000000002,12.0,-0.0008389476469685131
23.0,0.21000000000000002,13.0,0.0033260186916593826
23.0,0.21000000000000002,14.0,0.0014031648873947186
23.0,0.21000000000000002,15.0,0.00012095856741239919
23.0,0.21000000000000002,16.0,-0.0005805272209219448
23.0,0.21000000000000002,17.0,-0.0004038435596088741
23.0,0.21000000000000002,18.0,-0.0005962121876238735
23.0,0.21000000000000002,19.0,-0.0018880166691083167
23.0,0.21000000000000002,20.0,0.004433814370489286
23.0,0.21000000000000002,21.0,6.318488231876751e-06
23.0,0.41000000000000003,0.0,0.019023809414540627
23.0,0.41000000000000003,1.0,0.0010218598910730625
23.0,0.41000000000000003,2.0,0.0010872103248798226
23.0,0.41000000000000003,3.0,1.0546377240405747e-06
23.0,0.41000000000000003,4.0,-0.0029760553202544116
23.0,0.41000000000000003,5.0,0.001264777954338353
23.0,0.41000000000000003,6.0,-0.0007999964812059335
23.0,0.41000000000000003,7.0,0.002257261731703708
23.0,0.41000000000000003,8.0,1.674284488622363e-05
23.0,0.41000000000000003,9.0,-1.8578331008547775e-07
23.0,0.41000000000000003,10.0,0.0005086039873549997
23.0,0.41000000000000003,11.0,3.602356869747414e-08
23.0,0.41000000000000003,12.0,-0.0014645356191253511
23.0,0.41000000000000003,13.0,0.00655718714284903
23.0,0.41000000000000003,14.0,0.002650276313715935
23.0,0.41000000000000003,15.0,0.00023319597396592728
23.0,0.41000000000000003,16.0,-0.0010557077002342208
23.0,0.41000000000000003,17.0,-0.0006726649269377105
23.0,0.41000000000000003,18.0,-0.0011322440078207763
23.0,0.41000000000000003,19.0,-0.0035399616263224187
23.0,0.41000000000000003,20.0,0.008809895979849158
23.0,0.41000000000000003,21.0,6.31848822843506e-06
23.0,0.6100000000000001,0.0,0.028336725320539213
23.0,0.6100000000000001,1.0,0.001513808708807074
23.0,0.6100000000000001,2.0,0.0016214688842237368
23.0,0.6100000000000001,3.0,1.0546377234854631e-06
23.0,0.6100000000000001,4.0,-0.0046763407668900525
23.0,0.6100000000000001,5.0,0.001930934230638004
23.0,0.6100000000000001,6.0,-0.0011257475369629844
23.0,0.6100000000000001,7.0,0.0033004475589982207
23.0,0.6100000000000001,8.0,1.6742844859786443e-05
23.0,0.6100000000000001,9.0,-3.108287027811005e-08
23.0,0.6100000000000001,10.0,0.000776201606457888
23.0,0.6100000000000001,11.0,3.602356869747414e-08
23.0,0.6100000000000001,12.0,-0.0021002495240203256
23.0,0.6100000000000001,13.0,0.009799663820721671
23.0,0.6100000000000001,14.0,0.003904748303957907
23.0,0.6100000000000001,15.0,0.00034586202768441265
23.0,0.6100000000000001,16.0,-0.0015357477212632475
23.0,0.6100000000000001,17.0,-0.0009485816075174847
23.0,0.6100000000000001,18.0,-0.0016715311183652937
23.0,0.6100000000000001,19.0,-0.005206012015796679
23.0,0.6100000000000001,20.0,0.013196837997361821
23.0,0.6100000000000001,21.0,6.318488218470808e-06
23.0,0.81,0.0,0.037709078647931604
23.0,0.81,1.0,0.002010580240956794
23.0,0.81,2.0,0.0021578561310195143
23.0,0.81,3.0,1.0546377226250403e-06
23.0,0.81,4.0,-0.006289396465295416
23.0,0.81,5.0,0.0025807277141295104
23.0,0.81,6.0,-0.0014805418622174937
23.0,0.81,7.0,0.004373823827146073
23.0,0.81,8.0,1.674284481732735e-05
23.0,0.81,9.0,7.651878437858284e-08
23.0,0.81,10.0,0.0010370104706365624
23.0,0.81,11.0,3.602356868359635e-08
23.0,0.81,12.0,-0.002772718324977358
23.0,0.81,13.0,0.013048276666923486
23.0,0.81,14.0,0.005170253670115241
23.0,0.81,15.0,0.00045880116524760206
23.0,0.81,16.0,-0.0020332617330584
23.0,0.81,17.0,-0.001250005895843287
23.0,0.81,18.0,-0.002216925361407357
23.0,0.81,19.0,-0.006912447505899533
23.0,0.81,20.0,0.01757989078298816
23.0,0.81,21.0,6.318488202428085e-06
23.0,1.01,0.0,0.04713547216352543
23.0,1.01,1.0,0.0025109586968817266
23.0,1.01,2.0,0.002696790512738162
23.0,1.01,3.0,1.0546377219589065e-06
23.0,1.01,4.0,-0.007862342901254038
23.0,1.01,5.0,0.0032235012719245004
23.0,1.01,6.0,-0.0018499753539491792
23.0,1.01,7.0,0.005463777400918801
23.0,1.01,8.0,1.6742844786248046e-05
23.0,1.01,9.0,1.1413499242477328e-06
23.0,1.01,10.0,0.0012947778486294415
23.0,1.01,11.0,3.602356868359635e-08
23.0,1.01,12.0,-0.0034639615606194274
23.0,1.01,13.0,0.016309389459800316
23.0,1.01,14.0,0.006444231638011826
23.0,1.01,15.0,0.0005721932031514387
23.0,1.01,16.0,-0.002540270651787857
23.0,1.01,17.0,-0.00156538375363649
23.0,1.01,18.0,-0.0027659301264162106
23.0,1.01,19.0,-0.008642884643001947
23.0,1.01,20.0,0.021974178777693587
23.0,1.01,21.0,6.318488190715232e-06
23.0,1.2100000000000002,0.0,0.0566111763606868
23.0,1.2100000000000002,1.0,0.003014021946473766
23.0,1.2100000000000002,2.0,0.00323848608503316
23.0,1.2100000000000002,3.0,1.0546377216258396e-06
23.0,1.2100000000000002,4.0,-0.009440215315315303
23.0,1.2100000000000002,5.0,0.003868842579425047
23.0,1.2100000000000002,6.0,-0.002222013959441743
23.0,1.2100000000000002,7.0,0.0065602352341246895
23.0,1.2100000000000002,8.0,1.6742844773910692e-05
23.0,1.2100000000000002,9.0,1.3790306658672986e-07
23.0,1.2100000000000002,10.0,0.0015535748662360016
23.0,1.2100000000000002,11.0,3.602356868359635e-08
23.0,1.2100000000000002,12.0,-0.004159792236649751
23.0,1.2100000000000002,13.0,0.019586931967883303
23.0,1.2100000000000002,14.0,0.007724866782420875
23.0,1.2100000000000002,15.0,0.0006861567881657205
23.0,1.2100000000000002,16.0,-0.0030500999146946817
23.0,1.2100000000000002,17.0,-0.0018832762468384001
23.0,1.2100000000000002,18.0,-0.003317818051081861
23.0,1.2100000000000002,19.0,-0.010382761670721552
23.0,1.2100000000000002,20.0,0.026390291711194003
23.0,1.2100000000000002,21.0,6.318488186052296e-06
23.0,1.4100000000000001,0.0,0.06613631114126717
23.0,1.4100000000000001,1.0,0.003519770293417379
23.0,1.4100000000000001,2.0,0.0037829536985312384
23.0,1.4100000000000001,3.0,1.054637721986662e-06
23.0,1.4100000000000001,4.0,-0.01102060790985726
23.0,1.4100000000000001,5.0,0.004516383925142253
23.0,1.4100000000000001,6.0,-0.0025975331803466395
23.0,1.4100000000000001,7.0,0.007663513162189384
23.0,1.4100000000000001,8.0,1.674284479807192e-05
23.0,1.4100000000000001,9.0,6.325410155339578e-08
23.0,1.4100000000000001,10.0,0.001813228050637411
23.0,1.4100000000000001,11.0,3.602356868359635e-08
23.0,1.4100000000000001,12.0,-0.004860989186591891
23.0,1.4100000000000001,13.0,0.022881007248290453
23.0,1.4100000000000001,14.0,0.009012302834947604
23.0,1.4100000000000001,15.0,0.000800691349456234
23.0,1.4100000000000001,16.0,-0.0035635001325537985
23.0,1.4100000000000001,17.0,-0.002204170889476109
23.0,1.4100000000000001,18.0,-0.0038726550011381478
23.0,1.4100000000000001,19.0,-0.012133624693347167
23.0,1.4100000000000001,20.0,0.030827957872355816
23.0,1.4100000000000001,21.0,6.31848819518388e-06
23.0,1.61,0.0,0.0757105543465143
23.0,1.61,1.0,0.004028107131208658
23.0,1.61,2.0,0.004330212361498886
23.0,1.61,3.0,1.0546377215425728e-06
23.0,1.61,4.0,-0.012608789239027529
23.0,1.61,5.0,0.005167085153478357
23.0,1.61,6.0,-0.002975059092582444
23.0,1.61,7.0,0.008772379374511474
23.0,1.61,8.0,1.6742844778872e-05
23.0,1.61,9.0,7.580616967950471e-07
23.0,1.61,10.0,0.002074142814398189
23.0,1.61,11.0,3.602356868359635e-08
23.0,1.61,12.0,-0.005565804389038781
23.0,1.61,13.0,0.02619202255127101
23.0,1.61,14.0,0.010306156968659115
23.0,1.61,15.0,0.0009158039606977086
23.0,1.61,16.0,-0.004079598571693599
23.0,1.61,17.0,-0.002526912913492829
23.0,1.61,18.0,-0.004430209615148589
23.0,1.61,19.0,-0.013893727450270621
23.0,1.61,20.0,0.0352883772125937
23.0,1.61,21.0,6.318488187911919e-06
23.0,1.81,0.0,0.08533365180960573
23.0,1.81,1.0,0.0045389987217582806
23.0,1.81,2.0,0.0048802261442061345
23.0,1.81,3.0,1.05463772055725e-06
23.0,1.81,4.0,-0.014204871291638721
23.0,1.81,5.0,0.005820859817315727
23.0,1.81,6.0,-0.003354371913152715
23.0,1.81,7.0,0.009886664164463432
23.0,1.81,8.0,1.674284473039689e-05
23.0,1.81,9.0,7.167761066535175e-07
23.0,1.81,10.0,0.0023362860092522586
23.0,1.81,11.0,3.6023568669718564e-08
23.0,1.81,12.0,-0.006274061085916355
23.0,1.81,13.0,0.029519799840565353
23.0,1.81,14.0,0.011606183899163638
23.0,1.81,15.0,0.0010314789444139105
23.0,1.81,16.0,-0.004598122487953826
23.0,1.81,17.0,-0.0028515333358588857
23.0,1.81,18.0,-0.004990354716963491
23.0,1.81,19.0,-0.01566257083906064
23.0,1.81,20.0,0.039771338784809096
23.0,1.81,21.0,6.318488169620995e-06
23.0,2.01,0.0,0.09500436803261725
23.0,2.01,1.0,0.0050523354217391625
23.0,2.01,2.0,0.005432891506755966
23.0,2.01,3.0,1.0546377201686719e-06
23.0,2.01,4.0,-0.015808439236277116
23.0,2.01,5.0,0.006477435382686858
23.0,2.01,6.0,-0.003735355979595567
23.0,2.01,7.0,0.011006000956858275
23.0,2.01,8.0,1.674284471570725e-05
23.0,2.01,9.0,4.255241488145318e-08
23.0,2.01,10.0,0.002599541210777684
23.0,2.01,11.0,3.602356868359635e-08
23.0,2.01,12.0,-0.00698553693905421
23.0,2.01,13.0,0.032863821060943266
23.0,2.01,14.0,0.012911898021016277
23.0,2.01,15.0,0.0011476797282711226
23.0,2.01,16.0,-0.005118915737105767
23.0,2.01,17.0,-0.0031781519500243827
23.0,2.01,18.0,-0.005552818089223283
23.0,2.01,19.0,-0.017439879400221958
23.0,2.01,20.0,0.044276043097127404
23.0,2.01,21.0,6.318488164097635e-06
23.0,2.21,0.0,0.10471922635016329
23.0,2.21,1.0,0.005567848442296408
23.0,2.21,2.0,0.005987947473371585
23.0,2.21,3.0,1.054637719696827e-06
23.0,2.21,4.0,-0.017418630843159033
23.0,2.21,5.0,0.0071362482416998385
23.0,2.21,6.0,-0.004117796478538965
23.0,2.21,7.0,0.012129590352287833
23.0,2.21,8.0,1.6742844695903647e-05
23.0,2.21,9.0,1.4985591814403796e-07
23.0,2.21,10.0,0.0028636730667885024
23.0,2.21,11.0,3.6023568669718564e-08
23.0,2.21,12.0,-0.007699715839621035
23.0,2.21,13.0,0.036222711718131295
23.0,2.21,14.0,0.014222285275254085
23.0,2.21,15.0,0.0012643244294081035
23.0,2.21,16.0,-0.00564171980936512
23.0,2.21,17.0,-0.003506908044716567
23.0,2.21,18.0,-0.006117043093955943
23.0,2.21,19.0,-0.019225076362372584
23.0,2.21,20.0,0.04880042355842451
23.0,2.21,21.0,6.31848815660363e-06
23.0,2.41,0.0,0.11446948749995545
23.0,2.41,1.0,0.0060849195717042615
23.0,2.41,2.0,0.006544772783034253
23.0,2.41,3.0,1.054637719044571e-06
23.0,2.41,4.0,-0.019033488539425714
23.0,2.41,5.0,0.007796133907486735
23.0,2.41,6.0,-0.004501148675887495
23.0,2.41,7.0,0.013255753663878822
23.0,2.41,8.0,1.6742844665303125e-05
23.0,2.41,9.0,2.730463292989225e-06
23.0,2.41,10.0,0.003128201269414127
23.0,2.41,11.0,3.6023568669718564e-08
23.0,2.41,12.0,-0.008415489507826696
23.0,2.41,13.0,0.03959306103134175
23.0,2.41,14.0,0.015535248399519086
23.0,2.41,15.0,0.0013812347085589427
23.0,2.41,16.0,-0.006165837234653582
23.0,2.41,17.0,-0.0038379153858353887
23.0,2.41,18.0,-0.0066819300595616915
23.0,2.41,19.0,-0.02101641157869033
23.0,2.41,20.0,0.0533394657686217
23.0,2.41,21.0,6.3184881450573105e-06
23.0,2.61,0.0,0.1242340402876132
23.0,2.61,1.0,0.006602159699416021
23.0,2.61,2.0,0.007101929428798642
23.0,2.61,3.0,1.0546377185588485e-06
23.0,2.61,4.0,-0.020648032290533302
23.0,2.61,5.0,0.008454677934918442
23.0,2.61,6.0,-0.0048838558186243
23.0,2.61,7.0,0.014381001838430274
23.0,2.61,8.0,1.6742844644090926e-05
23.0,2.61,9.0,1.4291373917843932e-06
23.0,2.61,10.0,0.0033921295963633413
23.0,2.61,11.0,3.6023568669718564e-08
23.0,2.61,12.0,-0.009130634112119396
23.0,2.61,13.0,0.04296670603563402
23.0,2.61,14.0,0.016846486852123935
23.0,2.61,15.0,0.0014980291431157255
23.0,2.61,16.0,-0.006689019572294452
23.0,2.61,17.0,-0.004171133633866564
23.0,2.61,18.0,-0.007245371610792889
23.0,2.61,19.0,-0.022808255486530177
23.0,2.61,20.0,0.0578813696950049
23.0,2.61,21.0,6.318488137063705e-06
23.0,2.81,0.0,0.1339624873337203
23.0,2.81,1.0,0.00711645505242231
23.0,2.81,2.0,0.0076561982957595864
23.0,2.81,3.0,1.0546377182257816e-06
23.0,2.81,4.0,-0.022252437207151143
23.0,2.81,5.0,0.009107123900458147
23.0,2.81,6.0,-0.005263463723650413
23.0,2.81,7.0,0.015497859339389075
23.0,2.81,8.0,1.6742844631247034e-05
23.0,2.81,9.0,3.7765729693670927e-07
23.0,2.81,10.0,0.0036535190461568223
23.0,2.81,11.0,3.6023568655840776e-08
23.0,2.81,12.0,-0.009840297487517469
23.0,2.81,13.0,0.046325089360997385
23.0,2.81,14.0,0.01814715890224207
23.0,2.81,15.0,0.0016139154703781744
23.0,2.81,16.0,-0.00720803559463884
23.0,2.81,17.0,-0.004505651720150605
23.0,2.81,18.0,-0.00780310736298348
23.0,2.81,19.0,-0.024590876470370587
23.0,2.81,20.0,0.06239964185613467
23.0,2.81,21.0,6.318488132206479e-06
23.0,3.01,0.0,0.1435404866857466
23.0,3.01,1.0,0.007621196948123632
23.0,3.01,2.0,0.00820061537843636
23.0,3.01,3.0,1.054637718073126e-06
23.0,3.01,4.0,-0.023825810314251128
23.0,3.01,5.0,0.009744242847023243
23.0,3.01,6.0,-0.005634767712452332
23.0,3.01,7.0,0.016591292747130004
23.0,3.01,8.0,1.6742844625598774e-05
23.0,3.01,9.0,8.3176274717559e-07
23.0,3.01,10.0,0.003908637722849301
23.0,3.01,11.0,3.6023568655840776e-08
23.0,3.01,12.0,-0.010534796772390165
23.0,3.01,13.0,0.04962710696524164
23.0,3.01,14.0,0.019419702039897846
23.0,3.01,15.0,0.0017273024063070574
23.0,3.01,16.0,-0.007715841129917356
23.0,3.01,17.0,-0.004838320586362438
23.0,3.01,18.0,-0.008347122731762885
23.0,3.01,19.0,-0.02634192826352766
23.0,3.01,20.0,0.0668368250964948
23.0,3.01,21.0,6.3184881300693e-06
23.0,3.21,0.0,0.1527276445719562
23.0,3.21,1.0,0.00810336724914651
23.0,3.21,2.0,0.008721236279088107
23.0,3.21,3.0,1.054637718128637e-06
23.0,3.21,4.0,-0.025327363367151134
23.0,3.21,5.0,0.010349406144344653
23.0,3.21,6.0,-0.0059880183256917074
23.0,3.21,7.0,0.017632993707701883
23.0,3.21,8.0,1.6742844630809883e-05
23.0,3.21,9.0,1.36954878279478e-06
23.0,3.21,10.0,0.004150817467534679
23.0,3.21,11.0,3.6023568655840776e-08
23.0,3.21,12.0,-0.011196076343440137
23.0,3.21,13.0,0.052788738384794254
23.0,3.21,14.0,0.020631445438273124
23.0,3.21,15.0,0.0018352281051741692
23.0,3.21,16.0,-0.008199106695023328
23.0,3.21,17.0,-0.005160832589492598
23.0,3.21,18.0,-0.008863279756112646
23.0,3.21,19.0,-0.028016187066801895
23.0,3.21,20.0,0.07107813168635124
23.0,3.21,21.0,6.318488132067701e-06
23.0,3.41,0.0,0.1610870284925796
23.0,3.41,1.0,0.008540714413316663
23.0,3.41,2.0,0.00919384735532297
23.0,3.41,3.0,1.0546377185310929e-06
23.0,3.41,4.0,-0.026688362842100244
23.0,3.41,5.0,0.010896414675840571
23.0,3.41,6.0,-0.006307538765217807
23.0,3.41,7.0,0.01857635865797097
23.0,3.41,8.0,1.674284465139758e-05
23.0,3.41,9.0,3.9899523835037835e-07
23.0,3.41,10.0,0.004369642344606933
23.0,3.41,11.0,3.6023568669718564e-08
23.0,3.41,12.0,-0.011794662123551097
23.0,3.41,13.0,0.05566139205165421
23.0,3.41,14.0,0.021729009645222022
23.0,3.41,15.0,0.0019328890346294314
23.0,3.41,16.0,-0.008636313484687574
23.0,3.41,17.0,-0.005455959658882459
23.0,3.41,18.0,-0.009329635790878588
23.0,3.41,19.0,-0.029535475298303776
23.0,3.41,20.0,0.07492549964565676
23.0,3.41,21.0,6.318488139811507e-06
23.0,3.61,0.0,0.16800889626438864
23.0,3.61,1.0,0.00890373995513366
23.0,3.61,2.0,0.009585902202351088
23.0,3.61,3.0,1.054637719183349e-06
23.0,3.61,4.0,-0.027818944876321472
23.0,3.61,5.0,0.011352736011776221
23.0,3.61,6.0,-0.006573647310826991
23.0,3.61,7.0,0.01936133763289094
23.0,3.61,8.0,1.674284468446141e-05
23.0,3.61,9.0,7.175833038762973e-08
23.0,3.61,10.0,0.0045522754184838254
23.0,3.61,11.0,3.6023568669718564e-08
23.0,3.61,12.0,-0.012292828329872468
23.0,3.61,13.0,0.058042400089204194
23.0,3.61,14.0,0.02264376531471675
23.0,3.61,15.0,0.0020141824717779255
23.0,3.61,16.0,-0.009000396300013702
23.0,3.61,17.0,-0.005697834788072453
23.0,3.61,18.0,-0.009719212352563955
23.0,3.61,19.0,-0.030795567357511627
23.0,3.61,20.0,0.07811513902830125
23.0,3.61,21.0,6.318488152301516e-06
23.0,3.81,0.0,0.17297920036662895
23.0,3.81,1.0,0.009168308788421453
23.0,3.81,2.0,0.009870546556341175
23.0,3.81,3.0,1.0546377200576496e-06
23.0,3.81,4.0,-0.02864588922743183
23.0,3.81,5.0,0.01169268769827736
23.0,3.81,6.0,-0.006770599539592831
23.0,3.81,7.0,0.019939544771997053
23.0,3.81,8.0,1.6742844727163364e-05
23.0,3.81,9.0,2.786030360989118e-07
23.0,3.81,10.0,0.004688624142308445
23.0,3.81,11.0,3.6023568669718564e-08
23.0,3.81,12.0,-0.012660365824105568
23.0,3.81,13.0,0.0597631640914183
23.0,3.81,14.0,0.02332020920831246
23.0,3.81,15.0,0.002074232504045065
23.0,3.81,16.0,-0.009269598350115149
23.0,3.81,17.0,-0.005864013755417868
23.0,3.81,18.0,-0.010010846542066826
23.0,3.81,19.0,-0.031710488686079674
23.0,3.81,20.0,0.08043178822221186
23.0,3.81,21.0,6.31848816839975e-06
23.0,4.01,0.0,0.1759698784211584
23.0,4.01,1.0,0.00933276617132428
23.0,4.01,2.0,0.010046041563346597
23.0,4.01,3.0,1.0546377210568503e-06
23.0,4.01,4.0,-0.029164066652700882
23.0,4.01,5.0,0.011914004559727409
23.0,4.01,6.0,-0.00689712440153048
23.0,4.01,7.0,0.02030725774894404
23.0,4.01,8.0,1.6742844775527455e-05
23.0,4.01,9.0,1.1710898607426818e-06
23.0,4.01,10.0,0.004777782039323025
23.0,4.01,11.0,3.602356868359635e-08
23.0,4.01,12.0,-0.01289492111746296
23.0,4.01,13.0,0.060813458485315885
23.0,4.01,14.0,0.023753530510003437
23.0,4.01,15.0,0.0021126421425529673
23.0,4.01,16.0,-0.009442194556048389
23.0,4.01,17.0,-0.005953675022151106
23.0,4.01,18.0,-0.010202578129368978
23.0,4.01,19.0,-0.03227486916386593
23.0,4.01,20.0,0.08186319414521881
23.0,4.01,21.0,6.318488186662918e-06
24.0,0.01,0.0,-0.0010936817053227577
24.0,0.01,1.0,-1.7476350785916583e-05
24.0,0.01,2.0,-0.00038866715689372944
24.0,0.01,3.0,1.0530923752333221e-06
24.0,0.01,4.0,-0.0005147755856989011
24.0,0.01,5.0,0.0003241363039201556
24.0,0.01,6.0,-0.0005904654951666699
24.0,0.01,7.0,0.0002142928114021586
24.0,0.01,8.0,1.674094589113745e-05
24.0,0.01,9.0,-0.0018328536814855207
24.0,0.01,10.0,0.00012202802012747926
24.0,0.01,11.0,3.562715081284473e-08
24.0,0.01,12.0,-0.0002728321823141089
24.0,0.01,13.0,-9.439302283237305e-05
24.0,0.01,14.0,2.0617896712423673e-07
24.0,0.01,15.0,1.300216494946882e-05
24.0,0.01,16.0,-0.0008781190405264816
24.0,0.01,17.0,-1.20325120574972e-05
24.0,0.01,18.0,-0.000442623274414522
24.0,0.01,19.0,-0.0007086379449430802
24.0,0.01,20.0,-0.0002874455313727764
24.0,0.01,21.0,3.538831290395006e-06
24.0,0.21000000000000002,0.0,0.0018167675323225163
24.0,0.21000000000000002,1.0,5.126695886531474e-05
24.0,0.21000000000000002,2.0,0.0005930640364517625
24.0,0.21000000000000002,3.0,1.0530923756080224e-06
24.0,0.21000000000000002,4.0,-2.505221363463539e-05
24.0,0.21000000000000002,5.0,-0.0003487504827123372
24.0,0.21000000000000002,6.0,-0.0004669150483198603
24.0,0.21000000000000002,7.0,-0.0002678061096443862
24.0,0.21000000000000002,8.0,1.674094591195413e-05
24.0,0.21000000000000002,9.0,-0.0018513472948666274
24.0,0.21000000000000002,10.0,-4.2931204892876496e-05
24.0,0.21000000000000002,11.0,3.562715081284473e-08
24.0,0.21000000000000002,12.0,1.5101789376747998e-05
24.0,0.21000000000000002,13.0,0.00012546594106732645
24.0,0.21000000000000002,14.0,-3.560210425008158e-07
24.0,0.21000000000000002,15.0,1.843802277549933e-05
24.0,0.21000000000000002,16.0,-0.00041017424469885766
24.0,0.21000000000000002,17.0,-1.2032608861352769e-05
24.0,0.21000000000000002,18.0,-0.00018708757015195587
24.0,0.21000000000000002,19.0,-0.0008646101355144764
24.0,0.21000000000000002,20.0,-7.029486408705043e-05
24.0,0.21000000000000002,21.0,3.5388312947526313e-06
24.0,0.41000000000000003,0.0,0.004685799804945545
24.0,0.41000000000000003,1.0,0.00011903375172978015
24.0,0.41000000000000003,2.0,0.0015608068572318667
24.0,0.41000000000000003,3.0,1.053092376024356e-06
24.0,0.41000000000000003,4.0,0.00045808768256500043
24.0,0.41000000000000003,5.0,-0.0010121159932778012
24.0,0.41000000000000003,6.0,-0.00034445013578959793
24.0,0.41000000000000003,7.0,-0.0007430637051117489
24.0,0.41000000000000003,8.0,1.674094593515779e-05
24.0,0.41000000000000003,9.0,-0.0018670760491477517
24.0,0.41000000000000003,10.0,-0.00020560212502668263
24.0,0.41000000000000003,11.0,3.562715081284473e-08
24.0,0.41000000000000003,12.0,0.00029909053085991344
24.0,0.41000000000000003,13.0,0.00034219764410300946
24.0,0.41000000000000003,14.0,-8.175491833571396e-07
24.0,0.41000000000000003,15.0,2.37967272771894e-05
24.0,0.41000000000000003,16.0,5.193971467587488e-05
24.0,0.41000000000000003,17.0,-1.2032693742869338e-05
24.0,0.41000000000000003,18.0,6.525799362616658e-05
24.0,0.41000000000000003,19.0,-0.001017470284318589
24.0,0.41000000000000003,20.0,0.00014389033130973727
24.0,0.41000000000000003,21.0,3.538831299665368e-06
24.0,0.6100000000000001,0.0,0.007514112166018827
24.0,0.6100000000000001,1.0,0.00018584064077725726
24.0,0.6100000000000001,2.0,0.0025147871187463644
24.0,0.6100000000000001,3.0,1.0530923752888333e-06
24.0,0.6100000000000001,4.0,0.0009347222615606054
24.0,0.6100000000000001,5.0,-0.001666116732043088
24.0,0.6100000000000001,6.0,-0.00022315184049959136
24.0,0.6100000000000001,7.0,-0.0012115940738292308
24.0,0.6100000000000001,8.0,1.674094589565467e-05
24.0,0.6100000000000001,9.0,-0.0018804749890279316
24.0,0.6100000000000001,10.0,-0.00036602044101932685
24.0,0.6100000000000001,11.0,3.562715081284473e-08
24.0,0.6100000000000001,12.0,0.0005791642113832096
24.0,0.6100000000000001,13.0,0.000555854127828187
24.0,0.6100000000000001,14.0,-1.0790573898750292e-06
24.0,0.6100000000000001,15.0,2.907959264636384e-05
24.0,0.6100000000000001,16.0,0.0005081932731932359
24.0,0.6100000000000001,17.0,-1.2032768261431966e-05
24.0,0.6100000000000001,18.0,0.0003144784838179926
24.0,0.6100000000000001,19.0,-0.001167458143826683
24.0,0.6100000000000001,20.0,0.00035506682597641337
24.0,0.6100000000000001,21.0,3.53883129131094e-06
24.0,0.81,0.0,0.010302455109884145
24.0,0.81,1.0,0.00025170518095929406
24.0,0.81,2.0,0.003455207498685442
24.0,0.81,3.0,1.0530923753304666e-06
24.0,0.81,4.0,0.0014050102272768483
24.0,0.81,5.0,-0.0023109115319053797
24.0,0.81,6.0,-0.00010307698292566503
24.0,0.81,7.0,-0.0016735111148771242
24.0,0.81,8.0,1.674094589821512e-05
24.0,0.81,9.0,-0.0018918941424000042
24.0,0.81,10.0,-0.0005242341167888687
24.0,0.81,11.0,3.562715082672252e-08
24.0,0.81,12.0,0.0008553142326696572
24.0,0.81,13.0,0.0007664874833154534
24.0,0.81,14.0,-7.145788087596874e-07
24.0,0.81,15.0,3.428793321727519e-05
24.0,0.81,16.0,0.0009585631958434759
24.0,0.81,17.0,-1.2032833861747119e-05
24.0,0.81,18.0,0.0005608588985466789
24.0,0.81,19.0,-0.0013149390715953557
24.0,0.81,20.0,0.0005629820214145265
24.0,0.81,21.0,3.5388312918660514e-06
24.0,1.01,0.0,0.01305141623982109
24.0,1.01,1.0,0.00031664197616482204
24.0,1.01,2.0,0.004382404051511246
24.0,1.01,3.0,1.0530923760382338e-06
24.0,1.01,4.0,0.001868821259992326
24.0,1.01,5.0,-0.0029466624464294933
24.0,1.01,6.0,1.5712075280671645e-05
24.0,1.01,7.0,-0.002128938015833831
24.0,1.01,8.0,1.6740945936524754e-05
24.0,1.01,9.0,-0.0019016631975018066
24.0,1.01,10.0,-0.0006802441800440595
24.0,1.01,11.0,3.562715082672252e-08
24.0,1.01,12.0,0.001127729182966608
24.0,1.01,13.0,0.0009741547875957712
24.0,1.01,14.0,-7.036666327967855e-07
24.0,1.01,15.0,3.9423136203614595e-05
24.0,1.01,16.0,0.0014031244708057056
24.0,1.01,17.0,-1.203289164594864e-05
24.0,1.01,18.0,0.0008037789669373407
24.0,1.01,19.0,-0.0014595964116380644
24.0,1.01,20.0,0.0007683438144693855
24.0,1.01,21.0,3.5388312999706795e-06
24.0,1.2100000000000002,0.0,0.01576174306945699
24.0,1.2100000000000002,1.0,0.0003806685009106747
24.0,1.2100000000000002,2.0,0.005296591971233722
24.0,1.2100000000000002,3.0,1.0530923764545674e-06
24.0,1.2100000000000002,4.0,0.0023262935227635895
24.0,1.2100000000000002,5.0,-0.0035735310879306537
24.0,1.2100000000000002,6.0,0.00013318487490759923
24.0,1.2100000000000002,7.0,-0.0025779908123538253
24.0,1.2100000000000002,8.0,1.6740945959672904e-05
24.0,1.2100000000000002,9.0,-0.0019100256558376744
24.0,1.2100000000000002,10.0,-0.0008340954030673642
24.0,1.2100000000000002,11.0,3.562715082672252e-08
24.0,1.2100000000000002,12.0,0.001396430014488692
24.0,1.2100000000000002,13.0,0.0011789091232363436
24.0,1.2100000000000002,14.0,-8.032457258866736e-07
24.0,1.2100000000000002,15.0,4.448652417798904e-05
24.0,1.2100000000000002,16.0,0.0018418989241927863
24.0,1.2100000000000002,17.0,-1.2032942644764156e-05
24.0,1.2100000000000002,18.0,0.001043427792984053
24.0,1.2100000000000002,19.0,-0.0016016761994417372
24.0,1.2100000000000002,20.0,0.000971012521128356
24.0,1.2100000000000002,21.0,3.5388313048556608e-06
24.0,1.4100000000000001,0.0,0.018434194675613913
24.0,1.4100000000000001,1.0,0.00044380229909191105
24.0,1.4100000000000001,2.0,0.006197969240955115
24.0,1.4100000000000001,3.0,1.0530923766904898e-06
24.0,1.4100000000000001,4.0,0.002777617039823932
24.0,1.4100000000000001,5.0,-0.004191677974649019
24.0,1.4100000000000001,6.0,0.00024931927346932836
24.0,1.4100000000000001,7.0,-0.003020783454632109
24.0,1.4100000000000001,8.0,1.6740945972822108e-05
24.0,1.4100000000000001,9.0,-0.0019171941300731585
24.0,1.4100000000000001,10.0,-0.0009858398132011614
24.0,1.4100000000000001,11.0,3.562715082672252e-08
24.0,1.4100000000000001,12.0,0.0016614068519970604
24.0,1.4100000000000001,13.0,0.0013808022475890191
24.0,1.4100000000000001,14.0,-5.174328763065077e-07
24.0,1.4100000000000001,15.0,4.947939179178462e-05
24.0,1.4100000000000001,16.0,0.0022749009027678846
24.0,1.4100000000000001,17.0,-1.2032987713038074e-05
24.0,1.4100000000000001,18.0,0.001280150138140923
24.0,1.4100000000000001,19.0,-0.001741526949313954
24.0,1.4100000000000001,20.0,0.0011707037963759048
24.0,1.4100000000000001,21.0,3.538831307658974e-06
24.0,1.61,0.0,0.02106944772056829
24.0,1.61,1.0,0.0005060594949587993
24.0,1.61,2.0,0.00708680323490235
24.0,1.61,3.0,1.0530923766488565e-06
24.0,1.61,4.0,0.0032228231946575536
24.0,1.61,5.0,-0.004801264697788951
24.0,1.61,6.0,0.00036409639424045404
24.0,1.61,7.0,-0.0034574344822478897
24.0,1.61,8.0,1.6740945969900833e-05
24.0,1.61,9.0,-0.001923349311536525
24.0,1.61,10.0,-0.0011355039849139659
24.0,1.61,11.0,3.562715082672252e-08
24.0,1.61,12.0,0.001922760727464612
24.0,1.61,13.0,0.00157988879873186
24.0,1.61,14.0,-1.5067324746139826e-07
24.0,1.61,15.0,5.4403076195322364e-05
24.0,1.61,16.0,0.0027022066098629227
24.0,1.61,17.0,-1.2033027599813512e-05
24.0,1.61,18.0,0.001513786879294543
24.0,1.61,19.0,-0.0018791070795434184
24.0,1.61,20.0,0.0013676613636989243
24.0,1.61,21.0,3.5388313070483512e-06
24.0,1.81,0.0,0.023668221247075905
24.0,1.81,1.0,0.0005674568545011582
24.0,1.81,2.0,0.007963315773361235
24.0,1.81,3.0,1.0530923768986566e-06
24.0,1.81,4.0,0.003662050278113449
24.0,1.81,5.0,-0.005402450934124364
24.0,1.81,6.0,0.0004775075219376479
24.0,1.81,7.0,-0.0038880583230725824
24.0,1.81,8.0,1.6740945983695354e-05
24.0,1.81,9.0,-0.0019286427304075647
24.0,1.81,10.0,-0.0012831309225853904
24.0,1.81,11.0,3.562715082672252e-08
24.0,1.81,12.0,0.002180524094734515
24.0,1.81,13.0,0.0017762209372954585
24.0,1.81,14.0,5.106146874276011e-07
24.0,1.81,15.0,5.925886922007739e-05
24.0,1.81,16.0,0.0031238668844772444
24.0,1.81,17.0,-1.2033062968463128e-05
24.0,1.81,18.0,0.0017445079327885193
24.0,1.81,19.0,-0.002014606551746956
24.0,1.81,20.0,0.0015617975774731563
24.0,1.81,21.0,3.5388313099626867e-06
24.0,2.01,0.0,0.026231197360808256
24.0,2.01,1.0,0.0006280104680272403
24.0,2.01,2.0,0.00882775157046839
24.0,2.01,3.0,1.05309237694029e-06
24.0,2.01,4.0,0.004095373093796539
24.0,2.01,5.0,-0.0059953947131368285
24.0,2.01,6.0,0.0005895479137255077
24.0,2.01,7.0,-0.004312769708851194
24.0,2.01,8.0,1.6740945985894984e-05
24.0,2.01,9.0,-0.0019332021966738078
24.0,2.01,10.0,-0.001428753344028838
24.0,2.01,11.0,3.562715082672252e-08
24.0,2.01,12.0,0.0024347732605642936
24.0,2.01,13.0,0.0019698513906944437
24.0,2.01,14.0,1.3526514635709235e-06
24.0,2.01,15.0,6.404806334905921e-05
24.0,2.01,16.0,0.00353995936227236
24.0,2.01,17.0,-1.2033094360495698e-05
24.0,2.01,18.0,0.001972281497328532
24.0,2.01,19.0,-0.0021480544888315967
24.0,2.01,20.0,0.0017532317204599912
24.0,2.01,21.0,3.5388313103790203e-06
24.0,2.21,0.0,0.02875903451525552
24.0,2.21,1.0,0.0006877359809178141
24.0,2.21,2.0,0.009680363640161449
24.0,2.21,3.0,1.0530923769541678e-06
24.0,2.21,4.0,0.004522826781928557
24.0,2.21,5.0,-0.006580251880511673
24.0,2.21,6.0,0.0007002167135976567
24.0,2.21,7.0,-0.004731682580082636
24.0,2.21,8.0,1.6740945987074596e-05
24.0,2.21,9.0,-0.0019371356342659867
24.0,2.21,10.0,-0.0015723979117669151
24.0,2.21,11.0,3.562715082672252e-08
24.0,2.21,12.0,0.0026856106654123413
24.0,2.21,13.0,0.0021608327275977612
24.0,2.21,14.0,2.0474211559859072e-06
24.0,2.21,15.0,6.877194027753164e-05
24.0,2.21,16.0,0.003950579122348308
24.0,2.21,17.0,-1.2033122266354288e-05
24.0,2.21,18.0,0.0021969505824355196
24.0,2.21,19.0,-0.002279377969508556
24.0,2.21,20.0,0.0019422030451883288
24.0,2.21,21.0,3.538831310656576e-06
24.0,2.41,0.0,0.03125232515322507
24.0,2.41,1.0,0.0007466479333024245
24.0,2.41,2.0,0.010521446935358003
24.0,2.41,3.0,1.0530923770235567e-06
24.0,2.41,4.0,0.004944288503561045
24.0,2.41,5.0,-0.007157175402504393
24.0,2.41,6.0,0.0008095135839245038
24.0,2.41,7.0,-0.005144912182278097
24.0,2.41,8.0,1.6740945991279566e-05
24.0,2.41,9.0,-0.0019405343030606482
24.0,2.41,10.0,-0.0017140682812502028
24.0,2.41,11.0,3.562715081284473e-08
24.0,2.41,12.0,0.002933239380667696
24.0,2.41,13.0,0.002349218932718944
24.0,2.41,14.0,1.4315755187675007e-06
24.0,2.41,15.0,7.343179170904435e-05
24.0,2.41,16.0,0.004355874195990483
24.0,2.41,17.0,-1.2033147108942107e-05
24.0,2.41,18.0,0.0024178647888829508
24.0,2.41,19.0,-0.002408130366808925
24.0,2.41,20.0,0.002129415383508082
24.0,2.41,21.0,3.5388313115447545e-06
24.0,2.61,0.0,0.03371184344804956
24.0,2.61,1.0,0.0008047636665399205
24.0,2.61,2.0,0.01135112956784401
24.0,2.61,3.0,1.0530923770929457e-06
24.0,2.61,4.0,0.005360137027691281
24.0,2.61,5.0,-0.007726317406738306
24.0,2.61,6.0,0.0009174533504967552
24.0,2.61,7.0,-0.005552561476104986
24.0,2.61,8.0,1.67409459943188e-05
24.0,2.61,9.0,-0.0019434754681793807
24.0,2.61,10.0,-0.001853842067691236
24.0,2.61,11.0,3.562715081284473e-08
24.0,2.61,12.0,0.003177538813631142
24.0,2.61,13.0,0.00253505539494564
24.0,2.61,14.0,9.325166363573697e-07
24.0,2.61,15.0,7.802878088761234e-05
24.0,2.61,16.0,0.004755838515881072
24.0,2.61,17.0,-1.203316925219133e-05
24.0,2.61,18.0,0.00263593995359368
24.0,2.61,19.0,-0.0025350210324303624
24.0,2.61,20.0,0.002314063994745319
24.0,2.61,21.0,3.5388313121831327e-06
24.0,2.81,0.0,0.03613823733653554
24.0,2.81,1.0,0.0008620984071889826
24.0,2.81,2.0,0.01216963345869726
24.0,2.81,3.0,1.0530923771068235e-06
24.0,2.81,4.0,0.005770467230940657
24.0,2.81,5.0,-0.008287826809833268
24.0,2.81,6.0,0.0010240463388615506
24.0,2.81,7.0,-0.005954737746321673
24.0,2.81,8.0,1.6740945996407408e-05
24.0,2.81,9.0,-0.0019460246447035672
24.0,2.81,10.0,-0.0019917537188368084
24.0,2.81,11.0,3.562715082672252e-08
24.0,2.81,12.0,0.0034185722406969155
24.0,2.81,13.0,0.0027183912101342855
24.0,2.81,14.0,5.267504374613016e-07
24.0,2.81,15.0,8.256411430179744e-05
24.0,2.81,16.0,0.005150556845883447
24.0,2.81,17.0,-1.2033189015428102e-05
24.0,2.81,18.0,0.0028512074546458988
24.0,2.81,19.0,-0.0026600970848322247
24.0,2.81,20.0,0.0024962091346367177
24.0,2.81,21.0,3.538831312627222e-06
24.0,3.01,0.0,0.03853214305561481
24.0,3.01,1.0,0.000918667109819804
24.0,3.01,2.0,0.01297717563908457
24.0,3.01,3.0,1.053092377134579e-06
24.0,3.01,4.0,0.006175374481445783
24.0,3.01,5.0,-0.008841849890860107
24.0,3.01,6.0,0.0011293050358920365
24.0,3.01,7.0,-0.0063515462735804495
24.0,3.01,8.0,1.674094599771192e-05
24.0,3.01,9.0,-0.0019482374601077716
24.0,3.01,10.0,-0.0021278374070504424
24.0,3.01,11.0,3.562715082672252e-08
24.0,3.01,12.0,0.0036564015657775673
24.0,3.01,13.0,0.0028992745199266923
24.0,3.01,14.0,1.9602393500489734e-07
24.0,3.01,15.0,8.703897581327502e-05
24.0,3.01,16.0,0.005540114884131697
24.0,3.01,17.0,-1.2033206677338838e-05
24.0,3.01,18.0,0.003063702675513924
24.0,3.01,19.0,-0.0027834039567921076
24.0,3.01,20.0,0.002675906831095698
24.0,3.01,21.0,3.5388313129047777e-06
24.0,3.21,0.0,0.04089418466207495
24.0,3.21,1.0,0.0009744844482914572
24.0,3.21,2.0,0.013773968354080346
24.0,3.21,3.0,1.053092377134579e-06
24.0,3.21,4.0,0.006574954121658094
24.0,3.21,5.0,-0.009388530230239042
24.0,3.21,6.0,0.001233243665064332
24.0,3.21,7.0,-0.006743090307146218
24.0,3.21,8.0,1.6740945998371115e-05
24.0,3.21,9.0,-0.0019501612139788697
24.0,3.21,10.0,-0.002262126942631698
24.0,3.21,11.0,3.562715082672252e-08
24.0,3.21,12.0,0.0038910873986975347
24.0,3.21,13.0,0.0030777525009983986
24.0,3.21,14.0,-7.385465181567555e-08
24.0,3.21,15.0,9.145452652148389e-05
24.0,3.21,16.0,0.005924598824240956
24.0,3.21,17.0,-1.2033222481486537e-05
24.0,3.21,18.0,0.0032734639365737395
24.0,3.21,19.0,-0.002904985322449871
24.0,3.21,20.0,0.0028532097538077617
24.0,3.21,21.0,3.5388313130435556e-06
24.0,3.41,0.0,0.04322497338551923
24.0,3.41,1.0,0.0010295648064957419
24.0,3.41,2.0,0.014560219473284786
24.0,3.41,3.0,1.053092377134579e-06
24.0,3.41,4.0,0.006969299844308607
24.0,3.41,5.0,-0.00992800866321461
24.0,3.41,6.0,0.0013358778225864842
24.0,3.41,7.0,-0.007129471072863422
24.0,3.41,8.0,1.6740945998496015e-05
24.0,3.41,9.0,-0.0019518361438012736
24.0,3.41,10.0,-0.0023946555387197588
24.0,3.41,11.0,3.562715082672252e-08
24.0,3.41,12.0,0.004122689883090835
24.0,3.41,13.0,0.0032538713802260644
24.0,3.41,14.0,-3.0060406585276266e-07
24.0,3.41,15.0,9.581190514444671e-05
24.0,3.41,16.0,0.006304095382040076
24.0,3.41,17.0,-1.2033236640699101e-05
24.0,3.41,18.0,0.0034805278153047237
24.0,3.41,19.0,-0.003024880221755455
24.0,3.41,20.0,0.003028171359760301
24.0,3.41,21.0,3.538831313071311e-06
24.0,3.61,0.0,0.04552510822318501
24.0,3.61,1.0,0.0010839222872833232
24.0,3.61,2.0,0.015336131926782737
24.0,3.61,3.0,1.0530923771207013e-06
24.0,3.61,4.0,0.007358505787960989
24.0,3.61,5.0,-0.010460423290899787
24.0,3.61,6.0,0.0014372242180253347
24.0,3.61,7.0,-0.007510787737618763
24.0,3.61,8.0,1.6740945998038048e-05
24.0,3.61,9.0,-0.0019532965701739443
24.0,3.61,10.0,-0.002525456105463536
24.0,3.61,11.0,3.562715082672252e-08
24.0,3.61,12.0,0.004351267218626276
24.0,3.61,13.0,0.003427676402203511
24.0,3.61,14.0,-4.932283041388346e-07
24.0,3.61,15.0,0.00010011222767281058
24.0,3.61,16.0,0.006678690736878157
24.0,3.61,17.0,-1.2033249341466543e-05
24.0,3.61,18.0,0.0036849360606233117
24.0,3.61,19.0,-0.003143128712786103
24.0,3.61,20.0,0.0032008394170806587
24.0,3.61,21.0,3.5388313129880444e-06
24.0,3.81,0.0,0.04779515075519036
24.0,3.81,1.0,0.0011375703395566372
24.0,3.81,2.0,0.016101923236514826
24.0,3.81,3.0,1.0530923772317236e-06
24.0,3.81,4.0,0.0077425796579104755
24.0,3.81,5.0,-0.010985908977704809
24.0,3.81,6.0,0.001537298919629726
24.0,3.81,7.0,-0.007887138767252902
24.0,3.81,8.0,1.6740946004768775e-05
24.0,3.81,9.0,-0.0019545719088636475
24.0,3.81,10.0,-0.0026545495986382284
24.0,3.81,11.0,3.562715082672252e-08
24.0,3.81,12.0,0.00457692899882467
24.0,3.81,13.0,0.0035992128038602744
24.0,3.81,14.0,-1.1293182302590258e-06
24.0,3.81,15.0,0.00010435659977853229
24.0,3.81,16.0,0.007048496852569475
24.0,3.81,17.0,-1.203326075152838e-05
24.0,3.81,18.0,0.0038864636048729917
24.0,3.81,19.0,-0.0032595712274002264
24.0,3.81,20.0,0.0033714976821102027
24.0,3.81,21.0,3.5388313144035788e-06
24.0,4.01,0.0,0.05003573792719218
24.0,4.01,1.0,0.0011905234278111743
24.0,4.01,2.0,0.0168577380650603
24.0,4.01,3.0,1.053092377328868e-06
24.0,4.01,4.0,0.008121831785218303
24.0,4.01,5.0,-0.011504599772602639
24.0,4.01,6.0,0.0016361238927495303
24.0,4.01,7.0,-0.008258615952260628
24.0,4.01,8.0,1.6740946009986823e-05
24.0,4.01,9.0,-0.0019556872383802736
24.0,4.01,10.0,-0.0027819972442492957
24.0,4.01,11.0,3.562715082672252e-08
24.0,4.01,12.0,0.004799596701111575
24.0,4.01,13.0,0.0037685214459439176
24.0,4.01,14.0,-1.0137206595975777e-06
24.0,4.01,15.0,0.00010854606142468581
24.0,4.01,16.0,0.007413531903077475
24.0,4.01,17.0,-1.2033271011291325e-05
24.0,4.01,18.0,0.004085838034311007
24.0,4.01,19.0,-0.003374750530905579
24.0,4.01,20.0,0.0035395816818142856
24.0,4.01,21.0,3.538831315513802e-06
