Net_ID,Var,Factor,intervention_effect
0.0,0.01,0.0,0.0002284027478531847
0.0,0.01,1.0,3.154389828724513e-05
0.0,0.01,2.0,-4.608187848148537e-05
0.0,0.01,3.0,3.0526133075192696e-06
0.0,0.01,4.0,0.0001226360042333452
0.0,0.01,5.0,-0.0010776575111624638
0.0,0.01,6.0,0.00026663165779478026
0.0,0.01,7.0,-0.004048738969485827
0.0,0.01,8.0,4.107048773720201e-05
0.0,0.01,9.0,7.515853295614328e-05
0.0,0.01,10.0,-0.0003098281173935513
0.0,0.01,11.0,1.4371501114163188e-07
0.0,0.01,12.0,0.0005411760862995552
0.0,0.01,13.0,-5.971233777662954e-05
0.0,0.01,14.0,-0.002295280163367409
0.0,0.01,15.0,1.1342856602786222e-05
0.0,0.01,16.0,0.00044011845769442726
0.0,0.01,17.0,-0.005717773835480524
0.0,0.01,18.0,0.0009205537742524861
0.0,0.01,19.0,-0.00013927958480930425
0.0,0.01,20.0,0.0001638911512933383
0.0,0.01,21.0,8.933972440505755e-06
0.0,0.51,0.0,0.00022800463332017795
0.0,0.51,1.0,3.1520793266071045e-05
0.0,0.51,2.0,-4.6007691662630634e-05
0.0,0.51,3.0,3.052613307560903e-06
0.0,0.51,4.0,0.0001227173442619467
0.0,0.51,5.0,-0.0010776575115005183
0.0,0.51,6.0,0.0002666345763825406
0.0,0.51,7.0,-0.004048739037284743
0.0,0.51,8.0,4.107048773888122e-05
0.0,0.51,9.0,7.50828351601951e-05
0.0,0.51,10.0,-0.0003098266268617422
0.0,0.51,11.0,1.4371501114163188e-07
0.0,0.51,12.0,0.0005411813622389627
0.0,0.51,13.0,-5.9621348036609234e-05
0.0,0.51,14.0,-0.002295280170859497
0.0,0.51,15.0,1.1347411594225809e-05
0.0,0.51,16.0,0.0004400570814717675
0.0,0.51,17.0,-0.005717778279165267
0.0,0.51,18.0,0.0009205338124990692
0.0,0.51,19.0,-0.00013944555028255756
0.0,0.51,20.0,0.0001639452958542842
0.0,0.51,21.0,8.933972440894333e-06
0.0,1.01,0.0,0.00022760230408813698
0.0,1.01,1.0,3.149738258412249e-05
0.0,1.01,2.0,-4.5932632329159784e-05
0.0,1.01,3.0,3.0526133076025364e-06
0.0,1.01,4.0,0.00012279993730790473
0.0,1.01,5.0,-0.001077657511846605
0.0,1.01,6.0,0.0002666375798324738
0.0,1.01,7.0,-0.004048739106062727
0.0,1.01,8.0,4.1070487740560435e-05
0.0,1.01,9.0,7.500622868022999e-05
0.0,1.01,10.0,-0.0003098251198588309
0.0,1.01,11.0,1.4371501114163188e-07
0.0,1.01,12.0,0.0005411867134236803
0.0,1.01,13.0,-5.952933591490961e-05
0.0,1.01,14.0,-0.00229528017825581
0.0,1.01,15.0,1.1352026079047839e-05
0.0,1.01,16.0,0.00043999499763691663
0.0,1.01,17.0,-0.005717782764525798
0.0,1.01,18.0,0.0009205136182741103
0.0,1.01,19.0,-0.00013961339323720345
0.0,1.01,20.0,0.000164000079325044
0.0,1.01,21.0,8.9339724412274e-06
0.0,1.51,0.0,0.0002271957498546362
0.0,1.51,1.0,3.147366543010399e-05
0.0,1.51,2.0,-4.5856698209167934e-05
0.0,1.51,3.0,3.0526133076441697e-06
0.0,1.51,4.0,0.0001228837867179866
0.0,1.51,5.0,-0.0010776575122007498
0.0,1.51,6.0,0.00026664066840542677
0.0,1.51,7.0,-0.004048739175822814
0.0,1.51,8.0,4.107048774223965e-05
0.0,1.51,9.0,7.492871106090648e-05
0.0,1.51,10.0,-0.0003098235963345797
0.0,1.51,11.0,1.4371501116938745e-07
0.0,1.51,12.0,0.0005411921400673148
0.0,1.51,13.0,-5.943629878985002e-05
0.0,1.51,14.0,-0.0022952801855560916
0.0,1.51,15.0,1.1356700214903981e-05
0.0,1.51,16.0,0.00043993220437699154
0.0,1.51,17.0,-0.005717787291677153
0.0,1.51,18.0,0.0009204931909478353
0.0,1.51,19.0,-0.00013978311855733505
0.0,1.51,20.0,0.0001640555034052582
0.0,1.51,21.0,8.933972441560467e-06
0.0,2.01,0.0,0.00022678496025962946
0.0,2.01,1.0,3.144964098628078e-05
0.0,2.01,2.0,-4.57798870158177e-05
0.0,2.01,3.0,3.052613307685803e-06
0.0,2.01,4.0,0.00012296889586882465
0.0,2.01,5.0,-0.001077657512562978
0.0,2.01,6.0,0.00026664384236568806
0.0,2.01,7.0,-0.004048739246568022
0.0,2.01,8.0,4.107048774391886e-05
0.0,2.01,9.0,7.485027982984116e-05
0.0,2.01,10.0,-0.00030982205623875103
0.0,2.01,11.0,1.4371501116938745e-07
0.0,2.01,12.0,0.0005411976423855269
0.0,2.01,13.0,-5.9342234023707086e-05
0.0,2.01,14.0,-0.0022952801927600837
0.0,2.01,15.0,1.1361434160583883e-05
0.0,2.01,16.0,0.00043986869986911703
0.0,2.01,17.0,-0.0057177918607341505
0.0,2.01,18.0,0.0009204725298872507
0.0,2.01,19.0,-0.00013995473115679946
0.0,2.01,20.0,0.00016411156980578046
0.0,2.01,21.0,8.933972441949045e-06
0.0,2.51,0.0,0.00022636992490887575
0.0,2.51,1.0,3.1425308431531906e-05
0.0,2.51,2.0,-4.570219645289031e-05
0.0,2.51,3.0,3.0526133077274364e-06
0.0,2.51,4.0,0.00012305526815414858
0.0,2.51,5.0,-0.001077657512933316
0.0,2.51,6.0,0.00026664710197848995
0.0,2.51,7.0,-0.004048739318301381
0.0,2.51,8.0,4.1070487745584194e-05
0.0,2.51,9.0,7.477093250402023e-05
0.0,2.51,10.0,-0.0003098204995208298
0.0,2.51,11.0,1.4371501116938745e-07
0.0,2.51,12.0,0.0005412032205946993
0.0,2.51,13.0,-5.9247138968820945e-05
0.0,2.51,14.0,-0.002295280199867526
0.0,2.51,15.0,1.1366228075598839e-05
0.0,2.51,16.0,0.00043980448228120306
0.0,2.51,17.0,-0.005717796471811958
0.0,2.51,18.0,0.0009204516344565317
0.0,2.51,19.0,-0.00014012823596909474
0.0,2.51,20.0,0.00016416828024456986
0.0,2.51,21.0,8.933972442337623e-06
0.0,3.01,0.0,0.00022595063338115562
0.0,3.01,1.0,3.1400666940628597e-05
0.0,3.01,2.0,-4.562362421728361e-05
0.0,3.01,3.0,3.05261330776907e-06
0.0,3.01,4.0,0.00012314290699166897
0.0,3.01,5.0,-0.0010776575133117886
0.0,3.01,6.0,0.00026665044751256195
0.0,3.01,7.0,-0.004048739391025815
0.0,3.01,8.0,4.107048774723565e-05
0.0,3.01,9.0,7.469066659446244e-05
0.0,3.01,10.0,-0.00030981892613041184
0.0,3.01,11.0,1.4371501116938745e-07
0.0,3.01,12.0,0.0005412088749137678
0.0,3.01,13.0,-5.915101097059283e-05
0.0,3.01,14.0,-0.002295280206878162
0.0,3.01,15.0,1.1371082120209541e-05
0.0,3.01,16.0,0.000439739549778162
0.0,3.01,17.0,-0.005717801125023989
0.0,3.01,18.0,0.000920430504019909
0.0,3.01,19.0,-0.00014030363793726686
0.0,3.01,20.0,0.0001642256364449146
0.0,3.01,21.0,8.93397244267069e-06
0.0,3.51,0.0,0.0002255270752297145
0.0,3.51,1.0,3.1375715684456296e-05
0.0,3.51,2.0,-4.5544167999067575e-05
0.0,3.51,3.0,3.052613307810703e-06
0.0,3.51,4.0,0.0001232318158260748
0.0,3.51,5.0,-0.001077657513698421
0.0,3.51,6.0,0.0002666538792404083
0.0,3.51,7.0,-0.004048739464744135
0.0,3.51,8.0,4.1070487748900986e-05
0.0,3.51,9.0,7.460947960677422e-05
0.0,3.51,10.0,-0.00030981733601770367
0.0,3.51,11.0,1.4371501114163188e-07
0.0,3.51,12.0,0.0005412146055639444
0.0,3.51,13.0,-5.9053847368151224e-05
0.0,3.51,14.0,-0.002295280213791736
0.0,3.51,15.0,1.1375996455176285e-05
0.0,3.51,16.0,0.0004396739005211314
0.0,3.51,17.0,-0.00571780582048155
0.0,3.51,18.0,0.0009204091379413359
0.0,3.51,19.0,-0.00014048094201368766
0.0,3.51,20.0,0.0001642836401352099
0.0,3.51,21.0,8.933972443003757e-06
0.0,4.01,0.0,0.00022509923994717962
0.0,4.01,1.0,3.135045383356738e-05
0.0,4.01,2.0,-4.5463825472102926e-05
0.0,4.01,3.0,3.0526133078662143e-06
0.0,4.01,4.0,0.00012332199806475153
0.0,4.01,5.0,-0.0010776575140932405
0.0,4.01,6.0,0.00026665739742331995
0.0,4.01,7.0,-0.00404873953945974
0.0,4.01,8.0,4.107048775055244e-05
0.0,4.01,9.0,7.452736901539248e-05
0.0,4.01,10.0,-0.0003098157291304138
0.0,4.01,11.0,1.4371501116938745e-07
0.0,4.01,12.0,0.000541220412758725
0.0,4.01,13.0,-5.895564547814258e-05
0.0,4.01,14.0,-0.002295280220607976
0.0,4.01,15.0,1.1380971241953253e-05
0.0,4.01,16.0,0.00043960753264671304
0.0,4.01,17.0,-0.005717810558307827
0.0,4.01,18.0,0.0009203875355693891
0.0,4.01,19.0,-0.00014066015321256842
0.0,4.01,20.0,0.0001643422930560634
0.0,4.01,21.0,8.933972443392335e-06
1.0,0.01,0.0,-0.0003277159651013939
1.0,0.01,1.0,1.4676073269992429e-05
1.0,0.01,2.0,4.8144746190359466e-05
1.0,0.01,3.0,3.0357038677403247e-06
1.0,0.01,4.0,-0.0008283639545426658
1.0,0.01,5.0,-0.005692716323453306
1.0,0.01,6.0,0.0005140274330720507
1.0,0.01,7.0,-0.004515921067102163
1.0,0.01,8.0,4.1051901090341514e-05
1.0,0.01,9.0,-1.8510134447285997e-05
1.0,0.01,10.0,-0.0015969886844159897
1.0,0.01,11.0,1.3765095446816034e-07
1.0,0.01,12.0,0.0018804374932898105
1.0,0.01,13.0,4.1235416257945356e-05
1.0,0.01,14.0,-0.0020068833435406335
1.0,0.01,15.0,2.238870822654504e-05
1.0,0.01,16.0,0.0014771986432877693
1.0,0.01,17.0,-0.008713497853534757
1.0,0.01,18.0,0.003580392174966751
1.0,0.01,19.0,-0.00013946084789862034
1.0,0.01,20.0,0.0008640572144742453
1.0,0.01,21.0,6.766849720230006e-06
1.0,0.51,0.0,-0.0009434786558734087
1.0,0.51,1.0,4.354527852024059e-06
1.0,0.51,2.0,0.00012435030122232016
1.0,0.51,3.0,3.0357038682676807e-06
1.0,0.51,4.0,-0.0008171113744530611
1.0,0.51,5.0,-0.005707753778969468
1.0,0.51,6.0,0.0005235606333995335
1.0,0.51,7.0,-0.0045461572192295185
1.0,0.51,8.0,4.1051901113225986e-05
1.0,0.51,9.0,-8.101267237242693e-05
1.0,0.51,10.0,-0.0015944795671181122
1.0,0.51,11.0,1.3765095446816034e-07
1.0,0.51,12.0,0.0018869244709200927
1.0,0.51,13.0,0.00012057397417880589
1.0,0.51,14.0,-0.0020068797273463798
1.0,0.51,15.0,2.3300837972917154e-05
1.0,0.51,16.0,0.0014768521181213745
1.0,0.51,17.0,-0.008719987440529889
1.0,0.51,18.0,0.0035723811786168014
1.0,0.51,19.0,-0.0001671038789039514
1.0,0.51,20.0,0.0008818534500212305
1.0,0.51,21.0,6.766849723949253e-06
1.0,1.01,0.0,-8.466599684009424e-05
1.0,1.01,1.0,1.891753845817412e-05
1.0,1.01,2.0,1.7123407310748462e-05
1.0,1.01,3.0,3.0357038688505478e-06
1.0,1.01,4.0,-0.00083241458422878
1.0,1.01,5.0,-0.0056866612423441265
1.0,1.01,6.0,0.0005107688607767225
1.0,1.01,7.0,-0.004503906153402876
1.0,1.01,8.0,4.105190113874724e-05
1.0,1.01,9.0,6.057346667615038e-06
1.0,1.01,10.0,-0.0015979745798194167
1.0,1.01,11.0,1.3765095446816034e-07
1.0,1.01,12.0,0.0018776169797753983
1.0,1.01,13.0,8.01172958991847e-06
1.0,1.01,14.0,-0.0020068822004226886
1.0,1.01,15.0,2.200140539970752e-05
1.0,1.01,16.0,0.0014779461945651495
1.0,1.01,17.0,-0.008711532701244744
1.0,1.01,18.0,0.003583761249581374
1.0,1.01,19.0,-0.00012730822711870537
1.0,1.01,20.0,0.0008565252275792856
1.0,1.01,21.0,6.766849728168101e-06
1.0,1.51,0.0,-0.0016548491889690764
1.0,1.51,1.0,-2.9226523330927456e-06
1.0,1.51,2.0,0.00019404638153586173
1.0,1.51,3.0,3.0357038692668814e-06
1.0,1.51,4.0,-0.0008112759794891566
1.0,1.51,5.0,-0.005723553029558792
1.0,1.51,6.0,0.0005299469978476967
1.0,1.51,7.0,-0.0045746927792380265
1.0,1.51,8.0,4.1051901156829995e-05
1.0,1.51,9.0,-0.00013732265784577313
1.0,1.51,10.0,-0.0015928612338284576
1.0,1.51,11.0,1.3765095446816034e-07
1.0,1.51,12.0,0.0018916682816605412
1.0,1.51,13.0,0.00019653360926169539
1.0,1.51,14.0,-0.0020068749709565297
1.0,1.51,15.0,2.3870791620361764e-05
1.0,1.51,16.0,0.0014743949708301285
1.0,1.51,17.0,-0.008727659146518046
1.0,1.51,18.0,0.003567224728952878
1.0,1.51,19.0,-0.00019614633488052036
1.0,1.51,20.0,0.0008994977844603014
1.0,1.51,21.0,6.766849731110192e-06
1.0,2.01,0.0,0.00019832744233461153
1.0,2.01,1.0,2.4489469983679513e-05
1.0,2.01,2.0,-1.841229488164231e-05
1.0,2.01,3.0,3.03570386714358e-06
1.0,2.01,4.0,-0.000845185538794202
1.0,2.01,5.0,-0.005688360868012374
1.0,2.01,6.0,0.0005042667764861841
1.0,2.01,7.0,-0.004496532370526607
1.0,2.01,8.0,4.105190106959422e-05
1.0,2.01,9.0,3.440480079533459e-05
1.0,2.01,10.0,-0.001600868978678116
1.0,2.01,11.0,1.3765095446816034e-07
1.0,2.01,12.0,0.0018740638199964965
1.0,2.01,13.0,-2.9132555906197233e-05
1.0,2.01,14.0,-0.002006861395534155
1.0,2.01,15.0,2.177162864730464e-05
1.0,2.01,16.0,0.0014773275756897464
1.0,2.01,17.0,-0.00872181083928971
1.0,2.01,18.0,0.003587755172043572
1.0,2.01,19.0,-0.0001190348036647082
1.0,2.01,20.0,0.0008479063290476319
1.0,2.01,21.0,6.766849716788315e-06
1.0,2.51,0.0,0.0002102010462745607
1.0,2.51,1.0,2.478796568972097e-05
1.0,2.51,2.0,-2.0339782111133964e-05
1.0,2.51,3.0,3.0357038678374693e-06
1.0,2.51,4.0,-0.0008455975116816727
1.0,2.51,5.0,-0.005688083646467668
1.0,2.51,6.0,0.0005039887003551735
1.0,2.51,7.0,-0.004495836324431651
1.0,2.51,8.0,4.1051901098931864e-05
1.0,2.51,9.0,3.598695836626309e-05
1.0,2.51,10.0,-0.001600955359144729
1.0,2.51,11.0,1.3765095444040476e-07
1.0,2.51,12.0,0.0018738647167052536
1.0,2.51,13.0,-3.1123088935214316e-05
1.0,2.51,14.0,-0.002006861040815465
1.0,2.51,15.0,2.1750183599789086e-05
1.0,2.51,16.0,0.0014773139178028694
1.0,2.51,17.0,-0.008721799546345443
1.0,2.51,18.0,0.0035879592559636686
1.0,2.51,19.0,-0.00011842088141589269
1.0,2.51,20.0,0.0008474665696343031
1.0,2.51,21.0,6.766849721617785e-06
1.0,3.01,0.0,0.0003055884298842626
1.0,3.01,1.0,2.600712707223618e-05
1.0,3.01,2.0,-3.067163639924875e-05
1.0,3.01,3.0,3.0357038684758475e-06
1.0,3.01,4.0,-0.000846824294097992
1.0,3.01,5.0,-0.0056859853682772465
1.0,3.01,6.0,0.0005029088565197126
1.0,3.01,7.0,-0.004491753312937691
1.0,3.01,8.0,4.105190112557722e-05
1.0,3.01,9.0,4.435871317817752e-05
1.0,3.01,10.0,-0.0016012556413522172
1.0,3.01,11.0,1.3765095446816034e-07
1.0,3.01,12.0,0.0018730565635035057
1.0,3.01,13.0,-4.2232078165560516e-05
1.0,3.01,14.0,-0.0020068609969746934
1.0,3.01,15.0,2.165804334924859e-05
1.0,3.01,16.0,0.0014775750314697245
1.0,3.01,17.0,-0.008720994368686688
1.0,3.01,18.0,0.003588805483923041
1.0,3.01,19.0,-0.0001143764831659233
1.0,3.01,20.0,0.0008449033577603293
1.0,3.01,21.0,6.766849726058677e-06
1.0,3.51,0.0,-0.0004942905610787474
1.0,3.51,1.0,1.7305125629141216e-05
1.0,3.51,2.0,5.0943147764048735e-05
1.0,3.51,3.0,3.035703868892181e-06
1.0,3.51,4.0,-0.0008397692512905897
1.0,3.51,5.0,-0.005704503085978488
1.0,3.51,6.0,0.0005102296155506947
1.0,3.51,7.0,-0.00452572285174907
1.0,3.51,8.0,4.1051901142771796e-05
1.0,3.51,9.0,-2.3000995111099876e-05
1.0,3.51,10.0,-0.0015993084568587945
1.0,3.51,11.0,1.3765095446816034e-07
1.0,3.51,12.0,0.0018788392277471755
1.0,3.51,13.0,4.564951960278618e-05
1.0,3.51,14.0,-0.00200685769759752
1.0,3.51,15.0,2.2318528812736993e-05
1.0,3.51,16.0,0.001474483198770693
1.0,3.51,17.0,-0.008729347362700424
1.0,3.51,18.0,0.003582825849728577
1.0,3.51,19.0,-0.0001483420736031471
1.0,3.51,20.0,0.0008660573680360217
1.0,3.51,21.0,6.766849728834234e-06
1.0,4.01,0.0,-0.00012350603838395813
1.0,4.01,1.0,2.1527009935795594e-05
1.0,4.01,2.0,1.2753523106867615e-05
1.0,4.01,3.0,3.0357038692668814e-06
1.0,4.01,4.0,-0.000843400515197601
1.0,4.01,5.0,-0.005696164094740858
1.0,4.01,6.0,0.000506660976822948
1.0,4.01,7.0,-0.004510221397370173
1.0,4.01,8.0,4.105190115955004e-05
1.0,4.01,9.0,7.993162268737919e-06
1.0,4.01,10.0,-0.0016002764854287643
1.0,4.01,11.0,1.3765095446816034e-07
1.0,4.01,12.0,0.001876034737714971
1.0,4.01,13.0,4.275950633070291e-06
1.0,4.01,14.0,-0.002006858682141206
1.0,4.01,15.0,2.199267153416007e-05
1.0,4.01,16.0,0.0014758047647587813
1.0,4.01,17.0,-0.00872575358659048
1.0,4.01,18.0,0.003585776229058313
1.0,4.01,19.0,-0.00013265091443870336
1.0,4.01,20.0,0.0008563567253452309
1.0,4.01,21.0,6.766849731609792e-06
2.0,0.01,0.0,-0.00020722276871087963
2.0,0.01,1.0,-6.380815783135763e-06
2.0,0.01,2.0,7.443360550574152e-05
2.0,0.01,3.0,3.038284982076478e-06
2.0,0.01,4.0,0.002318836084401865
2.0,0.01,5.0,-0.009740122826749601
2.0,0.01,6.0,0.003828953955062442
2.0,0.01,7.0,-0.004612222208956573
2.0,0.01,8.0,4.105478947398489e-05
2.0,0.01,9.0,-3.4832014305263836e-05
2.0,0.01,10.0,-0.004062807864362528
2.0,0.01,11.0,1.3861329969944158e-07
2.0,0.01,12.0,0.004721694568067203
2.0,0.01,13.0,7.289909708968478e-05
2.0,0.01,14.0,-6.287083248191999e-06
2.0,0.01,15.0,2.8875044042253606e-05
2.0,0.01,16.0,0.002705402667346535
2.0,0.01,17.0,-0.0033584156160478135
2.0,0.01,18.0,0.0046154714610497916
2.0,0.01,19.0,0.0014202641035751529
2.0,0.01,20.0,0.0015412496161499867
2.0,0.01,21.0,1.1731704301021217e-05
2.0,0.51,0.0,-0.000181018759245255
2.0,0.51,1.0,-3.5604804833333503e-06
2.0,0.51,2.0,6.774628261907445e-05
2.0,0.51,3.0,3.0382849823679114e-06
2.0,0.51,4.0,0.002317035399672207
2.0,0.51,5.0,-0.009740113331014459
2.0,0.51,6.0,0.003828913296723191
2.0,0.51,7.0,-0.004609577909956142
2.0,0.51,8.0,4.1054789485170384e-05
2.0,0.51,9.0,-2.9923390802294447e-05
2.0,0.51,10.0,-0.004063122110488038
2.0,0.51,11.0,1.3861329969944158e-07
2.0,0.51,12.0,0.004719747736495916
2.0,0.51,13.0,6.395080208226878e-05
2.0,0.51,14.0,-6.287083249096362e-06
2.0,0.51,15.0,2.868866236224732e-05
2.0,0.51,16.0,0.0027059604322993147
2.0,0.51,17.0,-0.003357739085449632
2.0,0.51,18.0,0.0046162482545689665
2.0,0.51,19.0,0.0014247980221631096
2.0,0.51,20.0,0.0015394383512382648
2.0,0.51,21.0,1.1731704304240864e-05
2.0,1.01,0.0,-0.00015764602938317385
2.0,1.01,1.0,-1.001815024270769e-06
2.0,1.01,2.0,6.171949415023636e-05
2.0,1.01,3.0,3.038284982645467e-06
2.0,1.01,4.0,0.002315404664380183
2.0,1.01,5.0,-0.009740104982162545
2.0,1.01,6.0,0.003828872277094053
2.0,1.01,7.0,-0.004607195869007347
2.0,1.01,8.0,4.10547894962171e-05
2.0,1.01,9.0,-2.5495471559111582e-05
2.0,1.01,10.0,-0.004063406519945967
2.0,1.01,11.0,1.3861329969944158e-07
2.0,1.01,12.0,0.0047179840313844035
2.0,1.01,13.0,5.591363666845872e-05
2.0,1.01,14.0,-6.287083249988216e-06
2.0,1.01,15.0,2.851979414408845e-05
2.0,1.01,16.0,0.002706459035376363
2.0,1.01,17.0,-0.003357137944950281
2.0,1.01,18.0,0.0046169524328602
2.0,1.01,19.0,0.0014288612181446725
2.0,1.01,20.0,0.0015378126403189363
2.0,1.01,21.0,1.1731704307349489e-05
2.0,1.51,0.0,-0.00013718770050319407
2.0,1.51,1.0,1.2906681066682246e-06
2.0,1.51,2.0,5.6366012125774745e-05
2.0,1.51,3.0,3.038284982923023e-06
2.0,1.51,4.0,0.0023139471950566204
2.0,1.51,5.0,-0.009740097801259019
2.0,1.51,6.0,0.0038288312831813442
2.0,1.51,7.0,-0.004605081138309264
2.0,1.51,8.0,4.1054789507125045e-05
2.0,1.51,9.0,-2.1557293174295777e-05
2.0,1.51,10.0,-0.004063660731045415
2.0,1.51,11.0,1.3861329969944158e-07
2.0,1.51,12.0,0.0047164066558385564
2.0,1.51,13.0,4.880761199888006e-05
2.0,1.51,14.0,-6.287083250867463e-06
2.0,1.51,15.0,2.8368659157784748e-05
2.0,1.51,16.0,0.0027068977495673385
2.0,1.51,17.0,-0.0033566136416078585
2.0,1.51,18.0,0.004617582987591851
2.0,1.51,19.0,0.0014324432828388134
2.0,1.51,20.0,0.0015363762676429138
2.0,1.51,21.0,1.1731704310458113e-05
2.0,2.01,0.0,-0.00011976127812296511
2.0,2.01,1.0,3.3094898748142754e-06
2.0,2.01,2.0,5.17061531241092e-05
2.0,2.01,3.0,3.038284983186701e-06
2.0,2.01,4.0,0.0023126682767843354
2.0,2.01,5.0,-0.009740091820869972
2.0,2.01,6.0,0.003828790740803001
2.0,2.01,7.0,-0.0046032417613787735
2.0,2.01,8.0,4.105478951788033e-05
2.0,2.01,9.0,-1.8123368212719093e-05
2.0,2.01,10.0,-0.0040638840589269365
2.0,2.01,11.0,1.3861329969944158e-07
2.0,2.01,12.0,0.004715020894457411
2.0,2.01,13.0,4.2663300830414475e-05
2.0,2.01,14.0,-6.287083251733951e-06
2.0,2.01,15.0,2.8235666711590168e-05
2.0,2.01,16.0,0.0027072752186725335
2.0,2.01,17.0,-0.0033561684572744888
2.0,2.01,18.0,0.00461813811752354
2.0,2.01,19.0,0.0014355283675897001
2.0,2.01,20.0,0.0015351351453055662
2.0,2.01,21.0,1.1731704313566738e-05
2.0,2.51,0.0,-0.00010552034881272654
2.0,2.51,1.0,5.044017839517245e-06
2.0,2.51,2.0,4.7768212977805646e-05
2.0,2.51,3.0,3.038284983450379e-06
2.0,2.51,4.0,0.0023115752853362093
2.0,2.51,5.0,-0.009740087085292585
2.0,2.51,6.0,0.0038287511242088845
2.0,2.51,7.0,-0.004601688945537058
2.0,2.51,8.0,4.1054789528510716e-05
2.0,2.51,9.0,-1.5214010020164759e-05
2.0,2.51,10.0,-0.004064075476412243
2.0,2.51,11.0,1.3861329969944158e-07
2.0,2.51,12.0,0.004713834240483272
2.0,2.51,13.0,3.7522404599754644e-05
2.0,2.51,14.0,-6.287083252587468e-06
2.0,2.51,15.0,2.812142728109146e-05
2.0,2.51,16.0,0.002707589428603163
2.0,2.51,17.0,-0.0033558055467610842
2.0,2.51,18.0,0.004618615178005769
2.0,2.51,19.0,0.001438094898856379
2.0,2.51,20.0,0.0015340974285630304
2.0,2.51,21.0,1.1731704316619851e-05
2.0,3.01,0.0,-9.46562261101569e-05
2.0,3.01,1.0,6.480264692187987e-06
2.0,3.01,2.0,4.458892631986622e-05
2.0,3.01,3.0,3.0382849837279347e-06
2.0,3.01,4.0,0.0023106778181212206
2.0,3.01,5.0,-0.009740083650715145
2.0,3.01,6.0,0.0038287129668603814
2.0,3.01,7.0,-0.0046004372453797016
2.0,3.01,8.0,4.105478953897457e-05
2.0,3.01,9.0,-1.2855680433215833e-05
2.0,3.01,10.0,-0.004064233593323974
2.0,3.01,11.0,1.3861329969944158e-07
2.0,3.01,12.0,0.004712856532060494
2.0,3.01,13.0,3.34383379964609e-05
2.0,3.01,14.0,-6.287083253427732e-06
2.0,3.01,15.0,2.8026765092864503e-05
2.0,3.01,16.0,0.002707837677734193
2.0,3.01,17.0,-0.003355528976387717
2.0,3.01,18.0,0.004619010626289555
2.0,3.01,19.0,0.0014401152851150067
2.0,3.01,20.0,0.0015332736361735044
2.0,3.01,21.0,1.1731704319617453e-05
2.0,3.51,0.0,-8.739949815017578e-05
2.0,3.51,1.0,7.600672353336169e-06
2.0,3.51,2.0,4.2213948383551525e-05
2.0,3.51,3.0,3.038284983977735e-06
2.0,3.51,4.0,0.002309987833677085
2.0,3.51,5.0,-0.009740081585284947
2.0,3.51,6.0,0.003828676873500081
2.0,3.51,7.0,-0.00459950475657292
2.0,3.51,8.0,4.105478954929964e-05
2.0,3.51,9.0,-1.1081359689635306e-05
2.0,3.51,10.0,-0.004064356634297106
2.0,3.51,11.0,1.3861329969944158e-07
2.0,3.51,12.0,0.00471210009727252
2.0,3.51,13.0,3.0476823851710577e-05
2.0,3.51,14.0,-6.287083254254387e-06
2.0,3.51,15.0,2.7952731656871732e-05
2.0,3.51,16.0,0.0027080165466841777
2.0,3.51,17.0,-0.0033553437622608068
2.0,3.51,18.0,0.004619319962641977
2.0,3.51,19.0,0.0014415556191986756
2.0,3.51,20.0,0.0015326767747209091
2.0,3.51,21.0,1.1731704322559544e-05
2.0,4.01,0.0,-8.402142345131924e-05
2.0,4.01,1.0,8.383881806184323e-06
2.0,4.01,2.0,4.069835612319217e-05
2.0,4.01,3.0,3.038284984227535e-06
2.0,4.01,4.0,0.002309519799431614
2.0,4.01,5.0,-0.00974008096905957
2.0,4.01,6.0,0.0038286435336429836
2.0,4.01,7.0,-0.004598913319255243
2.0,4.01,8.0,4.105478955947206e-05
2.0,4.01,9.0,-9.930937777652415e-06
2.0,4.01,10.0,-0.004064442415104452
2.0,4.01,11.0,1.3861329972719716e-07
2.0,4.01,12.0,0.004711579907601571
2.0,4.01,13.0,2.8716490213465118e-05
2.0,4.01,14.0,-6.287083255066997e-06
2.0,4.01,15.0,2.7900620242604646e-05
2.0,4.01,16.0,0.0027081218679400054
2.0,4.01,17.0,-0.00335525590754146
2.0,4.01,18.0,0.004619537667262641
2.0,4.01,19.0,0.0014423753801489636
2.0,4.01,20.0,0.0015323224657510792
2.0,4.01,21.0,1.1731704325446124e-05
3.0,0.01,0.0,-0.0004360572687900355
3.0,0.01,1.0,-6.2246319385006466e-06
3.0,0.01,2.0,0.00012577935793878225
3.0,0.01,3.0,3.039248430647401e-06
3.0,0.01,4.0,0.003967809780288878
3.0,0.01,5.0,-0.009364540027728612
3.0,0.01,6.0,0.0028654560521155226
3.0,0.01,7.0,-0.00458180757207792
3.0,0.01,8.0,4.1055915185064795e-05
3.0,0.01,9.0,-3.90997900147072e-05
3.0,0.01,10.0,-0.003062789690423562
3.0,0.01,11.0,1.3892939121351588e-07
3.0,0.01,12.0,0.003661994993544193
3.0,0.01,13.0,8.991322481133324e-05
3.0,0.01,14.0,-0.00011934702127550265
3.0,0.01,15.0,3.022697063934099e-05
3.0,0.01,16.0,0.0028129401173951907
3.0,0.01,17.0,-0.0028259917920017835
3.0,0.01,18.0,0.004174362589349334
3.0,0.01,19.0,0.0026954084246234578
3.0,0.01,20.0,0.0022176363807467903
3.0,0.01,21.0,1.0396133124923601e-05
3.0,0.51,0.0,-0.0005772553094957056
3.0,0.51,1.0,-1.619811808606375e-05
3.0,0.51,2.0,0.00017023154110162864
3.0,0.51,3.0,3.0392484308694456e-06
3.0,0.51,4.0,0.0039711839941585225
3.0,0.51,5.0,-0.009364551708459332
3.0,0.51,6.0,0.0028670889673743094
3.0,0.51,7.0,-0.0045878923063177035
3.0,0.51,8.0,4.105591519398821e-05
3.0,0.51,9.0,-6.163404568293451e-05
3.0,0.51,10.0,-0.0030615188197941623
3.0,0.51,11.0,1.3892939121351588e-07
3.0,0.51,12.0,0.003670114261585533
3.0,0.51,13.0,0.00012211426142494375
3.0,0.51,14.0,-0.00011934702072164405
3.0,0.51,15.0,3.1029965465251275e-05
3.0,0.51,16.0,0.0028124878718785995
3.0,0.51,17.0,-0.002835683900617114
3.0,0.51,18.0,0.004172459865900757
3.0,0.51,19.0,0.0026836446171378814
3.0,0.51,20.0,0.0022253563495083784
3.0,0.51,21.0,1.0396133127199558e-05
3.0,1.01,0.0,-0.0007388859187489327
3.0,1.01,1.0,-2.789870567887487e-05
3.0,1.01,2.0,0.0002220350847543795
3.0,1.01,3.0,3.0392484310776124e-06
3.0,1.01,4.0,0.003975131028523982
3.0,1.01,5.0,-0.009364560623740366
3.0,1.01,6.0,0.0028690206419785813
3.0,1.01,7.0,-0.004594931401071617
3.0,1.01,8.0,4.105591520192631e-05
3.0,1.01,9.0,-8.7976557172742e-05
3.0,1.01,10.0,-0.0030600298635041767
3.0,1.01,11.0,1.3892939121351588e-07
3.0,1.01,12.0,0.003679620236085368
3.0,1.01,13.0,0.0001593931012657257
3.0,1.01,14.0,-0.00011934702005051277
3.0,1.01,15.0,3.1971538273001254e-05
3.0,1.01,16.0,0.0028119720551018634
3.0,1.01,17.0,-0.002846925545108181
3.0,1.01,18.0,0.004170227450321695
3.0,1.01,19.0,0.002670095532519845
3.0,1.01,20.0,0.0022343142131006077
3.0,1.01,21.0,1.0396133129142449e-05
3.0,1.51,0.0,-0.0009222429129390752
3.0,1.51,1.0,-4.1530351308771696e-05
3.0,1.51,2.0,0.00028197178871869344
3.0,1.51,3.0,3.0392484312580237e-06
3.0,1.51,4.0,0.003979716232428321
3.0,1.51,5.0,-0.009364565421270604
3.0,1.51,6.0,0.002871289648557096
3.0,1.51,7.0,-0.004603018461815364
3.0,1.51,8.0,4.1055915208781935e-05
3.0,1.51,9.0,-0.00011855839511198951
3.0,1.51,10.0,-0.003058297304835811
3.0,1.51,11.0,1.3892939121351588e-07
3.0,1.51,12.0,0.0036906717890365925
3.0,1.51,13.0,0.00020221980875478884
3.0,1.51,14.0,-0.00011934701925037019
3.0,1.51,15.0,3.306812457684605e-05
3.0,1.51,16.0,0.0028113881623822445
3.0,1.51,17.0,-0.0028598756518730534
3.0,1.51,18.0,0.004167625734083358
3.0,1.51,19.0,0.0026546123968401725
3.0,1.51,20.0,0.0022446351312070956
3.0,1.51,21.0,1.0396133130918805e-05
3.0,2.01,0.0,-0.0011284610565389652
3.0,2.01,1.0,-5.731569669636949e-05
3.0,2.01,2.0,0.0003508715205093882
3.0,2.01,3.0,3.0392484313968016e-06
3.0,2.01,4.0,0.00398501029806797
3.0,2.01,5.0,-0.009364564396814013
3.0,2.01,6.0,0.0028739386701776004
3.0,2.01,7.0,-0.004612251162829442
3.0,2.01,8.0,4.105591521445795e-05
3.0,2.01,9.0,-0.00015384493725362214
3.0,2.01,10.0,-0.003056293285105649
3.0,2.01,11.0,1.3892939121351588e-07
3.0,2.01,12.0,0.0037034412790520332
3.0,2.01,13.0,0.00025107551002218065
3.0,2.01,14.0,-0.00011934701830897448
3.0,2.01,15.0,3.4337707366077774e-05
3.0,2.01,16.0,0.0028107318029368944
3.0,2.01,17.0,-0.0028747019177283173
3.0,2.01,18.0,0.004164611305041754
3.0,2.01,19.0,0.0026370478439952105
3.0,2.01,20.0,0.002256450561514245
3.0,2.01,21.0,1.0396133132306584e-05
3.0,2.51,0.0,-0.001358448938071466
3.0,2.51,1.0,-7.549699192282988e-05
3.0,2.51,2.0,0.0004296085260182547
3.0,2.51,3.0,3.0392484315355794e-06
3.0,2.51,4.0,0.00399108936642012
3.0,2.51,5.0,-0.009364555426003304
3.0,2.51,6.0,0.0028770148106360693
3.0,2.51,7.0,-0.004622730387443985
3.0,2.51,8.0,4.105591521878782e-05
3.0,2.51,9.0,-0.00019433621334891127
3.0,2.51,10.0,-0.0030539874847649306
3.0,2.51,11.0,1.3892939121351588e-07
3.0,2.51,12.0,0.003718114994731736
3.0,2.51,13.0,0.0003064456914395053
3.0,2.51,14.0,-0.00011934701721368349
3.0,2.51,15.0,3.5799902379313187e-05
3.0,2.51,16.0,0.002809998808224079
3.0,2.51,17.0,-0.002891579853449497
3.0,2.51,18.0,0.004161136724399883
3.0,2.51,19.0,0.0026172593273586786
3.0,2.51,20.0,0.002269897353805339
3.0,2.51,21.0,1.0396133133416807e-05
3.0,3.01,0.0,-0.0013020719316912954
3.0,3.01,1.0,-7.204697190005271e-05
3.0,3.01,2.0,0.00041343209944244563
3.0,3.01,3.0,3.0392484317992574e-06
3.0,3.01,4.0,0.003989906898359652
3.0,3.01,5.0,-0.009364530534293971
3.0,3.01,6.0,0.0028765571129640843
3.0,3.01,7.0,-0.004620269369748908
3.0,3.01,8.0,4.1055915229612494e-05
3.0,3.01,9.0,-0.00018636237413000023
3.0,3.01,10.0,-0.003054464368455634
3.0,3.01,11.0,1.3892939121351588e-07
3.0,3.01,12.0,0.003715220891073845
3.0,3.01,13.0,0.00029411391292116784
3.0,3.01,14.0,-0.00011934701753268186
3.0,3.01,15.0,3.5504677830755504e-05
3.0,3.01,16.0,0.002810268192419918
3.0,3.01,17.0,-0.002887786467077727
3.0,3.01,18.0,0.0041618229779599725
3.0,3.01,19.0,0.00262197578386536
3.0,3.01,20.0,0.00226692044403376
3.0,3.01,21.0,1.0396133136192365e-05
3.0,3.51,0.0,-0.0011611929650933162
3.0,3.51,1.0,-6.201775613934313e-05
3.0,3.51,2.0,0.0003686361641851432
3.0,3.51,3.0,3.0392484321045687e-06
3.0,3.51,4.0,0.0039865230042887
3.0,3.51,5.0,-0.009364505102709914
3.0,3.51,6.0,0.002875003292243994
3.0,3.51,7.0,-0.004613955878536358
3.0,3.51,8.0,4.105591524262986e-05
3.0,3.51,9.0,-0.00016370819438005224
3.0,3.51,10.0,-0.0030557818607858667
3.0,3.51,11.0,1.3892939121351588e-07
3.0,3.51,12.0,0.003707002959624617
3.0,3.51,13.0,0.0002615501162689382
3.0,3.51,14.0,-0.00011934701828437779
3.0,3.51,15.0,3.4677113274206306e-05
3.0,3.51,16.0,0.002810820905116085
3.0,3.51,17.0,-0.002877811596126406
3.0,3.51,18.0,0.004163772128807697
3.0,3.51,19.0,0.002633959966033217
3.0,3.51,20.0,0.00225902703695835
3.0,3.51,21.0,1.0396133139467523e-05
3.0,4.01,0.0,-0.0010315717498917687
3.0,4.01,1.0,-5.2787766485817844e-05
3.0,4.01,2.0,0.00032743439765248183
3.0,4.01,3.0,3.039248432423758e-06
3.0,4.01,4.0,0.0039834099705747805
3.0,4.01,5.0,-0.009364482376238286
3.0,4.01,6.0,0.002873566642145442
3.0,4.01,7.0,-0.004608161630495419
3.0,4.01,8.0,4.1055915255522324e-05
3.0,4.01,9.0,-0.00014286687461628755
3.0,4.01,10.0,-0.003056992027925698
3.0,4.01,11.0,1.3892939121351588e-07
3.0,4.01,12.0,0.00369944391231658
3.0,4.01,13.0,0.00023161246244479683
3.0,4.01,14.0,-0.00011934701898758969
3.0,4.01,15.0,3.391635666186166e-05
3.0,4.01,16.0,0.0028113225578612067
3.0,4.01,17.0,-0.0028686524585990886
3.0,4.01,18.0,0.004165564654263876
3.0,4.01,19.0,0.0026449690839419615
3.0,4.01,20.0,0.0022517759358783307
3.0,4.01,21.0,1.039613314274268e-05
4.0,0.01,0.0,-0.0016009029368081462
4.0,0.01,1.0,1.1581023002249502e-06
4.0,0.01,2.0,0.00013154923609987046
4.0,0.01,3.0,3.0354148712746776e-06
4.0,0.01,4.0,-8.698017745611963e-06
4.0,0.01,5.0,-0.0003410504450498164
4.0,0.01,6.0,0.00014820472298104903
4.0,0.01,7.0,-0.006053387210614737
4.0,0.01,8.0,4.105152023163583e-05
4.0,0.01,9.0,-0.00010395016412229063
4.0,0.01,10.0,-8.931076956386619e-05
4.0,0.01,11.0,1.375438921646932e-07
4.0,0.01,12.0,0.0001062954845285069
4.0,0.01,13.0,0.00021762338065822728
4.0,0.01,14.0,-5.626343097863713e-12
4.0,0.01,15.0,2.8392380386210725e-05
4.0,0.01,16.0,4.891825924396853e-05
4.0,0.01,17.0,-0.0004078510278975203
4.0,0.01,18.0,0.00014108378503197017
4.0,0.01,19.0,-3.487422301906573e-05
4.0,0.01,20.0,0.0007288902454062329
4.0,0.01,21.0,1.715957173042959e-05
4.0,0.51,0.0,-0.0015996001933579196
4.0,0.51,1.0,1.1732807456699135e-06
4.0,0.51,2.0,0.0001314555601683587
4.0,0.51,3.0,3.0354148712746776e-06
4.0,0.51,4.0,-8.72511222549388e-06
4.0,0.51,5.0,-0.000341050444858081
4.0,0.51,6.0,0.00014819694475876055
4.0,0.51,7.0,-0.006053383611079063
4.0,0.51,8.0,4.1051520231663585e-05
4.0,0.51,9.0,-0.00010386036196391446
4.0,0.51,10.0,-8.93121423549692e-05
4.0,0.51,11.0,1.375438921646932e-07
4.0,0.51,12.0,0.00010628320735811547
4.0,0.51,13.0,0.00021744565192133303
4.0,0.51,14.0,-5.626343097863714e-12
4.0,0.51,15.0,2.839191236669869e-05
4.0,0.51,16.0,4.895867798182518e-05
4.0,0.51,17.0,-0.00040785102687428685
4.0,0.51,18.0,0.0001410850285084031
4.0,0.51,19.0,-3.479218911384141e-05
4.0,0.51,20.0,0.0007288574563220074
4.0,0.51,21.0,1.715957173042959e-05
4.0,1.01,0.0,-0.0015982982523929934
4.0,1.01,1.0,1.1884500783487795e-06
4.0,1.01,2.0,0.00013136194170726423
4.0,1.01,3.0,3.0354148712746776e-06
4.0,1.01,4.0,-8.752190287064643e-06
4.0,1.01,5.0,-0.0003410504446664645
4.0,1.01,6.0,0.00014818917116032893
4.0,1.01,7.0,-0.0060533800138214576
4.0,1.01,8.0,4.105152023169134e-05
4.0,1.01,9.0,-0.00010377061452687686
4.0,1.01,10.0,-8.931351432500678e-05
4.0,1.01,11.0,1.375438921646932e-07
4.0,1.01,12.0,0.00010627093757220596
4.0,1.01,13.0,0.00021726803240063042
4.0,1.01,14.0,-5.626343097863714e-12
4.0,1.01,15.0,2.839144462651877e-05
4.0,1.01,16.0,4.899907184047203e-05
4.0,1.01,17.0,-0.00040785102585169804
4.0,1.01,18.0,0.00014108627122388917
4.0,1.01,19.0,-3.471020576661932e-05
4.0,1.01,20.0,0.000728824687807994
4.0,1.01,21.0,1.715957173042959e-05
4.0,1.51,0.0,-0.0015969971134779382
4.0,1.51,1.0,1.2036103030910184e-06
4.0,1.51,2.0,0.00013126838068555635
4.0,1.51,3.0,3.0354148712746776e-06
4.0,1.51,4.0,-8.779251938872967e-06
4.0,1.51,5.0,-0.0003410504444749668
4.0,1.51,6.0,0.0001481814021829786
4.0,1.51,7.0,-0.006053376418840747
4.0,1.51,8.0,4.1051520231732974e-05
4.0,1.51,9.0,-0.00010368092178170141
4.0,1.51,10.0,-8.931488547431199e-05
4.0,1.51,11.0,1.3754389213693763e-07
4.0,1.51,12.0,0.00010625867516667054
4.0,1.51,13.0,0.0002170905220370556
4.0,1.51,14.0,-5.626343097863714e-12
4.0,1.51,15.0,2.8390977165476672e-05
4.0,1.51,16.0,4.903944083323175e-05
4.0,1.51,17.0,-0.0004078510248297537
4.0,1.51,18.0,0.00014108751317865043
4.0,1.51,19.0,-3.4628272949976946e-05
4.0,1.51,20.0,0.0007287919398534237
4.0,1.51,21.0,1.71595717304851e-05
4.0,2.01,0.0,-0.0015956967760718532
4.0,2.01,1.0,1.2187614257808121e-06
4.0,2.01,2.0,0.00013117487706454378
4.0,2.01,3.0,3.0354148712885554e-06
4.0,2.01,4.0,-8.806297191910062e-06
4.0,2.01,5.0,-0.00034105044428358786
4.0,2.01,6.0,0.00014817363782360093
4.0,2.01,7.0,-0.006053372826135362
4.0,2.01,8.0,4.105152023176073e-05
4.0,2.01,9.0,-0.00010359128369175075
4.0,2.01,10.0,-8.931625580343994e-05
4.0,2.01,11.0,1.3754389213693763e-07
4.0,2.01,12.0,0.00010624642013673524
4.0,2.01,13.0,0.00021691312075711178
4.0,2.01,14.0,-5.6263430978637146e-12
4.0,2.01,15.0,2.839050998343362e-05
4.0,2.01,16.0,4.9079784976979735e-05
4.0,2.01,17.0,-0.0004078510238084532
4.0,2.01,18.0,0.00014108875437301993
4.0,2.01,19.0,-3.45463906296084e-05
4.0,2.01,20.0,0.0007287592124441966
4.0,2.01,21.0,1.71595717304851e-05
4.0,2.51,0.0,-0.0015943972397145512
4.0,2.51,1.0,1.2339034518027425e-06
4.0,2.51,2.0,0.00013108143081153045
4.0,2.51,3.0,3.0354148712746776e-06
4.0,2.51,4.0,-8.833326055612822e-06
4.0,2.51,5.0,-0.00034105044409232766
4.0,2.51,6.0,0.00014816587807986448
4.0,2.51,7.0,-0.006053369235704035
4.0,2.51,8.0,4.105152023180236e-05
4.0,2.51,9.0,-0.00010350170022582761
4.0,2.51,10.0,-8.931762531289023e-05
4.0,2.51,11.0,1.3754389213693763e-07
4.0,2.51,12.0,0.00010623417247823674
4.0,2.51,13.0,0.00021673582849834894
4.0,2.51,14.0,-5.6263430978637146e-12
4.0,2.51,15.0,2.8390043080250837e-05
4.0,2.51,16.0,4.912010428564928e-05
4.0,2.51,17.0,-0.00040785102278779637
4.0,2.51,18.0,0.00014108999480744178
4.0,2.51,19.0,-3.4464558776869936e-05
4.0,2.51,20.0,0.0007287265055687664
4.0,2.51,21.0,1.71595717304851e-05
4.0,3.01,0.0,-0.0015930985038912215
4.0,3.01,1.0,1.249036386818947e-06
4.0,3.01,2.0,0.00013098804188971247
4.0,3.01,3.0,3.0354148712746776e-06
4.0,3.01,4.0,-8.860338540417345e-06
4.0,3.01,5.0,-0.00034105044390118607
4.0,3.01,6.0,0.00014815812294877162
4.0,3.01,7.0,-0.00605336564754528
4.0,3.01,8.0,4.105152023181624e-05
4.0,3.01,9.0,-0.0001034121713491265
4.0,3.01,10.0,-8.931899400321797e-05
4.0,3.01,11.0,1.3754389213693763e-07
4.0,3.01,12.0,0.00010622193218634557
4.0,3.01,13.0,0.000216558645190712
4.0,3.01,14.0,-5.6263430978637146e-12
4.0,3.01,15.0,2.838957645576179e-05
4.0,3.01,16.0,4.9160398775560665e-05
4.0,3.01,17.0,-0.00040785102176778265
4.0,3.01,18.0,0.00014109123448236005
4.0,3.01,19.0,-3.438277735923201e-05
4.0,3.01,20.0,0.0007286938192138104
4.0,3.01,21.0,1.715957173042959e-05
4.0,3.51,0.0,-0.0015918005681394565
4.0,3.51,1.0,1.2641602361029847e-06
4.0,3.51,2.0,0.0001308947102660607
4.0,3.51,3.0,3.0354148712746776e-06
4.0,3.51,4.0,-8.887334655205414e-06
4.0,3.51,5.0,-0.00034105044371016304
4.0,3.51,6.0,0.00014815037242776885
4.0,3.51,7.0,-0.00605336206165784
4.0,3.51,8.0,4.1051520231857874e-05
4.0,3.51,9.0,-0.00010332269703033914
4.0,3.51,10.0,-8.932036187475623e-05
4.0,3.51,11.0,1.3754389213693763e-07
4.0,3.51,12.0,0.00010620969925706492
4.0,3.51,13.0,0.00021638157077163989
4.0,3.51,14.0,-5.626343097863715e-12
4.0,3.51,15.0,2.838911010974443e-05
4.0,3.51,16.0,4.9200668460869235e-05
4.0,3.51,17.0,-0.0004078510207484118
4.0,3.51,18.0,0.00014109247339866293
4.0,3.51,19.0,-3.4301046347384734e-05
4.0,3.51,20.0,0.0007286611533674492
4.0,3.51,21.0,1.7159571730540613e-05
4.0,4.01,0.0,-0.001590503431926682
4.0,4.01,1.0,1.2792750054835267e-06
4.0,4.01,2.0,0.0001308014359026055
4.0,4.01,3.0,3.0354148712885554e-06
4.0,4.01,4.0,-8.914314411745394e-06
4.0,4.01,5.0,-0.00034105044351925845
4.0,4.01,6.0,0.0001481426265135255
4.0,4.01,7.0,-0.006053358478040162
4.0,4.01,8.0,4.105152023189951e-05
4.0,4.01,9.0,-0.00010323327723321674
4.0,4.01,10.0,-8.932172892817114e-05
4.0,4.01,11.0,1.3754389213693763e-07
4.0,4.01,12.0,0.00010619747368523225
4.0,4.01,13.0,0.00021620460516863504
4.0,4.01,14.0,-5.626343097863715e-12
4.0,4.01,15.0,2.838864404203223e-05
4.0,4.01,16.0,4.924091335795078e-05
4.0,4.01,17.0,-0.0004078510197296833
4.0,4.01,18.0,0.00014109371155612838
4.0,4.01,19.0,-3.421936570813244e-05
4.0,4.01,20.0,0.0007286285080161381
4.0,4.01,21.0,1.71595717304851e-05
5.0,0.01,0.0,0.0001558498112519402
5.0,0.01,1.0,2.5912481191381342e-05
5.0,0.01,2.0,2.1989425146307084e-06
5.0,0.01,3.0,3.036306599965566e-06
5.0,0.01,4.0,-0.0005603962362110693
5.0,0.01,5.0,-0.005087932715146036
5.0,0.01,6.0,0.0012843693059280126
5.0,0.01,7.0,-0.005121805408659988
5.0,0.01,8.0,4.105262529720266e-05
5.0,0.01,9.0,2.3691771063316658e-05
5.0,0.01,10.0,-0.0018844886542456751
5.0,0.01,11.0,1.378613466440637e-07
5.0,0.01,12.0,0.0012599058993006396
5.0,0.01,13.0,-1.568267484780561e-05
5.0,0.01,14.0,-0.00024081442085814586
5.0,0.01,15.0,2.685103504593278e-05
5.0,0.01,16.0,0.00018584942404070715
5.0,0.01,17.0,-0.006489680029506088
5.0,0.01,18.0,0.0015145385774217868
5.0,0.01,19.0,0.0001439480513605318
5.0,0.01,20.0,0.0005387813107559092
5.0,0.01,21.0,1.822357371855654e-05
5.0,0.51,0.0,0.00020419707102059537
5.0,0.51,1.0,2.7780634064833443e-05
5.0,0.51,2.0,-7.931576699427012e-06
5.0,0.51,3.0,3.0363066007843553e-06
5.0,0.51,4.0,-0.0005660265268361275
5.0,0.51,5.0,-0.005087673452353829
5.0,0.51,6.0,0.001283479013844624
5.0,0.51,7.0,-0.005120773547043808
5.0,0.51,8.0,4.105262533057874e-05
5.0,0.51,9.0,3.061943166410286e-05
5.0,0.51,10.0,-0.0018849431938445793
5.0,0.51,11.0,1.378613466440637e-07
5.0,0.51,12.0,0.0012590689856145643
5.0,0.51,13.0,-2.2573334229891717e-05
5.0,0.51,14.0,-0.0002414750468711785
5.0,0.51,15.0,2.6700322409783928e-05
5.0,0.51,16.0,0.00018897581030524746
5.0,0.51,17.0,-0.006489681487008925
5.0,0.51,18.0,0.00151472503255079
5.0,0.51,19.0,0.00015487490023657902
5.0,0.51,20.0,0.0005364348256069462
5.0,0.51,21.0,1.8223573733378018e-05
5.0,1.01,0.0,-0.0005318466810669831
5.0,1.01,1.0,1.5474675002791205e-05
5.0,1.01,2.0,8.788438556583955e-05
5.0,1.01,3.0,3.0363066014227336e-06
5.0,1.01,4.0,-0.0005254626816868502
5.0,1.01,5.0,-0.005096182577445582
5.0,1.01,6.0,0.0012885200527922303
5.0,1.01,7.0,-0.005137097343690063
5.0,1.01,8.0,4.105262535773757e-05
5.0,1.01,9.0,-3.423427371240795e-05
5.0,1.01,10.0,-0.0018825290564837838
5.0,1.01,11.0,1.378613466440637e-07
5.0,1.01,12.0,0.0012652940638955834
5.0,1.01,13.0,5.351070846298933e-05
5.0,1.01,14.0,-0.00023265780957369697
5.0,1.01,15.0,2.768265388258806e-05
5.0,1.01,16.0,0.00015686751218196848
5.0,1.01,17.0,-0.006490059348875502
5.0,1.01,18.0,0.0015134622178694102
5.0,1.01,19.0,4.009799876270037e-05
5.0,1.01,20.0,0.000566370523433668
5.0,1.01,21.0,1.8223573745423938e-05
5.0,1.51,0.0,-0.0010353022191762484
5.0,1.51,1.0,5.8774115770376945e-06
5.0,1.51,2.0,0.00015838280503943647
5.0,1.51,3.0,3.036306601991723e-06
5.0,1.51,4.0,-0.0004936826133296046
5.0,1.51,5.0,-0.005101719436823242
5.0,1.51,6.0,0.0012929022828991332
5.0,1.51,7.0,-0.00514849104337789
5.0,1.51,8.0,4.105262538087184e-05
5.0,1.51,9.0,-8.273728038771244e-05
5.0,1.51,10.0,-0.001880525747347539
5.0,1.51,11.0,1.378613466440637e-07
5.0,1.51,12.0,0.0012699883851178262
5.0,1.51,13.0,0.00010721498752330749
5.0,1.51,14.0,-0.00022653463686050923
5.0,1.51,15.0,2.8428786197631783e-05
5.0,1.51,16.0,0.00013377359044564052
5.0,1.51,17.0,-0.006490312688592624
5.0,1.51,18.0,0.0015125487719077624
5.0,1.51,19.0,-4.19064130655622e-05
5.0,1.51,20.0,0.0005876285065743447
5.0,1.51,21.0,1.8223573755749012e-05
5.0,2.01,0.0,-0.00020263833315370405
5.0,2.01,1.0,2.0968729314674306e-05
5.0,2.01,2.0,4.4564894148391154e-05
5.0,2.01,3.0,3.0363066026578567e-06
5.0,2.01,4.0,-0.0005430935548673688
5.0,2.01,5.0,-0.005092143542696201
5.0,2.01,6.0,0.0012866682038376043
5.0,2.01,7.0,-0.005129492846104831
5.0,2.01,8.0,4.105262540918253e-05
5.0,2.01,9.0,-5.257646160272689e-06
5.0,2.01,10.0,-0.001883569689805964
5.0,2.01,11.0,1.378613466440637e-07
5.0,2.01,12.0,0.0012624503264639375
5.0,2.01,13.0,1.8307665763495073e-05
5.0,2.01,14.0,-0.00023668842269321255
5.0,2.01,15.0,2.7225077580073087e-05
5.0,2.01,16.0,0.00017170948223144133
5.0,2.01,17.0,-0.006489915008978631
5.0,2.01,18.0,0.0015141011773219804
5.0,2.01,19.0,9.304408799204467e-05
5.0,2.01,20.0,0.0005524576176425544
5.0,2.01,21.0,1.8223573768350043e-05
5.0,2.51,0.0,0.00018742836947516217
5.0,2.51,1.0,2.8131328101033137e-05
5.0,2.51,2.0,-8.514790922231619e-06
5.0,2.51,3.0,3.0363066032684793e-06
5.0,2.51,4.0,-0.0005665522294917569
5.0,2.51,5.0,-0.005087959326603976
5.0,2.51,6.0,0.00128358403097395
5.0,2.51,7.0,-0.005120989080928839
5.0,2.51,8.0,4.1052625435383794e-05
5.0,2.51,9.0,3.087697301307202e-05
5.0,2.51,10.0,-0.001885066253350498
5.0,2.51,11.0,1.378613466440637e-07
5.0,2.51,12.0,0.0012588868220996252
5.0,2.51,13.0,-2.295775831440139e-05
5.0,2.51,14.0,-0.0002413344112068977
5.0,2.51,15.0,2.6668477579067096e-05
5.0,2.51,16.0,0.0001892514577322979
5.0,2.51,17.0,-0.006489751338829834
5.0,2.51,18.0,0.001514766654781008
5.0,2.51,19.0,0.00015564426314684798
5.0,2.51,20.0,0.0005363710960644141
5.0,2.51,21.0,1.8223573779896363e-05
5.0,3.01,0.0,0.00015713882695977954
5.0,3.01,1.0,2.845437232101844e-05
5.0,3.01,2.0,-7.640562423194552e-06
5.0,3.01,3.0,3.0363066038374686e-06
5.0,3.01,4.0,-0.0005672466191676273
5.0,3.01,5.0,-0.00508857921960313
5.0,3.01,6.0,0.00128332599629577
5.0,3.01,7.0,-0.005121731342965875
5.0,3.01,8.0,4.10526254589344e-05
5.0,3.01,9.0,3.0347961503585097e-05
5.0,3.01,10.0,-0.0018852098703363018
5.0,3.01,11.0,1.3786134667181926e-07
5.0,3.01,12.0,0.0012588015243286677
5.0,3.01,13.0,-2.137038061716945e-05
5.0,3.01,14.0,-0.00024102734252810787
5.0,3.01,15.0,2.664678001684795e-05
5.0,3.01,16.0,0.00018872178203716006
5.0,3.01,17.0,-0.006489793606576125
5.0,3.01,18.0,0.001514773227656141
5.0,3.01,19.0,0.00015363463165196656
5.0,3.01,20.0,0.0005372961512355445
5.0,3.01,21.0,1.822357379038797e-05
5.0,3.51,0.0,-0.0007875247681469189
5.0,3.51,1.0,1.446935382576342e-05
5.0,3.51,2.0,0.00010765805531698369
5.0,3.51,3.0,3.036306604281558e-06
5.0,3.51,4.0,-0.0005194251337119482
5.0,3.51,5.0,-0.005099168981828273
5.0,3.51,6.0,0.001289319066096084
5.0,3.51,7.0,-0.005141850597846526
5.0,3.51,8.0,4.1052625477405735e-05
5.0,3.51,9.0,-4.836456514889509e-05
5.0,3.51,10.0,-0.0018824416977156755
5.0,3.51,11.0,1.3786134667181926e-07
5.0,3.51,12.0,0.0012660191002807353
5.0,3.51,13.0,7.080183720770128e-05
5.0,3.51,14.0,-0.00023029291694545706
5.0,3.51,15.0,2.7694914098985723e-05
5.0,3.51,16.0,0.00015013687676806997
5.0,3.51,17.0,-0.006490258941707957
5.0,3.51,18.0,0.0015136274414040418
5.0,3.51,19.0,1.5192008687603398e-05
5.0,3.51,20.0,0.0005743365765270569
5.0,3.51,21.0,1.822357379854811e-05
5.0,4.01,0.0,-0.0008609042123788324
5.0,4.01,1.0,1.2963704749791027e-05
5.0,4.01,2.0,0.00011836175458590503
5.0,4.01,3.0,3.0363066046978915e-06
5.0,4.01,4.0,-0.0005140429925012402
5.0,4.01,5.0,-0.005099835705066773
5.0,4.01,6.0,0.0012902714376485935
5.0,4.01,7.0,-0.005143449260382772
5.0,4.01,8.0,4.1052625495099915e-05
5.0,4.01,9.0,-5.611205192818103e-05
5.0,4.01,10.0,-0.0018820858151339381
5.0,4.01,11.0,1.378613466440637e-07
5.0,4.01,12.0,0.0012667028035676653
5.0,4.01,13.0,7.817578249141865e-05
5.0,4.01,14.0,-0.00022944587938419914
5.0,4.01,15.0,2.7796738956697986e-05
5.0,4.01,16.0,0.00014686275241743152
5.0,4.01,17.0,-0.0064903044785383016
5.0,4.01,18.0,0.0015135431654044185
5.0,4.01,19.0,3.6572902332165924e-06
5.0,4.01,20.0,0.0005774025658716875
5.0,4.01,21.0,1.8223573806430693e-05
6.0,0.01,0.0,0.0003932141642923881
6.0,0.01,1.0,0.0001917625112295429
6.0,0.01,2.0,-0.0004434281491498826
6.0,0.01,3.0,3.0781232558674265e-06
6.0,0.01,4.0,-0.0009667551964307464
6.0,0.01,5.0,-0.002896034408518877
6.0,0.01,6.0,0.0006501439971144385
6.0,0.01,7.0,-0.003282200282830827
6.0,0.01,8.0,4.110036244772686e-05
6.0,0.01,9.0,0.00024112797879738412
6.0,0.01,10.0,-0.0006551552518510029
6.0,0.01,11.0,1.530345352385165e-07
6.0,0.01,12.0,0.0011443284189940894
6.0,0.01,13.0,-0.000344486839548408
6.0,0.01,14.0,-0.0001368665097170943
6.0,0.01,15.0,-2.5901983928405814e-05
6.0,0.01,16.0,0.000625207085465207
6.0,0.01,17.0,-0.005579223767627116
6.0,0.01,18.0,0.0015250910251703997
6.0,0.01,19.0,0.0004742677065246448
6.0,0.01,20.0,0.00040034410141542853
6.0,0.01,21.0,1.7037611091730298e-05
6.0,0.51,0.0,0.0003389994427125398
6.0,0.51,1.0,0.00019288739572143054
6.0,0.51,2.0,-0.0004350032974621554
6.0,0.51,3.0,3.0781232998322583e-06
6.0,0.51,4.0,-0.0009728868735676688
6.0,0.51,5.0,-0.002898095829295899
6.0,0.51,6.0,0.0006536472534608428
6.0,0.51,7.0,-0.0032884625151223534
6.0,0.51,8.0,4.110036407035944e-05
6.0,0.51,9.0,0.00022205303834138546
6.0,0.51,10.0,-0.0006492643844829282
6.0,0.51,11.0,1.5303453568260572e-07
6.0,0.51,12.0,0.0011557865949236024
6.0,0.51,13.0,-0.00032447925059103655
6.0,0.51,14.0,-0.00013755159118943733
6.0,0.51,15.0,-2.7300127914242633e-05
6.0,0.51,16.0,0.0006412648896777506
6.0,0.51,17.0,-0.005578263821392232
6.0,0.51,18.0,0.0015165183965887286
6.0,0.51,19.0,0.000463205981988124
6.0,0.51,20.0,0.00041128394162970316
6.0,0.51,21.0,1.7037611765080563e-05
6.0,1.01,0.0,-0.0003994460043332815
6.0,1.01,1.0,7.521269289284538e-05
6.0,1.01,2.0,-4.7650560266010444e-05
6.0,1.01,3.0,3.0781233161525368e-06
6.0,1.01,4.0,-0.0007016333911290529
6.0,1.01,5.0,-0.0028922815239448008
6.0,1.01,6.0,0.0006724804017379515
6.0,1.01,7.0,-0.003395327140090526
6.0,1.01,8.0,4.11003647224073e-05
6.0,1.01,9.0,-3.3176177946903085e-05
6.0,1.01,10.0,-0.0006280981023920607
6.0,1.01,11.0,1.5303453587689475e-07
6.0,1.01,12.0,0.0012191640833003614
6.0,1.01,13.0,7.165484263971234e-05
6.0,1.01,14.0,-0.00012154816612371805
6.0,1.01,15.0,-9.564470052875196e-06
6.0,1.01,16.0,0.0007316711307371326
6.0,1.01,17.0,-0.005602248976030372
6.0,1.01,18.0,0.0013840299437590242
6.0,1.01,19.0,0.00020269535354688895
6.0,1.01,20.0,0.0004694242129288373
6.0,1.01,21.0,1.7037612035697425e-05
6.0,1.51,0.0,0.0003420103973850175
6.0,1.51,1.0,0.00021812313894586932
6.0,1.51,2.0,-0.0004897440756896909
6.0,1.51,3.0,3.0781233605892133e-06
6.0,1.51,4.0,-0.001032141230069894
6.0,1.51,5.0,-0.0029046354700380528
6.0,1.51,6.0,0.0006554595926736018
6.0,1.51,7.0,-0.003280140806790899
6.0,1.51,8.0,4.110036638314829e-05
6.0,1.51,9.0,0.000246113958834282
6.0,1.51,10.0,-0.0006508878958809139
6.0,1.51,11.0,1.5303453632098396e-07
6.0,1.51,12.0,0.00115251710541997
6.0,1.51,13.0,-0.000363023895784631
6.0,1.51,14.0,-0.00014065972332460291
6.0,1.51,15.0,-3.2485041354474165e-05
6.0,1.51,16.0,0.000647583328753143
6.0,1.51,17.0,-0.0055764129498439875
6.0,1.51,18.0,0.0015385326030259994
6.0,1.51,19.0,0.0004925536839781586
6.0,1.51,20.0,0.00041479855223347517
6.0,1.51,21.0,1.7037612724868367e-05
6.0,2.01,0.0,0.00013167325908958194
6.0,2.01,1.0,0.0002016762992318455
6.0,2.01,2.0,-0.0004191298051700043
6.0,2.01,3.0,3.078123388677856e-06
6.0,2.01,4.0,-0.0009917022419398958
6.0,2.01,5.0,-0.002904472045646783
6.0,2.01,6.0,0.000660813015447681
6.0,2.01,7.0,-0.0033004561932387932
6.0,2.01,8.0,4.110036744066348e-05
6.0,2.01,9.0,0.00019446263260447516
6.0,2.01,10.0,-0.000647506310565038
6.0,2.01,11.0,1.5303453659853972e-07
6.0,2.01,12.0,0.001163091743368927
6.0,2.01,13.0,-0.0002829629203821571
6.0,2.01,14.0,-0.00013844751720536869
6.0,2.01,15.0,-3.062112549967466e-05
6.0,2.01,16.0,0.000672383828054457
6.0,2.01,17.0,-0.00557697903411826
6.0,2.01,18.0,0.0015193840689186056
6.0,2.01,19.0,0.0004424373571181861
6.0,2.01,20.0,0.00043036295677012504
6.0,2.01,21.0,1.7037613163684018e-05
6.0,2.51,0.0,-0.0003433697062484864
6.0,2.51,1.0,0.00017386423865023426
6.0,2.51,2.0,-0.00028846069060872725
6.0,2.51,3.0,3.0781234103965938e-06
6.0,2.51,4.0,-0.0009228015076057083
6.0,2.51,5.0,-0.0029091876606224254
6.0,2.51,6.0,0.0006695504993320944
6.0,2.51,7.0,-0.00334311639824042
6.0,2.51,8.0,4.110036826977803e-05
6.0,2.51,9.0,0.00010095085183117747
6.0,2.51,10.0,-0.0006425292789204451
6.0,2.51,11.0,1.5303453679282875e-07
6.0,2.51,12.0,0.0011816908400967274
6.0,2.51,13.0,-0.00012969678453916833
6.0,2.51,14.0,-0.00013328859807920646
6.0,2.51,15.0,-2.7503373449561108e-05
6.0,2.51,16.0,0.000716793387883552
6.0,2.51,17.0,-0.005585893193990405
6.0,2.51,18.0,0.0014879900490490372
6.0,2.51,19.0,0.00034834831643837383
6.0,2.51,20.0,0.0004609805511756049
6.0,2.51,21.0,1.7037613507742133e-05
6.0,3.01,0.0,0.00036360318255246327
6.0,3.01,1.0,0.00023411617374990978
6.0,3.01,2.0,-0.0005345262184221489
6.0,3.01,3.0,3.078123428160162e-06
6.0,3.01,4.0,-0.0010660823476995596
6.0,3.01,5.0,-0.0029034290274611574
6.0,3.01,6.0,0.0006543787820897373
6.0,3.01,7.0,-0.0032641430455259135
6.0,3.01,8.0,4.110036896141922e-05
6.0,3.01,9.0,0.0002767434088627452
6.0,3.01,10.0,-0.000653240221355933
6.0,3.01,11.0,1.530345369593622e-07
6.0,3.01,12.0,0.0011443731537466584
6.0,3.01,13.0,-0.00040423639876352446
6.0,3.01,14.0,-0.00014344635812309908
6.0,3.01,15.0,-3.5194821467965376e-05
6.0,3.01,16.0,0.0006409223805635689
6.0,3.01,17.0,-0.005567088448047305
6.0,3.01,18.0,0.0015559870664556552
6.0,3.01,19.0,0.0005225467471717815
6.0,3.01,20.0,0.00040966241984952134
6.0,3.01,21.0,1.7037613794845807e-05
6.0,3.51,0.0,-1.6160947371446355e-06
6.0,3.51,1.0,0.00021407235607623365
6.0,3.51,2.0,-0.00043593495575999786
6.0,3.51,3.0,3.0781234383880918e-06
6.0,3.51,4.0,-0.0010145587580888682
6.0,3.51,5.0,-0.0029072385618917618
6.0,3.51,6.0,0.0006613843857175006
6.0,3.51,7.0,-0.0032984313594523473
6.0,3.51,8.0,4.1100369359795e-05
6.0,3.51,9.0,0.00020033533465113607
6.0,3.51,10.0,-0.0006497592897616311
6.0,3.51,11.0,1.530345370703845e-07
6.0,3.51,12.0,0.0011574631519794543
6.0,3.51,13.0,-0.00029008923334056247
6.0,3.51,14.0,-0.00013963951428253019
6.0,3.51,15.0,-3.313032095805801e-05
6.0,3.51,16.0,0.0006759855015281424
6.0,3.51,17.0,-0.005574011608529866
6.0,3.51,18.0,0.0015343482849247136
6.0,3.51,19.0,0.0004512491978834743
6.0,3.51,20.0,0.0004341504599743029
6.0,3.51,21.0,1.7037613960158016e-05
6.0,4.01,0.0,-0.0005158303094303651
6.0,4.01,1.0,0.0001967019343017684
6.0,4.01,2.0,-0.00033232648377057306
6.0,4.01,3.0,3.078123447269876e-06
6.0,4.01,4.0,-0.0009669452666277722
6.0,4.01,5.0,-0.0029140087446105356
6.0,4.01,6.0,0.0006675780798469644
6.0,4.01,7.0,-0.0033362841698470758
6.0,4.01,8.0,4.110036971100017e-05
6.0,4.01,9.0,0.0001223296567969545
6.0,4.01,10.0,-0.0006469291265294164
6.0,4.01,11.0,1.5303453715365123e-07
6.0,4.01,12.0,0.0011694222167943358
6.0,4.01,13.0,-0.000163469914191805
6.0,4.01,14.0,-0.0001353844022428663
6.0,4.01,15.0,-3.150965914222592e-05
6.0,4.01,16.0,0.0007123902060608422
6.0,4.01,17.0,-0.0055827741964324835
6.0,4.01,18.0,0.0015159270648729128
6.0,4.01,19.0,0.0003747272265187118
6.0,4.01,20.0,0.0004628982937731063
6.0,4.01,21.0,1.7037614105874788e-05
7.0,0.01,0.0,4.430498091956281e-06
7.0,0.01,1.0,3.043752725462312e-05
7.0,0.01,2.0,-1.6990718548770545e-06
7.0,0.01,3.0,3.090209354378315e-06
7.0,0.01,4.0,0.0023116959211658683
7.0,0.01,5.0,-0.007818798441148741
7.0,0.01,6.0,0.0038047777689096396
7.0,0.01,7.0,-0.0040173742163678305
7.0,0.01,8.0,4.111327465464165e-05
7.0,0.01,9.0,1.3901735600174714e-05
7.0,0.01,10.0,-0.0022541550281040545
7.0,0.01,11.0,1.5782437928768545e-07
7.0,0.01,12.0,0.003198006595714009
7.0,0.01,13.0,-4.698093041377582e-06
7.0,0.01,14.0,-0.0007895265486454958
7.0,0.01,15.0,2.4073806973196055e-05
7.0,0.01,16.0,0.001951581916106171
7.0,0.01,17.0,-0.0028741828067836567
7.0,0.01,18.0,0.004463696992391131
7.0,0.01,19.0,0.00170028534221911
7.0,0.01,20.0,0.0017247079329771875
7.0,0.01,21.0,9.078017162156282e-06
7.0,0.51,0.0,4.409120280546297e-06
7.0,0.51,1.0,3.0423151691716388e-05
7.0,0.51,2.0,-1.6559408313465696e-06
7.0,0.51,3.0,3.0902093544060705e-06
7.0,0.51,4.0,0.0023118525976171256
7.0,0.51,5.0,-0.007818798564290238
7.0,0.51,6.0,0.0038046861840013158
7.0,0.51,7.0,-0.004017375603389939
7.0,0.51,8.0,4.1113274655432686e-05
7.0,0.51,9.0,1.3883169598494227e-05
7.0,0.51,10.0,-0.002254139579980774
7.0,0.51,11.0,1.5782437928768545e-07
7.0,0.51,12.0,0.003198024054506976
7.0,0.51,13.0,-4.682692342605765e-06
7.0,0.51,14.0,-0.0007895221200297717
7.0,0.51,15.0,2.40792932844347e-05
7.0,0.51,16.0,0.001951515663619452
7.0,0.51,17.0,-0.0028741910169631513
7.0,0.51,18.0,0.004463615537332655
7.0,0.51,19.0,0.001700236113998832
7.0,0.51,20.0,0.001724702281005408
7.0,0.51,21.0,9.078017162322816e-06
7.0,1.01,0.0,4.373027798432183e-06
7.0,1.01,1.0,3.040111267549328e-05
7.0,1.01,2.0,-1.5883821591344827e-06
7.0,1.01,3.0,3.0902093544199483e-06
7.0,1.01,4.0,0.0023120039035956497
7.0,1.01,5.0,-0.007818798698142743
7.0,1.01,6.0,0.0038046075459139406
7.0,1.01,7.0,-0.004017378458436666
7.0,1.01,8.0,4.1113274656057186e-05
7.0,1.01,9.0,1.3853218161663516e-05
7.0,1.01,10.0,-0.0022541218324126366
7.0,1.01,11.0,1.5782437928768545e-07
7.0,1.01,12.0,0.0031980495305231615
7.0,1.01,13.0,-4.657519646900088e-06
7.0,1.01,14.0,-0.0007895179549859827
7.0,1.01,15.0,2.4087546820095174e-05
7.0,1.01,16.0,0.0019514669990519096
7.0,1.01,17.0,-0.002874199615762893
7.0,1.01,18.0,0.004463518375503628
7.0,1.01,19.0,0.0017001717806799377
7.0,1.01,20.0,0.0017247014291091878
7.0,1.01,21.0,9.078017162489349e-06
7.0,1.51,0.0,4.312129550654298e-06
7.0,1.51,1.0,3.0367183687818322e-05
7.0,1.51,2.0,-1.482118897166984e-06
7.0,1.51,3.0,3.0902093544199483e-06
7.0,1.51,4.0,0.002312154268533373
7.0,1.51,5.0,-0.007818798899501673
7.0,1.51,6.0,0.003804538488838216
7.0,1.51,7.0,-0.004017384121327433
7.0,1.51,8.0,4.111327465647352e-05
7.0,1.51,9.0,1.3804850821141912e-05
7.0,1.51,10.0,-0.002254101614675763
7.0,1.51,11.0,1.5782437928768545e-07
7.0,1.51,12.0,0.0031980842043312363
7.0,1.51,13.0,-4.616357588249631e-06
7.0,1.51,14.0,-0.0007895138651811476
7.0,1.51,15.0,2.41000178503592e-05
7.0,1.51,16.0,0.001951437873125017
7.0,1.51,17.0,-0.002874209470020872
7.0,1.51,18.0,0.0044634048774814805
7.0,1.51,19.0,0.0017000925782389986
7.0,1.51,20.0,0.001724705766640744
7.0,1.51,21.0,9.07801716254486e-06
7.0,2.01,0.0,4.209469369076402e-06
7.0,2.01,1.0,3.0314768028061323e-05
7.0,2.01,2.0,-1.3144067625425748e-06
7.0,2.01,3.0,3.090209354433826e-06
7.0,2.01,4.0,0.0023123149752173333
7.0,2.01,5.0,-0.007818799282391403
7.0,2.01,6.0,0.003804470076333444
7.0,2.01,7.0,-0.004017394859311074
7.0,2.01,8.0,4.111327465658454e-05
7.0,2.01,9.0,1.372669641847013e-05
7.0,2.01,10.0,-0.0022540786863983198
7.0,2.01,11.0,1.5782437925992987e-07
7.0,2.01,12.0,0.003198129404840322
7.0,2.01,13.0,-4.549046079771468e-06
7.0,2.01,14.0,-0.0007895094006270462
7.0,2.01,15.0,2.4118931704092406e-05
7.0,2.01,16.0,0.0019514282384028303
7.0,2.01,17.0,-0.0028742222394941425
7.0,2.01,18.0,0.004463274598153599
7.0,2.01,19.0,0.0016999994320190392
7.0,2.01,20.0,0.0017247153013819627
7.0,2.01,21.0,9.078017162600371e-06
7.0,2.51,0.0,4.036614180580322e-06
7.0,2.51,1.0,3.023356354248108e-05
7.0,2.51,2.0,-1.0489965855953187e-06
7.0,2.51,3.0,3.0902093544199483e-06
7.0,2.51,4.0,0.002312509270435692
7.0,2.51,5.0,-0.007818800063965625
7.0,2.51,6.0,0.0038043840255667094
7.0,2.51,7.0,-0.004017414462288288
7.0,2.51,8.0,4.111327465633474e-05
7.0,2.51,9.0,1.3600380940115286e-05
7.0,2.51,10.0,-0.002254052631669723
7.0,2.51,11.0,1.5782437928768545e-07
7.0,2.51,12.0,0.0031981867359282823
7.0,2.51,13.0,-4.439004900769206e-06
7.0,2.51,14.0,-0.0007895036614830667
7.0,2.51,15.0,2.4147705702137756e-05
7.0,2.51,16.0,0.0019514342521357309
7.0,2.51,17.0,-0.0028742409217817344
7.0,2.51,18.0,0.00446312701966145
7.0,2.51,19.0,0.0016998937393077895
7.0,2.51,20.0,0.0017247294006136338
7.0,2.51,21.0,9.078017162489349e-06
7.0,3.01,0.0,3.746001051796455e-06
7.0,3.01,1.0,3.010748019366405e-05
7.0,3.01,2.0,-6.281216423653646e-07
7.0,3.01,3.0,3.0902093543921927e-06
7.0,3.01,4.0,0.002312780587295893
7.0,3.01,5.0,-0.007818801643523502
7.0,3.01,6.0,0.0038042468585951505
7.0,3.01,7.0,-0.004017449209424345
7.0,3.01,8.0,4.111327465558534e-05
7.0,3.01,9.0,1.3396255780229183e-05
7.0,3.01,10.0,-0.002254022656391741
7.0,3.01,11.0,1.5782437925992987e-07
7.0,3.01,12.0,0.0031982583503993023
7.0,3.01,13.0,-4.259224897107394e-06
7.0,3.01,14.0,-0.0007894949971247109
7.0,3.01,15.0,2.4191589142102954e-05
7.0,3.01,16.0,0.0019514454137178894
7.0,3.01,17.0,-0.002874270733976253
7.0,3.01,18.0,0.00446296091576337
7.0,3.01,19.0,0.0016997765854818159
7.0,3.01,20.0,0.0017247464363274734
7.0,3.01,21.0,9.078017162322816e-06
7.0,3.51,0.0,3.258293775676435e-06
7.0,3.51,1.0,2.991140137525994e-05
7.0,3.51,2.0,4.0211437402071226e-08
7.0,3.51,3.0,3.0902093543505593e-06
7.0,3.51,4.0,0.002313205598459156
7.0,3.51,5.0,-0.007818804736629856
7.0,3.51,6.0,0.0038040009437394495
7.0,3.51,7.0,-0.004017509433141581
7.0,3.51,8.0,4.111327465426695e-05
7.0,3.51,9.0,1.3066568116781863e-05
7.0,3.51,10.0,-0.002253987222116227
7.0,3.51,11.0,1.5782437928768545e-07
7.0,3.51,12.0,0.003198347491368325
7.0,3.51,13.0,-3.965807202022109e-06
7.0,3.51,14.0,-0.0007894805303809704
7.0,3.51,15.0,2.425864315816484e-05
7.0,3.51,16.0,0.001951440088048484
7.0,3.51,17.0,-0.0028743205278161654
7.0,3.51,18.0,0.004462773043232338
7.0,3.51,19.0,0.001699646866025195
7.0,3.51,20.0,0.0017247633219519276
7.0,3.51,21.0,9.07801716204526e-06
7.0,4.01,0.0,2.441608794589989e-06
7.0,4.01,1.0,2.9606166647655474e-05
7.0,4.01,2.0,1.102302581768022e-06
7.0,4.01,3.0,3.090209354295048e-06
7.0,4.01,4.0,0.002313914701653319
7.0,4.01,5.0,-0.00781881059940152
7.0,4.01,6.0,0.0038035508975652332
7.0,4.01,7.0,-0.004017612037986729
7.0,4.01,8.0,4.111327465225467e-05
7.0,4.01,9.0,1.2534592882529338e-05
7.0,4.01,10.0,-0.0022539434127692437
7.0,4.01,11.0,1.5782437928768545e-07
7.0,4.01,12.0,0.003198459494031969
7.0,4.01,13.0,-3.4876040698739175e-06
7.0,4.01,14.0,-0.0007894554126011075
7.0,4.01,15.0,2.436123550003666e-05
7.0,4.01,16.0,0.001951378600297593
7.0,4.01,17.0,-0.002874405043993361
7.0,4.01,18.0,0.004462555703518778
7.0,4.01,19.0,0.0016994974325013068
7.0,4.01,20.0,0.0017247749410799207
7.0,4.01,21.0,9.07801716160117e-06
8.0,0.01,0.0,-0.0005442755971001301
8.0,0.01,1.0,1.021613305679514e-05
8.0,0.01,2.0,0.00021813929858172099
8.0,0.01,3.0,3.0457838155473205e-06
8.0,0.01,4.0,8.822677844055882e-05
8.0,0.01,5.0,-0.00038432487449216457
8.0,0.01,6.0,8.598009608412616e-05
8.0,0.01,7.0,-0.0004086378801123891
8.0,0.01,8.0,4.1062856105791856e-05
8.0,0.01,9.0,-1.9917238972141926e-05
8.0,0.01,10.0,-8.520196437838967e-05
8.0,0.01,11.0,1.4130214337493285e-07
8.0,0.01,12.0,7.73721211493883e-05
8.0,0.01,13.0,4.786924145669391e-05
8.0,0.01,14.0,-3.648153850013804e-05
8.0,0.01,15.0,3.132449801709902e-05
8.0,0.01,16.0,-4.97524992942866e-06
8.0,0.01,17.0,-0.000443343353457748
8.0,0.01,18.0,0.0001138101565222871
8.0,0.01,19.0,-7.572423379331727e-05
8.0,0.01,20.0,0.00030277150538238207
8.0,0.01,21.0,8.463601390840125e-06
8.0,0.51,0.0,-1.2106301947811815e-05
8.0,0.51,1.0,2.4175201271237068e-05
8.0,0.51,2.0,1.763411739319487e-05
8.0,0.51,3.0,3.045783841734706e-06
8.0,0.51,4.0,-3.359662415713949e-05
8.0,0.51,5.0,-0.0003563343692814802
8.0,0.51,6.0,0.00011140275866816651
8.0,0.51,7.0,-0.00035505474934138803
8.0,0.51,8.0,4.106285708861679e-05
8.0,0.51,9.0,3.46541167452058e-05
8.0,0.51,10.0,-9.482376204350551e-05
8.0,0.51,11.0,1.4130214362473303e-07
8.0,0.51,12.0,8.99749077661327e-05
8.0,0.51,13.0,-4.3736032190322405e-07
8.0,0.51,14.0,-3.6481541466301746e-05
8.0,0.51,15.0,2.7835093938471944e-05
8.0,0.51,16.0,8.269359241769303e-05
8.0,0.51,17.0,-0.00038152841569302764
8.0,0.51,18.0,0.00016478080886606072
8.0,0.51,19.0,6.0881859358707935e-05
8.0,0.51,20.0,0.00027450017148022976
8.0,0.51,21.0,8.46360159356685e-06
8.0,1.01,0.0,-0.000959141835152888
8.0,1.01,1.0,7.684028035137569e-06
8.0,1.01,2.0,0.0003002905576371395
8.0,1.01,3.0,3.0457838587627517e-06
8.0,1.01,4.0,9.266263811968933e-05
8.0,1.01,5.0,-0.0004093687705674087
8.0,1.01,6.0,9.66989859451095e-05
8.0,1.01,7.0,-0.0004366567692042911
8.0,1.01,8.0,4.106285772489948e-05
8.0,1.01,9.0,-5.40855040286059e-05
8.0,1.01,10.0,-7.945634084238762e-05
8.0,1.01,11.0,1.413021437912665e-07
8.0,1.01,12.0,8.402250740846551e-05
8.0,1.01,13.0,7.37039979268328e-05
8.0,1.01,14.0,-3.648154333929833e-05
8.0,1.01,15.0,3.133330530646905e-05
8.0,1.01,16.0,-2.837854769416337e-05
8.0,1.01,17.0,-0.0004710396396326866
8.0,1.01,18.0,0.00011348571960029252
8.0,1.01,19.0,-0.0001326844127461646
8.0,1.01,20.0,0.00032506550978894655
8.0,1.01,21.0,8.463601724850722e-06
8.0,1.51,0.0,-5.60852120674582e-05
8.0,1.51,1.0,2.4993281382890142e-05
8.0,1.51,2.0,1.7645106853092507e-05
8.0,1.51,3.0,3.0457838740005627e-06
8.0,1.51,4.0,-4.39167698222942e-05
8.0,1.51,5.0,-0.00036047936159605554
8.0,1.51,6.0,0.00011506235259495234
8.0,1.51,7.0,-0.00035728871051154965
8.0,1.51,8.0,4.10628583071837e-05
8.0,1.51,9.0,3.078947636835083e-05
8.0,1.51,10.0,-9.487976730543357e-05
8.0,1.51,11.0,1.4130214393004437e-07
8.0,1.51,12.0,9.211805306141851e-05
8.0,1.51,13.0,1.140740129690343e-06
8.0,1.51,14.0,-3.6481544780840284e-05
8.0,1.51,15.0,2.7541122738228285e-05
8.0,1.51,16.0,8.504680788384844e-05
8.0,1.51,17.0,-0.0003834074756593475
8.0,1.51,18.0,0.00016930227041711543
8.0,1.51,19.0,6.008871845242236e-05
8.0,1.51,20.0,0.00027805849439943575
8.0,1.51,21.0,8.463601844865831e-06
8.0,2.01,0.0,-0.0015559595300859153
8.0,2.01,1.0,3.734679980271771e-06
8.0,2.01,2.0,0.0004107326180150528
8.0,2.01,3.0,3.045783884783604e-06
8.0,2.01,4.0,0.0001131020584188569
8.0,2.01,5.0,-0.00044002139031754095
8.0,2.01,6.0,0.00010340435594802244
8.0,2.01,7.0,-0.0004730164036306217
8.0,2.01,8.0,4.106285871559312e-05
8.0,2.01,9.0,-9.801394733276181e-05
8.0,2.01,10.0,-7.27358381420462e-05
8.0,2.01,11.0,1.4130214404106667e-07
8.0,2.01,12.0,8.802577610378393e-05
8.0,2.01,13.0,0.00010736543978084878
8.0,2.01,14.0,-3.6481545956374936e-05
8.0,2.01,15.0,3.162626509750632e-05
8.0,2.01,16.0,-6.313665931761969e-05
8.0,2.01,17.0,-0.0005089267588460344
8.0,2.01,18.0,0.00010712316883287887
8.0,2.01,19.0,-0.00020844572119649296
8.0,2.01,20.0,0.00035242408666558145
8.0,2.01,21.0,8.463601929076248e-06
8.0,2.51,0.0,-8.701404767019749e-05
8.0,2.51,1.0,2.5801121929680537e-05
8.0,2.51,2.0,1.2401286761498653e-05
8.0,2.51,3.0,3.0457838623848543e-06
8.0,2.51,4.0,-5.150477609061621e-05
8.0,2.51,5.0,-0.0003616507220844112
8.0,2.51,6.0,0.00011725985664146066
8.0,2.51,7.0,-0.00035679737834948266
8.0,2.51,8.0,4.1062857948845344e-05
8.0,2.51,9.0,3.0621703892091956e-05
8.0,2.51,10.0,-9.519670702801131e-05
8.0,2.51,11.0,1.413021437912665e-07
8.0,2.51,12.0,9.327258605928979e-05
8.0,2.51,13.0,8.747324174163129e-07
8.0,2.51,14.0,-3.648154480139951e-05
8.0,2.51,15.0,2.729178612639882e-05
8.0,2.51,16.0,8.854226156512768e-05
8.0,2.51,17.0,-0.0003824890444844298
8.0,2.51,18.0,0.0001728248554441203
8.0,2.51,19.0,6.332580781021058e-05
8.0,2.51,20.0,0.00027880887110531827
8.0,2.51,21.0,8.463601770924978e-06
8.0,3.01,0.0,-0.0020283035561038387
8.0,3.01,1.0,3.4466686378853417e-06
8.0,3.01,2.0,0.00046183679463285277
8.0,3.01,3.0,3.0457838768177536e-06
8.0,3.01,4.0,0.00010813452988100991
8.0,3.01,5.0,-0.0004608233040972187
8.0,3.01,6.0,0.00011107312317565343
8.0,3.01,7.0,-0.0004930453899909815
8.0,3.01,8.0,4.1062858475743313e-05
8.0,3.01,9.0,-0.00012426478714322453
8.0,3.01,10.0,-6.995625495531677e-05
8.0,3.01,11.0,1.4130214393004437e-07
8.0,3.01,12.0,9.213711172234573e-05
8.0,3.01,13.0,0.00012631192359890964
8.0,3.01,14.0,-3.6481545923553744e-05
8.0,3.01,15.0,3.1190462188357415e-05
8.0,3.01,16.0,-7.533499261497267e-05
8.0,3.01,17.0,-0.0005294751928779373
8.0,3.01,18.0,0.00011123560558634615
8.0,3.01,19.0,-0.0002445018127321674
8.0,3.01,20.0,0.0003698050751237414
8.0,3.01,21.0,8.463601879615812e-06
8.0,3.51,0.0,-0.000177748089136065
8.0,3.51,1.0,2.5497021695908284e-05
8.0,3.51,2.0,2.4205903494500802e-05
8.0,3.51,3.0,3.045783889682463e-06
8.0,3.51,4.0,-5.0566436879617704e-05
8.0,3.51,5.0,-0.00036544613341912835
8.0,3.51,6.0,0.0001185007800349469
8.0,3.51,7.0,-0.0003609312662627706
8.0,3.51,8.0,4.106285895749684e-05
8.0,3.51,9.0,2.5553689312396433e-05
8.0,3.51,10.0,-9.44075819064305e-05
8.0,3.51,11.0,1.4130214406882224e-07
8.0,3.51,12.0,9.369103438428006e-05
8.0,3.51,13.0,4.624672118591633e-06
8.0,3.51,14.0,-3.648154607245625e-05
8.0,3.51,15.0,2.7254131547638227e-05
8.0,3.51,16.0,8.532114253484435e-05
8.0,3.51,17.0,-0.00038703274726795134
8.0,3.51,18.0,0.00017254475594619123
8.0,3.51,19.0,5.5495689465390186e-05
8.0,3.51,20.0,0.0002815177583209705
8.0,3.51,21.0,8.463601978980773e-06
8.0,4.01,0.0,-0.001565007589449996
8.0,4.01,1.0,1.2848843969293089e-05
8.0,4.01,2.0,0.00029599683782011166
8.0,4.01,3.0,3.0457838992581365e-06
8.0,4.01,4.0,3.849159715563211e-05
8.0,4.01,5.0,-0.00042764191955058095
8.0,4.01,6.0,0.00011824195328369314
8.0,4.01,7.0,-0.00044383551120416587
8.0,4.01,8.0,4.10628593155854e-05
8.0,4.01,9.0,-6.868400677186026e-05
8.0,4.01,10.0,-7.891279144622843e-05
8.0,4.01,11.0,1.4130214415208897e-07
8.0,4.01,12.0,9.458639425430349e-05
8.0,4.01,13.0,8.311711751063378e-05
8.0,4.01,14.0,-3.648154678941135e-05
8.0,4.01,15.0,2.9244165324154858e-05
8.0,4.01,16.0,-1.1002308808849559e-05
8.0,4.01,17.0,-0.00047528474392666276
8.0,4.01,18.0,0.00013957217443216763
8.0,4.01,19.0,-0.00013127429393666734
8.0,4.01,20.0,0.0003376826453064252
8.0,4.01,21.0,8.463602052810604e-06
9.0,0.01,0.0,-0.00011775227008425926
9.0,0.01,1.0,6.886162400521201e-06
9.0,0.01,2.0,4.917169205531646e-05
9.0,0.01,3.0,3.0412132080714915e-06
9.0,0.01,4.0,0.00010268773734833925
9.0,0.01,5.0,-0.0008413685921691699
9.0,0.01,6.0,0.00044698643490187484
9.0,0.01,7.0,-0.0007506778026425132
9.0,0.01,8.0,4.105792067789216e-05
9.0,0.01,9.0,-1.5442092355766324e-05
9.0,0.01,10.0,-0.0002510617187723163
9.0,0.01,11.0,1.396955972288172e-07
9.0,0.01,12.0,0.00047967472883736484
9.0,0.01,13.0,3.63396644162961e-05
9.0,0.01,14.0,-5.687419762416338e-05
9.0,0.01,15.0,2.4778863609520307e-05
9.0,0.01,16.0,0.00035085830211267766
9.0,0.01,17.0,-0.0007666097618899692
9.0,0.01,18.0,0.0006054604112359918
9.0,0.01,19.0,0.0001733286407528123
9.0,0.01,20.0,0.0008386818975492094
9.0,0.01,21.0,1.5963763061899172e-05
9.0,0.51,0.0,-0.00030903540081650416
9.0,0.51,1.0,2.993781815063823e-06
9.0,0.51,2.0,8.000351972803355e-05
9.0,0.51,3.0,3.041213217466754e-06
9.0,0.51,4.0,0.000110691114481698
9.0,0.51,5.0,-0.0008479924071758821
9.0,0.51,6.0,0.0004477874992510622
9.0,0.51,7.0,-0.0007651071825888478
9.0,0.51,8.0,4.105792104019956e-05
9.0,0.51,9.0,-3.307762084181487e-05
9.0,0.51,10.0,-0.00025066912601129365
9.0,0.51,11.0,1.396955973398395e-07
9.0,0.51,12.0,0.00048171034165095383
9.0,0.51,13.0,7.330964772306325e-05
9.0,0.51,14.0,-5.687419906718315e-05
9.0,0.51,15.0,2.5423922728251558e-05
9.0,0.51,16.0,0.00034722891774152664
9.0,0.51,17.0,-0.0007749085126116106
9.0,0.51,18.0,0.0006025618635542296
9.0,0.51,19.0,0.00015263213144378618
9.0,0.51,20.0,0.0008456820955580202
9.0,0.51,21.0,1.5963763202786474e-05
9.0,1.01,0.0,-0.000892724708817294
9.0,1.01,1.0,-2.9354336631537414e-05
9.0,1.01,2.0,0.0002401667686190434
9.0,1.01,3.0,3.0412132242391143e-06
9.0,1.01,4.0,0.00016793594376496301
9.0,1.01,5.0,-0.0008611860147483275
9.0,1.01,6.0,0.00045202434405655634
9.0,1.01,7.0,-0.0008412846948314123
9.0,1.01,8.0,4.105792129925623e-05
9.0,1.01,9.0,-0.0001319327761739042
9.0,1.01,10.0,-0.0002448761977686953
9.0,1.01,11.0,1.3969559736759507e-07
9.0,1.01,12.0,0.0004928728328347787
9.0,1.01,13.0,0.00022616697639221695
9.0,1.01,14.0,-5.687419913652572e-05
9.0,1.01,15.0,3.096321189646756e-05
9.0,1.01,16.0,0.0003347336169531312
9.0,1.01,17.0,-0.0007990181478732539
9.0,1.01,18.0,0.0005728979655331701
9.0,1.01,19.0,7.062182973949227e-05
9.0,1.01,20.0,0.0008630973399946784
9.0,1.01,21.0,1.5963763303594725e-05
9.0,1.51,0.0,-0.0001308777262629679
9.0,1.51,1.0,1.1483764827735499e-05
9.0,1.51,2.0,3.105564975958153e-05
9.0,1.51,3.0,3.0412132315388307e-06
9.0,1.51,4.0,9.871309676323659e-05
9.0,1.51,5.0,-0.0008386987069378404
9.0,1.51,6.0,0.000446023734846257
9.0,1.51,7.0,-0.0007423033554390668
9.0,1.51,8.0,4.10579215854856e-05
9.0,1.51,9.0,-5.640190571198911e-06
9.0,1.51,10.0,-0.00025178806291792366
9.0,1.51,11.0,1.396955974508618e-07
9.0,1.51,12.0,0.0004763548531324102
9.0,1.51,13.0,2.1345150610418973e-05
9.0,1.51,14.0,-5.687420134814324e-05
9.0,1.51,15.0,2.317669436738279e-05
9.0,1.51,16.0,0.00035179875543878136
9.0,1.51,17.0,-0.0007629848305103493
9.0,1.51,18.0,0.0006106830533355589
9.0,1.51,19.0,0.00018117480791446372
9.0,1.51,20.0,0.0008345427206137845
9.0,1.51,21.0,1.5963763414894583e-05
9.0,2.01,0.0,-0.001435539218046844
9.0,2.01,1.0,-3.717366487804297e-05
9.0,2.01,2.0,0.00032324401342798126
9.0,2.01,3.0,3.041213238449969e-06
9.0,2.01,4.0,0.00019152590250937074
9.0,2.01,5.0,-0.0008797476222290185
9.0,2.01,6.0,0.0004534039461757122
9.0,2.01,7.0,-0.0008815283345814662
9.0,2.01,8.0,4.105792185588042e-05
9.0,2.01,9.0,-0.00018177936325913802
9.0,2.01,10.0,-0.00024414129094502135
9.0,2.01,11.0,1.3969559753412852e-07
9.0,2.01,12.0,0.0004955404678039788
9.0,2.01,13.0,0.00032241002470073665
9.0,2.01,14.0,-5.687420124197814e-05
9.0,2.01,15.0,3.158088804161574e-05
9.0,2.01,16.0,0.00032387542957879045
9.0,2.01,17.0,-0.0008227196360984512
9.0,2.01,18.0,0.0005683140114244312
9.0,2.01,19.0,1.4187293969736281e-05
9.0,2.01,20.0,0.0008829921441197985
9.0,2.01,21.0,1.5963763520143726e-05
9.0,2.51,0.0,-0.00018199911233029997
9.0,2.51,1.0,1.3233952667224269e-05
9.0,2.51,2.0,3.213008892799518e-05
9.0,2.51,3.0,3.0412132437651618e-06
9.0,2.51,4.0,9.740235906163797e-05
9.0,2.51,5.0,-0.0008416153065108345
9.0,2.51,6.0,0.0004462803289486672
9.0,2.51,7.0,-0.0007431111622812625
9.0,2.51,8.0,4.1057922067058716e-05
9.0,2.51,9.0,-5.848176357514667e-06
9.0,2.51,10.0,-0.0002523681797034216
9.0,2.51,11.0,1.396955975618841e-07
9.0,2.51,12.0,0.00047558349232157404
9.0,2.51,13.0,2.4828806503618406e-05
9.0,2.51,14.0,-5.687420347013533e-05
9.0,2.51,15.0,2.2853548802687085e-05
9.0,2.51,16.0,0.0003511394556259262
9.0,2.51,17.0,-0.0007660464750467444
9.0,2.51,18.0,0.0006126143707354537
9.0,2.51,19.0,0.000178232366923603
9.0,2.51,20.0,0.0008375171052552588
9.0,2.51,21.0,1.5963763602244718e-05
9.0,3.01,0.0,-0.000613935343636407
9.0,3.01,1.0,3.9787803380875175e-06
9.0,3.01,2.0,0.00010116076419619535
9.0,3.01,3.0,3.0412132275003945e-06
9.0,3.01,4.0,0.00011762423188266258
9.0,3.01,5.0,-0.0008539603961886383
9.0,3.01,6.0,0.0004476037978971559
9.0,3.01,7.0,-0.0007754030909042087
9.0,3.01,8.0,4.1057921483469983e-05
9.0,3.01,9.0,-4.649080879742806e-05
9.0,3.01,10.0,-0.0002510343986852903
9.0,3.01,11.0,1.3969559739535065e-07
9.0,3.01,12.0,0.000479554420712347
9.0,3.01,13.0,0.00010298952749121515
9.0,3.01,14.0,-5.687420264572696e-05
9.0,3.01,15.0,2.424579221274592e-05
9.0,3.01,16.0,0.0003431828390161318
9.0,3.01,17.0,-0.0007825111256638817
9.0,3.01,18.0,0.0006052860838428042
9.0,3.01,19.0,0.00013435572761311132
9.0,3.01,20.0,0.0008509324070917756
9.0,3.01,21.0,1.596376337525962e-05
9.0,3.51,0.0,-0.0005271176638532715
9.0,3.51,1.0,6.085026277746763e-06
9.0,3.51,2.0,8.44287026360302e-05
9.0,3.51,3.0,3.0412132347029663e-06
9.0,3.51,4.0,0.00011411732415234077
9.0,3.51,5.0,-0.0008492489897408556
9.0,3.51,6.0,0.0004470532810443295
9.0,3.51,7.0,-0.0007671029958219444
9.0,3.51,8.0,4.1057921755224824e-05
9.0,3.51,9.0,-3.711369110354079e-05
9.0,3.51,10.0,-0.0002511422320866652
9.0,3.51,11.0,1.3969559747861737e-07
9.0,3.51,12.0,0.0004777146948714006
9.0,3.51,13.0,8.292951043020746e-05
9.0,3.51,14.0,-5.687420342310212e-05
9.0,3.51,15.0,2.3724253499501913e-05
9.0,3.51,16.0,0.0003452420508498477
9.0,3.51,17.0,-0.0007770559223020945
9.0,3.51,18.0,0.0006067555030474514
9.0,3.51,19.0,0.00014582039169941385
9.0,3.51,20.0,0.0008456251554198602
9.0,3.51,21.0,1.5963763480952853e-05
9.0,4.01,0.0,-0.00010773103886119184
9.0,4.01,1.0,2.0513785008446916e-05
9.0,4.01,2.0,-2.856569069953352e-06
9.0,4.01,3.0,3.0412132407675596e-06
9.0,4.01,4.0,8.500747743245274e-05
9.0,4.01,5.0,-0.000838219934540127
9.0,4.01,6.0,0.00044526554066343094
9.0,4.01,7.0,-0.0007257527466744129
9.0,4.01,8.0,4.1057921987275314e-05
9.0,4.01,9.0,1.6102788339800167e-05
9.0,4.01,10.0,-0.0002535992571428558
9.0,4.01,11.0,1.3969559753412852e-07
9.0,4.01,12.0,0.0004727698394503266
9.0,4.01,13.0,-7.150921314535985e-06
9.0,4.01,14.0,-5.687420463485197e-05
9.0,4.01,15.0,2.1541739677582994e-05
9.0,4.01,16.0,0.0003538126059600133
9.0,4.01,17.0,-0.0007603147388822451
9.0,4.01,18.0,0.000619140262951845
9.0,4.01,19.0,0.0001956834953146247
9.0,4.01,20.0,0.0008327017578073637
9.0,4.01,21.0,1.5963763571213985e-05
10.0,0.01,0.0,-0.00030501844960806324
10.0,0.01,1.0,1.3432053569184532e-05
10.0,0.01,2.0,4.77668203884285e-05
10.0,0.01,3.0,3.0355062340531314e-06
10.0,0.01,4.0,-0.0006054201421502592
10.0,0.01,5.0,-0.0023060539873222975
10.0,0.01,6.0,0.0007103955973823961
10.0,0.01,7.0,-0.008607535917921594
10.0,0.01,8.0,4.105163203635409e-05
10.0,0.01,9.0,-7.560857617466832e-06
10.0,0.01,10.0,-0.00074450980452756
10.0,0.01,11.0,1.3757848543738405e-07
10.0,0.01,12.0,0.0004940909552343387
10.0,0.01,13.0,1.5514368268243484e-05
10.0,0.01,14.0,-1.506180247359344e-07
10.0,0.01,15.0,2.0437252477217838e-05
10.0,0.01,16.0,0.0003603095055387806
10.0,0.01,17.0,-0.006772359739018451
10.0,0.01,18.0,0.0005920326018705735
10.0,0.01,19.0,0.0002494517349534986
10.0,0.01,20.0,0.00032265099784412055
10.0,0.01,21.0,8.9446317939057e-06
10.0,0.51,0.0,-0.00030057451280240954
10.0,0.51,1.0,1.3473099417016243e-05
10.0,0.51,2.0,4.719759935295498e-05
10.0,0.51,3.0,3.0355062340531314e-06
10.0,0.51,4.0,-0.0006055504465711792
10.0,0.51,5.0,-0.002306053967844323
10.0,0.51,6.0,0.0007103944545291396
10.0,0.51,7.0,-0.008607530886326976
10.0,0.51,8.0,4.105163203650675e-05
10.0,0.51,9.0,-7.2766763629383835e-06
10.0,0.51,10.0,-0.0007445104946429137
10.0,0.51,11.0,1.3757848540962847e-07
10.0,0.51,12.0,0.0004940842124749878
10.0,0.51,13.0,1.5294586863223714e-05
10.0,0.51,14.0,-1.5061802473595076e-07
10.0,0.51,15.0,2.0434398633834006e-05
10.0,0.51,16.0,0.00036035559529895567
10.0,0.51,17.0,-0.006772350347744987
10.0,0.51,18.0,0.000592049436730413
10.0,0.51,19.0,0.00024989242810469214
10.0,0.51,20.0,0.0003225371900117402
10.0,0.51,21.0,8.94463179396121e-06
10.0,1.01,0.0,-0.0002961648091499569
10.0,1.01,1.0,1.3513850260882254e-05
10.0,1.01,2.0,4.663269237376033e-05
10.0,1.01,3.0,3.035506234067009e-06
10.0,1.01,4.0,-0.0006056798009994591
10.0,1.01,5.0,-0.0023060539485441653
10.0,1.01,6.0,0.0007103933156740183
10.0,1.01,7.0,-0.008607525896849919
10.0,1.01,8.0,4.1051632036645525e-05
10.0,1.01,9.0,-6.994664309867282e-06
10.0,1.01,10.0,-0.0007445111800228332
10.0,1.01,11.0,1.3757848543738405e-07
10.0,1.01,12.0,0.0004940775194330893
10.0,1.01,13.0,1.5076491044124785e-05
10.0,1.01,14.0,-1.5061802473596714e-07
10.0,1.01,15.0,2.043156531125745e-05
10.0,1.01,16.0,0.00036040131647901985
10.0,1.01,17.0,-0.006772341033902812
10.0,1.01,18.0,0.0005920661505292579
10.0,1.01,19.0,0.0002503297352928202
10.0,1.01,20.0,0.0003224242803678834
10.0,1.01,21.0,8.94463179396121e-06
10.0,1.51,0.0,-0.00029178927771134067
10.0,1.51,1.0,1.3554306672769467e-05
10.0,1.51,2.0,4.6072090932658405e-05
10.0,1.51,3.0,3.035506234067009e-06
10.0,1.51,4.0,-0.0006058082072994964
10.0,1.51,5.0,-0.002306053929421454
10.0,1.51,6.0,0.0007103921808198077
10.0,1.51,7.0,-0.008607520949398068
10.0,1.51,8.0,4.10516320367843e-05
10.0,1.51,9.0,-6.7148170116160255e-06
10.0,1.51,10.0,-0.0007445118606754786
10.0,1.51,11.0,1.3757848543738405e-07
10.0,1.51,12.0,0.0004940708760107215
10.0,1.51,13.0,1.4860077548306538e-05
10.0,1.51,14.0,-1.506180247359835e-07
10.0,1.51,15.0,2.0428752468909517e-05
10.0,1.51,16.0,0.0003604466698339803
10.0,1.51,17.0,-0.006772331797326704
10.0,1.51,18.0,0.0005920827435066944
10.0,1.51,19.0,0.0002507636631726706
10.0,1.51,20.0,0.0003223122670080736
10.0,1.51,21.0,8.944631794016722e-06
10.0,2.01,0.0,-0.00028744786054846205
10.0,2.01,1.0,1.3594469199573744e-05
10.0,2.01,2.0,4.5515786878169706e-05
10.0,2.01,3.0,3.035506234067009e-06
10.0,2.01,4.0,-0.0006059356672546423
10.0,2.01,5.0,-0.0023060539104758347
10.0,2.01,6.0,0.0007103910499707267
10.0,2.01,7.0,-0.008607516043882461
10.0,2.01,8.0,4.105163203692308e-05
10.0,2.01,9.0,-6.437130203873487e-06
10.0,2.01,10.0,-0.0007445125366088989
10.0,2.01,11.0,1.3757848543738405e-07
10.0,2.01,12.0,0.0004940642821146257
10.0,2.01,13.0,1.4645343257624344e-05
10.0,2.01,14.0,-1.5061802473599989e-07
10.0,2.01,15.0,2.0425960067987914e-05
10.0,2.01,16.0,0.00036049165608792455
10.0,2.01,17.0,-0.006772322637857766
10.0,2.01,18.0,0.0005920992158927052
10.0,2.01,19.0,0.00025119421811048426
10.0,2.01,20.0,0.0003222011481022191
10.0,2.01,21.0,8.944631794016722e-06
10.0,2.51,0.0,-0.00028314050269739877
10.0,2.51,1.0,1.3634338363543996e-05
10.0,2.51,2.0,4.4963772421413584e-05
10.0,2.51,3.0,3.035506234080887e-06
10.0,2.51,4.0,-0.0006060621825689783
10.0,2.51,5.0,-0.0023060538917069663
10.0,2.51,6.0,0.000710389923131105
10.0,2.51,7.0,-0.008607511180217568
10.0,2.51,8.0,4.105163203706186e-05
10.0,2.51,9.0,-6.16159980318387e-06
10.0,2.51,10.0,-0.0007445132078306993
10.0,2.51,11.0,1.3757848543738405e-07
10.0,2.51,12.0,0.000494057737655762
10.0,2.51,13.0,1.4432285196541716e-05
10.0,2.51,14.0,-1.5061802473601627e-07
10.0,2.51,15.0,2.0423188071244658e-05
10.0,2.51,16.0,0.0003605362759341313
10.0,2.51,17.0,-0.006772313555343471
10.0,2.51,18.0,0.0005921155679079471
10.0,2.51,19.0,0.0002516214061869526
10.0,2.51,20.0,0.0003220909218947243
10.0,2.51,21.0,8.944631794072233e-06
10.0,3.01,0.0,-0.00027886715225755587
10.0,3.01,1.0,1.3673914661338493e-05
10.0,3.01,2.0,4.4416040147599034e-05
10.0,3.01,3.0,3.035506234067009e-06
10.0,3.01,4.0,-0.0006061877548636518
10.0,3.01,5.0,-0.002306053873114523
10.0,3.01,6.0,0.0007103888003062719
10.0,3.01,7.0,-0.008607506358321282
10.0,3.01,8.0,4.1051632037214514e-05
10.0,3.01,9.0,-5.888221912053737e-06
10.0,3.01,10.0,-0.0007445138743479296
10.0,3.01,11.0,1.3757848540962847e-07
10.0,3.01,12.0,0.0004940512425496979
10.0,3.01,13.0,1.4220900537015302e-05
10.0,3.01,14.0,-1.5061802473603265e-07
10.0,3.01,15.0,2.0420436443180368e-05
10.0,3.01,16.0,0.00036058053003468205
10.0,3.01,17.0,-0.006772304549637674
10.0,3.01,18.0,0.0005921317997628073
10.0,3.01,19.0,0.00025204523318878014
10.0,3.01,20.0,0.0003219815867058218
10.0,3.01,21.0,8.944631794127744e-06
10.0,3.51,0.0,-0.00027462776029285596
10.0,3.51,1.0,1.3713198565190599e-05
10.0,3.51,2.0,4.387258300342367e-05
10.0,3.51,3.0,3.035506234080887e-06
10.0,3.51,4.0,-0.000606312385681429
10.0,3.51,5.0,-0.0023060538546981935
10.0,3.51,6.0,0.0007103876815021115
10.0,3.51,7.0,-0.008607501578114959
10.0,3.51,8.0,4.1051632037325536e-05
10.0,3.51,9.0,-5.616992813067823e-06
10.0,3.51,10.0,-0.0007445145361674177
10.0,3.51,11.0,1.3757848543738405e-07
10.0,3.51,12.0,0.0004940447967162198
10.0,3.51,13.0,1.4011186593276825e-05
10.0,3.51,14.0,-1.5061802473604904e-07
10.0,3.51,15.0,2.0417705149960996e-05
10.0,3.51,16.0,0.0003606244190206831
10.0,3.51,17.0,-0.006772295620600647
10.0,3.51,18.0,0.0005921479116582362
10.0,3.51,19.0,0.00025246570461778806
10.0,3.51,20.0,0.0003218731409291298
10.0,3.51,21.0,8.944631794127744e-06
10.0,4.01,0.0,-0.0002704222809779555
10.0,4.01,1.0,1.3752190521187924e-05
10.0,4.01,2.0,4.333339431511485e-05
10.0,4.01,3.0,3.035506234080887e-06
10.0,4.01,4.0,-0.0006064360764806986
10.0,4.01,5.0,-0.002306053836457682
10.0,4.01,6.0,0.0007103865667253961
10.0,4.01,7.0,-0.008607496839523408
10.0,4.01,8.0,4.105163203747819e-05
10.0,4.01,9.0,-5.347908977798577e-06
10.0,4.01,10.0,-0.0007445151932953809
10.0,4.01,11.0,1.3757848543738405e-07
10.0,4.01,12.0,0.0004940384000797771
10.0,4.01,13.0,1.3803140829021787e-05
10.0,4.01,14.0,-1.5061802473606542e-07
10.0,4.01,15.0,2.0414994159445587e-05
10.0,4.01,16.0,0.0003606679434913773
10.0,4.01,17.0,-0.006772286768099113
10.0,4.01,18.0,0.0005921639037850257
10.0,4.01,19.0,0.00025288282567736964
10.0,4.01,20.0,0.0003217655830363153
10.0,4.01,21.0,8.944631794183255e-06
11.0,0.01,0.0,-0.0006388320504749911
11.0,0.01,1.0,1.4691985815162845e-05
11.0,0.01,2.0,0.00013017676049909
11.0,0.01,3.0,3.0371871274498252e-06
11.0,0.01,4.0,0.0017303416167456787
11.0,0.01,5.0,-0.0038172583259945894
11.0,0.01,6.0,0.0024371634868554093
11.0,0.01,7.0,-0.00851663708742608
11.0,0.01,8.0,4.1053597288773225e-05
11.0,0.01,9.0,-3.9189515844556544e-05
11.0,0.01,10.0,-0.0013081280504455006
11.0,0.01,11.0,1.3819796051972588e-07
11.0,0.01,12.0,0.0023602850539772846
11.0,0.01,13.0,4.76076590297525e-05
11.0,0.01,14.0,-2.840446286525955e-08
11.0,0.01,15.0,2.6890616986186e-05
11.0,0.01,16.0,0.001896495174180668
11.0,0.01,17.0,-0.002225813873265925
11.0,0.01,18.0,0.003048138613219842
11.0,0.01,19.0,0.0018625951730397716
11.0,0.01,20.0,0.0012785176994630776
11.0,0.01,21.0,1.7820904191945264e-05
11.0,0.51,0.0,-0.0012577606445240974
11.0,0.51,1.0,4.980635303686309e-06
11.0,0.51,2.0,0.0002574961543193588
11.0,0.51,3.0,3.0371871282963703e-06
11.0,0.51,4.0,0.0017443839611405165
11.0,0.51,5.0,-0.0038207477659231576
11.0,0.51,6.0,0.002436576438187621
11.0,0.51,7.0,-0.008520335291635825
11.0,0.51,8.0,4.105359732313463e-05
11.0,0.51,9.0,-9.616193802403084e-05
11.0,0.51,10.0,-0.0013065483346791917
11.0,0.51,11.0,1.3819796054748146e-07
11.0,0.51,12.0,0.0023659022587231293
11.0,0.51,13.0,9.710996889597534e-05
11.0,0.51,14.0,-2.8404462865660587e-08
11.0,0.51,15.0,2.8023814274108494e-05
11.0,0.51,16.0,0.0019003875034067086
11.0,0.51,17.0,-0.0022498716869707586
11.0,0.51,18.0,0.003042490060857439
11.0,0.51,19.0,0.0017348016076843553
11.0,0.51,20.0,0.0013106846071349043
11.0,0.51,21.0,1.7820904206822252e-05
11.0,1.01,0.0,-0.00047088077736456846
11.0,1.01,1.0,1.6687143431892704e-05
11.0,1.01,2.0,9.865609444414947e-05
11.0,1.01,3.0,3.03718712936496e-06
11.0,1.01,4.0,0.001728413126891648
11.0,1.01,5.0,-0.0038154069043348712
11.0,1.01,6.0,0.0024377206683301456
11.0,1.01,7.0,-0.008515378384678071
11.0,1.01,8.0,4.1053597367751715e-05
11.0,1.01,9.0,-2.4931474640416118e-05
11.0,1.01,10.0,-0.0013084297536438139
11.0,1.01,11.0,1.3819796054748146e-07
11.0,1.01,12.0,0.0023590478122596514
11.0,1.01,13.0,3.3695971878910935e-05
11.0,1.01,14.0,-2.8404462866008814e-08
11.0,1.01,15.0,2.6600172136487243e-05
11.0,1.01,16.0,0.0018960736990034643
11.0,1.01,17.0,-0.0022184873678505607
11.0,1.01,18.0,0.003049355255843933
11.0,1.01,19.0,0.0018991084567010486
11.0,1.01,20.0,0.001269159617740212
11.0,1.01,21.0,1.7820904226195644e-05
11.0,1.51,0.0,-7.516407276753068e-05
11.0,1.51,1.0,2.262947076314692e-05
11.0,1.51,2.0,1.9421016046128337e-05
11.0,1.51,3.0,3.037187130350283e-06
11.0,1.51,4.0,0.0017200660613935215
11.0,1.51,5.0,-0.003813058591637608
11.0,1.51,6.0,0.0024382096989109536
11.0,1.51,7.0,-0.008513115175460847
11.0,1.51,8.0,4.1053597409163034e-05
11.0,1.51,9.0,1.0458403532864757e-05
11.0,1.51,10.0,-0.0013094134219833187
11.0,1.51,11.0,1.3819796054748146e-07
11.0,1.51,12.0,0.0023556169370081426
11.0,1.51,13.0,2.263930606871689e-06
11.0,1.51,14.0,-2.8404462866337565e-08
11.0,1.51,15.0,2.5898317532246917e-05
11.0,1.51,16.0,0.0018937781223603567
11.0,1.51,17.0,-0.002203284563178018
11.0,1.51,18.0,0.0030528404558926026
11.0,1.51,19.0,0.001980611019653411
11.0,1.51,20.0,0.0012488612975484203
11.0,1.51,21.0,1.7820904244181257e-05
11.0,2.01,0.0,1.5224654382306468e-05
11.0,2.01,1.0,2.448842896118908e-05
11.0,2.01,2.0,1.7075490432727491e-07
11.0,2.01,3.0,3.037187123994256e-06
11.0,2.01,4.0,0.00171679265642799
11.0,2.01,5.0,-0.003813984619673229
11.0,2.01,6.0,0.0024384510952040195
11.0,2.01,7.0,-0.008514514647871913
11.0,2.01,8.0,4.105359716680135e-05
11.0,2.01,9.0,1.8467991128701122e-05
11.0,2.01,10.0,-0.0013099684064899475
11.0,2.01,11.0,1.381979604919703e-07
11.0,2.01,12.0,0.0023548735805393184
11.0,2.01,13.0,-4.7755444376185174e-06
11.0,2.01,14.0,-2.8404462862743932e-08
11.0,2.01,15.0,2.5722243251674604e-05
11.0,2.01,16.0,0.0018929521150961026
11.0,2.01,17.0,-0.0022013938874162337
11.0,2.01,18.0,0.003054190813217561
11.0,2.01,19.0,0.0019993730929869225
11.0,2.01,20.0,0.001245312345179439
11.0,2.01,21.0,1.7820904138932114e-05
11.0,2.51,0.0,-0.000367286085964591
11.0,2.51,1.0,2.045533472477823e-05
11.0,2.51,2.0,6.392203297744814e-05
11.0,2.51,3.0,3.0371871253404015e-06
11.0,2.51,4.0,0.001721877465269639
11.0,2.51,5.0,-0.003817039523229482
11.0,2.51,6.0,0.00243819062182149
11.0,2.51,7.0,-0.008516924052287447
11.0,2.51,8.0,4.105359721978674e-05
11.0,2.51,9.0,-1.0678670300773296e-05
11.0,2.51,10.0,-0.0013093790076429412
11.0,2.51,11.0,1.3819796051972588e-07
11.0,2.51,12.0,0.0023572967985132087
11.0,2.51,13.0,2.2232271136790605e-05
11.0,2.51,14.0,-2.840446286334964e-08
11.0,2.51,15.0,2.618057200010071e-05
11.0,2.51,16.0,0.0018946840683309318
11.0,2.51,17.0,-0.0022151280321013878
11.0,2.51,18.0,0.0030519467205999407
11.0,2.51,19.0,0.001929852251438935
11.0,2.51,20.0,0.001263192196900964
11.0,2.51,21.0,1.782090416191373e-05
11.0,3.01,0.0,-0.0017336418376461271
11.0,3.01,1.0,3.1131462530642473e-06
11.0,3.01,2.0,0.0003161669832230096
11.0,3.01,3.0,3.0371871263673578e-06
11.0,3.01,4.0,0.0017459643748108933
11.0,3.01,5.0,-0.0038262328230471085
11.0,3.01,6.0,0.00243737912404296
11.0,3.01,7.0,-0.008525183829756653
11.0,3.01,8.0,4.1053597260101715e-05
11.0,3.01,9.0,-0.00012580392085601022
11.0,3.01,10.0,-0.0013066008060629297
11.0,3.01,11.0,1.381979604919703e-07
11.0,3.01,12.0,0.0023673690400674574
11.0,3.01,13.0,0.0001240674314663126
11.0,3.01,14.0,-2.8404462863929583e-08
11.0,3.01,15.0,2.810051312529538e-05
11.0,3.01,16.0,0.0019023603297123604
11.0,3.01,17.0,-0.00226635051836295
11.0,3.01,18.0,0.0030421012022091576
11.0,3.01,19.0,0.0016690284006788403
11.0,3.01,20.0,0.001331180288649536
11.0,3.01,21.0,1.7820904179510766e-05
11.0,3.51,0.0,-0.0007153138097329981
11.0,3.51,1.0,1.5847427497883704e-05
11.0,3.51,2.0,0.00012871039556960895
11.0,3.51,3.0,3.0371871276163587e-06
11.0,3.51,4.0,0.0017287297474658514
11.0,3.51,5.0,-0.0038190281995136924
11.0,3.51,6.0,0.0024382313038646686
11.0,3.51,7.0,-0.008518961010765458
11.0,3.51,8.0,4.1053597310228285e-05
11.0,3.51,9.0,-4.0227284657273765e-05
11.0,3.51,10.0,-0.001308651365200364
11.0,3.51,11.0,1.3819796051972588e-07
11.0,3.51,12.0,0.0023599455864942165
11.0,3.51,13.0,4.759686841426802e-05
11.0,3.51,14.0,-2.8404462864405857e-08
11.0,3.51,15.0,2.666118569721876e-05
11.0,3.51,16.0,0.0018969203273456747
11.0,3.51,17.0,-0.0022277224467378287
11.0,3.51,18.0,0.0030493731522736045
11.0,3.51,19.0,0.0018652553185600773
11.0,3.51,20.0,0.00128001443704151
11.0,3.51,21.0,1.7820904201271137e-05
11.0,4.01,0.0,-0.000192030465317794
11.0,4.01,1.0,2.2403049373065365e-05
11.0,4.01,2.0,3.330014971769657e-05
11.0,4.01,3.0,3.0371871287543373e-06
11.0,4.01,4.0,0.001719633661091513
11.0,4.01,5.0,-0.0038156441490595563
11.0,4.01,6.0,0.0024385908012499735
11.0,4.01,7.0,-0.008515986936733244
11.0,4.01,8.0,4.1053597356829896e-05
11.0,4.01,9.0,3.2151145242520496e-06
11.0,4.01,10.0,-0.0013097367419969141
11.0,4.01,11.0,1.3819796054748146e-07
11.0,4.01,12.0,0.002356170328616791
11.0,4.01,13.0,8.831076886206546e-06
11.0,4.01,14.0,-2.8404462864855228e-08
11.0,4.01,15.0,2.593844585419003e-05
11.0,4.01,16.0,0.001894015715148134
11.0,4.01,17.0,-0.002208458876081079
11.0,4.01,18.0,0.0030531209232215195
11.0,4.01,19.0,0.0019647450696792523
11.0,4.01,20.0,0.001254315589954036
11.0,4.01,21.0,1.7820904221477196e-05
12.0,0.01,0.0,5.232581729019969e-07
12.0,0.01,1.0,2.1840138932249786e-05
12.0,0.01,2.0,1.2252594889683444e-05
12.0,0.01,3.0,3.078706744916171e-06
12.0,0.01,4.0,-0.0002254707325071159
12.0,0.01,5.0,-0.007895226179929937
12.0,0.01,6.0,0.0027273718352028853
12.0,0.01,7.0,-0.005882958638206773
12.0,0.01,8.0,4.110371283837233e-05
12.0,0.01,9.0,2.0875692222366293e-05
12.0,0.01,10.0,-0.0020878005256809162
12.0,0.01,11.0,1.530526492765638e-07
12.0,0.01,12.0,0.002784140236709698
12.0,0.01,13.0,-4.7546099951611964e-07
12.0,0.01,14.0,-0.0020429440950462934
12.0,0.01,15.0,2.5302264595239432e-05
12.0,0.01,16.0,0.00044227392127837994
12.0,0.01,17.0,-0.004642331468123262
12.0,0.01,18.0,0.0035738925066820526
12.0,0.01,19.0,0.00034266104210323167
12.0,0.01,20.0,0.0009829769873589411
12.0,0.01,21.0,1.319881013994717e-05
12.0,0.51,0.0,5.232579213254596e-07
12.0,0.51,1.0,2.1840138689055433e-05
12.0,0.51,2.0,1.2252595949224787e-05
12.0,0.51,3.0,3.0787067449300487e-06
12.0,0.51,4.0,-0.00022547158409336188
12.0,0.51,5.0,-0.007895226182555748
12.0,0.51,6.0,0.0027273722431308545
12.0,0.51,7.0,-0.005882958643486508
12.0,0.51,8.0,4.110371283837233e-05
12.0,0.51,9.0,2.0875692109373345e-05
12.0,0.51,10.0,-0.002087800396717132
12.0,0.51,11.0,1.530526492765638e-07
12.0,0.51,12.0,0.0027841404950517123
12.0,0.51,13.0,-4.7546079118276907e-07
12.0,0.51,14.0,-0.0020429440950829685
12.0,0.51,15.0,2.530226470071062e-05
12.0,0.51,16.0,0.00044227412422609413
12.0,0.51,17.0,-0.0046423311708097825
12.0,0.51,18.0,0.003573892755848851
12.0,0.51,19.0,0.00034266124076420823
12.0,0.51,20.0,0.0009829771041248714
12.0,0.51,21.0,1.319881013994717e-05
12.0,1.01,0.0,5.232576467673056e-07
12.0,1.01,1.0,2.184013842809751e-05
12.0,1.01,2.0,1.2252597083761696e-05
12.0,1.01,3.0,3.078706744916171e-06
12.0,1.01,4.0,-0.00022547245025517082
12.0,1.01,5.0,-0.007895226185171569
12.0,1.01,6.0,0.0027273726581185653
12.0,1.01,7.0,-0.005882958648819103
12.0,1.01,8.0,4.110371283838621e-05
12.0,1.01,9.0,2.0875691986527167e-05
12.0,1.01,10.0,-0.0020878002655314587
12.0,1.01,11.0,1.530526492765638e-07
12.0,1.01,12.0,0.002784140757797926
12.0,1.01,13.0,-4.754605648638055e-07
12.0,1.01,14.0,-0.0020429440951214833
12.0,1.01,15.0,2.5302264813537034e-05
12.0,1.01,16.0,0.0004422743306996546
12.0,1.01,17.0,-0.004642330868437294
12.0,1.01,18.0,0.0035738930092743537
12.0,1.01,19.0,0.00034266144280548083
12.0,1.01,20.0,0.0009829772229000833
12.0,1.01,21.0,1.319881013994717e-05
12.0,1.51,0.0,5.232573475622004e-07
12.0,1.51,1.0,2.184013814787722e-05
12.0,1.51,2.0,1.2252598299011819e-05
12.0,1.51,3.0,3.0787067449300487e-06
12.0,1.51,4.0,-0.0002254733312562207
12.0,1.51,5.0,-0.007895226187777722
12.0,1.51,6.0,0.0027273730802993557
12.0,1.51,7.0,-0.005882958654206086
12.0,1.51,8.0,4.110371283838621e-05
12.0,1.51,9.0,2.0875691853050604e-05
12.0,1.51,10.0,-0.002087800132083484
12.0,1.51,11.0,1.530526492765638e-07
12.0,1.51,12.0,0.0027841410250282195
12.0,1.51,13.0,-4.75460319115939e-07
12.0,1.51,14.0,-0.002042944095161869
12.0,1.51,15.0,2.5302264934551344e-05
12.0,1.51,16.0,0.0004422745407644535
12.0,1.51,17.0,-0.004642330560917202
12.0,1.51,18.0,0.0035738932670392742
12.0,1.51,19.0,0.00034266164829155343
12.0,1.51,20.0,0.0009829773437223244
12.0,1.51,21.0,1.319881013994717e-05
12.0,2.01,0.0,5.232570213786758e-07
12.0,2.01,1.0,2.184013784700678e-05
12.0,2.01,2.0,1.2252599601025871e-05
12.0,2.01,3.0,3.078706744916171e-06
12.0,2.01,4.0,-0.00022547422736274303
12.0,2.01,5.0,-0.007895226190374523
12.0,2.01,6.0,0.002727373509807618
12.0,2.01,7.0,-0.005882958659649079
12.0,2.01,8.0,4.1103712838400086e-05
12.0,2.01,9.0,2.0875691707888944e-05
12.0,2.01,10.0,-0.0020877999963325733
12.0,2.01,11.0,1.530526492765638e-07
12.0,2.01,12.0,0.002784141296823528
12.0,2.01,13.0,-4.7546005216281273e-07
12.0,2.01,14.0,-0.0020429440952041598
12.0,2.01,15.0,2.5302265064197638e-05
12.0,2.01,16.0,0.000442274754486105
12.0,2.01,17.0,-0.00464233024816052
12.0,2.01,18.0,0.003573893529225658
12.0,2.01,19.0,0.0003426618572864859
12.0,2.01,20.0,0.0009829774666297864
12.0,2.01,21.0,1.319881013994717e-05
12.0,2.51,0.0,5.23256665774241e-07
12.0,2.51,1.0,2.1840137523820857e-05
12.0,2.51,2.0,1.225260099646519e-05
12.0,2.51,3.0,3.078706744916171e-06
12.0,2.51,4.0,-0.00022547513884496606
12.0,2.51,5.0,-0.007895226192962304
12.0,2.51,6.0,0.0027273739467805203
12.0,2.51,7.0,-0.005882958665149707
12.0,2.51,8.0,4.110371283838621e-05
12.0,2.51,9.0,2.0875691550042985e-05
12.0,2.51,10.0,-0.002087799858237205
12.0,2.51,11.0,1.530526492765638e-07
12.0,2.51,12.0,0.002784141573266452
12.0,2.51,13.0,-4.7545976200602524e-07
12.0,2.51,14.0,-0.0020429440952483896
12.0,2.51,15.0,2.530226520314205e-05
12.0,2.51,16.0,0.0004422749719314445
12.0,2.51,17.0,-0.004642329930076711
12.0,2.51,18.0,0.0035738937959176598
12.0,2.51,19.0,0.0003426620698573357
12.0,2.51,20.0,0.0009829775916618821
12.0,2.51,21.0,1.319881013994717e-05
12.0,3.01,0.0,5.232562779733385e-07
12.0,3.01,1.0,2.1840137176543095e-05
12.0,3.01,2.0,1.2252602492823783e-05
12.0,3.01,3.0,3.078706744916171e-06
12.0,3.01,4.0,-0.00022547606597889125
12.0,3.01,5.0,-0.007895226195541394
12.0,3.01,6.0,0.0027273743913581727
12.0,3.01,7.0,-0.005882958670709787
12.0,3.01,8.0,4.1103712838400086e-05
12.0,3.01,9.0,2.087569137831924e-05
12.0,3.01,10.0,-0.0020877997177549124
12.0,3.01,11.0,1.530526492765638e-07
12.0,3.01,12.0,0.002784141854440647
12.0,3.01,13.0,-4.7545944681370855e-07
12.0,3.01,14.0,-0.0020429440952945926
12.0,3.01,15.0,2.5302265352078468e-05
12.0,3.01,16.0,0.0004422751931690283
12.0,3.01,17.0,-0.0046423296065738195
12.0,3.01,18.0,0.003573894067200545
12.0,3.01,19.0,0.00034266228607171545
12.0,3.01,20.0,0.0009829777188583577
12.0,3.01,21.0,1.3198810139891659e-05
12.0,3.51,0.0,5.232558549783661e-07
12.0,3.51,1.0,2.1840136803286114e-05
12.0,3.51,2.0,1.2252604097651165e-05
12.0,3.51,3.0,3.078706744916171e-06
12.0,3.51,4.0,-0.0002254770090448499
12.0,3.51,5.0,-0.007895226198112129
12.0,3.51,6.0,0.0027273748436834055
12.0,3.51,7.0,-0.00588295867633104
12.0,3.51,8.0,4.1103712838400086e-05
12.0,3.51,9.0,2.0875691191635237e-05
12.0,3.51,10.0,-0.0020877995748425082
12.0,3.51,11.0,1.530526492765638e-07
12.0,3.51,12.0,0.0027841421404317113
12.0,3.51,13.0,-4.7545910419888315e-07
12.0,3.51,14.0,-0.0020429440953428054
12.0,3.51,15.0,2.5302265511895072e-05
12.0,3.51,16.0,0.0004422754182675792
12.0,3.51,17.0,-0.004642329277558366
12.0,3.51,18.0,0.003573894343162687
12.0,3.51,19.0,0.0003426625059993471
12.0,3.51,20.0,0.0009829778482596252
12.0,3.51,21.0,1.319881013994717e-05
12.0,4.01,0.0,5.232553935696771e-07
12.0,4.01,1.0,2.1840136402051513e-05
12.0,4.01,2.0,1.2252605819162987e-05
12.0,4.01,3.0,3.0787067449300487e-06
12.0,4.01,4.0,-0.0002254779683298347
12.0,4.01,5.0,-0.007895226200674859
12.0,4.01,6.0,0.002727375303902768
12.0,4.01,7.0,-0.005882958682015299
12.0,4.01,8.0,4.1103712838400086e-05
12.0,4.01,9.0,2.0875690988519935e-05
12.0,4.01,10.0,-0.0020877994294558055
12.0,4.01,11.0,1.530526492765638e-07
12.0,4.01,12.0,0.00278414243132713
12.0,4.01,13.0,-4.7545873188559185e-07
12.0,4.01,14.0,-0.002042944095393066
12.0,4.01,15.0,2.5302265683313507e-05
12.0,4.01,16.0,0.0004422756472977629
12.0,4.01,17.0,-0.004642328942934787
12.0,4.01,18.0,0.00357389462389357
12.0,4.01,19.0,0.00034266272971161804
12.0,4.01,20.0,0.000982977979907762
12.0,4.01,21.0,1.3198810139891659e-05
13.0,0.01,0.0,0.0003505062291756511
13.0,0.01,1.0,1.9766682862187857e-05
13.0,0.01,2.0,-0.00012796155837341283
13.0,0.01,3.0,3.0713511415675354e-06
13.0,0.01,4.0,-0.0010208349716701592
13.0,0.01,5.0,-0.008095937879636583
13.0,0.01,6.0,0.0030389544120218437
13.0,0.01,7.0,-0.010568387376259206
13.0,0.01,8.0,4.108928875062867e-05
13.0,0.01,9.0,0.00012081002117184103
13.0,0.01,10.0,-0.0029524149524881027
13.0,0.01,11.0,1.5095205921356047e-07
13.0,0.01,12.0,0.0029885686251024945
13.0,0.01,13.0,-3.112386243031562e-05
13.0,0.01,14.0,-2.487908097571693e-05
13.0,0.01,15.0,2.2719617703309547e-05
13.0,0.01,16.0,0.0011113852171648064
13.0,0.01,17.0,-0.009003111191021186
13.0,0.01,18.0,0.002962491296733538
13.0,0.01,19.0,0.0008425096927023867
13.0,0.01,20.0,0.0007691841983882286
13.0,0.01,21.0,1.3394146910650218e-05
13.0,0.51,0.0,0.0003690208311966092
13.0,0.51,1.0,2.061238804873522e-05
13.0,0.51,2.0,-0.00013786701654128208
13.0,0.51,3.0,3.071351153030588e-06
13.0,0.51,4.0,-0.0010358260932923358
13.0,0.51,5.0,-0.008095553170528319
13.0,0.51,6.0,0.0030439472789148825
13.0,0.51,7.0,-0.010567921545221364
13.0,0.51,8.0,4.1089289180590294e-05
13.0,0.51,9.0,0.0001273983599899553
13.0,0.51,10.0,-0.0029525945094754924
13.0,0.51,11.0,1.5095205935233835e-07
13.0,0.51,12.0,0.0029892709548802188
13.0,0.51,13.0,-3.301536189312393e-05
13.0,0.51,14.0,-2.487908196789828e-05
13.0,0.51,15.0,2.2639752622677367e-05
13.0,0.51,16.0,0.0011124686661176941
13.0,0.51,17.0,-0.009002974010435405
13.0,0.51,18.0,0.0029698561987447913
13.0,0.51,19.0,0.0008599970591212092
13.0,0.51,20.0,0.0007669171316120327
13.0,0.51,21.0,1.3394147050871386e-05
13.0,1.01,0.0,0.00022913400968593844
13.0,1.01,1.0,1.851896696214439e-05
13.0,1.01,2.0,-0.00010693431464031677
13.0,1.01,3.0,3.0713511625091172e-06
13.0,1.01,4.0,-0.0010102003381882163
13.0,1.01,5.0,-0.008097339118002936
13.0,1.01,6.0,0.003040268027519999
13.0,1.01,7.0,-0.010568797445658562
13.0,1.01,8.0,4.108928953494573e-05
13.0,1.01,9.0,0.00010451739198652499
13.0,1.01,10.0,-0.002951360272738901
13.0,1.01,11.0,1.5095205946336065e-07
13.0,1.01,12.0,0.002991027413232872
13.0,1.01,13.0,-2.4578149708104347e-05
13.0,1.01,14.0,-2.4879082749365547e-05
13.0,1.01,15.0,2.2799699655656758e-05
13.0,1.01,16.0,0.0011144967987988252
13.0,1.01,17.0,-0.009003088555379141
13.0,1.01,18.0,0.0029553425045691917
13.0,1.01,19.0,0.0008097114609322276
13.0,1.01,20.0,0.0007787011091360263
13.0,1.01,21.0,1.3394147166501114e-05
13.0,1.51,0.0,-0.00022239245602873048
13.0,1.51,1.0,1.0590457118486718e-05
13.0,1.51,2.0,3.6381091585435676e-06
13.0,1.51,3.0,3.0713511690871886e-06
13.0,1.51,4.0,-0.0009070117434798464
13.0,1.51,5.0,-0.008103255536213397
13.0,1.51,6.0,0.0030241071031172906
13.0,1.51,7.0,-0.010572207757985145
13.0,1.51,8.0,4.108928977909765e-05
13.0,1.51,9.0,2.1630063939653832e-05
13.0,1.51,10.0,-0.0029468212282933726
13.0,1.51,11.0,1.509520595188718e-07
13.0,1.51,12.0,0.0029958382989299648
13.0,1.51,13.0,4.152394110279456e-06
13.0,1.51,14.0,-2.487908323950416e-05
13.0,1.51,15.0,2.3416495815137273e-05
13.0,1.51,16.0,0.0011210395106353577
13.0,1.51,17.0,-0.009003668541466062
13.0,1.51,18.0,0.002899117603641921
13.0,1.51,19.0,0.0006287924626232622
13.0,1.51,20.0,0.0008185909873018593
13.0,1.51,21.0,1.3394147246159616e-05
13.0,2.01,0.0,-0.0006189481277276698
13.0,2.01,1.0,2.929216983471594e-06
13.0,2.01,2.0,0.00010553292551640503
13.0,2.01,3.0,3.0713511738056365e-06
13.0,2.01,4.0,-0.0008085857128197205
13.0,2.01,5.0,-0.008108078124362372
13.0,2.01,6.0,0.003013135431315872
13.0,2.01,7.0,-0.01057500197842814
13.0,2.01,8.0,4.108928995712191e-05
13.0,2.01,9.0,-5.850414727376352e-05
13.0,2.01,10.0,-0.002942032775051895
13.0,2.01,11.0,1.5095205957438296e-07
13.0,2.01,12.0,0.0030006093432374814
13.0,2.01,13.0,3.010821259044616e-05
13.0,2.01,14.0,-2.4879083607579973e-05
13.0,2.01,15.0,2.398779785722782e-05
13.0,2.01,16.0,0.001130141557925568
13.0,2.01,17.0,-0.009004138405750463
13.0,2.01,18.0,0.0028471430928267427
13.0,2.01,19.0,0.00046385952201122294
13.0,2.01,20.0,0.0008552102824717078
13.0,2.01,21.0,1.3394147304279791e-05
13.0,2.51,0.0,-0.00017090981217882106
13.0,2.51,1.0,1.1435475455179311e-05
13.0,2.51,2.0,-1.2495246626220702e-05
13.0,2.51,3.0,3.071351182090676e-06
13.0,2.51,4.0,-0.0009248454903548753
13.0,2.51,5.0,-0.008101258756743786
13.0,2.51,6.0,0.0030348023596415974
13.0,2.51,7.0,-0.010570597688762843
13.0,2.51,8.0,4.1089290275464485e-05
13.0,2.51,9.0,2.9331315414160564e-05
13.0,2.51,10.0,-0.0029465279287409496
13.0,2.51,11.0,1.5095205965764968e-07
13.0,2.51,12.0,0.002996245854787971
13.0,2.51,13.0,5.289905805061501e-08
13.0,2.51,14.0,-2.4879084371063074e-05
13.0,2.51,15.0,2.3291245679596395e-05
13.0,2.51,16.0,0.0011256413387440434
13.0,2.51,17.0,-0.009003301373872796
13.0,2.51,18.0,0.0029105487776948102
13.0,2.51,19.0,0.0006591800290329797
13.0,2.51,20.0,0.0008124957222126472
13.0,2.51,21.0,1.3394147408085644e-05
13.0,3.01,0.0,0.00011045092486350327
13.0,3.01,1.0,1.6648460801571563e-05
13.0,3.01,2.0,-8.467300872633254e-05
13.0,3.01,3.0,3.07135118952917e-06
13.0,3.01,4.0,-0.0009942152583958253
13.0,3.01,5.0,-0.00809702321503835
13.0,3.01,6.0,0.0030462982749163148
13.0,3.01,7.0,-0.010567822504018743
13.0,3.01,8.0,4.1089290562790204e-05
13.0,3.01,9.0,8.369438059521728e-05
13.0,3.01,10.0,-0.002949412040081145
13.0,3.01,11.0,1.5095205971316084e-07
13.0,3.01,12.0,0.0029933505660852955
13.0,3.01,13.0,-1.848249682204206e-05
13.0,3.01,14.0,-2.4879085008536865e-05
13.0,3.01,15.0,2.287249360702348e-05
13.0,3.01,16.0,0.0011218433011406237
13.0,3.01,17.0,-0.009002765107116622
13.0,3.01,18.0,0.0029484901922862683
13.0,3.01,19.0,0.0007778783310358195
13.0,3.01,20.0,0.0007862928133088865
13.0,3.01,21.0,1.3394147501788467e-05
13.0,3.51,0.0,0.00027605296479649155
13.0,3.51,1.0,1.971523818683485e-05
13.0,3.51,2.0,-0.00012667610945754637
13.0,3.51,3.0,3.071351196204386e-06
13.0,3.51,4.0,-0.0010341137185155835
13.0,3.51,5.0,-0.008094564456913658
13.0,3.51,6.0,0.0030521382472830094
13.0,3.51,7.0,-0.01056615416048475
13.0,3.51,8.0,4.108929082170809e-05
13.0,3.51,9.0,0.00011565264027907363
13.0,3.51,10.0,-0.002951170039884543
13.0,3.51,11.0,1.5095205979642756e-07
13.0,3.51,12.0,0.002991577447012561
13.0,3.51,13.0,-2.9270017825544503e-05
13.0,3.51,14.0,-2.4879085548859605e-05
13.0,3.51,15.0,2.2631283713964168e-05
13.0,3.51,16.0,0.0011190697865638422
13.0,3.51,17.0,-0.00900243082981128
13.0,3.51,18.0,0.002970244918239495
13.0,3.51,19.0,0.0008465401988742016
13.0,3.51,20.0,0.0007712077485734214
13.0,3.51,21.0,1.339414758627644e-05
13.0,4.01,0.0,0.00032506852787916873
13.0,4.01,1.0,2.0917378979024015e-05
13.0,4.01,2.0,-0.00014176966267481772
13.0,4.01,3.0,3.0713512021302014e-06
13.0,4.01,4.0,-0.0010501460786654926
13.0,4.01,5.0,-0.008093798876888075
13.0,4.01,6.0,0.0030544599001787187
13.0,4.01,7.0,-0.01056550588121732
13.0,4.01,8.0,4.108929105113568e-05
13.0,4.01,9.0,0.00012712954585952785
13.0,4.01,10.0,-0.0029518720684836297
13.0,4.01,11.0,1.5095205985193871e-07
13.0,4.01,12.0,0.0029909835479652314
13.0,4.01,13.0,-3.283048626018248e-05
13.0,4.01,14.0,-2.4879086003068254e-05
13.0,4.01,15.0,2.2536660004929265e-05
13.0,4.01,16.0,0.0011180269367129236
13.0,4.01,17.0,-0.00900227887398294
13.0,4.01,18.0,0.0029787880139784395
13.0,4.01,19.0,0.0008712494690754635
13.0,4.01,20.0,0.0007663862517874875
13.0,4.01,21.0,1.3394147661105471e-05
14.0,0.01,0.0,0.000599994726440567
14.0,0.01,1.0,3.98184911523658e-05
14.0,0.01,2.0,-0.00014071285126648903
14.0,0.01,3.0,3.0430649360507767e-06
14.0,0.01,4.0,-0.0004916780371533314
14.0,0.01,5.0,-7.306368801668768e-05
14.0,0.01,6.0,-4.602633857753169e-05
14.0,0.01,7.0,-0.008036605363913584
14.0,0.01,8.0,4.106047129033563e-05
14.0,0.01,9.0,0.00012705025151293903
14.0,0.01,10.0,-4.059731577488179e-05
14.0,0.01,11.0,1.4027222985935062e-07
14.0,0.01,12.0,-6.55798990265577e-05
14.0,0.01,13.0,-6.137301529138273e-05
14.0,0.01,14.0,-0.00047360308268034473
14.0,0.01,15.0,2.316718657749406e-05
14.0,0.01,16.0,-0.0001460828424331151
14.0,0.01,17.0,-0.003463935374661213
14.0,0.01,18.0,0.00013042853776207286
14.0,0.01,19.0,-7.271502692540732e-05
14.0,0.01,20.0,-0.00016261710600040669
14.0,0.01,21.0,1.5325706498814373e-05
14.0,0.51,0.0,0.0006000680218963828
14.0,0.51,1.0,3.9820602888207546e-05
14.0,0.51,2.0,-0.00014073094612299109
14.0,0.51,3.0,3.043064936036899e-06
14.0,0.51,4.0,-0.0004916767529550281
14.0,0.51,5.0,-7.30636880165482e-05
14.0,0.51,6.0,-4.603085539311991e-05
14.0,0.51,7.0,-0.008036604963151414
14.0,0.51,8.0,4.106047129039114e-05
14.0,0.51,9.0,0.0001270630878894008
14.0,0.51,10.0,-4.059801529721074e-05
14.0,0.51,11.0,1.4027222985935062e-07
14.0,0.51,12.0,-6.558342472462453e-05
14.0,0.51,13.0,-6.138040627196029e-05
14.0,0.51,14.0,-0.00047360329729968786
14.0,0.51,15.0,2.3166900625454234e-05
14.0,0.51,16.0,-0.0001460911155144462
14.0,0.51,17.0,-0.0034639334930020374
14.0,0.51,18.0,0.00013043373544302517
14.0,0.51,19.0,-7.270074513698876e-05
14.0,0.51,20.0,-0.0001626264224965368
14.0,0.51,21.0,1.5325706498814373e-05
14.0,1.01,0.0,0.000600141311610014
14.0,1.01,1.0,3.9822714467840914e-05
14.0,1.01,2.0,-0.00014074903959854224
14.0,1.01,3.0,3.0430649360507767e-06
14.0,1.01,4.0,-0.0004916754688677472
14.0,1.01,5.0,-7.306368801640873e-05
14.0,1.01,6.0,-4.603537187908291e-05
14.0,1.01,7.0,-0.008036604562425812
14.0,1.01,8.0,4.106047129046053e-05
14.0,1.01,9.0,0.0001270759232903096
14.0,1.01,10.0,-4.059871476763677e-05
14.0,1.01,11.0,1.4027222985935062e-07
14.0,1.01,12.0,-6.558695016067873e-05
14.0,1.01,13.0,-6.138779667866356e-05
14.0,1.01,14.0,-0.00047360351190173927
14.0,1.01,15.0,2.3166614694536403e-05
14.0,1.01,16.0,-0.00014609938796972255
14.0,1.01,17.0,-0.0034639316114954202
14.0,1.01,18.0,0.00013043893273739782
14.0,1.01,19.0,-7.268646445046656e-05
14.0,1.01,20.0,-0.00016263573827635103
14.0,1.01,21.0,1.5325706498814373e-05
14.0,1.51,0.0,0.0006002145956089944
14.0,1.51,1.0,3.982482589248715e-05
14.0,1.51,2.0,-0.00014076713170152466
14.0,1.51,3.0,3.0430649360507767e-06
14.0,1.51,4.0,-0.0004916741848917106
14.0,1.51,5.0,-7.306368801626926e-05
14.0,1.51,6.0,-4.603988803808523e-05
14.0,1.51,7.0,-0.008036604161735876
14.0,1.51,8.0,4.1060471290502165e-05
14.0,1.51,9.0,0.00012708875772182715
14.0,1.51,10.0,-4.059941418643742e-05
14.0,1.51,11.0,1.4027222985935062e-07
14.0,1.51,12.0,-6.559047533655216e-05
14.0,1.51,13.0,-6.139518651454567e-05
14.0,1.51,14.0,-0.00047360372648667243
14.0,1.51,15.0,2.316632878457403e-05
14.0,1.51,16.0,-0.00014610765980316298
14.0,1.51,17.0,-0.003463929730140043
14.0,1.51,18.0,0.00013044412964829943
14.0,1.51,19.0,-7.267218485995652e-05
14.0,1.51,20.0,-0.0001626450533445123
14.0,1.51,21.0,1.5325706498925395e-05
14.0,2.01,0.0,0.0006002878738918804
14.0,2.01,1.0,3.9826937161979714e-05
14.0,2.01,2.0,-0.00014078522243138325
14.0,2.01,3.0,3.0430649360507767e-06
14.0,2.01,4.0,-0.0004916729010264742
14.0,2.01,5.0,-7.306368801612979e-05
14.0,2.01,6.0,-4.6044403869793804e-05
14.0,2.01,7.0,-0.008036603761081697
14.0,2.01,8.0,4.10604712905438e-05
14.0,2.01,9.0,0.00012710159118367592
14.0,2.01,10.0,-4.060011355372373e-05
14.0,2.01,11.0,1.4027222985935062e-07
14.0,2.01,12.0,-6.55940002521338e-05
14.0,2.01,13.0,-6.140257577946784e-05
14.0,2.01,14.0,-0.000473603941054522
14.0,2.01,15.0,2.3166042895539363e-05
14.0,2.01,16.0,-0.00014611593101399034
14.0,2.01,17.0,-0.0034639278489360173
14.0,2.01,18.0,0.000130449326175619
14.0,2.01,19.0,-7.265790636512559e-05
14.0,2.01,20.0,-0.00016265436770046549
14.0,2.01,21.0,1.5325706498869884e-05
14.0,2.51,0.0,0.0006003611464459047
14.0,2.51,1.0,3.982904827581901e-05
14.0,2.51,2.0,-0.00014080331178434324
14.0,2.51,3.0,3.0430649360507767e-06
14.0,2.51,4.0,-0.0004916716172723712
14.0,2.51,5.0,-7.306368801599033e-05
14.0,2.51,6.0,-4.604891937320943e-05
14.0,2.51,7.0,-0.00803660336046367
14.0,2.51,8.0,4.106047129061319e-05
14.0,2.51,9.0,0.00012711442367296932
14.0,2.51,10.0,-4.060081286921813e-05
14.0,2.51,11.0,1.4027222985935062e-07
14.0,2.51,12.0,-6.559752490659099e-05
14.0,2.51,13.0,-6.140996447195901e-05
14.0,2.51,14.0,-0.0004736041556051354
14.0,2.51,15.0,2.316575702754342e-05
14.0,2.51,16.0,-0.0001461242016010944
14.0,2.51,17.0,-0.0034639259678839115
14.0,2.51,18.0,0.00013045452231774668
14.0,2.51,19.0,-7.264362896941545e-05
14.0,2.51,20.0,-0.00016266368134254527
14.0,2.51,21.0,1.5325706498869884e-05
14.0,3.01,0.0,0.0006004344132716222
14.0,3.01,1.0,3.983115923400504e-05
14.0,3.01,2.0,-0.00014082139976034913
14.0,3.01,3.0,3.0430649360507767e-06
14.0,3.01,4.0,-0.0004916703336294015
14.0,3.01,5.0,-7.306368801585088e-05
14.0,3.01,6.0,-4.605343454844313e-05
14.0,3.01,7.0,-0.008036602959881832
14.0,3.01,8.0,4.10604712906687e-05
14.0,3.01,9.0,0.00012712725518965184
14.0,3.01,10.0,-4.0601512132865114e-05
14.0,3.01,11.0,1.4027222985935062e-07
14.0,3.01,12.0,-6.560104929986821e-05
14.0,3.01,13.0,-6.14173525920747e-05
14.0,3.01,14.0,-0.0004736043701385334
14.0,3.01,15.0,2.3165471180530695e-05
14.0,3.01,16.0,-0.00014613247156403109
14.0,3.01,17.0,-0.0034639240869837676
14.0,3.01,18.0,0.000130459718074738
14.0,3.01,19.0,-7.262935267282611e-05
14.0,3.01,20.0,-0.00016267299427052961
14.0,3.01,21.0,1.5325706498925395e-05
14.0,3.51,0.0,0.0006005076743804683
14.0,3.51,1.0,3.9833270037037405e-05
14.0,3.51,2.0,-0.00014083948636300914
14.0,3.51,3.0,3.0430649360646544e-06
14.0,3.51,4.0,-0.0004916690500975651
14.0,3.51,5.0,-7.306368801571142e-05
14.0,3.51,6.0,-4.605794939627206e-05
14.0,3.51,7.0,-0.008036602559335772
14.0,3.51,8.0,4.106047129072421e-05
14.0,3.51,9.0,0.00012714008573644353
14.0,3.51,10.0,-4.060221134499775e-05
14.0,3.51,11.0,1.4027222985935062e-07
14.0,3.51,12.0,-6.560457343290915e-05
14.0,3.51,13.0,-6.142474014109167e-05
14.0,3.51,14.0,-0.00047360458465477845
14.0,3.51,15.0,2.3165185354556694e-05
14.0,3.51,16.0,-0.00014614074090457674
14.0,3.51,17.0,-0.0034639222062350303
14.0,3.51,18.0,0.00013046491344803623
14.0,3.51,19.0,-7.261507747224893e-05
14.0,3.51,20.0,-0.00016268230648630588
14.0,3.51,21.0,1.5325706498925395e-05
14.0,4.01,0.0,0.0006005809297543463
14.0,4.01,1.0,3.9835380684249966e-05
14.0,4.01,2.0,-0.00014085757158671663
14.0,4.01,3.0,3.0430649360646544e-06
14.0,4.01,4.0,-0.0004916677666770841
14.0,4.01,5.0,-7.306368801557198e-05
14.0,4.01,6.0,-4.606246391503088e-05
14.0,4.01,7.0,-0.008036602158826121
14.0,4.01,8.0,4.106047129077972e-05
14.0,4.01,9.0,0.00012715291530907002
14.0,4.01,10.0,-4.060291050522746e-05
14.0,4.01,11.0,1.4027222985935062e-07
14.0,4.01,12.0,-6.560809730427053e-05
14.0,4.01,13.0,-6.143212711701151e-05
14.0,4.01,14.0,-0.0004736047991537734
14.0,4.01,15.0,2.3164899549649176e-05
14.0,4.01,16.0,-0.00014614900962017785
14.0,4.01,17.0,-0.0034639203256385392
14.0,4.01,18.0,0.00013047010843536544
14.0,4.01,19.0,-7.260080337212482e-05
14.0,4.01,20.0,-0.0001626916179869875
14.0,4.01,21.0,1.5325706498980907e-05
15.0,0.01,0.0,-0.0008473534911195291
15.0,0.01,1.0,-2.6880537999818266e-05
15.0,0.01,2.0,0.00022549872371235846
15.0,0.01,3.0,3.0403270486062395e-06
15.0,0.01,4.0,0.0006294874215280188
15.0,0.01,5.0,-0.006478402193560498
15.0,0.01,6.0,0.0025912990277525694
15.0,0.01,7.0,-0.008949200936123666
15.0,0.01,8.0,4.1057231597266264e-05
15.0,0.01,9.0,-0.00016908707888607655
15.0,0.01,10.0,-0.0021957543390684897
15.0,0.01,11.0,1.3930230738368188e-07
15.0,0.01,12.0,0.0015296952197452196
15.0,0.01,13.0,0.0002741461553585345
15.0,0.01,14.0,-1.1456660304531535e-07
15.0,0.01,15.0,3.12932497852636e-05
15.0,0.01,16.0,0.0010463725827331016
15.0,0.01,17.0,-0.0035642507145414726
15.0,0.01,18.0,0.002898896902770398
15.0,0.01,19.0,0.0008791034289207245
15.0,0.01,20.0,0.0010405781731771535
15.0,0.01,21.0,1.1210047121845701e-05
15.0,0.51,0.0,-0.000912300461104909
15.0,0.51,1.0,-3.065432381654798e-05
15.0,0.51,2.0,0.00024308893457691827
15.0,0.51,3.0,3.040327048564606e-06
15.0,0.51,4.0,0.0006312369927023997
15.0,0.51,5.0,-0.006478424099399926
15.0,0.51,6.0,0.0025919329639645383
15.0,0.51,7.0,-0.00894985086644704
15.0,0.51,8.0,4.105723159586461e-05
15.0,0.51,9.0,-0.00018434389984606225
15.0,0.51,10.0,-0.0021944482523487685
15.0,0.51,11.0,1.393023073559263e-07
15.0,0.51,12.0,0.0015352105382587244
15.0,0.51,13.0,0.00029630133928088
15.0,0.51,14.0,-1.1456660304572849e-07
15.0,0.51,15.0,3.185032508765118e-05
15.0,0.51,16.0,0.0010545889513700057
15.0,0.51,17.0,-0.003568418356705211
15.0,0.51,18.0,0.0028963394761490346
15.0,0.51,19.0,0.0008729968859775283
15.0,0.51,20.0,0.0010483314038480795
15.0,0.51,21.0,1.1210047121401612e-05
15.0,1.01,0.0,-0.0009799693916248131
15.0,1.01,1.0,-3.4627401878595254e-05
15.0,1.01,2.0,0.0002615573324290521
15.0,1.01,3.0,3.0403270485229728e-06
15.0,1.01,4.0,0.0006330861349714834
15.0,1.01,5.0,-0.006478447014594054
15.0,1.01,6.0,0.0025926037022026005
15.0,1.01,7.0,-0.008950532874655179
15.0,1.01,8.0,4.105723159417152e-05
15.0,1.01,9.0,-0.00020039969269608493
15.0,1.01,10.0,-0.0021930742535989367
15.0,1.01,11.0,1.393023073559263e-07
15.0,1.01,12.0,0.0015410110653721887
15.0,1.01,13.0,0.00031952045726285627
15.0,1.01,14.0,-1.1456660304613378e-07
15.0,1.01,15.0,3.2436691709880616e-05
15.0,1.01,16.0,0.0010632407622840345
15.0,1.01,17.0,-0.003572791758325866
15.0,1.01,18.0,0.0028936472255780554
15.0,1.01,19.0,0.0008665998033619005
15.0,1.01,20.0,0.0010564788609072062
15.0,1.01,21.0,1.1210047120957523e-05
15.0,1.51,0.0,-0.0010503979503030392
15.0,1.51,1.0,-3.880705496300818e-05
15.0,1.51,2.0,0.00028093186445643514
15.0,1.51,3.0,3.0403270484674616e-06
15.0,1.51,4.0,0.0006350389433324999
15.0,1.51,5.0,-0.00647847096403507
15.0,1.51,6.0,0.0025933127830487512
15.0,1.51,7.0,-0.008951248009584226
15.0,1.51,8.0,4.105723159214536e-05
15.0,1.51,9.0,-0.00021728333099457764
15.0,1.51,10.0,-0.0021916299095380287
15.0,1.51,11.0,1.393023073559263e-07
15.0,1.51,12.0,0.0015471066538138012
15.0,1.51,13.0,0.00034383344026567286
15.0,1.51,14.0,-1.1456660304652973e-07
15.0,1.51,15.0,3.305342282497459e-05
15.0,1.51,16.0,0.0010723440315306698
15.0,1.51,17.0,-0.0035773774294768634
15.0,1.51,18.0,0.002890815154660331
15.0,1.51,19.0,0.0008599040523975532
15.0,1.51,20.0,0.001065033910409463
15.0,1.51,21.0,1.1210047120402411e-05
15.0,2.01,0.0,-0.001123620423387428
15.0,2.01,1.0,-4.320076266844941e-05
15.0,2.01,2.0,0.0003012409200183197
15.0,2.01,3.0,3.0403270484258282e-06
15.0,2.01,4.0,0.000637099654350437
15.0,2.01,5.0,-0.0064784959723081246
15.0,2.01,6.0,0.002594061799200853
15.0,2.01,7.0,-0.008951997339476225
15.0,2.01,8.0,4.10572315897445e-05
15.0,2.01,9.0,-0.00023502443252315652
15.0,2.01,10.0,-0.0021901127232054063
15.0,2.01,11.0,1.393023073559263e-07
15.0,2.01,12.0,0.001553507381998387
15.0,2.01,13.0,0.00036927036679068603
15.0,2.01,14.0,-1.145666030469147e-07
15.0,2.01,15.0,3.3701621090842515e-05
15.0,2.01,16.0,0.0010819152069585503
15.0,2.01,17.0,-0.003582181982258348
15.0,2.01,18.0,0.0028878381262901764
15.0,2.01,19.0,0.0008529014627698395
15.0,2.01,20.0,0.0010740102011151942
15.0,2.01,21.0,1.1210047119736277e-05
15.0,2.51,0.0,-0.0011671367850786263
15.0,2.51,1.0,-4.592425209126727e-05
15.0,2.51,2.0,0.00031370426115240324
15.0,2.51,3.0,3.0403270483980727e-06
15.0,2.51,4.0,0.0006384021799112904
15.0,2.51,5.0,-0.006478509840111946
15.0,2.51,6.0,0.002594544054425718
15.0,2.51,7.0,-0.008952444726242605
15.0,2.51,8.0,4.105723158856489e-05
15.0,2.51,9.0,-0.0002460259096059292
15.0,2.51,10.0,-0.002189180465773266
15.0,2.51,11.0,1.393023073559263e-07
15.0,2.51,12.0,0.0015574573277284398
15.0,2.51,13.0,0.0003847610760312481
15.0,2.51,14.0,-1.1456660304719163e-07
15.0,2.51,15.0,3.4101149315429735e-05
15.0,2.51,16.0,0.0010878683668867906
15.0,2.51,17.0,-0.0035851233588133635
15.0,2.51,18.0,0.002886002010705435
15.0,2.51,19.0,0.0008486459268384206
15.0,2.51,20.0,0.0010795408726177458
15.0,2.51,21.0,1.1210047119458721e-05
15.0,3.01,0.0,-0.0011196584694672662
15.0,3.01,1.0,-4.337311657010012e-05
15.0,3.01,2.0,0.0003015888479175888
15.0,3.01,3.0,3.040327048453584e-06
15.0,3.01,4.0,0.0006372799671890972
15.0,3.01,5.0,-0.006478489529540638
15.0,3.01,6.0,0.002594167174498674
15.0,3.01,7.0,-0.008951951113495022
15.0,3.01,8.0,4.105723159164576e-05
15.0,3.01,9.0,-0.00023576068786640425
15.0,3.01,10.0,-0.0021900891676834844
15.0,3.01,11.0,1.393023073559263e-07
15.0,3.01,12.0,0.0015536925656955969
15.0,3.01,13.0,0.00036926223004735137
15.0,3.01,14.0,-1.1456660304719335e-07
15.0,3.01,15.0,3.3716592227256426e-05
15.0,3.01,16.0,0.0010823830059134565
15.0,3.01,17.0,-0.0035822365898230957
15.0,3.01,18.0,0.002887764916837343
15.0,3.01,19.0,0.0008529391747182924
15.0,3.01,20.0,0.001074247300328235
15.0,3.01,21.0,1.1210047120291389e-05
15.0,3.51,0.0,-0.0010736680744329874
15.0,3.51,1.0,-4.0900678237643096e-05
15.0,3.51,2.0,0.0002898512452789159
15.0,3.51,3.0,3.0403270485229728e-06
15.0,3.51,4.0,0.000636190986329499
15.0,3.51,5.0,-0.0064784697810733585
15.0,3.51,6.0,0.0025938006475824116
15.0,3.51,7.0,-0.00895147275000165
15.0,3.51,8.0,4.105723159467112e-05
15.0,3.51,9.0,-0.00022581345530242602
15.0,3.51,10.0,-0.002190969223500039
15.0,3.51,11.0,1.393023073559263e-07
15.0,3.51,12.0,0.0015500440713131503
15.0,3.51,13.0,0.0003542484398809109
15.0,3.51,14.0,-1.1456660304719847e-07
15.0,3.51,15.0,3.334406318525329e-05
15.0,3.51,16.0,0.0010770656756030617
15.0,3.51,17.0,-0.0035794408590379134
15.0,3.51,18.0,0.002889472553972483
15.0,3.51,19.0,0.0008570968873617968
15.0,3.51,20.0,0.0010691194549273808
15.0,3.51,21.0,1.1210047121013034e-05
15.0,4.01,0.0,-0.0010291174439148731
15.0,4.01,1.0,-3.850441828756601e-05
15.0,4.01,2.0,0.000278479253057351
15.0,4.01,3.0,3.0403270486062395e-06
15.0,4.01,4.0,0.0006351341832344648
15.0,4.01,5.0,-0.006478450575791873
15.0,4.01,6.0,0.002593444159605496
15.0,4.01,7.0,-0.008951009136321424
15.0,4.01,8.0,4.10572315976826e-05
15.0,4.01,9.0,-0.0002161739845197852
15.0,4.01,10.0,-0.0021918215529829754
15.0,4.01,11.0,1.393023073559263e-07
15.0,4.01,12.0,0.0015465081117338464
15.0,4.01,13.0,0.00033970398883931274
15.0,4.01,14.0,-1.1456660304720687e-07
15.0,4.01,15.0,3.2983178191836604e-05
15.0,4.01,16.0,0.0010719110197517923
15.0,4.01,17.0,-0.003576733206026389
15.0,4.01,18.0,0.002891126681861589
15.0,4.01,19.0,0.000861123470330627
15.0,4.01,20.0,0.0010641519652125897
15.0,4.01,21.0,1.1210047121901212e-05
16.0,0.01,0.0,-0.00044427871291741194
16.0,0.01,1.0,1.402784350768016e-05
16.0,0.01,2.0,8.792000367663366e-05
16.0,0.01,3.0,3.0360185502148473e-06
16.0,0.01,4.0,0.0011367463569126324
16.0,0.01,5.0,-2.737188414386191e-09
16.0,0.01,6.0,0.0004767687338704807
16.0,0.01,7.0,-0.006532657276642067
16.0,0.01,8.0,4.105230343252886e-05
16.0,0.01,9.0,-2.3827249589353228e-05
16.0,0.01,10.0,-0.0001356092594045344
16.0,0.01,11.0,1.377517547529461e-07
16.0,0.01,12.0,0.0007291756466871746
16.0,0.01,13.0,1.6632050006237797e-05
16.0,0.01,14.0,-0.0026792918356026985
16.0,0.01,15.0,2.08186807286459e-05
16.0,0.01,16.0,0.0003905279301622544
16.0,0.01,17.0,-0.0006427849063264379
16.0,0.01,18.0,0.0011601686906104192
16.0,0.01,19.0,-0.0003836878261870291
16.0,0.01,20.0,0.0004940556506555227
16.0,0.01,21.0,1.7220998937195198e-05
16.0,0.51,0.0,-0.0004442787126848202
16.0,0.51,1.0,1.4027843508401805e-05
16.0,0.51,2.0,8.792000363233576e-05
16.0,0.51,3.0,3.0360185502148473e-06
16.0,0.51,4.0,0.0011367463569035285
16.0,0.51,5.0,-2.737188414386191e-09
16.0,0.51,6.0,0.0004767687338689264
16.0,0.51,7.0,-0.006532657276638698
16.0,0.51,8.0,4.105230343252886e-05
16.0,0.51,9.0,-2.3827249567148767e-05
16.0,0.51,10.0,-0.00013560925940447888
16.0,0.51,11.0,1.377517547529461e-07
16.0,0.51,12.0,0.0007291756466885069
16.0,0.51,13.0,1.663204999693968e-05
16.0,0.51,14.0,-0.002679291835604024
16.0,0.51,15.0,2.0818680728618144e-05
16.0,0.51,16.0,0.000390527930170248
16.0,0.51,17.0,-0.0006427849063165014
16.0,0.51,18.0,0.0011601686906108633
16.0,0.51,19.0,-0.00038368782615383346
16.0,0.51,20.0,0.000494055650641867
16.0,0.51,21.0,1.7220998937195198e-05
16.0,1.01,0.0,-0.00044427871244900885
16.0,1.01,1.0,1.402784350912345e-05
16.0,1.01,2.0,8.792000358737173e-05
16.0,1.01,3.0,3.0360185502148473e-06
16.0,1.01,4.0,0.0011367463568942027
16.0,1.01,5.0,-2.737188414386191e-09
16.0,1.01,6.0,0.000476768733867039
16.0,1.01,7.0,-0.006532657276635318
16.0,1.01,8.0,4.105230343252886e-05
16.0,1.01,9.0,-2.3827249544694507e-05
16.0,1.01,10.0,-0.00013560925940442337
16.0,1.01,11.0,1.377517547529461e-07
16.0,1.01,12.0,0.0007291756466899502
16.0,1.01,13.0,1.663204998753054e-05
16.0,1.01,14.0,-0.002679291835605363
16.0,1.01,15.0,2.0818680728534877e-05
16.0,1.01,16.0,0.00039052793017835263
16.0,1.01,17.0,-0.0006427849063063984
16.0,1.01,18.0,0.0011601686906111963
16.0,1.01,19.0,-0.0003836878261203047
16.0,1.01,20.0,0.0004940556506281002
16.0,1.01,21.0,1.7220998937195198e-05
16.0,1.51,0.0,-0.0004442787122191927
16.0,1.51,1.0,1.4027843509900606e-05
16.0,1.51,2.0,8.792000354362894e-05
16.0,1.51,3.0,3.0360185502148473e-06
16.0,1.51,4.0,0.0011367463568850988
16.0,1.51,5.0,-2.737188414386191e-09
16.0,1.51,6.0,0.0004767687338654847
16.0,1.51,7.0,-0.006532657276631957
16.0,1.51,8.0,4.105230343252886e-05
16.0,1.51,9.0,-2.3827249522739846e-05
16.0,1.51,10.0,-0.00013560925940436785
16.0,1.51,11.0,1.377517547529461e-07
16.0,1.51,12.0,0.0007291756466912824
16.0,1.51,13.0,1.66320499783712e-05
16.0,1.51,14.0,-0.0026792918356066883
16.0,1.51,15.0,2.0818680728507122e-05
16.0,1.51,16.0,0.0003905279301862352
16.0,1.51,17.0,-0.0006427849062965729
16.0,1.51,18.0,0.0011601686906115294
16.0,1.51,19.0,-0.0003836878260873311
16.0,1.51,20.0,0.0004940556506147775
16.0,1.51,21.0,1.7220998937195198e-05
16.0,2.01,0.0,-0.00044427871199448354
16.0,2.01,1.0,1.402784351056674e-05
16.0,2.01,2.0,8.792000350088536e-05
16.0,2.01,3.0,3.0360185502148473e-06
16.0,2.01,4.0,0.001136746356876217
16.0,2.01,5.0,-2.737188414386191e-09
16.0,2.01,6.0,0.00047676873386393037
16.0,2.01,7.0,-0.006532657276628627
16.0,2.01,8.0,4.105230343252886e-05
16.0,2.01,9.0,-2.3827249501312542e-05
16.0,2.01,10.0,-0.00013560925940431234
16.0,2.01,11.0,1.377517547529461e-07
16.0,2.01,12.0,0.0007291756466926147
16.0,2.01,13.0,1.6632049969433904e-05
16.0,2.01,14.0,-0.0026792918356079963
16.0,2.01,15.0,2.0818680728423855e-05
16.0,2.01,16.0,0.0003905279301941178
16.0,2.01,17.0,-0.0006427849062869417
16.0,2.01,18.0,0.0011601686906118625
16.0,2.01,19.0,-0.0003836878260553567
16.0,2.01,20.0,0.0004940556506016769
16.0,2.01,21.0,1.7220998937195198e-05
16.0,2.51,0.0,-0.0004442787117593383
16.0,2.51,1.0,1.4027843511343896e-05
16.0,2.51,2.0,8.792000345614337e-05
16.0,2.51,3.0,3.0360185502148473e-06
16.0,2.51,4.0,0.0011367463568668912
16.0,2.51,5.0,-2.737188414386191e-09
16.0,2.51,6.0,0.000476768733862154
16.0,2.51,7.0,-0.006532657276625247
16.0,2.51,8.0,4.105230343252886e-05
16.0,2.51,9.0,-2.3827249478913792e-05
16.0,2.51,10.0,-0.00013560925940425683
16.0,2.51,11.0,1.377517547529461e-07
16.0,2.51,12.0,0.000729175646694058
16.0,2.51,13.0,1.663204996005252e-05
16.0,2.51,14.0,-0.002679291835609325
16.0,2.51,15.0,2.08186807283961e-05
16.0,2.51,16.0,0.0003905279302021114
16.0,2.51,17.0,-0.0006427849062768665
16.0,2.51,18.0,0.0011601686906123065
16.0,2.51,19.0,-0.00038368782602193896
16.0,2.51,20.0,0.0004940556505880211
16.0,2.51,21.0,1.7220998937195198e-05
16.0,3.01,0.0,-0.0004442787115229718
16.0,3.01,1.0,1.402784351201003e-05
16.0,3.01,2.0,8.792000341117934e-05
16.0,3.01,3.0,3.0360185502148473e-06
16.0,3.01,4.0,0.0011367463568576763
16.0,3.01,5.0,-2.737188414386191e-09
16.0,3.01,6.0,0.0004767687338604887
16.0,3.01,7.0,-0.006532657276621858
16.0,3.01,8.0,4.105230343252886e-05
16.0,3.01,9.0,-2.3827249456376265e-05
16.0,3.01,10.0,-0.00013560925940420132
16.0,3.01,11.0,1.377517547529461e-07
16.0,3.01,12.0,0.0007291756466953903
16.0,3.01,13.0,1.663204995064338e-05
16.0,3.01,14.0,-0.0026792918356106712
16.0,3.01,15.0,2.081868072834059e-05
16.0,3.01,16.0,0.0003905279302104381
16.0,3.01,17.0,-0.0006427849062667357
16.0,3.01,18.0,0.0011601686906126396
16.0,3.01,19.0,-0.00038368782598807716
16.0,3.01,20.0,0.0004940556505741434
16.0,3.01,21.0,1.7220998937195198e-05
16.0,3.51,0.0,-0.00044427871130103824
16.0,3.51,1.0,1.4027843512676164e-05
16.0,3.51,2.0,8.792000336887984e-05
16.0,3.51,3.0,3.0360185502148473e-06
16.0,3.51,4.0,0.0011367463568489056
16.0,3.51,5.0,-2.737188414386191e-09
16.0,3.51,6.0,0.00047676873385893437
16.0,3.51,7.0,-0.0065326572766185404
16.0,3.51,8.0,4.105230343252886e-05
16.0,3.51,9.0,-2.382724943519876e-05
16.0,3.51,10.0,-0.0001356092594041458
16.0,3.51,11.0,1.377517547529461e-07
16.0,3.51,12.0,0.0007291756466967225
16.0,3.51,13.0,1.663204994178935e-05
16.0,3.51,14.0,-0.0026792918356119654
16.0,3.51,15.0,2.081868072825732e-05
16.0,3.51,16.0,0.0003905279302180986
16.0,3.51,17.0,-0.0006427849062572433
16.0,3.51,18.0,0.0011601686906130837
16.0,3.51,19.0,-0.0003836878259564358
16.0,3.51,20.0,0.0004940556505612648
16.0,3.51,21.0,1.7220998937195198e-05
16.0,4.01,0.0,-0.0004442787110603419
16.0,4.01,1.0,1.402784351345332e-05
16.0,4.01,2.0,8.792000332313865e-05
16.0,4.01,3.0,3.0360185502148473e-06
16.0,4.01,4.0,0.0011367463568394687
16.0,4.01,5.0,-2.737188414386191e-09
16.0,4.01,6.0,0.00047676873385726903
16.0,4.01,7.0,-0.006532657276615135
16.0,4.01,8.0,4.105230343252886e-05
16.0,4.01,9.0,-2.3827249412272655e-05
16.0,4.01,10.0,-0.0001356092594040903
16.0,4.01,11.0,1.377517547529461e-07
16.0,4.01,12.0,0.0007291756466981658
16.0,4.01,13.0,1.663204993218592e-05
16.0,4.01,14.0,-0.0026792918356133393
16.0,4.01,15.0,2.0818680728229566e-05
16.0,4.01,16.0,0.0003905279302264253
16.0,4.01,17.0,-0.0006427849062469182
16.0,4.01,18.0,0.0011601686906134168
16.0,4.01,19.0,-0.0003836878259221299
16.0,4.01,20.0,0.0004940556505471649
16.0,4.01,21.0,1.7220998937195198e-05
17.0,0.01,0.0,0.0001194782155785612
17.0,0.01,1.0,2.8471366374127616e-05
17.0,0.01,2.0,-1.3364914821178964e-05
17.0,0.01,3.0,3.0361866496242396e-06
17.0,0.01,4.0,0.0005853302969996976
17.0,0.01,5.0,-0.0027036239963755594
17.0,0.01,6.0,0.00112095217730529
17.0,0.01,7.0,-0.0014498570989749937
17.0,0.01,8.0,4.105253225504535e-05
17.0,0.01,9.0,2.7939348538036368e-05
17.0,0.01,10.0,-0.0006871176328459572
17.0,0.01,11.0,1.3781417673719432e-07
17.0,0.01,12.0,0.0007228955009332405
17.0,0.01,13.0,-2.443697230664066e-05
17.0,0.01,14.0,-3.535288236784636e-05
17.0,0.01,15.0,3.4246606063798035e-05
17.0,0.01,16.0,0.0008576643685160312
17.0,0.01,17.0,-0.0024142946867958953
17.0,0.01,18.0,0.0012583248227780452
17.0,0.01,19.0,0.00078636705054691
17.0,0.01,20.0,0.0009441389866917671
17.0,0.01,21.0,1.204648963110122e-05
17.0,0.51,0.0,0.00010329112468221435
17.0,0.51,1.0,2.8137382520221355e-05
17.0,0.51,2.0,-1.0269073760893477e-05
17.0,0.51,3.0,3.0361866496381174e-06
17.0,0.51,4.0,0.0005855838837786065
17.0,0.51,5.0,-0.002703624422430415
17.0,0.51,6.0,0.0011210155600888672
17.0,0.51,7.0,-0.0014510983481601514
17.0,0.51,8.0,4.105253225542005e-05
17.0,0.51,9.0,2.6498132225022397e-05
17.0,0.51,10.0,-0.0006870844494903938
17.0,0.51,11.0,1.3781417673719432e-07
17.0,0.51,12.0,0.0007231714510891329
17.0,0.51,13.0,-2.1793888584531462e-05
17.0,0.51,14.0,-3.535288236589398e-05
17.0,0.51,15.0,3.428719679335335e-05
17.0,0.51,16.0,0.0008570429582460126
17.0,0.51,17.0,-0.0024144612283763384
17.0,0.51,18.0,0.001258323640557557
17.0,0.51,19.0,0.000785089014306739
17.0,0.51,20.0,0.0009447016531726193
17.0,0.51,21.0,1.2046489631212243e-05
17.0,1.01,0.0,8.685035127187213e-05
17.0,1.01,1.0,2.7797497136217153e-05
17.0,1.01,2.0,-7.12059847352009e-06
17.0,1.01,3.0,3.036186649651995e-06
17.0,1.01,4.0,0.0005858423452896888
17.0,1.01,5.0,-0.002703624854746486
17.0,1.01,6.0,0.0011210801584533026
17.0,1.01,7.0,-0.0014523606848145798
17.0,1.01,8.0,4.105253225579475e-05
17.0,1.01,9.0,2.5032451797968314e-05
17.0,1.01,10.0,-0.0006870506834497081
17.0,1.01,11.0,1.3781417673719432e-07
17.0,1.01,12.0,0.0007234522924426945
17.0,1.01,13.0,-1.910721838010998e-05
17.0,1.01,14.0,-3.535288236389481e-05
17.0,1.01,15.0,3.432850265652765e-05
17.0,1.01,16.0,0.0008564114251172761
17.0,1.01,17.0,-0.002414630338141266
17.0,1.01,18.0,0.0012583224923479741
17.0,1.01,19.0,0.0007837904388648953
17.0,1.01,20.0,0.0009452735573473037
17.0,1.01,21.0,1.2046489631323265e-05
17.0,1.51,0.0,7.015362284557014e-05
17.0,1.51,1.0,2.7451636937125823e-05
17.0,1.51,2.0,-3.918873756059149e-06
17.0,1.51,3.0,3.036186649651995e-06
17.0,1.51,4.0,0.0005861057479547016
17.0,1.51,5.0,-0.0027036252933862917
17.0,1.51,6.0,0.0011211459887781605
17.0,1.51,7.0,-0.0014536443604014626
17.0,1.51,8.0,4.105253225618333e-05
17.0,1.51,9.0,2.354201592824623e-05
17.0,1.51,10.0,-0.0006870163274043661
17.0,1.51,11.0,1.3781417673719432e-07
17.0,1.51,12.0,0.0007237380851340958
17.0,1.51,13.0,-1.6376492702196987e-05
17.0,1.51,14.0,-3.535288236184833e-05
17.0,1.51,15.0,3.437053268018353e-05
17.0,1.51,16.0,0.0008557696598311404
17.0,1.51,17.0,-0.002414802041600439
17.0,1.51,18.0,0.001258321378668159
17.0,1.51,19.0,0.0007824711113474381
17.0,1.51,20.0,0.0009458548046190618
17.0,1.51,21.0,1.2046489631434287e-05
17.0,2.01,0.0,5.319866646757987e-05
17.0,2.01,1.0,2.70997279048224e-05
17.0,2.01,2.0,-6.632791931249216e-07
17.0,2.01,3.0,3.036186649651995e-06
17.0,2.01,4.0,0.0005863741589836602
17.0,2.01,5.0,-0.0027036257384126534
17.0,2.01,6.0,0.0011212130676309662
17.0,2.01,7.0,-0.0014549496286793973
17.0,2.01,8.0,4.105253225654415e-05
17.0,2.01,9.0,2.2026530640817388e-05
17.0,2.01,10.0,-0.0006869813739586728
17.0,2.01,11.0,1.3781417673719432e-07
17.0,2.01,12.0,0.0007240288898871516
17.0,2.01,13.0,-1.36012396192986e-05
17.0,2.01,14.0,-3.535288235975402e-05
17.0,2.01,15.0,3.441329598541376e-05
17.0,2.01,16.0,0.0008551175523748844
17.0,2.01,17.0,-0.002414976364374641
17.0,2.01,18.0,0.0012583203000393062
17.0,2.01,19.0,0.000781130817741782
17.0,2.01,20.0,0.0009464455012488937
17.0,2.01,21.0,1.2046489631489798e-05
17.0,2.51,0.0,3.598320915998432e-05
17.0,2.51,1.0,2.674169528066317e-05
17.0,2.51,2.0,2.6468108772492727e-06
17.0,2.51,3.0,3.036186649665873e-06
17.0,2.51,4.0,0.000586647646383609
17.0,2.51,5.0,-0.0027036261898887018
17.0,2.51,6.0,0.0011212814117695369
17.0,2.51,7.0,-0.001456276745722157
17.0,2.51,8.0,4.105253225690497e-05
17.0,2.51,9.0,2.048569929191668e-05
17.0,2.51,10.0,-0.0006869458156405495
17.0,2.51,11.0,1.3781417673719432e-07
17.0,2.51,12.0,0.0007243247680143727
17.0,2.51,13.0,-1.0780984259550763e-05
17.0,2.51,14.0,-3.5352882357611356e-05
17.0,2.51,15.0,3.4456801788457225e-05
17.0,2.51,16.0,0.0008544549920212474
17.0,2.51,17.0,-0.0024151533321948027
17.0,2.51,18.0,0.0012583192569851631
17.0,2.51,19.0,0.0007797693428993613
17.0,2.51,20.0,0.0009470457543603317
17.0,2.51,21.0,1.2046489631656332e-05
17.0,3.01,0.0,1.8504978579247933e-05
17.0,3.01,1.0,2.6377463563875825e-05
17.0,3.01,2.0,6.012027345847493e-06
17.0,3.01,3.0,3.0361866496797507e-06
17.0,3.01,4.0,0.0005869262789646168
17.0,3.01,5.0,-0.002703626647877858
17.0,3.01,6.0,0.0011213510381427039
17.0,3.01,7.0,-0.0014576259699170258
17.0,3.01,8.0,4.1052532257265795e-05
17.0,3.01,9.0,1.8919222571273098e-05
17.0,3.01,10.0,-0.0006869096449005352
17.0,3.01,11.0,1.3781417673719432e-07
17.0,3.01,12.0,0.0007246257814180201
17.0,3.01,13.0,-7.915248855849821e-06
17.0,3.01,14.0,-3.535288235541982e-05
17.0,3.01,15.0,3.4501059401281786e-05
17.0,3.01,16.0,0.0008537818673378106
17.0,3.01,17.0,-0.0024153329708975907
17.0,3.01,18.0,0.001258318250031476
17.0,3.01,19.0,0.0007783864705648291
17.0,3.01,20.0,0.0009476556719352214
17.0,3.01,21.0,1.2046489631767354e-05
17.0,3.51,0.0,7.61703542906389e-07
17.0,3.51,1.0,2.600695650634144e-05
17.0,3.51,2.0,9.43300634448363e-06
17.0,3.51,3.0,3.0361866496936285e-06
17.0,3.51,4.0,0.0005872101263478813
17.0,3.51,5.0,-0.0027036271124438356
17.0,3.51,6.0,0.0011214219638928657
17.0,3.51,7.0,-0.0014589975619756501
17.0,3.51,8.0,4.105253225762662e-05
17.0,3.51,9.0,1.7326798490424622e-05
17.0,3.51,10.0,-0.0006868728541118974
17.0,3.51,11.0,1.378141767649499e-07
17.0,3.51,12.0,0.0007249319925939912
17.0,3.51,13.0,-5.003552766336128e-06
17.0,3.51,14.0,-3.535288235317887e-05
17.0,3.51,15.0,3.454607823183409e-05
17.0,3.51,16.0,0.0008530980661908272
17.0,3.51,17.0,-0.002415515306423019
17.0,3.51,18.0,0.001258317279706156
17.0,3.51,19.0,0.0007769819833886027
17.0,3.51,20.0,0.0009482753628158314
17.0,3.51,21.0,1.2046489631878377e-05
17.0,4.01,0.0,-1.724888543652714e-05
17.0,4.01,1.0,2.563009710720987e-05
17.0,4.01,2.0,1.291038926054533e-05
17.0,4.01,3.0,3.0361866497075063e-06
17.0,4.01,4.0,0.0005874992589739447
17.0,4.01,5.0,-0.002703627583650634
17.0,4.01,6.0,0.0011214942063572653
17.0,4.01,7.0,-0.0014603917849451142
17.0,4.01,8.0,4.105253225798744e-05
17.0,4.01,9.0,1.5708122370061695e-05
17.0,4.01,10.0,-0.0006868354355695772
17.0,4.01,11.0,1.3781417673719432e-07
17.0,4.01,12.0,0.0007252434646349837
17.0,4.01,13.0,-2.0454124939894847e-06
17.0,4.01,14.0,-3.535288235088796e-05
17.0,4.01,15.0,3.4591867785288555e-05
17.0,4.01,16.0,0.0008524034757486643
17.0,4.01,17.0,-0.0024157003648119235
17.0,4.01,18.0,0.0012583163465392233
17.0,4.01,19.0,0.0007755556629425175
17.0,4.01,20.0,0.0009489049367056301
17.0,4.01,21.0,1.2046489631933888e-05
18.0,0.01,0.0,0.0001777508896959601
18.0,0.01,1.0,1.2132915622353746e-05
18.0,0.01,2.0,-1.9260421121547466e-05
18.0,0.01,3.0,3.035491841704707e-06
18.0,0.01,4.0,0.0042972637072576925
18.0,0.01,5.0,-0.00980452733852807
18.0,0.01,6.0,0.003828145723947185
18.0,0.01,7.0,-0.006092814909816571
18.0,0.01,8.0,4.1051617147735975e-05
18.0,0.01,9.0,3.1655074907099845e-05
18.0,0.01,10.0,-0.004844309658065871
18.0,0.01,11.0,1.3757390701640837e-07
18.0,0.01,12.0,0.005252324685115717
18.0,0.01,13.0,-9.071061775861589e-06
18.0,0.01,14.0,-0.005848183362010892
18.0,0.01,15.0,1.3631570931565973e-05
18.0,0.01,16.0,0.0033321780054945682
18.0,0.01,17.0,-0.0013137195811895252
18.0,0.01,18.0,0.006470731392996254
18.0,0.01,19.0,0.0010462218047987415
18.0,0.01,20.0,0.0037498678066641977
18.0,0.01,21.0,1.373853532021796e-05
18.0,0.51,0.0,7.787027194217089e-05
18.0,0.51,1.0,1.1775830404514576e-05
18.0,0.51,2.0,-6.310702857725836e-06
18.0,0.51,3.0,3.0354918418157295e-06
18.0,0.51,4.0,0.004300729533695424
18.0,0.51,5.0,-0.00980480575627313
18.0,0.51,6.0,0.0038284637992802573
18.0,0.51,7.0,-0.006094761238405577
18.0,0.51,8.0,4.10516171514691e-05
18.0,0.51,9.0,2.4143613703619948e-05
18.0,0.51,10.0,-0.0048442405463157145
18.0,0.51,11.0,1.3757390701640837e-07
18.0,0.51,12.0,0.005252615522565174
18.0,0.51,13.0,-4.079297174497398e-06
18.0,0.51,14.0,-0.005848134720715308
18.0,0.51,15.0,1.3664719522105129e-05
18.0,0.51,16.0,0.0033287531504444523
18.0,0.51,17.0,-0.0013137202347332604
18.0,0.51,18.0,0.006470800904761542
18.0,0.51,19.0,0.0010412303575692006
18.0,0.51,20.0,0.003751987070009899
18.0,0.51,21.0,1.3738535321494716e-05
18.0,1.01,0.0,-1.0684384671777458e-05
18.0,1.01,1.0,1.1016637628924464e-05
18.0,1.01,2.0,5.89778871196156e-06
18.0,1.01,3.0,3.0354918428149302e-06
18.0,1.01,4.0,0.004306696487293982
18.0,1.01,5.0,-0.00979948216003065
18.0,1.01,6.0,0.003828737610306443
18.0,1.01,7.0,-0.0060909658832410535
18.0,1.01,8.0,4.1051617195045353e-05
18.0,1.01,9.0,1.7614257202425154e-05
18.0,1.01,10.0,-0.004842059150296063
18.0,1.01,11.0,1.3757390701640837e-07
18.0,1.01,12.0,0.005252527630941695
18.0,1.01,13.0,-6.181346126621357e-08
18.0,1.01,14.0,-0.0058485688027509995
18.0,1.01,15.0,1.360419853671524e-05
18.0,1.01,16.0,0.003326384280129435
18.0,1.01,17.0,-0.0013136983663970666
18.0,1.01,18.0,0.006470991198591902
18.0,1.01,19.0,0.0010385993683305061
18.0,1.01,20.0,0.003744917552808702
18.0,1.01,21.0,1.3738535336038638e-05
18.0,1.51,0.0,-9.87797199101248e-05
18.0,1.51,1.0,1.0741699120797588e-05
18.0,1.51,2.0,1.6551419450117066e-05
18.0,1.51,3.0,3.035491842884319e-06
18.0,1.51,4.0,0.004309432424133952
18.0,1.51,5.0,-0.009799750569683444
18.0,1.51,6.0,0.003828971993011576
18.0,1.51,7.0,-0.006092620148435576
18.0,1.51,8.0,4.105161719845929e-05
18.0,1.51,9.0,1.1502613831204656e-05
18.0,1.51,10.0,-0.004842018184646801
18.0,1.51,11.0,1.3757390704416395e-07
18.0,1.51,12.0,0.005252754201095333
18.0,1.51,13.0,4.15305670525834e-06
18.0,1.51,14.0,-0.0058485242476831074
18.0,1.51,15.0,1.3631496009497424e-05
18.0,1.51,16.0,0.0033235107740754444
18.0,1.51,17.0,-0.0013136989977469659
18.0,1.51,18.0,0.00647103424210993
18.0,1.51,19.0,0.0010343786915740782
18.0,1.51,20.0,0.00374673930469005
18.0,1.51,21.0,1.3738535337259883e-05
18.0,2.01,0.0,-0.00025311707385078375
18.0,2.01,1.0,1.0223776645390537e-05
18.0,2.01,2.0,3.569809190295814e-05
18.0,2.01,3.0,3.035491842967586e-06
18.0,2.01,4.0,0.004314487356120278
18.0,2.01,5.0,-0.00980018636800415
18.0,2.01,6.0,0.003829430263593947
18.0,2.01,7.0,-0.006095508376795386
18.0,2.01,8.0,4.10516172017622e-05
18.0,2.01,9.0,4.950571311224117e-07
18.0,2.01,10.0,-0.004841926430827537
18.0,2.01,11.0,1.3757390704416395e-07
18.0,2.01,12.0,0.005253171080595864
18.0,2.01,13.0,1.1630081774016698e-05
18.0,2.01,14.0,-0.005848448609774248
18.0,2.01,15.0,1.3681482974786663e-05
18.0,2.01,16.0,0.0033184154659946508
18.0,2.01,17.0,-0.0013137000135771473
18.0,2.01,18.0,0.006471122195080059
18.0,2.01,19.0,0.001026911666862973
18.0,2.01,20.0,0.003749882522322334
18.0,2.01,21.0,1.3738535338314595e-05
18.0,2.51,0.0,-0.0004910283607959531
18.0,2.51,1.0,9.393585838513019e-06
18.0,2.51,2.0,6.568348630076049e-05
18.0,2.51,3.0,3.035491843036975e-06
18.0,2.51,4.0,0.004322521325022977
18.0,2.51,5.0,-0.009800834126713957
18.0,2.51,6.0,0.003830179469394235
18.0,2.51,7.0,-0.006099969350478726
18.0,2.51,8.0,4.1051617204829194e-05
18.0,2.51,9.0,-1.678081743050619e-05
18.0,2.51,10.0,-0.0048417687934729225
18.0,2.51,11.0,1.3757390701640837e-07
18.0,2.51,12.0,0.00525383116717143
18.0,2.51,13.0,2.3246970985157933e-05
18.0,2.51,14.0,-0.005848333481265426
18.0,2.51,15.0,1.3760564117032414e-05
18.0,2.51,16.0,0.0033104950914470965
18.0,2.51,17.0,-0.0013137015191955592
18.0,2.51,18.0,0.0064712683757738865
18.0,2.51,19.0,0.0010153229727348778
18.0,2.51,20.0,0.0037547107424267256
18.0,2.51,21.0,1.3738535339369307e-05
18.0,3.01,0.0,-0.0008327505595903117
18.0,3.01,1.0,8.163709020736487e-06
18.0,3.01,2.0,0.00010939976526302964
18.0,3.01,3.0,3.0354918431063638e-06
18.0,3.01,4.0,0.004334362587294471
18.0,3.01,5.0,-0.009801748182273962
18.0,3.01,6.0,0.003831305513765093
18.0,3.01,7.0,-0.006106421364609316
18.0,3.01,8.0,4.105161720767414e-05
18.0,3.01,9.0,-4.2034187978101656e-05
18.0,3.01,10.0,-0.0048415259923591525
18.0,3.01,11.0,1.3757390701640837e-07
18.0,3.01,12.0,0.005254800054535713
18.0,3.01,13.0,4.0067632258250496e-05
18.0,3.01,14.0,-0.005848168611682695
18.0,3.01,15.0,1.3876870500501015e-05
18.0,3.01,16.0,0.0032990121908628156
18.0,3.01,17.0,-0.0013137036461266481
18.0,3.01,18.0,0.0064714891827712395
18.0,3.01,19.0,0.0009985483977918985
18.0,3.01,20.0,0.0037616750476724414
18.0,3.01,21.0,1.3738535340312996e-05
18.0,3.51,0.0,-0.0013006224652436504
18.0,3.51,1.0,6.426326303543561e-06
18.0,3.51,2.0,0.00017030755486380222
18.0,3.51,3.0,3.0354918431757527e-06
18.0,3.51,4.0,0.004351024994196484
18.0,3.51,5.0,-0.0098029925891951
18.0,3.51,6.0,0.003832916230603778
18.0,3.51,7.0,-0.006115365944629969
18.0,3.51,8.0,4.105161721022765e-05
18.0,3.51,9.0,-7.733698953787949e-05
18.0,3.51,10.0,-0.004841173904497564
18.0,3.51,11.0,1.3757390704416395e-07
18.0,3.51,12.0,0.0052561570346018605
18.0,3.51,13.0,6.333736247574051e-05
18.0,3.51,14.0,-0.005847941914675038
18.0,3.51,15.0,1.4040496385259171e-05
18.0,3.51,16.0,0.003283093847517682
18.0,3.51,17.0,-0.001313706554524743
18.0,3.51,18.0,0.006471804318235852
18.0,3.51,19.0,0.000975337367328688
18.0,3.51,20.0,0.0037713197570127255
18.0,3.51,21.0,1.3738535341145663e-05
18.0,4.01,0.0,-0.0019175755960129104
18.0,4.01,1.0,4.050881029726838e-06
18.0,4.01,2.0,0.0002524313726975924
18.0,4.01,3.0,3.035491843231264e-06
18.0,4.01,4.0,0.00437372320857965
18.0,4.01,5.0,-0.009804640339782653
18.0,4.01,6.0,0.003835144808670643
18.0,4.01,7.0,-0.0061273879242663976
18.0,4.01,8.0,4.105161721246198e-05
18.0,4.01,9.0,-0.0001251401287907239
18.0,4.01,10.0,-0.0048406828363212195
18.0,4.01,11.0,1.3757390701640837e-07
18.0,4.01,12.0,0.005257995890817269
18.0,4.01,13.0,9.446309931043784e-05
18.0,4.01,14.0,-0.005847639604808866
18.0,4.01,15.0,1.4263753181836814e-05
18.0,4.01,16.0,0.003261738841596973
18.0,4.01,17.0,-0.0013137104350443574
18.0,4.01,18.0,0.006472236941766796
18.0,4.01,19.0,0.000944269511603979
18.0,4.01,20.0,0.0037842848789030326
18.0,4.01,21.0,1.373853534192282e-05
19.0,0.01,0.0,-0.0007794151939529703
19.0,0.01,1.0,-0.00018615661577547904
19.0,0.01,2.0,0.0006344578211244789
19.0,0.01,3.0,3.0695700437288753e-06
19.0,0.01,4.0,0.0005544513401362083
19.0,0.01,5.0,-0.010268939180723366
19.0,0.01,6.0,0.00327467722492758
19.0,0.01,7.0,-0.00943910838194794
19.0,0.01,8.0,4.108916587879097e-05
19.0,0.01,9.0,-0.00010204767623127331
19.0,0.01,10.0,-0.0039752209260030535
19.0,0.01,11.0,1.498086723006331e-07
19.0,0.01,12.0,0.0030894972923506403
19.0,0.01,13.0,0.0002483315133128272
19.0,0.01,14.0,-1.559516934358327e-05
19.0,0.01,15.0,3.9804288881117866e-05
19.0,0.01,16.0,0.0018722718227327517
19.0,0.01,17.0,-0.008379807633011688
19.0,0.01,18.0,0.005490452777734189
19.0,0.01,19.0,0.0004863683032630406
19.0,0.01,20.0,0.0014976108498993002
19.0,0.01,21.0,1.3669484995704195e-05
19.0,0.51,0.0,-0.0007115931162620104
19.0,0.51,1.0,-0.00016640626965386263
19.0,0.51,2.0,0.0005750470458356638
19.0,0.51,3.0,3.0695700469207665e-06
19.0,0.51,4.0,0.0005189641947551671
19.0,0.51,5.0,-0.010268866738945817
19.0,0.51,6.0,0.003288909656988248
19.0,0.51,7.0,-0.009436126910119129
19.0,0.51,8.0,4.108916599426804e-05
19.0,0.51,9.0,-9.135962378423179e-05
19.0,0.51,10.0,-0.003969773914228036
19.0,0.51,11.0,1.4980867235614426e-07
19.0,0.51,12.0,0.0031082542877866604
19.0,0.51,13.0,0.00022598711662702442
19.0,0.51,14.0,-1.5595169454365686e-05
19.0,0.51,15.0,3.7656557132143e-05
19.0,0.51,16.0,0.0018880440064039106
19.0,0.51,17.0,-0.00837461468050378
19.0,0.51,18.0,0.005486239070361609
19.0,0.51,19.0,0.0005180198014902437
19.0,0.51,20.0,0.001494945175728124
19.0,0.51,21.0,1.3669485034173423e-05
19.0,1.01,0.0,-0.0006489361430607188
19.0,1.01,1.0,-0.00014821209809579017
19.0,1.01,2.0,0.0005203164206333266
19.0,1.01,3.0,3.0695700500432688e-06
19.0,1.01,4.0,0.0004863296659962657
19.0,1.01,5.0,-0.010268799134511569
19.0,1.01,6.0,0.0033019886164499246
19.0,1.01,7.0,-0.009433378602869566
19.0,1.01,8.0,4.1089166107219355e-05
19.0,1.01,9.0,-8.149340195173771e-05
19.0,1.01,10.0,-0.003964801119141881
19.0,1.01,11.0,1.4980867238389983e-07
19.0,1.01,12.0,0.003125415091001227
19.0,1.01,13.0,0.000205364718470602
19.0,1.01,14.0,-1.5595169562077384e-05
19.0,1.01,15.0,3.568048786700695e-05
19.0,1.01,16.0,0.0019026225671331387
19.0,1.01,17.0,-0.008369839381215105
19.0,1.01,18.0,0.0054823625393375375
19.0,1.01,19.0,0.000547148002308262
19.0,1.01,20.0,0.0014924554238825438
19.0,1.01,21.0,1.3669485071754472e-05
19.0,1.51,0.0,-0.0005910071234913605
19.0,1.51,1.0,-0.00013143882413557684
19.0,1.51,2.0,0.0004698592841517746
19.0,1.51,3.0,3.0695700530686265e-06
19.0,1.51,4.0,0.0004562949345709999
19.0,1.51,5.0,-0.0102687359597117
19.0,1.51,6.0,0.0033140165122386156
19.0,1.51,7.0,-0.009430843371586978
19.0,1.51,8.0,4.108916621774206e-05
19.0,1.51,9.0,-7.23791302773974e-05
19.0,1.51,10.0,-0.00396025813060813
19.0,1.51,11.0,1.498086724116554e-07
19.0,1.51,12.0,0.00314112641649672
19.0,1.51,13.0,0.00018631723334844308
19.0,1.51,14.0,-1.5595169666882146e-05
19.0,1.51,15.0,3.3861004546192897e-05
19.0,1.51,16.0,0.0019161076876058059
19.0,1.51,17.0,-0.008365444909148215
19.0,1.51,18.0,0.005478794261051467
19.0,1.51,19.0,0.0005739749614903089
19.0,1.51,20.0,0.0014901285811578235
19.0,1.51,21.0,1.3669485108558366e-05
19.0,2.01,0.0,-0.0005374102606726661
19.0,2.01,1.0,-0.00011596421452297889
19.0,2.01,2.0,0.0004233081652808002
19.0,2.01,3.0,3.069570056052351e-06
19.0,2.01,4.0,0.0004286319875815847
19.0,2.01,5.0,-0.010268676845311372
19.0,2.01,6.0,0.0033250856962689923
19.0,2.01,7.0,-0.009428503048599338
19.0,2.01,8.0,4.108916632587778e-05
19.0,2.01,9.0,-6.395354188813707e-05
19.0,2.01,10.0,-0.003956105049708503
19.0,2.01,11.0,1.4980867246716656e-07
19.0,2.01,12.0,0.0031555202828147944
19.0,2.01,13.0,0.00016871157322789765
19.0,2.01,14.0,-1.5595169768928877e-05
19.0,2.01,15.0,3.2184496314147104e-05
19.0,2.01,16.0,0.0019285901510596726
19.0,2.01,17.0,-0.00836139802444795
19.0,2.01,18.0,0.005475507951738012
19.0,2.01,19.0,0.0005987010535135062
19.0,2.01,20.0,0.0014879527323313768
19.0,2.01,21.0,1.3669485144585103e-05
19.0,2.51,0.0,-0.00048778684014127993
19.0,2.51,1.0,-0.00010167770971614143
19.0,2.51,2.0,0.00038033066899700874
19.0,2.51,3.0,3.0695700589528085e-06
19.0,2.51,4.0,0.0004031349748120361
19.0,2.51,5.0,-0.010268621456668165
19.0,2.51,6.0,0.003335279537040159
19.0,2.51,7.0,-0.009426341186127313
19.0,2.51,8.0,4.108916643172367e-05
19.0,2.51,9.0,-5.615929701388578e-05
19.0,2.51,10.0,-0.003952305999337324
19.0,2.51,11.0,1.4980867249492213e-07
19.0,2.51,12.0,0.003168715588403981
19.0,2.51,13.0,0.00015242719198177435
19.0,2.51,14.0,-1.559516986835355e-05
19.0,2.51,15.0,3.063866303854024e-05
19.0,2.51,16.0,0.001940152309128751
19.0,2.51,17.0,-0.008357668693805928
19.0,2.51,18.0,0.00547247972294318
19.0,2.51,19.0,0.0006215072809483968
19.0,2.51,20.0,0.0014859169533808503
19.0,2.51,21.0,1.3669485179834684e-05
19.0,3.01,0.0,-0.0004418119751213867
19.0,3.01,1.0,-8.84793610167467e-05
19.0,3.01,2.0,0.00034062628648123816
19.0,3.01,3.0,3.069570061811633e-06
19.0,3.01,4.0,0.00037961811776598964
19.0,3.01,5.0,-0.010268569490825285
19.0,3.01,6.0,0.0033446732711334137
19.0,3.01,7.0,-0.00942434290442229
19.0,3.01,8.0,4.108916653533523e-05
19.0,3.01,9.0,-4.8944471651393706e-05
19.0,3.01,10.0,-0.003948828717095121
19.0,3.01,11.0,1.498086725226777e-07
19.0,3.01,12.0,0.003180819409149771
19.0,3.01,13.0,0.00013735497644140615
19.0,3.01,14.0,-1.5595169965280435e-05
19.0,3.01,15.0,2.9212393511557355e-05
19.0,3.01,16.0,0.0019508688031190657
19.0,3.01,17.0,-0.008354229794205678
19.0,3.01,18.0,0.0054696878781298475
19.0,3.01,19.0,0.0006425570731398711
19.0,3.01,20.0,0.001484011253496842
19.0,3.01,21.0,1.3669485214307109e-05
19.0,3.51,0.0,-0.0003991915628247522
19.0,3.51,1.0,-7.62788385833546e-05
19.0,3.51,2.0,0.0003039234199845309
19.0,3.51,3.0,3.0695700645871904e-06
19.0,3.51,4.0,0.00035791377423533
19.0,3.51,5.0,-0.010268520673778715
19.0,3.51,6.0,0.003353334789968354
19.0,3.51,7.0,-0.009422494749432492
19.0,3.51,8.0,4.108916663676798e-05
19.0,3.51,9.0,-4.2262075023863366e-05
19.0,3.51,10.0,-0.003945644185238184
19.0,3.51,11.0,1.4980867255043329e-07
19.0,3.51,12.0,0.0031919281844876024
19.0,3.51,13.0,0.0001233962076079287
19.0,3.51,14.0,-1.5595170059823203e-05
19.0,3.51,15.0,2.7895652310122587e-05
19.0,3.51,16.0,0.0019608072469036175
19.0,3.51,17.0,-0.008351056837814716
19.0,3.51,18.0,0.005467112721353695
19.0,3.51,19.0,0.0006619979551442667
19.0,3.51,20.0,0.0014822265145532088
19.0,3.51,21.0,1.3669485248057889e-05
19.0,4.01,0.0,-0.00035965806865656536
19.0,4.01,1.0,-6.499411166743796e-05
19.0,4.01,2.0,0.0002699754230662821
19.0,4.01,3.0,3.069570067307237e-06
19.0,4.01,4.0,0.00033786999416907104
19.0,4.01,5.0,-0.010268474756221975
19.0,4.01,6.0,0.0033613256262252644
19.0,4.01,7.0,-0.009420784490015786
19.0,4.01,8.0,4.108916673607743e-05
19.0,4.01,9.0,-3.6069339892946806e-05
19.0,4.01,10.0,-0.003942726225451221
19.0,4.01,11.0,1.4980867257818886e-07
19.0,4.01,12.0,0.0032021290661756185
19.0,4.01,13.0,0.00011046111950663295
19.0,4.01,14.0,-1.5595170152086257e-05
19.0,4.01,15.0,2.667933443392667e-05
19.0,4.01,16.0,0.001970029232456205
19.0,4.01,17.0,-0.008348127610703776
19.0,4.01,18.0,0.005464736326061814
19.0,4.01,19.0,0.0006799637312492335
19.0,4.01,20.0,0.001480554336824702
19.0,4.01,21.0,1.3669485281142535e-05
20.0,0.01,0.0,-0.0016395792249425112
20.0,0.01,1.0,-4.253357762218357e-06
20.0,0.01,2.0,0.0001570950458272824
20.0,0.01,3.0,3.035412859273001e-06
20.0,0.01,4.0,0.0001309832330651517
20.0,0.01,5.0,-0.0015822194952135882
20.0,0.01,6.0,0.000514310651684835
20.0,0.01,7.0,-0.002180128327807576
20.0,0.01,8.0,4.105150287629644e-05
20.0,0.01,9.0,-7.78295187487954e-05
20.0,0.01,10.0,-0.0002054665332116845
20.0,0.01,11.0,1.375450793816846e-07
20.0,0.01,12.0,0.0003030950099999208
20.0,0.01,13.0,0.00021986969525444877
20.0,0.01,14.0,-5.7344009163308885e-08
20.0,0.01,15.0,2.7591246837266326e-05
20.0,0.01,16.0,0.0006133738013509582
20.0,0.01,17.0,-0.003046147834160899
20.0,0.01,18.0,0.0005884904925601564
20.0,0.01,19.0,0.0002320539733180471
20.0,0.01,20.0,0.00036052782570095143
20.0,0.01,21.0,1.2247357090044986e-05
20.0,0.51,0.0,-7.811871569995965e-05
20.0,0.51,1.0,2.028393597680589e-05
20.0,0.51,2.0,1.7268334993492118e-05
20.0,0.51,3.0,3.0354128598558683e-06
20.0,0.51,4.0,9.833863954256117e-05
20.0,0.51,5.0,-0.0015212155811992756
20.0,0.51,6.0,0.0005135920925654625
20.0,0.51,7.0,-0.00213894257633325
20.0,0.51,8.0,4.1051502901928716e-05
20.0,0.51,9.0,1.194774509100105e-05
20.0,0.51,10.0,-0.00020908783417195043
20.0,0.51,11.0,1.3754507940944016e-07
20.0,0.51,12.0,0.0002922903561976553
20.0,0.51,13.0,9.42286282012983e-06
20.0,0.51,14.0,-5.734400916317898e-08
20.0,0.51,15.0,2.477541198683819e-05
20.0,0.51,16.0,0.0005671624150836996
20.0,0.51,17.0,-0.003029650654744205
20.0,0.51,18.0,0.0006036809192196957
20.0,0.51,19.0,0.0003388450382744157
20.0,0.51,20.0,0.0003137781785758076
20.0,0.51,21.0,1.2247357097650013e-05
20.0,1.01,0.0,-0.0013966194394634535
20.0,1.01,1.0,2.843434570243275e-06
20.0,1.01,2.0,0.000126957314132925
20.0,1.01,3.0,3.035412860327713e-06
20.0,1.01,4.0,0.0001236302559374236
20.0,1.01,5.0,-0.0015711677898691823
20.0,1.01,6.0,0.000514267261736312
20.0,1.01,7.0,-0.0021735304206874084
20.0,1.01,8.0,4.105150292153803e-05
20.0,1.01,9.0,-5.708488265143696e-05
20.0,1.01,10.0,-0.00020663444430524258
20.0,1.01,11.0,1.3754507940944016e-07
20.0,1.01,12.0,0.00030011093808501865
20.0,1.01,13.0,0.00017504361679926417
20.0,1.01,14.0,-5.734400916428265e-08
20.0,1.01,15.0,2.67171294704438e-05
20.0,1.01,16.0,0.0006039840788294448
20.0,1.01,17.0,-0.0030445017516832623
20.0,1.01,18.0,0.0005932578744487493
20.0,1.01,19.0,0.0002545290026734204
20.0,1.01,20.0,0.00035193726643945045
20.0,1.01,21.0,1.2247357103534195e-05
20.0,1.51,0.0,-2.4444226251030265e-05
20.0,1.51,1.0,2.218680470461587e-05
20.0,1.51,2.0,1.0673437728536683e-05
20.0,1.51,3.0,3.0354128607579245e-06
20.0,1.51,4.0,9.673119560305032e-05
20.0,1.51,5.0,-0.0015199972079327495
20.0,1.51,6.0,0.0005139512433368076
20.0,1.51,7.0,-0.002138999042191808
20.0,1.51,8.0,4.1051502940897544e-05
20.0,1.51,9.0,1.6836532491737444e-05
20.0,1.51,10.0,-0.00020949733465458475
20.0,1.51,11.0,1.3754507940944016e-07
20.0,1.51,12.0,0.000291671060105525
20.0,1.51,13.0,-2.779863978452646e-07
20.0,1.51,14.0,-5.734400916395941e-08
20.0,1.51,15.0,2.4642160090376786e-05
20.0,1.51,16.0,0.0005655483875344203
20.0,1.51,17.0,-0.0030307038645147125
20.0,1.51,18.0,0.0006052661119824165
20.0,1.51,19.0,0.0003438351322704314
20.0,1.51,20.0,0.00031257012082941404
20.0,1.51,21.0,1.2247357109307355e-05
20.0,2.01,0.0,-0.001188109535219306
20.0,2.01,1.0,8.23331530330762e-06
20.0,2.01,2.0,0.00010275865718939459
20.0,2.01,3.0,3.0354128610909914e-06
20.0,2.01,4.0,0.0001178377305839362
20.0,2.01,5.0,-0.001562396828197865
20.0,2.01,6.0,0.000514406765166675
20.0,2.01,7.0,-0.0021684695854417013
20.0,2.01,8.0,4.105150295527493e-05
20.0,2.01,9.0,-4.064462646802269e-05
20.0,2.01,10.0,-0.0002075493999664224
20.0,2.01,11.0,1.3754507940944016e-07
20.0,2.01,12.0,0.00029791019422231724
20.0,2.01,13.0,0.00013889348492246434
20.0,2.01,14.0,-5.7344009164794065e-08
20.0,2.01,15.0,2.6121380243326886e-05
20.0,2.01,16.0,0.0005965386675431672
20.0,2.01,17.0,-0.0030434461907861837
20.0,2.01,18.0,0.0005969678427050207
20.0,2.01,19.0,0.00027280428243348087
20.0,2.01,20.0,0.0003450122803825284
20.0,2.01,21.0,1.2247357113581714e-05
20.0,2.51,0.0,-8.999001839760101e-05
20.0,2.51,1.0,2.2263249507659122e-05
20.0,2.51,2.0,1.4164009151051982e-05
20.0,2.51,3.0,3.035412861437936e-06
20.0,2.51,4.0,9.750388464735416e-05
20.0,2.51,5.0,-0.0015230447367357014
20.0,2.51,6.0,0.0005143233525748414
20.0,2.51,7.0,-0.002141894716810741
20.0,2.51,8.0,4.1051502969818854e-05
20.0,2.51,9.0,1.5175800002431572e-05
20.0,2.51,10.0,-0.00020963317883071486
20.0,2.51,11.0,1.3754507943719574e-07
20.0,2.51,12.0,0.0002918373869904012
20.0,2.51,13.0,5.155461645423021e-06
20.0,2.51,14.0,-5.734400916444737e-08
20.0,2.51,15.0,2.4696988786626628e-05
20.0,2.51,16.0,0.0005672240218435043
20.0,2.51,17.0,-0.0030328606468103883
20.0,2.51,18.0,0.0006057077996964866
20.0,2.51,19.0,0.0003411503260341009
20.0,2.51,20.0,0.0003146291960234304
20.0,2.51,21.0,1.2247357117911584e-05
20.0,3.01,0.0,-0.0010288247735561473
20.0,3.01,1.0,1.2086676475231428e-05
20.0,3.01,2.0,8.460643155200342e-05
20.0,3.01,3.0,3.0354128616738585e-06
20.0,3.01,4.0,0.00011354752369541199
20.0,3.01,5.0,-0.0015556446938922164
20.0,3.01,6.0,0.0005145704295775877
20.0,3.01,7.0,-0.002164579566895225
20.0,3.01,8.0,4.105150298071292e-05
20.0,3.01,9.0,-2.8419166699877874e-05
20.0,3.01,10.0,-0.00020820883812244784
20.0,3.01,11.0,1.3754507943719574e-07
20.0,3.01,12.0,0.00029635342646677776
20.0,3.01,13.0,0.00011178485514928838
20.0,3.01,14.0,-5.734400916506211e-08
20.0,3.01,15.0,2.572549900695109e-05
20.0,3.01,16.0,0.0005909426226797798
20.0,3.01,17.0,-0.003042744580038184
20.0,3.01,18.0,0.0005996399630956439
20.0,3.01,19.0,0.00028659555995791397
20.0,3.01,20.0,0.0003396387237935006
20.0,3.01,21.0,1.2247357121186742e-05
20.0,3.51,0.0,-0.0002505553163097973
20.0,3.51,1.0,2.1379569101920293e-05
20.0,3.51,2.0,2.4001615375690566e-05
20.0,3.51,3.0,3.0354128619236587e-06
20.0,3.51,4.0,9.969260403275282e-05
20.0,3.51,5.0,-0.0015286101327285362
20.0,3.51,6.0,0.0005146238050658947
20.0,3.51,7.0,-0.0021463546666162098
20.0,3.51,8.0,4.1051502991718e-05
20.0,3.51,9.0,9.597188024179637e-06
20.0,3.51,10.0,-0.00020960660208829696
20.0,3.51,11.0,1.3754507940944016e-07
20.0,3.51,12.0,0.0002923827184255767
20.0,3.51,13.0,2.036133163602072e-05
20.0,3.51,14.0,-5.734400916475879e-08
20.0,3.51,15.0,2.4827228418677905e-05
20.0,3.51,16.0,0.0005709049216874318
20.0,3.51,17.0,-0.003035574760426492
20.0,3.51,18.0,0.0006054896119384034
20.0,3.51,19.0,0.0003334363061305856
20.0,3.51,20.0,0.00031869264691208876
20.0,3.51,21.0,1.22473571244619e-05
20.0,4.01,0.0,-0.0007446887948430181
20.0,4.01,1.0,1.6619803075323958e-05
20.0,4.01,2.0,5.8963310464232865e-05
20.0,4.01,3.0,3.0354128621179477e-06
20.0,4.01,4.0,0.00010761591545693783
20.0,4.01,5.0,-0.0015449333201255633
20.0,4.01,6.0,0.0005147172161281688
20.0,4.01,7.0,-0.0021577805710477765
20.0,4.01,8.0,4.105150300025284e-05
20.0,4.01,9.0,-1.1825422761957416e-05
20.0,4.01,10.0,-0.00020893631238255717
20.0,4.01,11.0,1.3754507940944016e-07
20.0,4.01,12.0,0.0002944745654699932
20.0,4.01,13.0,7.330978823721912e-05
20.0,4.01,14.0,-5.7344009165088846e-08
20.0,4.01,15.0,2.5296646605527107e-05
20.0,4.01,16.0,0.0005827089502934424
20.0,4.01,17.0,-0.0030407021695083233
20.0,4.01,18.0,0.0006026405090615583
20.0,4.01,19.0,0.0003062930594539548
20.0,4.01,20.0,0.0003312325570014041
20.0,4.01,21.0,1.2247357127015412e-05
21.0,0.01,0.0,0.0017268137751432766
21.0,0.01,1.0,4.034653714257708e-05
21.0,0.01,2.0,-0.00018818514505070105
21.0,0.01,3.0,3.035625099748196e-06
21.0,0.01,4.0,0.0014689528950342368
21.0,0.01,5.0,-0.0016693092214228019
21.0,0.01,6.0,0.0012475408758727546
21.0,0.01,7.0,-0.001119047029706055
21.0,0.01,8.0,4.1051806886530096e-05
21.0,0.01,9.0,0.00018495143442753825
21.0,0.01,10.0,-0.0004734813912146696
21.0,0.01,11.0,1.3761874712026056e-07
21.0,0.01,12.0,0.0011185870413427668
21.0,0.01,13.0,-0.00020096477193742857
21.0,0.01,14.0,-0.0034974400935959063
21.0,0.01,15.0,2.14334109784331e-05
21.0,0.01,16.0,0.0010753429786531932
21.0,0.01,17.0,-0.0015734194844514438
21.0,0.01,18.0,0.002008765156816694
21.0,0.01,19.0,0.00019798474885124318
21.0,0.01,20.0,0.007797767795333033
21.0,0.01,21.0,1.136972252901991e-05
21.0,0.51,0.0,0.0017288690555177233
21.0,0.51,1.0,4.0369505167614506e-05
21.0,0.51,2.0,-0.00018841111995554494
21.0,0.51,3.0,3.035625099734318e-06
21.0,0.51,4.0,0.0014689023889027375
21.0,0.51,5.0,-0.001669309203995536
21.0,0.51,6.0,0.0012475280692456625
21.0,0.51,7.0,-0.0011189369196098753
21.0,0.51,8.0,4.105180688664112e-05
21.0,0.51,9.0,0.0001851482916748748
21.0,0.51,10.0,-0.0004734827867313163
21.0,0.51,11.0,1.37618747092505e-07
21.0,0.51,12.0,0.0011185683411745195
21.0,0.51,13.0,-0.00020119803788443136
21.0,0.51,14.0,-0.003497440782676848
21.0,0.51,15.0,2.143136112242594e-05
21.0,0.51,16.0,0.0010752808497546118
21.0,0.51,17.0,-0.0015733834545908348
21.0,0.51,18.0,0.0020087805641717527
21.0,0.51,19.0,0.00019819572392143492
21.0,0.51,20.0,0.007797760522507358
21.0,0.51,21.0,1.136972252901991e-05
21.0,1.01,0.0,0.0017309144183635938
21.0,1.01,1.0,4.039236300784621e-05
21.0,1.01,2.0,-0.0001886360021411404
21.0,1.01,3.0,3.035625099748196e-06
21.0,1.01,4.0,0.0014688521255247222
21.0,1.01,5.0,-0.001669309186689491
21.0,1.01,6.0,0.001247515323000159
21.0,1.01,7.0,-0.0011188273432280738
21.0,1.01,8.0,4.1051806886724385e-05
21.0,1.01,9.0,0.00018534419515353617
21.0,1.01,10.0,-0.00047348417554499145
21.0,1.01,11.0,1.37618747092505e-07
21.0,1.01,12.0,0.0011185497307750758
21.0,1.01,13.0,-0.0002014301754703074
21.0,1.01,14.0,-0.003497441468060948
21.0,1.01,15.0,2.142932108675777e-05
21.0,1.01,16.0,0.0010752190201015477
21.0,1.01,17.0,-0.0015733476014411218
21.0,1.01,18.0,0.002008795897705584
21.0,1.01,19.0,0.00019840567714302093
21.0,1.01,20.0,0.007797753288785736
21.0,1.01,21.0,1.1369722529075421e-05
21.0,1.51,0.0,0.0017329499108836854
21.0,1.51,1.0,4.0415111187575015e-05
21.0,1.51,2.0,-0.00018885979681443343
21.0,1.51,3.0,3.035625099748196e-06
21.0,1.51,4.0,0.0014688021037426724
21.0,1.51,5.0,-0.0016693091695040767
21.0,1.51,6.0,0.0012475026368491404
21.0,1.51,7.0,-0.0011187182980164079
21.0,1.51,8.0,4.105180688680765e-05
21.0,1.51,9.0,0.00018553914941027427
21.0,1.51,10.0,-0.00047348555768772504
21.0,1.51,11.0,1.37618747092505e-07
21.0,1.51,12.0,0.0011185312097167777
21.0,1.51,13.0,-0.0002016611900729215
21.0,1.51,14.0,-0.0034974421497659183
21.0,1.51,15.0,2.142729082502126e-05
21.0,1.51,16.0,0.0010751574882686965
21.0,1.51,17.0,-0.001573311924160152
21.0,1.51,18.0,0.002008811157768131
21.0,1.51,19.0,0.00019861461338532838
21.0,1.51,20.0,0.007797746093980762
21.0,1.51,21.0,1.1369722529075421e-05
21.0,2.01,0.0,0.0017349755800424305
21.0,2.01,1.0,4.043775022849472e-05
21.0,2.01,2.0,-0.00018908250915611324
21.0,2.01,3.0,3.035625099748196e-06
21.0,2.01,4.0,0.0014687523224052867
21.0,2.01,5.0,-0.0016693091524387059
21.0,2.01,6.0,0.0012474900105068354
21.0,2.01,7.0,-0.0011186097814434026
21.0,2.01,8.0,4.1051806886918674e-05
21.0,2.01,9.0,0.00018573315896897036
21.0,2.01,10.0,-0.0004734869331910474
21.0,2.01,11.0,1.3761874712026056e-07
21.0,2.01,12.0,0.0011185127775746317
21.0,2.01,13.0,-0.000201891087042827
21.0,2.01,14.0,-0.0034974428278094147
21.0,2.01,15.0,2.1425270290864606e-05
21.0,2.01,16.0,0.0010750962528375263
21.0,2.01,17.0,-0.001573276421910061
21.0,2.01,18.0,0.002008826344707282
21.0,2.01,19.0,0.0001988225374931485
21.0,2.01,20.0,0.007797738937905807
21.0,2.01,21.0,1.1369722529130932e-05
21.0,2.51,0.0,0.0017369914725561264
21.0,2.51,1.0,4.0460280649301517e-05
21.0,2.51,2.0,-0.00018930414431928
21.0,2.51,3.0,3.035625099748196e-06
21.0,2.51,4.0,0.0014687027803671482
21.0,2.51,5.0,-0.001669309135492795
21.0,2.51,6.0,0.0012474774436891378
21.0,2.51,7.0,-0.0011185017909910167
21.0,2.51,8.0,4.105180688700194e-05
21.0,2.51,9.0,0.0001859262283296914
21.0,2.51,10.0,-0.0004734883020863778
21.0,2.51,11.0,1.37618747092505e-07
21.0,2.51,12.0,0.001118494433925421
21.0,2.51,13.0,-0.00020211987170237755
21.0,2.51,14.0,-0.0034974435022089682
21.0,2.51,15.0,2.1423259438491105e-05
21.0,2.51,16.0,0.0010750353123968326
21.0,2.51,17.0,-0.0015732410938573069
21.0,2.51,18.0,0.002008841458869093
21.0,2.51,19.0,0.00019902945428629248
21.0,2.51,20.0,0.007797731820375464
21.0,2.51,21.0,1.1369722529130932e-05
21.0,3.01,0.0,0.0017389976348998193
21.0,3.01,1.0,4.048270296624912e-05
21.0,3.01,2.0,-0.0001895247074307771
21.0,3.01,3.0,3.0356250997620737e-06
21.0,3.01,4.0,0.0014686534764888348
21.0,3.01,5.0,-0.0016693091186657629
21.0,3.01,6.0,0.001247464936113496
21.0,3.01,7.0,-0.0011183943241541427
21.0,3.01,8.0,4.1051806887099085e-05
21.0,3.01,9.0,0.00018611836196924525
21.0,3.01,10.0,-0.0004734896644049691
21.0,3.01,11.0,1.3761874712026056e-07
21.0,3.01,12.0,0.00111847617834826
21.0,3.01,13.0,-0.0002023475493463378
21.0,3.01,14.0,-0.0034974441729820303
21.0,3.01,15.0,2.142125822202079e-05
21.0,3.01,16.0,0.0010749746655432935
21.0,3.01,17.0,-0.001573205939172699
21.0,3.01,18.0,0.002008856500598233
21.0,3.01,19.0,0.0001992353685592585
21.0,3.01,20.0,0.007797724741205325
21.0,3.01,21.0,1.1369722529130932e-05
21.0,3.51,0.0,0.0017409941133025297
21.0,3.51,1.0,4.050501769276016e-05
21.0,3.51,2.0,-0.00018974420359013644
21.0,3.51,3.0,3.0356250997620737e-06
21.0,3.51,4.0,0.001468604409636698
21.0,3.51,5.0,-0.0016693091019570315
21.0,3.51,6.0,0.0012474524874986903
21.0,3.51,7.0,-0.0011182873784409408
21.0,3.51,8.0,4.105180688719623e-05
21.0,3.51,9.0,0.00018630956434079193
21.0,3.51,10.0,-0.00047349102017796296
21.0,3.51,11.0,1.37618747092505e-07
21.0,3.51,12.0,0.0011184580104243724
21.0,3.51,13.0,-0.00020257412524160578
21.0,3.51,14.0,-0.003497444840145955
21.0,3.51,15.0,2.141926659604554e-05
21.0,3.51,16.0,0.0010749143108806924
21.0,3.51,17.0,-0.0015731709570313904
21.0,3.51,18.0,0.002008871470236817
21.0,3.51,19.0,0.00019944028508078748
21.0,3.51,20.0,0.007797717700212092
21.0,3.51,21.0,1.1369722529130932e-05
21.0,4.01,0.0,0.0017429809537561347
21.0,4.01,1.0,4.0527225339703765e-05
21.0,4.01,2.0,-0.00018996263787057766
21.0,4.01,3.0,3.0356250997620737e-06
21.0,4.01,4.0,0.001468555578683417
21.0,4.01,5.0,-0.0016693090853660262
21.0,4.01,6.0,0.0012474400975647226
21.0,4.01,7.0,-0.0011181809513723107
21.0,4.01,8.0,4.1051806887279496e-05
21.0,4.01,9.0,0.00018649983987478747
21.0,4.01,10.0,-0.00047349236943633466
21.0,4.01,11.0,1.3761874712026056e-07
21.0,4.01,12.0,0.0011184399297373138
21.0,4.01,13.0,-0.00020279960462804558
21.0,4.01,14.0,-0.003497445503718017
21.0,4.01,15.0,2.1417284515184987e-05
21.0,4.01,16.0,0.0010748542470196965
21.0,4.01,17.0,-0.0015731361466128427
21.0,4.01,18.0,0.0020088863681258506
21.0,4.01,19.0,0.00019964420859608367
21.0,4.01,20.0,0.007797710697213245
21.0,4.01,21.0,1.1369722529186443e-05
22.0,0.01,0.0,-0.00039502301577476473
22.0,0.01,1.0,1.7200233903835738e-05
22.0,0.01,2.0,5.80551248987593e-05
22.0,0.01,3.0,3.035602456860631e-06
22.0,0.01,4.0,0.00017520714091900924
22.0,0.01,5.0,-4.984661329132667e-05
22.0,0.01,6.0,0.00010595359330567433
22.0,0.01,7.0,-5.722956181236638e-05
22.0,0.01,8.0,4.105178688451616e-05
22.0,0.01,9.0,-8.433986939504479e-06
22.0,0.01,10.0,-7.616359806228434e-06
22.0,0.01,11.0,1.3760267805751347e-07
22.0,0.01,12.0,0.0001019705261553483
22.0,0.01,13.0,5.026451980760793e-05
22.0,0.01,14.0,-6.509524829201351e-05
22.0,0.01,15.0,2.4317684395536165e-05
22.0,0.01,16.0,9.835266007129917e-05
22.0,0.01,17.0,-1.2462208223817939e-05
22.0,0.01,18.0,0.0001320824102327145
22.0,0.01,19.0,5.845368584678212e-05
22.0,0.01,20.0,0.0009320501120837488
22.0,0.01,21.0,1.5692990339766233e-05
22.0,0.51,0.0,4.7610843775802714e-05
22.0,0.51,1.0,2.24539888508124e-05
22.0,0.51,2.0,7.041033727173129e-07
22.0,0.51,3.0,3.0356024575961538e-06
22.0,0.51,4.0,0.0001618651914536695
22.0,0.51,5.0,-2.664537577956594e-05
22.0,0.51,6.0,0.00010552214873349453
22.0,0.51,7.0,-2.9451012626191542e-05
22.0,0.51,8.0,4.105178691689304e-05
22.0,0.51,9.0,2.57894658997615e-05
22.0,0.51,10.0,-1.1405237094475051e-05
22.0,0.51,11.0,1.3760267805751347e-07
22.0,0.51,12.0,0.00010121150644393229
22.0,0.51,13.0,-1.061020734671736e-05
22.0,0.51,14.0,-6.509524871235235e-05
22.0,0.51,15.0,2.3839510197576352e-05
22.0,0.51,16.0,8.881370636193431e-05
22.0,0.51,17.0,1.3756175587131825e-05
22.0,0.51,18.0,0.00013651459580399372
22.0,0.51,19.0,0.00010391385369712403
22.0,0.51,20.0,0.0009219757482562541
22.0,0.51,21.0,1.569299035220073e-05
22.0,1.01,0.0,0.0001771357302935428
22.0,1.01,1.0,2.410114178214018e-05
22.0,1.01,2.0,-1.5743970835369048e-05
22.0,1.01,3.0,3.035602458165143e-06
22.0,1.01,4.0,0.00015741815873648868
22.0,1.01,5.0,-2.0795104872461945e-05
22.0,1.01,6.0,0.00010532116661837732
22.0,1.01,7.0,-2.2086092741291363e-05
22.0,1.01,8.0,4.1051786942011836e-05
22.0,1.01,9.0,3.508020522802191e-05
22.0,1.01,10.0,-1.2794604294819045e-05
22.0,1.01,11.0,1.3760267805751347e-07
22.0,1.01,12.0,0.00010101710680360254
22.0,1.01,13.0,-2.826101592140473e-05
22.0,1.01,14.0,-6.509524883902317e-05
22.0,1.01,15.0,2.3729632591340533e-05
22.0,1.01,16.0,8.607392180604023e-05
22.0,1.01,17.0,2.057741835359561e-05
22.0,1.01,18.0,0.0001379301449446202
22.0,1.01,19.0,0.000116656961059447
22.0,1.01,20.0,0.0009200132771740588
22.0,1.01,21.0,1.569299036180416e-05
22.0,1.51,0.0,3.0301588060166473e-05
22.0,1.51,1.0,2.3247287538885608e-05
22.0,1.51,2.0,-5.611834932306436e-07
22.0,1.51,3.0,3.0356024586092323e-06
22.0,1.51,4.0,0.00015953685062375378
22.0,1.51,5.0,-2.8542291404171083e-05
22.0,1.51,6.0,0.0001053905480217221
22.0,1.51,7.0,-3.0519472083656574e-05
22.0,1.51,8.0,4.105178696145462e-05
22.0,1.51,9.0,2.4939838955961857e-05
22.0,1.51,10.0,-1.2363282440919221e-05
22.0,1.51,11.0,1.3760267805751347e-07
22.0,1.51,12.0,0.00010117366772671721
22.0,1.51,13.0,-1.2306066100364887e-05
22.0,1.51,14.0,-6.509524873580146e-05
22.0,1.51,15.0,2.3835088643148206e-05
22.0,1.51,16.0,8.886336556701568e-05
22.0,1.51,17.0,1.2508179380088524e-05
22.0,1.51,18.0,0.000137209293820717
22.0,1.51,19.0,0.0001041004824513525
22.0,1.51,20.0,0.0009243125221464199
22.0,1.51,21.0,1.5692990369242654e-05
22.0,2.01,0.0,-0.0004245143717106492
22.0,2.01,1.0,2.0262881727517446e-05
22.0,2.01,2.0,4.513941769490604e-05
22.0,2.01,3.0,3.035602458942299e-06
22.0,2.01,4.0,0.00016761384631336362
22.0,2.01,5.0,-4.9555786566735094e-05
22.0,2.01,6.0,0.00010577347800538872
22.0,2.01,7.0,-5.4153910905740954e-05
22.0,2.01,8.0,4.105178697699774e-05
22.0,2.01,9.0,-3.896392080787736e-06
22.0,2.01,10.0,-1.0253288863892873e-05
22.0,2.01,11.0,1.3760267805751347e-07
22.0,2.01,12.0,0.00010159504463619351
22.0,2.01,13.0,3.645287093267946e-05
22.0,2.01,14.0,-6.509524842895423e-05
22.0,2.01,15.0,2.410012150072527e-05
22.0,2.01,16.0,9.720515732825064e-05
22.0,2.01,17.0,-9.890826894731752e-06
22.0,2.01,18.0,0.00013462176599315923
22.0,2.01,19.0,6.698757559420176e-05
22.0,2.01,20.0,0.0009345848847931437
22.0,2.01,21.0,1.5692990375182347e-05
22.0,2.51,0.0,-0.0009821784156061053
22.0,2.51,1.0,1.7220852296551126e-05
22.0,2.51,2.0,9.577953538408845e-05
22.0,2.51,3.0,3.0356024592337327e-06
22.0,2.51,4.0,0.00017611344410883856
22.0,2.51,5.0,-7.29131257481419e-05
22.0,2.51,6.0,0.00010620017675033733
22.0,2.51,7.0,-8.018027952472195e-05
22.0,2.51,8.0,4.105178698986245e-05
22.0,2.51,9.0,-3.5453515818573145e-05
22.0,2.51,10.0,-8.029976787671256e-06
22.0,2.51,11.0,1.3760267808526905e-07
22.0,2.51,12.0,0.00010201603717602259
22.0,2.51,13.0,9.132359230917819e-05
22.0,2.51,14.0,-6.50952480818251e-05
22.0,2.51,15.0,2.4349854316180197e-05
22.0,2.51,16.0,0.00010664989747333209
22.0,2.51,17.0,-3.464120038870755e-05
22.0,2.51,18.0,0.00013197890218963337
22.0,2.51,19.0,2.5437575029818582e-05
22.0,2.51,20.0,0.0009457512468717955
22.0,2.51,21.0,1.569299038006733e-05
22.0,3.01,0.0,-0.0013881984244978884
22.0,3.01,1.0,1.579682106117586e-05
22.0,3.01,2.0,0.0001269953469237306
22.0,3.01,3.0,3.035602459469655e-06
22.0,3.01,4.0,0.00018028585014673304
22.0,3.01,5.0,-8.818699058379953e-05
22.0,3.01,6.0,0.00010638890575115356
22.0,3.01,7.0,-9.662424467465902e-05
22.0,3.01,8.0,4.105178700056222e-05
22.0,3.01,9.0,-5.51587515915386e-05
22.0,3.01,10.0,-7.04658517763912e-06
22.0,3.01,11.0,1.3760267805751347e-07
22.0,3.01,12.0,0.00010224728874369537
22.0,3.01,13.0,0.0001257890383304372
22.0,3.01,14.0,-6.509524783970209e-05
22.0,3.01,15.0,2.4457521423493223e-05
22.0,3.01,16.0,0.00011275611211403191
22.0,3.01,17.0,-5.035775926387487e-05
22.0,3.01,18.0,0.00013079072249316814
22.0,3.01,19.0,-8.501354509249381e-07
22.0,3.01,20.0,0.000953224852757617
22.0,3.01,21.0,1.5692990384175154e-05
22.0,3.51,0.0,-0.0017896721850869657
22.0,3.51,1.0,1.467207576172358e-05
22.0,3.51,2.0,0.0001558051588461673
22.0,3.51,3.0,3.0356024596500664e-06
22.0,3.51,4.0,0.00018361788343923546
22.0,3.51,5.0,-0.00010295904209270401
22.0,3.51,6.0,0.00010649732286266422
22.0,3.51,7.0,-0.0001122522012045879
22.0,3.51,8.0,4.105178700929135e-05
22.0,3.51,9.0,-7.402608595816207e-05
22.0,3.51,10.0,-6.348653962207074e-06
22.0,3.51,11.0,1.3760267805751347e-07
22.0,3.51,12.0,0.00010247343962538347
22.0,3.51,13.0,0.00015738859392655513
22.0,3.51,14.0,-6.509524760748146e-05
22.0,3.51,15.0,2.45345387442919e-05
22.0,3.51,16.0,0.00011851450261934904
22.0,3.51,17.0,-6.5208418725482e-05
22.0,3.51,18.0,0.00012991846308285648
22.0,3.51,19.0,-2.5282785381164352e-05
22.0,3.51,20.0,0.0009607001324389852
22.0,3.51,21.0,1.5692990387505823e-05
22.0,4.01,0.0,-0.00060524494012415
22.0,4.01,1.0,2.196683487687423e-05
22.0,4.01,2.0,4.347657633707591e-05
22.0,4.01,3.0,3.0356024598304776e-06
22.0,4.01,4.0,0.0001632208763950871
22.0,4.01,5.0,-5.236062569224931e-05
22.0,4.01,6.0,0.00010553948102809407
22.0,4.01,7.0,-5.5182771842965384e-05
22.0,4.01,8.0,4.1051787016799235e-05
22.0,4.01,9.0,-3.597164237451045e-06
22.0,4.01,10.0,-1.1924393015949608e-05
22.0,4.01,11.0,1.3760267805751347e-07
22.0,4.01,12.0,0.00010145204862066493
22.0,4.01,13.0,3.6870267869804074e-05
22.0,4.01,14.0,-6.509524816155604e-05
22.0,4.01,15.0,2.4017854282604167e-05
22.0,4.01,16.0,9.773364667320372e-05
22.0,4.01,17.0,-1.1544609303637543e-05
22.0,4.01,18.0,0.00013615630288948966
22.0,4.01,19.0,6.578265581225207e-05
22.0,4.01,20.0,0.0009374333467885299
22.0,4.01,21.0,1.569299039033689e-05
23.0,0.01,0.0,0.0002846941086376287
23.0,0.01,1.0,4.181404676001366e-05
23.0,0.01,2.0,-7.73174528907461e-05
23.0,0.01,3.0,3.0401978564770227e-06
23.0,0.01,4.0,0.0024868819907690742
23.0,0.01,5.0,-0.002443869508000726
23.0,0.01,6.0,0.0014197734823676589
23.0,0.01,7.0,-0.0019335978981043778
23.0,0.01,8.0,4.105701240703086e-05
23.0,0.01,9.0,6.694407960150528e-05
23.0,0.01,10.0,-0.0009053471497376675
23.0,0.01,11.0,1.392971814562216e-07
23.0,0.01,12.0,0.0016288873343257293
23.0,0.01,13.0,-9.932871549234168e-05
23.0,0.01,14.0,-0.005389890860782279
23.0,0.01,15.0,1.7650278359288007e-05
23.0,0.01,16.0,0.0014678233103075922
23.0,0.01,17.0,-0.002324644183603508
23.0,0.01,18.0,0.0035829870636097105
23.0,0.01,19.0,2.4164405653004373e-05
23.0,0.01,20.0,0.0012900620534049834
23.0,0.01,21.0,7.864733628959453e-06
23.0,0.51,0.0,0.00041342979174241457
23.0,0.51,1.0,5.951340872900612e-05
23.0,0.51,2.0,-0.00012421814147856036
23.0,0.51,3.0,3.040197859793814e-06
23.0,0.51,4.0,0.0024758079140129174
23.0,0.51,5.0,-0.0024402004521116155
23.0,0.51,6.0,0.001421863511615662
23.0,0.51,7.0,-0.0019080633024989302
23.0,0.51,8.0,4.105701254350502e-05
23.0,0.51,9.0,7.690045629417386e-05
23.0,0.51,10.0,-0.0009080052031327779
23.0,0.51,11.0,1.392971814562216e-07
23.0,0.51,12.0,0.0016221522961973045
23.0,0.51,13.0,-0.00015103653188186517
23.0,0.51,14.0,-0.00538992199608813
23.0,0.51,15.0,1.6421400918037454e-05
23.0,0.51,16.0,0.001471886738464212
23.0,0.51,17.0,-0.0023204068050663162
23.0,0.51,18.0,0.0035873228115582134
23.0,0.51,19.0,6.906352698105023e-05
23.0,0.51,20.0,0.0012816645183648667
23.0,0.51,21.0,7.864733655049694e-06
23.0,1.01,0.0,-0.0004632374187565347
23.0,1.01,1.0,-1.3512878731747335e-05
23.0,1.01,2.0,0.00010615356190391001
23.0,1.01,3.0,3.040197861958749e-06
23.0,1.01,4.0,0.002516320018371876
23.0,1.01,5.0,-0.00246482947336929
23.0,1.01,6.0,0.0014146647942032686
23.0,1.01,7.0,-0.0020338704403580765
23.0,1.01,8.0,4.105701263158734e-05
23.0,1.01,9.0,2.1295901525456018e-05
23.0,1.01,10.0,-0.0008969466084823852
23.0,1.01,11.0,1.3929718148397718e-07
23.0,1.01,12.0,0.001651398724916403
23.0,1.01,13.0,0.00011987916958366984
23.0,1.01,14.0,-0.005389791670634789
23.0,1.01,15.0,2.109686010856593e-05
23.0,1.01,16.0,0.0014571563353673045
23.0,1.01,17.0,-0.0023471113919600606
23.0,1.01,18.0,0.0035697539143053625
23.0,1.01,19.0,-0.00015792188979163457
23.0,1.01,20.0,0.0013261981553744917
23.0,1.01,21.0,7.864733671925084e-06
23.0,1.51,0.0,-0.0002993887363039738
23.0,1.51,1.0,-4.1214813295553654e-07
23.0,1.51,2.0,6.720705582941022e-05
23.0,1.51,3.0,3.0401978573929567e-06
23.0,1.51,4.0,0.002508613537397064
23.0,1.51,5.0,-0.0024602717255776674
23.0,1.51,6.0,0.0014170334468389667
23.0,1.51,7.0,-0.002015010645476323
23.0,1.51,8.0,4.1057012458559083e-05
23.0,1.51,9.0,2.9458413870281364e-05
23.0,1.51,10.0,-0.0008986307393876181
23.0,1.51,11.0,1.3929718142846603e-07
23.0,1.51,12.0,0.0016461293292127088
23.0,1.51,13.0,7.167443828748343e-05
23.0,1.51,14.0,-0.0053898059298420585
23.0,1.51,15.0,2.0101437762987118e-05
23.0,1.51,16.0,0.0014612218241700226
23.0,1.51,17.0,-0.002342068541032638
23.0,1.51,18.0,0.0035730838033010692
23.0,1.51,19.0,-0.00012004296045214913
23.0,1.51,20.0,0.001319281383738491
23.0,1.51,21.0,7.864733638840438e-06
23.0,2.01,0.0,0.0002897498393553688
23.0,2.01,1.0,5.188899652963652e-05
23.0,2.01,2.0,-9.512494265351279e-05
23.0,2.01,3.0,3.040197860515459e-06
23.0,2.01,4.0,0.002479580242585877
23.0,2.01,5.0,-0.0024431285385464047
23.0,2.01,6.0,0.00142208617113726
23.0,2.01,7.0,-0.0019252591912017614
23.0,2.01,8.0,4.105701258599881e-05
23.0,2.01,9.0,6.911936075353065e-05
23.0,2.01,10.0,-0.0009065226230287604
23.0,2.01,11.0,1.3929718148397718e-07
23.0,2.01,12.0,0.001625305203251548
23.0,2.01,13.0,-0.00011696246147085976
23.0,2.01,14.0,-0.005389900940437674
23.0,2.01,15.0,1.6737858847232223e-05
23.0,2.01,16.0,0.0014716426459964738
23.0,2.01,17.0,-0.0023233645641753814
23.0,2.01,18.0,0.0035857409103305926
23.0,2.01,19.0,3.986045148435258e-05
23.0,2.01,20.0,0.0012880026120832833
23.0,2.01,21.0,7.864733663209833e-06
23.0,2.51,0.0,0.0001927178189290446
23.0,2.51,1.0,5.1109371663138337e-05
23.0,2.51,2.0,-8.505020051363665e-05
23.0,2.51,3.0,3.0401978631522386e-06
23.0,2.51,4.0,0.0024791453968898702
23.0,2.51,5.0,-0.002445515978970414
23.0,2.51,6.0,0.001421940542667921
23.0,2.51,7.0,-0.0019301315483522818
23.0,2.51,8.0,4.105701269345452e-05
23.0,2.51,9.0,6.583124074878433e-05
23.0,2.51,10.0,-0.0009064738932733629
23.0,2.51,11.0,1.3929718151173276e-07
23.0,2.51,12.0,0.0016258681276428988
23.0,2.51,13.0,-0.00010140649759327047
23.0,2.51,14.0,-0.005389892488199002
23.0,2.51,15.0,1.675536600634353e-05
23.0,2.51,16.0,0.0014713997813448065
23.0,2.51,17.0,-0.0023257681023300253
23.0,2.51,18.0,0.0035855860231394643
23.0,2.51,19.0,2.8869327343861162e-05
23.0,2.51,20.0,0.0012903339041436812
23.0,2.51,21.0,7.86473368380447e-06
23.0,3.01,0.0,-0.000865119967550454
23.0,3.01,1.0,-2.244073980445238e-05
23.0,3.01,2.0,0.00016267523039814602
23.0,3.01,3.0,3.040197864956351e-06
23.0,3.01,4.0,0.0025184989959199378
23.0,3.01,5.0,-0.002472629926683803
23.0,3.01,6.0,0.0014171968470182983
23.0,3.01,7.0,-0.0020676252602339074
23.0,3.01,8.0,4.1057012766063106e-05
23.0,3.01,9.0,4.87117928796299e-06
23.0,3.01,10.0,-0.0008948294948424862
23.0,3.01,11.0,1.3929718151173276e-07
23.0,3.01,12.0,0.0016558360227095503
23.0,3.01,13.0,0.00019219672205411653
23.0,3.01,14.0,-0.005389756448302791
23.0,3.01,15.0,2.105343778416313e-05
23.0,3.01,16.0,0.001459656340064508
23.0,3.01,17.0,-0.002354872923090695
23.0,3.01,18.0,0.0035684481105335286
23.0,3.01,19.0,-0.00021697388512331717
23.0,3.01,20.0,0.0013399314432324116
23.0,3.01,21.0,7.864733697737769e-06
23.0,3.51,0.0,8.676974249444136e-05
23.0,3.51,1.0,4.3918996216474326e-05
23.0,3.51,2.0,-6.394298364953421e-05
23.0,3.51,3.0,3.0401978672045527e-06
23.0,3.51,4.0,0.0024841456604536294
23.0,3.51,5.0,-0.0024456197619329295
23.0,3.51,6.0,0.0014226049446496303
23.0,3.51,7.0,-0.001940951389483997
23.0,3.51,8.0,4.105701285921082e-05
23.0,3.51,9.0,6.391922343922107e-05
23.0,3.51,10.0,-0.000904886117167103
23.0,3.51,11.0,1.3929718153948834e-07
23.0,3.51,12.0,0.0016287904620914118
23.0,3.51,13.0,-7.739140180001991e-05
23.0,3.51,14.0,-0.005389888837354423
23.0,3.51,15.0,1.703178241410641e-05
23.0,3.51,16.0,0.001471633751678747
23.0,3.51,17.0,-0.002325866487306108
23.0,3.51,18.0,0.0035842206865533965
23.0,3.51,19.0,9.484106702650763e-06
23.0,3.51,20.0,0.0012947530250445594
23.0,3.51,21.0,7.864733715556849e-06
23.0,4.01,0.0,0.00034905882385871667
23.0,4.01,1.0,6.388432974052671e-05
23.0,4.01,2.0,-0.00012895583527938737
23.0,4.01,3.0,3.0401978693139764e-06
23.0,4.01,4.0,0.0024734234555627843
23.0,4.01,5.0,-0.002438721880834077
23.0,4.01,6.0,0.0014239013759684838
23.0,4.01,7.0,-0.0019046240181923024
23.0,4.01,8.0,4.105701294720987e-05
23.0,4.01,9.0,7.987891079956622e-05
23.0,4.01,10.0,-0.0009080218435565945
23.0,4.01,11.0,1.392971815672439e-07
23.0,4.01,12.0,0.0016207003721038227
23.0,4.01,13.0,-0.00015357952694156074
23.0,4.01,14.0,-0.005389925885410762
23.0,4.01,15.0,1.5851359772139917e-05
23.0,4.01,16.0,0.0014748355906019084
23.0,4.01,17.0,-0.0023184086924497027
23.0,4.01,18.0,0.003588925680197863
23.0,4.01,19.0,7.386427925309969e-05
23.0,4.01,20.0,0.001281868667868169
23.0,4.01,21.0,7.864733732432239e-06
24.0,0.01,0.0,0.00023686160965918912
24.0,0.01,1.0,1.7214368649209888e-05
24.0,0.01,2.0,-1.568001557317178e-05
24.0,0.01,3.0,3.0399495350164063e-06
24.0,0.01,4.0,0.0003102387324829259
24.0,0.01,5.0,-0.0030111788597954325
24.0,0.01,6.0,0.0011932975656674394
24.0,0.01,7.0,-0.0016703821463149582
24.0,0.01,8.0,4.105664607814696e-05
24.0,0.01,9.0,4.1161074019469e-05
24.0,0.01,10.0,-0.0009850300493887687
24.0,0.01,11.0,1.3914298332973196e-07
24.0,0.01,12.0,0.0012648588690210572
24.0,0.01,13.0,-4.346158164170166e-05
24.0,0.01,14.0,-1.3100027486841503e-09
24.0,0.01,15.0,2.8277720385633254e-05
24.0,0.01,16.0,0.0012254769589743475
24.0,0.01,17.0,-0.0021565372490854745
24.0,0.01,18.0,0.0016530299073363453
24.0,0.01,19.0,0.0006459625344097386
24.0,0.01,20.0,0.0004949879840866478
24.0,0.01,21.0,9.891991256505417e-06
24.0,0.51,0.0,0.0001708374578942573
24.0,0.51,1.0,1.6656738533515902e-05
24.0,0.51,2.0,-1.0686941532833671e-05
24.0,0.51,3.0,3.0399495378335972e-06
24.0,0.51,4.0,0.00031292354959167046
24.0,0.51,5.0,-0.003012873729352175
24.0,0.51,6.0,0.0011930634298834564
24.0,0.51,7.0,-0.0016744575580275867
24.0,0.51,8.0,4.105664618837823e-05
24.0,0.51,9.0,3.5993438639247977e-05
24.0,0.51,10.0,-0.0009849027589589054
24.0,0.51,11.0,1.3914298335748754e-07
24.0,0.51,12.0,0.0012656408843597644
24.0,0.51,13.0,-3.386241524339084e-05
24.0,0.51,14.0,-1.310002748698437e-09
24.0,0.51,15.0,2.832528012047808e-05
24.0,0.51,16.0,0.001225283908062147
24.0,0.51,17.0,-0.0021598009594943623
24.0,0.51,18.0,0.00165231117520509
24.0,0.51,19.0,0.0006353944941298595
24.0,0.51,20.0,0.000497661704699448
24.0,0.51,21.0,9.891991283095258e-06
24.0,1.01,0.0,-0.00038948276361117085
24.0,1.01,1.0,6.284320161142887e-06
24.0,1.01,2.0,4.834904175732291e-05
24.0,1.01,3.0,3.0399495401095544e-06
24.0,1.01,4.0,0.00036687646574973254
24.0,1.01,5.0,-0.0030255702024184553
24.0,1.01,6.0,0.0011864442496084537
24.0,1.01,7.0,-0.0017194515054122506
24.0,1.01,8.0,4.1056646277376485e-05
24.0,1.01,9.0,-3.719790449879801e-05
24.0,1.01,10.0,-0.0009801943885125453
24.0,1.01,11.0,1.391429833852431e-07
24.0,1.01,12.0,0.0012773978956603926
24.0,1.01,13.0,7.009512790212558e-05
24.0,1.01,14.0,-1.310002748710771e-09
24.0,1.01,15.0,2.9250336577968383e-05
24.0,1.01,16.0,0.00121941944799564
24.0,1.01,17.0,-0.002189175896899348
24.0,1.01,18.0,0.0016356933964908893
24.0,1.01,19.0,0.0005123406728521074
24.0,1.01,20.0,0.0005217769030136932
24.0,1.01,21.0,9.891991304467052e-06
24.0,1.51,0.0,-0.0014030756182559223
24.0,1.51,1.0,-1.4801500842764881e-05
24.0,1.51,2.0,0.0001629230876940002
24.0,1.51,3.0,3.0399495416777444e-06
24.0,1.51,4.0,0.0004789204489640264
24.0,1.51,5.0,-0.003048836815796825
24.0,1.51,6.0,0.0011730783850808502
24.0,1.51,7.0,-0.001807803643598782
24.0,1.51,8.0,4.105664633761996e-05
24.0,1.51,9.0,-0.0001843315122295186
24.0,1.51,10.0,-0.0009702033142152122
24.0,1.51,11.0,1.391429833852431e-07
24.0,1.51,12.0,0.001300571446897325
24.0,1.51,13.0,0.0002675541656250169
24.0,1.51,14.0,-1.3100027487205039e-09
24.0,1.51,15.0,3.1107287344900314e-05
24.0,1.51,16.0,0.0012073196095140903
24.0,1.51,17.0,-0.0022452697401001143
24.0,1.51,18.0,0.001601606492311225
24.0,1.51,19.0,0.0002724229480994822
24.0,1.51,20.0,0.0005675557642522699
24.0,1.51,21.0,9.891991319066484e-06
24.0,2.01,0.0,-0.0005493803065695912
24.0,2.01,1.0,2.5035946555895805e-06
24.0,2.01,2.0,6.755683445214267e-05
24.0,2.01,3.0,3.0399495440786017e-06
24.0,2.01,4.0,0.00038855588055719537
24.0,2.01,5.0,-0.0030285298429121935
24.0,2.01,6.0,0.0011846272517843648
24.0,2.01,7.0,-0.0017346036276482402
24.0,2.01,8.0,4.1056646433834665e-05
24.0,2.01,9.0,-6.403630177320707e-05
24.0,2.01,10.0,-0.000978144774780032
24.0,2.01,11.0,1.391429834129987e-07
24.0,2.01,12.0,0.0012810787716122651
24.0,2.01,13.0,0.00010148781487401282
24.0,2.01,14.0,-1.3100027487315924e-09
24.0,2.01,15.0,2.952513704371218e-05
24.0,2.01,16.0,0.0012173678969440438
24.0,2.01,17.0,-0.0021975950345607814
24.0,2.01,18.0,0.0016300108823833481
24.0,2.01,19.0,0.0004708730434571651
24.0,2.01,20.0,0.0005288758907751046
24.0,2.01,21.0,9.891991342270146e-06
24.0,2.51,0.0,-7.414197427013658e-05
24.0,2.51,1.0,1.2038886324672315e-05
24.0,2.51,2.0,1.5035475026403677e-05
24.0,2.51,3.0,3.0399495463129256e-06
24.0,2.51,4.0,0.000338517905037361
24.0,2.51,5.0,-0.003017658841236573
24.0,2.51,6.0,0.0011908118201349183
24.0,2.51,7.0,-0.0016944321283702823
24.0,2.51,8.0,4.105664652315211e-05
24.0,2.51,9.0,2.4109741718625344e-06
24.0,2.51,10.0,-0.0009825899271739824
24.0,2.51,11.0,1.3914298344075426e-07
24.0,2.51,12.0,0.001270461029222958
24.0,2.51,13.0,1.0134832495956037e-05
24.0,2.51,14.0,-1.3100027487417395e-09
24.0,2.51,15.0,2.8669758428079284e-05
24.0,2.51,16.0,0.0012228625386672687
24.0,2.51,17.0,-0.0021717692872257194
24.0,2.51,18.0,0.0016455203575556632
24.0,2.51,19.0,0.0005804369291045886
24.0,2.51,20.0,0.0005077644940519876
24.0,2.51,21.0,9.891991363752961e-06
24.0,3.01,0.0,0.00014643701892358418
24.0,3.01,1.0,1.666485851614663e-05
24.0,3.01,2.0,-9.829860387056133e-06
24.0,3.01,3.0,3.039949548366838e-06
24.0,3.01,4.0,0.0003140734298522352
24.0,3.01,5.0,-0.003012898604066068
24.0,3.01,6.0,0.0011937568106048513
24.0,3.01,7.0,-0.0016755892345582668
24.0,3.01,8.0,4.105664660554453e-05
24.0,3.01,9.0,3.43067695033894e-05
24.0,3.01,10.0,-0.0009848277047081466
24.0,3.01,11.0,1.3914298346850984e-07
24.0,3.01,12.0,0.0012654236874001246
24.0,3.01,13.0,-3.279223205238102e-05
24.0,3.01,14.0,-1.3100027487510033e-09
24.0,3.01,15.0,2.8263437926473456e-05
24.0,3.01,16.0,0.0012255484018295348
24.0,3.01,17.0,-0.0021600457895626507
24.0,3.01,18.0,0.00165302159413927
24.0,3.01,19.0,0.0006323943236832275
24.0,3.01,20.0,0.0004980848755897771
24.0,3.01,21.0,9.891991383625953e-06
24.0,3.51,0.0,4.3586371977988314e-05
24.0,3.51,1.0,1.5875961840439157e-05
24.0,3.51,2.0,-2.6343710927134723e-06
24.0,3.51,3.0,3.039949550198706e-06
24.0,3.51,4.0,0.00031811531388137304
24.0,3.51,5.0,-0.003015123825401367
24.0,3.51,6.0,0.0011934214240092444
24.0,3.51,7.0,-0.001681311457007062
24.0,3.51,8.0,4.105664667920783e-05
24.0,3.51,9.0,2.682571312812021e-05
24.0,3.51,10.0,-0.000984598584601648
24.0,3.51,11.0,1.3914298346850984e-07
24.0,3.51,12.0,0.0012664802860850588
24.0,3.51,13.0,-1.8933903480677916e-05
24.0,3.51,14.0,-1.3100027487594333e-09
24.0,3.51,15.0,2.832410345054992e-05
24.0,3.51,16.0,0.001225236112240513
24.0,3.51,17.0,-0.0021644331177635007
24.0,3.51,18.0,0.0016520234724141103
24.0,3.51,19.0,0.0006171130900625155
24.0,3.51,20.0,0.0005018208048340744
24.0,3.51,21.0,9.891991401389522e-06
24.0,4.01,0.0,-0.0007191087147770947
24.0,4.01,1.0,4.320623319842287e-06
24.0,4.01,2.0,6.870508951867249e-05
24.0,4.01,3.0,3.0399495516975072e-06
24.0,4.01,4.0,0.0003798357064768165
24.0,4.01,5.0,-0.0030308881705756116
24.0,4.01,6.0,0.001186866767272532
24.0,4.01,7.0,-0.0017363509599646054
24.0,4.01,8.0,4.105664673824394e-05
24.0,4.01,9.0,-6.007040469641067e-05
24.0,4.01,10.0,-0.000979299275130796
24.0,4.01,11.0,1.3914298349626542e-07
24.0,4.01,12.0,0.0012793898857224595
24.0,4.01,13.0,0.0001080152393508893
24.0,4.01,14.0,-1.310002748767007e-09
24.0,4.01,15.0,2.9276442245707024e-05
24.0,4.01,16.0,0.0012189876727765614
24.0,4.01,17.0,-0.0022006546908466956
24.0,4.01,18.0,0.0016343528715621058
24.0,4.01,19.0,0.000466451333314688
24.0,4.01,20.0,0.0005323876136301697
24.0,4.01,21.0,9.891991415600376e-06
