Net_ID,Var,Factor,intervention_effect
0.0,0.01,0.0,0.0003809881727627751
0.0,0.01,1.0,2.912798582443976e-05
0.0,0.01,2.0,5.114368822417559e-06
0.0,0.01,3.0,-7.604238350111814e-10
0.0,0.01,4.0,-4.4549618360256726e-05
0.0,0.01,5.0,-3.059902871009601e-05
0.0,0.01,6.0,4.975149155928005e-06
0.0,0.01,7.0,-7.128423791850219e-05
0.0,0.01,8.0,-1.4396283054551873e-09
0.0,0.01,9.0,-0.00014111178614919367
0.0,0.01,10.0,-1.2248267841824534e-05
0.0,0.01,11.0,-2.520959480195595e-07
0.0,0.01,12.0,-2.6113574744524026e-06
0.0,0.01,13.0,-1.1741216425970036e-05
0.0,0.01,14.0,-0.00020600455882093611
0.0,0.01,15.0,-2.5672125498199527e-06
0.0,0.01,16.0,-3.7727327196757088e-06
0.0,0.01,17.0,-2.4864317410167036e-05
0.0,0.01,18.0,6.311280970919264e-05
0.0,0.01,19.0,-5.1338549684532e-05
0.0,0.01,20.0,-4.024425796089748e-05
0.0,0.01,21.0,-2.6184023347877727e-05
0.0,0.51,0.0,0.010898206478544337
0.0,0.51,1.0,0.00020980181177115975
0.0,0.51,2.0,0.0014868917115373748
0.0,0.51,3.0,-7.604238350111814e-10
0.0,0.51,4.0,-0.0013042779478524835
0.0,0.51,5.0,-0.0018569078502908426
0.0,0.51,6.0,0.00010848790990070079
0.0,0.51,7.0,-0.0015943004457068116
0.0,0.51,8.0,-1.4396283054551873e-09
0.0,0.51,9.0,-0.0017785053265487252
0.0,0.51,10.0,-0.00021191998485889374
0.0,0.51,11.0,-2.52095947658737e-07
0.0,0.51,12.0,-3.203280826052923e-05
0.0,0.51,13.0,0.0012922316045212157
0.0,0.51,14.0,-0.0002060056203530742
0.0,0.51,15.0,1.803911374038958e-05
0.0,0.51,16.0,-0.0001697433601565157
0.0,0.51,17.0,-0.0014369767757655971
0.0,0.51,18.0,0.0001413258372573445
0.0,0.51,19.0,-0.0023770950777362854
0.0,0.51,20.0,0.0019377976645235107
0.0,0.51,21.0,-2.6184023286364433e-05
0.0,1.01,0.0,0.021199964613968225
0.0,1.01,1.0,0.00046781046549065897
0.0,1.01,2.0,0.0028821070035637275
0.0,1.01,3.0,-7.604238488889692e-10
0.0,1.01,4.0,-0.00313500366093572
0.0,1.01,5.0,-0.00361261195532786
0.0,1.01,6.0,0.00044607812578051353
0.0,1.01,7.0,-0.003071491493779055
0.0,1.01,8.0,-1.4396282915773995e-09
0.0,1.01,9.0,-0.003358001999015342
0.0,1.01,10.0,-0.00040239856048365774
0.0,1.01,11.0,-2.5209594907427135e-07
0.0,1.01,12.0,2.4335466670410977e-06
0.0,1.01,13.0,0.0024899513418162877
0.0,1.01,14.0,-0.0002060071192502148
0.0,1.01,15.0,3.492238892928434e-05
0.0,1.01,16.0,-0.00023038879534142964
0.0,1.01,17.0,-0.0026815762759362094
0.0,1.01,18.0,0.0002774744641790283
0.0,1.01,19.0,-0.004572597596516986
0.0,1.01,20.0,0.003844772081588399
0.0,1.01,21.0,-2.6184023699561687e-05
0.0,1.51,0.0,0.0321117033998346
0.0,1.51,1.0,0.0007201449949567063
0.0,1.51,2.0,0.00412945472459203
0.0,1.51,3.0,-7.604238350111814e-10
0.0,1.51,4.0,-0.0035788734586595927
0.0,1.51,5.0,-0.005231120242425488
0.0,1.51,6.0,0.0002468530517176215
0.0,1.51,7.0,-0.004482921780230492
0.0,1.51,8.0,-1.4396283054551873e-09
0.0,1.51,9.0,-0.004868737796100198
0.0,1.51,10.0,-0.0006375952940014251
0.0,1.51,11.0,-2.520959472979145e-07
0.0,1.51,12.0,-0.00021213244994869318
0.0,1.51,13.0,0.0035042485690089387
0.0,1.51,14.0,-0.00020600737073791787
0.0,1.51,15.0,5.1804047587949986e-05
0.0,1.51,16.0,-0.0004551675073171946
0.0,1.51,17.0,-0.004129383654125185
0.0,1.51,18.0,0.0003298762524029386
0.0,1.51,19.0,-0.006590624949539103
0.0,1.51,20.0,0.004937181855243611
0.0,1.51,21.0,-2.6184023136935353e-05
0.0,2.01,0.0,0.04177805604781304
0.0,2.01,1.0,0.000764226784171762
0.0,2.01,2.0,0.005535007653614921
0.0,2.01,3.0,-7.604238350111814e-10
0.0,2.01,4.0,-0.0036196316527116745
0.0,2.01,5.0,-0.0069068387679446785
0.0,2.01,6.0,-0.00010151193272867065
0.0,2.01,7.0,-0.005871040844385111
0.0,2.01,8.0,-1.4396283054551873e-09
0.0,2.01,9.0,-0.006364208279443048
0.0,2.01,10.0,-0.0008340140900112702
0.0,2.01,11.0,-2.5209595103103943e-07
0.0,2.01,12.0,-0.0003727898257541995
0.0,2.01,13.0,0.004776175308813163
0.0,2.01,14.0,-0.0002060076048137918
0.0,2.01,15.0,7.554663313276422e-05
0.0,2.01,16.0,-0.0007780959546876687
0.0,2.01,17.0,-0.005646708172158982
0.0,2.01,18.0,0.0003079940694561967
0.0,2.01,19.0,-0.008770519148787459
0.0,2.01,20.0,0.006654802758740419
0.0,2.01,21.0,-2.6184024286037e-05
0.0,2.51,0.0,0.05137604487447689
0.0,2.51,1.0,0.0009086856474033733
0.0,2.51,2.0,0.0068332921305860606
0.0,2.51,3.0,-7.604238350111814e-10
0.0,2.51,4.0,-0.004246277988466496
0.0,2.51,5.0,-0.008509293957735448
0.0,2.51,6.0,-0.00020565951698142682
0.0,2.51,7.0,-0.00721776788637276
0.0,2.51,8.0,-1.4396282915773995e-09
0.0,2.51,9.0,-0.007805009540656896
0.0,2.51,10.0,-0.0010265138863085332
0.0,2.51,11.0,-2.5209595090613934e-07
0.0,2.51,12.0,-0.0004803714965122552
0.0,2.51,13.0,0.005909757484609229
0.0,2.51,14.0,-0.00020600834543802154
0.0,2.51,15.0,9.470455097686237e-05
0.0,2.51,16.0,-0.0009892497136576028
0.0,2.51,17.0,-0.006994343877041981
0.0,2.51,18.0,0.00034731718413114065
0.0,2.51,19.0,-0.010811678819846737
0.0,2.51,20.0,0.008207277651280542
0.0,2.51,21.0,-2.6184024249489846e-05
0.0,3.01,0.0,0.060637466291070474
0.0,3.01,1.0,0.001035905945332205
0.0,3.01,2.0,0.008110100794685299
0.0,3.01,3.0,-7.604238488889692e-10
0.0,3.01,4.0,-0.004862866373297192
0.0,3.01,5.0,-0.01007404485962507
0.0,3.01,6.0,-0.00030393689135393975
0.0,3.01,7.0,-0.008528077097663074
0.0,3.01,8.0,-1.4396282915773995e-09
0.0,3.01,9.0,-0.009203856421074637
0.0,3.01,10.0,-0.0012106627933216318
0.0,3.01,11.0,-2.52095944910935e-07
0.0,3.01,12.0,-0.0005756670696485666
0.0,3.01,13.0,0.007032723358052856
0.0,3.01,14.0,-0.0002060091575373058
0.0,3.01,15.0,0.00011379553647015983
0.0,3.01,16.0,-0.0011963541056203564
0.0,3.01,17.0,-0.00830490710575657
0.0,3.01,18.0,0.00038330360018584697
0.0,3.01,19.0,-0.012807716583459278
0.0,3.01,20.0,0.009781648959029887
0.0,3.01,21.0,-2.6184022504829874e-05
0.0,3.51,0.0,0.06977163618880977
0.0,3.51,1.0,0.0012023339635386932
0.0,3.51,2.0,0.009317819400358918
0.0,3.51,3.0,-7.604238488889692e-10
0.0,3.51,4.0,-0.005600416402723962
0.0,3.51,5.0,-0.011582543845550186
0.0,3.51,6.0,-0.00034171652766568084
0.0,3.51,7.0,-0.009799794820750496
0.0,3.51,8.0,-1.4396282915773995e-09
0.0,3.51,9.0,-0.010555368431320697
0.0,3.51,10.0,-0.0013938434646840192
0.0,3.51,11.0,-2.5209594600728025e-07
0.0,3.51,12.0,-0.0006670952694756149
0.0,3.51,13.0,0.008074999020993456
0.0,3.51,14.0,-0.00020601017403416543
0.0,3.51,15.0,0.00013076327302449786
0.0,3.51,16.0,-0.001367624398261158
0.0,3.51,17.0,-0.009546984416587079
0.0,3.51,18.0,0.00043765215533156376
0.0,3.51,19.0,-0.014715619765032883
0.0,3.51,20.0,0.01120392893727662
0.0,3.51,21.0,-2.6184022827002718e-05
0.0,4.01,0.0,0.07856788735372067
0.0,4.01,1.0,0.0013401262772925193
0.0,4.01,2.0,0.010515136680360498
0.0,4.01,3.0,-7.604238350111814e-10
0.0,4.01,4.0,-0.006280436910152509
0.0,4.01,5.0,-0.013059250908481118
0.0,4.01,6.0,-0.00039299374995949155
0.0,4.01,7.0,-0.011038033815349915
0.0,4.01,8.0,-1.4396283054551873e-09
0.0,4.01,9.0,-0.011867651564038975
0.0,4.01,10.0,-0.0015682399135918956
0.0,4.01,11.0,-2.5209594714525885e-07
0.0,4.01,12.0,-0.0007488626958127298
0.0,4.01,13.0,0.009120890644000346
0.0,4.01,14.0,-0.00020601126334390325
0.0,4.01,15.0,0.00014820065311420272
0.0,4.01,16.0,-0.0015445980134815296
0.0,4.01,17.0,-0.01076556956225172
0.0,4.01,18.0,0.0004826432911018419
0.0,4.01,19.0,-0.016590165911658183
0.0,4.01,20.0,0.0126730556343303
0.0,4.01,21.0,-2.618402316868773e-05
1.0,0.01,0.0,0.000576406493632331
1.0,0.01,1.0,1.4716132667569326e-05
1.0,0.01,2.0,6.243100540112567e-05
1.0,0.01,3.0,-5.776034928128837e-10
1.0,0.01,4.0,-0.0002847536874581724
1.0,0.01,5.0,-0.0008854893360072391
1.0,0.01,6.0,5.9704357084078286e-05
1.0,0.01,7.0,-0.003376403245388389
1.0,0.01,8.0,-8.925921252123103e-10
1.0,0.01,9.0,-0.0005361291168985705
1.0,0.01,10.0,-0.00019972324672987152
1.0,0.01,11.0,-1.9450853296076875e-07
1.0,0.01,12.0,0.00017530488537625954
1.0,0.01,13.0,9.344824250120953e-05
1.0,0.01,14.0,8.781282350966285e-05
1.0,0.01,15.0,3.3905430798092384e-06
1.0,0.01,16.0,-1.6770782181152466e-05
1.0,0.01,17.0,-0.0007573349742611146
1.0,0.01,18.0,8.05242098607939e-05
1.0,0.01,19.0,-0.00021525036584968404
1.0,0.01,20.0,0.00013555786002517056
1.0,0.01,21.0,-0.0003380939771394191
1.0,0.51,0.0,0.007403324908181075
1.0,0.51,1.0,0.00020125264039982937
1.0,0.51,2.0,0.0007527842832195375
1.0,0.51,3.0,-5.776034928128837e-10
1.0,0.51,4.0,-0.0015382806651161873
1.0,0.51,5.0,-0.0022054873943558317
1.0,0.51,6.0,7.47881271238593e-05
1.0,0.51,7.0,-0.0036284634699036474
1.0,0.51,8.0,-8.925921252123103e-10
1.0,0.51,9.0,-0.001579075187759224
1.0,0.51,10.0,-0.00044727615980671986
1.0,0.51,11.0,-1.9450853333546902e-07
1.0,0.51,12.0,0.00024138323661293537
1.0,0.51,13.0,0.0011135569812942003
1.0,0.51,14.0,0.0007838263068588106
1.0,0.51,15.0,4.067885086417311e-05
1.0,0.51,16.0,-0.0002432601120604394
1.0,0.51,17.0,-0.002427617298828455
1.0,0.51,18.0,-4.680817254781866e-05
1.0,0.51,19.0,-0.001388315184605804
1.0,0.51,20.0,0.0016743237711907
1.0,0.51,21.0,-0.0003380939792670609
1.0,1.01,0.0,0.014078159524493206
1.0,1.01,1.0,0.00038759586277953284
1.0,1.01,2.0,0.0014185905011216693
1.0,1.01,3.0,-5.776034928128837e-10
1.0,1.01,4.0,-0.0026921715946305325
1.0,1.01,5.0,-0.0034768499825212074
1.0,1.01,6.0,5.2287599675626684e-05
1.0,1.01,7.0,-0.0038346663575375885
1.0,1.01,8.0,-8.925921252123103e-10
1.0,1.01,9.0,-0.0025872423941719347
1.0,1.01,10.0,-0.0006875740317456858
1.0,1.01,11.0,-1.9450853273872415e-07
1.0,1.01,12.0,0.00028882077536446227
1.0,1.01,13.0,0.002092856927324943
1.0,1.01,14.0,0.0014602725067236755
1.0,1.01,15.0,7.65301449196093e-05
1.0,1.01,16.0,-0.00047493383741259443
1.0,1.01,17.0,-0.004046510159960742
1.0,1.01,18.0,-0.00016945798342576923
1.0,1.01,19.0,-0.0025252969784212986
1.0,1.01,20.0,0.0031247903718157888
1.0,1.01,21.0,-0.0003380939770243306
1.0,1.51,0.0,0.020709060528044776
1.0,1.51,1.0,0.0005857144957157057
1.0,1.51,2.0,0.002054679605505594
1.0,1.51,3.0,-5.776034928128837e-10
1.0,1.51,4.0,-0.003628972812121045
1.0,1.51,5.0,-0.004701707600824168
1.0,1.51,6.0,-7.649884428034825e-05
1.0,1.51,7.0,-0.004003448523116836
1.0,1.51,8.0,-8.925921252123103e-10
1.0,1.51,9.0,-0.003560720300359147
1.0,1.51,10.0,-0.0009252229681762647
1.0,1.51,11.0,-1.9450853287750203e-07
1.0,1.51,12.0,0.00029238832926964387
1.0,1.51,13.0,0.0030141721837318447
1.0,1.51,14.0,0.0021184934707043634
1.0,1.51,15.0,0.00011052731460658993
1.0,1.51,16.0,-0.0007280777433111285
1.0,1.51,17.0,-0.005624287430435526
1.0,1.51,18.0,-0.0002753514914898558
1.0,1.51,19.0,-0.003621059147683514
1.0,1.51,20.0,0.004408041037397725
1.0,1.51,21.0,-0.00033809397763541124
1.0,2.01,0.0,0.027216361472155337
1.0,2.01,1.0,0.0007850933929591797
1.0,2.01,2.0,0.002667671821991069
1.0,2.01,3.0,-5.776034928128837e-10
1.0,2.01,4.0,-0.004443844875975045
1.0,2.01,5.0,-0.005884991651405699
1.0,2.01,6.0,-0.0002589182488981767
1.0,2.01,7.0,-0.0041417595055704935
1.0,2.01,8.0,-8.925921252123103e-10
1.0,2.01,9.0,-0.004502273983618774
1.0,2.01,10.0,-0.0011573363763512368
1.0,2.01,11.0,-1.9450853314118e-07
1.0,2.01,12.0,0.00027165883823682124
1.0,2.01,13.0,0.003895805844787825
1.0,2.01,14.0,0.0027598138868820815
1.0,2.01,15.0,0.00014315797249050966
1.0,2.01,16.0,-0.0009918422615969313
1.0,2.01,17.0,-0.0071607887115918145
1.0,2.01,18.0,-0.0003752512022501264
1.0,2.01,19.0,-0.004687562217345009
1.0,2.01,20.0,0.005592126967798983
1.0,2.01,21.0,-0.00033809397867021196
1.0,2.51,0.0,0.03305980383851026
1.0,2.51,1.0,0.0009191845370195573
1.0,2.51,2.0,0.0033048728282260575
1.0,2.51,3.0,-5.776034928128837e-10
1.0,2.51,4.0,-0.005961277053549707
1.0,2.51,5.0,-0.0070527917084880765
1.0,2.51,6.0,-2.4421443396427378e-05
1.0,2.51,7.0,-0.00425542339611196
1.0,2.51,8.0,-8.925921252123103e-10
1.0,2.51,9.0,-0.005421296715053373
1.0,2.51,10.0,-0.0013651173146451145
1.0,2.51,11.0,-1.9450853316893557e-07
1.0,2.51,12.0,0.00041667017945934415
1.0,2.51,13.0,0.004862698350488304
1.0,2.51,14.0,0.0033754614221171014
1.0,2.51,15.0,0.00017819249129090442
1.0,2.51,16.0,-0.0011276487481168274
1.0,2.51,17.0,-0.00861086392800936
1.0,2.51,18.0,-0.0005121132581062116
1.0,2.51,19.0,-0.005729095114762994
1.0,2.51,20.0,0.007206691103336493
1.0,2.51,21.0,-0.0003380939786165743
1.0,3.01,0.0,0.03963767238283222
1.0,3.01,1.0,0.0011597673876391768
1.0,3.01,2.0,0.0038505682850129286
1.0,3.01,3.0,-5.776034928128837e-10
1.0,3.01,4.0,-0.006107223245161664
1.0,3.01,5.0,-0.008149805674037267
1.0,3.01,6.0,-0.0005464386874255989
1.0,3.01,7.0,-0.004348673590711134
1.0,3.01,8.0,-8.925921252123103e-10
1.0,3.01,9.0,-0.006297758280696342
1.0,3.01,10.0,-0.0015983868618992814
1.0,3.01,11.0,-1.9450853316893557e-07
1.0,3.01,12.0,0.00025517758117760136
1.0,3.01,13.0,0.005604498451604156
1.0,3.01,14.0,0.0039894315342135014
1.0,3.01,15.0,0.00020625786671359114
1.0,3.01,16.0,-0.0014775849089686544
1.0,3.01,17.0,-0.010095209525832982
1.0,3.01,18.0,-0.0005723446965309742
1.0,3.01,19.0,-0.006731141573535493
1.0,3.01,20.0,0.007936559518538666
1.0,3.01,21.0,-0.0003380939787075467
1.0,3.51,0.0,0.0455656474691144
1.0,3.51,1.0,0.0013350979716807432
1.0,3.51,2.0,0.004422319565248356
1.0,3.51,3.0,-5.776034928128837e-10
1.0,3.51,4.0,-0.006963470888783352
1.0,3.51,5.0,-0.009236030974993814
1.0,3.51,6.0,-0.0006490349951376873
1.0,3.51,7.0,-0.004425629144075079
1.0,3.51,8.0,-8.925921252123103e-10
1.0,3.51,9.0,-0.0071534028634744375
1.0,3.51,10.0,-0.001808236823109488
1.0,3.51,11.0,-1.9450853351588027e-07
1.0,3.51,12.0,0.00026095989270352726
1.0,3.51,13.0,0.006434464853270261
1.0,3.51,14.0,0.004579016357448014
1.0,3.51,15.0,0.00023685350022033258
1.0,3.51,16.0,-0.0016992159804229412
1.0,3.51,17.0,-0.011498106123393331
1.0,3.51,18.0,-0.0006697022414640375
1.0,3.51,19.0,-0.00771086123355641
1.0,3.51,20.0,0.009102474305648312
1.0,3.51,21.0,-0.00033809398009594996
1.0,4.01,0.0,0.05135801283501096
1.0,4.01,1.0,0.001507842717704433
1.0,4.01,2.0,0.004977990194856424
1.0,4.01,3.0,-5.776034928128837e-10
1.0,4.01,4.0,-0.007771267322380537
1.0,4.01,5.0,-0.010291522602078718
1.0,4.01,6.0,-0.0007628756082780352
1.0,4.01,7.0,-0.004489182118543229
1.0,4.01,8.0,-8.925921252123103e-10
1.0,4.01,9.0,-0.00798144181420236
1.0,4.01,10.0,-0.0020127955607250614
1.0,4.01,11.0,-1.9450853346036912e-07
1.0,4.01,12.0,0.00026049994980048563
1.0,4.01,13.0,0.007239453952843228
1.0,4.01,14.0,0.005153701962607261
1.0,4.01,15.0,0.00026654464386348387
1.0,4.01,16.0,-0.0019184451023828708
1.0,4.01,17.0,-0.012864563065124901
1.0,4.01,18.0,-0.0007632858771672024
1.0,4.01,19.0,-0.008663995564782312
1.0,4.01,20.0,0.010222697961057958
1.0,4.01,21.0,-0.0003380939798902187
2.0,0.01,0.0,0.0009131148244695408
2.0,0.01,1.0,9.652877925925285e-06
2.0,0.01,2.0,1.8747040434863305e-05
2.0,0.01,3.0,-8.759817315961982e-10
2.0,0.01,4.0,-0.0003866733861748184
2.0,0.01,5.0,-0.0008728557246579227
2.0,0.01,6.0,-0.0007459782749419386
2.0,0.01,7.0,-0.0030070021530967544
2.0,0.01,8.0,-1.6281688497432611e-09
2.0,0.01,9.0,-0.0031130032736302066
2.0,0.01,10.0,-0.00024635727385366457
2.0,0.01,11.0,-2.0068638546810735e-07
2.0,0.01,12.0,-0.0005625237908132852
2.0,0.01,13.0,-2.3516739931228603e-05
2.0,0.01,14.0,-6.520456031219525e-05
2.0,0.01,15.0,2.0607725396276644e-06
2.0,0.01,16.0,-0.0004592318403758844
2.0,0.01,17.0,-0.0011823554960865568
2.0,0.01,18.0,0.0001388521880981708
2.0,0.01,19.0,-0.001032216337573777
2.0,0.01,20.0,-0.0005309456468808316
2.0,0.01,21.0,-0.00013987071548261787
2.0,0.51,0.0,0.006555115350099561
2.0,0.51,1.0,0.00011431884721807561
2.0,0.51,2.0,0.0008730413901437972
2.0,0.51,3.0,-8.759817315961982e-10
2.0,0.51,4.0,-0.0013414798095420788
2.0,0.51,5.0,-0.0020107884978093904
2.0,0.51,6.0,-0.0006937297002541087
2.0,0.51,7.0,-0.0030913006233100775
2.0,0.51,8.0,-1.6281688497432611e-09
2.0,0.51,9.0,-0.003327006982039647
2.0,0.51,10.0,-0.0004114715733931351
2.0,0.51,11.0,-2.0068638914572112e-07
2.0,0.51,12.0,-0.0004736625761979085
2.0,0.51,13.0,0.0010759652020498334
2.0,0.51,14.0,-6.52015233432319e-05
2.0,0.51,15.0,1.562286935863355e-05
2.0,0.51,16.0,-0.0002395970563084937
2.0,0.51,17.0,-0.002386146484969459
2.0,0.51,18.0,0.00023470231909333839
2.0,0.51,19.0,-0.0019473696836966314
2.0,0.51,20.0,0.00046790043339156595
2.0,0.51,21.0,-0.00013987072328313505
2.0,1.01,0.0,0.012107793284134472
2.0,1.01,1.0,0.00019476761013426103
2.0,1.01,2.0,0.001697768440572761
2.0,1.01,3.0,-8.759817315961982e-10
2.0,1.01,4.0,-0.002043042807407025
2.0,1.01,5.0,-0.0031081797758971547
2.0,1.01,6.0,-0.0008234446672407136
2.0,1.01,7.0,-0.0031641547612511465
2.0,1.01,8.0,-1.6281688497432611e-09
2.0,1.01,9.0,-0.003512529544786723
2.0,1.01,10.0,-0.0005901610155120973
2.0,1.01,11.0,-2.006863887016319e-07
2.0,1.01,12.0,-0.0005387988286081891
2.0,1.01,13.0,0.002147384587371126
2.0,1.01,14.0,-6.519849276481022e-05
2.0,1.01,15.0,2.9908533451528108e-05
2.0,1.01,16.0,-3.198484658323286e-05
2.0,1.01,17.0,-0.0035778557859386106
2.0,1.01,18.0,0.0003818477048540547
2.0,1.01,19.0,-0.002816503558911887
2.0,1.01,20.0,0.001298820567274317
2.0,1.01,21.0,-0.00013987072252050897
2.0,1.51,0.0,0.01756894397050557
2.0,1.51,1.0,0.0002970133597439695
2.0,1.51,2.0,0.0024687842446557418
2.0,1.51,3.0,-8.759817315961982e-10
2.0,1.51,4.0,-0.0027387446528903125
2.0,1.51,5.0,-0.004161796926566277
2.0,1.51,6.0,-0.0008538656422399371
2.0,1.51,7.0,-0.0032272367632791604
2.0,1.51,8.0,-1.6281688497432611e-09
2.0,1.51,9.0,-0.003673492458742204
2.0,1.51,10.0,-0.0007740655259183549
2.0,1.51,11.0,-2.006863882575427e-07
2.0,1.51,12.0,-0.0006466276151132488
2.0,1.51,13.0,0.003119936662428713
2.0,1.51,14.0,-6.519549433419606e-05
2.0,1.51,15.0,4.254214299120873e-05
2.0,1.51,16.0,0.00019658340268674523
2.0,1.51,17.0,-0.004721824747358272
2.0,1.51,18.0,0.0005262318956284762
2.0,1.51,19.0,-0.003662769578510139
2.0,1.51,20.0,0.002041088769275501
2.0,1.51,21.0,-0.00013987072173140408
2.0,2.01,0.0,0.02286939224333495
2.0,2.01,1.0,0.00040251696452969776
2.0,2.01,2.0,0.0032092313652877513
2.0,2.01,3.0,-8.759817315961982e-10
2.0,2.01,4.0,-0.0034219316009982403
2.0,2.01,5.0,-0.005178469023270481
2.0,2.01,6.0,-0.0008507429946478795
2.0,2.01,7.0,-0.003282023391400036
2.0,2.01,8.0,-1.6281688358654733e-09
2.0,2.01,9.0,-0.003813398958134224
2.0,2.01,10.0,-0.0009538680219166595
2.0,2.01,11.0,-2.0068638831305385e-07
2.0,2.01,12.0,-0.0007560387265583834
2.0,2.01,13.0,0.004047095178161542
2.0,2.01,14.0,-6.519251798736215e-05
2.0,2.01,15.0,5.4476081792376174e-05
2.0,2.01,16.0,0.0004274650055149376
2.0,2.01,17.0,-0.005824420810052244
2.0,2.01,18.0,0.0006651719872647899
2.0,2.01,19.0,-0.004480689479124611
2.0,2.01,20.0,0.00275104439804863
2.0,2.01,21.0,-0.0001398707218453754
2.0,2.51,0.0,0.028009581886535462
2.0,2.51,1.0,0.0005096396124221192
2.0,2.51,2.0,0.003922283063391263
2.0,2.51,3.0,-8.759817315961982e-10
2.0,2.51,4.0,-0.004093963381339272
2.0,2.51,5.0,-0.006160757295338382
2.0,2.51,6.0,-0.0008195524353362682
2.0,2.51,7.0,-0.003329753540511335
2.0,2.51,8.0,-1.6281688358654733e-09
2.0,2.51,9.0,-0.003935233906544284
2.0,2.51,10.0,-0.0011291514780345235
2.0,2.51,11.0,-2.0068638852122067e-07
2.0,2.51,12.0,-0.0008640346390769715
2.0,2.51,13.0,0.004935116968588671
2.0,2.51,14.0,-6.518956517994332e-05
2.0,2.51,15.0,6.580152552186636e-05
2.0,2.51,16.0,0.0006594789258165257
2.0,2.51,17.0,-0.006888374387296919
2.0,2.51,18.0,0.0007984451941889792
2.0,2.51,19.0,-0.005272564738184993
2.0,2.51,20.0,0.003434685463033438
2.0,2.51,21.0,-0.0001398707221807044
2.0,3.01,0.0,0.03299226751065898
2.0,3.01,1.0,0.000616942659705022
2.0,3.01,2.0,0.004610548267731024
2.0,3.01,3.0,-8.759817315961982e-10
2.0,3.01,4.0,-0.004754531371746695
2.0,3.01,5.0,-0.007110842648208347
2.0,3.01,6.0,-0.0007665976867510249
2.0,3.01,7.0,-0.003371457588475773
2.0,3.01,8.0,-1.6281688497432611e-09
2.0,3.01,9.0,-0.004041530792283881
2.0,3.01,10.0,-0.0012997102646440384
2.0,3.01,11.0,-2.0068638861836519e-07
2.0,3.01,12.0,-0.0009690891315126127
2.0,3.01,13.0,0.0057890178431166395
2.0,3.01,14.0,-6.518663587012223e-05
2.0,3.01,15.0,7.660569104435411e-05
2.0,3.01,16.0,0.0008914031563658775
2.0,3.01,17.0,-0.007916219455169154
2.0,3.01,18.0,0.0009263379225173118
2.0,3.01,19.0,-0.006039944903593941
2.0,3.01,20.0,0.004095948299313645
2.0,3.01,21.0,-0.000139870722303731
2.0,3.51,0.0,0.03782208031943202
2.0,3.51,1.0,0.0007232660196063723
2.0,3.51,2.0,0.0052761078420406615
2.0,3.51,3.0,-8.759817315961982e-10
2.0,3.51,4.0,-0.0054021650273379795
2.0,3.51,5.0,-0.00803059950149982
2.0,3.51,6.0,-0.0006982347909746389
2.0,3.51,7.0,-0.0034079997815746185
2.0,3.51,8.0,-1.6281688497432611e-09
2.0,3.51,9.0,-0.004134450561243158
2.0,3.51,10.0,-0.0014655354027543754
2.0,3.51,11.0,-2.0068638852122067e-07
2.0,3.51,12.0,-0.0010709186249835412
2.0,3.51,13.0,0.0066126720787269
2.0,3.51,14.0,-6.51837295967267e-05
2.0,3.51,15.0,8.696513855878385e-05
2.0,3.51,16.0,0.001122104961034598
2.0,3.51,17.0,-0.008910303316510382
2.0,3.51,18.0,0.001049477601524157
2.0,3.51,19.0,-0.006783932261613168
2.0,3.51,20.0,0.004737029420722294
2.0,3.51,21.0,-0.00013987072204520168
2.0,4.01,0.0,0.04250481187002286
2.0,4.01,1.0,0.0008277088313816683
2.0,4.01,2.0,0.005920628097781544
2.0,4.01,3.0,-8.759817315961982e-10
2.0,4.01,4.0,-0.00603475409833254
2.0,4.01,5.0,-0.00892166765359001
2.0,4.01,6.0,-0.000620423085997357
2.0,4.01,7.0,-0.0034401077243475862
2.0,4.01,8.0,-1.6281688358654733e-09
2.0,4.01,9.0,-0.004215838216006975
2.0,4.01,10.0,-0.0016267525658089088
2.0,4.01,11.0,-2.0068638821590934e-07
2.0,4.01,12.0,-0.0011700525595086941
2.0,4.01,13.0,0.007409074200087629
2.0,4.01,14.0,-6.518084583652648e-05
2.0,4.01,15.0,9.694473652444024e-05
2.0,4.01,16.0,0.0013505697238708758
2.0,4.01,17.0,-0.009872784308786159
2.0,4.01,18.0,0.0011686620117596913
2.0,4.01,19.0,-0.007505362685959027
2.0,4.01,20.0,0.005358915978189105
2.0,4.01,21.0,-0.00013987072138121198
3.0,0.01,0.0,-0.0017923739479162593
3.0,0.01,1.0,-0.0003176256171195657
3.0,0.01,2.0,0.0004194539451561341
3.0,0.01,3.0,-7.641871718755411e-10
3.0,0.01,4.0,2.8305107763360038e-05
3.0,0.01,5.0,-6.385172724696075e-05
3.0,0.01,6.0,-0.00046596228696438313
3.0,0.01,7.0,-0.00010064078218251227
3.0,0.01,8.0,-1.1877755584643879e-09
3.0,0.01,9.0,-0.0021034383141334545
3.0,0.01,10.0,8.083306990785966e-05
3.0,0.01,11.0,-2.3058253119379035e-07
3.0,0.01,12.0,-9.351195834117476e-06
3.0,0.01,13.0,0.00042044370703950285
3.0,0.01,14.0,-8.738468622596779e-05
3.0,0.01,15.0,-5.1997013657684166e-06
3.0,0.01,16.0,-0.0004608904167935357
3.0,0.01,17.0,-0.00028857031711315706
3.0,0.01,18.0,-0.00021311242918420348
3.0,0.01,19.0,-0.00045616570421580516
3.0,0.01,20.0,7.873685819420606e-05
3.0,0.01,21.0,-0.00019573714543367343
3.0,0.51,0.0,0.009832765030952262
3.0,0.51,1.0,6.310956704724813e-06
3.0,0.51,2.0,0.0024370286054123114
3.0,0.51,3.0,-7.641871579977533e-10
3.0,0.51,4.0,-0.0009648413618609797
3.0,0.51,5.0,-0.0023121071939748994
3.0,0.51,6.0,-0.00044903328287870803
3.0,0.51,7.0,-0.001221625307952022
3.0,0.51,8.0,-1.1877755584643879e-09
3.0,0.51,9.0,-0.0032725731159979595
3.0,0.51,10.0,-0.00029104198380894286
3.0,0.51,11.0,-2.305825323872801e-07
3.0,0.51,12.0,-0.0005113122386010138
3.0,0.51,13.0,0.001928658429284108
3.0,0.51,14.0,0.0006101811293430584
3.0,0.51,15.0,1.5293982387934446e-05
3.0,0.51,16.0,-0.001360848033457679
3.0,0.51,17.0,-0.0033771403773497632
3.0,0.51,18.0,-0.00042724173369929064
3.0,0.51,19.0,-0.0011932502133994438
3.0,0.51,20.0,0.0009750428311124937
3.0,0.51,21.0,-0.00019573714855043028
3.0,1.01,0.0,0.020850141901415487
3.0,1.01,1.0,0.0003141511119327811
3.0,1.01,2.0,0.004456075758033584
3.0,1.01,3.0,-7.641871579977533e-10
3.0,1.01,4.0,-0.0020603527207824768
3.0,1.01,5.0,-0.004519514886841797
3.0,1.01,6.0,-0.00038541815218329223
3.0,1.01,7.0,-0.002312039382035492
3.0,1.01,8.0,-1.1877755445866e-09
3.0,1.01,9.0,-0.004314589413461766
3.0,1.01,10.0,-0.000629724285065969
3.0,1.01,11.0,-2.305825324983024e-07
3.0,1.01,12.0,-0.0008867076051348732
3.0,1.01,13.0,0.003455532987567983
3.0,1.01,14.0,0.0012860923894771892
3.0,1.01,15.0,3.5198432586938666e-05
3.0,1.01,16.0,-0.0022485818961344717
3.0,1.01,17.0,-0.006372432502824377
3.0,1.01,18.0,-0.0005989062835116687
3.0,1.01,19.0,-0.0018951159427560427
3.0,1.01,20.0,0.0018992513735665573
3.0,1.01,21.0,-0.00019573714880930654
3.0,1.51,0.0,0.03158706792924887
3.0,1.51,1.0,0.0005950953931200265
3.0,1.51,2.0,0.006425380829045646
3.0,1.51,3.0,-7.641871718755411e-10
3.0,1.51,4.0,-0.0029989862154108926
3.0,1.51,5.0,-0.006663256133990908
3.0,1.51,6.0,-0.000342803905895972
3.0,1.51,7.0,-0.00336967950748401
3.0,1.51,8.0,-1.1877755584643879e-09
3.0,1.51,9.0,-0.00523354026841777
3.0,1.51,10.0,-0.0009691369123097371
3.0,1.51,11.0,-2.3058253321994737e-07
3.0,1.51,12.0,-0.0012994805936833442
3.0,1.51,13.0,0.004942439874155491
3.0,1.51,14.0,0.001943257068469012
3.0,1.51,15.0,5.490586944294912e-05
3.0,1.51,16.0,-0.0031096829605835874
3.0,1.51,17.0,-0.009305055566581982
3.0,1.51,18.0,-0.0007746171337169594
3.0,1.51,19.0,-0.0025610121267982677
3.0,1.51,20.0,0.002784840169787667
3.0,1.51,21.0,-0.0001957371504731839
3.0,2.01,0.0,0.042144485470216264
3.0,2.01,1.0,0.0008827907368821886
3.0,2.01,2.0,0.008298898033611252
3.0,2.01,3.0,-7.641871718755411e-10
3.0,2.01,4.0,-0.0038641279327703004
3.0,2.01,5.0,-0.008736924545613034
3.0,2.01,6.0,-0.0002951021166582857
3.0,2.01,7.0,-0.0043939085121811085
3.0,2.01,8.0,-1.1877755584643879e-09
3.0,2.01,9.0,-0.006036622670043785
3.0,2.01,10.0,-0.0013087359522798991
3.0,2.01,11.0,-2.3058253292851383e-07
3.0,2.01,12.0,-0.0017361865821983735
3.0,2.01,13.0,0.00634793828366334
3.0,2.01,14.0,0.002580547497248606
3.0,2.01,15.0,7.385314900872769e-05
3.0,2.01,16.0,-0.003923236910611916
3.0,2.01,17.0,-0.012145638019935318
3.0,2.01,18.0,-0.0009452165903317544
3.0,2.01,19.0,-0.003190451568772623
3.0,2.01,20.0,0.0036247214919020443
3.0,2.01,21.0,-0.00019573714974980422
3.0,2.51,0.0,0.05255700796364854
3.0,2.51,1.0,0.0011905396840077298
3.0,2.51,2.0,0.010063271909220628
3.0,2.51,3.0,-7.641871718755411e-10
3.0,2.51,4.0,-0.004677634010617604
3.0,2.51,5.0,-0.010739972870871889
3.0,2.51,6.0,-0.00023605756652711474
3.0,2.51,7.0,-0.0053855401901619394
3.0,2.51,8.0,-1.1877755584643879e-09
3.0,2.51,9.0,-0.0067330230850363194
3.0,2.51,10.0,-0.0016495591688318045
3.0,2.51,11.0,-2.3058253255381356e-07
3.0,2.51,12.0,-0.0022005755405029026
3.0,2.51,13.0,0.007659191599953874
3.0,2.51,14.0,0.0031981528470717765
3.0,2.51,15.0,9.182032679188462e-05
3.0,2.51,16.0,-0.004683127185760444
3.0,2.51,17.0,-0.014888743029294882
3.0,2.51,18.0,-0.0011087357466314507
3.0,2.51,19.0,-0.003785032659534948
3.0,2.51,20.0,0.004416063368452738
3.0,2.51,21.0,-0.0001957371488605017
3.0,3.01,0.0,0.06195603913283104
3.0,3.01,1.0,0.0014234109083175461
3.0,3.01,2.0,0.011978561978504304
3.0,3.01,3.0,-7.641871718755411e-10
3.0,3.01,4.0,-0.005729713881725607
3.0,3.01,5.0,-0.012747622223780647
3.0,3.01,6.0,-0.00011705872027933939
3.0,3.01,7.0,-0.0063549811662584645
3.0,3.01,8.0,-1.1877755584643879e-09
3.0,3.01,9.0,-0.007334778407581707
3.0,3.01,10.0,-0.0019245691235971751
3.0,3.01,11.0,-2.305825299864228e-07
3.0,3.01,12.0,-0.002388494535097818
3.0,3.01,13.0,0.00913971961854848
3.0,3.01,14.0,0.0037984072737011765
3.0,3.01,15.0,0.00011005878813596937
3.0,3.01,16.0,-0.00549822769987629
3.0,3.01,17.0,-0.017593564685017243
3.0,3.01,18.0,-0.0012084608956636766
3.0,3.01,19.0,-0.004360244399736035
3.0,3.01,20.0,0.005327728479067234
3.0,3.01,21.0,-0.00019573714323257996
3.0,3.51,0.0,0.07109359368058293
3.0,3.51,1.0,0.0016345637309106431
3.0,3.51,2.0,0.013860734258972635
3.0,3.51,3.0,-7.641871579977533e-10
3.0,3.51,4.0,-0.00670276125750785
3.0,3.51,5.0,-0.014699748326710393
3.0,3.51,6.0,-6.241451622979177e-06
3.0,3.51,7.0,-0.007294481463548684
3.0,3.51,8.0,-1.1877755584643879e-09
3.0,3.51,9.0,-0.007849819385896989
3.0,3.51,10.0,-0.0021941419308788013
3.0,3.51,11.0,-2.3058253047214539e-07
3.0,3.51,12.0,-0.002581003739903276
3.0,3.51,13.0,0.01059516139760544
3.0,3.51,14.0,0.004382229187530957
3.0,3.51,15.0,0.00012811774460159964
3.0,3.51,16.0,-0.00629051842132175
3.0,3.51,17.0,-0.020232879258224368
3.0,3.51,18.0,-0.0013064511987282978
3.0,3.51,19.0,-0.004908008055366425
3.0,3.51,20.0,0.006215480269311652
3.0,3.51,21.0,-0.0001957371444158626
3.0,4.01,0.0,0.08034157994745911
3.0,4.01,1.0,0.0018788446950113724
3.0,4.01,2.0,0.015584774147402836
3.0,4.01,3.0,-7.641871579977533e-10
3.0,4.01,4.0,-0.007508127660612263
3.0,4.01,5.0,-0.0165700760922593
3.0,4.01,6.0,8.698768422221725e-05
3.0,4.01,7.0,-0.008201309347948191
3.0,4.01,8.0,-1.1877755584643879e-09
3.0,4.01,9.0,-0.00828784920286063
3.0,4.01,10.0,-0.002485688475571568
3.0,4.01,11.0,-2.3058253174890186e-07
3.0,4.01,12.0,-0.0028933778517656328
3.0,4.01,13.0,0.011903429011625055
3.0,4.01,14.0,0.004948931537885434
3.0,4.01,15.0,0.00014520164690221687
3.0,4.01,16.0,-0.007012760393725198
3.0,4.01,17.0,-0.022778225174575423
3.0,4.01,18.0,-0.001421159149691209
3.0,4.01,19.0,-0.005424743704686402
3.0,4.01,20.0,0.0070109845280934835
3.0,4.01,21.0,-0.00019573714722618402
4.0,0.01,0.0,0.0004143098651276933
4.0,0.01,1.0,6.369484250479118e-06
4.0,0.01,2.0,-8.491967529833389e-05
4.0,0.01,3.0,-1.3156709055550664e-09
4.0,0.01,4.0,-0.00021833295204398695
4.0,0.01,5.0,7.1193376204176095e-06
4.0,0.01,6.0,0.00016645348291666195
4.0,0.01,7.0,-3.358643857294316e-05
4.0,0.01,8.0,-1.5306309136819962e-09
4.0,0.01,9.0,-0.00012310415520914997
4.0,0.01,10.0,-6.083843907739306e-06
4.0,0.01,11.0,-2.0467709456462035e-07
4.0,0.01,12.0,6.348517577559054e-05
4.0,0.01,13.0,-6.307434750640883e-05
4.0,0.01,14.0,-0.0008011795105173471
4.0,0.01,15.0,-1.0770331775815378e-05
4.0,0.01,16.0,2.943211971773163e-05
4.0,0.01,17.0,8.566595807021904e-05
4.0,0.01,18.0,0.00020697775583633504
4.0,0.01,19.0,9.359666727803972e-05
4.0,0.01,20.0,-0.00011821598127625954
4.0,0.01,21.0,-8.019549441834473e-05
4.0,0.51,0.0,0.005909118943295044
4.0,0.51,1.0,2.27566249833e-05
4.0,0.51,2.0,0.0009143064984871718
4.0,0.51,3.0,-1.3156709055550664e-09
4.0,0.51,4.0,-0.0006768121400796412
4.0,0.51,5.0,-0.0009433520014644897
4.0,0.51,6.0,9.263766772454884e-05
4.0,0.51,7.0,-3.3589749977094404e-05
4.0,0.51,8.0,-1.5306308998042084e-09
4.0,0.51,9.0,-0.0009384771675752107
4.0,0.51,10.0,-6.31059108700538e-05
4.0,0.51,11.0,-2.0467709613281038e-07
4.0,0.51,12.0,8.696964442755917e-05
4.0,0.51,13.0,0.0004919650927935337
4.0,0.51,14.0,-0.0008010173700923034
4.0,0.51,15.0,-9.907892944256702e-06
4.0,0.51,16.0,0.0002792189219425756
4.0,0.51,17.0,-0.0007669016966374842
4.0,0.51,18.0,0.000167871810203446
4.0,0.51,19.0,-0.0010975895236857158
4.0,0.51,20.0,0.0007968693849970676
4.0,0.51,21.0,-8.019549664646519e-05
4.0,1.01,0.0,0.011546511651838287
4.0,1.01,1.0,4.060379515047341e-05
4.0,1.01,2.0,0.0018502502789042863
4.0,1.01,3.0,-1.3156708777994908e-09
4.0,1.01,4.0,-0.0010931016979687236
4.0,1.01,5.0,-0.001862702261107116
4.0,1.01,6.0,-2.4086755096519585e-05
4.0,1.01,7.0,-3.359248709720813e-05
4.0,1.01,8.0,-1.5306309136819962e-09
4.0,1.01,9.0,-0.0017290111904846792
4.0,1.01,10.0,-0.0001247202227882549
4.0,1.01,11.0,-2.0467709477278717e-07
4.0,1.01,12.0,7.156139375885662e-05
4.0,1.01,13.0,0.0010049430508529689
4.0,1.01,14.0,-0.0008008567788167336
4.0,1.01,15.0,-9.07802696303861e-06
4.0,1.01,16.0,0.00048690188514302624
4.0,1.01,17.0,-0.0015888175485404554
4.0,1.01,18.0,0.00016016325166040568
4.0,1.01,19.0,-0.0022023383854175016
4.0,1.01,20.0,0.0015564771318886117
4.0,1.01,21.0,-8.019549488122446e-05
4.0,1.51,0.0,0.016965364083101564
4.0,1.51,1.0,5.661907048681858e-05
4.0,1.51,2.0,0.002782021312508126
4.0,1.51,3.0,-1.3156709055550664e-09
4.0,1.51,4.0,-0.001467032043302674
4.0,1.51,5.0,-0.00276423922949727
4.0,1.51,6.0,-0.00015168556724071136
4.0,1.51,7.0,-3.3594772304324e-05
4.0,1.51,8.0,-1.5306309136819962e-09
4.0,1.51,9.0,-0.002502138697559955
4.0,1.51,10.0,-0.00018370078524804212
4.0,1.51,11.0,-2.0467709464788708e-07
4.0,1.51,12.0,6.159738636674073e-05
4.0,1.51,13.0,0.00151919594953967
4.0,1.51,14.0,-0.0008006985470989266
4.0,1.51,15.0,-8.254673356009046e-06
4.0,1.51,16.0,0.000692263971992374
4.0,1.51,17.0,-0.0024043411606438636
4.0,1.51,18.0,0.00013645986459542847
4.0,1.51,19.0,-0.0033220005624041704
4.0,1.51,20.0,0.00234321234427487
4.0,1.51,21.0,-8.019549466607712e-05
4.0,2.01,0.0,0.022231590786019773
4.0,2.01,1.0,7.156501434185669e-05
4.0,2.01,2.0,0.0037000517674526667
4.0,2.01,3.0,-1.3156708777994908e-09
4.0,2.01,4.0,-0.0018140573085685396
4.0,2.01,5.0,-0.0036463217395269615
4.0,2.01,6.0,-0.00028438200143721115
4.0,2.01,7.0,-3.359668529802546e-05
4.0,2.01,8.0,-1.5306309136819962e-09
4.0,2.01,9.0,-0.0032569459649500615
4.0,2.01,10.0,-0.00024070947217802452
4.0,2.01,11.0,-2.0467709502258735e-07
4.0,2.01,12.0,5.4512654863836385e-05
4.0,2.01,13.0,0.0020272707063204443
4.0,2.01,14.0,-0.0008005432189857756
4.0,2.01,15.0,-7.443350339794708e-06
4.0,2.01,16.0,0.0008927851285500665
4.0,2.01,17.0,-0.0032065394635452937
4.0,2.01,18.0,0.00010461423640584222
4.0,2.01,19.0,-0.00443441475103179
4.0,2.01,20.0,0.0031317348926050426
4.0,2.01,21.0,-8.019549512932461e-05
4.0,2.51,0.0,0.027962250920648746
4.0,2.51,1.0,9.681354866958314e-05
4.0,2.51,2.0,0.004480511751457028
4.0,2.51,3.0,-1.3156708777994908e-09
4.0,2.51,4.0,-0.0024582284367681284
4.0,2.51,5.0,-0.004487663718084012
4.0,2.51,6.0,-0.0002555921167269881
4.0,2.51,7.0,-3.359828394875804e-05
4.0,2.51,8.0,-1.5306308998042084e-09
4.0,2.51,9.0,-0.003981622221588887
4.0,2.51,10.0,-0.00030166780443746655
4.0,2.51,11.0,-2.046770952029986e-07
4.0,2.51,12.0,4.1017365893070146e-05
4.0,2.51,13.0,0.0024346268259488046
4.0,2.51,14.0,-0.0008003948829495146
4.0,2.51,15.0,-6.742469686731034e-06
4.0,2.51,16.0,0.0010989350422552224
4.0,2.51,17.0,-0.0038910815553005185
4.0,2.51,18.0,0.00018417324735947593
4.0,2.51,19.0,-0.0052251341108375815
4.0,2.51,20.0,0.0036291785305160307
4.0,2.51,21.0,-8.019549537535697e-05
4.0,3.01,0.0,0.03319702598758589
4.0,3.01,1.0,0.00011452664200678475
4.0,3.01,2.0,0.00531896191945358
4.0,3.01,3.0,-1.315670933310642e-09
4.0,3.01,4.0,-0.0028784203267802067
4.0,3.01,5.0,-0.005323999078834324
4.0,3.01,6.0,-0.0003386354800441471
4.0,3.01,7.0,-3.3599633864408594e-05
4.0,3.01,8.0,-1.5306309136819962e-09
4.0,3.01,9.0,-0.004696839916819167
4.0,3.01,10.0,-0.0003584746674835937
4.0,3.01,11.0,-2.0467709527238753e-07
4.0,3.01,12.0,2.792409585816724e-05
4.0,3.01,13.0,0.002890582418981019
4.0,3.01,14.0,-0.0008002465718781568
4.0,3.01,15.0,-5.996255235958536e-06
4.0,3.01,16.0,0.0012906230727680879
4.0,3.01,17.0,-0.004627199045344754
4.0,3.01,18.0,0.0001912451119272518
4.0,3.01,19.0,-0.0061925194694257835
4.0,3.01,20.0,0.004287057804352734
4.0,3.01,21.0,-8.01954954443157e-05
4.0,3.51,0.0,0.03834080208486068
4.0,3.51,1.0,0.0001322153466237208
4.0,3.51,2.0,0.00613511446248205
4.0,3.51,3.0,-1.3156709055550664e-09
4.0,3.51,4.0,-0.0032963368467449072
4.0,3.51,5.0,-0.006141185972624794
4.0,3.51,6.0,-0.0004157198140856688
4.0,3.51,7.0,-3.360077472258093e-05
4.0,3.51,8.0,-1.5306309136819962e-09
4.0,3.51,9.0,-0.005394212455140379
4.0,3.51,10.0,-0.0004142999270658754
4.0,3.51,11.0,-2.0467709514748744e-07
4.0,3.51,12.0,1.4450267397547734e-05
4.0,3.51,13.0,0.003333404599258849
4.0,3.51,14.0,-0.0008001010495913516
4.0,3.51,15.0,-5.269008075445281e-06
4.0,3.51,16.0,0.0014778026893052243
4.0,3.51,17.0,-0.005343873360973389
4.0,3.51,18.0,0.00020201734672758986
4.0,3.51,19.0,-0.007128036157122097
4.0,3.51,20.0,0.004920653146189891
4.0,3.51,21.0,-8.019549527953085e-05
4.0,4.01,0.0,0.043429847605533145
4.0,4.01,1.0,0.00015036113672312057
4.0,4.01,2.0,0.006922227173963846
4.0,4.01,3.0,-1.3156709055550664e-09
4.0,4.01,4.0,-0.0037190004406074673
4.0,4.01,5.0,-0.006939096179593943
4.0,4.01,6.0,-0.00048721962431869104
4.0,4.01,7.0,-3.360174297556049e-05
4.0,4.01,8.0,-1.5306308998042084e-09
4.0,4.01,9.0,-0.006074731537000003
4.0,4.01,10.0,-0.00047006355903461694
4.0,4.01,11.0,-2.046770949670762e-07
4.0,4.01,12.0,-4.619229732050201e-06
4.0,4.01,13.0,0.003758403015608397
4.0,4.01,14.0,-0.0007999588433241557
4.0,4.01,15.0,-4.564986977317886e-06
4.0,4.01,16.0,0.0016580529850139247
4.0,4.01,17.0,-0.006039247467258924
4.0,4.01,18.0,0.00022358982851494735
4.0,4.01,19.0,-0.008021494162255782
4.0,4.01,20.0,0.005508319239275361
4.0,4.01,21.0,-8.019549506145529e-05
5.0,0.01,0.0,-0.0001467970012589137
5.0,0.01,1.0,-0.00029098266561500274
5.0,0.01,2.0,0.00025725517422930944
5.0,0.01,3.0,-8.747935709152443e-10
5.0,0.01,4.0,0.00038634625827072
5.0,0.01,5.0,-0.0010348683725198843
5.0,0.01,6.0,-8.909738958451374e-05
5.0,0.01,7.0,-0.0031483556816145654
5.0,0.01,8.0,-1.5781153189786679e-09
5.0,0.01,9.0,-0.00015942780918632576
5.0,0.01,10.0,-0.00013912090536344346
5.0,0.01,11.0,-2.57970515685213e-07
5.0,0.01,12.0,0.0002332218431273514
5.0,0.01,13.0,0.0005802701811681299
5.0,0.01,14.0,-5.1267873116596e-07
5.0,0.01,15.0,1.7925221252074186e-05
5.0,0.01,16.0,-0.00020605718576216514
5.0,0.01,17.0,-0.0012037313244037395
5.0,0.01,18.0,0.00011980692477958632
5.0,0.01,19.0,-0.0002117672159217543
5.0,0.01,20.0,8.512554185571841e-05
5.0,0.01,21.0,-7.621018006805785e-05
5.0,0.51,0.0,0.008473666959497805
5.0,0.51,1.0,4.368066944360205e-05
5.0,0.51,2.0,0.001261067503469132
5.0,0.51,3.0,-8.747935847930322e-10
5.0,0.51,4.0,-0.0015633729164275523
5.0,0.51,5.0,-0.0023794639018254182
5.0,0.51,6.0,-0.0001339385548565497
5.0,0.51,7.0,-0.0038189796029714247
5.0,0.51,8.0,-1.5781153328564557e-09
5.0,0.51,9.0,-0.0011799070440634274
5.0,0.51,10.0,-0.00031416470738687696
5.0,0.51,11.0,-2.579705154492906e-07
5.0,0.51,12.0,4.2850347459599814e-05
5.0,0.51,13.0,0.0013406399047205808
5.0,0.51,14.0,-5.126787580746974e-07
5.0,0.51,15.0,2.444926902629707e-05
5.0,0.51,16.0,-0.0010795045916432988
5.0,0.51,17.0,-0.003112790414341704
5.0,0.51,18.0,-0.00021840893518745852
5.0,0.51,19.0,-0.0015165857794754156
5.0,0.51,20.0,0.00019939277088132368
5.0,0.51,21.0,-7.621018019210446e-05
5.0,1.01,0.0,0.01608049561056274
5.0,1.01,1.0,0.00010585721141798121
5.0,1.01,2.0,0.0024049758789158604
5.0,1.01,3.0,-8.747935847930322e-10
5.0,1.01,4.0,-0.0031703098118939232
5.0,1.01,5.0,-0.003740028007517021
5.0,1.01,6.0,-0.0002838762491865765
5.0,1.01,7.0,-0.004404886832314885
5.0,1.01,8.0,-1.5781153189786679e-09
5.0,1.01,9.0,-0.0022272918470880865
5.0,1.01,10.0,-0.00044406362197535465
5.0,1.01,11.0,-2.5797051493581247e-07
5.0,1.01,12.0,-4.624786899692923e-05
5.0,1.01,13.0,0.0025728562180852566
5.0,1.01,14.0,-5.126788359987865e-07
5.0,1.01,15.0,4.579494402294493e-05
5.0,1.01,16.0,-0.0021708818784813844
5.0,1.01,17.0,-0.005233005673296681
5.0,1.01,18.0,-0.0005248240235549706
5.0,1.01,19.0,-0.0028951150468265185
5.0,1.01,20.0,0.0005453422713596057
5.0,1.01,21.0,-7.621017991017026e-05
5.0,1.51,0.0,0.023772332703368815
5.0,1.51,1.0,0.00024030281877090998
5.0,1.51,2.0,0.003460449421233386
5.0,1.51,3.0,-8.747935847930322e-10
5.0,1.51,4.0,-0.004681527554836973
5.0,1.51,5.0,-0.005026247174735418
5.0,1.51,6.0,-0.000447001992875673
5.0,1.51,7.0,-0.004912848019625047
5.0,1.51,8.0,-1.5781153189786679e-09
5.0,1.51,9.0,-0.0032265337593964036
5.0,1.51,10.0,-0.0005856953627288164
5.0,1.51,11.0,-2.5797051678155825e-07
5.0,1.51,12.0,-0.000197681091211932
5.0,1.51,13.0,0.0035996586363804817
5.0,1.51,14.0,-5.126789112525505e-07
5.0,1.51,15.0,6.257975537977967e-05
5.0,1.51,16.0,-0.003172459830671659
5.0,1.51,17.0,-0.007225979414412859
5.0,1.51,18.0,-0.0008441818725757888
5.0,1.51,19.0,-0.004215775628638063
5.0,1.51,20.0,0.0007058351591605616
5.0,1.51,21.0,-7.621018141850538e-05
5.0,2.01,0.0,0.03131005545518606
5.0,2.01,1.0,0.00038473221409218716
5.0,2.01,2.0,0.004477241113055669
5.0,2.01,3.0,-8.747935709152443e-10
5.0,2.01,4.0,-0.0061347860541078325
5.0,2.01,5.0,-0.006262214072593544
5.0,2.01,6.0,-0.0006122754687489795
5.0,2.01,7.0,-0.005351916513325
5.0,2.01,8.0,-1.5781153189786679e-09
5.0,2.01,9.0,-0.004196149516368826
5.0,2.01,10.0,-0.000725099780201105
5.0,2.01,11.0,-2.579705168509472e-07
5.0,2.01,12.0,-0.00036065570469701047
5.0,2.01,13.0,0.004568070344525277
5.0,2.01,14.0,-5.126789795497419e-07
5.0,2.01,15.0,7.81701073219454e-05
5.0,2.01,16.0,-0.00413959171262368
5.0,2.01,17.0,-0.009147925160030851
5.0,2.01,18.0,-0.0011604773108125355
5.0,2.01,19.0,-0.005499195041654192
5.0,2.01,20.0,0.0008271508442270203
5.0,2.01,21.0,-7.621018139795238e-05
5.0,2.51,0.0,0.03868840775004079
5.0,2.51,1.0,0.0005325389937294589
5.0,2.51,2.0,0.00546000022028037
5.0,2.51,3.0,-8.747935709152443e-10
5.0,2.51,4.0,-0.0075188311182722845
5.0,2.51,5.0,-0.007453062998246246
5.0,2.51,6.0,-0.0007850309911995867
5.0,2.51,7.0,-0.005730246415584029
5.0,2.51,8.0,-1.5781153189786679e-09
5.0,2.51,9.0,-0.005139194185386491
5.0,2.51,10.0,-0.0008621475988012939
5.0,2.51,11.0,-2.5797051542153504e-07
5.0,2.51,12.0,-0.0005344182473598913
5.0,2.51,13.0,0.0054878645939661075
5.0,2.51,14.0,-5.126790446638655e-07
5.0,2.51,15.0,9.294293093888017e-05
5.0,2.51,16.0,-0.005079788971126681
5.0,2.51,17.0,-0.011010447472204893
5.0,2.51,18.0,-0.0014739920460845324
5.0,2.51,19.0,-0.0067501832916964655
5.0,2.51,20.0,0.0009061681253406395
5.0,2.51,21.0,-7.621018011784442e-05
5.0,3.01,0.0,0.04556831097870778
5.0,3.01,1.0,0.0006014632355572647
5.0,3.01,2.0,0.006477921471996079
5.0,3.01,3.0,-8.747935709152443e-10
5.0,3.01,4.0,-0.008963604145710902
5.0,3.01,5.0,-0.008626861185697582
5.0,3.01,6.0,-0.0009239580219659316
5.0,3.01,7.0,-0.006055664580472034
5.0,3.01,8.0,-1.57811530510088e-09
5.0,3.01,9.0,-0.006075457161308875
5.0,3.01,10.0,-0.0009746781906668778
5.0,3.01,11.0,-2.579705169342139e-07
5.0,3.01,12.0,-0.0006324152686936202
5.0,3.01,13.0,0.006558433731403773
5.0,3.01,14.0,-5.126791096815755e-07
5.0,3.01,15.0,0.000111544233278138
5.0,3.01,16.0,-0.0060554472161130635
5.0,3.01,17.0,-0.012863982925575668
5.0,3.01,18.0,-0.0017579847569874074
5.0,3.01,19.0,-0.00798507033627499
5.0,3.01,20.0,0.001186493439199604
5.0,3.01,21.0,-7.621018147815906e-05
5.0,3.51,0.0,0.05255425908568934
5.0,3.51,1.0,0.0007376032796337362
5.0,3.51,2.0,0.007416870365926559
5.0,3.51,3.0,-8.747935709152443e-10
5.0,3.51,4.0,-0.010283619776956854
5.0,3.51,5.0,-0.009742786260844988
5.0,3.51,6.0,-0.0010876240291488037
5.0,3.51,7.0,-0.006334511283454313
5.0,3.51,8.0,-1.5781153189786679e-09
5.0,3.51,9.0,-0.00697251698353199
5.0,3.51,10.0,-0.0011010089753305807
5.0,3.51,11.0,-2.5797051259046633e-07
5.0,3.51,12.0,-0.0007980840748050277
5.0,3.51,13.0,0.007442975404305274
5.0,3.51,14.0,-5.126791627682814e-07
5.0,3.51,15.0,0.00012593515158691726
5.0,3.51,16.0,-0.006956929784260046
5.0,3.51,17.0,-0.014624165385075355
5.0,3.51,18.0,-0.0020559645997324516
5.0,3.51,19.0,-0.009176517791322142
5.0,3.51,20.0,0.0012725150579241673
5.0,3.51,21.0,-7.621017795236135e-05
5.0,4.01,0.0,0.05891452329209823
5.0,4.01,1.0,0.0007505251268506985
5.0,4.01,2.0,0.008422435639368592
5.0,4.01,3.0,-8.747935709152443e-10
5.0,4.01,4.0,-0.011712919578627301
5.0,4.01,5.0,-0.010857998534077817
5.0,4.01,6.0,-0.0012080031165621063
5.0,4.01,7.0,-0.006573621244614457
5.0,4.01,8.0,-1.5781153189786679e-09
5.0,4.01,9.0,-0.007875347995524057
5.0,4.01,10.0,-0.0011927188893824936
5.0,4.01,11.0,-2.5797051346476696e-07
5.0,4.01,12.0,-0.0008428867644503235
5.0,4.01,13.0,0.008579040880176747
5.0,4.01,14.0,-5.126792256737936e-07
5.0,4.01,15.0,0.00014628501731422938
5.0,4.01,16.0,-0.00792310732271892
5.0,4.01,17.0,-0.01639922486356754
5.0,4.01,18.0,-0.002316481767870776
5.0,4.01,19.0,-0.01036030908497551
5.0,4.01,20.0,0.001669523609997614
5.0,4.01,21.0,-7.621017873566532e-05
6.0,0.01,0.0,-1.1300901949007347e-05
6.0,0.01,1.0,1.2722303773637922e-05
6.0,0.01,2.0,-8.556512997162646e-05
6.0,0.01,3.0,-8.743626378482361e-10
6.0,0.01,4.0,8.84437087821377e-05
6.0,0.01,5.0,2.7602030115272957e-05
6.0,0.01,6.0,-0.00010270348931701312
6.0,0.01,7.0,-1.93691321699512e-05
6.0,0.01,8.0,-1.1734117705275438e-09
6.0,0.01,9.0,-0.0004211825518666175
6.0,0.01,10.0,-1.2475770149761312e-05
6.0,0.01,11.0,-1.828856805025092e-07
6.0,0.01,12.0,-5.1073576212257166e-05
6.0,0.01,13.0,-8.491995789949858e-05
6.0,0.01,14.0,-0.0004317325686546934
6.0,0.01,15.0,-4.829563805240633e-05
6.0,0.01,16.0,-7.011517420424385e-05
6.0,0.01,17.0,2.557807231476361e-05
6.0,0.01,18.0,7.172579584846517e-05
6.0,0.01,19.0,-0.0002234678351416275
6.0,0.01,20.0,-4.6960775854476555e-05
6.0,0.01,21.0,-0.0003738386245865158
6.0,0.51,0.0,0.006657931879360701
6.0,0.51,1.0,0.00019590596882151923
6.0,0.51,2.0,0.0011117237877837916
6.0,0.51,3.0,-8.743626239704483e-10
6.0,0.51,4.0,-0.0006025164836713781
6.0,0.51,5.0,-0.001289106194446707
6.0,0.51,6.0,-0.00013332070864224832
6.0,0.51,7.0,-1.936987796635975e-05
6.0,0.51,8.0,-1.1734117844053316e-09
6.0,0.51,9.0,-0.0011328276045364724
6.0,0.51,10.0,-0.00021807310659041623
6.0,0.51,11.0,-1.828856872193585e-07
6.0,0.51,12.0,-0.0001059823646970548
6.0,0.51,13.0,0.0011866139265829245
6.0,0.51,14.0,-0.00013453072203883573
6.0,0.51,15.0,-3.997578140094854e-05
6.0,0.51,16.0,-0.00045735465120799734
6.0,0.51,17.0,-0.001587481837914989
6.0,0.51,18.0,-9.732001212892083e-05
6.0,0.51,19.0,-0.0012142620285112427
6.0,0.51,20.0,0.0005673100653030838
6.0,0.51,21.0,-0.00037383865391106205
6.0,1.01,0.0,0.01325362681696407
6.0,1.01,1.0,0.000417352725993414
6.0,1.01,2.0,0.0022052700810804293
6.0,1.01,3.0,-8.743626239704483e-10
6.0,1.01,4.0,-0.0011279941753210565
6.0,1.01,5.0,-0.002555002028176309
6.0,1.01,6.0,-0.0002144639920377278
6.0,1.01,7.0,-1.937046946371521e-05
6.0,1.01,8.0,-1.1734117705275438e-09
6.0,1.01,9.0,-0.0018153241954458159
6.0,1.01,10.0,-0.00043508818102364066
6.0,1.01,11.0,-1.828856857344352e-07
6.0,1.01,12.0,-0.0002635252226902973
6.0,1.01,13.0,0.0023356039295103215
6.0,1.01,14.0,0.00015416899586428653
6.0,1.01,15.0,-3.22707847549078e-05
6.0,1.01,16.0,-0.0008259133058173274
6.0,1.01,17.0,-0.0031482776312412863
6.0,1.01,18.0,-0.000271181085939598
6.0,1.01,19.0,-0.0021551044732786295
6.0,1.01,20.0,0.0010952550032216624
6.0,1.01,21.0,-0.0003738386484849199
6.0,1.51,0.0,0.019665481089658488
6.0,1.51,1.0,0.0006440471481895527
6.0,1.51,2.0,0.003243842121410989
6.0,1.51,3.0,-8.743626239704483e-10
6.0,1.51,4.0,-0.0015913546951995539
6.0,1.51,5.0,-0.0037768802094044762
6.0,1.51,6.0,-0.00030815657191607393
6.0,1.51,7.0,-1.9370949285332642e-05
6.0,1.51,8.0,-1.1734117844053316e-09
6.0,1.51,9.0,-0.0024722711294296665
6.0,1.51,10.0,-0.0006511888218176942
6.0,1.51,11.0,-1.828856851793237e-07
6.0,1.51,12.0,-0.0004496020321978489
6.0,1.51,13.0,0.0034230242073650663
6.0,1.51,14.0,0.00043395279264214076
6.0,1.51,15.0,-2.491084938662652e-05
6.0,1.51,16.0,-0.0011782248176959165
6.0,1.51,17.0,-0.004657461248300562
6.0,1.51,18.0,-0.000439820156309223
6.0,1.51,19.0,-0.0030589924510387445
6.0,1.51,20.0,0.0015858414749155836
6.0,1.51,21.0,-0.00037383864639129946
6.0,2.01,0.0,0.025691349139148723
6.0,2.01,1.0,0.0008079959245984591
6.0,2.01,2.0,0.004318037524905366
6.0,2.01,3.0,-8.743626239704483e-10
6.0,2.01,4.0,-0.0021925878557029765
6.0,2.01,5.0,-0.0049644941269878645
6.0,2.01,6.0,-0.0003482566603160153
6.0,2.01,7.0,-1.9371341125491527e-05
6.0,2.01,8.0,-1.1734117844053316e-09
6.0,2.01,9.0,-0.00310919195410601
6.0,2.01,10.0,-0.0008386532858574436
6.0,2.01,11.0,-1.828856851793237e-07
6.0,2.01,12.0,-0.000516563940491932
6.0,2.01,13.0,0.004565127696386784
6.0,2.01,14.0,0.0007035441158147818
6.0,2.01,15.0,-1.7402072318817297e-05
6.0,2.01,16.0,-0.0015323150575988764
6.0,2.01,17.0,-0.006113661521443048
6.0,2.01,18.0,-0.0005950595126147928
6.0,2.01,19.0,-0.003951527917021941
6.0,2.01,20.0,0.0021304566314231943
6.0,2.01,21.0,-0.000373838646295397
6.0,2.51,0.0,0.03172604044366034
6.0,2.51,1.0,0.0010263180948670847
6.0,2.51,2.0,0.005274097506826947
6.0,2.51,3.0,-8.743626239704483e-10
6.0,2.51,4.0,-0.0025467649604997145
6.0,2.51,5.0,-0.00610679810350645
6.0,2.51,6.0,-0.00047405227459196286
6.0,2.51,7.0,-1.9371661852741468e-05
6.0,2.51,8.0,-1.1734117844053316e-09
6.0,2.51,9.0,-0.003720105237903535
6.0,2.51,10.0,-0.0010473310228586719
6.0,2.51,11.0,-1.8288568497115687e-07
6.0,2.51,12.0,-0.0007387802527821785
6.0,2.51,13.0,0.0055650121068541725
6.0,2.51,14.0,0.0009670674841940896
6.0,2.51,15.0,-1.0588883179195319e-05
6.0,2.51,16.0,-0.0018748504902024177
6.0,2.51,17.0,-0.007530254957330548
6.0,2.51,18.0,-0.0007623508364490994
6.0,2.51,19.0,-0.00479498084512836
6.0,2.51,20.0,0.002561805847095089
6.0,2.51,21.0,-0.00037383864524236435
6.0,3.01,0.0,0.03738122726764781
6.0,3.01,1.0,0.0011860812969306522
6.0,3.01,2.0,0.006271485023812751
6.0,3.01,3.0,-8.743626239704483e-10
6.0,3.01,4.0,-0.0030870197991231807
6.0,3.01,5.0,-0.007217950017880559
6.0,3.01,6.0,-0.0005196434939526706
6.0,3.01,7.0,-1.9371926076111393e-05
6.0,3.01,8.0,-1.1734117844053316e-09
6.0,3.01,9.0,-0.0043124778515230625
6.0,3.01,10.0,-0.0012260714161589914
6.0,3.01,11.0,-1.8288568465196775e-07
6.0,3.01,12.0,-0.0008192799847479559
6.0,3.01,13.0,0.006623769815501945
6.0,3.01,14.0,0.001220286939412462
6.0,3.01,15.0,-3.5983693601540634e-06
6.0,3.01,16.0,-0.002204140816303546
6.0,3.01,17.0,-0.00889397504466323
6.0,3.01,18.0,-0.0009080248983226458
6.0,3.01,19.0,-0.005627485171419644
6.0,3.01,20.0,0.003061618080473394
6.0,3.01,21.0,-0.0003738386438256608
6.0,3.51,0.0,0.04222860716059784
6.0,3.51,1.0,0.0011644973158090322
6.0,3.51,2.0,0.0074871620356248
6.0,3.51,3.0,-8.743626239704483e-10
6.0,3.51,4.0,-0.004384904878728002
6.0,3.51,5.0,-0.008310322485616278
6.0,3.51,6.0,-0.0002539325682173188
6.0,3.51,7.0,-1.9372145370035193e-05
6.0,3.51,8.0,-1.1734117844053316e-09
6.0,3.51,9.0,-0.004893407050468434
6.0,3.51,10.0,-0.0013121316380240167
6.0,3.51,11.0,-1.8288568609525768e-07
6.0,3.51,12.0,-0.00038154359614911426
6.0,3.51,13.0,0.00796197374835761
6.0,3.51,14.0,0.0014568708631899352
6.0,3.51,15.0,4.5311725115487755e-06
6.0,3.51,16.0,-0.002496040853449566
6.0,3.51,17.0,-0.010180069382550505
6.0,3.51,18.0,-0.0009847173291748224
6.0,3.51,19.0,-0.00648477674104514
6.0,3.51,20.0,0.0038532807961588755
6.0,3.51,21.0,-0.0003738386496897998
6.0,4.01,0.0,0.04751133594889012
6.0,4.01,1.0,0.00130945450904707
6.0,4.01,2.0,0.008431550096879237
6.0,4.01,3.0,-8.743626239704483e-10
6.0,4.01,4.0,-0.004942027813412353
6.0,4.01,5.0,-0.00935197949297989
6.0,4.01,6.0,-0.0002719250125581829
6.0,4.01,7.0,-1.9372327386439007e-05
6.0,4.01,8.0,-1.1734117844053316e-09
6.0,4.01,9.0,-0.0054455642563964735
6.0,4.01,10.0,-0.0014749209812648656
6.0,4.01,11.0,-1.8288568615076883e-07
6.0,4.01,12.0,-0.00042432510907802756
6.0,4.01,13.0,0.008965176968014521
6.0,4.01,14.0,0.0016941187854617006
6.0,4.01,15.0,1.11287125737769e-05
6.0,4.01,16.0,-0.0027970647081182465
6.0,4.01,17.0,-0.01145489889601281
6.0,4.01,18.0,-0.0011164336987742884
6.0,4.01,19.0,-0.007264257876707009
6.0,4.01,20.0,0.004339468820761583
6.0,4.01,21.0,-0.0003738386499204764
7.0,0.01,0.0,0.00053565033228542
7.0,0.01,1.0,6.035945160798306e-06
7.0,0.01,2.0,1.659573706716544e-05
7.0,0.01,3.0,-1.5186863711047494e-09
7.0,0.01,4.0,0.00026923338438389344
7.0,0.01,5.0,-0.0003466374382161616
7.0,0.01,6.0,0.00020986154422630854
7.0,0.01,7.0,-3.4559366567532803e-05
7.0,0.01,8.0,-1.9737334822078623e-09
7.0,0.01,9.0,-6.0082631880460646e-05
7.0,0.01,10.0,-8.649422451897926e-05
7.0,0.01,11.0,-2.224312133647377e-07
7.0,0.01,12.0,0.00015091016140988955
7.0,0.01,13.0,4.811183413361286e-06
7.0,0.01,14.0,-0.00237712012970058
7.0,0.01,15.0,1.5435391520490782e-07
7.0,0.01,16.0,0.00011230462212297176
7.0,0.01,17.0,-0.00018327447980254902
7.0,0.01,18.0,0.0009078770955866511
7.0,0.01,19.0,-0.00021875428015163956
7.0,0.01,20.0,4.163798093509419e-05
7.0,0.01,21.0,-0.00021611134999626608
7.0,0.51,0.0,0.004890513144753861
7.0,0.51,1.0,2.7139985120439025e-05
7.0,0.51,2.0,0.0008749421029226323
7.0,0.51,3.0,-1.5186863711047494e-09
7.0,0.51,4.0,0.00046020702663485125
7.0,0.51,5.0,-0.0013652380118759563
7.0,0.51,6.0,0.0003141668247886864
7.0,0.51,7.0,-3.4561426845772036e-05
7.0,0.51,8.0,-1.9737334822078623e-09
7.0,0.51,9.0,-0.00048131076502842124
7.0,0.51,10.0,-0.00025166425056000197
7.0,0.51,11.0,-2.224312170007181e-07
7.0,0.51,12.0,0.0002606791721346813
7.0,0.51,13.0,0.00013357433652819162
7.0,0.51,14.0,-0.00238065797978185
7.0,0.51,15.0,3.955387782986208e-06
7.0,0.51,16.0,0.0007683737702183779
7.0,0.51,17.0,-0.0012153605843818888
7.0,0.51,18.0,0.0012374842615785475
7.0,0.51,19.0,-0.0008040351827158232
7.0,0.51,20.0,0.0008014282522950111
7.0,0.51,21.0,-0.0002161113599587483
7.0,1.01,0.0,0.00901742681856288
7.0,1.01,1.0,4.835039695733068e-05
7.0,1.01,2.0,0.0016921098531043899
7.0,1.01,3.0,-1.5186863711047494e-09
7.0,1.01,4.0,0.0005076479259269462
7.0,1.01,5.0,-0.0023393391250945
7.0,1.01,6.0,0.0004863048340449372
7.0,1.01,7.0,-3.4563146515336905e-05
7.0,1.01,8.0,-1.973733509963438e-09
7.0,1.01,9.0,-0.000884283889840673
7.0,1.01,10.0,-0.0004086057877185356
7.0,1.01,11.0,-2.2243121863829707e-07
7.0,1.01,12.0,0.0003861601175662033
7.0,1.01,13.0,0.00025629377492256133
7.0,1.01,14.0,-0.002384108257550826
7.0,1.01,15.0,7.508966515634707e-06
7.0,1.01,16.0,0.0014189301671229115
7.0,1.01,17.0,-0.0021995290700530037
7.0,1.01,18.0,0.0016247221172965842
7.0,1.01,19.0,-0.001354006867336749
7.0,1.01,20.0,0.0015537979774697952
7.0,1.01,21.0,-0.00021611136439670525
7.0,1.51,0.0,0.013050745242096151
7.0,1.51,1.0,6.879110614399497e-05
7.0,1.51,2.0,0.0024569310591432414
7.0,1.51,3.0,-1.5186863711047494e-09
7.0,1.51,4.0,0.0006624433390239881
7.0,1.51,5.0,-0.0032701309695737923
7.0,1.51,6.0,0.0005861494808420131
7.0,1.51,7.0,-3.4564594030306915e-05
7.0,1.51,8.0,-1.973733509963438e-09
7.0,1.51,9.0,-0.0012681851395996702
7.0,1.51,10.0,-0.000561301431476452
7.0,1.51,11.0,-2.2243121874931937e-07
7.0,1.51,12.0,0.0004761994426040195
7.0,1.51,13.0,0.0003717138844345491
7.0,1.51,14.0,-0.0023873817351996655
7.0,1.51,15.0,1.0912819070049706e-05
7.0,1.51,16.0,0.0019987706896359425
7.0,1.51,17.0,-0.0031407017552348357
7.0,1.51,18.0,0.001966010805434626
7.0,1.51,19.0,-0.0018686923713580605
7.0,1.51,20.0,0.0021860427216672806
7.0,1.51,21.0,-0.00021611136469787406
7.0,2.01,0.0,0.016884926978545933
7.0,2.01,1.0,8.804849201293763e-05
7.0,2.01,2.0,0.0031965604706353234
7.0,2.01,3.0,-1.5186863711047494e-09
7.0,2.01,4.0,0.0008028565544773159
7.0,2.01,5.0,-0.004162028658614328
7.0,2.01,6.0,0.0006883055146194028
7.0,2.01,7.0,-3.456581876414101e-05
7.0,2.01,8.0,-1.973733509963438e-09
7.0,2.01,9.0,-0.001636550526612074
7.0,2.01,10.0,-0.0007068702476006328
7.0,2.01,11.0,-2.224312183746191e-07
7.0,2.01,12.0,0.0005688220283870393
7.0,2.01,13.0,0.00048306447460488844
7.0,2.01,14.0,-0.002390529508461552
7.0,2.01,15.0,1.4192522322195589e-05
7.0,2.01,16.0,0.0025647394028481263
7.0,2.01,17.0,-0.00404309068472105
7.0,2.01,18.0,0.0022861205684582275
7.0,2.01,19.0,-0.002368196517511384
7.0,2.01,20.0,0.0028194070763765122
7.0,2.01,21.0,-0.00021611136371286338
7.0,2.51,0.0,0.020535102051165155
7.0,2.51,1.0,0.00010586564812192778
7.0,2.51,2.0,0.003915597981752755
7.0,2.51,3.0,-1.5186863711047494e-09
7.0,2.51,4.0,0.0009611732058247835
7.0,2.51,5.0,-0.005017325904718602
7.0,2.51,6.0,0.000775811921168712
7.0,2.51,7.0,-3.456686142739589e-05
7.0,2.51,8.0,-1.973733509963438e-09
7.0,2.51,9.0,-0.001990404376882325
7.0,2.51,10.0,-0.0008456762997079703
7.0,2.51,11.0,-2.2243121762521856e-07
7.0,2.51,12.0,0.0006608160846676148
7.0,2.51,13.0,0.0005909279229726894
7.0,2.51,14.0,-0.002393552185838424
7.0,2.51,15.0,1.7379445650250736e-05
7.0,2.51,16.0,0.0031140116823072383
7.0,2.51,17.0,-0.00490967479819604
7.0,2.51,18.0,0.00256497570896147
7.0,2.51,19.0,-0.002857334393832317
7.0,2.51,20.0,0.0034561816795559697
7.0,2.51,21.0,-0.00021611136176227785
7.0,3.01,0.0,0.0240555744580202
7.0,3.01,1.0,0.0001231837371172273
7.0,3.01,2.0,0.004599580581292589
7.0,3.01,3.0,-1.5186863711047494e-09
7.0,3.01,4.0,0.0011244947030324415
7.0,3.01,5.0,-0.005837568145633881
7.0,3.01,6.0,0.0008514273388662286
7.0,3.01,7.0,-3.456775258721862e-05
7.0,3.01,8.0,-1.973733509963438e-09
7.0,3.01,9.0,-0.0023294159113575255
7.0,3.01,10.0,-0.0009794380831613658
7.0,3.01,11.0,-2.2243121741705174e-07
7.0,3.01,12.0,0.0007433735037057354
7.0,3.01,13.0,0.0006937159550796101
7.0,3.01,14.0,-0.002396456202947636
7.0,3.01,15.0,2.0423934076391204e-05
7.0,3.01,16.0,0.003631340063186328
7.0,3.01,17.0,-0.0057405012980294365
7.0,3.01,18.0,0.002834680803690093
7.0,3.01,19.0,-0.0033211397960463407
7.0,3.01,20.0,0.004044991314047508
7.0,3.01,21.0,-0.0002161113611472837
7.0,3.51,0.0,0.027362318739610147
7.0,3.51,1.0,0.0001392623852339292
7.0,3.51,2.0,0.005273648598584091
7.0,3.51,3.0,-1.5186863711047494e-09
7.0,3.51,4.0,0.0012124893150693428
7.0,3.51,5.0,-0.006625899232305804
7.0,3.51,6.0,0.0009677412941861419
7.0,3.51,7.0,-3.456851856083524e-05
7.0,3.51,8.0,-1.9737334822078623e-09
7.0,3.51,9.0,-0.0026564077846868914
7.0,3.51,10.0,-0.0011055293273097566
7.0,3.51,11.0,-2.224312170007181e-07
7.0,3.51,12.0,0.0008472603528699718
7.0,3.51,13.0,0.00079451199422928
7.0,3.51,14.0,-0.0023992732187486897
7.0,3.51,15.0,2.337053706602532e-05
7.0,3.51,16.0,0.004163822540330542
7.0,3.51,17.0,-0.006539189723443244
7.0,3.51,18.0,0.00310032240183028
7.0,3.51,19.0,-0.0037824247330107696
7.0,3.51,20.0,0.004687208627557227
7.0,3.51,21.0,-0.00021611136004619919
7.0,4.01,0.0,0.030654518000901132
7.0,4.01,1.0,0.0001555495347385638
7.0,4.01,2.0,0.0058932961530280825
7.0,4.01,3.0,-1.5186863711047494e-09
7.0,4.01,4.0,0.0014113662121213455
7.0,4.01,5.0,-0.007382181732712809
7.0,4.01,6.0,0.0010074832327474081
7.0,4.01,7.0,-3.456917855391126e-05
7.0,4.01,8.0,-1.9737334822078623e-09
7.0,4.01,9.0,-0.0029683360236352277
7.0,4.01,10.0,-0.0012304584143215946
7.0,4.01,11.0,-2.2243121672316235e-07
7.0,4.01,12.0,0.0009074151630244498
7.0,4.01,13.0,0.0008879969458265302
7.0,4.01,14.0,-0.002401958502864154
7.0,4.01,15.0,2.616594583332299e-05
7.0,4.01,16.0,0.00461735252003731
7.0,4.01,17.0,-0.007305295198532964
7.0,4.01,18.0,0.003344714829880746
7.0,4.01,19.0,-0.0042006354507200805
7.0,4.01,20.0,0.00517939059592859
7.0,4.01,21.0,-0.00021611135937579795
8.0,0.01,0.0,2.1867683677734284e-05
8.0,0.01,1.0,-1.7375146844578193e-05
8.0,0.01,2.0,0.00016737956646514784
8.0,0.01,3.0,-7.14079323449468e-10
8.0,0.01,4.0,-0.00020411046195634164
8.0,0.01,5.0,-0.0002221443891569641
8.0,0.01,6.0,0.0002042134529596229
8.0,0.01,7.0,-0.0005205208499663994
8.0,0.01,8.0,-1.5932032637611115e-09
8.0,0.01,9.0,-8.358880240296601e-05
8.0,0.01,10.0,-4.7035250439697585e-05
8.0,0.01,11.0,-2.149636814108291e-07
8.0,0.01,12.0,9.771851537421217e-05
8.0,0.01,13.0,0.00012476108791931173
8.0,0.01,14.0,-0.0001358892212784906
8.0,0.01,15.0,1.7477857406911212e-06
8.0,0.01,16.0,7.496336362311506e-05
8.0,0.01,17.0,-0.00015076255952448103
8.0,0.01,18.0,5.527199768359803e-05
8.0,0.01,19.0,-0.00011505278494200466
8.0,0.01,20.0,0.00018728968486592112
8.0,0.01,21.0,-5.7106673572657196e-05
8.0,0.51,0.0,0.013527095739172823
8.0,0.51,1.0,0.00019610641621509162
8.0,0.51,2.0,0.002966359519695705
8.0,0.51,3.0,-7.140793373272558e-10
8.0,0.51,4.0,-0.0016992839436120732
8.0,0.51,5.0,-0.002723862918355552
8.0,0.51,6.0,0.00025862638733198384
8.0,0.51,7.0,-0.002586573720149747
8.0,0.51,8.0,-1.5932032637611115e-09
8.0,0.51,9.0,-0.001796576789397493
8.0,0.51,10.0,-0.0005514050093738676
8.0,0.51,11.0,-2.149636818826739e-07
8.0,0.51,12.0,0.00021681680126295344
8.0,0.51,13.0,0.002258797009243252
8.0,0.51,14.0,-0.00013587262559762168
8.0,0.51,15.0,4.21707084923284e-05
8.0,0.51,16.0,-0.00024051460058660545
8.0,0.51,17.0,-0.002986600111164084
8.0,0.51,18.0,0.00021493150983689646
8.0,0.51,19.0,-0.002122108210089929
8.0,0.51,20.0,0.0022024084918760845
8.0,0.51,21.0,-5.7106674093036075e-05
8.0,1.01,0.0,0.027086056191835406
8.0,1.01,1.0,0.00043572494093624403
8.0,1.01,2.0,0.0055494536115034965
8.0,1.01,3.0,-7.140793373272558e-10
8.0,1.01,4.0,-0.0028962348337789323
8.0,1.01,5.0,-0.005125758009858289
8.0,1.01,6.0,7.89892849001883e-05
8.0,1.01,7.0,-0.004575084614544509
8.0,1.01,8.0,-1.5932032637611115e-09
8.0,1.01,9.0,-0.0034475474417911753
8.0,1.01,10.0,-0.0010580675472768586
8.0,1.01,11.0,-2.149636813136846e-07
8.0,1.01,12.0,0.00026628447730503435
8.0,1.01,13.0,0.004235842075467955
8.0,1.01,14.0,-0.00013585578676516337
8.0,1.01,15.0,7.981468933668245e-05
8.0,1.01,16.0,-0.0006284626439395646
8.0,1.01,17.0,-0.005725454943381586
8.0,1.01,18.0,0.0003902762524711778
8.0,1.01,19.0,-0.004012382679220411
8.0,1.01,20.0,0.003987396214400751
8.0,1.01,21.0,-5.7106673594237156e-05
8.0,1.51,0.0,0.039979741357236864
8.0,1.51,1.0,0.0006478171103002084
8.0,1.51,2.0,0.00814474820265923
8.0,1.51,3.0,-7.140793373272558e-10
8.0,1.51,4.0,-0.004222992872343789
8.0,1.51,5.0,-0.007472810541595126
8.0,1.51,6.0,4.7004717065479706e-05
8.0,1.51,7.0,-0.006493078408619603
8.0,1.51,8.0,-1.5932032637611115e-09
8.0,1.51,9.0,-0.005060912394549456
8.0,1.51,10.0,-0.001538186724780427
8.0,1.51,11.0,-2.149636818826739e-07
8.0,1.51,12.0,0.00035442641000088537
8.0,1.51,13.0,0.006218532368700402
8.0,1.51,14.0,-0.0001358389706911668
8.0,1.51,15.0,0.00011745449545111364
8.0,1.51,16.0,-0.0009555950818340708
8.0,1.51,17.0,-0.0083955015683303
8.0,1.51,18.0,0.0005461970283773265
8.0,1.51,19.0,-0.0058893950116137295
8.0,1.51,20.0,0.005828575657681745
8.0,1.51,21.0,-5.710667407916176e-05
8.0,2.01,0.0,0.05242631743233889
8.0,2.01,1.0,0.0008473446310068855
8.0,2.01,2.0,0.010698834960463338
8.0,2.01,3.0,-7.140793373272558e-10
8.0,2.01,4.0,-0.005572402135428367
8.0,2.01,5.0,-0.009755207829066748
8.0,2.01,6.0,6.798733024115933e-05
8.0,2.01,7.0,-0.008337552217715056
8.0,2.01,8.0,-1.5932032637611115e-09
8.0,2.01,9.0,-0.006631847643357808
8.0,2.01,10.0,-0.0020000364309791796
8.0,2.01,11.0,-2.1496368185491832e-07
8.0,2.01,12.0,0.0004540461900778836
8.0,2.01,13.0,0.008167416694191687
8.0,2.01,14.0,-0.00013582209178825445
8.0,2.01,15.0,0.00015442119571387747
8.0,2.01,16.0,-0.001255467580201508
8.0,2.01,17.0,-0.010991228693174093
8.0,2.01,18.0,0.0006923983430809633
8.0,2.01,19.0,-0.007726582653830971
8.0,2.01,20.0,0.00765760485459166
8.0,2.01,21.0,-5.710667407112305e-05
8.0,2.51,0.0,0.06491683212302396
8.0,2.51,1.0,0.0010690351389860964
8.0,2.51,2.0,0.013060661653038291
8.0,2.51,3.0,-7.140793373272558e-10
8.0,2.51,4.0,-0.006626614683713783
8.0,2.51,5.0,-0.011949223022751476
8.0,2.51,6.0,-0.00014523663248283691
8.0,2.51,7.0,-0.010103856964519018
8.0,2.51,8.0,-1.5932032637611115e-09
8.0,2.51,9.0,-0.008150088134858506
8.0,2.51,10.0,-0.0024639232729643246
8.0,2.51,11.0,-2.1496367977325015e-07
8.0,2.51,12.0,0.00048475251959634313
8.0,2.51,13.0,0.009978682520338455
8.0,2.51,14.0,-0.00013580506192336486
8.0,2.51,15.0,0.00018896130909500097
8.0,2.51,16.0,-0.0016303987934367936
8.0,2.51,17.0,-0.013508477312851486
8.0,2.51,18.0,0.0008527230586195256
8.0,2.51,19.0,-0.009464403206460553
8.0,2.51,20.0,0.0092752915466644
8.0,2.51,21.0,-5.710667229569602e-05
8.0,3.01,0.0,0.07646392687722187
8.0,3.01,1.0,0.0012407792689932418
8.0,3.01,2.0,0.015558993632143775
8.0,3.01,3.0,-7.140793373272558e-10
8.0,3.01,4.0,-0.008076327939007866
8.0,3.01,5.0,-0.014110692376498812
8.0,3.01,6.0,2.7132599643431288e-05
8.0,3.01,7.0,-0.011798073977260078
8.0,3.01,8.0,-1.5932032637611115e-09
8.0,3.01,9.0,-0.009643071837619442
8.0,3.01,10.0,-0.002887790991279754
8.0,3.01,11.0,-2.149636802728505e-07
8.0,3.01,12.0,0.0006189491843061612
8.0,3.01,13.0,0.011878217765813215
8.0,3.01,14.0,-0.00013578813473390103
8.0,3.01,15.0,0.00022485367115232524
8.0,3.01,16.0,-0.0018617025435467283
8.0,3.01,17.0,-0.015961805077888774
8.0,3.01,18.0,0.0009753754339700271
8.0,3.01,19.0,-0.011235817797652009
8.0,3.01,20.0,0.011112369677335088
8.0,3.01,21.0,-5.710667275540468e-05
8.0,3.51,0.0,0.08797719118547304
8.0,3.51,1.0,0.0014274013009641928
8.0,3.51,2.0,0.017905380543132676
8.0,3.51,3.0,-7.140793373272558e-10
8.0,3.51,4.0,-0.009308531481585836
8.0,3.51,5.0,-0.01619357044261499
8.0,3.51,6.0,3.2137661922504446e-05
8.0,3.51,7.0,-0.01341198580361902
8.0,3.51,8.0,-1.5932032637611115e-09
8.0,3.51,9.0,-0.011089092619930449
8.0,3.51,10.0,-0.0033099481232995998
8.0,3.51,11.0,-2.1496368046713954e-07
8.0,3.51,12.0,0.0007032949009104783
8.0,3.51,13.0,0.013668322058822069
8.0,3.51,14.0,-0.0001357710408682809
8.0,3.51,15.0,0.0002588380651522698
8.0,3.51,16.0,-0.002144057143021516
8.0,3.51,17.0,-0.018342561821349995
8.0,3.51,18.0,0.0011077192857289198
8.0,3.51,19.0,-0.012924710958863633
8.0,3.51,20.0,0.012788513517872746
8.0,3.51,21.0,-5.7106672896156674e-05
8.0,4.01,0.0,0.09918519608682547
8.0,4.01,1.0,0.0016086002263457355
8.0,4.01,2.0,0.020194364773425455
8.0,4.01,3.0,-7.140793373272558e-10
8.0,4.01,4.0,-0.010518536830077585
8.0,4.01,5.0,-0.01821492752316506
8.0,4.01,6.0,4.301029128467304e-05
8.0,4.01,7.0,-0.014946571585152484
8.0,4.01,8.0,-1.5932032637611115e-09
8.0,4.01,9.0,-0.012498344591704895
8.0,4.01,10.0,-0.0037186005453984095
8.0,4.01,11.0,-2.1496368081408423e-07
8.0,4.01,12.0,0.0007850274305507554
8.0,4.01,13.0,0.015414381727635373
8.0,4.01,14.0,-0.0001357539788478113
8.0,4.01,15.0,0.0002919442955486712
8.0,4.01,16.0,-0.002418901635188986
8.0,4.01,17.0,-0.020658173749433656
8.0,4.01,18.0,0.0012327951403703075
8.0,4.01,19.0,-0.014573462723917713
8.0,4.01,20.0,0.014424874561555279
8.0,4.01,21.0,-5.710667320236659e-05
9.0,0.01,0.0,0.0012267434582503567
9.0,0.01,1.0,8.754845560127178e-05
9.0,0.01,2.0,0.00015038737165112837
9.0,0.01,3.0,-9.944190471067316e-10
9.0,0.01,4.0,-0.0005412051722573086
9.0,0.01,5.0,-0.001211249346135021
9.0,0.01,6.0,0.0009101527169398937
9.0,0.01,7.0,-0.0034075485870717504
9.0,0.01,8.0,-1.534369478695119e-09
9.0,0.01,9.0,-1.279948356053614e-05
9.0,0.01,10.0,-0.0003574958632037162
9.0,0.01,11.0,-2.530273748024836e-07
9.0,0.01,12.0,0.0002804534025302452
9.0,0.01,13.0,0.00011106870196786467
9.0,0.01,14.0,-1.6033540103043965e-05
9.0,0.01,15.0,-2.741274429257645e-06
9.0,0.01,16.0,0.00020370575836836657
9.0,0.01,17.0,-0.0005398089223897506
9.0,0.01,18.0,0.00014058531139579666
9.0,0.01,19.0,9.935743055139445e-05
9.0,0.01,20.0,0.0003831311052726605
9.0,0.01,21.0,-0.0002497950952130984
9.0,0.51,0.0,0.00783478681792038
9.0,0.51,1.0,0.0001528978882476828
9.0,0.51,2.0,0.001128797859355407
9.0,0.51,3.0,-9.944190471067316e-10
9.0,0.51,4.0,1.1503039774041213e-06
9.0,0.51,5.0,-0.0026215983388020725
9.0,0.51,6.0,0.0011587401145115583
9.0,0.51,7.0,-0.004312123340797601
9.0,0.51,8.0,-1.534369478695119e-09
9.0,0.51,9.0,-1.279993026285928e-05
9.0,0.51,10.0,-0.000720374257908718
9.0,0.51,11.0,-2.5302737294286004e-07
9.0,0.51,12.0,0.0003584798711498416
9.0,0.51,13.0,0.0010333915167657914
9.0,0.51,14.0,-1.6033629504070372e-05
9.0,0.51,15.0,1.6524951045773784e-05
9.0,0.51,16.0,0.0008160831609734243
9.0,0.51,17.0,-0.001350499802050431
9.0,0.51,18.0,0.000464950931196334
9.0,0.51,19.0,-0.00010798805146677859
9.0,0.51,20.0,0.0024232687182739188
9.0,0.51,21.0,-0.0002497950916058936
9.0,1.01,0.0,0.014215274615965612
9.0,1.01,1.0,0.00023183300262819007
9.0,1.01,2.0,0.002048623377836317
9.0,1.01,3.0,-9.944190471067316e-10
9.0,1.01,4.0,0.00041408937357600983
9.0,1.01,5.0,-0.003962678033170561
9.0,1.01,6.0,0.0015008467542796389
9.0,1.01,7.0,-0.0051437967373529295
9.0,1.01,8.0,-1.534369478695119e-09
9.0,1.01,9.0,-1.2800277853406815e-05
9.0,1.01,10.0,-0.001065868191713476
9.0,1.01,11.0,-2.530273684464568e-07
9.0,1.01,12.0,0.00044764547179437786
9.0,1.01,13.0,0.0018908211221376758
9.0,1.01,14.0,-1.6033715696150558e-05
9.0,1.01,15.0,3.3508327905273916e-05
9.0,1.01,16.0,0.0014057255140626501
9.0,1.01,17.0,-0.0021046293035238695
9.0,1.01,18.0,0.0007658405331725515
9.0,1.01,19.0,-0.0002721408124405911
9.0,1.01,20.0,0.004313795680606747
9.0,1.01,21.0,-0.00024979508194607897
9.0,1.51,0.0,0.020342164740758784
9.0,1.51,1.0,0.00030396642537988683
9.0,1.51,2.0,0.002932991724076378
9.0,1.51,3.0,-9.944190609845194e-10
9.0,1.51,4.0,0.0008361729988656252
9.0,1.51,5.0,-0.005243885127698578
9.0,1.51,6.0,0.0018053136533101033
9.0,1.51,7.0,-0.005907952080143875
9.0,1.51,8.0,-1.534369478695119e-09
9.0,1.51,9.0,-1.28005541855414e-05
9.0,1.51,10.0,-0.0013963920314387646
9.0,1.51,11.0,-2.5302736780807855e-07
9.0,1.51,12.0,0.000528969252934719
9.0,1.51,13.0,0.0027163807557634145
9.0,1.51,14.0,-1.603379754176498e-05
9.0,1.51,15.0,5.012694262344908e-05
9.0,1.51,16.0,0.001968762842096239
9.0,1.51,17.0,-0.0028285540244242513
9.0,1.51,18.0,0.0010564494805080649
9.0,1.51,19.0,-0.00043710633007093547
9.0,1.51,20.0,0.006132359589774927
9.0,1.51,21.0,-0.0002497950804147969
9.0,2.01,0.0,0.026319198679475075
9.0,2.01,1.0,0.00038845193069070305
9.0,2.01,2.0,0.0037596936409107218
9.0,2.01,3.0,-9.944190609845194e-10
9.0,2.01,4.0,0.0011825908366348559
9.0,2.01,5.0,-0.0064648083398802375
9.0,2.01,6.0,0.0020854401680797663
9.0,2.01,7.0,-0.006609284742530841
9.0,2.01,8.0,-1.534369478695119e-09
9.0,2.01,9.0,-1.2800774470164767e-05
9.0,2.01,10.0,-0.0017192297343601448
9.0,2.01,11.0,-2.5302736987586893e-07
9.0,2.01,12.0,0.0005870713986009246
9.0,2.01,13.0,0.0034763227705156274
9.0,2.01,14.0,-1.6033876991288025e-05
9.0,2.01,15.0,6.491197702859774e-05
9.0,2.01,16.0,0.002513858459818219
9.0,2.01,17.0,-0.003508382616228878
9.0,2.01,18.0,0.0013556091057906061
9.0,2.01,19.0,-0.000533880844621748
9.0,2.01,20.0,0.00774082587153202
9.0,2.01,21.0,-0.0002497950848767902
9.0,2.51,0.0,0.03204267107995906
9.0,2.51,1.0,0.000456614686630441
9.0,2.51,2.0,0.004566346104104058
9.0,2.51,3.0,-9.944190609845194e-10
9.0,2.51,4.0,0.0016005390366627958
9.0,2.51,5.0,-0.007635564076255284
9.0,2.51,6.0,0.00228408374044764
9.0,2.51,7.0,-0.0072528798461064265
9.0,2.51,8.0,-1.5343694925729068e-09
9.0,2.51,9.0,-1.2800951436536257e-05
9.0,2.51,10.0,-0.0020280796850296323
9.0,2.51,11.0,-2.530273717216147e-07
9.0,2.51,12.0,0.0006336858760368491
9.0,2.51,13.0,0.00422429876094671
9.0,2.51,14.0,-1.603395246593929e-05
9.0,2.51,15.0,8.035447756385428e-05
9.0,2.51,16.0,0.0030308602298463327
9.0,2.51,17.0,-0.004172343296944825
9.0,2.51,18.0,0.001646684630011691
9.0,2.51,19.0,-0.0006574685213606712
9.0,2.51,20.0,0.009336558336084766
9.0,2.51,21.0,-0.0002497950888521727
9.0,3.01,0.0,0.037506497672443295
9.0,3.01,1.0,0.0005168061819335046
9.0,3.01,2.0,0.005353837611499018
9.0,3.01,3.0,-9.944190471067316e-10
9.0,3.01,4.0,0.0020131258095980042
9.0,3.01,5.0,-0.00875943384119561
9.0,3.01,6.0,0.002502637803405594
9.0,3.01,7.0,-0.007843135218518486
9.0,3.01,8.0,-1.5343694925729068e-09
9.0,3.01,9.0,-1.280109425822801e-05
9.0,3.01,10.0,-0.0023201852168004966
9.0,3.01,11.0,-2.5302737238774853e-07
9.0,3.01,12.0,0.0006924618520203207
9.0,3.01,13.0,0.0049597671960359135
9.0,3.01,14.0,-1.6034025043412303e-05
9.0,3.01,15.0,9.562624226917837e-05
9.0,3.01,16.0,0.003526120838896196
9.0,3.01,17.0,-0.004811075399661802
9.0,3.01,18.0,0.0019124207088519751
9.0,3.01,19.0,-0.0008026635274132055
9.0,3.01,20.0,0.010947571808853529
9.0,3.01,21.0,-0.0002497950902099824
9.0,3.51,0.0,0.04276774858959076
9.0,3.51,1.0,0.0005693998081887641
9.0,3.51,2.0,0.006116677332360071
9.0,3.51,3.0,-9.944190471067316e-10
9.0,3.51,4.0,0.0024441356932000113
9.0,3.51,5.0,-0.00983790697451005
9.0,3.51,6.0,0.0026899361262556765
9.0,3.51,7.0,-0.008384132414321371
9.0,3.51,8.0,-1.534369478695119e-09
9.0,3.51,9.0,-1.28012106188896e-05
9.0,3.51,10.0,-0.002600097021693476
9.0,3.51,11.0,-2.5302737269305986e-07
9.0,3.51,12.0,0.0007460732789462132
9.0,3.51,13.0,0.0056742756152499685
9.0,3.51,14.0,-1.603409222943881e-05
9.0,3.51,15.0,0.00011087980495272376
9.0,3.51,16.0,0.00399768494183822
9.0,3.51,17.0,-0.005427898058555702
9.0,3.51,18.0,0.0021679549428555156
9.0,3.51,19.0,-0.0009558935152521042
9.0,3.51,20.0,0.012520485273029736
9.0,3.51,21.0,-0.0002497950907855012
9.0,4.01,0.0,0.047841246915742985
9.0,4.01,1.0,0.0006208297391517292
9.0,4.01,2.0,0.006852276313058819
9.0,4.01,3.0,-9.944190471067316e-10
9.0,4.01,4.0,0.0028521379055774787
9.0,4.01,5.0,-0.010873351208261266
9.0,4.01,6.0,0.0028861965910707554
9.0,4.01,7.0,-0.008879698782755619
9.0,4.01,8.0,-1.5343694925729068e-09
9.0,4.01,9.0,-1.2801305799790724e-05
9.0,4.01,10.0,-0.0028681850794824437
9.0,4.01,11.0,-2.530273726653043e-07
9.0,4.01,12.0,0.0008012128825496956
9.0,4.01,13.0,0.006362967419028309
9.0,4.01,14.0,-1.603415682577103e-05
9.0,4.01,15.0,0.00012552567584757368
9.0,4.01,16.0,0.0044508200060607295
9.0,4.01,17.0,-0.006018449463422254
9.0,4.01,18.0,0.0024101406022326854
9.0,4.01,19.0,-0.0011048391325899631
9.0,4.01,20.0,0.014044273319573197
9.0,4.01,21.0,-0.00024979509062713484
10.0,0.01,0.0,-6.28106642759918e-05
10.0,0.01,1.0,-4.597254820798424e-05
10.0,0.01,2.0,0.00013764026078899594
10.0,0.01,3.0,-5.365764776943394e-10
10.0,0.01,4.0,0.0005071649014281032
10.0,0.01,5.0,-0.00011999379831159618
10.0,0.01,6.0,1.3904101867523444e-05
10.0,0.01,7.0,-5.7672245840842407e-05
10.0,0.01,8.0,-1.9314575494533415e-09
10.0,0.01,9.0,-0.0001704351149319841
10.0,0.01,10.0,-3.577132453119747e-05
10.0,0.01,11.0,-2.3551714813108138e-07
10.0,0.01,12.0,0.00013889350428553104
10.0,0.01,13.0,0.00015706933562403824
10.0,0.01,14.0,-0.0030000789097995974
10.0,0.01,15.0,4.837750951211528e-06
10.0,0.01,16.0,4.732018845615693e-05
10.0,0.01,17.0,-0.00011721050829682778
10.0,0.01,18.0,0.000536102135316241
10.0,0.01,19.0,-0.0006565123148605245
10.0,0.01,20.0,0.0003382571033849757
10.0,0.01,21.0,-0.0002677473635897404
10.0,0.51,0.0,0.009598422572886678
10.0,0.51,1.0,0.0003034968418106909
10.0,0.51,2.0,0.0022145873465497234
10.0,0.51,3.0,-5.365764915721272e-10
10.0,0.51,4.0,-0.00019196758461259567
10.0,0.51,5.0,-0.0025512831239141998
10.0,0.51,6.0,0.00012928287020863571
10.0,0.51,7.0,-0.000915417634359858
10.0,0.51,8.0,-1.931457577208917e-09
10.0,0.51,9.0,-0.0014918041204082452
10.0,0.51,10.0,-0.0004692282258684233
10.0,0.51,11.0,-2.3551716070435713e-07
10.0,0.51,12.0,0.0003581699784431236
10.0,0.51,13.0,0.002012270599958621
10.0,0.51,14.0,-0.00309126974238735
10.0,0.51,15.0,5.723083819464403e-05
10.0,0.51,16.0,0.0001816435611479983
10.0,0.51,17.0,-0.002271306984573257
10.0,0.51,18.0,0.0007608171885658543
10.0,0.51,19.0,-0.002776807991759056
10.0,0.51,20.0,0.0024067148819927886
10.0,0.51,21.0,-0.0002677473978166048
10.0,1.01,0.0,0.01838508864294658
10.0,1.01,1.0,0.0005521540223375476
10.0,1.01,2.0,0.0043533962306778196
10.0,1.01,3.0,-5.365764915721272e-10
10.0,1.01,4.0,-0.0006470724742368983
10.0,1.01,5.0,-0.004937979150865801
10.0,1.01,6.0,0.00015885559075290434
10.0,1.01,7.0,-0.0017562044406383148
10.0,1.01,8.0,-1.931457577208917e-09
10.0,1.01,9.0,-0.0027778644576829797
10.0,1.01,10.0,-0.0008868887438449324
10.0,1.01,11.0,-2.355171605100681e-07
10.0,1.01,12.0,0.0005091330101125169
10.0,1.01,13.0,0.003975285417360308
10.0,1.01,14.0,-0.0031780513701207486
10.0,1.01,15.0,0.00011371791926143016
10.0,1.01,16.0,0.0002720615993770381
10.0,1.01,17.0,-0.004449809867424714
10.0,1.01,18.0,0.0009493877950526586
10.0,1.01,19.0,-0.004998484984942736
10.0,1.01,20.0,0.0045872094006916275
10.0,1.01,21.0,-0.0002677473971823552
10.0,1.51,0.0,0.027731583039703245
10.0,1.51,1.0,0.0009356995262334578
10.0,1.51,2.0,0.006196171720238647
10.0,1.51,3.0,-5.365764915721272e-10
10.0,1.51,4.0,-0.001439565883142091
10.0,1.51,5.0,-0.007173972524599781
10.0,1.51,6.0,0.000321125111078735
10.0,1.51,7.0,-0.0025452777681318206
10.0,1.51,8.0,-1.9314575494533415e-09
10.0,1.51,9.0,-0.003995245728713438
10.0,1.51,10.0,-0.001290934758781087
10.0,1.51,11.0,-2.3551716116232413e-07
10.0,1.51,12.0,0.0007523139708398574
10.0,1.51,13.0,0.005585437920782532
10.0,1.51,14.0,-0.0032608391685396993
10.0,1.51,15.0,0.00015871741708425868
10.0,1.51,16.0,0.00042350232535096066
10.0,1.51,17.0,-0.006388925681677038
10.0,1.51,18.0,0.0011774378950414333
10.0,1.51,19.0,-0.006855472028308607
10.0,1.51,20.0,0.0063882420696600994
10.0,1.51,21.0,-0.00026774739914611073
10.0,2.01,0.0,0.036448476992184564
10.0,2.01,1.0,0.0012544840903984111
10.0,2.01,2.0,0.008052381631665967
10.0,2.01,3.0,-5.365764915721272e-10
10.0,2.01,4.0,-0.0020798492956011216
10.0,2.01,5.0,-0.00935706977833245
10.0,2.01,6.0,0.00043120947076863425
10.0,2.01,7.0,-0.0033158619020398628
10.0,2.01,8.0,-1.931457577208917e-09
10.0,2.01,9.0,-0.0051770292737831555
10.0,2.01,10.0,-0.0016807437730069485
10.0,2.01,11.0,-2.3551716128722422e-07
10.0,2.01,12.0,0.0009534228153976199
10.0,2.01,13.0,0.007239863512914613
10.0,2.01,14.0,-0.0033397666572742507
10.0,2.01,15.0,0.00020545161676809032
10.0,2.01,16.0,0.0005473098278277466
10.0,2.01,17.0,-0.008319697333270232
10.0,2.01,18.0,0.0013815866855885206
10.0,2.01,19.0,-0.008750043614917186
10.0,2.01,20.0,0.00823454851780897
10.0,2.01,21.0,-0.00026774739954329996
10.0,2.51,0.0,0.0448922287334973
10.0,2.51,1.0,0.0015664561066322524
10.0,2.51,2.0,0.009842821410153607
10.0,2.51,3.0,-5.365764915721272e-10
10.0,2.51,4.0,-0.0027037845194869403
10.0,2.51,5.0,-0.011465437641105275
10.0,2.51,6.0,0.0005406514951423746
10.0,2.51,7.0,-0.0040596101425335596
10.0,2.51,8.0,-1.9314575494533415e-09
10.0,2.51,9.0,-0.006316274843630884
10.0,2.51,10.0,-0.002057500056342476
10.0,2.51,11.0,-2.3551716100966846e-07
10.0,2.51,12.0,0.0011487839395615262
10.0,2.51,13.0,0.008833690041373132
10.0,2.51,14.0,-0.0034151170582364565
10.0,2.51,15.0,0.0002504386586680146
10.0,2.51,16.0,0.0006683962738201488
10.0,2.51,17.0,-0.01018203840825091
10.0,2.51,18.0,0.0015797365938460262
10.0,2.51,19.0,-0.01057397789002601
10.0,2.51,20.0,0.010012724105678328
10.0,2.51,21.0,-0.0002677473987867038
10.0,3.01,0.0,0.052965865246921706
10.0,3.01,1.0,0.0018515892240812404
10.0,3.01,2.0,0.011597352200023309
10.0,3.01,3.0,-5.365764915721272e-10
10.0,3.01,4.0,-0.0032681588246826765
10.0,3.01,5.0,-0.013510822819902943
10.0,3.01,6.0,0.0006326747406471545
10.0,3.01,7.0,-0.004781037498845633
10.0,3.01,8.0,-1.931457577208917e-09
10.0,3.01,9.0,-0.007417071342882553
10.0,3.01,10.0,-0.002421831949873582
10.0,3.01,11.0,-2.3551716124559086e-07
10.0,3.01,12.0,0.0013273917338331165
10.0,3.01,13.0,0.010404507688864362
10.0,3.01,14.0,-0.0034871103455001245
10.0,3.01,15.0,0.0002950870298260577
10.0,3.01,16.0,0.0007790216431155794
10.0,3.01,17.0,-0.011999634331793019
10.0,3.01,18.0,0.0017668540340124994
10.0,3.01,19.0,-0.01236682528638447
10.0,3.01,20.0,0.011763910225641772
10.0,3.01,21.0,-0.0002677473994588536
10.0,3.51,0.0,0.06095907786991911
10.0,3.51,1.0,0.0021613637303039
10.0,3.51,2.0,0.013242709297762556
10.0,3.51,3.0,-5.365764915721272e-10
10.0,3.51,4.0,-0.0038926902515139528
10.0,3.51,5.0,-0.015476030086446282
10.0,3.51,6.0,0.0007529615364642583
10.0,3.51,7.0,-0.005474879873662922
10.0,3.51,8.0,-1.9314575494533415e-09
10.0,3.51,9.0,-0.008475928619308758
10.0,3.51,10.0,-0.002774363741324948
10.0,3.51,11.0,-2.355171598161787e-07
10.0,3.51,12.0,0.0015216926329724156
10.0,3.51,13.0,0.01185985852775312
10.0,3.51,14.0,-0.0035559718248363344
10.0,3.51,15.0,0.000335784022901478
10.0,3.51,16.0,0.0009006036159167896
10.0,3.51,17.0,-0.013723909641429666
10.0,3.51,18.0,0.001957863502837387
10.0,3.51,19.0,-0.014039168584998818
10.0,3.51,20.0,0.01339049503593015
10.0,3.51,21.0,-0.0002677473954047979
10.0,4.01,0.0,0.06854917934944676
10.0,4.01,1.0,0.0024344132492089554
10.0,4.01,2.0,0.01487689367111672
10.0,4.01,3.0,-5.365764915721272e-10
10.0,4.01,4.0,-0.0044331745046142235
10.0,4.01,5.0,-0.01738919780009525
10.0,4.01,6.0,0.0008459896337489337
10.0,4.01,7.0,-0.0061498697880612435
10.0,4.01,8.0,-1.9314575494533415e-09
10.0,4.01,9.0,-0.009500594905581798
10.0,4.01,10.0,-0.0031155764040643186
10.0,4.01,11.0,-2.3551716012149004e-07
10.0,4.01,12.0,0.0016929133224229953
10.0,4.01,13.0,0.013320069425685532
10.0,4.01,14.0,-0.0036218777755711745
10.0,4.01,15.0,0.0003771298757171554
10.0,4.01,16.0,0.0010073133843927773
10.0,4.01,17.0,-0.015420123629716148
10.0,4.01,18.0,0.0021352581468211396
10.0,4.01,19.0,-0.01570570240060387
10.0,4.01,20.0,0.01501930178690769
10.0,4.01,21.0,-0.00026774739622804217
11.0,0.01,0.0,0.0006038202816582849
11.0,0.01,1.0,2.745649834784425e-05
11.0,0.01,2.0,6.987853240986164e-05
11.0,0.01,3.0,-1.3405492271800767e-09
11.0,0.01,4.0,0.0006558743978967163
11.0,0.01,5.0,-0.00018775726506926882
11.0,0.01,6.0,0.00015182327573642906
11.0,0.01,7.0,-0.0002800407312681611
11.0,0.01,8.0,-1.7490023873634186e-09
11.0,0.01,9.0,-0.0002767808663518695
11.0,0.01,10.0,-2.6550722239004898e-05
11.0,0.01,11.0,-2.4271562881761355e-07
11.0,0.01,12.0,0.00014214458481570658
11.0,0.01,13.0,7.91893784236608e-05
11.0,0.01,14.0,-0.0023416993916574543
11.0,0.01,15.0,2.990940705965839e-06
11.0,0.01,16.0,0.00015002366573840797
11.0,0.01,17.0,-6.663601007789177e-05
11.0,0.01,18.0,0.0004918815829075274
11.0,0.01,19.0,-0.0003472108287692621
11.0,0.01,20.0,0.00023803202838235116
11.0,0.01,21.0,-0.0001325856412602855
11.0,0.51,0.0,0.008570757714044808
11.0,0.51,1.0,0.00025740070002805426
11.0,0.51,2.0,0.0010463250637859356
11.0,0.51,3.0,-1.3405492271800767e-09
11.0,0.51,4.0,0.0005116548914806396
11.0,0.51,5.0,-0.0012486587256542309
11.0,0.51,6.0,0.00015635540415920302
11.0,0.51,7.0,-0.0002803915849066836
11.0,0.51,8.0,-1.7490023873634186e-09
11.0,0.51,9.0,-0.0011247097579516856
11.0,0.51,10.0,-0.00011327198137331407
11.0,0.51,11.0,-2.4271563429933973e-07
11.0,0.51,12.0,0.00010678869086774845
11.0,0.51,13.0,0.0012246064839523951
11.0,0.51,14.0,-0.0023596490670326434
11.0,0.51,15.0,4.3661179741513734e-05
11.0,0.51,16.0,0.0008391345102627956
11.0,0.51,17.0,-0.001198809983126825
11.0,0.51,18.0,0.0007060283125541189
11.0,0.51,19.0,-0.0010413227654647583
11.0,0.51,20.0,0.001884628725066173
11.0,0.51,21.0,-0.00013258564997920344
11.0,1.01,0.0,0.016299120757470087
11.0,1.01,1.0,0.00047611536037378555
11.0,1.01,2.0,0.0020086789099718894
11.0,1.01,3.0,-1.3405492271800767e-09
11.0,1.01,4.0,0.0003441385131015551
11.0,1.01,5.0,-0.00228564015842031
11.0,1.01,6.0,0.00018427508472584897
11.0,1.01,7.0,-0.0002806666205891528
11.0,1.01,8.0,-1.7490023873634186e-09
11.0,1.01,9.0,-0.001952623832658186
11.0,1.01,10.0,-0.00019588256328387232
11.0,1.01,11.0,-2.427156332168723e-07
11.0,1.01,12.0,0.00010543753936007039
11.0,1.01,13.0,0.002357517203628201
11.0,1.01,14.0,-0.002376878288958007
11.0,1.01,15.0,8.372783846215259e-05
11.0,1.01,16.0,0.0015195236209352148
11.0,1.01,17.0,-0.0022975168272734714
11.0,1.01,18.0,0.0009101353181937277
11.0,1.01,19.0,-0.0017286495614274866
11.0,1.01,20.0,0.0035291409182930944
11.0,1.01,21.0,-0.0001325856483772106
11.0,1.51,0.0,0.023799831269809224
11.0,1.51,1.0,0.000695584282225381
11.0,1.51,2.0,0.0029534756318928823
11.0,1.51,3.0,-1.3405492271800767e-09
11.0,1.51,4.0,0.00012180436506525893
11.0,1.51,5.0,-0.0033004715124371475
11.0,1.51,6.0,0.00026504971493379603
11.0,1.51,7.0,-0.00028088337264011104
11.0,1.51,8.0,-1.7490023734856308e-09
11.0,1.51,9.0,-0.0027611413963300954
11.0,1.51,10.0,-0.0002748740064241195
11.0,1.51,11.0,-2.427156285123022e-07
11.0,1.51,12.0,0.00013638785070863024
11.0,1.51,13.0,0.00347556223079315
11.0,1.51,14.0,-0.002393480548441448
11.0,1.51,15.0,0.00012205311435556365
11.0,1.51,16.0,0.0022026847067556643
11.0,1.51,17.0,-0.003356744409887258
11.0,1.51,18.0,0.0011051069245184286
11.0,1.51,19.0,-0.0024101716497499925
11.0,1.51,20.0,0.005167566631546661
11.0,1.51,21.0,-0.00013258564162033082
11.0,2.01,0.0,0.031116736362472586
11.0,2.01,1.0,0.000875074133006859
11.0,2.01,2.0,0.003889644501736206
11.0,2.01,3.0,-1.3405492271800767e-09
11.0,2.01,4.0,-6.0653250500308786e-05
11.0,2.01,5.0,-0.004291208859181453
11.0,2.01,6.0,0.0003094111424842838
11.0,2.01,7.0,-0.000281054821801431
11.0,2.01,8.0,-1.7490023873634186e-09
11.0,2.01,9.0,-0.0035509210358501617
11.0,2.01,10.0,-0.0003494396442289549
11.0,2.01,11.0,-2.427156302470257e-07
11.0,2.01,12.0,0.00019098547931672982
11.0,2.01,13.0,0.004581262681075227
11.0,2.01,14.0,-0.002409430147030876
11.0,2.01,15.0,0.00016253004816840777
11.0,2.01,16.0,0.002851521518194511
11.0,2.01,17.0,-0.0043956481061823705
11.0,2.01,18.0,0.0012898988539091771
11.0,2.01,19.0,-0.0030803538533641373
11.0,2.01,20.0,0.006798166804713679
11.0,2.01,21.0,-0.00013258564409423038
11.0,2.51,0.0,0.03820928695514414
11.0,2.51,1.0,0.001044470057640634
11.0,2.51,2.0,0.0048144037911126425
11.0,2.51,3.0,-1.3405492271800767e-09
11.0,2.51,4.0,-0.00030474275355329983
11.0,2.51,5.0,-0.005260764100106632
11.0,2.51,6.0,0.00041181599551820547
11.0,2.51,7.0,-0.0002811911079623421
11.0,2.51,8.0,-1.7490023873634186e-09
11.0,2.51,9.0,-0.004321733114638546
11.0,2.51,10.0,-0.00041917528506119073
11.0,2.51,11.0,-2.4271563142663766e-07
11.0,2.51,12.0,0.0002982866358769709
11.0,2.51,13.0,0.005678690688098675
11.0,2.51,14.0,-0.002424779824182853
11.0,2.51,15.0,0.00020234757346611343
11.0,2.51,16.0,0.003500788424996515
11.0,2.51,17.0,-0.005392172163489001
11.0,2.51,18.0,0.0014635165589271804
11.0,2.51,19.0,-0.0037464107976015737
11.0,2.51,20.0,0.008442074387383591
11.0,2.51,21.0,-0.00013258564572999482
11.0,3.01,0.0,0.045204798882695574
11.0,3.01,1.0,0.00123839513589602
11.0,3.01,2.0,0.005703257065509532
11.0,3.01,3.0,-1.3405492271800767e-09
11.0,3.01,4.0,-0.0005309935758117668
11.0,3.01,5.0,-0.006208131342640769
11.0,3.01,6.0,0.0005025168254668144
11.0,3.01,7.0,-0.00028129988425272507
11.0,3.01,8.0,-1.7490023873634186e-09
11.0,3.01,9.0,-0.005072818515536728
11.0,3.01,10.0,-0.0004903386034962598
11.0,3.01,11.0,-2.4271563188460465e-07
11.0,3.01,12.0,0.0003578557971372076
11.0,3.01,13.0,0.006732133868866397
11.0,3.01,14.0,-0.002439545497088441
11.0,3.01,15.0,0.00023894453135926697
11.0,3.01,16.0,0.00413635239578658
11.0,3.01,17.0,-0.006371995261503088
11.0,3.01,18.0,0.0016410866807545221
11.0,3.01,19.0,-0.004384728911763891
11.0,3.01,20.0,0.010000936950306294
11.0,3.01,21.0,-0.00013258564636173253
11.0,3.51,0.0,0.052165511912854456
11.0,3.51,1.0,0.0014786904561269743
11.0,3.51,2.0,0.006541691827687018
11.0,3.51,3.0,-1.3405491994245011e-09
11.0,3.51,4.0,-0.0006982933241657108
11.0,3.51,5.0,-0.007133925656607726
11.0,3.51,6.0,0.0005517568273363804
11.0,3.51,7.0,-0.0002813870609819197
11.0,3.51,8.0,-1.7490023873634186e-09
11.0,3.51,9.0,-0.005802985677431868
11.0,3.51,10.0,-0.0005679637418684047
11.0,3.51,11.0,-2.4271563077438163e-07
11.0,3.51,12.0,0.00031325652901961765
11.0,3.51,13.0,0.007719462694019019
11.0,3.51,14.0,-0.0024537397447482933
11.0,3.51,15.0,0.00027089114384988566
11.0,3.51,16.0,0.004760206812525758
11.0,3.51,17.0,-0.007352131251979643
11.0,3.51,18.0,0.0018308574130605493
11.0,3.51,19.0,-0.004985917712382326
11.0,3.51,20.0,0.011417232857678261
11.0,3.51,21.0,-0.00013258564472598197
11.0,4.01,0.0,0.05921098849205142
11.0,4.01,1.0,0.0017350091621002317
11.0,4.01,2.0,0.0073223866210471444
11.0,4.01,3.0,-1.3405492271800767e-09
11.0,4.01,4.0,-0.0006304049849543691
11.0,4.01,5.0,-0.00803646948239757
11.0,4.01,6.0,0.00040097324999693873
11.0,4.01,7.0,-0.00028145726077813605
11.0,4.01,8.0,-1.7490023873634186e-09
11.0,4.01,9.0,-0.0065112863096970924
11.0,4.01,10.0,-0.0006574192724486949
11.0,4.01,11.0,-2.427156326062496e-07
11.0,4.01,12.0,6.245258220155536e-05
11.0,4.01,13.0,0.008615792810359124
11.0,4.01,14.0,-0.0024673638845634695
11.0,4.01,15.0,0.00030159061114540253
11.0,4.01,16.0,0.0053249117069983365
11.0,4.01,17.0,-0.008378902291802465
11.0,4.01,18.0,0.002048354934276242
11.0,4.01,19.0,-0.005527374499914639
11.0,4.01,20.0,0.01260193954346861
11.0,4.01,21.0,-0.00013258564738654818
12.0,0.01,0.0,0.00025807964805268924
12.0,0.01,1.0,7.355585937934839e-05
12.0,0.01,2.0,-2.004134703595395e-05
12.0,0.01,3.0,-6.603261132331895e-10
12.0,0.01,4.0,-0.00023697970864533513
12.0,0.01,5.0,-3.2985027471621464e-05
12.0,0.01,6.0,-4.551543377301348e-05
12.0,0.01,7.0,-0.00012688366478105784
12.0,0.01,8.0,-1.8862395811947152e-09
12.0,0.01,9.0,-0.00043808486520777526
12.0,0.01,10.0,-1.1775543510117448e-05
12.0,0.01,11.0,-2.188946630898858e-07
12.0,0.01,12.0,-2.0321890610713877e-05
12.0,0.01,13.0,-8.811986729892474e-05
12.0,0.01,14.0,-6.179724011742557e-05
12.0,0.01,15.0,-4.3251107650216225e-06
12.0,0.01,16.0,-6.832324534505885e-05
12.0,0.01,17.0,-1.833668836612179e-05
12.0,0.01,18.0,-2.6709347593245614e-05
12.0,0.01,19.0,-0.00011030676714696153
12.0,0.01,20.0,-7.525009410536132e-05
12.0,0.01,21.0,-0.00020787523873060446
12.0,0.51,0.0,0.011516674800582105
12.0,0.51,1.0,0.00037801127650222144
12.0,0.51,2.0,0.0008769452957236301
12.0,0.51,3.0,-6.603261271109773e-10
12.0,0.51,4.0,-0.0009747570818284812
12.0,0.51,5.0,-0.002059715236797044
12.0,0.51,6.0,-0.00020516589394048435
12.0,0.51,7.0,-0.0020334957998754052
12.0,0.51,8.0,-1.8862395811947152e-09
12.0,0.51,9.0,-0.0023644360486421365
12.0,0.51,10.0,-0.00021604944383019076
12.0,0.51,11.0,-2.188946621878296e-07
12.0,0.51,12.0,-5.068247063622078e-05
12.0,0.51,13.0,0.001975954069953212
12.0,0.51,14.0,-6.179765138143083e-05
12.0,0.51,15.0,3.881525243196182e-05
12.0,0.51,16.0,-0.00024044609548729
12.0,0.51,17.0,-0.0014088019198010004
12.0,0.51,18.0,-3.827298274877711e-05
12.0,0.51,19.0,-0.001510367023332293
12.0,0.51,20.0,0.0011402367914036537
12.0,0.51,21.0,-0.00020787523766218133
12.0,1.01,0.0,0.022602546192869333
12.0,1.01,1.0,0.0007095600374080746
12.0,1.01,2.0,0.001737725752734648
12.0,1.01,3.0,-6.603261271109773e-10
12.0,1.01,4.0,-0.0016762815900870365
12.0,1.01,5.0,-0.004019486589497356
12.0,1.01,6.0,-0.00035084457984840833
12.0,1.01,7.0,-0.003884692185746025
12.0,1.01,8.0,-1.8862395534391396e-09
12.0,1.01,9.0,-0.004213797461486948
12.0,1.01,10.0,-0.00042066466932769164
12.0,1.01,11.0,-2.1889466421398662e-07
12.0,1.01,12.0,-0.0001005847837778906
12.0,1.01,13.0,0.00392685346726801
12.0,1.01,14.0,-6.179807424661762e-05
12.0,1.01,15.0,7.929238661688598e-05
12.0,1.01,16.0,-0.00039766036417823725
12.0,1.01,17.0,-0.0027611010784735213
12.0,1.01,18.0,-4.843345896959894e-05
12.0,1.01,19.0,-0.0028590542019062692
12.0,1.01,20.0,0.0022758818394437996
12.0,1.01,21.0,-0.0002078752424546776
12.0,1.51,0.0,0.033339708533594914
12.0,1.51,1.0,0.0009721519219066388
12.0,1.51,2.0,0.00259002557564178
12.0,1.51,3.0,-6.603261132331895e-10
12.0,1.51,4.0,-0.002142659349944398
12.0,1.51,5.0,-0.0059390567970629415
12.0,1.51,6.0,-0.000570400245128333
12.0,1.51,7.0,-0.005686746779954982
12.0,1.51,8.0,-1.8862395811947152e-09
12.0,1.51,9.0,-0.005990221225876998
12.0,1.51,10.0,-0.0006204458918997457
12.0,1.51,11.0,-2.1889466524094292e-07
12.0,1.51,12.0,-0.00017047973984771203
12.0,1.51,13.0,0.005884935192088325
12.0,1.51,14.0,-6.179849142762642e-05
12.0,1.51,15.0,0.00012161516655175009
12.0,1.51,16.0,-0.0005540208825899617
12.0,1.51,17.0,-0.004116882259625226
12.0,1.51,18.0,-8.600855321821976e-05
12.0,1.51,19.0,-0.004187580857121481
12.0,1.51,20.0,0.003377374563538177
12.0,1.51,21.0,-0.00020787524496298365
12.0,2.01,0.0,0.04379709125971121
12.0,2.01,1.0,0.0012614504374565128
12.0,2.01,2.0,0.0034152273983140413
12.0,2.01,3.0,-6.603261271109773e-10
12.0,2.01,4.0,-0.002765210068829238
12.0,2.01,5.0,-0.007806030872512998
12.0,2.01,6.0,-0.0007104908917499042
12.0,2.01,7.0,-0.007438747412151489
12.0,2.01,8.0,-1.8862395811947152e-09
12.0,2.01,9.0,-0.007687115016680478
12.0,2.01,10.0,-0.0008123910938955814
12.0,2.01,11.0,-2.1889466532420965e-07
12.0,2.01,12.0,-0.0002087507183665127
12.0,2.01,13.0,0.007773764944801587
12.0,2.01,14.0,-6.179893572121886e-05
12.0,2.01,15.0,0.0001610980064050832
12.0,2.01,16.0,-0.0006969661821475681
12.0,2.01,17.0,-0.005404628606749368
12.0,2.01,18.0,-9.194748577168177e-05
12.0,2.01,19.0,-0.005461755216710773
12.0,2.01,20.0,0.004481167191470681
12.0,2.01,21.0,-0.00020787524517288172
12.0,2.51,0.0,0.054024706511289544
12.0,2.51,1.0,0.0015503654667301525
12.0,2.51,2.0,0.00421761025607148
12.0,2.51,3.0,-6.603261271109773e-10
12.0,2.51,4.0,-0.003338050324012465
12.0,2.51,5.0,-0.009622336857282976
12.0,2.51,6.0,-0.0008450496711298605
12.0,2.51,7.0,-0.009141336880823421
12.0,2.51,8.0,-1.8862395811947152e-09
12.0,2.51,9.0,-0.009301262682571497
12.0,2.51,10.0,-0.0010014313261759167
12.0,2.51,11.0,-2.1889466267355218e-07
12.0,2.51,12.0,-0.00025397579108452084
12.0,2.51,13.0,0.009605664220393828
12.0,2.51,14.0,-6.179938450476658e-05
12.0,2.51,15.0,0.0001993071788526507
12.0,2.51,16.0,-0.000828417890336719
12.0,2.51,17.0,-0.006662093154794851
12.0,2.51,18.0,-9.66413358794993e-05
12.0,2.51,19.0,-0.006694349813056916
12.0,2.51,20.0,0.005543582092433136
12.0,2.51,21.0,-0.00020787523908281577
12.0,3.01,0.0,0.06403095523172175
12.0,3.01,1.0,0.001851985892932062
12.0,3.01,2.0,0.004995509636110229
12.0,3.01,3.0,-6.603261132331895e-10
12.0,3.01,4.0,-0.003920629870801329
12.0,3.01,5.0,-0.011388757620656498
12.0,3.01,6.0,-0.0009496406973414362
12.0,3.01,7.0,-0.010795023075506577
12.0,3.01,8.0,-1.8862395534391396e-09
12.0,3.01,9.0,-0.010829054613772504
12.0,3.01,10.0,-0.0011870407612097622
12.0,3.01,11.0,-2.1889466225721854e-07
12.0,3.01,12.0,-0.0002976923158990452
12.0,3.01,13.0,0.011370800796464964
12.0,3.01,14.0,-6.179985843521544e-05
12.0,3.01,15.0,0.00023573232433116154
12.0,3.01,16.0,-0.0009462480512746896
12.0,3.01,17.0,-0.007880213922546425
12.0,3.01,18.0,-9.128477823200365e-05
12.0,3.01,19.0,-0.007882215477356486
12.0,3.01,20.0,0.006574025299887043
12.0,3.01,21.0,-0.0002078752380762043
12.0,3.51,0.0,0.07379632602315711
12.0,3.51,1.0,0.002164577590200334
12.0,3.51,2.0,0.005751130529492415
12.0,3.51,3.0,-6.603261132331895e-10
12.0,3.51,4.0,-0.004535405574171092
12.0,3.51,5.0,-0.013109988725347854
12.0,3.51,6.0,-0.0010158840377337275
12.0,3.51,7.0,-0.012400961054938545
12.0,3.51,8.0,-1.8862395811947152e-09
12.0,3.51,9.0,-0.012267836080696688
12.0,3.51,10.0,-0.0013681192940594167
12.0,3.51,11.0,-2.1889466296498572e-07
12.0,3.51,12.0,-0.0003318692251761679
12.0,3.51,13.0,0.013081205736075852
12.0,3.51,14.0,-6.18003465880371e-05
12.0,3.51,15.0,0.0002701662775678182
12.0,3.51,16.0,-0.0010506189767074126
12.0,3.51,17.0,-0.00905726957061273
12.0,3.51,18.0,-7.232432908244046e-05
12.0,3.51,19.0,-0.00902658410741397
12.0,3.51,20.0,0.007588226385161656
12.0,3.51,21.0,-0.00020787523967684754
12.0,4.01,0.0,0.0833867661159935
12.0,4.01,1.0,0.0024891344860270004
12.0,4.01,2.0,0.0064833353680631145
12.0,4.01,3.0,-6.603261271109773e-10
12.0,4.01,4.0,-0.005088002835127781
12.0,4.01,5.0,-0.014783018349197596
12.0,4.01,6.0,-0.001074224417445091
12.0,4.01,7.0,-0.013958439279366627
12.0,4.01,8.0,-1.8862395811947152e-09
12.0,4.01,9.0,-0.013614483692456755
12.0,4.01,10.0,-0.0015486990437539316
12.0,4.01,11.0,-2.1889466352009723e-07
12.0,4.01,12.0,-0.00038191214776742144
12.0,4.01,13.0,0.014724632430003937
12.0,4.01,14.0,-6.180084632788636e-05
12.0,4.01,15.0,0.00030308631223092963
12.0,4.01,16.0,-0.0011400560671971094
12.0,4.01,17.0,-0.010209302884645527
12.0,4.01,18.0,-5.38653334473671e-05
12.0,4.01,19.0,-0.010130390550445928
12.0,4.01,20.0,0.008549437103404167
12.0,4.01,21.0,-0.0002078752409276942
13.0,0.01,0.0,-1.5786223425129364e-05
13.0,0.01,1.0,-6.332138116738051e-05
13.0,0.01,2.0,2.881825080999767e-05
13.0,0.01,3.0,-7.429658416269191e-10
13.0,0.01,4.0,5.741574736023436e-05
13.0,0.01,5.0,-8.408931910089401e-05
13.0,0.01,6.0,-0.00012228404651581926
13.0,0.01,7.0,-0.00023723643061719646
13.0,0.01,8.0,-1.5883941245631306e-09
13.0,0.01,9.0,-0.0004811962494812201
13.0,0.01,10.0,-2.0698948397596117e-05
13.0,0.01,11.0,-2.5148232274396776e-07
13.0,0.01,12.0,-4.047082020086634e-05
13.0,0.01,13.0,3.970970739750057e-05
13.0,0.01,14.0,-0.000288989759008369
13.0,0.01,15.0,5.708416544528139e-06
13.0,0.01,16.0,-6.387592800841113e-05
13.0,0.01,17.0,-8.361713526022774e-05
13.0,0.01,18.0,2.5500513129911306e-05
13.0,0.01,19.0,-0.00017697981809525198
13.0,0.01,20.0,-2.7338203698712427e-05
13.0,0.01,21.0,-7.432877554916506e-05
13.0,0.51,0.0,0.007228688307880038
13.0,0.51,1.0,1.2586292653549158e-05
13.0,0.51,2.0,0.0014042565490971493
13.0,0.51,3.0,-7.42965855504707e-10
13.0,0.51,4.0,0.0001673039920239705
13.0,0.51,5.0,-0.00178165432831974
13.0,0.51,6.0,-0.00017134117490247291
13.0,0.51,7.0,-0.0011973602637135178
13.0,0.51,8.0,-1.5883941384409184e-09
13.0,0.51,9.0,-0.001539499798235474
13.0,0.51,10.0,-0.0003498245548478607
13.0,0.51,11.0,-2.5148233162575195e-07
13.0,0.51,12.0,4.575392917910426e-05
13.0,0.51,13.0,0.0013578211890656056
13.0,0.51,14.0,-0.00028880951962795075
13.0,0.51,15.0,6.163611033986605e-05
13.0,0.51,16.0,-3.969877752688089e-05
13.0,0.51,17.0,-0.0016131448237668156
13.0,0.51,18.0,0.0003370992785629301
13.0,0.51,19.0,-0.0015759677205752498
13.0,0.51,20.0,0.0009729760997891357
13.0,0.51,21.0,-7.43287834396103e-05
13.0,1.01,0.0,0.01444393010880518
13.0,1.01,1.0,0.00038740301687889556
13.0,1.01,2.0,0.002600181513851524
13.0,1.01,3.0,-7.42965855504707e-10
13.0,1.01,4.0,-0.000289627451519503
13.0,1.01,5.0,-0.003368508083524735
13.0,1.01,6.0,-7.308723681542784e-06
13.0,1.01,7.0,-0.0021130007179615863
13.0,1.01,8.0,-1.5883941245631306e-09
13.0,1.01,9.0,-0.00254911552097915
13.0,1.01,10.0,-0.0006475306811908055
13.0,1.01,11.0,-2.51482330904107e-07
13.0,1.01,12.0,0.00033946359821601657
13.0,1.01,13.0,0.002451644205672704
13.0,1.01,14.0,-0.0002886268767406682
13.0,1.01,15.0,8.661823915631639e-05
13.0,1.01,16.0,0.0001268983380108557
13.0,1.01,17.0,-0.002988603822237451
13.0,1.01,18.0,0.0006507641776610229
13.0,1.01,19.0,-0.00275652008592589
13.0,1.01,20.0,0.0020354366122446454
13.0,1.01,21.0,-7.432878284406585e-05
13.0,1.51,0.0,0.021444271778524537
13.0,1.51,1.0,0.0006641474034579931
13.0,1.51,2.0,0.003773362162737909
13.0,1.51,3.0,-7.42965855504707e-10
13.0,1.51,4.0,-0.0005525031377628942
13.0,1.51,5.0,-0.0049058748040048394
13.0,1.51,6.0,9.091171628905492e-05
13.0,1.51,7.0,-0.002996401590647374
13.0,1.51,8.0,-1.5883941245631306e-09
13.0,1.51,9.0,-0.0035183636243091947
13.0,1.51,10.0,-0.0009471760241226423
13.0,1.51,11.0,-2.514823312371739e-07
13.0,1.51,12.0,0.0005407403664152155
13.0,1.51,13.0,0.0035284408867733152
13.0,1.51,14.0,-0.00028843997861945336
13.0,1.51,15.0,0.00011918036940260224
13.0,1.51,16.0,0.0002501524234994057
13.0,1.51,17.0,-0.004338919860104762
13.0,1.51,18.0,0.0009574618857783324
13.0,1.51,19.0,-0.003926247040041186
13.0,1.51,20.0,0.0029796062672311496
13.0,1.51,21.0,-7.432878315254132e-05
13.0,2.01,0.0,0.028120203233501395
13.0,2.01,1.0,0.0008760370754452573
13.0,2.01,2.0,0.004938308382096412
13.0,2.01,3.0,-7.429658416269191e-10
13.0,2.01,4.0,-0.0007078648260439024
13.0,2.01,5.0,-0.006402250205429713
13.0,2.01,6.0,0.00014871809294447758
13.0,2.01,7.0,-0.0038489587199470945
13.0,2.01,8.0,-1.5883941245631306e-09
13.0,2.01,9.0,-0.004449877045216804
13.0,2.01,10.0,-0.0012371689844564437
13.0,2.01,11.0,-2.514823314869741e-07
13.0,2.01,12.0,0.0007056002938290451
13.0,2.01,13.0,0.004613409638981186
13.0,2.01,14.0,-0.00028824870590142115
13.0,2.01,15.0,0.00015591921788390972
13.0,2.01,16.0,0.00034226442585336136
13.0,2.01,17.0,-0.005662783802458882
13.0,2.01,18.0,0.001248414227294381
13.0,2.01,19.0,-0.005092721299207681
13.0,2.01,20.0,0.0038966202889304524
13.0,2.01,21.0,-7.432878337020749e-05
13.0,2.51,0.0,0.03452912197028868
13.0,2.51,1.0,0.0010628913202127
13.0,2.51,2.0,0.006077997260517665
13.0,2.51,3.0,-7.429658416269191e-10
13.0,2.51,4.0,-0.0008290326280795957
13.0,2.51,5.0,-0.007852237765049938
13.0,2.51,6.0,0.0001936547696726465
13.0,2.51,7.0,-0.00467070287425362
13.0,2.51,8.0,-1.5883941245631306e-09
13.0,2.51,9.0,-0.00534408211103218
13.0,2.51,10.0,-0.0015160352167368774
13.0,2.51,11.0,-2.514823314592185e-07
13.0,2.51,12.0,0.0008598420112262417
13.0,2.51,13.0,0.005681737849495466
13.0,2.51,14.0,-0.0002880534158951558
13.0,2.51,15.0,0.00019321730313334728
13.0,2.51,16.0,0.00042253622906140986
13.0,2.51,17.0,-0.006948429220773711
13.0,2.51,18.0,0.001526468641749601
13.0,2.51,19.0,-0.006233509966192929
13.0,2.51,20.0,0.004794947648424364
13.0,2.51,21.0,-7.432878331320447e-05
13.0,3.01,0.0,0.04078227191507555
13.0,3.01,1.0,0.001259034223400124
13.0,3.01,2.0,0.007163409154098355
13.0,3.01,3.0,-7.429658416269191e-10
13.0,3.01,4.0,-0.0009664395071045662
13.0,3.01,5.0,-0.009248841203192401
13.0,3.01,6.0,0.0002486313694046727
13.0,3.01,7.0,-0.005462997325571178
13.0,3.01,8.0,-1.5883941245631306e-09
13.0,3.01,9.0,-0.006201440492971277
13.0,3.01,10.0,-0.001788271835872851
13.0,3.01,11.0,-2.514823325833193e-07
13.0,3.01,12.0,0.0010104975769587021
13.0,3.01,13.0,0.006690976523556297
13.0,3.01,14.0,-0.00028785496044682086
13.0,3.01,15.0,0.00022760987879030803
13.0,3.01,16.0,0.0005098262678188414
13.0,3.01,17.0,-0.0081840583519103
13.0,3.01,18.0,0.0018005947554929347
13.0,3.01,19.0,-0.007318546398393522
13.0,3.01,20.0,0.00564313144385209
13.0,3.01,21.0,-7.432878436011009e-05
13.0,3.51,0.0,0.04683524370279435
13.0,3.51,1.0,0.0014564275249653313
13.0,3.51,2.0,0.008212191793432355
13.0,3.51,3.0,-7.42965855504707e-10
13.0,3.51,4.0,-0.0011087920266884543
13.0,3.51,5.0,-0.010597908011714036
13.0,3.51,6.0,0.0003077202983158278
13.0,3.51,7.0,-0.006226246411183953
13.0,3.51,8.0,-1.5883941384409184e-09
13.0,3.51,9.0,-0.007023549917212619
13.0,3.51,10.0,-0.0020508554971334636
13.0,3.51,11.0,-2.514823303212399e-07
13.0,3.51,12.0,0.001159435145102472
13.0,3.51,13.0,0.007664768781217163
13.0,3.51,14.0,-0.0002876529639267128
13.0,3.51,15.0,0.0002604783326008997
13.0,3.51,16.0,0.0005976716715788144
13.0,3.51,17.0,-0.009376965848707813
13.0,3.51,18.0,0.002066070438437706
13.0,3.51,19.0,-0.00836447768041873
13.0,3.51,20.0,0.006466289255517066
13.0,3.51,21.0,-7.432878247547875e-05
13.0,4.01,0.0,0.05262050076471991
13.0,4.01,1.0,0.0016109760175277432
13.0,4.01,2.0,0.00925118250474763
13.0,4.01,3.0,-7.429658416269191e-10
13.0,4.01,4.0,-0.0011945387318624823
13.0,4.01,5.0,-0.011912475238013281
13.0,4.01,6.0,0.00034291440606210033
13.0,4.01,7.0,-0.006963852213352266
13.0,4.01,8.0,-1.5883941384409184e-09
13.0,4.01,9.0,-0.007812980636056774
13.0,4.01,10.0,-0.0023031091736987197
13.0,4.01,11.0,-2.514823304183844e-07
13.0,4.01,12.0,0.0012966697129327964
13.0,4.01,13.0,0.008642811805089884
13.0,4.01,14.0,-0.0002874474056917499
13.0,4.01,15.0,0.000295329334360217
13.0,4.01,16.0,0.0006661568209557489
13.0,4.01,17.0,-0.010543830366336021
13.0,4.01,18.0,0.0023176111943688793
13.0,4.01,19.0,-0.009401508657356339
13.0,4.01,20.0,0.007286002089568866
13.0,4.01,21.0,-7.432878252455755e-05
14.0,0.01,0.0,7.243745011886737e-05
14.0,0.01,1.0,-4.711254705525025e-06
14.0,0.01,2.0,4.823575948270653e-05
14.0,0.01,3.0,-1.1715218517505122e-09
14.0,0.01,4.0,0.00015781480158588712
14.0,0.01,5.0,-0.00012520237981733517
14.0,0.01,6.0,7.730592963706151e-05
14.0,0.01,7.0,-0.0001538653081522303
14.0,0.01,8.0,-1.4474773324391066e-09
14.0,0.01,9.0,-0.00010148508675263124
14.0,0.01,10.0,-4.273104174512543e-05
14.0,0.01,11.0,-2.387362007805205e-07
14.0,0.01,12.0,0.00010808665236597403
14.0,0.01,13.0,4.688851982839748e-05
14.0,0.01,14.0,-0.002101301188596102
14.0,0.01,15.0,-1.5886176667895269e-06
14.0,0.01,16.0,5.4432554796396415e-05
14.0,0.01,17.0,-0.00012850629410876557
14.0,0.01,18.0,0.00048664250289201516
14.0,0.01,19.0,-0.00034585919362575823
14.0,0.01,20.0,0.00025434281050745744
14.0,0.01,21.0,-2.1489267598484574e-05
14.0,0.51,0.0,0.004556338631792944
14.0,0.51,1.0,1.606016004690458e-05
14.0,0.51,2.0,0.0008651624972742245
14.0,0.51,3.0,-1.1715218517505122e-09
14.0,0.51,4.0,-0.0010759364418478912
14.0,0.51,5.0,-0.001465652797073294
14.0,0.51,6.0,0.00025917256209728734
14.0,0.51,7.0,-0.00015397634941719738
14.0,0.51,8.0,-1.4474773324391066e-09
14.0,0.51,9.0,-0.0005951136830137163
14.0,0.51,10.0,-0.00027250872533929327
14.0,0.51,11.0,-2.387362020017658e-07
14.0,0.51,12.0,0.00027163931348347936
14.0,0.51,13.0,0.0007100342394278925
14.0,0.51,14.0,-0.0017068921344087218
14.0,0.51,15.0,7.364899796691304e-06
14.0,0.51,16.0,-1.1950720053471864e-05
14.0,0.51,17.0,-0.0015003891063659902
14.0,0.51,18.0,0.0004681107942686169
14.0,0.51,19.0,-0.0013010567567417197
14.0,0.51,20.0,0.001568307875070507
14.0,0.51,21.0,-2.1489267944437007e-05
14.0,1.01,0.0,0.009383892231625779
14.0,1.01,1.0,5.489509120126801e-05
14.0,1.01,2.0,0.001603035045754042
14.0,1.01,3.0,-1.1715218517505122e-09
14.0,1.01,4.0,-0.0019929597394917065
14.0,1.01,5.0,-0.002738888060628636
14.0,1.01,6.0,0.0003316097091092818
14.0,1.01,7.0,-0.00015406285347262642
14.0,1.01,8.0,-1.4474773463168944e-09
14.0,1.01,9.0,-0.0010658018734699508
14.0,1.01,10.0,-0.0005039411277521777
14.0,1.01,11.0,-2.3873620091929837e-07
14.0,1.01,12.0,0.00038974825253274004
14.0,1.01,13.0,0.0012812081740910808
14.0,1.01,14.0,-0.001318026753360341
14.0,1.01,15.0,1.5367516813066806e-05
14.0,1.01,16.0,-0.00011285986685641292
14.0,1.01,17.0,-0.00279804989171753
14.0,1.01,18.0,0.00041905255799873364
14.0,1.01,19.0,-0.002179448948320506
14.0,1.01,20.0,0.0026278201454472683
14.0,1.01,21.0,-2.148926763558684e-05
14.0,1.51,0.0,0.014750402644625904
14.0,1.51,1.0,0.00011953980926066032
14.0,1.51,2.0,0.0022479928347579614
14.0,1.51,3.0,-1.1715218517505122e-09
14.0,1.51,4.0,-0.0024732937781547504
14.0,1.51,5.0,-0.00394046705661126
14.0,1.51,6.0,0.0002628511876334172
14.0,1.51,7.0,-0.0001541312025204562
14.0,1.51,8.0,-1.4474773463168944e-09
14.0,1.51,9.0,-0.001512061548673102
14.0,1.51,10.0,-0.0007406024386721055
14.0,1.51,11.0,-2.3873620084990943e-07
14.0,1.51,12.0,0.0004492298574826359
14.0,1.51,13.0,0.0017415872585916647
14.0,1.51,14.0,-0.0009343258144390663
14.0,1.51,15.0,2.222956099923179e-05
14.0,1.51,16.0,-0.0002599380731025114
14.0,1.51,17.0,-0.004014544496322325
14.0,1.51,18.0,0.0003300372782137351
14.0,1.51,19.0,-0.002965907863678202
14.0,1.51,20.0,0.0033853316165081138
14.0,1.51,21.0,-2.1489267619419217e-05
14.0,2.01,0.0,0.020128918109149185
14.0,2.01,1.0,0.00018957286240750548
14.0,2.01,2.0,0.0028542737945742302
14.0,2.01,3.0,-1.1715218517505122e-09
14.0,2.01,4.0,-0.0028256178652128483
14.0,2.01,5.0,-0.005097022751804889
14.0,2.01,6.0,0.00015805993598966284
14.0,2.01,7.0,-0.00015418562569830511
14.0,2.01,8.0,-1.4474773324391066e-09
14.0,2.01,9.0,-0.0019420080571154637
14.0,2.01,10.0,-0.0009731698612188977
14.0,2.01,11.0,-2.3873620141889873e-07
14.0,2.01,12.0,0.0004914925352503263
14.0,2.01,13.0,0.0021631148418765622
14.0,2.01,14.0,-0.0005569262104940329
14.0,2.01,15.0,2.8630193781839508e-05
14.0,2.01,16.0,-0.000415978089304353
14.0,2.01,17.0,-0.005183332616437997
14.0,2.01,18.0,0.0002317457844228099
14.0,2.01,19.0,-0.003711075326761043
14.0,2.01,20.0,0.004048035951178697
14.0,2.01,21.0,-2.148926778589022e-05
14.0,2.51,0.0,0.02493327528303041
14.0,2.51,1.0,0.0002413427798274026
14.0,2.51,2.0,0.0034844257425861447
14.0,2.51,3.0,-1.1715218517505122e-09
14.0,2.51,4.0,-0.0034158912559979493
14.0,2.51,5.0,-0.0062369908159000675
14.0,2.51,6.0,0.00014139423615860958
14.0,2.51,7.0,-0.00015422930442817378
14.0,2.51,8.0,-1.4474773463168944e-09
14.0,2.51,9.0,-0.0023641402404120347
14.0,2.51,10.0,-0.001191106533479258
14.0,2.51,11.0,-2.387362016964545e-07
14.0,2.51,12.0,0.0005657350027836183
14.0,2.51,13.0,0.002627803978201726
14.0,2.51,14.0,-0.00018738991225861895
14.0,2.51,15.0,3.538647483526669e-05
14.0,2.51,16.0,-0.0005369821368372829
14.0,2.51,17.0,-0.0063402670736179
14.0,2.51,18.0,0.00016041975374966877
14.0,2.51,19.0,-0.004470280292631579
14.0,2.51,20.0,0.0048534062395352295
14.0,2.51,21.0,-2.1489267866492412e-05
14.0,3.01,0.0,0.02954935210793247
14.0,3.01,1.0,0.0002897629775538979
14.0,3.01,2.0,0.004099622766909866
14.0,3.01,3.0,-1.1715218239949365e-09
14.0,3.01,4.0,-0.004014118080046258
14.0,3.01,5.0,-0.007344311107104193
14.0,3.01,6.0,0.0001335976542523043
14.0,3.01,7.0,-0.00015426449242098153
14.0,3.01,8.0,-1.4474773463168944e-09
14.0,3.01,9.0,-0.002774013959809637
14.0,3.01,10.0,-0.0014016207915363565
14.0,3.01,11.0,-2.3873620183523236e-07
14.0,3.01,12.0,0.0006409599375705732
14.0,3.01,13.0,0.003084149667407915
14.0,3.01,14.0,0.0001752571022381761
14.0,3.01,15.0,4.198335945534981e-05
14.0,3.01,16.0,-0.0006516547449146315
14.0,3.01,17.0,-0.007464655943267992
14.0,3.01,18.0,9.247352230518091e-05
14.0,3.01,19.0,-0.0052101086960824605
14.0,3.01,20.0,0.005650382581697311
14.0,3.01,21.0,-2.1489267902186082e-05
14.0,3.51,0.0,0.034020709899759916
14.0,3.51,1.0,0.0003364400786030619
14.0,3.51,2.0,0.004697476138169926
14.0,3.51,3.0,-1.1715218239949365e-09
14.0,3.51,4.0,-0.004600133795853056
14.0,3.51,5.0,-0.00841916014904659
14.0,3.51,6.0,0.00012783772261870663
14.0,3.51,7.0,-0.00015429299957236614
14.0,3.51,8.0,-1.4474773463168944e-09
14.0,3.51,9.0,-0.003171661773139947
14.0,3.51,10.0,-0.0016057236548395748
14.0,3.51,11.0,-2.387362017797212e-07
14.0,3.51,12.0,0.0007145455915650578
14.0,3.51,13.0,0.0035281229992858154
14.0,3.51,14.0,0.0005310011189088287
14.0,3.51,15.0,4.839734716351185e-05
14.0,3.51,16.0,-0.0007623187064563219
14.0,3.51,17.0,-0.008556163551168366
14.0,3.51,18.0,2.6284167250784085e-05
14.0,3.51,19.0,-0.005928162653572239
14.0,3.51,20.0,0.006427024438651785
14.0,3.51,21.0,-2.1489267889064634e-05
14.0,4.01,0.0,0.03838783636607401
14.0,4.01,1.0,0.00038285752917754934
14.0,4.01,2.0,0.005275294912226808
14.0,4.01,3.0,-1.1715218517505122e-09
14.0,4.01,4.0,-0.005152472843339029
14.0,4.01,5.0,-0.009461366637411303
14.0,4.01,6.0,0.00011653555560403595
14.0,4.01,7.0,-0.00015431619017539094
14.0,4.01,8.0,-1.4474773463168944e-09
14.0,4.01,9.0,-0.003557193712869944
14.0,4.01,10.0,-0.001804291483639836
14.0,4.01,11.0,-2.3873620159930997e-07
14.0,4.01,12.0,0.0007836087791819879
14.0,4.01,13.0,0.003955639742021788
14.0,4.01,14.0,0.0008800600901390215
14.0,4.01,15.0,5.458714369925566e-05
14.0,4.01,16.0,-0.0008716890959797607
14.0,4.01,17.0,-0.00961427829029031
14.0,4.01,18.0,-4.0188076584207755e-05
14.0,4.01,19.0,-0.006622280618392762
14.0,4.01,20.0,0.007170748900009072
14.0,4.01,21.0,-2.1489267838320503e-05
15.0,0.01,0.0,0.0012015609706924613
15.0,0.01,1.0,0.00017514773259968974
15.0,0.01,2.0,-0.0004036382521508952
15.0,0.01,3.0,-1.097535923255677e-09
15.0,0.01,4.0,0.0010863276262374488
15.0,0.01,5.0,-1.8432091479864132e-05
15.0,0.01,6.0,2.821139693931496e-05
15.0,0.01,7.0,-1.0421097206634358e-05
15.0,0.01,8.0,-1.9249065397186627e-09
15.0,0.01,9.0,-0.00013110101536148444
15.0,0.01,10.0,-0.00011027706542396376
15.0,0.01,11.0,-2.2610667527178663e-07
15.0,0.01,12.0,-0.0001760975516075236
15.0,0.01,13.0,-0.00028035256318661994
15.0,0.01,14.0,-0.0029335198360693026
15.0,0.01,15.0,-8.34477241565268e-06
15.0,0.01,16.0,-0.00011311143557557468
15.0,0.01,17.0,1.2520095658413721e-05
15.0,0.01,18.0,0.00040598126746932417
15.0,0.01,19.0,-0.00026696985446655885
15.0,0.01,20.0,-0.0002107469692164965
15.0,0.01,21.0,-0.00018322650591585943
15.0,0.51,0.0,0.005667341371755286
15.0,0.51,1.0,0.0002784964742952867
15.0,0.51,2.0,0.000925969202832555
15.0,0.51,3.0,-1.097535923255677e-09
15.0,0.51,4.0,-0.0005063117490869962
15.0,0.51,5.0,-0.001486912012208741
15.0,0.51,6.0,0.0002628094343041787
15.0,0.51,7.0,-1.0421391932544186e-05
15.0,0.51,8.0,-1.9249065397186627e-09
15.0,0.51,9.0,-0.0007685450222059964
15.0,0.51,10.0,-0.00030861628404191266
15.0,0.51,11.0,-2.261066755354646e-07
15.0,0.51,12.0,0.00027246180484086224
15.0,0.51,13.0,0.0005846904275478848
15.0,0.51,14.0,-0.0027713520552521812
15.0,0.51,15.0,1.1012682224781356e-05
15.0,0.51,16.0,0.0004395073523133508
15.0,0.51,17.0,-0.0005660541058293833
15.0,0.51,18.0,0.0006700758131057416
15.0,0.51,19.0,-0.0018406980962129282
15.0,0.51,20.0,0.000691254271315056
15.0,0.51,21.0,-0.00018322650689786557
15.0,1.01,0.0,0.010766484324457037
15.0,1.01,1.0,0.00031787176863334876
15.0,1.01,2.0,0.0020980352795458568
15.0,1.01,3.0,-1.097535923255677e-09
15.0,1.01,4.0,-0.00035520449500714424
15.0,1.01,5.0,-0.0028588916163408
15.0,1.01,6.0,9.26608117290395e-05
15.0,1.01,7.0,-1.0421624115344194e-05
15.0,1.01,8.0,-1.9249065674742383e-09
15.0,1.01,9.0,-0.001367002327225697
15.0,1.01,10.0,-0.0005630895815603998
15.0,1.01,11.0,-2.2610667443911936e-07
15.0,1.01,12.0,0.0002860304280632442
15.0,1.01,13.0,0.0013105169336934674
15.0,1.01,14.0,-0.0026060291093255618
15.0,1.01,15.0,3.4339845069925046e-05
15.0,1.01,16.0,0.00044889663529668056
15.0,1.01,17.0,-0.0013844560932216587
15.0,1.01,18.0,0.0006551248674522281
15.0,1.01,19.0,-0.0034057477631551925
15.0,1.01,20.0,0.0011517925600489087
15.0,1.01,21.0,-0.00018322650468935442
15.0,1.51,0.0,0.015764353875910797
15.0,1.51,1.0,0.0004733126089154216
15.0,1.51,2.0,0.003067869469074891
15.0,1.51,3.0,-1.097535923255677e-09
15.0,1.51,4.0,-0.0008392002130068188
15.0,1.51,5.0,-0.0041718952739452295
15.0,1.51,6.0,0.00012792405267991747
15.0,1.51,7.0,-1.0421806120995918e-05
15.0,1.51,8.0,-1.9249065397186627e-09
15.0,1.51,9.0,-0.001936167627585389
15.0,1.51,10.0,-0.000805284155656838
15.0,1.51,11.0,-2.2610667421707475e-07
15.0,1.51,12.0,0.00035685738900620434
15.0,1.51,13.0,0.001918435031499216
15.0,1.51,14.0,-0.0024435953476493154
15.0,1.51,15.0,5.015027915981907e-05
15.0,1.51,16.0,0.0006333435081595784
15.0,1.51,17.0,-0.002044651353297705
15.0,1.51,18.0,0.0007523137548475778
15.0,1.51,19.0,-0.004765248756197299
15.0,1.51,20.0,0.0016271760731536855
15.0,1.51,21.0,-0.00018322650417899877
15.0,2.01,0.0,0.020376176291682202
15.0,2.01,1.0,0.0005601701470526743
15.0,2.01,2.0,0.004107856475654287
15.0,2.01,3.0,-1.097535923255677e-09
15.0,2.01,4.0,-0.0011711116766844332
15.0,2.01,5.0,-0.0054360944526916435
15.0,2.01,6.0,9.871858163090774e-05
15.0,2.01,7.0,-1.0421950766953225e-05
15.0,2.01,8.0,-1.9249065397186627e-09
15.0,2.01,9.0,-0.00248567363348378
15.0,2.01,10.0,-0.0010292282705532119
15.0,2.01,11.0,-2.2610667475830848e-07
15.0,2.01,12.0,0.00044962860690050954
15.0,2.01,13.0,0.0025695073601682827
15.0,2.01,14.0,-0.0022818362928660853
15.0,2.01,15.0,6.85764493589397e-05
15.0,2.01,16.0,0.0007780863460010723
15.0,2.01,17.0,-0.002712213791230378
15.0,2.01,18.0,0.0008169217927158079
15.0,2.01,19.0,-0.006136006548893125
15.0,2.01,20.0,0.0021186744616801534
15.0,2.01,21.0,-0.00018322650541748725
15.0,2.51,0.0,0.024807404709241476
15.0,2.51,1.0,0.0006581289694699288
15.0,2.51,2.0,0.005089066296433936
15.0,2.51,3.0,-1.097535923255677e-09
15.0,2.51,4.0,-0.0015825661875903951
15.0,2.51,5.0,-0.006649230817248823
15.0,2.51,6.0,9.776904382680085e-05
15.0,2.51,7.0,-1.0422066610293171e-05
15.0,2.51,8.0,-1.9249065674742383e-09
15.0,2.51,9.0,-0.003012790392963413
15.0,2.51,10.0,-0.0012431459994517724
15.0,2.51,11.0,-2.2610667532729778e-07
15.0,2.51,12.0,0.000550310412706978
15.0,2.51,13.0,0.003185252873187938
15.0,2.51,14.0,-0.0021217026051666915
15.0,2.51,15.0,8.53101868536349e-05
15.0,2.51,16.0,0.0009426895162991111
15.0,2.51,17.0,-0.0033358356355256413
15.0,2.51,18.0,0.0008937084316744115
15.0,2.51,19.0,-0.007434255475635448
15.0,2.51,20.0,0.0025986556223161206
15.0,2.51,21.0,-0.00018322650671617757
15.0,3.01,0.0,0.029214662388752477
15.0,3.01,1.0,0.0007926134933172735
15.0,3.01,2.0,0.00595296007666396
15.0,3.01,3.0,-1.0975359510112526e-09
15.0,3.01,4.0,-0.002000807830247864
15.0,3.01,5.0,-0.00781034949280747
15.0,3.01,6.0,0.00012500520544372895
15.0,3.01,7.0,-1.0422159407006766e-05
15.0,3.01,8.0,-1.9249065674742383e-09
15.0,3.01,9.0,-0.0035160767864125114
15.0,3.01,10.0,-0.0014569418344562157
15.0,3.01,11.0,-2.261066752023977e-07
15.0,3.01,12.0,0.0006118882930805647
15.0,3.01,13.0,0.003726702234905843
15.0,3.01,14.0,-0.001963214321552601
15.0,3.01,15.0,9.934703538158618e-05
15.0,3.01,16.0,0.0011022302484899882
15.0,3.01,17.0,-0.003921729743341706
15.0,3.01,18.0,0.0009753804511375419
15.0,3.01,19.0,-0.008637734883590598
15.0,3.01,20.0,0.0030184257362934896
15.0,3.01,21.0,-0.00018322650633943727
15.0,3.51,0.0,0.03342115759629272
15.0,3.51,1.0,0.0009131073708471549
15.0,3.51,2.0,0.006801237634349755
15.0,3.51,3.0,-1.0975359510112526e-09
15.0,3.51,4.0,-0.0023907225644024255
15.0,3.51,5.0,-0.00892744411051253
15.0,3.51,6.0,0.00014333473924726947
15.0,3.51,7.0,-1.0422234370818373e-05
15.0,3.51,8.0,-1.9249065674742383e-09
15.0,3.51,9.0,-0.004000315317051348
15.0,3.51,10.0,-0.0016609347649366446
15.0,3.51,11.0,-2.2610667470279733e-07
15.0,3.51,12.0,0.0006763564477543782
15.0,3.51,13.0,0.004258215819992861
15.0,3.51,14.0,-0.0018062658292723622
15.0,3.51,15.0,0.00011333153320680633
15.0,3.51,16.0,0.0012526495486371858
15.0,3.51,17.0,-0.004489319527419516
15.0,3.51,18.0,0.0010501095463841814
15.0,3.51,19.0,-0.009803468433063123
15.0,3.51,20.0,0.0034291815292627204
15.0,3.51,21.0,-0.00018322650516063715
15.0,4.01,0.0,0.03745174077168678
15.0,4.01,1.0,0.0010342888113611393
15.0,4.01,2.0,0.007617754630522833
15.0,4.01,3.0,-1.097535923255677e-09
15.0,4.01,4.0,-0.0028199232367794314
15.0,4.01,5.0,-0.010003063256820224
15.0,4.01,6.0,0.00017680948311005196
15.0,4.01,7.0,-1.0422295095194799e-05
15.0,4.01,8.0,-1.9249065674742383e-09
15.0,4.01,9.0,-0.004465838077176945
15.0,4.01,10.0,-0.0018558467595791994
15.0,4.01,11.0,-2.26106675771387e-07
15.0,4.01,12.0,0.0007490119761595637
15.0,4.01,13.0,0.004770618664113296
15.0,4.01,14.0,-0.0016512352335855494
15.0,4.01,15.0,0.00012662111706711332
15.0,4.01,16.0,0.0014152715016279016
15.0,4.01,17.0,-0.005026503124452714
15.0,4.01,18.0,0.001130752689130543
15.0,4.01,19.0,-0.010919192565301883
15.0,4.01,20.0,0.003835605644533474
15.0,4.01,21.0,-0.00018322650759835385
16.0,0.01,0.0,0.0007555833899499653
16.0,0.01,1.0,5.4218071359413145e-05
16.0,0.01,2.0,0.0001453855963237105
16.0,0.01,3.0,-1.416405548404498e-09
16.0,0.01,4.0,-0.00019899602241879588
16.0,0.01,5.0,-0.0006053613155035664
16.0,0.01,6.0,0.0006404503776124004
16.0,0.01,7.0,-0.002402052084134418
16.0,0.01,8.0,-1.8330445772374304e-09
16.0,0.01,9.0,-0.00021724942442580275
16.0,0.01,10.0,-0.00011783038146451208
16.0,0.01,11.0,-2.518499082893033e-07
16.0,0.01,12.0,0.0005903483317643565
16.0,0.01,13.0,8.105701438732016e-05
16.0,0.01,14.0,-0.0029837024917968888
16.0,0.01,15.0,5.232520670639396e-07
16.0,0.01,16.0,1.6437037415995004e-05
16.0,0.01,17.0,-0.00040887240782269685
16.0,0.01,18.0,0.0003328467264558377
16.0,0.01,19.0,-0.00031137986652288174
16.0,0.01,20.0,0.000341159365960908
16.0,0.01,21.0,-5.44396179040646e-05
16.0,0.51,0.0,0.0074222284188653065
16.0,0.51,1.0,0.00015515447739128385
16.0,0.51,2.0,0.0018234108975659913
16.0,0.51,3.0,-1.416405548404498e-09
16.0,0.51,4.0,0.0004583253241341456
16.0,0.51,5.0,-0.001753806651284287
16.0,0.51,6.0,0.0005366649448416694
16.0,0.51,7.0,-0.0024527541422553678
16.0,0.51,8.0,-1.833044604993006e-09
16.0,0.51,9.0,-0.0008962006122130682
16.0,0.51,10.0,-0.0004007882245729011
16.0,0.51,11.0,-2.518499100379046e-07
16.0,0.51,12.0,0.0004758436646688513
16.0,0.51,13.0,0.000965616606919073
16.0,0.51,14.0,-0.002915538688911085
16.0,0.51,15.0,2.3997129955433127e-05
16.0,0.51,16.0,-0.00022581462072515657
16.0,0.51,17.0,-0.0018288582166268441
16.0,0.51,18.0,0.0007552180566443023
16.0,0.51,19.0,-0.0012150888079512367
16.0,0.51,20.0,0.0011758719760818215
16.0,0.51,21.0,-5.4439619179072474e-05
16.0,1.01,0.0,0.013865450372465782
16.0,1.01,1.0,0.00026333708797332545
16.0,1.01,2.0,0.0034443245872015638
16.0,1.01,3.0,-1.4164055206489223e-09
16.0,1.01,4.0,0.0009674636593750563
16.0,1.01,5.0,-0.00286564083350091
16.0,1.01,6.0,0.0005567478569388773
16.0,1.01,7.0,-0.002494160752584372
16.0,1.01,8.0,-1.833044604993006e-09
16.0,1.01,9.0,-0.0015553277169744334
16.0,1.01,10.0,-0.0006579467431564734
16.0,1.01,11.0,-2.5184990813664765e-07
16.0,1.01,12.0,0.00048363466898937446
16.0,1.01,13.0,0.0018211148591836257
16.0,1.01,14.0,-0.002847408198391315
16.0,1.01,15.0,4.5973210597030634e-05
16.0,1.01,16.0,-0.00047437901237532
16.0,1.01,17.0,-0.0031799537972615477
16.0,1.01,18.0,0.0011041533949974758
16.0,1.01,19.0,-0.0020543681280082438
16.0,1.01,20.0,0.002040028249461867
16.0,1.01,21.0,-5.443961789192847e-05
16.0,1.51,0.0,0.019927270934054442
16.0,1.51,1.0,0.0003767483518115067
16.0,1.51,2.0,0.005049854077294191
16.0,1.51,3.0,-1.416405548404498e-09
16.0,1.51,4.0,0.0012298824559647814
16.0,1.51,5.0,-0.003943378391953356
16.0,1.51,6.0,0.0008259779377636223
16.0,1.51,7.0,-0.002528104985804015
16.0,1.51,8.0,-1.833044604993006e-09
16.0,1.51,9.0,-0.0021980015187064404
16.0,1.51,10.0,-0.0008663365529842926
16.0,1.51,11.0,-2.5184990860849243e-07
16.0,1.51,12.0,0.0007658602057671882
16.0,1.51,13.0,0.0026707520613630242
16.0,1.51,14.0,-0.00277956260087402
16.0,1.51,15.0,6.637793068374476e-05
16.0,1.51,16.0,-0.0007519145004140915
16.0,1.51,17.0,-0.004453474959682846
16.0,1.51,18.0,0.0013203638268440288
16.0,1.51,19.0,-0.0028209853067419632
16.0,1.51,20.0,0.003066062244029444
16.0,1.51,21.0,-5.443961821285925e-05
16.0,2.01,0.0,0.025953304279246137
16.0,2.01,1.0,0.0005061293300601677
16.0,2.01,2.0,0.006539518325377192
16.0,2.01,3.0,-1.416405548404498e-09
16.0,2.01,4.0,0.0012932299745792575
16.0,2.01,5.0,-0.004985811682093777
16.0,2.01,6.0,0.0012174148892485914
16.0,2.01,7.0,-0.0025560267063131697
16.0,2.01,8.0,-1.8330445772374304e-09
16.0,2.01,9.0,-0.002819588847830963
16.0,2.01,10.0,-0.0010682137433118133
16.0,2.01,11.0,-2.5184990994076006e-07
16.0,2.01,12.0,0.0010891348878496743
16.0,2.01,13.0,0.0034608910321128894
16.0,2.01,14.0,-0.0027120257512262312
16.0,2.01,15.0,8.489641252257263e-05
16.0,2.01,16.0,-0.0010015922852795456
16.0,2.01,17.0,-0.005653852438048973
16.0,2.01,18.0,0.0015404636983267772
16.0,2.01,19.0,-0.0034986197794670826
16.0,2.01,20.0,0.004004281702009116
16.0,2.01,21.0,-5.443961914221307e-05
16.0,2.51,0.0,0.03186794443983376
16.0,2.51,1.0,0.0006231482082473261
16.0,2.51,2.0,0.0079943929093938
16.0,2.51,3.0,-1.416405548404498e-09
16.0,2.51,4.0,0.001507659187392818
16.0,2.51,5.0,-0.006001464185794017
16.0,2.51,6.0,0.001453766462989503
16.0,2.51,7.0,-0.0025790919076062067
16.0,2.51,8.0,-1.833044604993006e-09
16.0,2.51,9.0,-0.0034236155362182934
16.0,2.51,10.0,-0.0012823902773242413
16.0,2.51,11.0,-2.5184991041260485e-07
16.0,2.51,12.0,0.0012708043771210709
16.0,2.51,13.0,0.004231083137059499
16.0,2.51,14.0,-0.0026443685284602224
16.0,2.51,15.0,0.00010368998328659507
16.0,2.51,16.0,-0.0012338448819142755
16.0,2.51,17.0,-0.0068480511025564295
16.0,2.51,18.0,0.00180637621174784
16.0,2.51,19.0,-0.004196891613388848
16.0,2.51,20.0,0.004853106963006948
16.0,2.51,21.0,-5.443961945723885e-05
16.0,3.01,0.0,0.03755171749703079
16.0,3.01,1.0,0.0007257887370445415
16.0,3.01,2.0,0.009451336272963629
16.0,3.01,3.0,-1.416405548404498e-09
16.0,3.01,4.0,0.0018252788763962746
16.0,3.01,5.0,-0.006992273730076437
16.0,3.01,6.0,0.0016113837074327453
16.0,3.01,7.0,-0.002598216110179785
16.0,3.01,8.0,-1.8330445772374304e-09
16.0,3.01,9.0,-0.0040128264622151105
16.0,3.01,10.0,-0.0014913641197318583
16.0,3.01,11.0,-2.518499093162596e-07
16.0,3.01,12.0,0.0014218062265048959
16.0,3.01,13.0,0.005001439782732542
16.0,3.01,14.0,-0.002576677457361752
16.0,3.01,15.0,0.00012273568668676182
16.0,3.01,16.0,-0.0014713937812955713
16.0,3.01,17.0,-0.008031246181521179
16.0,3.01,18.0,0.0020593932266434467
16.0,3.01,19.0,-0.004914573743282663
16.0,3.01,20.0,0.00571329134005516
16.0,3.01,21.0,-5.443961868185215e-05
16.0,3.51,0.0,0.04310962842620625
16.0,3.51,1.0,0.0008303524810794882
16.0,3.51,2.0,0.010855528466007569
16.0,3.51,3.0,-1.416405548404498e-09
16.0,3.51,4.0,0.0020847285435317
16.0,3.51,5.0,-0.007955537966749818
16.0,3.51,6.0,0.0017998447431928355
16.0,3.51,7.0,-0.002614125297562998
16.0,3.51,8.0,-1.8330445772374304e-09
16.0,3.51,9.0,-0.004585365512077531
16.0,3.51,10.0,-0.0016934018575290866
16.0,3.51,11.0,-2.518499080672587e-07
16.0,3.51,12.0,0.001586623848174873
16.0,3.51,13.0,0.0057441709783401795
16.0,3.51,14.0,-0.002509134236074481
16.0,3.51,15.0,0.00014096697098886501
16.0,3.51,16.0,-0.0016995366549524271
16.0,3.51,17.0,-0.00917318997849309
16.0,3.51,18.0,0.0023032975809427203
16.0,3.51,19.0,-0.00559627078256808
16.0,3.51,20.0,0.00654231197423405
16.0,3.51,21.0,-5.443961785109308e-05
16.0,4.01,0.0,0.04869825681986906
16.0,4.01,1.0,0.0009375174157140731
16.0,4.01,2.0,0.012168496012208707
16.0,4.01,3.0,-1.416405548404498e-09
16.0,4.01,4.0,0.0023683264260530024
16.0,4.01,5.0,-0.008891338237612526
16.0,4.01,6.0,0.0019051176524478297
16.0,4.01,7.0,-0.0026274036253031152
16.0,4.01,8.0,-1.833044604993006e-09
16.0,4.01,9.0,-0.005139729777965965
16.0,4.01,10.0,-0.001910730894713386
16.0,4.01,11.0,-2.5184991074567176e-07
16.0,4.01,12.0,0.0016214092371256705
16.0,4.01,13.0,0.006437971078847027
16.0,4.01,14.0,-0.0024416573667305655
16.0,4.01,15.0,0.00015858786929021096
16.0,4.01,16.0,-0.0018913851673980353
16.0,4.01,17.0,-0.01028521762071849
16.0,4.01,18.0,0.002616457415619
16.0,4.01,19.0,-0.006250357708892262
16.0,4.01,20.0,0.007219031132361942
16.0,4.01,21.0,-5.44396196677302e-05
17.0,0.01,0.0,0.0004601309290419575
17.0,0.01,1.0,2.778394818242491e-05
17.0,0.01,2.0,6.836332835488679e-05
17.0,0.01,3.0,-1.4150347837915689e-09
17.0,0.01,4.0,0.00048822308114382373
17.0,0.01,5.0,-0.0008715235405816653
17.0,0.01,6.0,0.0003900357282183853
17.0,0.01,7.0,-5.255754512483458e-05
17.0,0.01,8.0,-1.992445958221012e-09
17.0,0.01,9.0,-3.495935758736357e-05
17.0,0.01,10.0,-0.0002449313180430124
17.0,0.01,11.0,-2.504190514951432e-07
17.0,0.01,12.0,0.0004088859267591394
17.0,0.01,13.0,9.180442302758607e-05
17.0,0.01,14.0,-0.0029232757064668285
17.0,0.01,15.0,4.269571523579652e-06
17.0,0.01,16.0,0.0002946358811809491
17.0,0.01,17.0,-0.0003884147909407609
17.0,0.01,18.0,0.0008508260211663177
17.0,0.01,19.0,-0.000579782295869441
17.0,0.01,20.0,0.0002523468075350255
17.0,0.01,21.0,-6.917515677299507e-05
17.0,0.51,0.0,0.0015157937583414327
17.0,0.51,1.0,-5.423984254454561e-05
17.0,0.51,2.0,0.00038897084720146413
17.0,0.51,3.0,-1.4150347837915689e-09
17.0,0.51,4.0,0.00022785049031526228
17.0,0.51,5.0,-0.0011739384025412011
17.0,0.51,6.0,0.00026597276090845057
17.0,0.51,7.0,-5.2558921448703845e-05
17.0,0.51,8.0,-1.992445958221012e-09
17.0,0.51,9.0,-0.00017063510352079148
17.0,0.51,10.0,-0.00028633404766781334
17.0,0.51,11.0,-2.504190527718997e-07
17.0,0.51,12.0,0.0004233387423703827
17.0,0.51,13.0,0.0005807581495019809
17.0,0.51,14.0,-0.002893323618391023
17.0,0.51,15.0,2.9648120734040995e-05
17.0,0.51,16.0,0.00012274417289781514
17.0,0.51,17.0,-0.0008518509948358122
17.0,0.51,18.0,0.0008567327306766015
17.0,0.51,19.0,-0.0012474632881947223
17.0,0.51,20.0,0.000440894736626396
17.0,0.51,21.0,-6.917515795410584e-05
17.0,1.01,0.0,0.0030576309020829973
17.0,1.01,1.0,-1.8511733494930294e-05
17.0,1.01,2.0,0.000610215604953529
17.0,1.01,3.0,-1.4150347837915689e-09
17.0,1.01,4.0,-4.518318451363079e-05
17.0,1.01,5.0,-0.0014604448611919701
17.0,1.01,6.0,0.00017361033933260828
17.0,1.01,7.0,-5.2560096725822486e-05
17.0,1.01,8.0,-1.992445958221012e-09
17.0,1.01,9.0,-0.0002711386582854719
17.0,1.01,10.0,-0.00033169631757878903
17.0,1.01,11.0,-2.5041905396538944e-07
17.0,1.01,12.0,0.0004102813202006006
17.0,1.01,13.0,0.0008888437214717437
17.0,1.01,14.0,-0.0028637801545604883
17.0,1.01,15.0,4.375789073879366e-05
17.0,1.01,16.0,4.234001916292307e-06
17.0,1.01,17.0,-0.0012581860536268613
17.0,1.01,18.0,0.0008544908014409547
17.0,1.01,19.0,-0.0017588991340554694
17.0,1.01,20.0,0.0005427609019631463
17.0,1.01,21.0,-6.917515906281618e-05
17.0,1.51,0.0,0.004457836501205459
17.0,1.51,1.0,-9.49866775051822e-06
17.0,1.51,2.0,0.0008461810084501864
17.0,1.51,3.0,-1.4150347837915689e-09
17.0,1.51,4.0,-0.00031262113528163216
17.0,1.51,5.0,-0.0017424622901394717
17.0,1.51,6.0,8.200182738193895e-05
17.0,1.51,7.0,-5.256119359795021e-05
17.0,1.51,8.0,-1.992445958221012e-09
17.0,1.51,9.0,-0.00037626633915142926
17.0,1.51,10.0,-0.0003746127157795709
17.0,1.51,11.0,-2.5041905382661156e-07
17.0,1.51,12.0,0.0004057252848690407
17.0,1.51,13.0,0.0012249664476026156
17.0,1.51,14.0,-0.0028343917006004382
17.0,1.51,15.0,6.005407101121463e-05
17.0,1.51,16.0,-0.00012076400899824202
17.0,1.51,17.0,-0.0016653493966214683
17.0,1.51,18.0,0.0008521295189077849
17.0,1.51,19.0,-0.002291752790542889
17.0,1.51,20.0,0.0006618094377756067
17.0,1.51,21.0,-6.917515893015841e-05
17.0,2.01,0.0,0.005875722041991938
17.0,2.01,1.0,1.0049774032905301e-05
17.0,2.01,2.0,0.0010681988472416581
17.0,2.01,3.0,-1.4150347837915689e-09
17.0,2.01,4.0,-0.0005774544989647357
17.0,2.01,5.0,-0.002017410856031892
17.0,2.01,6.0,-3.89382817311823e-06
17.0,2.01,7.0,-5.256222131805395e-05
17.0,2.01,8.0,-1.992445958221012e-09
17.0,2.01,9.0,-0.000476199031800531
17.0,2.01,10.0,-0.0004169772843488073
17.0,2.01,11.0,-2.504190532298667e-07
17.0,2.01,12.0,0.0003992363195927662
17.0,2.01,13.0,0.0015375829582837675
17.0,2.01,14.0,-0.0028052238057874783
17.0,2.01,15.0,7.498351037185658e-05
17.0,2.01,16.0,-0.00023793165276697614
17.0,2.01,17.0,-0.0020592131758239013
17.0,2.01,18.0,0.0008486347912617931
17.0,2.01,19.0,-0.0027997218810408564
17.0,2.01,20.0,0.0007707814209720332
17.0,2.01,21.0,-6.91751583956346e-05
17.0,2.51,0.0,0.007243643918432463
17.0,2.51,1.0,2.1743551381403492e-05
17.0,2.51,2.0,0.0012899190596249999
17.0,2.51,3.0,-1.4150347837915689e-09
17.0,2.51,4.0,-0.0008309228260721113
17.0,2.51,5.0,-0.0022866247816984396
17.0,2.51,6.0,-9.341248069572039e-05
17.0,2.51,7.0,-5.25631837661486e-05
17.0,2.51,8.0,-1.992445958221012e-09
17.0,2.51,9.0,-0.0005752983439881315
17.0,2.51,10.0,-0.00045831470469034907
17.0,2.51,11.0,-2.504190527580219e-07
17.0,2.51,12.0,0.0003928861084797619
17.0,2.51,13.0,0.0018510913324853995
17.0,2.51,14.0,-0.002776245070530664
17.0,2.51,15.0,9.034190033900547e-05
17.0,2.51,16.0,-0.0003571734626684475
17.0,2.51,17.0,-0.002446620910995928
17.0,2.51,18.0,0.0008468051309503677
17.0,2.51,19.0,-0.003302663422222185
17.0,2.51,20.0,0.0008799070085846739
17.0,2.51,21.0,-6.91751579655342e-05
17.0,3.01,0.0,0.009046485075628885
17.0,3.01,1.0,0.0001749648915526092
17.0,3.01,2.0,0.001409529003258192
17.0,3.01,3.0,-1.4150347560359933e-09
17.0,3.01,4.0,-0.001172121401531112
17.0,3.01,5.0,-0.00254213910466582
17.0,3.01,6.0,-8.591315582273662e-05
17.0,3.01,7.0,-5.256407754379448e-05
17.0,3.01,8.0,-1.992445958221012e-09
17.0,3.01,9.0,-0.0006404896736892929
17.0,3.01,10.0,-0.0005012012389573051
17.0,3.01,11.0,-2.504190527441441e-07
17.0,3.01,12.0,0.00038139312543994386
17.0,3.01,13.0,0.0019852706191908487
17.0,3.01,14.0,-0.0027477174611424448
17.0,3.01,15.0,9.166829025364365e-05
17.0,3.01,16.0,-0.0003887584802387267
17.0,3.01,17.0,-0.002776049186285212
17.0,3.01,18.0,0.0008159608711630906
17.0,3.01,19.0,-0.0036542202141202074
17.0,3.01,20.0,0.0009235745523423489
17.0,3.01,21.0,-6.91751579819308e-05
17.0,3.51,0.0,0.010524934338451475
17.0,3.51,1.0,0.00023838266926451412
17.0,3.51,2.0,0.0015859842259141887
17.0,3.51,3.0,-1.4150347560359933e-09
17.0,3.51,4.0,-0.001448809565068876
17.0,3.51,5.0,-0.002797154376605323
17.0,3.51,6.0,-0.00013734065102688486
17.0,3.51,7.0,-5.2564921313146996e-05
17.0,3.51,8.0,-1.992445958221012e-09
17.0,3.51,9.0,-0.000723990147993181
17.0,3.51,10.0,-0.0005417531461296976
17.0,3.51,11.0,-2.50419052619244e-07
17.0,3.51,12.0,0.0003729915816238494
17.0,3.51,13.0,0.0022221971643044403
17.0,3.51,14.0,-0.0027192344244895412
17.0,3.51,15.0,0.00010125978180426654
17.0,3.51,16.0,-0.0004719425308097325
17.0,3.51,17.0,-0.0031291889760690084
17.0,3.51,18.0,0.0008035778472565425
17.0,3.51,19.0,-0.004084679357897247
17.0,3.51,20.0,0.0010046503942631457
17.0,3.51,21.0,-6.917515787666778e-05
17.0,4.01,0.0,0.01129549398081009
17.0,4.01,1.0,8.252439103756393e-05
17.0,4.01,2.0,0.0019041792128918211
17.0,4.01,3.0,-1.4150348115471445e-09
17.0,4.01,4.0,-0.0015739782202399688
17.0,4.01,5.0,-0.003057961141656858
17.0,4.01,6.0,-0.00033499278364845786
17.0,4.01,7.0,-5.2565724253170914e-05
17.0,4.01,8.0,-1.992445958221012e-09
17.0,4.01,9.0,-0.0008526671179874129
17.0,4.01,10.0,-0.00057774371038391
17.0,4.01,11.0,-2.504190522167882e-07
17.0,4.01,12.0,0.0003720903309866741
17.0,4.01,13.0,0.0027097638451998307
17.0,4.01,14.0,-0.0026905649010324773
17.0,4.01,15.0,0.00013189608240324335
17.0,4.01,16.0,-0.0006841734598193594
17.0,4.01,17.0,-0.0035481240734496766
17.0,4.01,18.0,0.0008363428790759686
17.0,4.01,19.0,-0.004714651419229332
17.0,4.01,20.0,0.0011765775103475262
17.0,4.01,21.0,-6.917515748183778e-05
18.0,0.01,0.0,-0.00039171477980060043
18.0,0.01,1.0,2.8301853382040054e-05
18.0,0.01,2.0,-0.00015655861482605227
18.0,0.01,3.0,-8.898536490997699e-10
18.0,0.01,4.0,-0.0006972694523244005
18.0,0.01,5.0,-0.0002142467489028993
18.0,0.01,6.0,-0.00039844943821853995
18.0,0.01,7.0,-0.00015125347310484185
18.0,0.01,8.0,-1.1510368352896094e-09
18.0,0.01,9.0,-0.002909845304948618
18.0,0.01,10.0,-7.612861065980914e-05
18.0,0.01,11.0,-2.071661602542907e-07
18.0,0.01,12.0,-0.00023601787349214476
18.0,0.01,13.0,-0.00016504901250719017
18.0,0.01,14.0,-2.9326230451690083e-05
18.0,0.01,15.0,-3.8140304476769193e-06
18.0,0.01,16.0,-0.0006119781151910919
18.0,0.01,17.0,-0.00011908442839750344
18.0,0.01,18.0,-2.9417431196832045e-05
18.0,0.01,19.0,-0.0003782841955155547
18.0,0.01,20.0,-0.0005527426764945775
18.0,0.01,21.0,-0.00011634434223217055
18.0,0.51,0.0,0.003772726544655547
18.0,0.51,1.0,0.00010428597921957605
18.0,0.51,2.0,0.0005529043032455605
18.0,0.51,3.0,-8.898536629775577e-10
18.0,0.51,4.0,-0.0007241973541153301
18.0,0.51,5.0,-0.001317937050727476
18.0,0.51,6.0,-0.00020511846083148821
18.0,0.51,7.0,-0.00015128851722973722
18.0,0.51,8.0,-1.1510368352896094e-09
18.0,0.51,9.0,-0.0032726504074197735
18.0,0.51,10.0,-0.0002540313910890102
18.0,0.51,11.0,-2.071661652364165e-07
18.0,0.51,12.0,3.078039297499391e-05
18.0,0.51,13.0,0.00047530004880580456
18.0,0.51,14.0,-2.9326569230181288e-05
18.0,0.51,15.0,1.0603096783246002e-05
18.0,0.51,16.0,-0.00018929132946876592
18.0,0.51,17.0,-0.0011100740662814412
18.0,0.51,18.0,0.0001746952016331016
18.0,0.51,19.0,-0.0012321033785581414
18.0,0.51,20.0,0.00013280532981468918
18.0,0.51,21.0,-0.00011634435100171814
18.0,1.01,0.0,0.007932943498531797
18.0,1.01,1.0,0.00021006043725424473
18.0,1.01,2.0,0.0011842975682199997
18.0,1.01,3.0,-8.898536490997699e-10
18.0,1.01,4.0,-0.0007512000922692552
18.0,1.01,5.0,-0.002363431149708113
18.0,1.01,6.0,-6.220317782079654e-06
18.0,1.01,7.0,-0.00015131730991929266
18.0,1.01,8.0,-1.1510368352896094e-09
18.0,1.01,9.0,-0.0036063654809861635
18.0,1.01,10.0,-0.0004435969675298246
18.0,1.01,11.0,-2.0716616531968324e-07
18.0,1.01,12.0,0.0001520169277116068
18.0,1.01,13.0,0.0010249754713065884
18.0,1.01,14.0,-2.9326894581556724e-05
18.0,1.01,15.0,2.2859938122607448e-05
18.0,1.01,16.0,0.0001729980427792599
18.0,1.01,17.0,-0.0020494519701078906
18.0,1.01,18.0,0.0005263528692441288
18.0,1.01,19.0,-0.0019595487388141264
18.0,1.01,20.0,0.0005272226457584406
18.0,1.01,21.0,-0.00011634435125684739
18.0,1.51,0.0,0.01192573226226834
18.0,1.51,1.0,0.0003155393217708635
18.0,1.51,2.0,0.001781432339124145
18.0,1.51,3.0,-8.898536629775577e-10
18.0,1.51,4.0,-0.0007761551538508771
18.0,1.51,5.0,-0.003360989923077061
18.0,1.51,6.0,0.00018862754854370722
18.0,1.51,7.0,-0.00015134118071662503
18.0,1.51,8.0,-1.1510368352896094e-09
18.0,1.51,9.0,-0.003914378601433643
18.0,1.51,10.0,-0.0006275324315538622
18.0,1.51,11.0,-2.071661662633728e-07
18.0,1.51,12.0,0.00024909954451007854
18.0,1.51,13.0,0.0015421657686449652
18.0,1.51,14.0,-2.9327197133475033e-05
18.0,1.51,15.0,3.435975120467949e-05
18.0,1.51,16.0,0.0005164552544094647
18.0,1.51,17.0,-0.0029457936072464774
18.0,1.51,18.0,0.0008859143345082421
18.0,1.51,19.0,-0.0026422279260548687
18.0,1.51,20.0,0.0008681447757962202
18.0,1.51,21.0,-0.00011634435286694139
18.0,2.01,0.0,0.015745500583719485
18.0,2.01,1.0,0.00041258707893193636
18.0,2.01,2.0,0.002353567687570751
18.0,2.01,3.0,-8.898536490997699e-10
18.0,2.01,4.0,-0.0007498992271076643
18.0,2.01,5.0,-0.00431438915248003
18.0,2.01,6.0,0.0003460185266982996
18.0,2.01,7.0,-0.00015136109909403861
18.0,2.01,8.0,-1.1510368352896094e-09
18.0,2.01,9.0,-0.0041990806770141305
18.0,2.01,10.0,-0.0008015469397797403
18.0,2.01,11.0,-2.0716616601357263e-07
18.0,2.01,12.0,0.0003503495621396957
18.0,2.01,13.0,0.002038855682203078
18.0,2.01,14.0,-2.9327483208794614e-05
18.0,2.01,15.0,4.5556476726507644e-05
18.0,2.01,16.0,0.0008233218225021099
18.0,2.01,17.0,-0.0038067126133037588
18.0,2.01,18.0,0.0012124112192983816
18.0,2.01,19.0,-0.003293972329001915
18.0,2.01,20.0,0.001199994833610163
18.0,2.01,21.0,-0.00011634435237135865
18.0,2.51,0.0,0.019392724604898826
18.0,2.51,1.0,0.0005027682208695317
18.0,2.51,2.0,0.0029031408818341875
18.0,2.51,3.0,-8.898536490997699e-10
18.0,2.51,4.0,-0.000706433996009892
18.0,2.51,5.0,-0.005226837125796267
18.0,2.51,6.0,0.000486996058430722
18.0,2.51,7.0,-0.00015137783477301431
18.0,2.51,8.0,-1.1510368491673972e-09
18.0,2.51,9.0,-0.00446275207170713
18.0,2.51,10.0,-0.0009666814314496508
18.0,2.51,11.0,-2.0716616573601687e-07
18.0,2.51,12.0,0.00045520026019807425
18.0,2.51,13.0,0.0025172416707424095
18.0,2.51,14.0,-2.9327756805757533e-05
18.0,2.51,15.0,5.63973220966546e-05
18.0,2.51,16.0,0.0011119227743485727
18.0,2.51,17.0,-0.004631779580022755
18.0,2.51,18.0,0.0015136921506241352
18.0,2.51,19.0,-0.003919928302285852
18.0,2.51,20.0,0.0015288936118008079
18.0,2.51,21.0,-0.00011634435190156084
18.0,3.01,0.0,0.022665184171903552
18.0,3.01,1.0,0.0005581398378829427
18.0,3.01,2.0,0.003478128908175643
18.0,3.01,3.0,-8.898536629775577e-10
18.0,3.01,4.0,-0.0007799228757841004
18.0,3.01,5.0,-0.006107427226831941
18.0,3.01,6.0,0.0006820225344438269
18.0,3.01,7.0,-0.0001513919584599262
18.0,3.01,8.0,-1.1510368352896094e-09
18.0,3.01,9.0,-0.004707865862962632
18.0,3.01,10.0,-0.0011042428127928106
18.0,3.01,11.0,-2.0716616488947182e-07
18.0,3.01,12.0,0.0007101131163374519
18.0,3.01,13.0,0.003039783986400424
18.0,3.01,14.0,-2.932801473507137e-05
18.0,3.01,15.0,6.811057800208686e-05
18.0,3.01,16.0,0.0014952582464973774
18.0,3.01,17.0,-0.005412747428774789
18.0,3.01,18.0,0.0016419519459400789
18.0,3.01,19.0,-0.004610113812195005
18.0,3.01,20.0,0.002156676050372952
18.0,3.01,21.0,-0.00011634435048978042
18.0,3.51,0.0,0.026009494983354142
18.0,3.51,1.0,0.0006399189590286514
18.0,3.51,2.0,0.003983142724266864
18.0,3.51,3.0,-8.898536629775577e-10
18.0,3.51,4.0,-0.000727614449881897
18.0,3.51,5.0,-0.006944769341299048
18.0,3.51,6.0,0.0008071495041664378
18.0,3.51,7.0,-0.00015140393763530071
18.0,3.51,8.0,-1.1510368352896094e-09
18.0,3.51,9.0,-0.004934532832407778
18.0,3.51,10.0,-0.0012550120843395907
18.0,3.51,11.0,-2.0716616393190446e-07
18.0,3.51,12.0,0.0008124095892488303
18.0,3.51,13.0,0.0034797481932705154
18.0,3.51,14.0,-2.932825995095256e-05
18.0,3.51,15.0,7.810975372392337e-05
18.0,3.51,16.0,0.0017577349910453122
18.0,3.51,17.0,-0.006169860784262043
18.0,3.51,18.0,0.0019128668804230253
18.0,3.51,19.0,-0.005181747608106024
18.0,3.51,20.0,0.0024676788998538868
18.0,3.51,21.0,-0.00011634434881908212
18.0,4.01,0.0,0.029277824431754085
18.0,4.01,1.0,0.000711468111597835
18.0,4.01,2.0,0.004463206774914852
18.0,4.01,3.0,-8.898536629775577e-10
18.0,4.01,4.0,-0.0004743354467064975
18.0,4.01,5.0,-0.007746234134322495
18.0,4.01,6.0,0.0008010455380743631
18.0,4.01,7.0,-0.0001514141476827676
18.0,4.01,8.0,-1.1510368214118216e-09
18.0,4.01,9.0,-0.005144980294838375
18.0,4.01,10.0,-0.0013952372922843292
18.0,4.01,11.0,-2.071661590885565e-07
18.0,4.01,12.0,0.0009245330502096194
18.0,4.01,13.0,0.003897100328827341
18.0,4.01,14.0,-2.9328488213515e-05
18.0,4.01,15.0,8.817057363999514e-05
18.0,4.01,16.0,0.0018982526877076578
18.0,4.01,17.0,-0.006911808965619354
18.0,4.01,18.0,0.0021227934095602308
18.0,4.01,19.0,-0.005708729794932532
18.0,4.01,20.0,0.002750417617780332
18.0,4.01,21.0,-0.00011634434087495066
19.0,0.01,0.0,0.0007184475455542794
19.0,0.01,1.0,3.360912944627703e-05
19.0,0.01,2.0,-1.2756617963183281e-05
19.0,0.01,3.0,-1.0498251851176477e-09
19.0,0.01,4.0,-7.316251451583433e-05
19.0,0.01,5.0,-0.00041905440664147253
19.0,0.01,6.0,-3.516728065194874e-05
19.0,0.01,7.0,-0.0005710203010610663
19.0,0.01,8.0,-1.127649876253578e-09
19.0,0.01,9.0,-0.00017101330721856767
19.0,0.01,10.0,-0.00011111416762030202
19.0,0.01,11.0,-1.8434285077584267e-07
19.0,0.01,12.0,1.2595443823371077e-05
19.0,0.01,13.0,-3.320322973665579e-05
19.0,0.01,14.0,-1.57492879239863e-07
19.0,0.01,15.0,-3.1532369613035405e-06
19.0,0.01,16.0,4.5536886121799736e-05
19.0,0.01,17.0,-0.00023487879697695058
19.0,0.01,18.0,0.0001785847864551049
19.0,0.01,19.0,4.1414314503135374e-05
19.0,0.01,20.0,-0.00023070869647490166
19.0,0.01,21.0,-0.00019210282330165557
19.0,0.51,0.0,0.004195335926360677
19.0,0.51,1.0,9.826233679749441e-05
19.0,0.51,2.0,0.00037066044485906113
19.0,0.51,3.0,-1.0498251712398599e-09
19.0,0.51,4.0,-0.0003775779857403405
19.0,0.51,5.0,-0.0008927597714387739
19.0,0.51,6.0,7.376464209574163e-05
19.0,0.51,7.0,-0.0005716268017224605
19.0,0.51,8.0,-1.127649876253578e-09
19.0,0.51,9.0,-0.0004843899000389479
19.0,0.51,10.0,-0.0001804026951587323
19.0,0.51,11.0,-1.8434285263546624e-07
19.0,0.51,12.0,0.00013063761242920746
19.0,0.51,13.0,0.00033905644267911983
19.0,0.51,14.0,-1.5749289048646547e-07
19.0,0.51,15.0,2.341321984775102e-06
19.0,0.51,16.0,0.00014078327218264297
19.0,0.51,17.0,-0.0007498631734304539
19.0,0.51,18.0,0.00028400514605358973
19.0,0.51,19.0,-0.000513279606013578
19.0,0.51,20.0,0.0002111104051486512
19.0,0.51,21.0,-0.00019210282946244966
19.0,1.01,0.0,0.007638006753460047
19.0,1.01,1.0,0.00014750746239539092
19.0,1.01,2.0,0.0007486065357245608
19.0,1.01,3.0,-1.0498251851176477e-09
19.0,1.01,4.0,-0.0005211201189019299
19.0,1.01,5.0,-0.0013564440643610495
19.0,1.01,6.0,7.722624590644767e-05
19.0,1.01,7.0,-0.0005721587600696907
19.0,1.01,8.0,-1.127649876253578e-09
19.0,1.01,9.0,-0.0007903514250571717
19.0,1.01,10.0,-0.0002540885305566398
19.0,1.01,11.0,-1.8434285178892118e-07
19.0,1.01,12.0,0.00018317588822169828
19.0,1.01,13.0,0.0007050607162080169
19.0,1.01,14.0,-1.574928998075502e-07
19.0,1.01,15.0,8.287894350603175e-06
19.0,1.01,16.0,0.00022225828599628517
19.0,1.01,17.0,-0.0012848755624925434
19.0,1.01,18.0,0.00039037445281847605
19.0,1.01,19.0,-0.0010996189652560384
19.0,1.01,20.0,0.0006095696072304091
19.0,1.01,21.0,-0.00019210282708455317
19.0,1.51,0.0,0.010936635958763041
19.0,1.51,1.0,0.00018715965706384008
19.0,1.51,2.0,0.0011281075589219536
19.0,1.51,3.0,-1.0498251712398599e-09
19.0,1.51,4.0,-0.0006317161414512995
19.0,1.51,5.0,-0.001810172757381552
19.0,1.51,6.0,7.087385014453718e-05
19.0,1.51,7.0,-0.0005726268458550146
19.0,1.51,8.0,-1.127649876253578e-09
19.0,1.51,9.0,-0.001090843331726335
19.0,1.51,10.0,-0.0003242330957781703
19.0,1.51,11.0,-1.8434285035950904e-07
19.0,1.51,12.0,0.00024422509678651005
19.0,1.51,13.0,0.0010763742567452272
19.0,1.51,14.0,-1.5749290759349124e-07
19.0,1.51,15.0,1.4386970524929432e-05
19.0,1.51,16.0,0.00029957724214504933
19.0,1.51,17.0,-0.0018212248605849746
19.0,1.51,18.0,0.0004849522411005114
19.0,1.51,19.0,-0.0017103496401164597
19.0,1.51,20.0,0.0010444529853615991
19.0,1.51,21.0,-0.00019210282301927034
19.0,2.01,0.0,0.014205485809416496
19.0,2.01,1.0,0.00022839269980851062
19.0,2.01,2.0,0.0014939262045403912
19.0,2.01,3.0,-1.0498251712398599e-09
19.0,2.01,4.0,-0.0007309881050057143
19.0,2.01,5.0,-0.0022535538969582075
19.0,2.01,6.0,5.307309408558725e-05
19.0,2.01,7.0,-0.000573039592612691
19.0,2.01,8.0,-1.127649876253578e-09
19.0,2.01,9.0,-0.0013835983025581935
19.0,2.01,10.0,-0.00039486073208627737
19.0,2.01,11.0,-1.843428504150202e-07
19.0,2.01,12.0,0.00028835849588726425
19.0,2.01,13.0,0.0014319428780752985
19.0,2.01,14.0,-1.5749291652462445e-07
19.0,2.01,15.0,2.0294856416080975e-05
19.0,2.01,16.0,0.00037453516747501525
19.0,2.01,17.0,-0.0023427944577237014
19.0,2.01,18.0,0.0005835497375849541
19.0,2.01,19.0,-0.0022923775093488252
19.0,2.01,20.0,0.0014405945333702541
19.0,2.01,21.0,-0.00019210282326598965
19.0,2.51,0.0,0.017360860094197017
19.0,2.51,1.0,0.0002636056144266763
19.0,2.51,2.0,0.0018578872674247515
19.0,2.51,3.0,-1.0498251712398599e-09
19.0,2.51,4.0,-0.0008138249901524786
19.0,2.51,5.0,-0.002687146657794501
19.0,2.51,6.0,3.2401491461553356e-05
19.0,2.51,7.0,-0.0005734043298063813
19.0,2.51,8.0,-1.127649876253578e-09
19.0,2.51,9.0,-0.0016707791499558575
19.0,2.51,10.0,-0.000462430686498011
19.0,2.51,11.0,-1.8434285024848673e-07
19.0,2.51,12.0,0.00033972789545710924
19.0,2.51,13.0,0.0017880146865096869
19.0,2.51,14.0,-1.5749292368785116e-07
19.0,2.51,15.0,2.624071576395881e-05
19.0,2.51,16.0,0.0004464738141854163
19.0,2.51,17.0,-0.002859551633780183
19.0,2.51,18.0,0.0006735642642137218
19.0,2.51,19.0,-0.0028824606930941132
19.0,2.51,20.0,0.001857190996305047
19.0,2.51,21.0,-0.00019210282286457464
19.0,3.01,0.0,0.020419120347608843
19.0,3.01,1.0,0.00029366039610451145
19.0,3.01,2.0,0.002218839412592183
19.0,3.01,3.0,-1.0498251712398599e-09
19.0,3.01,4.0,-0.0008776240850041361
19.0,3.01,5.0,-0.0031116568788749008
19.0,3.01,6.0,5.162326630892e-06
19.0,3.01,7.0,-0.0005737272292602704
19.0,3.01,8.0,-1.127649876253578e-09
19.0,3.01,9.0,-0.0019520020026156798
19.0,3.01,10.0,-0.0005277528056909508
19.0,3.01,11.0,-1.8434285102564285e-07
19.0,3.01,12.0,0.00039407697240700923
19.0,3.01,13.0,0.002142670586375517
19.0,3.01,14.0,-1.5749293196756852e-07
19.0,3.01,15.0,3.222384181736371e-05
19.0,3.01,16.0,0.0005154307698157501
19.0,3.01,17.0,-0.0033709778575773675
19.0,3.01,18.0,0.0007575758061438287
19.0,3.01,19.0,-0.003475118472794747
19.0,3.01,20.0,0.0022877768175638136
19.0,3.01,21.0,-0.00019210282501998244
19.0,3.51,0.0,0.023410620656217462
19.0,3.51,1.0,0.00032610538552646506
19.0,3.51,2.0,0.0025701852021959015
19.0,3.51,3.0,-1.0498251712398599e-09
19.0,3.51,4.0,-0.0009648755788680408
19.0,3.51,5.0,-0.0035268269391280013
19.0,3.51,6.0,-6.672632378579291e-06
19.0,3.51,7.0,-0.0005740138295826719
19.0,3.51,8.0,-1.127649876253578e-09
19.0,3.51,9.0,-0.002227280335480135
19.0,3.51,10.0,-0.000591301123222171
19.0,3.51,11.0,-1.843428513170764e-07
19.0,3.51,12.0,0.00045287297855489683
19.0,3.51,13.0,0.002487846313457942
19.0,3.51,14.0,-1.5749293913498548e-07
19.0,3.51,15.0,3.7938336810205975e-05
19.0,3.51,16.0,0.0005850243044127623
19.0,3.51,17.0,-0.0038664665407866783
19.0,3.51,18.0,0.0008408915135471595
19.0,3.51,19.0,-0.004046288934206527
19.0,3.51,20.0,0.0027077539774729154
19.0,3.51,21.0,-0.00019210282585303828
19.0,4.01,0.0,0.026486557892359652
19.0,4.01,1.0,0.00038176800572115033
19.0,4.01,2.0,0.00288765675113431
19.0,4.01,3.0,-1.0498251712398599e-09
19.0,4.01,4.0,-0.0011542018875470017
19.0,4.01,5.0,-0.003931389169972398
19.0,4.01,6.0,2.7541898391325592e-05
19.0,4.01,7.0,-0.0005742682778889358
19.0,4.01,8.0,-1.127649876253578e-09
19.0,4.01,9.0,-0.002493779953088089
19.0,4.01,10.0,-0.0006567362980473002
19.0,4.01,11.0,-1.8434285138646533e-07
19.0,4.01,12.0,0.0004993967852770509
19.0,4.01,13.0,0.0027912804421325044
19.0,4.01,14.0,-1.5749294589833882e-07
19.0,4.01,15.0,4.267617451500505e-05
19.0,4.01,16.0,0.0006611030326666989
19.0,4.01,17.0,-0.004315203284578489
19.0,4.01,18.0,0.0009431722510350182
19.0,4.01,19.0,-0.004515398883067484
19.0,4.01,20.0,0.003004794055184945
19.0,4.01,21.0,-0.00019210282596057726
20.0,0.01,0.0,0.0007796872091441198
20.0,0.01,1.0,-4.7548677831688035e-05
20.0,0.01,2.0,0.00030179104618333064
20.0,0.01,3.0,-1.4602847264733043e-09
20.0,0.01,4.0,-0.00025379555949389676
20.0,0.01,5.0,-0.0025712796315472044
20.0,0.01,6.0,0.0005207163194834719
20.0,0.01,7.0,-2.6149680481226932e-05
20.0,0.01,8.0,-1.7602195534482945e-09
20.0,0.01,9.0,-9.183321957722047e-06
20.0,0.01,10.0,-0.000404491837366433
20.0,0.01,11.0,-2.43700626859078e-07
20.0,0.01,12.0,0.0007366346565789716
20.0,0.01,13.0,0.00024250371480538657
20.0,0.01,14.0,-0.0002377376331948733
20.0,0.01,15.0,2.0452110847973826e-05
20.0,0.01,16.0,0.0005311188773529651
20.0,0.01,17.0,-0.0007924848688884711
20.0,0.01,18.0,0.0005900881449840689
20.0,0.01,19.0,-3.737186937946557e-05
20.0,0.01,20.0,0.0004993846813109437
20.0,0.01,21.0,-7.3513124850072e-05
20.0,0.51,0.0,0.0021184502072887357
20.0,0.51,1.0,8.615698522129733e-05
20.0,0.51,2.0,0.00032172535986460526
20.0,0.51,3.0,-1.4602847264733043e-09
20.0,0.51,4.0,0.000163206478185407
20.0,0.51,5.0,-0.002697959520343487
20.0,0.51,6.0,0.0007894534146651311
20.0,0.51,7.0,-2.614989551201286e-05
20.0,0.51,8.0,-1.7602195256927189e-09
20.0,0.51,9.0,-9.183362594257443e-06
20.0,0.51,10.0,-0.0004921762616013903
20.0,0.51,11.0,-2.4370062898237954e-07
20.0,0.51,12.0,0.0002746471779465631
20.0,0.51,13.0,0.00025414216150446145
20.0,0.51,14.0,-0.00020721646318589554
20.0,0.51,15.0,1.3765489083966687e-05
20.0,0.51,16.0,0.0005550008790408123
20.0,0.51,17.0,-0.0010455720554654047
20.0,0.51,18.0,0.0005473156268778201
20.0,0.51,19.0,-0.0002113350317685947
20.0,0.51,20.0,0.00042701185594651303
20.0,0.51,21.0,-7.351312692344819e-05
20.0,1.01,0.0,0.002941281588349942
20.0,1.01,1.0,6.2275234544662e-05
20.0,1.01,2.0,0.0005358465134547574
20.0,1.01,3.0,-1.4602847264733043e-09
20.0,1.01,4.0,-2.1886659759995375e-05
20.0,1.01,5.0,-0.002816869701465481
20.0,1.01,6.0,0.0006756239695380195
20.0,1.01,7.0,-2.6150103667101784e-05
20.0,1.01,8.0,-1.7602195534482945e-09
20.0,1.01,9.0,-9.183402312537635e-06
20.0,1.01,10.0,-0.00047748257732205257
20.0,1.01,11.0,-2.437006274558229e-07
20.0,1.01,12.0,0.000456239808830583
20.0,1.01,13.0,0.0004235072975916909
20.0,1.01,14.0,-0.00018303484935378728
20.0,1.01,15.0,2.7502088454783857e-05
20.0,1.01,16.0,0.0006176824090219357
20.0,1.01,17.0,-0.001247778654501222
20.0,1.01,18.0,0.0005837326879981619
20.0,1.01,19.0,-0.0003664172967402235
20.0,1.01,20.0,0.0006604657122506463
20.0,1.01,21.0,-7.351312551159145e-05
20.0,1.51,0.0,0.0038324300337253536
20.0,1.51,1.0,8.104072186726485e-05
20.0,1.51,2.0,0.0007000473975079802
20.0,1.51,3.0,-1.4602847264733043e-09
20.0,1.51,4.0,-0.00013205692706602656
20.0,1.51,5.0,-0.002934755659352379
20.0,1.51,6.0,0.0006777062718688054
20.0,1.51,7.0,-2.6150299464461674e-05
20.0,1.51,8.0,-1.7602195534482945e-09
20.0,1.51,9.0,-9.18343891500268e-06
20.0,1.51,10.0,-0.00048445124275353635
20.0,1.51,11.0,-2.437006296901467e-07
20.0,1.51,12.0,0.000509627481801056
20.0,1.51,13.0,0.0005545319312220964
20.0,1.51,14.0,-0.0001587103063676286
20.0,1.51,15.0,3.5051484777309794e-05
20.0,1.51,16.0,0.0006819241462320269
20.0,1.51,17.0,-0.0014511203297326858
20.0,1.51,18.0,0.0006006382873328109
20.0,1.51,19.0,-0.0005243912889474345
20.0,1.51,20.0,0.0008322383639534081
20.0,1.51,21.0,-7.351312768646284e-05
20.0,2.01,0.0,0.004869790314345868
20.0,2.01,1.0,0.0001370110547240233
20.0,2.01,2.0,0.0008037768505420317
20.0,2.01,3.0,-1.4602847264733043e-09
20.0,2.01,4.0,-1.5021400741055402e-06
20.0,2.01,5.0,-0.0030506083509326577
20.0,2.01,6.0,0.0007602515529708809
20.0,2.01,7.0,-2.6150486342199245e-05
20.0,2.01,8.0,-1.7602195534482945e-09
20.0,2.01,9.0,-9.183473886739882e-06
20.0,2.01,10.0,-0.0005226183560970432
20.0,2.01,11.0,-2.437006291627908e-07
20.0,2.01,12.0,0.00034528548978868256
20.0,2.01,13.0,0.0006351614009245665
20.0,2.01,14.0,-0.0001324716244295726
20.0,2.01,15.0,3.771964908358405e-05
20.0,2.01,16.0,0.0007202858990122962
20.0,2.01,17.0,-0.0016683950966865924
20.0,2.01,18.0,0.000592997425106212
20.0,2.01,19.0,-0.0006808717682540988
20.0,2.01,20.0,0.0008972963482939966
20.0,2.01,21.0,-7.351312717060465e-05
20.0,2.51,0.0,0.005641832182728179
20.0,2.51,1.0,0.00013183733174765289
20.0,2.51,2.0,0.0009914036818178817
20.0,2.51,3.0,-1.4602847264733043e-09
20.0,2.51,4.0,-0.0002104520987231684
20.0,2.51,5.0,-0.0031626523131083537
20.0,2.51,6.0,0.0007110276446515296
20.0,2.51,7.0,-2.6150663827856093e-05
20.0,2.51,8.0,-1.7602195812038701e-09
20.0,2.51,9.0,-9.18350655444463e-06
20.0,2.51,10.0,-0.0005136147995216944
20.0,2.51,11.0,-2.437006297040245e-07
20.0,2.51,12.0,0.0005071254674384185
20.0,2.51,13.0,0.0007847600904751784
20.0,2.51,14.0,-0.00011011688542615639
20.0,2.51,15.0,4.809971424002413e-05
20.0,2.51,16.0,0.0007914010988123166
20.0,2.51,17.0,-0.0018540539018554736
20.0,2.51,18.0,0.0006252811934995273
20.0,2.51,19.0,-0.0008285659223117581
20.0,2.51,20.0,0.0011115756114746245
20.0,2.51,21.0,-7.351312771997076e-05
20.0,3.01,0.0,0.006454959781131642
20.0,3.01,1.0,0.0001388906719198002
20.0,3.01,2.0,0.0011556537071778783
20.0,3.01,3.0,-1.4602847264733043e-09
20.0,3.01,4.0,-0.0003240304388044124
20.0,3.01,5.0,-0.0032721920358275564
20.0,3.01,6.0,0.0006827278691624028
20.0,3.01,7.0,-2.615083507985101e-05
20.0,3.01,8.0,-1.7602195534482945e-09
20.0,3.01,9.0,-9.1835383387997e-06
20.0,3.01,10.0,-0.0005148640722035525
20.0,3.01,11.0,-2.437006304950584e-07
20.0,3.01,12.0,0.0005867674586638727
20.0,3.01,13.0,0.000915186674054741
20.0,3.01,14.0,-8.724763971100849e-05
20.0,3.01,15.0,5.664812906597261e-05
20.0,3.01,16.0,0.0008492139115835462
20.0,3.01,17.0,-0.002043112673085462
20.0,3.01,18.0,0.0006452038974246177
20.0,3.01,19.0,-0.0009742926029490395
20.0,3.01,20.0,0.0012844357649156035
20.0,3.01,21.0,-7.351312853596387e-05
20.0,3.51,0.0,0.007365424108072616
20.0,3.51,1.0,0.00017924498670651712
20.0,3.51,2.0,0.0012720542661930623
20.0,3.51,3.0,-1.4602847264733043e-09
20.0,3.51,4.0,-0.0002949066694305502
20.0,3.51,5.0,-0.00338068987055358
20.0,3.51,6.0,0.0007388129493871021
20.0,3.51,7.0,-2.6150997158835435e-05
20.0,3.51,8.0,-1.7602195534482945e-09
20.0,3.51,9.0,-9.1835679319784e-06
20.0,3.51,10.0,-0.0005402200158574622
20.0,3.51,11.0,-2.43700630522814e-07
20.0,3.51,12.0,0.0005121546328833437
20.0,3.51,13.0,0.0010066336596716297
20.0,3.51,14.0,-6.351546441253977e-05
20.0,3.51,15.0,6.073419061949914e-05
20.0,3.51,16.0,0.0008966409469173264
20.0,3.51,17.0,-0.002239166305589374
20.0,3.51,18.0,0.0006492435741443092
20.0,3.51,19.0,-0.0011194994547942538
20.0,3.51,20.0,0.001382132672972658
20.0,3.51,21.0,-7.351312855530256e-05
20.0,4.01,0.0,0.008246383681499103
20.0,4.01,1.0,0.00021645799580488623
20.0,4.01,2.0,0.0013889445630419495
20.0,4.01,3.0,-1.4602847264733043e-09
20.0,4.01,4.0,-0.00027863663376176406
20.0,4.01,5.0,-0.0034866588975691424
20.0,4.01,6.0,0.0007884432018072651
20.0,4.01,7.0,-2.6151152588314252e-05
20.0,4.01,8.0,-1.7602195534482945e-09
20.0,4.01,9.0,-9.183596259437046e-06
20.0,4.01,10.0,-0.0005632544290224417
20.0,4.01,11.0,-2.437006305089362e-07
20.0,4.01,12.0,0.00044896313294739976
20.0,4.01,13.0,0.0010988153637273013
20.0,4.01,14.0,-4.0317356254548214e-05
20.0,4.01,15.0,6.49738049534887e-05
20.0,4.01,16.0,0.0009439592768383798
20.0,4.01,17.0,-0.002430094143766187
20.0,4.01,18.0,0.0006536085998629093
20.0,4.01,19.0,-0.0012617361697096763
20.0,4.01,20.0,0.001483279215021449
20.0,4.01,21.0,-7.351312853155767e-05
21.0,0.01,0.0,-0.0006792738588550229
21.0,0.01,1.0,-0.00018165867532249358
21.0,0.01,2.0,0.00015438163750275402
21.0,0.01,3.0,-9.563451142113877e-10
21.0,0.01,4.0,-0.0008338933315986119
21.0,0.01,5.0,-0.0008884786353550306
21.0,0.01,6.0,-0.00040240953681608405
21.0,0.01,7.0,-0.002986732259492955
21.0,0.01,8.0,-1.5876609749110315e-09
21.0,0.01,9.0,-0.0027005048852707034
21.0,0.01,10.0,-3.519346430261305e-05
21.0,0.01,11.0,-2.263767613641665e-07
21.0,0.01,12.0,0.00016396867145324068
21.0,0.01,13.0,0.00041106421931424997
21.0,0.01,14.0,-0.00021240422927756194
21.0,0.01,15.0,1.0258334225257681e-05
21.0,0.01,16.0,-0.0004372174116141492
21.0,0.01,17.0,-0.000801351015688373
21.0,0.01,18.0,-5.188366396888244e-05
21.0,0.01,19.0,-0.0007908100354037106
21.0,0.01,20.0,4.898558340676873e-05
21.0,0.01,21.0,-4.174196670643504e-05
21.0,0.51,0.0,0.007946187429388685
21.0,0.51,1.0,0.00011401308958203238
21.0,0.51,2.0,0.0017119528326951239
21.0,0.51,3.0,-9.563451142113877e-10
21.0,0.51,4.0,-0.0013103355955938478
21.0,0.51,5.0,-0.002418664204237378
21.0,0.51,6.0,-0.0007269485045613422
21.0,0.51,7.0,-0.0034923887288756893
21.0,0.51,8.0,-1.587660947155456e-09
21.0,0.51,9.0,-0.003815483494899615
21.0,0.51,10.0,-0.0001313822293347866
21.0,0.51,11.0,-2.2637676259928963e-07
21.0,0.51,12.0,-4.622400243944891e-05
21.0,0.51,13.0,0.002073654744872755
21.0,0.51,14.0,-0.00021241693378368877
21.0,0.51,15.0,5.97471763549573e-05
21.0,0.51,16.0,-0.0006337634400909176
21.0,0.51,17.0,-0.0022976361768328735
21.0,0.51,18.0,-1.6581107875612844e-05
21.0,0.51,19.0,-0.0023741310307987817
21.0,0.51,20.0,0.0007129412085028486
21.0,0.51,21.0,-4.174196751192266e-05
21.0,1.01,0.0,0.016158740389062842
21.0,1.01,1.0,0.00040573279869310364
21.0,1.01,2.0,0.003249664450661438
21.0,1.01,3.0,-9.563451142113877e-10
21.0,1.01,4.0,-0.00199991643654418
21.0,1.01,5.0,-0.0039026246835898726
21.0,1.01,6.0,-0.000916489792441022
21.0,1.01,7.0,-0.00391407697472433
21.0,1.01,8.0,-1.5876609749110315e-09
21.0,1.01,9.0,-0.0048142744667271945
21.0,1.01,10.0,-0.00021504842464839524
21.0,1.01,11.0,-2.2637676154457775e-07
21.0,1.01,12.0,-0.00019116202965277496
21.0,1.01,13.0,0.0037437750059143293
21.0,1.01,14.0,-0.00021243034922882877
21.0,1.01,15.0,0.00010704030472608039
21.0,1.01,16.0,-0.0007796213739135194
21.0,1.01,17.0,-0.0037345446062277965
21.0,1.01,18.0,1.3249085310779174e-05
21.0,1.01,19.0,-0.003897435170544611
21.0,1.01,20.0,0.001384884268398362
21.0,1.01,21.0,-4.174196686333037e-05
21.0,1.51,0.0,0.024275020284545312
21.0,1.51,1.0,0.0007161368584139294
21.0,1.51,2.0,0.004729171371164936
21.0,1.51,3.0,-9.563451419669633e-10
21.0,1.51,4.0,-0.002612368105604501
21.0,1.51,5.0,-0.005325946297875875
21.0,1.51,6.0,-0.0010967491686593722
21.0,1.51,7.0,-0.004263852043869062
21.0,1.51,8.0,-1.5876609749110315e-09
21.0,1.51,9.0,-0.005700993179132333
21.0,1.51,10.0,-0.00030053924685641276
21.0,1.51,11.0,-2.2637676178050015e-07
21.0,1.51,12.0,-0.0003542956337443115
21.0,1.51,13.0,0.0053197749717252
21.0,1.51,14.0,-0.00021244369791980058
21.0,1.51,15.0,0.00015182241664291052
21.0,1.51,16.0,-0.0009066238969241414
21.0,1.51,17.0,-0.005113138414235496
21.0,1.51,18.0,4.873562428125977e-05
21.0,1.51,19.0,-0.005350498326684133
21.0,1.51,20.0,0.002029477157362042
21.0,1.51,21.0,-4.174196699591182e-05
21.0,2.01,0.0,0.032349887954218226
21.0,2.01,1.0,0.0010589924739618506
21.0,2.01,2.0,0.006143725918276416
21.0,2.01,3.0,-9.563451142113877e-10
21.0,2.01,4.0,-0.003142656182778869
21.0,2.01,5.0,-0.0066908088069487365
21.0,2.01,6.0,-0.0012701493388529994
21.0,2.01,7.0,-0.004552952098522039
21.0,2.01,8.0,-1.5876609749110315e-09
21.0,2.01,9.0,-0.006483006819288457
21.0,2.01,10.0,-0.00039052874692402373
21.0,2.01,11.0,-2.263767619609114e-07
21.0,2.01,12.0,-0.000546793293113329
21.0,2.01,13.0,0.00677354053442214
21.0,2.01,14.0,-0.00021245692454716333
21.0,2.01,15.0,0.00019325054420268883
21.0,2.01,16.0,-0.0010149464211464398
21.0,2.01,17.0,-0.00643555955395847
21.0,2.01,18.0,9.057439566545478e-05
21.0,2.01,19.0,-0.00673402238693227
21.0,2.01,20.0,0.0026432755975611955
21.0,2.01,21.0,-4.1741967105018984e-05
21.0,2.51,0.0,0.04036768607780428
21.0,2.51,1.0,0.0014495117143146774
21.0,2.51,2.0,0.00749558901147912
21.0,2.51,3.0,-9.563451142113877e-10
21.0,2.51,4.0,-0.003647865191866495
21.0,2.51,5.0,-0.008001279881626161
21.0,2.51,6.0,-0.0014068815475740681
21.0,2.51,7.0,-0.004791311151478385
21.0,2.51,8.0,-1.5876609749110315e-09
21.0,2.51,9.0,-0.007168648565965946
21.0,2.51,10.0,-0.00048481664463409513
21.0,2.51,11.0,-2.2637676178050015e-07
21.0,2.51,12.0,-0.0007645508300669901
21.0,2.51,13.0,0.008100128666413797
21.0,2.51,14.0,-0.00021247006172572873
21.0,2.51,15.0,0.00023041728122580318
21.0,2.51,16.0,-0.001097470241084364
21.0,2.51,17.0,-0.007703229412408863
21.0,2.51,18.0,0.00013584079624542889
21.0,2.51,19.0,-0.008051196718998899
21.0,2.51,20.0,0.003230411017521001
21.0,2.51,21.0,-4.174196698138871e-05
21.0,3.01,0.0,0.04826693159934625
21.0,3.01,1.0,0.00187131715642469
21.0,3.01,2.0,0.008796679089471654
21.0,3.01,3.0,-9.563451142113877e-10
21.0,3.01,4.0,-0.004129931736082448
21.0,3.01,5.0,-0.00926573049142261
21.0,3.01,6.0,-0.0015142094904189163
21.0,3.01,7.0,-0.004987552609439972
21.0,3.01,8.0,-1.5876609749110315e-09
21.0,3.01,9.0,-0.0077669916779721775
21.0,3.01,10.0,-0.0005814280029577401
21.0,3.01,11.0,-2.2637676135028872e-07
21.0,3.01,12.0,-0.0010021042832807636
21.0,3.01,13.0,0.0093295760961436
21.0,3.01,14.0,-0.00021248319742471117
21.0,3.01,15.0,0.00026428445306710124
21.0,3.01,16.0,-0.001160365487779813
21.0,3.01,17.0,-0.008926096233171671
21.0,3.01,18.0,0.00018247316259489832
21.0,3.01,19.0,-0.00931534334947584
21.0,3.01,20.0,0.0037961716988129113
21.0,3.01,21.0,-4.1741966713748635e-05
21.0,3.51,0.0,0.05445429722811246
21.0,3.51,1.0,0.001949995182341846
21.0,3.51,2.0,0.010318880954371001
21.0,3.51,3.0,-9.563451142113877e-10
21.0,3.51,4.0,-0.0052770259359252725
21.0,3.51,5.0,-0.010597042844441892
21.0,3.51,6.0,-0.001386607204643453
21.0,3.51,7.0,-0.00514967732213583
21.0,3.51,8.0,-1.5876609749110315e-09
21.0,3.51,9.0,-0.008292000460059196
21.0,3.51,10.0,-0.000602596978104275
21.0,3.51,11.0,-2.2637676204417811e-07
21.0,3.51,12.0,-0.0008584322440808867
21.0,3.51,13.0,0.011279523293976135
21.0,3.51,14.0,-0.00021249708023665206
21.0,3.51,15.0,0.00031413457370170483
21.0,3.51,16.0,-0.001190383060325484
21.0,3.51,17.0,-0.01019184208486884
21.0,3.51,18.0,0.00019077535022948844
21.0,3.51,19.0,-0.010663015241208551
21.0,3.51,20.0,0.004509685335975455
21.0,3.51,21.0,-4.17419671658939e-05
21.0,4.01,0.0,0.061916081330881556
21.0,4.01,1.0,0.002317882485555145
21.0,4.01,2.0,0.011573435308888158
21.0,4.01,3.0,-9.563451142113877e-10
21.0,4.01,4.0,-0.00565659678200825
21.0,4.01,5.0,-0.011797730456822697
21.0,4.01,6.0,-0.0015048730590830894
21.0,4.01,7.0,-0.005282432836669113
21.0,4.01,8.0,-1.5876609749110315e-09
21.0,4.01,9.0,-0.008742012548051818
21.0,4.01,10.0,-0.0006920937319815079
21.0,4.01,11.0,-2.2637675974046534e-07
21.0,4.01,12.0,-0.0010754933535677136
21.0,4.01,13.0,0.012500964726355757
21.0,4.01,14.0,-0.00021250998654013885
21.0,4.01,15.0,0.0003484514411815909
21.0,4.01,16.0,-0.0012420462126216947
21.0,4.01,17.0,-0.011356652503019815
21.0,4.01,18.0,0.00024319040517112311
21.0,4.01,19.0,-0.01185439876891653
21.0,4.01,20.0,0.0050553231419364075
21.0,4.01,21.0,-4.174196579340844e-05
22.0,0.01,0.0,0.0015974077941658393
22.0,0.01,1.0,6.975971889056076e-05
22.0,0.01,2.0,3.427021642499195e-05
22.0,0.01,3.0,-1.4524332014875796e-09
22.0,0.01,4.0,0.0001291456076028541
22.0,0.01,5.0,-0.0006929393266772721
22.0,0.01,6.0,-0.0001846237051717492
22.0,0.01,7.0,-0.0035238706676484644
22.0,0.01,8.0,-1.3741332099970194e-09
22.0,0.01,9.0,-0.0005323248940831103
22.0,0.01,10.0,-0.00017060620939998716
22.0,0.01,11.0,-1.8044312632969906e-07
22.0,0.01,12.0,-3.317133401947725e-05
22.0,0.01,13.0,-1.5683684828043942e-05
22.0,0.01,14.0,-0.0007739860716939829
22.0,0.01,15.0,2.0696680698428782e-07
22.0,0.01,16.0,-6.129936405824266e-05
22.0,0.01,17.0,-0.0007777617236167933
22.0,0.01,18.0,0.0003745716823387868
22.0,0.01,19.0,-0.0003170870219217359
22.0,0.01,20.0,-0.0002495644031402233
22.0,0.01,21.0,-0.0003577342103971287
22.0,0.51,0.0,0.010272265385179002
22.0,0.51,1.0,0.00021314708490177692
22.0,0.51,2.0,0.0017688861175414738
22.0,0.51,3.0,-1.452433173732004e-09
22.0,0.51,4.0,-0.0010533133088402313
22.0,0.51,5.0,-0.002333654280756714
22.0,0.51,6.0,-0.00031160967536997264
22.0,0.51,7.0,-0.004113353112500042
22.0,0.51,8.0,-1.3741332099970194e-09
22.0,0.51,9.0,-0.0019259479275354485
22.0,0.51,10.0,-0.0004018781075722233
22.0,0.51,11.0,-1.804431263852102e-07
22.0,0.51,12.0,-2.0599750552241503e-05
22.0,0.51,13.0,0.0007529475436203747
22.0,0.51,14.0,-0.0007712844186808725
22.0,0.51,15.0,2.844977710431129e-05
22.0,0.51,16.0,-0.0001527166157274107
22.0,0.51,17.0,-0.0025549758737736517
22.0,0.51,18.0,0.0004298063598703328
22.0,0.51,19.0,-0.002372882913000307
22.0,0.51,20.0,0.0010294579058820474
22.0,0.51,21.0,-0.0003577342117803868
22.0,1.01,0.0,0.01900332886338596
22.0,1.01,1.0,0.0004016564636865616
22.0,1.01,2.0,0.003372220517474739
22.0,1.01,3.0,-1.4524332014875796e-09
22.0,1.01,4.0,-0.002215796713533613
22.0,1.01,5.0,-0.003884345097776201
22.0,1.01,6.0,-0.0004222204927827877
22.0,1.01,7.0,-0.004539677324399004
22.0,1.01,8.0,-1.3741332099970194e-09
22.0,1.01,9.0,-0.0032621140594729543
22.0,1.01,10.0,-0.0006325552852017025
22.0,1.01,11.0,-1.804431262741879e-07
22.0,1.01,12.0,-3.4994135725163744e-05
22.0,1.01,13.0,0.0014460899423226758
22.0,1.01,14.0,-0.0007684592648991109
22.0,1.01,15.0,5.273208129524809e-05
22.0,1.01,16.0,-0.0002303107555038375
22.0,1.01,17.0,-0.004206974946230069
22.0,1.01,18.0,0.0005014457999890642
22.0,1.01,19.0,-0.004256920356668803
22.0,1.01,20.0,0.0021123341422674136
22.0,1.01,21.0,-0.00035773421119467824
22.0,1.51,0.0,0.027572530685840757
22.0,1.51,1.0,0.0006053966169587977
22.0,1.51,2.0,0.0049012034766472146
22.0,1.51,3.0,-1.4524332014875796e-09
22.0,1.51,4.0,-0.0033643268208398136
22.0,1.51,5.0,-0.005369333109469757
22.0,1.51,6.0,-0.0005135283829854065
22.0,1.51,7.0,-0.004846474854849272
22.0,1.51,8.0,-1.3741332099970194e-09
22.0,1.51,9.0,-0.004549722637138539
22.0,1.51,10.0,-0.000856607050595759
22.0,1.51,11.0,-1.8044312664888817e-07
22.0,1.51,12.0,-5.465146640165619e-05
22.0,1.51,13.0,0.0021010546678779107
22.0,1.51,14.0,-0.00076550736148841
22.0,1.51,15.0,7.48976017346803e-05
22.0,1.51,16.0,-0.00029728472948736817
22.0,1.51,17.0,-0.00577532052571364
22.0,1.51,18.0,0.0005737306243909224
22.0,1.51,19.0,-0.0060480667869824145
22.0,1.51,20.0,0.0031158688832673698
22.0,1.51,21.0,-0.00035773421253460294
22.0,2.01,0.0,0.03596176508357429
22.0,2.01,1.0,0.000813754417799073
22.0,2.01,2.0,0.006368854553230385
22.0,2.01,3.0,-1.4524332014875796e-09
22.0,2.01,4.0,-0.0044607682886096955
22.0,2.01,5.0,-0.006798332516062294
22.0,2.01,6.0,-0.0006085202359136233
22.0,2.01,7.0,-0.0050665306761083564
22.0,2.01,8.0,-1.3741331961192316e-09
22.0,2.01,9.0,-0.00579151381882274
22.0,2.01,10.0,-0.0010756388152567131
22.0,2.01,11.0,-1.8044312620479896e-07
22.0,2.01,12.0,-8.6253034569439e-05
22.0,2.01,13.0,0.0027264515701701797
22.0,2.01,14.0,-0.000762425133269781
22.0,2.01,15.0,9.577428152292289e-05
22.0,2.01,16.0,-0.00036309358507591316
22.0,2.01,17.0,-0.007284432529794493
22.0,2.01,18.0,0.0006487930108731166
22.0,2.01,19.0,-0.007772793707303605
22.0,2.01,20.0,0.004046789241561932
22.0,2.01,21.0,-0.0003577342106817587
22.0,2.51,0.0,0.043533488173816415
22.0,2.51,1.0,0.0008987352553780914
22.0,2.51,2.0,0.007953556146583579
22.0,2.51,3.0,-1.452433173732004e-09
22.0,2.51,4.0,-0.005381010943772635
22.0,2.51,5.0,-0.008213569356866998
22.0,2.51,6.0,-0.0007917496938994462
22.0,2.51,7.0,-0.005224483698699256
22.0,2.51,8.0,-1.3741332099970194e-09
22.0,2.51,9.0,-0.007000817870533388
22.0,2.51,10.0,-0.001273199021772503
22.0,2.51,11.0,-1.8044312641296578e-07
22.0,2.51,12.0,-9.389013570376692e-05
22.0,2.51,13.0,0.003438076276366747
22.0,2.51,14.0,-0.0007592057223107806
22.0,2.51,15.0,0.000123833163137535
22.0,2.51,16.0,-0.0004740035293774314
22.0,2.51,17.0,-0.008854089807153076
22.0,2.51,18.0,0.0006936155410294242
22.0,2.51,19.0,-0.009652334404324059
22.0,2.51,20.0,0.0052365063743815
22.0,2.51,21.0,-0.0003577342117228738
22.0,3.01,0.0,0.05142190496516208
22.0,3.01,1.0,0.0010873070366613224
22.0,3.01,2.0,0.009356308520914791
22.0,3.01,3.0,-1.4524332014875796e-09
22.0,3.01,4.0,-0.006397089739040629
22.0,3.01,5.0,-0.009557041649799938
22.0,3.01,6.0,-0.0008885303093933428
22.0,3.01,7.0,-0.005337495067603406
22.0,3.01,8.0,-1.3741331961192316e-09
22.0,3.01,9.0,-0.008157326316174614
22.0,3.01,10.0,-0.001477642309224092
22.0,3.01,11.0,-1.8044312417864194e-07
22.0,3.01,12.0,-0.00012457762917350568
22.0,3.01,13.0,0.004039190758757444
22.0,3.01,14.0,-0.0007558606853342804
22.0,3.01,15.0,0.00014414660129338785
22.0,3.01,16.0,-0.0005379724783308726
22.0,3.01,17.0,-0.010279225445309847
22.0,3.01,18.0,0.0007624456405074254
22.0,3.01,19.0,-0.011299886920802776
22.0,3.01,20.0,0.006139696778627024
22.0,3.01,21.0,-0.00035773420350530133
22.0,3.51,0.0,0.05893265824772631
22.0,3.51,1.0,0.0012356254251426613
22.0,3.51,2.0,0.01077040344612512
22.0,3.51,3.0,-1.4524332014875796e-09
22.0,3.51,4.0,-0.007345859412099309
22.0,3.51,5.0,-0.010871195257025498
22.0,3.51,6.0,-0.0010056831735900107
22.0,3.51,7.0,-0.005418713163666569
22.0,3.51,8.0,-1.3741332099970194e-09
22.0,3.51,9.0,-0.009275135463990874
22.0,3.51,10.0,-0.0016714815039645947
22.0,3.51,11.0,-1.8044312430354204e-07
22.0,3.51,12.0,-0.00014535915833902013
22.0,3.51,13.0,0.004655771085177646
22.0,3.51,14.0,-0.0007523788550750452
22.0,3.51,15.0,0.00016629923732340568
22.0,3.51,16.0,-0.0006119022833950272
22.0,3.51,17.0,-0.011693051984092484
22.0,3.51,18.0,0.0008204863159577691
22.0,3.51,19.0,-0.01296051952482774
22.0,3.51,20.0,0.007107769335002012
22.0,3.51,21.0,-0.00035773420388743316
22.0,4.01,0.0,0.06626976415083952
22.0,4.01,1.0,0.0013830619644381037
22.0,4.01,2.0,0.012144885258087212
22.0,4.01,3.0,-1.4524332014875796e-09
22.0,4.01,4.0,-0.008266607130862247
22.0,4.01,5.0,-0.012148495710601073
22.0,4.01,6.0,-0.0011182203381204792
22.0,4.01,7.0,-0.005477212230730732
22.0,4.01,8.0,-1.3741332099970194e-09
22.0,4.01,9.0,-0.010351362477925868
22.0,4.01,10.0,-0.0018606259060189867
22.0,4.01,11.0,-1.804431243312976e-07
22.0,4.01,12.0,-0.00016759776011537886
22.0,4.01,13.0,0.005254281769599939
22.0,4.01,14.0,-0.0007487623947904027
22.0,4.01,15.0,0.00018771090548423686
22.0,4.01,16.0,-0.0006814617148664937
22.0,4.01,17.0,-0.013065723594238493
22.0,4.01,18.0,0.0008790001156960825
22.0,4.01,19.0,-0.01457132436799935
22.0,4.01,20.0,0.008042316589686516
22.0,4.01,21.0,-0.000357734203941959
23.0,0.01,0.0,0.0006105428634863852
23.0,0.01,1.0,6.642618651114818e-05
23.0,0.01,2.0,8.983932755407542e-05
23.0,0.01,3.0,-1.519952969042393e-09
23.0,0.01,4.0,-0.00018977652585189242
23.0,0.01,5.0,-0.0004697060298376188
23.0,0.01,6.0,-7.600082414149778e-05
23.0,0.01,7.0,-0.002528460707415728
23.0,0.01,8.0,-1.3173262480847825e-09
23.0,0.01,9.0,-0.0006423310593856729
23.0,0.01,10.0,-0.00012627786556027032
23.0,0.01,11.0,-1.713600914221569e-07
23.0,0.01,12.0,2.0903663911303605e-05
23.0,0.01,13.0,0.0001040431202651293
23.0,0.01,14.0,-0.0002390279952138587
23.0,0.01,15.0,-5.78158174127652e-07
23.0,0.01,16.0,-7.015501742546615e-05
23.0,0.01,17.0,-0.00043563599087048654
23.0,0.01,18.0,6.575260348379297e-05
23.0,0.01,19.0,-0.0003200049585991849
23.0,0.01,20.0,4.037673056578317e-05
23.0,0.01,21.0,-0.00022422150947555564
23.0,0.51,0.0,0.007453760352863936
23.0,0.51,1.0,0.00021522694462194902
23.0,0.51,2.0,0.0016799743930941413
23.0,0.51,3.0,-1.5199529412868173e-09
23.0,0.51,4.0,-0.0014055968538900787
23.0,0.51,5.0,-0.0019723137323932605
23.0,0.51,6.0,-0.0002280211146222233
23.0,0.51,7.0,-0.003703058100059508
23.0,0.51,8.0,-1.3173262619625703e-09
23.0,0.51,9.0,-0.0015757068947782511
23.0,0.51,10.0,-0.0004172323595393601
23.0,0.51,11.0,-1.7136009501650395e-07
23.0,0.51,12.0,3.121657037852277e-05
23.0,0.51,13.0,0.002199064074326851
23.0,0.51,14.0,-0.00023908095015638797
23.0,0.51,15.0,3.3365746771291116e-05
23.0,0.51,16.0,-0.0008579790870235637
23.0,0.51,17.0,-0.0021036219219162933
23.0,0.51,18.0,-3.7646098408339324e-05
23.0,0.51,19.0,-0.001704098737349502
23.0,0.51,20.0,0.0009973458125074885
23.0,0.51,21.0,-0.0002242215231251371
23.0,1.01,0.0,0.014985956074179962
23.0,1.01,1.0,0.0006842784216202213
23.0,1.01,2.0,0.002927799859051311
23.0,1.01,3.0,-1.5199529412868173e-09
23.0,1.01,4.0,-0.0022815273712413764
23.0,1.01,5.0,-0.0033503180687100426
23.0,1.01,6.0,-0.0003329720573775896
23.0,1.01,7.0,-0.004759912543470295
23.0,1.01,8.0,-1.3173262480847825e-09
23.0,1.01,9.0,-0.0024552644068961335
23.0,1.01,10.0,-0.0007518356301266238
23.0,1.01,11.0,-1.7136009511364847e-07
23.0,1.01,12.0,-0.00024210458565757098
23.0,1.01,13.0,0.0036907187656706752
23.0,1.01,14.0,-0.00023913058061264943
23.0,1.01,15.0,5.919253238664823e-05
23.0,1.01,16.0,-0.0015319841551315605
23.0,1.01,17.0,-0.0036891717861355366
23.0,1.01,18.0,-8.65316955971085e-05
23.0,1.01,19.0,-0.0030001154540857944
23.0,1.01,20.0,0.001619098113630535
23.0,1.01,21.0,-0.00022422152360191544
23.0,1.51,0.0,0.02181206414726189
23.0,1.51,1.0,0.0009948426412209055
23.0,1.51,2.0,0.004274185064659458
23.0,1.51,3.0,-1.519952969042393e-09
23.0,1.51,4.0,-0.0033208386153067426
23.0,1.51,5.0,-0.004709700903203093
23.0,1.51,6.0,-0.00043870573017101844
23.0,1.51,7.0,-0.005714644935790266
23.0,1.51,8.0,-1.3173262480847825e-09
23.0,1.51,9.0,-0.0033117741721722105
23.0,1.51,10.0,-0.001046099563120656
23.0,1.51,11.0,-1.7136009514140405e-07
23.0,1.51,12.0,-0.0003620918388107519
23.0,1.51,13.0,0.005396824345109741
23.0,1.51,14.0,-0.00023917796975985334
23.0,1.51,15.0,8.709860749646359e-05
23.0,1.51,16.0,-0.0022096162548982945
23.0,1.51,17.0,-0.005218038650096207
23.0,1.51,18.0,-0.00016089246057601758
23.0,1.51,19.0,-0.004271579044242468
23.0,1.51,20.0,0.0023822339356849853
23.0,1.51,21.0,-0.00022422152357856606
23.0,2.01,0.0,0.028533290243824894
23.0,2.01,1.0,0.0013253041988285363
23.0,2.01,2.0,0.005547805981169496
23.0,2.01,3.0,-1.519952969042393e-09
23.0,2.01,4.0,-0.004274858980938601
23.0,2.01,5.0,-0.006010587988931962
23.0,2.01,6.0,-0.000542435029555921
23.0,2.01,7.0,-0.006568872154946002
23.0,2.01,8.0,-1.3173262342069947e-09
23.0,2.01,9.0,-0.00413485419804388
23.0,2.01,10.0,-0.0013356568482662257
23.0,2.01,11.0,-1.7136009523854856e-07
23.0,2.01,12.0,-0.000513687001265084
23.0,2.01,13.0,0.006990578930248348
23.0,2.01,14.0,-0.0002392229152568504
23.0,2.01,15.0,0.00011359843655783797
23.0,2.01,16.0,-0.002864450270023633
23.0,2.01,17.0,-0.0066933874004919125
23.0,2.01,18.0,-0.00022762525093522612
23.0,2.01,19.0,-0.005498443823170607
23.0,2.01,20.0,0.0030825119030123416
23.0,2.01,21.0,-0.00022422152383884397
23.0,2.51,0.0,0.03541443824148016
23.0,2.51,1.0,0.0017121921653254768
23.0,2.51,2.0,0.006688331411205672
23.0,2.51,3.0,-1.519952969042393e-09
23.0,2.51,4.0,-0.004947200131925178
23.0,2.51,5.0,-0.007237063936433294
23.0,2.51,6.0,-0.0006789093003705116
23.0,2.51,7.0,-0.00732808353124776
23.0,2.51,8.0,-1.3173262480847825e-09
23.0,2.51,9.0,-0.004921376147377386
23.0,2.51,10.0,-0.0016362254103776952
23.0,2.51,11.0,-1.713600952940597e-07
23.0,2.51,12.0,-0.0007862496554710829
23.0,2.51,13.0,0.008340527774514606
23.0,2.51,14.0,-0.0002392653129669681
23.0,2.51,15.0,0.0001384509880330842
23.0,2.51,16.0,-0.0035260858906908943
23.0,2.51,17.0,-0.008135887440428952
23.0,2.51,18.0,-0.0002717453842526196
23.0,2.51,19.0,-0.006678494190382689
23.0,2.51,20.0,0.0036131956366425855
23.0,2.51,21.0,-0.00022422152417085617
23.0,3.01,0.0,0.041480021221591445
23.0,3.01,1.0,0.0019822848998228837
23.0,3.01,2.0,0.007949697208222
23.0,3.01,3.0,-1.519952969042393e-09
23.0,3.01,4.0,-0.006016895467541972
23.0,3.01,5.0,-0.008464805111289372
23.0,3.01,6.0,-0.0007483446718312137
23.0,3.01,7.0,-0.008003999229568966
23.0,3.01,8.0,-1.3173262480847825e-09
23.0,3.01,9.0,-0.005690587685643567
23.0,3.01,10.0,-0.001890668411003743
23.0,3.01,11.0,-1.7136009490548165e-07
23.0,3.01,12.0,-0.0008455641517748358
23.0,3.01,13.0,0.009973273079239509
23.0,3.01,14.0,-0.00023930623347492952
23.0,3.01,15.0,0.00016386864349486607
23.0,3.01,16.0,-0.004123326329931121
23.0,3.01,17.0,-0.009498016177194174
23.0,3.01,18.0,-0.0003502737195977268
23.0,3.01,19.0,-0.00783642096990056
23.0,3.01,20.0,0.004374197265264224
23.0,3.01,21.0,-0.000224221522574293
23.0,3.51,0.0,0.04774247945961019
23.0,3.51,1.0,0.00229817038544905
23.0,3.51,2.0,0.009081368394931899
23.0,3.51,3.0,-1.519952969042393e-09
23.0,3.51,4.0,-0.006779341350127477
23.0,3.51,5.0,-0.009621771591830669
23.0,3.51,6.0,-0.0008601713385762433
23.0,3.51,7.0,-0.008599099884136426
23.0,3.51,8.0,-1.3173262480847825e-09
23.0,3.51,9.0,-0.00642522337114422
23.0,3.51,10.0,-0.002157816590953321
23.0,3.51,11.0,-1.7136009443363687e-07
23.0,3.51,12.0,-0.0010296108112351487
23.0,3.51,13.0,0.01136142185528849
23.0,3.51,14.0,-0.000239344916816644
23.0,3.51,15.0,0.00018818027885074418
23.0,3.51,16.0,-0.004736309276206774
23.0,3.51,17.0,-0.010834995587554408
23.0,3.51,18.0,-0.000404143045240557
23.0,3.51,19.0,-0.008948454585731125
23.0,3.51,20.0,0.004961810483117446
23.0,3.51,21.0,-0.00022422152094040554
23.0,4.01,0.0,0.053764685403349555
23.0,4.01,1.0,0.0025828289155871986
23.0,4.01,2.0,0.01020202082451202
23.0,4.01,3.0,-1.519952969042393e-09
23.0,4.01,4.0,-0.007540238421009426
23.0,4.01,5.0,-0.010745753947236938
23.0,4.01,6.0,-0.0009746274989610448
23.0,4.01,7.0,-0.009123030945656908
23.0,4.01,8.0,-1.3173262480847825e-09
23.0,4.01,9.0,-0.007135573154896498
23.0,4.01,10.0,-0.002411933222808027
23.0,4.01,11.0,-1.7136009299034693e-07
23.0,4.01,12.0,-0.0011921617138875573
23.0,4.01,13.0,0.012749596539427588
23.0,4.01,14.0,-0.0002393818149848711
23.0,4.01,15.0,0.00021191619413737928
23.0,4.01,16.0,-0.005344168206942251
23.0,4.01,17.0,-0.012132976369655796
23.0,4.01,18.0,-0.00046474385781594685
23.0,4.01,19.0,-0.010035722039050815
23.0,4.01,20.0,0.005547593985011312
23.0,4.01,21.0,-0.00022422151614591435
24.0,0.01,0.0,-0.00023181395526139514
24.0,0.01,1.0,4.158814270072142e-06
24.0,0.01,2.0,-6.643566500336151e-05
24.0,0.01,3.0,-8.607530244120198e-10
24.0,0.01,4.0,-0.00020457495378456425
24.0,0.01,5.0,-0.0002667330199235869
24.0,0.01,6.0,-0.00019294976144185183
24.0,0.01,7.0,-0.0005099708858617696
24.0,0.01,8.0,-1.9990374078293627e-09
24.0,0.01,9.0,-0.0011944330924628516
24.0,0.01,10.0,-5.305025748655878e-05
24.0,0.01,11.0,-1.98733375811333e-07
24.0,0.01,12.0,9.141272958090862e-06
24.0,0.01,13.0,-7.012561644453852e-05
24.0,0.01,14.0,-0.0004322267046651014
24.0,0.01,15.0,-1.6120418231679867e-06
24.0,0.01,16.0,-0.00030539765908355054
24.0,0.01,17.0,-0.00021607660351763425
24.0,0.01,18.0,6.82228433123988e-05
24.0,0.01,19.0,-0.0003772185708539322
24.0,0.01,20.0,-7.651049666096421e-05
24.0,0.01,21.0,-0.00010870378935353558
24.0,0.51,0.0,-0.0003246312681899344
24.0,0.51,1.0,9.308148276432338e-06
24.0,0.51,2.0,-5.776963884668307e-05
24.0,0.51,3.0,-8.607530244120198e-10
24.0,0.51,4.0,-0.0003696328264676252
24.0,0.51,5.0,-0.00026673333250335743
24.0,0.51,6.0,-8.557196858283156e-05
24.0,0.51,7.0,-0.0005099712494676529
24.0,0.51,8.0,-1.9990374078293627e-09
24.0,0.51,9.0,-0.001195515794396397
24.0,0.51,10.0,-4.7487388411121545e-05
24.0,0.51,11.0,-1.9873337547826608e-07
24.0,0.51,12.0,9.058864576017012e-05
24.0,0.51,13.0,-5.736932793287686e-05
24.0,0.51,14.0,-0.00043339945412944336
24.0,0.51,15.0,-2.3644744046036337e-06
24.0,0.51,16.0,-0.0002695024311061833
24.0,0.51,17.0,-0.00020798146226737313
24.0,0.51,18.0,7.736795097740279e-05
24.0,0.51,19.0,-0.0003848528780630023
24.0,0.51,20.0,-2.5615010612878297e-05
24.0,0.51,21.0,-0.00010870378869485414
24.0,1.01,0.0,-0.0002810919933896594
24.0,1.01,1.0,6.404236346402303e-06
24.0,1.01,2.0,-6.115478425666732e-05
24.0,1.01,3.0,-8.607530244120198e-10
24.0,1.01,4.0,-0.00028668109423007904
24.0,1.01,5.0,-0.00026673349643505453
24.0,1.01,6.0,-0.00014105497423461122
24.0,1.01,7.0,-0.0005099716042571788
24.0,1.01,8.0,-1.9990374078293627e-09
24.0,1.01,9.0,-0.0011951446133228322
24.0,1.01,10.0,-5.013573610207489e-05
24.0,1.01,11.0,-1.9873337547826608e-07
24.0,1.01,12.0,5.053132437360386e-05
24.0,1.01,13.0,-6.267544804483549e-05
24.0,1.01,14.0,-0.0004327784037960955
24.0,1.01,15.0,-1.949406977425072e-06
24.0,1.01,16.0,-0.0002871227114653041
24.0,1.01,17.0,-0.00021234198733133258
24.0,1.01,18.0,7.258580655714053e-05
24.0,1.01,19.0,-0.0003817190918745661
24.0,1.01,20.0,-4.987613833329352e-05
24.0,1.01,21.0,-0.00010870378871267322
24.0,1.51,0.0,-0.00024199865905416562
24.0,1.51,1.0,2.453088389808844e-06
24.0,1.51,2.0,-6.224386781061853e-05
24.0,1.51,3.0,-8.607530382898076e-10
24.0,1.51,4.0,-0.00020010203861448028
24.0,1.51,5.0,-0.000266733896707258
24.0,1.51,6.0,-0.0002022606377514169
24.0,1.51,7.0,-0.0005099724211362527
24.0,1.51,8.0,-1.9990374355849383e-09
24.0,1.51,9.0,-0.0011953318750992127
24.0,1.51,10.0,-5.258866317314759e-05
24.0,1.51,11.0,-1.9873337549214387e-07
24.0,1.51,12.0,1.1729412894567748e-05
24.0,1.51,13.0,-6.524326068402253e-05
24.0,1.51,14.0,-0.00043208806283507803
24.0,1.51,15.0,-1.446250106756919e-06
24.0,1.51,16.0,-0.00030354224095124893
24.0,1.51,17.0,-0.0002173548182167473
24.0,1.51,18.0,6.74822479347914e-05
24.0,1.51,19.0,-0.0003807842215158286
24.0,1.51,20.0,-7.149404719458685e-05
24.0,1.51,21.0,-0.0001087037887686007
24.0,2.01,0.0,-0.00024206302628704268
24.0,2.01,1.0,2.4192946552759054e-06
24.0,2.01,2.0,-6.218607915492447e-05
24.0,2.01,3.0,-8.607530382898076e-10
24.0,2.01,4.0,-0.0001994502327242742
24.0,2.01,5.0,-0.00026673417033340957
24.0,2.01,6.0,-0.0002025055903057682
24.0,2.01,7.0,-0.0005099729001173403
24.0,2.01,8.0,-1.9990374078293627e-09
24.0,2.01,9.0,-0.0011955647662698077
24.0,2.01,10.0,-5.259216568848091e-05
24.0,2.01,11.0,-1.987333752284659e-07
24.0,2.01,12.0,1.1392747394256553e-05
24.0,2.01,13.0,-6.518491304080554e-05
24.0,2.01,14.0,-0.00043205154601872603
24.0,2.01,15.0,-1.4425287454961078e-06
24.0,2.01,16.0,-0.0003037388241672878
24.0,2.01,17.0,-0.0002174676747055404
24.0,2.01,18.0,6.723009153600246e-05
24.0,2.01,19.0,-0.00038122845491589397
24.0,2.01,20.0,-7.157616946978917e-05
24.0,2.01,21.0,-0.00010870378831794036
24.0,2.51,0.0,-0.00024149154354780045
24.0,2.51,1.0,2.535711893070225e-06
24.0,2.51,2.0,-6.245596272480558e-05
24.0,2.51,3.0,-8.607530244120198e-10
24.0,2.51,4.0,-0.00019941375002263673
24.0,2.51,5.0,-0.0002667344352454521
24.0,2.51,6.0,-0.000201761826238267
24.0,2.51,7.0,-0.0005099733619035804
24.0,2.51,8.0,-1.9990374078293627e-09
24.0,2.51,9.0,-0.0011957746401029534
24.0,2.51,10.0,-5.2623753345137914e-05
24.0,2.51,11.0,-1.9873337495091015e-07
24.0,2.51,12.0,1.0954696919307505e-05
24.0,2.51,13.0,-6.55042512256454e-05
24.0,2.51,14.0,-0.00043202133891720104
24.0,2.51,15.0,-1.453684600347116e-06
24.0,2.51,16.0,-0.00030405499605346
24.0,2.51,17.0,-0.0002174751862543678
24.0,2.51,18.0,6.701072526818508e-05
24.0,2.51,19.0,-0.0003814722402789572
24.0,2.51,20.0,-7.198416520959317e-05
24.0,2.51,21.0,-0.00010870378782081025
24.0,3.01,0.0,-0.00024059247568120057
24.0,3.01,1.0,2.7449929816403262e-06
24.0,3.01,2.0,-6.292146765563e-05
24.0,3.01,3.0,-8.607530382898076e-10
24.0,3.01,4.0,-0.0001998395696206634
24.0,3.01,5.0,-0.00026673469431511763
24.0,3.01,6.0,-0.00020036109234355948
24.0,3.01,7.0,-0.0005099738116876708
24.0,3.01,8.0,-1.9990374078293627e-09
24.0,3.01,9.0,-0.0011959694386497188
24.0,3.01,10.0,-5.266958389468779e-05
24.0,3.01,11.0,-1.987333746594766e-07
24.0,3.01,12.0,1.0508883984183814e-05
24.0,3.01,13.0,-6.604705599838612e-05
24.0,3.01,14.0,-0.0004319957241105052
24.0,3.01,15.0,-1.4742109250565072e-06
24.0,3.01,16.0,-0.00030442127061397484
24.0,3.01,17.0,-0.0002174123563710717
24.0,3.01,18.0,6.682006486138925e-05
24.0,3.01,19.0,-0.0003815915559894911
24.0,3.01,20.0,-7.255780046977467e-05
24.0,3.01,21.0,-0.00010870378730933744
24.0,3.51,0.0,-0.00025943270826633835
24.0,3.51,1.0,-1.2847596310705534e-06
24.0,3.51,2.0,-5.381953614835844e-05
24.0,3.51,3.0,-8.607530382898076e-10
24.0,3.51,4.0,-0.0001883321666033
24.0,3.51,5.0,-0.0002667347736313239
24.0,3.51,6.0,-0.00022693275327340112
24.0,3.51,7.0,-0.0005099740888786318
24.0,3.51,8.0,-1.9990374078293627e-09
24.0,3.51,9.0,-0.0011963601843795642
24.0,3.51,10.0,-5.178895624241564e-05
24.0,3.51,11.0,-1.987333751174436e-07
24.0,3.51,12.0,1.7174567837563437e-05
24.0,3.51,13.0,-5.552120599489063e-05
24.0,3.51,14.0,-0.00043192517738275746
24.0,3.51,15.0,-1.0635373099421308e-06
24.0,3.51,16.0,-0.0002994865586417039
24.0,3.51,17.0,-0.00021962660256213962
24.0,3.51,18.0,6.787679015080039e-05
24.0,3.51,19.0,-0.0003841432227092434
24.0,3.51,20.0,-6.165250013023815e-05
24.0,3.51,21.0,-0.00010870378819646115
24.0,4.01,0.0,-0.00026716748507249477
24.0,4.01,1.0,-2.125366508121118e-06
24.0,4.01,2.0,-5.136898089708186e-05
24.0,4.01,3.0,-8.607530382898076e-10
24.0,4.01,4.0,-0.00018989061722457512
24.0,4.01,5.0,-0.0002667350470033162
24.0,4.01,6.0,-0.00023013788792353163
24.0,4.01,7.0,-0.0005099745529711456
24.0,4.01,8.0,-1.9990374078293627e-09
24.0,4.01,9.0,-0.0011966430688551619
24.0,4.01,10.0,-5.140950356954943e-05
24.0,4.01,11.0,-1.9873337528397705e-07
24.0,4.01,12.0,2.0950699900434966e-05
24.0,4.01,13.0,-5.2607014728367485e-05
24.0,4.01,14.0,-0.00043191016118408407
24.0,4.01,15.0,-9.853137408061263e-07
24.0,4.01,16.0,-0.00029743032092366395
24.0,4.01,17.0,-0.00021999508202436013
24.0,4.01,18.0,6.810682814051283e-05
24.0,4.01,19.0,-0.00038544335051909906
24.0,4.01,20.0,-5.755572029242373e-05
24.0,4.01,21.0,-0.00010870378847816636
